paso,t,s,cx,cy,area,above,largo,vert,elong,cabeza,me,iou,dice,gx0,gx1,g_agua,g_fondo,escala
12,0.0,1,417.7799,703.6933,17233.0,1527.0,231.1737,0.7035,2.5536,619.0,,,,268,791,630,836,188.1106
12,0.0,2,1099.6843,688.8721,14195.0,2247.0,242.1916,0.7424,3.4056,572.0,,,,791,1314,630,836,188.1106
12,0.0,3,1536.0466,599.9571,13530.0,11537.0,226.1109,0.3329,2.9419,537.0,,,,1314,1837,630,836,188.1106
12,0.4005,1,395.8038,688.0163,23502.0,4542.0,240.7765,0.6526,2.0896,598.0,50.1943,0.3596,0.529,268,791,630,836,188.1106
12,0.4005,2,1073.9448,679.6799,12163.0,2346.0,217.1367,0.7861,2.6369,580.0,38.4865,0.5113,0.6766,791,1314,630,836,188.1106
12,0.4005,3,1493.0054,579.9428,15319.0,14891.0,251.5259,0.0348,3.3195,537.0,52.6214,0.3698,0.5399,1314,1837,630,836,188.1106
12,0.8011,1,370.9022,748.9371,19285.0,0.0,284.5766,0.6959,3.2083,638.0,58.1794,0.2153,0.3544,268,791,630,836,188.1106
12,0.8011,2,1067.6078,648.4369,11523.0,4700.0,184.2909,0.9202,2.4006,567.0,46.7064,0.2693,0.4243,791,1314,630,836,188.1106
12,0.8011,3,1449.3189,587.9222,11112.0,10863.0,196.655,0.2963,2.7134,537.0,51.4856,0.3723,0.5426,1314,1837,630,836,188.1106
12,1.2016,1,351.267,692.3195,18024.0,2630.0,155.0902,0.9896,1.3651,628.0,53.0315,0.3639,0.5336,268,791,630,836,188.1106
12,1.2016,2,1136.3948,623.0849,14705.0,8210.0,260.0911,0.6202,3.6319,537.0,53.9094,0.2113,0.3489,791,1314,630,836,188.1106
12,1.2016,3,1449.6664,619.7465,14531.0,9064.0,241.7599,0.3921,3.0443,541.0,51.6731,0.2916,0.4515,1314,1837,630,836,188.1106
12,1.6022,1,406.6742,693.1017,19658.0,2173.0,257.2169,0.6245,2.8363,608.0,55.2697,0.2493,0.3991,268,791,630,836,188.1106
12,1.6022,2,1186.2219,639.2974,14910.0,6769.0,277.1073,0.7261,4.0066,537.0,79.0076,0.124,0.2207,791,1314,630,836,188.1106
12,1.6022,3,1448.2823,616.0012,13147.0,8030.0,185.254,0.6564,2.006,537.0,42.0565,0.461,0.631,1314,1837,630,836,188.1106
12,2.0027,1,458.5687,690.3231,17113.0,2901.0,266.9936,0.6458,3.3144,602.0,54.9444,0.2426,0.3904,268,791,630,836,188.1106
12,2.0027,2,1202.377,647.5248,13505.0,5244.0,241.0863,0.6463,3.7405,563.0,53.3987,0.423,0.5945,791,1314,630,836,188.1106
12,2.0027,3,1444.5363,622.7988,15311.0,8556.0,192.9614,0.8383,1.9227,537.0,50.6755,0.2967,0.4576,1314,1837,630,836,188.1106
12,2.4033,1,482.6057,684.9416,14343.0,3427.0,228.5385,0.7315,2.8981,581.0,45.8719,0.4058,0.5773,268,791,630,836,188.1106
12,2.4033,2,1202.8793,651.6717,12905.0,5062.0,191.2738,0.6631,2.7264,565.0,33.721,0.6224,0.7673,791,1314,630,836,188.1106
12,2.4033,3,1465.7479,642.3041,17040.0,7176.0,262.0318,0.6739,3.1528,537.0,58.2091,0.2565,0.4083,1314,1837,630,836,188.1106
12,2.8038,1,511.5569,713.7442,9287.0,995.0,212.6141,0.8697,3.237,603.0,42.5619,0.2462,0.3952,268,791,630,836,188.1106
12,2.8038,2,1210.7816,644.0012,14452.0,5898.0,205.8969,0.7686,2.5697,539.0,35.75,0.533,0.6954,791,1314,630,836,188.1106
12,2.8038,3,1502.3526,605.0467,14793.0,10662.0,180.5916,0.6323,1.9856,537.0,44.2911,0.457,0.6273,1314,1837,630,836,188.1106
12,3.2044,1,519.8353,706.0305,8778.0,1018.0,218.8535,0.9237,3.9476,601.0,26.6161,0.5407,0.7019,268,791,630,836,188.1106
12,3.2044,2,1203.934,666.1842,14894.0,4516.0,226.9273,0.6936,3.2766,582.0,45.1935,0.4803,0.6489,791,1314,630,836,188.1106
12,3.2044,3,1536.8137,638.189,18084.0,8563.0,269.2335,0.7088,3.2984,537.0,64.1957,0.1585,0.2737,1314,1837,630,836,188.1106
12,3.6049,1,516.6706,672.9314,12487.0,3917.0,227.6233,0.9992,3.2885,558.0,37.6224,0.3823,0.5531,268,791,630,836,188.1106
12,3.6049,2,1209.948,672.0751,13643.0,4075.0,170.9016,0.8972,2.0281,581.0,44.1619,0.4149,0.5865,791,1314,630,836,188.1106
12,3.6049,3,1560.7868,634.0009,15299.0,7285.0,254.1361,0.741,3.0764,537.0,37.6322,0.5422,0.7032,1314,1837,630,836,188.1106
12,4.0054,1,498.6382,710.9072,13874.0,1422.0,210.0697,0.951,2.6048,613.0,40.3605,0.2977,0.4588,268,791,630,836,188.1106
12,4.0054,2,1210.8157,627.2224,11396.0,6256.0,134.149,0.5644,1.4722,575.0,46.6515,0.3491,0.5175,791,1314,630,836,188.1106
12,4.0054,3,1577.8561,632.9242,12327.0,6420.0,180.2599,0.7672,2.3816,537.0,46.3855,0.4501,0.6208,1314,1837,630,836,188.1106
12,4.406,1,428.9111,667.4734,16172.0,4276.0,228.6326,0.8183,2.8311,584.0,39.3864,0.1904,0.3198,268,791,630,836,188.1106
12,4.406,2,1167.8901,629.4279,15348.0,8202.0,238.5223,0.138,3.1217,584.0,46.9184,0.3584,0.5277,791,1314,630,836,188.1106
12,4.406,3,1564.1956,654.9524,14383.0,5526.0,197.0376,0.9125,2.6146,537.0,35.738,0.4754,0.6444,1314,1837,630,836,188.1106
12,4.8065,1,418.2931,699.6764,12805.0,1651.0,210.6274,0.9989,2.4137,587.0,43.2045,0.2233,0.3651,268,791,630,836,188.1106
12,4.8065,2,1119.6367,636.4015,16788.0,7077.0,268.7333,0.2191,3.4391,581.0,50.5844,0.4152,0.5868,791,1314,630,836,188.1106
12,4.8065,3,1569.7094,618.2783,10690.0,6845.0,153.1817,0.8377,1.8509,537.0,43.2261,0.2031,0.3377,1314,1837,630,836,188.1106
12,5.2071,1,413.0445,702.0382,14499.0,1833.0,241.6571,0.824,3.2089,605.0,40.8583,0.3731,0.5434,268,791,630,836,188.1106
12,5.2071,2,1100.1135,644.6824,15651.0,4642.0,251.1125,0.3044,3.2566,569.0,47.4803,0.4389,0.6101,791,1314,630,836,188.1106
12,5.2071,3,1510.9239,613.081,13567.0,8707.0,230.3555,0.5549,3.1211,537.0,51.9011,0.1684,0.2883,1314,1837,630,836,188.1106
12,5.6076,1,459.5505,677.4463,15977.0,3203.0,248.3745,0.6543,3.0781,578.0,49.1729,0.278,0.4351,268,791,630,836,188.1106
12,5.6076,2,1094.4052,669.3338,14519.0,2868.0,244.1524,0.5506,3.2722,570.0,47.689,0.3546,0.5235,791,1314,630,836,188.1106
12,5.6076,3,1483.2603,619.9661,14352.0,8163.0,246.0144,0.557,3.5471,537.0,53.2559,0.376,0.5465,1314,1837,630,836,188.1106
12,6.0082,1,463.6188,694.5548,14485.0,2556.0,240.1225,0.737,3.4068,596.0,48.0234,0.3922,0.5634,268,791,630,836,188.1106
12,6.0082,2,1100.8581,692.5449,14670.0,2024.0,247.4397,0.7092,3.3387,583.0,44.6615,0.3831,0.554,791,1314,630,836,188.1106
12,6.0082,3,1450.4529,606.6327,13326.0,9749.0,197.7508,0.456,2.4756,537.0,45.2638,0.467,0.6367,1314,1837,630,836,188.1106
12,6.4087,1,492.8591,693.2027,12220.0,2345.0,207.1642,0.9935,2.7361,582.0,50.5612,0.3111,0.4746,268,791,630,836,188.1106
12,6.4087,2,1088.4605,688.9846,13266.0,2111.0,188.9401,0.9524,2.3889,594.0,47.9323,0.3909,0.5621,791,1314,630,836,188.1106
12,6.4087,3,1430.775,647.3842,9657.0,3795.0,151.7296,0.3053,2.5026,587.0,55.0578,0.1298,0.2298,1314,1837,630,836,188.1106
12,6.8093,1,480.5767,687.0504,14096.0,2834.0,197.539,0.9904,2.3412,600.0,38.5485,0.4778,0.6467,268,791,630,836,188.1106
12,6.8093,2,1081.9677,650.3949,12708.0,5267.0,215.337,0.591,2.9195,576.0,52.6623,0.2575,0.4096,791,1314,630,836,188.1106
12,6.8093,3,1400.0631,620.3559,12036.0,7244.0,135.8967,0.824,1.6176,552.0,42.2006,0.3318,0.4983,1314,1837,630,836,188.1106
12,7.2098,1,469.115,716.2942,17015.0,2833.0,242.4643,0.9895,2.8239,598.0,36.4437,0.4626,0.6326,268,791,630,836,188.1106
12,7.2098,2,1175.9215,622.9291,15713.0,8882.0,274.2974,0.3743,3.5902,539.0,62.7305,0.183,0.3094,791,1314,630,836,188.1106
12,7.2098,3,1419.9901,632.6865,15051.0,8168.0,195.8073,0.6731,2.2603,547.0,49.4858,0.2912,0.4511,1314,1837,630,836,188.1106
12,7.6103,1,464.0585,711.4058,16455.0,1981.0,225.1398,0.9727,2.6473,617.0,29.1009,0.6011,0.7508,268,791,630,836,188.1106
12,7.6103,2,1209.4591,665.0065,14255.0,3946.0,227.6412,0.768,2.8549,552.0,59.0784,0.1346,0.2373,791,1314,630,836,188.1106
12,7.6103,3,1481.6196,609.7517,20222.0,14167.0,313.0031,0.3711,3.8792,537.0,46.6895,0.3304,0.4967,1314,1837,630,836,188.1106
12,8.0109,1,428.1425,672.3917,19936.0,5531.0,294.7579,0.8111,3.9193,537.0,41.0863,0.413,0.5845,268,791,630,836,188.1106
12,8.0109,2,1211.9406,685.9785,14302.0,2985.0,231.2957,0.8289,3.104,558.0,35.9815,0.459,0.6292,791,1314,630,836,188.1106
12,8.0109,3,1536.9464,600.6745,12333.0,9502.0,216.0888,0.4726,3.2393,537.0,48.1567,0.3149,0.4789,1314,1837,630,836,188.1106
12,8.4114,1,390.4506,697.2225,16604.0,2087.0,285.695,0.6571,4.4694,626.0,53.6676,0.2309,0.3752,268,791,630,836,188.1106
12,8.4114,2,1215.0125,681.5247,14270.0,3759.0,223.5075,0.8036,3.5034,580.0,31.3205,0.5634,0.7208,791,1314,630,836,188.1106
12,8.4114,3,1554.8647,639.0797,13751.0,5712.0,224.0014,0.7564,2.2643,537.0,50.5674,0.2085,0.3451,1314,1837,630,836,188.1106
12,8.812,1,369.6752,684.2708,14716.0,2709.0,241.0505,0.6717,3.2802,581.0,40.6928,0.548,0.708,268,791,630,836,188.1106
12,8.812,2,1205.9653,685.2706,13877.0,3183.0,243.6347,0.8567,3.6257,566.0,47.5064,0.4697,0.6392,791,1314,630,836,188.1106
12,8.812,3,1567.4196,643.0247,12651.0,5306.0,174.007,0.9594,2.0062,537.0,40.4588,0.3394,0.5068,1314,1837,630,836,188.1106
12,9.2125,1,339.8454,718.0475,15580.0,1979.0,249.4558,0.8232,2.9278,598.0,79.2954,0.1129,0.2029,268,791,630,836,188.1106
12,9.2125,2,1215.1183,676.6645,14865.0,4219.0,210.5299,0.949,2.462,557.0,44.7051,0.492,0.6595,791,1314,630,836,188.1106
12,9.2125,3,1580.0767,655.6103,15894.0,5929.0,202.1913,0.9864,2.0815,537.0,33.08,0.4768,0.6457,1314,1837,630,836,188.1106
12,9.6131,1,337.9559,736.3873,14785.0,1214.0,253.7611,0.7785,3.6709,645.0,44.529,0.5259,0.6893,268,791,630,836,188.1106
12,9.6131,2,1224.7737,636.6363,12050.0,5515.0,196.267,0.9991,2.5093,537.0,36.2181,0.4518,0.6224,791,1314,630,836,188.1106
12,9.6131,3,1558.5811,627.849,11859.0,6366.0,185.5716,0.945,2.4793,537.0,38.9259,0.3845,0.5555,1314,1837,630,836,188.1106
12,10.0136,1,322.5445,660.8856,15263.0,6014.0,285.7906,1.0,2.9621,537.0,56.7504,0.3545,0.5234,268,791,630,836,188.1106
12,10.0136,2,1211.6706,690.4404,12836.0,2550.0,211.8028,0.9338,2.9415,575.0,48.5344,0.1786,0.3031,791,1314,630,836,188.1106
12,10.0136,3,1551.9479,624.6465,12384.0,6365.0,174.0397,0.9954,1.9224,537.0,37.7198,0.4233,0.5948,1314,1837,630,836,188.1106
12,10.4142,1,329.4883,656.8451,15498.0,4952.0,253.2694,0.9954,2.5787,537.0,45.8087,0.4154,0.587,268,791,630,836,188.1106
12,10.4142,2,1182.0866,673.3343,15179.0,4559.0,239.7745,0.9909,2.9889,537.0,43.2988,0.3334,0.5001,791,1314,630,836,188.1106
12,10.4142,3,1535.8442,664.2664,17517.0,6339.0,242.3936,0.9881,2.7873,537.0,39.5678,0.3872,0.5582,1314,1837,630,836,188.1106
12,10.8147,1,418.4147,668.0795,16801.0,4820.0,265.9714,0.84,3.4457,550.0,52.4301,0.0482,0.092,268,791,630,836,188.1106
12,10.8147,2,1180.4874,662.2581,14474.0,5200.0,212.082,0.9901,2.5858,537.0,26.8893,0.5947,0.7458,791,1314,630,836,188.1106
12,10.8147,3,1521.1975,615.4619,12092.0,7460.0,180.5996,0.8045,2.2409,537.0,42.0484,0.3247,0.4903,1314,1837,630,836,188.1106
12,11.2152,1,440.6878,713.282,16624.0,1977.0,264.6391,0.8412,3.1277,600.0,65.3948,0.1781,0.3023,268,791,630,836,188.1106
12,11.2152,2,1173.5109,699.2518,13823.0,2231.0,230.5431,0.9683,2.9927,569.0,41.3119,0.3504,0.519,791,1314,630,836,188.1106
12,11.2152,3,1483.8767,625.6808,16980.0,9449.0,257.7222,0.5652,3.1195,537.0,48.3496,0.27,0.4252,1314,1837,630,836,188.1106
12,11.6158,1,464.3016,710.3883,16175.0,2548.0,247.9454,0.9998,2.9738,588.0,41.4712,0.407,0.5785,268,791,630,836,188.1106
12,11.6158,2,1158.9111,696.6875,14529.0,2464.0,240.0799,0.9162,3.0988,575.0,38.2275,0.4602,0.6304,791,1314,630,836,188.1106
12,11.6158,3,1455.3035,623.919,14427.0,8418.0,246.5241,0.5381,3.7768,537.0,49.7379,0.3929,0.5641,1314,1837,630,836,188.1106
12,12.0163,1,461.9661,703.3191,16929.0,2722.0,241.3941,0.9986,2.5909,574.0,27.7892,0.6577,0.7935,268,791,630,836,188.1106
12,12.0163,2,1107.5795,640.334,14131.0,6373.0,233.6342,0.6631,3.4869,537.0,55.7047,0.1921,0.3223,791,1314,630,836,188.1106
12,12.0163,3,1416.0733,618.0378,9314.0,5892.0,133.2858,0.4398,2.0862,573.0,50.2668,0.3369,0.504,1314,1837,630,836,188.1106
12,12.4169,1,460.735,717.8239,15738.0,520.0,256.91,0.8137,3.2389,617.0,44.2221,0.3368,0.5039,268,791,630,836,188.1106
12,12.4169,2,1092.5431,702.6345,15210.0,2259.0,260.1598,0.7677,3.6578,577.0,65.4282,0.0468,0.0894,791,1314,630,836,188.1106
12,12.4169,3,1392.4623,635.596,9067.0,3850.0,144.2239,0.8401,2.1653,560.0,54.2318,0.2865,0.4454,1314,1837,630,836,188.1106
12,12.8174,1,483.0054,685.6931,11937.0,1143.0,200.5784,0.6251,2.9088,598.0,46.884,0.3987,0.5701,268,791,630,836,188.1106
12,12.8174,2,1091.4001,731.0951,13800.0,1088.0,261.9525,0.8873,3.7641,594.0,47.722,0.3467,0.5149,791,1314,630,836,188.1106
12,12.8174,3,1402.374,626.348,14409.0,8466.0,159.1483,0.919,1.5667,537.0,41.2962,0.375,0.5455,1314,1837,630,836,188.1106
12,13.218,1,535.5945,688.4919,7406.0,1503.0,154.4315,0.9117,2.7487,620.0,61.489,0.1117,0.2009,268,791,630,836,188.1106
12,13.218,2,1054.2045,665.966,13045.0,4244.0,246.0303,0.8986,3.7376,537.0,49.7652,0.3594,0.5288,791,1314,630,836,188.1106
12,13.218,3,1447.5612,622.543,13846.0,7707.0,174.2655,0.8717,1.8307,537.0,65.1605,0.1878,0.3162,1314,1837,630,836,188.1106
12,13.6185,1,516.1506,701.8473,12363.0,1902.0,174.2,0.8611,2.5314,630.0,38.7161,0.4356,0.6068,268,791,630,836,188.1106
12,13.6185,2,1053.5201,676.6177,12484.0,3400.0,227.9714,0.9704,3.0777,546.0,36.4292,0.4685,0.6381,791,1314,630,836,188.1106
12,13.6185,3,1513.0188,625.3551,19806.0,11617.0,247.3855,0.6378,2.4661,537.0,60.4054,0.1876,0.316,1314,1837,630,836,188.1106
12,14.0191,1,495.681,695.7441,15832.0,1993.0,189.1259,0.9852,1.7625,596.0,49.4144,0.3789,0.5496,268,791,630,836,188.1106
12,14.0191,2,1062.615,720.7942,14029.0,1283.0,237.5909,0.9964,3.0272,593.0,44.0134,0.3796,0.5503,791,1314,630,836,188.1106
12,14.0191,3,1524.8562,622.0049,15580.0,9686.0,247.8041,0.5296,3.5143,537.0,40.8288,0.45,0.6207,1314,1837,630,836,188.1106
12,14.4196,1,466.3769,701.9486,18662.0,2382.0,210.4327,0.9227,1.8963,592.0,50.947,0.3746,0.545,268,791,630,836,188.1106
12,14.4196,2,1078.1015,664.1771,12882.0,4518.0,250.566,0.8781,3.8005,548.0,43.7867,0.3745,0.5449,791,1314,630,836,188.1106
12,14.4196,3,1554.4479,639.5016,16097.0,7440.0,236.8,0.7392,2.5853,537.0,51.5682,0.2768,0.4336,1314,1837,630,836,188.1106
12,14.8201,1,449.0082,721.803,21824.0,1843.0,243.8452,0.9769,2.0326,626.0,48.4053,0.4498,0.6205,268,791,630,836,188.1106
12,14.8201,2,1161.62,627.1022,13981.0,7315.0,240.3017,0.5684,3.3479,537.0,60.9623,0.0843,0.1555,791,1314,630,836,188.1106
12,14.8201,3,1549.434,656.6748,15621.0,5808.0,239.7364,0.8018,3.2011,537.0,32.0486,0.5227,0.6866,1314,1837,630,836,188.1106
12,15.2207,1,439.7814,686.1292,17609.0,2879.0,258.1474,0.7883,2.4916,552.0,55.7021,0.3349,0.5017,268,791,630,836,188.1106
12,15.2207,2,1198.4704,678.4446,16661.0,5313.0,240.3482,0.997,2.7846,537.0,55.6715,0.1707,0.2916,791,1314,630,836,188.1106
12,15.2207,3,1562.7739,622.0001,11692.0,6313.0,202.7736,0.7924,2.6338,537.0,36.1419,0.513,0.6781,1314,1837,630,836,188.1106
12,15.6212,1,473.994,694.4722,17280.0,2787.0,236.0386,0.7261,2.7739,595.0,56.73,0.2275,0.3707,268,791,630,836,188.1106
12,15.6212,2,1215.3449,683.6883,14639.0,4019.0,281.0077,0.9419,4.258,552.0,45.8404,0.389,0.5601,791,1314,630,836,188.1106
12,15.6212,3,1580.2258,642.9554,14439.0,6119.0,236.5417,0.8227,3.1361,537.0,66.5291,0.3344,0.5012,1314,1837,630,836,188.1106
12,16.0218,1,520.6147,700.0588,11501.0,1539.0,191.6033,0.7359,2.9899,624.0,49.6662,0.2816,0.4395,268,791,630,836,188.1106
12,16.0218,2,1229.916,649.8715,12680.0,5189.0,222.7258,0.9825,3.1771,537.0,37.7525,0.5404,0.7016,791,1314,630,836,188.1106
12,16.0218,3,1573.6812,638.3105,15829.0,7256.0,224.0862,0.9179,2.5067,537.0,48.2345,0.5278,0.6909,1314,1837,630,836,188.1106
12,16.4223,1,542.3037,708.4247,9723.0,1415.0,230.0125,0.997,3.1847,588.0,47.5402,0.2859,0.4447,268,791,630,836,188.1106
12,16.4223,2,1242.4798,686.6521,15509.0,3754.0,247.7854,0.9998,3.03,555.0,48.09,0.372,0.5423,791,1314,630,836,188.1106
12,16.4223,3,1585.9211,633.5413,13402.0,7350.0,190.123,0.8229,2.3775,537.0,50.2289,0.464,0.6338,1314,1837,630,836,188.1106
12,16.8229,1,537.6535,708.74,12625.0,1159.0,195.5395,0.9929,2.8528,626.0,34.7584,0.5239,0.6876,268,791,630,836,188.1106
12,16.8229,2,1227.1121,673.882,14924.0,4406.0,243.2224,0.9714,3.0492,542.0,41.9288,0.4292,0.6006,791,1314,630,836,188.1106
12,16.8229,3,1598.1057,662.3434,18400.0,6402.0,230.2901,0.9625,2.3485,537.0,57.4657,0.3765,0.5471,1314,1837,630,836,188.1106
12,17.2234,1,510.0425,679.5793,14303.0,2169.0,151.2654,0.8036,1.5303,626.0,55.0001,0.3283,0.4943,268,791,630,836,188.1106
12,17.2234,2,1205.2382,649.0627,13789.0,5537.0,215.0984,0.9786,2.6689,537.0,39.2735,0.4836,0.652,791,1314,630,836,188.1106
12,17.2234,3,1589.7108,660.0529,16481.0,5848.0,223.8021,0.9413,2.6557,537.0,37.3482,0.5583,0.7166,1314,1837,630,836,188.1106
12,17.6239,1,429.4099,704.6537,19551.0,1523.0,230.9169,0.7625,2.1637,605.0,67.9128,0.05,0.0953,268,791,630,836,188.1106
12,17.6239,2,1194.2187,706.141,13863.0,1889.0,246.9963,0.9181,3.2809,585.0,56.0338,0.2291,0.3728,791,1314,630,836,188.1106
12,17.6239,3,1573.5123,642.31,14569.0,6530.0,195.9514,0.8205,2.3418,537.0,48.488,0.3885,0.5595,1314,1837,630,836,188.1106
12,18.0245,1,416.8967,739.8288,21685.0,205.0,238.8215,0.9869,1.8665,623.0,56.5619,0.2951,0.4557,268,791,630,836,188.1106
12,18.0245,2,1170.8493,662.859,13946.0,4905.0,246.9543,0.8899,3.4816,537.0,41.1654,0.451,0.6217,791,1314,630,836,188.1106
12,18.0245,3,1552.0674,652.3355,12971.0,5112.0,192.3696,0.7973,2.5284,546.0,29.9938,0.5207,0.6848,1314,1837,630,836,188.1106
12,18.425,1,429.7767,709.4369,17753.0,1518.0,222.5797,0.9073,2.3055,599.0,38.4644,0.5376,0.6993,268,791,630,836,188.1106
12,18.425,2,1135.8363,651.2697,13737.0,5047.0,218.702,0.8466,3.024,537.0,51.2044,0.2422,0.39,791,1314,630,836,188.1106
12,18.425,3,1564.814,638.1802,11051.0,5660.0,146.933,0.9991,1.7782,537.0,36.0634,0.3183,0.4829,1314,1837,630,836,188.1106
12,18.8256,1,477.889,705.4352,16300.0,1257.0,213.4189,0.9142,1.9565,591.0,59.1784,0.2563,0.408,268,791,630,836,188.1106
12,18.8256,2,1132.1365,689.9244,14516.0,2945.0,226.3587,0.9942,2.7741,567.0,44.1346,0.2689,0.4238,791,1314,630,836,188.1106
12,18.8256,3,1569.5414,609.1092,10244.0,6984.0,156.9588,0.8358,2.0824,537.0,29.1229,0.4267,0.5982,1314,1837,630,836,188.1106
12,19.2261,1,501.8051,727.8258,18069.0,114.0,215.2142,0.9342,1.9991,631.0,50.8991,0.3787,0.5493,268,791,630,836,188.1106
12,19.2261,2,1139.5527,653.4999,14282.0,5858.0,257.9631,0.8273,3.9048,537.0,37.4786,0.4174,0.5889,791,1314,630,836,188.1106
12,19.2261,3,1543.518,632.6243,13613.0,6482.0,215.1356,0.7922,2.6478,537.0,48.991,0.2311,0.3755,1314,1837,630,836,188.1106
12,19.6267,1,442.0271,700.781,18028.0,706.0,238.142,0.6667,2.424,612.0,55.9781,0.3161,0.4804,268,791,630,836,188.1106
12,19.6267,2,1179.7678,649.4657,14952.0,6118.0,232.3612,0.8253,3.2736,537.0,60.5477,0.1535,0.2662,791,1314,630,836,188.1106
12,19.6267,3,1519.8592,634.088,15119.0,7369.0,247.8057,0.7398,3.3212,537.0,42.9146,0.4239,0.5954,1314,1837,630,836,188.1106
12,20.0272,1,380.7865,698.8177,18588.0,2038.0,271.3807,0.564,2.7057,586.0,57.6529,0.1954,0.327,268,791,630,836,188.1106
12,20.0272,2,1212.2307,695.3085,15580.0,3699.0,260.4136,0.973,3.2833,558.0,56.0193,0.1761,0.2995,791,1314,630,836,188.1106
12,20.0272,3,1493.8958,598.6934,13883.0,11108.0,245.1473,0.3774,4.1202,537.0,45.1168,0.3374,0.5046,1314,1837,630,836,188.1106
12,20.4278,1,347.1136,723.3856,15084.0,973.0,230.9113,0.5974,2.8133,632.0,59.68,0.2357,0.3814,268,791,630,836,188.1106
12,20.4278,2,1219.0249,672.2084,14805.0,4823.0,255.8167,0.9646,3.5213,537.0,35.843,0.605,0.7539,791,1314,630,836,188.1106
12,20.4278,3,1459.658,611.6605,11821.0,7493.0,196.0593,0.5157,3.037,537.0,50.0653,0.2523,0.403,1314,1837,630,836,188.1106
12,20.8283,1,342.9998,716.8522,13536.0,805.0,203.2612,0.7142,2.8524,629.0,33.325,0.6032,0.7525,268,791,630,836,188.1106
12,20.8283,2,1232.062,653.5187,12977.0,5127.0,220.0969,0.9536,3.0266,537.0,50.618,0.4749,0.6439,791,1314,630,836,188.1106
12,20.8283,3,1456.8754,659.7077,14070.0,3697.0,242.2691,0.6221,3.3211,550.0,48.8265,0.1553,0.2689,1314,1837,630,836,188.1106
12,21.2288,1,329.2659,682.9231,11607.0,1173.0,171.4031,0.6739,2.2505,620.0,39.5763,0.4537,0.6242,268,791,630,836,188.1106
12,21.2288,2,1246.5058,695.3366,13665.0,2850.0,244.1565,0.992,3.3994,582.0,61.232,0.2895,0.4491,791,1314,630,836,188.1106
12,21.2288,3,1431.1851,634.8335,11899.0,5425.0,242.3193,0.5799,3.9451,540.0,38.8414,0.4384,0.6096,1314,1837,630,836,188.1106
12,21.6294,1,337.3812,699.6123,12911.0,693.0,159.6707,0.7447,1.7624,630.0,28.1803,0.6241,0.7686,268,791,630,836,188.1106
12,21.6294,2,1211.2574,664.2705,15943.0,6064.0,231.4264,0.9595,2.8848,548.0,66.5127,0.278,0.435,791,1314,630,836,188.1106
12,21.6294,3,1412.1125,615.5873,9201.0,6452.0,156.2198,0.5123,2.429,541.0,38.323,0.5144,0.6793,1314,1837,630,836,188.1106
12,22.0299,1,358.6483,697.7238,11862.0,670.0,188.5838,0.696,2.705,630.0,29.9052,0.5416,0.7026,268,791,630,836,188.1106
12,22.0299,2,1213.9157,652.4273,12413.0,4964.0,170.371,0.9995,2.0558,550.0,46.3502,0.4435,0.6145,791,1314,630,836,188.1106
12,22.0299,3,1418.9263,637.9833,9719.0,4271.0,142.211,0.472,2.2518,582.0,43.5053,0.4214,0.5929,1314,1837,630,836,188.1106
12,22.4305,1,362.6312,682.9348,14733.0,1233.0,195.0503,0.5946,2.1897,619.0,37.4172,0.5513,0.7107,268,791,630,836,188.1106
12,22.4305,2,1224.6469,664.2128,16364.0,5650.0,225.7689,0.938,2.2594,537.0,54.6127,0.3294,0.4956,791,1314,630,836,188.1106
12,22.4305,3,1412.5471,641.1114,10770.0,5037.0,158.8518,0.755,2.4061,558.0,35.633,0.4219,0.5934,1314,1837,630,836,188.1106
12,22.831,1,374.168,690.0079,11639.0,705.0,147.0902,0.7913,1.6291,628.0,34.9087,0.594,0.7453,268,791,630,836,188.1106
12,22.831,2,1243.0212,698.0487,17791.0,3652.0,236.5109,0.9786,2.6206,583.0,56.2366,0.3684,0.5384,791,1314,630,836,188.1106
12,22.831,3,1415.1709,614.8691,10828.0,7130.0,161.4533,0.7326,1.8948,537.0,46.2357,0.3772,0.5478,1314,1837,630,836,188.1106
12,23.2316,1,373.4084,686.5788,9956.0,961.0,133.919,0.9791,1.5699,622.0,33.9518,0.4613,0.6313,268,791,630,836,188.1106
12,23.2316,2,1226.6561,692.5999,15625.0,3091.0,247.5563,0.8505,3.127,585.0,50.5881,0.3053,0.4677,791,1314,630,836,188.1106
12,23.2316,3,1442.3515,651.3477,15004.0,6167.0,226.6529,0.6817,2.7289,554.0,39.7532,0.4598,0.6299,1314,1837,630,836,188.1106
12,23.6321,1,395.4223,671.9143,7421.0,391.0,109.913,0.5987,1.3634,618.0,30.5685,0.4047,0.5762,268,791,630,836,188.1106
12,23.6321,2,1174.2777,640.2598,13801.0,5944.0,184.2446,0.6745,2.56,588.0,50.3803,0.3566,0.5257,791,1314,630,836,188.1106
12,23.6321,3,1458.2585,651.2898,16424.0,7186.0,192.3362,0.9428,1.997,543.0,36.0382,0.4561,0.6265,1314,1837,630,836,188.1106
12,24.0327,1,403.5725,692.4321,9938.0,558.0,104.0454,0.7927,1.1195,623.0,34.2911,0.3848,0.5558,268,791,630,836,188.1106
12,24.0327,2,1134.1723,681.1006,14362.0,2624.0,238.8302,0.7022,3.3351,586.0,66.0755,0.0576,0.109,791,1314,630,836,188.1106
12,24.0327,3,1480.5335,615.6327,16697.0,11117.0,279.899,0.449,3.3079,537.0,50.5393,0.2202,0.3609,1314,1837,630,836,188.1106
12,24.4332,1,429.0262,696.8088,11359.0,490.0,146.4345,0.9706,1.4368,615.0,35.1816,0.336,0.503,268,791,630,836,188.1106
12,24.4332,2,1083.4576,666.2872,14394.0,5055.0,215.0891,0.9347,2.9016,542.0,46.3528,0.2726,0.4284,791,1314,630,836,188.1106
12,24.4332,3,1517.293,614.4607,18291.0,11471.0,302.482,0.4733,3.7263,537.0,50.8332,0.3079,0.4708,1314,1837,630,836,188.1106
12,24.8337,1,436.7658,683.1506,12244.0,1676.0,185.7977,0.8043,2.3905,606.0,31.4862,0.4131,0.5847,268,791,630,836,188.1106
12,24.8337,2,1086.0848,671.644,13828.0,4287.0,234.8698,0.9818,3.1935,537.0,28.904,0.5389,0.7004,791,1314,630,836,188.1106
12,24.8337,3,1537.5088,616.6133,15999.0,9446.0,255.9071,0.5895,3.2697,537.0,41.0152,0.5776,0.7322,1314,1837,630,836,188.1106
12,25.2343,1,422.4037,678.3439,12841.0,2493.0,221.1093,0.7955,2.9712,584.0,27.4542,0.6182,0.764,268,791,630,836,188.1106
12,25.2343,2,1104.7383,715.9848,14515.0,1911.0,276.6423,0.9716,3.6661,579.0,52.3038,0.2533,0.4042,791,1314,630,836,188.1106
12,25.2343,3,1551.6958,638.1831,20224.0,10092.0,208.6371,0.8941,1.8403,537.0,43.462,0.4355,0.6068,1314,1837,630,836,188.1106
12,25.6348,1,429.894,723.2023,14333.0,867.0,217.0298,0.9272,2.5475,599.0,35.4423,0.4376,0.6088,268,791,630,836,188.1106
12,25.6348,2,1129.5268,661.0089,13604.0,4919.0,236.0346,0.9468,3.393,537.0,42.6351,0.4346,0.6059,791,1314,630,836,188.1106
12,25.6348,3,1536.8778,635.4202,16144.0,8067.0,182.1857,0.9901,1.748,537.0,43.6738,0.4255,0.597,1314,1837,630,836,188.1106
12,26.0354,1,439.1829,707.1143,14286.0,1780.0,218.8476,0.915,2.6993,595.0,44.7904,0.2822,0.4402,268,791,630,836,188.1106
12,26.0354,2,1159.3588,665.6814,12544.0,3821.0,184.9962,0.879,2.3221,576.0,59.3215,0.2438,0.3921,791,1314,630,836,188.1106
12,26.0354,3,1510.5559,642.6289,17468.0,7980.0,196.0027,0.9839,1.8179,537.0,35.9266,0.5083,0.674,1314,1837,630,836,188.1106
12,26.4359,1,477.2183,688.7446,15183.0,3225.0,238.7197,0.9728,3.0136,556.0,43.5777,0.3515,0.5201,268,791,630,836,188.1106
12,26.4359,2,1199.9611,650.4657,13411.0,5356.0,214.161,0.9072,2.5838,538.0,58.4078,0.2992,0.4606,791,1314,630,836,188.1106
12,26.4359,3,1499.5077,663.924,20273.0,7427.0,232.6844,0.9503,2.2436,547.0,41.613,0.4122,0.5838,1314,1837,630,836,188.1106
12,26.8365,1,486.0415,745.0114,13286.0,59.0,254.4653,0.8728,3.705,629.0,59.8614,0.2651,0.4191,268,791,630,836,188.1106
12,26.8365,2,1221.0212,684.3435,15167.0,3003.0,223.1992,0.7836,2.7684,582.0,66.1479,0.1855,0.313,791,1314,630,836,188.1106
12,26.8365,3,1463.0227,633.5783,16403.0,8968.0,237.9368,0.6795,2.8049,537.0,49.3882,0.3082,0.4712,1314,1837,630,836,188.1106
12,27.237,1,504.5465,703.3243,12562.0,1792.0,243.2645,0.896,3.8012,579.0,38.6347,0.5341,0.6963,268,791,630,836,188.1106
12,27.237,2,1263.9595,695.4489,14701.0,2571.0,211.3674,0.9857,2.39,582.0,54.473,0.3359,0.5029,791,1314,630,836,188.1106
12,27.237,3,1429.0377,648.7331,18987.0,7501.0,246.7174,0.656,2.9445,537.0,40.8763,0.3012,0.4629,1314,1837,630,836,188.1106
12,27.6376,1,532.0248,692.1516,9714.0,1407.0,200.075,0.9109,2.8884,590.0,50.777,0.3856,0.5566,268,791,630,836,188.1106
12,27.6376,2,1227.4404,670.5331,15201.0,4193.0,190.9466,0.9717,2.0289,583.0,65.4521,0.2443,0.3926,791,1314,630,836,188.1106
12,27.6376,3,1411.2376,660.5899,13596.0,4518.0,223.223,0.8157,3.0857,537.0,37.9543,0.356,0.5251,1314,1837,630,836,188.1106
12,28.0381,1,521.7735,735.7886,10922.0,259.0,208.3225,0.9503,3.5561,626.0,41.2949,0.45,0.6207,268,791,630,836,188.1106
12,28.0381,2,1179.4406,652.3433,16567.0,6761.0,250.3734,0.5841,3.2666,553.0,57.397,0.2462,0.3951,791,1314,630,836,188.1106
12,28.0381,3,1383.7017,644.3065,9371.0,3085.0,136.1062,0.8142,1.7237,585.0,31.0642,0.4295,0.6009,1314,1837,630,836,188.1106
12,28.4386,1,514.2877,697.0309,15525.0,2092.0,188.0454,0.9562,2.0624,626.0,40.9823,0.3383,0.5056,268,791,630,836,188.1106
12,28.4386,2,1093.5083,658.8245,15370.0,4988.0,225.53,0.7036,2.3928,553.0,66.0615,0.0354,0.0684,791,1314,630,836,188.1106
12,28.4386,3,1388.513,686.6739,11073.0,2075.0,155.5175,0.8819,2.0749,602.0,45.8986,0.3727,0.543,1314,1837,630,836,188.1106
12,28.8392,1,480.5568,665.2365,10970.0,1836.0,199.7015,0.6172,2.8519,596.0,41.2694,0.3118,0.4753,268,791,630,836,188.1106
12,28.8392,2,1053.3424,688.2183,15195.0,3256.0,218.5707,0.9111,2.4255,560.0,59.4626,0.2053,0.3407,791,1314,630,836,188.1106
12,28.8392,3,1381.6876,666.6719,9437.0,2596.0,145.2708,0.9056,2.3055,585.0,36.834,0.4798,0.6485,1314,1837,630,836,188.1106
12,29.2397,1,426.9011,664.3487,16779.0,2106.0,255.5341,0.31,3.4959,621.0,58.5368,0.242,0.3897,268,791,630,836,188.1106
12,29.2397,2,1053.8952,716.8029,14767.0,1420.0,241.3528,0.9005,3.2571,600.0,40.3837,0.528,0.6911,791,1314,630,836,188.1106
12,29.2397,3,1376.6553,631.7691,10817.0,5836.0,156.6812,0.9952,1.9753,537.0,44.7163,0.3514,0.5201,1314,1837,630,836,188.1106
12,29.6403,1,367.1676,683.532,15364.0,2940.0,249.6305,0.7442,3.1582,568.0,62.3968,0.167,0.2862,268,791,630,836,188.1106
12,29.6403,2,1048.5506,674.3222,14032.0,4230.0,221.2066,0.9996,2.8358,538.0,45.5341,0.441,0.6121,791,1314,630,836,188.1106
12,29.6403,3,1403.8991,637.1949,18450.0,9705.0,221.9203,0.9156,2.0109,546.0,45.975,0.3583,0.5276,1314,1837,630,836,188.1106
12,30.0408,1,366.467,731.4147,15717.0,661.0,243.9939,0.7824,2.8702,608.0,56.9825,0.2584,0.4107,268,791,630,836,188.1106
12,30.0408,2,1053.6303,660.4506,13115.0,4327.0,261.0466,0.8716,3.7924,541.0,40.8721,0.3657,0.5355,791,1314,630,836,188.1106
12,30.0408,3,1473.3087,611.4319,17168.0,11014.0,294.9487,0.5322,3.7118,537.0,52.7696,0.2802,0.4377,1314,1837,630,836,188.1106
12,30.4414,1,357.3238,722.3764,14311.0,945.0,240.4044,0.9122,3.0087,602.0,32.2346,0.566,0.7229,268,791,630,836,188.1106
12,30.4414,2,1067.703,704.9285,13725.0,2107.0,243.5332,0.9857,3.3618,572.0,45.8608,0.3658,0.5356,791,1314,630,836,188.1106
12,30.4414,3,1522.2849,620.6942,17362.0,9807.0,252.7468,0.6149,2.9633,537.0,55.6513,0.2152,0.3541,1314,1837,630,836,188.1106
12,30.8419,1,349.4369,690.9514,14825.0,2999.0,211.6657,0.9994,2.6268,583.0,34.6004,0.4849,0.6531,268,791,630,836,188.1106
12,30.8419,2,1075.7817,675.1922,13797.0,4033.0,242.9838,0.9262,3.3453,550.0,46.5858,0.3671,0.5371,791,1314,630,836,188.1106
12,30.8419,3,1542.3161,650.6176,17152.0,6747.0,248.8659,0.7275,2.9392,537.0,43.9257,0.2963,0.4571,1314,1837,630,836,188.1106
12,31.2425,1,372.7546,720.9145,15410.0,1851.0,233.5388,0.9934,2.9689,600.0,50.79,0.313,0.4768,268,791,630,836,188.1106
12,31.2425,2,1112.0264,648.4573,14062.0,5697.0,257.0863,0.7943,3.8409,537.0,47.9094,0.3361,0.5031,791,1314,630,836,188.1106
12,31.2425,3,1555.9785,623.5852,12564.0,6783.0,183.357,0.7559,2.3723,537.0,31.5608,0.4778,0.6467,1314,1837,630,836,188.1106
12,31.643,1,391.994,725.2952,12925.0,42.0,255.1517,0.8304,3.7034,627.0,60.7325,0.2357,0.3815,268,791,630,836,188.1106
12,31.643,2,1178.9191,636.7851,14485.0,6729.0,267.4987,0.686,4.1395,537.0,75.2003,0.1143,0.2052,791,1314,630,836,188.1106
12,31.643,3,1571.0874,611.8161,10558.0,6651.0,165.9093,0.8,2.0876,537.0,24.6574,0.5746,0.7299,1314,1837,630,836,188.1106
12,32.0435,1,361.0725,692.8132,15498.0,2172.0,224.9594,0.7816,2.583,589.0,45.3755,0.4862,0.6543,268,791,630,836,188.1106
12,32.0435,2,1216.3548,670.995,14671.0,4129.0,232.5146,0.8991,2.8276,537.0,70.4867,0.0912,0.1671,791,1314,630,836,188.1106
12,32.0435,3,1561.4464,628.7474,13161.0,6627.0,191.9444,0.8967,2.1227,537.0,31.2063,0.5169,0.6815,1314,1837,630,836,188.1106
12,32.4441,1,331.7198,715.4928,11058.0,128.0,164.0786,0.8327,2.1002,624.0,73.5341,0.1922,0.3224,268,791,630,836,188.1106
12,32.4441,2,1230.4023,696.4315,15742.0,2994.0,233.5501,0.9811,2.7742,582.0,52.6443,0.3879,0.559,791,1314,630,836,188.1106
12,32.4441,3,1538.0916,603.5422,11425.0,8008.0,195.311,0.6729,2.5602,537.0,46.8227,0.3407,0.5083,1314,1837,630,836,188.1106
12,32.8446,1,321.149,712.3675,11368.0,516.0,151.2128,0.7944,1.9708,645.0,31.1335,0.5946,0.7457,268,791,630,836,188.1106
12,32.8446,2,1209.1904,673.4954,16464.0,4966.0,215.321,0.8674,2.4712,557.0,61.089,0.3227,0.4879,791,1314,630,836,188.1106
12,32.8446,3,1543.5963,584.482,12617.0,12223.0,226.212,0.307,3.0858,537.0,40.8734,0.4852,0.6534,1314,1837,630,836,188.1106
12,33.2452,1,338.9599,728.9287,14552.0,8.0,200.3197,0.7845,2.3759,637.0,36.7748,0.5336,0.6959,268,791,630,836,188.1106
12,33.2452,2,1170.7291,656.6819,16809.0,5097.0,262.3415,0.381,3.3931,586.0,50.1666,0.3222,0.4874,791,1314,630,836,188.1106
12,33.2452,3,1535.0077,588.3871,13028.0,11712.0,223.5758,0.3511,3.1983,537.0,19.3169,0.817,0.8993,1314,1837,630,836,188.1106
12,33.6457,1,374.5808,699.5646,14413.0,684.0,194.3232,0.7829,2.0958,609.0,58.2109,0.2292,0.3729,268,791,630,836,188.1106
12,33.6457,2,1085.7341,638.0894,14638.0,5711.0,233.7173,0.4003,3.1177,559.0,58.6441,0.2361,0.382,791,1314,630,836,188.1106
12,33.6457,3,1545.8994,593.8858,12433.0,10465.0,181.5066,0.3631,2.435,537.0,30.6036,0.5879,0.7405,1314,1837,630,836,188.1106
12,34.0463,1,430.6083,701.3841,15534.0,889.0,178.3057,0.8836,1.7451,600.0,63.3881,0.187,0.3151,268,791,630,836,188.1106
12,34.0463,2,1084.916,679.4178,14657.0,2863.0,229.049,0.738,2.9814,564.0,48.4968,0.2448,0.3934,791,1314,630,836,188.1106
12,34.0463,3,1542.746,603.3951,12694.0,9884.0,199.0241,0.4493,2.5506,537.0,31.0397,0.6035,0.7527,1314,1837,630,836,188.1106
12,34.4468,1,467.503,693.956,16903.0,2047.0,244.7055,0.6627,3.215,618.0,45.98,0.338,0.5053,268,791,630,836,188.1106
12,34.4468,2,1092.2313,714.1812,16850.0,2112.0,217.6494,0.9757,2.4262,592.0,41.1348,0.2861,0.4449,791,1314,630,836,188.1106
12,34.4468,3,1532.9969,601.7328,15560.0,12098.0,238.344,0.4055,2.9097,537.0,35.7688,0.6038,0.753,1314,1837,630,836,188.1106
12,34.8474,1,491.5986,686.1672,16028.0,2255.0,201.1028,0.7034,2.4318,622.0,40.2961,0.5105,0.676,268,791,630,836,188.1106
12,34.8474,2,1097.2961,674.0512,14149.0,3758.0,237.5966,0.8837,3.0183,551.0,41.4665,0.3054,0.468,791,1314,630,836,188.1106
12,34.8474,3,1513.0542,609.8126,17912.0,13047.0,283.8312,0.3615,3.7106,537.0,25.7595,0.6575,0.7934,1314,1837,630,836,188.1106
12,35.2479,1,522.0144,723.0122,11215.0,557.0,211.2568,0.8452,3.1567,621.0,53.475,0.2184,0.3586,268,791,630,836,188.1106
12,35.2479,2,1134.5262,660.4025,12958.0,3826.0,235.0538,0.6757,3.5644,575.0,56.8229,0.3262,0.492,791,1314,630,836,188.1106
12,35.2479,3,1509.5385,609.2771,17848.0,12501.0,304.6969,0.4204,4.0534,537.0,23.7565,0.7048,0.8268,1314,1837,630,836,188.1106
12,35.6484,1,534.4214,722.1847,12804.0,1282.0,225.3416,0.9857,3.5204,591.0,34.7436,0.4431,0.6141,268,791,630,836,188.1106
12,35.6484,2,1170.0912,665.0695,13388.0,4316.0,174.5188,0.893,1.9489,562.0,55.4069,0.3003,0.4619,791,1314,630,836,188.1106
12,35.6484,3,1521.5387,599.6686,16042.0,11990.0,243.7215,0.4764,2.8685,537.0,33.9297,0.5778,0.7324,1314,1837,630,836,188.1106
12,36.049,1,515.6204,676.7171,14014.0,3158.0,179.7488,0.9377,2.102,604.0,33.763,0.3723,0.5425,268,791,630,836,188.1106
12,36.049,2,1189.234,640.5522,13431.0,6204.0,173.0084,0.9841,1.5877,540.0,41.8391,0.4382,0.6093,791,1314,630,836,188.1106
12,36.049,3,1548.8949,634.1276,16463.0,8133.0,236.8658,0.706,2.8804,537.0,51.451,0.2138,0.3523,1314,1837,630,836,188.1106
12,36.4495,1,524.8867,682.238,12714.0,2789.0,164.3781,0.9484,2.6246,603.0,27.4798,0.561,0.7188,268,791,630,836,188.1106
12,36.4495,2,1150.3499,684.821,17172.0,3433.0,211.0285,0.874,2.2075,580.0,63.5797,0.1702,0.2908,791,1314,630,836,188.1106
12,36.4495,3,1552.8782,661.0656,18402.0,6706.0,278.3334,0.7871,3.5174,537.0,37.5543,0.4659,0.6357,1314,1837,630,836,188.1106
12,36.8501,1,533.71,705.3435,11912.0,762.0,188.5275,0.9785,2.4243,610.0,29.521,0.4564,0.6267,268,791,630,836,188.1106
12,36.8501,2,1117.7781,684.2668,16167.0,3507.0,233.9136,0.7965,2.856,581.0,47.6081,0.4134,0.585,791,1314,630,836,188.1106
12,36.8501,3,1559.8228,632.0412,17406.0,8937.0,194.8845,0.8775,1.7705,537.0,42.1244,0.4724,0.6417,1314,1837,630,836,188.1106
12,37.2506,1,499.3201,656.2711,11545.0,2695.0,151.5252,0.6389,1.8363,615.0,34.5973,0.3363,0.5033,268,791,630,836,188.1106
12,37.2506,2,1085.0793,662.5394,15551.0,5140.0,220.2794,0.7928,2.5628,546.0,47.4675,0.3974,0.5688,791,1314,630,836,188.1106
12,37.2506,3,1557.2245,637.1322,19711.0,9978.0,228.4858,0.8524,2.1157,537.0,32.1166,0.5574,0.7158,1314,1837,630,836,188.1106
12,37.6512,1,474.7304,669.229,14242.0,3095.0,187.6049,0.7506,2.2697,605.0,39.427,0.4206,0.5922,268,791,630,836,188.1106
12,37.6512,2,1057.6932,700.6743,15953.0,2456.0,232.3495,0.8497,2.907,598.0,59.2359,0.2074,0.3435,791,1314,630,836,188.1106
12,37.6512,3,1546.2292,642.0035,21001.0,9815.0,268.21,0.7753,2.6703,537.0,36.4874,0.6127,0.7599,1314,1837,630,836,188.1106
12,38.0517,1,439.7837,711.0349,13628.0,810.0,195.2802,0.9303,2.1068,602.0,45.7455,0.2585,0.4108,268,791,630,836,188.1106
12,38.0517,2,1048.0912,730.2972,15127.0,988.0,257.4989,0.9337,3.2149,599.0,49.5425,0.4089,0.5805,791,1314,630,836,188.1106
12,38.0517,3,1533.5898,632.3385,17788.0,9754.0,248.3741,0.5938,3.0936,537.0,37.6879,0.5321,0.6946,1314,1837,630,836,188.1106
12,38.4523,1,418.6712,729.6065,14865.0,725.0,216.2534,0.9954,2.4732,605.0,41.8036,0.4253,0.5968,268,791,630,836,188.1106
12,38.4523,2,1025.2702,651.4097,9861.0,3645.0,232.3382,0.9453,3.9244,537.0,50.7037,0.3196,0.4844,791,1314,630,836,188.1106
12,38.4523,3,1528.8517,627.8942,17307.0,10206.0,231.9754,0.5459,2.8523,537.0,23.7909,0.6115,0.7589,1314,1837,630,836,188.1106
12,38.8528,1,426.2743,706.8577,14464.0,1800.0,237.4616,0.9868,2.9555,583.0,29.7547,0.6399,0.7804,268,791,630,836,188.1106
12,38.8528,2,1038.0332,690.6326,11819.0,2691.0,234.0407,0.9557,4.1863,566.0,29.7759,0.5014,0.6679,791,1314,630,836,188.1106
12,38.8528,3,1534.4388,632.9777,17769.0,10501.0,229.1447,0.5335,2.7712,537.0,22.8827,0.6148,0.7614,1314,1837,630,836,188.1106
12,39.2533,1,444.2762,697.6898,17601.0,3394.0,211.7207,0.9756,2.4301,611.0,34.1928,0.4672,0.6369,268,791,630,836,188.1106
12,39.2533,2,1053.411,724.3498,12579.0,903.0,240.3095,0.9425,3.5588,602.0,37.365,0.5039,0.6701,791,1314,630,836,188.1106
12,39.2533,3,1524.5592,621.1059,17387.0,11404.0,251.4636,0.4679,3.2106,537.0,25.0995,0.5571,0.7156,1314,1837,630,836,188.1106
12,39.6539,1,462.2098,686.9357,16700.0,4016.0,258.1367,0.9105,3.1369,563.0,36.0554,0.4862,0.6543,268,791,630,836,188.1106
12,39.6539,2,1071.9229,662.3626,14158.0,4804.0,233.0777,0.9249,2.8849,537.0,54.4026,0.2787,0.4359,791,1314,630,836,188.1106
12,39.6539,3,1525.9654,616.4231,16348.0,10325.0,254.7987,0.5815,3.242,537.0,23.9461,0.6429,0.7826,1314,1837,630,836,188.1106
12,40.0544,1,488.0894,687.4151,15995.0,3933.0,258.3731,0.9189,3.5377,565.0,50.9614,0.356,0.525,268,791,630,836,188.1106
12,40.0544,2,1133.4988,638.6916,14973.0,7109.0,234.5117,0.5662,2.965,554.0,57.6683,0.1934,0.3241,791,1314,630,836,188.1106
12,40.0544,3,1542.1284,632.096,18061.0,9546.0,222.9397,0.6562,2.4238,537.0,36.6356,0.4571,0.6275,1314,1837,630,836,188.1106
12,40.455,1,505.6763,724.422,12306.0,550.0,242.9745,0.8964,3.829,612.0,53.267,0.2827,0.4408,268,791,630,836,188.1106
12,40.455,2,1205.6271,647.2446,16117.0,6229.0,235.4443,0.7415,2.3852,537.0,63.5963,0.052,0.0989,791,1314,630,836,188.1106
12,40.455,3,1558.5045,642.4733,15411.0,7195.0,188.1305,0.7067,2.212,554.0,34.4308,0.4364,0.6077,1314,1837,630,836,188.1106
12,40.8555,1,514.835,676.7529,13040.0,3238.0,209.6072,0.8927,3.2619,576.0,31.7691,0.5313,0.6939,268,791,630,836,188.1106
12,40.8555,2,1227.0935,685.3023,15311.0,3252.0,236.8488,0.8446,2.8439,557.0,55.6792,0.2416,0.3892,791,1314,630,836,188.1106
12,40.8555,3,1574.6698,641.8124,15281.0,7206.0,157.6297,0.9731,1.4924,537.0,34.4067,0.4199,0.5915,1314,1837,630,836,188.1106
12,41.2561,1,539.7276,709.4484,10093.0,1674.0,227.1011,0.9718,3.4926,583.0,53.8346,0.2199,0.3605,268,791,630,836,188.1106
12,41.2561,2,1237.0581,671.9358,13536.0,3644.0,224.3333,0.9381,2.8554,545.0,30.4522,0.5579,0.7162,791,1314,630,836,188.1106
12,41.2561,3,1577.156,624.9049,11596.0,6433.0,155.7644,0.9955,1.8005,537.0,23.6367,0.5835,0.737,1314,1837,630,836,188.1106
12,41.6566,1,547.4764,752.4577,9709.0,43.0,212.273,0.9779,3.5068,643.0,48.9191,0.3729,0.5433,268,791,630,836,188.1106
12,41.6566,2,1240.4549,649.7114,13425.0,5314.0,185.6645,0.9997,2.4224,537.0,40.5493,0.4041,0.5756,791,1314,630,836,188.1106
12,41.6566,3,1558.6529,633.4499,14503.0,7031.0,195.7636,0.8666,2.2236,537.0,36.169,0.3205,0.4854,1314,1837,630,836,188.1106
12,42.0572,1,539.6338,703.6956,9887.0,1452.0,216.4688,0.9816,3.6178,589.0,54.0176,0.3549,0.5239,268,791,630,836,188.1106
12,42.0572,2,1205.9087,644.4275,13293.0,5636.0,219.0443,0.811,2.8645,549.0,44.0269,0.2274,0.3705,791,1314,630,836,188.1106
12,42.0572,3,1517.3152,608.627,10906.0,7255.0,174.9919,0.7551,2.4419,537.0,40.0522,0.2944,0.4549,1314,1837,630,836,188.1106
12,42.4577,1,528.972,709.7496,12410.0,1407.0,210.7151,0.9857,2.684,592.0,30.2766,0.5043,0.6705,268,791,630,836,188.1106
12,42.4577,2,1151.6922,646.5981,15682.0,6522.0,257.0402,0.7191,3.3646,543.0,60.5231,0.1727,0.2945,791,1314,630,836,188.1106
12,42.4577,3,1477.1869,640.5402,16010.0,7401.0,228.6692,0.7818,2.6664,537.0,49.2261,0.0948,0.1732,1314,1837,630,836,188.1106
12,42.8582,1,522.2324,715.6166,12640.0,1006.0,216.6999,0.9924,3.0697,600.0,31.3239,0.4851,0.6533,268,791,630,836,188.1106
12,42.8582,2,1112.9268,672.9786,15408.0,4614.0,225.2569,0.9475,2.7537,551.0,56.2846,0.1632,0.2805,791,1314,630,836,188.1106
12,42.8582,3,1458.5527,644.0226,15101.0,6858.0,218.0245,0.7288,2.6325,537.0,35.2135,0.4104,0.582,1314,1837,630,836,188.1106
12,43.2588,1,473.6388,671.2915,12648.0,2160.0,212.0536,0.7219,2.6286,589.0,40.5418,0.2417,0.3893,268,791,630,836,188.1106
12,43.2588,2,1100.2721,692.6736,15265.0,3354.0,236.9157,0.9429,2.9447,563.0,44.7547,0.2552,0.4067,791,1314,630,836,188.1106
12,43.2588,3,1421.1405,646.1286,12233.0,5172.0,211.9323,0.833,2.9982,537.0,43.4736,0.2563,0.4081,1314,1837,630,836,188.1106
12,43.6593,1,420.5638,667.1956,15712.0,3730.0,239.6966,0.7608,2.8285,563.0,54.5748,0.2135,0.3519,268,791,630,836,188.1106
12,43.6593,2,1123.6608,638.4011,13812.0,6325.0,258.725,0.6698,4.0205,539.0,39.7554,0.3822,0.553,791,1314,630,836,188.1106
12,43.6593,3,1404.6505,667.9611,13447.0,3933.0,232.3917,0.9045,3.1882,537.0,39.3311,0.3506,0.5192,1314,1837,630,836,188.1106
12,44.0599,1,388.0564,695.2539,17253.0,2765.0,258.5202,0.8172,3.344,592.0,58.0636,0.2003,0.3337,268,791,630,836,188.1106
12,44.0599,2,1178.5036,639.7469,13859.0,6202.0,243.2798,0.5034,3.6111,555.0,62.372,0.1601,0.276,791,1314,630,836,188.1106
12,44.0599,3,1389.6786,647.3839,9313.0,4183.0,175.7382,0.9295,2.998,537.0,31.3624,0.4949,0.6621,1314,1837,630,836,188.1106
12,44.4604,1,365.6703,702.0213,14929.0,1504.0,253.7109,0.7327,3.5878,595.0,44.6597,0.4392,0.6103,268,791,630,836,188.1106
12,44.4604,2,1215.3778,645.7663,11963.0,4650.0,198.5553,0.7148,2.7636,545.0,53.0224,0.3245,0.49,791,1314,630,836,188.1106
12,44.4604,3,1381.689,661.8774,10082.0,3497.0,228.1928,0.9258,4.459,544.0,34.1123,0.4223,0.5939,1314,1837,630,836,188.1106
12,44.861,1,337.3297,704.9589,14420.0,1918.0,251.8456,0.8566,3.419,581.0,52.372,0.3813,0.5521,268,791,630,836,188.1106
12,44.861,2,1217.8285,668.3822,12586.0,3172.0,222.6501,0.7899,3.1519,548.0,52.1574,0.4202,0.5917,791,1314,630,836,188.1106
12,44.861,3,1385.8522,662.0267,13772.0,4410.0,213.5557,0.9562,2.7042,539.0,35.886,0.5348,0.6969,1314,1837,630,836,188.1106
12,45.2615,1,347.2242,745.6571,14793.0,0.0,249.7271,0.8909,3.1899,632.0,44.674,0.4874,0.6554,268,791,630,836,188.1106
12,45.2615,2,1217.4483,696.5769,13887.0,2351.0,227.3833,0.8606,3.347,570.0,42.4183,0.4632,0.6331,791,1314,630,836,188.1106
12,45.2615,3,1396.2084,619.2629,10558.0,6460.0,139.5603,0.9789,1.633,537.0,51.5894,0.3305,0.4968,1314,1837,630,836,188.1106
12,45.6621,1,359.1693,705.0918,17585.0,3166.0,246.2592,0.9973,2.8047,582.0,43.1602,0.4277,0.5992,268,791,630,836,188.1106
12,45.6621,2,1223.9444,676.4797,14416.0,3948.0,230.0438,0.895,3.0818,573.0,30.0239,0.5934,0.7448,791,1314,630,836,188.1106
12,45.6621,3,1416.4966,618.5872,13121.0,7809.0,163.9094,0.9977,1.6381,537.0,44.1441,0.4651,0.6349,1314,1837,630,836,188.1106
12,46.0626,1,376.2647,714.123,14369.0,758.0,213.0285,0.8676,2.4537,619.0,44.7516,0.3957,0.567,268,791,630,836,188.1106
12,46.0626,2,1220.4905,662.0266,13169.0,4282.0,197.1606,0.7845,2.7608,577.0,37.4199,0.603,0.7524,791,1314,630,836,188.1106
12,46.0626,3,1431.8647,661.7689,16773.0,5947.0,203.0708,0.996,2.1385,550.0,41.6191,0.5036,0.6698,1314,1837,630,836,188.1106
12,46.4631,1,457.3349,690.3206,13299.0,984.0,214.9826,0.5842,2.6562,600.0,70.9754,0.0764,0.142,268,791,630,836,188.1106
12,46.4631,2,1225.6775,649.0159,11066.0,4690.0,152.8292,0.7463,1.9914,578.0,33.0361,0.5825,0.7362,791,1314,630,836,188.1106
12,46.4631,3,1442.5881,650.1885,16422.0,7054.0,216.065,0.8696,2.557,537.0,39.6684,0.4151,0.5867,1314,1837,630,836,188.1106
12,46.8637,1,518.0838,710.2869,14123.0,1093.0,176.5139,0.9228,2.0869,628.0,57.883,0.1433,0.2507,268,791,630,836,188.1106
12,46.8637,2,1241.3237,643.6352,12537.0,5097.0,146.9661,0.9068,1.5082,564.0,31.8556,0.6048,0.7537,791,1314,630,836,188.1106
12,46.8637,3,1490.1251,614.6144,14812.0,9684.0,221.6654,0.5765,2.8445,537.0,47.3141,0.31,0.4733,1314,1837,630,836,188.1106
12,47.2642,1,538.2667,731.941,14487.0,183.0,205.9908,0.9762,2.2996,628.0,38.5662,0.491,0.6587,268,791,630,836,188.1106
12,47.2642,2,1243.0981,674.0093,15802.0,4512.0,182.3355,0.9833,1.966,580.0,46.1541,0.4721,0.6414,791,1314,630,836,188.1106
12,47.2642,3,1524.4946,631.1483,17065.0,8753.0,288.2378,0.4934,3.742,537.0,55.6991,0.2009,0.3346,1314,1837,630,836,188.1106
12,47.6648,1,528.7089,703.1989,13117.0,1655.0,218.5046,0.9753,2.5541,580.0,35.4011,0.5655,0.7224,268,791,630,836,188.1106
12,47.6648,2,1239.3137,681.7342,15412.0,3343.0,206.1743,0.8932,2.3817,583.0,38.2225,0.5522,0.7115,791,1314,630,836,188.1106
12,47.6648,3,1549.7706,623.8065,14907.0,8103.0,235.6778,0.7365,2.7725,537.0,36.9326,0.5015,0.668,1314,1837,630,836,188.1106
12,48.0653,1,537.1428,708.987,12390.0,1310.0,186.5036,0.9471,2.4953,627.0,26.4101,0.6525,0.7897,268,791,630,836,188.1106
12,48.0653,2,1231.5997,676.6572,16477.0,4297.0,208.6093,0.9321,2.0828,573.0,37.0545,0.6253,0.7695,791,1314,630,836,188.1106
12,48.0653,3,1555.873,626.4127,17054.0,9003.0,189.6943,0.9062,1.6333,537.0,36.4289,0.5119,0.6772,1314,1837,630,836,188.1106
12,48.4659,1,521.8287,741.6082,12109.0,141.0,229.593,0.9177,3.3647,628.0,35.0561,0.5404,0.7017,268,791,630,836,188.1106
12,48.4659,2,1217.0769,673.1923,15814.0,4538.0,208.2673,0.7887,2.416,581.0,33.2988,0.5945,0.7457,791,1314,630,836,188.1106
12,48.4659,3,1537.168,636.5763,15820.0,8003.0,171.6829,0.9948,1.652,537.0,38.3429,0.4837,0.652,1314,1837,630,836,188.1106
12,48.8664,1,511.7305,684.9266,15004.0,3602.0,235.2807,0.9794,2.8706,563.0,47.7815,0.2869,0.4458,268,791,630,836,188.1106
12,48.8664,2,1220.6318,657.7038,14379.0,5378.0,198.4207,0.8781,2.0911,547.0,23.0868,0.7343,0.8468,791,1314,630,836,188.1106
12,48.8664,3,1510.3182,638.4022,18090.0,8940.0,209.219,0.8731,2.0788,537.0,41.6983,0.4249,0.5964,1314,1837,630,836,188.1106
12,49.267,1,538.4951,669.4745,7968.0,2354.0,213.4778,0.9859,3.9289,558.0,40.0474,0.265,0.419,268,791,630,836,188.1106
12,49.267,2,1223.4934,678.5035,16393.0,3942.0,224.326,0.8451,2.5468,563.0,34.4043,0.5793,0.7337,791,1314,630,836,188.1106
12,49.267,3,1516.3447,649.1384,19844.0,8671.0,255.8267,0.8129,2.5982,537.0,34.694,0.5125,0.6777,1314,1837,630,836,188.1106
12,49.6675,1,535.8356,726.7443,9956.0,457.0,211.7033,0.9977,3.2802,621.0,38.8928,0.3102,0.4736,268,791,630,836,188.1106
12,49.6675,2,1221.5827,681.5071,14840.0,3209.0,232.871,0.7967,3.1596,582.0,24.8083,0.7319,0.8452,791,1314,630,836,188.1106
12,49.6675,3,1527.657,616.4725,14672.0,8650.0,255.682,0.7193,3.2954,537.0,30.976,0.5979,0.7483,1314,1837,630,836,188.1106
12,50.068,1,504.9932,664.2584,12272.0,3602.0,205.681,0.9992,2.8267,563.0,44.2609,0.2227,0.3642,268,791,630,836,188.1106
12,50.068,2,1222.1133,667.6528,14062.0,3919.0,216.2634,0.7367,2.9687,581.0,28.5803,0.7031,0.8257,791,1314,630,836,188.1106
12,50.068,3,1533.1017,614.5614,13663.0,9198.0,190.0423,0.5852,2.294,537.0,28.8654,0.5692,0.7255,1314,1837,630,836,188.1106
12,50.4686,1,501.816,693.8483,14959.0,3180.0,250.4654,0.9715,3.3949,575.0,33.5134,0.5367,0.6985,268,791,630,836,188.1106
12,50.4686,2,1233.576,677.4793,17253.0,4797.0,201.6075,0.9447,2.0356,582.0,45.8552,0.4637,0.6336,791,1314,630,836,188.1106
12,50.4686,3,1552.3982,648.3471,14806.0,6296.0,209.2977,0.7939,2.5515,537.0,42.7167,0.2564,0.4082,1314,1837,630,836,188.1106
12,50.8691,1,497.8359,729.5697,14792.0,1510.0,236.5183,0.9882,3.0533,629.0,47.2852,0.3633,0.533,268,791,630,836,188.1106
12,50.8691,2,1221.4454,685.8669,17127.0,3392.0,199.9242,0.9225,2.0067,583.0,43.3891,0.4692,0.6387,791,1314,630,836,188.1106
12,50.8691,3,1572.0406,643.3816,14869.0,6600.0,205.0444,0.875,2.5101,537.0,28.7788,0.5627,0.7201,1314,1837,630,836,188.1106
12,51.2697,1,471.6949,682.8617,15599.0,3877.0,246.8033,0.9998,2.792,544.0,41.3048,0.3798,0.5505,268,791,630,836,188.1106
12,51.2697,2,1197.6666,675.5028,15512.0,3889.0,182.2227,0.919,1.859,572.0,50.686,0.3967,0.568,791,1314,630,836,188.1106
12,51.2697,3,1589.5904,632.8128,15744.0,7454.0,197.3739,0.9861,1.9405,537.0,34.4849,0.5886,0.7411,1314,1837,630,836,188.1106
12,51.6702,1,480.1533,700.046,14884.0,2492.0,222.7997,0.9714,2.754,587.0,34.1622,0.5174,0.682,268,791,630,836,188.1106
12,51.6702,2,1172.906,667.9345,14042.0,4178.0,171.0835,0.9462,1.8085,570.0,36.9463,0.5303,0.6931,791,1314,630,836,188.1106
12,51.6702,3,1577.4059,646.9318,16501.0,7145.0,212.8886,0.8916,2.4143,537.0,34.1206,0.5884,0.7409,1314,1837,630,836,188.1106
12,52.0708,1,467.9064,741.2985,13516.0,87.0,229.6766,0.9807,2.8239,631.0,44.5917,0.3723,0.5426,268,791,630,836,188.1106
12,52.0708,2,1160.9077,688.3158,15110.0,2707.0,188.3877,1.0,2.0074,586.0,40.2559,0.508,0.6737,791,1314,630,836,188.1106
12,52.0708,3,1565.9615,657.5608,17744.0,6607.0,225.9141,0.9204,2.403,537.0,31.661,0.6112,0.7587,1314,1837,630,836,188.1106
12,52.4713,1,450.9122,691.302,14369.0,2383.0,232.9976,0.8847,2.8371,596.0,35.1097,0.5326,0.695,268,791,630,836,188.1106
12,52.4713,2,1156.9242,687.6385,15548.0,2755.0,217.4528,0.8374,2.3478,591.0,39.4151,0.4796,0.6482,791,1314,630,836,188.1106
12,52.4713,3,1552.0332,622.9039,13241.0,7195.0,185.4473,0.834,2.1191,537.0,39.3439,0.4046,0.5761,1314,1837,630,836,188.1106
12,52.8718,1,432.0223,689.207,12380.0,1040.0,190.1966,0.7587,2.4472,615.0,41.4546,0.4553,0.6257,268,791,630,836,188.1106
12,52.8718,2,1146.4284,661.2243,15650.0,4922.0,249.5139,0.467,3.3637,588.0,42.8768,0.4295,0.6009,791,1314,630,836,188.1106
12,52.8718,3,1567.1615,643.4022,14054.0,6336.0,193.8031,0.8271,2.2962,537.0,39.1916,0.4002,0.5717,1314,1837,630,836,188.1106
12,53.2724,1,398.9611,700.0325,13127.0,277.0,173.3979,0.6801,2.0045,621.0,50.6163,0.3193,0.484,268,791,630,836,188.1106
12,53.2724,2,1102.3964,636.7966,13507.0,5627.0,222.5429,0.2614,3.0948,586.0,38.1906,0.481,0.6495,791,1314,630,836,188.1106
12,53.2724,3,1586.8682,672.5598,16552.0,4516.0,176.2105,0.9798,1.7085,560.0,36.0419,0.3758,0.5463,1314,1837,630,836,188.1106
12,53.6729,1,367.0147,700.196,14397.0,422.0,199.6458,0.6075,2.0763,614.0,48.5269,0.3971,0.5684,268,791,630,836,188.1106
12,53.6729,2,1069.1106,659.0624,13134.0,3262.0,174.9926,0.6089,2.2298,584.0,49.221,0.2654,0.4194,791,1314,630,836,188.1106
12,53.6729,3,1588.6434,640.9295,13372.0,6179.0,174.3804,0.9976,2.0499,537.0,30.3901,0.4667,0.6364,1314,1837,630,836,188.1106
12,54.0735,1,364.7613,716.9115,18284.0,0.0,209.0739,0.7609,1.8132,635.0,34.4898,0.5899,0.7421,268,791,630,836,188.1106
12,54.0735,2,1068.3939,684.1803,12131.0,1345.0,186.3898,0.6852,2.5271,596.0,35.3825,0.4319,0.6032,791,1314,630,836,188.1106
12,54.0735,3,1597.6383,625.9092,11761.0,5914.0,174.2422,0.9993,2.155,537.0,22.4852,0.6345,0.7763,1314,1837,630,836,188.1106
12,54.474,1,393.9173,728.6218,19455.0,9.0,220.7245,0.8009,2.0671,630.0,38.0154,0.5235,0.6872,268,791,630,836,188.1106
12,54.474,2,1057.6559,678.3647,11972.0,1936.0,185.294,0.7016,2.5295,591.0,23.8009,0.6274,0.771,791,1314,630,836,188.1106
12,54.474,3,1596.5366,660.6956,15189.0,5553.0,226.0877,0.9641,2.9448,537.0,32.2543,0.5243,0.6879,1314,1837,630,836,188.1106
12,54.8746,1,392.5697,711.3947,20995.0,1985.0,222.6,0.932,1.875,593.0,23.4159,0.6778,0.808,268,791,630,836,188.1106
12,54.8746,2,1057.7034,689.165,12515.0,2157.0,190.2102,0.8495,2.7101,588.0,31.5461,0.5345,0.6966,791,1314,630,836,188.1106
12,54.8746,3,1571.0337,632.6628,13669.0,6680.0,221.5911,0.8288,2.8635,537.0,34.8514,0.4248,0.5963,1314,1837,630,836,188.1106
12,55.2751,1,389.5325,737.8363,19510.0,0.0,229.4057,0.9061,2.0756,633.0,27.7609,0.6177,0.7637,268,791,630,836,188.1106
12,55.2751,2,1045.9698,687.8026,13766.0,2258.0,195.3312,0.8733,2.2349,585.0,25.1518,0.6279,0.7714,791,1314,630,836,188.1106
12,55.2751,3,1539.4636,587.985,8070.0,7378.0,142.7029,0.7292,2.0107,537.0,34.9173,0.4507,0.6214,1314,1837,630,836,188.1106
12,55.6757,1,407.5934,737.9353,17810.0,38.0,235.3759,0.9314,2.2908,633.0,37.8875,0.4592,0.6294,268,791,630,836,188.1106
12,55.6757,2,1031.3383,679.19,11645.0,1996.0,163.4448,0.9023,1.9523,594.0,33.5154,0.5357,0.6977,791,1314,630,836,188.1106
12,55.6757,3,1525.6159,630.9821,11790.0,5683.0,192.3645,0.901,2.4477,542.0,43.9571,0.2581,0.4103,1314,1837,630,836,188.1106
12,56.0762,1,457.0631,682.081,16809.0,3383.0,249.1492,0.7714,3.2097,573.0,48.9344,0.3091,0.4722,268,791,630,836,188.1106
12,56.0762,2,1042.2887,673.1694,12725.0,3041.0,157.7673,0.8344,1.8125,580.0,33.6673,0.525,0.6886,791,1314,630,836,188.1106
12,56.0762,3,1509.3846,634.4524,14932.0,7374.0,217.4248,0.8366,2.7425,537.0,28.5567,0.5358,0.6978,1314,1837,630,836,188.1106
12,56.4767,1,500.5528,700.2343,15819.0,2921.0,207.7702,0.7384,2.928,627.0,58.4232,0.1163,0.2083,268,791,630,836,188.1106
12,56.4767,2,1052.6844,677.6048,12131.0,2077.0,173.0719,0.7297,2.2054,592.0,27.0041,0.5809,0.7349,791,1314,630,836,188.1106
12,56.4767,3,1476.9601,604.1687,12341.0,9235.0,206.4019,0.4923,2.9568,537.0,37.6354,0.3674,0.5374,1314,1837,630,836,188.1106
12,56.8773,1,535.9763,745.9661,12725.0,83.0,209.8264,0.9339,2.6449,630.0,46.4918,0.2541,0.4053,268,791,630,836,188.1106
12,56.8773,2,1062.3706,673.7678,10730.0,2834.0,178.0028,0.7466,2.8987,585.0,30.0815,0.5269,0.6902,791,1314,630,836,188.1106
12,56.8773,3,1471.0308,628.5905,12436.0,6354.0,209.4366,0.7686,3.2965,537.0,38.745,0.369,0.5391,1314,1837,630,836,188.1106
12,57.2778,1,543.6978,742.0844,10842.0,0.0,215.9175,0.9682,3.3461,630.0,22.3891,0.7026,0.8253,268,791,630,836,188.1106
12,57.2778,2,1051.7835,658.8679,8782.0,2589.0,135.3703,0.7438,1.9289,583.0,24.4654,0.5586,0.7168,791,1314,630,836,188.1106
12,57.2778,3,1460.4658,644.1528,13944.0,5754.0,256.1335,0.6776,3.737,537.0,35.6975,0.3925,0.5637,1314,1837,630,836,188.1106
12,57.6784,1,534.2768,686.3385,12771.0,3063.0,212.695,0.9968,2.9149,573.0,35.2268,0.4264,0.5979,268,791,630,836,188.1106
12,57.6784,2,1045.3735,663.6524,10512.0,2963.0,169.2665,0.8909,2.4542,569.0,24.839,0.5271,0.6904,791,1314,630,836,188.1106
12,57.6784,3,1429.2546,632.9605,12089.0,6332.0,195.6522,0.6223,2.6312,537.0,37.8101,0.4021,0.5736,1314,1837,630,836,188.1106
12,58.0789,1,522.665,699.285,11742.0,1823.0,188.9575,0.9618,2.9102,624.0,25.2084,0.5663,0.7231,268,791,630,836,188.1106
12,58.0789,2,1064.8829,693.4834,12905.0,1845.0,208.4222,0.8616,2.9732,580.0,32.4873,0.5325,0.695,791,1314,630,836,188.1106
12,58.0789,3,1414.8069,667.2469,11220.0,2794.0,165.1487,0.6616,2.599,585.0,47.3169,0.2048,0.34,1314,1837,630,836,188.1106
12,58.4795,1,519.9945,704.0283,13010.0,1689.0,188.0136,0.9802,2.4085,626.0,31.2707,0.5095,0.6751,268,791,630,836,188.1106
12,58.4795,2,1068.492,702.172,14643.0,2603.0,224.5089,0.9592,3.1057,582.0,32.3377,0.5151,0.68,791,1314,630,836,188.1106
12,58.4795,3,1403.2388,687.351,11430.0,2183.0,205.1615,0.8366,3.2704,575.0,40.7112,0.35,0.5185,1314,1837,630,836,188.1106
12,58.88,1,508.6889,672.4155,12434.0,2598.0,166.1109,0.9199,1.8619,602.0,29.6842,0.5318,0.6943,268,791,630,836,188.1106
12,58.88,2,1068.7676,698.9052,13333.0,1810.0,179.5682,0.9838,2.0089,593.0,26.4963,0.6173,0.7634,791,1314,630,836,188.1106
12,58.88,3,1393.5168,664.6413,11345.0,3208.0,170.4674,0.8013,2.5439,579.0,37.3609,0.4754,0.6444,1314,1837,630,836,188.1106
12,59.2806,1,488.554,686.2908,14831.0,1756.0,178.7762,0.9066,1.6839,607.0,31.9368,0.4218,0.5933,268,791,630,836,188.1106
12,59.2806,2,1076.8733,641.1639,9836.0,3969.0,157.8554,0.8668,1.9652,567.0,37.7891,0.338,0.5052,791,1314,630,836,188.1106
12,59.2806,3,1381.0228,650.3141,10233.0,4020.0,146.3956,0.9207,2.1995,561.0,36.0224,0.4733,0.6425,1314,1837,630,836,188.1106
12,59.6811,1,461.5891,699.9295,13691.0,391.0,207.77,0.7235,2.5258,620.0,42.6201,0.3773,0.5479,268,791,630,836,188.1106
12,59.6811,2,1097.441,651.1492,11578.0,4049.0,161.0416,0.9836,1.8888,554.0,36.8411,0.4015,0.573,791,1314,630,836,188.1106
12,59.6811,3,1379.4423,664.6215,11251.0,2740.0,175.7993,0.907,2.2437,561.0,34.7266,0.5492,0.709,1314,1837,630,836,188.1106
12,60.0816,1,412.8881,684.3217,14450.0,331.0,232.8585,0.4806,2.9021,623.0,51.1927,0.3856,0.5566,268,791,630,836,188.1106
12,60.0816,2,1126.4648,673.7724,13239.0,3114.0,213.0829,0.9105,2.6853,564.0,37.1672,0.4011,0.5725,791,1314,630,836,188.1106
12,60.0816,3,1385.1553,661.9967,12558.0,4182.0,192.9362,0.9442,2.6685,556.0,32.9919,0.606,0.7547,1314,1837,630,836,188.1106
12,60.4822,1,365.4884,687.1075,13046.0,162.0,198.5791,0.4432,2.5585,624.0,58.9447,0.3385,0.5058,268,791,630,836,188.1106
12,60.4822,2,1127.621,679.9449,13247.0,2857.0,200.1315,0.9204,2.5977,566.0,20.9019,0.7257,0.841,791,1314,630,836,188.1106
12,60.4822,3,1385.3121,641.4368,11497.0,5259.0,172.4512,0.9353,2.1939,537.0,33.0781,0.5809,0.7349,1314,1837,630,836,188.1106
12,60.8827,1,340.0235,703.7784,11011.0,0.0,149.716,0.7183,1.863,630.0,50.3534,0.3487,0.5171,268,791,630,836,188.1106
12,60.8827,2,1129.9257,683.4388,14100.0,2257.0,213.8943,0.7632,2.7293,585.0,33.7904,0.5558,0.7144,791,1314,630,836,188.1106
12,60.8827,3,1370.5329,636.2427,9970.0,4422.0,175.4717,0.9876,2.6772,548.0,39.8249,0.4947,0.6619,1314,1837,630,836,188.1106
12,61.2833,1,336.8554,715.7916,11995.0,16.0,178.596,0.672,2.2471,629.0,32.7473,0.5782,0.7328,268,791,630,836,188.1106
12,61.2833,2,1121.9068,673.3831,14148.0,3401.0,209.5378,0.8608,2.6518,562.0,29.5371,0.6264,0.7703,791,1314,630,836,188.1106
12,61.2833,3,1386.7596,688.5239,12541.0,2201.0,205.513,0.9196,2.8193,583.0,42.044,0.4624,0.6324,1314,1837,630,836,188.1106
12,61.6838,1,354.6243,724.6825,14633.0,45.0,211.5688,0.56,2.6236,644.0,30.9522,0.6247,0.769,268,791,630,836,188.1106
12,61.6838,2,1113.4674,675.8367,12982.0,2988.0,190.6925,0.7974,2.3622,580.0,32.0577,0.5971,0.7477,791,1314,630,836,188.1106
12,61.6838,3,1388.9484,667.9719,10554.0,2636.0,158.5398,0.8082,2.4309,582.0,35.8653,0.5278,0.6909,1314,1837,630,836,188.1106
12,62.0844,1,353.3971,726.1467,16929.0,10.0,228.1345,0.7819,2.2808,629.0,31.4577,0.6346,0.7764,268,791,630,836,188.1106
12,62.0844,2,1095.8279,663.7788,12781.0,3402.0,167.6062,0.8714,1.8004,569.0,34.8156,0.5576,0.716,791,1314,630,836,188.1106
12,62.0844,3,1396.5821,677.9975,8316.0,1467.0,137.4263,0.7541,2.2927,594.0,23.6766,0.5733,0.7288,1314,1837,630,836,188.1106
12,62.4849,1,358.49,712.5213,15301.0,0.0,203.7864,0.5814,2.273,639.0,32.9719,0.6131,0.7602,268,791,630,836,188.1106
12,62.4849,2,1087.1815,676.5939,14587.0,3692.0,188.5587,0.928,2.1002,568.0,43.0652,0.379,0.5497,791,1314,630,836,188.1106
12,62.4849,3,1378.516,676.2093,9202.0,2259.0,164.6396,0.9379,2.9932,579.0,28.9858,0.3811,0.5519,1314,1837,630,836,188.1106
12,62.8855,1,367.3098,708.794,16841.0,298.0,215.7617,0.5858,2.2602,619.0,26.6568,0.6682,0.8011,268,791,630,836,188.1106
12,62.8855,2,1104.5472,664.7611,15425.0,4835.0,182.5032,0.9993,1.7658,557.0,44.0045,0.4415,0.6126,791,1314,630,836,188.1106
12,62.8855,3,1385.0639,630.9064,8588.0,4212.0,154.8018,0.9583,2.6791,565.0,27.8151,0.3686,0.5386,1314,1837,630,836,188.1106
12,63.286,1,368.589,719.2649,16308.0,30.0,214.7507,0.5901,2.1661,629.0,27.8287,0.6265,0.7704,268,791,630,836,188.1106
12,63.286,2,1123.2383,691.1927,18238.0,3386.0,213.1682,0.9925,2.0589,575.0,35.8338,0.569,0.7253,791,1314,630,836,188.1106
12,63.286,3,1394.0143,613.4984,9925.0,6049.0,176.9821,0.9168,2.3828,537.0,28.183,0.5197,0.684,1314,1837,630,836,188.1106
12,63.6865,1,377.582,730.2132,19436.0,41.0,245.4058,0.7417,2.2495,628.0,23.7619,0.6773,0.8076,268,791,630,836,188.1106
12,63.6865,2,1133.4237,697.8261,17099.0,2766.0,220.9258,0.9924,2.3062,585.0,25.8156,0.6675,0.8006,791,1314,630,836,188.1106
12,63.6865,3,1410.8179,627.6564,12525.0,6622.0,208.7935,0.7925,2.8273,537.0,29.4982,0.6053,0.7541,1314,1837,630,836,188.1106
12,64.0871,1,372.387,718.6711,17273.0,185.0,215.0668,0.8069,2.0508,620.0,28.2103,0.6406,0.781,268,791,630,836,188.1106
12,64.0871,2,1144.125,682.7742,16645.0,3536.0,190.2027,0.992,1.8276,570.0,33.5426,0.5986,0.7489,791,1314,630,836,188.1106
12,64.0871,3,1416.7329,643.1959,11852.0,5050.0,208.2241,0.681,2.9527,542.0,36.7408,0.544,0.7047,1314,1837,630,836,188.1106
12,64.4876,1,370.1434,704.4577,19012.0,1757.0,210.3254,0.7918,1.908,608.0,14.798,0.7956,0.8862,268,791,630,836,188.1106
12,64.4876,2,1140.696,690.8696,17059.0,3037.0,209.9919,0.9586,2.1071,581.0,27.5454,0.6468,0.7855,791,1314,630,836,188.1106
12,64.4876,3,1404.8646,657.8623,9363.0,2902.0,155.5853,0.6689,2.5,581.0,45.5311,0.377,0.5475,1314,1837,630,836,188.1106
12,64.8882,1,378.3303,727.4822,20115.0,1092.0,228.5185,0.8187,2.1498,635.0,27.7585,0.5795,0.7338,268,791,630,836,188.1106
12,64.8882,2,1146.9312,696.7695,17938.0,2585.0,246.4957,0.7704,2.8018,590.0,35.2512,0.5286,0.6916,791,1314,630,836,188.1106
12,64.8882,3,1395.4808,671.3972,9001.0,1980.0,145.9426,0.7606,2.3164,591.0,36.9926,0.4399,0.611,1314,1837,630,836,188.1106
12,65.2887,1,392.0759,715.6118,21196.0,2089.0,217.5469,1.0,1.9138,614.0,33.9769,0.5385,0.7,268,791,630,836,188.1106
12,65.2887,2,1145.1442,691.2547,13977.0,1637.0,186.9587,0.7393,2.1689,594.0,35.3485,0.5489,0.7088,791,1314,630,836,188.1106
12,65.2887,3,1385.7393,669.9838,9918.0,2315.0,144.3437,0.8656,1.964,587.0,23.7491,0.5949,0.746,1314,1837,630,836,188.1106
12,65.6893,1,388.0278,683.1691,20029.0,3802.0,230.5438,0.8589,1.9836,549.0,33.5036,0.5386,0.7001,268,791,630,836,188.1106
12,65.6893,2,1117.8061,669.0393,12942.0,3488.0,166.2297,0.7612,2.1083,576.0,30.7735,0.4186,0.5901,791,1314,630,836,188.1106
12,65.6893,3,1381.7136,659.758,10862.0,3664.0,156.3872,0.9389,2.2621,570.0,30.0603,0.59,0.7422,1314,1837,630,836,188.1106
12,66.0898,1,384.373,722.2154,23029.0,1568.0,275.385,0.6031,2.6959,637.0,39.3796,0.394,0.5653,268,791,630,836,188.1106
12,66.0898,2,1108.2533,679.4869,11798.0,2968.0,183.9686,0.8389,2.8133,579.0,27.6064,0.4811,0.6496,791,1314,630,836,188.1106
12,66.0898,3,1382.847,666.3292,10068.0,2934.0,162.8369,0.9211,2.5439,572.0,24.0108,0.6626,0.797,1314,1837,630,836,188.1106
12,66.4904,1,396.0504,751.1774,19775.0,0.0,238.2036,0.9358,2.1541,637.0,39.8611,0.4348,0.6061,268,791,630,836,188.1106
12,66.4904,2,1065.1919,646.0884,11092.0,4546.0,169.5435,0.9394,2.2872,544.0,30.4135,0.3515,0.5201,791,1314,630,836,188.1106
12,66.4904,3,1393.489,665.475,10884.0,3391.0,197.0921,0.8958,3.2226,551.0,29.5658,0.5366,0.6985,1314,1837,630,836,188.1106
12,66.8909,1,410.9016,706.5131,18837.0,2004.0,209.554,0.9912,1.7989,575.0,44.3742,0.412,0.5835,268,791,630,836,188.1106
12,66.8909,2,1073.5215,690.8317,13722.0,2491.0,215.7732,0.9845,2.7819,570.0,32.547,0.4754,0.6444,791,1314,630,836,188.1106
12,66.8909,3,1393.4416,656.6226,11396.0,4178.0,193.331,0.8778,3.2375,537.0,26.7166,0.5456,0.706,1314,1837,630,836,188.1106
12,67.2914,1,439.9214,706.0047,20120.0,1758.0,203.6987,0.9704,1.7274,605.0,36.7732,0.4575,0.6278,268,791,630,836,188.1106
12,67.2914,2,1081.7247,722.2282,14733.0,1112.0,214.7649,0.9949,2.667,591.0,37.2903,0.4912,0.6588,791,1314,630,836,188.1106
12,67.2914,3,1397.2335,650.7371,10428.0,4160.0,177.5801,0.8377,2.7924,537.0,17.9641,0.6075,0.7559,1314,1837,630,836,188.1106
12,67.692,1,452.9395,733.3836,18819.0,0.0,228.6366,0.8264,2.1827,632.0,39.8874,0.4308,0.6022,268,791,630,836,188.1106
12,67.692,2,1066.382,682.7063,13250.0,3206.0,216.9085,0.9993,2.6867,570.0,36.8798,0.4773,0.6462,791,1314,630,836,188.1106
12,67.692,3,1404.2799,662.312,10894.0,3677.0,178.2016,0.8702,2.9155,564.0,23.9922,0.5286,0.6916,1314,1837,630,836,188.1106
12,68.0925,1,455.9917,713.6869,21496.0,1633.0,206.9921,0.9106,1.6597,617.0,23.9553,0.6558,0.7921,268,791,630,836,188.1106
12,68.0925,2,1067.2712,647.2884,11211.0,4592.0,206.1048,0.7634,2.7945,567.0,42.8506,0.4189,0.5905,791,1314,630,836,188.1106
12,68.0925,3,1400.8294,659.4287,12687.0,4396.0,198.4586,0.9581,2.4135,542.0,22.2784,0.5156,0.6804,1314,1837,630,836,188.1106
12,68.4931,1,442.869,722.3737,18851.0,80.0,221.7773,0.748,2.1365,631.0,29.164,0.5803,0.7344,268,791,630,836,188.1106
12,68.4931,2,1111.4034,629.8835,11620.0,6388.0,223.6411,0.3353,3.5495,575.0,50.1084,0.328,0.494,791,1314,630,836,188.1106
12,68.4931,3,1398.2662,619.0591,9974.0,5826.0,160.0156,0.9158,2.3241,537.0,27.9576,0.4902,0.6579,1314,1837,630,836,188.1106
12,68.8936,1,438.6094,718.7849,18961.0,919.0,207.5159,0.986,1.8058,599.0,30.2786,0.576,0.7309,268,791,630,836,188.1106
12,68.8936,2,1192.5325,635.9917,15519.0,7230.0,219.6907,0.4626,2.4229,557.0,61.3704,0.1357,0.239,791,1314,630,836,188.1106
12,68.8936,3,1407.916,652.9498,12440.0,5111.0,181.4252,0.9143,2.3422,543.0,24.4926,0.5497,0.7095,1314,1837,630,836,188.1106
12,69.2942,1,426.4619,727.6054,19794.0,209.0,211.6064,0.9705,1.7695,626.0,27.9249,0.6332,0.7754,268,791,630,836,188.1106
12,69.2942,2,1197.8975,668.0483,18161.0,4730.0,242.1164,0.6438,2.7246,582.0,47.4668,0.3835,0.5544,791,1314,630,836,188.1106
12,69.2942,3,1412.5291,659.8007,13407.0,4933.0,226.3574,0.8512,3.1047,548.0,26.9454,0.5696,0.7258,1314,1837,630,836,188.1106
12,69.6947,1,429.4193,725.0964,18473.0,1434.0,244.0713,0.8723,2.7566,627.0,39.4433,0.4002,0.5716,268,791,630,836,188.1106
12,69.6947,2,1202.5411,687.4027,18833.0,4338.0,226.1845,0.9395,2.2742,576.0,36.7587,0.4843,0.6526,791,1314,630,836,188.1106
12,69.6947,3,1410.7264,639.869,12235.0,5700.0,200.1635,0.7444,2.8926,544.0,29.0978,0.6072,0.7556,1314,1837,630,836,188.1106
12,70.0953,1,452.3596,705.7169,17019.0,2054.0,179.6985,0.9847,1.6653,612.0,35.7118,0.4689,0.6385,268,791,630,836,188.1106
12,70.0953,2,1211.8143,688.0749,19872.0,3978.0,211.2139,0.9178,1.829,582.0,29.5276,0.6565,0.7927,791,1314,630,836,188.1106
12,70.0953,3,1405.1212,633.2076,9650.0,5414.0,151.2026,0.6141,2.3365,555.0,31.0025,0.5285,0.6915,1314,1837,630,836,188.1106
12,70.4958,1,475.7255,700.294,16608.0,2590.0,241.3456,0.7232,3.1803,594.0,37.9388,0.2867,0.4456,268,791,630,836,188.1106
12,70.4958,2,1209.2652,670.2502,17463.0,5084.0,180.1679,0.9909,1.5968,564.0,34.4368,0.527,0.6902,791,1314,630,836,188.1106
12,70.4958,3,1394.371,636.812,9926.0,4621.0,161.8541,0.8162,2.3117,546.0,35.8532,0.4516,0.6222,1314,1837,630,836,188.1106
12,70.8963,1,517.6254,692.0727,12902.0,2547.0,220.7361,0.8507,3.347,595.0,42.7293,0.3372,0.5044,268,791,630,836,188.1106
12,70.8963,2,1212.6252,688.0946,19779.0,3986.0,202.5265,0.9989,1.7562,584.0,27.8676,0.6661,0.7996,791,1314,630,836,188.1106
12,70.8963,3,1394.7218,643.5292,14933.0,6992.0,199.0077,0.9439,2.2847,537.0,33.0198,0.5007,0.6673,1314,1837,630,836,188.1106
12,71.2969,1,526.3337,733.2599,10142.0,227.0,193.6383,0.8931,3.007,637.0,29.3491,0.3875,0.5586,268,791,630,836,188.1106
12,71.2969,2,1213.0454,707.0438,18341.0,1703.0,211.845,0.959,1.9925,584.0,33.5123,0.5883,0.7408,791,1314,630,836,188.1106
12,71.2969,3,1387.0971,646.186,11848.0,5249.0,163.8282,0.9171,2.1276,551.0,31.3119,0.5382,0.6997,1314,1837,630,836,188.1106
12,71.6974,1,531.746,713.9347,11834.0,1063.0,179.9635,0.9998,2.0808,605.0,33.4336,0.44,0.6111,268,791,630,836,188.1106
12,71.6974,2,1212.293,689.4156,16945.0,2964.0,216.7,0.9024,2.342,585.0,27.7643,0.6734,0.8048,791,1314,630,836,188.1106
12,71.6974,3,1374.0413,637.813,9023.0,4364.0,142.2474,0.966,2.1281,552.0,29.6718,0.5227,0.6865,1314,1837,630,836,188.1106
12,72.098,1,526.1135,698.8681,9482.0,682.0,144.8656,0.978,2.1204,606.0,27.0654,0.5127,0.6779,268,791,630,836,188.1106
12,72.098,2,1198.0892,655.6414,15888.0,5051.0,217.4366,0.6686,2.4051,569.0,35.6763,0.5851,0.7383,791,1314,630,836,188.1106
12,72.098,3,1366.9685,618.7797,6728.0,4000.0,130.6874,0.998,2.0804,557.0,24.6406,0.6329,0.7752,1314,1837,630,836,188.1106
12,72.4985,1,511.0442,676.8915,10681.0,2138.0,148.1058,0.9926,1.9032,622.0,25.3025,0.4393,0.6104,268,791,630,836,188.1106
12,72.4985,2,1183.4756,651.6271,14761.0,5392.0,157.494,0.9117,1.4465,566.0,47.0348,0.4104,0.5819,791,1314,630,836,188.1106
12,72.4985,3,1366.8183,632.6196,7297.0,4198.0,128.0925,0.9926,2.0619,556.0,22.9294,0.6549,0.7914,1314,1837,630,836,188.1106
12,72.8991,1,485.6559,694.7636,11400.0,785.0,153.3159,0.9274,1.6918,614.0,34.3422,0.3423,0.51,268,791,630,836,188.1106
12,72.8991,2,1163.4369,673.5473,18449.0,5572.0,208.3112,0.88,2.0624,564.0,32.5169,0.5615,0.7192,791,1314,630,836,188.1106
12,72.8991,3,1380.0031,604.9725,8484.0,6178.0,122.7853,0.9414,1.3939,556.0,23.7964,0.5674,0.724,1314,1837,630,836,188.1106
12,73.2996,1,459.2875,694.5167,13436.0,1901.0,183.7382,0.9855,2.0855,599.0,34.0675,0.4129,0.5845,268,791,630,836,188.1106
12,73.2996,2,1158.57,692.5858,16290.0,1940.0,200.9361,0.8616,2.2369,585.0,32.7252,0.5068,0.6727,791,1314,630,836,188.1106
12,73.2996,3,1385.7749,625.8744,11397.0,6091.0,141.0032,0.9933,1.4749,552.0,33.0737,0.5957,0.7466,1314,1837,630,836,188.1106
12,73.7002,1,448.4822,729.6919,13926.0,128.0,204.6373,0.9505,2.4441,625.0,38.4912,0.3497,0.5182,268,791,630,836,188.1106
12,73.7002,2,1163.5381,657.6416,10501.0,2959.0,152.2331,0.9702,1.739,586.0,40.271,0.3455,0.5135,791,1314,630,836,188.1106
12,73.7002,3,1393.959,640.3441,12745.0,6015.0,162.8039,0.9633,1.8061,544.0,32.5576,0.6076,0.7559,1314,1837,630,836,188.1106
12,74.1007,1,418.3105,699.359,16206.0,2263.0,241.2737,0.8139,3.1316,608.0,33.3126,0.4748,0.6439,268,791,630,836,188.1106
12,74.1007,2,1117.8778,627.3066,12353.0,6494.0,182.2994,0.4746,2.3536,555.0,43.4926,0.267,0.4215,791,1314,630,836,188.1106
12,74.1007,3,1396.3433,641.6873,14088.0,6259.0,183.8073,0.9237,1.9515,537.0,29.7514,0.6424,0.7822,1314,1837,630,836,188.1106
12,74.5012,1,392.1358,690.8019,15006.0,2550.0,185.7117,0.9345,2.1219,592.0,39.092,0.4268,0.5983,268,791,630,836,188.1106
12,74.5012,2,1096.7641,671.8369,14096.0,3164.0,180.1022,0.8417,2.0998,573.0,46.0379,0.191,0.3207,791,1314,630,836,188.1106
12,74.5012,3,1387.3756,642.3555,12582.0,5766.0,174.8529,0.9314,2.1346,537.0,29.5392,0.5906,0.7426,1314,1837,630,836,188.1106
12,74.9018,1,388.5623,697.4791,14152.0,1394.0,220.0375,0.8439,2.6657,595.0,41.2002,0.2899,0.4496,268,791,630,836,188.1106
12,74.9018,2,1091.2383,703.1951,13798.0,1378.0,180.6359,0.943,2.1166,595.0,37.5266,0.4062,0.5778,791,1314,630,836,188.1106
12,74.9018,3,1395.6765,679.2644,12520.0,2404.0,173.3449,0.828,2.1828,589.0,40.2971,0.4258,0.5972,1314,1837,630,836,188.1106
12,75.3023,1,410.6368,713.8097,13549.0,448.0,205.1542,0.8293,2.646,616.0,43.844,0.384,0.5549,268,791,630,836,188.1106
12,75.3023,2,1070.5061,698.1131,13401.0,1781.0,201.523,0.9584,2.5791,584.0,23.8829,0.6544,0.7911,791,1314,630,836,188.1106
12,75.3023,3,1394.0434,668.3943,12350.0,3986.0,233.6527,0.9154,3.7508,543.0,32.1075,0.5204,0.6845,1314,1837,630,836,188.1106
12,75.7029,1,435.0922,707.0002,14307.0,539.0,217.6297,0.7003,2.672,614.0,38.7531,0.4706,0.64,268,791,630,836,188.1106
12,75.7029,2,1061.8789,685.9917,12391.0,1755.0,190.8076,0.7798,2.5153,595.0,33.6993,0.5438,0.7045,791,1314,630,836,188.1106
12,75.7029,3,1399.4678,662.8866,12130.0,3930.0,186.8313,0.9407,2.6463,537.0,26.7039,0.4676,0.6373,1314,1837,630,836,188.1106
12,76.1034,1,454.7001,701.6018,12879.0,652.0,203.4069,0.6734,2.8808,614.0,35.6151,0.5555,0.7143,268,791,630,836,188.1106
12,76.1034,2,1048.1555,665.9791,13031.0,3933.0,183.029,0.8766,2.1251,573.0,34.5595,0.4964,0.6634,791,1314,630,836,188.1106
12,76.1034,3,1403.3261,658.4063,10885.0,4255.0,149.6358,0.9999,2.1281,555.0,27.8109,0.3493,0.5177,1314,1837,630,836,188.1106
12,76.504,1,463.7654,709.6038,12478.0,376.0,207.0724,0.7082,3.0628,617.0,31.0825,0.5916,0.7434,268,791,630,836,188.1106
12,76.504,2,1046.4199,685.9105,14774.0,2716.0,194.1025,0.8802,2.2105,584.0,31.2774,0.5953,0.7463,791,1314,630,836,188.1106
12,76.504,3,1391.9157,607.8245,9400.0,6500.0,146.6326,0.8743,1.9714,551.0,26.1555,0.4218,0.5933,1314,1837,630,836,188.1106
12,76.9045,1,478.2976,716.6842,13050.0,436.0,220.8046,0.8137,2.9888,615.0,28.7479,0.5169,0.6815,268,791,630,836,188.1106
12,76.9045,2,1040.9908,674.925,12105.0,2394.0,163.3165,0.8597,1.8583,586.0,25.6034,0.6412,0.7814,791,1314,630,836,188.1106
12,76.9045,3,1407.8386,605.8211,11493.0,8163.0,188.0094,0.7043,2.4212,537.0,29.5986,0.64,0.7805,1314,1837,630,836,188.1106
12,77.3051,1,487.7483,717.8681,13228.0,444.0,204.9155,0.8471,2.5868,615.0,22.3988,0.6794,0.8091,268,791,630,836,188.1106
12,77.3051,2,1032.8835,669.9174,10532.0,2597.0,128.9693,0.9425,1.4633,598.0,31.7814,0.5794,0.7337,791,1314,630,836,188.1106
12,77.3051,3,1426.4554,605.3581,15225.0,10064.0,184.1487,0.9243,1.6558,537.0,38.12,0.4769,0.6459,1314,1837,630,836,188.1106
12,77.7056,1,496.9211,708.1925,11900.0,452.0,187.7604,0.8463,2.5253,614.0,22.1187,0.6834,0.8119,268,791,630,836,188.1106
12,77.7056,2,1044.3794,653.0308,12205.0,4485.0,160.5088,0.6027,1.7877,588.0,31.2295,0.5011,0.6676,791,1314,630,836,188.1106
12,77.7056,3,1453.2235,621.711,14863.0,9102.0,234.2793,0.6225,3.1826,539.0,34.2297,0.4279,0.5994,1314,1837,630,836,188.1106
12,78.1061,1,503.2638,699.5309,9316.0,911.0,183.4175,0.9158,2.9934,601.0,23.9884,0.5643,0.7214,268,791,630,836,188.1106
12,78.1061,2,1117.2577,637.8823,16706.0,7740.0,244.0477,0.4801,2.7755,559.0,53.023,0.2423,0.3901,791,1314,630,836,188.1106
12,78.1061,3,1523.6462,585.6521,13021.0,11972.0,181.286,0.4477,2.0457,537.0,45.4043,0.2929,0.4531,1314,1837,630,836,188.1106
12,78.5067,1,513.0007,700.3086,8007.0,221.0,163.6468,0.9927,2.7684,620.0,28.1803,0.4747,0.6438,268,791,630,836,188.1106
12,78.5067,2,1161.7052,668.8954,16150.0,4720.0,178.1478,0.9298,1.7271,573.0,57.44,0.1875,0.3158,791,1314,630,836,188.1106
12,78.5067,3,1550.948,593.7174,11403.0,9519.0,164.3629,0.5701,2.01,537.0,45.1569,0.4577,0.628,1314,1837,630,836,188.1106
12,78.9072,1,507.1619,712.6008,10579.0,324.0,166.527,0.9551,2.2719,618.0,28.2311,0.5452,0.7057,268,791,630,836,188.1106
12,78.9072,2,1184.0153,693.6303,16320.0,2528.0,196.7325,0.981,2.026,585.0,44.0245,0.4345,0.6058,791,1314,630,836,188.1106
12,78.9072,3,1569.228,603.6792,12360.0,9366.0,132.0595,0.7557,1.2287,537.0,37.5005,0.5078,0.6736,1314,1837,630,836,188.1106
12,79.3078,1,499.4533,702.5273,14603.0,1377.0,181.062,0.9859,1.8541,597.0,30.9731,0.515,0.6799,268,791,630,836,188.1106
12,79.3078,2,1195.3235,705.3392,17410.0,2022.0,228.7752,0.9156,2.4859,583.0,33.0577,0.5413,0.7024,791,1314,630,836,188.1106
12,79.3078,3,1565.0286,616.8217,15429.0,9386.0,173.9364,0.8786,1.6335,537.0,28.9979,0.6403,0.7807,1314,1837,630,836,188.1106
12,79.7083,1,495.2451,711.8925,13485.0,878.0,179.378,0.957,2.0176,620.0,27.5367,0.5622,0.7197,268,791,630,836,188.1106
12,79.7083,2,1195.7477,685.6285,15492.0,3415.0,230.5798,0.8008,3.1298,580.0,33.7097,0.5564,0.715,791,1314,630,836,188.1106
12,79.7083,3,1543.6315,630.1869,18708.0,10259.0,231.8292,0.708,2.3753,537.0,40.5521,0.5149,0.6798,1314,1837,630,836,188.1106
12,80.1089,1,493.0371,709.9608,16453.0,1629.0,230.5861,0.9866,2.384,615.0,24.9823,0.5925,0.7441,268,791,630,836,188.1106
12,80.1089,2,1233.2477,645.5328,12518.0,4896.0,205.5916,0.9384,2.6644,537.0,33.2297,0.5092,0.6748,791,1314,630,836,188.1106
12,80.1089,3,1508.4125,639.8706,17305.0,8587.0,206.3565,0.8298,2.1255,540.0,37.6135,0.4355,0.6067,1314,1837,630,836,188.1106
12,80.5094,1,500.9945,689.8608,13669.0,2421.0,212.236,0.9937,2.6552,578.0,31.4846,0.517,0.6816,268,791,630,836,188.1106
12,80.5094,2,1223.9615,684.2933,14796.0,3577.0,201.4381,0.9759,2.4967,554.0,32.1878,0.5269,0.6901,791,1314,630,836,188.1106
12,80.5094,3,1484.1277,648.8743,16670.0,7932.0,197.5845,0.8577,2.1327,542.0,38.6148,0.3925,0.5638,1314,1837,630,836,188.1106
12,80.91,1,501.8906,722.5234,14440.0,1392.0,236.1905,0.9916,3.0456,607.0,31.842,0.5271,0.6903,268,791,630,836,188.1106
12,80.91,2,1229.1716,693.7798,14396.0,2321.0,207.6509,0.9804,2.4388,580.0,31.8881,0.5357,0.6977,791,1314,630,836,188.1106
12,80.91,3,1457.5459,624.3428,14082.0,8353.0,154.6507,0.9085,1.4712,537.0,37.8099,0.4108,0.5824,1314,1837,630,836,188.1106
12,81.3105,1,490.2935,713.5605,15852.0,1331.0,226.3625,0.8861,2.7584,617.0,37.9811,0.4377,0.6089,268,791,630,836,188.1106
12,81.3105,2,1220.7564,702.0334,14767.0,1859.0,222.0157,0.9605,2.7915,583.0,28.652,0.6826,0.8114,791,1314,630,836,188.1106
12,81.3105,3,1443.248,638.5347,14313.0,7336.0,148.9796,0.9997,1.4225,548.0,23.8707,0.6068,0.7553,1314,1837,630,836,188.1106
12,81.711,1,426.4289,662.0732,16834.0,3623.0,263.6682,0.5137,3.2122,610.0,39.3817,0.3475,0.5158,268,791,630,836,188.1106
12,81.711,2,1213.8107,692.1565,15287.0,2876.0,219.8691,0.9713,2.6901,582.0,30.6832,0.6719,0.8038,791,1314,630,836,188.1106
12,81.711,3,1438.7895,645.699,16572.0,7645.0,175.1367,0.9204,1.619,551.0,26.1079,0.5666,0.7233,1314,1837,630,836,188.1106
12,82.1116,1,381.1806,691.1634,15973.0,1687.0,222.0615,0.6884,2.6349,602.0,51.459,0.1874,0.3157,268,791,630,836,188.1106
12,82.1116,2,1206.4728,676.8504,14935.0,3823.0,194.7354,0.9771,2.1288,564.0,33.4476,0.6166,0.7628,791,1314,630,836,188.1106
12,82.1116,3,1436.578,646.5785,16570.0,7648.0,188.7069,0.8182,1.7928,553.0,19.719,0.7015,0.8246,1314,1837,630,836,188.1106
12,82.5121,1,360.8071,724.0527,14720.0,5.0,203.1502,0.7678,2.3089,630.0,56.2833,0.2986,0.4598,268,791,630,836,188.1106
12,82.5121,2,1207.9405,671.6505,14075.0,3775.0,185.7006,0.9805,2.085,570.0,37.4906,0.5414,0.7024,791,1314,630,836,188.1106
12,82.5121,3,1430.8544,633.4201,16580.0,8029.0,173.9514,0.9671,1.4702,537.0,26.1352,0.6138,0.7607,1314,1837,630,836,188.1106
12,82.9127,1,350.8271,722.0582,14441.0,386.0,230.3075,0.7901,2.9157,617.0,28.5768,0.6917,0.8177,268,791,630,836,188.1106
12,82.9127,2,1195.0151,662.9376,14526.0,4537.0,195.5558,0.852,2.2113,559.0,34.8058,0.5708,0.7268,791,1314,630,836,188.1106
12,82.9127,3,1427.9289,623.615,14028.0,8131.0,184.217,0.7722,2.0687,537.0,34.1758,0.4677,0.6373,1314,1837,630,836,188.1106
12,83.3132,1,346.432,714.1653,14207.0,188.0,211.9671,0.7467,2.532,622.0,25.3143,0.7255,0.8409,268,791,630,836,188.1106
12,83.3132,2,1171.2936,684.2831,17046.0,3839.0,201.2066,0.9924,2.0067,564.0,51.6372,0.3946,0.5659,791,1314,630,836,188.1106
12,83.3132,3,1427.0279,636.1649,15110.0,7676.0,194.3572,0.772,2.1114,549.0,17.1723,0.7594,0.8633,1314,1837,630,836,188.1106
12,83.7138,1,334.5492,719.187,14637.0,0.0,188.0013,0.8701,1.9453,632.0,37.7265,0.5559,0.7145,268,791,630,836,188.1106
12,83.7138,2,1157.2262,698.7997,16483.0,1806.0,217.7109,0.8034,2.3378,591.0,42.7818,0.4137,0.5853,791,1314,630,836,188.1106
12,83.7138,3,1432.7645,642.647,17266.0,8080.0,216.6909,0.7926,2.2899,545.0,18.1667,0.7095,0.8301,1314,1837,630,836,188.1106
12,84.1143,1,318.0033,709.059,11995.0,452.0,173.2017,0.9229,2.1253,613.0,35.486,0.5435,0.7043,268,791,630,836,188.1106
12,84.1143,2,1143.3686,685.1941,15037.0,2706.0,214.0966,0.8461,2.5917,574.0,32.5792,0.6366,0.7779,791,1314,630,836,188.1106
12,84.1143,3,1452.5284,618.3676,16570.0,9992.0,231.1939,0.6619,2.5375,537.0,26.8701,0.5848,0.738,1314,1837,630,836,188.1106
12,84.5149,1,316.5233,731.962,12250.0,0.0,161.8543,0.8656,1.7121,647.0,31.0285,0.6058,0.7545,268,791,630,836,188.1106
12,84.5149,2,1129.5283,688.2792,15272.0,2888.0,192.2356,0.9753,2.1472,569.0,31.9501,0.5176,0.6821,791,1314,630,836,188.1106
12,84.5149,3,1482.1204,612.1321,15864.0,10373.0,186.7641,0.6595,1.8278,537.0,37.0637,0.4465,0.6174,1314,1837,630,836,188.1106
12,84.9154,1,317.4028,743.2371,15299.0,39.0,188.0317,0.9245,1.8632,645.0,28.3965,0.6847,0.8129,268,791,630,836,188.1106
12,84.9154,2,1118.0466,682.1011,13618.0,2507.0,194.0957,0.9512,2.0988,575.0,27.3827,0.4781,0.6469,791,1314,630,836,188.1106
12,84.9154,3,1524.1049,636.1459,20355.0,10500.0,267.1299,0.6342,2.9555,537.0,50.6783,0.1954,0.327,1314,1837,630,836,188.1106
12,85.3159,1,318.0672,725.0062,15259.0,0.0,179.9096,0.9839,1.7493,637.0,28.8073,0.6608,0.7957,268,791,630,836,188.1106
12,85.3159,2,1141.541,658.1167,15814.0,5014.0,231.837,0.7101,2.8908,556.0,37.4745,0.4066,0.5781,791,1314,630,836,188.1106
12,85.3159,3,1537.7758,629.2819,17162.0,9651.0,211.3961,0.7707,2.2212,537.0,29.9721,0.5537,0.7127,1314,1837,630,836,188.1106
12,85.7165,1,325.5291,721.2817,15756.0,0.0,166.3572,0.9683,1.4612,642.0,23.1875,0.7421,0.852,268,791,630,836,188.1106
12,85.7165,2,1170.5445,675.7403,15290.0,3742.0,216.4344,0.8701,2.5549,575.0,43.3882,0.3393,0.5067,791,1314,630,836,188.1106
12,85.7165,3,1546.7502,637.0079,19024.0,9716.0,215.1474,0.7706,2.2102,537.0,23.4353,0.6335,0.7757,1314,1837,630,836,188.1106
12,86.117,1,336.3752,715.8669,17377.0,220.0,170.6706,0.9611,1.4218,633.0,25.7039,0.6806,0.8099,268,791,630,836,188.1106
12,86.117,2,1198.3158,689.8292,16066.0,3115.0,172.9709,0.9756,1.8071,585.0,38.8347,0.3345,0.5013,791,1314,630,836,188.1106
12,86.117,3,1556.3834,642.6214,20345.0,9296.0,228.3838,0.9076,2.0606,537.0,25.7902,0.6403,0.7807,1314,1837,630,836,188.1106
12,86.5176,1,360.0482,726.6407,17724.0,48.0,183.0786,0.9984,1.5412,628.0,40.4928,0.5391,0.7005,268,791,630,836,188.1106
12,86.5176,2,1191.1775,641.7145,12870.0,5299.0,234.573,0.5695,3.2823,567.0,37.973,0.3515,0.5201,791,1314,630,836,188.1106
12,86.5176,3,1555.3249,646.4944,19742.0,8843.0,235.7966,0.8541,2.2346,537.0,21.2965,0.7032,0.8258,1314,1837,630,836,188.1106
12,86.9181,1,384.199,742.947,18210.0,0.0,207.5781,0.9961,1.8621,636.0,37.2888,0.525,0.6885,268,791,630,836,188.1106
12,86.9181,2,1121.5655,645.6306,13893.0,6235.0,190.799,0.6516,2.4158,565.0,52.6346,0.1051,0.1902,791,1314,630,836,188.1106
12,86.9181,3,1551.1451,641.6571,16665.0,7923.0,223.4033,0.735,2.622,537.0,20.4917,0.695,0.8201,1314,1837,630,836,188.1106
12,87.3187,1,408.2609,723.8557,18138.0,457.0,216.7485,0.9666,2.0055,614.0,37.1139,0.5484,0.7083,268,791,630,836,188.1106
12,87.3187,2,1070.1599,663.4942,12706.0,2983.0,206.7438,0.6314,2.93,579.0,54.7657,0.1306,0.231,791,1314,630,836,188.1106
12,87.3187,3,1559.8132,632.3052,13649.0,7902.0,175.8532,0.785,2.1273,537.0,29.5773,0.5183,0.6827,1314,1837,630,836,188.1106
12,87.7192,1,434.9497,698.6524,18891.0,1074.0,238.0731,0.6013,2.5431,617.0,36.8301,0.4642,0.634,268,791,630,836,188.1106
12,87.7192,2,1049.4348,669.0365,11298.0,2308.0,181.9702,0.7761,2.4602,586.0,39.9484,0.4935,0.6609,791,1314,630,836,188.1106
12,87.7192,3,1577.4196,638.7088,15376.0,7200.0,168.9048,0.9529,1.5132,537.0,30.8796,0.4306,0.602,1314,1837,630,836,188.1106
12,88.1197,1,466.4285,696.5795,17021.0,830.0,217.4677,0.5737,2.3126,619.0,36.8576,0.4808,0.6494,268,791,630,836,188.1106
12,88.1197,2,1044.6647,671.0443,11242.0,2705.0,165.0283,0.8105,2.1713,578.0,24.9266,0.6336,0.7757,791,1314,630,836,188.1106
12,88.1197,3,1591.0338,653.2244,14861.0,5611.0,176.1428,0.9979,1.8078,537.0,31.109,0.4999,0.6665,1314,1837,630,836,188.1106
12,88.5203,1,478.6045,709.7557,18017.0,1024.0,206.9038,0.7914,2.0678,627.0,36.7723,0.5184,0.6829,268,791,630,836,188.1106
12,88.5203,2,1036.8193,670.9765,11769.0,2563.0,150.5465,0.7991,1.8703,600.0,28.1166,0.6086,0.7567,791,1314,630,836,188.1106
12,88.5203,3,1582.934,621.906,13010.0,7303.0,193.3943,0.8676,2.2793,537.0,33.0698,0.431,0.6024,1314,1837,630,836,188.1106
12,88.9208,1,490.8469,718.9056,17726.0,1080.0,235.7127,0.8142,2.706,628.0,30.8917,0.5906,0.7426,268,791,630,836,188.1106
12,88.9208,2,1063.1843,691.1239,14582.0,1826.0,199.9891,0.7231,2.4318,598.0,35.279,0.5133,0.6784,791,1314,630,836,188.1106
12,88.9208,3,1549.8201,589.543,9938.0,8756.0,162.3777,0.5108,2.2239,537.0,37.33,0.4317,0.6031,1314,1837,630,836,188.1106
12,89.3214,1,500.4718,705.4799,16538.0,1914.0,231.2115,0.8982,2.639,602.0,26.9411,0.6672,0.8004,268,791,630,836,188.1106
12,89.3214,2,1071.2732,684.3189,14109.0,2415.0,215.237,0.7568,2.74,583.0,27.8769,0.6032,0.7525,791,1314,630,836,188.1106
12,89.3214,3,1501.9903,592.8419,12225.0,10169.0,162.3895,0.4961,1.7512,537.0,45.6589,0.3015,0.4633,1314,1837,630,836,188.1106
12,89.7219,1,507.6389,705.5257,13222.0,1010.0,194.0413,0.7352,2.5833,630.0,26.9084,0.6227,0.7675,268,791,630,836,188.1106
12,89.7219,2,1066.8297,679.3377,13891.0,2959.0,218.2797,0.7956,2.6944,566.0,25.4159,0.6119,0.7592,791,1314,630,836,188.1106
12,89.7219,3,1478.0845,604.5628,14848.0,11001.0,203.3368,0.4615,2.401,537.0,40.2157,0.4301,0.6015,1314,1837,630,836,188.1106
12,90.1225,1,512.9118,705.069,13252.0,1191.0,202.081,0.8173,2.7614,629.0,19.2103,0.6782,0.8083,268,791,630,836,188.1106
12,90.1225,2,1046.9583,693.7421,14989.0,2235.0,197.2627,0.8457,2.3055,601.0,38.4414,0.4463,0.6172,791,1314,630,836,188.1106
12,90.1225,3,1460.531,606.987,14613.0,10710.0,216.2252,0.4655,2.8646,537.0,31.7893,0.5787,0.7332,1314,1837,630,836,188.1106
12,90.523,1,517.3038,710.8927,15732.0,1414.0,204.0545,0.9521,2.1735,610.0,27.5527,0.6036,0.7528,268,791,630,836,188.1106
12,90.523,2,1044.8324,695.1434,16156.0,2266.0,211.8698,0.9035,2.2788,597.0,25.1335,0.7099,0.8303,791,1314,630,836,188.1106
12,90.523,3,1435.6639,608.8696,12857.0,9219.0,186.127,0.5546,2.4848,537.0,38.3329,0.4774,0.6463,1314,1837,630,836,188.1106
12,90.9236,1,514.9623,714.0707,13318.0,997.0,200.3437,0.8646,2.6777,623.0,24.5282,0.6509,0.7886,268,791,630,836,188.1106
12,90.9236,2,1059.1404,701.4462,15048.0,1456.0,224.9005,0.7777,2.7941,602.0,31.8346,0.5848,0.738,791,1314,630,836,188.1106
12,90.9236,3,1431.6823,638.2403,13048.0,6205.0,182.9323,0.5974,2.4925,546.0,40.9846,0.3216,0.4867,1314,1837,630,836,188.1106
12,91.3241,1,516.3372,698.8287,12192.0,1386.0,191.083,0.8813,2.6997,613.0,21.5379,0.7062,0.8278,268,791,630,836,188.1106
12,91.3241,2,1063.9139,696.4305,16686.0,2405.0,207.9586,0.8807,1.9964,585.0,34.6564,0.5737,0.7291,791,1314,630,836,188.1106
12,91.3241,3,1426.4513,655.3793,12547.0,4305.0,186.6413,0.6825,2.5083,552.0,32.7612,0.4417,0.6128,1314,1837,630,836,188.1106
12,91.7246,1,505.4508,694.5566,10213.0,1423.0,172.6442,0.9389,2.7365,613.0,25.3022,0.5615,0.7192,268,791,630,836,188.1106
12,91.7246,2,1074.1855,687.6283,14204.0,2109.0,194.3785,0.8308,2.1198,590.0,23.4552,0.6568,0.7929,791,1314,630,836,188.1106
12,91.7246,3,1412.1605,664.8192,12016.0,3645.0,182.0602,0.7539,2.4455,549.0,26.9494,0.5271,0.6903,1314,1837,630,836,188.1106
12,92.1252,1,511.9985,681.9479,12737.0,2092.0,159.3905,0.9998,1.6175,601.0,26.0424,0.5141,0.679,268,791,630,836,188.1106
12,92.1252,2,1068.3278,673.6791,11093.0,2708.0,165.9647,0.8157,2.3291,585.0,27.6228,0.5837,0.7372,791,1314,630,836,188.1106
12,92.1252,3,1396.2458,662.732,10445.0,3336.0,145.2279,0.8563,2.1512,568.0,30.0145,0.4767,0.6457,1314,1837,630,836,188.1106
12,92.5257,1,507.2371,687.4044,13654.0,1668.0,178.7162,0.9697,1.9661,607.0,21.5084,0.6014,0.7511,268,791,630,836,188.1106
12,92.5257,2,1039.9545,631.4191,5536.0,2681.0,105.6302,0.8577,1.5891,583.0,34.3313,0.3926,0.5638,791,1314,630,836,188.1106
12,92.5257,3,1373.9974,632.877,8121.0,3694.0,181.3343,0.9959,3.1072,537.0,30.4546,0.4126,0.5842,1314,1837,630,836,188.1106
12,92.9263,1,495.852,709.8898,12671.0,964.0,173.5375,0.9969,2.0321,619.0,27.0023,0.5522,0.7115,268,791,630,836,188.1106
12,92.9263,2,1051.4363,633.741,8810.0,4110.0,135.7714,0.6508,1.6437,576.0,35.4265,0.4759,0.6449,791,1314,630,836,188.1106
12,92.9263,3,1372.1017,610.4493,7510.0,4814.0,136.8876,0.9992,2.3478,561.0,24.3681,0.5478,0.7078,1314,1837,630,836,188.1106
12,93.3268,1,476.6882,714.0332,15739.0,1238.0,198.94,0.9974,2.0915,616.0,34.1039,0.5061,0.6721,268,791,630,836,188.1106
12,93.3268,2,1081.5429,648.9079,12188.0,4751.0,181.1123,0.8735,2.1872,565.0,46.4208,0.3414,0.509,791,1314,630,836,188.1106
12,93.3268,3,1378.2828,597.9897,6425.0,4851.0,132.6751,0.9898,1.9285,537.0,16.7171,0.6112,0.7587,1314,1837,630,836,188.1106
12,93.7274,1,464.3422,712.6764,15237.0,1014.0,185.2037,0.9889,1.9512,623.0,27.6277,0.6307,0.7735,268,791,630,836,188.1106
12,93.7274,2,1107.7473,678.5066,13666.0,2816.0,174.2532,0.9993,1.8918,570.0,45.1645,0.3409,0.5085,791,1314,630,836,188.1106
12,93.7274,3,1391.5143,604.7221,9379.0,6665.0,137.7083,0.8253,1.643,545.0,21.8459,0.5097,0.6753,1314,1837,630,836,188.1106
12,94.1279,1,441.6453,695.1017,16409.0,854.0,215.1639,0.6464,2.4507,625.0,39.6222,0.4723,0.6416,268,791,630,836,188.1106
12,94.1279,2,1129.1048,683.7637,15909.0,3544.0,215.4335,0.9252,2.513,558.0,37.4299,0.4431,0.6141,791,1314,630,836,188.1106
12,94.1279,3,1426.5208,606.8658,12256.0,8311.0,166.4599,0.7259,1.952,537.0,35.9723,0.3585,0.5278,1314,1837,630,836,188.1106
12,94.5285,1,406.81,682.2673,16822.0,1262.0,239.8996,0.4475,3.068,624.0,39.8731,0.4797,0.6484,268,791,630,836,188.1106
12,94.5285,2,1135.5923,670.8777,15106.0,4312.0,188.2952,0.9983,2.0245,562.0,33.066,0.4887,0.6565,791,1314,630,836,188.1106
12,94.5285,3,1456.3714,612.0375,10139.0,6341.0,143.991,1.0,1.57,537.0,34.3363,0.4036,0.5751,1314,1837,630,836,188.1106
12,94.929,1,358.4642,692.9673,14802.0,727.0,194.6848,0.5532,2.2827,619.0,47.0979,0.3373,0.5044,268,791,630,836,188.1106
12,94.929,2,1143.1374,667.0438,12274.0,3292.0,151.3794,0.9945,1.6423,569.0,31.1389,0.5606,0.7184,791,1314,630,836,188.1106
12,94.929,3,1468.8535,626.8969,10624.0,5388.0,172.0819,0.9905,2.1218,537.0,19.384,0.6075,0.7559,1314,1837,630,836,188.1106
12,95.3295,1,354.1659,697.6682,14193.0,940.0,159.6205,0.7933,1.8022,632.0,45.4662,0.351,0.5196,268,791,630,836,188.1106
12,95.3295,2,1143.8527,662.8627,13877.0,4586.0,181.1564,0.7248,2.1507,576.0,32.4935,0.4977,0.6646,791,1314,630,836,188.1106
12,95.3295,3,1459.4272,621.2139,11880.0,6570.0,181.6265,0.9077,2.1079,537.0,26.6445,0.4763,0.6452,1314,1837,630,836,188.1106
12,95.7301,1,325.8392,736.7792,12677.0,86.0,190.245,0.8681,2.3218,626.0,42.2885,0.378,0.5486,268,791,630,836,188.1106
12,95.7301,2,1128.2851,653.6796,14480.0,5466.0,203.6784,0.5179,2.694,572.0,38.4274,0.4444,0.6153,791,1314,630,836,188.1106
12,95.7301,3,1452.2854,619.0072,13312.0,8039.0,197.3264,0.7771,2.6168,537.0,22.2608,0.6426,0.7824,1314,1837,630,836,188.1106
12,96.1306,1,320.602,723.6362,16944.0,1198.0,218.055,0.9766,2.3318,613.0,38.0401,0.5127,0.6778,268,791,630,836,188.1106
12,96.1306,2,1095.0488,655.3155,13701.0,4473.0,178.0547,0.7093,2.0797,573.0,44.0391,0.3757,0.5462,791,1314,630,836,188.1106
12,96.1306,3,1461.8934,613.3212,14543.0,9915.0,219.2643,0.5693,2.8788,537.0,24.4457,0.5981,0.7485,1314,1837,630,836,188.1106
12,96.5312,1,339.4987,720.6251,16558.0,1151.0,211.5248,0.7662,2.3227,632.0,39.1517,0.5101,0.6756,268,791,630,836,188.1106
12,96.5312,2,1082.6977,685.2598,15330.0,3437.0,189.1681,0.9356,2.0955,572.0,39.3756,0.414,0.5856,791,1314,630,836,188.1106
12,96.5312,3,1491.6232,606.2885,14948.0,10877.0,220.1176,0.5078,2.7541,537.0,32.1477,0.5134,0.6784,1314,1837,630,836,188.1106
12,96.9317,1,344.1614,716.2028,16744.0,1131.0,196.7858,0.7317,1.9875,639.0,22.6672,0.7609,0.8642,268,791,630,836,188.1106
12,96.9317,2,1078.4915,690.4367,13854.0,2262.0,208.061,0.9666,2.5627,575.0,22.533,0.668,0.801,791,1314,630,836,188.1106
12,96.9317,3,1534.8372,598.4564,14501.0,11816.0,204.0954,0.4,2.4758,537.0,44.3384,0.4131,0.5847,1314,1837,630,836,188.1106
12,97.3323,1,345.6395,710.4671,15600.0,1054.0,201.408,0.6239,2.3103,641.0,19.0655,0.7601,0.8637,268,791,630,836,188.1106
12,97.3323,2,1084.3669,695.9633,13434.0,1700.0,190.3161,0.969,2.2599,586.0,20.3098,0.774,0.8726,791,1314,630,836,188.1106
12,97.3323,3,1547.7069,613.9927,15287.0,10489.0,185.665,0.5839,2.012,537.0,32.6776,0.5113,0.6766,1314,1837,630,836,188.1106
12,97.7328,1,342.9404,721.4482,14508.0,645.0,194.1151,0.6228,2.3212,644.0,21.7603,0.7408,0.8511,268,791,630,836,188.1106
12,97.7328,2,1083.1661,686.5275,12717.0,2096.0,171.022,1.0,1.9644,586.0,24.2625,0.6593,0.7947,791,1314,630,836,188.1106
12,97.7328,3,1541.8182,633.9389,16817.0,9355.0,210.7882,0.6807,2.3367,537.0,28.3315,0.604,0.7531,1314,1837,630,836,188.1106
12,98.1334,1,333.1516,729.9638,15663.0,431.0,179.3218,0.8017,1.8182,637.0,24.9853,0.6217,0.7668,268,791,630,836,188.1106
12,98.1334,2,1087.2583,656.4274,12433.0,3903.0,190.0592,0.9404,2.2106,560.0,26.0703,0.6231,0.7678,791,1314,630,836,188.1106
12,98.1334,3,1537.366,634.6103,16512.0,8770.0,229.0428,0.6608,2.6645,537.0,21.2776,0.7102,0.8306,1314,1837,630,836,188.1106
12,98.5339,1,336.1898,713.2859,12804.0,137.0,164.7327,0.7763,1.8362,623.0,29.5558,0.5431,0.7039,268,791,630,836,188.1106
12,98.5339,2,1098.0547,665.1238,13600.0,3899.0,182.5705,0.8359,2.1493,570.0,29.6407,0.587,0.7398,791,1314,630,836,188.1106
12,98.5339,3,1539.4169,628.4509,14061.0,8578.0,193.6268,0.6442,2.4876,537.0,26.8009,0.6575,0.7934,1314,1837,630,836,188.1106
12,98.9344,1,335.1256,699.1871,17326.0,1861.0,167.2653,0.9091,1.3976,626.0,21.8654,0.5754,0.7305,268,791,630,836,188.1106
12,98.9344,2,1123.24,647.6887,13897.0,5635.0,216.5155,0.689,2.7758,568.0,35.164,0.5128,0.678,791,1314,630,836,188.1106
12,98.9344,3,1548.3744,629.5411,14745.0,8357.0,182.3696,0.6948,2.0478,537.0,24.8317,0.5951,0.7462,1314,1837,630,836,188.1106
12,99.335,1,336.1569,702.5911,15670.0,1900.0,183.8964,0.764,2.2246,626.0,26.7516,0.55,0.7097,268,791,630,836,188.1106
12,99.335,2,1149.3963,639.3837,13934.0,6212.0,198.887,0.6638,2.4108,554.0,38.9467,0.5255,0.6889,791,1314,630,836,188.1106
12,99.335,3,1554.1469,632.5041,14638.0,8046.0,184.0007,0.7141,2.1429,537.0,21.8003,0.6354,0.777,1314,1837,630,836,188.1106
12,99.7355,1,325.0527,699.2686,15796.0,2926.0,200.1259,0.9101,2.5251,610.0,24.117,0.5999,0.7499,268,791,630,836,188.1106
12,99.7355,2,1162.5773,656.8801,14100.0,4757.0,179.9808,0.8991,2.0559,555.0,42.1035,0.4596,0.6298,791,1314,630,836,188.1106
12,99.7355,3,1556.875,639.4206,15541.0,7894.0,187.0198,0.8236,2.0446,537.0,21.3534,0.6201,0.7655,1314,1837,630,836,188.1106
12,100.1361,1,318.6069,705.2679,16758.0,3184.0,210.1947,0.9144,2.5891,616.0,24.1435,0.627,0.7707,268,791,630,836,188.1106
12,100.1361,2,1164.877,689.5637,14622.0,2595.0,186.6672,0.9462,2.1866,573.0,38.2095,0.478,0.6468,791,1314,630,836,188.1106
12,100.1361,3,1551.4243,645.5803,16263.0,7116.0,185.6033,0.9602,1.7786,537.0,26.8846,0.5908,0.7427,1314,1837,630,836,188.1106
12,100.5366,1,321.3475,709.2306,18164.0,3666.0,315.1933,0.9947,3.2733,537.0,23.4921,0.7116,0.8315,268,791,630,836,188.1106
12,100.5366,2,1177.9457,683.8164,14502.0,2328.0,204.584,0.8292,2.4419,580.0,32.8239,0.5762,0.7311,791,1314,630,836,188.1106
12,100.5366,3,1551.3809,633.299,14181.0,6895.0,176.9376,0.9689,2.0277,537.0,33.2071,0.4591,0.6293,1314,1837,630,836,188.1106
12,100.9372,1,326.9017,718.0287,18315.0,3324.0,216.3618,0.8977,2.5597,643.0,19.6992,0.7683,0.869,268,791,630,836,188.1106
12,100.9372,2,1184.2541,663.0473,15249.0,5660.0,210.218,0.9484,2.439,557.0,47.2151,0.4623,0.6322,791,1314,630,836,188.1106
12,100.9372,3,1529.5719,609.9809,11338.0,7522.0,155.2232,0.8102,1.8214,537.0,32.118,0.4692,0.6387,1314,1837,630,836,188.1106
12,101.3377,1,322.1794,712.5506,18656.0,3012.0,288.5885,0.9998,3.1903,546.0,28.1924,0.5994,0.7496,268,791,630,836,188.1106
12,101.3377,2,1180.017,660.1505,16254.0,5912.0,231.4328,0.7084,2.656,564.0,43.9537,0.453,0.6236,791,1314,630,836,188.1106
12,101.3377,3,1515.8082,629.7529,13766.0,7999.0,174.6797,0.8073,1.9738,537.0,27.9945,0.5215,0.6855,1314,1837,630,836,188.1106
12,101.7383,1,331.3688,698.5689,17594.0,3117.0,275.8343,0.9892,2.7413,537.0,28.2135,0.6292,0.7724,268,791,630,836,188.1106
12,101.7383,2,1192.6017,648.3071,15111.0,6658.0,188.4648,0.4823,2.1971,570.0,32.8093,0.5275,0.6907,791,1314,630,836,188.1106
12,101.7383,3,1507.0514,625.9411,13934.0,8074.0,160.2511,0.8044,1.6505,537.0,27.3748,0.5078,0.6736,1314,1837,630,836,188.1106
12,102.1388,1,323.1298,693.4612,16627.0,2994.0,247.4728,1.0,2.587,537.0,28.0965,0.6206,0.7659,268,791,630,836,188.1106
12,102.1388,2,1214.2509,638.4829,12234.0,5731.0,160.6568,0.5468,1.8237,574.0,32.8112,0.542,0.7029,791,1314,630,836,188.1106
12,102.1388,3,1473.7226,619.7797,15921.0,9671.0,226.0842,0.6648,2.7974,537.0,41.2472,0.4155,0.587,1314,1837,630,836,188.1106
12,102.5393,1,329.7638,682.0436,15684.0,3731.0,243.9454,0.9991,2.842,537.0,23.778,0.5673,0.7239,268,791,630,836,188.1106
12,102.5393,2,1223.3401,648.2432,11229.0,4974.0,146.7994,0.5869,1.7527,577.0,30.8579,0.5826,0.7362,791,1314,630,836,188.1106
12,102.5393,3,1464.7841,645.506,16491.0,7717.0,240.9019,0.6993,3.0879,537.0,41.3096,0.3982,0.5696,1314,1837,630,836,188.1106
12,102.9399,1,340.4103,683.0858,15684.0,3392.0,247.4967,0.9952,2.74,537.0,26.9029,0.5945,0.7457,268,791,630,836,188.1106
12,102.9399,2,1239.3391,646.3737,11172.0,4377.0,142.885,0.8122,1.5942,578.0,36.0791,0.5786,0.7331,791,1314,630,836,188.1106
12,102.9399,3,1435.8261,629.2698,15376.0,8993.0,224.5947,0.5757,3.0515,543.0,31.0505,0.5331,0.6955,1314,1837,630,836,188.1106
12,103.3404,1,344.9512,690.9313,19215.0,4660.0,286.5828,0.9987,3.0503,537.0,29.2685,0.6459,0.7848,268,791,630,836,188.1106
12,103.3404,2,1245.0961,670.9763,15227.0,3903.0,174.1015,0.9443,1.7812,582.0,37.8565,0.536,0.6979,791,1314,630,836,188.1106
12,103.3404,3,1426.3277,615.528,12098.0,8495.0,160.2496,0.4863,1.939,545.0,30.9441,0.5322,0.6947,1314,1837,630,836,188.1106
12,103.741,1,349.2842,703.0799,17399.0,3158.0,197.77,0.9939,2.2628,627.0,24.9802,0.71,0.8304,268,791,630,836,188.1106
12,103.741,2,1246.3968,679.9334,16237.0,3101.0,193.0463,0.9091,1.9357,582.0,25.4217,0.7054,0.8272,791,1314,630,836,188.1106
12,103.741,3,1411.7335,615.5,10667.0,7417.0,147.6951,0.5377,1.9051,550.0,29.5725,0.5547,0.7136,1314,1837,630,836,188.1106
12,104.1415,1,356.093,705.209,21899.0,4381.0,315.4843,0.9909,3.2593,537.0,27.1624,0.6902,0.8167,268,791,630,836,188.1106
12,104.1415,2,1231.8569,678.2497,16586.0,3307.0,195.1462,0.8286,2.0345,582.0,33.8194,0.6163,0.7626,791,1314,630,836,188.1106
12,104.1415,3,1421.5373,636.0806,11321.0,5743.0,162.3372,0.5817,2.1971,554.0,27.9633,0.5786,0.733,1314,1837,630,836,188.1106
12,104.5421,1,361.19,705.648,18280.0,3350.0,313.0132,0.9767,3.5934,537.0,25.8409,0.7001,0.8236,268,791,630,836,188.1106
12,104.5421,2,1223.0495,669.8612,17347.0,4985.0,190.5449,0.9531,1.6431,553.0,34.9701,0.5731,0.7286,791,1314,630,836,188.1106
12,104.5421,3,1419.1884,655.1834,11975.0,4492.0,168.833,0.6923,2.2592,553.0,33.5194,0.4689,0.6385,1314,1837,630,836,188.1106
12,104.9426,1,357.6778,706.0085,18718.0,3174.0,199.3715,0.9961,2.0304,627.0,17.4936,0.8645,0.9273,268,791,630,836,188.1106
12,104.9426,2,1223.183,671.837,15966.0,4087.0,172.9034,0.9987,1.5659,561.0,29.2221,0.5422,0.7031,791,1314,630,836,188.1106
12,104.9426,3,1407.9025,652.5038,12893.0,4814.0,179.9823,0.7695,2.0935,546.0,22.4874,0.6305,0.7734,1314,1837,630,836,188.1106
12,105.3432,1,361.7102,688.6261,17565.0,3820.0,272.0189,0.9637,2.9622,537.0,21.3326,0.7277,0.8424,268,791,630,836,188.1106
12,105.3432,2,1224.1552,666.7628,15313.0,3971.0,219.7639,0.8195,2.523,565.0,45.9531,0.4569,0.6273,791,1314,630,836,188.1106
12,105.3432,3,1390.0807,627.7572,12393.0,6387.0,163.8261,0.9562,1.7318,537.0,34.8703,0.493,0.6604,1314,1837,630,836,188.1106
12,105.7437,1,361.0594,687.6782,16873.0,3670.0,278.3449,0.9616,3.2305,537.0,15.8032,0.8372,0.9114,268,791,630,836,188.1106
12,105.7437,2,1229.1273,674.3779,15014.0,3871.0,208.1036,0.8552,2.5159,581.0,35.6072,0.6037,0.7529,791,1314,630,836,188.1106
12,105.7437,3,1383.8126,638.6668,11764.0,5571.0,165.9163,0.9905,2.012,537.0,32.9267,0.5693,0.7256,1314,1837,630,836,188.1106
12,106.1442,1,352.8447,690.502,17656.0,3697.0,187.0205,0.9087,2.1523,624.0,29.3645,0.5914,0.7433,268,791,630,836,188.1106
12,106.1442,2,1238.6295,672.6759,16431.0,4743.0,213.856,0.9998,2.1488,549.0,37.8076,0.5343,0.6965,791,1314,630,836,188.1106
12,106.1442,3,1385.4636,656.533,14652.0,5348.0,187.8659,0.9916,2.0523,555.0,32.5616,0.628,0.7715,1314,1837,630,836,188.1106
12,106.5448,1,362.4594,680.5829,18309.0,3988.0,211.3217,0.756,2.5304,617.0,26.442,0.6641,0.7982,268,791,630,836,188.1106
12,106.5448,2,1245.0674,686.7628,15212.0,2779.0,206.9345,0.9484,2.3499,583.0,42.1892,0.5176,0.6822,791,1314,630,836,188.1106
12,106.5448,3,1390.7357,636.757,15185.0,7242.0,160.7148,0.9999,1.4895,552.0,31.609,0.6315,0.7741,1314,1837,630,836,188.1106
12,106.9453,1,379.8663,667.7327,19666.0,4380.0,218.5539,0.5834,2.5747,617.0,28.2597,0.6389,0.7797,268,791,630,836,188.1106
12,106.9453,2,1232.9005,684.9776,16440.0,3891.0,224.6066,0.9836,2.4795,573.0,45.9259,0.4633,0.6333,791,1314,630,836,188.1106
12,106.9453,3,1411.4297,614.9694,14865.0,9876.0,181.3322,0.6664,1.8867,537.0,35.7658,0.4926,0.66,1314,1837,630,836,188.1106
12,107.3459,1,433.2348,683.959,15928.0,971.0,230.9351,0.4582,2.8846,609.0,35.944,0.4078,0.5794,268,791,630,836,188.1106
12,107.3459,2,1233.8421,663.5586,14842.0,4806.0,183.0256,0.9985,1.8039,555.0,36.0288,0.5744,0.7297,791,1314,630,836,188.1106
12,107.3459,3,1460.9909,609.186,15858.0,10740.0,197.4804,0.6508,2.084,537.0,41.1965,0.3652,0.535,1314,1837,630,836,188.1106
12,107.7464,1,460.5604,694.0497,15106.0,441.0,192.0084,0.524,2.187,619.0,43.5707,0.4334,0.6047,268,791,630,836,188.1106
12,107.7464,2,1233.341,690.5237,18542.0,3288.0,228.3042,0.8537,2.3831,569.0,48.1789,0.4421,0.6131,791,1314,630,836,188.1106
12,107.7464,3,1500.9085,628.0281,21187.0,11566.0,261.4026,0.6478,2.7462,537.0,47.4391,0.2633,0.4169,1314,1837,630,836,188.1106
12,108.147,1,471.4988,709.8902,15196.0,505.0,193.8246,0.713,2.2315,615.0,39.1807,0.4979,0.6648,268,791,630,836,188.1106
12,108.147,2,1227.6652,687.3477,17750.0,3683.0,211.7426,0.9916,2.071,573.0,44.7475,0.5163,0.681,791,1314,630,836,188.1106
12,108.147,3,1512.6465,632.7078,20578.0,11037.0,255.8405,0.6536,2.6922,537.0,27.2174,0.5865,0.7394,1314,1837,630,836,188.1106
12,108.5475,1,480.8826,709.3072,13921.0,432.0,202.9108,0.7345,2.5199,615.0,25.0653,0.7035,0.826,268,791,630,836,188.1106
12,108.5475,2,1215.2442,654.3287,17698.0,6892.0,194.4339,0.9624,1.6344,537.0,40.05,0.5071,0.673,791,1314,630,836,188.1106
12,108.5475,3,1517.3101,623.5701,18716.0,11551.0,257.6207,0.5485,3.0619,537.0,21.1635,0.6846,0.8127,1314,1837,630,836,188.1106
12,108.9481,1,479.4794,712.4676,14069.0,452.0,210.3995,0.7602,2.6279,614.0,14.7607,0.8635,0.9268,268,791,630,836,188.1106
12,108.9481,2,1205.7532,690.7119,18249.0,2939.0,215.5297,0.8131,2.241,582.0,38.1155,0.4777,0.6466,791,1314,630,836,188.1106
12,108.9481,3,1516.9977,624.2316,18244.0,10630.0,261.7208,0.5833,3.0603,537.0,19.0305,0.7282,0.8427,1314,1837,630,836,188.1106
12,109.3486,1,474.7087,714.2457,14276.0,350.0,215.0896,0.7639,2.6867,617.0,16.5362,0.8231,0.9029,268,791,630,836,188.1106
12,109.3486,2,1197.0217,692.7994,17329.0,2694.0,212.8701,0.8711,2.176,582.0,43.8676,0.3328,0.4994,791,1314,630,836,188.1106
12,109.3486,3,1530.5511,602.5606,14955.0,10863.0,223.5321,0.5827,2.6607,537.0,23.2855,0.6996,0.8233,1314,1837,630,836,188.1106
12,109.7491,1,473.0706,713.2152,14395.0,807.0,233.7143,0.7859,3.2067,608.0,24.3836,0.741,0.8512,268,791,630,836,188.1106
12,109.7491,2,1180.1437,674.7744,16411.0,4674.0,224.1181,0.8876,2.7178,549.0,30.6859,0.5401,0.7014,791,1314,630,836,188.1106
12,109.7491,3,1527.6536,621.461,16968.0,11108.0,213.1246,0.553,2.4931,537.0,19.1108,0.7094,0.83,1314,1837,630,836,188.1106
12,110.1497,1,472.7835,717.3011,14543.0,378.0,238.5503,0.766,3.1439,618.0,19.7591,0.7445,0.8535,268,791,630,836,188.1106
12,110.1497,2,1166.989,685.926,15507.0,2477.0,232.8605,0.6926,3.0393,586.0,34.8827,0.4568,0.6271,791,1314,630,836,188.1106
12,110.1497,3,1538.4063,627.1385,16099.0,9643.0,221.984,0.5771,2.6834,537.0,30.4635,0.5412,0.7023,1314,1837,630,836,188.1106
12,110.5502,1,479.9076,711.98,14831.0,223.0,219.0347,0.5983,2.7543,623.0,28.1815,0.6329,0.7752,268,791,630,836,188.1106
12,110.5502,2,1141.5225,676.1617,16156.0,3403.0,210.9484,0.7412,2.4658,569.0,34.1766,0.4926,0.6601,791,1314,630,836,188.1106
12,110.5502,3,1546.6011,635.677,16701.0,8594.0,218.8628,0.6989,2.5162,537.0,25.3007,0.5925,0.7441,1314,1837,630,836,188.1106
12,110.9508,1,499.8834,699.1995,13439.0,454.0,182.9099,0.6391,2.184,616.0,30.2884,0.5618,0.7194,268,791,630,836,188.1106
12,110.9508,2,1122.1393,687.0143,15272.0,2643.0,191.9497,0.8663,2.2212,576.0,37.4569,0.4452,0.6161,791,1314,630,836,188.1106
12,110.9508,3,1547.8952,638.368,16546.0,8340.0,214.828,0.7526,2.4174,537.0,17.3163,0.7242,0.84,1314,1837,630,836,188.1106
12,111.3513,1,518.0755,695.8602,11903.0,420.0,166.3843,0.7694,1.9101,618.0,23.9645,0.6202,0.7656,268,791,630,836,188.1106
12,111.3513,2,1102.8708,691.5675,15075.0,1939.0,194.7976,0.8546,2.0828,587.0,38.2634,0.3009,0.4626,791,1314,630,836,188.1106
12,111.3513,3,1549.687,639.1099,15883.0,8036.0,217.9401,0.7867,2.6802,537.0,20.992,0.6511,0.7887,1314,1837,630,836,188.1106
12,111.7519,1,517.4718,712.592,11729.0,299.0,179.6571,0.7732,2.3931,620.0,23.5972,0.6254,0.7695,268,791,630,836,188.1106
12,111.7519,2,1114.6665,667.7248,16226.0,4832.0,224.9592,0.9064,2.5869,542.0,27.4177,0.5563,0.7149,791,1314,630,836,188.1106
12,111.7519,3,1556.3284,613.8397,14281.0,9351.0,166.5105,0.7625,1.7217,537.0,26.5468,0.5812,0.7351,1314,1837,630,836,188.1106
12,112.1524,1,518.4719,719.5463,11898.0,87.0,179.8693,0.7775,2.2481,626.0,19.1452,0.729,0.8433,268,791,630,836,188.1106
12,112.1524,2,1139.0882,688.1199,16457.0,3179.0,222.2769,0.9173,2.5569,567.0,41.5015,0.3646,0.5344,791,1314,630,836,188.1106
12,112.1524,3,1559.208,632.9676,15016.0,8075.0,181.1803,0.8738,1.799,537.0,27.7057,0.6061,0.7548,1314,1837,630,836,188.1106
12,112.553,1,518.8358,715.1499,11224.0,160.0,188.4676,0.7866,2.4921,622.0,14.1062,0.7707,0.8705,268,791,630,836,188.1106
12,112.553,2,1169.5651,697.2924,15774.0,2441.0,210.1451,0.9975,2.3346,573.0,41.5456,0.4021,0.5736,791,1314,630,836,188.1106
12,112.553,3,1561.0268,649.6668,16619.0,7023.0,202.0919,0.8892,2.1729,537.0,27.4363,0.5839,0.7373,1314,1837,630,836,188.1106
12,112.9535,1,513.0678,704.3033,13281.0,1116.0,193.2094,0.8011,2.4993,627.0,14.0922,0.7692,0.8695,268,791,630,836,188.1106
12,112.9535,2,1176.4331,675.518,14963.0,4038.0,234.502,0.8626,3.1888,559.0,40.5767,0.4729,0.6421,791,1314,630,836,188.1106
12,112.9535,3,1566.0603,636.4524,15908.0,7749.0,180.1115,0.9456,1.8387,537.0,29.8572,0.548,0.708,1314,1837,630,836,188.1106
12,113.354,1,511.2589,704.1155,12849.0,1085.0,186.7107,0.7612,2.475,630.0,14.711,0.8635,0.9268,268,791,630,836,188.1106
12,113.354,2,1175.9057,682.9138,15554.0,3615.0,219.3512,0.9502,2.663,557.0,33.9585,0.5476,0.7077,791,1314,630,836,188.1106
12,113.354,3,1563.2086,628.816,14770.0,8362.0,166.3613,0.9029,1.7192,537.0,20.627,0.6503,0.7881,1314,1837,630,836,188.1106
12,113.7546,1,525.8713,711.6322,12867.0,40.0,156.5405,0.8997,1.6359,629.0,30.751,0.5391,0.7006,268,791,630,836,188.1106
12,113.7546,2,1163.6526,690.2249,14734.0,2299.0,196.2313,0.8791,2.1906,580.0,47.9295,0.3237,0.4891,791,1314,630,836,188.1106
12,113.7546,3,1564.8539,641.7518,16013.0,7626.0,189.7851,0.9418,1.9693,537.0,24.4378,0.6488,0.787,1314,1837,630,836,188.1106
12,114.1551,1,528.2819,695.0133,12038.0,96.0,135.0124,0.9652,1.2846,629.0,28.3876,0.6314,0.7741,268,791,630,836,188.1106
12,114.1551,2,1175.9133,670.7743,15648.0,4269.0,202.3693,0.9119,2.1735,557.0,32.1296,0.5938,0.7451,791,1314,630,836,188.1106
12,114.1551,3,1557.6079,647.6618,16845.0,7422.0,196.7807,0.9765,2.0265,537.0,23.2456,0.6575,0.7934,1314,1837,630,836,188.1106
12,114.5557,1,511.4388,703.5272,15480.0,515.0,170.8301,0.8419,1.6153,613.0,29.7771,0.5852,0.7384,268,791,630,836,188.1106
12,114.5557,2,1183.7535,682.395,14936.0,3378.0,189.0622,0.9904,2.0988,569.0,39.2914,0.5267,0.69,791,1314,630,836,188.1106
12,114.5557,3,1549.9925,636.9975,15926.0,7720.0,199.4341,0.9056,2.0722,537.0,29.0045,0.598,0.7484,1314,1837,630,836,188.1106
12,114.9562,1,496.4386,708.7608,17963.0,802.0,191.674,0.8768,1.7,619.0,26.7409,0.6074,0.7557,268,791,630,836,188.1106
12,114.9562,2,1197.4718,682.7873,14761.0,3179.0,189.6571,0.9964,2.1219,580.0,27.9645,0.6732,0.8047,791,1314,630,836,188.1106
12,114.9562,3,1546.6077,613.4591,15123.0,9797.0,177.9638,0.7876,1.7419,537.0,30.2408,0.5686,0.725,1314,1837,630,836,188.1106
12,115.3568,1,480.7097,726.8231,17085.0,7.0,205.6921,0.8796,2.0166,629.0,25.7957,0.6401,0.7805,268,791,630,836,188.1106
12,115.3568,2,1201.3699,675.6428,15607.0,4107.0,203.2153,0.8839,2.2828,565.0,42.131,0.4912,0.6588,791,1314,630,836,188.1106
12,115.3568,3,1557.8898,630.7742,19949.0,10948.0,172.4598,0.9602,1.2492,537.0,32.6296,0.5121,0.6773,1314,1837,630,836,188.1106
12,115.7573,1,466.6622,728.1793,18808.0,202.0,206.4888,0.9999,1.7672,620.0,30.0411,0.6098,0.7576,268,791,630,836,188.1106
12,115.7573,2,1191.1276,663.5786,15214.0,5262.0,207.0401,0.6742,2.4882,571.0,33.746,0.5493,0.7091,791,1314,630,836,188.1106
12,115.7573,3,1561.6104,623.7475,18539.0,11354.0,185.6461,0.787,1.6103,537.0,25.4086,0.6184,0.7642,1314,1837,630,836,188.1106
12,116.1579,1,451.373,725.1441,17529.0,0.0,198.6507,0.9458,1.7919,630.0,27.9731,0.67,0.8024,268,791,630,836,188.1106
12,116.1579,2,1155.6235,654.1145,15046.0,4971.0,181.9369,0.703,1.8612,556.0,46.0208,0.4352,0.6065,791,1314,630,836,188.1106
12,116.1579,3,1553.1803,623.9809,17600.0,10874.0,187.2733,0.7399,1.7782,537.0,21.4724,0.6739,0.8052,1314,1837,630,836,188.1106
12,116.5584,1,422.0989,702.9769,24811.0,3350.0,212.1519,0.8592,1.6935,634.0,30.4026,0.4328,0.6042,268,791,630,836,188.1106
12,116.5584,2,1137.0707,684.9128,16335.0,3195.0,179.1751,0.9611,1.7867,579.0,49.3243,0.3621,0.5317,791,1314,630,836,188.1106
12,116.5584,3,1541.4539,623.8836,16813.0,9972.0,198.1968,0.6616,2.2093,537.0,26.294,0.561,0.7188,1314,1837,630,836,188.1106
12,116.9589,1,408.7267,699.7428,23721.0,3180.0,221.6058,0.6756,1.9402,631.0,25.0289,0.6265,0.7703,268,791,630,836,188.1106
12,116.9589,2,1133.5014,687.2008,17324.0,3187.0,193.8261,0.9801,1.778,580.0,27.3829,0.6377,0.7788,791,1314,630,836,188.1106
12,116.9589,3,1553.4655,617.2234,15525.0,10313.0,158.4004,0.7181,1.4449,537.0,22.6373,0.5855,0.7386,1314,1837,630,836,188.1106
12,117.3595,1,394.5205,706.6843,25235.0,3138.0,301.0673,0.8462,2.4391,537.0,23.2952,0.6911,0.8173,268,791,630,836,188.1106
12,117.3595,2,1140.5859,676.3854,19181.0,4874.0,211.908,0.8573,2.0228,563.0,37.1377,0.4854,0.6536,791,1314,630,836,188.1106
12,117.3595,3,1562.0527,624.3149,16042.0,9478.0,163.6509,0.7659,1.5016,537.0,25.1979,0.5987,0.7489,1314,1837,630,836,188.1106
12,117.76,1,385.9045,698.8023,24957.0,3404.0,302.3936,0.8307,2.6281,537.0,17.719,0.7689,0.8693,268,791,630,836,188.1106
12,117.76,2,1133.9274,686.97,20448.0,4570.0,210.9619,0.9997,1.7979,559.0,30.1638,0.5521,0.7114,791,1314,630,836,188.1106
12,117.76,3,1568.2585,640.6123,17174.0,8007.0,190.6546,0.9157,1.8974,537.0,28.2117,0.5495,0.7093,1314,1837,630,836,188.1106
12,118.1606,1,381.9455,691.3463,23389.0,3377.0,287.2217,0.787,2.4064,537.0,19.7162,0.7589,0.8629,268,791,630,836,188.1106
12,118.1606,2,1138.8381,701.9183,20334.0,2986.0,220.5786,0.9914,1.9951,582.0,27.5057,0.6506,0.7883,791,1314,630,836,188.1106
12,118.1606,3,1573.6552,651.7895,17334.0,7076.0,198.475,0.9115,1.7502,537.0,26.3071,0.6297,0.7727,1314,1837,630,836,188.1106
12,118.5611,1,369.9966,690.6532,22530.0,3568.0,280.523,0.7403,2.0062,537.0,23.72,0.6907,0.8171,268,791,630,836,188.1106
12,118.5611,2,1135.1207,691.5345,18387.0,2681.0,237.9863,0.744,2.5792,588.0,35.0859,0.4901,0.6578,791,1314,630,836,188.1106
12,118.5611,3,1577.2104,646.7567,17713.0,7922.0,189.7796,0.8853,1.8216,537.0,24.8391,0.5868,0.7396,1314,1837,630,836,188.1106
12,118.9617,1,347.4004,670.9603,17513.0,3853.0,243.2134,0.9329,2.1634,537.0,28.2856,0.5974,0.7479,268,791,630,836,188.1106
12,118.9617,2,1134.6458,677.2173,16529.0,3637.0,184.1277,0.6834,1.9597,579.0,33.9488,0.5645,0.7216,791,1314,630,836,188.1106
12,118.9617,3,1570.9773,629.6574,15666.0,8859.0,150.0637,0.881,1.3333,537.0,31.6553,0.501,0.6675,1314,1837,630,836,188.1106
12,119.3622,1,347.2607,675.0762,14598.0,3248.0,224.7762,0.9952,2.4419,537.0,24.719,0.5933,0.7447,268,791,630,836,188.1106
12,119.3622,2,1110.7584,666.4016,12058.0,3752.0,140.2146,0.9982,1.433,574.0,30.9201,0.3922,0.5634,791,1314,630,836,188.1106
12,119.3622,3,1564.3693,618.9534,12912.0,8967.0,136.0783,0.7678,1.4121,537.0,23.0617,0.5741,0.7294,1314,1837,630,836,188.1106
12,119.7628,1,330.8304,663.1074,14568.0,3996.0,236.1385,0.999,2.5544,537.0,23.5566,0.6705,0.8028,268,791,630,836,188.1106
12,119.7628,2,1119.0202,665.9908,14820.0,4333.0,177.1711,0.7491,1.9242,577.0,29.4825,0.3984,0.5698,791,1314,630,836,188.1106
12,119.7628,3,1570.4525,616.0185,13967.0,9229.0,143.4167,0.9138,1.3531,537.0,22.2539,0.6394,0.78,1314,1837,630,836,188.1106
12,120.1633,1,350.7736,673.9186,18455.0,4319.0,239.3814,0.9987,2.0745,537.0,35.6099,0.5785,0.7329,268,791,630,836,188.1106
12,120.1633,2,1160.8394,659.743,14376.0,5279.0,191.4892,0.6705,2.4967,572.0,39.1731,0.3039,0.4662,791,1314,630,836,188.1106
12,120.1633,3,1571.577,635.2546,14811.0,7684.0,167.8827,0.8884,1.7269,537.0,28.6166,0.5821,0.7358,1314,1837,630,836,188.1106
12,120.5638,1,366.115,687.297,18258.0,3867.0,179.4171,0.9267,1.9384,617.0,39.5837,0.5381,0.6997,268,791,630,836,188.1106
12,120.5638,2,1210.2159,643.5666,14285.0,6385.0,167.696,0.7916,1.6932,549.0,42.4688,0.2796,0.437,791,1314,630,836,188.1106
12,120.5638,3,1574.5966,643.4765,16283.0,7665.0,184.194,0.8502,1.8781,537.0,20.8645,0.6618,0.7965,1314,1837,630,836,188.1106
12,120.9644,1,399.7767,721.7699,14811.0,540.0,186.1008,0.9946,1.8897,611.0,35.6181,0.3699,0.5401,268,791,630,836,188.1106
12,120.9644,2,1236.8101,653.1294,13904.0,5723.0,166.6736,0.945,1.8832,551.0,38.2193,0.4304,0.6018,791,1314,630,836,188.1106
12,120.9644,3,1569.6207,631.8939,15691.0,8544.0,180.603,0.8092,1.9009,537.0,24.2455,0.6188,0.7645,1314,1837,630,836,188.1106
12,121.3649,1,394.6941,701.9866,22135.0,3793.0,200.0266,0.9779,1.9199,610.0,26.5005,0.4712,0.6406,268,791,630,836,188.1106
12,121.3649,2,1245.1564,672.0424,12935.0,3296.0,172.5392,0.9578,2.0363,568.0,31.4847,0.546,0.7064,791,1314,630,836,188.1106
12,121.3649,3,1564.6206,629.4648,16788.0,9343.0,195.6677,0.7702,2.0576,537.0,20.7994,0.6944,0.8196,1314,1837,630,836,188.1106
12,121.7655,1,422.5005,683.0623,23738.0,5273.0,208.8946,0.9999,2.0693,599.0,30.9076,0.4851,0.6533,268,791,630,836,188.1106
12,121.7655,2,1249.1438,665.8975,13640.0,3957.0,164.5456,0.9776,1.8195,566.0,34.9986,0.5132,0.6783,791,1314,630,836,188.1106
12,121.7655,3,1565.7177,627.227,15755.0,9362.0,171.1054,0.8277,1.6683,537.0,25.1368,0.6099,0.7577,1314,1837,630,836,188.1106
12,122.166,1,454.8289,714.061,15835.0,978.0,179.0302,0.9999,1.7046,615.0,28.0585,0.4788,0.6475,268,791,630,836,188.1106
12,122.166,2,1224.8141,637.0819,10276.0,4506.0,142.3188,0.798,1.6745,565.0,35.1972,0.4557,0.6261,791,1314,630,836,188.1106
12,122.166,3,1565.6805,625.4483,14990.0,9019.0,150.0022,0.9944,1.3534,537.0,26.6692,0.5978,0.7483,1314,1837,630,836,188.1106
12,122.5666,1,461.9243,717.8372,15330.0,931.0,186.8183,0.9965,1.9651,625.0,25.881,0.7144,0.8334,268,791,630,836,188.1106
12,122.5666,2,1202.8901,644.2005,16816.0,7492.0,237.571,0.937,2.565,537.0,38.6453,0.4311,0.6025,791,1314,630,836,188.1106
12,122.5666,3,1566.4357,629.2595,15271.0,8741.0,152.8522,0.9607,1.3483,542.0,24.7659,0.6622,0.7968,1314,1837,630,836,188.1106
12,122.9671,1,459.9239,724.7975,18098.0,1470.0,217.3607,0.991,2.1178,611.0,25.9991,0.7099,0.8303,268,791,630,836,188.1106
12,122.9671,2,1196.4973,679.9758,13114.0,2447.0,187.2753,0.9212,2.1806,580.0,42.2424,0.3967,0.5681,791,1314,630,836,188.1106
12,122.9671,3,1561.7589,635.1779,17109.0,9082.0,166.8935,0.9289,1.4205,542.0,18.8024,0.7404,0.8508,1314,1837,630,836,188.1106
12,123.3676,1,469.4085,702.2185,14496.0,1247.0,182.5737,0.9883,1.9148,619.0,30.9089,0.6362,0.7776,268,791,630,836,188.1106
12,123.3676,2,1175.4648,687.2757,15152.0,3068.0,215.0717,0.9629,2.5846,567.0,48.0394,0.3895,0.5607,791,1314,630,836,188.1106
12,123.3676,3,1557.4355,635.33,17456.0,9100.0,175.8676,0.8942,1.536,542.0,17.2798,0.7446,0.8536,1314,1837,630,836,188.1106
12,123.7682,1,464.7965,699.5841,16844.0,2211.0,192.5624,0.9998,1.9652,590.0,25.7585,0.6661,0.7996,268,791,630,836,188.1106
12,123.7682,2,1175.9095,657.5285,15256.0,5685.0,230.5683,0.8582,2.9574,539.0,35.1904,0.4879,0.6558,791,1314,630,836,188.1106
12,123.7682,3,1553.8612,638.2086,18669.0,9395.0,185.4926,0.8339,1.614,543.0,16.5218,0.7172,0.8353,1314,1837,630,836,188.1106
12,124.1687,1,463.8753,721.2742,13128.0,229.0,176.8032,0.999,1.9545,621.0,26.7586,0.6331,0.7753,268,791,630,836,188.1106
12,124.1687,2,1185.6397,663.9746,16616.0,5757.0,235.3871,0.9317,2.8913,537.0,37.6061,0.5222,0.6861,791,1314,630,836,188.1106
12,124.1687,3,1548.402,632.5642,18339.0,10012.0,199.2637,0.6804,1.8564,544.0,20.4971,0.6722,0.804,1314,1837,630,836,188.1106
12,124.5693,1,467.9177,730.444,14260.0,112.0,196.7275,0.9912,2.2019,626.0,25.3582,0.6992,0.823,268,791,630,836,188.1106
12,124.5693,2,1188.6435,706.7857,15581.0,2073.0,229.7614,0.9493,2.9156,581.0,45.9043,0.3999,0.5714,791,1314,630,836,188.1106
12,124.5693,3,1544.9182,629.0287,18480.0,10568.0,226.9713,0.543,2.3923,546.0,20.7463,0.6819,0.8109,1314,1837,630,836,188.1106
12,124.9698,1,465.0281,730.7509,14703.0,90.0,198.3007,0.9826,2.1949,626.0,17.2552,0.8367,0.9111,268,791,630,836,188.1106
12,124.9698,2,1193.1342,721.7625,15816.0,1312.0,232.915,0.994,2.7225,598.0,42.2161,0.5382,0.6997,791,1314,630,836,188.1106
12,124.9698,3,1532.1396,613.3582,15970.0,10747.0,203.8488,0.5221,2.345,546.0,30.1295,0.5624,0.7199,1314,1837,630,836,188.1106
12,125.3704,1,459.5205,710.602,16428.0,921.0,226.0512,0.8488,2.4761,604.0,35.2239,0.5945,0.7457,268,791,630,836,188.1106
12,125.3704,2,1182.0846,689.4807,16604.0,3653.0,231.7115,0.9997,2.7127,558.0,46.5027,0.5332,0.6955,791,1314,630,836,188.1106
12,125.3704,3,1480.939,599.2534,13553.0,11037.0,226.3001,0.3385,3.189,547.0,34.2222,0.4309,0.6022,1314,1837,630,836,188.1106
12,125.7709,1,426.6794,677.8986,22643.0,5270.0,347.671,0.742,3.5933,537.0,24.144,0.5262,0.6896,268,791,630,836,188.1106
12,125.7709,2,1187.3829,653.0503,14983.0,6094.0,197.3632,0.8741,2.2683,548.0,45.3414,0.4388,0.6099,791,1314,630,836,188.1106
12,125.7709,3,1436.8525,613.2205,12884.0,9337.0,168.6104,0.3769,2.076,543.0,40.5673,0.2464,0.3954,1314,1837,630,836,188.1106
12,126.1715,1,406.1295,683.4076,20456.0,3925.0,339.1374,0.7389,3.7435,537.0,34.7742,0.5796,0.7339,268,791,630,836,188.1106
12,126.1715,2,1197.8078,660.7751,15650.0,5234.0,195.8495,0.9483,2.0589,544.0,45.7461,0.4547,0.6251,791,1314,630,836,188.1106
12,126.1715,3,1425.4365,636.3323,13057.0,6496.0,156.001,0.7238,1.8588,552.0,30.7686,0.3757,0.5462,1314,1837,630,836,188.1106
12,126.572,1,363.6015,677.8152,19487.0,3477.0,256.7196,0.7929,2.0134,537.0,51.9701,0.4144,0.5859,268,791,630,836,188.1106
12,126.572,2,1214.2005,690.0963,15913.0,3182.0,205.0909,0.9925,2.332,584.0,52.9807,0.3512,0.5198,791,1314,630,836,188.1106
12,126.572,3,1417.0115,652.0085,12638.0,4988.0,164.8471,0.5654,2.0867,557.0,24.6738,0.547,0.7071,1314,1837,630,836,188.1106
12,126.9725,1,336.16,687.134,18849.0,4015.0,250.1542,0.985,2.3097,537.0,47.0423,0.4168,0.5883,268,791,630,836,188.1106
12,126.9725,2,1224.0402,675.6305,15235.0,4021.0,225.7883,0.9453,2.7843,564.0,28.3568,0.6463,0.7852,791,1314,630,836,188.1106
12,126.9725,3,1407.833,641.5817,12673.0,6382.0,162.7299,0.6671,1.985,552.0,22.142,0.5838,0.7372,1314,1837,630,836,188.1106
12,127.3731,1,325.888,691.8648,18165.0,3889.0,192.0923,0.8778,2.1748,631.0,28.8709,0.6601,0.7953,268,791,630,836,188.1106
12,127.3731,2,1220.9745,657.0876,13896.0,4512.0,194.4088,0.9194,2.3551,553.0,32.8337,0.6623,0.7969,791,1314,630,836,188.1106
12,127.3731,3,1407.8907,625.0922,11762.0,7022.0,155.3697,0.6757,1.8599,549.0,22.038,0.6292,0.7724,1314,1837,630,836,188.1106
12,127.7736,1,328.3971,691.7809,17347.0,3719.0,178.9877,0.8521,1.996,637.0,16.7297,0.8345,0.9098,268,791,630,836,188.1106
12,127.7736,2,1208.688,677.5366,16344.0,4517.0,198.8519,0.9648,2.2406,552.0,44.1531,0.4096,0.5812,791,1314,630,836,188.1106
12,127.7736,3,1404.3453,639.0675,12068.0,6252.0,154.5014,0.7781,1.9185,552.0,26.2896,0.5889,0.7413,1314,1837,630,836,188.1106
12,128.1742,1,328.9868,681.1095,15455.0,3215.0,234.1971,0.9997,2.3428,537.0,33.3241,0.6528,0.79,268,791,630,836,188.1106
12,128.1742,2,1199.0818,679.2454,15398.0,3579.0,205.8464,0.9759,2.3727,568.0,30.7587,0.633,0.7753,791,1314,630,836,188.1106
12,128.1742,3,1402.7038,654.0105,11954.0,4605.0,166.4019,0.7292,2.1475,558.0,28.6711,0.5452,0.7057,1314,1837,630,836,188.1106
12,128.5747,1,328.0533,681.0336,15493.0,3274.0,239.3269,0.9992,2.3147,537.0,18.1329,0.8224,0.9025,268,791,630,836,188.1106
12,128.5747,2,1187.6865,680.1092,15051.0,3155.0,201.7129,0.9378,2.3381,576.0,29.0758,0.6665,0.7999,791,1314,630,836,188.1106
12,128.5747,3,1398.879,655.4836,12790.0,4886.0,170.3751,0.823,2.0522,558.0,21.977,0.6566,0.7927,1314,1837,630,836,188.1106
12,128.9753,1,333.2353,696.1771,19106.0,3279.0,258.0111,0.9828,2.1362,537.0,21.261,0.7434,0.8528,268,791,630,836,188.1106
12,128.9753,2,1176.8677,675.2347,15208.0,3674.0,197.2664,0.9337,2.2471,576.0,34.757,0.6397,0.7803,791,1314,630,836,188.1106
12,128.9753,3,1392.4191,645.3462,12447.0,5732.0,155.2826,0.8709,1.7338,556.0,23.7351,0.5973,0.7479,1314,1837,630,836,188.1106
12,129.3758,1,340.9186,696.9694,21022.0,3755.0,265.1674,0.9615,2.0901,537.0,21.786,0.7532,0.8593,268,791,630,836,188.1106
12,129.3758,2,1176.6568,669.6161,14870.0,4082.0,197.468,0.9122,2.2909,568.0,24.679,0.7314,0.8449,791,1314,630,836,188.1106
12,129.3758,3,1395.0032,634.4869,12590.0,6818.0,143.4488,0.8939,1.5036,549.0,20.3702,0.6948,0.8199,1314,1837,630,836,188.1106
12,129.7764,1,343.3545,697.7396,21932.0,4027.0,283.2869,0.9535,2.1731,537.0,18.022,0.8281,0.9059,268,791,630,836,188.1106
12,129.7764,2,1173.1826,677.3165,13349.0,2710.0,171.8419,0.9286,1.91,583.0,23.2816,0.6841,0.8124,791,1314,630,836,188.1106
12,129.7764,3,1395.9279,638.3426,13157.0,6746.0,139.2801,0.9328,1.3207,555.0,22.314,0.6672,0.8004,1314,1837,630,836,188.1106
12,130.1769,1,352.4957,696.0561,21174.0,3642.0,274.3158,0.8904,2.0215,537.0,22.9273,0.7207,0.8377,268,791,630,836,188.1106
12,130.1769,2,1175.0115,670.7425,12671.0,3293.0,158.0526,0.995,1.7484,577.0,34.3587,0.5532,0.7124,791,1314,630,836,188.1106
12,130.1769,3,1396.4173,641.9157,13797.0,6587.0,144.0283,0.9974,1.3299,552.0,19.5035,0.7105,0.8307,1314,1837,630,836,188.1106
12,130.5774,1,353.4801,694.643,21674.0,3859.0,280.9737,0.9007,2.1103,537.0,12.3442,0.9017,0.9483,268,791,630,836,188.1106
12,130.5774,2,1168.6809,669.8184,15326.0,4202.0,180.9223,0.9993,1.7927,561.0,26.676,0.6555,0.7919,791,1314,630,836,188.1106
12,130.5774,3,1404.5913,636.8914,13776.0,6835.0,154.0737,0.9935,1.5054,554.0,19.2766,0.6943,0.8196,1314,1837,630,836,188.1106
12,130.978,1,355.0256,697.5952,20895.0,3297.0,227.363,0.5571,2.4279,630.0,18.9317,0.7869,0.8807,268,791,630,836,188.1106
12,130.978,2,1171.2101,684.5037,15175.0,2823.0,196.8698,0.9624,2.118,580.0,40.0283,0.5618,0.7194,791,1314,630,836,188.1106
12,130.978,3,1405.9839,632.508,14017.0,7080.0,167.9702,0.8824,1.6796,551.0,21.1388,0.6732,0.8047,1314,1837,630,836,188.1106
12,131.3785,1,347.4293,697.5235,19410.0,3188.0,199.4862,0.5245,2.2278,644.0,16.8821,0.8006,0.8893,268,791,630,836,188.1106
12,131.3785,2,1165.9596,707.067,15673.0,1653.0,197.2989,0.9939,2.1222,586.0,33.5255,0.5915,0.7433,791,1314,630,836,188.1106
12,131.3785,3,1411.1197,627.3739,14740.0,7966.0,185.4851,0.7968,1.9091,547.0,13.4009,0.8303,0.9073,1314,1837,630,836,188.1106
12,131.7791,1,336.4635,702.3505,18843.0,3165.0,187.8741,0.651,1.9515,645.0,21.4116,0.6948,0.8199,268,791,630,836,188.1106
12,131.7791,2,1160.3169,685.8837,15273.0,2603.0,205.7167,0.8931,2.3623,571.0,45.0466,0.4419,0.6129,791,1314,630,836,188.1106
12,131.7791,3,1422.9249,612.9461,14433.0,9534.0,189.7785,0.6741,2.0388,541.0,22.857,0.6748,0.8058,1314,1837,630,836,188.1106
12,132.1796,1,334.3778,701.7448,18807.0,3586.0,190.4683,0.6916,2.0156,645.0,17.4593,0.7638,0.8661,268,791,630,836,188.1106
12,132.1796,2,1167.8503,678.1253,14332.0,3689.0,159.9369,0.9769,1.7604,567.0,43.4655,0.4124,0.584,791,1314,630,836,188.1106
12,132.1796,3,1439.2674,612.0632,15674.0,10950.0,207.3731,0.5229,2.2776,544.0,19.3139,0.71,0.8304,1314,1837,630,836,188.1106
12,132.5802,1,330.3825,699.104,18649.0,3165.0,271.5476,0.9861,2.395,537.0,19.0592,0.7711,0.8707,268,791,630,836,188.1106
12,132.5802,2,1164.211,651.8775,12415.0,4448.0,162.6502,0.8669,1.8767,562.0,26.3841,0.586,0.739,791,1314,630,836,188.1106
12,132.5802,3,1458.0446,616.2908,16238.0,10353.0,209.0587,0.5937,2.2064,543.0,27.6496,0.5666,0.7234,1314,1837,630,836,188.1106
12,132.9807,1,332.4028,694.8769,21094.0,3652.0,263.1037,0.9995,2.361,537.0,27.6497,0.6359,0.7774,268,791,630,836,188.1106
12,132.9807,2,1155.2137,677.8047,14092.0,3401.0,177.4131,0.9998,2.0452,562.0,36.4332,0.4153,0.5869,791,1314,630,836,188.1106
12,132.9807,3,1464.1186,633.1246,17413.0,9368.0,218.2709,0.6502,2.3251,544.0,24.0055,0.6399,0.7804,1314,1837,630,836,188.1106
12,133.3813,1,349.7337,693.62,22452.0,4298.0,274.9445,0.9888,2.3197,537.0,30.53,0.6426,0.7824,268,791,630,836,188.1106
12,133.3813,2,1142.9697,680.2207,14207.0,2844.0,187.1732,0.9615,2.0677,571.0,33.6712,0.5564,0.715,791,1314,630,836,188.1106
12,133.3813,3,1483.2882,625.7233,18105.0,11008.0,229.5674,0.6162,2.5234,537.0,22.66,0.6305,0.7734,1314,1837,630,836,188.1106
12,133.7818,1,366.6632,696.5053,21053.0,3590.0,179.518,0.9777,1.5511,637.0,34.6797,0.5574,0.7158,268,791,630,836,188.1106
12,133.7818,2,1147.4614,679.6816,13823.0,2603.0,193.1997,0.9426,2.2919,575.0,30.2173,0.6701,0.8025,791,1314,630,836,188.1106
12,133.7818,3,1517.8022,606.9741,18234.0,13292.0,224.0433,0.4527,2.3256,537.0,28.7375,0.5044,0.6706,1314,1837,630,836,188.1106
12,134.1823,1,381.5506,699.49,21836.0,3607.0,178.0351,0.9848,1.494,635.0,29.4065,0.645,0.7842,268,791,630,836,188.1106
12,134.1823,2,1150.4239,677.2507,14111.0,2862.0,162.9325,0.952,1.7047,577.0,31.4894,0.6383,0.7792,791,1314,630,836,188.1106
12,134.1823,3,1531.2283,615.2415,18904.0,13024.0,208.819,0.5272,2.0062,537.0,23.3768,0.5925,0.7441,1314,1837,630,836,188.1106
12,134.5829,1,405.3308,701.2889,25776.0,3888.0,197.0187,0.8641,1.3501,635.0,26.3446,0.6182,0.7641,268,791,630,836,188.1106
12,134.5829,2,1155.3343,667.6725,13049.0,3832.0,162.3726,0.7839,1.8986,583.0,42.3372,0.4283,0.5998,791,1314,630,836,188.1106
12,134.5829,3,1541.7891,630.4072,19690.0,11114.0,233.4628,0.6247,2.2933,537.0,29.803,0.5621,0.7196,1314,1837,630,836,188.1106
12,134.9834,1,450.4788,729.8491,20749.0,143.0,205.9687,0.9756,1.6291,625.0,30.1261,0.4386,0.6097,268,791,630,836,188.1106
12,134.9834,2,1151.9594,650.8998,14052.0,5115.0,182.1997,0.4767,2.0542,585.0,36.0118,0.5401,0.7014,791,1314,630,836,188.1106
12,134.9834,3,1544.4604,631.6121,18258.0,9907.0,229.4472,0.7034,2.4356,537.0,21.4835,0.7,0.8235,1314,1837,630,836,188.1106
12,135.384,1,476.4778,719.131,19825.0,869.0,187.3877,0.9692,1.5193,629.0,32.7881,0.5123,0.6775,268,791,630,836,188.1106
12,135.384,2,1130.2975,647.5216,12722.0,4932.0,169.8574,0.4704,1.9521,585.0,34.2096,0.5704,0.7265,791,1314,630,836,188.1106
12,135.384,3,1547.3859,623.4038,16925.0,10233.0,190.7724,0.6933,2.0477,537.0,26.5372,0.6374,0.7786,1314,1837,630,836,188.1106
12,135.7845,1,478.7535,717.1903,18800.0,1008.0,183.0858,0.9921,1.5193,629.0,16.1638,0.787,0.8808,268,791,630,836,188.1106
12,135.7845,2,1102.8017,648.7493,12574.0,5129.0,177.7537,0.332,2.2758,587.0,37.3309,0.4692,0.6387,791,1314,630,836,188.1106
12,135.7845,3,1562.7722,618.8236,13898.0,9609.0,140.4946,0.7349,1.3627,537.0,26.5265,0.5219,0.6859,1314,1837,630,836,188.1106
12,136.1851,1,479.8331,716.6114,18575.0,848.0,189.7881,0.9371,1.6293,630.0,15.2419,0.7993,0.8885,268,791,630,836,188.1106
12,136.1851,2,1069.335,647.8845,13456.0,4383.0,182.7838,0.3876,2.1049,585.0,42.0608,0.4285,0.5999,791,1314,630,836,188.1106
12,136.1851,3,1568.4313,630.4491,15370.0,8737.0,161.0944,0.819,1.5929,537.0,22.2815,0.6296,0.7727,1314,1837,630,836,188.1106
12,136.5856,1,480.0141,714.3787,18444.0,816.0,195.8204,0.8753,1.7677,628.0,12.9919,0.8566,0.9228,268,791,630,836,188.1106
12,136.5856,2,1071.5521,666.8619,16099.0,4004.0,193.9494,0.7548,2.0395,572.0,34.0219,0.5084,0.6741,791,1314,630,836,188.1106
12,136.5856,3,1567.5703,637.5193,15982.0,8108.0,177.0476,0.809,1.7477,537.0,22.8179,0.6047,0.7536,1314,1837,630,836,188.1106
12,136.9862,1,478.0728,711.8557,18080.0,848.0,201.6078,0.8036,1.9084,630.0,14.8106,0.8194,0.9007,268,791,630,836,188.1106
12,136.9862,2,1073.1377,691.8446,15077.0,1042.0,205.0895,0.5653,2.349,603.0,39.55,0.4467,0.6175,791,1314,630,836,188.1106
12,136.9862,3,1564.6296,613.6298,13905.0,8705.0,177.6694,0.8029,1.8132,537.0,19.573,0.6909,0.8172,1314,1837,630,836,188.1106
12,137.3867,1,477.8513,709.8893,18107.0,1005.0,225.0995,0.7476,2.326,621.0,17.023,0.7574,0.862,268,791,630,836,188.1106
12,137.3867,2,1076.4796,697.6829,14681.0,1263.0,193.9077,0.8449,2.0723,600.0,30.7347,0.532,0.6945,791,1314,630,836,188.1106
12,137.3867,3,1554.1219,640.119,16787.0,8485.0,191.777,0.8275,1.9214,537.0,18.8571,0.719,0.8365,1314,1837,630,836,188.1106
12,137.7872,1,483.7105,711.8018,18137.0,963.0,223.1413,0.7894,2.3168,623.0,13.4825,0.826,0.9047,268,791,630,836,188.1106
12,137.7872,2,1081.889,683.7014,14221.0,2157.0,179.8109,0.8207,1.9769,583.0,31.5378,0.5348,0.6969,791,1314,630,836,188.1106
12,137.7872,3,1556.8288,636.4964,18915.0,9605.0,192.6911,0.8401,1.6623,537.0,29.0914,0.5839,0.7373,1314,1837,630,836,188.1106
12,138.1878,1,489.273,718.982,18346.0,923.0,229.2767,0.8063,2.4799,629.0,18.9441,0.7553,0.8606,268,791,630,836,188.1106
12,138.1878,2,1091.2156,680.8174,14285.0,2659.0,179.5629,0.896,1.9406,580.0,24.7782,0.6355,0.7771,791,1314,630,836,188.1106
12,138.1878,3,1564.7127,633.2439,18876.0,10026.0,192.8833,0.9524,1.6909,537.0,29.2893,0.5594,0.7175,1314,1837,630,836,188.1106
12,138.5883,1,501.1818,727.8228,19375.0,964.0,211.4757,0.9968,1.8616,620.0,30.555,0.5864,0.7393,268,791,630,836,188.1106
12,138.5883,2,1102.4349,690.5502,13727.0,1424.0,173.4495,0.8775,1.8475,594.0,22.1738,0.6951,0.8201,791,1314,630,836,188.1106
12,138.5883,3,1577.8201,638.7481,19488.0,9359.0,197.7995,0.9202,1.7653,537.0,31.8327,0.5695,0.7257,1314,1837,630,836,188.1106
12,138.9889,1,508.6582,720.2872,18558.0,863.0,214.7464,0.8311,2.1265,629.0,27.859,0.6238,0.7683,268,791,630,836,188.1106
12,138.9889,2,1109.1279,675.3267,15022.0,2482.0,205.7799,0.518,2.5108,596.0,37.8324,0.4136,0.5852,791,1314,630,836,188.1106
12,138.9889,3,1572.2861,637.5563,18468.0,9347.0,183.036,1.0,1.5254,539.0,24.8259,0.6522,0.7895,1314,1837,630,836,188.1106
12,139.3894,1,513.028,712.0091,18164.0,1026.0,197.5471,0.8797,1.8542,627.0,17.7126,0.7853,0.8797,268,791,630,836,188.1106
12,139.3894,2,1108.7236,655.6782,10200.0,3284.0,111.4649,1.0,1.1084,590.0,42.6161,0.3625,0.5322,791,1314,630,836,188.1106
12,139.3894,3,1542.5924,620.624,17540.0,10609.0,196.2201,0.6616,1.8311,540.0,33.8095,0.4793,0.648,1314,1837,630,836,188.1106
12,139.79,1,517.0764,711.5395,17771.0,886.0,184.4539,0.9629,1.6243,630.0,19.7208,0.7422,0.852,268,791,630,836,188.1106
12,139.79,2,1121.7377,641.5924,13036.0,5854.0,183.6614,0.4048,2.2159,584.0,32.0163,0.4946,0.6618,791,1314,630,836,188.1106
12,139.79,3,1515.1896,605.694,14780.0,11020.0,177.8422,0.4578,1.8152,545.0,34.7592,0.486,0.6541,1314,1837,630,836,188.1106
12,140.1905,1,520.1833,710.7947,18284.0,975.0,192.554,0.9827,1.6957,625.0,15.6105,0.8375,0.9116,268,791,630,836,188.1106
12,140.1905,2,1184.623,635.5036,13951.0,7063.0,193.5032,0.406,2.2168,576.0,50.5003,0.2742,0.4304,791,1314,630,836,188.1106
12,140.1905,3,1483.6923,617.8098,15988.0,10296.0,203.3928,0.4937,2.2219,552.0,40.6652,0.395,0.5663,1314,1837,630,836,188.1106
12,140.5911,1,522.9491,712.7906,15990.0,34.0,171.6906,0.9613,1.5086,629.0,22.3282,0.6614,0.7962,268,791,630,836,188.1106
12,140.5911,2,1225.9362,655.747,16440.0,5497.0,166.3811,0.872,1.4175,576.0,50.6158,0.3245,0.49,791,1314,630,836,188.1106
12,140.5911,3,1455.6538,630.9033,17167.0,10526.0,240.1577,0.3923,2.9175,551.0,34.3467,0.4278,0.5992,1314,1837,630,836,188.1106
12,140.9916,1,502.8639,701.5783,16157.0,847.0,181.4633,0.7195,1.739,630.0,25.4752,0.5862,0.7391,268,791,630,836,188.1106
12,140.9916,2,1243.9018,685.5963,15875.0,2843.0,182.4951,0.9207,1.8566,582.0,45.0649,0.4255,0.5969,791,1314,630,836,188.1106
12,140.9916,3,1426.6935,630.9682,16543.0,9662.0,185.1432,0.5845,2.0571,547.0,32.1247,0.435,0.6063,1314,1837,630,836,188.1106
12,141.3921,1,478.923,697.4669,17420.0,1267.0,163.9969,0.7854,1.3518,619.0,34.2492,0.5407,0.7019,268,791,630,836,188.1106
12,141.3921,2,1255.594,684.8886,15021.0,2637.0,187.6885,0.9449,1.9763,582.0,22.0028,0.7143,0.8333,791,1314,630,836,188.1106
12,141.3921,3,1420.0196,640.3026,16695.0,8353.0,187.8349,0.4507,1.8719,556.0,21.7902,0.6421,0.7821,1314,1837,630,836,188.1106
12,141.7927,1,441.0313,708.6982,19151.0,1007.0,189.0415,0.7171,1.6661,633.0,41.9189,0.3778,0.5484,268,791,630,836,188.1106
12,141.7927,2,1257.9938,668.2475,15081.0,4055.0,175.9458,0.9999,1.7242,582.0,27.7287,0.6584,0.794,791,1314,630,836,188.1106
12,141.7927,3,1397.2933,641.4398,13626.0,6914.0,163.1469,0.6772,1.6971,550.0,24.2391,0.5205,0.6847,1314,1837,630,836,188.1106
12,142.1932,1,399.6261,707.1468,23073.0,3126.0,201.0746,0.8237,1.7164,636.0,32.8145,0.434,0.6053,268,791,630,836,188.1106
12,142.1932,2,1245.1729,665.6191,17210.0,5424.0,189.2556,0.9163,1.7298,573.0,31.4466,0.6202,0.7656,791,1314,630,836,188.1106
12,142.1932,3,1398.7569,640.9638,11040.0,5557.0,138.167,0.959,1.7093,543.0,25.2103,0.5181,0.6826,1314,1837,630,836,188.1106
12,142.5938,1,392.1334,699.1132,22963.0,3240.0,197.9453,0.8331,1.6276,632.0,17.7183,0.7884,0.8817,268,791,630,836,188.1106
12,142.5938,2,1239.8469,674.3628,15385.0,2659.0,193.7861,0.787,1.9704,585.0,36.1459,0.5637,0.721,791,1314,630,836,188.1106
12,142.5938,3,1379.576,623.1402,9684.0,5286.0,149.4312,0.9996,2.0236,542.0,24.5619,0.4627,0.6327,1314,1837,630,836,188.1106
12,142.9943,1,390.6978,699.2413,22445.0,3155.0,199.2834,0.7567,1.6964,634.0,12.473,0.8526,0.9205,268,791,630,836,188.1106
12,142.9943,2,1230.6426,682.0673,15001.0,2328.0,175.0471,0.9361,1.7126,584.0,33.3902,0.6156,0.7621,791,1314,630,836,188.1106
12,142.9943,3,1402.2856,601.3698,10243.0,7780.0,129.9353,0.9276,1.3154,537.0,24.1137,0.4129,0.5844,1314,1837,630,836,188.1106
12,143.3949,1,389.9278,701.9117,22575.0,3084.0,204.4239,0.7816,1.7639,634.0,9.7552,0.8952,0.9447,268,791,630,836,188.1106
12,143.3949,2,1229.8141,677.197,15805.0,3502.0,178.2622,0.9667,1.7531,581.0,22.8836,0.7719,0.8713,791,1314,630,836,188.1106
12,143.3949,3,1422.5804,600.3619,10633.0,8108.0,142.2879,0.8727,1.5067,537.0,27.8335,0.5583,0.7165,1314,1837,630,836,188.1106
12,143.7954,1,384.1565,697.8656,22375.0,3685.0,289.9368,0.8441,2.5875,537.0,11.1449,0.8444,0.9156,268,791,630,836,188.1106
12,143.7954,2,1230.345,673.6114,15075.0,3622.0,165.5347,0.9815,1.6074,583.0,30.0694,0.628,0.7715,791,1314,630,836,188.1106
12,143.7954,3,1447.8921,621.3969,12367.0,7543.0,145.8338,0.9379,1.5612,537.0,31.912,0.4052,0.5767,1314,1837,630,836,188.1106
12,144.196,1,378.8901,702.0303,24284.0,3707.0,290.985,0.8836,2.4715,537.0,15.209,0.7872,0.8809,268,791,630,836,188.1106
12,144.196,2,1234.2721,669.296,15725.0,4214.0,168.6828,0.9978,1.5674,581.0,22.8576,0.7203,0.8374,791,1314,630,836,188.1106
12,144.196,3,1472.4297,614.2239,11637.0,7316.0,146.3657,0.9749,1.4936,537.0,27.9686,0.506,0.672,1314,1837,630,836,188.1106
12,144.5965,1,372.8506,704.7649,25420.0,3367.0,298.4308,0.8016,2.2255,537.0,18.3819,0.6942,0.8195,268,791,630,836,188.1106
12,144.5965,2,1241.5644,670.6799,15832.0,4057.0,171.8759,0.9867,1.596,582.0,23.0908,0.7524,0.8587,791,1314,630,836,188.1106
12,144.5965,3,1485.6434,634.9592,13946.0,7176.0,155.9351,0.9971,1.6496,537.0,26.0421,0.5476,0.7077,1314,1837,630,836,188.1106
12,144.997,1,376.9302,707.8087,24889.0,3486.0,292.5062,0.9145,2.402,537.0,23.5451,0.6533,0.7903,268,791,630,836,188.1106
12,144.997,2,1248.2304,672.9488,15796.0,3709.0,172.943,0.9459,1.625,583.0,23.8888,0.717,0.8351,791,1314,630,836,188.1106
12,144.997,3,1500.5008,643.6065,14743.0,7147.0,163.285,0.9956,1.7151,537.0,22.8258,0.5749,0.7301,1314,1837,630,836,188.1106
12,145.3976,1,375.1402,709.2233,22583.0,2961.0,298.9745,0.8656,2.5119,537.0,22.9149,0.7063,0.8279,268,791,630,836,188.1106
12,145.3976,2,1251.9585,670.4934,15125.0,3896.0,176.0385,0.9249,1.7559,583.0,22.9294,0.7552,0.8605,791,1314,630,836,188.1106
12,145.3976,3,1513.025,633.7587,14078.0,7407.0,181.4331,0.8855,2.1015,537.0,29.8348,0.4807,0.6493,1314,1837,630,836,188.1106
12,145.7981,1,372.125,714.8362,23777.0,3080.0,305.4547,0.8829,2.5381,537.0,12.6989,0.8254,0.9044,268,791,630,836,188.1106
12,145.7981,2,1256.6279,654.4566,13449.0,4541.0,167.389,0.9742,1.7069,577.0,26.7919,0.6649,0.7987,791,1314,630,836,188.1106
12,145.7981,3,1499.5002,608.8905,14743.0,10990.0,219.5766,0.4763,2.785,537.0,34.7202,0.4163,0.5879,1314,1837,630,836,188.1106
12,146.1987,1,362.9179,695.6327,21414.0,3110.0,278.6272,0.7935,2.022,537.0,26.8852,0.6589,0.7944,268,791,630,836,188.1106
12,146.1987,2,1254.6142,658.4108,12814.0,4370.0,164.3738,0.9861,1.8537,554.0,32.0514,0.5727,0.7283,791,1314,630,836,188.1106
12,146.1987,3,1456.5241,601.0173,13609.0,10724.0,187.626,0.4484,2.2631,537.0,40.3718,0.36,0.5294,1314,1837,630,836,188.1106
12,146.5992,1,351.2558,687.1363,19648.0,3174.0,247.7953,0.8883,1.8646,537.0,20.1193,0.7777,0.875,268,791,630,836,188.1106
12,146.5992,2,1251.7009,671.1322,12977.0,3268.0,166.1896,0.9232,2.0039,580.0,26.8968,0.6705,0.8028,791,1314,630,836,188.1106
12,146.5992,3,1440.7451,629.6936,13376.0,6634.0,173.6434,0.909,2.302,537.0,40.7533,0.2934,0.4537,1314,1837,630,836,188.1106
12,146.9998,1,341.591,702.0081,19681.0,3199.0,206.7808,0.6714,2.1474,642.0,29.4319,0.5995,0.7496,268,791,630,836,188.1106
12,146.9998,2,1245.7658,686.3863,13558.0,1912.0,185.4961,0.8983,2.1237,581.0,29.8641,0.6611,0.796,791,1314,630,836,188.1106
12,146.9998,3,1402.8772,661.4361,13422.0,5679.0,183.4448,0.9449,2.4611,546.0,38.1419,0.2626,0.416,1314,1837,630,836,188.1106
12,147.4003,1,328.8645,724.1803,21637.0,3031.0,218.9208,0.8779,2.0843,645.0,32.8605,0.5705,0.7266,268,791,630,836,188.1106
12,147.4003,2,1244.0268,673.4543,15447.0,3567.0,178.5869,0.93,1.7978,582.0,31.2429,0.6231,0.7678,791,1314,630,836,188.1106
12,147.4003,3,1390.8373,645.107,11091.0,4446.0,141.9439,0.8442,1.5862,572.0,27.712,0.5229,0.6867,1314,1837,630,836,188.1106
12,147.8009,1,326.5533,717.4744,22918.0,3050.0,302.322,0.9991,2.6953,537.0,30.39,0.6414,0.7815,268,791,630,836,188.1106
12,147.8009,2,1236.741,666.9974,17479.0,5406.0,194.4445,0.9995,1.8223,549.0,25.6825,0.6649,0.7988,791,1314,630,836,188.1106
12,147.8009,3,1390.908,615.519,9758.0,6611.0,133.0546,0.9141,1.5938,542.0,37.8741,0.439,0.6101,1314,1837,630,836,188.1106
12,148.2014,1,356.4462,686.5159,21186.0,4011.0,234.6916,0.68,2.6774,623.0,36.4201,0.5077,0.6735,268,791,630,836,188.1106
12,148.2014,2,1236.5865,675.5577,16013.0,3688.0,192.6852,0.9087,2.0455,582.0,28.8306,0.6163,0.7626,791,1314,630,836,188.1106
12,148.2014,3,1390.9847,623.3131,10291.0,6199.0,139.3781,0.9349,1.7487,537.0,22.7397,0.6184,0.7642,1314,1837,630,836,188.1106
12,148.6019,1,449.7671,685.5434,17025.0,669.0,254.7263,0.4088,3.2835,612.0,47.9991,0.1659,0.2846,268,791,630,836,188.1106
12,148.6019,2,1240.7657,687.0588,15926.0,2822.0,201.2002,0.9071,2.2223,582.0,24.6255,0.7084,0.8293,791,1314,630,836,188.1106
12,148.6019,3,1385.9632,640.1106,11692.0,5503.0,151.7099,0.9895,1.902,553.0,31.0636,0.5032,0.6695,1314,1837,630,836,188.1106
12,149.0025,1,525.6104,690.7537,10494.0,590.0,155.9779,0.7878,1.8969,613.0,49.027,0.2002,0.3336,268,791,630,836,188.1106
12,149.0025,2,1248.2195,685.4871,14316.0,2473.0,195.0077,0.9215,2.2964,582.0,22.1201,0.7031,0.8257,791,1314,630,836,188.1106
12,149.0025,3,1389.5683,653.557,13958.0,5285.0,165.3424,0.9479,1.7426,556.0,27.1996,0.5998,0.7499,1314,1837,630,836,188.1106
12,149.403,1,539.7965,708.5481,9175.0,247.0,144.7981,0.932,1.8595,624.0,30.656,0.4851,0.6533,268,791,630,836,188.1106
12,149.403,2,1246.4463,688.8011,13376.0,1620.0,171.1656,0.8512,1.9715,595.0,22.1062,0.722,0.8386,791,1314,630,836,188.1106
12,149.403,3,1390.8741,633.6231,13896.0,6642.0,171.89,0.9094,1.7528,537.0,26.7732,0.6468,0.7855,1314,1837,630,836,188.1106
12,149.8036,1,533.2925,722.836,9918.0,10.0,151.3747,0.8848,1.8856,647.0,21.0209,0.7075,0.8287,268,791,630,836,188.1106
12,149.8036,2,1245.1605,672.148,15287.0,3623.0,170.2166,0.9799,1.6389,581.0,33.6127,0.5267,0.69,791,1314,630,836,188.1106
12,149.8036,3,1380.7889,618.2974,10718.0,6418.0,156.3747,0.9621,1.9307,537.0,30.0302,0.5609,0.7187,1314,1837,630,836,188.1106
12,150.2041,1,524.3861,722.7681,11645.0,24.0,182.2035,0.8651,2.2727,629.0,22.3486,0.6708,0.8029,268,791,630,836,188.1106
12,150.2041,2,1229.7574,669.9001,16179.0,4015.0,173.3735,0.9865,1.49,560.0,32.2318,0.5697,0.7259,791,1314,630,836,188.1106
12,150.2041,3,1376.8876,665.9709,10263.0,3063.0,180.4978,0.9753,2.7902,560.0,42.96,0.429,0.6004,1314,1837,630,836,188.1106
12,150.6047,1,518.0067,718.235,12361.0,103.0,192.6891,0.8424,2.4039,627.0,18.3998,0.7317,0.845,268,791,630,836,188.1106
12,150.6047,2,1222.8684,670.2198,14804.0,3981.0,188.5852,0.9151,2.0602,571.0,24.2508,0.6322,0.7747,791,1314,630,836,188.1106
12,150.6047,3,1380.0164,652.6723,12954.0,4981.0,189.947,0.9933,2.323,556.0,25.1131,0.6516,0.7891,1314,1837,630,836,188.1106
12,151.0052,1,515.0435,709.482,11053.0,553.0,189.507,0.8918,2.6404,612.0,20.6025,0.7183,0.8361,268,791,630,836,188.1106
12,151.0052,2,1221.7548,650.0185,11821.0,4201.0,165.8365,0.9519,1.9367,568.0,29.4607,0.6324,0.7748,791,1314,630,836,188.1106
12,151.0052,3,1388.7719,624.6077,13978.0,8137.0,161.0754,0.9793,1.6098,537.0,31.3891,0.5495,0.7093,1314,1837,630,836,188.1106
12,151.4058,1,527.7593,711.4177,11194.0,755.0,156.1484,0.9995,1.8149,609.0,27.8374,0.4673,0.6369,268,791,630,836,188.1106
12,151.4058,2,1223.3817,634.9584,10737.0,5217.0,138.1061,0.6587,1.5812,565.0,35.8674,0.4155,0.5871,791,1314,630,836,188.1106
12,151.4058,3,1406.4835,619.4564,15074.0,8860.0,190.5721,0.8147,1.8915,537.0,26.907,0.5593,0.7173,1314,1837,630,836,188.1106
12,151.8063,1,526.9466,685.3974,10498.0,1250.0,145.5021,0.9902,1.8322,614.0,23.2337,0.5471,0.7073,268,791,630,836,188.1106
12,151.8063,2,1199.0201,640.0017,11583.0,5263.0,148.1144,0.6777,1.6934,567.0,38.3554,0.404,0.5754,791,1314,630,836,188.1106
12,151.8063,3,1444.4494,635.1011,18634.0,9888.0,231.3731,0.7472,2.477,537.0,40.6452,0.3342,0.501,1314,1837,630,836,188.1106
12,152.2068,1,523.6607,677.6298,10167.0,1464.0,147.544,0.9822,1.8445,615.0,17.8871,0.7299,0.8438,268,791,630,836,188.1106
12,152.2068,2,1176.1515,654.0045,13771.0,5089.0,153.1124,0.9094,1.5259,567.0,37.3352,0.4249,0.5964,791,1314,630,836,188.1106
12,152.2068,3,1476.2882,624.8452,17050.0,9949.0,205.8853,0.7707,2.3903,537.0,32.1921,0.4442,0.6152,1314,1837,630,836,188.1106
12,152.6074,1,518.4564,692.4501,11224.0,1477.0,163.7099,0.9983,2.1971,615.0,24.9363,0.6392,0.7799,268,791,630,836,188.1106
12,152.6074,2,1161.9286,669.281,13725.0,3390.0,181.8086,0.846,2.0528,578.0,39.9425,0.4584,0.6287,791,1314,630,836,188.1106
12,152.6074,3,1509.4881,627.4755,17784.0,9741.0,246.6407,0.6767,2.7715,537.0,37.9833,0.3687,0.5388,1314,1837,630,836,188.1106
12,153.0079,1,508.3303,700.9191,12378.0,1363.0,171.1003,0.9994,2.1057,617.0,25.5393,0.6249,0.7692,268,791,630,836,188.1106
12,153.0079,2,1146.0812,672.9647,13851.0,3363.0,182.809,0.8559,2.1248,574.0,30.688,0.561,0.7187,791,1314,630,836,188.1106
12,153.0079,3,1554.9197,627.3939,18254.0,9704.0,204.9205,0.8547,1.7741,537.0,39.3004,0.3611,0.5306,1314,1837,630,836,188.1106
12,153.4085,1,499.737,702.3485,13463.0,1611.0,188.2876,0.9817,2.3267,611.0,21.7545,0.6796,0.8093,268,791,630,836,188.1106
12,153.4085,2,1133.5416,655.2842,16973.0,6734.0,200.6526,0.7445,1.858,563.0,32.3412,0.5107,0.6761,791,1314,630,836,188.1106
12,153.4085,3,1558.4149,635.6135,19186.0,9700.0,205.477,0.7609,1.9168,537.0,23.6072,0.6784,0.8084,1314,1837,630,836,188.1106
12,153.809,1,500.3821,702.6649,13736.0,1438.0,182.0677,0.9661,2.129,614.0,15.7965,0.8019,0.89,268,791,630,836,188.1106
12,153.809,2,1115.1198,670.3569,17035.0,4450.0,201.7547,0.6901,2.2598,583.0,42.1601,0.4247,0.5962,791,1314,630,836,188.1106
12,153.809,3,1561.0987,632.1408,20963.0,11031.0,207.9881,0.9748,1.6491,537.0,29.2596,0.6142,0.761,1314,1837,630,836,188.1106
12,154.2096,1,502.9878,704.301,14480.0,1732.0,205.9443,0.9534,2.5854,608.0,23.1135,0.6919,0.8179,268,791,630,836,188.1106
12,154.2096,2,1107.316,688.1618,13612.0,1926.0,174.0599,0.8867,2.0259,579.0,34.4406,0.4308,0.6022,791,1314,630,836,188.1106
12,154.2096,3,1543.7438,630.7482,18553.0,9975.0,189.8339,0.9382,1.6798,537.0,31.6892,0.5355,0.6975,1314,1837,630,836,188.1106
12,154.6101,1,506.3316,707.1892,14109.0,1194.0,195.0532,0.844,2.4912,621.0,26.1863,0.7005,0.8239,268,791,630,836,188.1106
12,154.6101,2,1097.4558,668.425,12932.0,3163.0,174.0693,0.9889,1.9757,562.0,28.1892,0.6158,0.7622,791,1314,630,836,188.1106
12,154.6101,3,1521.0924,630.2512,18184.0,9186.0,187.4422,0.9966,1.6046,537.0,32.813,0.553,0.7122,1314,1837,630,836,188.1106
12,155.0107,1,512.8568,703.0195,13454.0,1292.0,183.4469,0.83,2.2884,617.0,20.2763,0.7332,0.8461,268,791,630,836,188.1106
12,155.0107,2,1104.8738,670.4936,13022.0,3273.0,174.5592,0.9917,2.0206,559.0,17.1382,0.7526,0.8588,791,1314,630,836,188.1106
12,155.0107,3,1505.1228,652.9868,24896.0,11003.0,236.9356,0.9764,1.9702,541.0,34.0832,0.5016,0.6681,1314,1837,630,836,188.1106
12,155.4112,1,517.221,696.2306,11468.0,1117.0,166.4343,0.8381,2.2001,623.0,20.4744,0.7333,0.8462,268,791,630,836,188.1106
12,155.4112,2,1105.6633,678.9837,12833.0,2411.0,168.0845,0.9876,1.8915,575.0,21.3294,0.7312,0.8447,791,1314,630,836,188.1106
12,155.4112,3,1490.797,650.1572,20118.0,8601.0,206.1016,0.982,1.8739,537.0,30.0958,0.5278,0.6909,1314,1837,630,836,188.1106
12,155.8117,1,516.6647,695.6389,12035.0,1249.0,167.6346,0.8388,2.1618,622.0,16.4939,0.7933,0.8847,268,791,630,836,188.1106
12,155.8117,2,1112.5562,683.1254,13474.0,2486.0,181.6964,0.9872,2.0718,570.0,20.7582,0.7459,0.8544,791,1314,630,836,188.1106
12,155.8117,3,1475.9875,631.981,19154.0,9906.0,241.6492,0.6993,2.4718,537.0,32.4562,0.4693,0.6388,1314,1837,630,836,188.1106
12,156.2123,1,520.1062,698.9559,13798.0,1503.0,181.5706,0.9229,2.1391,609.0,20.74,0.7533,0.8593,268,791,630,836,188.1106
12,156.2123,2,1110.6678,680.0425,13391.0,2483.0,171.7213,0.9816,1.8619,576.0,28.5156,0.5989,0.7492,791,1314,630,836,188.1106
12,156.2123,3,1431.5737,635.0388,18102.0,8477.0,179.9018,0.9991,1.4076,537.0,44.2343,0.3564,0.5256,1314,1837,630,836,188.1106
12,156.6128,1,521.0322,703.953,14182.0,1141.0,174.0168,0.8895,2.0022,628.0,15.5622,0.8021,0.8902,268,791,630,836,188.1106
12,156.6128,2,1118.0543,670.1614,13850.0,3499.0,185.0457,0.8313,2.1475,573.0,28.8164,0.6147,0.7614,791,1314,630,836,188.1106
12,156.6128,3,1442.046,655.753,19841.0,7279.0,218.6369,0.9611,1.8979,546.0,33.219,0.5199,0.6841,1314,1837,630,836,188.1106
12,157.0134,1,518.2577,704.1456,13718.0,1084.0,179.1796,0.8495,2.13,629.0,12.3016,0.827,0.9053,268,791,630,836,188.1106
12,157.0134,2,1125.3109,660.8348,13769.0,4510.0,172.4036,0.9058,1.8825,557.0,27.108,0.6246,0.7689,791,1314,630,836,188.1106
12,157.0134,3,1464.7371,652.2668,19291.0,8101.0,220.5837,0.9374,2.227,541.0,33.8276,0.5665,0.7232,1314,1837,630,836,188.1106
12,157.4139,1,517.4619,705.4252,15203.0,1195.0,184.7434,0.8846,2.062,629.0,13.8572,0.8236,0.9033,268,791,630,836,188.1106
12,157.4139,2,1137.8302,675.8384,14303.0,3289.0,170.2858,0.9533,1.8222,568.0,31.6714,0.5608,0.7186,791,1314,630,836,188.1106
12,157.4139,3,1485.5671,623.0479,15693.0,9734.0,174.734,0.7333,1.8072,537.0,32.2237,0.5053,0.6714,1314,1837,630,836,188.1106
12,157.8145,1,517.8553,704.6714,14797.0,1031.0,172.7518,0.8551,1.8276,629.0,13.8559,0.8174,0.8995,268,791,630,836,188.1106
12,157.8145,2,1153.7712,676.5654,13545.0,2795.0,173.7074,0.9623,1.9199,573.0,30.5711,0.5278,0.691,791,1314,630,836,188.1106
12,157.8145,3,1526.5917,630.2896,19870.0,10844.0,247.1197,0.7119,2.4962,537.0,44.9346,0.3066,0.4694,1314,1837,630,836,188.1106
12,158.215,1,521.4316,707.1072,14718.0,166.0,167.553,0.9041,1.6197,629.0,17.982,0.7747,0.873,268,791,630,836,188.1106
12,158.215,2,1163.1192,674.3789,13810.0,3291.0,174.5565,0.9675,1.9598,566.0,24.9319,0.6591,0.7945,791,1314,630,836,188.1106
12,158.215,3,1550.7512,646.2065,23418.0,9951.0,244.975,0.9238,1.8282,537.0,37.5294,0.4737,0.6429,1314,1837,630,836,188.1106
12,158.6155,1,523.0028,705.6317,14309.0,56.0,151.3496,0.9716,1.3309,629.0,20.0767,0.7545,0.8601,268,791,630,836,188.1106
12,158.6155,2,1175.3213,669.4012,13526.0,3465.0,169.9774,0.9827,1.8333,568.0,25.3783,0.6175,0.7635,791,1314,630,836,188.1106
12,158.6155,3,1533.7506,636.7593,19480.0,9189.0,208.0035,0.9336,1.8104,537.0,35.7577,0.461,0.6311,1314,1837,630,836,188.1106
12,159.0161,1,516.7568,708.0653,15370.0,8.0,156.0527,0.9724,1.3005,630.0,14.7086,0.8009,0.8895,268,791,630,836,188.1106
12,159.0161,2,1183.5547,673.3345,13417.0,3139.0,165.5404,0.9875,1.8009,572.0,24.3503,0.6884,0.8154,791,1314,630,836,188.1106
12,159.0161,3,1495.1698,641.8788,18932.0,8222.0,207.7735,0.9376,1.8267,537.0,42.988,0.4045,0.576,1314,1837,630,836,188.1106
12,159.4166,1,504.9464,705.963,14776.0,0.0,162.6613,0.8238,1.4524,630.0,21.161,0.7193,0.8367,268,791,630,836,188.1106
12,159.4166,2,1192.2272,671.8345,13398.0,3186.0,164.8767,0.9973,1.7238,566.0,25.712,0.6687,0.8015,791,1314,630,836,188.1106
12,159.4166,3,1471.5851,649.6224,20548.0,9142.0,210.9513,0.7799,1.9199,538.0,35.1855,0.483,0.6514,1314,1837,630,836,188.1106
12,159.8172,1,492.3142,707.7125,15578.0,0.0,171.7507,0.7556,1.569,630.0,22.8228,0.6999,0.8235,268,791,630,836,188.1106
12,159.8172,2,1200.2606,670.1753,12938.0,3281.0,156.8183,0.9104,1.6889,576.0,33.7441,0.5358,0.6978,791,1314,630,836,188.1106
12,159.8172,3,1451.5678,649.3506,20019.0,8635.0,196.4192,0.8922,1.659,540.0,28.0923,0.5456,0.706,1314,1837,630,836,188.1106
12,160.2177,1,474.9289,706.4405,16017.0,0.0,181.1019,0.618,1.6976,632.0,20.4848,0.6987,0.8227,268,791,630,836,188.1106
12,160.2177,2,1187.9392,644.4076,13349.0,5476.0,181.9143,0.7135,2.08,565.0,34.7421,0.5777,0.7323,791,1314,630,836,188.1106
12,160.2177,3,1459.1586,642.9344,17765.0,8323.0,180.2963,0.9475,1.655,537.0,21.9782,0.6325,0.7749,1314,1837,630,836,188.1106
12,160.6183,1,456.0308,710.9628,17550.0,0.0,195.2421,0.6204,1.7842,632.0,27.0814,0.6092,0.7572,268,791,630,836,188.1106
12,160.6183,2,1173.2118,641.0752,12734.0,5450.0,172.4567,0.5698,1.891,577.0,33.3452,0.6101,0.7578,791,1314,630,836,188.1106
12,160.6183,3,1470.9131,651.8089,20821.0,8213.0,211.9504,0.9678,1.7885,543.0,32.8738,0.4892,0.657,1314,1837,630,836,188.1106
12,161.0188,1,436.0779,726.8196,19323.0,0.0,216.3565,0.7095,1.9332,634.0,32.9111,0.5249,0.6885,268,791,630,836,188.1106
12,161.0188,2,1161.7055,650.8018,13458.0,5243.0,172.7685,0.6083,1.9187,578.0,32.3945,0.6092,0.7572,791,1314,630,836,188.1106
12,161.0188,3,1509.153,637.5317,20601.0,10352.0,229.9859,0.731,2.1127,537.0,37.6017,0.4223,0.5938,1314,1837,630,836,188.1106
12,161.4194,1,404.3659,712.7932,23963.0,2992.0,224.3695,0.8918,1.9107,629.0,25.5047,0.5308,0.6935,268,791,630,836,188.1106
12,161.4194,2,1147.7072,668.3439,15511.0,4575.0,204.7883,0.8032,2.2996,576.0,45.6434,0.4519,0.6225,791,1314,630,836,188.1106
12,161.4194,3,1521.7112,631.5284,19762.0,10704.0,232.023,0.6927,2.2266,537.0,24.3229,0.6476,0.7861,1314,1837,630,836,188.1106
12,161.8199,1,401.0521,735.0359,18586.0,0.0,191.3785,0.9891,1.5619,633.0,29.6109,0.4785,0.6473,268,791,630,836,188.1106
12,161.8199,2,1146.759,686.505,14988.0,1939.0,202.345,0.7138,2.4032,585.0,35.5244,0.5442,0.7048,791,1314,630,836,188.1106
12,161.8199,3,1521.1828,639.8994,20006.0,9871.0,243.0335,0.6808,2.423,541.0,25.052,0.6835,0.812,1314,1837,630,836,188.1106
12,162.2204,1,396.3439,722.0635,18065.0,0.0,203.7073,0.8124,1.9293,633.0,26.277,0.6233,0.7679,268,791,630,836,188.1106
12,162.2204,2,1124.6938,680.2479,15557.0,4039.0,214.2853,0.9995,2.4531,556.0,43.9514,0.3678,0.5378,791,1314,630,836,188.1106
12,162.2204,3,1523.7677,628.7097,18906.0,10964.0,218.5159,0.6667,2.1223,537.0,28.8353,0.5877,0.7403,1314,1837,630,836,188.1106
12,162.621,1,415.8296,698.6979,16807.0,0.0,222.1388,0.5068,2.402,631.0,30.1082,0.5923,0.7439,268,791,630,836,188.1106
12,162.621,2,1125.1128,678.5527,13426.0,2482.0,180.5515,0.9614,1.9805,573.0,24.4151,0.6695,0.8021,791,1314,630,836,188.1106
12,162.621,3,1514.7476,621.6934,17243.0,11075.0,236.0884,0.5448,2.8551,537.0,22.9901,0.5944,0.7456,1314,1837,630,836,188.1106
12,163.0215,1,447.9825,694.7967,18919.0,233.0,238.3431,0.4439,2.5285,621.0,30.3855,0.568,0.7245,268,791,630,836,188.1106
12,163.0215,2,1122.7931,685.0163,14058.0,2570.0,193.705,0.9999,2.1904,571.0,25.5158,0.651,0.7886,791,1314,630,836,188.1106
12,163.0215,3,1520.1811,616.3508,15859.0,11054.0,212.0363,0.5443,2.5621,537.0,18.6542,0.6897,0.8163,1314,1837,630,836,188.1106
12,163.4221,1,477.9488,709.1974,17020.0,390.0,213.8071,0.8634,2.1306,617.0,38.7954,0.4041,0.5756,268,791,630,836,188.1106
12,163.4221,2,1122.5305,680.7065,13493.0,2513.0,179.3363,0.9395,2.0473,579.0,31.3305,0.6243,0.7687,791,1314,630,836,188.1106
12,163.4221,3,1530.991,616.3815,17049.0,11816.0,196.8854,0.5259,2.0745,537.0,17.3067,0.717,0.8352,1314,1837,630,836,188.1106
12,163.8226,1,509.7308,729.3202,16111.0,24.0,203.8543,0.7884,2.0962,630.0,43.8922,0.3352,0.5021,268,791,630,836,188.1106
12,163.8226,2,1126.5894,678.6153,14012.0,3080.0,167.099,0.9837,1.8089,578.0,32.5843,0.5174,0.682,791,1314,630,836,188.1106
12,163.8226,3,1535.9513,629.9569,17319.0,10354.0,212.3778,0.6017,2.3307,537.0,26.967,0.5728,0.7284,1314,1837,630,836,188.1106
12,164.2232,1,515.7514,730.2843,16376.0,5.0,197.1643,0.8613,1.8916,630.0,15.3265,0.7807,0.8768,268,791,630,836,188.1106
12,164.2232,2,1127.0097,658.1009,14244.0,5256.0,184.4436,0.7179,2.1397,569.0,36.6121,0.4566,0.6269,791,1314,630,836,188.1106
12,164.2232,3,1535.0686,631.9521,17837.0,10150.0,216.2327,0.6383,2.3455,537.0,22.0916,0.6468,0.7855,1314,1837,630,836,188.1106
12,164.6237,1,500.0912,708.3664,13138.0,361.0,198.61,0.6539,2.5815,622.0,35.5175,0.4435,0.6145,268,791,630,836,188.1106
12,164.6237,2,1113.08,649.9104,14391.0,5928.0,181.0213,0.5617,1.9916,574.0,29.6004,0.6003,0.7502,791,1314,630,836,188.1106
12,164.6237,3,1521.7112,637.9242,17714.0,9152.0,206.7247,0.7761,2.1591,537.0,25.4526,0.5555,0.7142,1314,1837,630,836,188.1106
12,165.0243,1,518.4795,678.2337,9967.0,952.0,165.1632,0.7488,2.2218,604.0,28.118,0.5681,0.7246,268,791,630,836,188.1106
12,165.0243,2,1103.3388,661.6269,14097.0,4500.0,177.055,0.7011,2.0217,573.0,34.4706,0.5232,0.687,791,1314,630,836,188.1106
12,165.0243,3,1505.1352,641.2522,17646.0,8832.0,211.6344,0.8263,2.3078,537.0,26.6429,0.5724,0.7281,1314,1837,630,836,188.1106
12,165.4248,1,532.0819,686.6624,9690.0,798.0,157.5813,0.8821,2.0946,605.0,30.3438,0.5429,0.7038,268,791,630,836,188.1106
12,165.4248,2,1094.1964,675.5499,14020.0,3158.0,168.812,0.9493,1.7879,568.0,33.8082,0.4735,0.6427,791,1314,630,836,188.1106
12,165.4248,3,1494.5386,637.5477,18180.0,9777.0,231.92,0.6735,2.6855,537.0,26.7689,0.5077,0.6735,1314,1837,630,836,188.1106
12,165.8253,1,525.1471,706.2012,10429.0,437.0,164.7329,0.8625,2.1302,625.0,25.8005,0.7196,0.8369,268,791,630,836,188.1106
12,165.8253,2,1096.1638,684.2347,13671.0,2411.0,164.6852,0.9955,1.7716,579.0,31.3658,0.5334,0.6957,791,1314,630,836,188.1106
12,165.8253,3,1490.2786,629.2213,15598.0,9562.0,230.8294,0.5661,3.2465,537.0,23.4049,0.541,0.7021,1314,1837,630,836,188.1106
12,166.2259,1,521.7981,712.2769,10559.0,281.0,172.7573,0.8472,2.2984,624.0,14.6715,0.8321,0.9083,268,791,630,836,188.1106
12,166.2259,2,1098.729,675.8454,13996.0,3352.0,166.7541,0.9958,1.7758,577.0,22.335,0.6689,0.8016,791,1314,630,836,188.1106
12,166.2259,3,1539.1586,584.2157,12007.0,11478.0,179.0501,0.354,2.127,537.0,30.699,0.4342,0.6055,1314,1837,630,836,188.1106
12,166.6264,1,517.1887,699.8958,12044.0,1269.0,183.6437,0.8539,2.4729,614.0,16.1974,0.7484,0.8561,268,791,630,836,188.1106
12,166.6264,2,1097.9791,657.1005,13519.0,4335.0,182.6904,0.7096,2.1773,579.0,38.9846,0.4342,0.6055,791,1314,630,836,188.1106
12,166.6264,3,1554.7816,610.4521,15148.0,10429.0,163.0617,0.6904,1.587,537.0,37.8254,0.4088,0.5804,1314,1837,630,836,188.1106
12,167.027,1,515.5915,699.8626,12446.0,1313.0,171.5645,0.8173,2.2055,629.0,12.7819,0.8367,0.9111,268,791,630,836,188.1106
12,167.027,2,1087.4759,649.793,12715.0,5012.0,164.5284,0.5519,1.8919,581.0,31.2373,0.5826,0.7362,791,1314,630,836,188.1106
12,167.027,3,1564.8487,643.2079,16964.0,8127.0,189.3747,0.7919,1.8952,537.0,35.8763,0.4588,0.629,1314,1837,630,836,188.1106
12,167.4275,1,519.5401,700.4179,12107.0,1289.0,160.9975,0.8625,2.0404,636.0,19.9557,0.7602,0.8638,268,791,630,836,188.1106
12,167.4275,2,1072.7012,654.0229,12207.0,4426.0,160.4223,0.518,1.8594,584.0,32.0391,0.5546,0.7135,791,1314,630,836,188.1106
12,167.4275,3,1566.1364,647.8253,17935.0,7599.0,203.687,0.7735,1.9409,537.0,25.7542,0.6668,0.8001,1314,1837,630,836,188.1106
12,167.8281,1,523.8514,703.5867,12445.0,1202.0,162.5472,0.8767,1.9807,628.0,23.3938,0.7127,0.8323,268,791,630,836,188.1106
12,167.8281,2,1062.6953,660.5784,12433.0,3773.0,162.3114,0.6943,1.8966,583.0,31.4896,0.5942,0.7455,791,1314,630,836,188.1106
12,167.8281,3,1552.5198,635.8643,18161.0,9469.0,215.518,0.6647,2.1982,537.0,32.4279,0.5407,0.7019,1314,1837,630,836,188.1106
12,168.2286,1,531.3735,691.0133,12504.0,2047.0,180.251,0.9853,2.2843,593.0,29.678,0.5982,0.7486,268,791,630,836,188.1106
12,168.2286,2,1062.2964,678.217,13087.0,2759.0,183.9057,0.8735,2.2764,585.0,33.3637,0.5537,0.7128,791,1314,630,836,188.1106
12,168.2286,3,1542.0959,630.8426,19150.0,10959.0,222.1833,0.6441,2.1859,537.0,29.059,0.6148,0.7615,1314,1837,630,836,188.1106
12,168.6292,1,534.6565,695.3523,14229.0,2800.0,168.3183,0.9639,2.1277,629.0,26.6843,0.6509,0.7885,268,791,630,836,188.1106
12,168.6292,2,1070.8033,694.6818,14218.0,2138.0,199.8746,0.9665,2.3887,588.0,31.9278,0.5715,0.7273,791,1314,630,836,188.1106
12,168.6292,3,1530.6981,647.1741,19153.0,9268.0,205.1056,0.7522,2.0186,541.0,27.8916,0.5577,0.7161,1314,1837,630,836,188.1106
12,169.0297,1,538.4661,738.3795,14525.0,1009.0,194.9362,0.9838,2.2739,645.0,32.1155,0.5478,0.7079,268,791,630,836,188.1106
12,169.0297,2,1084.5807,693.8384,15072.0,2921.0,227.6667,0.9977,2.8308,567.0,33.4161,0.5729,0.7284,791,1314,630,836,188.1106
12,169.0297,3,1525.142,647.621,19284.0,8264.0,205.3719,0.9315,1.8275,537.0,27.3026,0.5611,0.7189,1314,1837,630,836,188.1106
12,169.4302,1,534.2658,717.6087,14319.0,1593.0,191.1423,0.9595,2.4904,628.0,21.3268,0.7195,0.8368,268,791,630,836,188.1106
12,169.4302,2,1095.7681,702.0501,15401.0,1983.0,215.1535,0.9962,2.4118,582.0,31.9796,0.605,0.7539,791,1314,630,836,188.1106
12,169.4302,3,1518.1763,641.8493,19362.0,9664.0,202.0568,0.9322,1.7934,537.0,27.0541,0.5802,0.7343,1314,1837,630,836,188.1106
12,169.8308,1,525.6542,687.9231,13537.0,2458.0,204.1597,0.9201,2.6484,591.0,30.1754,0.542,0.703,268,791,630,836,188.1106
12,169.8308,2,1111.0977,692.7836,16023.0,2731.0,204.3032,0.9671,2.1509,576.0,30.3201,0.619,0.7647,791,1314,630,836,188.1106
12,169.8308,3,1552.7361,622.9452,20798.0,11774.0,195.943,0.8812,1.4942,537.0,33.5447,0.4412,0.6123,1314,1837,630,836,188.1106
12,170.2313,1,533.9767,687.153,12042.0,2586.0,212.8124,0.9702,3.301,580.0,21.4187,0.6653,0.799,268,791,630,836,188.1106
12,170.2313,2,1110.6821,665.4103,14045.0,4150.0,190.117,0.9564,2.176,555.0,43.2214,0.4416,0.6127,791,1314,630,836,188.1106
12,170.2313,3,1558.4406,625.4059,18722.0,10323.0,202.3333,0.7395,1.9058,537.0,25.7323,0.6322,0.7747,1314,1837,630,836,188.1106
12,170.6319,1,532.9735,714.9744,10615.0,1373.0,158.46,0.9396,2.4627,660.0,32.7712,0.5609,0.7187,268,791,630,836,188.1106
12,170.6319,2,1133.3522,684.9231,15686.0,3207.0,209.2808,1.0,2.2765,568.0,49.2759,0.4125,0.584,791,1314,630,836,188.1106
12,170.6319,3,1566.5297,597.0707,11692.0,9115.0,151.0368,0.796,1.5275,537.0,29.0407,0.5541,0.7131,1314,1837,630,836,188.1106
12,171.0324,1,535.9926,703.9719,11414.0,1923.0,164.1453,0.9503,2.6042,641.0,15.3589,0.792,0.8839,268,791,630,836,188.1106
12,171.0324,2,1154.7893,702.0574,15579.0,2526.0,228.2193,0.9958,2.7849,576.0,40.4988,0.5037,0.67,791,1314,630,836,188.1106
12,171.0324,3,1577.5411,603.5204,11753.0,8876.0,135.4087,0.9338,1.2413,537.0,19.4242,0.6879,0.8151,1314,1837,630,836,188.1106
12,171.433,1,550.1722,704.5881,8706.0,1673.0,190.7028,0.9789,4.1941,622.0,23.9677,0.5439,0.7046,268,791,630,836,188.1106
12,171.433,2,1159.578,687.0841,15181.0,2998.0,207.8621,0.9998,2.3811,567.0,34.7887,0.6367,0.778,791,1314,630,836,188.1106
12,171.433,3,1580.8834,629.6437,13872.0,6903.0,184.0689,0.9481,1.9279,537.0,31.5641,0.551,0.7105,1314,1837,630,836,188.1106
12,171.8335,1,530.2654,723.0063,11178.0,1067.0,197.2162,0.9279,3.3029,654.0,26.4186,0.4382,0.6093,268,791,630,836,188.1106
12,171.8335,2,1165.9452,674.9344,15347.0,3999.0,212.4315,0.9994,2.4327,552.0,26.5599,0.6868,0.8143,791,1314,630,836,188.1106
12,171.8335,3,1583.3302,635.7207,15465.0,7103.0,177.0116,0.9906,1.7252,537.0,27.2844,0.5866,0.7394,1314,1837,630,836,188.1106
12,172.2341,1,526.0806,722.167,14517.0,1280.0,199.4049,0.9938,2.2539,620.0,37.7078,0.455,0.6254,268,791,630,836,188.1106
12,172.2341,2,1174.9659,691.5957,14780.0,2513.0,207.1799,0.9772,2.425,579.0,33.0656,0.625,0.7692,791,1314,630,836,188.1106
12,172.2341,3,1558.2742,618.9097,10117.0,6542.0,137.1295,0.965,1.7316,537.0,34.9818,0.3658,0.5356,1314,1837,630,836,188.1106
12,172.6346,1,521.1769,684.7574,12378.0,2496.0,201.3153,0.9946,2.6387,571.0,38.0474,0.4346,0.6059,268,791,630,836,188.1106
12,172.6346,2,1176.6955,690.541,13803.0,2124.0,191.8805,0.9841,2.218,583.0,20.5045,0.7896,0.8824,791,1314,630,836,188.1106
12,172.6346,3,1525.6488,587.7854,8058.0,7375.0,109.2852,0.9991,1.0647,537.0,27.7936,0.413,0.5845,1314,1837,630,836,188.1106
12,173.0351,1,524.7834,694.889,11700.0,1777.0,195.5926,0.9903,2.5817,600.0,27.6034,0.5844,0.7377,268,791,630,836,188.1106
12,173.0351,2,1179.3778,680.3703,14430.0,3090.0,195.6231,0.9917,2.2594,566.0,23.9477,0.7593,0.8632,791,1314,630,836,188.1106
12,173.0351,3,1509.8301,594.1594,9886.0,8033.0,130.9579,0.786,1.4697,537.0,23.5798,0.5776,0.7323,1314,1837,630,836,188.1106
12,173.4357,1,502.8514,696.0968,13411.0,1698.0,180.6335,0.9372,2.2037,605.0,33.4502,0.4231,0.5946,268,791,630,836,188.1106
12,173.4357,2,1190.3289,678.0909,15307.0,3543.0,196.9041,0.969,2.2689,574.0,29.0274,0.6371,0.7784,791,1314,630,836,188.1106
12,173.4357,3,1509.1843,597.2567,11175.0,8915.0,140.9532,0.7663,1.4372,537.0,19.4787,0.7464,0.8548,1314,1837,630,836,188.1106
12,173.8362,1,474.9352,680.9287,13837.0,2478.0,178.55,0.9913,1.8688,582.0,36.4142,0.4486,0.6193,268,791,630,836,188.1106
12,173.8362,2,1196.3535,687.8005,14503.0,2498.0,203.0627,0.9655,2.3622,579.0,22.5648,0.7457,0.8543,791,1314,630,836,188.1106
12,173.8362,3,1507.6763,605.9435,11754.0,8382.0,156.4863,0.8277,1.6959,537.0,18.999,0.7314,0.8449,1314,1837,630,836,188.1106
12,174.2368,1,462.665,709.8288,16007.0,1246.0,194.3383,1.0,2.0441,617.0,31.2189,0.5434,0.7042,268,791,630,836,188.1106
12,174.2368,2,1201.1718,685.3476,13851.0,2478.0,185.7967,0.9754,2.164,583.0,28.2772,0.7116,0.8315,791,1314,630,836,188.1106
12,174.2368,3,1506.225,612.7251,12363.0,7935.0,164.379,0.9417,1.7442,537.0,16.0973,0.7785,0.8755,1314,1837,630,836,188.1106
12,174.6373,1,467.118,715.9914,16774.0,1809.0,235.8856,0.9391,2.8195,597.0,35.3454,0.5832,0.7368,268,791,630,836,188.1106
12,174.6373,2,1211.3441,670.3841,14308.0,3494.0,177.4462,0.8922,1.9448,584.0,34.9454,0.583,0.7366,791,1314,630,836,188.1106
12,174.6373,3,1509.3611,629.3826,13474.0,7717.0,154.173,0.9958,1.6521,537.0,25.7054,0.6283,0.7718,1314,1837,630,836,188.1106
12,175.0379,1,476.1132,693.6493,16444.0,3024.0,248.7383,0.8729,2.9781,571.0,35.9628,0.5789,0.7333,268,791,630,836,188.1106
12,175.0379,2,1216.3552,660.864,14658.0,4689.0,169.3107,0.8741,1.8252,572.0,32.8065,0.6507,0.7884,791,1314,630,836,188.1106
12,175.0379,3,1505.862,610.0246,11624.0,8350.0,153.7981,0.6558,1.9154,537.0,31.7377,0.4039,0.5754,1314,1837,630,836,188.1106
12,175.4384,1,506.559,698.1052,13376.0,2233.0,230.7766,0.9058,3.4813,586.0,58.3493,0.3065,0.4691,268,791,630,836,188.1106
12,175.4384,2,1218.0977,654.7697,13976.0,4977.0,186.95,0.9981,2.1247,537.0,37.3476,0.5536,0.7126,791,1314,630,836,188.1106
12,175.4384,3,1477.7075,605.4221,12590.0,9349.0,157.8802,0.5942,1.8071,537.0,29.6184,0.4823,0.6508,1314,1837,630,836,188.1106
12,175.839,1,522.5671,724.0159,11041.0,884.0,216.4974,0.9582,3.8626,635.0,54.1502,0.3061,0.4688,268,791,630,836,188.1106
12,175.839,2,1207.7131,669.2727,14392.0,3812.0,177.478,0.9677,1.9513,564.0,36.4023,0.583,0.7366,791,1314,630,836,188.1106
12,175.839,3,1463.4867,620.2428,14684.0,9172.0,183.5673,0.6698,2.0048,537.0,30.1456,0.5089,0.6745,1314,1837,630,836,188.1106
12,176.2395,1,523.0626,725.1568,9643.0,859.0,154.1367,0.9549,2.7838,676.0,19.7241,0.7162,0.8347,268,791,630,836,188.1106
12,176.2395,2,1187.0601,673.1822,14892.0,3547.0,185.6986,0.936,2.0804,567.0,35.2284,0.5225,0.6864,791,1314,630,836,188.1106
12,176.2395,3,1468.3258,634.5107,14225.0,7945.0,184.8767,0.6571,2.2314,537.0,22.8959,0.6388,0.7796,1314,1837,630,836,188.1106
12,176.64,1,512.9886,703.8843,10531.0,1299.0,211.049,0.9996,3.5196,609.0,38.2371,0.452,0.6226,268,791,630,836,188.1106
12,176.64,2,1170.1344,675.019,14921.0,3749.0,173.2565,0.925,1.8311,574.0,41.2075,0.4627,0.6327,791,1314,630,836,188.1106
12,176.64,3,1459.9614,638.6496,14290.0,7403.0,186.5466,0.649,2.3328,540.0,20.7359,0.649,0.7872,1314,1837,630,836,188.1106
12,177.0406,1,484.3466,681.3888,13102.0,1637.0,188.9274,0.7995,2.2094,609.0,41.9831,0.3456,0.5137,268,791,630,836,188.1106
12,177.0406,2,1162.9348,668.3834,12876.0,3534.0,154.4883,0.9459,1.6998,574.0,29.2941,0.6056,0.7544,791,1314,630,836,188.1106
12,177.0406,3,1457.2545,641.7617,14169.0,6996.0,189.8271,0.728,2.3597,540.0,20.9386,0.6697,0.8022,1314,1837,630,836,188.1106
12,177.4411,1,417.5103,667.2689,20781.0,5562.0,229.9297,0.7457,2.3103,586.0,46.1322,0.2415,0.389,268,791,630,836,188.1106
12,177.4411,2,1172.6766,656.9708,13896.0,5050.0,168.617,0.8319,1.9,573.0,20.9018,0.6591,0.7946,791,1314,630,836,188.1106
12,177.4411,3,1456.8825,646.2304,13348.0,6216.0,190.4855,0.782,2.4479,542.0,20.8212,0.6514,0.7889,1314,1837,630,836,188.1106
12,177.8417,1,403.2503,701.8711,18685.0,2660.0,244.6618,0.7235,3.0115,624.0,43.7912,0.3584,0.5277,268,791,630,836,188.1106
12,177.8417,2,1184.9388,640.3861,14255.0,6962.0,193.1157,0.6488,2.3885,560.0,36.4029,0.5397,0.7011,791,1314,630,836,188.1106
12,177.8417,3,1444.5976,637.0801,13718.0,6621.0,167.148,0.9415,1.7022,554.0,29.1398,0.5092,0.6748,1314,1837,630,836,188.1106
12,178.2422,1,387.355,691.2931,16540.0,2840.0,232.5641,0.7806,2.9848,602.0,31.2319,0.6576,0.7934,268,791,630,836,188.1106
12,178.2422,2,1204.8804,646.9297,14331.0,6234.0,177.3159,0.8449,2.0672,552.0,44.3835,0.4475,0.6183,791,1314,630,836,188.1106
12,178.2422,3,1440.6446,613.9119,9817.0,5966.0,143.0599,0.9527,1.677,548.0,21.0048,0.6273,0.7709,1314,1837,630,836,188.1106
12,178.6428,1,376.3364,693.6235,16047.0,1479.0,217.5718,0.6996,2.5878,614.0,32.5762,0.5926,0.7442,268,791,630,836,188.1106
12,178.6428,2,1214.5729,656.1689,14137.0,5060.0,184.2685,0.9507,2.1004,548.0,31.5309,0.5932,0.7446,791,1314,630,836,188.1106
12,178.6428,3,1433.0415,615.758,9616.0,5907.0,138.1023,0.9788,1.6668,544.0,16.3422,0.7072,0.8285,1314,1837,630,836,188.1106
12,179.0433,1,357.5501,705.9702,15289.0,532.0,207.6269,0.7387,2.3028,616.0,43.0039,0.484,0.6523,268,791,630,836,188.1106
12,179.0433,2,1205.6039,672.3465,14248.0,3501.0,193.8672,0.9639,2.261,562.0,34.5222,0.6066,0.7551,791,1314,630,836,188.1106
12,179.0433,3,1440.2944,637.6164,12043.0,6013.0,157.6838,0.9671,1.8928,537.0,16.5792,0.7076,0.8288,1314,1837,630,836,188.1106
12,179.4439,1,340.9376,705.2081,13529.0,411.0,184.3021,0.7542,2.1075,617.0,36.0122,0.5754,0.7304,268,791,630,836,188.1106
12,179.4439,2,1196.1607,683.1561,14807.0,2729.0,194.8349,0.9138,2.2636,577.0,31.0459,0.6638,0.7979,791,1314,630,836,188.1106
12,179.4439,3,1440.2132,641.6546,12576.0,5826.0,167.2945,0.9788,1.9538,537.0,17.1103,0.7073,0.8285,1314,1837,630,836,188.1106
12,179.8444,1,336.2862,713.3777,14009.0,85.0,180.4434,0.7642,1.8968,625.0,26.1567,0.7109,0.831,268,791,630,836,188.1106
12,179.8444,2,1185.4258,665.6934,14649.0,4171.0,198.4116,0.9264,2.3155,563.0,38.8147,0.5685,0.7249,791,1314,630,836,188.1106
12,179.8444,3,1441.7463,645.681,13447.0,5834.0,177.0973,0.9813,2.0494,537.0,13.507,0.8133,0.8971,1314,1837,630,836,188.1106
12,180.2449,1,345.6877,718.3525,13123.0,29.0,178.0809,0.8004,1.999,629.0,25.6839,0.6976,0.8218,268,791,630,836,188.1106
12,180.2449,2,1175.7365,666.7381,15809.0,4917.0,206.7428,0.9114,2.4069,552.0,29.0646,0.6614,0.7962,791,1314,630,836,188.1106
12,180.2449,3,1443.3932,645.8048,14546.0,6210.0,186.1861,0.9979,2.0334,537.0,20.33,0.6943,0.8196,1314,1837,630,836,188.1106
12,180.6455,1,355.1572,723.3628,14911.0,630.0,200.1136,0.9703,2.117,608.0,29.671,0.6129,0.76,268,791,630,836,188.1106
12,180.6455,2,1179.4855,666.322,15480.0,4537.0,191.7192,0.8832,2.1055,562.0,24.4579,0.7046,0.8267,791,1314,630,836,188.1106
12,180.6455,3,1449.5929,614.625,12788.0,7718.0,178.433,0.8989,1.8403,537.0,29.4736,0.6,0.75,1314,1837,630,836,188.1106
12,181.046,1,362.1823,716.6757,14257.0,171.0,192.9358,0.8848,2.1086,623.0,28.4449,0.6303,0.7732,268,791,630,836,188.1106
12,181.046,2,1180.3217,659.5649,14782.0,4807.0,185.5391,0.8116,2.0714,565.0,19.6012,0.7865,0.8805,791,1314,630,836,188.1106
12,181.046,3,1466.6926,622.5675,15767.0,9137.0,198.0741,0.8895,1.7473,537.0,26.6257,0.5696,0.7258,1314,1837,630,836,188.1106
12,181.4466,1,362.8471,716.545,13601.0,368.0,198.5357,0.8452,2.3438,616.0,19.567,0.7409,0.8512,268,791,630,836,188.1106
12,181.4466,2,1187.2976,650.4755,14430.0,5889.0,184.594,0.7198,2.1574,565.0,25.7782,0.7158,0.8344,791,1314,630,836,188.1106
12,181.4466,3,1499.9469,623.9103,14702.0,8788.0,181.1395,0.9252,1.8819,537.0,46.6488,0.316,0.4802,1314,1837,630,836,188.1106
12,181.8471,1,351.6727,717.3087,14138.0,464.0,186.7264,0.9077,2.0882,613.0,23.9708,0.6791,0.8089,268,791,630,836,188.1106
12,181.8471,2,1200.3788,639.3858,13441.0,6893.0,176.4131,0.6017,2.0924,567.0,28.801,0.6588,0.7943,791,1314,630,836,188.1106
12,181.8471,3,1530.3625,634.6515,15882.0,8195.0,199.8943,0.8699,2.1363,537.0,44.4,0.3495,0.518,1314,1837,630,836,188.1106
12,182.2477,1,355.9266,719.5151,12957.0,89.0,172.4669,0.8985,1.8703,625.0,17.9194,0.8036,0.8911,268,791,630,836,188.1106
12,182.2477,2,1221.2119,645.4808,12716.0,5733.0,143.7075,0.7601,1.5651,571.0,42.3202,0.461,0.6311,791,1314,630,836,188.1106
12,182.2477,3,1545.4402,646.9221,15334.0,6826.0,194.2111,0.9438,2.1691,537.0,36.0308,0.5125,0.6777,1314,1837,630,836,188.1106
12,182.6482,1,361.3088,725.4224,13373.0,67.0,180.5585,0.891,1.9942,626.0,16.8828,0.8028,0.8906,268,791,630,836,188.1106
12,182.6482,2,1243.1499,644.4813,10495.0,4958.0,128.0718,0.9043,1.5032,573.0,39.4143,0.4704,0.6398,791,1314,630,836,188.1106
12,182.6482,3,1557.8538,629.7745,14039.0,7262.0,172.9467,0.919,1.8932,537.0,40.4173,0.4071,0.5786,1314,1837,630,836,188.1106
12,183.0488,1,368.9149,729.2393,14212.0,0.0,187.0114,0.9167,1.966,632.0,21.54,0.7651,0.8669,268,791,630,836,188.1106
12,183.0488,2,1259.8922,640.6366,9562.0,4466.0,111.8457,0.9961,1.2897,582.0,38.1971,0.4903,0.658,791,1314,630,836,188.1106
12,183.0488,3,1524.2601,613.6506,13201.0,8451.0,155.3019,0.9092,1.5806,537.0,35.3339,0.4328,0.6041,1314,1837,630,836,188.1106
12,183.4493,1,364.0139,709.0698,14424.0,181.0,207.9137,0.7971,2.4309,623.0,30.0673,0.627,0.7708,268,791,630,836,188.1106
12,183.4493,2,1252.4984,657.3348,14499.0,5179.0,160.2061,0.9984,1.5858,568.0,33.0098,0.5554,0.7142,791,1314,630,836,188.1106
12,183.4493,3,1508.2183,623.3136,14817.0,8645.0,184.103,0.7865,1.9889,537.0,34.8972,0.4887,0.6566,1314,1837,630,836,188.1106
12,183.8498,1,341.2325,700.523,13269.0,80.0,136.0109,0.8311,1.1946,627.0,41.8399,0.5144,0.6794,268,791,630,836,188.1106
12,183.8498,2,1245.761,670.7928,16611.0,4104.0,182.0001,0.9305,1.745,581.0,35.711,0.6303,0.7733,791,1314,630,836,188.1106
12,183.8498,3,1477.1076,625.7848,16805.0,9980.0,246.9539,0.597,3.1826,537.0,42.4334,0.4087,0.5803,1314,1837,630,836,188.1106
12,184.2504,1,326.6455,743.4244,15588.0,0.0,192.4686,0.9036,1.9191,645.0,50.6242,0.3409,0.5085,268,791,630,836,188.1106
12,184.2504,2,1232.5788,677.7765,18324.0,4716.0,207.7844,0.9794,2.0012,568.0,27.695,0.6679,0.8009,791,1314,630,836,188.1106
12,184.2504,3,1442.9163,615.6922,16027.0,11125.0,201.7839,0.4732,2.3086,537.0,38.8891,0.4807,0.6492,1314,1837,630,836,188.1106
12,184.6509,1,315.4558,763.7481,12454.0,0.0,165.8055,0.912,1.6699,668.0,40.4346,0.5433,0.7041,268,791,630,836,188.1106
12,184.6509,2,1227.8989,675.9666,17227.0,4038.0,199.2676,0.9347,2.021,580.0,27.2825,0.6967,0.8212,791,1314,630,836,188.1106
12,184.6509,3,1424.3256,620.7538,13330.0,8565.0,170.3447,0.5514,2.0056,544.0,38.2771,0.483,0.6514,1314,1837,630,836,188.1106
12,185.0515,1,317.9877,750.2511,15239.0,0.0,169.5724,0.9363,1.4641,649.0,25.4359,0.7106,0.8308,268,791,630,836,188.1106
12,185.0515,2,1225.1604,673.145,16205.0,3829.0,191.3317,0.9026,1.9757,581.0,21.0515,0.7642,0.8664,791,1314,630,836,188.1106
12,185.0515,3,1422.2182,635.2866,13187.0,7421.0,173.0471,0.6153,2.1583,551.0,28.6466,0.5573,0.7157,1314,1837,630,836,188.1106
12,185.452,1,330.6256,725.7222,16689.0,0.0,178.537,0.8718,1.5333,640.0,32.6887,0.6041,0.7532,268,791,630,836,188.1106
12,185.452,2,1227.3692,671.1654,17346.0,5224.0,199.7274,0.9973,1.9512,564.0,30.9208,0.6319,0.7744,791,1314,630,836,188.1106
12,185.452,3,1424.3801,631.6351,13495.0,7804.0,189.8062,0.6112,2.4119,547.0,22.8061,0.6836,0.8121,1314,1837,630,836,188.1106
12,185.8526,1,339.7287,703.8657,19015.0,2365.0,183.0338,0.8148,1.6323,639.0,20.538,0.6719,0.8038,268,791,630,836,188.1106
12,185.8526,2,1226.4906,661.6337,15494.0,4931.0,174.694,0.7458,1.9883,581.0,36.9879,0.5204,0.6845,791,1314,630,836,188.1106
12,185.8526,3,1424.8255,628.3265,14502.0,8714.0,186.0806,0.6255,2.2105,547.0,22.7189,0.6522,0.7895,1314,1837,630,836,188.1106
12,186.2531,1,342.5702,704.7957,17396.0,1290.0,155.0434,0.9707,1.2198,637.0,25.1169,0.6201,0.7655,268,791,630,836,188.1106
12,186.2531,2,1236.5825,666.7703,15562.0,4470.0,168.6327,0.8662,1.794,582.0,32.0708,0.5738,0.7292,791,1314,630,836,188.1106
12,186.2531,3,1423.8458,625.7891,14674.0,8810.0,188.0282,0.6807,2.1136,537.0,22.2315,0.693,0.8187,1314,1837,630,836,188.1106
12,186.6537,1,358.7789,708.285,15792.0,0.0,159.1723,0.9378,1.2942,635.0,24.9879,0.6279,0.7714,268,791,630,836,188.1106
12,186.6537,2,1245.2051,668.2878,14251.0,3738.0,166.34,0.9819,1.6515,581.0,28.4235,0.6329,0.7752,791,1314,630,836,188.1106
12,186.6537,3,1413.4434,627.1499,13840.0,8593.0,174.2348,0.645,1.9761,547.0,25.9352,0.5823,0.736,1314,1837,630,836,188.1106
12,187.0542,1,369.4905,720.3894,16083.0,0.0,171.8077,0.924,1.5018,635.0,25.6798,0.6587,0.7942,268,791,630,836,188.1106
12,187.0542,2,1230.9926,645.3369,14495.0,5586.0,176.6812,0.7326,1.8043,572.0,39.3444,0.4866,0.6546,791,1314,630,836,188.1106
12,187.0542,3,1416.3003,638.3954,12335.0,6523.0,173.27,0.6819,2.2076,552.0,23.0728,0.6597,0.795,1314,1837,630,836,188.1106
12,187.4547,1,383.3297,729.999,17229.0,0.0,175.6257,0.9622,1.4622,637.0,21.3556,0.696,0.8208,268,791,630,836,188.1106
12,187.4547,2,1218.2274,646.2493,16563.0,6465.0,194.0293,0.677,1.9252,566.0,21.4355,0.7362,0.8481,791,1314,630,836,188.1106
12,187.4547,3,1411.7939,642.7456,13344.0,6419.0,165.7431,0.7391,1.8074,553.0,21.4806,0.6492,0.7873,1314,1837,630,836,188.1106
12,187.8553,1,389.9257,720.6661,17430.0,586.0,180.4201,0.8648,1.5554,640.0,27.6616,0.5787,0.7331,268,791,630,836,188.1106
12,187.8553,2,1206.8362,672.128,14826.0,3005.0,180.9677,0.8466,1.8543,580.0,41.3174,0.4572,0.6275,791,1314,630,836,188.1106
12,187.8553,3,1410.7745,633.5752,12923.0,7466.0,174.1144,0.7731,2.1418,544.0,23.6526,0.6022,0.7517,1314,1837,630,836,188.1106
12,188.2558,1,396.171,721.6969,17294.0,0.0,183.58,0.9314,1.5448,634.0,15.2022,0.7736,0.8724,268,791,630,836,188.1106
12,188.2558,2,1208.7947,692.6902,14212.0,1325.0,183.0749,0.7725,2.0249,602.0,29.553,0.6483,0.7866,791,1314,630,836,188.1106
12,188.2558,3,1410.3533,631.0852,12992.0,7540.0,159.5183,0.8089,1.7616,546.0,17.4309,0.7425,0.8522,1314,1837,630,836,188.1106
12,188.6564,1,400.6566,714.1504,18394.0,566.0,202.9392,0.7022,1.8568,637.0,22.9668,0.6571,0.7931,268,791,630,836,188.1106
12,188.6564,2,1204.841,678.007,16097.0,3776.0,216.8978,0.9345,2.4013,559.0,31.1244,0.6143,0.7611,791,1314,630,836,188.1106
12,188.6564,3,1408.5898,642.7228,12241.0,6045.0,170.8328,0.7667,2.1108,554.0,24.1129,0.6908,0.8171,1314,1837,630,836,188.1106
12,189.0569,1,403.1349,717.5088,18259.0,0.0,213.1547,0.6609,1.9839,637.0,12.541,0.8663,0.9284,268,791,630,836,188.1106
12,189.0569,2,1198.1143,667.6506,14684.0,3717.0,208.0063,0.8489,2.231,564.0,33.7324,0.6186,0.7644,791,1314,630,836,188.1106
12,189.0569,3,1408.2444,643.3454,13421.0,6479.0,168.818,0.8043,1.8781,552.0,14.1464,0.7968,0.8869,1314,1837,630,836,188.1106
12,189.4575,1,416.8439,712.1629,20424.0,890.0,214.3236,0.6769,1.9815,635.0,9.9174,0.7934,0.8848,268,791,630,836,188.1106
12,189.4575,2,1193.2398,660.4567,12346.0,3427.0,152.7791,0.9972,1.6472,582.0,44.2839,0.4438,0.6147,791,1314,630,836,188.1106
12,189.4575,3,1413.833,640.8476,13087.0,6795.0,174.8092,0.7592,2.087,552.0,17.7827,0.6719,0.8038,1314,1837,630,836,188.1106
12,189.858,1,418.9597,714.5767,20858.0,928.0,220.8284,0.6835,2.0442,633.0,9.3472,0.8855,0.9392,268,791,630,836,188.1106
12,189.858,2,1191.5435,652.0811,14937.0,5960.0,204.5525,0.6441,2.5146,560.0,48.0591,0.4102,0.5818,791,1314,630,836,188.1106
12,189.858,3,1410.3103,620.5945,12322.0,7644.0,166.601,0.7933,1.8429,544.0,20.5118,0.6895,0.8162,1314,1837,630,836,188.1106
12,190.2586,1,412.6511,720.5515,17370.0,0.0,198.5192,0.788,1.8147,635.0,19.4176,0.6918,0.8178,268,791,630,836,188.1106
12,190.2586,2,1214.547,630.4477,13778.0,7248.0,175.8679,0.8433,1.8828,543.0,34.9107,0.5085,0.6742,791,1314,630,836,188.1106
12,190.2586,3,1412.3282,623.6926,11400.0,7256.0,141.9486,0.8278,1.5511,548.0,19.6806,0.6831,0.8117,1314,1837,630,836,188.1106
12,190.6591,1,411.8874,714.559,15598.0,15.0,167.5666,0.9831,1.4852,633.0,29.597,0.5796,0.7339,268,791,630,836,188.1106
12,190.6591,2,1201.6657,660.5295,13666.0,3557.0,186.8456,0.7153,2.1674,572.0,41.1014,0.5068,0.6727,791,1314,630,836,188.1106
12,190.6591,3,1414.6217,628.2647,12235.0,7211.0,140.2173,0.9611,1.4197,548.0,19.466,0.6887,0.8157,1314,1837,630,836,188.1106
12,191.0596,1,422.8092,702.7983,19099.0,1128.0,187.7633,0.7982,1.6399,631.0,20.9831,0.671,0.8031,268,791,630,836,188.1106
12,191.0596,2,1198.4511,672.3395,14810.0,2884.0,183.6393,0.8168,1.9946,582.0,29.7023,0.602,0.7516,791,1314,630,836,188.1106
12,191.0596,3,1428.3333,635.2928,13122.0,7151.0,147.5138,0.8235,1.5394,554.0,24.8069,0.5913,0.7431,1314,1837,630,836,188.1106
12,191.4602,1,419.0931,705.4794,18944.0,719.0,190.8714,0.7701,1.6069,631.0,13.049,0.8136,0.8972,268,791,630,836,188.1106
12,191.4602,2,1193.2906,671.1375,14837.0,3692.0,182.7932,0.9516,1.9862,567.0,33.8019,0.5999,0.7499,791,1314,630,836,188.1106
12,191.4602,3,1436.6497,633.4913,13750.0,7537.0,150.8618,0.9331,1.476,548.0,20.2866,0.7008,0.8241,1314,1837,630,836,188.1106
12,191.8607,1,413.3032,711.4274,17458.0,54.0,172.3542,0.8214,1.3875,633.0,14.3934,0.8093,0.8946,268,791,630,836,188.1106
12,191.8607,2,1187.4153,662.713,14908.0,4787.0,188.0906,0.9887,2.003,549.0,26.6921,0.6613,0.7961,791,1314,630,836,188.1106
12,191.8607,3,1449.4199,628.5661,13989.0,7850.0,157.9004,0.9239,1.5144,547.0,24.0861,0.6243,0.7687,1314,1837,630,836,188.1106
12,192.2613,1,415.849,713.8909,16264.0,0.0,159.363,0.9976,1.2875,633.0,21.494,0.6554,0.7918,268,791,630,836,188.1106
12,192.2613,2,1188.5065,678.7641,13944.0,2557.0,178.3837,0.9041,1.9382,584.0,28.6843,0.6851,0.8131,791,1314,630,836,188.1106
12,192.2613,3,1461.1912,631.6428,14094.0,7202.0,152.6601,0.9842,1.3586,549.0,18.7339,0.7265,0.8416,1314,1837,630,836,188.1106
12,192.6618,1,412.3981,708.0957,16396.0,0.0,177.403,0.7172,1.5454,633.0,20.4067,0.6773,0.8076,268,791,630,836,188.1106
12,192.6618,2,1186.2915,684.6418,14592.0,2116.0,197.5266,0.8226,2.2408,583.0,24.8909,0.7122,0.8319,791,1314,630,836,188.1106
12,192.6618,3,1477.0338,645.5417,15866.0,7553.0,164.4783,0.9998,1.5596,547.0,20.986,0.6436,0.7832,1314,1837,630,836,188.1106
12,193.0624,1,412.4726,707.8985,17093.0,0.0,209.1766,0.4904,2.0895,639.0,19.3048,0.6996,0.8233,268,791,630,836,188.1106
12,193.0624,2,1186.5428,656.1768,12188.0,3547.0,175.9805,0.887,2.0523,564.0,38.6703,0.5511,0.7106,791,1314,630,836,188.1106
12,193.0624,3,1486.9367,637.6553,16242.0,7984.0,162.229,0.9915,1.4208,545.0,21.1274,0.6129,0.76,1314,1837,630,836,188.1106
12,193.4629,1,410.4415,705.8235,16434.0,22.0,205.3507,0.5117,2.1562,628.0,14.1125,0.7604,0.8639,268,791,630,836,188.1106
12,193.4629,2,1187.6838,662.9174,12798.0,3955.0,147.3863,0.743,1.6225,581.0,43.3534,0.3919,0.5631,791,1314,630,836,188.1106
12,193.4629,3,1479.152,654.5671,15756.0,6160.0,190.7909,0.9997,2.062,537.0,24.2018,0.5622,0.7197,1314,1837,630,836,188.1106
12,193.8634,1,398.045,702.0958,16164.0,0.0,213.7272,0.4386,2.422,632.0,16.0798,0.7643,0.8664,268,791,630,836,188.1106
12,193.8634,2,1171.3287,636.945,13145.0,6413.0,193.0537,0.4388,2.3579,574.0,36.9436,0.4878,0.6557,791,1314,630,836,188.1106
12,193.8634,3,1490.3229,654.7315,17984.0,6528.0,195.4003,0.9995,1.7293,546.0,30.574,0.6019,0.7515,1314,1837,630,836,188.1106
12,194.264,1,384.6706,701.552,15093.0,0.0,205.2078,0.4722,2.2795,634.0,17.3814,0.7129,0.8324,268,791,630,836,188.1106
12,194.264,2,1127.5639,637.8654,13379.0,6286.0,191.0383,0.4998,2.3261,561.0,48.9441,0.3394,0.5068,791,1314,630,836,188.1106
12,194.264,3,1490.5351,630.5586,16327.0,9069.0,166.9381,0.9999,1.5171,537.0,30.1399,0.5646,0.7218,1314,1837,630,836,188.1106
12,194.6645,1,369.4941,706.8864,16113.0,0.0,211.5176,0.503,2.2109,636.0,24.4129,0.6523,0.7896,268,791,630,836,188.1106
12,194.6645,2,1118.9313,664.1578,13489.0,3983.0,164.9911,0.8509,1.837,568.0,37.6591,0.4118,0.5834,791,1314,630,836,188.1106
12,194.6645,3,1501.4585,619.5886,16136.0,10188.0,158.0263,0.8796,1.3328,537.0,24.8622,0.642,0.7819,1314,1837,630,836,188.1106
12,195.0651,1,356.0854,712.2751,15725.0,0.0,201.4063,0.6,2.0518,635.0,23.6419,0.6715,0.8034,268,791,630,836,188.1106
12,195.0651,2,1119.4342,691.6988,13826.0,2103.0,162.2949,0.9746,1.7717,582.0,29.3659,0.5043,0.6705,791,1314,630,836,188.1106
12,195.0651,3,1502.9483,651.7233,19626.0,7880.0,189.0836,0.9835,1.533,548.0,33.6799,0.4755,0.6445,1314,1837,630,836,188.1106
12,195.4656,1,341.7092,717.0349,14497.0,0.0,179.4777,0.7249,1.8061,634.0,25.5085,0.6457,0.7847,268,791,630,836,188.1106
12,195.4656,2,1115.279,692.8999,13562.0,1744.0,169.3427,0.9981,1.8457,588.0,27.3412,0.5977,0.7482,791,1314,630,836,188.1106
12,195.4656,3,1480.9576,640.4951,18872.0,8701.0,222.1364,0.7537,2.1223,545.0,34.3097,0.4301,0.6015,1314,1837,630,836,188.1106
12,195.8662,1,331.3812,721.8844,13447.0,0.0,175.178,0.801,1.8703,642.0,22.983,0.6777,0.8079,268,791,630,836,188.1106
12,195.8662,2,1121.7004,690.9724,13726.0,1959.0,175.3736,0.9782,1.9123,587.0,21.5992,0.7593,0.8632,791,1314,630,836,188.1106
12,195.8662,3,1469.1772,636.8756,18450.0,9665.0,231.0612,0.6469,2.556,542.0,25.0646,0.6181,0.764,1314,1837,630,836,188.1106
12,196.2667,1,321.3472,728.1865,14542.0,0.0,171.8508,0.9492,1.628,635.0,22.217,0.6805,0.8099,268,791,630,836,188.1106
12,196.2667,2,1130.7568,674.8629,13701.0,2733.0,175.9283,0.7922,1.97,585.0,32.1041,0.6163,0.7626,791,1314,630,836,188.1106
12,196.2667,3,1474.6674,624.1309,14558.0,9559.0,174.4702,0.5252,1.9513,548.0,25.9295,0.5237,0.6874,1314,1837,630,836,188.1106
12,196.6673,1,325.2256,729.2659,13029.0,0.0,174.8459,0.8414,1.8779,643.0,18.7653,0.7478,0.8557,268,791,630,836,188.1106
12,196.6673,2,1141.5291,649.3572,13201.0,5062.0,174.4721,0.6547,1.9444,576.0,32.4284,0.5895,0.7417,791,1314,630,836,188.1106
12,196.6673,3,1447.2459,615.49,12408.0,8066.0,171.375,0.6864,2.1723,537.0,25.1782,0.5288,0.6918,1314,1837,630,836,188.1106
12,197.0678,1,326.9657,727.392,12432.0,0.0,164.9742,0.7757,1.7921,645.0,13.3188,0.8385,0.9121,268,791,630,836,188.1106
12,197.0678,2,1158.617,645.5093,13564.0,6063.0,186.733,0.5139,2.2391,571.0,28.5317,0.6205,0.7658,791,1314,630,836,188.1106
12,197.0678,3,1430.7065,640.1232,15505.0,8685.0,167.8438,0.6926,1.7937,549.0,34.9238,0.347,0.5152,1314,1837,630,836,188.1106
12,197.4683,1,326.8418,722.344,13532.0,0.0,162.7212,0.8438,1.6075,634.0,18.2693,0.7664,0.8677,268,791,630,836,188.1106
12,197.4683,2,1204.4221,641.5547,13042.0,6168.0,174.804,0.544,2.0899,568.0,52.6032,0.3138,0.4777,791,1314,630,836,188.1106
12,197.4683,3,1391.6426,641.8438,12514.0,5574.0,187.5351,0.9025,2.3159,537.0,34.6172,0.3559,0.5249,1314,1837,630,836,188.1106
12,197.8689,1,330.2871,701.9706,10936.0,26.0,154.3748,0.7369,1.7152,629.0,21.4917,0.6777,0.8079,268,791,630,836,188.1106
12,197.8689,2,1236.7766,657.5682,12502.0,4777.0,143.0884,0.9183,1.5581,567.0,46.2557,0.3623,0.5319,791,1314,630,836,188.1106
12,197.8689,3,1375.3651,641.8605,11772.0,5222.0,157.335,0.9575,1.9732,557.0,28.3601,0.5439,0.7046,1314,1837,630,836,188.1106
12,198.2694,1,329.6884,703.461,10694.0,0.0,152.4448,0.7783,1.7108,632.0,8.7961,0.9184,0.9575,268,791,630,836,188.1106
12,198.2694,2,1246.471,665.4529,12770.0,3561.0,154.7828,0.9095,1.6658,571.0,28.5506,0.6119,0.7593,791,1314,630,836,188.1106
12,198.2694,3,1369.8835,637.1243,9333.0,4031.0,162.3817,0.9883,2.3575,559.0,24.1127,0.6636,0.7978,1314,1837,630,836,188.1106
12,198.67,1,334.0056,711.7393,11168.0,0.0,153.9072,0.8162,1.8084,632.0,12.6302,0.8259,0.9047,268,791,630,836,188.1106
12,198.67,2,1243.9025,671.2388,13984.0,3384.0,167.8864,0.8829,1.8177,578.0,24.6808,0.6729,0.8044,791,1314,630,836,188.1106
12,198.67,3,1369.4367,657.6037,8864.0,2652.0,155.4946,0.988,2.336,586.0,24.2067,0.6698,0.8022,1314,1837,630,836,188.1106
12,199.0705,1,332.6113,712.9501,11848.0,74.0,164.5589,0.8403,1.9992,627.0,14.5701,0.8038,0.8912,268,791,630,836,188.1106
12,199.0705,2,1243.0299,672.1875,13758.0,3150.0,169.1096,0.8927,1.8137,577.0,18.9762,0.7355,0.8476,791,1314,630,836,188.1106
12,199.0705,3,1385.2216,655.868,11536.0,3849.0,162.7685,0.8639,2.3113,574.0,31.0548,0.4842,0.6525,1314,1837,630,836,188.1106
12,199.4711,1,334.5472,718.9917,12704.0,0.0,171.7667,0.7523,1.9636,635.0,24.3718,0.7003,0.8237,268,791,630,836,188.1106
12,199.4711,2,1234.6098,659.9018,12693.0,3831.0,173.0995,0.8905,2.0303,566.0,23.9464,0.6679,0.8009,791,1314,630,836,188.1106
12,199.4711,3,1401.1002,631.2289,9804.0,5474.0,164.3235,0.8879,2.5528,537.0,35.9678,0.3269,0.4927,1314,1837,630,836,188.1106
12,199.8716,1,332.0011,720.4849,12649.0,0.0,171.2424,0.7854,1.9062,638.0,18.2206,0.7907,0.8831,268,791,630,836,188.1106
12,199.8716,2,1240.086,638.3551,10321.0,4606.0,141.2283,0.9375,1.6235,566.0,33.7271,0.6165,0.7628,791,1314,630,836,188.1106
12,199.8716,3,1399.4889,641.5094,9718.0,4747.0,160.8467,0.8187,2.6426,541.0,22.3115,0.5923,0.744,1314,1837,630,836,188.1106
12,200.2722,1,330.0401,719.2693,12560.0,0.0,167.7599,0.8006,1.8328,637.0,13.9885,0.8487,0.9182,268,791,630,836,188.1106
12,200.2722,2,1236.9207,632.6836,9096.0,4301.0,128.8983,0.9093,1.4916,569.0,19.5063,0.7593,0.8632,791,1314,630,836,188.1106
12,200.2722,3,1398.5089,643.2029,9316.0,4629.0,151.3451,0.8459,2.293,546.0,19.4774,0.6004,0.7503,1314,1837,630,836,188.1106
12,200.6727,1,323.2928,716.4118,11482.0,0.0,146.304,0.8095,1.5813,642.0,20.0784,0.785,0.8795,268,791,630,836,188.1106
12,200.6727,2,1231.6892,658.8379,12100.0,4112.0,147.8296,0.9257,1.6795,569.0,22.5664,0.6228,0.7676,791,1314,630,836,188.1106
12,200.6727,3,1392.4009,644.656,8242.0,3857.0,115.2791,0.9629,1.8328,574.0,21.8927,0.522,0.686,1314,1837,630,836,188.1106
12,201.0732,1,321.467,715.6692,11759.0,0.0,148.2311,0.8716,1.5635,639.0,15.835,0.8178,0.8998,268,791,630,836,188.1106
12,201.0732,2,1222.6284,663.6753,13572.0,4078.0,169.5133,0.9549,1.8462,561.0,26.2507,0.619,0.7646,791,1314,630,836,188.1106
12,201.0732,3,1392.5168,635.7449,8884.0,4503.0,144.7616,0.9855,2.324,544.0,20.0945,0.5834,0.7369,1314,1837,630,836,188.1106
12,201.4738,1,326.088,717.3151,11909.0,0.0,147.1192,0.7586,1.5121,643.0,18.2891,0.7702,0.8702,268,791,630,836,188.1106
12,201.4738,2,1219.8103,672.8725,13220.0,2947.0,163.6899,0.9409,1.7437,576.0,21.9944,0.7219,0.8385,791,1314,630,836,188.1106
12,201.4738,3,1396.4943,623.7449,8564.0,4609.0,134.7969,0.9963,1.9722,566.0,20.4811,0.5487,0.7086,1314,1837,630,836,188.1106
12,201.8743,1,327.263,716.6622,12854.0,33.0,156.9003,0.7939,1.6177,642.0,11.5552,0.875,0.9333,268,791,630,836,188.1106
12,201.8743,2,1217.9479,675.314,13504.0,2928.0,173.8838,0.8873,1.9425,578.0,20.3795,0.7245,0.8402,791,1314,630,836,188.1106
12,201.8743,3,1398.8502,641.9817,9693.0,4176.0,132.9476,0.9701,1.8709,569.0,16.0287,0.5502,0.7099,1314,1837,630,836,188.1106
12,202.2749,1,329.1081,725.5922,13557.0,0.0,171.4928,0.7779,1.769,644.0,18.4516,0.7874,0.8811,268,791,630,836,188.1106
12,202.2749,2,1215.1769,667.7677,13744.0,3831.0,177.4391,0.8431,2.0113,572.0,25.225,0.6646,0.7985,791,1314,630,836,188.1106
12,202.2749,3,1401.0879,648.2267,10808.0,4599.0,182.2316,0.9292,2.7008,537.0,29.3667,0.3951,0.5664,1314,1837,630,836,188.1106
12,202.6754,1,331.0922,732.8755,13782.0,0.0,180.2412,0.759,1.9179,646.0,15.3025,0.8357,0.9105,268,791,630,836,188.1106
12,202.6754,2,1213.6695,661.6155,13623.0,4493.0,170.8862,0.7936,1.8729,575.0,22.5606,0.7119,0.8317,791,1314,630,836,188.1106
12,202.6754,3,1391.9402,656.1606,9880.0,4112.0,153.6074,0.8747,2.312,552.0,34.2932,0.4301,0.6015,1314,1837,630,836,188.1106
12,203.076,1,329.4902,735.151,13166.0,0.0,175.1698,0.8072,1.8475,652.0,12.6535,0.8223,0.9025,268,791,630,836,188.1106
12,203.076,2,1217.9754,648.653,13672.0,5455.0,174.513,0.7194,1.9385,566.0,24.4157,0.678,0.8081,791,1314,630,836,188.1106
12,203.076,3,1390.6945,649.7953,10517.0,4495.0,159.237,0.8659,2.1764,553.0,19.5319,0.6878,0.815,1314,1837,630,836,188.1106
12,203.4765,1,331.2192,736.8306,13568.0,0.0,178.5738,0.7779,1.8887,647.0,12.2307,0.8617,0.9257,268,791,630,836,188.1106
12,203.4765,2,1228.9689,651.907,12756.0,5055.0,153.2518,0.8568,1.706,561.0,33.6359,0.5569,0.7154,791,1314,630,836,188.1106
12,203.4765,3,1394.4042,651.6165,11830.0,4993.0,169.2249,0.8232,2.2355,553.0,21.355,0.637,0.7783,1314,1837,630,836,188.1106
12,203.8771,1,331.0701,729.6933,13602.0,0.0,180.1396,0.7867,1.92,645.0,14.606,0.8478,0.9176,268,791,630,836,188.1106
12,203.8771,2,1239.9817,653.3163,11624.0,4070.0,151.5507,0.9328,1.7768,572.0,25.4362,0.6315,0.7742,791,1314,630,836,188.1106
12,203.8771,3,1401.1796,648.8135,12695.0,5491.0,181.9576,0.7846,2.3256,553.0,17.7127,0.7009,0.8241,1314,1837,630,836,188.1106
12,204.2776,1,331.9545,732.7802,13299.0,0.0,180.0203,0.7856,1.9341,647.0,7.3106,0.928,0.9626,268,791,630,836,188.1106
12,204.2776,2,1231.0532,660.0188,12739.0,4547.0,164.2536,0.8996,2.0126,561.0,24.2652,0.6329,0.7752,791,1314,630,836,188.1106
12,204.2776,3,1404.5684,648.7718,13730.0,5944.0,189.4372,0.7942,2.3171,547.0,16.3269,0.7506,0.8575,1314,1837,630,836,188.1106
12,204.6781,1,331.667,733.746,13819.0,0.0,183.6197,0.8242,1.9027,645.0,8.517,0.9136,0.9549,268,791,630,836,188.1106
12,204.6781,2,1231.5163,648.7666,12684.0,4754.0,167.6202,0.9003,1.9144,552.0,22.1274,0.7187,0.8363,791,1314,630,836,188.1106
12,204.6781,3,1409.3463,648.6336,13926.0,5944.0,192.3008,0.7864,2.2429,555.0,16.9057,0.7549,0.8604,1314,1837,630,836,188.1106
12,205.0787,1,332.2877,727.9638,13857.0,0.0,185.3208,0.8198,1.9553,640.0,12.6438,0.8701,0.9306,268,791,630,836,188.1106
12,205.0787,2,1235.1525,656.8832,12588.0,4148.0,171.7345,0.928,1.9701,555.0,25.1208,0.6613,0.7961,791,1314,630,836,188.1106
12,205.0787,3,1403.3129,637.0764,13262.0,6549.0,171.9977,0.8309,1.8781,548.0,24.4862,0.6203,0.7656,1314,1837,630,836,188.1106
12,205.4792,1,330.6293,724.7007,13599.0,0.0,185.1667,0.8357,1.9954,637.0,8.4659,0.9353,0.9666,268,791,630,836,188.1106
12,205.4792,2,1239.9235,666.5528,12103.0,3244.0,163.9899,0.8874,1.9142,574.0,24.5571,0.677,0.8074,791,1314,630,836,188.1106
12,205.4792,3,1392.1161,633.5901,12254.0,6781.0,150.1697,0.937,1.6476,548.0,25.7966,0.5826,0.7362,1314,1837,630,836,188.1106
12,205.8798,1,329.6541,728.9162,13394.0,0.0,188.9882,0.8453,2.1096,639.0,11.5155,0.8941,0.9441,268,791,630,836,188.1106
12,205.8798,2,1237.5476,663.175,12328.0,3803.0,165.6866,0.8721,1.944,571.0,21.7527,0.7122,0.8319,791,1314,630,836,188.1106
12,205.8798,3,1395.9536,644.5799,14538.0,6704.0,151.021,0.9388,1.393,553.0,22.8542,0.6105,0.7581,1314,1837,630,836,188.1106
12,206.2803,1,324.5987,728.3541,12889.0,0.0,186.0423,0.8848,2.1199,636.0,13.218,0.8371,0.9113,268,791,630,836,188.1106
12,206.2803,2,1229.8668,657.822,12793.0,4281.0,157.2736,0.8748,1.6732,578.0,21.5249,0.6979,0.8221,791,1314,630,836,188.1106
12,206.2803,3,1398.1126,644.1799,15238.0,6747.0,169.2689,0.904,1.6126,555.0,20.9338,0.7264,0.8416,1314,1837,630,836,188.1106
12,206.6809,1,316.2425,731.9885,12941.0,0.0,185.6295,0.9606,2.0645,634.0,20.061,0.7352,0.8474,268,791,630,836,188.1106
12,206.6809,2,1224.1558,660.8021,13071.0,4266.0,146.7196,0.9906,1.4521,576.0,25.9597,0.6946,0.8197,791,1314,630,836,188.1106
12,206.6809,3,1401.3618,641.5718,14669.0,6639.0,158.6881,0.9782,1.435,554.0,18.8231,0.7176,0.8356,1314,1837,630,836,188.1106
12,207.0814,1,317.6615,729.0315,11621.0,0.0,174.9858,0.9123,2.1004,636.0,16.3401,0.8232,0.903,268,791,630,836,188.1106
12,207.0814,2,1224.1813,660.5622,12661.0,3700.0,144.2149,0.9939,1.4146,583.0,22.5737,0.7046,0.8267,791,1314,630,836,188.1106
12,207.0814,3,1410.8088,641.9152,15028.0,6676.0,162.6713,0.9911,1.4592,554.0,18.1174,0.7179,0.8358,1314,1837,630,836,188.1106
12,207.482,1,325.8033,718.5179,12667.0,0.0,168.3027,0.8723,1.7938,631.0,26.1453,0.7032,0.8258,268,791,630,836,188.1106
12,207.482,2,1219.9669,664.0438,12964.0,3607.0,142.99,0.9989,1.3767,585.0,19.4795,0.7569,0.8617,791,1314,630,836,188.1106
12,207.482,3,1418.2428,639.6707,14660.0,6747.0,167.4118,0.9561,1.5834,553.0,17.9102,0.7364,0.8482,1314,1837,630,836,188.1106
12,207.8825,1,336.5637,715.6706,13307.0,80.0,172.6975,0.8886,1.8124,625.0,26.8173,0.6634,0.7976,268,791,630,836,188.1106
12,207.8825,2,1219.7908,666.21,13869.0,3749.0,152.4303,0.9965,1.4516,584.0,17.7246,0.7898,0.8826,791,1314,630,836,188.1106
12,207.8825,3,1420.0501,630.8238,14051.0,7207.0,157.6817,0.9999,1.4633,549.0,19.1444,0.7371,0.8487,1314,1837,630,836,188.1106
12,208.283,1,347.7048,724.4972,13780.0,0.0,182.666,0.8453,1.9453,636.0,24.4102,0.6959,0.8207,268,791,630,836,188.1106
12,208.283,2,1221.3302,672.2767,14454.0,3352.0,159.7017,0.9853,1.5277,584.0,20.4148,0.7722,0.8714,791,1314,630,836,188.1106
12,208.283,3,1426.4279,619.1553,14063.0,8695.0,173.4253,0.7928,1.7978,537.0,27.9857,0.6039,0.7531,1314,1837,630,836,188.1106
12,208.6836,1,351.1995,725.7139,14228.0,0.0,184.8661,0.8275,1.9467,640.0,13.2534,0.8488,0.9182,268,791,630,836,188.1106
12,208.6836,2,1223.9138,672.2557,15200.0,3555.0,170.4026,0.9649,1.6311,583.0,18.2773,0.7825,0.878,791,1314,630,836,188.1106
12,208.6836,3,1440.1403,616.6834,14143.0,9271.0,164.8621,0.7159,1.634,545.0,23.3792,0.6417,0.7817,1314,1837,630,836,188.1106
12,209.0841,1,353.0901,719.2088,15053.0,0.0,191.3776,0.7703,1.932,634.0,16.9565,0.7949,0.8858,268,791,630,836,188.1106
12,209.0841,2,1225.8101,671.9009,15227.0,3448.0,178.1701,0.8914,1.762,582.0,18.0018,0.7756,0.8736,791,1314,630,836,188.1106
12,209.0841,3,1450.8888,627.9472,15554.0,9110.0,173.7464,0.7581,1.6712,547.0,22.82,0.6139,0.7608,1314,1837,630,836,188.1106
12,209.4847,1,340.1115,706.591,12897.0,0.0,147.5651,0.7697,1.4199,637.0,29.5514,0.6356,0.7772,268,791,630,836,188.1106
12,209.4847,2,1225.9242,669.0698,15194.0,3391.0,187.5947,0.8176,1.9083,582.0,14.5929,0.8341,0.9096,791,1314,630,836,188.1106
12,209.4847,3,1463.3707,634.6792,16212.0,8675.0,174.6216,0.8615,1.6301,546.0,24.6535,0.6079,0.7562,1314,1837,630,836,188.1106
12,209.8852,1,334.2038,703.3284,13741.0,0.0,138.7584,0.4314,1.1686,637.0,22.9525,0.7178,0.8357,268,791,630,836,188.1106
12,209.8852,2,1226.1614,668.5789,15541.0,4202.0,184.7087,0.8947,1.8252,564.0,27.6058,0.7018,0.8248,791,1314,630,836,188.1106
12,209.8852,3,1466.0846,638.5406,16732.0,8320.0,175.9889,0.8701,1.5952,547.0,13.5659,0.8129,0.8968,1314,1837,630,836,188.1106
12,210.2858,1,349.5916,712.7877,16771.0,0.0,167.285,0.8029,1.3626,638.0,27.9599,0.6262,0.7701,268,791,630,836,188.1106
12,210.2858,2,1227.8053,660.6044,13320.0,4183.0,170.3167,0.7787,1.9519,574.0,26.4161,0.6317,0.7743,791,1314,630,836,188.1106
12,210.2858,3,1465.4396,638.1745,16702.0,8385.0,177.0258,0.8589,1.6507,545.0,10.8055,0.8402,0.9131,1314,1837,630,836,188.1106
12,210.6863,1,355.6498,730.5734,17864.0,0.0,182.27,0.9404,1.4928,637.0,26.8977,0.6643,0.7983,268,791,630,836,188.1106
12,210.6863,2,1233.0867,654.779,12717.0,4694.0,157.0714,0.9008,1.7594,565.0,25.7202,0.6754,0.8062,791,1314,630,836,188.1106
12,210.6863,3,1464.3471,641.8795,16277.0,7731.0,169.5318,0.9359,1.5264,548.0,16.5403,0.7354,0.8475,1314,1837,630,836,188.1106
12,211.0869,1,375.7166,736.7339,18706.0,0.0,205.0146,0.9903,1.6965,635.0,30.9623,0.5724,0.7281,268,791,630,836,188.1106
12,211.0869,2,1239.9885,637.7333,10019.0,4405.0,138.6851,0.9383,1.6248,564.0,21.2193,0.7133,0.8327,791,1314,630,836,188.1106
12,211.0869,3,1463.9615,647.325,16705.0,7308.0,168.9425,0.9653,1.5058,547.0,16.3573,0.7421,0.852,1314,1837,630,836,188.1106
12,211.4874,1,390.9291,704.9745,13785.0,0.0,163.7436,0.6935,1.665,637.0,39.2095,0.4714,0.6408,268,791,630,836,188.1106
12,211.4874,2,1243.2114,649.576,10732.0,3932.0,136.6729,0.9603,1.5868,567.0,16.6766,0.7629,0.8655,791,1314,630,836,188.1106
12,211.4874,3,1456.9155,644.8286,15890.0,7407.0,155.2957,0.9907,1.3503,543.0,23.0471,0.6295,0.7726,1314,1837,630,836,188.1106
12,211.8879,1,414.2572,687.9531,15425.0,1021.0,156.123,0.4355,1.4726,635.0,25.9975,0.5677,0.7243,268,791,630,836,188.1106
12,211.8879,2,1255.2867,658.4709,12191.0,3972.0,164.7818,0.9976,1.9201,564.0,32.4341,0.552,0.7113,791,1314,630,836,188.1106
12,211.8879,3,1449.2237,644.2328,15402.0,7236.0,162.0094,0.9745,1.5409,549.0,22.1248,0.6203,0.7656,1314,1837,630,836,188.1106
12,212.2885,1,420.4183,697.0852,16757.0,1252.0,148.2636,0.8656,1.2687,622.0,22.8093,0.6408,0.7811,268,791,630,836,188.1106
12,212.2885,2,1251.6697,678.0286,11794.0,2235.0,159.2987,0.9642,1.8469,581.0,31.0937,0.5642,0.7214,791,1314,630,836,188.1106
12,212.2885,3,1436.6522,644.8307,15000.0,6994.0,165.1784,0.9386,1.628,552.0,21.5142,0.6292,0.7724,1314,1837,630,836,188.1106
12,212.689,1,430.4069,714.0672,18347.0,1043.0,174.3116,0.9995,1.4873,634.0,26.2678,0.6153,0.7619,268,791,630,836,188.1106
12,212.689,2,1248.063,675.8407,15835.0,4365.0,213.7916,0.9998,2.5185,558.0,35.5916,0.5169,0.6815,791,1314,630,836,188.1106
12,212.689,3,1421.1803,626.0603,13786.0,7494.0,181.2368,0.8121,1.9124,549.0,19.4275,0.6764,0.807,1314,1837,630,836,188.1106
12,213.0896,1,434.0238,719.6199,19147.0,1110.0,228.6481,0.7746,2.3374,626.0,29.7727,0.5582,0.7165,268,791,630,836,188.1106
12,213.0896,2,1246.6692,674.5257,12187.0,2759.0,166.0267,0.9348,2.0692,575.0,34.9717,0.5251,0.6886,791,1314,630,836,188.1106
12,213.0896,3,1413.1046,643.1991,16361.0,7901.0,183.1947,0.9935,1.8263,537.0,33.2884,0.4278,0.5992,1314,1837,630,836,188.1106
12,213.4901,1,451.6094,697.4477,17455.0,1141.0,209.9989,0.7055,2.2116,621.0,30.082,0.6153,0.7619,268,791,630,836,188.1106
12,213.4901,2,1238.1497,661.5241,12561.0,3847.0,167.6689,0.8459,1.9633,572.0,28.6718,0.6117,0.7591,791,1314,630,836,188.1106
12,213.4901,3,1408.4318,639.8292,15182.0,8069.0,168.4267,0.9012,1.7213,548.0,28.4055,0.5477,0.7077,1314,1837,630,836,188.1106
12,213.8907,1,471.005,699.9532,18813.0,1190.0,235.2969,0.5637,2.5637,625.0,26.8793,0.576,0.731,268,791,630,836,188.1106
12,213.8907,2,1233.3018,655.3303,13467.0,5081.0,162.1376,0.8233,1.7578,569.0,26.1968,0.6686,0.8014,791,1314,630,836,188.1106
12,213.8907,3,1397.0797,645.5138,12755.0,5575.0,158.7035,0.8779,1.7591,551.0,24.9333,0.5655,0.7225,1314,1837,630,836,188.1106
12,214.2912,1,487.2069,702.2236,17805.0,1271.0,219.7634,0.681,2.3402,629.0,27.2443,0.616,0.7624,268,791,630,836,188.1106
12,214.2912,2,1230.2842,658.0141,12996.0,4291.0,153.8027,0.8813,1.5924,570.0,24.6392,0.6952,0.8202,791,1314,630,836,188.1106
12,214.2912,3,1385.662,658.5399,12679.0,4604.0,176.2527,0.9698,2.1348,546.0,30.694,0.5137,0.6788,1314,1837,630,836,188.1106
12,214.6918,1,485.8309,705.4875,17560.0,1024.0,225.3789,0.6525,2.4605,626.0,17.365,0.8192,0.9006,268,791,630,836,188.1106
12,214.6918,2,1235.1143,665.3085,12918.0,3503.0,163.4067,0.8354,1.7941,580.0,23.6372,0.7146,0.8335,791,1314,630,836,188.1106
12,214.6918,3,1388.9153,659.9867,11564.0,4188.0,152.4021,0.9463,1.8535,558.0,21.0893,0.7147,0.8336,1314,1837,630,836,188.1106
12,215.0923,1,487.0384,686.6332,15861.0,1614.0,195.2849,0.632,2.2163,612.0,27.2564,0.6369,0.7782,268,791,630,836,188.1106
12,215.0923,2,1243.4839,672.1367,17050.0,5164.0,198.5431,0.9972,2.04,557.0,37.04,0.5389,0.7003,791,1314,630,836,188.1106
12,215.0923,3,1387.8269,625.7689,12172.0,6570.0,145.8211,0.9742,1.4343,547.0,32.5333,0.5571,0.7155,1314,1837,630,836,188.1106
12,215.4928,1,492.0342,684.7507,14960.0,1165.0,185.2274,0.58,2.1402,624.0,16.3864,0.7637,0.866,268,791,630,836,188.1106
12,215.4928,2,1243.7857,686.3186,13773.0,1797.0,184.36,0.834,2.0694,584.0,40.3199,0.5305,0.6932,791,1314,630,836,188.1106
12,215.4928,3,1405.3517,604.0177,11346.0,8652.0,147.0013,0.638,1.5319,542.0,33.6343,0.4687,0.6382,1314,1837,630,836,188.1106
12,215.8934,1,509.9697,690.3111,14909.0,2190.0,189.4505,0.8634,2.2158,597.0,29.6296,0.527,0.6902,268,791,630,836,188.1106
12,215.8934,2,1244.3828,693.0973,13707.0,1356.0,179.6998,0.8563,1.9961,591.0,19.1205,0.7895,0.8824,791,1314,630,836,188.1106
12,215.8934,3,1429.6407,616.9207,14082.0,9360.0,130.3783,0.7086,1.036,544.0,36.4486,0.4494,0.6201,1314,1837,630,836,188.1106
12,216.2939,1,514.2048,705.8449,12717.0,1024.0,176.7358,0.7896,2.1559,629.0,32.3311,0.4865,0.6545,268,791,630,836,188.1106
12,216.2939,2,1245.7131,675.2409,16377.0,3891.0,192.193,0.9986,1.8219,557.0,41.2045,0.5315,0.6941,791,1314,630,836,188.1106
12,216.2939,3,1445.1726,629.8936,14423.0,8287.0,158.297,0.8487,1.5701,546.0,29.6139,0.5716,0.7275,1314,1837,630,836,188.1106
12,216.6945,1,516.7487,713.7315,13422.0,1097.0,176.2697,0.826,2.0661,635.0,18.7956,0.7667,0.868,268,791,630,836,188.1106
12,216.6945,2,1219.858,678.9123,15744.0,3099.0,165.3648,0.9875,1.5124,580.0,42.2786,0.4212,0.5927,791,1314,630,836,188.1106
12,216.6945,3,1452.1159,631.0028,15984.0,9026.0,155.8426,0.8401,1.3405,546.0,20.1158,0.6838,0.8122,1314,1837,630,836,188.1106
12,217.095,1,512.3503,702.074,13756.0,1280.0,182.5103,0.8164,2.1717,627.0,21.5665,0.7355,0.8476,268,791,630,836,188.1106
12,217.095,2,1209.5073,660.6598,16197.0,5203.0,202.6731,0.715,2.1567,573.0,33.4688,0.5316,0.6942,791,1314,630,836,188.1106
12,217.095,3,1459.5265,632.8537,16852.0,9793.0,174.4283,0.7239,1.6242,541.0,19.1891,0.6657,0.7993,1314,1837,630,836,188.1106
12,217.4956,1,507.0051,692.1707,13597.0,1684.0,185.6767,0.8316,2.2827,613.0,26.5246,0.6445,0.7838,268,791,630,836,188.1106
12,217.4956,2,1157.5018,632.327,13010.0,6616.0,204.8247,0.28,2.7309,580.0,41.9948,0.3543,0.5232,791,1314,630,836,188.1106
12,217.4956,3,1465.885,618.3677,16586.0,11349.0,207.8302,0.5411,2.2717,537.0,22.6619,0.5779,0.7325,1314,1837,630,836,188.1106
12,217.8961,1,506.8072,689.094,12534.0,1207.0,160.6746,0.743,1.9228,627.0,15.0182,0.7934,0.8848,268,791,630,836,188.1106
12,217.8961,2,1098.6325,629.927,10144.0,4979.0,156.9954,0.4589,1.9099,574.0,46.6686,0.3106,0.474,791,1314,630,836,188.1106
12,217.8961,3,1502.2592,590.5513,14725.0,12231.0,210.4905,0.5076,2.2213,537.0,25.8661,0.5537,0.7127,1314,1837,630,836,188.1106
12,218.2967,1,513.7069,689.6286,13196.0,1398.0,150.5461,0.8472,1.6668,627.0,23.6786,0.673,0.8045,268,791,630,836,188.1106
12,218.2967,2,1089.7557,646.784,10648.0,3692.0,147.0646,0.8945,1.6365,574.0,31.3644,0.5404,0.7016,791,1314,630,836,188.1106
12,218.2967,3,1525.7569,615.2471,19002.0,12938.0,194.1149,0.5496,1.7737,537.0,32.6869,0.4407,0.6118,1314,1837,630,836,188.1106
12,218.6972,1,521.1827,686.2626,13034.0,1142.0,135.1286,0.9428,1.2931,627.0,20.7607,0.6714,0.8034,268,791,630,836,188.1106
12,218.6972,2,1096.2601,669.9233,15964.0,4672.0,210.5241,0.9961,2.4481,544.0,34.0366,0.5114,0.6767,791,1314,630,836,188.1106
12,218.6972,3,1546.403,602.8156,16817.0,12138.0,186.7115,0.6569,1.5848,537.0,21.0103,0.6895,0.8162,1314,1837,630,836,188.1106
12,219.0977,1,525.0438,684.4016,12696.0,1033.0,129.9453,0.9939,1.2068,629.0,16.8661,0.7696,0.8698,268,791,630,836,188.1106
12,219.0977,2,1104.0043,709.1195,13795.0,1242.0,177.6603,0.9984,2.0497,593.0,27.6007,0.5525,0.7118,791,1314,630,836,188.1106
12,219.0977,3,1544.6368,605.6409,15707.0,11184.0,187.7991,0.6201,1.7928,537.0,12.954,0.8245,0.9038,1314,1837,630,836,188.1106
12,219.4983,1,523.3005,690.8749,14351.0,1105.0,143.1065,0.9229,1.2803,629.0,18.8704,0.7396,0.8503,268,791,630,836,188.1106
12,219.4983,2,1103.4346,720.2577,14957.0,681.0,207.6874,0.9527,2.1967,607.0,40.6306,0.4576,0.6279,791,1314,630,836,188.1106
12,219.4983,3,1537.2544,629.4849,18581.0,11166.0,194.3375,0.6623,1.8621,537.0,16.8215,0.7387,0.8497,1314,1837,630,836,188.1106
12,219.8988,1,511.6263,698.9335,15626.0,828.0,154.3655,0.7767,1.3524,630.0,22.1399,0.6715,0.8035,268,791,630,836,188.1106
12,219.8988,2,1103.1777,689.4206,14561.0,2548.0,205.4361,0.9744,2.4421,573.0,36.1008,0.5482,0.7082,791,1314,630,836,188.1106
12,219.8988,3,1532.6867,629.7488,18272.0,10409.0,188.0095,0.7338,1.6925,540.0,18.641,0.6734,0.8048,1314,1837,630,836,188.1106
12,220.2994,1,495.3331,697.7589,15368.0,1054.0,155.732,0.8258,1.4138,629.0,24.2929,0.6315,0.7741,268,791,630,836,188.1106
12,220.2994,2,1109.8265,672.4375,12919.0,2754.0,161.9512,0.9623,1.7424,580.0,27.5718,0.6391,0.7798,791,1314,630,836,188.1106
12,220.2994,3,1527.3172,640.617,18541.0,9433.0,166.4658,0.8761,1.3398,541.0,17.8632,0.6936,0.8191,1314,1837,630,836,188.1106
12,220.6999,1,481.6623,695.1754,15151.0,1024.0,164.6626,0.8309,1.5488,629.0,17.997,0.7232,0.8393,268,791,630,836,188.1106
12,220.6999,2,1119.1234,670.0188,12899.0,3078.0,153.1614,0.9511,1.6041,579.0,25.6733,0.6724,0.8041,791,1314,630,836,188.1106
12,220.6999,3,1510.6658,638.3301,15536.0,8440.0,153.5699,0.9518,1.3857,543.0,26.6632,0.5246,0.6882,1314,1837,630,836,188.1106
12,221.1005,1,471.2067,694.9438,15398.0,963.0,166.3976,0.8346,1.5315,630.0,16.0244,0.7658,0.8674,268,791,630,836,188.1106
12,221.1005,2,1123.4314,671.1818,12164.0,2849.0,149.7243,0.9803,1.618,584.0,23.96,0.6917,0.8178,791,1314,630,836,188.1106
12,221.1005,3,1501.5565,633.8056,16211.0,9097.0,161.2729,0.8028,1.4717,545.0,21.2338,0.602,0.7516,1314,1837,630,836,188.1106
12,221.501,1,459.4645,693.3963,16526.0,1108.0,161.7388,0.8779,1.3512,629.0,18.6665,0.7392,0.85,268,791,630,836,188.1106
12,221.501,2,1132.924,665.2245,13641.0,3892.0,159.1527,0.815,1.6333,582.0,33.7637,0.5169,0.6815,791,1314,630,836,188.1106
12,221.501,3,1501.0398,629.6282,16673.0,10093.0,178.377,0.6324,1.7514,545.0,21.0313,0.6109,0.7585,1314,1837,630,836,188.1106
12,221.9016,1,450.9485,699.3851,15461.0,859.0,146.9893,0.9776,1.2556,632.0,20.7809,0.6664,0.7998,268,791,630,836,188.1106
12,221.9016,2,1138.1426,648.478,13297.0,4703.0,174.1902,0.5809,1.8714,585.0,27.0314,0.6241,0.7686,791,1314,630,836,188.1106
12,221.9016,3,1491.5976,633.9778,18249.0,9563.0,191.631,0.775,1.6575,537.0,24.3265,0.5348,0.6969,1314,1837,630,836,188.1106
12,222.3021,1,455.3065,693.7371,16002.0,843.0,151.5541,0.8111,1.2547,627.0,19.4801,0.7127,0.8323,268,791,630,836,188.1106
12,222.3021,2,1130.4155,638.3993,10916.0,4557.0,150.873,0.6299,1.6336,580.0,23.9415,0.7684,0.869,791,1314,630,836,188.1106
12,222.3021,3,1472.2878,631.8549,18713.0,10421.0,207.7674,0.753,1.8153,542.0,25.5878,0.559,0.7171,1314,1837,630,836,188.1106
12,222.7026,1,461.0534,697.8067,18519.0,1020.0,163.8504,0.7483,1.2854,625.0,16.5775,0.7673,0.8683,268,791,630,836,188.1106
12,222.7026,2,1124.8762,655.3268,12210.0,3666.0,149.2466,0.9604,1.4911,576.0,27.3939,0.6223,0.7672,791,1314,630,836,188.1106
12,222.7026,3,1451.2475,617.7175,15188.0,10554.0,200.9419,0.4041,2.4022,544.0,33.7969,0.3783,0.5489,1314,1837,630,836,188.1106
12,223.1032,1,462.9411,703.8958,18910.0,1177.0,179.8621,0.8653,1.4671,628.0,20.3565,0.7389,0.8499,268,791,630,836,188.1106
12,223.1032,2,1132.8955,669.1548,12839.0,2830.0,166.7759,0.9672,1.7774,578.0,22.3038,0.7091,0.8298,791,1314,630,836,188.1106
12,223.1032,3,1532.3276,698.9249,125853.0,33546.0,479.8492,0.0247,1.3706,537.0,86.6809,0.1196,0.2136,1314,1837,630,836,188.1106
12,223.5037,1,581.0033,738.5421,96498.0,5661.0,523.3052,0.1971,2.0848,583.0,70.9263,0.1769,0.3007,268,791,630,836,188.1106
12,223.5037,2,1040.6149,697.3027,144135.0,36547.0,585.4482,0.0364,1.7653,537.0,68.8877,0.0867,0.1595,791,1314,630,836,188.1106
12,223.5037,3,1347.9,624.7511,11115.0,6031.0,174.3494,0.9977,1.9861,537.0,97.6526,0.0638,0.1199,1314,1837,630,836,188.1106
12,223.9043,1,582.7398,739.3625,94205.0,4432.0,514.0802,0.182,2.0578,592.0,4.7066,0.959,0.9791,268,791,630,836,188.1106
12,223.9043,2,1025.0157,694.9387,133129.0,33871.0,555.3553,0.0804,1.736,537.0,5.0851,0.9233,0.9601,791,1314,630,836,188.1106
12,223.9043,3,1328.959,596.7432,3364.0,2757.0,86.225,0.9758,2.236,574.0,12.0158,0.3027,0.4647,1314,1837,630,836,188.1106
12,224.3048,1,682.9387,785.0036,29205.0,0.0,318.5802,0.3362,2.2665,675.0,41.8245,0.31,0.4733,268,791,630,836,188.1106
12,224.3048,2,1068.6744,714.1283,133809.0,23199.0,595.39,0.138,1.9791,537.0,20.0036,0.78,0.8764,791,1314,630,836,188.1106
12,224.3048,3,1355.7436,649.162,19040.0,7811.0,244.6496,0.9961,2.3048,537.0,25.4369,0.1767,0.3003,1314,1837,630,836,188.1106
12,224.7054,1,491.5195,701.9741,17543.0,974.0,199.3305,0.7251,1.9129,629.0,55.1219,0.0002,0.0004,268,791,630,836,188.1106
12,224.7054,2,1084.4936,660.5209,13750.0,4501.0,160.0728,0.709,1.7368,580.0,76.9507,0.1028,0.1864,791,1314,630,836,188.1106
12,224.7054,3,1407.2477,588.681,10184.0,9295.0,161.8406,0.5037,1.9521,537.0,49.8503,0.2275,0.3707,1314,1837,630,836,188.1106
12,225.1059,1,489.7564,700.5466,14784.0,1379.0,204.6023,0.8077,2.5139,620.0,17.6883,0.7114,0.8314,268,791,630,836,188.1106
12,225.1059,2,1080.036,678.6881,13281.0,2518.0,165.2297,0.8593,1.8333,583.0,32.2467,0.5273,0.6905,791,1314,630,836,188.1106
12,225.1059,3,1442.7258,600.4915,13342.0,9966.0,169.5958,0.6722,1.7621,537.0,43.5001,0.3906,0.5618,1314,1837,630,836,188.1106
12,225.5065,1,502.1266,690.6115,14550.0,1770.0,189.9342,0.7729,2.3953,618.0,19.7011,0.6879,0.8151,268,791,630,836,188.1106
12,225.5065,2,1077.1201,681.8677,12282.0,1774.0,166.1868,0.9086,1.8937,587.0,23.6173,0.6637,0.7979,791,1314,630,836,188.1106
12,225.5065,3,1466.5238,608.8453,13235.0,9465.0,168.1552,0.6918,1.8422,537.0,36.0669,0.4711,0.6405,1314,1837,630,836,188.1106
12,225.907,1,510.4232,675.8215,11348.0,1964.0,157.708,0.8437,2.0831,600.0,25.3359,0.6031,0.7524,268,791,630,836,188.1106
12,225.907,2,1082.5877,685.262,12687.0,1821.0,165.5513,0.9617,1.8201,584.0,20.3907,0.7501,0.8572,791,1314,630,836,188.1106
12,225.907,3,1489.8395,603.7877,13441.0,10368.0,159.9911,0.5863,1.6893,537.0,33.8905,0.5335,0.6958,1314,1837,630,836,188.1106
12,226.3075,1,509.2771,696.8613,11786.0,1101.0,182.2453,0.7933,2.469,627.0,25.4094,0.5508,0.7104,268,791,630,836,188.1106
12,226.3075,2,1088.1461,683.6827,12673.0,1929.0,155.6223,0.9778,1.6599,591.0,20.5395,0.7463,0.8547,791,1314,630,836,188.1106
12,226.3075,3,1513.4456,599.0723,15509.0,12513.0,208.6597,0.4044,2.2586,537.0,22.1755,0.6718,0.8037,1314,1837,630,836,188.1106
12,226.7081,1,515.907,704.1877,11052.0,992.0,161.4768,0.8482,2.2252,629.0,24.9144,0.5821,0.7359,268,791,630,836,188.1106
12,226.7081,2,1093.5644,680.8616,13181.0,2302.0,161.8202,0.98,1.7056,580.0,18.4616,0.757,0.8617,791,1314,630,836,188.1106
12,226.7081,3,1517.1023,608.687,19435.0,14039.0,206.8761,0.4711,1.8604,537.0,24.4376,0.6563,0.7925,1314,1837,630,836,188.1106
12,227.1086,1,518.7987,701.8279,11038.0,1020.0,147.9482,0.8007,2.004,644.0,16.6882,0.7592,0.8631,268,791,630,836,188.1106
12,227.1086,2,1097.6255,684.3322,13538.0,2118.0,156.8904,0.9964,1.5823,588.0,17.469,0.7692,0.8696,791,1314,630,836,188.1106
12,227.1086,3,1501.6379,597.5601,14538.0,11797.0,189.0172,0.4932,1.9299,543.0,24.6313,0.5965,0.7472,1314,1837,630,836,188.1106
12,227.5092,1,526.2501,690.6717,10520.0,1362.0,153.8544,0.8808,2.1467,617.0,20.9831,0.656,0.7923,268,791,630,836,188.1106
12,227.5092,2,1106.2904,686.1875,13578.0,1969.0,158.4432,0.9733,1.6134,590.0,20.8857,0.6956,0.8205,791,1314,630,836,188.1106
12,227.5092,3,1483.9133,595.3564,12877.0,10239.0,191.5468,0.5783,2.1213,537.0,23.9142,0.6585,0.7941,1314,1837,630,836,188.1106
12,227.9097,1,526.4398,684.6978,9934.0,1266.0,150.3268,0.8883,1.9879,618.0,12.2475,0.7996,0.8886,268,791,630,836,188.1106
12,227.9097,2,1107.6574,685.737,13469.0,1925.0,157.3252,0.9972,1.5845,588.0,19.8072,0.7126,0.8322,791,1314,630,836,188.1106
12,227.9097,3,1497.0647,591.0807,13489.0,11159.0,209.2908,0.5144,2.6135,537.0,19.7111,0.7236,0.8396,1314,1837,630,836,188.1106
12,228.3103,1,518.9046,697.9071,11410.0,1078.0,150.7207,0.8258,1.8596,642.0,20.1765,0.6786,0.8086,268,791,630,836,188.1106
12,228.3103,2,1112.1893,688.2708,13990.0,1869.0,161.3878,0.9851,1.6215,590.0,16.8813,0.7709,0.8706,791,1314,630,836,188.1106
12,228.3103,3,1538.1395,600.5264,14710.0,12075.0,167.5742,0.3549,1.7756,537.0,37.3733,0.3398,0.5073,1314,1837,630,836,188.1106
12,228.7108,1,516.8477,694.2162,12324.0,1110.0,158.2394,0.8068,1.8577,625.0,19.3212,0.7308,0.8444,268,791,630,836,188.1106
12,228.7108,2,1117.6932,691.3728,14576.0,1755.0,162.0231,0.9762,1.5809,590.0,13.2206,0.8401,0.9131,791,1314,630,836,188.1106
12,228.7108,3,1576.8491,594.6233,12266.0,10160.0,136.4631,0.6958,1.2146,537.0,28.0335,0.5308,0.6935,1314,1837,630,836,188.1106
12,229.1113,1,511.5241,694.723,13028.0,1092.0,164.6565,0.85,1.8217,626.0,17.291,0.7635,0.8659,268,791,630,836,188.1106
12,229.1113,2,1121.6786,690.6553,14771.0,2082.0,175.1775,0.9688,1.8291,589.0,17.4401,0.783,0.8783,791,1314,630,836,188.1106
12,229.1113,3,1572.8735,620.1017,16310.0,10605.0,139.8652,0.9023,1.0586,537.0,17.314,0.7429,0.8525,1314,1837,630,836,188.1106
12,229.5119,1,504.2386,699.7985,13170.0,1005.0,165.228,0.9151,1.796,628.0,16.1133,0.7701,0.8701,268,791,630,836,188.1106
12,229.5119,2,1120.4294,661.2047,13246.0,3348.0,188.3255,0.72,2.2087,586.0,34.5194,0.5233,0.6871,791,1314,630,836,188.1106
12,229.5119,3,1568.9805,604.6714,15296.0,10982.0,168.6348,0.6664,1.4977,537.0,21.9626,0.6373,0.7785,1314,1837,630,836,188.1106
12,229.9124,1,497.5326,702.4923,13362.0,1028.0,164.5406,0.9624,1.7556,629.0,18.4563,0.7846,0.8793,268,791,630,836,188.1106
12,229.9124,2,1109.2205,644.0889,13499.0,5467.0,198.4981,0.3538,2.5177,586.0,35.3378,0.4917,0.6593,791,1314,630,836,188.1106
12,229.9124,3,1558.8896,621.6884,18016.0,11632.0,183.5526,0.6784,1.6683,537.0,23.4896,0.634,0.776,1314,1837,630,836,188.1106
12,230.313,1,489.1715,705.9484,14348.0,1148.0,166.921,0.9851,1.7064,628.0,19.8153,0.7535,0.8594,268,791,630,836,188.1106
12,230.313,2,1078.1259,652.1306,13426.0,4296.0,164.1244,0.4556,1.8783,586.0,44.6245,0.3727,0.543,791,1314,630,836,188.1106
12,230.313,3,1541.508,622.8714,18761.0,11620.0,183.0307,0.6835,1.5695,537.0,25.4677,0.6104,0.7581,1314,1837,630,836,188.1106
12,230.7135,1,482.3869,709.4819,14419.0,975.0,171.4214,0.9994,1.7478,627.0,17.4737,0.7928,0.8844,268,791,630,836,188.1106
12,230.7135,2,1069.377,676.1854,13124.0,3117.0,156.4425,0.7156,1.8863,589.0,31.7852,0.4731,0.6423,791,1314,630,836,188.1106
12,230.7135,3,1528.6794,632.3863,18429.0,10624.0,166.6983,0.8062,1.3809,537.0,19.9737,0.6698,0.8023,1314,1837,630,836,188.1106
12,231.1141,1,473.3368,711.6629,14211.0,854.0,173.2018,1.0,1.8101,630.0,24.0832,0.7186,0.8363,268,791,630,836,188.1106
12,231.1141,2,1059.5796,674.7034,12556.0,2277.0,166.2121,0.7104,1.9832,586.0,25.1003,0.608,0.7562,791,1314,630,836,188.1106
12,231.1141,3,1509.2814,633.0508,17287.0,9455.0,151.995,0.9989,1.2397,543.0,20.3643,0.6412,0.7814,1314,1837,630,836,188.1106
12,231.5146,1,471.6823,705.2199,14994.0,1167.0,175.0737,0.9987,1.7765,629.0,16.6464,0.8388,0.9123,268,791,630,836,188.1106
12,231.5146,2,1061.0661,677.1427,12800.0,2275.0,168.085,0.7607,2.0026,589.0,20.1972,0.6907,0.8171,791,1314,630,836,188.1106
12,231.5146,3,1498.1273,633.2457,17105.0,9367.0,160.4376,0.8708,1.3746,544.0,18.0854,0.7107,0.8309,1314,1837,630,836,188.1106
12,231.9152,1,464.1143,706.6629,16400.0,1500.0,185.1739,0.9999,1.8566,621.0,24.1611,0.7354,0.8476,268,791,630,836,188.1106
12,231.9152,2,1062.4895,670.544,13284.0,3120.0,171.6434,0.7364,2.0417,588.0,18.0545,0.7587,0.8628,791,1314,630,836,188.1106
12,231.9152,3,1485.5094,634.8672,18036.0,10115.0,153.4422,0.9428,1.239,544.0,20.3594,0.6295,0.7727,1314,1837,630,836,188.1106
12,232.3157,1,459.2285,695.9351,15588.0,1430.0,164.5665,0.9009,1.528,618.0,30.6767,0.638,0.779,268,791,630,836,188.1106
12,232.3157,2,1054.6016,655.4658,12087.0,3411.0,167.3552,0.6342,1.916,590.0,19.6586,0.7631,0.8656,791,1314,630,836,188.1106
12,232.3157,3,1494.1165,604.4479,17838.0,13055.0,215.0642,0.5388,2.0852,537.0,31.7097,0.4372,0.6084,1314,1837,630,836,188.1106
12,232.7162,1,464.2769,688.6803,15842.0,2047.0,168.1423,0.8422,1.6387,613.0,25.3508,0.7196,0.8369,268,791,630,836,188.1106
12,232.7162,2,1054.4838,668.7682,13427.0,3727.0,140.5478,0.6349,1.3615,586.0,28.9045,0.6392,0.7799,791,1314,630,836,188.1106
12,232.7162,3,1497.9164,604.2399,19199.0,14685.0,231.2581,0.4037,2.3837,537.0,23.4038,0.6849,0.813,1314,1837,630,836,188.1106
12,233.1168,1,499.4171,684.8555,13307.0,1484.0,151.9733,0.761,1.6308,616.0,51.3865,0.308,0.4709,268,791,630,836,188.1106
12,233.1168,2,1049.5728,665.2072,12995.0,3329.0,147.8613,0.68,1.4684,590.0,22.59,0.6845,0.8127,791,1314,630,836,188.1106
12,233.1168,3,1530.7347,608.4507,17702.0,13698.0,201.0122,0.3689,2.0267,537.0,27.4284,0.4909,0.6585,1314,1837,630,836,188.1106
12,233.5173,1,534.1716,674.568,10331.0,1445.0,121.8195,0.991,1.3722,627.0,43.7953,0.3798,0.5505,268,791,630,836,188.1106
12,233.5173,2,1052.0391,671.6155,14257.0,2896.0,164.0071,0.6889,1.6173,592.0,21.8218,0.7386,0.8496,791,1314,630,836,188.1106
12,233.5173,3,1542.4401,623.7456,19932.0,12459.0,184.0701,0.6033,1.6131,537.0,31.0425,0.4937,0.6611,1314,1837,630,836,188.1106
12,233.9179,1,530.4722,676.6967,11535.0,1179.0,131.8469,0.9379,1.3207,628.0,23.2449,0.7306,0.8443,268,791,630,836,188.1106
12,233.9179,2,1056.5634,676.7294,15789.0,2869.0,164.8742,0.7687,1.4706,589.0,18.2328,0.7736,0.8723,791,1314,630,836,188.1106
12,233.9179,3,1552.8715,623.4529,18231.0,11653.0,189.2734,0.6215,1.822,537.0,21.1382,0.6496,0.7876,1314,1837,630,836,188.1106
12,234.3184,1,516.0926,681.2784,13761.0,1262.0,140.9041,0.5355,1.3537,629.0,28.3672,0.5854,0.7385,268,791,630,836,188.1106
12,234.3184,2,1062.3075,670.6593,14508.0,2956.0,176.1461,0.6244,1.7914,595.0,23.6525,0.6477,0.7862,791,1314,630,836,188.1106
12,234.3184,3,1553.5743,623.9406,18390.0,11295.0,167.5915,0.6591,1.4288,537.0,17.3669,0.7386,0.8497,1314,1837,630,836,188.1106
12,234.719,1,495.4111,686.1029,14603.0,1216.0,143.8839,0.6521,1.3305,629.0,30.4228,0.5283,0.6914,268,791,630,836,188.1106
12,234.719,2,1071.224,665.9472,14435.0,3736.0,177.7412,0.6125,1.8888,592.0,23.175,0.6464,0.7852,791,1314,630,836,188.1106
12,234.719,3,1563.3555,620.3077,16164.0,10672.0,153.7209,0.6689,1.3742,537.0,21.44,0.6124,0.7596,1314,1837,630,836,188.1106
12,235.1195,1,472.9244,685.615,14757.0,1331.0,152.6545,0.8166,1.3982,628.0,30.7314,0.5701,0.7262,268,791,630,836,188.1106
12,235.1195,2,1075.0743,662.7548,14745.0,4182.0,180.2453,0.6379,1.8708,586.0,18.0509,0.7384,0.8495,791,1314,630,836,188.1106
12,235.1195,3,1577.0703,628.2439,16393.0,9552.0,149.955,0.9627,1.2556,537.0,24.9817,0.5506,0.7102,1314,1837,630,836,188.1106
12,235.5201,1,455.3997,696.9096,19368.0,1180.0,194.2585,0.662,1.7498,628.0,35.1074,0.5108,0.6762,268,791,630,836,188.1106
12,235.5201,2,1071.8534,670.1525,14842.0,3446.0,176.2359,0.6127,1.8887,592.0,21.7216,0.7067,0.8281,791,1314,630,836,188.1106
12,235.5201,3,1587.5439,631.9514,15605.0,8699.0,158.8537,0.9765,1.405,537.0,20.037,0.6883,0.8154,1314,1837,630,836,188.1106
12,235.9206,1,455.4168,691.5104,19613.0,1183.0,216.7914,0.5145,2.1786,627.0,19.8971,0.7096,0.8301,268,791,630,836,188.1106
12,235.9206,2,1062.8347,674.6088,14084.0,2654.0,170.3926,0.6654,1.8533,592.0,23.6872,0.6117,0.7591,791,1314,630,836,188.1106
12,235.9206,3,1583.8297,633.2245,17496.0,9280.0,169.2213,0.8979,1.4738,537.0,22.5572,0.6314,0.7741,1314,1837,630,836,188.1106
12,236.3211,1,458.3693,690.7452,19190.0,1291.0,198.811,0.5109,1.9119,628.0,16.1586,0.7659,0.8675,268,791,630,836,188.1106
12,236.3211,2,1055.7072,682.6701,13543.0,1807.0,174.2031,0.6955,2.0245,595.0,22.8808,0.6494,0.7874,791,1314,630,836,188.1106
12,236.3211,3,1571.7451,629.6533,17983.0,9704.0,183.588,0.8804,1.6003,537.0,22.896,0.656,0.7923,1314,1837,630,836,188.1106
12,236.7217,1,459.6126,684.4762,19861.0,1600.0,201.9734,0.4815,1.8951,627.0,18.0674,0.7488,0.8564,268,791,630,836,188.1106
12,236.7217,2,1054.0234,684.0424,13224.0,1356.0,172.9035,0.682,1.9661,603.0,16.6401,0.7633,0.8658,791,1314,630,836,188.1106
12,236.7217,3,1562.382,618.0802,17592.0,10765.0,190.9855,0.8047,1.6053,537.0,24.8808,0.6811,0.8103,1314,1837,630,836,188.1106
12,237.1222,1,473.0686,685.4762,19428.0,1501.0,203.0285,0.441,1.9399,627.0,20.6635,0.7027,0.8254,268,791,630,836,188.1106
12,237.1222,2,1051.248,686.3816,13725.0,1654.0,172.0239,0.8105,1.8912,593.0,20.1669,0.6986,0.8226,791,1314,630,836,188.1106
12,237.1222,3,1560.1247,624.9393,18753.0,11680.0,158.4901,0.9097,1.1923,537.0,27.0096,0.6207,0.7659,1314,1837,630,836,188.1106
12,237.5228,1,487.436,693.1264,17583.0,1515.0,179.5365,0.6743,1.6454,622.0,26.6293,0.5899,0.742,268,791,630,836,188.1106
12,237.5228,2,1055.7808,687.7495,13654.0,1222.0,179.9554,0.6739,2.0932,603.0,20.6459,0.6807,0.81,791,1314,630,836,188.1106
12,237.5228,3,1542.2804,621.6647,18664.0,11868.0,158.5003,0.7676,1.2365,537.0,25.8553,0.4948,0.662,1314,1837,630,836,188.1106
12,237.9233,1,494.7172,693.599,17311.0,1539.0,193.6705,0.7021,1.9341,623.0,19.0161,0.7661,0.8675,268,791,630,836,188.1106
12,237.9233,2,1054.3627,683.4432,13699.0,1630.0,178.9512,0.7205,2.0182,600.0,15.8553,0.7447,0.8537,791,1314,630,836,188.1106
12,237.9233,3,1532.0144,627.5576,20354.0,12034.0,190.8261,0.5945,1.6394,543.0,15.3685,0.7365,0.8483,1314,1837,630,836,188.1106
12,238.3239,1,507.887,693.6514,17443.0,2371.0,191.0536,0.8867,1.8284,602.0,25.1157,0.6183,0.7642,268,791,630,836,188.1106
12,238.3239,2,1056.4139,689.7035,14074.0,1418.0,173.5573,0.8004,1.8307,601.0,18.1884,0.7588,0.8629,791,1314,630,836,188.1106
12,238.3239,3,1522.3507,630.6531,19549.0,11328.0,187.6744,0.6277,1.5981,544.0,19.9009,0.6601,0.7952,1314,1837,630,836,188.1106
12,238.7244,1,528.1584,707.8132,19743.0,2599.0,223.5095,1.0,2.0272,596.0,36.7077,0.5111,0.6764,268,791,630,836,188.1106
12,238.7244,2,1066.4021,683.6075,14105.0,1683.0,176.4124,0.737,1.9053,598.0,27.4253,0.6254,0.7695,791,1314,630,836,188.1106
12,238.7244,3,1512.3802,614.8299,18967.0,12056.0,151.4533,0.9526,1.105,537.0,26.761,0.572,0.7277,1314,1837,630,836,188.1106
12,239.125,1,526.2552,722.3914,17061.0,1473.0,206.1725,0.9353,2.2368,626.0,22.0481,0.7023,0.8251,268,791,630,836,188.1106
12,239.125,2,1068.3719,681.3976,14080.0,1864.0,176.8872,0.7415,1.901,593.0,12.3169,0.8726,0.932,791,1314,630,836,188.1106
12,239.125,3,1509.6998,628.6104,19255.0,11120.0,173.2747,0.7671,1.4324,542.0,31.2113,0.5716,0.7274,1314,1837,630,836,188.1106
12,239.5255,1,531.1106,673.4307,16698.0,4957.0,221.4201,0.9975,2.7017,556.0,37.495,0.4654,0.6351,268,791,630,836,188.1106
12,239.5255,2,1077.9859,677.1601,14482.0,2292.0,181.852,0.6585,1.9857,594.0,24.3632,0.6439,0.7833,791,1314,630,836,188.1106
12,239.5255,3,1506.6538,626.1763,20361.0,12571.0,189.5506,0.7677,1.7125,537.0,23.6481,0.6328,0.7751,1314,1837,630,836,188.1106
12,239.926,1,530.8412,706.1053,13349.0,2147.0,185.0512,0.9324,2.622,627.0,33.1309,0.5272,0.6904,268,791,630,836,188.1106
12,239.926,2,1079.4778,678.671,14524.0,2151.0,179.7668,0.7067,1.8881,595.0,14.9157,0.822,0.9023,791,1314,630,836,188.1106
12,239.926,3,1495.4056,629.8412,20186.0,12017.0,205.4662,0.6779,1.9136,537.0,30.6812,0.495,0.6622,1314,1837,630,836,188.1106
12,240.3266,1,535.7017,697.2578,13302.0,2452.0,160.6232,0.9657,2.1495,634.0,19.9773,0.7051,0.8271,268,791,630,836,188.1106
12,240.3266,2,1091.2815,679.6235,14862.0,2245.0,181.4745,0.7429,1.8985,589.0,26.1512,0.6214,0.7665,791,1314,630,836,188.1106
12,240.3266,3,1507.653,593.8366,17456.0,13597.0,193.8115,0.5378,1.8205,537.0,25.4614,0.5562,0.7148,1314,1837,630,836,188.1106
12,240.7271,1,549.9407,708.6832,9291.0,1313.0,174.3559,0.9849,3.1373,628.0,17.4929,0.5976,0.7481,268,791,630,836,188.1106
12,240.7271,2,1094.4159,684.6608,15027.0,1934.0,177.846,0.8076,1.7489,594.0,19.9619,0.7534,0.8594,791,1314,630,836,188.1106
12,240.7271,3,1530.9716,615.6882,19696.0,13311.0,212.0072,0.5013,1.9939,537.0,33.1171,0.4945,0.6618,1314,1837,630,836,188.1106
12,241.1277,1,531.3197,697.3124,13812.0,1909.0,177.3125,0.972,2.2416,626.0,26.7967,0.4552,0.6256,268,791,630,836,188.1106
12,241.1277,2,1103.4713,677.6995,14877.0,2455.0,179.3028,0.7253,1.8961,591.0,27.0418,0.6382,0.7792,791,1314,630,836,188.1106
12,241.1277,3,1561.4534,625.6113,19529.0,12112.0,166.1737,0.7142,1.2528,537.0,32.9361,0.4514,0.6221,1314,1837,630,836,188.1106
12,241.5282,1,524.6625,694.7008,17431.0,1986.0,191.6108,0.9496,1.6712,605.0,29.5085,0.627,0.7707,268,791,630,836,188.1106
12,241.5282,2,1113.0303,676.2126,15151.0,2902.0,182.2758,0.685,1.9875,586.0,24.1888,0.6564,0.7925,791,1314,630,836,188.1106
12,241.5282,3,1573.7603,635.2356,19780.0,10560.0,185.0573,0.8094,1.5509,537.0,26.2888,0.5946,0.7457,1314,1837,630,836,188.1106
12,241.9288,1,491.4842,710.8641,21077.0,1788.0,208.3682,0.9932,1.6667,606.0,37.0909,0.4226,0.5941,268,791,630,836,188.1106
12,241.9288,2,1115.8275,675.3748,14877.0,2742.0,168.0495,0.7653,1.5992,592.0,19.7983,0.705,0.827,791,1314,630,836,188.1106
12,241.9288,3,1560.1764,633.4316,21714.0,11473.0,193.0274,0.8568,1.3468,537.0,28.9077,0.578,0.7325,1314,1837,630,836,188.1106
12,242.3293,1,474.8928,721.8041,23326.0,1669.0,223.3302,0.9861,1.7738,609.0,31.0291,0.5932,0.7446,268,791,630,836,188.1106
12,242.3293,2,1124.8731,674.1786,14377.0,2700.0,174.3051,0.6934,1.8803,590.0,21.9642,0.677,0.8074,791,1314,630,836,188.1106
12,242.3293,3,1550.3795,634.1367,22714.0,11879.0,208.9575,0.9512,1.5854,537.0,24.3971,0.6015,0.7512,1314,1837,630,836,188.1106
12,242.7299,1,471.6249,714.8995,21934.0,1299.0,244.3984,0.8265,2.246,624.0,32.2473,0.5235,0.6873,268,791,630,836,188.1106
12,242.7299,2,1130.4111,676.7472,14418.0,2335.0,173.975,0.7553,1.7974,586.0,15.0207,0.8306,0.9074,791,1314,630,836,188.1106
12,242.7299,3,1554.7975,641.5045,22513.0,11431.0,216.0543,0.7332,1.874,537.0,29.3015,0.5266,0.6899,1314,1837,630,836,188.1106
12,243.1304,1,486.33,700.4357,17639.0,2601.0,238.0819,0.8644,2.667,592.0,28.9528,0.5998,0.7499,268,791,630,836,188.1106
12,243.1304,2,1133.1071,682.3333,14925.0,2126.0,173.6019,0.8151,1.7311,591.0,17.1101,0.7544,0.86,791,1314,630,836,188.1106
12,243.1304,3,1556.519,634.2608,19867.0,10290.0,180.5559,0.9837,1.4179,537.0,28.5677,0.5748,0.73,1314,1837,630,836,188.1106
12,243.5309,1,526.9466,690.1357,15401.0,2888.0,207.6766,0.9749,2.4059,581.0,48.2962,0.3023,0.4643,268,791,630,836,188.1106
12,243.5309,2,1142.178,679.6762,14443.0,2238.0,172.2706,0.7816,1.7755,592.0,21.6294,0.703,0.8256,791,1314,630,836,188.1106
12,243.5309,3,1543.4023,635.9301,18271.0,9525.0,173.9546,0.9335,1.4765,537.0,25.8041,0.6349,0.7767,1314,1837,630,836,188.1106
12,243.9315,1,551.4527,728.6223,10783.0,926.0,205.8227,0.9977,3.2702,629.0,40.1701,0.3505,0.5191,268,791,630,836,188.1106
12,243.9315,2,1148.0201,677.4604,14854.0,2535.0,177.1527,0.7197,1.8501,591.0,19.7619,0.7385,0.8496,791,1314,630,836,188.1106
12,243.9315,3,1535.7417,636.8561,17430.0,9101.0,164.4895,0.9332,1.4005,541.0,22.7815,0.6621,0.7967,1314,1837,630,836,188.1106
12,244.332,1,538.66,712.5832,12708.0,1933.0,169.6499,0.9605,2.3103,642.0,24.1422,0.542,0.703,268,791,630,836,188.1106
12,244.332,2,1153.6064,670.6463,14984.0,3063.0,176.896,0.8261,1.7315,585.0,21.1416,0.7156,0.8342,791,1314,630,836,188.1106
12,244.332,3,1538.7965,628.9867,21239.0,13099.0,210.6743,0.5208,1.8992,537.0,29.8019,0.4972,0.6641,1314,1837,630,836,188.1106
12,244.7326,1,534.6861,711.3142,12253.0,1832.0,237.7478,0.9792,3.7758,596.0,21.2346,0.679,0.8088,268,791,630,836,188.1106
12,244.7326,2,1158.5825,660.6345,15660.0,4908.0,196.774,0.6029,2.1147,583.0,30.0971,0.5611,0.7188,791,1314,630,836,188.1106
12,244.7326,3,1524.6215,633.7379,19005.0,10743.0,184.5961,0.7434,1.5624,544.0,31.1467,0.513,0.6782,1314,1837,630,836,188.1106
12,245.1331,1,529.7634,721.4536,10628.0,564.0,181.6594,0.8798,2.5861,629.0,26.5224,0.5615,0.7192,268,791,630,836,188.1106
12,245.1331,2,1151.3909,651.7051,15039.0,5778.0,193.7565,0.4214,2.1329,586.0,21.8177,0.7119,0.8317,791,1314,630,836,188.1106
12,245.1331,3,1525.0384,643.9233,19432.0,9045.0,228.9911,0.6975,2.3452,537.0,28.9782,0.5719,0.7277,1314,1837,630,836,188.1106
12,245.5337,1,538.3293,709.8661,12581.0,632.0,173.6002,0.9981,2.1285,629.0,35.5978,0.4556,0.626,268,791,630,836,188.1106
12,245.5337,2,1136.0672,658.469,16865.0,5804.0,191.7005,0.3805,1.9231,587.0,30.9142,0.5416,0.7026,791,1314,630,836,188.1106
12,245.5337,3,1521.264,640.4437,20393.0,9933.0,190.5358,0.8033,1.5639,543.0,24.2995,0.589,0.7413,1314,1837,630,836,188.1106
12,245.9342,1,518.5734,700.0125,18614.0,1600.0,189.5754,0.9311,1.6499,614.0,34.7047,0.5027,0.6691,268,791,630,836,188.1106
12,245.9342,2,1106.9728,658.3857,17826.0,5829.0,210.6287,0.3955,2.0761,582.0,33.0336,0.5276,0.6908,791,1314,630,836,188.1106
12,245.9342,3,1531.9658,637.7099,18737.0,9037.0,181.7501,0.9799,1.5017,537.0,26.3294,0.5588,0.717,1314,1837,630,836,188.1106
12,246.3348,1,478.2163,714.8597,21932.0,1215.0,239.5872,0.7869,2.1411,621.0,44.1062,0.3275,0.4935,268,791,630,836,188.1106
12,246.3348,2,1094.2097,673.0426,17140.0,3612.0,173.1042,0.6668,1.546,592.0,34.8158,0.4887,0.6566,791,1314,630,836,188.1106
12,246.3348,3,1543.1289,626.1448,19656.0,11848.0,185.4179,0.7012,1.5188,537.0,30.2302,0.565,0.7221,1314,1837,630,836,188.1106
12,246.7353,1,406.5857,696.8777,27756.0,4429.0,239.7181,0.7589,1.9536,607.0,42.9306,0.2773,0.4342,268,791,630,836,188.1106
12,246.7353,2,1096.1371,677.5808,16860.0,2884.0,171.3916,0.7294,1.5241,593.0,21.06,0.7257,0.8411,791,1314,630,836,188.1106
12,246.7353,3,1546.1129,633.2991,20355.0,11116.0,177.8294,0.9508,1.3895,537.0,25.4659,0.6139,0.7608,1314,1837,630,836,188.1106
12,247.1358,1,368.0945,712.9784,26609.0,3531.0,292.506,0.9057,2.3597,545.0,40.5502,0.3952,0.5665,268,791,630,836,188.1106
12,247.1358,2,1092.805,678.9066,16688.0,2808.0,169.3974,0.8109,1.4709,590.0,18.2449,0.8011,0.8896,791,1314,630,836,188.1106
12,247.1358,3,1539.0486,649.3662,22553.0,9964.0,213.7399,0.9556,1.7374,537.0,30.1142,0.5867,0.7395,1314,1837,630,836,188.1106
12,247.5364,1,345.0614,722.2605,27028.0,3128.0,302.997,0.9687,2.3066,537.0,31.5318,0.5994,0.7495,268,791,630,836,188.1106
12,247.5364,2,1089.8416,672.8415,15907.0,3142.0,167.9244,0.7711,1.512,588.0,19.3076,0.7486,0.8562,791,1314,630,836,188.1106
12,247.5364,3,1526.4837,639.9296,20394.0,10565.0,244.6053,0.7492,2.4989,537.0,29.2539,0.5183,0.6827,1314,1837,630,836,188.1106
12,247.9369,1,352.9695,710.9537,23289.0,2784.0,271.8437,0.9874,2.1201,537.0,30.9857,0.6104,0.7581,268,791,630,836,188.1106
12,247.9369,2,1089.4641,675.663,16302.0,3381.0,169.1057,0.9088,1.4957,578.0,18.2278,0.7792,0.8759,791,1314,630,836,188.1106
12,247.9369,3,1532.9921,609.1805,17394.0,11988.0,215.7581,0.5222,2.2082,537.0,26.3837,0.5747,0.7299,1314,1837,630,836,188.1106
12,248.3375,1,428.6861,696.3999,22116.0,1971.0,231.3233,0.7207,2.2759,603.0,41.6959,0.2421,0.3898,268,791,630,836,188.1106
12,248.3375,2,1093.6915,686.8104,15932.0,1730.0,187.084,0.7073,1.9038,596.0,29.1735,0.5857,0.7387,791,1314,630,836,188.1106
12,248.3375,3,1561.1794,613.9802,14832.0,10019.0,164.2782,0.7285,1.6217,537.0,35.3486,0.4395,0.6106,1314,1837,630,836,188.1106
12,248.738,1,480.7552,702.2891,18927.0,2073.0,227.2315,0.8843,2.1358,587.0,46.8211,0.2385,0.3852,268,791,630,836,188.1106
12,248.738,2,1096.9593,689.631,15299.0,1500.0,188.5508,0.7455,1.9519,597.0,15.2716,0.8129,0.8968,791,1314,630,836,188.1106
12,248.738,3,1594.6795,636.9346,13605.0,6145.0,174.1535,0.9852,1.8516,537.0,35.7265,0.3549,0.5239,1314,1837,630,836,188.1106
12,249.1386,1,509.3576,718.3037,17842.0,1357.0,225.5107,0.8489,2.4804,617.0,36.2364,0.3847,0.5556,268,791,630,836,188.1106
12,249.1386,2,1102.1083,693.2166,14791.0,1388.0,184.8575,0.7989,1.9539,597.0,18.2413,0.7734,0.8722,791,1314,630,836,188.1106
12,249.1386,3,1591.5098,646.6491,15006.0,6052.0,198.4051,0.957,2.2758,537.0,23.1405,0.6875,0.8148,1314,1837,630,836,188.1106
12,249.5391,1,526.8448,698.8683,14095.0,2158.0,173.5926,0.8888,2.2147,627.0,21.9237,0.5988,0.749,268,791,630,836,188.1106
12,249.5391,2,1105.191,686.8824,15139.0,2238.0,178.9511,0.9259,1.774,586.0,26.7098,0.632,0.7745,791,1314,630,836,188.1106
12,249.5391,3,1593.4584,632.7268,15007.0,7805.0,176.8802,0.9823,1.8059,537.0,28.4588,0.6225,0.7673,1314,1837,630,836,188.1106
12,249.9397,1,538.5021,707.6402,13316.0,2315.0,177.5147,0.9775,2.3103,628.0,26.6216,0.566,0.7228,268,791,630,836,188.1106
12,249.9397,2,1106.5295,681.4277,16158.0,3138.0,168.7687,0.998,1.5271,576.0,25.4422,0.6068,0.7553,791,1314,630,836,188.1106
12,249.9397,3,1580.6744,624.6438,18430.0,10791.0,193.0554,0.9943,1.6811,537.0,29.9258,0.6442,0.7836,1314,1837,630,836,188.1106
12,250.3402,1,542.4027,722.2346,12487.0,981.0,196.514,0.9932,3.022,629.0,23.141,0.6508,0.7884,268,791,630,836,188.1106
12,250.3402,2,1116.6527,682.6393,16638.0,3114.0,169.4104,0.9753,1.5211,574.0,19.543,0.6876,0.8149,791,1314,630,836,188.1106
12,250.3402,3,1564.7026,630.2301,17887.0,9710.0,173.2381,0.9525,1.4533,537.0,34.2581,0.5193,0.6836,1314,1837,630,836,188.1106
12,250.7407,1,526.5608,699.728,14573.0,1185.0,173.4021,0.9813,1.8784,628.0,41.1841,0.4735,0.6427,268,791,630,836,188.1106
12,250.7407,2,1113.8858,690.8846,15966.0,2043.0,168.8886,0.9976,1.5145,587.0,21.7931,0.6854,0.8133,791,1314,630,836,188.1106
12,250.7407,3,1538.8718,637.6123,21216.0,10591.0,184.0577,0.9188,1.4681,537.0,33.5789,0.4826,0.651,1314,1837,630,836,188.1106
12,251.1413,1,520.2683,692.8015,17586.0,1934.0,196.7129,0.8615,1.8017,601.0,26.0691,0.6298,0.7728,268,791,630,836,188.1106
12,251.1413,2,1117.5647,691.3647,16006.0,2166.0,177.7325,0.9994,1.6532,585.0,16.0948,0.7608,0.8641,791,1314,630,836,188.1106
12,251.1413,3,1506.0411,647.6149,21973.0,9853.0,222.2157,0.898,1.9664,540.0,36.1817,0.4184,0.59,1314,1837,630,836,188.1106
12,251.5418,1,488.4177,719.8793,22177.0,1479.0,214.8695,0.9903,1.6749,613.0,40.8543,0.3847,0.5556,268,791,630,836,188.1106
12,251.5418,2,1121.0567,690.7546,15999.0,2096.0,171.1306,0.9891,1.5439,584.0,13.6176,0.8132,0.897,791,1314,630,836,188.1106
12,251.5418,3,1482.5948,649.2638,18646.0,7520.0,197.6211,0.9183,1.795,546.0,32.4976,0.5194,0.6837,1314,1837,630,836,188.1106
12,251.9424,1,467.6955,720.5973,20508.0,1498.0,216.7719,1.0,1.8985,615.0,29.9769,0.6125,0.7597,268,791,630,836,188.1106
12,251.9424,2,1119.9765,689.9395,16066.0,2276.0,174.5116,0.9982,1.5944,585.0,14.7263,0.7954,0.886,791,1314,630,836,188.1106
12,251.9424,3,1451.0257,641.7767,19283.0,10123.0,236.8494,0.6839,2.6494,537.0,37.0993,0.393,0.5642,1314,1837,630,836,188.1106
12,252.3429,1,452.8107,717.3399,22319.0,1747.0,211.3682,0.9965,1.6196,607.0,28.2652,0.6431,0.7828,268,791,630,836,188.1106
12,252.3429,2,1119.1195,690.2304,15511.0,2007.0,164.092,0.9952,1.4829,589.0,11.4649,0.8767,0.9343,791,1314,630,836,188.1106
12,252.3429,3,1422.7015,636.0159,15554.0,8138.0,206.1564,0.6874,2.5868,537.0,38.6201,0.4163,0.5879,1314,1837,630,836,188.1106
12,252.7435,1,461.8205,718.606,22586.0,1139.0,235.353,0.8281,2.0682,624.0,26.4288,0.6326,0.775,268,791,630,836,188.1106
12,252.7435,2,1123.3351,687.3577,15950.0,2242.0,164.3105,0.9795,1.4404,586.0,18.782,0.7017,0.8247,791,1314,630,836,188.1106
12,252.7435,3,1390.4772,665.6321,13054.0,3910.0,149.5219,0.8346,1.863,579.0,38.5085,0.2746,0.4309,1314,1837,630,836,188.1106
12,253.144,1,482.4531,714.0574,19319.0,1715.0,252.7862,0.8152,2.7006,609.0,32.4478,0.5605,0.7183,268,791,630,836,188.1106
12,253.144,2,1118.6296,688.7568,15792.0,2109.0,163.9698,0.9938,1.4438,587.0,14.7264,0.7831,0.8783,791,1314,630,836,188.1106
12,253.144,3,1389.4227,669.8243,12927.0,3553.0,215.8631,0.9124,3.0669,540.0,25.7246,0.6291,0.7723,1314,1837,630,836,188.1106
12,253.5446,1,520.9925,695.4877,17121.0,2518.0,210.4975,0.9943,1.9784,584.0,41.1416,0.366,0.5359,268,791,630,836,188.1106
12,253.5446,2,1121.9694,690.6595,15870.0,1949.0,164.6802,0.9861,1.4425,591.0,14.445,0.8123,0.8964,791,1314,630,836,188.1106
12,253.5446,3,1404.753,662.3554,14653.0,5203.0,232.6801,0.8979,3.2223,537.0,38.2951,0.4104,0.5819,1314,1837,630,836,188.1106
12,253.9451,1,535.8984,711.7607,17443.0,1266.0,216.0191,0.9943,2.2105,627.0,34.1348,0.5578,0.7161,268,791,630,836,188.1106
12,253.9451,2,1117.4734,689.1938,15731.0,1971.0,161.9561,0.9844,1.4138,590.0,11.4846,0.8656,0.9279,791,1314,630,836,188.1106
12,253.9451,3,1407.9193,648.6966,14688.0,6368.0,217.4115,0.8287,2.6093,537.0,27.5049,0.5575,0.7159,1314,1837,630,836,188.1106
12,254.3456,1,501.4404,716.7789,19587.0,1218.0,218.5923,0.849,2.0948,629.0,42.5025,0.3876,0.5586,268,791,630,836,188.1106
12,254.3456,2,1113.6215,686.7384,16005.0,2281.0,161.7326,0.9964,1.3814,589.0,10.9595,0.8559,0.9224,791,1314,630,836,188.1106
12,254.3456,3,1413.7864,645.6725,12600.0,5421.0,163.5796,0.5787,2.1144,576.0,30.0492,0.5418,0.7028,1314,1837,630,836,188.1106
12,254.7462,1,443.0887,691.9205,22272.0,4049.0,257.143,0.8561,2.5149,585.0,43.2804,0.3191,0.4839,268,791,630,836,188.1106
12,254.7462,2,1111.8537,687.9082,16750.0,2359.0,161.4254,0.9992,1.3449,590.0,14.1895,0.8357,0.9105,791,1314,630,836,188.1106
12,254.7462,3,1409.6846,648.9059,12429.0,5466.0,153.2552,0.7233,1.7643,556.0,27.3955,0.5907,0.7427,1314,1837,630,836,188.1106
12,255.1467,1,385.834,722.739,25493.0,1640.0,275.3086,0.7268,2.3409,618.0,46.8994,0.2106,0.3479,268,791,630,836,188.1106
12,255.1467,2,1102.54,694.9501,19383.0,3262.0,186.5781,0.9972,1.5943,581.0,22.6868,0.6553,0.7917,791,1314,630,836,188.1106
12,255.1467,3,1406.4057,646.5329,13712.0,6273.0,169.7784,0.779,1.9082,555.0,20.074,0.6977,0.8219,1314,1837,630,836,188.1106
12,255.5473,1,365.0871,739.5279,22017.0,580.0,274.5163,0.704,2.7338,640.0,30.8659,0.5448,0.7054,268,791,630,836,188.1106
12,255.5473,2,1093.7063,682.3657,15491.0,2395.0,167.8382,0.8618,1.5587,590.0,25.3006,0.6,0.75,791,1314,630,836,188.1106
12,255.5473,3,1408.9964,643.2996,15360.0,7150.0,174.5741,0.7525,1.7819,556.0,23.3047,0.6566,0.7927,1314,1837,630,836,188.1106
12,255.9478,1,345.1509,716.2169,21670.0,1833.0,227.8317,0.9291,1.7795,591.0,32.3737,0.5798,0.734,268,791,630,836,188.1106
12,255.9478,2,1084.6039,676.508,16342.0,3307.0,181.6331,0.7331,1.773,589.0,23.967,0.6211,0.7662,791,1314,630,836,188.1106
12,255.9478,3,1411.4818,646.4688,17205.0,7748.0,171.2825,0.8251,1.5248,551.0,20.5317,0.7048,0.8268,1314,1837,630,836,188.1106
12,256.3484,1,336.7239,735.113,20471.0,1007.0,217.2919,0.8349,1.9629,641.0,27.4698,0.6582,0.7939,268,791,630,836,188.1106
12,256.3484,2,1078.5584,676.0573,17622.0,3968.0,191.8996,0.7055,1.8942,583.0,19.4749,0.6877,0.815,791,1314,630,836,188.1106
12,256.3484,3,1428.3758,642.3691,16191.0,8192.0,158.4568,0.9974,1.4464,543.0,26.4269,0.5632,0.7206,1314,1837,630,836,188.1106
12,256.7489,1,323.6707,732.3709,18559.0,804.0,203.5105,0.9487,1.8433,626.0,21.0916,0.746,0.8545,268,791,630,836,188.1106
12,256.7489,2,1077.6807,671.3829,17259.0,3960.0,177.3182,0.6936,1.5735,585.0,17.4074,0.7033,0.8258,791,1314,630,836,188.1106
12,256.7489,3,1439.5337,641.6652,19107.0,8803.0,182.2918,0.9866,1.5655,537.0,27.682,0.5685,0.7249,1314,1837,630,836,188.1106
12,257.1495,1,338.3629,726.1081,21155.0,606.0,200.305,0.9742,1.5807,636.0,32.3026,0.531,0.6937,268,791,630,836,188.1106
12,257.1495,2,1075.7212,670.7228,17451.0,3738.0,198.2082,0.6154,1.9029,588.0,16.3983,0.7487,0.8563,791,1314,630,836,188.1106
12,257.1495,3,1451.3831,650.6363,17364.0,7062.0,182.2355,0.9969,1.7172,547.0,31.1109,0.623,0.7677,1314,1837,630,836,188.1106
12,257.55,1,406.6019,704.3923,21266.0,2027.0,214.7884,0.8638,1.8491,604.0,44.2591,0.2855,0.4442,268,791,630,836,188.1106
12,257.55,2,1076.0679,664.0317,17131.0,4130.0,201.4791,0.6447,1.9179,587.0,14.5005,0.8183,0.9001,791,1314,630,836,188.1106
12,257.55,3,1455.8592,647.7162,17175.0,7142.0,187.3496,0.9773,1.7617,542.0,21.6867,0.7142,0.8333,1314,1837,630,836,188.1106
12,257.9505,1,452.4754,713.5724,23533.0,1757.0,214.5888,0.9998,1.6715,610.0,47.8837,0.344,0.5119,268,791,630,836,188.1106
12,257.9505,2,1088.3327,672.8285,17293.0,3657.0,159.2458,0.7472,1.2867,590.0,22.7323,0.6487,0.787,791,1314,630,836,188.1106
12,257.9505,3,1468.1531,637.4462,18486.0,9053.0,197.8565,1.0,1.6214,537.0,27.9487,0.5595,0.7175,1314,1837,630,836,188.1106
12,258.3511,1,453.625,740.6402,23309.0,1180.0,240.0746,0.7288,2.1643,654.0,34.4593,0.4644,0.6342,268,791,630,836,188.1106
12,258.3511,2,1095.2726,668.797,16041.0,3647.0,159.3035,0.7471,1.366,589.0,16.5795,0.7552,0.8605,791,1314,630,836,188.1106
12,258.3511,3,1468.9921,636.6636,15986.0,8269.0,161.5886,0.998,1.519,537.0,23.6309,0.6065,0.755,1314,1837,630,836,188.1106
12,258.7516,1,412.0598,718.6108,23215.0,1863.0,239.6932,0.8563,2.0084,620.0,33.6248,0.4685,0.638,268,791,630,836,188.1106
12,258.7516,2,1101.8322,669.1115,14719.0,3510.0,138.4793,1.0,1.1441,590.0,22.6573,0.6511,0.7887,791,1314,630,836,188.1106
12,258.7516,3,1467.2175,636.5404,16679.0,8709.0,161.0657,1.0,1.4063,544.0,17.4452,0.7664,0.8678,1314,1837,630,836,188.1106
12,259.1522,1,392.7552,692.8367,21168.0,2893.0,231.6674,0.8236,2.1104,580.0,28.88,0.577,0.7318,268,791,630,836,188.1106
12,259.1522,2,1110.362,666.7201,15751.0,4224.0,159.4286,0.6318,1.4221,591.0,23.5231,0.6104,0.7581,791,1314,630,836,188.1106
12,259.1522,3,1457.323,633.7325,17348.0,9781.0,149.8003,0.8017,1.2067,546.0,22.9121,0.617,0.7632,1314,1837,630,836,188.1106
12,259.5527,1,367.9417,736.4144,19394.0,0.0,248.956,0.6104,2.4658,636.0,43.733,0.2871,0.4461,268,791,630,836,188.1106
12,259.5527,2,1115.839,666.9282,16390.0,4288.0,169.0368,0.5977,1.5216,592.0,16.0663,0.7822,0.8778,791,1314,630,836,188.1106
12,259.5527,3,1451.103,624.3981,17102.0,10809.0,190.5524,0.6597,1.8358,537.0,22.1728,0.5444,0.705,1314,1837,630,836,188.1106
12,259.9533,1,341.8551,739.3788,17093.0,474.0,229.7574,0.7482,2.6155,642.0,37.0265,0.4959,0.663,268,791,630,836,188.1106
12,259.9533,2,1123.4437,664.6714,15782.0,4132.0,173.1811,0.5771,1.6299,591.0,19.1313,0.7224,0.8388,791,1314,630,836,188.1106
12,259.9533,3,1455.3552,618.9605,17564.0,11426.0,197.2629,0.6284,1.9222,537.0,17.1694,0.7242,0.84,1314,1837,630,836,188.1106
12,260.3538,1,311.4238,728.8919,15603.0,1253.0,236.7815,0.9892,2.5364,601.0,40.1786,0.469,0.6385,268,791,630,836,188.1106
12,260.3538,2,1128.1452,664.5466,16364.0,4437.0,187.7269,0.5493,1.8742,592.0,17.2706,0.7594,0.8632,791,1314,630,836,188.1106
12,260.3538,3,1467.5943,626.6727,17563.0,10730.0,196.6471,0.6318,1.9541,543.0,25.1857,0.5976,0.7481,1314,1837,630,836,188.1106
12,260.7544,1,312.6434,747.9724,14719.0,0.0,203.1705,0.9644,2.2232,643.0,22.9222,0.78,0.8764,268,791,630,836,188.1106
12,260.7544,2,1131.5053,664.193,17002.0,5213.0,207.0911,0.5548,2.1377,586.0,19.6902,0.7009,0.8241,791,1314,630,836,188.1106
12,260.7544,3,1474.977,635.1981,19646.0,10517.0,193.4571,0.7395,1.76,538.0,18.6514,0.6627,0.7971,1314,1837,630,836,188.1106
12,261.1549,1,338.2057,723.5973,18329.0,0.0,192.7078,0.942,1.619,637.0,48.9071,0.4225,0.594,268,791,630,836,188.1106
12,261.1549,2,1116.2446,659.1015,17229.0,5084.0,189.7488,0.4538,1.7986,590.0,24.9668,0.603,0.7524,791,1314,630,836,188.1106
12,261.1549,3,1467.9716,642.0766,17699.0,9171.0,166.807,0.7593,1.486,546.0,18.0863,0.6758,0.8065,1314,1837,630,836,188.1106
12,261.5554,1,415.5963,688.5023,18145.0,2110.0,185.1613,0.7432,1.6738,600.0,52.3188,0.22,0.3607,268,791,630,836,188.1106
12,261.5554,2,1108.7262,661.5479,17427.0,5020.0,172.6316,0.5315,1.5045,586.0,20.3459,0.6938,0.8193,791,1314,630,836,188.1106
12,261.5554,3,1463.7856,644.9067,17345.0,8177.0,164.1836,0.9269,1.4217,547.0,20.9532,0.6075,0.7558,1314,1837,630,836,188.1106
12,261.956,1,468.3664,707.582,21441.0,1466.0,227.8322,0.8355,1.9355,612.0,49.3362,0.2348,0.3803,268,791,630,836,188.1106
12,261.956,2,1111.2103,668.8927,17139.0,3978.0,171.749,0.6342,1.5038,589.0,20.6281,0.7259,0.8412,791,1314,630,836,188.1106
12,261.956,3,1453.917,637.4155,15270.0,7987.0,145.4865,0.9609,1.2819,546.0,25.8021,0.5286,0.6916,1314,1837,630,836,188.1106
12,262.3565,1,496.7895,730.6262,20893.0,955.0,261.7552,0.8115,2.6699,629.0,41.0007,0.4097,0.5812,268,791,630,836,188.1106
12,262.3565,2,1114.182,673.2426,16511.0,3242.0,172.0501,0.6866,1.5567,592.0,20.2834,0.7236,0.8396,791,1314,630,836,188.1106
12,262.3565,3,1439.3133,636.7868,17098.0,9478.0,165.4761,0.6068,1.5098,553.0,22.446,0.586,0.739,1314,1837,630,836,188.1106
12,262.7571,1,516.9946,712.8516,20011.0,1323.0,207.363,0.9816,1.7975,627.0,30.2037,0.5764,0.7313,268,791,630,836,188.1106
12,262.7571,2,1116.991,677.0709,15999.0,2971.0,162.1366,0.9011,1.4176,590.0,21.6659,0.7091,0.8298,791,1314,630,836,188.1106
12,262.7571,3,1423.3779,638.1478,16835.0,9058.0,172.5739,0.7012,1.5991,553.0,26.5654,0.543,0.7038,1314,1837,630,836,188.1106
12,263.1576,1,495.8904,706.0429,18435.0,933.0,204.9341,0.7824,1.917,630.0,33.3021,0.5132,0.6783,268,791,630,836,188.1106
12,263.1576,2,1123.3668,676.1027,16250.0,3417.0,169.7239,0.9678,1.5293,581.0,16.5345,0.783,0.8783,791,1314,630,836,188.1106
12,263.1576,3,1417.1135,639.5965,16078.0,8528.0,166.4617,0.6418,1.6576,553.0,15.0758,0.7308,0.8445,1314,1837,630,836,188.1106
12,263.5582,1,448.7931,687.7389,22550.0,3069.0,214.065,0.6218,1.895,618.0,35.7254,0.4239,0.5954,268,791,630,836,188.1106
12,263.5582,2,1133.4475,681.9338,16483.0,2708.0,174.8819,0.8643,1.5774,590.0,24.7508,0.662,0.7966,791,1314,630,836,188.1106
12,263.5582,3,1421.6146,637.8298,14151.0,7867.0,163.2756,0.7348,1.7989,547.0,16.8004,0.6869,0.8144,1314,1837,630,836,188.1106
12,263.9587,1,400.8879,722.6789,22174.0,45.0,256.0273,0.6255,2.3619,627.0,44.2362,0.2572,0.4091,268,791,630,836,188.1106
12,263.9587,2,1146.3599,680.2353,15409.0,2377.0,179.1752,0.7809,1.7812,589.0,25.6924,0.6288,0.7721,791,1314,630,836,188.1106
12,263.9587,3,1418.1658,616.38,12199.0,7126.0,146.922,0.9841,1.4069,537.0,28.2872,0.5136,0.6786,1314,1837,630,836,188.1106
12,264.3592,1,369.8458,733.5424,21121.0,18.0,262.4372,0.6819,2.5643,629.0,37.3319,0.4643,0.6342,268,791,630,836,188.1106
12,264.3592,2,1159.384,676.4338,15353.0,2821.0,178.9799,0.7993,1.8096,575.0,24.9897,0.6365,0.7778,791,1314,630,836,188.1106
12,264.3592,3,1407.0842,634.0539,14267.0,7512.0,173.5339,0.9992,1.7674,556.0,24.1919,0.4028,0.5742,1314,1837,630,836,188.1106
12,264.7598,1,366.302,735.5874,17843.0,0.0,247.9902,0.5655,2.8054,644.0,19.4938,0.7783,0.8753,268,791,630,836,188.1106
12,264.7598,2,1160.5824,671.5015,16162.0,3844.0,178.315,0.8098,1.7343,572.0,19.3887,0.7473,0.8554,791,1314,630,836,188.1106
12,264.7598,3,1423.6439,614.2582,9697.0,5768.0,88.5777,0.1997,1.544,611.0,24.421,0.3908,0.562,1314,1837,630,836,188.1106
12,265.1603,1,347.1612,723.1951,17277.0,729.0,223.1953,0.7681,2.3034,608.0,24.5526,0.6544,0.7911,268,791,630,836,188.1106
12,265.1603,2,1159.7697,678.8778,16355.0,3031.0,195.3546,0.8332,1.9489,575.0,19.676,0.7575,0.862,791,1314,630,836,188.1106
12,265.1603,3,1432.475,618.1033,13790.0,9181.0,169.3419,0.6938,1.9429,537.0,29.5327,0.4025,0.5739,1314,1837,630,836,188.1106
12,265.5609,1,319.9994,752.3879,16196.0,283.0,196.8707,0.9067,1.9499,648.0,44.531,0.3521,0.5208,268,791,630,836,188.1106
12,265.5609,2,1161.3867,685.1859,15346.0,2081.0,172.4339,0.8528,1.6363,590.0,20.9965,0.727,0.8419,791,1314,630,836,188.1106
12,265.5609,3,1486.2262,597.6315,14111.0,10778.0,176.28,0.5806,1.7936,537.0,48.6976,0.2859,0.4447,1314,1837,630,836,188.1106
12,265.9614,1,323.022,767.9774,14370.0,0.0,208.7211,0.8821,2.2143,650.0,27.5282,0.7156,0.8343,268,791,630,836,188.1106
12,265.9614,2,1158.3783,685.0906,15867.0,2258.0,178.8751,0.8389,1.734,587.0,16.3604,0.7707,0.8705,791,1314,630,836,188.1106
12,265.9614,3,1536.4822,602.0243,13684.0,10329.0,166.9696,0.6086,1.7361,537.0,53.2439,0.2789,0.4362,1314,1837,630,836,188.1106
12,266.362,1,318.2206,759.346,14131.0,0.0,204.1623,0.9168,2.2614,647.0,19.6135,0.8238,0.9034,268,791,630,836,188.1106
12,266.362,2,1154.2931,681.5454,15753.0,2296.0,172.5567,0.8048,1.6108,584.0,15.9822,0.7795,0.8761,791,1314,630,836,188.1106
12,266.362,3,1572.1171,618.1282,14444.0,9360.0,141.7058,0.9142,1.2824,537.0,45.4959,0.3389,0.5063,1314,1837,630,836,188.1106
12,266.7625,1,344.1247,714.0102,14523.0,33.0,167.9475,0.9451,1.5986,636.0,57.9577,0.3008,0.4625,268,791,630,836,188.1106
12,266.7625,2,1152.4263,678.7066,16276.0,3311.0,186.23,0.8601,1.8704,580.0,15.117,0.8034,0.891,791,1314,630,836,188.1106
12,266.7625,3,1577.5258,615.1224,15406.0,10564.0,146.3995,0.9389,1.2158,537.0,26.5513,0.6051,0.754,1314,1837,630,836,188.1106
12,267.1631,1,405.5619,694.8653,19578.0,1170.0,256.4538,0.5125,2.9516,622.0,43.4504,0.3024,0.4644,268,791,630,836,188.1106
12,267.1631,2,1148.7746,684.2784,14947.0,2281.0,150.471,0.8686,1.3425,589.0,19.6683,0.6655,0.7992,791,1314,630,836,188.1106
12,267.1631,3,1548.3063,616.9216,16730.0,11306.0,162.1519,0.7239,1.433,537.0,40.4155,0.4441,0.6151,1314,1837,630,836,188.1106
12,267.5636,1,460.9169,692.6706,18792.0,1048.0,247.6361,0.5419,2.8591,627.0,41.8858,0.3287,0.4948,268,791,630,836,188.1106
12,267.5636,2,1135.3054,663.6423,14363.0,4316.0,170.6531,0.9644,1.7445,561.0,25.4595,0.5542,0.7132,791,1314,630,836,188.1106
12,267.5636,3,1534.4504,634.3546,17182.0,9219.0,161.8269,1.0,1.3884,537.0,29.9887,0.5656,0.7225,1314,1837,630,836,188.1106
12,267.9641,1,479.7242,694.8642,19504.0,2499.0,238.4356,0.7255,2.556,595.0,32.5691,0.511,0.6764,268,791,630,836,188.1106
12,267.9641,2,1128.5029,665.4109,12588.0,3653.0,139.7009,0.934,1.4279,576.0,21.7003,0.6352,0.7769,791,1314,630,836,188.1106
12,267.9641,3,1520.094,638.9501,18303.0,9339.0,192.7243,0.727,1.8064,542.0,35.4457,0.494,0.6613,1314,1837,630,836,188.1106
12,268.3647,1,498.3969,699.6646,16796.0,1632.0,209.0519,0.7815,2.2826,612.0,28.1458,0.5725,0.7282,268,791,630,836,188.1106
12,268.3647,2,1116.6437,661.3101,11991.0,3858.0,136.5007,0.9765,1.4276,569.0,26.1968,0.5619,0.7195,791,1314,630,836,188.1106
12,268.3647,3,1518.0695,624.7302,19940.0,12413.0,200.4836,0.7131,1.8621,537.0,25.7165,0.6251,0.7693,1314,1837,630,836,188.1106
12,268.7652,1,516.6105,703.0934,16366.0,1789.0,184.4936,0.854,2.0159,629.0,30.2831,0.5289,0.6919,268,791,630,836,188.1106
12,268.7652,2,1118.0308,650.8813,14464.0,5207.0,191.3515,0.9589,1.8971,554.0,26.0734,0.6699,0.8023,791,1314,630,836,188.1106
12,268.7652,3,1523.3612,619.0912,19187.0,12828.0,224.1704,0.5408,2.2893,537.0,23.0796,0.589,0.7413,1314,1837,630,836,188.1106
12,269.1658,1,521.3224,694.7739,16941.0,1368.0,181.4549,0.8575,1.7229,628.0,32.9343,0.4982,0.6651,268,791,630,836,188.1106
12,269.1658,2,1129.9914,677.5322,12718.0,2291.0,157.0552,0.9747,1.6624,583.0,36.2968,0.468,0.6376,791,1314,630,836,188.1106
12,269.1658,3,1536.0837,629.2674,18924.0,11274.0,182.6686,0.6823,1.7155,537.0,27.2775,0.544,0.7047,1314,1837,630,836,188.1106
12,269.5663,1,470.486,694.1433,19722.0,1814.0,219.1701,0.7058,1.983,610.0,45.2216,0.3291,0.4952,268,791,630,836,188.1106
12,269.5663,2,1144.2504,668.1729,14005.0,4017.0,204.3057,0.9967,2.4231,555.0,31.1941,0.5321,0.6946,791,1314,630,836,188.1106
12,269.5663,3,1562.3551,621.5942,16793.0,10949.0,148.6528,0.6248,1.2038,537.0,26.2804,0.4834,0.6518,1314,1837,630,836,188.1106
12,269.9669,1,417.5607,702.4038,25668.0,3763.0,225.2801,0.8535,1.6948,595.0,44.7844,0.2791,0.4364,268,791,630,836,188.1106
12,269.9669,2,1154.5525,662.1051,15313.0,5022.0,219.996,0.9572,2.5931,543.0,25.6435,0.6322,0.7747,791,1314,630,836,188.1106
12,269.9669,3,1573.3109,632.5591,19130.0,10485.0,155.8787,0.9081,1.1819,537.0,21.1777,0.6227,0.7675,1314,1837,630,836,188.1106
12,270.3674,1,374.0105,748.6939,23414.0,0.0,250.8507,0.8255,2.0143,639.0,44.2089,0.2821,0.4401,268,791,630,836,188.1106
12,270.3674,2,1152.6214,677.2425,15724.0,3826.0,202.256,0.9412,2.2587,562.0,27.2497,0.6566,0.7927,791,1314,630,836,188.1106
12,270.3674,3,1566.5943,630.2599,18096.0,10247.0,156.3747,0.9023,1.2329,537.0,18.7327,0.7229,0.8392,1314,1837,630,836,188.1106
12,270.768,1,359.3356,733.6412,23331.0,348.0,234.6633,0.9163,1.7551,615.0,26.1196,0.6742,0.8054,268,791,630,836,188.1106
12,270.768,2,1144.911,678.3795,15578.0,3369.0,221.2487,0.7937,2.6324,574.0,33.0409,0.5541,0.7131,791,1314,630,836,188.1106
12,270.768,3,1549.2388,627.993,17698.0,9840.0,162.0172,0.8913,1.4085,537.0,25.6262,0.524,0.6877,1314,1837,630,836,188.1106
12,271.1685,1,377.0037,728.4358,21340.0,89.0,206.132,0.9578,1.5756,625.0,29.4599,0.5402,0.7014,268,791,630,836,188.1106
12,271.1685,2,1134.1225,669.1856,13911.0,3833.0,186.2731,0.8805,2.1969,560.0,31.5761,0.6112,0.7587,791,1314,630,836,188.1106
12,271.1685,3,1546.4193,619.1883,16562.0,10639.0,148.2986,0.8989,1.2143,537.0,20.4714,0.6507,0.7884,1314,1837,630,836,188.1106
12,271.569,1,422.8989,716.039,21898.0,1483.0,219.0924,0.8655,1.8437,617.0,36.2223,0.4262,0.5977,268,791,630,836,188.1106
12,271.569,2,1119.2561,669.288,14544.0,4004.0,193.6811,0.9964,2.1544,554.0,36.7303,0.4933,0.6607,791,1314,630,836,188.1106
12,271.569,3,1532.3343,626.383,19102.0,11519.0,201.6386,0.6868,1.9362,537.0,24.9378,0.549,0.7088,1314,1837,630,836,188.1106
12,271.9696,1,450.0379,714.4703,23925.0,2164.0,221.7808,0.968,1.7004,599.0,37.0283,0.4754,0.6445,268,791,630,836,188.1106
12,271.9696,2,1115.7681,681.6716,14812.0,2918.0,202.6013,0.9709,2.3149,568.0,34.1983,0.5462,0.7065,791,1314,630,836,188.1106
12,271.9696,3,1537.7631,617.564,19005.0,13085.0,185.376,0.4766,1.6646,537.0,21.5523,0.6277,0.7712,1314,1837,630,836,188.1106
12,272.3701,1,447.2143,723.3559,23047.0,1232.0,220.437,0.9458,1.7916,630.0,16.9311,0.7771,0.8746,268,791,630,836,188.1106
12,272.3701,2,1117.8949,682.9681,15187.0,3259.0,208.7619,0.9793,2.4484,563.0,35.6766,0.5024,0.6688,791,1314,630,836,188.1106
12,272.3701,3,1546.3954,621.852,19445.0,12531.0,197.9316,0.5888,1.7558,537.0,24.1951,0.6116,0.759,1314,1837,630,836,188.1106
12,272.7707,1,436.4396,716.2227,21464.0,1075.0,224.7557,0.7116,2.02,639.0,23.6121,0.6691,0.8018,268,791,630,836,188.1106
12,272.7707,2,1110.8587,687.0781,14492.0,2611.0,196.9998,0.9902,2.2123,570.0,22.6742,0.7333,0.8461,791,1314,630,836,188.1106
12,272.7707,3,1543.624,639.5027,20865.0,10649.0,190.834,0.7618,1.5759,541.0,23.1474,0.6088,0.7568,1314,1837,630,836,188.1106
12,273.1712,1,406.1466,702.9622,25163.0,2994.0,268.8555,0.598,2.5432,608.0,29.7773,0.5379,0.6996,268,791,630,836,188.1106
12,273.1712,2,1115.0683,681.5909,14680.0,3159.0,200.4988,0.9702,2.3424,562.0,22.651,0.7368,0.8485,791,1314,630,836,188.1106
12,273.1712,3,1535.4569,638.2746,18806.0,9697.0,176.3286,0.8736,1.4688,537.0,22.8323,0.6294,0.7726,1314,1837,630,836,188.1106
12,273.5718,1,358.6737,712.1471,21687.0,2124.0,233.7524,0.829,1.9662,604.0,39.3209,0.3882,0.5593,268,791,630,836,188.1106
12,273.5718,2,1109.4974,685.3983,13784.0,2330.0,181.5723,0.984,2.001,576.0,24.1257,0.7133,0.8326,791,1314,630,836,188.1106
12,273.5718,3,1520.4088,633.5237,18646.0,10029.0,200.1301,0.8064,1.8996,537.0,27.2477,0.577,0.7318,1314,1837,630,836,188.1106
12,273.9723,1,332.6856,737.9531,22678.0,0.0,209.9546,0.9941,1.5256,635.0,35.4952,0.4911,0.6587,268,791,630,836,188.1106
12,273.9723,2,1111.9407,683.0127,13413.0,2336.0,176.0743,0.9803,1.9359,575.0,12.729,0.8777,0.9349,791,1314,630,836,188.1106
12,273.9723,3,1524.6769,614.16,16280.0,11524.0,193.1697,0.485,2.1983,537.0,26.6421,0.5468,0.707,1314,1837,630,836,188.1106
12,274.3729,1,358.2341,727.9011,22315.0,219.0,214.9024,0.9265,1.602,636.0,30.1926,0.5678,0.7243,268,791,630,836,188.1106
12,274.3729,2,1115.9272,686.9658,14420.0,2472.0,183.1744,0.9861,1.993,574.0,17.3747,0.7834,0.8785,791,1314,630,836,188.1106
12,274.3729,3,1567.0226,590.0146,10700.0,9660.0,134.6974,0.5955,1.4263,537.0,29.799,0.4315,0.6028,1314,1837,630,836,188.1106
12,274.7734,1,415.4441,705.9438,21857.0,2026.0,208.4355,0.9564,1.6892,597.0,42.7849,0.35,0.5185,268,791,630,836,188.1106
12,274.7734,2,1113.9376,687.4231,13747.0,2107.0,172.838,0.9953,1.8419,582.0,21.5568,0.769,0.8694,791,1314,630,836,188.1106
12,274.7734,3,1571.8769,630.6511,16987.0,9045.0,165.7245,0.9469,1.4407,537.0,29.2285,0.4898,0.6576,1314,1837,630,836,188.1106
12,275.1739,1,450.7114,713.8653,21775.0,1335.0,213.4209,0.9099,1.73,616.0,37.1088,0.4237,0.5953,268,791,630,836,188.1106
12,275.1739,2,1114.088,685.2762,13985.0,2270.0,168.683,0.9942,1.7356,582.0,21.1009,0.7444,0.8535,791,1314,630,836,188.1106
12,275.1739,3,1575.9956,652.6768,17173.0,6580.0,180.0803,1.0,1.6265,537.0,30.5972,0.4704,0.6398,1314,1837,630,836,188.1106
12,275.5745,1,485.4534,708.7608,20423.0,2192.0,250.4765,0.816,2.4588,601.0,37.0684,0.4312,0.6026,268,791,630,836,188.1106
12,275.5745,2,1115.2739,684.2299,14173.0,2420.0,170.2846,0.9867,1.7793,582.0,18.7406,0.7929,0.8845,791,1314,630,836,188.1106
12,275.5745,3,1569.6604,658.875,17318.0,6371.0,206.5099,0.968,2.1844,537.0,24.8599,0.6037,0.7529,1314,1837,630,836,188.1106
12,275.975,1,518.5507,702.3315,16186.0,1958.0,208.1189,0.9196,2.2882,602.0,36.7229,0.4368,0.608,268,791,630,836,188.1106
12,275.975,2,1114.3467,681.9867,14163.0,2431.0,169.2798,0.981,1.7499,581.0,18.2334,0.8007,0.8893,791,1314,630,836,188.1106
12,275.975,3,1576.0731,632.885,16317.0,8442.0,177.0206,1.0,1.652,537.0,29.1394,0.5298,0.6927,1314,1837,630,836,188.1106
12,276.3756,1,529.5433,704.291,14191.0,2413.0,196.8277,0.94,2.7144,624.0,27.3059,0.5717,0.7275,268,791,630,836,188.1106
12,276.3756,2,1113.6153,675.3851,13926.0,2829.0,163.814,0.9073,1.6776,588.0,23.8151,0.6996,0.8232,791,1314,630,836,188.1106
12,276.3756,3,1576.3827,641.9633,15716.0,7567.0,173.2181,0.9075,1.7039,537.0,25.8611,0.5809,0.7349,1314,1837,630,836,188.1106
12,276.7761,1,537.3922,709.1762,14226.0,1474.0,187.9405,0.9935,2.3805,629.0,24.1829,0.6035,0.7527,268,791,630,836,188.1106
12,276.7761,2,1116.3857,672.0999,13460.0,2941.0,143.0369,0.9994,1.3633,587.0,32.0564,0.5879,0.7405,791,1314,630,836,188.1106
12,276.7761,3,1580.4027,644.2473,15710.0,7112.0,180.1686,0.9097,1.8034,537.0,20.2719,0.6702,0.8025,1314,1837,630,836,188.1106
12,277.1767,1,520.809,712.1662,17525.0,1261.0,194.0994,0.99,1.8907,627.0,35.2821,0.5371,0.6989,268,791,630,836,188.1106
12,277.1767,2,1117.5275,669.4459,13682.0,3613.0,154.2614,0.7837,1.5786,585.0,30.283,0.5719,0.7277,791,1314,630,836,188.1106
12,277.1767,3,1583.8695,647.9514,16531.0,7046.0,183.2206,0.9427,1.7618,537.0,17.1906,0.7634,0.8659,1314,1837,630,836,188.1106
12,277.5772,1,475.1762,699.2562,17682.0,1438.0,198.328,0.7939,1.9033,614.0,43.1325,0.3404,0.5079,268,791,630,836,188.1106
12,277.5772,2,1110.5741,669.5251,13826.0,3580.0,157.5884,0.8443,1.5741,584.0,25.939,0.6268,0.7706,791,1314,630,836,188.1106
12,277.5772,3,1582.0595,650.9112,16468.0,6584.0,186.3935,0.9081,1.7881,537.0,18.0851,0.7561,0.8611,1314,1837,630,836,188.1106
12,277.9778,1,443.768,719.9458,24761.0,1194.0,250.142,0.6636,2.079,622.0,37.0065,0.3752,0.5456,268,791,630,836,188.1106
12,277.9778,2,1101.4481,679.3017,14299.0,2580.0,179.9898,0.8683,1.9462,590.0,30.242,0.6151,0.7617,791,1314,630,836,188.1106
12,277.9778,3,1582.5334,647.0327,16739.0,6976.0,189.7516,0.9065,1.7511,537.0,15.8499,0.8068,0.8931,1314,1837,630,836,188.1106
12,278.3783,1,418.3815,754.7193,21722.0,0.0,222.249,0.9832,1.6869,636.0,35.17,0.4263,0.5978,268,791,630,836,188.1106
12,278.3783,2,1096.1246,682.5522,15511.0,2169.0,193.4283,0.7134,1.9728,591.0,29.5629,0.6346,0.7765,791,1314,630,836,188.1106
12,278.3783,3,1583.7275,636.2622,16975.0,8986.0,172.5851,0.9136,1.5432,537.0,30.1763,0.6238,0.7683,1314,1837,630,836,188.1106
12,278.7788,1,397.8302,740.7793,21907.0,0.0,283.3183,0.7204,2.8723,638.0,32.2197,0.522,0.6859,268,791,630,836,188.1106
12,278.7788,2,1088.2997,671.1441,14336.0,3424.0,195.1392,0.7546,2.277,589.0,27.4045,0.6374,0.7786,791,1314,630,836,188.1106
12,278.7788,3,1580.6715,622.4923,17743.0,10364.0,167.056,0.9726,1.3202,537.0,26.0954,0.6794,0.8091,1314,1837,630,836,188.1106
12,279.1794,1,364.7894,709.3346,22809.0,2800.0,243.7152,0.8423,1.9537,594.0,27.5786,0.5266,0.6899,268,791,630,836,188.1106
12,279.1794,2,1080.672,669.0214,13950.0,3753.0,185.2482,0.7681,2.2509,580.0,22.7124,0.6722,0.804,791,1314,630,836,188.1106
12,279.1794,3,1566.6124,626.4413,15599.0,9118.0,170.5772,0.8624,1.5916,541.0,28.4803,0.5969,0.7476,1314,1837,630,836,188.1106
12,279.5799,1,346.3251,749.8424,19565.0,16.0,249.5728,0.8155,2.418,639.0,41.9632,0.4118,0.5834,268,791,630,836,188.1106
12,279.5799,2,1060.3657,661.5107,12644.0,3890.0,169.1124,0.6897,2.0657,584.0,32.7583,0.5083,0.674,791,1314,630,836,188.1106
12,279.5799,3,1554.6853,622.4732,19983.0,11618.0,201.4807,0.7121,1.7047,537.0,28.6541,0.5657,0.7226,1314,1837,630,836,188.1106
12,279.9805,1,336.9699,734.2085,15679.0,206.0,218.8729,0.7765,2.3556,623.0,24.2996,0.7047,0.8268,268,791,630,836,188.1106
12,279.9805,2,1037.0906,666.081,10523.0,2826.0,131.6919,0.8371,1.4877,591.0,37.4293,0.4162,0.5878,791,1314,630,836,188.1106
12,279.9805,3,1529.2166,632.7212,19508.0,10726.0,202.2327,0.7893,1.8666,539.0,35.7214,0.4203,0.5919,1314,1837,630,836,188.1106
12,280.381,1,313.1955,717.3243,13526.0,1121.0,227.9924,0.942,2.8078,597.0,30.6096,0.5579,0.7162,268,791,630,836,188.1106
12,280.381,2,1032.4984,662.5877,10145.0,2813.0,124.1758,0.8968,1.3687,589.0,20.4182,0.688,0.8152,791,1314,630,836,188.1106
12,280.381,3,1497.139,623.6005,17601.0,11215.0,224.5097,0.4744,2.6695,542.0,33.9056,0.4146,0.5862,1314,1837,630,836,188.1106
12,280.7816,1,317.4305,756.6734,12858.0,0.0,210.5703,0.9161,2.6484,647.0,34.3069,0.5455,0.7059,268,791,630,836,188.1106
12,280.7816,2,1033.2891,673.8188,11167.0,2583.0,144.2681,0.9107,1.7417,586.0,22.9282,0.65,0.7879,791,1314,630,836,188.1106
12,280.7816,3,1448.1743,612.9736,14687.0,10738.0,197.7978,0.4258,2.3644,542.0,35.0184,0.3644,0.5342,1314,1837,630,836,188.1106
12,281.1821,1,324.7308,712.2207,14839.0,1766.0,246.9782,0.9399,3.3557,590.0,44.9871,0.4024,0.5739,268,791,630,836,188.1106
12,281.1821,2,1037.3479,677.8827,10763.0,1716.0,149.6928,0.8772,1.7842,594.0,24.1213,0.6401,0.7806,791,1314,630,836,188.1106
12,281.1821,3,1417.5154,630.7475,10971.0,6275.0,135.2806,0.7932,1.8377,545.0,33.6643,0.2647,0.4186,1314,1837,630,836,188.1106
12,281.5827,1,324.3579,712.4848,13747.0,1162.0,221.9106,0.939,2.8851,599.0,20.6275,0.776,0.8739,268,791,630,836,188.1106
12,281.5827,2,1047.5131,678.7789,11382.0,1646.0,154.938,0.8228,1.8698,593.0,25.8945,0.5978,0.7483,791,1314,630,836,188.1106
12,281.5827,3,1384.7562,661.0524,6771.0,2822.0,74.2894,0.9999,1.6277,590.0,30.506,0.1927,0.3231,1314,1837,630,836,188.1106
12,281.9832,1,326.442,733.9649,14060.0,176.0,223.7776,0.9026,2.7342,622.0,35.3729,0.6229,0.7676,268,791,630,836,188.1106
12,281.9832,2,1058.9817,672.804,12438.0,2587.0,163.3181,0.8922,1.8293,579.0,28.9183,0.5799,0.7341,791,1314,630,836,188.1106
12,281.9832,3,1370.0333,635.383,6493.0,2923.0,111.8815,0.994,1.9003,571.0,21.0959,0.4288,0.6003,1314,1837,630,836,188.1106
12,282.3837,1,322.5109,723.8186,16042.0,675.0,216.1554,0.9682,2.3019,610.0,27.3724,0.7056,0.8274,268,791,630,836,188.1106
12,282.3837,2,1072.7897,668.8046,12178.0,2461.0,160.1378,0.8781,1.7566,585.0,26.6186,0.5914,0.7433,791,1314,630,836,188.1106
12,282.3837,3,1388.1404,605.9119,9329.0,6445.0,137.7319,0.994,1.7119,553.0,25.9007,0.4449,0.6159,1314,1837,630,836,188.1106
12,282.7843,1,320.3063,729.813,14703.0,771.0,217.4857,0.9335,2.4901,605.0,26.9329,0.6986,0.8226,268,791,630,836,188.1106
12,282.7843,2,1079.0349,673.584,12303.0,2550.0,148.4627,0.9176,1.574,585.0,20.8119,0.6797,0.8093,791,1314,630,836,188.1106
12,282.7843,3,1421.6739,600.4069,13457.0,10062.0,186.2695,0.6323,1.9852,537.0,38.8219,0.416,0.5876,1314,1837,630,836,188.1106
12,283.1848,1,306.0004,737.1868,15100.0,931.0,240.2835,0.9908,2.6608,602.0,31.3028,0.6012,0.7509,268,791,630,836,188.1106
12,283.1848,2,1080.8613,680.0102,12423.0,2438.0,150.5559,0.9292,1.6446,587.0,15.0672,0.7768,0.8744,791,1314,630,836,188.1106
12,283.1848,3,1471.815,608.5358,16147.0,11992.0,195.3192,0.4478,2.0097,537.0,44.7106,0.3008,0.4624,1314,1837,630,836,188.1106
12,283.5854,1,311.1678,753.5496,14317.0,277.0,201.864,0.9463,2.2012,646.0,23.0888,0.7407,0.851,268,791,630,836,188.1106
12,283.5854,2,1084.5963,678.282,13165.0,2409.0,163.7096,0.8993,1.7637,589.0,19.4107,0.7058,0.8275,791,1314,630,836,188.1106
12,283.5854,3,1517.6179,615.1589,19808.0,12942.0,178.2454,0.6233,1.3836,537.0,34.0693,0.3692,0.5393,1314,1837,630,836,188.1106
12,283.9859,1,316.7652,750.2866,16488.0,56.0,210.5915,0.9533,2.0523,642.0,20.2156,0.7758,0.8738,268,791,630,836,188.1106
12,283.9859,2,1086.8483,679.599,13403.0,2239.0,170.871,0.8516,1.882,588.0,16.3228,0.7716,0.871,791,1314,630,836,188.1106
12,283.9859,3,1516.4333,633.3149,19346.0,10662.0,184.4188,0.7274,1.5427,542.0,26.0753,0.5921,0.7438,1314,1837,630,836,188.1106
12,284.3865,1,328.0481,735.7461,18324.0,81.0,198.7899,0.9499,1.7952,639.0,30.2179,0.6385,0.7794,268,791,630,836,188.1106
12,284.3865,2,1088.2748,684.635,13437.0,1795.0,170.7438,0.8366,1.891,593.0,17.637,0.7466,0.8549,791,1314,630,836,188.1106
12,284.3865,3,1515.5423,631.9077,19436.0,10711.0,175.4867,0.8304,1.4131,537.0,18.9767,0.6808,0.8101,1314,1837,630,836,188.1106
12,284.787,1,344.7772,703.5874,21039.0,2096.0,195.2539,0.9979,1.43,591.0,34.6738,0.5456,0.706,268,791,630,836,188.1106
12,284.787,2,1092.0493,686.0295,13481.0,1755.0,170.6955,0.8633,1.8555,593.0,15.5487,0.8079,0.8938,791,1314,630,836,188.1106
12,284.787,3,1514.3935,638.5152,17491.0,9284.0,173.8337,0.8192,1.5709,543.0,17.5266,0.6944,0.8196,1314,1837,630,836,188.1106
12,285.1876,1,358.985,744.7636,24129.0,0.0,231.4049,0.9658,1.6091,631.0,30.4715,0.5445,0.7051,268,791,630,836,188.1106
12,285.1876,2,1095.9318,686.7864,13550.0,1667.0,176.0536,0.8165,1.9703,595.0,18.8643,0.7402,0.8507,791,1314,630,836,188.1106
12,285.1876,3,1514.5858,638.1926,17290.0,9034.0,167.1598,0.8631,1.4633,544.0,11.725,0.8073,0.8934,1314,1837,630,836,188.1106
12,285.5881,1,371.1948,736.6566,21926.0,0.0,261.2861,0.6727,2.3439,642.0,28.9227,0.5861,0.739,268,791,630,836,188.1106
12,285.5881,2,1099.8957,684.1307,13886.0,2045.0,167.7866,0.9212,1.7243,585.0,23.236,0.6766,0.8071,791,1314,630,836,188.1106
12,285.5881,3,1518.8102,640.2464,17341.0,8856.0,165.8214,0.8998,1.432,543.0,12.8527,0.7834,0.8786,1314,1837,630,836,188.1106
12,285.9886,1,357.8968,720.177,18687.0,862.0,236.9176,0.7207,2.2371,604.0,26.7829,0.5998,0.7499,268,791,630,836,188.1106
12,285.9886,2,1106.3364,678.5974,13589.0,2313.0,161.5575,0.9081,1.6443,589.0,21.2179,0.7277,0.8424,791,1314,630,836,188.1106
12,285.9886,3,1518.0376,641.8248,17383.0,8551.0,169.3136,0.8892,1.486,543.0,11.726,0.8249,0.904,1314,1837,630,836,188.1106
12,286.3892,1,323.6989,740.7452,14717.0,730.0,193.5755,0.8201,2.1547,641.0,46.6731,0.2797,0.4372,268,791,630,836,188.1106
12,286.3892,2,1111.7288,672.4294,13443.0,2818.0,157.5671,0.8327,1.6224,586.0,22.507,0.7057,0.8275,791,1314,630,836,188.1106
12,286.3892,3,1521.7306,632.0101,17395.0,9672.0,174.0707,0.8387,1.5264,537.0,19.5191,0.6843,0.8126,1314,1837,630,836,188.1106
12,286.7897,1,309.366,752.7656,13240.0,111.0,218.6946,0.9448,2.7592,625.0,27.1984,0.5776,0.7323,268,791,630,836,188.1106
12,286.7897,2,1116.512,672.9664,13577.0,2823.0,162.8677,0.8409,1.6969,587.0,13.7678,0.8272,0.9054,791,1314,630,836,188.1106
12,286.7897,3,1538.0079,619.5922,17795.0,11570.0,192.6029,0.6655,1.8266,537.0,25.0524,0.5848,0.7381,1314,1837,630,836,188.1106
12,287.1903,1,311.3291,731.9787,12405.0,468.0,219.1109,0.9438,2.9136,611.0,26.113,0.629,0.7722,268,791,630,836,188.1106
12,287.1903,2,1123.2679,675.3485,13988.0,2648.0,167.1285,0.8014,1.7406,588.0,19.2021,0.7363,0.8481,791,1314,630,836,188.1106
12,287.1903,3,1554.5511,628.8265,17871.0,10712.0,171.2642,0.7466,1.5507,537.0,25.0569,0.5711,0.727,1314,1837,630,836,188.1106
12,287.5908,1,308.6125,731.2436,11793.0,629.0,240.5907,0.9761,3.6922,609.0,21.3572,0.6957,0.8206,268,791,630,836,188.1106
12,287.5908,2,1126.1952,676.6894,13723.0,2591.0,157.6121,0.9458,1.5696,588.0,22.836,0.6955,0.8204,791,1314,630,836,188.1106
12,287.5908,3,1559.463,627.4341,17632.0,10546.0,176.8529,0.6896,1.6545,537.0,18.3348,0.6766,0.8071,1314,1837,630,836,188.1106
12,287.9914,1,309.01,726.1555,12505.0,487.0,212.5654,0.9846,2.9579,613.0,22.1375,0.6844,0.8127,268,791,630,836,188.1106
12,287.9914,2,1137.3289,678.6901,14061.0,2454.0,160.9483,0.9185,1.5968,588.0,25.1212,0.656,0.7923,791,1314,630,836,188.1106
12,287.9914,3,1559.3085,613.7308,15788.0,9991.0,184.3505,0.7714,1.6663,537.0,15.9718,0.7397,0.8504,1314,1837,630,836,188.1106
12,288.3919,1,322.9987,722.3877,15857.0,1244.0,238.6021,0.9976,2.7387,595.0,34.8407,0.4992,0.666,268,791,630,836,188.1106
12,288.3919,2,1143.9301,682.9744,14814.0,2465.0,168.0778,0.9252,1.6981,588.0,22.294,0.7092,0.8299,791,1314,630,836,188.1106
12,288.3919,3,1553.5109,630.5711,17811.0,9903.0,183.6696,0.7673,1.7515,537.0,18.5012,0.6801,0.8096,1314,1837,630,836,188.1106
12,288.7925,1,344.205,735.5504,15054.0,399.0,219.4092,0.999,2.3821,613.0,34.6521,0.4953,0.6625,268,791,630,836,188.1106
12,288.7925,2,1158.4348,683.8074,14775.0,2483.0,163.8532,0.9625,1.6068,585.0,24.768,0.6414,0.7815,791,1314,630,836,188.1106
12,288.7925,3,1546.4041,629.6109,16693.0,9068.0,202.5925,0.9608,1.8257,537.0,25.8931,0.6159,0.7623,1314,1837,630,836,188.1106
12,289.193,1,383.5228,709.1067,17997.0,2973.0,240.4495,0.9996,2.6851,579.0,45.4349,0.2467,0.3958,268,791,630,836,188.1106
12,289.193,2,1158.2286,673.4272,13520.0,2877.0,154.1584,0.9499,1.5466,585.0,19.5505,0.7483,0.8561,791,1314,630,836,188.1106
12,289.193,3,1550.2419,628.1666,18829.0,10559.0,200.4745,0.7538,1.8288,537.0,27.3529,0.5836,0.7371,1314,1837,630,836,188.1106
12,289.5935,1,407.4155,705.6178,18032.0,2578.0,234.9516,0.9123,2.5889,603.0,40.8822,0.4074,0.5789,268,791,630,836,188.1106
12,289.5935,2,1157.3223,671.181,13202.0,3179.0,142.6849,0.9986,1.401,579.0,24.8628,0.6685,0.8013,791,1314,630,836,188.1106
12,289.5935,3,1554.9181,621.222,18456.0,11696.0,171.765,0.706,1.3843,537.0,24.5114,0.5848,0.738,1314,1837,630,836,188.1106
12,289.9941,1,414.0809,712.56,15963.0,225.0,253.5746,0.6934,3.0536,623.0,35.6295,0.4637,0.6336,268,791,630,836,188.1106
12,289.9941,2,1161.9831,669.9181,13700.0,3552.0,150.5612,0.9705,1.4902,577.0,23.202,0.6832,0.8118,791,1314,630,836,188.1106
12,289.9941,3,1542.8901,629.6073,16322.0,9200.0,156.2938,0.9979,1.319,542.0,22.0964,0.6083,0.7565,1314,1837,630,836,188.1106
12,290.3946,1,392.28,706.762,16090.0,282.0,225.1126,0.6299,2.5909,622.0,34.4551,0.559,0.7171,268,791,630,836,188.1106
12,290.3946,2,1169.7995,674.9169,14913.0,3613.0,182.5795,0.9913,1.9227,574.0,24.4837,0.6588,0.7943,791,1314,630,836,188.1106
12,290.3946,3,1535.1881,632.5611,17858.0,9833.0,163.7211,0.8897,1.3705,540.0,18.3811,0.7185,0.8362,1314,1837,630,836,188.1106
12,290.7952,1,356.8164,712.0485,15100.0,238.0,200.3381,0.642,2.1838,622.0,50.2555,0.3649,0.5347,268,791,630,836,188.1106
12,290.7952,2,1174.9685,686.1462,14785.0,2341.0,172.1191,0.9796,1.7477,584.0,30.4595,0.6104,0.7581,791,1314,630,836,188.1106
12,290.7952,3,1526.1276,631.6031,17817.0,9828.0,176.7583,0.7903,1.4951,543.0,18.5682,0.6885,0.8155,1314,1837,630,836,188.1106
12,291.1957,1,322.2086,722.3766,12915.0,800.0,152.3794,0.8376,1.808,647.0,52.3465,0.303,0.465,268,791,630,836,188.1106
12,291.1957,2,1183.9834,686.8295,14681.0,1931.0,185.3805,0.8262,1.9781,588.0,33.814,0.5581,0.7164,791,1314,630,836,188.1106
12,291.1957,3,1524.8148,629.6346,17881.0,9996.0,173.4801,0.7749,1.4322,544.0,11.7181,0.8315,0.908,1314,1837,630,836,188.1106
12,291.5963,1,307.9424,701.6855,12577.0,1726.0,154.9685,0.9905,1.8675,642.0,32.1402,0.5801,0.7343,268,791,630,836,188.1106
12,291.5963,2,1186.0469,679.0068,14166.0,2264.0,177.8618,0.8212,1.886,588.0,23.4948,0.7489,0.8564,791,1314,630,836,188.1106
12,291.5963,3,1519.1109,636.0204,18048.0,9542.0,177.5328,0.787,1.5377,546.0,14.0113,0.756,0.861,1314,1837,630,836,188.1106
12,291.9968,1,318.1786,706.1567,15784.0,1944.0,160.7708,0.9535,1.6155,638.0,26.2241,0.6894,0.8161,268,791,630,836,188.1106
12,291.9968,2,1192.506,677.8959,15037.0,3427.0,165.9198,0.9427,1.644,580.0,31.0254,0.5906,0.7426,791,1314,630,836,188.1106
12,291.9968,3,1515.7787,630.1597,17306.0,10190.0,198.3288,0.6725,2.0253,542.0,16.4817,0.7654,0.8671,1314,1837,630,836,188.1106
12,292.3974,1,320.384,707.4372,18048.0,1929.0,179.0447,0.996,1.6034,624.0,17.6599,0.799,0.8883,268,791,630,836,188.1106
12,292.3974,2,1190.4252,656.2749,14603.0,5462.0,150.8451,0.9544,1.4314,568.0,35.7173,0.522,0.6859,791,1314,630,836,188.1106
12,292.3974,3,1495.8579,599.4885,9367.0,7609.0,109.4005,0.9804,1.0663,545.0,31.8489,0.4158,0.5873,1314,1837,630,836,188.1106
12,292.7979,1,338.6317,717.6754,21181.0,1470.0,190.6057,0.9506,1.4856,637.0,30.6646,0.5862,0.7391,268,791,630,836,188.1106
12,292.7979,2,1199.3613,662.8577,11669.0,3168.0,140.3735,0.993,1.4976,583.0,34.5618,0.5346,0.6967,791,1314,630,836,188.1106
12,292.7979,3,1479.652,580.9911,9132.0,8731.0,142.1371,0.3799,1.7353,537.0,28.5642,0.359,0.5284,1314,1837,630,836,188.1106
12,293.1984,1,371.4055,710.7368,18265.0,1161.0,190.6,0.9736,1.6658,613.0,37.3928,0.4737,0.6429,268,791,630,836,188.1106
12,293.1984,2,1209.732,661.928,13241.0,4195.0,153.2542,0.7601,1.5894,584.0,40.6773,0.4959,0.663,791,1314,630,836,188.1106
12,293.1984,3,1499.6918,593.8332,13965.0,11437.0,162.2116,0.4717,1.5308,537.0,31.7475,0.5224,0.6863,1314,1837,630,836,188.1106
12,293.599,1,402.0356,736.0188,21122.0,154.0,212.8758,0.998,1.6238,624.0,34.3877,0.4772,0.6461,268,791,630,836,188.1106
12,293.599,2,1191.0212,635.4586,14779.0,7239.0,223.7128,0.3955,2.5508,578.0,32.4746,0.5477,0.7078,791,1314,630,836,188.1106
12,293.599,3,1506.1091,616.7077,16150.0,10739.0,168.0327,0.7109,1.6039,537.0,23.3674,0.6091,0.757,1314,1837,630,836,188.1106
12,293.9995,1,422.2246,741.801,22552.0,51.0,226.4657,0.9878,1.6588,633.0,25.4551,0.657,0.793,268,791,630,836,188.1106
12,293.9995,2,1132.3476,637.773,14367.0,6628.0,226.3538,0.2834,2.9349,586.0,55.0928,0.3114,0.4749,791,1314,630,836,188.1106
12,293.9995,3,1524.2928,613.9807,16563.0,11110.0,174.8874,0.7221,1.5563,537.0,22.3991,0.632,0.7745,1314,1837,630,836,188.1106
12,294.4001,1,435.2138,730.9063,21806.0,375.0,230.6675,0.8843,1.875,617.0,23.5605,0.6769,0.8073,268,791,630,836,188.1106
12,294.4001,2,1067.2987,652.6235,11728.0,3845.0,152.5708,0.5362,1.8431,587.0,53.2599,0.1802,0.3053,791,1314,630,836,188.1106
12,294.4001,3,1550.112,649.8431,21039.0,9362.0,217.0563,0.9682,1.8994,537.0,34.8718,0.4047,0.5762,1314,1837,630,836,188.1106
12,294.8006,1,424.0911,726.5605,20536.0,8.0,269.8869,0.6427,2.7142,630.0,28.7869,0.5627,0.7202,268,791,630,836,188.1106
12,294.8006,2,1026.0691,666.2692,9344.0,2222.0,127.0906,0.9657,1.5256,593.0,38.9468,0.3641,0.5338,791,1314,630,836,188.1106
12,294.8006,3,1577.6738,654.2567,21754.0,7795.0,212.4617,0.95,1.6929,537.0,40.315,0.3846,0.5555,1314,1837,630,836,188.1106
12,295.2012,1,388.6103,711.4062,20188.0,784.0,283.1979,0.5602,3.115,611.0,31.2314,0.5219,0.6859,268,791,630,836,188.1106
12,295.2012,2,1026.2233,667.6507,9298.0,2258.0,119.3526,0.9107,1.3977,595.0,20.0531,0.732,0.8453,791,1314,630,836,188.1106
12,295.2012,3,1564.7712,645.5983,21734.0,9445.0,217.1377,0.8359,1.7869,537.0,28.815,0.612,0.7593,1314,1837,630,836,188.1106
12,295.6017,1,344.8895,726.8183,16105.0,656.0,190.7838,0.6797,2.2109,643.0,48.6678,0.2451,0.3937,268,791,630,836,188.1106
12,295.6017,2,1028.0201,666.2547,9857.0,2464.0,123.1359,0.9705,1.3771,590.0,17.7502,0.7406,0.851,791,1314,630,836,188.1106
12,295.6017,3,1544.4965,629.4223,19834.0,10813.0,177.0773,0.8202,1.3698,537.0,40.8872,0.4325,0.6038,1314,1837,630,836,188.1106
12,296.0023,1,311.646,741.8915,12732.0,492.0,165.2089,0.926,1.8879,662.0,42.3461,0.3283,0.4944,268,791,630,836,188.1106
12,296.0023,2,1031.2249,675.4025,10869.0,1927.0,142.4474,0.8524,1.6578,592.0,27.8239,0.6276,0.7712,791,1314,630,836,188.1106
12,296.0023,3,1521.8317,627.3089,18753.0,11402.0,217.1915,0.5694,2.202,537.0,29.0915,0.4734,0.6426,1314,1837,630,836,188.1106
12,296.4028,1,306.2629,771.9096,11725.0,0.0,173.3668,0.9739,1.9116,673.0,28.4924,0.6414,0.7815,268,791,630,836,188.1106
12,296.4028,2,1036.2873,683.2881,11049.0,1056.0,150.4706,0.8368,1.7202,602.0,24.5098,0.6471,0.7857,791,1314,630,836,188.1106
12,296.4028,3,1529.7846,614.5605,16537.0,10791.0,219.2683,0.5859,2.3728,537.0,14.2635,0.7745,0.8729,1314,1837,630,836,188.1106
12,296.8033,1,314.5166,728.713,17454.0,1441.0,208.8492,0.9776,2.0941,638.0,35.0057,0.5461,0.7064,268,791,630,836,188.1106
12,296.8033,2,1041.2451,682.6594,10716.0,1165.0,155.1983,0.8228,1.8792,600.0,17.8849,0.7519,0.8584,791,1314,630,836,188.1106
12,296.8033,3,1560.8853,598.5123,13730.0,10515.0,177.1803,0.6908,1.8003,537.0,28.205,0.5606,0.7185,1314,1837,630,836,188.1106
12,297.2039,1,334.4479,707.8336,21541.0,3019.0,208.3437,0.9964,1.723,597.0,35.5812,0.5376,0.6993,268,791,630,836,188.1106
12,297.2039,2,1050.5214,675.5689,10961.0,1741.0,156.3459,0.8241,1.9044,594.0,27.9701,0.6038,0.753,791,1314,630,836,188.1106
12,297.2039,3,1575.9972,639.8378,15570.0,7921.0,151.6908,0.9338,1.3585,537.0,35.9395,0.4063,0.5778,1314,1837,630,836,188.1106
12,297.6044,1,347.563,716.1321,20192.0,1668.0,205.4232,0.9277,1.8358,637.0,30.6816,0.5629,0.7203,268,791,630,836,188.1106
12,297.6044,2,1053.576,673.7117,11072.0,2181.0,149.7675,0.8953,1.845,591.0,22.6971,0.7177,0.8357,791,1314,630,836,188.1106
12,297.6044,3,1596.4344,622.7083,12887.0,7385.0,150.0526,0.9279,1.46,544.0,29.0119,0.5364,0.6982,1314,1837,630,836,188.1106
12,298.005,1,386.527,718.6463,18786.0,0.0,225.6993,0.7671,2.1184,634.0,37.4663,0.4309,0.6023,268,791,630,836,188.1106
12,298.005,2,1052.5373,677.1829,11446.0,1978.0,145.774,0.954,1.6673,590.0,19.1703,0.7101,0.8304,791,1314,630,836,188.1106
12,298.005,3,1572.3322,617.216,9982.0,7108.0,113.0193,0.946,1.33,537.0,31.1846,0.3284,0.4944,1314,1837,630,836,188.1106
12,298.4055,1,406.3084,737.4291,23803.0,349.0,339.6749,0.7295,3.07,617.0,40.9679,0.4189,0.5905,268,791,630,836,188.1106
12,298.4055,2,1080.425,697.2672,1134.0,0.0,38.1714,0.8608,1.3632,681.0,45.1493,0.0991,0.1803,791,1314,630,836,188.1106
12,298.4055,3,1564.692,601.5841,11125.0,8456.0,122.194,0.9705,1.1738,537.0,24.2604,0.548,0.708,1314,1837,630,836,188.1106
12,298.8061,1,463.2009,711.6386,19342.0,1386.0,252.0008,0.7433,2.7018,609.0,46.1282,0.322,0.4872,268,791,630,836,188.1106
12,298.8061,2,1044.7121,687.0933,12614.0,1435.0,143.0851,0.9817,1.416,598.0,42.7282,0.0852,0.157,791,1314,630,836,188.1106
12,298.8061,3,1562.403,610.3617,12551.0,8627.0,133.7721,0.9979,1.2527,537.0,22.4175,0.688,0.8152,1314,1837,630,836,188.1106
12,299.2066,1,490.1522,698.9946,18218.0,1723.0,223.5206,0.7976,2.3041,606.0,28.7245,0.5593,0.7174,268,791,630,836,188.1106
12,299.2066,2,1041.3829,689.9946,12908.0,1298.0,142.4363,0.9722,1.4086,607.0,13.8559,0.8057,0.8924,791,1314,630,836,188.1106
12,299.2066,3,1549.9383,613.8161,11690.0,7645.0,143.6112,0.9684,1.5388,537.0,20.4113,0.649,0.7872,1314,1837,630,836,188.1106
12,299.6071,1,513.807,696.3158,17041.0,1836.0,189.6592,0.9592,1.7166,599.0,30.3241,0.5307,0.6934,268,791,630,836,188.1106
12,299.6071,2,1035.9563,692.3411,12552.0,1131.0,152.8275,0.9806,1.6178,600.0,17.8102,0.7393,0.8501,791,1314,630,836,188.1106
12,299.6071,3,1545.7473,627.7904,12941.0,7444.0,139.4374,0.9788,1.4387,537.0,26.9348,0.5719,0.7276,1314,1837,630,836,188.1106
12,300.0077,1,524.948,709.052,19012.0,1167.0,191.1986,0.9995,1.6032,629.0,24.1158,0.6591,0.7945,268,791,630,836,188.1106
12,300.0077,2,1030.4308,692.5163,11881.0,1171.0,153.6037,0.9879,1.7503,601.0,19.1474,0.7339,0.8466,791,1314,630,836,188.1106
12,300.0077,3,1538.332,631.5009,12932.0,7365.0,141.6063,0.9855,1.5307,537.0,23.8182,0.5626,0.7201,1314,1837,630,836,188.1106
12,300.4082,1,505.9254,705.7384,17684.0,891.0,191.1986,0.84,1.7929,629.0,26.3282,0.6099,0.7577,268,791,630,836,188.1106
12,300.4082,2,1028.6443,683.9535,10567.0,1175.0,167.0249,0.9563,2.126,601.0,19.0792,0.7233,0.8395,791,1314,630,836,188.1106
12,300.4082,3,1538.9494,630.5942,13036.0,7452.0,181.7579,0.8831,2.2916,537.0,25.1359,0.5605,0.7183,1314,1837,630,836,188.1106
12,300.8088,1,459.2227,703.7179,20170.0,1139.0,207.9536,0.6891,1.8487,622.0,37.2113,0.3838,0.5547,268,791,630,836,188.1106
12,300.8088,2,1022.452,675.4094,8461.0,1243.0,159.9089,0.947,2.2192,594.0,27.2947,0.6391,0.7798,791,1314,630,836,188.1106
12,300.8088,3,1514.9948,624.8282,15162.0,9187.0,168.5466,0.7666,1.7047,537.0,29.5468,0.4795,0.6482,1314,1837,630,836,188.1106
12,301.2093,1,412.4386,718.8626,23005.0,1045.0,269.2704,0.6263,2.6555,623.0,36.7932,0.3425,0.5102,268,791,630,836,188.1106
12,301.2093,2,1026.0978,665.8409,9618.0,2170.0,135.1359,0.9339,1.59,590.0,29.525,0.581,0.735,791,1314,630,836,188.1106
12,301.2093,3,1498.8663,622.3424,13952.0,9009.0,177.7124,0.671,2.2084,537.0,30.8711,0.5519,0.7113,1314,1837,630,836,188.1106
12,301.6099,1,363.5447,716.9598,23957.0,2399.0,249.0232,0.8179,2.034,608.0,42.0223,0.3498,0.5182,268,791,630,836,188.1106
12,301.6099,2,1039.3463,660.801,11473.0,2701.0,138.1125,0.8516,1.375,593.0,30.2679,0.6001,0.7501,791,1314,630,836,188.1106
12,301.6099,3,1468.4807,620.4551,14639.0,9817.0,172.9371,0.611,1.8984,543.0,38.2443,0.3621,0.5317,1314,1837,630,836,188.1106
12,302.0104,1,340.6325,737.1594,23695.0,1327.0,246.4318,0.8707,2.0962,637.0,30.732,0.5253,0.6887,268,791,630,836,188.1106
12,302.0104,2,1052.544,656.5594,10835.0,2778.0,141.2108,0.6876,1.5113,596.0,24.422,0.6404,0.7808,791,1314,630,836,188.1106
12,302.0104,3,1445.0453,631.0186,14447.0,8576.0,172.0541,0.6567,1.939,545.0,36.487,0.3926,0.5638,1314,1837,630,836,188.1106
12,302.411,1,331.3073,731.0943,22952.0,1835.0,238.4557,0.9543,1.8887,610.0,18.2407,0.7905,0.883,268,791,630,836,188.1106
12,302.411,2,1059.3235,666.1254,13657.0,4004.0,163.5385,0.6448,1.791,585.0,23.8709,0.6361,0.7776,791,1314,630,836,188.1106
12,302.411,3,1425.1623,643.4477,14533.0,7336.0,177.6959,0.653,2.1031,551.0,33.612,0.4184,0.59,1314,1837,630,836,188.1106
12,302.8115,1,326.8878,727.0732,22662.0,1785.0,224.5693,0.985,1.7947,613.0,17.3648,0.8182,0.9,268,791,630,836,188.1106
12,302.8115,2,1051.8206,663.3622,11829.0,3499.0,158.7987,0.7097,1.9118,586.0,25.1353,0.6123,0.7596,791,1314,630,836,188.1106
12,302.8115,3,1413.4918,646.1537,14166.0,6558.0,185.3591,0.7791,2.2811,550.0,29.8725,0.4861,0.6542,1314,1837,630,836,188.1106
12,303.212,1,338.7564,720.1028,20685.0,1140.0,197.5983,0.9936,1.62,634.0,27.9282,0.6379,0.7789,268,791,630,836,188.1106
12,303.212,2,1035.5663,663.459,10822.0,2407.0,147.5532,0.8093,1.7023,593.0,30.9473,0.5368,0.6986,791,1314,630,836,188.1106
12,303.212,3,1395.8624,659.4987,10076.0,3496.0,132.3446,0.8747,1.7285,585.0,36.4627,0.3933,0.5646,1314,1837,630,836,188.1106
12,303.6126,1,388.8553,696.875,21818.0,2208.0,244.5152,0.6724,2.4267,630.0,36.7784,0.3995,0.5709,268,791,630,836,188.1106
12,303.6126,2,1036.2287,668.9658,11356.0,1971.0,148.7768,0.8081,1.6031,597.0,17.3695,0.7607,0.8641,791,1314,630,836,188.1106
12,303.6126,3,1383.1597,665.7323,9009.0,2526.0,122.3743,0.9449,1.6455,594.0,29.969,0.5108,0.6762,1314,1837,630,836,188.1106
12,304.0131,1,438.7,708.9379,20177.0,68.0,243.0609,0.5445,2.4857,629.0,38.3019,0.3508,0.5194,268,791,630,836,188.1106
12,304.0131,2,1044.8016,669.6589,12765.0,2232.0,158.6493,0.7761,1.6124,596.0,20.2109,0.7229,0.8392,791,1314,630,836,188.1106
12,304.0131,3,1378.6089,663.0329,9186.0,2691.0,125.7836,0.9571,1.6557,592.0,17.3803,0.7021,0.825,1314,1837,630,836,188.1106
12,304.4137,1,464.3787,715.0168,18533.0,61.0,207.7139,0.7576,1.9011,630.0,31.6436,0.511,0.6764,268,791,630,836,188.1106
12,304.4137,2,1053.7387,672.8827,14211.0,2776.0,156.3447,0.9432,1.4457,587.0,21.932,0.7246,0.8403,791,1314,630,836,188.1106
12,304.4137,3,1385.6932,656.4861,10665.0,3914.0,155.7691,0.9058,2.0027,550.0,26.7438,0.5857,0.7387,1314,1837,630,836,188.1106
12,304.8142,1,474.8128,711.5275,20011.0,1347.0,205.7467,0.9669,1.7378,617.0,23.4078,0.6164,0.7627,268,791,630,836,188.1106
12,304.8142,2,1065.8815,674.5537,14200.0,2423.0,166.0192,0.8766,1.5908,593.0,23.3504,0.6738,0.8051,791,1314,630,836,188.1106
12,304.8142,3,1396.2144,654.0139,12265.0,4980.0,155.6562,0.8397,1.7841,552.0,25.714,0.5567,0.7152,1314,1837,630,836,188.1106
12,305.2148,1,480.9068,720.8559,22245.0,1581.0,226.4706,0.9998,1.8165,606.0,20.0927,0.7542,0.8599,268,791,630,836,188.1106
12,305.2148,2,1075.3439,679.4501,14421.0,2162.0,170.5745,0.856,1.6632,595.0,19.5448,0.7307,0.8444,791,1314,630,836,188.1106
12,305.2148,3,1402.0251,636.7273,11005.0,5617.0,151.9352,0.8141,1.9215,550.0,26.5645,0.5653,0.7223,1314,1837,630,836,188.1106
12,305.6153,1,486.2204,720.9123,22877.0,1294.0,218.1571,0.9872,1.7217,617.0,18.398,0.7637,0.8661,268,791,630,836,188.1106
12,305.6153,2,1087.1356,679.9727,13890.0,1796.0,173.5081,0.8076,1.7572,596.0,23.279,0.6875,0.8148,791,1314,630,836,188.1106
12,305.6153,3,1398.3799,635.9411,7889.0,4202.0,71.3767,0.8601,1.2524,596.0,27.6172,0.4218,0.5933,1314,1837,630,836,188.1106
12,306.0159,1,471.0531,714.3018,20173.0,1300.0,200.3151,0.9978,1.6291,613.0,21.9865,0.7034,0.8259,268,791,630,836,188.1106
12,306.0159,2,1098.7314,681.0844,13502.0,2008.0,162.0594,0.9268,1.6298,593.0,28.4848,0.6196,0.7651,791,1314,630,836,188.1106
12,306.0159,3,1396.3188,597.3508,9594.0,7542.0,162.9407,0.7559,1.9319,537.0,28.5532,0.3495,0.518,1314,1837,630,836,188.1106
12,306.4164,1,460.2278,716.4472,19694.0,972.0,205.0557,0.8025,1.8716,636.0,27.1466,0.6057,0.7545,268,791,630,836,188.1106
12,306.4164,2,1114.1186,674.8723,13713.0,2732.0,161.3623,0.866,1.6853,588.0,30.778,0.5496,0.7093,791,1314,630,836,188.1106
12,306.4164,3,1410.8835,603.9252,13884.0,9978.0,180.7656,0.685,1.7826,537.0,25.1605,0.633,0.7753,1314,1837,630,836,188.1106
12,306.8169,1,399.3065,700.7484,20266.0,1560.0,237.5884,0.5063,2.3248,628.0,36.5982,0.361,0.5305,268,791,630,836,188.1106
12,306.8169,2,1117.3521,674.8436,13642.0,2735.0,152.8817,0.9346,1.4963,588.0,22.8656,0.7214,0.8382,791,1314,630,836,188.1106
12,306.8169,3,1428.2039,639.8109,15943.0,7789.0,187.4825,0.7761,1.9421,548.0,39.7841,0.3702,0.5404,1314,1837,630,836,188.1106
12,307.2175,1,359.3759,712.8346,22226.0,2662.0,252.0891,0.8485,2.1801,592.0,42.8677,0.3142,0.4781,268,791,630,836,188.1106
12,307.2175,2,1125.0478,677.0527,14121.0,2613.0,151.0125,0.9908,1.4082,588.0,21.6643,0.7211,0.8379,791,1314,630,836,188.1106
12,307.2175,3,1445.4833,640.8828,16167.0,7840.0,195.2904,0.8302,2.0929,537.0,23.8121,0.6026,0.752,1314,1837,630,836,188.1106
12,307.618,1,326.7513,744.8887,20504.0,499.0,233.7971,0.908,2.0641,632.0,45.3832,0.3631,0.5328,268,791,630,836,188.1106
12,307.618,2,1134.3602,682.7985,14630.0,2376.0,158.3548,0.9843,1.4941,589.0,21.5191,0.7045,0.8266,791,1314,630,836,188.1106
12,307.618,3,1457.5099,605.1864,11172.0,7730.0,148.3322,0.9623,1.4175,537.0,30.9413,0.4948,0.6621,1314,1837,630,836,188.1106
12,308.0186,1,323.5298,742.8908,22402.0,411.0,227.3852,0.9928,1.8178,635.0,23.66,0.743,0.8526,268,791,630,836,188.1106
12,308.0186,2,1141.6582,687.0312,15095.0,2216.0,164.8314,0.9981,1.5466,588.0,20.7018,0.7407,0.8511,791,1314,630,836,188.1106
12,308.0186,3,1467.5924,630.3877,8870.0,5370.0,85.6419,0.3283,1.2886,537.0,21.6583,0.3997,0.5711,1314,1837,630,836,188.1106
12,308.4191,1,340.5512,725.1332,22549.0,542.0,201.6483,0.9801,1.4781,637.0,30.0789,0.623,0.7677,268,791,630,836,188.1106
12,308.4191,2,1146.6124,689.2915,15467.0,2171.0,170.3359,0.9817,1.6072,589.0,19.9695,0.7727,0.8718,791,1314,630,836,188.1106
12,308.4191,3,1482.8063,595.7066,8972.0,6995.0,132.439,0.9869,1.4983,537.0,19.4373,0.4932,0.6606,1314,1837,630,836,188.1106
12,308.8197,1,393.1477,708.075,20817.0,1077.0,250.6177,0.69,2.4058,628.0,37.248,0.3902,0.5614,268,791,630,836,188.1106
12,308.8197,2,1147.8135,691.7928,16159.0,2073.0,172.9453,0.9958,1.5605,589.0,19.6974,0.7646,0.8666,791,1314,630,836,188.1106
12,308.8197,3,1488.7227,601.381,9375.0,6905.0,130.5151,0.9909,1.4665,537.0,13.5545,0.7611,0.8643,1314,1837,630,836,188.1106
12,309.2202,1,447.5644,703.9257,19816.0,1624.0,281.0218,0.6591,3.2014,604.0,46.6291,0.3089,0.472,268,791,630,836,188.1106
12,309.2202,2,1151.4765,683.346,15386.0,2498.0,163.002,0.9925,1.4662,576.0,25.7856,0.673,0.8046,791,1314,630,836,188.1106
12,309.2202,3,1492.1347,626.9288,12810.0,7559.0,143.2854,0.9949,1.5246,537.0,17.1806,0.617,0.7631,1314,1837,630,836,188.1106
12,309.6208,1,505.1994,707.9299,18138.0,1472.0,208.6732,0.8512,2.1323,628.0,46.0952,0.2662,0.4205,268,791,630,836,188.1106
12,309.6208,2,1148.9314,673.9623,14366.0,3627.0,176.6658,0.8996,1.9015,583.0,27.5285,0.5955,0.7464,791,1314,630,836,188.1106
12,309.6208,3,1492.659,635.6482,13967.0,7195.0,158.1813,0.9925,1.7313,537.0,16.2565,0.7355,0.8476,1314,1837,630,836,188.1106
12,310.0213,1,526.1901,720.9701,19547.0,1017.0,214.2627,0.9983,1.8992,625.0,31.9657,0.5382,0.6997,268,791,630,836,188.1106
12,310.0213,2,1153.3069,668.4864,14880.0,3601.0,170.7224,0.8171,1.7286,584.0,27.4608,0.6153,0.7618,791,1314,630,836,188.1106
12,310.0213,3,1497.4925,634.768,14976.0,7681.0,157.4899,0.9986,1.6709,537.0,22.7046,0.6535,0.7905,1314,1837,630,836,188.1106
12,310.4218,1,506.2629,729.8261,18412.0,97.0,221.9505,0.9356,2.0685,627.0,31.6794,0.5467,0.7069,268,791,630,836,188.1106
12,310.4218,2,1155.5206,664.4136,14567.0,4321.0,158.7749,0.9,1.5078,576.0,26.6555,0.6357,0.7773,791,1314,630,836,188.1106
12,310.4218,3,1487.5512,638.8864,15555.0,7686.0,189.356,0.9854,2.0545,537.0,26.6404,0.5582,0.7165,1314,1837,630,836,188.1106
12,310.8224,1,462.3096,700.7276,16471.0,1360.0,200.9442,0.8841,2.0229,590.0,40.5425,0.3773,0.5479,268,791,630,836,188.1106
12,310.8224,2,1156.927,666.5959,14467.0,3938.0,156.317,0.8595,1.5212,579.0,13.8538,0.8418,0.9141,791,1314,630,836,188.1106
12,310.8224,3,1489.906,620.7702,14685.0,9405.0,154.158,0.8547,1.5393,537.0,27.1376,0.6426,0.7824,1314,1837,630,836,188.1106
12,311.2229,1,413.1399,712.2395,23034.0,1877.0,239.8528,0.7549,2.1749,613.0,42.1891,0.2576,0.4096,268,791,630,836,188.1106
12,311.2229,2,1157.6264,667.2213,14122.0,3695.0,165.1373,0.7893,1.7126,582.0,18.5676,0.7477,0.8556,791,1314,630,836,188.1106
12,311.2229,3,1491.9979,618.4156,15598.0,10231.0,167.7439,0.7533,1.6348,537.0,23.0381,0.6362,0.7777,1314,1837,630,836,188.1106
12,311.6235,1,376.6556,737.5559,24161.0,935.0,291.5886,0.6335,2.7784,639.0,43.1094,0.3232,0.4885,268,791,630,836,188.1106
12,311.6235,2,1156.0774,669.6701,14236.0,3423.0,168.144,0.8409,1.7013,584.0,14.3048,0.8115,0.896,791,1314,630,836,188.1106
12,311.6235,3,1494.7117,627.3906,15974.0,9611.0,176.2061,0.774,1.7657,537.0,21.095,0.6932,0.8188,1314,1837,630,836,188.1106
12,312.024,1,362.1698,722.3536,20446.0,805.0,242.2572,0.7123,2.264,625.0,24.1217,0.679,0.8088,268,791,630,836,188.1106
12,312.024,2,1153.2273,674.6361,14179.0,2841.0,158.1195,0.9313,1.5133,588.0,18.3192,0.7213,0.8381,791,1314,630,836,188.1106
12,312.024,3,1495.4498,632.1252,16450.0,9135.0,186.663,0.8784,1.8904,537.0,20.4274,0.6899,0.8165,1314,1837,630,836,188.1106
12,312.4246,1,348.6796,716.2057,23168.0,2511.0,240.8111,0.9005,1.9364,602.0,23.8255,0.6756,0.8064,268,791,630,836,188.1106
12,312.4246,2,1154.2349,683.5624,15322.0,2708.0,161.2851,0.9645,1.5403,586.0,17.8565,0.7302,0.844,791,1314,630,836,188.1106
12,312.4246,3,1492.2893,634.158,16831.0,9100.0,182.015,0.8853,1.7669,537.0,18.837,0.7326,0.8456,1314,1837,630,836,188.1106
12,312.8251,1,342.2861,746.5612,20899.0,743.0,251.9608,0.7908,2.4061,641.0,32.5373,0.5813,0.7352,268,791,630,836,188.1106
12,312.8251,2,1142.6873,675.1916,13614.0,2744.0,156.364,0.9574,1.5487,588.0,25.5733,0.593,0.7445,791,1314,630,836,188.1106
12,312.8251,3,1487.8987,635.6814,16316.0,8740.0,185.207,0.868,1.8926,537.0,21.6962,0.66,0.7952,1314,1837,630,836,188.1106
12,313.2257,1,335.6929,731.2565,18191.0,1064.0,234.4405,0.8154,2.3348,618.0,20.3119,0.768,0.8688,268,791,630,836,188.1106
12,313.2257,2,1140.2087,663.3349,14119.0,4114.0,159.8751,0.7878,1.57,586.0,27.113,0.6283,0.7717,791,1314,630,836,188.1106
12,313.2257,3,1482.8073,637.9929,16006.0,8232.0,183.9118,0.975,1.8876,537.0,24.5329,0.6805,0.8099,1314,1837,630,836,188.1106
12,313.6262,1,319.677,728.6528,17271.0,1347.0,228.2517,0.9563,2.3341,606.0,25.4189,0.6562,0.7924,268,791,630,836,188.1106
12,313.6262,2,1137.1272,661.0346,14588.0,4540.0,164.2378,0.6637,1.6378,588.0,21.0093,0.7224,0.8388,791,1314,630,836,188.1106
12,313.6262,3,1470.7076,628.504,12261.0,7220.0,148.3916,0.9999,1.6625,539.0,26.662,0.5684,0.7248,1314,1837,630,836,188.1106
12,314.0267,1,325.6535,748.3483,16286.0,686.0,207.723,0.8505,2.1999,647.0,26.3997,0.7237,0.8397,268,791,630,836,188.1106
12,314.0267,2,1130.5883,665.5459,13864.0,3655.0,161.9434,0.7445,1.6605,587.0,23.4592,0.6647,0.7986,791,1314,630,836,188.1106
12,314.0267,3,1473.4086,615.8867,12820.0,8893.0,146.4353,0.7546,1.5127,537.0,31.3213,0.5349,0.6969,1314,1837,630,836,188.1106
12,314.4273,1,323.3702,725.3571,16377.0,1283.0,222.7738,0.9428,2.2474,606.0,27.6871,0.6808,0.8101,268,791,630,836,188.1106
12,314.4273,2,1126.6526,677.1008,14239.0,2712.0,153.3728,0.9,1.4583,589.0,25.4536,0.6351,0.7769,791,1314,630,836,188.1106
12,314.4273,3,1453.6438,626.4433,14874.0,9605.0,161.0282,0.6104,1.5825,548.0,35.7628,0.4492,0.6199,1314,1837,630,836,188.1106
12,314.8278,1,315.8278,732.3749,16464.0,667.0,189.0766,0.975,1.82,642.0,25.159,0.6874,0.8147,268,791,630,836,188.1106
12,314.8278,2,1121.3671,676.8596,13850.0,2647.0,150.8054,1.0,1.4431,585.0,26.6752,0.6394,0.78,791,1314,630,836,188.1106
12,314.8278,3,1424.0349,626.718,15073.0,9298.0,158.7222,0.7058,1.5208,547.0,36.0878,0.4161,0.5876,1314,1837,630,836,188.1106
12,315.2284,1,328.925,723.7238,19455.0,544.0,191.4107,0.9962,1.6011,638.0,29.325,0.6585,0.7941,268,791,630,836,188.1106
12,315.2284,2,1119.3676,678.4447,16970.0,4470.0,204.0432,0.996,2.1256,558.0,30.6525,0.6178,0.7638,791,1314,630,836,188.1106
12,315.2284,3,1402.997,644.8767,14715.0,7105.0,152.1094,0.8345,1.4493,553.0,34.8534,0.4181,0.5896,1314,1837,630,836,188.1106
12,315.6289,1,363.7453,708.1484,20656.0,2017.0,209.0814,0.9816,1.6877,610.0,39.1056,0.3873,0.5583,268,791,630,836,188.1106
12,315.6289,2,1125.6366,677.4202,14378.0,3404.0,192.5327,0.9515,2.1507,573.0,31.2426,0.5456,0.706,791,1314,630,836,188.1106
12,315.6289,3,1388.5004,648.562,11420.0,5000.0,140.1307,0.9024,1.5465,557.0,27.1151,0.5425,0.7034,1314,1837,630,836,188.1106
12,316.0295,1,377.3127,741.8013,22355.0,399.0,241.442,0.9142,1.9479,615.0,26.5845,0.6326,0.775,268,791,630,836,188.1106
12,316.0295,2,1132.6052,670.2235,14393.0,3622.0,164.6578,0.9809,1.6128,572.0,25.7014,0.6976,0.8219,791,1314,630,836,188.1106
12,316.0295,3,1380.0792,648.1838,10722.0,4732.0,141.4087,0.9658,1.6044,553.0,24.9076,0.6054,0.7542,1314,1837,630,836,188.1106
12,316.43,1,414.4909,722.9142,15248.0,0.0,197.9652,0.9957,2.0057,633.0,44.0224,0.344,0.5119,268,791,630,836,188.1106
12,316.43,2,1138.062,672.6389,14103.0,3364.0,164.8858,0.9826,1.698,572.0,19.1197,0.7108,0.8309,791,1314,630,836,188.1106
12,316.43,3,1385.8787,652.4738,10992.0,4134.0,138.0139,0.9316,1.5413,573.0,24.2219,0.6598,0.7951,1314,1837,630,836,188.1106
12,316.8306,1,472.2124,666.3151,4284.0,156.0,86.7412,0.9997,1.6316,625.0,54.783,0.0897,0.1647,268,791,630,836,188.1106
12,316.8306,2,1136.5658,677.3899,13956.0,2644.0,155.8634,0.9736,1.526,585.0,15.5798,0.8011,0.8896,791,1314,630,836,188.1106
12,316.8306,3,1394.6435,644.8755,11682.0,5334.0,157.9258,0.8439,1.8448,552.0,27.0012,0.5624,0.7199,1314,1837,630,836,188.1106
12,317.2311,1,514.6227,656.2614,2942.0,179.0,62.9474,0.9975,1.526,623.0,41.6711,0.1081,0.1951,268,791,630,836,188.1106
12,317.2311,2,1139.3304,680.2585,14284.0,3003.0,162.2705,0.9736,1.697,581.0,27.2412,0.6208,0.766,791,1314,630,836,188.1106
12,317.2311,3,1403.5066,606.127,9210.0,6728.0,135.138,0.904,1.6348,545.0,32.7925,0.4481,0.6189,1314,1837,630,836,188.1106
12,317.6316,1,547.0699,651.2266,1302.0,0.0,,,,,31.2326,0.0785,0.1456,268,791,630,836,188.1106
12,317.6316,2,1118.9935,645.4274,13771.0,5433.0,190.9371,0.5212,2.0173,586.0,41.9967,0.4465,0.6174,791,1314,630,836,188.1106
12,317.6316,3,1389.1487,650.2673,7594.0,2282.0,102.1351,0.9198,1.2298,586.0,27.4356,0.3476,0.5158,1314,1837,630,836,188.1106
12,318.0322,1,549.5288,657.3475,1180.0,0.0,27.92,0.1984,1.1878,634.0,14.6859,0.3615,0.531,268,791,630,836,188.1106
12,318.0322,2,1089.2619,651.4251,13236.0,5330.0,180.6882,0.4261,2.1975,583.0,40.2417,0.4289,0.6004,791,1314,630,836,188.1106
12,318.0322,3,1401.7849,641.0474,13092.0,5541.0,151.7113,0.9912,1.5615,565.0,24.7158,0.4915,0.6591,1314,1837,630,836,188.1106
12,318.4327,1,555.9142,666.0042,2132.0,0.0,73.0853,0.9913,2.0327,631.0,16.0556,0.4276,0.599,268,791,630,836,188.1106
12,318.4327,2,1054.1567,662.4035,11971.0,3336.0,149.7014,0.7207,1.7001,589.0,49.4777,0.3053,0.4678,791,1314,630,836,188.1106
12,318.4327,3,1418.0024,642.2691,14780.0,6912.0,191.1966,0.9041,2.0826,537.0,26.4964,0.5629,0.7203,1314,1837,630,836,188.1106
12,318.8333,1,537.0657,665.1591,4412.0,0.0,78.5061,0.9981,1.0884,631.0,26.9536,0.4034,0.5749,268,791,630,836,188.1106
12,318.8333,2,1040.0238,670.3115,11260.0,2589.0,143.1454,0.8211,1.6147,594.0,27.5348,0.5806,0.7346,791,1314,630,836,188.1106
12,318.8333,3,1445.757,604.1359,12448.0,8776.0,153.6179,0.9733,1.4448,537.0,32.6962,0.4169,0.5884,1314,1837,630,836,188.1106
12,319.2338,1,528.1962,698.2778,1728.0,0.0,58.6688,0.9322,2.1004,675.0,36.2695,0.2156,0.3547,268,791,630,836,188.1106
12,319.2338,2,1038.1191,681.8327,13631.0,2342.0,166.738,0.9325,1.7423,589.0,25.9684,0.6636,0.7978,791,1314,630,836,188.1106
12,319.2338,3,1463.4246,617.7627,15667.0,9757.0,189.3833,0.7401,2.1519,537.0,39.1599,0.454,0.6245,1314,1837,630,836,188.1106
12,319.6344,1,,,,,,,,,,,,268,791,630,836,188.1106
12,319.6344,2,1044.1433,687.6893,14700.0,1725.0,163.7697,0.946,1.5319,599.0,25.9281,0.6711,0.8031,791,1314,630,836,188.1106
12,319.6344,3,1496.9708,606.742,15281.0,10915.0,175.3754,0.6626,1.7002,537.0,35.0087,0.4525,0.623,1314,1837,630,836,188.1106
12,320.0349,1,537.9163,544.0175,1027.0,1027.0,65.4694,0.0649,3.8646,537.0,,,,268,791,630,836,188.1106
12,320.0349,2,1056.7126,692.5451,13904.0,1244.0,160.2497,0.9254,1.5412,604.0,27.7717,0.6593,0.7946,791,1314,630,836,188.1106
12,320.0349,3,1528.4187,618.3997,15195.0,9443.0,175.3007,0.8206,1.778,537.0,45.8064,0.381,0.5518,1314,1837,630,836,188.1106
