paso,t,s,cx,cy,area,above,largo,vert,elong,cabeza,me,iou,dice,gx0,gx1,g_agua,g_fondo,escala
12,0.0,1,261.2138,177.3893,1174.0,1174.0,,,,,,,,16,360,260,590,166.6684
12,0.0,2,601.4622,319.0888,7385.0,468.0,134.7207,0.7441,2.5667,264.0,,,,360,704,260,590,166.6684
12,0.0,3,822.4745,330.3273,10811.0,39.0,221.114,0.4625,3.5828,264.0,,,,704,1048,260,590,166.6684
12,0.4074,1,272.5513,204.2403,9565.0,8918.0,139.4543,0.8775,1.9531,145.0,60.8227,0.1227,0.2186,16,360,260,590,166.6684
12,0.4074,2,604.2023,313.3299,10622.0,1403.0,149.8793,0.9669,1.7497,223.0,49.877,0.4048,0.5763,360,704,260,590,166.6684
12,0.4074,3,842.8827,326.1889,12381.0,87.0,224.5639,0.4882,3.2983,256.0,50.6185,0.4616,0.6317,704,1048,260,590,166.6684
12,0.8149,1,201.3648,240.1442,6672.0,4503.0,75.4167,0.4951,1.1132,187.0,57.2371,0.1001,0.1821,16,360,260,590,166.6684
12,0.8149,2,592.757,345.6944,10622.0,464.0,164.8516,0.9893,2.0449,255.0,50.5224,0.3813,0.5521,360,704,260,590,166.6684
12,0.8149,3,842.1177,316.8751,11156.0,63.0,215.6846,0.3164,3.5094,266.0,49.0103,0.5441,0.7048,704,1048,260,590,166.6684
12,1.2223,1,142.3688,298.6226,14641.0,3186.0,192.087,0.6538,1.869,216.0,64.2321,0.0488,0.093,16,360,260,590,166.6684
12,1.2223,2,577.4771,330.8733,10904.0,171.0,156.9052,0.8205,1.9993,254.0,45.7397,0.4382,0.6094,360,704,260,590,166.6684
12,1.2223,3,817.1745,312.9975,10826.0,263.0,211.8186,0.4362,3.437,266.0,43.7303,0.5086,0.6743,704,1048,260,590,166.6684
12,1.6297,1,155.0714,307.7264,15410.0,2548.0,225.6019,0.7485,2.0691,198.0,50.011,0.5393,0.7007,16,360,260,590,166.6684
12,1.6297,2,486.1256,303.3097,14551.0,2563.0,224.3254,0.7564,2.3637,203.0,90.2218,0.0484,0.0923,360,704,260,590,166.6684
12,1.6297,3,829.6061,330.5798,11046.0,468.0,155.0707,0.9948,1.6761,241.0,60.2037,0.3329,0.4995,704,1048,260,590,166.6684
12,2.0372,1,158.3358,334.3012,14011.0,551.0,232.433,0.685,3.1605,252.0,57.1745,0.4334,0.6047,16,360,260,590,166.6684
12,2.0372,2,483.8814,327.2436,14006.0,865.0,233.9845,0.5991,3.0051,239.0,61.8892,0.444,0.6149,360,704,260,590,166.6684
12,2.0372,3,840.1029,355.3137,11151.0,12.0,163.1246,0.9572,2.1989,266.0,54.9767,0.4101,0.5817,704,1048,260,590,166.6684
12,2.4446,1,147.5851,318.0873,15435.0,2006.0,200.7967,0.8198,1.7378,228.0,47.9642,0.501,0.6676,16,360,260,590,166.6684
12,2.4446,2,469.7399,305.4393,11094.0,2309.0,210.7852,0.7793,2.9634,212.0,54.1995,0.4963,0.6633,360,704,260,590,166.6684
12,2.4446,3,840.1233,342.3592,11841.0,174.0,166.2386,0.9458,1.9409,253.0,35.2165,0.6193,0.7649,704,1048,260,590,166.6684
12,2.8521,1,179.9148,319.7573,17195.0,2582.0,207.7589,0.6968,2.216,249.0,57.8621,0.2035,0.3382,16,360,260,590,166.6684
12,2.8521,2,461.7891,314.1863,8524.0,1162.0,135.1576,0.999,1.9184,231.0,74.2776,0.281,0.4387,360,704,260,590,166.6684
12,2.8521,3,841.7043,343.0515,12623.0,799.0,171.7118,0.9575,2.0694,232.0,43.3536,0.5324,0.6948,704,1048,260,590,166.6684
12,3.2595,1,201.3521,327.6857,12561.0,0.0,296.7065,0.273,3.5772,263.0,65.9986,0.1869,0.3149,16,360,260,590,166.6684
12,3.2595,2,520.0778,283.3446,10261.0,2138.0,171.634,0.4885,2.5078,223.0,68.5104,0.1002,0.1822,360,704,260,590,166.6684
12,3.2595,3,839.9355,367.949,12146.0,191.0,180.096,0.9527,2.0245,276.0,60.1442,0.4447,0.6156,704,1048,260,590,166.6684
12,3.6669,1,232.1289,369.4873,9366.0,0.0,152.3117,0.5069,2.3735,305.0,72.6138,0.106,0.1917,16,360,260,590,166.6684
12,3.6669,2,564.8439,297.5133,15443.0,2713.0,234.18,0.5386,2.714,215.0,72.0713,0.2462,0.3951,360,704,260,590,166.6684
12,3.6669,3,830.0152,357.6675,13108.0,74.0,189.0786,0.9453,2.1175,256.0,56.3243,0.3483,0.5167,704,1048,260,590,166.6684
12,4.0744,1,233.7654,383.7934,7247.0,0.0,110.32,0.62,2.0511,326.0,58.298,0.2431,0.3911,16,360,260,590,166.6684
12,4.0744,2,568.6009,318.1482,13664.0,1480.0,239.1333,0.5848,3.0486,222.0,63.1019,0.3964,0.5677,360,704,260,590,166.6684
12,4.0744,3,790.1878,332.3021,12679.0,1430.0,162.3344,0.7634,2.2602,270.0,81.9228,0.1871,0.3153,704,1048,260,590,166.6684
12,4.4818,1,259.1566,378.9632,7938.0,0.0,155.0848,0.8868,3.0735,284.0,45.2897,0.3039,0.4661,16,360,260,590,166.6684
12,4.4818,2,549.8901,318.7087,13934.0,1439.0,225.4502,0.5502,2.7918,220.0,46.6114,0.6027,0.7521,360,704,260,590,166.6684
12,4.4818,3,793.6789,356.1099,10235.0,38.0,197.3452,0.8335,3.2192,258.0,54.7703,0.4292,0.6006,704,1048,260,590,166.6684
12,4.8892,1,263.7516,324.764,8228.0,0.0,121.2558,0.6456,1.5812,262.0,46.2235,0.2422,0.39,16,360,260,590,166.6684
12,4.8892,2,543.6524,321.9752,13372.0,1125.0,229.6808,0.4736,2.7022,229.0,44.2971,0.6437,0.7832,360,704,260,590,166.6684
12,4.8892,3,788.9745,327.8824,8738.0,1299.0,206.2548,0.9088,3.4133,221.0,61.6891,0.3444,0.5123,704,1048,260,590,166.6684
12,5.2967,1,167.124,290.2431,13385.0,986.0,265.4665,0.1379,3.9634,244.0,57.9189,0.1406,0.2466,16,360,260,590,166.6684
12,5.2967,2,553.0688,326.3855,9776.0,505.0,166.127,0.6947,2.3211,241.0,61.0565,0.4132,0.5848,360,704,260,590,166.6684
12,5.2967,3,792.0037,340.4188,8743.0,263.0,147.5486,0.9676,2.3985,248.0,68.5535,0.226,0.3687,704,1048,260,590,166.6684
12,5.7041,1,121.2295,287.8979,11206.0,1719.0,166.2701,0.2612,2.1022,228.0,50.9672,0.4639,0.6338,16,360,260,590,166.6684
12,5.7041,2,563.8633,306.6243,9488.0,1399.0,169.3919,0.7969,2.729,230.0,48.9379,0.4494,0.6201,360,704,260,590,166.6684
12,5.7041,3,838.0754,310.0461,9085.0,1038.0,170.1646,0.8503,2.5039,233.0,71.4214,0.0893,0.164,704,1048,260,590,166.6684
12,6.1115,1,119.2073,294.4423,7174.0,1392.0,120.6666,0.9446,1.8012,232.0,56.8567,0.2962,0.457,16,360,260,590,166.6684
12,6.1115,2,594.0336,313.4765,9872.0,912.0,180.9766,0.707,2.719,230.0,57.8835,0.3284,0.4944,360,704,260,590,166.6684
12,6.1115,3,897.4147,326.8216,12044.0,1589.0,219.0124,0.8202,2.9438,229.0,80.4331,0.0559,0.1059,704,1048,260,590,166.6684
12,6.519,1,180.5096,271.0852,10185.0,2840.0,206.0501,0.238,2.8829,216.0,68.6384,0.169,0.2891,16,360,260,590,166.6684
12,6.519,2,591.4122,348.0079,8068.0,0.0,153.7797,0.6656,2.5661,277.0,70.4638,0.2065,0.3423,360,704,260,590,166.6684
12,6.519,3,901.5892,349.58,11676.0,282.0,222.0944,0.7934,3.3687,250.0,67.0653,0.3034,0.4656,704,1048,260,590,166.6684
12,6.9264,1,220.6857,284.9389,12544.0,1544.0,209.7041,0.236,2.6974,229.0,64.9878,0.3172,0.4816,16,360,260,590,166.6684
12,6.9264,2,591.4046,329.5616,8527.0,412.0,155.9214,0.7033,2.7463,262.0,58.8626,0.3246,0.4901,360,704,260,590,166.6684
12,6.9264,3,922.682,343.5876,10577.0,928.0,216.9447,0.8164,3.2765,233.0,56.109,0.3705,0.5407,704,1048,260,590,166.6684
12,7.3339,1,229.3014,300.4119,12397.0,612.0,188.2337,0.2912,2.3664,242.0,61.7392,0.4649,0.6347,16,360,260,590,166.6684
12,7.3339,2,596.957,316.8247,9610.0,1138.0,149.7715,0.6814,2.4841,262.0,41.7276,0.5044,0.6706,360,704,260,590,166.6684
12,7.3339,3,931.0433,381.0666,8404.0,0.0,170.9268,0.8617,3.2682,279.0,63.3039,0.1472,0.2566,704,1048,260,590,166.6684
12,7.7413,1,242.8583,321.5409,9129.0,414.0,118.5392,0.4621,1.4984,281.0,60.9483,0.3272,0.4931,16,360,260,590,166.6684
12,7.7413,2,598.967,352.0405,11137.0,0.0,183.8818,0.8605,2.5681,264.0,54.5625,0.3166,0.4809,360,704,260,590,166.6684
12,7.7413,3,925.6408,390.4549,9930.0,0.0,187.5814,0.9098,3.4959,282.0,46.6244,0.3855,0.5565,704,1048,260,590,166.6684
12,8.1487,1,256.6129,340.9134,8233.0,644.0,135.5783,0.6561,2.1324,288.0,60.0987,0.2239,0.3659,16,360,260,590,166.6684
12,8.1487,2,586.9543,342.3979,12052.0,362.0,150.3304,0.9848,1.7408,252.0,50.8224,0.2922,0.4522,360,704,260,590,166.6684
12,8.1487,3,941.4446,347.3973,8286.0,1000.0,154.2905,0.9055,3.2381,265.0,43.3855,0.3887,0.5598,704,1048,260,590,166.6684
12,8.5562,1,246.0403,375.7372,7295.0,0.0,139.928,0.7335,2.778,298.0,50.7321,0.2791,0.4364,16,360,260,590,166.6684
12,8.5562,2,524.7167,296.6356,13571.0,3434.0,200.3596,0.8257,2.2054,194.0,68.72,0.142,0.2487,360,704,260,590,166.6684
12,8.5562,3,964.9021,356.7761,6118.0,109.0,140.7262,0.9614,3.3681,290.0,40.2111,0.2634,0.417,704,1048,260,590,166.6684
12,8.9636,1,300.0777,255.2095,2639.0,1409.0,84.1208,0.9999,2.2668,209.0,55.0323,0.0346,0.0668,16,360,260,590,166.6684
12,8.9636,2,501.5746,334.0118,14663.0,386.0,267.2569,0.5589,3.7771,249.0,84.1513,0.1496,0.2603,360,704,260,590,166.6684
12,8.9636,3,965.784,338.6802,7362.0,325.0,175.0071,0.9871,3.5299,246.0,33.8027,0.5491,0.7089,704,1048,260,590,166.6684
12,9.371,1,284.0394,289.1023,10055.0,2945.0,171.3296,0.9929,2.4305,208.0,58.9123,0.1886,0.3173,16,360,260,590,166.6684
12,9.371,2,480.8561,313.9113,12360.0,1610.0,208.8579,0.6916,2.9999,233.0,57.5303,0.4734,0.6426,360,704,260,590,166.6684
12,9.371,3,947.4534,339.6376,10074.0,829.0,198.4383,0.9974,2.9509,232.0,56.4723,0.372,0.5423,704,1048,260,590,166.6684
12,9.7785,1,260.381,328.4048,14021.0,1672.0,185.6672,0.9941,2.1505,245.0,62.4552,0.293,0.4532,16,360,260,590,166.6684
12,9.7785,2,460.3771,306.9349,12370.0,2799.0,217.2542,0.8703,2.9212,194.0,70.6302,0.354,0.5228,360,704,260,590,166.6684
12,9.7785,3,931.0724,357.0148,11451.0,396.0,233.0048,0.978,3.3013,246.0,52.5453,0.477,0.6459,704,1048,260,590,166.6684
12,10.1859,1,252.8185,343.3042,10601.0,392.0,180.4819,0.7868,2.4838,250.0,52.1935,0.3463,0.5144,16,360,260,590,166.6684
12,10.1859,2,465.7088,341.6487,9325.0,384.0,181.5598,0.8731,3.1534,256.0,62.742,0.3748,0.5452,360,704,260,590,166.6684
12,10.1859,3,915.0228,347.1473,11007.0,38.0,191.0788,0.7942,2.9653,258.0,55.9983,0.3826,0.5535,704,1048,260,590,166.6684
12,10.5934,1,269.6441,352.2604,5103.0,0.0,97.6644,0.6139,1.7521,301.0,58.9502,0.2699,0.4251,16,360,260,590,166.6684
12,10.5934,2,499.176,299.5708,10798.0,2190.0,167.3666,0.9595,1.9993,210.0,80.623,0.09,0.1651,360,704,260,590,166.6684
12,10.5934,3,919.3027,344.8148,7873.0,0.0,142.8874,0.6279,2.6,274.0,53.1482,0.3452,0.5132,704,1048,260,590,166.6684
12,11.0008,1,258.7429,376.4849,5216.0,0.0,80.7027,0.4805,1.9301,319.0,49.8949,0.2831,0.4413,16,360,260,590,166.6684
12,11.0008,2,517.2927,320.9183,10944.0,1394.0,194.9428,0.8653,2.4867,223.0,66.3726,0.2721,0.4277,360,704,260,590,166.6684
12,11.0008,3,939.1183,336.0629,9380.0,745.0,137.9898,0.8642,2.1779,272.0,54.0064,0.2804,0.438,704,1048,260,590,166.6684
12,11.4082,1,280.3307,323.8743,8280.0,703.0,122.7044,0.9925,1.7467,252.0,48.1224,0.1804,0.3057,16,360,260,590,166.6684
12,11.4082,2,538.1379,326.96,11751.0,1089.0,212.003,0.8233,2.9762,242.0,58.6783,0.4234,0.5949,360,704,260,590,166.6684
12,11.4082,3,923.8602,345.6449,10767.0,228.0,147.965,0.9538,1.9972,270.0,51.244,0.2222,0.3636,704,1048,260,590,166.6684
12,11.8157,1,220.8842,303.4998,11807.0,2297.0,194.4681,0.8253,2.5426,213.0,62.6072,0.0658,0.1235,16,360,260,590,166.6684
12,11.8157,2,569.7583,315.1446,13351.0,2981.0,224.429,0.9328,3.3866,194.0,78.1697,0.2673,0.4219,360,704,260,590,166.6684
12,11.8157,3,900.7721,351.4045,13359.0,620.0,199.2939,0.915,2.4001,240.0,49.1945,0.4221,0.5936,704,1048,260,590,166.6684
12,12.2231,1,163.2798,322.4233,14994.0,1727.0,237.0023,0.7294,2.6007,226.0,82.6879,0.0711,0.1328,16,360,260,590,166.6684
12,12.2231,2,591.0412,347.2767,12167.0,1207.0,238.0238,0.8984,3.6294,228.0,73.7938,0.2246,0.3669,360,704,260,590,166.6684
12,12.2231,3,909.293,355.5671,11983.0,847.0,168.063,0.8948,2.352,271.0,45.6538,0.4164,0.588,704,1048,260,590,166.6684
12,12.6305,1,144.2118,327.9732,13216.0,1575.0,229.1117,0.7467,2.8542,227.0,66.6508,0.3841,0.555,16,360,260,590,166.6684
12,12.6305,2,596.0013,338.4731,9578.0,701.0,184.21,0.8166,3.3593,251.0,44.3436,0.5559,0.7146,360,704,260,590,166.6684
12,12.6305,3,918.8684,384.6579,13328.0,83.0,196.6289,0.8515,2.6593,271.0,38.9724,0.3445,0.5124,704,1048,260,590,166.6684
12,13.038,1,119.4614,323.0215,8645.0,1372.0,179.8911,0.9714,2.4358,228.0,68.5495,0.3692,0.5393,16,360,260,590,166.6684
12,13.038,2,612.3302,325.9184,8140.0,1699.0,120.1592,0.8828,2.3122,266.0,54.3041,0.3398,0.5073,360,704,260,590,166.6684
12,13.038,3,931.9708,371.9144,12507.0,518.0,175.6895,0.923,2.4831,272.0,33.8495,0.4807,0.6493,704,1048,260,590,166.6684
12,13.4454,1,134.5227,326.1616,9168.0,1219.0,171.8211,1.0,2.5599,232.0,63.5271,0.2179,0.3578,16,360,260,590,166.6684
12,13.4454,2,602.6543,390.896,10673.0,0.0,171.1986,0.9587,2.8945,280.0,46.1921,0.1968,0.3289,360,704,260,590,166.6684
12,13.4454,3,925.4849,381.2506,12884.0,0.0,161.5936,0.9967,1.7471,273.0,34.7709,0.3732,0.5435,704,1048,260,590,166.6684
12,13.8528,1,177.2744,299.7283,10804.0,2347.0,189.5122,0.8449,2.4923,206.0,74.1674,0.0809,0.1496,16,360,260,590,166.6684
12,13.8528,2,607.7436,334.7893,9486.0,809.0,138.9863,0.9274,2.1707,262.0,53.1296,0.1431,0.2504,360,704,260,590,166.6684
12,13.8528,3,890.4117,330.0028,10759.0,194.0,213.0496,0.6419,3.3469,255.0,53.1683,0.179,0.3037,704,1048,260,590,166.6684
12,14.2603,1,211.0072,331.8964,11231.0,535.0,188.3343,0.8687,2.4826,246.0,83.4815,0.1706,0.2914,16,360,260,590,166.6684
12,14.2603,2,597.983,332.8973,12757.0,807.0,196.6011,0.8072,2.3328,263.0,42.8398,0.4334,0.6047,360,704,260,590,166.6684
12,14.2603,3,802.1876,317.5096,11754.0,1439.0,194.9214,0.8095,2.0924,213.0,82.2148,0.0401,0.077,704,1048,260,590,166.6684
12,14.6677,1,249.666,295.3043,11634.0,3301.0,199.7068,0.9629,2.7392,194.0,68.2402,0.3031,0.4652,16,360,260,590,166.6684
12,14.6677,2,579.0849,347.6933,11985.0,286.0,162.8004,0.999,1.827,259.0,39.5773,0.4453,0.6162,360,704,260,590,166.6684
12,14.6677,3,786.6691,355.9988,12633.0,369.0,199.5503,0.8568,2.7157,266.0,80.5781,0.289,0.4484,704,1048,260,590,166.6684
12,15.0752,1,259.5317,348.0337,13462.0,1085.0,217.9886,0.9862,2.9038,238.0,64.7955,0.2937,0.4541,16,360,260,590,166.6684
12,15.0752,2,543.8959,318.699,11954.0,1002.0,196.0024,0.6989,2.654,235.0,52.0754,0.2508,0.401,360,704,260,590,166.6684
12,15.0752,3,783.2303,359.5399,12667.0,445.0,191.8088,0.8844,2.6642,269.0,42.1148,0.5933,0.7447,704,1048,260,590,166.6684
12,15.4826,1,265.4931,364.1022,12491.0,719.0,208.35,0.9555,3.1224,241.0,44.8409,0.4722,0.6415,16,360,260,590,166.6684
12,15.4826,2,490.5526,313.6545,13640.0,1830.0,197.9057,0.834,1.911,211.0,77.8335,0.1927,0.3232,360,704,260,590,166.6684
12,15.4826,3,767.0642,343.9992,11657.0,1090.0,159.0893,0.9739,2.2036,263.0,62.8238,0.4273,0.5988,704,1048,260,590,166.6684
12,15.89,1,290.1146,349.2481,6468.0,636.0,134.7836,0.9215,3.0713,283.0,63.8,0.285,0.4436,16,360,260,590,166.6684
12,15.89,2,474.848,342.2357,14793.0,942.0,218.2955,0.751,2.7329,259.0,78.706,0.303,0.4651,360,704,260,590,166.6684
12,15.89,3,772.2101,380.1803,12870.0,129.0,198.621,0.9996,2.6804,254.0,73.4476,0.3288,0.4949,704,1048,260,590,166.6684
12,16.2975,1,279.1777,400.0347,5223.0,0.0,119.8747,0.8646,3.3892,331.0,43.5135,0.3396,0.5071,16,360,260,590,166.6684
12,16.2975,2,480.0746,353.1833,13892.0,239.0,229.453,0.8046,2.7562,250.0,35.1824,0.686,0.8137,360,704,260,590,166.6684
12,16.2975,3,772.4527,349.4762,11680.0,1006.0,172.0623,0.89,2.5303,269.0,56.7336,0.3968,0.5681,704,1048,260,590,166.6684
12,16.7049,1,278.8889,382.2871,3312.0,0.0,70.6241,0.7048,2.3013,325.0,45.4929,0.25,0.4,16,360,260,590,166.6684
12,16.7049,2,456.4347,307.9731,10911.0,2124.0,202.9608,0.8124,2.8904,207.0,62.8561,0.4456,0.6165,360,704,260,590,166.6684
12,16.7049,3,774.5272,344.2229,10568.0,782.0,196.0809,0.9215,2.6884,235.0,40.1741,0.5654,0.7224,704,1048,260,590,166.6684
12,17.1123,1,283.0215,375.944,8017.0,0.0,166.3578,0.97,3.1749,261.0,40.1145,0.2294,0.3732,16,360,260,590,166.6684
12,17.1123,2,465.7683,343.0118,11473.0,1280.0,230.5986,0.841,3.632,226.0,71.9224,0.3479,0.5163,360,704,260,590,166.6684
12,17.1123,3,781.9933,365.7847,9620.0,6.0,210.8295,0.9244,3.6804,260.0,46.8671,0.4963,0.6634,704,1048,260,590,166.6684
12,17.5198,1,258.2546,320.8535,9961.0,1206.0,167.7298,0.9996,2.2428,222.0,56.411,0.0787,0.1458,16,360,260,590,166.6684
12,17.5198,2,465.4508,337.0728,10275.0,664.0,164.6717,0.9783,2.479,237.0,65.8552,0.3527,0.5215,360,704,260,590,166.6684
12,17.5198,3,783.8674,332.921,8731.0,899.0,160.3511,0.986,2.4049,228.0,72.3331,0.2825,0.4405,704,1048,260,590,166.6684
12,17.9272,1,221.6391,344.5378,15417.0,1618.0,190.2516,0.9994,1.8245,219.0,59.1922,0.2664,0.4207,16,360,260,590,166.6684
12,17.9272,2,475.9451,308.1455,10272.0,1827.0,169.4873,0.9811,2.4818,208.0,67.8689,0.2941,0.4545,360,704,260,590,166.6684
12,17.9272,3,809.5716,332.7471,10401.0,840.0,187.0801,0.8904,2.646,230.0,75.0878,0.1942,0.3252,704,1048,260,590,166.6684
12,18.3346,1,189.602,374.6334,16434.0,212.0,187.0934,0.9757,1.8731,259.0,61.2975,0.2922,0.4522,16,360,260,590,166.6684
12,18.3346,2,503.2118,333.3533,11425.0,804.0,197.0651,0.8635,2.6761,233.0,73.4526,0.218,0.358,360,704,260,590,166.6684
12,18.3346,3,845.2555,340.1106,11625.0,132.0,203.5058,0.7935,2.768,255.0,78.2228,0.1795,0.3044,704,1048,260,590,166.6684
12,18.7421,1,173.2579,335.9907,17583.0,1908.0,222.1514,0.7877,2.1132,211.0,60.0006,0.344,0.5119,16,360,260,590,166.6684
12,18.7421,2,549.8203,312.4821,12992.0,2541.0,206.7698,0.8774,2.9466,217.0,81.4535,0.1657,0.2842,360,704,260,590,166.6684
12,18.7421,3,907.613,319.0744,11064.0,1956.0,214.3259,0.9332,3.2089,211.0,81.565,0.1187,0.2122,704,1048,260,590,166.6684
12,19.1495,1,186.0807,347.5901,17970.0,630.0,249.8353,0.6098,2.7307,244.0,56.6511,0.3133,0.4771,16,360,260,590,166.6684
12,19.1495,2,591.1364,333.6835,12887.0,1639.0,219.6534,0.9058,3.0575,215.0,87.1496,0.1155,0.207,360,704,260,590,166.6684
12,19.1495,3,930.4857,348.7657,11936.0,723.0,225.475,0.9735,3.0075,232.0,76.5748,0.2942,0.4546,704,1048,260,590,166.6684
12,19.557,1,266.4607,331.8766,11771.0,2116.0,157.9082,0.8368,2.5274,261.0,75.6598,0.0697,0.1303,16,360,260,590,166.6684
12,19.557,2,594.6204,364.6125,11730.0,504.0,217.5272,0.911,3.2986,248.0,56.0496,0.3778,0.5484,360,704,260,590,166.6684
12,19.557,3,925.3062,367.0764,13816.0,635.0,216.2195,0.9912,2.9249,236.0,36.5805,0.6454,0.7845,704,1048,260,590,166.6684
12,19.9644,1,285.9615,379.4361,7487.0,490.0,128.632,0.9437,2.4374,303.0,48.1811,0.1505,0.2616,16,360,260,590,166.6684
12,19.9644,2,616.972,325.1488,9565.0,1434.0,202.9104,0.9371,3.2353,214.0,47.9106,0.4655,0.6353,360,704,260,590,166.6684
12,19.9644,3,937.8369,334.9729,11888.0,1439.0,217.7164,0.9652,2.8581,217.0,46.5589,0.508,0.6737,704,1048,260,590,166.6684
12,20.3718,1,307.9004,339.1644,4458.0,778.0,69.6668,0.8833,1.7326,344.0,26.8405,0.4051,0.5766,16,360,260,590,166.6684
12,20.3718,2,617.1539,330.9447,8555.0,1127.0,144.8637,0.8408,2.5947,261.0,34.9014,0.592,0.7437,360,704,260,590,166.6684
12,20.3718,3,923.5531,371.5811,15260.0,410.0,213.744,0.9999,2.7407,243.0,54.3468,0.4051,0.5766,704,1048,260,590,166.6684
12,20.7793,1,303.8047,337.3674,5085.0,920.0,80.8193,0.9729,2.2044,317.0,20.3996,0.5167,0.6813,16,360,260,590,166.6684
12,20.7793,2,621.5549,357.7699,11454.0,0.0,160.3455,0.9884,1.9839,261.0,37.4877,0.3801,0.5509,360,704,260,590,166.6684
12,20.7793,3,892.0058,367.2034,12826.0,630.0,198.6071,0.9926,2.7031,236.0,60.6951,0.3237,0.4891,704,1048,260,590,166.6684
12,21.1867,1,276.0496,348.6172,10099.0,199.0,167.0877,0.9965,2.4671,263.0,44.5612,0.188,0.3165,16,360,260,590,166.6684
12,21.1867,2,580.8436,331.2934,11377.0,960.0,149.8937,0.9894,1.7964,258.0,56.6778,0.12,0.2143,360,704,260,590,166.6684
12,21.1867,3,890.4039,364.2288,11967.0,291.0,226.9224,0.9221,3.8165,251.0,57.0832,0.4662,0.6359,704,1048,260,590,166.6684
12,21.5941,1,238.8216,330.6525,13714.0,1892.0,190.2928,0.9841,2.1936,207.0,53.3456,0.2029,0.3374,16,360,260,590,166.6684
12,21.5941,2,517.118,325.754,14748.0,1801.0,203.1908,0.894,1.9961,217.0,74.9014,0.089,0.1634,360,704,260,590,166.6684
12,21.5941,3,896.4666,352.0177,12395.0,0.0,220.5424,0.6119,3.5645,264.0,61.2701,0.3607,0.5302,704,1048,260,590,166.6684
12,22.0016,1,198.2329,351.2047,16026.0,1195.0,206.5464,0.9673,2.0585,232.0,68.4389,0.1506,0.2618,16,360,260,590,166.6684
12,22.0016,2,478.3991,343.6914,17461.0,1384.0,214.23,0.9742,2.0451,223.0,79.1011,0.2622,0.4154,360,704,260,590,166.6684
12,22.0016,3,913.5489,324.5623,9410.0,0.0,158.4235,0.5232,2.4861,261.0,48.0924,0.4797,0.6484,704,1048,260,590,166.6684
12,22.409,1,159.5654,324.9673,15367.0,2419.0,240.4863,0.8964,2.6557,214.0,63.4297,0.2649,0.4189,16,360,260,590,166.6684
12,22.409,2,465.1686,331.262,14373.0,1551.0,188.8161,0.8576,2.2447,253.0,53.6861,0.5299,0.6927,360,704,260,590,166.6684
12,22.409,3,932.925,314.3989,7471.0,166.0,124.7757,0.7077,1.9409,254.0,49.7281,0.4345,0.6058,704,1048,260,590,166.6684
12,22.8165,1,120.808,334.7253,13694.0,2198.0,222.0763,0.9115,2.3182,216.0,84.7194,0.2056,0.3411,16,360,260,590,166.6684
12,22.8165,2,451.1546,342.9182,13317.0,1711.0,210.8654,0.9527,2.816,223.0,61.5068,0.4308,0.6022,360,704,260,590,166.6684
12,22.8165,3,927.4966,327.73,7052.0,57.0,132.2701,0.5091,2.4761,273.0,38.0727,0.5233,0.687,704,1048,260,590,166.6684
12,23.2239,1,120.1489,337.1485,12374.0,1610.0,226.9597,0.9393,3.1673,226.0,50.9974,0.5124,0.6776,16,360,260,590,166.6684
12,23.2239,2,455.8261,335.1974,11725.0,960.0,159.3276,0.9896,1.7454,236.0,61.8369,0.5175,0.6821,360,704,260,590,166.6684
12,23.2239,3,944.1844,340.4246,8443.0,392.0,149.0457,0.8061,2.587,271.0,54.6399,0.2754,0.4319,704,1048,260,590,166.6684
12,23.6313,1,115.0568,309.6273,13048.0,3764.0,240.1081,0.988,3.0976,183.0,51.7383,0.51,0.6755,16,360,260,590,166.6684
12,23.6313,2,485.8918,314.4499,9373.0,1145.0,148.5475,0.9973,1.8471,228.0,83.2041,0.1753,0.2983,360,704,260,590,166.6684
12,23.6313,3,946.708,377.8196,10005.0,136.0,161.1956,0.8847,2.5983,289.0,49.5898,0.2867,0.4457,704,1048,260,590,166.6684
12,24.0388,1,146.8629,365.9814,13746.0,559.0,216.7912,0.999,2.4261,242.0,75.0382,0.1606,0.2767,16,360,260,590,166.6684
12,24.0388,2,518.0518,318.4507,8473.0,784.0,144.4134,0.9972,1.9714,236.0,64.9168,0.3251,0.4906,360,704,260,590,166.6684
12,24.0388,3,943.8424,403.0871,10230.0,0.0,180.6814,0.9002,3.0175,286.0,34.702,0.499,0.6658,704,1048,260,590,166.6684
12,24.4462,1,183.6436,331.3445,15842.0,3341.0,215.1355,0.9965,2.8403,189.0,81.0322,0.1056,0.191,16,360,260,590,166.6684
12,24.4462,2,533.8874,325.1455,12134.0,1198.0,178.6596,0.8178,2.2879,240.0,61.0729,0.3425,0.5102,360,704,260,590,166.6684
12,24.4462,3,946.5037,376.1229,8495.0,0.0,152.0996,0.8579,2.6718,282.0,44.2322,0.3606,0.5301,704,1048,260,590,166.6684
12,24.8536,1,231.5145,331.6096,14002.0,2367.0,234.1013,0.9671,3.0459,218.0,80.7435,0.1655,0.2839,16,360,260,590,166.6684
12,24.8536,2,541.6242,324.1365,13195.0,1366.0,200.0381,0.6777,2.5367,229.0,42.4956,0.6043,0.7534,360,704,260,590,166.6684
12,24.8536,3,970.8389,312.9255,4146.0,29.0,107.3536,0.9842,2.4064,267.0,44.3153,0.2906,0.4503,704,1048,260,590,166.6684
12,25.2611,1,261.491,330.4993,14940.0,3050.0,231.7594,0.9499,3.0979,207.0,77.6505,0.2702,0.4255,16,360,260,590,166.6684
12,25.2611,2,541.1447,326.0072,13118.0,1477.0,208.1194,0.81,2.6175,224.0,48.2574,0.5146,0.6795,360,704,260,590,166.6684
12,25.2611,3,933.0209,303.7573,7459.0,501.0,160.1722,0.6256,2.5862,245.0,71.4926,0.2231,0.3648,704,1048,260,590,166.6684
12,25.6685,1,278.6571,352.3175,13783.0,2050.0,218.7116,0.9953,3.3375,207.0,53.3047,0.3358,0.5027,16,360,260,590,166.6684
12,25.6685,2,558.1201,349.0636,12502.0,940.0,202.4275,0.958,2.8111,232.0,60.5793,0.3592,0.5285,360,704,260,590,166.6684
12,25.6685,3,880.8799,317.5262,11292.0,950.0,205.2026,0.6673,2.8252,234.0,93.5416,0.0988,0.1798,704,1048,260,590,166.6684
12,26.0759,1,280.7126,376.2929,11833.0,497.0,204.7253,0.9796,3.457,249.0,32.8255,0.5395,0.7009,16,360,260,590,166.6684
12,26.0759,2,580.7959,346.0404,11968.0,888.0,222.2662,0.9214,3.2579,238.0,53.9212,0.467,0.6367,360,704,260,590,166.6684
12,26.0759,3,853.7416,342.5179,11402.0,675.0,208.3956,0.8776,2.724,237.0,81.1128,0.2571,0.409,704,1048,260,590,166.6684
12,26.4834,1,282.8314,363.8677,7143.0,739.0,96.058,0.8329,1.6294,309.0,45.0231,0.3355,0.5024,16,360,260,590,166.6684
12,26.4834,2,588.5405,340.7269,12362.0,1046.0,218.3584,0.8149,3.4489,233.0,50.1201,0.452,0.6226,360,704,260,590,166.6684
12,26.4834,3,833.0414,360.7919,12063.0,664.0,222.1437,1.0,3.243,232.0,70.3187,0.3633,0.533,704,1048,260,590,166.6684
12,26.8908,1,286.631,381.7053,5976.0,0.0,116.9983,0.8997,2.0931,310.0,40.5893,0.4093,0.5808,16,360,260,590,166.6684
12,26.8908,2,598.9611,347.6358,10742.0,1053.0,207.3234,0.9137,3.2297,229.0,60.6532,0.3341,0.5009,360,704,260,590,166.6684
12,26.8908,3,821.1143,346.576,12937.0,1163.0,197.278,0.9864,2.603,224.0,51.8909,0.4155,0.587,704,1048,260,590,166.6684
12,27.2983,1,296.9683,335.0508,7168.0,851.0,147.8589,0.9308,2.9038,261.0,37.6755,0.3337,0.5005,16,360,260,590,166.6684
12,27.2983,2,590.6949,389.7618,9742.0,27.0,179.3106,0.8663,3.376,281.0,55.356,0.2911,0.4509,360,704,260,590,166.6684
12,27.2983,3,814.419,355.9633,11994.0,763.0,207.2421,0.9974,3.007,231.0,55.8552,0.4137,0.5853,704,1048,260,590,166.6684
12,27.7057,1,279.1019,357.6049,11172.0,1347.0,162.3407,0.9117,2.4305,260.0,27.0516,0.4924,0.6599,16,360,260,590,166.6684
12,27.7057,2,616.9496,348.1739,7664.0,221.0,147.6739,0.9072,2.783,265.0,45.923,0.3608,0.5303,360,704,260,590,166.6684
12,27.7057,3,810.2354,361.6366,12722.0,542.0,207.8258,0.9928,2.9513,241.0,40.6123,0.6182,0.764,704,1048,260,590,166.6684
12,28.1131,1,270.2513,347.3214,11904.0,746.0,203.7022,0.9976,2.758,234.0,35.1612,0.3156,0.4798,16,360,260,590,166.6684
12,28.1131,2,619.7271,322.9254,8068.0,618.0,143.5705,0.7661,2.3411,264.0,37.814,0.4744,0.6435,360,704,260,590,166.6684
12,28.1131,3,818.1032,352.2922,12302.0,952.0,208.35,0.9615,3.2707,230.0,58.6112,0.3982,0.5696,704,1048,260,590,166.6684
12,28.5206,1,209.1083,304.4834,12134.0,2011.0,216.3469,0.6653,2.9131,225.0,65.963,0.1387,0.2436,16,360,260,590,166.6684
12,28.5206,2,606.7797,358.0247,9889.0,0.0,170.199,0.861,2.6003,264.0,38.8044,0.4459,0.6168,360,704,260,590,166.6684
12,28.5206,3,822.8282,355.3555,10650.0,61.0,193.6622,0.8698,3.3129,257.0,44.4497,0.5406,0.7018,704,1048,260,590,166.6684
12,28.928,1,165.8446,304.309,13718.0,3084.0,248.0173,0.8222,3.0503,191.0,84.3773,0.2268,0.3697,16,360,260,590,166.6684
12,28.928,2,610.6312,321.708,8602.0,289.0,127.1804,0.9977,1.6419,262.0,44.1783,0.3289,0.4949,360,704,260,590,166.6684
12,28.928,3,803.2336,324.5083,10353.0,244.0,181.094,0.4895,2.6671,250.0,68.7479,0.3053,0.4678,704,1048,260,590,166.6684
12,29.3354,1,150.777,347.7268,14069.0,1411.0,219.704,0.9923,2.5638,229.0,77.5822,0.2518,0.4023,16,360,260,590,166.6684
12,29.3354,2,576.6792,323.6392,9282.0,552.0,150.1134,0.9963,1.8988,240.0,51.4931,0.3116,0.4752,360,704,260,590,166.6684
12,29.3354,3,808.272,335.57,11129.0,380.0,214.047,0.5432,3.6088,269.0,60.0864,0.418,0.5896,704,1048,260,590,166.6684
12,29.7429,1,169.1804,352.1972,14381.0,1332.0,208.1761,0.9118,2.8855,222.0,67.8318,0.272,0.4276,16,360,260,590,166.6684
12,29.7429,2,561.7377,329.5213,9852.0,528.0,130.4532,0.9218,1.6193,260.0,43.2867,0.4525,0.6231,360,704,260,590,166.6684
12,29.7429,3,800.6362,350.8926,11002.0,0.0,210.9549,0.6332,3.443,271.0,59.854,0.4286,0.6001,704,1048,260,590,166.6684
12,30.1503,1,218.8894,320.942,15730.0,3832.0,236.3534,0.9406,2.9475,192.0,79.8124,0.1851,0.3124,16,360,260,590,166.6684
12,30.1503,2,562.1899,343.8768,11061.0,455.0,151.6225,0.9492,1.9071,244.0,36.6551,0.5611,0.7189,360,704,260,590,166.6684
12,30.1503,3,785.1585,346.2777,11515.0,625.0,150.5509,0.8451,2.2019,270.0,60.8571,0.4116,0.5832,704,1048,260,590,166.6684
12,30.5577,1,252.5031,358.4983,13719.0,794.0,220.2155,0.8779,3.0966,240.0,83.6758,0.1044,0.1891,16,360,260,590,166.6684
12,30.5577,2,549.6092,356.6181,12675.0,85.0,160.5771,0.9655,1.7703,257.0,50.1956,0.4235,0.595,360,704,260,590,166.6684
12,30.5577,3,773.5592,346.5246,10984.0,296.0,175.7691,0.8725,2.6493,267.0,36.4604,0.5934,0.7448,704,1048,260,590,166.6684
12,30.9652,1,278.6089,346.6902,9236.0,1395.0,197.4922,0.9349,3.7052,224.0,58.4902,0.2959,0.4567,16,360,260,590,166.6684
12,30.9652,2,538.8555,339.9917,11525.0,146.0,153.0412,0.8599,1.9093,255.0,46.5446,0.5348,0.6969,360,704,260,590,166.6684
12,30.9652,3,783.4439,366.076,12072.0,0.0,161.4264,0.9856,1.9346,270.0,54.0424,0.4494,0.6201,704,1048,260,590,166.6684
12,31.3726,1,292.783,380.5412,6111.0,556.0,83.5106,0.9374,2.0195,345.0,45.7292,0.1482,0.2582,16,360,260,590,166.6684
12,31.3726,2,555.3477,308.5735,11018.0,121.0,187.5166,0.4106,2.7203,257.0,56.1648,0.365,0.5348,360,704,260,590,166.6684
12,31.3726,3,792.6214,342.816,12005.0,0.0,178.5137,0.8747,1.9553,261.0,57.9173,0.4473,0.6181,704,1048,260,590,166.6684
12,31.7801,1,304.3467,384.6643,3363.0,0.0,50.1572,0.9943,1.989,359.0,27.5378,0.3412,0.5088,16,360,260,590,166.6684
12,31.7801,2,579.2749,305.0214,10464.0,349.0,174.6633,0.4394,2.32,251.0,43.5738,0.4894,0.6572,360,704,260,590,166.6684
12,31.7801,3,828.0789,316.2213,9219.0,64.0,111.5808,0.8069,1.2647,270.0,75.2173,0.26,0.4127,704,1048,260,590,166.6684
12,32.1875,1,316.7227,285.5206,3805.0,1663.0,57.6909,0.9757,1.9507,214.0,22.5341,0.2412,0.3887,16,360,260,590,166.6684
12,32.1875,2,584.6768,320.9348,8594.0,233.0,135.7059,0.3666,2.4046,275.0,48.0069,0.3512,0.5198,360,704,260,590,166.6684
12,32.1875,3,850.6282,341.1277,10758.0,0.0,161.9277,0.5559,2.0997,287.0,58.2874,0.2499,0.3999,704,1048,260,590,166.6684
12,32.5949,1,297.9671,393.0224,5662.0,97.0,159.2786,0.9966,5.1617,288.0,27.4371,0.2599,0.4126,16,360,260,590,166.6684
12,32.5949,2,585.7978,321.2122,7338.0,393.0,103.2367,0.5315,2.0132,272.0,34.8143,0.4943,0.6616,360,704,260,590,166.6684
12,32.5949,3,860.6846,342.2794,12205.0,401.0,151.956,0.6999,2.0266,289.0,40.1295,0.4948,0.662,704,1048,260,590,166.6684
12,33.0024,1,278.4394,353.3732,11450.0,1155.0,176.4932,0.9999,2.6331,230.0,48.5989,0.1332,0.2352,16,360,260,590,166.6684
12,33.0024,2,603.3568,304.7392,6192.0,502.0,95.9591,0.9829,1.6212,245.0,38.6092,0.3498,0.5183,360,704,260,590,166.6684
12,33.0024,3,898.6287,331.1582,11843.0,481.0,227.3554,0.582,3.3991,248.0,52.0422,0.3065,0.4692,704,1048,260,590,166.6684
12,33.4098,1,261.6156,347.9302,14160.0,2069.0,216.5589,0.9975,2.8525,206.0,39.2895,0.3863,0.5574,16,360,260,590,166.6684
12,33.4098,2,614.5626,304.7673,7026.0,655.0,123.4886,0.9253,1.6661,246.0,46.0927,0.3539,0.5228,360,704,260,590,166.6684
12,33.4098,3,929.5235,349.4721,12123.0,785.0,180.2551,0.7352,2.3536,273.0,61.0618,0.1801,0.3052,704,1048,260,590,166.6684
12,33.8172,1,263.189,344.145,11845.0,915.0,207.9821,0.8929,3.1489,241.0,34.069,0.4094,0.581,16,360,260,590,166.6684
12,33.8172,2,609.3604,299.4419,7300.0,827.0,106.9984,0.9653,1.3344,240.0,36.5974,0.5555,0.7142,360,704,260,590,166.6684
12,33.8172,3,934.5454,380.8681,13116.0,369.0,192.9708,0.9939,2.7339,272.0,47.2501,0.2534,0.4044,704,1048,260,590,166.6684
12,34.2247,1,263.004,385.8778,6292.0,0.0,88.9468,0.801,1.4558,311.0,50.9761,0.127,0.2254,16,360,260,590,166.6684
12,34.2247,2,595.1183,317.7519,9758.0,1017.0,141.9634,0.9361,1.7959,239.0,42.0816,0.4743,0.6435,360,704,260,590,166.6684
12,34.2247,3,948.8049,362.6721,10548.0,79.0,176.1417,0.9187,2.6912,256.0,42.5488,0.3252,0.4908,704,1048,260,590,166.6684
12,34.6321,1,291.4039,449.3448,3669.0,0.0,58.594,0.8905,1.6717,368.0,37.6805,0.0604,0.1138,16,360,260,590,166.6684
12,34.6321,2,572.5143,321.011,11234.0,1111.0,162.5482,0.7658,2.2245,239.0,43.9389,0.4549,0.6254,360,704,260,590,166.6684
12,34.6321,3,946.4856,341.1671,8720.0,48.0,144.4388,0.8456,2.1887,262.0,33.5502,0.5193,0.6836,704,1048,260,590,166.6684
12,35.0396,1,302.3785,387.5566,3067.0,0.0,73.8934,0.9581,1.664,346.0,26.3884,0.3037,0.4659,16,360,260,590,166.6684
12,35.0396,2,568.3469,320.5784,10846.0,627.0,141.2208,0.6862,1.7761,247.0,38.2165,0.5774,0.7321,360,704,260,590,166.6684
12,35.0396,3,934.5423,341.0921,8552.0,53.0,146.1239,0.9654,2.1425,256.0,35.281,0.483,0.6513,704,1048,260,590,166.6684
12,35.447,1,304.8834,387.0999,3534.0,0.0,63.2092,0.9301,1.8753,356.0,22.5172,0.4715,0.6408,16,360,260,590,166.6684
12,35.447,2,583.7448,308.2865,11136.0,1976.0,176.3534,0.8568,2.4497,210.0,46.6119,0.4356,0.6069,360,704,260,590,166.6684
12,35.447,3,908.4995,352.7015,10101.0,86.0,157.6948,0.9807,2.1638,255.0,49.0901,0.3687,0.5388,704,1048,260,590,166.6684
12,35.8544,1,296.3749,337.9594,8715.0,842.0,169.0286,0.9836,3.1329,258.0,42.2629,0.2261,0.3688,16,360,260,590,166.6684
12,35.8544,2,581.4434,347.8213,12815.0,1255.0,201.2497,0.9412,2.8785,225.0,54.214,0.3747,0.5451,360,704,260,590,166.6684
12,35.8544,3,907.8297,352.7902,10029.0,224.0,172.7148,0.9949,2.4538,250.0,40.4686,0.5084,0.6741,704,1048,260,590,166.6684
12,36.2619,1,288.9072,321.7707,9661.0,1914.0,203.6259,0.9576,3.3664,209.0,31.1139,0.4676,0.6372,16,360,260,590,166.6684
12,36.2619,2,584.8738,355.4978,12041.0,49.0,209.2939,0.8603,3.0627,257.0,43.5039,0.4876,0.6555,360,704,260,590,166.6684
12,36.2619,3,901.9472,357.6178,10132.0,79.0,181.8401,0.9999,2.5295,255.0,44.1773,0.5709,0.7268,704,1048,260,590,166.6684
12,36.6693,1,287.1825,378.9822,9381.0,675.0,175.2464,0.9852,3.7988,262.0,38.8044,0.2742,0.4304,16,360,260,590,166.6684
12,36.6693,2,592.5106,324.1714,11221.0,950.0,186.0258,0.7423,2.7496,235.0,53.2515,0.4063,0.5779,360,704,260,590,166.6684
12,36.6693,3,888.2902,365.4826,12610.0,180.0,196.9604,0.9609,2.6627,251.0,54.1347,0.468,0.6376,704,1048,260,590,166.6684
12,37.0767,1,264.2434,331.1819,12735.0,1109.0,197.4538,0.9738,2.3019,232.0,46.987,0.1671,0.2864,16,360,260,590,166.6684
12,37.0767,2,594.5947,334.6088,12128.0,1188.0,194.7561,0.8401,2.6587,226.0,48.4124,0.4785,0.6473,360,704,260,590,166.6684
12,37.0767,3,875.8357,368.8954,12443.0,299.0,201.93,0.9362,2.8335,248.0,36.9465,0.6109,0.7585,704,1048,260,590,166.6684
12,37.4842,1,221.5513,313.2856,12841.0,2003.0,217.6739,0.7605,2.6837,224.0,54.7983,0.2507,0.4008,16,360,260,590,166.6684
12,37.4842,2,584.0097,367.592,11780.0,179.0,191.987,0.6575,2.8953,283.0,54.2915,0.3959,0.5673,360,704,260,590,166.6684
12,37.4842,3,871.4555,370.0479,15777.0,1130.0,222.3834,0.9979,2.9514,227.0,45.362,0.4965,0.6636,704,1048,260,590,166.6684
12,37.8916,1,169.5198,305.0041,13870.0,3460.0,245.9569,0.837,3.6088,199.0,74.2335,0.1915,0.3214,16,360,260,590,166.6684
12,37.8916,2,594.9907,360.644,11025.0,238.0,195.9459,0.8502,3.0272,251.0,47.9624,0.4894,0.6571,360,704,260,590,166.6684
12,37.8916,3,862.9032,375.0074,14508.0,413.0,198.6448,0.9977,2.4657,244.0,39.5515,0.5284,0.6914,704,1048,260,590,166.6684
12,38.299,1,123.4729,318.1842,16104.0,3660.0,251.0495,0.9235,2.9114,191.0,89.4308,0.1228,0.2188,16,360,260,590,166.6684
12,38.299,2,617.3651,331.3307,9311.0,1683.0,195.2088,0.9264,3.2759,215.0,46.7306,0.4539,0.6244,360,704,260,590,166.6684
12,38.299,3,861.6382,380.7518,13619.0,280.0,205.5973,1.0,2.6161,248.0,43.9184,0.549,0.7089,704,1048,260,590,166.6684
12,38.7065,1,108.0427,361.378,14932.0,2043.0,253.2137,0.9873,3.3791,220.0,61.0046,0.3385,0.5058,16,360,260,590,166.6684
12,38.7065,2,611.0134,388.4127,8905.0,0.0,167.1043,0.8338,3.3731,281.0,48.5717,0.2861,0.4449,360,704,260,590,166.6684
12,38.7065,3,861.698,375.6486,14807.0,355.0,216.1448,0.9665,2.7408,248.0,43.8619,0.5423,0.7032,704,1048,260,590,166.6684
12,39.1139,1,105.0647,352.3296,15605.0,3023.0,235.2309,0.9751,3.1151,199.0,47.2358,0.4804,0.649,16,360,260,590,166.6684
12,39.1139,2,622.6418,334.3435,11018.0,792.0,144.8069,0.9488,1.815,262.0,48.6171,0.3014,0.4632,360,704,260,590,166.6684
12,39.1139,3,873.2969,358.4534,13195.0,69.0,206.0705,0.8758,2.6753,257.0,49.9145,0.5044,0.6706,704,1048,260,590,166.6684
12,39.5214,1,105.3534,330.9161,14252.0,2688.0,231.7212,0.9931,3.0671,211.0,35.9567,0.5892,0.7415,16,360,260,590,166.6684
12,39.5214,2,603.3442,323.4072,13810.0,1648.0,192.8555,0.9705,1.8862,208.0,36.305,0.424,0.5955,360,704,260,590,166.6684
12,39.5214,3,892.6453,345.7444,13435.0,67.0,216.5198,0.6228,3.0781,258.0,57.7001,0.4315,0.6029,704,1048,260,590,166.6684
12,39.9288,1,119.7634,337.2574,15488.0,2049.0,202.7361,0.9995,2.3041,224.0,47.7058,0.5323,0.6948,16,360,260,590,166.6684
12,39.9288,2,577.3381,375.1483,14697.0,0.0,207.2309,0.8302,2.4331,261.0,56.7779,0.1646,0.2827,360,704,260,590,166.6684
12,39.9288,3,911.1731,333.5311,11803.0,25.0,196.8291,0.5679,2.9161,259.0,53.1979,0.467,0.6367,704,1048,260,590,166.6684
12,40.3362,1,128.0452,308.3145,16293.0,4750.0,234.0094,0.9999,3.0448,176.0,55.8385,0.4382,0.6094,16,360,260,590,166.6684
12,40.3362,2,536.424,322.8765,12982.0,1398.0,187.6189,0.9362,2.1794,219.0,46.9042,0.381,0.5518,360,704,260,590,166.6684
12,40.3362,3,916.834,341.5004,12043.0,827.0,218.1145,0.7907,3.2413,235.0,57.7927,0.4282,0.5996,704,1048,260,590,166.6684
12,40.7437,1,168.2902,334.0105,15867.0,1605.0,214.9309,0.9778,2.3846,226.0,72.5153,0.2359,0.3817,16,360,260,590,166.6684
12,40.7437,2,493.6959,333.7626,16040.0,1903.0,183.5751,0.98,1.7618,214.0,78.3884,0.265,0.4189,360,704,260,590,166.6684
12,40.7437,3,917.6667,362.7694,12267.0,261.0,205.195,0.9272,3.0605,252.0,47.811,0.4355,0.6067,704,1048,260,590,166.6684
12,41.1511,1,214.7264,328.3573,18303.0,2082.0,190.9119,0.9871,1.9019,201.0,72.6463,0.3136,0.4774,16,360,260,590,166.6684
12,41.1511,2,470.9027,368.118,18680.0,247.0,226.8082,1.0,1.8784,256.0,65.6435,0.3382,0.5054,360,704,260,590,166.6684
12,41.1511,3,931.9377,358.8983,13066.0,427.0,199.561,0.9924,2.5749,247.0,38.7599,0.4824,0.6509,704,1048,260,590,166.6684
12,41.5585,1,224.8514,340.2019,19062.0,3015.0,275.0122,0.9849,2.8864,203.0,59.0592,0.3659,0.5357,16,360,260,590,166.6684
12,41.5585,2,470.7195,329.9132,12159.0,745.0,181.1999,0.8369,2.2848,243.0,58.6653,0.4873,0.6553,360,704,260,590,166.6684
12,41.5585,3,915.5264,336.086,10894.0,378.0,173.0695,0.9583,2.1887,250.0,55.848,0.3683,0.5383,704,1048,260,590,166.6684
12,41.966,1,244.3438,360.7912,19363.0,2834.0,245.9934,0.9998,2.8556,209.0,40.3377,0.4779,0.6467,16,360,260,590,166.6684
12,41.966,2,475.0102,303.0379,12051.0,2367.0,183.8166,0.8367,2.4134,202.0,53.6903,0.4649,0.6347,360,704,260,590,166.6684
12,41.966,3,877.6055,322.5683,12252.0,1647.0,206.9603,0.9155,2.9202,219.0,78.5636,0.2436,0.3918,704,1048,260,590,166.6684
12,42.3734,1,235.5213,342.9517,20896.0,4281.0,340.7563,0.9952,4.0814,197.0,35.3089,0.5199,0.6841,16,360,260,590,166.6684
12,42.3734,2,483.8989,341.2125,11955.0,197.0,155.4855,1.0,1.4257,253.0,58.877,0.3395,0.5069,360,704,260,590,166.6684
12,42.3734,3,843.1413,350.5753,14002.0,808.0,229.5311,0.9242,2.772,235.0,90.6575,0.1262,0.224,704,1048,260,590,166.6684
12,42.7808,1,254.561,334.7675,22648.0,4589.0,240.1673,0.9505,2.2241,215.0,43.4664,0.4365,0.6077,16,360,260,590,166.6684
12,42.7808,2,497.4582,316.6821,10100.0,1191.0,158.2687,0.9331,2.0396,231.0,64.4407,0.3108,0.4743,360,704,260,590,166.6684
12,42.7808,3,819.8145,364.2989,14912.0,828.0,215.6559,0.9985,2.8517,233.0,54.4423,0.4101,0.5817,704,1048,260,590,166.6684
12,43.1883,1,258.9194,330.2011,13283.0,1775.0,205.0316,0.8632,2.9479,222.0,48.7189,0.3822,0.553,16,360,260,590,166.6684
12,43.1883,2,523.4434,326.7598,10543.0,990.0,172.5465,0.9366,2.3196,233.0,61.0913,0.3722,0.5425,360,704,260,590,166.6684
12,43.1883,3,815.4048,356.4911,12699.0,827.0,203.6763,0.954,2.7916,230.0,49.3881,0.3664,0.5363,704,1048,260,590,166.6684
12,43.5957,1,275.8929,351.7372,9754.0,1236.0,206.5935,0.9173,3.5774,228.0,67.9818,0.2163,0.3557,16,360,260,590,166.6684
12,43.5957,2,529.8648,333.2991,12553.0,627.0,186.888,0.748,2.4716,248.0,54.7975,0.4444,0.6153,360,704,260,590,166.6684
12,43.5957,3,819.6324,352.3268,12899.0,805.0,203.6953,0.9658,2.6593,234.0,39.2951,0.5992,0.7494,704,1048,260,590,166.6684
12,44.0032,1,285.8994,389.0462,7056.0,588.0,102.2079,0.8997,2.2731,336.0,47.694,0.2066,0.3424,16,360,260,590,166.6684
12,44.0032,2,566.949,314.7646,13873.0,1549.0,176.3584,0.7786,2.1225,223.0,59.1631,0.431,0.6024,360,704,260,590,166.6684
12,44.0032,3,821.1464,338.1173,10805.0,499.0,203.9722,0.8996,3.2666,247.0,68.6444,0.3025,0.4645,704,1048,260,590,166.6684
12,44.4106,1,308.3857,296.6911,5849.0,1826.0,117.9108,0.9846,3.0298,272.0,35.0904,0.2697,0.4248,16,360,260,590,166.6684
12,44.4106,2,586.1095,327.5564,13748.0,1888.0,215.1229,0.9052,2.8901,209.0,61.145,0.345,0.513,360,704,260,590,166.6684
12,44.4106,3,800.8235,336.4695,11179.0,693.0,159.9094,0.8022,1.9937,238.0,67.7291,0.3911,0.5623,704,1048,260,590,166.6684
12,44.818,1,309.9719,316.5688,4664.0,1074.0,111.1535,0.9753,3.3702,300.0,23.8314,0.5589,0.717,16,360,260,590,166.6684
12,44.818,2,585.7974,366.0674,13422.0,99.0,184.8532,0.8956,2.4331,259.0,55.7241,0.3491,0.5175,360,704,260,590,166.6684
12,44.818,3,776.7639,343.1568,12138.0,1474.0,191.2371,0.7531,2.5346,267.0,87.8261,0.1826,0.3088,704,1048,260,590,166.6684
12,45.2255,1,286.4039,356.7387,10388.0,249.0,183.8075,0.9531,3.179,261.0,37.8601,0.2179,0.3578,16,360,260,590,166.6684
12,45.2255,2,597.0171,320.0095,12256.0,1232.0,196.1477,0.788,2.542,236.0,65.3389,0.2878,0.4469,360,704,260,590,166.6684
12,45.2255,3,765.3366,378.0784,12669.0,25.0,188.0436,0.9762,2.5103,268.0,60.4847,0.3542,0.5232,704,1048,260,590,166.6684
12,45.6329,1,255.4793,299.2313,11502.0,3052.0,216.4847,0.9566,3.3362,194.0,50.5658,0.2359,0.3817,16,360,260,590,166.6684
12,45.6329,2,534.3245,301.1051,14156.0,2382.0,229.6736,0.6164,2.7677,211.0,75.7302,0.1726,0.2943,360,704,260,590,166.6684
12,45.6329,3,776.4545,367.1586,15707.0,639.0,178.7687,0.9256,2.0491,267.0,62.0117,0.4332,0.6045,704,1048,260,590,166.6684
12,46.0403,1,253.1129,313.8214,14174.0,2661.0,206.2695,0.9035,2.6211,227.0,55.9228,0.2989,0.4603,16,360,260,590,166.6684
12,46.0403,2,513.4879,337.0731,13070.0,1120.0,210.3367,0.7875,2.4288,227.0,80.7851,0.2709,0.4263,360,704,260,590,166.6684
12,46.0403,3,776.4467,366.5292,17059.0,693.0,187.3879,0.9632,1.9592,268.0,42.8513,0.5618,0.7195,704,1048,260,590,166.6684
12,46.4478,1,277.5063,334.5943,14182.0,2696.0,234.66,0.9867,3.3318,206.0,57.8207,0.3212,0.4862,16,360,260,590,166.6684
12,46.4478,2,503.2864,334.686,12204.0,499.0,179.0372,0.9034,2.3113,249.0,74.5428,0.25,0.4,360,704,260,590,166.6684
12,46.4478,3,789.7006,370.1912,16121.0,252.0,182.5457,0.9845,1.794,268.0,55.2881,0.4293,0.6007,704,1048,260,590,166.6684
12,46.8552,1,288.3946,366.2786,11815.0,769.0,217.804,0.9865,3.7291,241.0,55.1431,0.3802,0.551,16,360,260,590,166.6684
12,46.8552,2,513.7253,310.6984,12410.0,917.0,170.2757,0.6746,2.0344,245.0,54.3198,0.508,0.6738,360,704,260,590,166.6684
12,46.8552,3,838.0075,347.1634,15565.0,1296.0,194.6027,0.8991,2.2611,223.0,79.2775,0.176,0.2993,704,1048,260,590,166.6684
12,47.2626,1,272.6084,362.8542,11663.0,1193.0,201.0457,0.9416,3.0575,229.0,46.1049,0.3849,0.5558,16,360,260,590,166.6684
12,47.2626,2,541.0945,302.58,13105.0,2244.0,183.1032,0.7214,2.2783,228.0,56.5126,0.4524,0.623,360,704,260,590,166.6684
12,47.2626,3,896.8399,358.424,15463.0,850.0,183.7171,0.8966,2.0732,270.0,65.5478,0.0881,0.1619,704,1048,260,590,166.6684
12,47.6701,1,280.9929,366.9657,9841.0,1061.0,169.7296,0.9602,2.7382,266.0,38.1893,0.443,0.614,16,360,260,590,166.6684
12,47.6701,2,561.7896,320.5475,12907.0,568.0,199.2547,0.5083,2.8107,249.0,56.5277,0.3816,0.5524,360,704,260,590,166.6684
12,47.6701,3,923.8586,366.2119,12622.0,473.0,214.5633,0.8475,3.071,249.0,48.6042,0.2524,0.4031,704,1048,260,590,166.6684
12,48.0775,1,282.3585,386.343,10766.0,262.0,201.0633,0.9794,3.3919,262.0,36.9875,0.4171,0.5886,16,360,260,590,166.6684
12,48.0775,2,577.3393,320.4228,11358.0,287.0,186.0931,0.5393,2.3731,250.0,42.0156,0.6203,0.7656,360,704,260,590,166.6684
12,48.0775,3,956.395,349.6076,11244.0,1359.0,169.6699,0.9417,2.7018,264.0,42.5231,0.2602,0.4129,704,1048,260,590,166.6684
12,48.485,1,284.4486,336.617,11414.0,1689.0,196.2413,0.9996,2.9789,211.0,39.3545,0.4155,0.5871,16,360,260,590,166.6684
12,48.485,2,588.1253,329.7233,11254.0,460.0,171.9415,0.535,2.4874,261.0,58.6325,0.4228,0.5943,360,704,260,590,166.6684
12,48.485,3,951.6407,381.2509,11142.0,199.0,193.3085,0.9677,3.0479,273.0,29.5266,0.5283,0.6913,704,1048,260,590,166.6684
12,48.8924,1,276.2645,365.5154,9185.0,586.0,151.1117,0.9142,2.6891,275.0,37.9804,0.4053,0.5768,16,360,260,590,166.6684
12,48.8924,2,590.1697,343.0828,12322.0,671.0,203.9664,0.7221,2.872,243.0,43.8273,0.5158,0.6806,360,704,260,590,166.6684
12,48.8924,3,954.8256,332.1906,12254.0,1096.0,147.8459,0.9629,1.6553,261.0,44.7332,0.3528,0.5215,704,1048,260,590,166.6684
12,49.2998,1,292.6891,404.4567,4898.0,0.0,84.498,0.8607,2.1686,335.0,40.3057,0.1358,0.2392,16,360,260,590,166.6684
12,49.2998,2,587.063,357.0181,11189.0,0.0,185.7768,0.6214,2.795,277.0,41.4223,0.5497,0.7095,360,704,260,590,166.6684
12,49.2998,3,944.7337,341.4225,14699.0,1091.0,154.1754,0.8925,1.5788,269.0,31.6166,0.5782,0.7328,704,1048,260,590,166.6684
12,49.7073,1,290.9369,398.2622,8515.0,276.0,186.9103,0.9992,4.7745,264.0,31.9056,0.2732,0.4291,16,360,260,590,166.6684
12,49.7073,2,605.8886,322.0746,9274.0,355.0,146.5595,0.7461,2.0479,248.0,54.2347,0.3569,0.526,360,704,260,590,166.6684
12,49.7073,3,926.0922,367.7138,15093.0,128.0,160.637,0.9705,1.6263,284.0,40.3136,0.361,0.5305,704,1048,260,590,166.6684
12,50.1147,1,258.5663,302.2638,14019.0,3283.0,186.862,0.9396,2.2863,228.0,44.9696,0.0594,0.1121,16,360,260,590,166.6684
12,50.1147,2,593.7442,319.3808,10423.0,518.0,155.0273,0.67,2.1944,243.0,35.2036,0.6056,0.7543,360,704,260,590,166.6684
12,50.1147,3,888.2366,336.8269,12741.0,1043.0,195.5314,0.9246,2.3259,228.0,51.602,0.2899,0.4495,704,1048,260,590,166.6684
12,50.5221,1,193.4989,302.4125,14395.0,2258.0,185.9666,0.8462,2.2125,204.0,49.9971,0.1586,0.2737,16,360,260,590,166.6684
12,50.5221,2,585.6458,337.6646,10182.0,0.0,165.9115,0.4737,2.639,270.0,39.2056,0.4811,0.6496,360,704,260,590,166.6684
12,50.5221,3,843.6288,359.5342,16369.0,973.0,190.7293,0.9918,1.9509,227.0,61.962,0.2653,0.4193,704,1048,260,590,166.6684
12,50.9296,1,157.7843,344.2263,20448.0,1309.0,242.5568,0.8427,1.7657,255.0,72.3796,0.1937,0.3245,16,360,260,590,166.6684
12,50.9296,2,590.4039,335.1198,10789.0,188.0,179.5932,0.5456,2.7821,254.0,29.7051,0.6417,0.7817,360,704,260,590,166.6684
12,50.9296,3,832.2632,372.3491,16001.0,225.0,207.4777,0.9693,2.3144,250.0,45.3644,0.4909,0.6585,704,1048,260,590,166.6684
12,51.337,1,150.8531,351.9166,21044.0,1984.0,227.5186,0.9273,2.0451,232.0,37.9465,0.5799,0.7341,16,360,260,590,166.6684
12,51.337,2,598.0168,324.742,9935.0,267.0,157.4595,0.6456,2.3258,250.0,43.2604,0.5729,0.7284,360,704,260,590,166.6684
12,51.337,3,850.6126,349.0193,14887.0,623.0,209.0834,0.7804,2.3593,245.0,42.0713,0.5039,0.6701,704,1048,260,590,166.6684
12,51.7445,1,135.908,346.5253,23554.0,2457.0,206.9837,1.0,1.5009,212.0,43.9967,0.5034,0.6697,16,360,260,590,166.6684
12,51.7445,2,628.226,300.6183,6461.0,609.0,109.1679,0.8707,1.6524,242.0,48.0359,0.4846,0.6528,360,704,260,590,166.6684
12,51.7445,3,901.1043,332.2299,12495.0,868.0,214.43,0.5977,2.9116,233.0,63.3339,0.1009,0.1833,704,1048,260,590,166.6684
12,52.1519,1,154.523,377.3463,19890.0,291.0,255.64,0.999,1.9631,249.0,56.5029,0.3423,0.51,16,360,260,590,166.6684
12,52.1519,2,613.0971,322.1389,7046.0,616.0,123.3145,1.0,2.0658,240.0,32.9206,0.461,0.6311,360,704,260,590,166.6684
12,52.1519,3,936.8695,372.1931,9529.0,675.0,150.7722,0.9108,2.3064,281.0,46.9034,0.0788,0.146,704,1048,260,590,166.6684
12,52.5593,1,173.3041,342.6594,17304.0,2140.0,209.1868,0.9986,2.148,218.0,52.3417,0.498,0.6649,16,360,260,590,166.6684
12,52.5593,2,617.0373,331.2251,9119.0,843.0,169.4188,0.9908,2.3557,236.0,31.7783,0.5227,0.6865,360,704,260,590,166.6684
12,52.5593,3,963.4341,378.4033,8676.0,300.0,171.8274,0.9449,3.4834,286.0,27.8055,0.423,0.5946,704,1048,260,590,166.6684
12,52.9668,1,182.7915,364.0642,18792.0,620.0,251.7754,0.9999,2.4481,247.0,37.9759,0.5877,0.7403,16,360,260,590,166.6684
12,52.9668,2,603.6555,349.5756,10910.0,206.0,160.7075,0.9936,2.0671,251.0,40.5783,0.4466,0.6174,360,704,260,590,166.6684
12,52.9668,3,972.6825,358.9117,8676.0,698.0,163.6296,0.9531,2.9142,272.0,24.48,0.5292,0.6921,704,1048,260,590,166.6684
12,53.3742,1,192.8071,357.338,17400.0,134.0,234.9956,0.9913,2.3642,256.0,35.0191,0.533,0.6953,16,360,260,590,166.6684
12,53.3742,2,593.1048,326.8888,12523.0,1397.0,175.6037,0.8306,2.4694,231.0,46.0359,0.3272,0.4931,360,704,260,590,166.6684
12,53.3742,3,959.0802,388.0706,11226.0,0.0,189.2816,0.9471,2.9638,272.0,31.6794,0.4276,0.599,704,1048,260,590,166.6684
12,53.7816,1,196.3576,311.1923,13327.0,778.0,161.9722,0.7413,1.6398,244.0,44.485,0.439,0.6101,16,360,260,590,166.6684
12,53.7816,2,599.2867,314.8332,10790.0,274.0,153.7145,0.5324,2.013,250.0,45.9355,0.4595,0.6297,360,704,260,590,166.6684
12,53.7816,3,954.7328,351.9242,13082.0,1052.0,197.7593,0.9288,2.723,272.0,30.2717,0.5187,0.6831,704,1048,260,590,166.6684
12,54.1891,1,178.1564,312.6344,15836.0,2595.0,220.0886,0.8741,2.1571,203.0,47.7114,0.46,0.6302,16,360,260,590,166.6684
12,54.1891,2,593.2209,328.3864,13000.0,817.0,187.2259,0.7658,2.3889,243.0,46.8601,0.5187,0.6831,360,704,260,590,166.6684
12,54.1891,3,943.3522,377.9227,16475.0,424.0,179.1738,0.9512,1.903,270.0,28.6632,0.5824,0.7361,704,1048,260,590,166.6684
12,54.5965,1,151.0161,351.8979,18361.0,797.0,238.5106,0.8523,2.5757,251.0,72.9055,0.2735,0.4295,16,360,260,590,166.6684
12,54.5965,2,587.3606,348.8044,12494.0,955.0,185.2018,0.8842,2.521,231.0,43.864,0.4942,0.6615,360,704,260,590,166.6684
12,54.5965,3,941.8558,369.1626,16018.0,444.0,202.847,0.9308,2.1629,245.0,25.9931,0.5792,0.7336,704,1048,260,590,166.6684
12,55.0039,1,129.6293,346.5145,19032.0,1106.0,187.1014,0.917,1.5886,247.0,50.889,0.5355,0.6975,16,360,260,590,166.6684
12,55.0039,2,617.5613,312.2241,10442.0,1694.0,161.071,0.9894,1.9401,208.0,43.5605,0.4703,0.6397,360,704,260,590,166.6684
12,55.0039,3,959.7122,359.7534,10856.0,849.0,170.5576,0.8665,2.4879,269.0,29.4652,0.4286,0.6001,704,1048,260,590,166.6684
12,55.4114,1,117.9892,352.8564,24727.0,1688.0,245.6637,0.9608,2.0404,216.0,44.8183,0.4522,0.6228,16,360,260,590,166.6684
12,55.4114,2,623.3143,352.0607,13089.0,831.0,172.2279,0.9651,2.0887,261.0,38.593,0.3958,0.5672,360,704,260,590,166.6684
12,55.4114,3,953.8943,398.9903,9340.0,0.0,179.1546,0.9171,2.7937,279.0,25.6498,0.4113,0.5829,704,1048,260,590,166.6684
12,55.8188,1,158.2462,351.9284,18662.0,332.0,195.1448,0.9009,1.6228,253.0,64.9997,0.3654,0.5353,16,360,260,590,166.6684
12,55.8188,2,602.0814,359.6954,13902.0,8.0,176.4066,0.9882,1.9068,261.0,45.4184,0.3195,0.4843,360,704,260,590,166.6684
12,55.8188,3,959.5705,370.5489,10137.0,802.0,166.0838,0.914,2.8937,272.0,25.5937,0.4289,0.6003,704,1048,260,590,166.6684
12,56.2263,1,176.2685,343.5766,18496.0,971.0,245.3877,0.5634,2.8784,242.0,57.4122,0.4031,0.5746,16,360,260,590,166.6684
12,56.2263,2,551.6172,308.6777,10879.0,1123.0,147.5227,0.8575,1.7094,228.0,57.947,0.1786,0.3031,360,704,260,590,166.6684
12,56.2263,3,961.2927,353.2636,10347.0,834.0,227.8537,0.9725,3.8179,237.0,22.0069,0.605,0.7539,704,1048,260,590,166.6684
12,56.6337,1,157.3689,296.0407,16825.0,4136.0,213.0529,0.8051,1.8726,188.0,40.5183,0.5191,0.6834,16,360,260,590,166.6684
12,56.6337,2,532.9361,327.4067,12122.0,292.0,157.8306,0.7989,1.8745,252.0,52.0245,0.4092,0.5808,360,704,260,590,166.6684
12,56.6337,3,966.9033,367.0506,9720.0,243.0,184.3476,0.9549,3.2055,261.0,23.241,0.5715,0.7274,704,1048,260,590,166.6684
12,57.0411,1,154.9733,360.4295,16338.0,667.0,250.8254,0.7373,3.1849,243.0,71.6155,0.2137,0.3522,16,360,260,590,166.6684
12,57.0411,2,506.4942,321.8026,15135.0,569.0,239.2945,0.494,3.2877,251.0,46.3611,0.4525,0.623,360,704,260,590,166.6684
12,57.0411,3,960.7701,364.3595,9979.0,730.0,176.0105,0.9297,3.1034,270.0,28.196,0.538,0.6996,704,1048,260,590,166.6684
12,57.4486,1,120.9518,324.408,17003.0,4006.0,243.8221,0.8992,2.6538,194.0,41.8713,0.4728,0.642,16,360,260,590,166.6684
12,57.4486,2,482.028,311.4893,14163.0,1086.0,206.3259,0.5264,2.578,245.0,42.9313,0.6095,0.7574,360,704,260,590,166.6684
12,57.4486,3,959.3092,371.9522,10628.0,142.0,181.3199,0.9197,2.8351,272.0,28.1383,0.5907,0.7427,704,1048,260,590,166.6684
12,57.856,1,119.6759,355.6296,15598.0,1729.0,207.8649,0.9486,2.3943,228.0,47.8092,0.495,0.6622,16,360,260,590,166.6684
12,57.856,2,480.3226,319.6239,13261.0,592.0,185.4529,0.4948,2.3977,250.0,33.4598,0.7,0.8235,360,704,260,590,166.6684
12,57.856,3,960.8014,356.7006,11926.0,471.0,160.826,0.9671,2.2151,272.0,28.3991,0.561,0.7188,704,1048,260,590,166.6684
12,58.2634,1,122.4584,356.7156,14002.0,1160.0,197.5275,0.8333,2.7086,251.0,35.5446,0.6315,0.7741,16,360,260,590,166.6684
12,58.2634,2,474.5968,307.4259,13001.0,1309.0,181.5249,0.5257,2.3081,244.0,38.2526,0.6161,0.7625,360,704,260,590,166.6684
12,58.2634,3,956.3201,349.353,15299.0,1109.0,168.198,0.9711,1.7066,266.0,26.5905,0.5832,0.7367,704,1048,260,590,166.6684
12,58.6709,1,111.6442,333.2695,10959.0,713.0,130.5858,0.978,1.5382,256.0,52.4766,0.4383,0.6095,16,360,260,590,166.6684
12,58.6709,2,484.5195,309.0171,12365.0,592.0,203.7677,0.4414,2.8282,248.0,40.3851,0.6295,0.7726,360,704,260,590,166.6684
12,58.6709,3,928.0308,377.7112,15456.0,221.0,174.2215,0.9926,1.7707,271.0,37.0985,0.3554,0.5244,704,1048,260,590,166.6684
12,59.0783,1,116.9702,316.2803,12599.0,744.0,130.8765,0.8484,1.1153,245.0,43.522,0.5438,0.7045,16,360,260,590,166.6684
12,59.0783,2,484.1161,306.5906,11593.0,466.0,190.9284,0.403,2.747,249.0,31.2809,0.7434,0.8528,360,704,260,590,166.6684
12,59.0783,3,902.6702,390.7762,12496.0,344.0,136.9617,0.9965,1.7247,289.0,35.5816,0.4016,0.5731,704,1048,260,590,166.6684
12,59.4857,1,147.4199,333.8053,15016.0,987.0,166.6041,0.9662,1.539,234.0,66.2396,0.3589,0.5283,16,360,260,590,166.6684
12,59.4857,2,464.7581,303.4191,9298.0,591.0,121.2489,0.4999,1.3722,246.0,58.5714,0.4787,0.6475,360,704,260,590,166.6684
12,59.4857,3,903.9156,330.3387,8346.0,230.0,99.8323,0.6854,1.4794,288.0,39.5834,0.2827,0.4408,704,1048,260,590,166.6684
12,59.8932,1,165.8252,347.4149,18139.0,690.0,244.2073,0.89,2.2577,243.0,65.8694,0.3533,0.5222,16,360,260,590,166.6684
12,59.8932,2,454.3536,311.7526,9417.0,478.0,116.9306,0.8116,1.4735,260.0,56.868,0.4579,0.6282,360,704,260,590,166.6684
12,59.8932,3,899.5636,322.2558,9856.0,988.0,163.0537,0.9499,2.2426,234.0,40.5102,0.4861,0.6542,704,1048,260,590,166.6684
12,60.3006,1,161.2102,330.2531,18823.0,2510.0,230.4589,0.7589,2.0222,214.0,44.3959,0.4708,0.6402,16,360,260,590,166.6684
12,60.3006,2,448.243,305.9214,8774.0,528.0,106.1602,0.9108,1.118,259.0,45.0895,0.4657,0.6355,360,704,260,590,166.6684
12,60.3006,3,892.4476,348.2593,11170.0,318.0,199.5804,0.8862,2.836,248.0,45.9338,0.513,0.6781,704,1048,260,590,166.6684
12,60.7081,1,143.0658,352.9374,19160.0,1311.0,226.5666,0.9019,2.2245,238.0,58.5228,0.3718,0.5421,16,360,260,590,166.6684
12,60.7081,2,450.5945,305.2486,13300.0,1746.0,162.1921,0.8485,1.3791,208.0,47.1905,0.5482,0.7082,360,704,260,590,166.6684
12,60.7081,3,890.4371,352.6493,13078.0,326.0,213.4906,0.8092,3.0265,250.0,41.4566,0.515,0.6799,704,1048,260,590,166.6684
12,61.1155,1,142.362,355.4104,17408.0,493.0,219.2411,0.7625,2.2919,255.0,40.5745,0.5868,0.7396,16,360,260,590,166.6684
12,61.1155,2,459.4482,341.2206,14823.0,510.0,165.1563,0.9457,1.7185,258.0,62.9451,0.4775,0.6464,360,704,260,590,166.6684
12,61.1155,3,912.4087,347.9822,13701.0,960.0,226.2723,0.8556,3.0004,233.0,48.1282,0.4619,0.6319,704,1048,260,590,166.6684
12,61.5229,1,135.9472,334.9649,20102.0,2794.0,261.8566,0.9891,1.9055,197.0,61.6462,0.4029,0.5744,16,360,260,590,166.6684
12,61.5229,2,467.457,351.7619,16398.0,189.0,175.9339,0.9836,1.5275,259.0,45.3626,0.5451,0.7056,360,704,260,590,166.6684
12,61.5229,3,915.1778,379.0993,14040.0,452.0,228.2485,0.8478,3.1478,244.0,58.0895,0.3656,0.5355,704,1048,260,590,166.6684
12,61.9304,1,136.4582,365.8609,22611.0,337.0,213.3805,0.9999,1.5491,258.0,63.5835,0.3878,0.5588,16,360,260,590,166.6684
12,61.9304,2,477.2619,332.9162,18547.0,1947.0,199.184,0.9271,1.6598,211.0,50.5991,0.4392,0.6103,360,704,260,590,166.6684
12,61.9304,3,926.0982,373.4969,13937.0,525.0,236.594,0.8922,3.6509,240.0,38.2866,0.5062,0.6721,704,1048,260,590,166.6684
12,62.3378,1,180.0303,344.5944,19931.0,2481.0,231.2853,0.8598,2.2525,212.0,57.7461,0.2887,0.448,16,360,260,590,166.6684
12,62.3378,2,495.0324,360.6725,19364.0,778.0,208.6046,0.9893,1.8473,234.0,58.1088,0.4278,0.5992,360,704,260,590,166.6684
12,62.3378,3,928.1389,363.4001,13188.0,296.0,213.7167,0.8987,3.103,251.0,37.3017,0.5704,0.7264,704,1048,260,590,166.6684
12,62.7452,1,218.3801,364.4866,19584.0,1111.0,218.8515,0.8147,2.1376,229.0,53.4793,0.2367,0.3827,16,360,260,590,166.6684
12,62.7452,2,498.7824,366.2138,19531.0,783.0,226.7062,0.9873,1.7737,235.0,33.0472,0.6278,0.7714,360,704,260,590,166.6684
12,62.7452,3,936.5038,361.4669,11778.0,409.0,175.9002,0.8302,2.5284,267.0,43.635,0.4793,0.648,704,1048,260,590,166.6684
12,63.1527,1,255.0754,367.778,16150.0,566.0,245.2388,0.9255,3.0533,244.0,46.6838,0.3547,0.5237,16,360,260,590,166.6684
12,63.1527,2,499.2142,342.0384,19515.0,1668.0,192.6542,1.0,1.4939,209.0,42.9633,0.5223,0.6862,360,704,260,590,166.6684
12,63.1527,3,951.2711,370.8107,11332.0,412.0,178.8153,0.9078,2.6697,272.0,50.4965,0.42,0.5915,704,1048,260,590,166.6684
12,63.5601,1,280.4119,326.3223,13700.0,3033.0,215.9317,0.9996,2.745,197.0,39.2932,0.3568,0.526,16,360,260,590,166.6684
12,63.5601,2,501.1638,366.5759,18020.0,448.0,218.0843,0.9468,2.1158,254.0,55.1793,0.3988,0.5702,360,704,260,590,166.6684
12,63.5601,3,951.1187,395.1689,11767.0,8.0,212.3862,0.9603,3.5086,272.0,40.5989,0.4742,0.6433,704,1048,260,590,166.6684
12,63.9676,1,283.9288,367.9966,14233.0,220.0,207.5973,0.9996,2.6476,262.0,33.5947,0.3581,0.5274,16,360,260,590,166.6684
12,63.9676,2,498.3,329.3563,16276.0,1740.0,212.9884,0.905,2.208,215.0,54.1172,0.546,0.7064,360,704,260,590,166.6684
12,63.9676,3,951.7231,395.1629,10435.0,27.0,172.4809,0.9683,2.8579,284.0,31.7454,0.5432,0.704,704,1048,260,590,166.6684
12,64.375,1,249.0245,319.4001,15033.0,2699.0,189.6902,0.9921,2.0875,214.0,46.2549,0.2178,0.3578,16,360,260,590,166.6684
12,64.375,2,480.1839,346.2791,19257.0,1859.0,209.0378,0.9872,1.6695,207.0,52.1488,0.514,0.679,360,704,260,590,166.6684
12,64.375,3,956.64,370.0368,9677.0,194.0,162.3587,0.9483,2.7331,274.0,31.7201,0.3961,0.5674,704,1048,260,590,166.6684
12,64.7824,1,213.2494,342.3067,18811.0,1496.0,208.7642,0.9037,1.9279,218.0,46.442,0.2737,0.4298,16,360,260,590,166.6684
12,64.7824,2,483.3203,375.4134,17928.0,212.0,207.759,0.969,2.0685,258.0,52.6635,0.4647,0.6346,360,704,260,590,166.6684
12,64.7824,3,948.8071,341.5103,11826.0,553.0,181.5766,0.9145,2.306,243.0,39.536,0.3899,0.561,704,1048,260,590,166.6684
12,65.1899,1,175.1392,371.3473,20014.0,434.0,213.7271,0.8704,1.9533,255.0,62.1581,0.2462,0.3952,16,360,260,590,166.6684
12,65.1899,2,475.9042,338.6263,19249.0,2718.0,220.4617,0.9348,1.9458,208.0,57.0066,0.4354,0.6067,360,704,260,590,166.6684
12,65.1899,3,941.4413,353.7737,12296.0,638.0,179.5159,0.9995,2.3092,244.0,40.2919,0.4891,0.6569,704,1048,260,590,166.6684
12,65.5973,1,149.0349,343.604,22575.0,2831.0,246.1028,0.823,2.274,212.0,54.1119,0.3498,0.5183,16,360,260,590,166.6684
12,65.5973,2,502.2731,353.9753,20708.0,1255.0,219.3863,0.8091,1.8494,225.0,55.5116,0.3631,0.5327,360,704,260,590,166.6684
12,65.5973,3,922.9644,337.5936,13054.0,1465.0,212.8284,0.9993,2.5405,219.0,56.7026,0.3681,0.5381,704,1048,260,590,166.6684
12,66.0047,1,166.3245,376.3837,22453.0,553.0,227.909,0.8286,1.9964,245.0,56.0976,0.35,0.5185,16,360,260,590,166.6684
12,66.0047,2,521.8973,372.6688,17610.0,293.0,184.8414,0.981,1.8218,250.0,66.3813,0.3743,0.5447,360,704,260,590,166.6684
12,66.0047,3,897.1663,357.6198,12859.0,177.0,201.7952,0.9675,2.5977,253.0,62.6382,0.3172,0.4816,704,1048,260,590,166.6684
12,66.4122,1,226.7885,341.1799,19069.0,2426.0,235.5592,0.8643,2.5097,218.0,59.4144,0.2438,0.392,16,360,260,590,166.6684
12,66.4122,2,510.6269,314.6948,15221.0,1953.0,229.6233,0.7445,2.2949,219.0,44.24,0.4752,0.6442,360,704,260,590,166.6684
12,66.4122,3,857.4212,327.6626,13954.0,1884.0,215.5629,0.8332,2.9618,217.0,70.2203,0.2569,0.4088,704,1048,260,590,166.6684
12,66.8196,1,225.9699,384.0091,20365.0,812.0,247.6978,0.7769,2.8389,260.0,45.2554,0.3227,0.488,16,360,260,590,166.6684
12,66.8196,2,487.2152,325.0689,18302.0,3500.0,228.1502,0.9911,2.264,189.0,64.4471,0.3377,0.5049,360,704,260,590,166.6684
12,66.8196,3,832.1735,347.0261,13852.0,1257.0,239.62,0.9279,3.4783,228.0,78.3737,0.2991,0.4605,704,1048,260,590,166.6684
12,67.227,1,249.7429,374.1337,16372.0,383.0,186.6505,0.9999,1.9706,259.0,38.3755,0.3772,0.5477,16,360,260,590,166.6684
12,67.227,2,450.1389,362.9392,18422.0,740.0,204.3815,0.9633,2.0955,256.0,86.8615,0.2393,0.3862,360,704,260,590,166.6684
12,67.227,3,834.7593,378.1345,12676.0,229.0,218.7441,0.9541,3.3296,250.0,50.6436,0.5097,0.6752,704,1048,260,590,166.6684
12,67.6345,1,231.9103,313.7474,13399.0,1599.0,170.8506,0.9294,1.8176,223.0,43.4078,0.3464,0.5146,16,360,260,590,166.6684
12,67.6345,2,446.5499,378.6985,17218.0,479.0,213.2341,0.9272,2.2006,256.0,42.7158,0.5828,0.7364,360,704,260,590,166.6684
12,67.6345,3,805.5799,322.3678,13786.0,2953.0,229.3116,0.9049,3.5284,192.0,56.9782,0.4055,0.5771,704,1048,260,590,166.6684
12,68.0419,1,186.9705,351.1778,16722.0,692.0,202.4869,0.9136,1.899,237.0,69.3753,0.1582,0.2732,16,360,260,590,166.6684
12,68.0419,2,450.4848,338.1432,16462.0,2179.0,188.1737,0.9778,2.043,256.0,56.4281,0.5216,0.6856,360,704,260,590,166.6684
12,68.0419,3,794.1678,372.8241,13175.0,222.0,210.6127,0.9706,2.7689,251.0,84.7525,0.1996,0.3328,704,1048,260,590,166.6684
12,68.4494,1,160.3551,364.5606,19082.0,923.0,232.7959,0.9275,2.1614,254.0,59.655,0.3171,0.4815,16,360,260,590,166.6684
12,68.4494,2,462.4739,360.518,21137.0,837.0,201.3247,0.9791,1.6913,256.0,67.0181,0.4198,0.5913,360,704,260,590,166.6684
12,68.4494,3,780.4397,362.6585,12369.0,367.0,194.3667,0.9331,2.6428,246.0,39.8475,0.5371,0.6989,704,1048,260,590,166.6684
12,68.8568,1,123.7505,330.702,19480.0,2478.0,198.6634,0.981,1.5465,199.0,61.4711,0.4051,0.5766,16,360,260,590,166.6684
12,68.8568,2,489.502,362.948,17352.0,96.0,224.1066,0.7512,2.5163,257.0,68.2436,0.3182,0.4828,360,704,260,590,166.6684
12,68.8568,3,770.6697,339.5689,12358.0,1154.0,151.9381,0.8761,1.8973,266.0,48.2543,0.5574,0.7158,704,1048,260,590,166.6684
12,69.2642,1,127.3347,365.7175,22181.0,335.0,215.1187,0.9501,1.6958,258.0,52.9126,0.5157,0.6805,16,360,260,590,166.6684
12,69.2642,2,544.4369,321.1616,13595.0,2582.0,203.5271,0.889,2.6676,194.0,75.3506,0.2047,0.3399,360,704,260,590,166.6684
12,69.2642,3,768.4643,371.0078,14706.0,334.0,185.006,0.9882,2.144,270.0,62.5944,0.4536,0.6241,704,1048,260,590,166.6684
12,69.6717,1,174.1792,356.9546,18506.0,1457.0,225.2735,0.9207,2.2093,222.0,72.9573,0.2397,0.3867,16,360,260,590,166.6684
12,69.6717,2,592.479,358.4543,14707.0,379.0,212.4199,0.8289,2.5554,262.0,62.6883,0.0742,0.1382,360,704,260,590,166.6684
12,69.6717,3,780.3592,360.3039,13732.0,709.0,198.1088,0.9257,2.1944,238.0,70.178,0.4003,0.5718,704,1048,260,590,166.6684
12,70.0791,1,212.2046,354.3687,18044.0,875.0,214.4506,0.8192,2.1994,239.0,56.017,0.2653,0.4193,16,360,260,590,166.6684
12,70.0791,2,578.9615,395.0285,11189.0,0.0,205.996,0.6008,3.4824,305.0,39.5142,0.398,0.5694,360,704,260,590,166.6684
12,70.0791,3,772.1309,345.0061,13854.0,1572.0,206.9168,0.9806,2.3306,220.0,54.677,0.497,0.664,704,1048,260,590,166.6684
12,70.4865,1,239.2836,356.9629,16046.0,224.0,239.6835,0.8553,2.6129,250.0,52.4075,0.3569,0.5261,16,360,260,590,166.6684
12,70.4865,2,612.2176,369.3939,6166.0,0.0,107.1773,0.9416,2.3435,279.0,52.4046,0.1542,0.2671,360,704,260,590,166.6684
12,70.4865,3,764.9829,384.5115,15036.0,133.0,217.0627,0.9984,2.6735,270.0,67.7315,0.3569,0.5261,704,1048,260,590,166.6684
12,70.894,1,253.6171,331.0367,14071.0,1650.0,188.0584,0.9989,1.959,214.0,32.9101,0.54,0.7013,16,360,260,590,166.6684
12,70.894,2,628.1026,373.7016,7633.0,358.0,154.8635,0.9628,3.3885,284.0,28.3092,0.3457,0.5138,360,704,260,590,166.6684
12,70.894,3,774.3985,361.1826,13341.0,760.0,168.4703,0.8971,2.1979,268.0,76.3914,0.3398,0.5072,704,1048,260,590,166.6684
12,71.3014,1,244.5566,357.7659,17709.0,955.0,237.1377,0.9606,2.7121,234.0,29.3408,0.5585,0.7167,16,360,260,590,166.6684
12,71.3014,2,619.7218,396.0112,8684.0,0.0,149.2155,0.9391,2.7054,291.0,34.0824,0.4403,0.6114,360,704,260,590,166.6684
12,71.3014,3,770.9073,368.5052,13675.0,874.0,173.0414,0.9172,2.2606,265.0,46.2412,0.5896,0.7419,704,1048,260,590,166.6684
12,71.7088,1,250.0145,368.1455,15672.0,385.0,214.1018,0.8562,2.5564,260.0,34.0852,0.4868,0.6548,16,360,260,590,166.6684
12,71.7088,2,626.7299,309.624,10110.0,2406.0,123.2521,0.9227,1.8509,259.0,44.849,0.2012,0.335,360,704,260,590,166.6684
12,71.7088,3,773.7825,373.4984,14036.0,269.0,203.7344,0.954,2.7595,267.0,64.4393,0.2916,0.4516,704,1048,260,590,166.6684
12,72.1163,1,261.5365,351.6209,15216.0,1398.0,192.4418,0.9539,2.084,221.0,36.0899,0.4881,0.656,16,360,260,590,166.6684
12,72.1163,2,615.4958,355.0362,13415.0,0.0,180.4264,0.9311,2.0244,263.0,33.9627,0.4123,0.5839,360,704,260,590,166.6684
12,72.1163,3,829.9777,338.7588,13451.0,1004.0,221.8507,0.7135,3.2259,240.0,82.2212,0.1085,0.1957,704,1048,260,590,166.6684
12,72.5237,1,263.9374,373.3852,15264.0,66.0,191.9073,0.9689,2.3274,263.0,31.5748,0.475,0.6441,16,360,260,590,166.6684
12,72.5237,2,573.2252,343.4699,13776.0,564.0,183.5692,0.9446,2.0563,240.0,54.5535,0.2232,0.3649,360,704,260,590,166.6684
12,72.5237,3,893.421,332.1061,13174.0,73.0,201.0265,0.3534,2.9406,268.0,65.4227,0.1183,0.2115,704,1048,260,590,166.6684
12,72.9312,1,257.7892,335.7178,12184.0,173.0,165.3966,0.9658,1.8048,253.0,34.82,0.4548,0.6253,16,360,260,590,166.6684
12,72.9312,2,517.8523,312.2738,15275.0,2735.0,184.5925,0.9877,1.5809,202.0,64.1852,0.2072,0.3433,360,704,260,590,166.6684
12,72.9312,3,920.8558,344.8257,10844.0,18.0,179.0376,0.7504,2.8088,262.0,47.8252,0.2958,0.4566,704,1048,260,590,166.6684
12,73.3386,1,226.1368,314.3646,11963.0,566.0,189.9923,0.5837,2.342,246.0,37.0362,0.4011,0.5726,16,360,260,590,166.6684
12,73.3386,2,489.5489,364.3046,19014.0,465.0,228.0075,0.8537,2.2464,255.0,82.2632,0.1913,0.3212,360,704,260,590,166.6684
12,73.3386,3,934.8235,347.3282,9969.0,392.0,152.7773,0.872,2.3795,272.0,31.0948,0.4929,0.6604,704,1048,260,590,166.6684
12,73.746,1,193.1405,320.6356,14969.0,448.0,214.0625,0.5265,2.6152,250.0,41.7749,0.4335,0.6049,16,360,260,590,166.6684
12,73.746,2,480.2608,351.0121,18192.0,1100.0,221.6772,0.8331,2.1837,226.0,38.9869,0.6217,0.7667,360,704,260,590,166.6684
12,73.746,3,927.6891,362.1101,11133.0,64.0,168.0437,0.7978,2.4421,257.0,29.6695,0.5327,0.6951,704,1048,260,590,166.6684
12,74.1535,1,159.2701,312.4101,16187.0,2045.0,225.9965,0.6135,2.5151,223.0,45.7536,0.4243,0.5958,16,360,260,590,166.6684
12,74.1535,2,457.0891,324.5397,16445.0,2347.0,197.874,0.9875,1.6425,205.0,53.5628,0.5527,0.7119,360,704,260,590,166.6684
12,74.1535,3,925.7557,356.9486,14170.0,310.0,201.1912,0.9521,2.4631,250.0,42.0713,0.4372,0.6084,704,1048,260,590,166.6684
12,74.5609,1,123.5816,340.9864,15752.0,1625.0,206.3181,0.8835,1.7953,222.0,75.0806,0.2164,0.3558,16,360,260,590,166.6684
12,74.5609,2,450.4809,376.4673,18426.0,634.0,225.0977,0.9981,2.2998,239.0,67.2536,0.3945,0.5658,360,704,260,590,166.6684
12,74.5609,3,916.6841,370.5603,13870.0,334.0,221.6966,0.8729,2.8807,246.0,36.2881,0.5437,0.7044,704,1048,260,590,166.6684
12,74.9683,1,124.3556,372.5653,15527.0,859.0,201.5598,0.902,2.2534,255.0,45.3744,0.479,0.6477,16,360,260,590,166.6684
12,74.9683,2,442.0856,341.0404,14265.0,1200.0,169.391,0.9627,1.9183,254.0,52.464,0.5184,0.6828,360,704,260,590,166.6684
12,74.9683,3,909.8861,369.4778,15531.0,487.0,253.1631,0.9771,3.5308,250.0,43.2356,0.483,0.6514,704,1048,260,590,166.6684
12,75.3758,1,118.2935,351.7046,14164.0,1294.0,188.7598,0.8567,2.4889,257.0,30.8798,0.6276,0.7712,16,360,260,590,166.6684
12,75.3758,2,456.2708,308.8422,10575.0,481.0,139.0585,0.6886,1.5594,257.0,62.2932,0.3879,0.559,360,704,260,590,166.6684
12,75.3758,3,912.7889,358.8768,13850.0,532.0,207.2966,0.9292,2.744,242.0,37.814,0.5264,0.6897,704,1048,260,590,166.6684
12,75.7832,1,127.5181,372.4856,14894.0,458.0,208.5989,0.8858,2.7325,258.0,35.3643,0.6554,0.7919,16,360,260,590,166.6684
12,75.7832,2,510.4595,304.1144,12084.0,955.0,165.0456,0.5035,1.8112,240.0,80.786,0.2659,0.4201,360,704,260,590,166.6684
12,75.7832,3,912.4349,357.1946,14505.0,927.0,217.3552,0.9383,2.7798,230.0,30.8197,0.6108,0.7584,704,1048,260,590,166.6684
12,76.1907,1,122.6074,368.6874,14467.0,824.0,193.0489,0.89,2.5218,256.0,29.4448,0.6912,0.8174,16,360,260,590,166.6684
12,76.1907,2,542.1895,323.2809,15199.0,1254.0,189.2355,0.7474,1.8752,221.0,60.4176,0.3191,0.4838,360,704,260,590,166.6684
12,76.1907,3,915.493,369.9464,13389.0,454.0,218.8375,0.9989,2.9251,242.0,52.2574,0.4079,0.5794,704,1048,260,590,166.6684
12,76.5981,1,109.3167,354.4607,14072.0,1104.0,195.8686,0.9506,2.316,240.0,29.6446,0.7105,0.8307,16,360,260,590,166.6684
12,76.5981,2,558.701,351.4606,15667.0,562.0,214.6115,0.7602,2.415,258.0,59.2459,0.3512,0.5199,360,704,260,590,166.6684
12,76.5981,3,915.2727,368.7226,12752.0,157.0,221.0656,0.9496,3.2232,253.0,50.0341,0.4566,0.6269,704,1048,260,590,166.6684
12,77.0055,1,111.9387,347.7028,12369.0,1038.0,177.0193,0.9848,2.1544,236.0,47.3768,0.6442,0.7836,16,360,260,590,166.6684
12,77.0055,2,564.2638,365.126,15226.0,251.0,208.2911,0.8087,2.5968,261.0,42.4474,0.5225,0.6864,360,704,260,590,166.6684
12,77.0055,3,912.8231,347.7388,13677.0,1085.0,213.1967,0.8969,3.0089,227.0,40.5861,0.5171,0.6817,704,1048,260,590,166.6684
12,77.413,1,107.5468,340.4425,12106.0,1011.0,140.1981,0.9285,1.804,236.0,53.2931,0.3825,0.5534,16,360,260,590,166.6684
12,77.413,2,586.5274,334.8404,15976.0,2195.0,216.6437,0.9642,2.1934,203.0,44.4275,0.4747,0.6438,360,704,260,590,166.6684
12,77.413,3,909.6626,376.147,14439.0,256.0,199.531,0.9935,2.392,250.0,53.0919,0.4164,0.5879,704,1048,260,590,166.6684
12,77.8204,1,132.7735,326.3598,12719.0,1573.0,179.8699,0.9179,2.1686,219.0,55.9405,0.2972,0.4582,16,360,260,590,166.6684
12,77.8204,2,593.6073,372.8592,15531.0,140.0,201.6723,0.9579,2.3329,261.0,39.3394,0.4109,0.5825,360,704,260,590,166.6684
12,77.8204,3,913.0868,373.2738,13717.0,152.0,213.5466,0.9803,2.8219,252.0,49.0356,0.4122,0.5837,704,1048,260,590,166.6684
12,78.2278,1,157.7945,363.9889,15237.0,832.0,192.9209,0.9929,2.2905,234.0,59.674,0.2837,0.442,16,360,260,590,166.6684
12,78.2278,2,594.4882,348.8577,13186.0,787.0,195.7379,0.7214,2.9331,260.0,39.6542,0.3758,0.5463,360,704,260,590,166.6684
12,78.2278,3,895.2209,330.5416,14747.0,2202.0,211.9708,0.9931,2.5624,207.0,62.4657,0.3458,0.5138,704,1048,260,590,166.6684
12,78.6353,1,172.6569,329.9302,13927.0,2242.0,227.7584,0.9556,2.8649,211.0,50.1011,0.4283,0.5997,16,360,260,590,166.6684
12,78.6353,2,607.283,339.0396,11935.0,1409.0,158.7903,0.8232,2.1791,259.0,33.8679,0.497,0.664,360,704,260,590,166.6684
12,78.6353,3,883.3865,372.326,15687.0,644.0,218.2906,1.0,2.5105,239.0,57.947,0.4373,0.6085,704,1048,260,590,166.6684
12,79.0427,1,167.7642,341.6227,15516.0,2053.0,226.5852,0.9166,2.8711,219.0,42.1686,0.5885,0.741,16,360,260,590,166.6684
12,79.0427,2,603.4802,391.3037,11075.0,0.0,190.6232,0.879,3.1761,270.0,44.2051,0.2508,0.401,360,704,260,590,166.6684
12,79.0427,3,884.0225,383.7805,14929.0,481.0,222.7566,0.9966,2.8853,243.0,42.389,0.5657,0.7226,704,1048,260,590,166.6684
12,79.4501,1,164.1115,364.3404,14812.0,612.0,215.5661,0.9641,2.6124,244.0,58.2196,0.4549,0.6253,16,360,260,590,166.6684
12,79.4501,2,619.8601,357.6313,10342.0,18.0,148.6147,0.938,1.9871,259.0,43.1086,0.2771,0.434,360,704,260,590,166.6684
12,79.4501,3,877.6391,353.3888,16338.0,1821.0,224.1594,0.9755,2.7473,215.0,46.4529,0.5191,0.6835,704,1048,260,590,166.6684
12,79.8576,1,159.3344,349.9166,15077.0,1054.0,185.8882,0.9693,2.2551,241.0,50.9,0.4559,0.6263,16,360,260,590,166.6684
12,79.8576,2,600.9182,295.3476,6849.0,269.0,116.7964,0.3755,1.6509,253.0,42.9494,0.2324,0.3772,360,704,260,590,166.6684
12,79.8576,3,870.5502,368.79,15111.0,440.0,219.9949,0.9981,2.7265,241.0,45.1611,0.5179,0.6824,704,1048,260,590,166.6684
12,80.265,1,194.0453,303.0765,10438.0,1003.0,163.9583,0.6457,2.0758,243.0,61.4367,0.3313,0.4977,16,360,260,590,166.6684
12,80.265,2,584.4106,304.4367,9866.0,671.0,157.5585,0.5403,2.0567,242.0,33.327,0.4912,0.6588,360,704,260,590,166.6684
12,80.265,3,857.3941,338.6821,13553.0,2218.0,218.2865,0.9939,3.315,202.0,61.4056,0.3501,0.5186,704,1048,260,590,166.6684
12,80.6725,1,212.5332,309.6639,11983.0,1330.0,185.0756,0.6296,2.419,232.0,64.8195,0.4264,0.5978,16,360,260,590,166.6684
12,80.6725,2,538.8826,314.8575,13703.0,1532.0,170.921,0.9188,1.7543,213.0,49.3137,0.271,0.4264,360,704,260,590,166.6684
12,80.6725,3,830.1943,339.4204,13378.0,633.0,174.1676,0.8499,2.2704,262.0,57.3897,0.3451,0.5132,704,1048,260,590,166.6684
12,81.0799,1,234.8353,323.5123,9826.0,542.0,153.001,0.888,1.9209,246.0,59.508,0.4265,0.598,16,360,260,590,166.6684
12,81.0799,2,516.5131,346.1583,17477.0,908.0,190.0651,0.8815,1.9397,257.0,60.1732,0.3458,0.5139,360,704,260,590,166.6684
12,81.0799,3,800.3809,352.3328,14888.0,1202.0,237.8651,0.8646,3.2312,229.0,82.0925,0.1788,0.3034,704,1048,260,590,166.6684
12,81.4873,1,239.3775,334.9106,10667.0,660.0,147.8131,0.9941,1.8259,243.0,37.3348,0.5983,0.7486,16,360,260,590,166.6684
12,81.4873,2,513.7212,371.2609,17390.0,109.0,231.4764,0.8742,2.6199,255.0,40.1855,0.5265,0.6898,360,704,260,590,166.6684
12,81.4873,3,769.282,361.1977,11987.0,1246.0,217.3474,0.9923,3.0343,226.0,84.2376,0.2122,0.3501,704,1048,260,590,166.6684
12,81.8948,1,229.4107,303.3989,10161.0,1200.0,154.5137,0.7799,1.8518,240.0,52.4856,0.4642,0.6341,16,360,260,590,166.6684
12,81.8948,2,507.6034,327.1816,16995.0,2680.0,224.6391,0.933,2.2874,213.0,52.6492,0.4713,0.6407,360,704,260,590,166.6684
12,81.8948,3,765.354,385.8657,14574.0,89.0,190.9751,0.9965,2.4519,268.0,51.9675,0.3764,0.5469,704,1048,260,590,166.6684
12,82.3022,1,213.9343,315.6929,12395.0,1139.0,187.8138,0.6707,2.3165,238.0,50.9021,0.5336,0.6959,16,360,260,590,166.6684
12,82.3022,2,493.6867,307.2909,14553.0,1666.0,191.3753,0.5836,2.1047,233.0,47.7368,0.411,0.5825,360,704,260,590,166.6684
12,82.3022,3,784.5588,347.9366,16299.0,1734.0,204.7547,0.9791,2.1133,218.0,77.9986,0.2977,0.4588,704,1048,260,590,166.6684
12,82.7096,1,186.9378,327.0787,12738.0,762.0,159.363,0.8969,1.6517,240.0,57.9579,0.4479,0.6187,16,360,260,590,166.6684
12,82.7096,2,474.0464,328.3311,14965.0,1302.0,205.264,0.8227,2.4805,236.0,69.8628,0.3922,0.5634,360,704,260,590,166.6684
12,82.7096,3,782.9997,355.257,15290.0,473.0,191.7045,0.849,2.1294,263.0,42.5367,0.544,0.7047,704,1048,260,590,166.6684
12,83.1171,1,175.1641,336.1818,13312.0,1271.0,171.2747,0.9495,2.1414,237.0,57.6482,0.3824,0.5532,16,360,260,590,166.6684
12,83.1171,2,453.9391,331.6582,12070.0,1205.0,143.8037,0.9864,1.61,230.0,59.5939,0.3882,0.5593,360,704,260,590,166.6684
12,83.1171,3,784.0018,362.0624,16830.0,336.0,212.2013,0.9648,2.0602,245.0,57.5492,0.3918,0.563,704,1048,260,590,166.6684
12,83.5245,1,193.3822,321.7569,14387.0,1873.0,217.5277,0.7876,2.8374,230.0,52.5587,0.3965,0.5679,16,360,260,590,166.6684
12,83.5245,2,482.0912,312.5438,12637.0,1664.0,153.1856,0.8668,1.7062,228.0,58.0012,0.3153,0.4795,360,704,260,590,166.6684
12,83.5245,3,814.9687,355.8421,15113.0,647.0,173.8786,0.9693,1.8562,237.0,73.9291,0.2808,0.4385,704,1048,260,590,166.6684
12,83.9319,1,227.6364,312.7692,13156.0,765.0,201.9166,0.4871,2.6638,246.0,60.9887,0.3636,0.5333,16,360,260,590,166.6684
12,83.9319,2,512.3021,326.1224,14166.0,1830.0,187.2757,0.9158,2.0187,224.0,60.5587,0.2972,0.4582,360,704,260,590,166.6684
12,83.9319,3,835.2938,372.1632,17367.0,692.0,200.1615,0.946,2.2363,236.0,57.2558,0.3936,0.5648,704,1048,260,590,166.6684
12,84.3394,1,236.3438,320.2627,12372.0,1653.0,177.6186,0.8163,2.3529,229.0,55.3198,0.4077,0.5793,16,360,260,590,166.6684
12,84.3394,2,547.932,311.8182,14317.0,2366.0,212.8824,0.7613,2.8498,209.0,62.83,0.3403,0.5078,360,704,260,590,166.6684
12,84.3394,3,858.754,372.3495,18471.0,156.0,196.9086,0.9669,1.8657,254.0,50.5125,0.3636,0.5333,704,1048,260,590,166.6684
12,84.7468,1,244.2889,348.5178,11314.0,577.0,155.1337,0.9819,2.0475,241.0,46.0722,0.4353,0.6065,16,360,260,590,166.6684
12,84.7468,2,588.0489,315.9457,13711.0,1960.0,187.4644,0.9075,2.3478,207.0,67.7993,0.2905,0.4503,360,704,260,590,166.6684
12,84.7468,3,847.247,348.5906,15763.0,420.0,207.0445,0.8229,2.3485,245.0,38.8238,0.4525,0.6231,704,1048,260,590,166.6684
12,85.1543,1,232.1243,325.54,10857.0,1019.0,135.2968,0.993,1.7274,240.0,41.8107,0.479,0.6477,16,360,260,590,166.6684
12,85.1543,2,579.5227,364.1098,13420.0,419.0,209.2506,0.9003,3.258,243.0,57.5017,0.2866,0.4455,360,704,260,590,166.6684
12,85.1543,3,799.7973,349.3817,16579.0,623.0,204.7192,0.8608,1.8013,237.0,66.8453,0.2581,0.4104,704,1048,260,590,166.6684
12,85.5617,1,235.3591,322.0776,10507.0,721.0,160.6097,0.9383,2.0147,243.0,42.4691,0.5417,0.7028,16,360,260,590,166.6684
12,85.5617,2,612.9698,336.8388,8355.0,0.0,136.4013,0.7997,2.0081,265.0,47.1756,0.3892,0.5603,360,704,260,590,166.6684
12,85.5617,3,776.8726,379.0795,16937.0,413.0,207.9252,0.9686,1.8785,268.0,67.7873,0.3043,0.4666,704,1048,260,590,166.6684
12,85.9691,1,241.157,332.9439,13396.0,2000.0,191.3691,0.9834,2.464,216.0,36.8251,0.5843,0.7376,16,360,260,590,166.6684
12,85.9691,2,616.102,330.5129,8923.0,839.0,132.4193,0.8999,2.026,265.0,42.5049,0.4836,0.6519,360,704,260,590,166.6684
12,85.9691,3,767.8559,367.9875,13847.0,899.0,184.6836,0.9047,2.5883,267.0,47.5523,0.4515,0.6221,704,1048,260,590,166.6684
12,86.3766,1,238.1533,363.9823,14519.0,722.0,214.0698,0.9983,2.7182,236.0,40.9143,0.5359,0.6978,16,360,260,590,166.6684
12,86.3766,2,612.0125,371.6918,10418.0,353.0,162.2575,0.9146,2.4535,277.0,40.2225,0.3455,0.5135,360,704,260,590,166.6684
12,86.3766,3,760.1138,371.8534,13022.0,694.0,224.9354,0.983,2.9442,242.0,40.152,0.6123,0.7595,704,1048,260,590,166.6684
12,86.784,1,235.478,348.0095,15025.0,1941.0,212.1758,0.9967,2.6963,219.0,31.3311,0.5997,0.7497,16,360,260,590,166.6684
12,86.784,2,619.8404,364.7562,11664.0,0.0,184.1488,0.9471,2.5539,262.0,34.6165,0.4804,0.649,360,704,260,590,166.6684
12,86.784,3,765.8661,369.0145,13186.0,758.0,175.4568,0.9662,2.5377,268.0,49.7332,0.4907,0.6583,704,1048,260,590,166.6684
12,87.1914,1,249.6375,366.3344,18252.0,1664.0,216.2288,1.0,2.4448,223.0,33.1976,0.523,0.6868,16,360,260,590,166.6684
12,87.1914,2,586.7887,307.06,10788.0,1552.0,127.5843,0.8783,1.3901,253.0,57.7144,0.1562,0.2702,360,704,260,590,166.6684
12,87.1914,3,768.2715,354.2396,13342.0,934.0,193.567,0.9765,2.1875,232.0,44.5844,0.5453,0.7057,704,1048,260,590,166.6684
12,87.5989,1,247.5618,382.6367,16601.0,451.0,236.6198,0.8899,3.2681,249.0,56.1255,0.3378,0.505,16,360,260,590,166.6684
12,87.5989,2,536.6832,315.0162,12346.0,697.0,150.1288,0.7647,1.5781,245.0,61.8752,0.2112,0.3488,360,704,260,590,166.6684
12,87.5989,3,768.1723,357.4254,14526.0,544.0,182.2172,0.9997,2.0694,268.0,52.7895,0.4855,0.6537,704,1048,260,590,166.6684
12,88.0063,1,259.124,350.1264,12142.0,892.0,190.6675,0.8679,2.9282,237.0,50.3466,0.4224,0.5939,16,360,260,590,166.6684
12,88.0063,2,506.3033,320.9601,14621.0,805.0,211.9401,0.6318,2.5858,245.0,55.1633,0.3563,0.5254,360,704,260,590,166.6684
12,88.0063,3,798.5701,353.3326,14150.0,679.0,224.8616,0.7905,3.1428,243.0,73.2906,0.268,0.4227,704,1048,260,590,166.6684
12,88.4137,1,276.4175,356.6082,8313.0,85.0,125.91,0.8407,1.9376,282.0,48.0997,0.3635,0.5332,16,360,260,590,166.6684
12,88.4137,2,482.5222,307.868,14351.0,1314.0,192.2842,0.5716,2.1123,229.0,43.6391,0.5526,0.7119,360,704,260,590,166.6684
12,88.4137,3,842.1806,344.1662,13793.0,0.0,212.6967,0.5286,2.9332,262.0,63.5814,0.2623,0.4156,704,1048,260,590,166.6684
12,88.8212,1,273.3801,371.7632,7172.0,0.0,125.1972,0.9621,2.185,285.0,41.9424,0.4188,0.5904,16,360,260,590,166.6684
12,88.8212,2,473.128,312.7259,18018.0,4149.0,205.2574,0.9533,1.6326,223.0,55.935,0.4337,0.605,360,704,260,590,166.6684
12,88.8212,3,891.7334,323.5571,12529.0,382.0,211.4651,0.5703,3.1845,250.0,62.4432,0.2907,0.4504,704,1048,260,590,166.6684
12,89.2286,1,277.9328,374.8645,6799.0,0.0,117.1931,0.9552,2.1072,290.0,29.5916,0.5819,0.7357,16,360,260,590,166.6684
12,89.2286,2,445.7655,335.9447,14079.0,1774.0,199.8824,0.9245,2.3894,225.0,68.6827,0.3753,0.5457,360,704,260,590,166.6684
12,89.2286,3,913.7658,340.5295,12445.0,333.0,193.9986,0.7763,2.4973,248.0,59.8117,0.3383,0.5056,704,1048,260,590,166.6684
12,89.6361,1,276.0063,340.4602,8368.0,274.0,129.8442,0.9649,2.1452,252.0,37.0362,0.2955,0.4563,16,360,260,590,166.6684
12,89.6361,2,445.7633,355.5885,13420.0,826.0,176.1805,0.9087,2.2835,258.0,48.7189,0.5304,0.6931,360,704,260,590,166.6684
12,89.6361,3,909.8411,364.3348,12818.0,336.0,209.6995,0.8983,2.9097,247.0,41.9914,0.4743,0.6434,704,1048,260,590,166.6684
12,90.0435,1,280.2881,313.6811,7686.0,258.0,116.4257,0.9585,1.5008,252.0,32.0766,0.4234,0.5949,16,360,260,590,166.6684
12,90.0435,2,444.8531,368.7879,14216.0,404.0,185.4805,0.9658,2.1059,255.0,36.9659,0.5919,0.7437,360,704,260,590,166.6684
12,90.0435,3,922.7426,357.4481,14786.0,862.0,217.0156,0.9446,2.7605,237.0,38.1565,0.4936,0.661,704,1048,260,590,166.6684
12,90.4509,1,265.3015,325.7051,10871.0,554.0,134.1559,0.9336,1.5131,249.0,26.0886,0.5471,0.7072,16,360,260,590,166.6684
12,90.4509,2,461.0812,310.3902,11299.0,1538.0,141.7105,0.8774,1.5913,233.0,77.9582,0.2204,0.3612,360,704,260,590,166.6684
12,90.4509,3,928.9296,356.615,14765.0,771.0,245.1763,0.9966,3.1535,245.0,40.0243,0.5412,0.7023,704,1048,260,590,166.6684
12,90.8584,1,230.9892,320.1992,12821.0,353.0,182.8275,0.5336,2.2884,252.0,43.357,0.4219,0.5934,16,360,260,590,166.6684
12,90.8584,2,501.8731,322.6005,9470.0,686.0,144.5874,0.9731,1.9423,242.0,65.9268,0.2178,0.3577,360,704,260,590,166.6684
12,90.8584,3,919.3695,354.5919,14004.0,792.0,187.1381,0.9978,2.2525,235.0,38.1072,0.5444,0.705,704,1048,260,590,166.6684
12,91.2658,1,230.9322,321.1343,11964.0,311.0,167.7883,0.4861,2.2965,252.0,25.2955,0.723,0.8392,16,360,260,590,166.6684
12,91.2658,2,532.6633,324.1962,12769.0,1398.0,175.0259,0.881,2.2272,234.0,60.742,0.3174,0.4819,360,704,260,590,166.6684
12,91.2658,3,908.9272,375.1061,14830.0,528.0,208.3098,0.9923,2.6107,242.0,39.0861,0.5344,0.6965,704,1048,260,590,166.6684
12,91.6732,1,242.6173,317.2628,8995.0,150.0,133.6744,0.4288,2.0522,258.0,28.1824,0.6019,0.7515,16,360,260,590,166.6684
12,91.6732,2,560.1503,322.1736,11920.0,1612.0,166.8273,0.998,2.1119,219.0,62.5647,0.3161,0.4804,360,704,260,590,166.6684
12,91.6732,3,913.7934,373.3065,13894.0,18.0,224.2523,0.8471,3.299,259.0,50.6662,0.4278,0.5992,704,1048,260,590,166.6684
12,92.0807,1,261.4976,323.5009,8563.0,209.0,149.9093,0.6659,2.3808,252.0,41.0507,0.4331,0.6044,16,360,260,590,166.6684
12,92.0807,2,578.8056,345.9788,12273.0,1069.0,194.7468,0.9997,2.6575,227.0,49.6896,0.4564,0.6268,360,704,260,590,166.6684
12,92.0807,3,927.2365,333.5683,12507.0,1112.0,200.8199,0.8163,2.84,229.0,41.926,0.5059,0.6719,704,1048,260,590,166.6684
12,92.4881,1,237.6988,353.9654,9405.0,39.0,136.4115,0.6454,2.2458,277.0,28.9929,0.5208,0.6849,16,360,260,590,166.6684
12,92.4881,2,589.7976,364.038,14017.0,339.0,203.8133,0.9887,2.5841,246.0,45.8566,0.5075,0.6733,360,704,260,590,166.6684
12,92.4881,3,935.3963,350.324,12792.0,922.0,215.4959,0.8933,3.0019,229.0,54.5643,0.4018,0.5732,704,1048,260,590,166.6684
12,92.8956,1,263.5769,337.8014,9094.0,312.0,145.5178,0.8509,2.2219,251.0,33.2189,0.4403,0.6114,16,360,260,590,166.6684
12,92.8956,2,597.601,360.3221,13344.0,776.0,206.1994,0.9178,2.9886,237.0,44.6057,0.4717,0.6411,360,704,260,590,166.6684
12,92.8956,3,923.1485,397.0331,12721.0,0.0,212.3676,0.8225,3.0582,281.0,52.003,0.3774,0.548,704,1048,260,590,166.6684
12,93.303,1,260.1763,345.6994,9442.0,326.0,146.2643,0.8172,2.2043,251.0,29.6106,0.6,0.75,16,360,260,590,166.6684
12,93.303,2,607.4544,337.8644,10734.0,102.0,154.9896,0.7237,2.0909,263.0,39.385,0.535,0.6971,360,704,260,590,166.6684
12,93.303,3,927.5899,388.8442,14329.0,111.0,206.4014,0.9692,2.7497,255.0,47.4808,0.3669,0.5369,704,1048,260,590,166.6684
12,93.7104,1,261.9935,356.8719,9057.0,239.0,135.7236,0.737,2.2379,279.0,30.7562,0.5105,0.6759,16,360,260,590,166.6684
12,93.7104,2,607.2045,318.6074,9649.0,386.0,131.7678,0.9023,1.5885,248.0,40.4755,0.5376,0.6993,360,704,260,590,166.6684
12,93.7104,3,941.0764,343.7338,12042.0,125.0,172.9788,0.8951,2.0778,254.0,42.3988,0.4875,0.6555,704,1048,260,590,166.6684
12,94.1179,1,279.4346,341.783,5893.0,399.0,93.332,0.8897,1.9978,273.0,40.741,0.3572,0.5264,16,360,260,590,166.6684
12,94.1179,2,594.9124,326.1582,8359.0,201.0,106.203,0.872,1.4298,251.0,38.8034,0.5551,0.7139,360,704,260,590,166.6684
12,94.1179,3,936.9619,351.4019,12399.0,155.0,167.3532,0.9448,1.9368,255.0,28.9819,0.6617,0.7964,704,1048,260,590,166.6684
12,94.5253,1,296.2764,303.6709,4628.0,406.0,108.8569,0.9569,2.2177,246.0,24.479,0.4731,0.6423,16,360,260,590,166.6684
12,94.5253,2,599.5043,307.4357,8192.0,480.0,133.2341,0.8176,1.7219,243.0,40.0666,0.5385,0.7,360,704,260,590,166.6684
12,94.5253,3,948.2528,362.6609,10912.0,0.0,162.061,0.8949,2.1398,271.0,35.8223,0.5519,0.7113,704,1048,260,590,166.6684
12,94.9327,1,267.4482,335.7251,9095.0,754.0,153.5207,0.9414,2.682,240.0,30.0897,0.4724,0.6417,16,360,260,590,166.6684
12,94.9327,2,599.9923,338.8564,12097.0,159.0,184.9875,0.8219,2.1736,263.0,42.7075,0.4417,0.6127,360,704,260,590,166.6684
12,94.9327,3,943.5532,349.6282,10646.0,10.0,123.2138,0.9824,1.4386,271.0,43.8869,0.4186,0.5901,704,1048,260,590,166.6684
12,95.3402,1,270.6254,353.794,10267.0,138.0,215.6056,0.8354,3.5159,257.0,44.3151,0.5035,0.6698,16,360,260,590,166.6684
12,95.3402,2,595.2177,353.9502,13562.0,309.0,168.9745,0.9165,1.9609,262.0,28.9439,0.6067,0.7552,360,704,260,590,166.6684
12,95.3402,3,911.5393,323.0866,9398.0,119.0,114.3782,0.8013,1.3109,270.0,42.6173,0.3116,0.4752,704,1048,260,590,166.6684
12,95.7476,1,267.4272,365.2613,10689.0,309.0,172.6538,0.9185,2.765,253.0,30.6047,0.6383,0.7793,16,360,260,590,166.6684
12,95.7476,2,575.8468,370.1657,13383.0,70.0,152.1454,0.9939,1.7027,260.0,37.5381,0.4164,0.5879,360,704,260,590,166.6684
12,95.7476,3,887.401,334.3133,12128.0,0.0,158.6928,0.7031,1.7603,261.0,37.2203,0.4195,0.5911,704,1048,260,590,166.6684
12,96.155,1,289.457,357.4363,7805.0,167.0,110.0284,0.9514,1.8482,280.0,39.1258,0.4225,0.594,16,360,260,590,166.6684
12,96.155,2,543.5606,306.0133,13810.0,1290.0,212.1248,0.5258,2.6877,232.0,48.8326,0.2743,0.4306,360,704,260,590,166.6684
12,96.155,3,845.5041,322.7981,12829.0,115.0,182.6621,0.5412,2.1997,255.0,41.2001,0.3977,0.5691,704,1048,260,590,166.6684
12,96.5625,1,295.3705,337.2069,5185.0,250.0,110.1077,0.9979,2.7382,250.0,38.1076,0.3477,0.5159,16,360,260,590,166.6684
12,96.5625,2,497.2994,314.9133,15359.0,1160.0,230.3217,0.4996,2.8247,239.0,68.6706,0.2896,0.4492,360,704,260,590,166.6684
12,96.5625,3,826.837,348.4456,14259.0,220.0,174.9317,0.9628,1.7385,252.0,58.8176,0.3426,0.5103,704,1048,260,590,166.6684
12,96.9699,1,290.6758,334.904,7153.0,584.0,123.0024,0.9784,2.3454,249.0,30.6265,0.402,0.5735,16,360,260,590,166.6684
12,96.9699,2,489.5005,339.7062,15268.0,806.0,224.8738,0.6671,2.8515,257.0,66.0926,0.3823,0.5531,360,704,260,590,166.6684
12,96.9699,3,813.9774,364.3089,17417.0,318.0,209.6886,0.9305,2.2018,261.0,46.8155,0.5058,0.6718,704,1048,260,590,166.6684
12,97.3774,1,283.9832,334.6701,9795.0,741.0,143.6748,0.8968,2.0133,262.0,31.1752,0.4981,0.665,16,360,260,590,166.6684
12,97.3774,2,487.3569,352.4733,14569.0,423.0,194.118,0.9128,2.3134,252.0,49.1735,0.4844,0.6527,360,704,260,590,166.6684
12,97.3774,3,811.3223,375.7689,16129.0,0.0,212.2682,0.8867,2.443,267.0,33.486,0.6334,0.7756,704,1048,260,590,166.6684
12,97.7848,1,276.7804,353.0568,11578.0,266.0,155.3335,0.948,1.9918,261.0,20.3441,0.6617,0.7964,16,360,260,590,166.6684
12,97.7848,2,482.8546,307.6358,9272.0,1132.0,137.3224,0.9478,1.6303,229.0,69.7362,0.3248,0.4903,360,704,260,590,166.6684
12,97.7848,3,807.3789,365.9131,15077.0,285.0,209.0154,0.9806,2.591,251.0,44.1238,0.5632,0.7206,704,1048,260,590,166.6684
12,98.1922,1,266.7709,345.1383,11887.0,370.0,151.7663,0.9732,1.7763,252.0,27.4402,0.5044,0.6705,16,360,260,590,166.6684
12,98.1922,2,506.5357,317.4822,11645.0,1421.0,168.1389,0.9368,2.1555,221.0,59.0172,0.4014,0.5728,360,704,260,590,166.6684
12,98.1922,3,790.804,348.3639,14913.0,620.0,181.5649,0.9341,1.6732,237.0,50.5736,0.4937,0.6611,704,1048,260,590,166.6684
12,98.5997,1,247.4151,309.204,11779.0,602.0,167.2232,0.5973,1.9276,247.0,34.1584,0.3997,0.5711,16,360,260,590,166.6684
12,98.5997,2,526.2224,343.1671,12296.0,1098.0,201.2959,0.9769,2.7524,227.0,51.5378,0.5058,0.6718,360,704,260,590,166.6684
12,98.5997,3,780.9021,362.9964,14666.0,118.0,196.1396,0.8968,2.292,269.0,55.3033,0.5016,0.6681,704,1048,260,590,166.6684
12,99.0071,1,200.9384,309.3639,13339.0,765.0,152.676,0.553,1.6197,240.0,44.3584,0.3614,0.5309,16,360,260,590,166.6684
12,99.0071,2,536.3227,358.9624,12062.0,638.0,207.7979,0.9968,2.8212,238.0,53.4205,0.4908,0.6584,360,704,260,590,166.6684
12,99.0071,3,772.4855,381.4788,16541.0,17.0,206.1741,0.9556,2.3222,269.0,51.638,0.5568,0.7153,704,1048,260,590,166.6684
12,99.4145,1,166.7589,320.2209,15710.0,522.0,210.5904,0.4795,2.3391,245.0,45.889,0.382,0.5528,16,360,260,590,166.6684
12,99.4145,2,535.8598,364.7114,14946.0,1045.0,234.0553,0.9831,3.055,226.0,41.7962,0.5881,0.7406,360,704,260,590,166.6684
12,99.4145,3,771.2007,371.9445,13133.0,77.0,170.6337,0.9092,2.0226,270.0,39.6235,0.6213,0.7664,704,1048,260,590,166.6684
12,99.822,1,157.8721,331.5316,15842.0,908.0,204.0705,0.6689,2.1645,240.0,41.5698,0.5528,0.712,16,360,260,590,166.6684
12,99.822,2,538.3954,371.2864,14422.0,876.0,206.5181,0.9977,2.7168,232.0,30.874,0.7141,0.8332,360,704,260,590,166.6684
12,99.822,3,769.5498,364.2326,16149.0,531.0,181.031,0.9957,1.9863,269.0,41.5977,0.5563,0.7149,704,1048,260,590,166.6684
12,100.2294,1,137.0154,315.2824,13649.0,971.0,169.0702,0.6469,1.8463,242.0,37.493,0.5878,0.7404,16,360,260,590,166.6684
12,100.2294,2,543.8664,371.7783,15528.0,452.0,213.7192,0.9598,2.4939,243.0,41.5613,0.5229,0.6867,360,704,260,590,166.6684
12,100.2294,3,790.2636,380.3567,16672.0,70.0,183.1296,0.9929,1.9713,267.0,62.6128,0.4069,0.5784,704,1048,260,590,166.6684
12,100.6368,1,131.1498,318.5861,13147.0,1226.0,184.3236,0.7303,2.1093,233.0,42.7069,0.5952,0.7462,16,360,260,590,166.6684
12,100.6368,2,550.3656,341.1094,14889.0,775.0,201.1887,0.8021,2.5574,246.0,54.3161,0.4466,0.6174,360,704,260,590,166.6684
12,100.6368,3,805.9431,352.2766,17818.0,1520.0,213.3653,0.9196,2.1414,227.0,59.7311,0.4009,0.5723,704,1048,260,590,166.6684
12,101.0443,1,128.8458,336.2786,13816.0,1323.0,196.5411,0.85,2.3575,228.0,48.5662,0.5315,0.6941,16,360,260,590,166.6684
12,101.0443,2,560.2838,317.5902,15580.0,3286.0,216.4959,0.9519,2.2268,225.0,41.4737,0.4948,0.662,360,704,260,590,166.6684
12,101.0443,3,792.906,354.7755,15776.0,95.0,194.8161,0.7848,2.1092,268.0,43.5565,0.5409,0.7021,704,1048,260,590,166.6684
12,101.4517,1,129.1966,351.7643,14214.0,689.0,185.2492,0.8915,2.3609,245.0,35.2169,0.5811,0.7351,16,360,260,590,166.6684
12,101.4517,2,586.0385,324.5098,13157.0,545.0,191.3216,0.6255,2.5975,252.0,68.2008,0.2303,0.3744,360,704,260,590,166.6684
12,101.4517,3,795.26,368.9404,17579.0,175.0,201.9091,0.9999,2.0351,256.0,50.6678,0.4907,0.6583,704,1048,260,590,166.6684
12,101.8592,1,125.5474,309.626,10074.0,1126.0,144.4424,0.9356,1.7099,235.0,65.555,0.359,0.5283,16,360,260,590,166.6684
12,101.8592,2,594.9815,349.4664,10078.0,149.0,143.836,0.8394,2.0494,257.0,54.4149,0.3701,0.5402,360,704,260,590,166.6684
12,101.8592,3,798.6576,358.0112,15436.0,5.0,197.9773,0.799,2.2275,265.0,49.3035,0.4722,0.6415,704,1048,260,590,166.6684
12,102.2666,1,159.0594,313.2786,10716.0,1580.0,180.3607,0.9676,2.3344,221.0,63.9828,0.2985,0.4597,16,360,260,590,166.6684
12,102.2666,2,615.9611,326.3837,8821.0,977.0,140.4888,0.8455,2.1711,265.0,38.8522,0.5071,0.6729,360,704,260,590,166.6684
12,102.2666,3,804.3236,354.587,14279.0,8.0,193.5819,0.7056,2.2996,260.0,42.8987,0.5921,0.7438,704,1048,260,590,166.6684
12,102.674,1,185.4299,325.6754,11407.0,849.0,165.469,0.848,2.0169,237.0,60.5117,0.3518,0.5205,16,360,260,590,166.6684
12,102.674,2,602.1576,370.368,10206.0,392.0,167.7162,0.7856,2.6031,282.0,45.2456,0.3309,0.4973,360,704,260,590,166.6684
12,102.674,3,797.8974,335.0675,12314.0,453.0,171.0497,0.7059,2.1875,247.0,34.9828,0.5229,0.6867,704,1048,260,590,166.6684
12,103.0815,1,201.6806,346.3089,17143.0,1981.0,198.8926,0.9999,2.0637,231.0,53.333,0.3505,0.5191,16,360,260,590,166.6684
12,103.0815,2,597.336,387.6967,12707.0,0.0,203.1799,0.8446,3.1304,261.0,33.9744,0.4929,0.6603,360,704,260,590,166.6684
12,103.0815,3,774.3014,325.8304,11529.0,1290.0,170.0957,0.9093,1.9884,224.0,61.028,0.4066,0.5781,704,1048,260,590,166.6684
12,103.4889,1,199.0545,325.0669,15221.0,2226.0,220.5477,0.8633,2.5866,224.0,46.6091,0.4347,0.606,16,360,260,590,166.6684
12,103.4889,2,611.2974,336.2709,11683.0,855.0,158.3616,0.9193,2.0439,257.0,42.9534,0.3548,0.5237,360,704,260,590,166.6684
12,103.4889,3,762.1378,354.2058,9981.0,352.0,167.8368,0.9886,2.5514,246.0,54.6411,0.4053,0.5768,704,1048,260,590,166.6684
12,103.8963,1,176.3051,331.1283,15397.0,2873.0,241.1627,0.9281,2.8774,207.0,62.9152,0.3811,0.5518,16,360,260,590,166.6684
12,103.8963,2,600.7054,343.6929,11088.0,567.0,155.6751,0.8109,2.2101,263.0,26.8417,0.5959,0.7468,360,704,260,590,166.6684
12,103.8963,3,768.3824,353.0389,13738.0,945.0,200.687,0.9973,2.3918,238.0,62.2616,0.3667,0.5366,704,1048,260,590,166.6684
12,104.3038,1,157.962,351.8677,15590.0,1679.0,220.748,0.9471,2.8483,230.0,65.6524,0.3654,0.5352,16,360,260,590,166.6684
12,104.3038,2,603.4841,349.5578,12537.0,461.0,185.7306,0.8266,2.4867,264.0,32.0696,0.5663,0.7231,360,704,260,590,166.6684
12,104.3038,3,807.5527,356.1934,12452.0,63.0,174.1525,0.9373,2.1927,257.0,74.1243,0.2666,0.421,704,1048,260,590,166.6684
12,104.7112,1,130.2031,340.2062,15490.0,2154.0,234.1354,0.9894,2.8686,218.0,66.7454,0.4396,0.6107,16,360,260,590,166.6684
12,104.7112,2,598.0702,356.2962,12160.0,225.0,186.3504,0.9447,2.2807,264.0,33.7133,0.553,0.7122,360,704,260,590,166.6684
12,104.7112,3,818.907,356.642,12063.0,269.0,197.0806,0.9994,2.2467,249.0,67.6015,0.455,0.6254,704,1048,260,590,166.6684
12,105.1187,1,126.613,351.8032,12718.0,1050.0,198.6514,0.9995,2.6353,233.0,53.3104,0.576,0.7309,16,360,260,590,166.6684
12,105.1187,2,545.8991,386.3976,5707.0,0.0,98.5266,0.7968,1.8624,321.0,50.7882,0.2228,0.3645,360,704,260,590,166.6684
12,105.1187,3,823.5065,321.2065,8373.0,1049.0,160.4193,0.9929,2.3366,227.0,55.2835,0.4659,0.6356,704,1048,260,590,166.6684
12,105.5261,1,141.0586,345.0972,12763.0,1040.0,188.9875,0.9372,2.4376,236.0,55.4475,0.4072,0.5788,16,360,260,590,166.6684
12,105.5261,2,483.3367,405.7848,683.0,0.0,,,,,51.9082,0.0,0.0,360,704,260,590,166.6684
12,105.5261,3,817.9688,346.6089,12189.0,793.0,221.8813,0.9449,3.0567,237.0,63.7589,0.448,0.6188,704,1048,260,590,166.6684
12,105.9335,1,177.3732,308.2032,10504.0,1205.0,160.2455,0.7916,1.9945,232.0,60.8304,0.3316,0.498,16,360,260,590,166.6684
12,105.9335,2,633.1557,311.9042,2485.0,0.0,64.8573,0.9304,1.6211,277.0,29.5592,0.0,0.0,360,704,260,590,166.6684
12,105.9335,3,813.5137,365.7448,13000.0,152.0,218.3018,0.9303,2.884,253.0,54.3759,0.5676,0.7241,704,1048,260,590,166.6684
12,106.341,1,200.4764,316.1633,9841.0,890.0,155.0038,0.9116,1.9574,237.0,59.6458,0.433,0.6044,16,360,260,590,166.6684
12,106.341,2,633.7137,316.9206,5389.0,1007.0,117.4019,0.9632,3.1594,263.0,31.5857,0.3539,0.5227,360,704,260,590,166.6684
12,106.341,3,800.16,353.3562,15291.0,1246.0,217.6495,0.9063,2.8637,232.0,51.4353,0.5408,0.702,704,1048,260,590,166.6684
12,106.7484,1,215.3307,330.52,12120.0,924.0,173.9598,0.92,2.1015,236.0,57.966,0.4892,0.657,16,360,260,590,166.6684
12,106.7484,2,620.0353,352.5278,8015.0,361.0,177.6112,0.9484,3.5762,251.0,32.7967,0.4774,0.6462,360,704,260,590,166.6684
12,106.7484,3,792.8968,354.3593,10956.0,199.0,188.4519,0.8449,2.9569,251.0,63.0451,0.439,0.6101,704,1048,260,590,166.6684
12,107.1558,1,227.6698,337.1813,13620.0,1369.0,203.8185,0.8875,2.6641,234.0,60.0862,0.4103,0.5818,16,360,260,590,166.6684
12,107.1558,2,623.9606,345.8053,9294.0,332.0,182.3854,0.9544,2.8285,247.0,29.1951,0.5918,0.7435,360,704,260,590,166.6684
12,107.1558,3,771.3418,344.4755,11903.0,1139.0,194.0737,0.9451,2.4312,225.0,63.1631,0.4236,0.5951,704,1048,260,590,166.6684
12,107.5633,1,250.8846,327.5565,11381.0,575.0,167.6481,0.7348,2.2385,245.0,53.0596,0.4368,0.6081,16,360,260,590,166.6684
12,107.5633,2,615.5088,325.9324,11320.0,1760.0,184.0627,0.9755,2.6783,215.0,39.7077,0.4782,0.647,360,704,260,590,166.6684
12,107.5633,3,758.479,370.3603,10932.0,511.0,169.1619,0.9579,2.3453,270.0,76.3861,0.3544,0.5233,704,1048,260,590,166.6684
12,107.9707,1,265.4882,338.0707,11294.0,766.0,189.1468,0.8954,2.7694,238.0,61.5535,0.4331,0.6045,16,360,260,590,166.6684
12,107.9707,2,607.4054,362.0321,11425.0,673.0,173.9103,0.9333,2.5231,263.0,42.9352,0.5098,0.6753,360,704,260,590,166.6684
12,107.9707,3,757.9713,391.9588,12511.0,5.0,200.9119,0.9923,2.7472,268.0,49.3108,0.5292,0.6921,704,1048,260,590,166.6684
12,108.3781,1,269.8463,362.461,9018.0,20.0,159.832,0.8306,2.491,283.0,47.8897,0.4404,0.6115,16,360,260,590,166.6684
12,108.3781,2,607.0759,387.9792,9224.0,0.0,152.7908,0.8379,2.4396,307.0,43.3591,0.4406,0.6117,360,704,260,590,166.6684
12,108.3781,3,762.3489,366.8258,12225.0,389.0,166.3569,0.9108,2.1638,266.0,63.7882,0.4546,0.6251,704,1048,260,590,166.6684
12,108.7856,1,276.0296,361.0307,10816.0,628.0,173.3993,0.9512,2.6648,243.0,42.3051,0.4545,0.625,16,360,260,590,166.6684
12,108.7856,2,633.7773,331.5282,7274.0,789.0,191.6434,0.9822,4.1226,240.0,50.254,0.3792,0.5499,360,704,260,590,166.6684
12,108.7856,3,770.4303,359.6034,12446.0,276.0,166.6869,0.898,2.0581,269.0,36.741,0.6216,0.7666,704,1048,260,590,166.6684
12,109.193,1,269.7652,347.7965,7896.0,452.0,131.4404,0.8624,2.4567,275.0,40.5594,0.4381,0.6092,16,360,260,590,166.6684
12,109.193,2,614.6084,356.3932,8808.0,658.0,143.1357,0.9375,2.6837,280.0,32.5219,0.6,0.75,360,704,260,590,166.6684
12,109.193,3,772.1873,374.078,12045.0,52.0,184.482,0.9188,2.4224,257.0,35.1263,0.6372,0.7784,704,1048,260,590,166.6684
12,109.6005,1,276.2211,347.934,7753.0,326.0,120.5857,0.9035,2.1494,273.0,24.527,0.6383,0.7792,16,360,260,590,166.6684
12,109.6005,2,616.4652,367.4314,9153.0,0.0,157.9049,0.8913,2.5483,275.0,34.897,0.5043,0.6705,360,704,260,590,166.6684
12,109.6005,3,771.6884,358.7709,10984.0,123.0,153.2101,0.9797,1.8837,254.0,56.0553,0.4583,0.6285,704,1048,260,590,166.6684
12,110.0079,1,280.7956,350.0122,7393.0,229.0,130.061,0.9432,2.3396,257.0,25.7564,0.5684,0.7248,16,360,260,590,166.6684
12,110.0079,2,597.5264,327.5508,9389.0,801.0,137.6541,0.8275,1.9626,243.0,65.1981,0.1711,0.2922,360,704,260,590,166.6684
12,110.0079,3,781.2418,343.7083,10370.0,719.0,173.1321,0.9986,2.5559,234.0,59.9331,0.3723,0.5426,704,1048,260,590,166.6684
12,110.4153,1,265.0804,356.5649,5799.0,0.0,110.0046,0.847,2.2792,283.0,27.6342,0.4206,0.5922,16,360,260,590,166.6684
12,110.4153,2,596.0631,320.4286,10359.0,1001.0,148.2452,0.7311,2.0681,262.0,38.5558,0.5558,0.7145,360,704,260,590,166.6684
12,110.4153,3,801.6552,329.7053,11160.0,1574.0,205.7285,0.9657,3.1689,221.0,52.4929,0.3818,0.5526,704,1048,260,590,166.6684
12,110.8228,1,287.5172,340.2029,4238.0,0.0,108.5631,0.7587,2.2378,292.0,22.6273,0.5456,0.706,16,360,260,590,166.6684
12,110.8228,2,583.221,364.2945,10296.0,0.0,186.6763,0.6128,2.9407,284.0,52.8515,0.2783,0.4354,360,704,260,590,166.6684
12,110.8228,3,817.1795,363.3269,12956.0,388.0,207.3308,0.9577,2.8817,249.0,63.2232,0.3375,0.5046,704,1048,260,590,166.6684
12,111.2302,1,271.5897,377.5129,6951.0,191.0,127.0575,0.9119,2.84,302.0,30.0051,0.3344,0.5012,16,360,260,590,166.6684
12,111.2302,2,587.7317,378.6528,10744.0,0.0,213.1139,0.7759,3.9946,264.0,41.1102,0.4726,0.6418,360,704,260,590,166.6684
12,111.2302,3,830.6201,363.7759,13201.0,286.0,200.9044,0.9846,2.5708,247.0,59.4918,0.4035,0.575,704,1048,260,590,166.6684
12,111.6376,1,303.5851,356.4497,3938.0,0.0,112.7266,0.9762,2.9935,300.0,25.6284,0.3801,0.5508,16,360,260,590,166.6684
12,111.6376,2,620.2424,333.8106,8448.0,1424.0,125.7949,0.9079,2.2824,263.0,39.1766,0.3168,0.4811,360,704,260,590,166.6684
12,111.6376,3,849.6433,361.8905,14476.0,652.0,194.0595,0.9771,2.384,241.0,42.5997,0.5262,0.6896,704,1048,260,590,166.6684
12,112.0451,1,312.5155,322.3436,4427.0,932.0,94.2264,0.9961,2.8342,316.0,19.9123,0.4722,0.6415,16,360,260,590,166.6684
12,112.0451,2,613.9816,381.1038,9021.0,0.0,166.9392,0.9122,3.0128,281.0,36.9737,0.3388,0.5062,360,704,260,590,166.6684
12,112.0451,3,836.965,361.0662,13928.0,476.0,219.6527,0.9275,3.0216,242.0,52.5837,0.4891,0.6569,704,1048,260,590,166.6684
12,112.4525,1,265.6311,429.4339,7007.0,0.0,129.2498,0.992,3.8102,319.0,27.2809,0.3426,0.5104,16,360,260,590,166.6684
12,112.4525,2,610.0897,381.1395,7618.0,0.0,134.238,0.8914,2.3513,296.0,32.161,0.5208,0.6849,360,704,260,590,166.6684
12,112.4525,3,815.1146,350.2767,13817.0,1602.0,227.3861,0.911,3.3367,217.0,64.7851,0.3737,0.5441,704,1048,260,590,166.6684
12,112.8599,1,298.6833,379.0961,6294.0,234.0,146.4813,0.9758,3.6192,292.0,29.2335,0.3985,0.5699,16,360,260,590,166.6684
12,112.8599,2,631.3216,298.0185,4695.0,753.0,91.6808,0.8456,1.819,266.0,42.9488,0.1186,0.212,360,704,260,590,166.6684
12,112.8599,3,786.0218,362.2377,12446.0,635.0,215.4377,0.9833,2.9761,236.0,79.694,0.2703,0.4255,704,1048,260,590,166.6684
12,113.2674,1,291.1451,354.896,5720.0,0.0,117.17,0.9394,2.27,282.0,37.0855,0.3548,0.5237,16,360,260,590,166.6684
12,113.2674,2,623.5431,311.8823,9426.0,2081.0,200.5458,0.9841,3.4798,197.0,41.3526,0.4262,0.5977,360,704,260,590,166.6684
12,113.2674,3,788.9093,383.9508,12319.0,234.0,211.9886,0.9781,3.2049,249.0,39.7394,0.614,0.7608,704,1048,260,590,166.6684
12,113.6748,1,283.6618,378.2074,7010.0,0.0,118.911,0.975,2.3455,280.0,22.3838,0.6737,0.805,16,360,260,590,166.6684
12,113.6748,2,608.9675,339.7008,11316.0,616.0,186.6381,0.9897,2.4174,237.0,61.6283,0.3645,0.5343,360,704,260,590,166.6684
12,113.6748,3,791.0209,348.5784,14749.0,1701.0,221.4016,0.9378,3.0163,217.0,64.2679,0.409,0.5805,704,1048,260,590,166.6684
12,114.0823,1,291.3062,323.9241,6182.0,198.0,110.0649,0.9786,1.9336,257.0,36.7864,0.3387,0.5061,16,360,260,590,166.6684
12,114.0823,2,598.6092,331.6224,13415.0,1520.0,208.7481,0.8927,3.0767,225.0,47.2336,0.4774,0.6462,360,704,260,590,166.6684
12,114.0823,3,804.7555,372.8128,12534.0,0.0,187.8851,0.9426,2.5344,263.0,48.9437,0.5227,0.6865,704,1048,260,590,166.6684
12,114.4897,1,288.6798,297.7613,5119.0,198.0,90.0194,0.9386,1.2644,255.0,26.1958,0.5086,0.6743,16,360,260,590,166.6684
12,114.4897,2,605.8019,319.8288,13137.0,2024.0,195.6546,0.8695,2.5543,207.0,35.1484,0.5781,0.7327,360,704,260,590,166.6684
12,114.4897,3,807.9432,358.9902,14052.0,793.0,193.6986,0.9241,2.5439,238.0,57.1918,0.4366,0.6078,704,1048,260,590,166.6684
12,114.8971,1,272.323,316.6992,7451.0,247.0,104.2618,0.9748,1.3528,257.0,28.7328,0.4621,0.6321,16,360,260,590,166.6684
12,114.8971,2,615.985,335.8474,10203.0,1603.0,207.7385,0.9479,3.4248,209.0,52.311,0.4092,0.5807,360,704,260,590,166.6684
12,114.8971,3,796.4296,346.1286,11761.0,380.0,189.677,0.9111,2.4578,246.0,33.0402,0.6355,0.7771,704,1048,260,590,166.6684
12,115.3046,1,260.2593,328.1869,9039.0,240.0,112.8861,0.9213,1.3382,252.0,23.6842,0.5738,0.7292,16,360,260,590,166.6684
12,115.3046,2,621.4997,358.345,9169.0,867.0,147.9773,0.9419,2.8028,271.0,45.6855,0.3498,0.5183,360,704,260,590,166.6684
12,115.3046,3,799.0528,372.7298,13157.0,128.0,175.6071,0.9995,2.1316,252.0,51.6151,0.4817,0.6502,704,1048,260,590,166.6684
12,115.712,1,236.207,297.3241,8939.0,304.0,148.4606,0.3743,1.8709,252.0,32.3011,0.44,0.6111,16,360,260,590,166.6684
12,115.712,2,618.4375,387.6288,12081.0,0.0,195.1739,0.9821,3.0175,262.0,32.2028,0.4103,0.5818,360,704,260,590,166.6684
12,115.712,3,813.1864,354.5664,12679.0,546.0,180.7966,0.9292,2.4057,241.0,59.4853,0.3302,0.4965,704,1048,260,590,166.6684
12,116.1194,1,202.877,313.9773,11327.0,440.0,139.5094,0.7139,1.4423,248.0,45.088,0.355,0.524,16,360,260,590,166.6684
12,116.1194,2,590.6812,343.3464,11258.0,337.0,144.7852,0.9976,1.7645,257.0,54.4635,0.1246,0.2215,360,704,260,590,166.6684
12,116.1194,3,834.8901,347.1552,12934.0,1067.0,196.0317,0.9959,2.6734,226.0,58.2625,0.3684,0.5385,704,1048,260,590,166.6684
12,116.5269,1,178.9087,321.8957,13906.0,308.0,193.5927,0.5786,2.3396,250.0,41.6085,0.4499,0.6206,16,360,260,590,166.6684
12,116.5269,2,545.8593,302.5799,10016.0,864.0,136.0022,0.7676,1.6978,239.0,54.7481,0.223,0.3647,360,704,260,590,166.6684
12,116.5269,3,849.9794,388.5051,14094.0,176.0,199.8183,0.9949,2.7384,251.0,47.4065,0.474,0.6432,704,1048,260,590,166.6684
12,116.9343,1,158.2977,307.3838,13483.0,998.0,185.8707,0.5371,2.003,243.0,37.3977,0.5719,0.7277,16,360,260,590,166.6684
12,116.9343,2,512.1701,308.4035,12816.0,811.0,170.6296,0.6099,1.9295,241.0,55.2731,0.3817,0.5525,360,704,260,590,166.6684
12,116.9343,3,859.6529,370.6995,12882.0,210.0,217.2763,0.966,2.9821,252.0,53.2352,0.4617,0.6317,704,1048,260,590,166.6684
12,117.3418,1,133.9885,312.7759,14206.0,1046.0,154.6056,0.6947,1.2035,242.0,48.3734,0.5457,0.7061,16,360,260,590,166.6684
12,117.3418,2,490.6481,323.2036,17375.0,3023.0,200.1066,0.9997,1.9191,211.0,61.9816,0.3631,0.5328,360,704,260,590,166.6684
12,117.3418,3,868.1702,368.8713,14337.0,648.0,203.3511,0.9965,2.6932,237.0,59.7068,0.384,0.5549,704,1048,260,590,166.6684
12,117.7492,1,130.0676,340.157,14303.0,272.0,181.8576,0.8058,1.6916,256.0,58.048,0.4242,0.5957,16,360,260,590,166.6684
12,117.7492,2,478.2498,349.7482,16173.0,58.0,213.4277,0.7125,2.4123,259.0,60.233,0.344,0.5119,360,704,260,590,166.6684
12,117.7492,3,867.7584,385.836,13770.0,182.0,194.6459,0.9959,2.6031,251.0,44.78,0.4932,0.6606,704,1048,260,590,166.6684
12,118.1566,1,125.6448,333.7817,13684.0,1007.0,178.1005,0.8608,1.9343,234.0,37.703,0.5929,0.7444,16,360,260,590,166.6684
12,118.1566,2,466.1847,346.1082,16566.0,566.0,184.9811,0.7424,2.034,247.0,40.8786,0.5551,0.7139,360,704,260,590,166.6684
12,118.1566,3,872.5061,376.1901,13799.0,397.0,197.053,0.996,2.6238,244.0,38.1554,0.6094,0.7573,704,1048,260,590,166.6684
12,118.5641,1,122.6059,343.7428,13521.0,518.0,153.514,0.9674,1.5675,257.0,41.6842,0.6106,0.7582,16,360,260,590,166.6684
12,118.5641,2,472.4366,296.2398,11419.0,1718.0,152.9243,0.5789,1.8147,234.0,66.9977,0.3462,0.5143,360,704,260,590,166.6684
12,118.5641,3,880.6494,350.6408,13946.0,1537.0,215.1032,0.9887,2.9444,220.0,40.6958,0.5641,0.7213,704,1048,260,590,166.6684
12,118.9715,1,117.2992,326.5923,13101.0,949.0,173.7588,0.9522,1.6659,245.0,44.4087,0.4595,0.6297,16,360,260,590,166.6684
12,118.9715,2,459.5539,314.8054,13379.0,2147.0,183.7359,0.9319,2.2157,218.0,61.1469,0.4357,0.607,360,704,260,590,166.6684
12,118.9715,3,887.7655,371.3895,12887.0,188.0,208.8507,0.9955,2.881,251.0,55.0661,0.4827,0.6511,704,1048,260,590,166.6684
12,119.3789,1,147.7251,308.9192,11656.0,772.0,120.2412,0.1061,1.1316,253.0,64.8041,0.3448,0.5127,16,360,260,590,166.6684
12,119.3789,2,464.4993,336.2975,11371.0,742.0,171.4594,0.9517,2.1204,238.0,46.8151,0.5594,0.7175,360,704,260,590,166.6684
12,119.3789,3,890.1777,390.147,16453.0,330.0,235.204,0.9938,3.0911,248.0,48.3625,0.5051,0.6712,704,1048,260,590,166.6684
12,119.7864,1,187.7991,324.2233,13352.0,785.0,168.6823,0.8377,1.8124,240.0,57.4892,0.2796,0.437,16,360,260,590,166.6684
12,119.7864,2,469.9987,333.2657,11735.0,1103.0,151.2926,0.9762,1.8382,231.0,70.1759,0.3098,0.473,360,704,260,590,166.6684
12,119.7864,3,902.4095,350.4946,12898.0,0.0,191.6121,0.8409,2.3586,260.0,57.7698,0.4209,0.5924,704,1048,260,590,166.6684
12,120.1938,1,203.6763,350.5266,14562.0,229.0,180.1921,0.7367,1.984,250.0,44.0319,0.4238,0.5953,16,360,260,590,166.6684
12,120.1938,2,519.0861,301.8535,9513.0,1513.0,146.06,0.9998,1.7692,223.0,70.8512,0.2382,0.3848,360,704,260,590,166.6684
12,120.1938,3,896.1241,344.5085,13741.0,129.0,188.6559,0.5888,2.5162,255.0,48.669,0.4788,0.6475,704,1048,260,590,166.6684
12,120.6012,1,221.6368,350.2922,15244.0,657.0,185.4226,0.9357,2.0291,240.0,38.6566,0.535,0.6971,16,360,260,590,166.6684
12,120.6012,2,537.91,325.9028,11089.0,1085.0,159.2813,0.9998,1.9607,229.0,62.0664,0.4482,0.619,360,704,260,590,166.6684
12,120.6012,3,928.5107,329.6914,11271.0,77.0,154.0371,0.6602,1.9363,260.0,57.6546,0.4082,0.5797,704,1048,260,590,166.6684
12,121.0087,1,224.4003,364.9218,16416.0,543.0,197.9525,0.881,2.1614,239.0,35.5965,0.5107,0.6761,16,360,260,590,166.6684
12,121.0087,2,545.5242,344.9842,12254.0,707.0,180.3017,0.9984,2.2358,235.0,45.7367,0.6374,0.7786,360,704,260,590,166.6684
12,121.0087,3,933.96,367.7079,11736.0,63.0,166.6054,0.8636,2.2022,273.0,57.4903,0.3074,0.4702,704,1048,260,590,166.6684
12,121.4161,1,243.0954,352.8707,15196.0,1007.0,195.1166,0.8962,2.2538,231.0,34.2989,0.5297,0.6925,16,360,260,590,166.6684
12,121.4161,2,550.9815,346.9885,12736.0,603.0,189.2167,0.9557,2.4277,246.0,44.2673,0.5583,0.7165,360,704,260,590,166.6684
12,121.4161,3,945.8327,379.6043,11360.0,20.0,178.2669,0.9454,2.4662,270.0,38.4243,0.4943,0.6616,704,1048,260,590,166.6684
12,121.8236,1,261.7705,358.5993,13309.0,197.0,173.5743,0.9293,2.0848,262.0,36.6582,0.4585,0.6287,16,360,260,590,166.6684
12,121.8236,2,564.9965,313.7888,12930.0,1122.0,173.346,0.7195,2.0656,242.0,53.7492,0.4739,0.643,360,704,260,590,166.6684
12,121.8236,3,944.5753,380.0241,11261.0,0.0,168.7325,0.8678,2.3066,278.0,32.1715,0.5303,0.6931,704,1048,260,590,166.6684
12,122.231,1,256.7577,333.876,12585.0,384.0,171.695,0.9522,1.8927,248.0,30.1017,0.4807,0.6493,16,360,260,590,166.6684
12,122.231,2,572.2206,323.6797,15003.0,1875.0,188.1862,0.9631,1.7029,223.0,45.5456,0.5254,0.6889,360,704,260,590,166.6684
12,122.231,3,949.93,357.1771,10973.0,0.0,149.4765,0.9921,1.8266,272.0,37.2024,0.3941,0.5654,704,1048,260,590,166.6684
12,122.6384,1,227.1811,321.2323,14092.0,998.0,177.2613,0.8427,1.6206,238.0,34.902,0.4957,0.6628,16,360,260,590,166.6684
12,122.6384,2,587.0481,330.1754,14519.0,902.0,197.6681,0.7962,2.4475,243.0,56.7547,0.3861,0.5571,360,704,260,590,166.6684
12,122.6384,3,909.7731,327.6294,10316.0,85.0,181.414,0.47,2.7685,258.0,43.2739,0.2717,0.4273,704,1048,260,590,166.6684
12,123.0459,1,180.174,316.6277,15550.0,698.0,212.7912,0.546,2.2859,246.0,50.8651,0.3292,0.4954,16,360,260,590,166.6684
12,123.0459,2,593.0758,349.9379,11703.0,153.0,178.3575,0.7957,2.3529,255.0,52.9788,0.4266,0.598,360,704,260,590,166.6684
12,123.0459,3,843.7808,324.2277,11677.0,80.0,143.6171,0.7812,1.5229,257.0,56.594,0.1661,0.2848,704,1048,260,590,166.6684
12,123.4533,1,166.3176,324.4132,14829.0,350.0,204.0118,0.5147,2.2903,250.0,34.6027,0.5365,0.6984,16,360,260,590,166.6684
12,123.4533,2,601.8268,327.9506,9117.0,198.0,124.3284,0.9026,1.6194,252.0,49.5709,0.4165,0.5881,360,704,260,590,166.6684
12,123.4533,3,806.8315,333.0653,13421.0,11.0,180.1031,0.6435,1.9536,260.0,54.9944,0.3569,0.5261,704,1048,260,590,166.6684
12,123.8607,1,147.5435,317.0811,14777.0,972.0,172.6271,0.5994,1.8115,243.0,32.469,0.592,0.7437,16,360,260,590,166.6684
12,123.8607,2,614.7852,310.5518,8381.0,700.0,130.3492,0.9667,1.6993,238.0,39.2638,0.5949,0.746,360,704,260,590,166.6684
12,123.8607,3,794.7334,335.703,13753.0,0.0,164.0918,0.6396,1.7362,260.0,38.3397,0.5769,0.7317,704,1048,260,590,166.6684
12,124.2682,1,137.8741,315.7478,13745.0,869.0,162.7193,0.6738,1.6493,240.0,31.2113,0.6528,0.7899,16,360,260,590,166.6684
12,124.2682,2,619.159,350.4635,8680.0,0.0,143.7771,0.9443,2.217,265.0,47.7722,0.2664,0.4207,360,704,260,590,166.6684
12,124.2682,3,779.3429,337.6867,12922.0,159.0,147.13,0.8031,1.5619,263.0,49.3726,0.5454,0.7058,704,1048,260,590,166.6684
12,124.6756,1,131.6917,332.1715,13148.0,961.0,182.4379,0.6921,2.3761,256.0,61.959,0.434,0.6053,16,360,260,590,166.6684
12,124.6756,2,627.0454,356.7856,9162.0,158.0,144.3159,0.9722,2.2821,264.0,26.6088,0.5608,0.7186,360,704,260,590,166.6684
12,124.6756,3,767.3294,357.3601,13779.0,218.0,153.8801,0.9859,1.4471,269.0,48.0404,0.5166,0.6812,704,1048,260,590,166.6684
12,125.083,1,125.4234,348.0387,13272.0,865.0,182.3122,0.8982,2.2717,238.0,37.7611,0.5612,0.7189,16,360,260,590,166.6684
12,125.083,2,613.7411,353.1026,9759.0,99.0,149.8042,0.8901,2.2728,264.0,31.6806,0.4326,0.604,360,704,260,590,166.6684
12,125.083,3,774.372,361.1197,13345.0,163.0,189.7705,0.946,2.3477,252.0,38.5894,0.6092,0.7571,704,1048,260,590,166.6684
12,125.4905,1,111.1472,337.2104,12666.0,1015.0,135.7133,0.9998,1.6118,237.0,55.7771,0.4216,0.5932,16,360,260,590,166.6684
12,125.4905,2,605.5285,308.6318,8025.0,335.0,121.45,0.8664,1.4909,249.0,39.9063,0.3117,0.4753,360,704,260,590,166.6684
12,125.4905,3,776.2525,375.9952,13518.0,26.0,190.9677,0.9671,2.2838,266.0,36.5838,0.6699,0.8023,704,1048,260,590,166.6684
12,125.8979,1,128.551,313.7998,10088.0,1078.0,144.1703,0.9825,1.6237,239.0,47.6422,0.4444,0.6154,16,360,260,590,166.6684
12,125.8979,2,579.5546,318.3278,8444.0,478.0,96.7424,0.8659,1.1879,258.0,40.4889,0.395,0.5663,360,704,260,590,166.6684
12,125.8979,3,776.4059,375.1771,14420.0,332.0,212.7091,0.9493,2.6911,249.0,41.0024,0.5902,0.7423,704,1048,260,590,166.6684
12,126.3054,1,157.3433,305.5476,10548.0,1383.0,139.9767,0.8166,1.6031,237.0,55.6134,0.3233,0.4887,16,360,260,590,166.6684
12,126.3054,2,551.1347,316.8735,9732.0,668.0,133.3325,0.9992,1.5578,240.0,52.7215,0.3041,0.4663,360,704,260,590,166.6684
12,126.3054,3,775.5086,357.823,12224.0,0.0,172.0689,0.9385,2.0585,260.0,42.0915,0.544,0.7046,704,1048,260,590,166.6684
12,126.7128,1,201.4321,308.5665,13116.0,1973.0,157.8912,0.8188,1.6714,228.0,70.5557,0.2683,0.4231,16,360,260,590,166.6684
12,126.7128,2,539.4085,334.2923,10047.0,125.0,123.1743,0.9999,1.3865,255.0,37.0877,0.5866,0.7395,360,704,260,590,166.6684
12,126.7128,3,764.2889,369.1757,12676.0,361.0,196.6634,0.991,2.7038,248.0,46.3142,0.5194,0.6837,704,1048,260,590,166.6684
12,127.1202,1,239.5106,308.3047,11498.0,1199.0,165.2855,0.7739,1.924,239.0,70.3749,0.3426,0.5104,16,360,260,590,166.6684
12,127.1202,2,537.4045,351.3299,11855.0,132.0,123.3708,0.9301,1.3442,273.0,36.4481,0.5864,0.7393,360,704,260,590,166.6684
12,127.1202,3,766.029,372.4237,11973.0,27.0,179.7455,0.975,2.2159,267.0,38.4196,0.6619,0.7965,704,1048,260,590,166.6684
12,127.5277,1,267.0022,307.249,10295.0,983.0,148.1978,0.8156,1.7429,239.0,57.1284,0.4762,0.6452,16,360,260,590,166.6684
12,127.5277,2,519.8129,324.396,11940.0,630.0,160.8202,0.6659,1.9942,247.0,48.5091,0.4127,0.5842,360,704,260,590,166.6684
12,127.5277,3,767.2321,344.1586,11673.0,529.0,177.1324,0.9821,2.2237,241.0,46.2658,0.5771,0.7319,704,1048,260,590,166.6684
12,127.9351,1,282.9326,310.9898,8976.0,1006.0,154.2131,0.9569,2.0915,233.0,45.8466,0.5892,0.7415,16,360,260,590,166.6684
12,127.9351,2,551.6362,308.5301,11705.0,446.0,180.8305,0.4381,2.2628,249.0,44.3848,0.4473,0.6181,360,704,260,590,166.6684
12,127.9351,3,773.3911,370.7989,11909.0,0.0,167.5601,0.9786,2.1148,262.0,40.7776,0.6004,0.7503,704,1048,260,590,166.6684
12,128.3425,1,268.0138,353.4606,9244.0,467.0,157.7159,0.9514,2.7725,241.0,35.9685,0.529,0.692,16,360,260,590,166.6684
12,128.3425,2,579.8731,322.4869,11377.0,243.0,185.4727,0.5195,2.5393,262.0,49.9549,0.3336,0.5003,360,704,260,590,166.6684
12,128.3425,3,774.2929,351.9448,10220.0,74.0,139.8164,0.9936,1.7532,261.0,54.0239,0.4805,0.6491,704,1048,260,590,166.6684
12,128.75,1,287.6872,324.9453,7098.0,472.0,152.7045,0.99,2.8411,243.0,26.0007,0.5637,0.721,16,360,260,590,166.6684
12,128.75,2,583.7006,337.195,11777.0,218.0,181.2794,0.6432,2.5281,260.0,36.6175,0.5306,0.6934,360,704,260,590,166.6684
12,128.75,3,784.5017,342.0408,9544.0,85.0,132.5455,0.8351,1.8156,261.0,58.5777,0.4662,0.6359,704,1048,260,590,166.6684
12,129.1574,1,276.3523,329.8101,9189.0,914.0,157.8165,0.9767,2.4509,237.0,28.7326,0.5602,0.7181,16,360,260,590,166.6684
12,129.1574,2,578.8004,340.8974,12237.0,203.0,181.6277,0.6125,2.5366,262.0,24.121,0.738,0.8493,360,704,260,590,166.6684
12,129.1574,3,812.7667,323.9493,7911.0,64.0,125.3074,0.9715,1.6301,256.0,59.1567,0.3684,0.5384,704,1048,260,590,166.6684
12,129.5648,1,277.7068,338.7894,10748.0,1048.0,208.5858,0.9442,3.0292,235.0,31.3735,0.6142,0.761,16,360,260,590,166.6684
12,129.5648,2,581.2382,336.8664,11179.0,268.0,174.2499,0.6884,2.5486,261.0,25.5889,0.6682,0.8011,360,704,260,590,166.6684
12,129.5648,3,820.7361,342.2222,10044.0,44.0,149.2918,0.9366,1.9279,257.0,43.4644,0.5884,0.7409,704,1048,260,590,166.6684
12,129.9723,1,257.5887,379.341,11057.0,169.0,171.778,0.9433,2.9954,254.0,34.1305,0.49,0.6577,16,360,260,590,166.6684
12,129.9723,2,581.4574,343.3536,11611.0,214.0,159.3736,0.7672,2.0586,263.0,31.9572,0.6087,0.7567,360,704,260,590,166.6684
12,129.9723,3,822.75,360.7341,11527.0,19.0,157.2214,0.9711,1.9557,259.0,39.1402,0.5937,0.7451,704,1048,260,590,166.6684
12,130.3797,1,275.8736,348.0967,8782.0,347.0,140.2345,0.9198,2.1782,246.0,33.7584,0.469,0.6385,16,360,260,590,166.6684
12,130.3797,2,580.0437,341.7641,12041.0,156.0,167.0433,0.7374,2.0988,263.0,30.0756,0.6211,0.7663,360,704,260,590,166.6684
12,130.3797,3,832.5419,349.2403,13998.0,1276.0,217.8872,0.9576,2.9163,229.0,43.464,0.53,0.6928,704,1048,260,590,166.6684
12,130.7872,1,286.49,320.528,5441.0,280.0,108.3261,0.9084,2.15,250.0,36.2669,0.5158,0.6806,16,360,260,590,166.6684
12,130.7872,2,566.0169,341.9715,11275.0,306.0,159.8259,0.6413,2.4638,264.0,37.0174,0.5575,0.7159,360,704,260,590,166.6684
12,130.7872,3,842.6776,372.8808,12100.0,59.0,186.4362,0.9995,2.4598,256.0,55.6086,0.4408,0.6118,704,1048,260,590,166.6684
12,131.1946,1,283.0366,340.2781,5851.0,107.0,98.4906,0.9373,1.8149,272.0,25.5853,0.5751,0.7303,16,360,260,590,166.6684
12,131.1946,2,588.9782,337.3165,9553.0,185.0,147.178,0.6367,2.2675,275.0,37.0856,0.516,0.6807,360,704,260,590,166.6684
12,131.1946,3,849.0883,384.7008,12860.0,0.0,189.2944,0.9958,2.4016,270.0,39.1748,0.6046,0.7536,704,1048,260,590,166.6684
12,131.602,1,295.0957,305.8684,5288.0,299.0,106.1536,0.9975,1.7709,248.0,27.8876,0.4862,0.6543,16,360,260,590,166.6684
12,131.602,2,600.239,342.5857,8375.0,0.0,142.8357,0.7543,2.3318,273.0,38.9345,0.4934,0.6608,360,704,260,590,166.6684
12,131.602,3,865.8622,348.9748,13865.0,955.0,229.6136,0.8908,3.2118,243.0,51.4299,0.4572,0.6275,704,1048,260,590,166.6684
12,132.0095,1,275.6542,310.9438,7065.0,434.0,107.8985,0.9363,1.5151,250.0,29.6973,0.444,0.6149,16,360,260,590,166.6684
12,132.0095,2,606.73,359.664,9272.0,0.0,140.4112,0.8802,2.0455,271.0,35.4533,0.4284,0.5999,360,704,260,590,166.6684
12,132.0095,3,877.4213,347.0828,12840.0,0.0,193.175,0.7485,2.4345,262.0,51.4052,0.5019,0.6683,704,1048,260,590,166.6684
12,132.4169,1,260.4646,311.497,8807.0,497.0,115.2776,0.9682,1.2805,245.0,29.8464,0.5209,0.685,16,360,260,590,166.6684
12,132.4169,2,611.6849,312.8492,8587.0,473.0,135.9459,0.8999,1.7579,252.0,40.4535,0.3279,0.4939,360,704,260,590,166.6684
12,132.4169,3,898.74,343.6496,12987.0,306.0,202.0627,0.7404,2.7642,250.0,54.9243,0.4662,0.6359,704,1048,260,590,166.6684
12,132.8243,1,240.354,327.6969,10032.0,314.0,119.9075,0.9992,1.2911,249.0,32.7442,0.4936,0.661,16,360,260,590,166.6684
12,132.8243,2,552.7587,291.3996,10289.0,730.0,205.503,0.2728,3.1398,244.0,46.5134,0.2669,0.4214,360,704,260,590,166.6684
12,132.8243,3,925.5689,343.3875,12507.0,16.0,175.357,0.764,2.2428,258.0,57.9236,0.4241,0.5956,704,1048,260,590,166.6684
12,133.2318,1,211.4114,339.0324,12483.0,261.0,130.9467,0.9915,1.3097,251.0,41.5667,0.4135,0.5851,16,360,260,590,166.6684
12,133.2318,2,513.8468,308.3861,12259.0,638.0,168.2742,0.5113,2.0181,247.0,61.7613,0.3195,0.4843,360,704,260,590,166.6684
12,133.2318,3,942.027,334.1999,9515.0,88.0,134.5007,0.8862,1.7468,255.0,50.6652,0.4738,0.643,704,1048,260,590,166.6684
12,133.6392,1,198.4483,335.374,13916.0,498.0,143.0582,0.996,1.3473,246.0,42.1583,0.4606,0.6307,16,360,260,590,166.6684
12,133.6392,2,483.2348,319.1428,13148.0,492.0,194.3091,0.4976,2.4524,248.0,66.3891,0.3551,0.5241,360,704,260,590,166.6684
12,133.6392,3,941.2648,334.1425,8789.0,31.0,126.1183,0.8389,1.7419,267.0,35.7194,0.7266,0.8417,704,1048,260,590,166.6684
12,134.0467,1,177.5607,319.9597,13862.0,718.0,153.9371,0.8083,1.4284,244.0,36.6646,0.4593,0.6295,16,360,260,590,166.6684
12,134.0467,2,461.3267,308.4028,11341.0,922.0,141.8975,0.6537,1.5988,242.0,50.8822,0.5508,0.7104,360,704,260,590,166.6684
12,134.0467,3,941.2038,341.6245,8752.0,0.0,139.9723,0.8189,1.9671,271.0,30.4579,0.5858,0.7388,704,1048,260,590,166.6684
12,134.4541,1,151.3509,318.7997,15633.0,824.0,181.6951,0.6396,1.734,243.0,38.782,0.5221,0.686,16,360,260,590,166.6684
12,134.4541,2,466.8592,311.7412,12195.0,992.0,161.6351,0.6488,1.8726,239.0,35.7476,0.7261,0.8413,360,704,260,590,166.6684
12,134.4541,3,945.3603,349.0951,10697.0,37.0,156.199,0.8935,2.1052,270.0,24.9718,0.6199,0.7654,704,1048,260,590,166.6684
12,134.8615,1,141.278,335.6471,16545.0,761.0,180.2195,0.7713,1.7318,244.0,37.4366,0.5921,0.7438,16,360,260,590,166.6684
12,134.8615,2,470.1086,320.9894,11957.0,703.0,155.3675,0.7202,1.8767,243.0,33.5374,0.6573,0.7932,360,704,260,590,166.6684
12,134.8615,3,916.3765,362.7449,11562.0,0.0,146.1054,1.0,1.689,272.0,44.9906,0.2997,0.4612,704,1048,260,590,166.6684
12,135.269,1,128.3758,348.8683,17143.0,589.0,177.7857,0.847,1.7227,258.0,42.4378,0.5601,0.7181,16,360,260,590,166.6684
12,135.269,2,472.785,306.5316,10506.0,1106.0,136.5278,0.7815,1.5369,236.0,43.7973,0.5776,0.7322,360,704,260,590,166.6684
12,135.269,3,896.5374,367.1104,13462.0,0.0,164.7107,0.8068,2.0005,270.0,33.9566,0.4879,0.6559,704,1048,260,590,166.6684
12,135.6764,1,120.5641,348.6469,18028.0,745.0,153.023,0.9562,1.32,258.0,40.6609,0.5775,0.7321,16,360,260,590,166.6684
12,135.6764,2,478.1264,312.8072,9979.0,852.0,152.507,0.9367,1.8843,240.0,36.2615,0.6398,0.7804,360,704,260,590,166.6684
12,135.6764,3,860.9693,316.9773,12979.0,767.0,197.7893,0.6416,2.5206,242.0,42.4306,0.4079,0.5794,704,1048,260,590,166.6684
12,136.0838,1,132.9187,360.7133,19073.0,330.0,172.5374,0.9974,1.4626,258.0,36.7389,0.5899,0.7421,16,360,260,590,166.6684
12,136.0838,2,490.1258,328.1673,10260.0,574.0,150.6451,0.9213,1.9797,243.0,45.592,0.6442,0.7836,360,704,260,590,166.6684
12,136.0838,3,818.9377,333.322,14405.0,337.0,187.6956,0.6898,2.0953,250.0,65.7204,0.2399,0.387,704,1048,260,590,166.6684
12,136.4913,1,151.0852,352.4531,16968.0,192.0,171.2923,0.859,1.6293,259.0,46.8178,0.5045,0.6707,16,360,260,590,166.6684
12,136.4913,2,508.6925,316.9391,11727.0,1153.0,157.6312,0.7607,1.9357,241.0,66.6156,0.2891,0.4485,360,704,260,590,166.6684
12,136.4913,3,792.5156,349.235,14780.0,0.0,188.7956,0.7716,2.1208,268.0,57.3251,0.4081,0.5797,704,1048,260,590,166.6684
12,136.8987,1,149.2247,329.6675,15344.0,529.0,144.6575,0.9108,1.1952,245.0,40.9366,0.5187,0.6831,16,360,260,590,166.6684
12,136.8987,2,548.6693,305.1409,9634.0,991.0,136.9087,0.8325,1.5541,242.0,59.4246,0.4076,0.5791,360,704,260,590,166.6684
12,136.8987,3,781.2007,362.2137,14934.0,66.0,212.8757,0.8729,2.4321,259.0,53.4187,0.485,0.6532,704,1048,260,590,166.6684
12,137.3061,1,161.5253,340.0915,17484.0,1021.0,187.8882,0.6874,1.8873,239.0,42.9486,0.4185,0.59,16,360,260,590,166.6684
12,137.3061,2,555.9929,316.112,10875.0,872.0,139.4772,0.8834,1.6828,237.0,52.8011,0.4989,0.6657,360,704,260,590,166.6684
12,137.3061,3,774.1739,362.0142,13856.0,67.0,180.7119,0.9032,2.09,269.0,35.1827,0.6562,0.7924,704,1048,260,590,166.6684
12,137.7136,1,199.2436,331.4236,15393.0,564.0,194.8232,0.5753,2.2637,247.0,51.501,0.3487,0.5171,16,360,260,590,166.6684
12,137.7136,2,580.303,323.2349,9492.0,738.0,155.5471,0.9825,2.0301,236.0,46.1292,0.5075,0.6733,360,704,260,590,166.6684
12,137.7136,3,781.8232,371.0063,15404.0,52.0,176.0529,0.9529,1.6098,257.0,47.5252,0.6099,0.7577,704,1048,260,590,166.6684
12,138.121,1,222.4657,344.4647,14999.0,331.0,180.4955,0.7719,1.9677,252.0,49.0169,0.4163,0.5879,16,360,260,590,166.6684
12,138.121,2,585.7832,335.9128,10109.0,687.0,166.277,0.9745,2.2077,234.0,37.6786,0.6359,0.7774,360,704,260,590,166.6684
12,138.121,3,781.8593,351.0081,12048.0,20.0,151.3829,0.8496,1.5952,265.0,39.538,0.566,0.7229,704,1048,260,590,166.6684
12,138.5285,1,234.7627,349.0436,14419.0,452.0,192.211,0.7849,2.2871,244.0,34.837,0.5381,0.6997,16,360,260,590,166.6684
12,138.5285,2,574.1651,358.6145,11676.0,311.0,167.6762,0.9724,2.1509,246.0,34.832,0.6451,0.7843,360,704,260,590,166.6684
12,138.5285,3,774.6077,325.3196,7739.0,97.0,115.1644,0.9334,1.5659,255.0,50.8029,0.4509,0.6215,704,1048,260,590,166.6684
12,138.9359,1,248.8892,341.4659,12658.0,371.0,201.1933,0.7792,2.7121,250.0,25.0027,0.6748,0.8058,16,360,260,590,166.6684
12,138.9359,2,570.3221,331.9861,12688.0,841.0,187.2204,0.7848,2.5029,244.0,55.1445,0.4091,0.5806,360,704,260,590,166.6684
12,138.9359,3,783.2506,317.7513,7913.0,265.0,121.6521,0.9898,1.5655,250.0,46.4978,0.4495,0.6202,704,1048,260,590,166.6684
12,139.3433,1,265.5986,345.2705,9894.0,313.0,150.9683,0.8422,2.227,264.0,37.8877,0.4587,0.6289,16,360,260,590,166.6684
12,139.3433,2,581.8557,326.0005,13066.0,1055.0,179.2823,0.7472,2.2982,241.0,40.1372,0.6065,0.7551,360,704,260,590,166.6684
12,139.3433,3,798.1843,331.0104,10043.0,93.0,148.1714,0.8679,1.8531,256.0,48.9484,0.4639,0.6338,704,1048,260,590,166.6684
12,139.7508,1,292.0088,319.5953,7188.0,282.0,126.1171,0.9959,1.9138,259.0,34.0409,0.4174,0.5889,16,360,260,590,166.6684
12,139.7508,2,590.1958,326.9006,10843.0,233.0,160.9395,0.5748,2.2291,262.0,47.8377,0.4463,0.6172,360,704,260,590,166.6684
12,139.7508,3,813.192,330.4064,10117.0,107.0,149.3144,0.8366,1.8325,255.0,46.1697,0.5408,0.702,704,1048,260,590,166.6684
12,140.1582,1,264.6965,297.0188,8523.0,410.0,146.1499,0.4945,1.863,248.0,33.4538,0.4185,0.59,16,360,260,590,166.6684
12,140.1582,2,604.8709,317.447,7918.0,306.0,118.2256,0.8342,1.6874,250.0,49.0371,0.4525,0.6231,360,704,260,590,166.6684
12,140.1582,3,823.2928,342.2716,10757.0,65.0,152.9818,0.8697,1.9291,256.0,42.3997,0.5517,0.7111,704,1048,260,590,166.6684
12,140.5656,1,218.0852,299.5758,10508.0,491.0,156.9505,0.3607,1.947,249.0,40.5106,0.3297,0.4959,16,360,260,590,166.6684
12,140.5656,2,604.8732,309.4386,8027.0,377.0,125.998,0.751,1.7251,249.0,35.5379,0.6327,0.775,360,704,260,590,166.6684
12,140.5656,3,829.1007,349.0982,11188.0,41.0,155.9094,0.8799,1.9541,257.0,39.5608,0.6246,0.7689,704,1048,260,590,166.6684
12,140.9731,1,205.8879,315.4982,12835.0,433.0,159.5929,0.5604,1.8266,250.0,30.8803,0.532,0.6945,16,360,260,590,166.6684
12,140.9731,2,590.1624,332.3394,8477.0,0.0,126.9337,0.7913,1.7432,263.0,32.4176,0.5977,0.7482,360,704,260,590,166.6684
12,140.9731,3,836.8623,358.8619,12045.0,79.0,155.5421,0.9353,1.8958,255.0,36.9854,0.5957,0.7466,704,1048,260,590,166.6684
12,141.3805,1,201.4185,323.1685,13614.0,652.0,164.7881,0.6447,1.9388,246.0,20.3855,0.6722,0.804,16,360,260,590,166.6684
12,141.3805,2,594.6277,299.1997,6956.0,507.0,107.9048,0.7901,1.402,248.0,42.7096,0.4303,0.6017,360,704,260,590,166.6684
12,141.3805,3,839.0077,358.4264,11894.0,79.0,161.4762,0.9388,2.0185,256.0,33.34,0.6678,0.8008,704,1048,260,590,166.6684
12,141.7879,1,185.6316,309.238,13196.0,690.0,161.5456,0.6643,1.8783,247.0,22.9256,0.6624,0.7969,16,360,260,590,166.6684
12,141.7879,2,559.8988,313.8009,8580.0,414.0,117.6704,0.9549,1.3913,249.0,52.6403,0.2628,0.4162,360,704,260,590,166.6684
12,141.7879,3,844.9763,372.1356,13149.0,139.0,166.8571,0.9675,2.0148,253.0,34.4923,0.6321,0.7746,704,1048,260,590,166.6684
12,142.1954,1,157.5681,312.4195,14028.0,545.0,193.9759,0.4912,2.1617,248.0,41.7114,0.5278,0.6909,16,360,260,590,166.6684
12,142.1954,2,533.8987,319.0808,11404.0,525.0,157.6007,0.6426,1.9315,248.0,46.8619,0.3679,0.5379,360,704,260,590,166.6684
12,142.1954,3,846.4319,373.1254,12888.0,9.0,172.2284,0.9686,2.1464,261.0,51.686,0.4466,0.6174,704,1048,260,590,166.6684
12,142.6028,1,147.638,326.6235,14535.0,512.0,185.9178,0.613,2.0979,259.0,43.8461,0.5339,0.6961,16,360,260,590,166.6684
12,142.6028,2,500.6987,304.2794,12916.0,810.0,176.6603,0.4774,2.0677,243.0,44.5353,0.4832,0.6516,360,704,260,590,166.6684
12,142.6028,3,848.8108,357.2979,11985.0,82.0,168.4163,0.9886,2.1395,257.0,40.8517,0.5698,0.7259,704,1048,260,590,166.6684
12,143.0103,1,139.0899,325.8077,14071.0,687.0,170.7158,0.6427,1.8331,247.0,28.8568,0.6718,0.8037,16,360,260,590,166.6684
12,143.0103,2,485.3876,312.6429,13512.0,671.0,178.6575,0.5065,2.0155,244.0,43.429,0.5596,0.7176,360,704,260,590,166.6684
12,143.0103,3,842.7175,364.1323,12068.0,63.0,167.8815,0.9769,2.079,257.0,28.9074,0.6717,0.8036,704,1048,260,590,166.6684
12,143.4177,1,131.9523,317.6897,13242.0,1220.0,150.0664,0.735,1.5765,238.0,32.9532,0.6314,0.7741,16,360,260,590,166.6684
12,143.4177,2,478.4709,322.1812,12772.0,565.0,176.7977,0.5536,2.0708,251.0,48.7776,0.5718,0.7276,360,704,260,590,166.6684
12,143.4177,3,832.722,346.8756,11164.0,91.0,164.1588,0.9105,2.1135,256.0,51.7924,0.4018,0.5733,704,1048,260,590,166.6684
12,143.8251,1,130.0886,330.3399,12946.0,759.0,168.4816,0.7612,1.9717,245.0,41.0685,0.6031,0.7524,16,360,260,590,166.6684
12,143.8251,2,468.369,321.3021,13380.0,842.0,168.131,0.6582,1.9009,241.0,38.6731,0.6774,0.8077,360,704,260,590,166.6684
12,143.8251,3,847.8482,343.9036,12736.0,577.0,184.5826,0.8887,2.2559,243.0,45.413,0.5046,0.6707,704,1048,260,590,166.6684
12,144.2326,1,120.4774,311.626,10581.0,1193.0,148.289,0.9067,1.7004,234.0,37.714,0.6724,0.8041,16,360,260,590,166.6684
12,144.2326,2,465.1623,330.6756,12890.0,809.0,168.7004,0.7786,1.9691,243.0,43.0634,0.5967,0.7474,360,704,260,590,166.6684
12,144.2326,3,863.8813,357.0681,11029.0,0.0,177.3755,0.8411,2.2896,265.0,57.2378,0.3982,0.5696,704,1048,260,590,166.6684
12,144.64,1,117.0002,297.963,8625.0,1392.0,113.4548,0.9392,1.2792,234.0,55.6889,0.5191,0.6834,16,360,260,590,166.6684
12,144.64,2,462.7146,330.8748,12198.0,807.0,148.8641,0.8169,1.7307,243.0,39.1005,0.5874,0.7401,360,704,260,590,166.6684
12,144.64,3,877.4729,353.0893,12266.0,141.0,205.9051,0.8992,2.5482,254.0,47.2066,0.5819,0.7357,704,1048,260,590,166.6684
12,145.0474,1,146.6534,312.7351,10255.0,1078.0,128.342,0.7365,1.483,240.0,53.5913,0.3005,0.4621,16,360,260,590,166.6684
12,145.0474,2,454.3245,313.935,10653.0,1143.0,145.8518,0.9323,1.7683,236.0,40.2887,0.6075,0.7559,360,704,260,590,166.6684
12,145.0474,3,883.9802,340.465,13040.0,261.0,191.1145,0.7689,2.6224,252.0,37.6903,0.608,0.7562,704,1048,260,590,166.6684
12,145.4549,1,182.3517,324.1769,11682.0,771.0,130.6737,0.8827,1.4763,240.0,61.3775,0.2562,0.4079,16,360,260,590,166.6684
12,145.4549,2,459.5424,325.3876,11292.0,929.0,157.0357,0.9109,1.931,239.0,40.5263,0.6687,0.8015,360,704,260,590,166.6684
12,145.4549,3,874.7919,362.1893,14908.0,173.0,209.5903,0.7094,2.7019,254.0,37.5455,0.5178,0.6823,704,1048,260,590,166.6684
12,145.8623,1,220.6993,324.1888,10507.0,681.0,155.676,0.9541,1.9,239.0,62.3297,0.3358,0.5028,16,360,260,590,166.6684
12,145.8623,2,469.2202,343.635,11602.0,490.0,142.3409,0.9841,1.7105,246.0,45.6122,0.5669,0.7236,360,704,260,590,166.6684
12,145.8623,3,913.173,326.9507,12384.0,263.0,178.3498,0.7083,2.2645,253.0,47.5157,0.4539,0.6244,704,1048,260,590,166.6684
12,146.2698,1,234.5836,320.4262,11902.0,1723.0,179.0368,0.9908,2.1779,214.0,45.8828,0.5386,0.7001,16,360,260,590,166.6684
12,146.2698,2,489.8503,322.092,10711.0,1202.0,128.6201,0.9731,1.5039,236.0,66.1908,0.2938,0.4542,360,704,260,590,166.6684
12,146.2698,3,934.0378,355.7067,10901.0,0.0,181.5204,0.7658,2.6338,267.0,80.9224,0.2248,0.3671,704,1048,260,590,166.6684
12,146.6772,1,242.3213,332.9714,11616.0,910.0,176.0732,0.9989,2.2425,236.0,41.1806,0.6159,0.7623,16,360,260,590,166.6684
12,146.6772,2,521.1628,315.808,9431.0,923.0,132.7637,0.9979,1.6279,240.0,61.3332,0.3299,0.4961,360,704,260,590,166.6684
12,146.6772,3,938.537,383.3582,11051.0,0.0,176.5797,0.9303,2.6756,274.0,50.637,0.4339,0.6052,704,1048,260,590,166.6684
12,147.0846,1,241.1769,342.0784,12073.0,581.0,183.111,0.9951,2.2104,242.0,35.1271,0.7381,0.8493,16,360,260,590,166.6684
12,147.0846,2,538.3908,329.1107,9924.0,547.0,167.0264,0.9705,2.2234,246.0,54.268,0.4697,0.6392,360,704,260,590,166.6684
12,147.0846,3,951.2635,371.58,9981.0,0.0,154.4734,0.9012,2.1304,282.0,32.3869,0.5766,0.7315,704,1048,260,590,166.6684
12,147.4921,1,229.4885,326.0893,13502.0,1753.0,194.0009,0.9826,2.2802,217.0,51.8867,0.5204,0.6846,16,360,260,590,166.6684
12,147.4921,2,558.5513,318.5178,10991.0,1292.0,152.1032,0.9531,1.8361,233.0,55.9393,0.4636,0.6335,360,704,260,590,166.6684
12,147.4921,3,952.3789,351.3753,9488.0,0.0,131.7557,0.9613,1.7488,272.0,40.0082,0.4096,0.5811,704,1048,260,590,166.6684
12,147.8995,1,225.0914,338.5036,13637.0,490.0,200.6269,0.7105,2.5682,249.0,49.4592,0.4667,0.6364,16,360,260,590,166.6684
12,147.8995,2,575.3557,315.4425,10091.0,1026.0,151.5981,0.953,1.8573,236.0,46.1264,0.5492,0.709,360,704,260,590,166.6684
12,147.8995,3,945.9707,331.3869,7940.0,0.0,125.8071,0.9113,1.7273,270.0,29.9326,0.5704,0.7264,704,1048,260,590,166.6684
12,148.3069,1,250.7007,306.2481,10718.0,926.0,149.8347,0.5889,1.879,238.0,49.9347,0.4897,0.6574,16,360,260,590,166.6684
12,148.3069,2,578.1983,335.0544,12348.0,493.0,165.0144,0.7794,2.0141,249.0,44.6367,0.5385,0.7,360,704,260,590,166.6684
12,148.3069,3,934.5607,342.341,8716.0,0.0,133.3822,0.9586,1.8453,270.0,25.4522,0.6093,0.7572,704,1048,260,590,166.6684
12,148.7144,1,253.0627,333.2331,9339.0,123.0,136.4545,0.8031,1.9833,257.0,62.7004,0.3264,0.4922,16,360,260,590,166.6684
12,148.7144,2,581.3355,312.7593,11517.0,759.0,142.8155,0.625,1.6795,241.0,44.1883,0.5212,0.6853,360,704,260,590,166.6684
12,148.7144,3,916.0632,345.9902,9462.0,0.0,110.5084,1.0,1.2597,275.0,30.5578,0.4739,0.6431,704,1048,260,590,166.6684
12,149.1218,1,268.5281,333.534,6129.0,216.0,114.9577,0.889,2.45,259.0,46.009,0.4053,0.5768,16,360,260,590,166.6684
12,149.1218,2,596.9966,321.4534,9604.0,377.0,137.4224,0.775,1.886,248.0,51.3675,0.4578,0.6281,360,704,260,590,166.6684
12,149.1218,3,880.282,328.4854,9747.0,24.0,131.7037,0.8753,1.5007,258.0,43.3569,0.2848,0.4433,704,1048,260,590,166.6684
12,149.5292,1,275.0766,348.9082,5771.0,220.0,105.717,0.9798,2.4691,260.0,36.533,0.3225,0.4877,16,360,260,590,166.6684
12,149.5292,2,593.363,343.9059,8694.0,179.0,127.8089,0.772,2.0698,271.0,39.23,0.4531,0.6237,360,704,260,590,166.6684
12,149.5292,3,854.9111,338.7923,11818.0,0.0,148.2381,0.7303,1.6626,262.0,40.5272,0.4298,0.6012,704,1048,260,590,166.6684
12,149.9367,1,284.1802,351.2275,5911.0,0.0,94.6901,0.9797,1.7462,272.0,29.9341,0.4107,0.5823,16,360,260,590,166.6684
12,149.9367,2,607.1904,339.9847,7894.0,465.0,121.372,0.8791,2.0094,275.0,35.0308,0.4977,0.6646,360,704,260,590,166.6684
12,149.9367,3,828.8887,347.2975,12960.0,18.0,152.8039,0.9128,1.6373,259.0,49.0211,0.4239,0.5954,704,1048,260,590,166.6684
12,150.3441,1,273.4695,323.0778,7496.0,458.0,109.8396,0.9959,1.5323,247.0,36.2767,0.2777,0.4347,16,360,260,590,166.6684
12,150.3441,2,623.9102,315.2266,5856.0,350.0,106.0898,0.8707,1.8465,272.0,28.9055,0.5988,0.7491,360,704,260,590,166.6684
12,150.3441,3,809.8293,349.5667,14045.0,40.0,151.9456,0.8823,1.5473,258.0,45.1561,0.52,0.6842,704,1048,260,590,166.6684
12,150.7516,1,254.7548,314.1942,8737.0,389.0,115.9433,0.9678,1.35,248.0,35.8131,0.3581,0.5273,16,360,260,590,166.6684
12,150.7516,2,630.2136,296.1359,5057.0,934.0,120.9172,0.9911,2.3994,234.0,33.8322,0.4829,0.6513,360,704,260,590,166.6684
12,150.7516,3,797.032,348.2398,15769.0,933.0,186.8651,0.9979,1.8159,231.0,48.1829,0.517,0.6816,704,1048,260,590,166.6684
12,151.159,1,226.1682,326.3437,12428.0,865.0,145.2338,0.9876,1.5146,237.0,37.0661,0.4043,0.5758,16,360,260,590,166.6684
12,151.159,2,626.2312,314.8275,7793.0,739.0,132.5345,0.9607,2.013,238.0,33.1756,0.5214,0.6854,360,704,260,590,166.6684
12,151.159,3,779.2846,362.7302,14265.0,0.0,173.7241,0.9966,1.7839,269.0,48.0181,0.5134,0.6784,704,1048,260,590,166.6684
12,151.5664,1,210.9452,329.326,12146.0,133.0,157.7954,0.7525,1.7247,254.0,39.7339,0.427,0.5984,16,360,260,590,166.6684
12,151.5664,2,628.2917,326.7369,8091.0,588.0,152.833,0.9697,2.419,240.0,24.753,0.6706,0.8028,360,704,260,590,166.6684
12,151.5664,3,782.5454,365.1282,14933.0,0.0,172.3562,0.8295,1.8422,270.0,48.791,0.5016,0.6681,704,1048,260,590,166.6684
12,151.9739,1,193.3132,332.5987,13456.0,778.0,147.9392,0.9123,1.5261,239.0,36.3113,0.5123,0.6775,16,360,260,590,166.6684
12,151.9739,2,613.9788,343.1737,9894.0,411.0,157.5982,0.9268,2.2638,245.0,32.8774,0.5696,0.7258,360,704,260,590,166.6684
12,151.9739,3,781.7414,353.4485,13863.0,0.0,162.1407,0.7645,1.8083,262.0,37.1699,0.6048,0.7537,704,1048,260,590,166.6684
12,152.3813,1,166.2643,339.9565,15716.0,425.0,154.2283,0.7798,1.4244,249.0,42.7906,0.4315,0.6029,16,360,260,590,166.6684
12,152.3813,2,604.9906,334.8247,10095.0,467.0,152.1905,0.9469,1.9979,249.0,30.8287,0.6231,0.7678,360,704,260,590,166.6684
12,152.3813,3,774.663,347.6799,13087.0,289.0,172.8312,0.9252,1.9627,252.0,44.9828,0.5163,0.681,704,1048,260,590,166.6684
12,152.7887,1,148.0827,322.0314,15876.0,817.0,182.2527,0.575,1.8652,245.0,42.4329,0.4801,0.6487,16,360,260,590,166.6684
12,152.7887,2,601.7233,321.8695,13513.0,2281.0,197.5194,0.9925,2.494,207.0,38.4297,0.5352,0.6972,360,704,260,590,166.6684
12,152.7887,3,773.8488,360.3494,12880.0,0.0,145.4809,0.7729,1.5105,283.0,42.1691,0.5985,0.7488,704,1048,260,590,166.6684
12,153.1962,1,138.3381,304.3995,12267.0,964.0,166.2815,0.5761,1.8426,243.0,26.963,0.723,0.8392,16,360,260,590,166.6684
12,153.1962,2,620.2873,341.7246,11211.0,328.0,185.6035,0.9347,2.619,249.0,50.371,0.3898,0.5609,360,704,260,590,166.6684
12,153.1962,3,781.6671,356.4097,13195.0,46.0,177.3227,0.9047,2.1002,258.0,47.7021,0.5328,0.6952,704,1048,260,590,166.6684
12,153.6036,1,141.5315,312.7401,12341.0,837.0,173.4984,0.6089,2.063,244.0,24.8554,0.7771,0.8746,16,360,260,590,166.6684
12,153.6036,2,604.2975,371.4005,11574.0,93.0,169.5339,0.9292,2.3185,258.0,28.7374,0.6315,0.7741,360,704,260,590,166.6684
12,153.6036,3,786.4941,350.8658,11036.0,125.0,142.979,0.942,1.6925,254.0,49.8202,0.4961,0.6632,704,1048,260,590,166.6684
12,154.011,1,138.5771,318.2499,13047.0,805.0,177.0212,0.6343,2.1463,244.0,26.5717,0.7553,0.8606,16,360,260,590,166.6684
12,154.011,2,603.261,346.8212,10221.0,223.0,139.0505,0.8741,1.8511,260.0,47.2603,0.3942,0.5655,360,704,260,590,166.6684
12,154.011,3,778.6506,329.722,8638.0,214.0,128.3543,0.9932,1.7127,251.0,41.8518,0.6223,0.7672,704,1048,260,590,166.6684
12,154.4185,1,136.2061,315.797,12218.0,1053.0,180.4773,0.7175,2.2007,240.0,28.3756,0.7104,0.8307,16,360,260,590,166.6684
12,154.4185,2,602.1106,325.2827,8738.0,397.0,115.0267,0.8791,1.5188,247.0,43.8153,0.5322,0.6947,360,704,260,590,166.6684
12,154.4185,3,780.5126,326.9047,8338.0,164.0,130.8223,0.9885,1.7314,252.0,43.1026,0.5906,0.7426,704,1048,260,590,166.6684
12,154.8259,1,137.3303,322.7363,12119.0,1015.0,155.0343,0.8045,1.89,239.0,36.5274,0.6351,0.7768,16,360,260,590,166.6684
12,154.8259,2,605.9611,354.5023,9221.0,0.0,141.8321,0.9114,2.0856,264.0,50.2209,0.3355,0.5025,360,704,260,590,166.6684
12,154.8259,3,794.8021,319.8076,9225.0,308.0,146.1635,0.9831,1.7385,250.0,46.5594,0.5234,0.6871,704,1048,260,590,166.6684
12,155.2334,1,136.8075,329.2894,12932.0,880.0,146.0753,0.9995,1.5232,240.0,47.9416,0.5083,0.674,16,360,260,590,166.6684
12,155.2334,2,615.4145,358.871,9525.0,0.0,145.4095,0.9364,2.025,264.0,30.8669,0.5588,0.717,360,704,260,590,166.6684
12,155.2334,3,811.2744,334.3583,10655.0,337.0,137.1074,0.9097,1.5973,248.0,50.9618,0.4579,0.6282,704,1048,260,590,166.6684
12,155.6408,1,146.5831,320.8977,10425.0,1010.0,128.1916,0.9143,1.5464,240.0,45.6257,0.4775,0.6464,16,360,260,590,166.6684
12,155.6408,2,585.2254,296.085,7796.0,665.0,107.4732,0.7032,1.3885,262.0,49.84,0.168,0.2877,360,704,260,590,166.6684
12,155.6408,3,839.5211,329.6575,12014.0,100.0,158.3878,0.6886,1.7807,256.0,55.3305,0.3578,0.5271,704,1048,260,590,166.6684
12,156.0482,1,183.2261,306.2035,11408.0,1328.0,152.6979,0.6568,1.7679,238.0,61.6478,0.2705,0.4258,16,360,260,590,166.6684
12,156.0482,2,532.1533,301.1107,11043.0,539.0,155.9055,0.4113,1.7975,248.0,56.2609,0.2621,0.4153,360,704,260,590,166.6684
12,156.0482,3,880.498,324.6003,11809.0,269.0,172.8496,0.7007,2.1639,253.0,67.6276,0.3018,0.4637,704,1048,260,590,166.6684
12,156.4557,1,234.6951,302.8204,10671.0,1025.0,144.4156,0.636,1.6272,243.0,71.0676,0.2821,0.4401,16,360,260,590,166.6684
12,156.4557,2,502.2017,308.9306,11997.0,461.0,171.7386,0.5218,1.9936,249.0,56.5557,0.4629,0.6328,360,704,260,590,166.6684
12,156.4557,3,911.9815,348.1712,13674.0,282.0,197.3011,0.7865,2.5752,251.0,77.066,0.1987,0.3316,704,1048,260,590,166.6684
12,156.8631,1,260.8422,313.604,10280.0,905.0,139.5452,0.9236,1.643,240.0,58.2371,0.4376,0.6088,16,360,260,590,166.6684
12,156.8631,2,481.6433,310.7035,13125.0,668.0,187.6006,0.502,2.303,247.0,52.8669,0.5464,0.7067,360,704,260,590,166.6684
12,156.8631,3,925.444,356.7058,12860.0,85.0,170.6105,0.8542,2.1266,256.0,44.162,0.4753,0.6444,704,1048,260,590,166.6684
12,157.2705,1,274.5489,315.7737,9926.0,991.0,148.0902,0.9881,1.8591,233.0,39.7264,0.6143,0.7611,16,360,260,590,166.6684
12,157.2705,2,465.3479,306.7285,12400.0,1140.0,169.1213,0.592,1.9458,239.0,34.1738,0.6931,0.8187,360,704,260,590,166.6684
12,157.2705,3,934.7251,333.879,9701.0,35.0,130.8416,0.7301,1.6551,259.0,37.3698,0.6023,0.7518,704,1048,260,590,166.6684
12,157.678,1,269.7474,343.0599,10605.0,588.0,139.8313,0.9981,1.8638,244.0,30.5561,0.616,0.7624,16,360,260,590,166.6684
12,157.678,2,472.1636,318.9018,11905.0,606.0,170.0967,0.5735,2.1369,246.0,36.0045,0.6766,0.8071,360,704,260,590,166.6684
12,157.678,3,942.7464,332.5436,8738.0,19.0,127.0244,0.864,1.6681,264.0,39.5761,0.5894,0.7417,704,1048,260,590,166.6684
12,158.0854,1,269.9777,321.6729,10436.0,1163.0,143.8638,0.9662,1.8379,235.0,31.9899,0.5729,0.7285,16,360,260,590,166.6684
12,158.0854,2,463.4835,317.7711,12381.0,1032.0,168.3536,0.7042,2.0735,240.0,28.6017,0.7121,0.8318,360,704,260,590,166.6684
12,158.0854,3,951.0273,339.8774,8286.0,50.0,137.4914,0.9471,2.0946,271.0,37.1481,0.5457,0.7061,704,1048,260,590,166.6684
12,158.4928,1,257.8674,301.4056,9915.0,1477.0,146.6608,0.8748,1.7634,232.0,40.4471,0.5387,0.7002,16,360,260,590,166.6684
12,158.4928,2,461.4503,315.7439,11548.0,1066.0,153.4357,0.7353,1.8689,238.0,32.6395,0.6683,0.8012,360,704,260,590,166.6684
12,158.4928,3,951.5874,348.3024,10701.0,0.0,146.6465,0.9891,1.7413,270.0,25.5681,0.5722,0.7279,704,1048,260,590,166.6684
12,158.9003,1,236.9183,310.3839,11919.0,1597.0,161.0094,0.9075,1.8063,225.0,53.5689,0.4712,0.6406,16,360,260,590,166.6684
12,158.9003,2,465.4665,322.5429,11601.0,944.0,164.2518,0.737,2.1558,239.0,30.1924,0.7145,0.8335,360,704,260,590,166.6684
12,158.9003,3,927.8476,351.3524,10557.0,0.0,128.4011,0.9967,1.443,271.0,30.5234,0.4483,0.6191,704,1048,260,590,166.6684
12,159.3077,1,220.1437,329.0399,12992.0,1279.0,190.8976,0.9746,2.2508,224.0,61.6168,0.4209,0.5924,16,360,260,590,166.6684
12,159.3077,2,470.6065,332.7873,12621.0,863.0,156.0149,0.9389,1.7133,236.0,45.4562,0.5668,0.7235,360,704,260,590,166.6684
12,159.3077,3,896.0257,317.7615,9420.0,75.0,168.9058,0.5575,2.2886,256.0,34.4842,0.3514,0.5201,704,1048,260,590,166.6684
12,159.7152,1,203.6514,343.0404,13490.0,399.0,174.6194,1.0,1.7925,246.0,63.2398,0.4698,0.6393,16,360,260,590,166.6684
12,159.7152,2,482.9456,312.0669,13037.0,2583.0,187.9837,0.9708,2.3197,200.0,60.0551,0.4112,0.5827,360,704,260,590,166.6684
12,159.7152,3,843.6584,317.1635,12112.0,34.0,183.0003,0.4495,2.377,258.0,49.8413,0.268,0.4227,704,1048,260,590,166.6684
12,160.1226,1,197.0286,330.5863,14159.0,1297.0,183.1496,0.773,2.1467,239.0,58.987,0.4154,0.587,16,360,260,590,166.6684
12,160.1226,2,500.8383,346.2181,12828.0,1066.0,205.3997,0.9444,2.7511,232.0,55.2136,0.4868,0.6548,360,704,260,590,166.6684
12,160.1226,3,805.9195,324.4406,14313.0,64.0,178.1409,0.5046,1.9096,257.0,51.0378,0.3968,0.5682,704,1048,260,590,166.6684
12,160.53,1,218.9389,299.2973,11542.0,1145.0,179.0176,0.5288,2.199,241.0,46.6165,0.5315,0.6941,16,360,260,590,166.6684
12,160.53,2,515.3513,377.3721,14262.0,19.0,182.548,0.9991,2.1078,272.0,56.1753,0.4408,0.6119,360,704,260,590,166.6684
12,160.53,3,791.2923,336.1713,13389.0,0.0,167.0644,0.5582,1.8787,266.0,44.6022,0.508,0.6737,704,1048,260,590,166.6684
12,160.9375,1,231.5719,319.6336,12983.0,942.0,165.4331,0.8188,1.7178,243.0,56.5426,0.4618,0.6318,16,360,260,590,166.6684
12,160.9375,2,543.2478,325.2386,14922.0,2471.0,216.8018,0.897,2.7492,217.0,67.1107,0.2756,0.4321,360,704,260,590,166.6684
12,160.9375,3,784.1938,346.4552,12545.0,0.0,159.6599,0.6707,1.8316,270.0,37.3634,0.5881,0.7406,704,1048,260,590,166.6684
12,161.3449,1,245.5039,326.7368,12452.0,503.0,160.4898,0.7599,1.87,248.0,47.0571,0.4879,0.6559,16,360,260,590,166.6684
12,161.3449,2,574.9942,316.4681,12755.0,637.0,178.2031,0.6107,2.2216,246.0,55.409,0.3864,0.5574,360,704,260,590,166.6684
12,161.3449,3,784.3561,349.1531,12495.0,18.0,161.2523,0.7048,1.9409,269.0,24.809,0.7522,0.8585,704,1048,260,590,166.6684
12,161.7523,1,256.1208,326.074,11102.0,264.0,143.5946,0.749,1.6956,250.0,39.254,0.5897,0.7419,16,360,260,590,166.6684
12,161.7523,2,582.8339,313.6546,12303.0,1355.0,168.6126,0.7971,2.0637,225.0,43.8238,0.5662,0.723,360,704,260,590,166.6684
12,161.7523,3,788.7322,350.5059,12562.0,0.0,168.7243,0.6869,2.1133,267.0,32.3025,0.6613,0.7961,704,1048,260,590,166.6684
12,162.1598,1,262.0134,337.5348,10004.0,322.0,148.5269,0.85,2.1565,249.0,43.5517,0.5032,0.6695,16,360,260,590,166.6684
12,162.1598,2,581.9905,334.4745,11626.0,252.0,166.3025,0.6479,2.2755,253.0,45.4185,0.5206,0.6847,360,704,260,590,166.6684
12,162.1598,3,786.256,346.994,12399.0,0.0,163.492,0.6301,1.9826,260.0,37.7102,0.6149,0.7615,704,1048,260,590,166.6684
12,162.5672,1,268.8494,341.7635,8417.0,79.0,138.3416,0.8556,2.1303,259.0,35.3285,0.5695,0.7257,16,360,260,590,166.6684
12,162.5672,2,603.7173,317.4127,9200.0,588.0,133.3099,0.8375,1.706,246.0,44.7871,0.5066,0.6725,360,704,260,590,166.6684
12,162.5672,3,781.5137,333.7932,10827.0,143.0,134.964,0.8716,1.5658,254.0,45.003,0.5171,0.6817,704,1048,260,590,166.6684
12,162.9747,1,272.1669,344.8446,7341.0,87.0,130.6055,0.8819,2.3116,258.0,35.9641,0.5666,0.7233,16,360,260,590,166.6684
12,162.9747,2,609.311,316.831,8224.0,439.0,133.3055,0.7907,1.8755,259.0,33.8411,0.6968,0.8213,360,704,260,590,166.6684
12,162.9747,3,764.6069,332.0509,8249.0,188.0,122.6476,0.9976,1.6654,251.0,46.0881,0.4804,0.649,704,1048,260,590,166.6684
12,163.3821,1,268.179,356.0884,7853.0,73.0,120.2047,0.8937,2.0175,275.0,20.6936,0.7066,0.8281,16,360,260,590,166.6684
12,163.3821,2,604.3331,340.722,8406.0,67.0,142.9574,0.825,2.2207,263.0,40.516,0.5179,0.6824,360,704,260,590,166.6684
12,163.3821,3,770.0238,342.9646,10347.0,341.0,164.1819,0.9949,2.2753,247.0,41.8377,0.5688,0.7251,704,1048,260,590,166.6684
12,163.7895,1,280.6086,332.4297,6321.0,243.0,126.6642,0.9458,2.4851,249.0,31.2091,0.5202,0.6844,16,360,260,590,166.6684
12,163.7895,2,601.7028,304.8954,8483.0,702.0,127.4088,0.8445,1.5296,245.0,44.2327,0.3527,0.5215,360,704,260,590,166.6684
12,163.7895,3,775.2987,358.2097,11173.0,186.0,185.8217,0.9981,2.6259,252.0,43.1639,0.5705,0.7265,704,1048,260,590,166.6684
12,164.197,1,278.6943,342.221,6605.0,76.0,117.0285,0.9004,2.1028,274.0,24.8943,0.5986,0.7489,16,360,260,590,166.6684
12,164.197,2,563.6009,307.1086,8592.0,379.0,122.4332,0.6726,1.6345,254.0,44.9432,0.3173,0.4818,360,704,260,590,166.6684
12,164.197,3,787.166,373.1865,11993.0,113.0,184.4005,0.9973,2.5547,254.0,46.3082,0.5942,0.7455,704,1048,260,590,166.6684
12,164.6044,1,285.6794,353.6359,6226.0,0.0,111.0026,0.9538,2.0109,276.0,26.0001,0.5,0.6667,16,360,260,590,166.6684
12,164.6044,2,511.08,309.5726,12906.0,765.0,184.3052,0.5187,2.1756,240.0,59.2041,0.2482,0.3977,360,704,260,590,166.6684
12,164.6044,3,797.3963,368.069,11152.0,15.0,164.1407,0.9732,2.2504,259.0,54.5765,0.5396,0.701,704,1048,260,590,166.6684
12,165.0118,1,275.6896,348.4226,7354.0,219.0,118.0849,0.9459,2.0817,262.0,22.857,0.5195,0.6838,16,360,260,590,166.6684
12,165.0118,2,471.3106,328.2561,14359.0,387.0,179.3102,0.6355,1.9474,259.0,72.378,0.2968,0.4577,360,704,260,590,166.6684
12,165.0118,3,802.8157,351.9114,14663.0,892.0,228.0401,0.9838,2.9225,232.0,49.378,0.5272,0.6904,704,1048,260,590,166.6684
12,165.4193,1,276.4544,345.5211,7459.0,0.0,122.1321,0.9323,1.941,273.0,24.1101,0.5553,0.7141,16,360,260,590,166.6684
12,165.4193,2,461.4999,344.2413,14159.0,252.0,169.36,0.7386,1.8701,259.0,48.5771,0.5469,0.7071,360,704,260,590,166.6684
12,165.4193,3,805.6473,378.3508,13239.0,55.0,197.5013,0.9639,2.6467,257.0,46.4989,0.5728,0.7284,704,1048,260,590,166.6684
12,165.8267,1,272.1906,330.0951,8447.0,462.0,138.5883,0.9071,2.1928,247.0,28.5981,0.4217,0.5932,16,360,260,590,166.6684
12,165.8267,2,461.3502,331.0674,12891.0,659.0,164.2319,0.7159,1.9355,246.0,41.6887,0.5982,0.7486,360,704,260,590,166.6684
12,165.8267,3,808.9214,376.1792,11838.0,0.0,189.2611,0.996,2.5584,263.0,47.3342,0.5766,0.7314,704,1048,260,590,166.6684
12,166.2341,1,268.6445,343.1376,8858.0,333.0,133.0316,0.872,1.9535,262.0,23.083,0.5749,0.7301,16,360,260,590,166.6684
12,166.2341,2,462.6462,310.2615,10849.0,1136.0,133.7032,0.795,1.5341,237.0,50.124,0.5125,0.6777,360,704,260,590,166.6684
12,166.2341,3,812.3403,354.269,12759.0,655.0,196.1527,0.989,2.5388,237.0,50.1368,0.5459,0.7063,704,1048,260,590,166.6684
12,166.6416,1,260.9644,363.9152,10936.0,170.0,145.0954,0.9083,2.0349,259.0,19.4042,0.6403,0.7807,16,360,260,590,166.6684
12,166.6416,2,464.7676,312.8955,11197.0,878.0,145.9271,0.7913,1.7068,243.0,36.8334,0.6578,0.7936,360,704,260,590,166.6684
12,166.6416,3,816.6879,368.9394,11791.0,9.0,180.5449,0.9422,2.48,262.0,48.2375,0.6033,0.7526,704,1048,260,590,166.6684
12,167.049,1,251.7555,334.6893,9326.0,745.0,145.3366,0.8744,2.3661,239.0,29.9395,0.3986,0.57,16,360,260,590,166.6684
12,167.049,2,473.421,319.0165,9678.0,668.0,130.2345,0.9186,1.6064,242.0,47.3903,0.5639,0.7211,360,704,260,590,166.6684
12,167.049,3,819.8462,365.987,14776.0,517.0,229.4766,0.98,2.7821,249.0,47.8688,0.5522,0.7115,704,1048,260,590,166.6684
12,167.4565,1,260.3897,344.104,7511.0,105.0,128.9981,0.7418,2.3758,262.0,24.9153,0.4847,0.653,16,360,260,590,166.6684
12,167.4565,2,494.0465,311.3393,10342.0,970.0,139.9103,0.831,1.6687,237.0,52.9148,0.4678,0.6375,360,704,260,590,166.6684
12,167.4565,3,822.0881,365.3412,13469.0,311.0,195.7844,0.9427,2.5028,248.0,45.8898,0.6149,0.7616,704,1048,260,590,166.6684
12,167.8639,1,295.7725,298.0373,3701.0,47.0,83.0312,0.8267,1.5534,261.0,26.2608,0.4221,0.5936,16,360,260,590,166.6684
12,167.8639,2,508.114,313.0948,10190.0,906.0,151.0023,0.7981,1.8863,240.0,46.7377,0.6166,0.7628,360,704,260,590,166.6684
12,167.8639,3,820.2336,369.339,11885.0,29.0,183.1177,0.9454,2.4887,258.0,37.777,0.6589,0.7944,704,1048,260,590,166.6684
12,168.2713,1,260.0246,348.1548,5851.0,46.0,93.8587,0.8934,1.8908,273.0,24.2222,0.3981,0.5695,16,360,260,590,166.6684
12,168.2713,2,514.8564,325.9473,10754.0,1060.0,137.1751,0.9973,1.7206,235.0,53.2616,0.4575,0.6278,360,704,260,590,166.6684
12,168.2713,3,816.3532,355.2177,11808.0,310.0,171.93,0.9916,2.1454,246.0,51.3529,0.4965,0.6636,704,1048,260,590,166.6684
12,168.6788,1,293.4239,295.1172,3822.0,388.0,91.1062,0.9427,1.7857,252.0,25.2535,0.3491,0.5175,16,360,260,590,166.6684
12,168.6788,2,522.4697,323.077,9778.0,606.0,134.4162,0.8139,1.675,245.0,51.2955,0.458,0.6283,360,704,260,590,166.6684
12,168.6788,3,830.2203,357.5174,13444.0,527.0,186.084,0.9972,2.2164,242.0,43.3554,0.6043,0.7534,704,1048,260,590,166.6684
12,169.0862,1,284.4058,296.7384,6006.0,595.0,110.7499,0.9389,1.6526,244.0,31.0547,0.5867,0.7395,16,360,260,590,166.6684
12,169.0862,2,538.7452,317.3029,8717.0,906.0,139.8814,0.9935,1.9209,234.0,45.1476,0.4977,0.6646,360,704,260,590,166.6684
12,169.0862,3,837.9936,374.1024,12237.0,6.0,181.2575,0.9994,2.3015,264.0,48.8841,0.5225,0.6863,704,1048,260,590,166.6684
12,169.4936,1,273.0864,324.6862,8795.0,92.0,133.1488,0.8467,1.7562,257.0,38.5304,0.5398,0.7012,16,360,260,590,166.6684
12,169.4936,2,548.3855,327.7213,9113.0,504.0,143.5893,0.9907,2.0104,243.0,49.3593,0.5691,0.7254,360,704,260,590,166.6684
12,169.4936,3,846.6076,377.0186,12754.0,119.0,182.2708,0.999,2.3549,254.0,40.6246,0.5974,0.7479,704,1048,260,590,166.6684
12,169.9011,1,266.2256,340.2185,9351.0,216.0,128.498,0.7492,1.8909,251.0,30.3034,0.6012,0.7509,16,360,260,590,166.6684
12,169.9011,2,556.4194,325.9683,10067.0,751.0,153.41,0.9442,2.0044,239.0,53.0705,0.5371,0.6989,360,704,260,590,166.6684
12,169.9011,3,855.654,365.9355,13172.0,402.0,199.6877,0.982,2.6398,244.0,38.111,0.609,0.757,704,1048,260,590,166.6684
12,170.3085,1,271.7823,336.4764,7546.0,304.0,127.6581,0.9087,2.2477,248.0,47.9238,0.4042,0.5757,16,360,260,590,166.6684
12,170.3085,2,552.2808,341.9003,11539.0,648.0,150.5996,0.9037,1.9209,240.0,42.37,0.5473,0.7074,360,704,260,590,166.6684
12,170.3085,3,865.4018,361.4703,12096.0,196.0,186.1407,0.9999,2.4224,250.0,42.0058,0.6034,0.7527,704,1048,260,590,166.6684
12,170.7159,1,276.4418,353.58,6679.0,106.0,117.9211,0.9491,2.3013,275.0,41.3596,0.3691,0.5392,16,360,260,590,166.6684
12,170.7159,2,574.9698,326.449,10007.0,703.0,146.2687,0.9551,1.8654,238.0,38.9554,0.5504,0.71,360,704,260,590,166.6684
12,170.7159,3,869.0433,375.5432,12891.0,104.0,198.3206,0.987,2.6038,255.0,41.8182,0.6056,0.7544,704,1048,260,590,166.6684
12,171.1234,1,287.8771,335.6378,6378.0,300.0,132.3412,0.9277,2.6137,252.0,26.713,0.5167,0.6813,16,360,260,590,166.6684
12,171.1234,2,586.2316,323.5835,9445.0,685.0,151.4475,0.967,1.9828,240.0,33.1996,0.6752,0.8061,360,704,260,590,166.6684
12,171.1234,3,873.8401,375.9404,13363.0,51.0,195.7598,0.9861,2.5155,257.0,35.5701,0.6813,0.8105,704,1048,260,590,166.6684
12,171.5308,1,287.0946,351.0822,6439.0,113.0,115.3123,0.9629,2.2174,275.0,25.6981,0.5168,0.6814,16,360,260,590,166.6684
12,171.5308,2,574.1188,326.5238,10768.0,911.0,155.6969,0.9999,1.8353,241.0,51.8511,0.5962,0.747,360,704,260,590,166.6684
12,171.5308,3,877.0909,370.0199,12992.0,539.0,194.2855,0.9949,2.6022,240.0,44.0337,0.5706,0.7266,704,1048,260,590,166.6684
12,171.9383,1,289.9647,349.1356,5464.0,0.0,107.1628,0.965,2.0982,278.0,11.0049,0.7702,0.8702,16,360,260,590,166.6684
12,171.9383,2,547.7205,298.6868,11254.0,1878.0,175.8408,0.7084,2.2885,228.0,64.5571,0.3465,0.5147,360,704,260,590,166.6684
12,171.9383,3,879.7942,361.5477,13264.0,583.0,206.3465,0.9761,2.8028,239.0,50.3572,0.4857,0.6538,704,1048,260,590,166.6684
12,172.3457,1,301.164,299.9631,3147.0,118.0,84.3063,0.9122,1.9349,260.0,22.3467,0.3837,0.5546,16,360,260,590,166.6684
12,172.3457,2,520.3525,317.3651,12415.0,1336.0,183.178,0.8745,2.0768,236.0,77.8919,0.3288,0.4949,360,704,260,590,166.6684
12,172.3457,3,870.5423,351.1809,11645.0,28.0,209.0334,0.8158,3.1978,259.0,55.1886,0.4311,0.6024,704,1048,260,590,166.6684
12,172.7531,1,305.7168,284.8586,2489.0,505.0,80.0521,0.95,2.4811,249.0,16.6951,0.5548,0.7136,16,360,260,590,166.6684
12,172.7531,2,516.9613,333.5402,12418.0,892.0,180.5586,0.8553,2.3402,241.0,48.6,0.5894,0.7417,360,704,260,590,166.6684
12,172.7531,3,836.1547,328.9282,12427.0,800.0,207.1067,0.6306,3.0519,241.0,65.4945,0.3928,0.5641,704,1048,260,590,166.6684
12,173.1606,1,299.7547,300.1487,2764.0,269.0,68.1001,0.9841,1.6258,274.0,16.715,0.5301,0.6929,16,360,260,590,166.6684
12,173.1606,2,520.2558,344.494,13438.0,761.0,191.4471,0.7701,2.5416,245.0,38.2435,0.6219,0.7669,360,704,260,590,166.6684
12,173.1606,3,795.8126,326.8156,11334.0,291.0,179.5769,0.607,2.5119,249.0,74.6781,0.2818,0.4397,704,1048,260,590,166.6684
12,173.568,1,294.4274,295.8632,4775.0,549.0,109.4475,0.9973,2.0424,244.0,31.6949,0.5277,0.6908,16,360,260,590,166.6684
12,173.568,2,504.3253,308.4261,11677.0,1060.0,203.0011,0.513,2.9877,241.0,46.8974,0.4828,0.6512,360,704,260,590,166.6684
12,173.568,3,785.5442,349.6118,11465.0,128.0,170.116,0.8266,2.1389,253.0,63.7612,0.4054,0.5769,704,1048,260,590,166.6684
12,173.9754,1,284.2879,318.6336,8928.0,699.0,138.0826,0.9986,1.855,242.0,39.5113,0.4927,0.6601,16,360,260,590,166.6684
12,173.9754,2,484.3611,306.7729,12384.0,1040.0,171.4168,0.4745,2.2317,238.0,53.8337,0.463,0.633,360,704,260,590,166.6684
12,173.9754,3,772.7572,343.8259,9648.0,9.0,140.5997,0.8081,1.8362,269.0,42.6324,0.5428,0.7036,704,1048,260,590,166.6684
12,174.3829,1,270.516,329.4633,10771.0,756.0,161.7802,0.9253,2.1082,244.0,31.2153,0.5999,0.7499,16,360,260,590,166.6684
12,174.3829,2,470.2241,316.6119,11165.0,692.0,160.909,0.6792,2.0781,244.0,54.2419,0.4741,0.6433,360,704,260,590,166.6684
12,174.3829,3,781.4753,332.5682,11895.0,577.0,139.9442,0.9797,1.4329,244.0,53.2488,0.4983,0.6652,704,1048,260,590,166.6684
12,174.7903,1,258.4602,331.0682,11885.0,608.0,149.1058,0.7901,1.8529,242.0,39.8493,0.5123,0.6775,16,360,260,590,166.6684
12,174.7903,2,463.1567,322.0566,12092.0,1189.0,170.278,0.8024,2.19,228.0,45.8307,0.5913,0.7432,360,704,260,590,166.6684
12,174.7903,3,796.0247,343.6203,12373.0,0.0,164.9693,0.7276,1.9136,268.0,64.0695,0.4114,0.583,704,1048,260,590,166.6684
12,175.1978,1,267.3509,331.3484,9050.0,366.0,132.1011,0.8501,1.9372,245.0,40.4878,0.5208,0.6849,16,360,260,590,166.6684
12,175.1978,2,466.1023,345.1385,12868.0,921.0,191.8726,0.8037,2.5412,235.0,50.6331,0.5055,0.6716,360,704,260,590,166.6684
12,175.1978,3,809.2013,351.445,12514.0,0.0,164.1777,0.8825,1.7999,269.0,32.1465,0.6601,0.7953,704,1048,260,590,166.6684
12,175.6052,1,271.7464,337.5873,7955.0,205.0,134.6086,0.9084,2.2248,254.0,40.7899,0.4973,0.6643,16,360,260,590,166.6684
12,175.6052,2,475.4999,350.0008,12632.0,224.0,201.7754,0.6631,2.7722,254.0,44.2645,0.5992,0.7494,360,704,260,590,166.6684
12,175.6052,3,812.1368,358.3049,15415.0,89.0,169.3493,0.8847,1.5826,260.0,51.3892,0.4887,0.6565,704,1048,260,590,166.6684
12,176.0126,1,276.1471,352.6686,6412.0,0.0,118.0818,0.9309,2.2384,274.0,33.2346,0.4614,0.6314,16,360,260,590,166.6684
12,176.0126,2,475.2277,345.1139,14543.0,758.0,186.8105,0.8542,2.1873,244.0,55.8422,0.4808,0.6494,360,704,260,590,166.6684
12,176.0126,3,819.3222,365.2777,15038.0,0.0,164.5593,0.9842,1.6049,266.0,42.0309,0.5492,0.709,704,1048,260,590,166.6684
12,176.4201,1,279.1421,373.7298,5885.0,0.0,110.423,0.9625,2.3432,285.0,29.3722,0.3969,0.5683,16,360,260,590,166.6684
12,176.4201,2,475.5453,324.9132,13135.0,618.0,161.2393,0.6892,1.9094,246.0,47.4616,0.5516,0.711,360,704,260,590,166.6684
12,176.4201,3,826.8968,365.247,13796.0,0.0,150.6001,0.8181,1.6315,277.0,41.3638,0.4922,0.6597,704,1048,260,590,166.6684
12,176.8275,1,291.1729,371.5847,4674.0,0.0,106.7013,0.9859,2.662,290.0,26.5112,0.4041,0.5756,16,360,260,590,166.6684
12,176.8275,2,465.1913,310.5382,9424.0,447.0,121.6844,0.6627,1.3723,248.0,48.7176,0.5193,0.6836,360,704,260,590,166.6684
12,176.8275,3,877.9275,314.9064,11188.0,144.0,205.3039,0.426,3.0323,255.0,51.3516,0.3074,0.4702,704,1048,260,590,166.6684
12,177.2349,1,299.5611,336.4782,3279.0,0.0,97.3926,0.9425,2.359,292.0,17.636,0.5416,0.7026,16,360,260,590,166.6684
12,177.2349,2,455.5481,308.2357,10570.0,535.0,129.0213,0.5757,1.3858,254.0,31.4713,0.6683,0.8011,360,704,260,590,166.6684
12,177.2349,3,912.6799,333.6033,9070.0,27.0,170.7801,0.8005,2.9703,259.0,50.8473,0.1898,0.3191,704,1048,260,590,166.6684
12,177.6424,1,299.7614,322.5688,3038.0,0.0,90.0807,0.9261,2.2154,281.0,14.2007,0.6391,0.7798,16,360,260,590,166.6684
12,177.6424,2,450.2766,325.2554,13743.0,532.0,134.8424,0.9505,1.172,251.0,46.2448,0.6332,0.7754,360,704,260,590,166.6684
12,177.6424,3,919.9333,352.275,8221.0,0.0,131.3408,0.7242,2.1943,286.0,38.2823,0.2375,0.3838,704,1048,260,590,166.6684
12,178.0498,1,303.0594,304.9282,3483.0,396.0,89.1233,0.9554,2.2167,272.0,13.093,0.6339,0.776,16,360,260,590,166.6684
12,178.0498,2,459.4395,326.2024,14760.0,491.0,142.0704,0.8307,1.2163,250.0,45.0348,0.6235,0.7681,360,704,260,590,166.6684
12,178.0498,3,937.9393,354.5964,9701.0,0.0,149.6362,0.8955,2.0655,271.0,33.373,0.5204,0.6845,704,1048,260,590,166.6684
12,178.4572,1,296.0136,307.7707,4330.0,344.0,111.5887,0.946,2.4116,253.0,17.8632,0.6424,0.7823,16,360,260,590,166.6684
12,178.4572,2,476.3254,336.4953,13661.0,349.0,129.1014,0.9996,1.1666,255.0,44.2257,0.5317,0.6943,360,704,260,590,166.6684
12,178.4572,3,952.7368,338.6611,8725.0,0.0,128.4155,0.8898,1.5871,270.0,31.0438,0.5795,0.7337,704,1048,260,590,166.6684
12,178.8647,1,289.1993,304.2033,4511.0,542.0,122.8923,0.9843,2.7809,248.0,19.6675,0.6189,0.7646,16,360,260,590,166.6684
12,178.8647,2,488.7207,339.3268,13019.0,273.0,125.4133,0.899,1.1695,260.0,41.8246,0.5803,0.7344,360,704,260,590,166.6684
12,178.8647,3,945.6464,325.17,5899.0,0.0,85.2384,0.9581,1.2341,267.0,51.7092,0.3507,0.5193,704,1048,260,590,166.6684
12,179.2721,1,272.6083,299.5606,7777.0,1343.0,133.4927,0.9698,1.8853,230.0,49.3975,0.417,0.5885,16,360,260,590,166.6684
12,179.2721,2,498.8304,333.4327,14277.0,425.0,171.9003,0.7532,1.8102,251.0,37.7024,0.5895,0.7417,360,704,260,590,166.6684
12,179.2721,3,914.3586,306.593,6745.0,0.0,90.7907,0.9947,1.2782,271.0,33.9899,0.381,0.5517,704,1048,260,590,166.6684
12,179.6796,1,254.5221,327.0754,11148.0,970.0,165.529,0.981,2.0357,233.0,62.4802,0.4073,0.5788,16,360,260,590,166.6684
12,179.6796,2,530.5833,304.2666,11616.0,492.0,181.4645,0.4443,2.4144,249.0,54.1373,0.4186,0.5902,360,704,260,590,166.6684
12,179.6796,3,866.931,313.4136,11051.0,0.0,167.6921,0.3895,2.1839,262.0,33.3017,0.2715,0.4271,704,1048,260,590,166.6684
12,180.087,1,242.4353,350.3824,12501.0,605.0,200.0283,0.9995,2.5765,238.0,46.9154,0.5897,0.7419,16,360,260,590,166.6684
12,180.087,2,556.8284,312.3568,11961.0,381.0,176.4315,0.5395,2.0766,250.0,50.2543,0.4664,0.6361,360,704,260,590,166.6684
12,180.087,3,829.2948,329.1745,14845.0,9.0,218.9705,0.5263,2.4872,259.0,48.1403,0.3089,0.472,704,1048,260,590,166.6684
12,180.4944,1,236.9639,343.6354,10817.0,270.0,152.9183,0.9719,1.9199,250.0,43.3319,0.6024,0.7519,16,360,260,590,166.6684
12,180.4944,2,569.8069,326.475,11651.0,473.0,163.063,0.7155,1.9356,260.0,45.011,0.4841,0.6524,360,704,260,590,166.6684
12,180.4944,3,817.6095,346.9174,14350.0,103.0,173.0708,0.7529,1.8855,272.0,42.0256,0.4751,0.6442,704,1048,260,590,166.6684
12,180.9019,1,251.4363,307.3538,10776.0,890.0,156.4304,0.6848,1.9139,242.0,48.8291,0.4703,0.6397,16,360,260,590,166.6684
12,180.9019,2,570.0489,347.1286,12212.0,53.0,177.7064,0.6464,2.3657,262.0,32.7727,0.5494,0.7092,360,704,260,590,166.6684
12,180.9019,3,822.9961,350.308,14346.0,26.0,175.0485,0.7624,2.0085,268.0,26.0253,0.6899,0.8165,704,1048,260,590,166.6684
12,181.3093,1,268.1479,314.1538,10222.0,646.0,157.8507,0.8803,1.8189,245.0,46.7481,0.5569,0.7154,16,360,260,590,166.6684
12,181.3093,2,575.3793,333.7832,11110.0,273.0,164.6029,0.6343,2.2301,264.0,34.5999,0.5808,0.7348,360,704,260,590,166.6684
12,181.3093,3,826.9856,349.7366,14732.0,74.0,205.6709,0.5978,2.5482,256.0,38.8167,0.4932,0.6606,704,1048,260,590,166.6684
12,181.7167,1,258.2842,344.48,10920.0,260.0,145.161,0.8139,1.9345,249.0,38.2922,0.5722,0.7279,16,360,260,590,166.6684
12,181.7167,2,578.1693,314.635,9366.0,462.0,146.3811,0.6067,2.1921,247.0,35.7576,0.4918,0.6593,360,704,260,590,166.6684
12,181.7167,3,824.3731,341.073,14091.0,458.0,188.3887,0.8238,2.2416,245.0,35.7281,0.5139,0.6789,704,1048,260,590,166.6684
12,182.1242,1,279.1511,311.2129,8482.0,816.0,134.3139,0.9989,1.7726,242.0,42.4679,0.4815,0.65,16,360,260,590,166.6684
12,182.1242,2,598.6132,325.0925,7979.0,204.0,129.5765,0.75,2.1581,260.0,42.279,0.297,0.458,360,704,260,590,166.6684
12,182.1242,3,810.6265,361.5542,14934.0,0.0,213.7579,0.6632,2.3652,271.0,52.4689,0.3884,0.5594,704,1048,260,590,166.6684
12,182.5316,1,263.4239,299.5191,11000.0,2499.0,186.627,0.8938,2.3484,210.0,47.1823,0.4793,0.648,16,360,260,590,166.6684
12,182.5316,2,633.5518,310.963,3108.0,0.0,79.4068,0.9372,1.787,272.0,34.0577,0.3637,0.5334,360,704,260,590,166.6684
12,182.5316,3,785.2183,338.4173,12236.0,150.0,168.0382,0.8362,1.9824,254.0,46.4832,0.4675,0.6372,704,1048,260,590,166.6684
12,182.939,1,246.8609,345.3153,13506.0,784.0,207.3124,0.9741,2.7473,240.0,79.6527,0.2502,0.4003,16,360,260,590,166.6684
12,182.939,2,634.4902,314.3546,4078.0,449.0,84.6264,0.9642,1.8963,275.0,16.5622,0.6347,0.7765,360,704,260,590,166.6684
12,182.939,3,774.5969,331.2441,9944.0,181.0,125.9001,0.8358,1.4079,253.0,45.2196,0.5497,0.7095,704,1048,260,590,166.6684
12,183.3465,1,234.6401,345.2119,13950.0,704.0,202.0237,0.9997,2.3109,238.0,46.3966,0.5513,0.7107,16,360,260,590,166.6684
12,183.3465,2,634.0658,318.3259,5440.0,303.0,125.4996,0.9476,2.5999,261.0,24.5607,0.6059,0.7546,360,704,260,590,166.6684
12,183.3465,3,757.6235,340.9954,8308.0,117.0,155.2157,0.9899,2.3609,254.0,58.0823,0.3698,0.5399,704,1048,260,590,166.6684
12,183.7539,1,230.9085,337.1442,14331.0,643.0,183.3002,0.727,2.2588,246.0,56.8565,0.4179,0.5894,16,360,260,590,166.6684
12,183.7539,2,621.5439,312.6255,7724.0,578.0,133.9103,0.9412,1.8908,241.0,40.8547,0.5124,0.6776,360,704,260,590,166.6684
12,183.7539,3,753.4545,358.3036,9140.0,47.0,161.502,0.9931,2.4668,258.0,36.2674,0.6072,0.7556,704,1048,260,590,166.6684
12,184.1614,1,248.4356,313.1623,11274.0,828.0,146.2268,0.6811,1.6382,242.0,42.8577,0.5348,0.6969,16,360,260,590,166.6684
12,184.1614,2,611.9231,306.4712,9185.0,1230.0,139.0023,0.9646,1.7471,228.0,39.1085,0.6125,0.7597,360,704,260,590,166.6684
12,184.1614,3,759.7532,372.7905,11428.0,33.0,156.6867,0.9855,2.085,258.0,43.9309,0.5696,0.7258,704,1048,260,590,166.6684
12,184.5688,1,276.3961,309.9038,8635.0,497.0,136.5233,0.8545,1.6813,247.0,47.8139,0.4975,0.6644,16,360,260,590,166.6684
12,184.5688,2,601.867,325.059,9798.0,652.0,154.1608,0.9209,2.0329,241.0,40.5675,0.6286,0.772,360,704,260,590,166.6684
12,184.5688,3,767.4327,361.4567,11719.0,81.0,146.9606,0.9792,1.8285,255.0,52.136,0.4557,0.6261,704,1048,260,590,166.6684
12,184.9762,1,274.4386,356.2606,8464.0,79.0,143.1683,0.9061,2.4043,270.0,53.9359,0.357,0.5261,16,360,260,590,166.6684
12,184.9762,2,585.368,343.4004,11853.0,472.0,170.1223,0.8568,2.2247,248.0,39.6527,0.5857,0.7387,360,704,260,590,166.6684
12,184.9762,3,777.4303,356.3653,13358.0,433.0,167.5626,0.9963,1.9222,244.0,52.3357,0.4397,0.6108,704,1048,260,590,166.6684
12,185.3837,1,289.4489,350.8296,6231.0,0.0,111.2587,0.9553,1.9726,277.0,33.984,0.4892,0.657,16,360,260,590,166.6684
12,185.3837,2,591.2327,315.7922,10689.0,1332.0,168.2274,0.8986,2.2421,226.0,39.7151,0.5823,0.736,360,704,260,590,166.6684
12,185.3837,3,777.1373,375.4451,12506.0,0.0,156.3338,0.9943,1.9522,264.0,45.4214,0.5393,0.7007,704,1048,260,590,166.6684
12,185.7911,1,284.8931,339.1928,6007.0,258.0,123.5646,0.9508,2.7771,251.0,33.2978,0.4227,0.5942,16,360,260,590,166.6684
12,185.7911,2,579.8158,338.2694,11642.0,772.0,156.8189,0.8643,2.0383,240.0,37.1155,0.6056,0.7544,360,704,260,590,166.6684
12,185.7911,3,790.4518,350.9041,10965.0,163.0,166.3713,0.9551,2.1632,252.0,51.8944,0.4894,0.6572,704,1048,260,590,166.6684
12,186.1985,1,297.6487,344.6892,5872.0,235.0,112.2385,0.978,2.2876,265.0,26.359,0.4642,0.6341,16,360,260,590,166.6684
12,186.1985,2,581.1911,342.725,11317.0,431.0,162.5979,0.8806,2.1765,244.0,34.1464,0.628,0.7715,360,704,260,590,166.6684
12,186.1985,3,810.0372,324.0227,11375.0,300.0,164.5658,0.6412,2.1103,252.0,50.4315,0.4415,0.6125,704,1048,260,590,166.6684
12,186.606,1,298.3389,303.028,4396.0,311.0,96.5806,0.9937,1.8234,257.0,23.4018,0.4868,0.6549,16,360,260,590,166.6684
12,186.606,2,584.3723,341.6208,11508.0,679.0,166.257,0.8617,2.1578,236.0,32.5067,0.6473,0.7859,360,704,260,590,166.6684
12,186.606,3,861.9864,311.3944,11940.0,279.0,197.4203,0.4565,2.6432,253.0,65.2784,0.2935,0.4538,704,1048,260,590,166.6684
12,187.0134,1,289.872,299.4048,5586.0,521.0,98.8264,0.9986,1.4979,257.0,17.1312,0.6359,0.7774,16,360,260,590,166.6684
12,187.0134,2,598.6329,324.1693,10662.0,1294.0,182.3119,0.9749,2.3456,220.0,41.784,0.5697,0.7258,360,704,260,590,166.6684
12,187.0134,3,902.6112,318.8475,11868.0,281.0,181.0407,0.4973,2.4243,251.0,70.5898,0.3071,0.4698,704,1048,260,590,166.6684
12,187.4209,1,273.2199,332.1161,10409.0,378.0,133.1282,1.0,1.5852,250.0,27.879,0.3988,0.5702,16,360,260,590,166.6684
12,187.4209,2,578.948,361.497,11819.0,540.0,172.4491,0.9947,2.2894,239.0,41.7048,0.5838,0.7372,360,704,260,590,166.6684
12,187.4209,3,933.8357,324.1842,10313.0,69.0,137.8809,0.686,1.7064,257.0,62.4672,0.3262,0.492,704,1048,260,590,166.6684
12,187.8283,1,242.5424,318.6134,10584.0,200.0,152.9943,0.7073,1.8171,253.0,32.8651,0.3697,0.5398,16,360,260,590,166.6684
12,187.8283,2,586.2506,351.5991,12673.0,812.0,188.2505,0.9579,2.4589,233.0,40.2113,0.5708,0.7268,360,704,260,590,166.6684
12,187.8283,3,932.5273,347.566,8798.0,0.0,118.4444,0.8052,1.6468,278.0,48.7197,0.4037,0.5752,704,1048,260,590,166.6684
12,188.2357,1,207.4781,301.2181,11601.0,904.0,164.2766,0.5092,2.0143,242.0,34.2582,0.4655,0.6353,16,360,260,590,166.6684
12,188.2357,2,590.3443,341.6442,13829.0,1639.0,220.8741,0.9407,3.0403,214.0,39.5962,0.5871,0.7399,360,704,260,590,166.6684
12,188.2357,3,954.384,338.0932,8273.0,31.0,115.4877,0.9798,1.5921,265.0,37.7096,0.4661,0.6358,704,1048,260,590,166.6684
12,188.6432,1,171.1658,314.0203,13575.0,586.0,193.9981,0.51,2.2792,245.0,50.1442,0.3511,0.5197,16,360,260,590,166.6684
12,188.6432,2,593.3465,357.8351,13537.0,1041.0,201.2612,0.9385,2.7028,227.0,43.0009,0.5668,0.7235,360,704,260,590,166.6684
12,188.6432,3,935.7968,323.8139,8022.0,236.0,115.494,0.9695,1.627,270.0,37.8253,0.3706,0.5408,704,1048,260,590,166.6684
12,189.0506,1,150.722,316.8775,14110.0,779.0,185.0257,0.6029,2.057,245.0,46.495,0.4998,0.6665,16,360,260,590,166.6684
12,189.0506,2,591.4524,382.7798,13219.0,263.0,190.5205,0.9699,2.587,248.0,41.1364,0.5194,0.6837,360,704,260,590,166.6684
12,189.0506,3,884.1472,361.5828,12475.0,0.0,164.52,0.9756,1.6341,270.0,57.5085,0.0822,0.1519,704,1048,260,590,166.6684
12,189.458,1,140.2591,328.3618,14383.0,711.0,168.7786,0.6703,1.8325,246.0,37.9469,0.5973,0.7479,16,360,260,590,166.6684
12,189.458,2,604.9491,336.9581,11053.0,766.0,190.9135,0.9988,2.5353,233.0,46.5468,0.5208,0.6849,360,704,260,590,166.6684
12,189.458,3,861.3215,381.159,15014.0,0.0,186.7624,0.957,1.8057,271.0,47.5924,0.4172,0.5887,704,1048,260,590,166.6684
12,189.8655,1,134.1173,334.5211,14896.0,642.0,174.9845,0.7477,1.8094,251.0,36.9655,0.6224,0.7672,16,360,260,590,166.6684
12,189.8655,2,594.021,313.9354,13762.0,3072.0,205.2425,0.9981,2.6336,194.0,43.2392,0.5464,0.7067,360,704,260,590,166.6684
12,189.8655,3,847.9251,374.619,15398.0,5.0,183.0222,0.9762,1.9085,265.0,39.0028,0.5168,0.6814,704,1048,260,590,166.6684
12,190.2729,1,132.1809,319.849,13102.0,1060.0,156.5629,0.8073,1.7157,240.0,40.78,0.5741,0.7294,16,360,260,590,166.6684
12,190.2729,2,588.622,364.9521,12805.0,402.0,199.6126,0.9953,2.6034,243.0,49.5993,0.5091,0.6747,360,704,260,590,166.6684
12,190.2729,3,831.5458,353.458,14819.0,0.0,171.6685,0.8384,1.7438,262.0,32.7824,0.5776,0.7322,704,1048,260,590,166.6684
12,190.6803,1,130.4085,310.5133,12410.0,1138.0,162.8751,0.84,1.6544,240.0,33.9287,0.6789,0.8087,16,360,260,590,166.6684
12,190.6803,2,580.2054,388.7326,13940.0,60.0,187.7559,0.9954,2.2622,268.0,44.1787,0.5468,0.707,360,704,260,590,166.6684
12,190.6803,3,814.4287,332.7818,14545.0,73.0,185.6617,0.6578,1.9396,257.0,35.0596,0.5967,0.7474,704,1048,260,590,166.6684
12,191.0878,1,136.1248,324.4555,12298.0,696.0,175.1601,0.8181,1.9452,246.0,30.3322,0.68,0.8095,16,360,260,590,166.6684
12,191.0878,2,563.6955,316.258,14371.0,2919.0,225.5157,0.9759,2.736,188.0,60.4421,0.372,0.5423,360,704,260,590,166.6684
12,191.0878,3,792.0551,328.8048,14873.0,1216.0,183.8114,0.9016,1.7288,226.0,44.939,0.5002,0.6669,704,1048,260,590,166.6684
12,191.4952,1,132.3988,304.0297,9602.0,1278.0,158.9942,0.9483,1.8977,236.0,47.3239,0.5258,0.6892,16,360,260,590,166.6684
12,191.4952,2,554.4506,342.7197,12192.0,621.0,192.0105,0.927,2.4508,241.0,63.1442,0.4351,0.6064,360,704,260,590,166.6684
12,191.4952,3,787.8342,363.1386,11647.0,0.0,170.336,0.6517,2.1634,283.0,65.8863,0.3187,0.4834,704,1048,260,590,166.6684
12,191.9027,1,143.21,312.1356,10728.0,1134.0,126.5047,0.9017,1.3366,238.0,50.9279,0.4396,0.6107,16,360,260,590,166.6684
12,191.9027,2,538.5815,347.8339,12394.0,513.0,175.8547,1.0,2.1554,241.0,57.5855,0.4731,0.6423,360,704,260,590,166.6684
12,191.9027,3,776.7205,370.8933,13229.0,0.0,174.5783,0.8779,1.9912,270.0,42.944,0.5139,0.6789,704,1048,260,590,166.6684
12,192.3101,1,181.5891,318.8497,12069.0,1286.0,153.5402,0.8744,1.7589,237.0,59.9026,0.2413,0.3887,16,360,260,590,166.6684
12,192.3101,2,535.5945,325.7623,13414.0,1495.0,185.4055,0.7817,2.3278,236.0,62.6719,0.3451,0.5131,360,704,260,590,166.6684
12,192.3101,3,769.5477,364.9472,12028.0,64.0,179.3386,0.9168,2.2103,257.0,43.3477,0.5354,0.6974,704,1048,260,590,166.6684
12,192.7175,1,217.146,326.5159,14494.0,1847.0,164.6059,0.9057,1.7965,225.0,63.0066,0.2806,0.4383,16,360,260,590,166.6684
12,192.7175,2,552.4086,307.0103,12027.0,1058.0,166.9228,0.6041,1.9944,237.0,49.5621,0.4874,0.6554,360,704,260,590,166.6684
12,192.7175,3,766.601,358.3637,10588.0,71.0,139.8006,0.9981,1.7812,256.0,49.2946,0.5362,0.6981,704,1048,260,590,166.6684
12,193.125,1,235.2399,334.735,14595.0,1459.0,187.5663,0.8544,2.2602,227.0,53.0413,0.4536,0.6241,16,360,260,590,166.6684
12,193.125,2,563.4552,317.0719,13668.0,911.0,176.8511,0.6271,2.137,235.0,51.236,0.4886,0.6565,360,704,260,590,166.6684
12,193.125,3,760.8655,355.8372,10155.0,132.0,131.4854,0.9992,1.7717,253.0,37.9997,0.5211,0.6851,704,1048,260,590,166.6684
12,193.5324,1,249.004,332.5613,13115.0,820.0,173.0023,0.8708,2.0415,243.0,40.7035,0.571,0.7269,16,360,260,590,166.6684
12,193.5324,2,566.8433,339.9893,12938.0,384.0,166.312,0.677,2.0397,250.0,42.4369,0.4657,0.6354,360,704,260,590,166.6684
12,193.5324,3,774.9425,338.0378,10385.0,423.0,168.9876,0.9874,2.2883,246.0,41.0291,0.5287,0.6917,704,1048,260,590,166.6684
12,193.9398,1,259.2581,318.2317,11952.0,1054.0,159.2047,0.8109,1.8955,240.0,31.2761,0.704,0.8263,16,360,260,590,166.6684
12,193.9398,2,593.98,316.8758,12148.0,730.0,154.3313,0.6511,1.7822,241.0,36.2418,0.5686,0.7249,360,704,260,590,166.6684
12,193.9398,3,786.3406,357.2126,11797.0,205.0,191.5547,0.9927,2.5659,251.0,52.0786,0.5121,0.6773,704,1048,260,590,166.6684
12,194.3473,1,266.9193,322.4201,11122.0,919.0,159.2521,0.8416,2.0545,239.0,39.4288,0.5734,0.7289,16,360,260,590,166.6684
12,194.3473,2,596.8682,322.8371,11675.0,445.0,150.6716,0.7421,1.8355,247.0,42.5071,0.5859,0.7389,360,704,260,590,166.6684
12,194.3473,3,794.7355,365.6232,11486.0,56.0,172.7171,0.9935,2.2984,258.0,46.2938,0.5634,0.7207,704,1048,260,590,166.6684
12,194.7547,1,266.0824,346.2263,10924.0,572.0,169.9255,0.8928,2.4179,243.0,43.0799,0.4689,0.6384,16,360,260,590,166.6684
12,194.7547,2,587.8491,353.7117,11661.0,87.0,152.7107,0.71,2.0752,269.0,41.3672,0.4652,0.635,360,704,260,590,166.6684
12,194.7547,3,806.5306,360.5398,11948.0,182.0,174.1886,0.9973,2.2757,251.0,48.3564,0.5699,0.726,704,1048,260,590,166.6684
12,195.1621,1,264.2712,359.1932,10671.0,363.0,142.0672,0.8839,1.9502,278.0,27.32,0.5523,0.7116,16,360,260,590,166.6684
12,195.1621,2,613.9479,333.2167,9981.0,530.0,136.3467,0.935,1.8104,244.0,41.2881,0.4107,0.5823,360,704,260,590,166.6684
12,195.1621,3,814.2279,361.939,11664.0,76.0,160.0551,0.9999,2.0333,257.0,47.8431,0.6223,0.7672,704,1048,260,590,166.6684
12,195.5696,1,280.97,354.4596,8641.0,176.0,141.3972,0.9191,2.2678,277.0,30.5199,0.6095,0.7574,16,360,260,590,166.6684
12,195.5696,2,594.4402,315.5917,12880.0,2400.0,181.0494,0.9983,1.9409,231.0,33.159,0.4728,0.6421,360,704,260,590,166.6684
12,195.5696,3,821.1414,365.1401,12190.0,48.0,180.0563,0.9993,2.1949,257.0,44.6715,0.5844,0.7377,704,1048,260,590,166.6684
12,195.977,1,289.3907,330.4679,6869.0,306.0,114.9651,0.961,1.977,251.0,42.1705,0.4002,0.5716,16,360,260,590,166.6684
12,195.977,2,575.3737,325.9615,10745.0,322.0,122.8903,0.996,1.304,257.0,45.8047,0.3229,0.4882,360,704,260,590,166.6684
12,195.977,3,825.1776,358.2809,12494.0,225.0,173.2,0.9805,2.096,250.0,45.8172,0.5652,0.7222,704,1048,260,590,166.6684
12,196.3845,1,281.8191,342.1799,6676.0,189.0,113.8138,0.9551,2.1917,255.0,31.2307,0.4847,0.6529,16,360,260,590,166.6684
12,196.3845,2,524.7616,303.0134,12673.0,805.0,163.9227,0.4333,1.6571,244.0,51.2803,0.2724,0.4282,360,704,260,590,166.6684
12,196.3845,3,828.4703,373.7414,14352.0,338.0,191.775,0.9863,2.3427,247.0,40.9106,0.6331,0.7753,704,1048,260,590,166.6684
12,196.7919,1,283.8434,339.3135,6845.0,203.0,122.9529,0.9774,2.275,256.0,25.2368,0.5879,0.7405,16,360,260,590,166.6684
12,196.7919,2,476.9344,314.8907,14368.0,869.0,179.7345,0.5835,1.9223,244.0,69.1462,0.2848,0.4433,360,704,260,590,166.6684
12,196.7919,3,830.9785,373.0498,14291.0,17.0,176.3702,0.9293,2.0,259.0,44.6518,0.563,0.7204,704,1048,260,590,166.6684
12,197.1993,1,283.2665,328.1171,6695.0,281.0,125.7187,0.9374,2.2256,250.0,23.8426,0.5606,0.7185,16,360,260,590,166.6684
12,197.1993,2,447.8327,312.0054,11198.0,1206.0,121.569,0.9448,1.2577,241.0,54.9222,0.4666,0.6363,360,704,260,590,166.6684
12,197.1993,3,843.6436,339.5321,12527.0,820.0,173.8014,0.8365,2.2801,234.0,52.6522,0.428,0.5994,704,1048,260,590,166.6684
12,197.6068,1,301.4162,292.5838,3799.0,524.0,105.2595,0.9074,2.4268,248.0,21.0149,0.4957,0.6629,16,360,260,590,166.6684
12,197.6068,2,455.5077,312.9953,11728.0,1140.0,144.5781,0.8796,1.5908,238.0,41.4675,0.6204,0.7658,360,704,260,590,166.6684
12,197.6068,3,867.6466,342.7545,12022.0,439.0,169.3396,0.9381,1.9717,243.0,48.6475,0.4219,0.5934,704,1048,260,590,166.6684
12,198.0142,1,303.3238,296.2909,3805.0,444.0,102.0356,0.9759,2.3202,251.0,14.5942,0.6563,0.7925,16,360,260,590,166.6684
12,198.0142,2,461.0953,327.8234,13016.0,1593.0,172.6543,0.9913,2.0318,231.0,44.6913,0.5406,0.7018,360,704,260,590,166.6684
12,198.0142,3,868.4096,368.1664,13446.0,128.0,187.8242,0.9889,2.3276,253.0,50.4017,0.4331,0.6044,704,1048,260,590,166.6684
12,198.4216,1,301.8748,317.8705,4882.0,374.0,124.0378,0.9862,2.8163,251.0,22.3188,0.6141,0.7609,16,360,260,590,166.6684
12,198.4216,2,482.7515,333.7688,10776.0,507.0,154.0449,0.9842,1.9025,246.0,65.4068,0.413,0.5846,360,704,260,590,166.6684
12,198.4216,3,869.6601,365.9375,13400.0,420.0,200.5093,0.9631,2.5905,243.0,41.8756,0.5463,0.7066,704,1048,260,590,166.6684
12,198.8291,1,288.0229,337.8607,9041.0,791.0,163.5858,0.9845,2.7724,244.0,32.6798,0.469,0.6385,16,360,260,590,166.6684
12,198.8291,2,494.0443,317.1904,11818.0,1361.0,136.8624,0.9865,1.5181,234.0,60.37,0.4166,0.5881,360,704,260,590,166.6684
12,198.8291,3,856.3853,360.2282,12859.0,414.0,203.6104,0.966,2.7459,244.0,49.0707,0.5461,0.7064,704,1048,260,590,166.6684
12,199.2365,1,273.1911,358.82,10439.0,87.0,158.1167,0.8679,2.217,260.0,37.8787,0.4816,0.6501,16,360,260,590,166.6684
12,199.2365,2,516.6708,314.4568,10374.0,940.0,131.403,0.9869,1.4913,239.0,54.2847,0.3991,0.5705,360,704,260,590,166.6684
12,199.2365,3,845.853,364.0187,12870.0,371.0,190.1618,0.9845,2.4214,244.0,46.0135,0.5827,0.7364,704,1048,260,590,166.6684
12,199.6439,1,271.2782,334.0808,9109.0,82.0,132.6476,0.7919,1.9143,255.0,43.3293,0.478,0.6468,16,360,260,590,166.6684
12,199.6439,2,548.9254,323.1015,11138.0,867.0,161.2248,0.9423,1.9184,237.0,60.3021,0.3767,0.5472,360,704,260,590,166.6684
12,199.6439,3,834.743,368.0594,12378.0,204.0,191.1864,0.9868,2.4965,250.0,48.8532,0.5436,0.7043,704,1048,260,590,166.6684
12,200.0514,1,268.6216,326.8559,8583.0,278.0,131.4017,0.8334,1.873,249.0,29.4072,0.635,0.7767,16,360,260,590,166.6684
12,200.0514,2,561.3467,334.0508,12769.0,785.0,166.8017,0.8839,2.0577,243.0,49.6335,0.4721,0.6414,360,704,260,590,166.6684
12,200.0514,3,823.1253,372.0251,12620.0,0.0,184.8426,0.9994,2.1945,262.0,49.2534,0.5873,0.74,704,1048,260,590,166.6684
12,200.4588,1,269.0739,345.7909,8698.0,126.0,138.226,0.8506,2.1767,256.0,35.1765,0.5208,0.6849,16,360,260,590,166.6684
12,200.4588,2,573.4438,318.9702,12870.0,1007.0,160.3157,0.702,1.8776,241.0,47.0473,0.4726,0.6418,360,704,260,590,166.6684
12,200.4588,3,820.5144,372.9868,13928.0,169.0,183.5177,0.9221,2.2999,254.0,49.5671,0.4867,0.6547,704,1048,260,590,166.6684
12,200.8663,1,273.7626,349.137,8860.0,449.0,139.6397,0.895,2.3668,259.0,30.8116,0.5475,0.7076,16,360,260,590,166.6684
12,200.8663,2,590.0968,314.6972,11871.0,604.0,153.5907,0.6327,1.8168,246.0,37.8196,0.5772,0.7319,360,704,260,590,166.6684
12,200.8663,3,830.7262,339.4607,14456.0,1436.0,201.6039,0.9252,2.5718,226.0,46.1458,0.4823,0.6508,704,1048,260,590,166.6684
12,201.2737,1,277.6484,375.9354,6559.0,0.0,116.853,0.9381,2.2402,289.0,38.9398,0.3595,0.5288,16,360,260,590,166.6684
12,201.2737,2,591.5712,326.4692,11135.0,390.0,150.1459,0.7151,1.9311,249.0,44.0731,0.537,0.6988,360,704,260,590,166.6684
12,201.2737,3,841.0506,362.4866,12581.0,184.0,189.3762,0.9063,2.5114,252.0,52.5559,0.4142,0.5858,704,1048,260,590,166.6684
12,201.6811,1,295.4192,372.2785,6004.0,0.0,117.182,0.9953,2.4145,281.0,30.3142,0.4419,0.6129,16,360,260,590,166.6684
12,201.6811,2,590.2111,333.106,11034.0,194.0,146.7805,0.6451,1.8955,253.0,31.1672,0.6647,0.7986,360,704,260,590,166.6684
12,201.6811,3,857.4129,369.7089,13076.0,53.0,198.2327,0.9111,2.5791,257.0,45.4499,0.4911,0.6587,704,1048,260,590,166.6684
12,202.0886,1,296.8287,334.1924,6251.0,272.0,108.937,0.9583,1.8835,277.0,23.4005,0.5022,0.6686,16,360,260,590,166.6684
12,202.0886,2,581.1202,323.3418,11055.0,839.0,156.0398,0.7786,2.2253,235.0,35.2723,0.5222,0.6861,360,704,260,590,166.6684
12,202.0886,3,878.6925,355.7514,14239.0,338.0,219.6539,0.7797,3.1489,252.0,42.8932,0.513,0.6782,704,1048,260,590,166.6684
12,202.496,1,299.276,307.5295,5352.0,481.0,107.3791,0.9988,1.8903,261.0,26.0336,0.5452,0.7057,16,360,260,590,166.6684
12,202.496,2,598.8078,335.289,10049.0,398.0,157.8346,0.7232,2.3714,262.0,44.7275,0.41,0.5816,360,704,260,590,166.6684
12,202.496,3,907.1236,335.069,12032.0,70.0,189.0291,0.6215,2.7169,256.0,57.8468,0.3604,0.5299,704,1048,260,590,166.6684
12,202.9034,1,293.0015,340.3659,7135.0,183.0,124.3258,0.9679,2.0112,264.0,23.2692,0.5403,0.7015,16,360,260,590,166.6684
12,202.9034,2,586.6814,357.0561,9751.0,0.0,160.4172,0.6699,2.5645,275.0,33.8891,0.5817,0.7356,360,704,260,590,166.6684
12,202.9034,3,934.1477,337.2132,10344.0,6.0,129.1709,0.8462,1.6431,260.0,63.8325,0.33,0.4962,704,1048,260,590,166.6684
12,203.3109,1,287.9941,341.9734,8276.0,187.0,128.9983,0.9387,1.7668,277.0,21.767,0.6277,0.7713,16,360,260,590,166.6684
12,203.3109,2,585.2313,347.1535,11582.0,199.0,178.9258,0.6731,2.6789,261.0,36.6414,0.5501,0.7098,360,704,260,590,166.6684
12,203.3109,3,946.9545,340.6574,8610.0,0.0,121.4413,0.9196,1.6724,264.0,42.3659,0.4899,0.6576,704,1048,260,590,166.6684
12,203.7183,1,266.6107,365.618,11256.0,420.0,134.8093,0.9206,1.8359,275.0,19.9587,0.615,0.7616,16,360,260,590,166.6684
12,203.7183,2,591.7616,334.2243,10032.0,435.0,133.1102,0.8624,1.7601,244.0,43.319,0.3698,0.5399,360,704,260,590,166.6684
12,203.7183,3,953.1958,343.8249,9018.0,8.0,118.9882,0.9595,1.5538,270.0,29.8371,0.5564,0.715,704,1048,260,590,166.6684
12,204.1258,1,272.9874,343.9269,11484.0,1304.0,193.305,0.926,3.0581,234.0,24.5213,0.4858,0.6539,16,360,260,590,166.6684
12,204.1258,2,602.0861,316.1708,9267.0,416.0,134.1335,0.92,1.6023,247.0,27.2536,0.5956,0.7466,360,704,260,590,166.6684
12,204.1258,3,947.5078,334.4926,9959.0,0.0,114.5541,0.9765,1.2368,268.0,28.7124,0.5758,0.7308,704,1048,260,590,166.6684
12,204.5332,1,244.9082,364.7559,8825.0,0.0,138.3263,0.721,2.1896,287.0,31.0257,0.3908,0.562,16,360,260,590,166.6684
12,204.5332,2,594.3498,317.6314,9467.0,527.0,123.0978,0.7978,1.4665,250.0,33.9338,0.4804,0.649,360,704,260,590,166.6684
12,204.5332,3,929.1852,329.6566,9193.0,0.0,102.9786,0.9774,1.1507,272.0,30.9444,0.415,0.5866,704,1048,260,590,166.6684
12,204.9406,1,264.9136,350.1388,9246.0,249.0,144.6254,0.8631,2.207,253.0,29.9254,0.4654,0.6352,16,360,260,590,166.6684
12,204.9406,2,557.5214,313.0606,10114.0,708.0,126.68,0.9233,1.4127,242.0,45.9207,0.3039,0.4662,360,704,260,590,166.6684
12,204.9406,3,896.2149,334.3076,11187.0,0.0,143.9806,0.6302,1.5986,263.0,37.3143,0.3458,0.5139,704,1048,260,590,166.6684
12,205.3481,1,282.8747,340.4645,7375.0,332.0,127.628,0.9226,2.2677,261.0,30.8489,0.4774,0.6463,16,360,260,590,166.6684
12,205.3481,2,528.0426,323.7952,12342.0,262.0,167.1679,0.6259,1.9507,251.0,46.862,0.3512,0.5199,360,704,260,590,166.6684
12,205.3481,3,858.374,322.7544,12395.0,9.0,157.8315,0.5286,1.7214,259.0,36.855,0.4202,0.5917,704,1048,260,590,166.6684
12,205.7555,1,297.5163,302.4318,5628.0,542.0,115.1326,0.9978,1.9307,245.0,29.2768,0.505,0.6711,16,360,260,590,166.6684
12,205.7555,2,505.3462,325.6189,14525.0,562.0,175.6798,0.5981,1.927,244.0,41.6121,0.548,0.708,360,704,260,590,166.6684
12,205.7555,3,819.286,320.4836,14091.0,78.0,183.4238,0.4322,1.9652,256.0,44.5851,0.4431,0.6141,704,1048,260,590,166.6684
12,206.1629,1,295.7129,337.4253,6786.0,224.0,109.7306,0.9877,1.87,263.0,19.8668,0.6126,0.7598,16,360,260,590,166.6684
12,206.1629,2,488.416,324.6476,14386.0,936.0,171.4049,0.7341,1.7579,237.0,45.4299,0.5702,0.7263,360,704,260,590,166.6684
12,206.1629,3,796.3999,331.856,13928.0,23.0,162.6208,0.5551,1.699,259.0,53.063,0.4551,0.6255,704,1048,260,590,166.6684
12,206.5704,1,290.0159,321.229,8301.0,564.0,124.3793,0.9923,1.7219,249.0,21.4998,0.5591,0.7172,16,360,260,590,166.6684
12,206.5704,2,481.2049,343.35,14911.0,546.0,195.6544,0.6767,2.36,246.0,48.814,0.4796,0.6483,360,704,260,590,166.6684
12,206.5704,3,784.3215,343.1158,12499.0,0.0,152.4818,0.63,1.7218,269.0,39.7766,0.5357,0.6977,704,1048,260,590,166.6684
12,206.9778,1,274.6489,302.2505,8906.0,730.0,130.595,0.714,1.5812,247.0,22.6229,0.5561,0.7147,16,360,260,590,166.6684
12,206.9778,2,454.5889,306.7591,12981.0,1721.0,156.4349,0.7733,1.6698,230.0,47.1561,0.5013,0.6678,360,704,260,590,166.6684
12,206.9778,3,778.1164,334.5736,11822.0,169.0,132.9212,0.7365,1.2962,253.0,33.5012,0.6494,0.7875,704,1048,260,590,166.6684
12,207.3852,1,262.8485,319.5164,9624.0,147.0,130.6827,0.7162,1.5572,253.0,26.4248,0.5189,0.6832,16,360,260,590,166.6684
12,207.3852,2,453.1008,318.6215,12174.0,1235.0,149.1883,0.9034,1.6234,235.0,31.7608,0.6355,0.7771,360,704,260,590,166.6684
12,207.3852,3,773.6082,328.4474,9308.0,197.0,126.1679,0.8419,1.6307,252.0,31.3344,0.6558,0.7921,704,1048,260,590,166.6684
12,207.7927,1,242.2875,326.0331,12044.0,377.0,139.6618,0.9091,1.4086,250.0,30.598,0.5031,0.6694,16,360,260,590,166.6684
12,207.7927,2,453.9322,332.3519,12445.0,993.0,144.1895,0.9918,1.5841,239.0,35.3012,0.5653,0.7223,360,704,260,590,166.6684
12,207.7927,3,768.9523,332.3587,8982.0,153.0,123.6154,0.976,1.6141,253.0,34.6415,0.5619,0.7195,704,1048,260,590,166.6684
12,208.2001,1,224.8233,314.6457,12103.0,540.0,136.3931,0.7276,1.3072,247.0,27.5279,0.5573,0.7157,16,360,260,590,166.6684
12,208.2001,2,466.2445,318.7396,11088.0,1435.0,137.8218,0.9911,1.6342,230.0,50.6172,0.42,0.5916,360,704,260,590,166.6684
12,208.2001,3,777.5758,327.5524,9201.0,255.0,134.9368,0.9586,1.8167,250.0,46.332,0.5156,0.6804,704,1048,260,590,166.6684
12,208.6076,1,218.1614,321.9439,12540.0,433.0,153.3115,0.7888,1.5787,248.0,25.9914,0.6439,0.7833,16,360,260,590,166.6684
12,208.6076,2,481.5851,320.3728,11775.0,1479.0,162.5251,0.9522,1.9491,230.0,43.6502,0.5805,0.7345,360,704,260,590,166.6684
12,208.6076,3,788.9827,332.4974,9781.0,309.0,149.0353,0.987,2.0133,248.0,42.9902,0.6361,0.7776,704,1048,260,590,166.6684
12,209.015,1,206.3766,338.5314,14780.0,351.0,158.966,0.7419,1.59,251.0,25.0174,0.5964,0.7471,16,360,260,590,166.6684
12,209.015,2,490.1835,321.9514,11472.0,1059.0,159.2718,0.9392,1.9184,238.0,38.2637,0.6168,0.763,360,704,260,590,166.6684
12,209.015,3,799.7402,341.1511,10639.0,358.0,154.5936,0.996,1.9958,247.0,38.9643,0.6602,0.7953,704,1048,260,590,166.6684
12,209.4224,1,180.0497,324.4501,15489.0,791.0,147.6359,0.8179,1.4607,244.0,31.9942,0.4804,0.649,16,360,260,590,166.6684
12,209.4224,2,495.8152,323.9367,11812.0,1260.0,167.3005,0.9736,2.0397,237.0,35.5056,0.682,0.8109,360,704,260,590,166.6684
12,209.4224,3,808.756,351.1213,11324.0,323.0,155.8676,0.9899,1.9703,247.0,44.2866,0.5461,0.7065,704,1048,260,590,166.6684
12,209.8299,1,170.8971,334.1814,16369.0,300.0,187.5612,0.6993,1.7595,251.0,35.9453,0.4963,0.6634,16,360,260,590,166.6684
12,209.8299,2,505.9562,343.3053,12085.0,604.0,159.4002,0.9932,1.8426,243.0,39.0732,0.6461,0.785,360,704,260,590,166.6684
12,209.8299,3,816.2504,356.8335,11295.0,43.0,165.2372,0.9867,2.1533,257.0,45.5735,0.5843,0.7376,704,1048,260,590,166.6684
12,210.2373,1,153.3443,326.5762,16226.0,790.0,186.4931,0.6484,1.9355,247.0,30.1311,0.6206,0.7659,16,360,260,590,166.6684
12,210.2373,2,510.8598,329.3454,13571.0,1283.0,166.6461,0.8551,1.9665,237.0,53.6646,0.4041,0.5756,360,704,260,590,166.6684
12,210.2373,3,820.1817,348.012,11623.0,560.0,172.6748,1.0,2.2172,242.0,45.3211,0.5518,0.7111,704,1048,260,590,166.6684
12,210.6447,1,143.2508,318.9105,14815.0,1084.0,168.9,0.6229,1.7394,242.0,30.6784,0.6109,0.7585,16,360,260,590,166.6684
12,210.6447,2,548.0052,306.7555,13152.0,860.0,185.5554,0.4604,2.2835,245.0,59.5823,0.3853,0.5563,360,704,260,590,166.6684
12,210.6447,3,825.1104,360.9214,12074.0,303.0,163.5985,0.9996,2.1088,248.0,34.0252,0.6662,0.7997,704,1048,260,590,166.6684
12,211.0522,1,139.2459,329.7529,14725.0,657.0,177.9222,0.6518,1.9298,248.0,31.7389,0.6373,0.7785,16,360,260,590,166.6684
12,211.0522,2,574.6073,312.036,12561.0,716.0,171.8701,0.5705,2.1036,245.0,62.4655,0.4666,0.6363,360,704,260,590,166.6684
12,211.0522,3,829.0137,360.9887,11617.0,47.0,157.3294,0.9997,1.898,258.0,37.8767,0.6581,0.7938,704,1048,260,590,166.6684
12,211.4596,1,126.4354,322.5424,15224.0,1466.0,148.8879,0.9462,1.2702,235.0,36.1082,0.5903,0.7424,16,360,260,590,166.6684
12,211.4596,2,581.7577,330.2022,12292.0,337.0,171.2134,0.6186,2.227,250.0,52.8116,0.4583,0.6286,360,704,260,590,166.6684
12,211.4596,3,839.3315,357.3226,13612.0,122.0,166.0044,0.8924,1.9881,255.0,49.6175,0.5268,0.6901,704,1048,260,590,166.6684
12,211.867,1,120.8779,318.8119,12142.0,1118.0,148.4407,0.9326,1.5624,238.0,34.4668,0.5871,0.7398,16,360,260,590,166.6684
12,211.867,2,599.1981,323.4444,11086.0,369.0,154.142,0.7197,1.9431,250.0,38.6395,0.5552,0.714,360,704,260,590,166.6684
12,211.867,3,873.4947,321.7679,12904.0,329.0,203.1888,0.5711,2.7195,252.0,61.0746,0.3189,0.4836,704,1048,260,590,166.6684
12,212.2745,1,123.6481,326.8652,11576.0,1155.0,131.3531,0.9419,1.5746,237.0,48.5449,0.4683,0.6379,16,360,260,590,166.6684
12,212.2745,2,605.3245,311.8707,9390.0,504.0,130.7137,0.7768,1.5887,246.0,31.699,0.6374,0.7786,360,704,260,590,166.6684
12,212.2745,3,920.6016,318.9339,11038.0,55.0,162.0443,0.532,2.1082,257.0,69.5474,0.312,0.4756,704,1048,260,590,166.6684
12,212.6819,1,159.5298,310.8326,11835.0,1403.0,135.4677,0.8015,1.4282,236.0,57.7105,0.2278,0.371,16,360,260,590,166.6684
12,212.6819,2,591.3727,328.1498,10190.0,150.0,140.6062,0.676,1.8712,262.0,31.374,0.6392,0.7799,360,704,260,590,166.6684
12,212.6819,3,945.5802,330.4255,9531.0,35.0,129.2713,0.81,1.6176,259.0,57.4946,0.3896,0.5607,704,1048,260,590,166.6684
12,213.0894,1,206.4473,312.2584,13884.0,1769.0,158.3587,0.7438,1.6399,238.0,62.0082,0.211,0.3485,16,360,260,590,166.6684
12,213.0894,2,593.0541,319.5164,10477.0,635.0,170.4391,0.6808,2.4696,258.0,36.2482,0.5899,0.7421,360,704,260,590,166.6684
12,213.0894,3,951.8569,338.7946,8609.0,7.0,133.1332,0.8966,1.8902,263.0,44.4853,0.5567,0.7152,704,1048,260,590,166.6684
12,213.4968,1,233.3361,318.756,14506.0,2389.0,163.485,0.8487,1.8593,227.0,53.5019,0.3915,0.5627,16,360,260,590,166.6684
12,213.4968,2,587.5444,326.5194,12101.0,553.0,155.1312,0.7213,2.0616,262.0,30.5539,0.6311,0.7739,360,704,260,590,166.6684
12,213.4968,3,954.4031,341.6925,9415.0,32.0,120.1533,0.9776,1.4743,258.0,34.2271,0.5434,0.7042,704,1048,260,590,166.6684
12,213.9042,1,248.3786,331.8824,13126.0,1139.0,154.2512,0.9234,1.7261,239.0,40.7726,0.4819,0.6504,16,360,260,590,166.6684
12,213.9042,2,577.7299,351.5452,12942.0,125.0,175.9243,0.7954,2.1864,259.0,33.5913,0.5165,0.6811,360,704,260,590,166.6684
12,213.9042,3,947.2439,327.5218,9040.0,0.0,119.4833,0.851,1.4294,267.0,33.5171,0.5497,0.7094,704,1048,260,590,166.6684
12,214.3117,1,257.5769,321.4714,12382.0,1049.0,145.7228,0.8634,1.629,238.0,37.2304,0.5674,0.724,16,360,260,590,166.6684
12,214.3117,2,567.5917,334.6033,12810.0,462.0,147.9712,0.8058,1.6092,250.0,45.7051,0.3438,0.5117,360,704,260,590,166.6684
12,214.3117,3,932.6335,330.5823,10110.0,0.0,133.4106,0.7408,1.5321,270.0,27.4277,0.5884,0.7409,704,1048,260,590,166.6684
12,214.7191,1,264.6256,337.9901,11920.0,746.0,157.3051,0.8932,2.0209,246.0,40.6712,0.5128,0.678,16,360,260,590,166.6684
12,214.7191,2,530.9835,301.2108,12454.0,996.0,172.9882,0.4549,2.0653,241.0,42.2932,0.3481,0.5165,360,704,260,590,166.6684
12,214.7191,3,909.2274,340.0534,10727.0,0.0,130.202,0.8059,1.5236,270.0,36.3648,0.437,0.6082,704,1048,260,590,166.6684
12,215.1265,1,272.6024,337.059,9746.0,466.0,144.5832,0.9147,2.0163,248.0,31.6591,0.614,0.7608,16,360,260,590,166.6684
12,215.1265,2,503.6309,310.2711,14658.0,679.0,189.3888,0.4687,2.1656,243.0,51.7998,0.4526,0.6232,360,704,260,590,166.6684
12,215.1265,3,886.215,346.4939,11406.0,0.0,121.3675,0.9617,1.2212,266.0,36.1429,0.44,0.6111,704,1048,260,590,166.6684
12,215.534,1,287.537,331.5973,8097.0,599.0,152.9096,0.9616,2.6668,245.0,39.2586,0.5319,0.6944,16,360,260,590,166.6684
12,215.534,2,475.7751,311.1254,13987.0,1027.0,169.6665,0.5879,1.7833,241.0,55.0943,0.4853,0.6534,360,704,260,590,166.6684
12,215.534,3,875.1577,350.5509,12945.0,10.0,134.9242,0.9145,1.385,259.0,27.165,0.5608,0.7186,704,1048,260,590,166.6684
12,215.9414,1,295.6008,344.2692,7021.0,149.0,136.3671,0.9832,2.48,255.0,32.9267,0.5211,0.6851,16,360,260,590,166.6684
12,215.9414,2,457.8634,315.8439,13768.0,1466.0,166.6144,0.7796,1.87,232.0,52.6489,0.5393,0.7007,360,704,260,590,166.6684
12,215.9414,3,857.9424,328.3982,13302.0,0.0,172.9242,0.495,2.0343,260.0,33.4157,0.452,0.6226,704,1048,260,590,166.6684
12,216.3489,1,293.2415,332.3781,7155.0,442.0,140.876,0.9838,2.5711,246.0,26.6167,0.612,0.7593,16,360,260,590,166.6684
12,216.3489,2,453.6042,331.8196,12570.0,901.0,166.8771,0.8344,1.9482,237.0,40.9992,0.5689,0.7252,360,704,260,590,166.6684
12,216.3489,3,820.7745,325.6825,15003.0,0.0,187.5288,0.4563,2.066,260.0,40.4358,0.449,0.6197,704,1048,260,590,166.6684
12,216.7563,1,290.702,362.1456,7992.0,169.0,136.3854,0.9808,2.5596,277.0,32.0398,0.4936,0.661,16,360,260,590,166.6684
12,216.7563,2,461.2323,341.105,13490.0,816.0,164.0858,0.8568,1.9447,242.0,37.4204,0.6125,0.7597,360,704,260,590,166.6684
12,216.7563,3,803.7989,338.4329,15312.0,120.0,179.7417,0.6402,1.6422,270.0,49.2439,0.4704,0.6398,704,1048,260,590,166.6684
12,217.1637,1,280.3148,348.4883,9462.0,178.0,140.5873,0.9323,2.1214,262.0,37.9122,0.3768,0.5474,16,360,260,590,166.6684
12,217.1637,2,466.5055,324.3803,11718.0,1147.0,132.9429,0.9988,1.4812,238.0,61.988,0.399,0.5705,360,704,260,590,166.6684
12,217.1637,3,797.2283,353.7902,15349.0,102.0,162.8983,0.9009,1.5167,268.0,39.2232,0.5432,0.704,704,1048,260,590,166.6684
12,217.5712,1,272.1747,333.43,10534.0,469.0,134.2635,0.9723,1.6094,247.0,29.793,0.4879,0.6558,16,360,260,590,166.6684
12,217.5712,2,488.221,307.7501,10414.0,1453.0,137.8035,0.9996,1.6159,228.0,53.8059,0.4285,0.5999,360,704,260,590,166.6684
12,217.5712,3,795.6551,351.4125,14505.0,0.0,161.6365,0.7949,1.6277,269.0,45.4467,0.4515,0.6221,704,1048,260,590,166.6684
12,217.9786,1,259.0767,321.3174,10227.0,350.0,132.0462,0.9271,1.4855,249.0,26.0394,0.5529,0.7121,16,360,260,590,166.6684
12,217.9786,2,504.8505,330.0092,10491.0,641.0,147.1911,0.9978,1.805,241.0,47.8687,0.5404,0.7017,360,704,260,590,166.6684
12,217.9786,3,829.6303,326.1507,11756.0,176.0,164.2751,0.7163,1.9555,257.0,61.7168,0.3692,0.5393,704,1048,260,590,166.6684
12,218.386,1,243.34,326.5863,13425.0,633.0,152.441,0.9735,1.4537,243.0,24.7605,0.6047,0.7537,16,360,260,590,166.6684
12,218.386,2,516.5667,331.2743,13088.0,1191.0,188.8008,0.8132,2.4817,237.0,56.3604,0.3805,0.5513,360,704,260,590,166.6684
12,218.386,3,874.8575,318.2328,13842.0,0.0,230.767,0.2726,3.1425,260.0,48.3203,0.3625,0.5321,704,1048,260,590,166.6684
12,218.7935,1,220.98,345.2105,15320.0,90.0,168.961,0.9813,1.5512,256.0,38.2768,0.4671,0.6368,16,360,260,590,166.6684
12,218.7935,2,534.0416,315.4832,13607.0,1461.0,163.6415,0.7507,1.8628,234.0,56.3886,0.377,0.5476,360,704,260,590,166.6684
12,218.7935,3,871.47,340.4484,14498.0,0.0,213.9822,0.3717,2.9611,261.0,36.7318,0.5259,0.6893,704,1048,260,590,166.6684
12,219.2009,1,191.8382,324.1423,15056.0,479.0,180.4248,0.6382,1.887,249.0,39.3977,0.4536,0.6241,16,360,260,590,166.6684
12,219.2009,2,565.1353,336.6203,13586.0,908.0,189.7574,0.8025,2.4235,239.0,66.3113,0.2693,0.4244,360,704,260,590,166.6684
12,219.2009,3,918.3731,321.5572,11746.0,264.0,174.8305,0.5098,2.2678,249.0,43.549,0.3867,0.5577,704,1048,260,590,166.6684
12,219.6083,1,158.7251,309.7596,15759.0,1169.0,180.2482,0.5652,1.4574,241.0,40.1856,0.4943,0.6616,16,360,260,590,166.6684
12,219.6083,2,588.705,344.3919,13388.0,500.0,198.0381,0.7769,2.7004,247.0,49.489,0.4168,0.5883,360,704,260,590,166.6684
12,219.6083,3,914.0851,349.4124,11266.0,7.0,161.4114,0.5915,2.38,271.0,38.7823,0.386,0.557,704,1048,260,590,166.6684
12,220.0158,1,144.5852,321.4718,15162.0,1019.0,177.7887,0.6645,1.8245,245.0,46.8004,0.4827,0.6511,16,360,260,590,166.6684
12,220.0158,2,602.7785,334.2061,11727.0,1661.0,185.2711,0.9426,2.6826,212.0,52.8099,0.4165,0.5881,360,704,260,590,166.6684
12,220.0158,3,953.4533,322.9873,9120.0,691.0,159.0153,0.8687,2.269,237.0,39.6153,0.4984,0.6653,704,1048,260,590,166.6684
12,220.4232,1,129.5669,331.0877,15402.0,1143.0,165.0115,0.8905,1.4908,239.0,38.1154,0.5563,0.7149,16,360,260,590,166.6684
12,220.4232,2,616.8593,354.3955,8972.0,0.0,150.265,0.8713,2.3526,265.0,43.2337,0.3571,0.5263,360,704,260,590,166.6684
12,220.4232,3,947.0942,336.9019,11598.0,994.0,194.0737,0.9434,2.6442,229.0,31.4624,0.6094,0.7573,704,1048,260,590,166.6684
12,220.8307,1,129.4403,342.1969,15861.0,1532.0,185.0661,0.9494,1.9321,229.0,38.9288,0.5579,0.7162,16,360,260,590,166.6684
12,220.8307,2,623.8353,351.3038,13225.0,914.0,157.0727,0.9875,1.9025,263.0,33.0992,0.4638,0.6337,360,704,260,590,166.6684
12,220.8307,3,935.401,379.7152,11591.0,0.0,172.6623,0.9761,2.2395,267.0,36.2807,0.5127,0.6778,704,1048,260,590,166.6684
12,221.2381,1,114.7319,333.2465,12796.0,1247.0,157.107,0.9824,1.7202,235.0,38.2479,0.5484,0.7083,16,360,260,590,166.6684
12,221.2381,2,589.7415,342.2058,13275.0,575.0,156.9623,0.9253,1.7256,254.0,43.0887,0.2798,0.4373,360,704,260,590,166.6684
12,221.2381,3,934.2564,370.6809,11910.0,0.0,180.5723,0.979,2.2186,262.0,34.9164,0.5645,0.7217,704,1048,260,590,166.6684
12,221.6455,1,134.3468,323.9567,12273.0,1153.0,136.6277,0.9997,1.4222,239.0,50.6017,0.4722,0.6415,16,360,260,590,166.6684
12,221.6455,2,524.2466,302.8079,14669.0,2506.0,202.7476,0.7406,2.4002,204.0,51.6636,0.2097,0.3468,360,704,260,590,166.6684
12,221.6455,3,925.8035,352.8886,15513.0,1378.0,208.5574,0.9999,2.5557,224.0,37.3152,0.5344,0.6966,704,1048,260,590,166.6684
12,222.053,1,151.1902,330.5399,13421.0,1399.0,148.1534,0.9995,1.6145,234.0,51.5585,0.3679,0.5379,16,360,260,590,166.6684
12,222.053,2,472.9824,338.494,18086.0,1331.0,207.6423,0.9035,1.8286,258.0,85.5188,0.1516,0.2632,360,704,260,590,166.6684
12,222.053,3,917.5491,363.9627,12273.0,273.0,189.0491,0.9905,2.4916,250.0,39.1751,0.5057,0.6717,704,1048,260,590,166.6684
12,222.4604,1,177.1344,325.6331,13494.0,1252.0,146.813,0.9568,1.5459,237.0,54.7729,0.3405,0.508,16,360,260,590,166.6684
12,222.4604,2,451.8175,351.8714,19228.0,391.0,186.1894,0.9988,1.5295,257.0,61.3959,0.4821,0.6505,360,704,260,590,166.6684
12,222.4604,3,907.617,370.8634,12251.0,0.0,184.2585,0.9856,2.3216,267.0,44.1772,0.6166,0.7628,704,1048,260,590,166.6684
12,222.8678,1,203.058,327.8218,13981.0,1085.0,153.1279,0.8244,1.624,240.0,51.6331,0.4125,0.584,16,360,260,590,166.6684
12,222.8678,2,492.1681,314.1245,15475.0,1420.0,244.9817,0.6248,2.88,235.0,73.2188,0.3148,0.4788,360,704,260,590,166.6684
12,222.8678,3,910.5331,361.3281,13912.0,670.0,194.6693,0.9544,2.5731,237.0,39.0884,0.5492,0.709,704,1048,260,590,166.6684
12,223.2753,1,231.0469,331.3627,13302.0,744.0,176.7235,0.8242,2.0282,246.0,50.2553,0.3943,0.5656,16,360,260,590,166.6684
12,223.2753,2,574.3572,308.8242,13855.0,829.0,193.2585,0.5068,2.2328,239.0,69.9818,0.1647,0.2829,360,704,260,590,166.6684
12,223.2753,3,914.9661,340.4455,14011.0,1594.0,225.4961,1.0,2.8667,218.0,42.2602,0.4996,0.6663,704,1048,260,590,166.6684
12,223.6827,1,256.2239,320.0741,11795.0,1167.0,147.6573,0.934,1.6637,237.0,44.7481,0.4463,0.6171,16,360,260,590,166.6684
12,223.6827,2,588.5528,330.0197,10783.0,1064.0,146.0836,0.6097,2.5419,262.0,48.9676,0.2403,0.3875,360,704,260,590,166.6684
12,223.6827,3,907.8955,384.5613,13901.0,193.0,218.1869,0.996,2.8975,251.0,44.0907,0.5201,0.6843,704,1048,260,590,166.6684
12,224.0901,1,265.5402,330.8249,12630.0,1196.0,145.4971,0.9494,1.7206,242.0,35.1117,0.5472,0.7073,16,360,260,590,166.6684
12,224.0901,2,600.6328,348.2849,10137.0,803.0,162.9549,0.7397,3.0417,272.0,35.5776,0.3609,0.5304,360,704,260,590,166.6684
12,224.0901,3,904.5794,373.3905,13551.0,198.0,206.9805,0.9977,2.7071,251.0,40.5586,0.5742,0.7295,704,1048,260,590,166.6684
12,224.4976,1,269.0289,324.1254,13028.0,2086.0,151.7464,0.987,1.8396,234.0,29.587,0.5916,0.7434,16,360,260,590,166.6684
12,224.4976,2,594.3407,370.0919,9003.0,146.0,155.332,0.784,2.9698,288.0,30.8742,0.4623,0.6323,360,704,260,590,166.6684
12,224.4976,3,895.4089,349.0951,13726.0,1176.0,205.4119,0.9815,2.6823,226.0,49.299,0.5166,0.6812,704,1048,260,590,166.6684
12,224.905,1,274.2204,322.2602,10649.0,987.0,147.3821,0.9575,1.8774,234.0,24.9132,0.6089,0.7569,16,360,260,590,166.6684
12,224.905,2,634.5349,276.9345,6078.0,2171.0,162.8135,0.99,3.533,197.0,42.9053,0.187,0.3151,360,704,260,590,166.6684
12,224.905,3,885.4173,362.644,13522.0,223.0,203.7887,0.9053,2.6521,251.0,43.9849,0.5529,0.7121,704,1048,260,590,166.6684
12,225.3125,1,276.5719,332.1126,10763.0,632.0,160.8839,0.9339,2.0538,245.0,29.8356,0.6628,0.7972,16,360,260,590,166.6684
12,225.3125,2,616.5302,319.0279,11898.0,2018.0,197.6574,1.0,2.4998,209.0,61.2696,0.3272,0.4931,360,704,260,590,166.6684
12,225.3125,3,861.652,355.658,12744.0,75.0,203.2433,0.8171,2.6529,257.0,56.9009,0.4131,0.5847,704,1048,260,590,166.6684
12,225.7199,1,275.4101,327.3729,10842.0,690.0,167.3476,0.9007,2.1446,244.0,22.828,0.7791,0.8758,16,360,260,590,166.6684
12,225.7199,2,594.1762,365.5545,15108.0,626.0,276.8842,0.8988,3.8901,242.0,54.5032,0.4105,0.5821,360,704,260,590,166.6684
12,225.7199,3,829.713,329.4383,13723.0,1518.0,206.5581,0.8318,2.5862,228.0,52.0389,0.4463,0.6171,704,1048,260,590,166.6684
12,226.1273,1,269.4119,349.308,12508.0,722.0,187.032,0.9479,2.5349,241.0,26.936,0.6887,0.8157,16,360,260,590,166.6684
12,226.1273,2,599.0348,339.8991,12275.0,944.0,188.0607,0.8808,2.5434,231.0,43.5822,0.5524,0.7117,360,704,260,590,166.6684
12,226.1273,3,819.3903,353.1268,12284.0,0.0,202.4478,0.6884,2.7885,262.0,75.9396,0.2939,0.4543,704,1048,260,590,166.6684
12,226.5348,1,266.2497,354.9526,11784.0,273.0,169.0934,0.8398,2.209,251.0,34.8911,0.5574,0.7158,16,360,260,590,166.6684
12,226.5348,2,601.9364,324.7286,9746.0,613.0,126.7474,0.8635,1.6802,244.0,44.854,0.507,0.6729,360,704,260,590,166.6684
12,226.5348,3,819.5896,372.4189,12984.0,49.0,202.4794,0.8293,2.9633,258.0,50.03,0.5132,0.6783,704,1048,260,590,166.6684
12,226.9422,1,282.4764,315.7114,8858.0,1136.0,167.3371,0.9801,2.5107,232.0,41.2996,0.4865,0.6546,16,360,260,590,166.6684
12,226.9422,2,611.1783,339.4563,8271.0,544.0,131.1639,0.8652,2.2507,269.0,50.3411,0.3745,0.5449,360,704,260,590,166.6684
12,226.9422,3,817.6378,377.9401,12671.0,7.0,202.1753,0.848,3.105,260.0,33.6253,0.5949,0.746,704,1048,260,590,166.6684
12,227.3496,1,278.2467,346.8341,10443.0,693.0,168.1057,0.9881,2.5925,239.0,28.9417,0.5786,0.733,16,360,260,590,166.6684
12,227.3496,2,615.6078,375.1724,7175.0,0.0,136.3649,0.8757,2.6411,293.0,41.9205,0.2883,0.4476,360,704,260,590,166.6684
12,227.3496,3,803.9417,343.741,15185.0,1712.0,210.5404,0.9293,2.5471,239.0,46.622,0.4726,0.6419,704,1048,260,590,166.6684
12,227.7571,1,280.2805,360.1575,10670.0,438.0,189.8215,0.9588,2.826,245.0,30.6567,0.6,0.75,16,360,260,590,166.6684
12,227.7571,2,617.5728,386.8608,8783.0,0.0,155.7177,0.9447,2.5921,286.0,29.8361,0.5009,0.6675,360,704,260,590,166.6684
12,227.7571,3,791.5032,336.5576,10627.0,0.0,155.2991,0.6198,2.1716,269.0,62.1726,0.3069,0.4697,704,1048,260,590,166.6684
12,228.1645,1,272.9739,363.7881,10223.0,40.0,151.3868,0.8635,2.1755,279.0,38.9175,0.4967,0.6638,16,360,260,590,166.6684
12,228.1645,2,609.0125,364.7933,6792.0,0.0,129.541,0.7615,2.4748,297.0,36.1912,0.2877,0.4469,360,704,260,590,166.6684
12,228.1645,3,780.2066,345.8575,11400.0,286.0,160.1055,0.9391,2.1254,253.0,58.3186,0.438,0.6092,704,1048,260,590,166.6684
12,228.572,1,279.2211,347.1477,10087.0,639.0,156.9294,0.9879,2.4462,242.0,44.716,0.4018,0.5733,16,360,260,590,166.6684
12,228.572,2,637.3556,291.0916,3571.0,808.0,109.1205,0.9934,3.105,238.0,40.4092,0.1238,0.2204,360,704,260,590,166.6684
12,228.572,3,772.0255,366.9363,11733.0,25.0,175.2707,0.9339,2.5233,268.0,57.2273,0.4506,0.6213,704,1048,260,590,166.6684
12,228.9794,1,268.298,336.6021,7225.0,325.0,122.4166,0.9068,2.2101,249.0,37.7141,0.4246,0.5961,16,360,260,590,166.6684
12,228.9794,2,637.4496,301.3557,7480.0,1518.0,165.9559,1.0,2.8032,219.0,40.2198,0.4529,0.6235,360,704,260,590,166.6684
12,228.9794,3,767.1444,378.6472,11725.0,0.0,158.9268,0.9217,1.9903,272.0,36.0563,0.5956,0.7465,704,1048,260,590,166.6684
12,229.3868,1,272.9069,330.114,6239.0,221.0,118.008,0.9293,2.3443,252.0,32.1276,0.5549,0.7138,16,360,260,590,166.6684
12,229.3868,2,617.0631,338.1779,11404.0,1024.0,193.1246,0.9976,2.514,231.0,57.4974,0.3465,0.5146,360,704,260,590,166.6684
12,229.3868,3,769.6094,354.2497,12838.0,30.0,147.2101,0.9207,1.5719,268.0,57.011,0.463,0.633,704,1048,260,590,166.6684
12,229.7943,1,279.7492,341.7267,6494.0,199.0,112.57,0.8941,2.1146,275.0,26.5021,0.5436,0.7043,16,360,260,590,166.6684
12,229.7943,2,593.5487,353.1385,13244.0,793.0,218.2997,0.8994,3.0906,237.0,52.3542,0.4724,0.6417,360,704,260,590,166.6684
12,229.7943,3,797.3118,328.1532,10600.0,105.0,119.9494,0.9785,1.2247,262.0,67.7435,0.3347,0.5016,704,1048,260,590,166.6684
12,230.2017,1,278.2178,354.0218,7373.0,104.0,106.7852,0.9306,1.7873,274.0,26.2612,0.498,0.6649,16,360,260,590,166.6684
12,230.2017,2,609.6394,321.7365,12955.0,2416.0,215.9155,0.9484,3.0141,196.0,46.3845,0.5134,0.6785,360,704,260,590,166.6684
12,230.2017,3,822.6752,320.0979,10070.0,0.0,122.2604,0.5506,1.3007,269.0,48.2986,0.3894,0.5605,704,1048,260,590,166.6684
12,230.6091,1,253.0575,343.8688,9143.0,448.0,138.3776,0.9454,2.3138,247.0,30.4532,0.4563,0.6267,16,360,260,590,166.6684
12,230.6091,2,613.3807,354.9848,11629.0,1104.0,202.759,0.9443,3.1276,230.0,54.363,0.3775,0.5481,360,704,260,590,166.6684
12,230.6091,3,850.6168,344.4564,10419.0,0.0,131.6211,0.7771,1.5068,269.0,58.0739,0.3006,0.4623,704,1048,260,590,166.6684
12,231.0166,1,294.4984,305.827,5064.0,211.0,106.3907,0.9237,1.8643,257.0,25.9453,0.5005,0.6671,16,360,260,590,166.6684
12,231.0166,2,614.7538,397.9358,7899.0,0.0,162.9822,0.944,3.7097,293.0,50.9251,0.3083,0.4713,360,704,260,590,166.6684
12,231.0166,3,870.3566,355.1636,12254.0,0.0,144.2055,0.7279,1.5551,273.0,39.9026,0.4122,0.5838,704,1048,260,590,166.6684
12,231.424,1,300.5181,298.3408,3665.0,128.0,87.487,0.9221,1.7722,259.0,12.8684,0.6907,0.817,16,360,260,590,166.6684
12,231.424,2,623.0924,358.4916,6406.0,0.0,115.5435,0.9764,2.2393,279.0,40.9407,0.4112,0.5827,360,704,260,590,166.6684
12,231.424,3,880.9727,351.3455,13826.0,366.0,161.919,0.8254,1.6003,248.0,31.7097,0.5853,0.7384,704,1048,260,590,166.6684
12,231.8314,1,305.3167,307.1082,3439.0,321.0,92.184,0.978,2.3334,269.0,17.6686,0.5623,0.7199,16,360,260,590,166.6684
12,231.8314,2,625.7317,325.9269,8017.0,889.0,123.2717,0.9423,2.0481,263.0,31.0607,0.4391,0.6103,360,704,260,590,166.6684
12,231.8314,3,896.4488,353.1858,15110.0,42.0,208.4239,0.6407,2.6137,258.0,39.5371,0.395,0.5663,704,1048,260,590,166.6684
12,232.2389,1,302.4671,307.4607,4389.0,533.0,114.9016,0.974,2.8245,247.0,15.0861,0.6477,0.7862,16,360,260,590,166.6684
12,232.2389,2,615.2481,363.8044,8393.0,0.0,140.9257,0.8595,2.1921,279.0,30.9723,0.4397,0.6108,360,704,260,590,166.6684
12,232.2389,3,915.9402,354.0761,12097.0,7.0,188.9539,0.6567,2.6525,271.0,41.8927,0.4247,0.5962,704,1048,260,590,166.6684
12,232.6463,1,289.1201,330.8255,5852.0,474.0,110.7167,0.9683,2.419,266.0,21.1635,0.5695,0.7257,16,360,260,590,166.6684
12,232.6463,2,602.8277,366.8398,8820.0,0.0,152.006,0.7545,2.4201,286.0,32.7084,0.5186,0.683,360,704,260,590,166.6684
12,232.6463,3,913.2934,372.2004,12445.0,0.0,169.8762,0.7791,2.2214,276.0,31.1195,0.5407,0.7019,704,1048,260,590,166.6684
12,233.0538,1,284.0821,326.785,8146.0,497.0,148.3123,0.9416,2.3784,247.0,36.9968,0.5047,0.6708,16,360,260,590,166.6684
12,233.0538,2,596.1582,342.3701,7897.0,260.0,124.1515,0.7392,2.2374,253.0,40.8397,0.2883,0.4476,360,704,260,590,166.6684
12,233.0538,3,923.2187,361.074,12977.0,13.0,179.6959,0.8174,2.0907,272.0,30.9909,0.5948,0.7459,704,1048,260,590,166.6684
12,233.4612,1,278.2574,315.834,8499.0,449.0,141.7724,0.8964,1.8785,249.0,30.7283,0.681,0.8102,16,360,260,590,166.6684
12,233.4612,2,635.853,300.5057,4795.0,523.0,113.558,0.9619,2.2945,247.0,29.0874,0.4134,0.5849,360,704,260,590,166.6684
12,233.4612,3,926.4966,361.7794,12849.0,214.0,194.1722,0.8328,2.6638,251.0,28.052,0.6843,0.8126,704,1048,260,590,166.6684
12,233.8686,1,278.8235,306.1549,8578.0,785.0,133.0629,0.9349,1.6593,243.0,22.4527,0.7685,0.8691,16,360,260,590,166.6684
12,233.8686,2,640.217,317.9018,3586.0,116.0,96.4054,0.9526,2.3116,276.0,24.9913,0.4979,0.6648,360,704,260,590,166.6684
12,233.8686,3,923.5821,372.8699,12140.0,6.0,170.047,0.7474,2.3087,280.0,32.4792,0.5392,0.7006,704,1048,260,590,166.6684
12,234.2761,1,264.7272,337.1986,11685.0,576.0,148.9435,0.9354,1.8057,248.0,31.3058,0.6253,0.7695,16,360,260,590,166.6684
12,234.2761,2,630.4846,298.6832,4792.0,626.0,96.1281,0.886,1.7992,259.0,31.3926,0.3784,0.5491,360,704,260,590,166.6684
12,234.2761,3,944.4455,367.6028,11654.0,0.0,176.4506,0.9085,2.1493,265.0,34.1797,0.5573,0.7157,704,1048,260,590,166.6684
12,234.6835,1,257.3934,337.6966,12059.0,622.0,176.7355,0.8498,2.3912,245.0,32.1156,0.5841,0.7374,16,360,260,590,166.6684
12,234.6835,2,628.9143,288.7457,9283.0,2739.0,196.1914,0.995,3.1008,184.0,40.3823,0.4889,0.6568,360,704,260,590,166.6684
12,234.6835,3,940.9466,362.1531,12341.0,199.0,177.2727,0.9362,2.2519,251.0,32.5945,0.6009,0.7507,704,1048,260,590,166.6684
12,235.0909,1,272.9707,321.43,8968.0,291.0,135.2969,0.8322,1.8461,247.0,33.8372,0.6088,0.7568,16,360,260,590,166.6684
12,235.0909,2,616.7416,350.2952,11128.0,446.0,196.4333,0.9712,2.6336,243.0,57.894,0.4087,0.5803,360,704,260,590,166.6684
12,235.0909,3,938.9984,373.7497,13148.0,134.0,190.2302,0.9401,2.4361,254.0,31.7935,0.6421,0.7821,704,1048,260,590,166.6684
12,235.4984,1,263.5576,346.1048,10211.0,160.0,144.1574,0.8744,2.0834,253.0,34.2396,0.6122,0.7595,16,360,260,590,166.6684
12,235.4984,2,605.6292,364.7024,12097.0,554.0,211.0924,0.9457,3.1974,240.0,24.3996,0.7232,0.8394,360,704,260,590,166.6684
12,235.4984,3,944.6619,360.1118,10948.0,30.0,215.4277,0.9037,3.3341,270.0,30.7107,0.6677,0.8007,704,1048,260,590,166.6684
12,235.9058,1,279.0095,339.5583,8407.0,364.0,130.8612,0.9187,2.0713,251.0,37.4381,0.4957,0.6628,16,360,260,590,166.6684
12,235.9058,2,611.858,344.1766,14065.0,1826.0,212.1667,0.9819,2.8334,211.0,36.8257,0.5842,0.7376,360,704,260,590,166.6684
12,235.9058,3,957.9083,338.7415,9090.0,698.0,126.8196,0.9223,1.8796,272.0,43.1914,0.4748,0.6439,704,1048,260,590,166.6684
12,236.3132,1,289.5587,337.1457,7151.0,348.0,128.6041,0.921,2.3004,250.0,29.1222,0.5744,0.7297,16,360,260,590,166.6684
12,236.3132,2,605.1745,378.2851,13908.0,175.0,216.0377,0.9214,3.0804,252.0,42.0763,0.5387,0.7002,360,704,260,590,166.6684
12,236.3132,3,969.9445,359.4342,8968.0,0.0,151.0761,0.9834,2.2685,270.0,34.2687,0.4385,0.6097,704,1048,260,590,166.6684
12,236.7207,1,281.8131,367.6366,6513.0,0.0,114.3314,0.9566,2.178,279.0,31.9423,0.4119,0.5834,16,360,260,590,166.6684
12,236.7207,2,603.1625,359.6448,11871.0,234.0,183.3464,0.8574,2.6175,249.0,44.9079,0.5657,0.7226,360,704,260,590,166.6684
12,236.7207,3,961.1491,375.9225,13623.0,0.0,179.279,0.9979,2.1086,270.0,25.6019,0.5194,0.6837,704,1048,260,590,166.6684
12,237.1281,1,299.205,324.0274,5762.0,201.0,104.6172,0.9732,1.8338,275.0,24.2357,0.497,0.664,16,360,260,590,166.6684
12,237.1281,2,602.7107,349.728,11614.0,397.0,170.7014,0.8143,2.5169,248.0,39.1472,0.5784,0.7329,360,704,260,590,166.6684
12,237.1281,3,941.3987,385.8276,13267.0,0.0,162.471,0.9613,1.739,289.0,32.3753,0.4599,0.63,704,1048,260,590,166.6684
12,237.5356,1,287.3752,354.0473,7359.0,215.0,117.1755,0.9889,2.1207,261.0,19.6513,0.5873,0.74,16,360,260,590,166.6684
12,237.5356,2,598.2925,354.7397,10693.0,159.0,144.4436,0.8574,2.0112,263.0,40.786,0.5011,0.6677,360,704,260,590,166.6684
12,237.5356,3,896.9349,336.4119,14280.0,374.0,228.01,0.59,3.0975,250.0,37.7522,0.3499,0.5185,704,1048,260,590,166.6684
12,237.943,1,281.9209,360.708,9380.0,0.0,133.1301,0.9991,1.9926,262.0,21.1197,0.635,0.7767,16,360,260,590,166.6684
12,237.943,2,615.0023,315.4497,7712.0,430.0,112.3793,0.9195,1.5257,247.0,45.353,0.3825,0.5533,360,704,260,590,166.6684
12,237.943,3,823.7302,316.7877,14586.0,390.0,212.6006,0.4516,2.5227,251.0,59.4969,0.2175,0.3573,704,1048,260,590,166.6684
12,238.3504,1,268.09,324.2493,11408.0,585.0,136.2945,0.997,1.4659,245.0,31.8329,0.3332,0.4999,16,360,260,590,166.6684
12,238.3504,2,600.7109,327.4493,9858.0,160.0,129.1831,0.8248,1.6832,255.0,30.9618,0.542,0.703,360,704,260,590,166.6684
12,238.3504,3,791.2141,345.1498,14462.0,237.0,182.5122,0.7422,1.871,264.0,72.7116,0.2652,0.4192,704,1048,260,590,166.6684
12,238.7579,1,254.4777,313.4605,9802.0,406.0,124.799,1.0,1.2869,248.0,28.4865,0.5056,0.6717,16,360,260,590,166.6684
12,238.7579,2,603.4376,333.4132,9669.0,172.0,126.8166,0.8246,1.5643,253.0,31.565,0.5477,0.7077,360,704,260,590,166.6684
12,238.7579,3,773.382,345.11,12111.0,545.0,145.6432,0.8302,1.8249,265.0,45.5882,0.4707,0.6401,704,1048,260,590,166.6684
12,239.1653,1,245.2933,337.7396,11901.0,201.0,133.826,0.971,1.3944,254.0,24.2958,0.5983,0.7487,16,360,260,590,166.6684
12,239.1653,2,587.7008,325.7276,10705.0,299.0,134.214,0.8231,1.5469,251.0,36.0517,0.5386,0.7001,360,704,260,590,166.6684
12,239.1653,3,762.6257,359.3313,11523.0,782.0,149.5626,0.9597,1.988,268.0,45.284,0.4681,0.6377,704,1048,260,590,166.6684
12,239.5727,1,227.9503,338.9815,13841.0,515.0,140.5047,0.9781,1.3522,246.0,29.2156,0.5152,0.6801,16,360,260,590,166.6684
12,239.5727,2,588.6156,326.8789,11025.0,293.0,148.6336,0.7911,1.7846,258.0,23.1543,0.7036,0.826,360,704,260,590,166.6684
12,239.5727,3,764.257,391.8514,11237.0,0.0,163.9868,0.9579,2.2258,281.0,37.759,0.5182,0.6827,704,1048,260,590,166.6684
12,239.9802,1,218.3454,329.4968,12765.0,680.0,132.4722,0.9956,1.2931,242.0,26.9181,0.6049,0.7538,16,360,260,590,166.6684
12,239.9802,2,591.506,330.5673,13338.0,918.0,188.7431,0.9798,2.1073,235.0,34.4896,0.4716,0.641,360,704,260,590,166.6684
12,239.9802,3,761.8045,376.9675,12109.0,0.0,174.8467,0.9669,2.1913,266.0,44.4388,0.6172,0.7633,704,1048,260,590,166.6684
12,240.3876,1,217.3326,347.5176,13883.0,215.0,144.0254,0.9845,1.4295,253.0,31.3765,0.5709,0.7269,16,360,260,590,166.6684
12,240.3876,2,578.3019,342.5334,12658.0,77.0,140.5552,0.8833,1.4212,262.0,28.848,0.5039,0.6701,360,704,260,590,166.6684
12,240.3876,3,779.4202,355.466,11810.0,378.0,171.8429,0.9966,2.1081,247.0,64.8445,0.3241,0.4895,704,1048,260,590,166.6684
12,240.795,1,212.2354,328.9728,13108.0,534.0,154.9781,0.9962,1.5482,246.0,25.114,0.6178,0.7637,16,360,260,590,166.6684
12,240.795,2,521.951,302.9402,14522.0,2353.0,182.9411,0.8131,1.6584,214.0,47.9646,0.2632,0.4168,360,704,260,590,166.6684
12,240.795,3,812.831,307.0482,10915.0,1488.0,151.4717,0.8953,1.6166,235.0,57.5477,0.2706,0.426,704,1048,260,590,166.6684
12,241.2025,1,205.3679,314.9578,12866.0,721.0,140.5719,0.7825,1.3505,244.0,23.8703,0.637,0.7782,16,360,260,590,166.6684
12,241.2025,2,495.2646,321.1849,15331.0,594.0,208.3424,0.5174,2.5752,253.0,65.8248,0.2908,0.4505,360,704,260,590,166.6684
12,241.2025,3,836.0769,341.8383,11647.0,27.0,169.3422,0.8254,2.009,259.0,69.0937,0.2307,0.375,704,1048,260,590,166.6684
12,241.6099,1,186.0756,328.9622,15902.0,465.0,184.5212,0.6319,1.9852,251.0,31.8702,0.4962,0.6633,16,360,260,590,166.6684
12,241.6099,2,463.8576,319.4911,12991.0,1061.0,151.9476,0.73,1.6911,242.0,53.8912,0.4372,0.6084,360,704,260,590,166.6684
12,241.6099,3,856.7748,346.7149,12317.0,285.0,180.3222,0.8454,2.3206,249.0,52.2758,0.4235,0.595,704,1048,260,590,166.6684
12,242.0174,1,161.7291,304.969,14172.0,1220.0,191.2295,0.4988,2.0856,238.0,34.2444,0.5385,0.7001,16,360,260,590,166.6684
12,242.0174,2,450.7721,309.8876,11834.0,1372.0,138.2994,0.8712,1.4567,239.0,36.7451,0.6108,0.7583,360,704,260,590,166.6684
12,242.0174,3,885.8497,337.6903,13639.0,505.0,180.539,0.7781,2.0491,248.0,54.5483,0.373,0.5434,704,1048,260,590,166.6684
12,242.4248,1,139.9405,320.5298,14680.0,748.0,166.3153,0.6442,1.4377,245.0,49.8713,0.4589,0.6291,16,360,260,590,166.6684
12,242.4248,2,453.9194,336.3763,12082.0,667.0,153.1209,0.9753,1.7366,246.0,45.5358,0.5519,0.7112,360,704,260,590,166.6684
12,242.4248,3,912.3976,343.0518,14096.0,674.0,194.55,0.8938,2.0603,243.0,60.0596,0.3368,0.5038,704,1048,260,590,166.6684
12,242.8322,1,137.7774,336.6923,15042.0,1071.0,166.6719,0.8447,1.6424,242.0,33.9121,0.5781,0.7327,16,360,260,590,166.6684
12,242.8322,2,472.7787,312.3552,17425.0,4339.0,198.2558,1.0,2.117,192.0,62.9719,0.298,0.4591,360,704,260,590,166.6684
12,242.8322,3,935.7567,353.4921,13693.0,657.0,195.5603,0.9012,2.5863,240.0,50.4927,0.3849,0.5559,704,1048,260,590,166.6684
12,243.2397,1,129.4888,327.4687,15288.0,1316.0,166.3022,0.9389,1.5659,238.0,33.5693,0.6061,0.7548,16,360,260,590,166.6684
12,243.2397,2,489.3002,338.1124,11721.0,204.0,135.2685,0.9999,1.5565,252.0,57.6326,0.3815,0.5523,360,704,260,590,166.6684
12,243.2397,3,944.9401,371.5839,11988.0,138.0,188.0613,0.9336,2.6421,253.0,45.95,0.4476,0.6184,704,1048,260,590,166.6684
12,243.6471,1,119.4427,337.3507,14338.0,1514.0,140.7799,0.9993,1.4532,233.0,46.9942,0.4927,0.6602,16,360,260,590,166.6684
12,243.6471,2,531.0237,319.6365,13437.0,1158.0,156.3302,0.8533,1.809,239.0,47.3104,0.3384,0.5057,360,704,260,590,166.6684
12,243.6471,3,953.8664,377.7855,12311.0,292.0,174.1067,0.942,2.4229,270.0,28.7509,0.6196,0.7651,704,1048,260,590,166.6684
12,244.0545,1,142.277,318.0614,11891.0,1160.0,151.8056,0.9666,1.6803,238.0,49.3946,0.3881,0.5592,16,360,260,590,166.6684
12,244.0545,2,542.5296,319.4332,11778.0,1370.0,169.2025,0.9603,2.0115,234.0,48.0778,0.4227,0.5942,360,704,260,590,166.6684
12,244.0545,3,956.0933,367.7028,12819.0,358.0,206.143,0.9673,2.7804,247.0,22.0048,0.6985,0.8225,704,1048,260,590,166.6684
12,244.462,1,183.8449,310.6449,12685.0,1485.0,153.849,0.7651,1.6861,233.0,62.3395,0.3343,0.5011,16,360,260,590,166.6684
12,244.462,2,554.6718,341.0992,13228.0,706.0,168.1937,0.9866,1.9581,242.0,48.1567,0.4505,0.6211,360,704,260,590,166.6684
12,244.462,3,940.3968,368.0533,12486.0,182.0,197.0733,0.8648,2.6589,252.0,36.7809,0.5234,0.6871,704,1048,260,590,166.6684
12,244.8694,1,209.672,320.0391,12908.0,809.0,157.9879,0.7147,1.7259,246.0,57.2091,0.3806,0.5513,16,360,260,590,166.6684
12,244.8694,2,568.782,338.2636,13674.0,763.0,151.989,0.9955,1.6236,241.0,38.9179,0.5523,0.7116,360,704,260,590,166.6684
12,244.8694,3,931.1313,362.8875,12540.0,146.0,202.8892,0.7996,2.8346,253.0,35.4371,0.5975,0.748,704,1048,260,590,166.6684
12,245.2769,1,233.1339,312.8808,12193.0,1174.0,149.1387,0.6769,1.645,238.0,48.6053,0.5174,0.682,16,360,260,590,166.6684
12,245.2769,2,575.2335,304.7845,10606.0,1383.0,142.0556,0.914,1.7022,236.0,49.1699,0.4584,0.6287,360,704,260,590,166.6684
12,245.2769,3,921.2721,363.338,12405.0,47.0,202.5117,0.7033,2.859,258.0,37.4866,0.5771,0.7319,704,1048,260,590,166.6684
12,245.6843,1,243.1474,319.6055,12470.0,932.0,152.6258,0.7408,1.7489,242.0,40.1088,0.5543,0.7132,16,360,260,590,166.6684
12,245.6843,2,562.6212,300.7941,10607.0,1308.0,144.5327,0.7514,1.616,236.0,38.5686,0.6094,0.7573,360,704,260,590,166.6684
12,245.6843,3,928.5128,357.237,13278.0,449.0,190.2299,0.8578,2.431,244.0,37.8773,0.5335,0.6958,704,1048,260,590,166.6684
12,246.0917,1,255.3849,336.9165,13132.0,547.0,170.4995,0.8349,2.0092,243.0,49.2747,0.4528,0.6234,16,360,260,590,166.6684
12,246.0917,2,549.4279,317.2535,10701.0,978.0,150.9599,0.9697,1.8168,236.0,53.1406,0.5125,0.6777,360,704,260,590,166.6684
12,246.0917,3,939.063,361.579,12847.0,621.0,186.4352,0.9625,2.3276,240.0,38.273,0.5099,0.6754,704,1048,260,590,166.6684
12,246.4992,1,262.3157,348.9249,14290.0,1281.0,196.4694,0.9227,2.6164,223.0,35.997,0.506,0.6719,16,360,260,590,166.6684
12,246.4992,2,539.5345,332.2351,12942.0,1301.0,170.1659,0.9681,2.0426,226.0,49.2443,0.5381,0.6997,360,704,260,590,166.6684
12,246.4992,3,944.8038,372.5334,12124.0,73.0,183.93,0.9994,2.3659,259.0,33.3887,0.5433,0.7041,704,1048,260,590,166.6684
12,246.9066,1,269.6868,353.5603,10099.0,254.0,150.6942,0.8625,2.1394,272.0,40.5758,0.4308,0.6022,16,360,260,590,166.6684
12,246.9066,2,537.4336,350.9278,13780.0,967.0,184.0797,0.9665,2.1977,231.0,35.0525,0.71,0.8304,360,704,260,590,166.6684
12,246.9066,3,944.3702,340.6323,11841.0,681.0,186.0995,0.9959,2.4416,239.0,31.9975,0.6085,0.7566,704,1048,260,590,166.6684
12,247.314,1,288.381,335.5559,8330.0,451.0,146.8,0.9602,2.3353,246.0,41.7333,0.4907,0.6583,16,360,260,590,166.6684
12,247.314,2,538.4352,349.4194,13627.0,1017.0,198.3193,0.9994,2.4922,230.0,48.0267,0.5665,0.7232,360,704,260,590,166.6684
12,247.314,3,933.1915,348.4901,12824.0,1043.0,191.8862,0.9903,2.5324,237.0,41.0244,0.6017,0.7513,704,1048,260,590,166.6684
12,247.7215,1,295.9681,328.0209,6423.0,299.0,122.2991,0.9861,2.2013,249.0,35.6803,0.5551,0.7139,16,360,260,590,166.6684
12,247.7215,2,536.9707,348.5441,14646.0,489.0,217.6658,0.84,2.8439,250.0,60.8842,0.4063,0.5779,360,704,260,590,166.6684
12,247.7215,3,910.757,363.6007,12464.0,175.0,193.6855,0.9627,2.5422,252.0,62.1462,0.3057,0.4682,704,1048,260,590,166.6684
12,248.1289,1,289.3846,353.3646,6848.0,270.0,122.941,0.991,2.4888,252.0,21.8502,0.6467,0.7855,16,360,260,590,166.6684
12,248.1289,2,559.1501,303.0705,12675.0,1471.0,173.298,0.549,2.0803,238.0,55.1513,0.4321,0.6035,360,704,260,590,166.6684
12,248.1289,3,885.7698,356.9163,12708.0,205.0,186.9954,0.971,2.3763,254.0,60.0758,0.4181,0.5896,704,1048,260,590,166.6684
12,248.5363,1,281.6013,334.5459,7718.0,294.0,123.7178,0.9767,2.0026,252.0,27.2443,0.457,0.6274,16,360,260,590,166.6684
12,248.5363,2,567.0492,313.0705,12776.0,849.0,170.0353,0.6029,1.9992,244.0,45.7428,0.5648,0.7219,360,704,260,590,166.6684
12,248.5363,3,865.6496,351.2944,16252.0,1375.0,246.1066,0.9893,2.9918,222.0,51.7589,0.4775,0.6463,704,1048,260,590,166.6684
12,248.9438,1,268.6212,335.8637,10441.0,775.0,145.3949,0.9794,2.0478,241.0,29.9589,0.4672,0.6368,16,360,260,590,166.6684
12,248.9438,2,580.0757,317.8402,12139.0,628.0,160.6432,0.7297,1.8862,247.0,43.0236,0.5954,0.7464,360,704,260,590,166.6684
12,248.9438,3,857.6484,374.8901,12630.0,19.0,187.6197,0.9642,2.4313,261.0,54.1839,0.4633,0.6333,704,1048,260,590,166.6684
12,249.3512,1,260.3511,352.7273,11753.0,44.0,170.8351,0.8375,2.2539,261.0,33.3575,0.4697,0.6392,16,360,260,590,166.6684
12,249.3512,2,584.2665,325.4966,12061.0,611.0,159.8319,0.7353,2.0066,246.0,35.3659,0.6056,0.7544,360,704,260,590,166.6684
12,249.3512,3,844.707,371.7121,12852.0,165.0,186.5521,0.9999,2.3503,253.0,50.1452,0.544,0.7047,704,1048,260,590,166.6684
12,249.7587,1,252.0864,350.7899,15072.0,550.0,177.8719,0.9979,1.8304,241.0,33.7907,0.4434,0.6144,16,360,260,590,166.6684
12,249.7587,2,581.8336,335.6181,12223.0,409.0,161.9637,0.687,2.0415,250.0,28.2819,0.684,0.8124,360,704,260,590,166.6684
12,249.7587,3,834.5961,355.8552,14693.0,339.0,243.3774,0.8866,3.0379,251.0,56.2385,0.3826,0.5535,704,1048,260,590,166.6684
12,250.1661,1,227.7395,325.6731,13587.0,778.0,145.9323,0.9964,1.304,236.0,36.8779,0.3775,0.5481,16,360,260,590,166.6684
12,250.1661,2,600.0018,315.5523,10275.0,789.0,156.813,0.7886,2.0025,240.0,26.3135,0.6792,0.809,360,704,260,590,166.6684
12,250.1661,3,864.5197,328.8304,13998.0,1013.0,216.7679,0.7091,2.4758,239.0,50.4655,0.4138,0.5853,704,1048,260,590,166.6684
12,250.5735,1,191.5753,315.9241,14646.0,484.0,203.8695,0.5839,2.352,248.0,42.181,0.3689,0.5389,16,360,260,590,166.6684
12,250.5735,2,581.7403,340.4177,11635.0,309.0,149.3805,0.8761,1.8694,249.0,39.612,0.5824,0.7361,360,704,260,590,166.6684
12,250.5735,3,902.83,333.9606,13843.0,1867.0,213.4851,0.9457,2.6909,210.0,72.4171,0.2366,0.3826,704,1048,260,590,166.6684
12,250.981,1,142.867,312.3156,15169.0,1241.0,174.4815,0.546,1.8243,239.0,53.2144,0.3886,0.5597,16,360,260,590,166.6684
12,250.981,2,587.1707,342.3736,11961.0,474.0,161.4482,0.8631,2.1426,247.0,32.2705,0.5985,0.7489,360,704,260,590,166.6684
12,250.981,3,918.0452,379.9831,14350.0,422.0,218.1175,0.99,2.9902,244.0,58.9546,0.3104,0.4738,704,1048,260,590,166.6684
12,251.3884,1,119.5844,319.2908,12488.0,938.0,137.4215,0.8759,1.3194,241.0,50.5437,0.4674,0.637,16,360,260,590,166.6684
12,251.3884,2,592.7905,329.904,11998.0,1039.0,156.9345,0.8497,1.9672,235.0,34.5299,0.5692,0.7255,360,704,260,590,166.6684
12,251.3884,3,922.3516,396.9717,13963.0,0.0,212.8806,0.9732,2.7973,265.0,38.5159,0.5508,0.7103,704,1048,260,590,166.6684
12,251.7958,1,117.704,329.3409,12522.0,1007.0,155.3674,0.9352,1.7152,238.0,34.222,0.603,0.7523,16,360,260,590,166.6684
12,251.7958,2,608.4899,325.8682,10495.0,872.0,174.5757,0.9369,2.259,233.0,33.4128,0.5981,0.7485,360,704,260,590,166.6684
12,251.7958,3,930.7243,357.9544,14493.0,1029.0,218.1533,0.9724,2.8049,228.0,43.0831,0.5167,0.6813,704,1048,260,590,166.6684
12,252.2033,1,125.3348,329.8246,12888.0,957.0,153.7587,0.8982,1.71,241.0,32.1532,0.6102,0.7579,16,360,260,590,166.6684
12,252.2033,2,590.964,356.6734,12065.0,387.0,171.0205,0.9084,2.237,244.0,34.7387,0.6289,0.7722,360,704,260,590,166.6684
12,252.2033,3,928.9027,371.3491,14703.0,788.0,212.0784,0.9975,2.6753,232.0,36.1503,0.6177,0.7637,704,1048,260,590,166.6684
12,252.6107,1,131.0565,328.863,14270.0,991.0,154.9799,0.9544,1.3984,240.0,35.3482,0.6011,0.7509,16,360,260,590,166.6684
12,252.6107,2,585.2045,364.0812,12306.0,447.0,172.7357,0.9393,2.2634,242.0,30.6247,0.6156,0.7621,360,704,260,590,166.6684
12,252.6107,3,922.7966,369.8243,14021.0,255.0,206.027,0.956,2.6877,251.0,49.6976,0.391,0.5622,704,1048,260,590,166.6684
12,253.0181,1,125.072,326.2499,13796.0,936.0,139.8753,0.9276,1.2921,240.0,27.6743,0.6777,0.8079,16,360,260,590,166.6684
12,253.0181,2,595.379,321.1513,9822.0,651.0,146.3641,0.9994,1.7735,244.0,47.9692,0.4728,0.6421,360,704,260,590,166.6684
12,253.0181,3,891.8243,341.7844,13988.0,1476.0,216.8449,0.9624,2.9423,221.0,64.7814,0.3319,0.4984,704,1048,260,590,166.6684
12,253.4256,1,118.1807,320.9286,13025.0,701.0,126.1803,0.8683,1.1016,246.0,31.561,0.6636,0.7978,16,360,260,590,166.6684
12,253.4256,2,577.6963,311.522,9859.0,922.0,153.9223,0.8869,1.9357,242.0,49.3043,0.5377,0.6994,360,704,260,590,166.6684
12,253.4256,3,864.0745,360.7775,14985.0,710.0,240.9633,0.9809,2.8584,237.0,75.8928,0.2993,0.4607,704,1048,260,590,166.6684
12,253.833,1,127.5873,330.0267,15306.0,764.0,133.8804,0.288,1.1157,247.0,29.055,0.6445,0.7838,16,360,260,590,166.6684
12,253.833,2,551.5473,306.8542,11183.0,1262.0,145.9944,0.8323,1.5769,236.0,52.2448,0.4952,0.6624,360,704,260,590,166.6684
12,253.833,3,852.8839,376.7692,13931.0,0.0,198.1885,0.962,2.2383,264.0,53.9753,0.4761,0.6451,704,1048,260,590,166.6684
12,254.2405,1,147.433,337.588,15267.0,539.0,141.8553,0.7796,1.2207,249.0,45.0055,0.4742,0.6433,16,360,260,590,166.6684
12,254.2405,2,537.3082,313.4588,10562.0,998.0,146.7439,0.9126,1.7002,238.0,51.0689,0.557,0.7155,360,704,260,590,166.6684
12,254.2405,3,867.2643,362.4942,13551.0,64.0,212.1449,0.7698,2.8315,258.0,58.8158,0.4062,0.5777,704,1048,260,590,166.6684
12,254.6479,1,176.2771,347.0173,15880.0,481.0,150.628,1.0,1.3452,248.0,45.7653,0.4062,0.5777,16,360,260,590,166.6684
12,254.6479,2,531.5868,331.5636,11300.0,758.0,154.2011,0.9906,1.8662,238.0,48.1594,0.5622,0.7198,360,704,260,590,166.6684
12,254.6479,3,917.8094,320.6429,13320.0,1712.0,196.5027,0.8673,2.5553,216.0,68.9733,0.2443,0.3926,704,1048,260,590,166.6684
12,255.0553,1,191.1453,326.7479,13910.0,553.0,158.5887,0.7093,1.639,248.0,36.3496,0.4917,0.6592,16,360,260,590,166.6684
12,255.0553,2,538.4145,323.3411,12654.0,1070.0,162.3624,0.7551,1.8924,244.0,52.3083,0.4926,0.6601,360,704,260,590,166.6684
12,255.0553,3,921.1395,366.293,12664.0,0.0,202.6662,0.7794,2.885,261.0,64.6509,0.2383,0.3849,704,1048,260,590,166.6684
12,255.4628,1,200.8528,325.0421,15018.0,558.0,181.6565,0.5454,1.9766,248.0,38.3472,0.4699,0.6394,16,360,260,590,166.6684
12,255.4628,2,566.8936,303.1714,12105.0,1188.0,172.8575,0.5907,2.1721,238.0,52.9166,0.4481,0.6188,360,704,260,590,166.6684
12,255.4628,3,924.478,389.7465,13328.0,0.0,201.4464,0.8403,2.8524,270.0,37.6239,0.5227,0.6865,704,1048,260,590,166.6684
12,255.8702,1,235.9673,328.2418,13168.0,464.0,153.1606,0.7672,1.6028,249.0,45.4707,0.4024,0.5739,16,360,260,590,166.6684
12,255.8702,2,582.351,327.522,11903.0,443.0,161.0917,0.7249,2.0294,249.0,66.1763,0.3306,0.4969,360,704,260,590,166.6684
12,255.8702,3,941.1687,365.6229,11964.0,561.0,192.7671,0.9113,2.8409,239.0,38.6989,0.5412,0.7023,704,1048,260,590,166.6684
12,256.2776,1,238.9085,348.5749,12704.0,124.0,162.0076,0.7631,1.9268,257.0,30.7052,0.5239,0.6875,16,360,260,590,166.6684
12,256.2776,2,596.9256,337.7016,10737.0,195.0,150.8408,0.7876,2.0742,253.0,42.6397,0.5174,0.682,360,704,260,590,166.6684
12,256.2776,3,956.6712,365.7688,11494.0,828.0,213.6022,0.9883,3.566,232.0,45.1757,0.4362,0.6075,704,1048,260,590,166.6684
12,256.6851,1,259.6764,352.9146,12700.0,603.0,159.1123,0.9979,1.903,243.0,38.1261,0.364,0.5337,16,360,260,590,166.6684
12,256.6851,2,602.0471,316.6681,9556.0,562.0,137.0175,0.8076,1.7728,245.0,37.168,0.5609,0.7187,360,704,260,590,166.6684
12,256.6851,3,960.6419,378.6749,10461.0,0.0,191.0739,0.9571,3.14,266.0,30.8843,0.5579,0.7162,704,1048,260,590,166.6684
12,257.0925,1,274.6674,329.2375,11316.0,430.0,162.8761,0.9741,1.8543,247.0,24.1938,0.5519,0.7113,16,360,260,590,166.6684
12,257.0925,2,594.965,324.5476,9743.0,218.0,141.601,0.732,1.8766,251.0,27.9314,0.7197,0.837,360,704,260,590,166.6684
12,257.0925,3,954.2892,370.4267,11892.0,287.0,197.5239,0.9553,2.7493,248.0,28.0722,0.6259,0.7699,704,1048,260,590,166.6684
12,257.5,1,253.4196,303.4527,9876.0,326.0,150.203,0.5067,1.8348,249.0,29.4559,0.463,0.633,16,360,260,590,166.6684
12,257.5,2,596.6926,326.0445,9927.0,383.0,148.338,0.7547,1.9705,260.0,27.628,0.717,0.8352,360,704,260,590,166.6684
12,257.5,3,947.3764,362.7729,12094.0,362.0,201.5065,0.9338,2.8588,247.0,30.2608,0.619,0.7647,704,1048,260,590,166.6684
12,257.9074,1,222.6943,300.4979,11321.0,678.0,180.0399,0.3849,2.2847,247.0,29.7266,0.4876,0.6556,16,360,260,590,166.6684
12,257.9074,2,590.2291,344.8465,9883.0,27.0,150.8809,0.724,2.1403,264.0,28.2479,0.6469,0.7856,360,704,260,590,166.6684
12,257.9074,3,937.0324,385.0621,12071.0,20.0,202.7002,0.8945,3.0735,266.0,33.2851,0.6207,0.766,704,1048,260,590,166.6684
12,258.3148,1,173.4743,304.5238,14766.0,752.0,207.5215,0.3304,2.3741,245.0,42.9532,0.374,0.5444,16,360,260,590,166.6684
12,258.3148,2,597.4907,330.6126,9830.0,299.0,112.2038,0.9834,1.2218,248.0,40.5577,0.4224,0.5939,360,704,260,590,166.6684
12,258.3148,3,935.2783,380.3193,12975.0,5.0,203.0177,0.901,2.7102,269.0,34.7951,0.6441,0.7835,704,1048,260,590,166.6684
12,258.7223,1,160.0423,317.4019,15197.0,762.0,203.6289,0.5324,2.2251,249.0,42.5151,0.5086,0.6742,16,360,260,590,166.6684
12,258.7223,2,587.5799,316.3965,9265.0,378.0,111.8476,0.999,1.2097,249.0,34.3384,0.4708,0.6402,360,704,260,590,166.6684
12,258.7223,3,938.3484,359.9153,12919.0,227.0,198.475,0.8847,2.7384,251.0,33.719,0.6429,0.7827,704,1048,260,590,166.6684
12,259.1297,1,146.8933,324.2673,15209.0,765.0,176.3705,0.5125,1.941,247.0,31.5968,0.5861,0.7391,16,360,260,590,166.6684
12,259.1297,2,569.9066,316.225,9528.0,388.0,127.3962,0.9231,1.4154,251.0,33.6876,0.5381,0.6997,360,704,260,590,166.6684
12,259.1297,3,931.0347,368.4083,12129.0,0.0,175.4805,0.8205,2.3521,265.0,29.1739,0.6187,0.7645,704,1048,260,590,166.6684
12,259.5371,1,137.698,316.858,13536.0,929.0,171.6908,0.6304,1.9642,243.0,30.9885,0.6368,0.7781,16,360,260,590,166.6684
12,259.5371,2,539.3109,306.3566,12058.0,724.0,159.4518,0.5677,1.7878,244.0,37.6856,0.4502,0.6209,360,704,260,590,166.6684
12,259.5371,3,946.5128,333.9436,9272.0,0.0,128.5971,0.8594,1.5974,260.0,41.0235,0.4603,0.6304,704,1048,260,590,166.6684
12,259.9446,1,134.176,331.4164,13682.0,795.0,170.1232,0.8284,1.5794,240.0,36.2475,0.598,0.7484,16,360,260,590,166.6684
12,259.9446,2,530.3257,314.9733,12780.0,668.0,159.1679,0.6929,1.696,246.0,35.4475,0.6133,0.7603,360,704,260,590,166.6684
12,259.9446,3,961.9118,332.6401,6732.0,0.0,96.6018,0.9999,1.4402,272.0,47.4452,0.4466,0.6175,704,1048,260,590,166.6684
12,260.352,1,127.4077,326.951,13171.0,1345.0,154.4222,0.8445,1.7329,236.0,33.1431,0.5887,0.7411,16,360,260,590,166.6684
12,260.352,2,512.7725,324.8536,13807.0,918.0,170.9663,0.793,1.8207,237.0,45.0309,0.5335,0.6958,360,704,260,590,166.6684
12,260.352,3,961.731,325.6682,7830.0,110.0,121.9889,0.9289,1.642,259.0,31.1585,0.6076,0.7559,704,1048,260,590,166.6684
12,260.7594,1,130.4302,339.1752,11956.0,492.0,151.2405,0.9342,1.6665,247.0,35.7874,0.5923,0.744,16,360,260,590,166.6684
12,260.7594,2,495.2799,330.7409,13433.0,354.0,192.1595,0.6428,2.4588,252.0,48.7103,0.4669,0.6366,360,704,260,590,166.6684
12,260.7594,3,947.6466,339.2948,11094.0,61.0,134.4809,0.947,1.4794,270.0,30.9843,0.3823,0.5532,704,1048,260,590,166.6684
12,261.1669,1,127.8479,299.8712,9328.0,1372.0,140.6337,0.8478,1.7572,233.0,54.5451,0.4077,0.5792,16,360,260,590,166.6684
12,261.1669,2,460.8769,305.0924,13079.0,1837.0,167.2441,0.7194,1.8787,232.0,52.7864,0.4935,0.6609,360,704,260,590,166.6684
12,261.1669,3,904.0562,351.5604,13070.0,176.0,139.4762,0.993,1.3209,272.0,43.1463,0.2558,0.4074,704,1048,260,590,166.6684
12,261.5743,1,156.924,311.5278,11752.0,1187.0,168.1783,0.9102,1.8789,240.0,56.6482,0.3605,0.53,16,360,260,590,166.6684
12,261.5743,2,459.4931,322.2881,13154.0,1104.0,162.2051,0.8693,1.7608,239.0,49.2507,0.5445,0.7051,360,704,260,590,166.6684
12,261.5743,3,885.1854,370.1557,12490.0,0.0,131.5717,0.9865,1.4158,288.0,33.4796,0.5238,0.6875,704,1048,260,590,166.6684
12,261.9818,1,180.9633,322.3219,12555.0,1151.0,146.7083,0.7718,1.6659,240.0,54.7337,0.3987,0.5701,16,360,260,590,166.6684
12,261.9818,2,458.1972,320.6319,12167.0,1156.0,144.1881,0.9604,1.5407,238.0,37.5989,0.5806,0.7346,360,704,260,590,166.6684
12,261.9818,3,888.5285,358.2144,12367.0,0.0,158.4383,0.9982,1.7814,260.0,25.3734,0.6118,0.7591,704,1048,260,590,166.6684
12,262.3892,1,210.5166,325.2843,12374.0,925.0,147.8485,0.7378,1.6599,244.0,54.4292,0.3565,0.5256,16,360,260,590,166.6684
12,262.3892,2,463.2932,317.5183,15955.0,3743.0,240.8267,0.9999,2.6915,202.0,49.2242,0.5334,0.6957,360,704,260,590,166.6684
12,262.3892,3,875.3022,370.0441,15071.0,0.0,162.915,0.9915,1.6042,261.0,28.3769,0.5598,0.7178,704,1048,260,590,166.6684
12,262.7966,1,245.7029,310.3602,11008.0,833.0,147.3174,0.7899,1.7069,244.0,47.78,0.4628,0.6328,16,360,260,590,166.6684
12,262.7966,2,477.2816,354.9146,12510.0,291.0,163.5707,0.9972,1.9368,249.0,54.0392,0.4427,0.6137,360,704,260,590,166.6684
12,262.7966,3,879.3799,365.6838,13259.0,0.0,165.2026,0.9768,1.7714,268.0,30.7791,0.5954,0.7464,704,1048,260,590,166.6684
12,263.2041,1,269.2872,308.7769,10067.0,945.0,145.1828,0.9405,1.6494,242.0,48.8212,0.5103,0.6758,16,360,260,590,166.6684
12,263.2041,2,503.3468,347.9409,13463.0,594.0,150.9928,0.9448,1.6252,245.0,63.58,0.3048,0.4673,360,704,260,590,166.6684
12,263.2041,3,872.6435,358.9775,12991.0,0.0,183.5062,0.7698,2.2757,268.0,34.0913,0.5131,0.6782,704,1048,260,590,166.6684
12,263.6115,1,281.9003,310.3391,7155.0,214.0,123.5343,0.8888,1.7004,253.0,43.7578,0.5706,0.7266,16,360,260,590,166.6684
12,263.6115,2,528.4964,306.5574,11595.0,1286.0,148.1288,0.7477,1.7091,238.0,55.2936,0.3944,0.5657,360,704,260,590,166.6684
12,263.6115,3,841.1163,338.0104,13323.0,588.0,170.6434,0.964,1.7329,238.0,44.9372,0.4102,0.5817,704,1048,260,590,166.6684
12,264.0189,1,285.7735,303.0735,6343.0,801.0,132.8784,0.9883,2.2311,240.0,27.0308,0.6847,0.8129,16,360,260,590,166.6684
12,264.0189,2,559.43,309.4365,10441.0,1112.0,152.3536,0.8253,1.8458,237.0,58.9408,0.424,0.5955,360,704,260,590,166.6684
12,264.0189,3,821.6486,355.3264,13509.0,0.0,172.084,0.8532,1.9097,268.0,53.0784,0.4149,0.5865,704,1048,260,590,166.6684
12,264.4264,1,286.1094,322.3617,7434.0,495.0,137.9693,0.9813,2.2082,247.0,21.7616,0.6923,0.8182,16,360,260,590,166.6684
12,264.4264,2,582.2124,313.1743,10412.0,933.0,153.1506,0.8742,1.8656,242.0,59.4208,0.4442,0.6152,360,704,260,590,166.6684
12,264.4264,3,810.2256,356.7513,13712.0,0.0,185.6768,0.766,2.2135,270.0,33.9322,0.5773,0.732,704,1048,260,590,166.6684
12,264.8338,1,277.6608,313.7796,9159.0,983.0,143.6586,0.9884,1.9298,238.0,35.0169,0.5825,0.7362,16,360,260,590,166.6684
12,264.8338,2,595.0646,314.241,10198.0,1059.0,156.1413,0.9424,1.9665,235.0,42.4193,0.6251,0.7693,360,704,260,590,166.6684
12,264.8338,3,797.2904,337.2366,12822.0,261.0,168.4355,0.8341,1.9804,251.0,41.2625,0.5582,0.7164,704,1048,260,590,166.6684
12,265.2412,1,265.1753,317.2897,9528.0,835.0,143.9349,0.9884,1.8093,242.0,35.9076,0.6259,0.7699,16,360,260,590,166.6684
12,265.2412,2,597.3437,320.7137,9966.0,600.0,147.9206,0.8711,1.8542,246.0,32.7838,0.7023,0.8251,360,704,260,590,166.6684
12,265.2412,3,774.889,319.3482,12575.0,1673.0,181.5338,0.9477,2.0575,220.0,46.4388,0.491,0.6586,704,1048,260,590,166.6684
12,265.6487,1,260.5802,321.9779,11428.0,1313.0,166.545,0.9975,2.0169,229.0,39.1312,0.6718,0.8037,16,360,260,590,166.6684
12,265.6487,2,594.4809,332.059,12868.0,1631.0,173.7789,0.972,2.1979,233.0,41.1729,0.502,0.6685,360,704,260,590,166.6684
12,265.6487,3,779.6671,366.4627,10625.0,0.0,160.2153,0.7598,2.092,283.0,68.9733,0.3481,0.5164,704,1048,260,590,166.6684
12,266.0561,1,245.7004,345.3744,12094.0,418.0,170.1581,0.9934,2.0013,244.0,51.1823,0.5145,0.6794,16,360,260,590,166.6684
12,266.0561,2,610.42,340.5051,10412.0,203.0,159.0533,0.9015,2.0989,251.0,37.1059,0.5333,0.6956,360,704,260,590,166.6684
12,266.0561,3,775.4692,378.4498,12266.0,0.0,170.4633,0.9773,1.9387,269.0,46.8567,0.4987,0.6655,704,1048,260,590,166.6684
12,266.4636,1,237.8513,347.6785,12441.0,407.0,169.7908,0.9943,2.047,244.0,42.1015,0.6387,0.7795,16,360,260,590,166.6684
12,266.4636,2,607.7669,324.5686,9415.0,428.0,137.8225,0.981,1.7049,246.0,42.6372,0.5315,0.6941,360,704,260,590,166.6684
12,266.4636,3,771.1428,352.7592,10758.0,247.0,152.3047,0.9933,2.0071,249.0,60.3688,0.3815,0.5523,704,1048,260,590,166.6684
12,266.871,1,228.6352,338.223,15509.0,2251.0,205.4269,0.9786,2.4595,217.0,37.7861,0.6051,0.754,16,360,260,590,166.6684
12,266.871,2,594.102,296.5636,7833.0,906.0,116.1081,0.9581,1.3416,240.0,51.8787,0.4619,0.632,360,704,260,590,166.6684
12,266.871,3,791.9139,318.9149,7673.0,175.0,126.5499,0.9999,1.6501,251.0,54.9708,0.4049,0.5764,704,1048,260,590,166.6684
12,267.2784,1,228.2396,333.885,13073.0,384.0,171.8912,0.7661,2.0575,251.0,50.755,0.4524,0.623,16,360,260,590,166.6684
12,267.2784,2,578.2485,309.1325,8559.0,790.0,136.8591,0.9986,1.6992,242.0,50.5311,0.5703,0.7263,360,704,260,590,166.6684
12,267.2784,3,810.7241,321.7548,9803.0,172.0,141.4869,0.8614,1.7035,253.0,49.1745,0.4987,0.6655,704,1048,260,590,166.6684
12,267.6859,1,243.186,323.0306,13353.0,894.0,181.9276,0.789,2.1243,240.0,35.3513,0.6232,0.7679,16,360,260,590,166.6684
12,267.6859,2,570.5597,322.9478,9462.0,521.0,139.3859,0.999,1.7171,243.0,43.5178,0.6446,0.7839,360,704,260,590,166.6684
12,267.6859,3,843.0036,317.6064,10629.0,143.0,147.6662,0.6535,1.7684,255.0,55.6355,0.4258,0.5973,704,1048,260,590,166.6684
12,268.0933,1,258.1161,337.69,10656.0,156.0,172.8718,0.8032,2.5965,260.0,64.2258,0.3507,0.5193,16,360,260,590,166.6684
12,268.0933,2,562.1737,329.9278,9865.0,554.0,150.8018,0.996,1.9665,243.0,35.7408,0.661,0.7959,360,704,260,590,166.6684
12,268.0933,3,869.4945,326.5858,11095.0,93.0,158.8363,0.7594,1.9091,257.0,55.773,0.4243,0.5958,704,1048,260,590,166.6684
12,268.5007,1,267.8808,346.7754,8281.0,329.0,142.5839,0.8992,2.5007,256.0,45.4019,0.4459,0.6168,16,360,260,590,166.6684
12,268.5007,2,558.7567,325.5543,10105.0,841.0,151.4473,0.9969,1.9101,235.0,36.5048,0.6797,0.8093,360,704,260,590,166.6684
12,268.5007,3,874.1339,343.4801,12109.0,28.0,176.19,0.7624,2.2404,258.0,41.0652,0.571,0.7269,704,1048,260,590,166.6684
12,268.9082,1,278.6167,341.7164,7052.0,123.0,127.789,0.9059,2.2513,265.0,31.4311,0.6002,0.7501,16,360,260,590,166.6684
12,268.9082,2,545.4495,337.8085,11129.0,774.0,157.4907,0.9981,1.9913,236.0,41.6991,0.6209,0.7661,360,704,260,590,166.6684
12,268.9082,3,876.3733,360.5925,12711.0,0.0,170.8194,0.7844,2.1766,261.0,32.7719,0.6433,0.7829,704,1048,260,590,166.6684
12,269.3156,1,293.4337,336.8917,5561.0,73.0,118.1458,0.9669,2.3762,256.0,30.4992,0.5372,0.699,16,360,260,590,166.6684
12,269.3156,2,540.5238,340.6287,11919.0,508.0,183.7207,0.9086,2.3593,249.0,54.1087,0.458,0.6283,360,704,260,590,166.6684
12,269.3156,3,889.5445,350.8078,12214.0,0.0,184.5792,0.7294,2.3988,260.0,34.0716,0.6229,0.7677,704,1048,260,590,166.6684
12,269.7231,1,284.082,327.6001,5881.0,487.0,125.1008,0.9922,2.7939,243.0,28.5858,0.4701,0.6396,16,360,260,590,166.6684
12,269.7231,2,556.1614,315.0851,12671.0,2302.0,196.7869,0.96,2.549,207.0,47.2801,0.5193,0.6836,360,704,260,590,166.6684
12,269.7231,3,901.6713,343.5715,13652.0,475.0,197.7583,0.7087,2.8022,248.0,45.6449,0.5003,0.667,704,1048,260,590,166.6684
12,270.1305,1,276.7667,346.2378,6661.0,0.0,129.3044,0.9455,2.5382,262.0,23.8961,0.5327,0.6951,16,360,260,590,166.6684
12,270.1305,2,553.9491,347.9025,13155.0,227.0,208.1048,0.706,2.8357,252.0,69.5381,0.3254,0.491,360,704,260,590,166.6684
12,270.1305,3,925.9876,335.3269,10849.0,16.0,158.6557,0.6656,2.0484,261.0,56.2132,0.3693,0.5394,704,1048,260,590,166.6684
12,270.5379,1,276.7148,304.3876,6770.0,384.0,114.0991,0.9947,1.5247,257.0,29.0664,0.3967,0.5681,16,360,260,590,166.6684
12,270.5379,2,581.0854,324.9914,12338.0,382.0,161.3987,0.6849,1.8822,249.0,56.9547,0.4209,0.5924,360,704,260,590,166.6684
12,270.5379,3,929.8692,354.6048,9742.0,0.0,135.4352,0.7904,1.9096,280.0,50.742,0.4288,0.6003,704,1048,260,590,166.6684
12,270.9454,1,238.9612,317.61,10832.0,466.0,164.0816,0.8348,1.949,250.0,40.985,0.2641,0.4179,16,360,260,590,166.6684
12,270.9454,2,589.2313,309.8048,9555.0,354.0,128.751,0.5996,1.5741,246.0,40.4352,0.5922,0.7439,360,704,260,590,166.6684
12,270.9454,3,930.1761,370.0085,9427.0,0.0,135.3938,0.7914,1.921,284.0,28.8788,0.596,0.7468,704,1048,260,590,166.6684
12,271.3528,1,174.1897,309.4456,13951.0,687.0,202.6668,0.4698,2.3898,246.0,54.1022,0.2085,0.345,16,360,260,590,166.6684
12,271.3528,2,579.7534,323.1873,10504.0,287.0,133.6792,0.7465,1.6774,250.0,34.3746,0.6237,0.7682,360,704,260,590,166.6684
12,271.3528,3,934.7156,359.9077,9678.0,0.0,139.2945,0.8415,1.9859,281.0,26.3234,0.6235,0.7681,704,1048,260,590,166.6684
12,271.7602,1,141.1419,315.5205,14119.0,936.0,158.8309,0.7363,1.4296,242.0,52.9398,0.4478,0.6186,16,360,260,590,166.6684
12,271.7602,2,597.1276,320.554,9331.0,316.0,138.1897,0.82,1.6876,248.0,37.8998,0.6222,0.7671,360,704,260,590,166.6684
12,271.7602,3,935.5555,355.7926,9703.0,0.0,139.3144,0.8226,1.8558,278.0,28.4728,0.6187,0.7645,704,1048,260,590,166.6684
12,272.1677,1,130.8048,316.2773,12622.0,1205.0,154.2377,0.7798,1.7248,239.0,37.7724,0.6078,0.7561,16,360,260,590,166.6684
12,272.1677,2,598.3052,337.0188,8387.0,157.0,124.4426,0.8439,1.7699,264.0,44.2993,0.5415,0.7026,360,704,260,590,166.6684
12,272.1677,3,935.9909,348.1188,10131.0,0.0,144.5214,0.8419,1.8361,267.0,23.0644,0.7475,0.8555,704,1048,260,590,166.6684
12,272.5751,1,128.8368,320.858,11707.0,929.0,142.2843,0.797,1.7301,243.0,27.9064,0.7149,0.8337,16,360,260,590,166.6684
12,272.5751,2,609.4459,325.8017,7296.0,0.0,125.0659,0.861,1.7907,264.0,30.7092,0.6986,0.8225,360,704,260,590,166.6684
12,272.5751,3,926.0601,355.181,10273.0,0.0,142.0536,0.8396,1.8622,269.0,23.1136,0.6985,0.8225,704,1048,260,590,166.6684
12,272.9825,1,136.5074,319.7886,11218.0,791.0,153.6637,0.8122,1.8664,243.0,38.6915,0.6026,0.752,16,360,260,590,166.6684
12,272.9825,2,601.8315,334.738,9276.0,381.0,126.8734,0.9157,1.6481,262.0,23.9641,0.6816,0.8106,360,704,260,590,166.6684
12,272.9825,3,931.6349,357.3532,10171.0,0.0,143.2797,0.8016,1.8828,280.0,24.335,0.6639,0.798,704,1048,260,590,166.6684
12,273.39,1,138.6531,321.5508,11613.0,1230.0,149.226,0.9493,1.7403,235.0,41.0395,0.5698,0.7259,16,360,260,590,166.6684
12,273.39,2,588.1773,339.8746,9535.0,0.0,114.2026,0.9739,1.2894,262.0,32.4102,0.4883,0.6562,360,704,260,590,166.6684
12,273.39,3,944.0306,355.1494,10093.0,98.0,135.0809,0.9541,1.6872,286.0,31.6699,0.5264,0.6897,704,1048,260,590,166.6684
12,273.7974,1,146.4548,328.1036,10894.0,744.0,137.8255,0.9696,1.6045,242.0,36.9068,0.63,0.773,16,360,260,590,166.6684
12,273.7974,2,547.2262,300.0361,9226.0,878.0,108.7892,0.6991,1.374,263.0,39.1694,0.3084,0.4714,360,704,260,590,166.6684
12,273.7974,3,942.6942,367.8593,9490.0,0.0,135.072,0.8963,1.8739,288.0,25.3354,0.628,0.7715,704,1048,260,590,166.6684
12,274.2049,1,152.6626,337.4546,12225.0,1116.0,141.9709,0.9987,1.619,238.0,47.3112,0.4291,0.6005,16,360,260,590,166.6684
12,274.2049,2,500.6812,303.3696,12586.0,584.0,176.167,0.4312,2.1377,246.0,58.2114,0.3285,0.4946,360,704,260,590,166.6684
12,274.2049,3,944.8566,355.7168,8270.0,0.0,121.0397,0.8788,1.6981,281.0,25.0221,0.6291,0.7723,704,1048,260,590,166.6684
12,274.6123,1,180.9511,325.1262,11916.0,1043.0,145.1302,0.8794,1.6784,240.0,53.1256,0.3704,0.5406,16,360,260,590,166.6684
12,274.6123,2,472.8839,316.5243,13027.0,597.0,172.8084,0.56,2.0167,247.0,61.6365,0.4159,0.5874,360,704,260,590,166.6684
12,274.6123,3,942.0262,361.0768,8087.0,0.0,113.3446,0.8976,1.5696,281.0,20.809,0.692,0.818,704,1048,260,590,166.6684
12,275.0197,1,213.0684,317.5772,11813.0,1035.0,175.7993,0.96,2.0305,241.0,60.0228,0.388,0.5591,16,360,260,590,166.6684
12,275.0197,2,462.2731,322.9275,12605.0,954.0,154.3278,0.7871,1.7469,242.0,54.1092,0.5248,0.6884,360,704,260,590,166.6684
12,275.0197,3,947.408,365.1769,7893.0,0.0,121.429,0.9081,1.7844,286.0,21.5643,0.6091,0.7571,704,1048,260,590,166.6684
12,275.4272,1,235.5558,321.7846,12263.0,928.0,141.6986,0.762,1.5459,243.0,64.0462,0.3627,0.5323,16,360,260,590,166.6684
12,275.4272,2,455.6814,311.6724,11300.0,1203.0,150.9943,0.8383,1.8162,238.0,31.441,0.7139,0.833,360,704,260,590,166.6684
12,275.4272,3,946.3859,354.1959,8694.0,0.0,131.8504,0.8765,1.7924,282.0,20.1978,0.647,0.7857,704,1048,260,590,166.6684
12,275.8346,1,254.2846,334.5453,11597.0,488.0,151.465,0.8157,1.9189,247.0,50.9437,0.3573,0.5265,16,360,260,590,166.6684
12,275.8346,2,459.427,314.2463,11191.0,1020.0,155.5089,0.8229,1.8631,239.0,30.1073,0.7884,0.8817,360,704,260,590,166.6684
12,275.8346,3,938.9368,345.0458,9109.0,0.0,141.0007,0.804,1.9005,276.0,21.2899,0.6445,0.7838,704,1048,260,590,166.6684
12,276.242,1,268.6395,337.42,8949.0,295.0,126.6694,0.9274,1.8031,255.0,39.1477,0.4991,0.6658,16,360,260,590,166.6684
12,276.242,2,460.2124,315.1065,11071.0,1113.0,158.8345,0.8318,1.9855,238.0,24.7723,0.8169,0.8992,360,704,260,590,166.6684
12,276.242,3,937.1286,344.4844,9670.0,0.0,142.1544,0.8763,1.7272,271.0,18.2026,0.7052,0.8271,704,1048,260,590,166.6684
12,276.6495,1,270.4108,347.768,7923.0,38.0,130.1083,0.8512,2.2025,270.0,30.8213,0.6357,0.7773,16,360,260,590,166.6684
12,276.6495,2,465.443,315.7561,11026.0,1162.0,161.5147,0.8732,2.0148,235.0,25.631,0.8019,0.8901,360,704,260,590,166.6684
12,276.6495,3,928.9372,352.6539,9496.0,0.0,135.7462,0.8892,1.7736,272.0,18.1678,0.7137,0.8329,704,1048,260,590,166.6684
12,277.0569,1,277.1129,350.8417,6671.0,0.0,118.9964,0.9095,2.2144,274.0,35.6993,0.5024,0.6688,16,360,260,590,166.6684
12,277.0569,2,469.0214,317.3516,10329.0,867.0,149.5776,0.9654,1.7898,240.0,34.5924,0.6811,0.8103,360,704,260,590,166.6684
12,277.0569,3,928.7188,357.3301,9785.0,0.0,140.106,0.8887,1.8705,272.0,15.9202,0.7921,0.884,704,1048,260,590,166.6684
12,277.4643,1,270.8304,339.8617,6986.0,145.0,120.3369,0.9618,2.2444,254.0,33.273,0.4913,0.6589,16,360,260,590,166.6684
12,277.4643,2,474.6594,331.9457,12423.0,1045.0,151.6994,0.9993,1.7318,234.0,49.8813,0.5258,0.6892,360,704,260,590,166.6684
12,277.4643,3,938.0952,342.5349,9524.0,0.0,140.5058,0.9223,1.6607,271.0,22.0159,0.6347,0.7765,704,1048,260,590,166.6684
12,277.8718,1,270.2845,353.9069,6625.0,0.0,116.8027,0.9183,2.1439,278.0,27.6832,0.5127,0.6778,16,360,260,590,166.6684
12,277.8718,2,503.3336,317.8915,10649.0,903.0,136.3931,0.9955,1.5186,241.0,56.45,0.4157,0.5873,360,704,260,590,166.6684
12,277.8718,3,944.2295,320.691,6876.0,9.0,117.2034,0.9961,1.6713,271.0,31.0392,0.5281,0.6912,704,1048,260,590,166.6684
12,278.2792,1,270.2165,366.3329,7281.0,0.0,129.3492,0.8667,2.3288,286.0,28.3521,0.535,0.6971,16,360,260,590,166.6684
12,278.2792,2,523.2943,320.0975,11007.0,725.0,130.0944,0.8795,1.4468,243.0,54.445,0.478,0.6468,360,704,260,590,166.6684
12,278.2792,3,925.4309,327.5386,7208.0,0.0,93.5594,0.9383,1.2864,274.0,26.5645,0.4705,0.6399,704,1048,260,590,166.6684
12,278.6867,1,280.5656,362.2583,7438.0,72.0,122.8934,0.9376,2.1826,278.0,26.6959,0.4916,0.6591,16,360,260,590,166.6684
12,278.6867,2,544.4729,313.6345,10500.0,879.0,137.0248,0.8358,1.6029,242.0,50.416,0.5163,0.681,360,704,260,590,166.6684
12,278.6867,3,884.8751,327.3963,10161.0,0.0,136.8978,0.6588,1.5439,261.0,34.6462,0.2674,0.422,704,1048,260,590,166.6684
12,279.0941,1,293.8092,313.9814,4366.0,139.0,101.5675,0.9136,2.0809,275.0,20.233,0.5168,0.6815,16,360,260,590,166.6684
12,279.0941,2,562.9856,318.138,10188.0,730.0,150.9324,0.9175,1.8502,243.0,46.384,0.5509,0.7105,360,704,260,590,166.6684
12,279.0941,3,866.7977,335.3021,11632.0,0.0,139.6776,0.7368,1.4588,261.0,32.0953,0.5014,0.6679,704,1048,260,590,166.6684
12,279.5015,1,300.2833,332.9559,3131.0,0.0,102.1259,0.9648,2.6844,285.0,25.1699,0.3909,0.5621,16,360,260,590,166.6684
12,279.5015,2,570.7953,323.7447,10592.0,707.0,150.7199,0.8786,1.8708,240.0,32.1518,0.7078,0.8289,360,704,260,590,166.6684
12,279.5015,3,848.8603,336.3885,11718.0,0.0,135.8416,0.7125,1.4201,269.0,32.4311,0.5725,0.7281,704,1048,260,590,166.6684
12,279.909,1,299.9646,358.3998,3847.0,0.0,109.5722,0.9782,2.9028,298.0,19.3985,0.5428,0.7036,16,360,260,590,166.6684
12,279.909,2,581.7143,322.8281,9853.0,560.0,146.2549,0.9265,1.808,245.0,37.2572,0.6521,0.7894,360,704,260,590,166.6684
12,279.909,3,842.7823,342.4523,12014.0,0.0,149.8352,0.6896,1.6903,267.0,26.9983,0.6375,0.7786,704,1048,260,590,166.6684
12,280.3164,1,299.2257,339.8875,5929.0,229.0,128.5358,0.9844,2.6866,252.0,29.0779,0.4148,0.5863,16,360,260,590,166.6684
12,280.3164,2,588.0929,312.8634,9416.0,827.0,134.4001,0.9555,1.6187,241.0,34.1225,0.6898,0.8164,360,704,260,590,166.6684
12,280.3164,3,830.0003,341.9348,12608.0,0.0,154.0196,0.7395,1.6991,260.0,31.0652,0.6029,0.7523,704,1048,260,590,166.6684
12,280.7238,1,288.1431,339.2186,6386.0,162.0,108.0377,0.9754,1.9467,255.0,28.9199,0.4529,0.6235,16,360,260,590,166.6684
12,280.7238,2,590.2498,318.9735,9687.0,733.0,145.702,0.9588,1.8382,242.0,24.1189,0.8085,0.8941,360,704,260,590,166.6684
12,280.7238,3,823.816,340.2832,12231.0,27.0,156.7116,0.8377,1.7534,258.0,27.5858,0.6599,0.7951,704,1048,260,590,166.6684
12,281.1313,1,282.3402,329.5015,6838.0,305.0,119.7722,0.942,2.1512,250.0,27.2296,0.5514,0.7108,16,360,260,590,166.6684
12,281.1313,2,592.7398,323.3447,9927.0,630.0,146.8314,0.9874,1.8246,243.0,23.7713,0.8064,0.8928,360,704,260,590,166.6684
12,281.1313,3,814.3229,345.5237,12656.0,0.0,158.2369,0.8197,1.7243,261.0,31.9506,0.6885,0.8155,704,1048,260,590,166.6684
12,281.5387,1,282.1224,343.1317,7237.0,189.0,121.2426,0.914,2.046,262.0,24.8254,0.5566,0.7152,16,360,260,590,166.6684
12,281.5387,2,591.4243,323.3137,10594.0,876.0,155.7308,0.996,1.9039,236.0,23.8978,0.8226,0.9027,360,704,260,590,166.6684
12,281.5387,3,805.418,354.8976,13700.0,0.0,166.6029,0.8627,1.9443,261.0,31.9028,0.6209,0.7661,704,1048,260,590,166.6684
12,281.9461,1,275.268,354.4546,8798.0,124.0,134.0893,0.9263,2.0962,262.0,23.7596,0.5707,0.7267,16,360,260,590,166.6684
12,281.9461,2,584.3703,328.3047,10898.0,799.0,149.3501,0.994,1.7672,237.0,28.1665,0.768,0.8688,360,704,260,590,166.6684
12,281.9461,3,798.8536,342.2772,13226.0,196.0,183.0539,0.7246,2.2717,253.0,32.4103,0.5849,0.7381,704,1048,260,590,166.6684
12,282.3536,1,273.4682,322.0789,8172.0,306.0,125.6659,0.9048,1.7629,260.0,28.183,0.4647,0.6345,16,360,260,590,166.6684
12,282.3536,2,579.9775,330.3649,10679.0,586.0,155.7841,0.9924,1.8732,242.0,27.7903,0.7991,0.8884,360,704,260,590,166.6684
12,282.3536,3,779.5965,331.3344,10644.0,26.0,135.4082,0.8282,1.519,258.0,52.9422,0.4483,0.6191,704,1048,260,590,166.6684
12,282.761,1,265.4658,337.2827,8927.0,193.0,118.6663,0.9538,1.5449,259.0,19.4119,0.6611,0.796,16,360,260,590,166.6684
12,282.761,2,573.227,323.2695,10119.0,625.0,146.4372,0.9929,1.8127,243.0,34.8006,0.6875,0.8148,360,704,260,590,166.6684
12,282.761,3,758.675,331.3874,8582.0,34.0,130.6568,0.9542,1.678,258.0,45.2027,0.5262,0.6896,704,1048,260,590,166.6684
12,283.1685,1,250.1313,348.1049,10600.0,82.0,125.8021,0.9852,1.5184,263.0,26.9791,0.5214,0.6854,16,360,260,590,166.6684
12,283.1685,2,557.1816,328.2253,11247.0,860.0,143.5794,0.9791,1.6943,237.0,34.9522,0.6249,0.7692,360,704,260,590,166.6684
12,283.1685,3,763.9346,337.1773,9127.0,141.0,132.5655,0.9755,1.79,254.0,27.1619,0.7133,0.8327,704,1048,260,590,166.6684
12,283.5759,1,243.9673,323.351,10000.0,578.0,127.7722,0.9952,1.4465,244.0,32.9979,0.4442,0.6151,16,360,260,590,166.6684
12,283.5759,2,552.7417,335.1776,12998.0,1073.0,178.8524,0.948,2.1599,230.0,32.5395,0.6823,0.8111,360,704,260,590,166.6684
12,283.5759,3,772.681,328.0017,8923.0,91.0,131.5925,0.9683,1.7207,255.0,46.0834,0.5413,0.7024,704,1048,260,590,166.6684
12,283.9833,1,223.4453,311.5825,10847.0,427.0,129.3787,0.8383,1.2794,248.0,33.6763,0.4634,0.6333,16,360,260,590,166.6684
12,283.9833,2,552.4877,349.6191,12359.0,391.0,168.622,0.9203,2.1008,245.0,35.262,0.6194,0.765,360,704,260,590,166.6684
12,283.9833,3,780.5537,340.0509,9551.0,109.0,122.4854,0.983,1.5118,254.0,44.4186,0.5833,0.7368,704,1048,260,590,166.6684
12,284.3908,1,203.6884,317.539,11964.0,565.0,145.482,0.8181,1.5034,246.0,34.9383,0.5521,0.7114,16,360,260,590,166.6684
12,284.3908,2,558.0528,329.9226,11221.0,675.0,156.0655,0.9806,1.8416,244.0,50.9282,0.4995,0.6662,360,704,260,590,166.6684
12,284.3908,3,783.5205,344.3037,9528.0,105.0,134.6692,0.9976,1.7891,254.0,39.2685,0.5918,0.7435,704,1048,260,590,166.6684
12,284.7982,1,176.8123,332.7925,14365.0,438.0,145.7152,0.9103,1.4299,248.0,41.0452,0.4375,0.6087,16,360,260,590,166.6684
12,284.7982,2,541.2339,303.7444,11141.0,1328.0,153.511,0.7716,1.7733,239.0,48.4626,0.5191,0.6834,360,704,260,590,166.6684
12,284.7982,3,799.2702,339.6287,9780.0,93.0,153.3999,0.9829,2.004,255.0,45.6893,0.5106,0.676,704,1048,260,590,166.6684
12,285.2056,1,158.5095,339.3934,15812.0,127.0,184.8637,0.7096,1.8937,258.0,34.1343,0.5599,0.7178,16,360,260,590,166.6684
12,285.2056,2,526.5512,307.9775,12107.0,1273.0,161.1608,0.6759,1.8791,239.0,46.2158,0.5659,0.7228,360,704,260,590,166.6684
12,285.2056,3,808.7232,346.2327,10461.0,105.0,142.8101,0.9746,1.7739,255.0,42.6908,0.6007,0.7506,704,1048,260,590,166.6684
12,285.6131,1,144.9545,321.3238,13469.0,768.0,176.6252,0.6586,1.9553,245.0,34.9931,0.5927,0.7443,16,360,260,590,166.6684
12,285.6131,2,515.5,318.812,11814.0,887.0,170.5622,0.7199,2.1446,243.0,49.7256,0.5386,0.7001,360,704,260,590,166.6684
12,285.6131,3,818.4597,356.7575,12166.0,273.0,173.3464,0.9483,2.3258,250.0,41.0701,0.5548,0.7137,704,1048,260,590,166.6684
12,286.0205,1,126.0091,314.0307,12674.0,1249.0,138.7493,0.8099,1.4329,238.0,39.9397,0.5355,0.6975,16,360,260,590,166.6684
12,286.0205,2,505.8602,314.3646,13603.0,1360.0,181.8116,0.6854,2.0205,238.0,40.9334,0.6109,0.7585,360,704,260,590,166.6684
12,286.0205,3,824.8821,366.5684,12403.0,26.0,166.0093,0.8598,2.146,259.0,41.0148,0.5447,0.7053,704,1048,260,590,166.6684
12,286.428,1,126.7951,327.3699,12104.0,848.0,154.8999,0.8638,1.8082,243.0,36.6808,0.6236,0.7682,16,360,260,590,166.6684
12,286.428,2,482.463,310.9884,12428.0,1139.0,171.4185,0.6431,2.1813,240.0,53.3976,0.49,0.6577,360,704,260,590,166.6684
12,286.428,3,826.9469,335.1019,11871.0,105.0,164.6009,0.729,2.0512,256.0,39.7523,0.5139,0.6789,704,1048,260,590,166.6684
12,286.8354,1,117.6866,308.9633,11207.0,1464.0,149.6234,0.9473,1.6556,234.0,32.4324,0.7008,0.8241,16,360,260,590,166.6684
12,286.8354,2,469.2706,323.4196,11152.0,839.0,169.9336,0.7925,2.2565,242.0,59.9099,0.4721,0.6414,360,704,260,590,166.6684
12,286.8354,3,818.9842,324.5537,11184.0,232.0,162.1885,0.648,2.0519,252.0,31.9114,0.7239,0.8398,704,1048,260,590,166.6684
12,287.2428,1,128.2502,326.4836,11771.0,830.0,146.1571,0.9271,1.7074,242.0,35.3515,0.6549,0.7915,16,360,260,590,166.6684
12,287.2428,2,472.546,336.5087,11523.0,682.0,170.1975,0.807,2.3164,245.0,30.6661,0.7125,0.8321,360,704,260,590,166.6684
12,287.2428,3,809.4965,334.5467,11562.0,150.0,157.7222,0.7389,2.0109,254.0,51.208,0.5101,0.6755,704,1048,260,590,166.6684
12,287.6503,1,132.5722,330.8301,11660.0,1095.0,137.3953,0.9907,1.5949,237.0,39.2837,0.5458,0.7062,16,360,260,590,166.6684
12,287.6503,2,473.1754,325.0595,11530.0,1034.0,174.6949,0.8041,2.3578,239.0,35.7899,0.6502,0.788,360,704,260,590,166.6684
12,287.6503,3,799.122,346.6669,10874.0,0.0,162.4378,0.7467,2.2238,260.0,48.2748,0.5142,0.6792,704,1048,260,590,166.6684
12,288.0577,1,142.3155,325.4248,11131.0,1094.0,138.9246,0.9587,1.6521,239.0,40.909,0.5317,0.6942,16,360,260,590,166.6684
12,288.0577,2,470.0388,323.5998,11502.0,1026.0,168.7574,0.8044,2.2155,238.0,23.1168,0.8131,0.8969,360,704,260,590,166.6684
12,288.0577,3,796.7507,353.0954,11005.0,0.0,164.4565,0.7573,2.2751,263.0,29.625,0.6811,0.8103,704,1048,260,590,166.6684
12,288.4651,1,168.4853,332.0771,12849.0,1043.0,148.6046,0.9282,1.6555,241.0,48.2009,0.36,0.5294,16,360,260,590,166.6684
12,288.4651,2,462.8009,324.3399,11275.0,968.0,163.6025,0.8414,2.1571,240.0,31.3635,0.7118,0.8316,360,704,260,590,166.6684
12,288.4651,3,800.1789,350.4774,11691.0,46.0,194.5529,0.859,2.5936,257.0,32.4102,0.6863,0.814,704,1048,260,590,166.6684
12,288.8726,1,203.3649,314.5402,11778.0,1111.0,146.2891,0.782,1.6111,241.0,63.8564,0.2899,0.4495,16,360,260,590,166.6684
12,288.8726,2,464.5338,317.8445,10997.0,848.0,138.704,0.9458,1.4946,243.0,48.1122,0.5921,0.7438,360,704,260,590,166.6684
12,288.8726,3,802.9558,352.2819,11531.0,59.0,152.1391,0.9044,2.0105,256.0,41.3847,0.5632,0.7206,704,1048,260,590,166.6684
12,289.28,1,236.4526,323.0992,12733.0,606.0,168.2574,0.7613,1.8734,248.0,65.1416,0.3423,0.51,16,360,260,590,166.6684
12,289.28,2,474.6827,320.8211,10611.0,886.0,127.3773,0.9999,1.4954,241.0,54.4561,0.4744,0.6436,360,704,260,590,166.6684
12,289.28,3,799.3022,346.9283,9512.0,100.0,126.1185,0.9922,1.6274,254.0,47.1089,0.4877,0.6556,704,1048,260,590,166.6684
12,289.6874,1,254.5416,333.5432,12506.0,757.0,155.278,0.8696,1.8247,243.0,48.1987,0.4565,0.6269,16,360,260,590,166.6684
12,289.6874,2,497.5507,326.2189,11088.0,864.0,141.1851,0.9928,1.6263,242.0,49.2362,0.447,0.6178,360,704,260,590,166.6684
12,289.6874,3,790.3899,339.9409,9493.0,258.0,134.1708,0.9969,1.7648,249.0,37.3486,0.5711,0.727,704,1048,260,590,166.6684
12,290.0949,1,264.5876,323.4232,10987.0,870.0,143.6694,0.8846,1.7807,239.0,37.3881,0.595,0.7461,16,360,260,590,166.6684
12,290.0949,2,519.6428,319.8317,10116.0,803.0,140.4907,0.9956,1.6328,241.0,47.7319,0.527,0.6902,360,704,260,590,166.6684
12,290.0949,3,799.0572,337.7549,9656.0,29.0,130.5143,0.9979,1.562,258.0,34.8037,0.6109,0.7585,704,1048,260,590,166.6684
12,290.5023,1,269.296,333.2587,9566.0,308.0,139.4157,0.8829,1.9716,252.0,27.4084,0.6584,0.794,16,360,260,590,166.6684
12,290.5023,2,532.1004,332.5887,12696.0,1016.0,173.8458,0.8957,2.183,243.0,49.3081,0.4896,0.6574,360,704,260,590,166.6684
12,290.5023,3,806.3581,346.3916,11084.0,199.0,141.9927,0.9413,1.7718,251.0,46.5525,0.4825,0.6509,704,1048,260,590,166.6684
12,290.9098,1,274.9517,328.5881,8687.0,528.0,146.2929,0.8728,2.3096,244.0,26.6738,0.6577,0.7935,16,360,260,590,166.6684
12,290.9098,2,554.4533,312.939,12105.0,916.0,155.9513,0.6552,1.8277,243.0,54.0564,0.4287,0.6001,360,704,260,590,166.6684
12,290.9098,3,830.7965,324.7422,9041.0,128.0,134.5483,0.9518,1.6604,253.0,57.2554,0.4085,0.5801,704,1048,260,590,166.6684
12,291.3172,1,280.9374,327.0998,6866.0,76.0,126.8306,0.8549,2.016,268.0,23.8212,0.6632,0.7975,16,360,260,590,166.6684
12,291.3172,2,579.2605,309.3749,11447.0,776.0,161.2168,0.6078,1.9759,244.0,53.7338,0.4823,0.6507,360,704,260,590,166.6684
12,291.3172,3,845.1427,330.3085,10712.0,105.0,137.3308,0.8039,1.5862,255.0,48.2726,0.4807,0.6493,704,1048,260,590,166.6684
12,291.7246,1,293.0144,309.5268,5759.0,531.0,130.0524,0.9264,2.4055,246.0,25.1121,0.6441,0.7835,16,360,260,590,166.6684
12,291.7246,2,589.7411,324.977,11041.0,488.0,149.9907,0.7195,1.9315,246.0,52.6159,0.4689,0.6385,360,704,260,590,166.6684
12,291.7246,3,865.2206,334.1993,11773.0,163.0,143.5689,0.7832,1.6148,254.0,47.3612,0.4841,0.6523,704,1048,260,590,166.6684
12,292.1321,1,278.7408,346.6061,7868.0,283.0,116.2008,0.9015,1.9569,270.0,19.635,0.6064,0.755,16,360,260,590,166.6684
12,292.1321,2,589.5739,344.5815,11127.0,491.0,147.3147,0.8391,1.9664,247.0,43.4238,0.4633,0.6333,360,704,260,590,166.6684
12,292.1321,3,883.0195,339.197,11652.0,133.0,152.3588,0.8619,1.7095,255.0,47.7647,0.4514,0.622,704,1048,260,590,166.6684
12,292.5395,1,271.6693,345.1393,8217.0,244.0,123.8349,0.8868,1.9963,275.0,26.4701,0.5511,0.7106,16,360,260,590,166.6684
12,292.5395,2,589.3054,354.169,11163.0,258.0,214.193,0.6818,3.3902,272.0,38.0405,0.4788,0.6476,360,704,260,590,166.6684
12,292.5395,3,900.2707,346.3871,11349.0,145.0,151.7254,0.8924,1.8407,254.0,43.2287,0.4836,0.652,704,1048,260,590,166.6684
12,292.9469,1,287.6571,339.868,6667.0,18.0,119.6146,0.9364,1.9918,277.0,31.1162,0.5373,0.699,16,360,260,590,166.6684
12,292.9469,2,602.9105,332.8801,10300.0,749.0,143.3273,0.8458,1.9951,260.0,38.8264,0.4789,0.6476,360,704,260,590,166.6684
12,292.9469,3,919.9962,338.8031,10192.0,35.0,148.6478,0.941,1.8218,258.0,38.8119,0.5704,0.7264,704,1048,260,590,166.6684
12,293.3544,1,300.2752,339.6997,5541.0,214.0,116.3181,0.9865,2.4362,253.0,31.1298,0.4707,0.6401,16,360,260,590,166.6684
12,293.3544,2,600.4273,348.6181,9311.0,46.0,139.8986,0.7803,1.989,271.0,28.3862,0.6167,0.7629,360,704,260,590,166.6684
12,293.3544,3,918.5265,356.3442,11497.0,0.0,154.5075,0.9594,1.9068,260.0,30.5335,0.6756,0.8064,704,1048,260,590,166.6684
12,293.7618,1,289.6363,324.4813,6520.0,361.0,125.4774,0.9567,2.2977,250.0,24.9695,0.4458,0.6167,16,360,260,590,166.6684
12,293.7618,2,620.2462,317.7665,8206.0,457.0,118.8361,0.9822,1.5217,246.0,43.1604,0.4107,0.5823,360,704,260,590,166.6684
12,293.7618,3,923.4721,359.8827,12078.0,0.0,151.8812,0.9535,1.7905,262.0,25.6187,0.7102,0.8305,704,1048,260,590,166.6684
12,294.1692,1,285.4139,343.5542,7716.0,106.0,123.4739,0.9279,1.9254,260.0,24.8342,0.5415,0.7026,16,360,260,590,166.6684
12,294.1692,2,601.4784,326.5104,9270.0,303.0,119.3406,0.9042,1.5136,250.0,29.4753,0.5538,0.7129,360,704,260,590,166.6684
12,294.1692,3,926.4633,351.9062,10517.0,69.0,142.7891,0.9555,1.785,256.0,31.0798,0.6272,0.7709,704,1048,260,590,166.6684
12,294.5767,1,276.1207,340.8734,9098.0,616.0,128.5535,0.9684,1.8997,244.0,23.2827,0.5574,0.7158,16,360,260,590,166.6684
12,294.5767,2,597.5598,316.9887,9909.0,499.0,116.5338,0.9452,1.262,246.0,34.6557,0.4946,0.6619,360,704,260,590,166.6684
12,294.5767,3,921.6293,350.6711,10268.0,123.0,137.0016,0.9603,1.7299,257.0,31.4131,0.6205,0.7658,704,1048,260,590,166.6684
12,294.9841,1,263.2498,338.0665,9200.0,390.0,139.3227,0.9033,2.1451,248.0,24.8619,0.5218,0.6858,16,360,260,590,166.6684
12,294.9841,2,571.5891,318.8507,11033.0,565.0,124.4872,0.9616,1.2871,245.0,42.745,0.4142,0.5858,360,704,260,590,166.6684
12,294.9841,3,923.0677,330.3889,12517.0,1124.0,176.0013,0.9702,2.1387,237.0,36.6623,0.5206,0.6847,704,1048,260,590,166.6684
12,295.3916,1,278.9119,337.6464,8469.0,0.0,132.7465,0.8981,1.7874,263.0,23.1484,0.5537,0.7128,16,360,260,590,166.6684
12,295.3916,2,543.7654,329.0989,11818.0,344.0,135.2752,0.8336,1.4174,248.0,47.0871,0.4311,0.6025,360,704,260,590,166.6684
12,295.3916,3,918.7207,355.8986,11264.0,109.0,178.6796,0.969,2.3481,256.0,48.6501,0.5632,0.7206,704,1048,260,590,166.6684
12,295.799,1,269.2696,302.376,8144.0,571.0,113.6578,0.8829,1.263,247.0,28.8702,0.4319,0.6033,16,360,260,590,166.6684
12,295.799,2,533.1479,335.3978,12877.0,387.0,135.3828,0.9799,1.3145,247.0,29.8885,0.6432,0.7828,360,704,260,590,166.6684
12,295.799,3,911.4905,371.1689,11158.0,0.0,183.0097,0.9764,2.4561,267.0,41.7244,0.6306,0.7734,704,1048,260,590,166.6684
12,296.2064,1,245.1113,312.1915,9416.0,180.0,124.1148,0.8584,1.3267,255.0,35.7828,0.4247,0.5962,16,360,260,590,166.6684
12,296.2064,2,527.213,331.4743,13136.0,428.0,137.8748,0.9996,1.2737,246.0,35.1789,0.6091,0.7571,360,704,260,590,166.6684
12,296.2064,3,897.0207,357.1591,14136.0,673.0,212.1365,1.0,2.6316,242.0,48.895,0.502,0.6685,704,1048,260,590,166.6684
12,296.6139,1,216.8657,319.1805,11604.0,308.0,137.4008,0.7655,1.3719,250.0,39.8996,0.4184,0.59,16,360,260,590,166.6684
12,296.6139,2,508.9808,312.0893,13834.0,981.0,151.4136,0.688,1.4432,244.0,37.6007,0.5074,0.6732,360,704,260,590,166.6684
12,296.6139,3,893.7917,361.3159,13959.0,565.0,203.0319,0.9774,2.5753,243.0,41.4862,0.5614,0.7191,704,1048,260,590,166.6684
12,297.0213,1,192.2804,325.0652,13208.0,457.0,139.3597,0.8457,1.3882,248.0,34.8808,0.4987,0.6655,16,360,260,590,166.6684
12,297.0213,2,482.6634,307.6166,13810.0,790.0,178.3818,0.4759,1.9407,244.0,39.3223,0.5375,0.6992,360,704,260,590,166.6684
12,297.0213,3,881.5738,370.4938,12409.0,0.0,196.0842,0.9811,2.5439,264.0,50.4815,0.5334,0.6957,704,1048,260,590,166.6684
12,297.4287,1,158.7989,330.5861,15799.0,400.0,141.1065,0.7625,1.1721,249.0,46.3045,0.4036,0.5751,16,360,260,590,166.6684
12,297.4287,2,468.2633,322.4328,16888.0,1739.0,181.5714,0.9974,1.3408,225.0,55.5344,0.4899,0.6576,360,704,260,590,166.6684
12,297.4287,3,876.3823,363.8732,12466.0,81.0,181.3324,0.9391,2.3001,256.0,41.3718,0.6351,0.7768,704,1048,260,590,166.6684
12,297.8362,1,148.5637,331.8676,16838.0,606.0,154.674,0.6825,1.2912,245.0,31.5955,0.5585,0.7167,16,360,260,590,166.6684
12,297.8362,2,457.2825,353.2769,15199.0,549.0,197.8663,0.8805,2.2559,255.0,70.9967,0.3237,0.489,360,704,260,590,166.6684
12,297.8362,3,866.5662,354.8492,15478.0,1092.0,216.169,0.9585,2.7164,232.0,39.7149,0.6037,0.7529,704,1048,260,590,166.6684
12,298.2436,1,143.255,317.9004,15125.0,802.0,159.8199,0.685,1.4226,244.0,27.1265,0.6583,0.794,16,360,260,590,166.6684
12,298.2436,2,447.2508,356.7354,13361.0,762.0,170.1326,0.9374,1.8611,243.0,43.5281,0.5106,0.6761,360,704,260,590,166.6684
12,298.2436,3,856.762,362.9298,12061.0,0.0,180.2686,0.8959,2.3336,265.0,51.1908,0.483,0.6514,704,1048,260,590,166.6684
12,298.6511,1,140.8387,314.68,13431.0,884.0,154.1046,0.6522,1.5099,244.0,25.736,0.7698,0.8699,16,360,260,590,166.6684
12,298.6511,2,458.1308,321.2843,11684.0,1211.0,129.5231,0.939,1.4065,238.0,70.3487,0.3153,0.4794,360,704,260,590,166.6684
12,298.6511,3,849.9657,362.9054,13539.0,47.0,189.0591,0.8729,2.3683,258.0,35.3701,0.6331,0.7753,704,1048,260,590,166.6684
12,299.0585,1,133.6815,321.2697,14178.0,1108.0,147.5704,0.7792,1.3977,240.0,28.9092,0.6438,0.7833,16,360,260,590,166.6684
12,299.0585,2,462.2822,310.8474,10970.0,1136.0,133.8014,0.9153,1.5057,240.0,38.692,0.5782,0.7328,360,704,260,590,166.6684
12,299.0585,3,841.5704,352.9419,12694.0,134.0,176.3962,0.8138,2.2478,256.0,39.9766,0.5362,0.6981,704,1048,260,590,166.6684
12,299.4659,1,127.7585,326.3572,13483.0,850.0,143.9672,0.8132,1.4019,245.0,30.4942,0.6405,0.7809,16,360,260,590,166.6684
12,299.4659,2,474.0722,314.7721,9795.0,1084.0,119.8203,0.9915,1.3721,241.0,45.9938,0.5236,0.6873,360,704,260,590,166.6684
12,299.4659,3,826.3556,331.9741,14011.0,729.0,173.0174,0.7125,1.9303,247.0,46.8395,0.4747,0.6438,704,1048,260,590,166.6684
12,299.8734,1,123.2537,326.1067,13473.0,1323.0,141.9473,0.9277,1.4088,238.0,24.9667,0.7215,0.8383,16,360,260,590,166.6684
12,299.8734,2,500.5264,321.5513,11904.0,1249.0,153.8135,0.9762,1.7632,237.0,55.1335,0.3559,0.525,360,704,260,590,166.6684
12,299.8734,3,806.9644,337.3276,12387.0,141.0,179.5584,0.7653,2.4599,254.0,65.8508,0.3409,0.5084,704,1048,260,590,166.6684
12,300.2808,1,113.8696,331.5149,12553.0,1191.0,137.77,0.9998,1.4875,237.0,40.4936,0.5295,0.6924,16,360,260,590,166.6684
12,300.2808,2,524.9384,349.6098,13695.0,650.0,185.4862,0.9908,2.1153,243.0,70.667,0.3598,0.5292,360,704,260,590,166.6684
12,300.2808,3,781.1363,360.2526,11448.0,0.0,164.4713,0.8073,2.2561,266.0,67.3891,0.2837,0.442,704,1048,260,590,166.6684
12,300.6882,1,118.3671,298.3359,8960.0,1149.0,133.7133,0.8033,1.6066,240.0,45.7062,0.503,0.6694,16,360,260,590,166.6684
12,300.6882,2,542.4882,350.9611,15754.0,1463.0,223.9963,0.9542,2.5864,239.0,55.5904,0.473,0.6422,360,704,260,590,166.6684
12,300.6882,3,771.0055,358.0705,11616.0,37.0,166.8298,0.9352,2.1518,258.0,43.2645,0.553,0.7122,704,1048,260,590,166.6684
12,301.0957,1,159.6515,312.6623,12483.0,1638.0,162.2772,0.898,1.7671,234.0,63.4681,0.2211,0.3622,16,360,260,590,166.6684
12,301.0957,2,560.3206,348.7523,13891.0,208.0,168.0029,0.9199,2.0072,253.0,44.7644,0.4903,0.658,360,704,260,590,166.6684
12,301.0957,3,774.8207,358.4394,11246.0,0.0,155.981,0.909,1.9082,263.0,37.4972,0.6392,0.7799,704,1048,260,590,166.6684
12,301.5031,1,205.4369,317.3239,12584.0,1201.0,159.8698,0.7279,1.7623,240.0,63.7427,0.2301,0.3741,16,360,260,590,166.6684
12,301.5031,2,567.2079,333.2343,11773.0,876.0,161.2763,0.9502,2.0077,238.0,39.3616,0.521,0.6851,360,704,260,590,166.6684
12,301.5031,3,771.141,357.2411,12504.0,154.0,169.7697,0.9987,2.0693,254.0,43.9612,0.5717,0.7275,704,1048,260,590,166.6684
12,301.9105,1,250.6696,307.2991,10686.0,996.0,143.3363,0.863,1.5499,244.0,61.6972,0.3507,0.5193,16,360,260,590,166.6684
12,301.9105,2,569.1328,332.1848,11187.0,699.0,153.8475,0.9964,1.9646,242.0,38.6475,0.5484,0.7084,360,704,260,590,166.6684
12,301.9105,3,775.1012,359.2594,12758.0,299.0,198.8564,0.9484,2.698,248.0,44.0123,0.5321,0.6946,704,1048,260,590,166.6684
12,302.318,1,260.9955,326.0237,12013.0,926.0,136.934,0.9436,1.4954,241.0,41.6952,0.4695,0.639,16,360,260,590,166.6684
12,302.318,2,586.9136,329.3468,11484.0,968.0,168.987,0.9915,2.1141,235.0,38.9953,0.6192,0.7649,360,704,260,590,166.6684
12,302.318,3,773.9292,369.2451,12329.0,33.0,190.5669,0.9407,2.5704,266.0,37.8089,0.6114,0.7589,704,1048,260,590,166.6684
12,302.7254,1,269.5082,337.9943,11465.0,679.0,153.2951,0.9494,1.9289,245.0,33.4484,0.5789,0.7333,16,360,260,590,166.6684
12,302.7254,2,594.3323,342.2146,11730.0,727.0,179.7705,0.9952,2.3563,238.0,43.2795,0.6027,0.7521,360,704,260,590,166.6684
12,302.7254,3,779.4294,375.4482,12457.0,8.0,176.5364,0.9602,2.2441,260.0,39.8341,0.6504,0.7882,704,1048,260,590,166.6684
12,303.1329,1,270.4717,340.4495,10698.0,828.0,158.438,0.9437,2.3951,239.0,26.1291,0.6885,0.8155,16,360,260,590,166.6684
12,303.1329,2,597.5281,339.2919,10606.0,286.0,156.8049,0.9941,1.9594,249.0,26.9856,0.7461,0.8546,360,704,260,590,166.6684
12,303.1329,3,779.3723,358.637,12998.0,793.0,195.1181,0.9806,2.5925,234.0,39.0551,0.6381,0.7791,704,1048,260,590,166.6684
12,303.5403,1,275.3755,342.3516,9817.0,397.0,159.0851,0.9092,2.3412,248.0,28.3819,0.5765,0.7314,16,360,260,590,166.6684
12,303.5403,2,597.0691,327.3609,12282.0,1060.0,167.1476,0.9049,2.0466,240.0,49.8143,0.5082,0.6739,360,704,260,590,166.6684
12,303.5403,3,781.8162,356.866,14749.0,1077.0,214.4129,0.9741,2.7091,229.0,30.9108,0.6645,0.7984,704,1048,260,590,166.6684
12,303.9477,1,278.5339,329.6056,9448.0,801.0,153.9052,0.9498,2.3406,238.0,29.5694,0.65,0.7879,16,360,260,590,166.6684
12,303.9477,2,600.5964,323.2854,12118.0,439.0,149.7867,0.7147,1.7307,248.0,36.0236,0.5795,0.7338,360,704,260,590,166.6684
12,303.9477,3,784.8488,381.6579,13118.0,0.0,194.8263,0.9537,2.5488,261.0,47.8819,0.4996,0.6663,704,1048,260,590,166.6684
12,304.3552,1,278.4868,344.5875,7861.0,0.0,129.4389,0.8759,1.9766,278.0,25.9694,0.6233,0.7679,16,360,260,590,166.6684
12,304.3552,2,602.7996,328.4171,14282.0,2343.0,199.5168,0.9095,2.3718,227.0,44.9286,0.4955,0.6627,360,704,260,590,166.6684
12,304.3552,3,784.8186,378.6523,12285.0,55.0,177.926,0.9992,2.3321,257.0,52.0046,0.4993,0.6661,704,1048,260,590,166.6684
12,304.7626,1,282.1577,373.9702,9417.0,578.0,160.2779,0.9801,3.1387,253.0,40.9173,0.305,0.4674,16,360,260,590,166.6684
12,304.7626,2,610.4021,346.0783,9455.0,84.0,155.1781,0.7677,2.305,269.0,49.5171,0.3681,0.5381,360,704,260,590,166.6684
12,304.7626,3,789.9123,363.9753,12497.0,103.0,163.8833,0.9513,2.0446,255.0,54.9283,0.4216,0.5932,704,1048,260,590,166.6684
12,305.17,1,283.4332,396.0411,6673.0,0.0,117.0562,0.9954,2.4844,300.0,31.6198,0.3861,0.5571,16,360,260,590,166.6684
12,305.17,2,622.4237,319.7779,8861.0,454.0,124.3535,0.9757,1.493,245.0,46.282,0.3286,0.4946,360,704,260,590,166.6684
12,305.17,3,818.7272,338.8996,13391.0,606.0,180.1817,0.9353,1.6312,246.0,53.3507,0.3408,0.5083,704,1048,260,590,166.6684
12,305.5775,1,294.9529,312.4885,6068.0,461.0,115.7123,0.9913,1.9748,246.0,36.4288,0.2316,0.3761,16,360,260,590,166.6684
12,305.5775,2,594.7617,307.746,8362.0,288.0,104.4245,0.9639,1.1227,251.0,36.3048,0.3914,0.5626,360,704,260,590,166.6684
12,305.5775,3,852.1894,327.1175,12507.0,1083.0,170.5638,0.9165,1.9224,234.0,61.7512,0.3232,0.4885,704,1048,260,590,166.6684
12,305.9849,1,286.6079,325.2737,7245.0,359.0,115.4107,0.9827,1.7901,246.0,21.9088,0.5707,0.7267,16,360,260,590,166.6684
12,305.9849,2,569.3896,317.1749,9985.0,408.0,126.4748,0.7251,1.4336,251.0,38.3496,0.3802,0.5509,360,704,260,590,166.6684
12,305.9849,3,876.8836,347.2434,12572.0,404.0,197.5697,0.9583,2.4675,246.0,59.4818,0.3693,0.5394,704,1048,260,590,166.6684
12,306.3923,1,277.0937,342.227,9890.0,0.0,128.1376,0.9084,1.5472,263.0,29.3013,0.3904,0.5615,16,360,260,590,166.6684
12,306.3923,2,518.7939,306.8384,11919.0,646.0,150.1913,0.4987,1.6633,245.0,50.1922,0.2836,0.4419,360,704,260,590,166.6684
12,306.3923,3,880.0796,375.4445,13156.0,81.0,190.1447,0.9867,2.4392,257.0,44.6877,0.5341,0.6963,704,1048,260,590,166.6684
12,306.7998,1,246.6945,336.6109,11095.0,322.0,127.8062,0.9852,1.3681,249.0,34.2932,0.3469,0.5151,16,360,260,590,166.6684
12,306.7998,2,488.7913,315.9838,14297.0,483.0,182.8224,0.5077,1.9309,249.0,52.9322,0.421,0.5925,360,704,260,590,166.6684
12,306.7998,3,882.7121,376.9002,14382.0,71.0,183.6033,0.9863,2.1365,257.0,42.3031,0.5128,0.678,704,1048,260,590,166.6684
12,307.2072,1,214.4841,317.6043,12997.0,23.0,171.8231,0.5568,1.8623,259.0,34.8992,0.3904,0.5615,16,360,260,590,166.6684
12,307.2072,2,476.6328,313.2711,14615.0,1296.0,170.1046,0.5131,1.8247,244.0,37.3478,0.6129,0.76,360,704,260,590,166.6684
12,307.2072,3,868.2145,337.2047,12426.0,713.0,181.7014,0.9379,2.3125,238.0,56.0915,0.4125,0.5841,704,1048,260,590,166.6684
12,307.6147,1,166.1108,310.3728,15170.0,910.0,205.2513,0.4407,2.2267,247.0,41.7872,0.4,0.5714,16,360,260,590,166.6684
12,307.6147,2,469.1574,323.2036,14066.0,828.0,159.6262,0.701,1.6415,242.0,40.0261,0.5499,0.7096,360,704,260,590,166.6684
12,307.6147,3,852.222,343.5662,12470.0,516.0,189.4947,0.8407,2.5449,242.0,61.1854,0.4398,0.6109,704,1048,260,590,166.6684
12,308.0221,1,140.5668,315.6474,14565.0,769.0,150.59,0.4157,1.1791,245.0,36.779,0.508,0.6738,16,360,260,590,166.6684
12,308.0221,2,458.3219,326.3531,12941.0,724.0,149.5765,0.755,1.6117,249.0,47.5895,0.6138,0.7607,360,704,260,590,166.6684
12,308.0221,3,833.2105,359.3187,13698.0,431.0,204.4401,0.8718,2.7667,245.0,57.5712,0.3994,0.5708,704,1048,260,590,166.6684
12,308.4295,1,130.465,317.5486,14009.0,941.0,152.0079,0.6818,1.3475,243.0,31.0547,0.6299,0.7729,16,360,260,590,166.6684
12,308.4295,2,455.4759,325.6997,12101.0,981.0,155.7027,0.8169,1.8178,241.0,37.7615,0.6535,0.7904,360,704,260,590,166.6684
12,308.4295,3,815.3771,349.0837,12308.0,543.0,187.8303,0.8382,2.5713,240.0,49.8492,0.5157,0.6805,704,1048,260,590,166.6684
12,308.837,1,135.069,333.6991,16530.0,686.0,165.1672,0.8932,1.3675,247.0,29.3986,0.668,0.8009,16,360,260,590,166.6684
12,308.837,2,458.7021,315.5558,11650.0,823.0,135.6339,0.7006,1.5098,244.0,46.0032,0.5815,0.7354,360,704,260,590,166.6684
12,308.837,3,803.6667,354.9746,12339.0,111.0,174.85,0.8709,2.2692,255.0,48.882,0.5043,0.6705,704,1048,260,590,166.6684
12,309.2444,1,129.2656,312.1281,12118.0,895.0,134.4178,0.7313,1.3673,245.0,35.2549,0.6035,0.7527,16,360,260,590,166.6684
12,309.2444,2,465.4731,314.7479,12194.0,939.0,145.6403,0.7734,1.5933,243.0,36.045,0.6438,0.7833,360,704,260,590,166.6684
12,309.2444,3,788.1731,346.2441,12204.0,134.0,165.9486,0.8221,2.1671,254.0,40.9298,0.6077,0.756,704,1048,260,590,166.6684
12,309.6518,1,140.5325,310.1282,12798.0,1344.0,179.8753,0.81,1.945,237.0,40.2725,0.6335,0.7756,16,360,260,590,166.6684
12,309.6518,2,477.118,313.3576,13683.0,1495.0,165.9834,0.7937,1.8586,236.0,39.275,0.5911,0.743,360,704,260,590,166.6684
12,309.6518,3,775.175,341.1644,10592.0,237.0,131.9766,0.9389,1.6922,250.0,50.2437,0.5133,0.6784,704,1048,260,590,166.6684
12,310.0593,1,140.0204,314.5352,12583.0,1259.0,166.6648,0.7876,1.9213,239.0,24.8264,0.7473,0.8554,16,360,260,590,166.6684
12,310.0593,2,473.5812,312.8854,11796.0,1168.0,147.635,0.856,1.642,238.0,37.3133,0.6491,0.7872,360,704,260,590,166.6684
12,310.0593,3,761.1739,338.6264,9234.0,33.0,118.1209,0.9843,1.4267,257.0,42.8847,0.5178,0.6823,704,1048,260,590,166.6684
12,310.4667,1,144.9419,321.3743,12469.0,1205.0,156.3824,0.9314,1.7246,237.0,30.9975,0.7025,0.8252,16,360,260,590,166.6684
12,310.4667,2,480.3816,313.7493,11989.0,1419.0,155.5114,0.9337,1.7947,230.0,35.0678,0.7036,0.826,360,704,260,590,166.6684
12,310.4667,3,762.054,343.9231,10728.0,32.0,127.6608,0.9565,1.4296,257.0,39.9462,0.5845,0.7378,704,1048,260,590,166.6684
12,310.8742,1,156.3197,323.6028,12000.0,855.0,147.475,0.9182,1.6699,243.0,37.1617,0.6409,0.7812,16,360,260,590,166.6684
12,310.8742,2,496.5325,340.2053,12228.0,649.0,150.1588,0.941,1.7637,244.0,43.3386,0.5607,0.7185,360,704,260,590,166.6684
12,310.8742,3,771.7347,336.4358,11300.0,19.0,132.5954,0.783,1.416,259.0,48.1111,0.5672,0.7238,704,1048,260,590,166.6684
12,311.2816,1,161.6912,321.7802,11487.0,899.0,149.6548,0.9335,1.6398,242.0,33.2702,0.7345,0.8469,16,360,260,590,166.6684
12,311.2816,2,503.9245,338.843,13388.0,746.0,168.921,0.9493,1.9029,240.0,41.1917,0.5685,0.7249,360,704,260,590,166.6684
12,311.2816,3,780.9359,351.8798,13522.0,36.0,145.1763,0.9154,1.5145,264.0,32.1292,0.6141,0.7609,704,1048,260,590,166.6684
12,311.689,1,162.8524,329.1024,11255.0,1185.0,136.7157,0.9995,1.5812,239.0,46.2607,0.4546,0.625,16,360,260,590,166.6684
12,311.689,2,514.9258,328.3564,11337.0,710.0,149.112,0.9997,1.6569,244.0,49.3109,0.5338,0.6961,360,704,260,590,166.6684
12,311.689,3,784.6388,340.742,12774.0,29.0,124.7267,0.9252,1.1635,261.0,42.1253,0.4987,0.6655,704,1048,260,590,166.6684
12,312.0965,1,181.5469,329.4262,12548.0,1083.0,145.819,0.9869,1.5605,241.0,37.9658,0.5353,0.6973,16,360,260,590,166.6684
12,312.0965,2,530.1819,313.373,11082.0,1357.0,151.1514,0.9694,1.7474,233.0,49.8702,0.5237,0.6874,360,704,260,590,166.6684
12,312.0965,3,805.8683,341.2782,12059.0,12.0,132.3082,0.8006,1.3628,259.0,44.7471,0.5032,0.6695,704,1048,260,590,166.6684
12,312.5039,1,197.706,335.0427,12526.0,778.0,144.6907,0.9858,1.5633,244.0,43.2063,0.5046,0.6707,16,360,260,590,166.6684
12,312.5039,2,538.6644,338.7899,14385.0,1468.0,182.35,0.981,2.1613,231.0,59.8086,0.4264,0.5979,360,704,260,590,166.6684
12,312.5039,3,822.2378,342.0466,12803.0,31.0,148.5327,0.7531,1.6178,258.0,39.7328,0.569,0.7253,704,1048,260,590,166.6684
12,312.9113,1,210.7216,331.1616,13727.0,1217.0,166.7653,0.9772,1.8259,238.0,40.4428,0.528,0.6911,16,360,260,590,166.6684
12,312.9113,2,549.821,360.1428,14270.0,285.0,190.6653,0.8945,2.3926,249.0,53.7177,0.4074,0.579,360,704,260,590,166.6684
12,312.9113,3,844.8179,343.9816,12644.0,44.0,132.2076,0.856,1.4017,260.0,42.75,0.4235,0.595,704,1048,260,590,166.6684
12,313.3188,1,217.4368,339.6987,13258.0,660.0,149.7736,0.959,1.6693,245.0,47.604,0.486,0.6541,16,360,260,590,166.6684
12,313.3188,2,565.4221,355.7188,16444.0,1159.0,212.6324,0.934,2.7179,239.0,44.3527,0.4844,0.6527,360,704,260,590,166.6684
12,313.3188,3,869.5198,340.0543,14120.0,10.0,184.1799,0.498,2.3688,259.0,38.447,0.3857,0.5567,704,1048,260,590,166.6684
12,313.7262,1,232.5473,331.9964,13307.0,977.0,161.8621,0.8899,1.7765,239.0,36.8797,0.6004,0.7503,16,360,260,590,166.6684
12,313.7262,2,564.3097,340.6775,13347.0,668.0,198.2566,0.7238,2.7093,243.0,46.7079,0.4163,0.5879,360,704,260,590,166.6684
12,313.7262,3,894.5525,334.713,12148.0,119.0,168.7319,0.4601,2.3047,254.0,40.0266,0.3831,0.554,704,1048,260,590,166.6684
12,314.1336,1,244.567,333.7834,13248.0,873.0,162.6707,0.8464,1.8774,244.0,38.4067,0.5564,0.715,16,360,260,590,166.6684
12,314.1336,2,584.1331,325.9207,12300.0,860.0,182.1929,0.7207,2.4581,236.0,39.2988,0.5983,0.7487,360,704,260,590,166.6684
12,314.1336,3,934.6045,329.7668,9803.0,12.0,131.5285,0.7663,1.6763,259.0,35.6891,0.3481,0.5164,704,1048,260,590,166.6684
12,314.5411,1,248.2037,350.2554,14108.0,523.0,173.0131,0.9121,2.0016,249.0,38.3152,0.5325,0.6949,16,360,260,590,166.6684
12,314.5411,2,591.2926,339.6602,12305.0,635.0,180.3887,0.8337,2.3427,235.0,47.48,0.4835,0.6518,360,704,260,590,166.6684
12,314.5411,3,946.1607,336.5438,9625.0,77.0,128.9892,0.8832,1.6366,258.0,24.6811,0.5242,0.6879,704,1048,260,590,166.6684
12,314.9485,1,260.5106,328.7104,12783.0,1014.0,161.3929,0.8721,1.8593,240.0,34.4304,0.6003,0.7502,16,360,260,590,166.6684
12,314.9485,2,587.9724,358.2842,12369.0,313.0,176.1155,0.8302,2.3867,246.0,34.1459,0.5737,0.7291,360,704,260,590,166.6684
12,314.9485,3,947.2763,320.2288,11563.0,1853.0,145.8694,0.7832,1.8982,260.0,23.1448,0.5782,0.7328,704,1048,260,590,166.6684
12,315.356,1,260.227,327.4577,11186.0,326.0,145.6872,0.7785,1.7663,250.0,32.2109,0.5898,0.742,16,360,260,590,166.6684
12,315.356,2,599.3637,348.5792,14694.0,1390.0,221.0655,0.9787,2.8172,227.0,34.8074,0.4942,0.6615,360,704,260,590,166.6684
12,315.356,3,938.8566,346.5332,10768.0,45.0,148.9855,0.7863,1.8909,260.0,20.0782,0.6652,0.799,704,1048,260,590,166.6684
12,315.7634,1,259.2327,346.0903,11116.0,137.0,156.8307,0.8533,2.0165,255.0,39.274,0.5454,0.7059,16,360,260,590,166.6684
12,315.7634,2,603.274,343.9612,10620.0,94.0,149.176,0.7622,2.0918,278.0,39.2445,0.4462,0.617,360,704,260,590,166.6684
12,315.7634,3,935.9735,346.8216,11306.0,0.0,147.7991,0.8368,1.8056,261.0,20.6262,0.7336,0.8463,704,1048,260,590,166.6684
12,316.1708,1,275.9147,337.8961,8817.0,394.0,138.5471,0.8771,2.1785,247.0,39.6414,0.4851,0.6533,16,360,260,590,166.6684
12,316.1708,2,611.7053,336.6485,10911.0,516.0,145.4001,0.9947,1.8313,245.0,45.4419,0.4232,0.5947,360,704,260,590,166.6684
12,316.1708,3,936.0404,353.5568,11743.0,0.0,154.7286,0.7569,1.92,262.0,24.0071,0.6587,0.7942,704,1048,260,590,166.6684
12,316.5783,1,269.6357,345.3517,8582.0,96.0,126.1166,0.8933,1.8743,270.0,28.3919,0.5881,0.7406,16,360,260,590,166.6684
12,316.5783,2,620.1037,331.7171,10096.0,337.0,123.6456,0.9998,1.4589,260.0,31.2755,0.5381,0.6997,360,704,260,590,166.6684
12,316.5783,3,940.9191,351.1404,11352.0,0.0,159.0602,0.7848,1.9796,261.0,26.5579,0.6964,0.821,704,1048,260,590,166.6684
