paso,t,s,cx,cy,area,above,largo,vert,elong,cabeza,me,iou,dice,gx0,gx1,g_agua,g_fondo,escala
12,0.0,1,,,,,,,,,,,,245,476,314,576,168.6939
12,0.0,2,634.6978,517.4785,14141.0,0.0,173.3686,0.8793,1.7897,440.0,,,,476,707,314,576,168.6939
12,0.0,3,834.1658,408.6626,70541.0,14417.0,385.02,0.9941,1.6133,227.0,,,,707,938,314,576,168.6939
12,0.4075,1,361.7104,292.9629,23802.0,16372.0,288.5311,0.1474,2.3475,220.0,,,,245,476,314,576,168.6939
12,0.4075,2,506.4396,265.5133,8107.0,6735.0,155.92,0.9718,1.9855,196.0,75.7778,0.0,0.0,476,707,314,576,168.6939
12,0.4075,3,818.1023,460.4204,6170.0,0.0,86.8748,0.1827,2.1722,438.0,128.7619,0.0875,0.1609,707,938,314,576,168.6939
12,0.815,1,425.3145,259.0347,12315.0,10650.0,160.3186,0.9029,1.3967,196.0,88.1813,0.322,0.4871,245,476,314,576,168.6939
12,0.815,2,681.9317,444.6544,11222.0,97.0,255.2053,0.9982,4.909,309.0,71.3158,0.0,0.0,476,707,314,576,168.6939
12,0.815,3,713.0085,362.1101,1417.0,0.0,82.4449,0.9984,4.7796,314.0,90.3384,0.0,0.0,707,938,314,576,168.6939
12,1.2224,1,454.5256,232.7497,2481.0,2481.0,67.9348,0.9944,1.4048,197.0,129.7744,0.199,0.332,245,476,314,576,168.6939
12,1.2224,2,618.9973,302.7493,5186.0,3137.0,109.9156,0.7329,1.9477,262.0,132.2252,0.0,0.0,476,707,314,576,168.6939
12,1.2224,3,,,,,,,,,,,,707,938,314,576,168.6939
12,1.6299,1,,,,,,,,,,,,245,476,314,576,168.6939
12,1.6299,2,,,,,,,,,,,,476,707,314,576,168.6939
12,1.6299,3,883.8197,417.0929,11140.0,0.0,169.3982,0.9524,1.8241,327.0,,,,707,938,314,576,168.6939
12,2.0374,1,345.264,411.1071,73144.0,14529.0,412.0809,0.9919,1.6599,196.0,,,,245,476,314,576,168.6939
12,2.0374,2,618.6869,401.878,15234.0,344.0,169.9937,0.8928,1.9404,323.0,,,,476,707,314,576,168.6939
12,2.0374,3,854.8195,527.603,19105.0,0.0,231.9425,0.3626,2.1288,455.0,89.7053,0.0771,0.1431,707,938,314,576,168.6939
12,2.4449,1,,,,,,,,,,,,245,476,314,576,168.6939
12,2.4449,2,,,,,,,,,,,,476,707,314,576,168.6939
12,2.4449,3,,,,,,,,,,,,707,938,314,576,168.6939
12,2.8523,1,444.9753,291.9582,9063.0,5858.0,201.3847,0.9963,3.3008,196.0,,,,245,476,314,576,168.6939
12,2.8523,2,585.1635,304.8147,30911.0,18275.0,298.8756,0.3567,2.114,196.0,,,,476,707,314,576,168.6939
12,2.8523,3,812.7455,362.5418,32548.0,6628.0,291.605,0.4238,1.9128,238.0,,,,707,938,314,576,168.6939
12,3.2598,1,,,,,,,,,,,,245,476,314,576,168.6939
12,3.2598,2,,,,,,,,,,,,476,707,314,576,168.6939
12,3.2598,3,884.4857,292.0863,1715.0,1670.0,49.6212,0.2411,1.2652,271.0,136.7453,0.0214,0.0419,707,938,314,576,168.6939
12,3.6673,1,306.4194,569.1592,515.0,0.0,,,,,,,,245,476,314,576,168.6939
12,3.6673,2,,,,,,,,,,,,476,707,314,576,168.6939
12,3.6673,3,,,,,,,,,,,,707,938,314,576,168.6939
12,4.0748,1,346.3376,411.9096,13036.0,0.0,199.2113,0.2535,2.2293,344.0,121.4879,0.0,0.0,245,476,314,576,168.6939
12,4.0748,2,638.9108,352.9431,9690.0,381.0,187.7668,0.292,2.4582,307.0,,,,476,707,314,576,168.6939
12,4.0748,3,,,,,,,,,,,,707,938,314,576,168.6939
12,4.4822,1,293.9511,570.7611,3047.0,0.0,86.6226,0.0046,2.0801,548.0,87.8022,0.0,0.0,245,476,314,576,168.6939
12,4.4822,2,577.5453,330.726,7267.0,2003.0,157.3515,0.5205,2.7584,275.0,66.633,0.2555,0.407,476,707,314,576,168.6939
12,4.4822,3,711.4953,307.1308,107.0,107.0,,,,,,,,707,938,314,576,168.6939
12,4.8897,1,277.4998,376.6752,8405.0,1330.0,175.5265,0.9976,3.2193,276.0,70.9659,0.0,0.0,245,476,314,576,168.6939
12,4.8897,2,553.8483,360.794,7786.0,1464.0,124.0797,0.8637,2.0513,304.0,69.7315,0.1842,0.3112,476,707,314,576,168.6939
12,4.8897,3,,,,,,,,,,,,707,938,314,576,168.6939
12,5.2972,1,293.8011,395.3891,7671.0,248.0,137.9463,1.0,2.2531,318.0,61.9411,0.2911,0.451,245,476,314,576,168.6939
12,5.2972,2,551.7514,369.6697,6722.0,293.0,123.1428,0.9827,1.9598,312.0,50.8252,0.4164,0.588,476,707,314,576,168.6939
12,5.2972,3,842.0928,311.7981,862.0,531.0,23.4984,0.0,1.0655,300.0,,,,707,938,314,576,168.6939
12,5.7047,1,301.0584,336.5713,6076.0,1921.0,137.0474,0.9872,2.5249,260.0,64.084,0.2817,0.4395,245,476,314,576,168.6939
12,5.7047,2,584.6502,349.1289,7286.0,1329.0,120.3358,0.6912,1.8902,303.0,67.3783,0.2446,0.3931,476,707,314,576,168.6939
12,5.7047,3,920.4384,348.3182,990.0,0.0,30.4006,0.9934,1.4802,323.0,62.8561,0.0,0.0,707,938,314,576,168.6939
12,6.1121,1,335.7809,345.4799,6480.0,1291.0,158.6576,0.6757,2.9652,290.0,64.1954,0.1811,0.3066,245,476,314,576,168.6939
12,6.1121,2,609.7897,389.6196,6782.0,43.0,126.0452,0.7645,2.2349,325.0,82.3441,0.0463,0.0884,476,707,314,576,168.6939
12,6.1121,3,911.5024,373.5774,2118.0,0.0,43.7825,0.9695,1.9509,325.0,33.9576,0.3209,0.4858,707,938,314,576,168.6939
12,6.5196,1,368.968,339.256,6406.0,1446.0,161.9818,0.6038,3.4717,283.0,59.3188,0.304,0.4662,245,476,314,576,168.6939
12,6.5196,2,604.7033,336.8163,4709.0,980.0,93.2458,0.6099,2.4178,318.0,69.8096,0.1492,0.2597,476,707,314,576,168.6939
12,6.5196,3,916.1521,365.8087,1453.0,0.0,59.1572,0.7289,1.9514,338.0,31.9958,0.5235,0.6872,707,938,314,576,168.6939
12,6.9271,1,396.098,352.2088,4635.0,578.0,138.3594,0.6952,3.1568,292.0,68.7114,0.1596,0.2753,245,476,314,576,168.6939
12,6.9271,2,557.9197,366.0262,3662.0,0.0,90.2593,0.5034,1.9419,332.0,75.3953,0.0,0.0,476,707,314,576,168.6939
12,6.9271,3,901.184,409.3703,1261.0,0.0,30.3447,0.9961,1.7654,368.0,49.0268,0.0199,0.0391,707,938,314,576,168.6939
12,7.3346,1,401.1854,379.505,3317.0,0.0,90.7896,0.6352,2.5612,346.0,63.6492,0.1513,0.2628,245,476,314,576,168.6939
12,7.3346,2,555.1598,342.6997,2591.0,705.0,46.8513,0.9028,1.4011,337.0,47.123,0.3378,0.505,476,707,314,576,168.6939
12,7.3346,3,904.9256,383.7091,3348.0,0.0,76.6873,0.8052,2.1664,351.0,48.792,0.1206,0.2152,707,938,314,576,168.6939
12,7.7421,1,422.0794,367.7441,1020.0,0.0,24.5809,0.2146,1.1865,354.0,49.9902,0.2597,0.4123,245,476,314,576,168.6939
12,7.7421,2,565.2313,342.989,3450.0,895.0,34.4238,0.4163,1.1003,314.0,55.4487,0.2484,0.3979,476,707,314,576,168.6939
12,7.7421,3,911.2677,376.7354,2245.0,0.0,73.4216,0.7,1.9189,343.0,34.1691,0.4757,0.6447,707,938,314,576,168.6939
12,8.1495,1,423.9188,371.1817,1959.0,0.0,77.1852,0.9209,2.6945,336.0,28.6504,0.4125,0.5841,245,476,314,576,168.6939
12,8.1495,2,574.0814,362.8861,4985.0,775.0,125.5119,0.9746,3.2355,290.0,49.1434,0.4675,0.6371,476,707,314,576,168.6939
12,8.1495,3,910.529,379.0995,1085.0,0.0,37.0833,0.5641,1.4659,367.0,23.9755,0.48,0.6486,707,938,314,576,168.6939
12,8.557,1,399.4242,372.1629,2947.0,0.0,81.6142,0.9998,1.9808,330.0,48.0944,0.1473,0.2568,245,476,314,576,168.6939
12,8.557,2,578.0169,369.3892,4622.0,493.0,108.5284,0.8959,2.7271,321.0,49.1291,0.5458,0.7062,476,707,314,576,168.6939
12,8.557,3,922.9048,326.6233,3045.0,1314.0,126.7748,0.9866,3.8575,278.0,59.4926,0.0573,0.1085,707,938,314,576,168.6939
12,8.9645,1,349.8655,336.0976,4960.0,1366.0,138.1065,0.8389,2.9804,271.0,58.0303,0.0655,0.1229,245,476,314,576,168.6939
12,8.9645,2,582.5284,379.7708,5793.0,486.0,123.3135,0.8635,2.8705,320.0,42.0744,0.5318,0.6944,476,707,314,576,168.6939
12,8.9645,3,885.682,348.8089,5145.0,651.0,129.8889,0.7996,2.7608,297.0,79.0855,0.0392,0.0755,707,938,314,576,168.6939
12,9.372,1,314.0901,352.6256,6637.0,765.0,173.1406,0.5355,3.7645,312.0,67.7057,0.0686,0.1283,245,476,314,576,168.6939
12,9.372,2,584.4548,377.3858,6167.0,457.0,137.0638,0.7912,2.6352,320.0,50.7794,0.441,0.612,476,707,314,576,168.6939
12,9.372,3,832.1523,348.4061,5129.0,1229.0,132.8315,0.9298,3.0301,276.0,81.6359,0.0237,0.0463,707,938,314,576,168.6939
12,9.7794,1,326.018,371.2836,5454.0,0.0,156.3023,0.6404,3.482,318.0,35.6881,0.5615,0.7192,245,476,314,576,168.6939
12,9.7794,2,583.6383,375.5708,5869.0,406.0,158.0784,0.8148,3.4547,300.0,37.7876,0.5921,0.7438,476,707,314,576,168.6939
12,9.7794,3,821.3114,385.4978,5450.0,364.0,103.4201,0.9224,2.4094,336.0,70.3936,0.1881,0.3167,707,938,314,576,168.6939
12,10.1869,1,305.9733,340.6375,4990.0,1274.0,108.1187,0.6242,2.7235,318.0,46.972,0.4276,0.599,245,476,314,576,168.6939
12,10.1869,2,578.1418,358.005,3596.0,456.0,71.9708,0.9941,1.7417,326.0,62.8128,0.2936,0.4539,476,707,314,576,168.6939
12,10.1869,3,827.3886,361.6846,5121.0,566.0,121.0186,0.8324,2.5926,314.0,59.8399,0.2549,0.4062,707,938,314,576,168.6939
12,10.5944,1,295.6126,353.1373,2783.0,49.0,78.3248,0.8488,2.1777,313.0,56.8921,0.258,0.4101,245,476,314,576,168.6939
12,10.5944,2,579.4881,359.0579,5560.0,700.0,140.3748,0.7848,2.8612,292.0,53.4083,0.2524,0.403,476,707,314,576,168.6939
12,10.5944,3,871.6407,352.7113,7450.0,1091.0,161.9431,0.7156,2.4314,286.0,65.3126,0.1319,0.2331,707,938,314,576,168.6939
12,11.0019,1,320.4937,326.8616,3158.0,1019.0,83.4916,0.8471,2.2083,289.0,53.5929,0.1429,0.2501,245,476,314,576,168.6939
12,11.0019,2,603.1272,354.7679,5824.0,946.0,157.8208,0.7795,3.3977,290.0,58.1747,0.2782,0.4353,476,707,314,576,168.6939
12,11.0019,3,887.43,375.4582,7968.0,557.0,156.8193,0.9003,2.388,295.0,53.902,0.3305,0.4968,707,938,314,576,168.6939
12,11.4093,1,341.9012,351.1395,5577.0,1171.0,122.811,0.9651,2.8097,277.0,64.2949,0.0795,0.1472,245,476,314,576,168.6939
12,11.4093,2,644.8686,350.8494,6467.0,1380.0,153.6312,0.9138,2.9051,271.0,74.3385,0.1396,0.2451,476,707,314,576,168.6939
12,11.4093,3,869.6128,345.1608,5331.0,1271.0,134.4101,0.7919,3.3611,282.0,67.1835,0.1566,0.2708,707,938,314,576,168.6939
12,11.8168,1,363.8598,376.8652,6597.0,513.0,159.2621,0.9352,3.0388,303.0,71.6702,0.1568,0.2711,245,476,314,576,168.6939
12,11.8168,2,649.5446,377.1609,5606.0,160.0,159.616,0.9049,3.2904,308.0,57.4048,0.3782,0.5488,476,707,314,576,168.6939
12,11.8168,3,826.6719,357.5631,6443.0,754.0,161.2131,0.6705,3.5555,294.0,78.7974,0.0403,0.0775,707,938,314,576,168.6939
12,12.2243,1,391.1771,354.7007,4715.0,738.0,107.4937,0.8739,2.5001,296.0,70.0047,0.1713,0.2924,245,476,314,576,168.6939
12,12.2243,2,669.8146,350.633,4807.0,901.0,130.73,0.9471,3.0162,288.0,53.7049,0.382,0.5528,476,707,314,576,168.6939
12,12.2243,3,782.3259,341.0483,4993.0,1417.0,155.9105,0.8335,3.4351,275.0,76.9206,0.1691,0.2893,707,938,314,576,168.6939
12,12.6318,1,393.1418,409.0392,3343.0,0.0,82.2838,0.8925,2.3846,367.0,59.8654,0.0304,0.0591,245,476,314,576,168.6939
12,12.6318,2,667.2456,391.5631,4031.0,0.0,120.538,0.8316,3.0717,333.0,66.8939,0.2401,0.3872,476,707,314,576,168.6939
12,12.6318,3,795.9655,380.4284,5042.0,190.0,98.7651,0.8457,1.94,328.0,57.2161,0.278,0.4351,707,938,314,576,168.6939
12,13.0393,1,406.4468,382.6187,4199.0,39.0,116.5446,0.9774,2.7932,325.0,37.6785,0.4132,0.5847,245,476,314,576,168.6939
12,13.0393,2,672.442,358.6845,1439.0,0.0,46.8439,0.7172,1.5042,336.0,67.6757,0.1472,0.2567,476,707,314,576,168.6939
12,13.0393,3,795.1377,359.8801,4213.0,5.0,98.3231,0.944,1.7712,314.0,54.0667,0.3972,0.5686,707,938,314,576,168.6939
12,13.4467,1,387.1733,331.8708,2833.0,911.0,45.1161,0.9996,1.0945,323.0,60.4901,0.1231,0.2193,245,476,314,576,168.6939
12,13.4467,2,658.158,408.6102,1139.0,0.0,,,,,46.8666,0.0,0.0,476,707,314,576,168.6939
12,13.4467,3,814.8874,380.404,5686.0,0.0,103.9715,0.6924,1.6202,324.0,70.6963,0.2201,0.3608,707,938,314,576,168.6939
12,13.8542,1,357.9171,348.0142,4714.0,819.0,145.7211,0.7991,3.2073,285.0,57.3919,0.0664,0.1246,245,476,314,576,168.6939
12,13.8542,2,672.9993,385.4467,1435.0,0.0,43.5137,0.9907,1.2666,361.0,36.9518,0.1309,0.2315,476,707,314,576,168.6939
12,13.8542,3,835.9678,384.3129,6233.0,156.0,126.5897,0.8133,2.4056,315.0,57.2651,0.2977,0.4588,707,938,314,576,168.6939
12,14.2617,1,340.826,359.8837,5701.0,510.0,140.8691,0.7533,2.8965,313.0,45.4254,0.3068,0.4695,245,476,314,576,168.6939
12,14.2617,2,649.1669,388.5426,1384.0,0.0,39.1544,0.7485,1.2678,367.0,40.9633,0.1358,0.2391,476,707,314,576,168.6939
12,14.2617,3,854.9279,382.6875,2650.0,0.0,52.7126,0.4623,1.4291,348.0,67.4065,0.1018,0.1848,707,938,314,576,168.6939
12,14.6692,1,331.1643,367.6541,7037.0,568.0,132.01,0.9994,1.9098,304.0,55.6911,0.3479,0.5163,245,476,314,576,168.6939
12,14.6692,2,641.4265,419.1731,2912.0,0.0,60.3553,0.7389,1.4055,382.0,35.7803,0.247,0.3962,476,707,314,576,168.6939
12,14.6692,3,889.2395,397.315,2568.0,0.0,52.2975,0.7474,1.372,384.0,52.7822,0.0382,0.0736,707,938,314,576,168.6939
12,15.0766,1,323.8501,373.103,8883.0,1099.0,123.518,0.9003,1.5266,304.0,39.311,0.5685,0.7249,245,476,314,576,168.6939
12,15.0766,2,668.1593,385.6836,452.0,0.0,,,,,40.6825,0.0758,0.1409,476,707,314,576,168.6939
12,15.0766,3,895.9772,382.2188,4077.0,0.0,102.6382,0.7999,2.4546,322.0,45.3774,0.3634,0.533,707,938,314,576,168.6939
12,15.4841,1,320.4465,401.1954,9086.0,73.0,132.5655,0.9919,1.6698,327.0,50.685,0.3607,0.5301,245,476,314,576,168.6939
12,15.4841,2,607.4964,467.8464,280.0,0.0,,,,,45.998,0.0,0.0,476,707,314,576,168.6939
12,15.4841,3,905.1834,394.4651,2677.0,0.0,71.583,0.8582,2.1202,338.0,49.1942,0.323,0.4883,707,938,314,576,168.6939
12,15.8916,1,316.2495,343.4751,5788.0,1355.0,155.6875,0.7852,3.4059,279.0,56.1579,0.2826,0.4406,245,476,314,576,168.6939
12,15.8916,2,598.5919,518.3408,223.0,0.0,,,,,41.3317,0.0,0.0,476,707,314,576,168.6939
12,15.8916,3,916.5444,375.2312,3279.0,0.0,87.084,0.9788,2.1285,322.0,37.6507,0.453,0.6236,707,938,314,576,168.6939
12,16.2991,1,277.352,344.5748,6390.0,1826.0,165.4885,0.9368,2.9084,255.0,82.2092,0.071,0.1325,245,476,314,576,168.6939
12,16.2991,2,697.6284,386.7268,853.0,0.0,47.0558,0.9946,2.035,362.0,30.2206,0.0,0.0,476,707,314,576,168.6939
12,16.2991,3,917.9953,401.8868,1502.0,0.0,46.2976,0.9652,1.7982,365.0,47.4404,0.2275,0.3706,707,938,314,576,168.6939
12,16.7065,1,288.3298,374.4213,8357.0,1142.0,152.2284,0.9799,2.4302,297.0,60.0835,0.3133,0.4771,245,476,314,576,168.6939
12,16.7065,2,679.5311,425.043,3905.0,0.0,111.9414,0.9846,3.2792,339.0,45.8501,0.2184,0.3586,476,707,314,576,168.6939
12,16.7065,3,892.9925,447.3873,5734.0,0.0,117.3659,0.9477,2.8168,342.0,45.9164,0.2619,0.4151,707,938,314,576,168.6939
12,17.114,1,303.3526,361.2568,9431.0,2380.0,166.2527,0.9882,2.74,254.0,60.0514,0.2822,0.4402,245,476,314,576,168.6939
12,17.114,2,677.6742,380.9836,3962.0,96.0,83.7264,0.9238,1.8827,317.0,47.1061,0.1828,0.3091,476,707,314,576,168.6939
12,17.114,3,914.9184,395.6885,3470.0,78.0,72.7457,0.9804,2.2028,337.0,32.5786,0.3994,0.5708,707,938,314,576,168.6939
12,17.5215,1,334.5922,356.5465,7812.0,1507.0,152.9322,0.8581,2.6615,285.0,64.4876,0.17,0.2906,245,476,314,576,168.6939
12,17.5215,2,678.8004,361.5518,2981.0,0.0,81.2434,0.8628,1.9408,317.0,33.0265,0.4725,0.6418,476,707,314,576,168.6939
12,17.5215,3,911.4862,369.7769,6218.0,535.0,145.2096,0.9996,2.7084,301.0,48.5623,0.3805,0.5512,707,938,314,576,168.6939
12,17.929,1,373.1646,365.9039,7863.0,1508.0,162.4683,0.9981,2.8681,280.0,72.0074,0.1157,0.2073,245,476,314,576,168.6939
12,17.929,2,678.2342,353.532,3724.0,208.0,80.8035,0.9892,1.8969,317.0,30.2461,0.4837,0.6521,476,707,314,576,168.6939
12,17.929,3,875.1431,370.7873,8769.0,965.0,151.6477,0.9849,2.5266,284.0,72.1204,0.1321,0.2334,707,938,314,576,168.6939
12,18.3364,1,378.5016,368.2393,12141.0,3493.0,198.9196,0.9897,3.4404,291.0,38.6567,0.3744,0.5448,245,476,314,576,168.6939
12,18.3364,2,658.0117,348.442,5796.0,227.0,140.1239,0.5486,2.4852,307.0,33.6709,0.4141,0.5857,476,707,314,576,168.6939
12,18.3364,3,836.1168,357.9732,10736.0,2458.0,174.6245,0.9812,2.6832,268.0,64.7316,0.1387,0.2436,707,938,314,576,168.6939
12,18.7439,1,362.6649,314.2507,15643.0,7959.0,180.3955,0.8177,3.2011,295.0,33.3324,0.3354,0.5023,245,476,314,576,168.6939
12,18.7439,2,645.0757,341.4067,6680.0,452.0,163.3788,0.3672,3.0575,303.0,21.281,0.6334,0.7756,476,707,314,576,168.6939
12,18.7439,3,824.4026,409.8628,10008.0,81.0,177.4198,0.9597,2.2106,309.0,51.0915,0.2049,0.3401,707,938,314,576,168.6939
12,19.1514,1,403.8627,353.2279,5486.0,618.0,112.0142,0.6117,2.3392,295.0,28.3559,0.2381,0.3846,245,476,314,576,168.6939
12,19.1514,2,621.1792,341.351,7407.0,490.0,164.3622,0.3353,2.936,303.0,25.972,0.5462,0.7065,476,707,314,576,168.6939
12,19.1514,3,792.9062,331.0187,13292.0,5825.0,209.0719,0.9894,3.159,235.0,38.1625,0.3085,0.4715,707,938,314,576,168.6939
12,19.5589,1,305.8254,226.5751,5745.0,5745.0,82.343,0.1422,1.2525,196.0,29.6305,0.0,0.0,245,476,314,576,168.6939
12,19.5589,2,602.9585,338.2012,8689.0,833.0,182.6953,0.2328,3.2741,295.0,30.2565,0.6287,0.772,476,707,314,576,168.6939
12,19.5589,3,802.9682,421.304,10855.0,0.0,165.041,0.9999,2.6669,315.0,41.5793,0.2594,0.4119,707,938,314,576,168.6939
12,19.9664,1,326.1576,232.2812,7810.0,7810.0,92.9822,0.0508,1.838,196.0,5.9277,0.6786,0.8086,245,476,314,576,168.6939
12,19.9664,2,594.8251,340.7146,8920.0,532.0,185.8066,0.0888,3.1889,302.0,26.0684,0.6856,0.8134,476,707,314,576,168.6939
12,19.9664,3,807.4203,364.0733,11537.0,3117.0,219.7461,0.9934,4.0871,275.0,34.9465,0.41,0.5815,707,938,314,576,168.6939
12,20.3738,1,367.2236,292.1035,15530.0,9232.0,100.6239,0.9988,1.4312,307.0,17.2817,0.4721,0.6414,245,476,314,576,168.6939
12,20.3738,2,558.9907,296.8067,14348.0,6718.0,158.0044,0.3492,2.3639,291.0,25.4888,0.3804,0.5511,476,707,314,576,168.6939
12,20.3738,3,830.3535,360.0245,15481.0,4745.0,201.1249,0.8956,2.7758,269.0,39.6661,0.2585,0.4108,707,938,314,576,168.6939
12,20.7813,1,367.8535,292.9152,15391.0,8970.0,144.8092,0.7121,2.475,307.0,24.8542,0.5804,0.7345,245,476,314,576,168.6939
12,20.7813,2,552.6794,301.8508,13408.0,5748.0,139.5204,0.3173,1.851,291.0,20.3112,0.7493,0.8567,476,707,314,576,168.6939
12,20.7813,3,863.0728,359.6712,17334.0,5268.0,218.9834,0.9437,2.5356,277.0,44.5881,0.3176,0.482,707,938,314,576,168.6939
12,21.1888,1,360.4538,305.8397,17089.0,8956.0,160.5425,0.8316,2.541,300.0,26.0257,0.6262,0.7701,245,476,314,576,168.6939
12,21.1888,2,549.7105,309.4521,16467.0,8059.0,166.9215,0.9103,1.9974,268.0,38.2782,0.5288,0.6918,476,707,314,576,168.6939
12,21.1888,3,887.8661,364.482,13275.0,3529.0,182.0363,0.9861,2.2906,253.0,45.6238,0.3749,0.5454,707,938,314,576,168.6939
12,21.5963,1,349.7277,334.3716,18534.0,8362.0,172.1811,0.9402,2.5775,288.0,25.0981,0.5558,0.7145,245,476,314,576,168.6939
12,21.5963,2,562.0419,382.8681,11619.0,940.0,170.5611,0.8105,2.0596,296.0,34.8784,0.3471,0.5153,476,707,314,576,168.6939
12,21.5963,3,903.181,403.1065,14592.0,1817.0,199.2217,0.9972,2.7333,298.0,35.7728,0.4328,0.6041,707,938,314,576,168.6939
12,22.0037,1,343.0544,339.1365,20191.0,8723.0,184.8585,1.0,2.4753,285.0,22.9497,0.5833,0.7368,245,476,314,576,168.6939
12,22.0037,2,557.611,387.2391,12010.0,658.0,154.2293,0.8776,1.7777,306.0,26.647,0.6646,0.7985,476,707,314,576,168.6939
12,22.0037,3,878.3979,324.9704,17722.0,7470.0,209.786,0.8881,2.142,230.0,39.631,0.3534,0.5223,707,938,314,576,168.6939
12,22.4112,1,330.0209,303.5649,21903.0,12970.0,291.4751,0.9535,2.8742,196.0,32.5905,0.4636,0.6335,245,476,314,576,168.6939
12,22.4112,2,551.28,307.8338,17381.0,9253.0,138.0782,0.9166,1.7147,286.0,29.021,0.3023,0.4642,476,707,314,576,168.6939
12,22.4112,3,854.3531,340.1381,19296.0,5680.0,161.5342,0.7669,1.2021,269.0,46.6594,0.5056,0.6716,707,938,314,576,168.6939
12,22.8187,1,319.8972,318.9365,21536.0,9693.0,184.9728,0.821,2.0017,283.0,36.0591,0.5568,0.7153,245,476,314,576,168.6939
12,22.8187,2,573.8458,353.0026,12091.0,2776.0,173.8956,0.8668,2.1192,275.0,35.5483,0.3138,0.4777,476,707,314,576,168.6939
12,22.8187,3,828.9181,326.882,23149.0,10266.0,168.7852,0.8768,2.3028,290.0,29.3884,0.466,0.6358,707,938,314,576,168.6939
12,23.2262,1,309.6758,336.5437,25703.0,9880.0,197.4295,0.9766,1.7913,296.0,40.4671,0.5526,0.7118,245,476,314,576,168.6939
12,23.2262,2,593.419,367.3931,13296.0,2571.0,185.7287,0.9328,2.517,268.0,45.547,0.4009,0.5723,476,707,314,576,168.6939
12,23.2262,3,816.5587,358.9566,16424.0,4584.0,179.9718,0.8977,2.2407,278.0,21.3424,0.4148,0.5864,707,938,314,576,168.6939
12,23.6336,1,339.4659,297.1928,17993.0,9488.0,197.9498,0.3452,2.8492,292.0,39.6046,0.425,0.5965,245,476,314,576,168.6939
12,23.6336,2,622.7906,348.282,8099.0,1010.0,136.5634,0.613,1.9927,296.0,41.0615,0.3048,0.4672,476,707,314,576,168.6939
12,23.6336,3,777.0082,353.1784,11948.0,3475.0,172.9956,0.99,2.5769,276.0,40.4862,0.3008,0.4625,707,938,314,576,168.6939
12,24.0411,1,391.8882,345.9901,8190.0,1334.0,155.7861,0.5534,2.5515,283.0,40.1118,0.1665,0.2855,245,476,314,576,168.6939
12,24.0411,2,633.1114,364.7672,8978.0,976.0,180.8218,0.7506,2.8432,295.0,46.4963,0.3884,0.5595,476,707,314,576,168.6939
12,24.0411,3,788.3533,398.2538,10228.0,281.0,164.6519,0.9786,2.557,302.0,26.0295,0.4293,0.6007,707,938,314,576,168.6939
12,24.4486,1,384.405,375.3593,6513.0,347.0,155.496,0.4834,3.6171,326.0,47.694,0.2536,0.4045,245,476,314,576,168.6939
12,24.4486,2,632.4777,377.1344,7797.0,365.0,169.4684,0.6049,3.0642,301.0,33.0524,0.4426,0.6137,476,707,314,576,168.6939
12,24.4486,3,784.1873,380.3335,9393.0,1081.0,153.436,0.9989,2.1607,279.0,36.7038,0.5444,0.705,707,938,314,576,168.6939
12,24.8561,1,390.6648,375.6894,5979.0,768.0,152.8619,0.7469,4.0532,301.0,36.1387,0.3669,0.5368,245,476,314,576,168.6939
12,24.8561,2,640.7814,374.7993,6399.0,176.0,125.0866,0.6356,2.3465,315.0,37.5169,0.5198,0.684,476,707,314,576,168.6939
12,24.8561,3,797.8863,399.5212,11803.0,10.0,151.7127,0.9861,1.8101,315.0,50.8038,0.3836,0.5544,707,938,314,576,168.6939
12,25.2635,1,387.9299,387.2999,3964.0,477.0,49.2944,0.6499,1.6832,354.0,31.8812,0.3613,0.5308,245,476,314,576,168.6939
12,25.2635,2,665.7507,383.5865,6321.0,126.0,107.5427,0.899,1.9547,315.0,40.9759,0.3877,0.5588,476,707,314,576,168.6939
12,25.2635,3,823.6185,384.2654,10691.0,1215.0,169.6985,0.91,2.6234,277.0,57.1729,0.2742,0.4304,707,938,314,576,168.6939
12,25.671,1,431.9154,340.4446,2670.0,501.0,49.26,0.356,1.4746,334.0,25.5054,0.2854,0.4441,245,476,314,576,168.6939
12,25.671,2,670.0885,342.9176,3776.0,238.0,77.613,0.924,1.486,314.0,38.1866,0.3803,0.5511,476,707,314,576,168.6939
12,25.671,3,855.7212,389.2917,9827.0,378.0,150.1316,0.9929,1.9466,301.0,59.3471,0.1921,0.3223,707,938,314,576,168.6939
12,26.0785,1,416.4276,326.5853,3545.0,1108.0,90.4458,0.9513,1.9059,292.0,31.335,0.3523,0.521,245,476,314,576,168.6939
12,26.0785,2,656.5676,337.204,4755.0,151.0,119.6566,0.2713,2.351,309.0,29.8132,0.459,0.6292,476,707,314,576,168.6939
12,26.0785,3,862.2444,376.0669,10784.0,518.0,164.5061,0.7454,2.6438,302.0,39.3505,0.3398,0.5072,707,938,314,576,168.6939
12,26.486,1,387.8056,327.8158,5500.0,1804.0,127.366,0.5782,2.5718,286.0,50.9784,0.2516,0.402,245,476,314,576,168.6939
12,26.486,2,649.1063,340.9162,5982.0,172.0,132.7863,0.2711,2.3478,309.0,18.5185,0.736,0.8479,476,707,314,576,168.6939
12,26.486,3,810.5085,358.6371,10318.0,1751.0,170.9887,0.8237,2.3866,273.0,55.2202,0.1746,0.2972,707,938,314,576,168.6939
12,26.8935,1,339.113,313.2097,9502.0,3619.0,190.3586,0.3723,3.6763,285.0,50.4693,0.2777,0.4347,245,476,314,576,168.6939
12,26.8935,2,650.5204,339.2516,5509.0,163.0,129.3757,0.2321,2.3632,309.0,12.0885,0.8397,0.9129,476,707,314,576,168.6939
12,26.8935,3,791.3962,391.0002,8619.0,564.0,134.8067,0.9083,2.0692,313.0,61.8221,0.2457,0.3945,707,938,314,576,168.6939
12,27.3009,1,329.0639,318.146,9509.0,3550.0,173.5534,0.5559,2.9401,269.0,35.3225,0.5603,0.7182,245,476,314,576,168.6939
12,27.3009,2,655.5675,342.4081,4835.0,298.0,97.1856,0.4242,1.6304,306.0,21.0739,0.596,0.7469,476,707,314,576,168.6939
12,27.3009,3,794.112,392.0216,8829.0,410.0,159.5283,0.9339,2.2801,312.0,28.1134,0.6293,0.7725,707,938,314,576,168.6939
12,27.7084,1,332.8969,361.6731,7674.0,981.0,163.9272,0.7965,2.8449,290.0,48.4216,0.3091,0.4722,245,476,314,576,168.6939
12,27.7084,2,650.7051,359.0949,5175.0,116.0,93.7348,0.8228,1.5131,309.0,30.0014,0.4936,0.6609,476,707,314,576,168.6939
12,27.7084,3,785.369,385.3097,8666.0,691.0,125.8705,0.9587,1.9084,316.0,38.8241,0.488,0.656,707,938,314,576,168.6939
12,28.1159,1,308.9892,344.6447,8059.0,2101.0,178.229,0.8141,3.6611,287.0,47.808,0.3887,0.5598,245,476,314,576,168.6939
12,28.1159,2,639.5526,368.5503,5910.0,234.0,100.5528,0.9896,1.6215,305.0,33.6545,0.4943,0.6616,476,707,314,576,168.6939
12,28.1159,3,784.1367,387.1444,9305.0,200.0,153.9535,0.9988,2.1561,313.0,37.759,0.5201,0.6843,707,938,314,576,168.6939
12,28.5234,1,300.0523,335.0544,8750.0,2384.0,159.469,0.6657,2.9744,292.0,39.8021,0.5065,0.6724,245,476,314,576,168.6939
12,28.5234,2,633.353,375.5571,5985.0,18.0,103.1664,0.9907,1.6737,313.0,24.1342,0.5584,0.7166,476,707,314,576,168.6939
12,28.5234,3,810.3677,367.3249,8540.0,963.0,164.4561,0.8802,2.4464,283.0,63.3364,0.2822,0.4402,707,938,314,576,168.6939
12,28.9308,1,302.417,339.4908,6765.0,1397.0,141.2952,0.5873,2.8092,294.0,25.2161,0.6679,0.8009,245,476,314,576,168.6939
12,28.9308,2,634.8587,365.4996,5358.0,234.0,93.272,0.9091,1.5791,304.0,32.2089,0.5676,0.7241,476,707,314,576,168.6939
12,28.9308,3,835.0786,393.8828,10613.0,945.0,156.8683,0.9969,2.175,284.0,65.0158,0.206,0.3416,707,938,314,576,168.6939
12,29.3383,1,304.9042,355.3808,5951.0,547.0,108.7561,0.4504,2.237,303.0,37.246,0.5185,0.6829,245,476,314,576,168.6939
12,29.3383,2,634.489,366.105,4894.0,214.0,94.831,0.8202,1.8378,307.0,24.5146,0.7326,0.8457,476,707,314,576,168.6939
12,29.3383,3,841.3355,400.1587,7934.0,217.0,126.4275,0.9901,1.921,317.0,36.2268,0.4803,0.6489,707,938,314,576,168.6939
12,29.7458,1,301.2816,342.8858,6228.0,1178.0,122.974,0.6966,1.9923,284.0,32.339,0.5819,0.7357,245,476,314,576,168.6939
12,29.7458,2,627.2098,343.472,4184.0,364.0,76.8105,0.8214,1.5163,313.0,28.791,0.5574,0.7158,476,707,314,576,168.6939
12,29.7458,3,846.8163,364.6368,6826.0,955.0,138.0712,0.9694,2.3323,279.0,43.7486,0.4293,0.6007,707,938,314,576,168.6939
12,30.1533,1,310.0462,365.6266,8698.0,1138.0,158.3517,0.6938,2.8086,303.0,49.6745,0.4559,0.6263,245,476,314,576,168.6939
12,30.1533,2,599.9587,347.8672,5955.0,361.0,108.3163,0.5935,1.6855,304.0,43.806,0.3641,0.5338,476,707,314,576,168.6939
12,30.1533,3,822.0848,391.9039,9424.0,256.0,164.305,0.7671,2.5929,314.0,62.1922,0.1635,0.2811,707,938,314,576,168.6939
12,30.5607,1,302.8158,373.8003,7025.0,304.0,164.7907,0.6749,3.0937,309.0,38.458,0.585,0.7382,245,476,314,576,168.6939
12,30.5607,2,594.2402,353.5104,5858.0,224.0,137.4926,0.399,2.5476,304.0,35.2339,0.5033,0.6696,476,707,314,576,168.6939
12,30.5607,3,807.3762,384.5942,8891.0,429.0,124.3676,0.9972,1.5109,315.0,42.0797,0.451,0.6217,707,938,314,576,168.6939
12,30.9682,1,301.3788,367.8052,7381.0,543.0,155.2517,0.7385,2.5977,307.0,33.0334,0.6693,0.8019,245,476,314,576,168.6939
12,30.9682,2,597.5466,351.9403,4691.0,489.0,80.0868,0.8861,1.5742,324.0,42.3633,0.4045,0.576,476,707,314,576,168.6939
12,30.9682,3,810.27,396.0294,8237.0,315.0,105.9989,0.7604,1.4316,343.0,39.254,0.4599,0.6301,707,938,314,576,168.6939
12,31.3757,1,322.1677,368.3349,7930.0,831.0,154.8102,0.9643,2.1298,289.0,54.7491,0.3731,0.5434,245,476,314,576,168.6939
12,31.3757,2,600.0485,375.5747,5793.0,97.0,139.8804,0.5823,2.861,325.0,42.5331,0.3766,0.5471,476,707,314,576,168.6939
12,31.3757,3,853.3401,412.7981,5457.0,0.0,105.2845,0.992,1.7203,355.0,68.6302,0.0885,0.1626,707,938,314,576,168.6939
12,31.7832,1,333.9412,356.0227,6613.0,262.0,143.4364,0.5968,2.473,306.0,57.9351,0.329,0.4951,245,476,314,576,168.6939
12,31.7832,2,608.3836,365.5124,5605.0,155.0,133.8949,0.7123,2.6261,311.0,38.7051,0.5015,0.668,476,707,314,576,168.6939
12,31.7832,3,833.9366,352.792,5745.0,791.0,106.2386,0.6324,2.1569,326.0,52.0878,0.2117,0.3494,707,938,314,576,168.6939
12,32.1907,1,311.9278,340.8684,6201.0,1267.0,149.4978,0.5705,3.1391,303.0,40.9322,0.4351,0.6064,245,476,314,576,168.6939
12,32.1907,2,602.2289,367.0852,4540.0,69.0,96.3849,0.9677,1.8333,314.0,47.8123,0.4073,0.5788,476,707,314,576,168.6939
12,32.1907,3,782.1719,354.311,4846.0,826.0,96.4701,0.5355,2.0027,333.0,75.9805,0.0462,0.0884,707,938,314,576,168.6939
12,32.5981,1,311.91,374.5995,6023.0,0.0,144.5004,0.7371,2.829,316.0,57.4589,0.2598,0.4125,245,476,314,576,168.6939
12,32.5981,2,613.5092,352.1269,2773.0,99.0,67.1443,0.8298,1.5745,317.0,56.3474,0.3705,0.5407,476,707,314,576,168.6939
12,32.5981,3,776.4863,382.4226,2622.0,0.0,78.6807,0.9955,2.3673,343.0,60.9134,0.2474,0.3966,707,938,314,576,168.6939
12,33.0056,1,316.9752,386.7483,6485.0,85.0,147.5151,0.8655,2.6252,326.0,28.5245,0.6344,0.7763,245,476,314,576,168.6939
12,33.0056,2,622.2413,372.9523,2578.0,0.0,56.4759,0.9999,1.1565,337.0,40.0926,0.4381,0.6092,476,707,314,576,168.6939
12,33.0056,3,811.2037,368.11,918.0,0.0,22.4467,0.0,1.0304,355.0,67.0202,0.0,0.0,707,938,314,576,168.6939
12,33.4131,1,315.1311,364.4402,6561.0,778.0,139.8089,0.9411,2.2489,286.0,50.514,0.3615,0.531,245,476,314,576,168.6939
12,33.4131,2,637.4544,366.6931,2040.0,0.0,66.167,0.8888,1.8791,334.0,47.197,0.3864,0.5574,476,707,314,576,168.6939
12,33.4131,3,829.1204,372.7791,4377.0,364.0,105.4519,0.9881,2.3936,325.0,71.2433,0.0577,0.1092,707,938,314,576,168.6939
12,33.8206,1,307.4903,340.4405,4622.0,653.0,125.8612,0.5127,2.9996,308.0,48.4568,0.341,0.5086,245,476,314,576,168.6939
12,33.8206,2,640.889,360.6005,1099.0,0.0,37.7109,0.9312,1.3805,340.0,25.8372,0.4842,0.6524,476,707,314,576,168.6939
12,33.8206,3,849.4737,385.5779,5788.0,148.0,146.3651,0.9129,3.2525,312.0,62.5749,0.2047,0.3398,707,938,314,576,168.6939
12,34.228,1,303.5085,345.1991,5705.0,808.0,152.0388,0.4721,3.5835,306.0,39.4249,0.5532,0.7123,245,476,314,576,168.6939
12,34.228,2,629.6242,349.8571,2435.0,179.0,69.2924,0.8789,1.9401,322.0,26.8865,0.399,0.5705,476,707,314,576,168.6939
12,34.228,3,891.4094,345.0762,4870.0,1025.0,137.4131,0.9228,3.2927,282.0,67.6843,0.1314,0.2323,707,938,314,576,168.6939
12,34.6355,1,307.43,364.8389,5939.0,363.0,165.9125,0.5915,3.8691,316.0,55.6319,0.4044,0.5759,245,476,314,576,168.6939
12,34.6355,2,628.1705,374.3884,3097.0,0.0,67.5525,0.8435,1.4012,337.0,40.0998,0.369,0.539,476,707,314,576,168.6939
12,34.6355,3,894.9305,396.4985,6407.0,98.0,157.8562,0.906,3.0108,309.0,78.2973,0.0983,0.1789,707,938,314,576,168.6939
12,35.043,1,309.6654,366.8111,5978.0,347.0,151.25,0.7326,3.3134,315.0,30.7473,0.6549,0.7915,245,476,314,576,168.6939
12,35.043,2,631.9313,384.5351,3450.0,0.0,85.7594,0.8277,1.895,338.0,30.8603,0.5708,0.7267,476,707,314,576,168.6939
12,35.043,3,911.8879,388.4903,3363.0,0.0,92.4713,0.9471,2.3437,330.0,52.2703,0.4015,0.573,707,938,314,576,168.6939
12,35.4505,1,308.8931,347.9899,3647.0,482.0,81.8167,0.7922,1.8077,320.0,58.2321,0.3746,0.545,245,476,314,576,168.6939
12,35.4505,2,622.4921,378.4233,3782.0,0.0,82.9948,1.0,1.6359,326.0,38.569,0.4699,0.6394,476,707,314,576,168.6939
12,35.4505,3,882.5728,420.8163,1573.0,0.0,22.4893,0.3302,1.0979,386.0,48.4943,0.2233,0.3651,707,938,314,576,168.6939
12,35.8579,1,300.7705,348.3186,2122.0,0.0,41.3035,0.9996,1.2007,328.0,40.176,0.4266,0.598,245,476,314,576,168.6939
12,35.8579,2,634.6701,355.9818,1540.0,0.0,52.634,0.7801,1.7212,330.0,56.7106,0.2608,0.4138,476,707,314,576,168.6939
12,35.8579,3,892.9473,429.7107,2617.0,0.0,55.3546,0.9808,2.0408,366.0,37.8223,0.1642,0.2821,707,938,314,576,168.6939
12,36.2654,1,313.9426,323.1764,924.0,132.0,36.7241,0.4228,1.3337,308.0,49.4183,0.1084,0.1957,245,476,314,576,168.6939
12,36.2654,2,630.9097,355.3751,997.0,0.0,30.5208,0.3906,1.2413,340.0,23.2253,0.4915,0.659,476,707,314,576,168.6939
12,36.2654,3,,,,,,,,,,,,707,938,314,576,168.6939
12,36.6729,1,310.1199,337.4344,4012.0,1127.0,65.8196,0.9993,1.569,280.0,46.9269,0.2152,0.3541,245,476,314,576,168.6939
12,36.6729,2,599.8982,348.7119,4939.0,147.0,71.924,0.5715,1.2947,324.0,42.1687,0.1513,0.2628,476,707,314,576,168.6939
12,36.6729,3,855.0714,546.6071,56.0,0.0,,,,,,,,707,938,314,576,168.6939
12,37.0804,1,320.7146,367.1807,5473.0,400.0,118.7455,0.9591,2.2067,296.0,57.0174,0.3188,0.4835,245,476,314,576,168.6939
12,37.0804,2,588.6471,361.3709,6004.0,70.0,137.8824,0.5582,2.4955,310.0,48.5577,0.4217,0.5933,476,707,314,576,168.6939
12,37.0804,3,925.3369,401.3885,834.0,0.0,28.2507,0.8377,1.1224,383.0,23.8366,0.0,0.0,707,938,314,576,168.6939
12,37.4878,1,345.0627,359.6389,7564.0,1170.0,167.5204,0.8556,2.9146,285.0,63.2979,0.3534,0.5222,245,476,314,576,168.6939
12,37.4878,2,573.9968,352.1496,6209.0,237.0,146.862,0.4877,2.7031,307.0,34.895,0.6323,0.7747,476,707,314,576,168.6939
12,37.4878,3,881.5229,372.396,6210.0,25.0,151.3133,0.5927,3.6594,314.0,56.1972,0.1233,0.2195,707,938,314,576,168.6939
12,37.8953,1,352.7626,355.2598,5046.0,475.0,103.176,0.9481,1.7527,298.0,64.5775,0.4241,0.5956,245,476,314,576,168.6939
12,37.8953,2,568.3168,350.8694,5489.0,246.0,124.5498,0.5223,2.2262,306.0,26.3819,0.7588,0.8629,476,707,314,576,168.6939
12,37.8953,3,833.8938,368.0813,5661.0,162.0,130.0506,0.8243,2.4016,308.0,58.0552,0.0966,0.1762,707,938,314,576,168.6939
12,38.3028,1,333.0272,341.8274,6182.0,1166.0,167.2832,0.5633,3.5741,293.0,57.5817,0.373,0.5433,245,476,314,576,168.6939
12,38.3028,2,558.1322,346.8153,4802.0,245.0,116.3405,0.4271,2.4489,306.0,34.5021,0.6907,0.817,476,707,314,576,168.6939
12,38.3028,3,806.9403,374.4747,6164.0,91.0,145.9771,0.594,2.9238,326.0,60.4149,0.2367,0.3827,707,938,314,576,168.6939
12,38.7103,1,317.5515,344.8029,6932.0,1136.0,178.4058,0.5352,3.7385,278.0,44.3519,0.4967,0.6637,245,476,314,576,168.6939
12,38.7103,2,559.6554,346.6275,4542.0,282.0,111.2102,0.486,2.3443,307.0,25.7875,0.7832,0.8784,476,707,314,576,168.6939
12,38.7103,3,785.2207,357.0283,5061.0,806.0,107.9514,0.7194,2.3262,323.0,48.7972,0.4721,0.6414,707,938,314,576,168.6939
12,39.1178,1,311.6907,357.4146,6350.0,746.0,146.5555,0.7344,2.9355,294.0,56.2596,0.4256,0.597,245,476,314,576,168.6939
12,39.1178,2,558.1148,353.5043,2074.0,0.0,53.262,0.543,1.4797,327.0,52.1328,0.3434,0.5112,476,707,314,576,168.6939
12,39.1178,3,777.6489,392.3095,4811.0,152.0,117.1174,0.9718,2.7274,325.0,67.7168,0.2584,0.4107,707,938,314,576,168.6939
12,39.5252,1,298.9762,385.1261,7492.0,512.0,155.1081,0.9996,2.5823,297.0,61.248,0.3098,0.4731,245,476,314,576,168.6939
12,39.5252,2,553.3848,352.395,686.0,0.0,24.2984,0.6369,1.1258,342.0,49.0631,0.2294,0.3732,476,707,314,576,168.6939
12,39.5252,3,782.7962,393.2907,5514.0,0.0,118.9027,0.9733,2.1633,322.0,48.532,0.4895,0.6572,707,938,314,576,168.6939
12,39.9327,1,308.5648,379.7423,5414.0,133.0,133.387,0.9479,2.6868,308.0,45.2555,0.4441,0.6151,245,476,314,576,168.6939
12,39.9327,2,586.3206,318.5811,783.0,239.0,,,,,51.078,0.0,0.0,476,707,314,576,168.6939
12,39.9327,3,776.8198,357.135,2741.0,0.0,75.3673,0.9407,1.7276,320.0,57.6432,0.4042,0.5757,707,938,314,576,168.6939
12,40.3402,1,332.7759,343.9462,5225.0,1117.0,114.7112,0.8269,2.3162,300.0,49.5634,0.3698,0.5399,245,476,314,576,168.6939
12,40.3402,2,608.168,330.4956,4441.0,525.0,140.589,0.237,3.7785,304.0,76.5735,0.08,0.1482,476,707,314,576,168.6939
12,40.3402,3,779.6873,392.419,5583.0,0.0,114.1168,0.9794,1.8439,334.0,60.9864,0.3608,0.5303,707,938,314,576,168.6939
12,40.7477,1,370.1434,349.4286,5684.0,630.0,140.2513,0.7171,2.7163,293.0,74.5355,0.1065,0.1925,245,476,314,576,168.6939
12,40.7477,2,631.7748,329.15,5368.0,997.0,140.5332,0.1941,3.3223,298.0,46.6684,0.5196,0.6839,476,707,314,576,168.6939
12,40.7477,3,790.9676,385.6726,5305.0,0.0,87.194,0.8944,1.3226,326.0,50.8766,0.4481,0.6188,707,938,314,576,168.6939
12,41.1551,1,374.5931,364.1963,6770.0,592.0,140.0797,0.7857,2.4128,293.0,46.6523,0.4617,0.6318,245,476,314,576,168.6939
12,41.1551,2,638.2317,339.051,5023.0,71.0,128.0944,0.2051,2.9622,310.0,54.9462,0.4289,0.6003,476,707,314,576,168.6939
12,41.1551,3,817.1052,383.4558,3499.0,0.0,82.6939,0.4657,1.8765,350.0,69.2531,0.1403,0.246,707,938,314,576,168.6939
12,41.5626,1,379.009,370.427,5969.0,404.0,146.0281,0.7738,3.2082,300.0,38.911,0.5564,0.715,245,476,314,576,168.6939
12,41.5626,2,645.2992,341.8176,4967.0,85.0,101.8864,0.2976,1.9745,312.0,36.3183,0.6305,0.7734,476,707,314,576,168.6939
12,41.5626,3,853.7181,415.8388,4480.0,0.0,78.1764,0.6223,1.542,370.0,69.0155,0.0,0.0,707,938,314,576,168.6939
12,41.9701,1,386.0618,382.4982,5777.0,490.0,129.4582,0.9165,2.8626,315.0,49.6796,0.3268,0.4926,245,476,314,576,168.6939
12,41.9701,2,646.268,345.0086,5029.0,83.0,101.8463,0.3933,1.9619,312.0,30.458,0.7172,0.8353,476,707,314,576,168.6939
12,41.9701,3,880.8432,385.3656,6053.0,398.0,110.7824,0.9993,2.0142,322.0,37.307,0.2907,0.4504,707,938,314,576,168.6939
12,42.3776,1,380.4602,354.133,4933.0,485.0,119.2318,0.8383,2.5157,310.0,54.5979,0.2327,0.3776,245,476,314,576,168.6939
12,42.3776,2,661.5653,339.2463,3264.0,28.0,78.6194,0.261,1.8191,313.0,36.2677,0.5881,0.7406,476,707,314,576,168.6939
12,42.3776,3,870.7988,389.0943,5905.0,270.0,116.3041,0.9782,2.2306,324.0,31.0139,0.471,0.6404,707,938,314,576,168.6939
12,42.785,1,325.8041,332.7338,7329.0,1958.0,181.3733,0.454,3.6106,284.0,68.7846,0.2139,0.3525,245,476,314,576,168.6939
12,42.785,2,666.2537,348.5971,2554.0,0.0,61.678,0.572,1.5713,315.0,52.1506,0.3813,0.5521,476,707,314,576,168.6939
12,42.785,3,851.3785,394.1482,6222.0,0.0,137.9131,0.7961,2.6363,327.0,46.8626,0.2524,0.4031,707,938,314,576,168.6939
12,43.1925,1,308.2013,349.4573,7708.0,1420.0,174.5223,0.7183,2.965,276.0,71.0085,0.2993,0.4607,245,476,314,576,168.6939
12,43.1925,2,667.251,352.2892,2725.0,0.0,59.8558,0.5906,1.4283,318.0,33.1974,0.5563,0.7149,476,707,314,576,168.6939
12,43.1925,3,803.703,357.9971,5912.0,837.0,142.5907,0.8394,2.5527,290.0,52.444,0.2042,0.3392,707,938,314,576,168.6939
12,43.6,1,301.1157,375.9463,7597.0,541.0,153.1246,0.9146,2.4115,296.0,59.518,0.3701,0.5402,245,476,314,576,168.6939
12,43.6,2,658.4031,354.481,3270.0,0.0,72.2692,0.5515,1.8183,314.0,38.7396,0.5127,0.6779,476,707,314,576,168.6939
12,43.6,3,786.427,369.0159,5028.0,413.0,105.3482,0.7354,2.066,324.0,58.8105,0.2705,0.4258,707,938,314,576,168.6939
12,44.0075,1,292.3401,369.9739,8528.0,1096.0,157.256,0.9351,2.3952,287.0,44.7798,0.5221,0.686,245,476,314,576,168.6939
12,44.0075,2,652.7888,350.4384,4247.0,163.0,87.0162,0.5304,1.8943,307.0,38.6125,0.5007,0.6673,476,707,314,576,168.6939
12,44.0075,3,788.4901,365.2082,4293.0,521.0,84.496,1.0,2.2462,316.0,50.6581,0.2411,0.3886,707,938,314,576,168.6939
12,44.415,1,284.6941,367.8943,8667.0,1368.0,149.7958,0.9683,2.2806,284.0,48.2872,0.4452,0.6161,245,476,314,576,168.6939
12,44.415,2,653.3904,354.2439,4337.0,114.0,84.1748,0.5509,1.736,309.0,28.4448,0.6039,0.753,476,707,314,576,168.6939
12,44.415,3,839.1195,343.6223,6809.0,769.0,153.9876,0.4587,2.9031,300.0,58.7991,0.1578,0.2726,707,938,314,576,168.6939
12,44.8224,1,313.7335,338.5418,8228.0,2608.0,157.0533,0.9266,2.4582,256.0,58.0143,0.2901,0.4497,245,476,314,576,168.6939
12,44.8224,2,650.1092,357.8858,5202.0,254.0,109.3716,0.5745,2.216,300.0,34.7926,0.5594,0.7175,476,707,314,576,168.6939
12,44.8224,3,864.4471,343.3453,8805.0,1523.0,170.1202,0.5263,2.7134,288.0,50.3427,0.4173,0.5888,707,938,314,576,168.6939
12,45.2299,1,337.8559,342.4462,11407.0,3830.0,193.3089,0.8725,3.0184,288.0,56.1007,0.2748,0.4311,245,476,314,576,168.6939
12,45.2299,2,641.0385,379.1176,6022.0,233.0,106.9064,0.7865,2.1439,300.0,40.3664,0.4058,0.5773,476,707,314,576,168.6939
12,45.2299,3,867.2229,359.3111,8223.0,562.0,166.777,0.5376,2.7971,303.0,38.5943,0.4975,0.6644,707,938,314,576,168.6939
12,45.6374,1,368.2561,342.936,9925.0,3000.0,171.6714,0.7172,3.1248,276.0,53.2535,0.2587,0.4111,245,476,314,576,168.6939
12,45.6374,2,649.7749,381.9544,4518.0,0.0,103.0682,0.6993,2.3476,322.0,32.4248,0.4307,0.6021,476,707,314,576,168.6939
12,45.6374,3,894.0783,339.1955,5418.0,796.0,101.6307,0.6538,1.6048,301.0,50.6651,0.4793,0.648,707,938,314,576,168.6939
12,46.0449,1,395.6458,361.7593,7265.0,1361.0,155.4007,0.9083,2.7664,273.0,58.8141,0.1701,0.2908,245,476,314,576,168.6939
12,46.0449,2,687.8903,344.596,3802.0,931.0,129.0559,0.9844,3.1401,275.0,38.927,0.3476,0.5159,476,707,314,576,168.6939
12,46.0449,3,895.858,349.2859,5599.0,481.0,102.9844,0.687,1.591,301.0,22.7935,0.7222,0.8387,707,938,314,576,168.6939
12,46.4523,1,393.9855,342.7901,6688.0,1575.0,156.6874,0.7952,3.0582,282.0,42.3796,0.1957,0.3274,245,476,314,576,168.6939
12,46.4523,2,679.8352,374.9938,5347.0,313.0,131.7395,0.9675,2.7325,308.0,46.3362,0.4874,0.6554,476,707,314,576,168.6939
12,46.4523,3,898.3774,346.2271,5618.0,647.0,100.9714,0.7631,1.5775,302.0,21.9911,0.7434,0.8528,707,938,314,576,168.6939
12,46.8598,1,329.7107,327.4285,11425.0,4738.0,175.1401,0.9469,2.4428,251.0,60.9752,0.0337,0.0651,245,476,314,576,168.6939
12,46.8598,2,661.6227,350.3632,5325.0,970.0,130.8852,0.8936,2.657,291.0,60.067,0.2951,0.4558,476,707,314,576,168.6939
12,46.8598,3,898.4535,359.029,5475.0,262.0,110.2309,0.7498,1.8836,300.0,28.9471,0.6679,0.8009,707,938,314,576,168.6939
12,47.2673,1,283.8976,353.7077,8880.0,2038.0,154.2387,0.9997,2.1835,282.0,61.1044,0.1116,0.2007,245,476,314,576,168.6939
12,47.2673,2,640.0514,355.5939,6823.0,1417.0,153.5358,0.9896,2.7922,275.0,62.8817,0.2858,0.4445,476,707,314,576,168.6939
12,47.2673,3,887.5607,372.0639,6385.0,192.0,119.5896,0.7352,2.0401,304.0,32.2977,0.6445,0.7838,707,938,314,576,168.6939
12,47.6748,1,295.8163,365.9183,9741.0,2077.0,193.8281,0.9132,3.0358,263.0,40.9821,0.3638,0.5335,245,476,314,576,168.6939
12,47.6748,2,619.3398,384.3508,7577.0,363.0,148.3534,0.9851,2.3539,303.0,58.4155,0.328,0.494,476,707,314,576,168.6939
12,47.6748,3,896.3281,372.3926,5971.0,115.0,115.9526,0.7611,1.8578,309.0,29.7986,0.6802,0.8096,707,938,314,576,168.6939
12,48.0822,1,320.7884,387.0058,10447.0,863.0,181.618,0.9401,2.6971,298.0,70.6358,0.212,0.3498,245,476,314,576,168.6939
12,48.0822,2,626.5231,343.8114,7302.0,1491.0,162.2179,0.5792,3.0129,292.0,58.8927,0.3078,0.4707,476,707,314,576,168.6939
12,48.0822,3,892.3503,371.2797,5809.0,206.0,86.5643,0.515,1.3739,309.0,54.045,0.3441,0.5121,707,938,314,576,168.6939
12,48.4897,1,346.8645,351.4846,9268.0,2436.0,162.3215,0.8893,2.7358,275.0,52.4402,0.3468,0.515,245,476,314,576,168.6939
12,48.4897,2,644.7677,348.0448,6065.0,275.0,118.9328,0.3993,2.0808,304.0,63.4611,0.3514,0.5201,476,707,314,576,168.6939
12,48.4897,3,900.0096,357.2636,4158.0,372.0,95.5839,0.7,2.0931,331.0,48.7215,0.2637,0.4174,707,938,314,576,168.6939
12,48.8972,1,361.4239,347.7502,8344.0,2227.0,151.3204,0.7621,2.7519,275.0,35.4031,0.4408,0.6119,245,476,314,576,168.6939
12,48.8972,2,653.1981,354.5129,5401.0,150.0,92.3985,0.4776,1.5285,308.0,39.9721,0.4837,0.652,476,707,314,576,168.6939
12,48.8972,3,909.6022,427.8749,4701.0,0.0,117.743,0.9615,2.4039,370.0,64.3497,0.0874,0.1607,707,938,314,576,168.6939
12,49.3047,1,371.1326,362.1891,9499.0,1205.0,188.2125,0.5939,2.9037,286.0,37.3258,0.3298,0.496,245,476,314,576,168.6939
12,49.3047,2,655.5037,353.1041,4995.0,231.0,90.5693,0.6109,1.6591,306.0,31.8823,0.6145,0.7613,476,707,314,576,168.6939
12,49.3047,3,898.9659,367.2345,11942.0,2775.0,179.9719,0.9992,2.4201,255.0,64.5548,0.1567,0.271,707,938,314,576,168.6939
12,49.7121,1,377.9155,356.8819,7546.0,902.0,166.1678,0.7427,2.8056,296.0,48.7329,0.1704,0.2912,245,476,314,576,168.6939
12,49.7121,2,661.8528,359.1998,4965.0,193.0,97.2647,0.7407,1.8759,302.0,38.953,0.5199,0.6841,476,707,314,576,168.6939
12,49.7121,3,873.353,392.0003,12990.0,1406.0,192.7016,0.9559,2.3926,275.0,55.6754,0.2662,0.4205,707,938,314,576,168.6939
12,50.1196,1,323.3326,326.8215,7260.0,2533.0,155.533,0.7733,2.5419,259.0,55.1198,0.2041,0.3391,245,476,314,576,168.6939
12,50.1196,2,669.3594,363.2356,4062.0,39.0,84.9995,0.712,1.6793,316.0,41.9764,0.5078,0.6735,476,707,314,576,168.6939
12,50.1196,3,857.994,403.2598,8528.0,341.0,166.1289,0.9259,2.8095,303.0,52.497,0.375,0.5455,707,938,314,576,168.6939
12,50.5271,1,292.1708,374.686,9692.0,1279.0,157.4136,0.8655,2.3745,304.0,79.0783,0.0729,0.1359,245,476,314,576,168.6939
12,50.5271,2,681.5874,355.1441,2533.0,79.0,70.0406,0.9321,1.809,308.0,51.573,0.4546,0.625,476,707,314,576,168.6939
12,50.5271,3,829.9949,358.4619,7643.0,1721.0,169.9068,0.9391,3.4859,263.0,57.7745,0.2687,0.4236,707,938,314,576,168.6939
12,50.9346,1,289.1285,374.6153,10054.0,1521.0,164.0857,0.9987,2.2389,279.0,43.4832,0.5082,0.674,245,476,314,576,168.6939
12,50.9346,2,676.6026,364.0093,2584.0,155.0,59.4458,0.9856,1.9919,314.0,37.687,0.501,0.6676,476,707,314,576,168.6939
12,50.9346,3,813.7395,382.916,7402.0,440.0,172.4382,0.814,3.7158,301.0,63.6071,0.2038,0.3386,707,938,314,576,168.6939
12,51.3421,1,293.1522,337.6101,9184.0,3003.0,158.9193,0.9764,2.4786,256.0,46.0108,0.4769,0.6458,245,476,314,576,168.6939
12,51.3421,2,683.4621,366.1301,2560.0,0.0,68.3395,0.9972,2.1446,314.0,30.0137,0.4967,0.6637,476,707,314,576,168.6939
12,51.3421,3,788.6241,370.0613,8027.0,1435.0,179.7122,0.9358,3.1283,270.0,67.7323,0.3028,0.4648,707,938,314,576,168.6939
12,51.7495,1,304.5094,375.9586,10065.0,1537.0,186.5422,1.0,2.6916,283.0,47.4513,0.4602,0.6304,245,476,314,576,168.6939
12,51.7495,2,677.9848,334.1416,2831.0,292.0,68.7531,0.7841,1.4281,313.0,26.6646,0.3739,0.5442,476,707,314,576,168.6939
12,51.7495,3,789.1934,394.3114,8336.0,574.0,122.8719,0.9475,1.7719,325.0,49.4758,0.5089,0.6746,707,938,314,576,168.6939
12,52.157,1,308.8945,345.2117,10952.0,3693.0,177.4146,0.9726,2.5986,261.0,36.3959,0.5143,0.6793,245,476,314,576,168.6939
12,52.157,2,668.6557,337.0655,4150.0,378.0,91.3569,0.388,1.6675,305.0,20.7593,0.5859,0.7389,476,707,314,576,168.6939
12,52.157,3,799.9696,401.9656,10212.0,238.0,148.6268,0.9489,1.7511,314.0,55.2876,0.4429,0.6139,707,938,314,576,168.6939
12,52.5645,1,299.359,342.5512,6830.0,1744.0,109.8077,0.9498,1.6234,283.0,43.7081,0.3947,0.566,245,476,314,576,168.6939
12,52.5645,2,654.5872,347.4435,5261.0,415.0,94.8542,0.686,1.4798,305.0,26.588,0.4638,0.6337,476,707,314,576,168.6939
12,52.5645,3,812.15,373.9334,9840.0,1417.0,154.9888,0.9964,1.8707,270.0,44.7505,0.3852,0.5562,707,938,314,576,168.6939
12,52.972,1,305.1141,340.9342,9192.0,2137.0,168.5453,0.6135,2.5856,276.0,42.4978,0.3984,0.5698,245,476,314,576,168.6939
12,52.972,2,639.4181,355.6407,5439.0,494.0,99.8935,0.953,1.6685,298.0,36.1108,0.4259,0.5974,476,707,314,576,168.6939
12,52.972,3,820.7979,403.5283,11117.0,78.0,183.2983,0.9141,2.4443,313.0,45.5351,0.4154,0.587,707,938,314,576,168.6939
12,53.3794,1,311.389,366.1538,12796.0,2365.0,165.0072,0.9573,1.9923,277.0,58.069,0.3798,0.5505,245,476,314,576,168.6939
12,53.3794,2,630.7423,363.4283,5828.0,419.0,103.2479,0.9829,1.6734,301.0,35.8505,0.5513,0.7107,476,707,314,576,168.6939
12,53.3794,3,819.3615,394.6224,10371.0,613.0,161.4733,0.8622,2.3175,293.0,35.1108,0.5217,0.6857,707,938,314,576,168.6939
12,53.7869,1,303.6116,386.613,15213.0,2251.0,168.9862,1.0,1.6006,280.0,26.9685,0.5026,0.669,245,476,314,576,168.6939
12,53.7869,2,629.3176,367.4141,5972.0,405.0,103.407,0.9852,1.6892,300.0,20.9485,0.7325,0.8456,476,707,314,576,168.6939
12,53.7869,3,795.5003,368.5436,10507.0,1564.0,165.2885,0.9484,2.1144,277.0,40.784,0.4604,0.6305,707,938,314,576,168.6939
12,54.1944,1,304.5592,388.9565,14661.0,2444.0,164.2766,0.9923,1.6815,266.0,23.9718,0.643,0.7827,245,476,314,576,168.6939
12,54.1944,2,629.3844,381.2689,7039.0,155.0,108.4113,0.9966,1.676,308.0,31.3676,0.5532,0.7123,476,707,314,576,168.6939
12,54.1944,3,786.2849,392.147,8370.0,638.0,126.3637,0.931,2.0843,330.0,60.439,0.3421,0.5098,707,938,314,576,168.6939
12,54.6019,1,300.8251,387.1498,13354.0,1309.0,171.8564,0.9752,1.9082,301.0,40.3107,0.4374,0.6086,245,476,314,576,168.6939
12,54.6019,2,629.5957,357.2824,6431.0,702.0,112.4105,0.921,1.8072,292.0,31.9295,0.5403,0.7016,476,707,314,576,168.6939
12,54.6019,3,773.1442,398.3595,6642.0,1041.0,100.4097,0.986,2.1868,340.0,41.4664,0.4693,0.6388,707,938,314,576,168.6939
12,55.0093,1,321.8607,392.8109,12090.0,1361.0,177.8286,0.6575,2.9917,285.0,53.0371,0.2692,0.4242,245,476,314,576,168.6939
12,55.0093,2,635.6497,371.453,6378.0,52.0,140.6218,0.5731,2.7716,313.0,39.8552,0.3544,0.5234,476,707,314,576,168.6939
12,55.0093,3,778.8278,408.4924,8294.0,330.0,151.9448,0.9873,2.724,328.0,47.2449,0.4966,0.6636,707,938,314,576,168.6939
12,55.4168,1,386.8495,355.7002,7204.0,1223.0,149.7773,0.7512,2.6437,282.0,60.8597,0.0315,0.0611,245,476,314,576,168.6939
12,55.4168,2,649.3461,373.73,7260.0,412.0,110.1019,0.9263,1.6306,311.0,43.2483,0.3909,0.5621,476,707,314,576,168.6939
12,55.4168,3,778.8706,384.1048,7416.0,1130.0,122.1536,0.9761,2.4186,309.0,41.6889,0.5094,0.675,707,938,314,576,168.6939
12,55.8243,1,388.2844,388.3359,5386.0,317.0,106.8379,0.7843,2.617,340.0,41.1147,0.2352,0.3808,245,476,314,576,168.6939
12,55.8243,2,670.2733,361.8754,4840.0,101.0,83.0123,0.9282,1.3944,313.0,35.29,0.36,0.5294,476,707,314,576,168.6939
12,55.8243,3,785.9545,403.4595,8566.0,440.0,126.3142,0.9256,1.7939,324.0,45.341,0.4899,0.6576,707,938,314,576,168.6939
12,56.2318,1,400.7099,361.7427,6470.0,1172.0,160.4928,0.825,3.6134,282.0,32.1247,0.4257,0.5972,245,476,314,576,168.6939
12,56.2318,2,651.7642,335.2472,4123.0,455.0,112.8014,0.3045,2.564,302.0,26.3002,0.4316,0.6029,476,707,314,576,168.6939
12,56.2318,3,778.2242,385.4276,7758.0,834.0,154.4627,0.9871,2.7883,287.0,40.9447,0.5539,0.7129,707,938,314,576,168.6939
12,56.6392,1,407.0853,353.8524,6573.0,1420.0,109.313,0.9774,1.949,301.0,32.4404,0.3211,0.4861,245,476,314,576,168.6939
12,56.6392,2,617.389,332.7778,5941.0,529.0,145.4662,0.1488,3.1747,303.0,32.1521,0.3754,0.5459,476,707,314,576,168.6939
12,56.6392,3,777.3846,384.6801,8061.0,1249.0,177.9986,0.9996,3.8119,277.0,34.3303,0.6,0.75,707,938,314,576,168.6939
12,57.0467,1,370.1721,335.6006,7564.0,1853.0,175.6385,0.5511,3.4179,287.0,40.4578,0.1873,0.3155,245,476,314,576,168.6939
12,57.0467,2,596.8625,336.3374,6645.0,466.0,164.607,0.2023,3.341,304.0,29.2041,0.4793,0.648,476,707,314,576,168.6939
12,57.0467,3,786.4711,405.4467,8774.0,388.0,144.5755,0.9994,2.5505,298.0,53.1938,0.3628,0.5325,707,938,314,576,168.6939
12,57.4542,1,325.421,338.7932,7350.0,1922.0,118.3051,0.8291,1.8779,283.0,44.5413,0.2486,0.3981,245,476,314,576,168.6939
12,57.4542,2,573.7401,343.4807,7048.0,728.0,135.6798,0.3468,2.3304,299.0,42.0353,0.467,0.6367,476,707,314,576,168.6939
12,57.4542,3,805.9828,374.3853,9036.0,1632.0,165.5979,0.9999,2.8249,269.0,48.854,0.2924,0.4524,707,938,314,576,168.6939
12,57.8617,1,349.3967,325.3007,10290.0,4254.0,175.3724,0.9707,2.7101,241.0,43.4995,0.3376,0.5048,245,476,314,576,168.6939
12,57.8617,2,556.7966,342.61,6830.0,1004.0,118.7618,0.551,1.8745,291.0,38.5841,0.5219,0.6858,476,707,314,576,168.6939
12,57.8617,3,817.1677,402.8528,9182.0,462.0,169.5168,0.9883,2.8505,299.0,41.0291,0.4365,0.6078,707,938,314,576,168.6939
12,58.2692,1,377.1305,358.759,11442.0,3414.0,195.8785,0.9762,3.0663,246.0,53.0241,0.1898,0.319,245,476,314,576,168.6939
12,58.2692,2,557.4744,352.397,7232.0,891.0,125.6363,0.6877,1.9267,292.0,33.3546,0.6053,0.7541,476,707,314,576,168.6939
12,58.2692,3,811.3135,359.0028,8572.0,2014.0,170.4021,0.9409,3.0214,262.0,34.9542,0.4424,0.6134,707,938,314,576,168.6939
12,58.6766,1,393.7191,374.0551,9769.0,2006.0,203.9828,0.92,3.6452,270.0,53.9432,0.2694,0.4244,245,476,314,576,168.6939
12,58.6766,2,559.246,351.3052,7422.0,927.0,133.9273,0.6775,1.9394,290.0,18.4818,0.7871,0.8809,476,707,314,576,168.6939
12,58.6766,3,813.3817,387.8166,9382.0,537.0,186.2726,0.8576,3.129,301.0,51.8975,0.3914,0.5625,707,938,314,576,168.6939
12,59.0841,1,391.4909,391.8866,11158.0,1893.0,184.0752,0.9895,2.7844,279.0,31.7798,0.3945,0.5658,245,476,314,576,168.6939
12,59.0841,2,561.5238,366.1773,7486.0,557.0,126.1206,0.6892,2.1374,307.0,32.3239,0.562,0.7196,476,707,314,576,168.6939
12,59.0841,3,799.8473,391.6999,7933.0,523.0,150.0683,0.895,2.6445,297.0,55.2919,0.3617,0.5312,707,938,314,576,168.6939
12,59.4916,1,380.8,335.1924,9818.0,3361.0,177.4349,0.8752,3.015,262.0,43.0894,0.2415,0.389,245,476,314,576,168.6939
12,59.4916,2,553.1895,368.2941,6661.0,467.0,99.9709,0.7826,1.6002,310.0,36.461,0.4887,0.6565,476,707,314,576,168.6939
12,59.4916,3,777.6276,384.948,8153.0,1369.0,182.8714,0.9959,3.3013,275.0,59.7223,0.3471,0.5154,707,938,314,576,168.6939
12,59.8991,1,346.8828,341.222,10012.0,2941.0,163.5878,0.8065,2.6396,284.0,52.1843,0.2884,0.4477,245,476,314,576,168.6939
12,59.8991,2,552.4176,365.3076,6684.0,394.0,102.0779,0.7285,1.7026,311.0,22.4667,0.705,0.827,476,707,314,576,168.6939
12,59.8991,3,778.619,422.6535,9754.0,190.0,155.3626,0.9987,2.4262,330.0,38.9932,0.4604,0.6305,707,938,314,576,168.6939
12,60.3065,1,327.3987,371.3486,9942.0,1393.0,168.0246,0.9185,2.6093,286.0,63.6146,0.2904,0.4501,245,476,314,576,168.6939
12,60.3065,2,562.5116,361.6523,7570.0,914.0,131.51,0.6915,2.3621,311.0,38.2655,0.5312,0.6938,476,707,314,576,168.6939
12,60.3065,3,782.7126,395.8256,8935.0,1281.0,124.1936,0.9879,2.0058,314.0,42.1576,0.4301,0.6015,707,938,314,576,168.6939
12,60.714,1,316.1272,358.2644,10440.0,2830.0,174.519,0.907,2.9577,263.0,51.875,0.2353,0.3809,245,476,314,576,168.6939
12,60.714,2,571.8971,377.2074,7831.0,285.0,155.519,0.7256,2.8352,310.0,36.612,0.5607,0.7185,476,707,314,576,168.6939
12,60.714,3,788.04,407.1765,10183.0,506.0,157.1933,0.9756,2.2524,300.0,40.5035,0.5981,0.7485,707,938,314,576,168.6939
12,61.1215,1,338.3675,342.6679,11005.0,4001.0,187.7683,0.9982,3.2085,256.0,41.4607,0.3772,0.5477,245,476,314,576,168.6939
12,61.1215,2,587.7489,383.4444,8727.0,337.0,149.1658,0.8664,2.3077,306.0,40.3538,0.5206,0.6847,476,707,314,576,168.6939
12,61.1215,3,803.2995,401.3795,9006.0,580.0,148.4098,0.866,2.241,295.0,40.4866,0.4529,0.6235,707,938,314,576,168.6939
12,61.529,1,350.4213,386.8953,12611.0,2700.0,202.3707,0.9847,3.2759,273.0,48.1904,0.333,0.4997,245,476,314,576,168.6939
12,61.529,2,582.797,363.9447,8516.0,680.0,161.0592,0.6221,2.4908,296.0,39.4051,0.543,0.7038,476,707,314,576,168.6939
12,61.529,3,775.3911,366.7452,6331.0,1093.0,148.9258,0.9933,2.8345,282.0,41.5352,0.4517,0.6223,707,938,314,576,168.6939
12,61.9364,1,358.358,399.2006,11138.0,1715.0,184.077,0.9549,3.1437,287.0,35.4722,0.496,0.6631,245,476,314,576,168.6939
12,61.9364,2,583.6345,365.104,8664.0,524.0,147.6057,0.6075,2.3492,311.0,24.7627,0.627,0.7708,476,707,314,576,168.6939
12,61.9364,3,785.9482,399.5347,7817.0,294.0,158.5802,0.9873,3.0023,301.0,46.3514,0.354,0.5229,707,938,314,576,168.6939
12,62.3439,1,372.1458,339.4073,10191.0,3692.0,172.0077,0.9998,2.8867,253.0,35.263,0.3715,0.5417,245,476,314,576,168.6939
12,62.3439,2,594.0898,368.1058,7881.0,776.0,136.5088,0.9549,2.0227,289.0,35.4827,0.4734,0.6426,476,707,314,576,168.6939
12,62.3439,3,810.1969,368.5325,8930.0,1877.0,173.36,0.9472,3.2622,264.0,51.1543,0.2071,0.3431,707,938,314,576,168.6939
12,62.7514,1,352.5858,355.5031,9467.0,1911.0,173.9759,0.8249,2.6704,281.0,51.6398,0.1969,0.329,245,476,314,576,168.6939
12,62.7514,2,606.3515,393.245,8241.0,375.0,145.1476,0.998,2.389,303.0,38.5468,0.4451,0.6161,476,707,314,576,168.6939
12,62.7514,3,831.6251,392.968,10005.0,853.0,185.9091,0.9465,3.0879,288.0,59.3853,0.201,0.3347,707,938,314,576,168.6939
12,63.1589,1,342.9823,350.5404,10642.0,3027.0,187.4993,0.9048,3.1973,264.0,52.3417,0.2499,0.3999,245,476,314,576,168.6939
12,63.1589,2,614.8937,402.5627,8200.0,52.0,150.3772,0.9759,2.4666,313.0,40.7111,0.4985,0.6653,476,707,314,576,168.6939
12,63.1589,3,864.5747,382.8327,11129.0,1901.0,190.7149,0.9439,3.1173,275.0,59.7706,0.2259,0.3686,707,938,314,576,168.6939
12,63.5664,1,359.9952,385.8183,10636.0,1810.0,175.0013,0.9077,2.9103,273.0,47.6691,0.2616,0.4147,245,476,314,576,168.6939
12,63.5664,2,606.6793,364.1364,6942.0,742.0,154.7939,0.8367,3.001,294.0,42.7956,0.4937,0.6611,476,707,314,576,168.6939
12,63.5664,3,887.2483,380.8973,10467.0,1656.0,187.9352,0.9458,2.9987,277.0,48.7001,0.3484,0.5168,707,938,314,576,168.6939
12,63.9738,1,373.2899,369.3977,8997.0,1277.0,146.6191,0.9741,2.3198,304.0,47.318,0.2353,0.381,245,476,314,576,168.6939
12,63.9738,2,589.3714,369.884,3724.0,0.0,71.128,0.9749,1.3599,329.0,53.1883,0.2398,0.3868,476,707,314,576,168.6939
12,63.9738,3,881.7856,415.2828,9207.0,143.0,180.0964,0.8907,2.9914,306.0,45.1883,0.4126,0.5841,707,938,314,576,168.6939
12,64.3813,1,350.346,333.6862,7925.0,2418.0,165.0272,0.6873,3.0803,283.0,46.4317,0.3702,0.5404,245,476,314,576,168.6939
12,64.3813,2,600.9191,343.8671,6777.0,1384.0,122.325,0.8401,2.0782,278.0,47.0172,0.2602,0.4129,476,707,314,576,168.6939
12,64.3813,3,905.3723,393.5477,5976.0,480.0,142.9343,0.971,3.044,289.0,50.5629,0.3498,0.5183,707,938,314,576,168.6939
12,64.7888,1,325.5401,341.6199,7748.0,1449.0,151.3264,0.5833,2.5145,289.0,47.8391,0.3709,0.5411,245,476,314,576,168.6939
12,64.7888,2,635.0493,367.8872,7286.0,933.0,171.7455,0.8449,3.3026,293.0,63.482,0.1538,0.2667,476,707,314,576,168.6939
12,64.7888,3,898.9333,431.3178,5126.0,15.0,131.5312,0.9923,3.7034,334.0,46.4646,0.2998,0.4614,707,938,314,576,168.6939
12,65.1963,1,313.3856,355.0278,7746.0,973.0,156.2999,0.6746,2.448,288.0,54.6032,0.4199,0.5915,245,476,314,576,168.6939
12,65.1963,2,642.6796,367.1965,6935.0,716.0,148.4415,0.7476,2.9019,289.0,44.8126,0.4865,0.6545,476,707,314,576,168.6939
12,65.1963,3,923.1275,373.0109,4595.0,656.0,154.095,0.999,4.7213,278.0,39.1597,0.3377,0.5049,707,938,314,576,168.6939
12,65.6037,1,292.9036,356.6525,5569.0,774.0,126.4369,0.9979,2.3139,292.0,69.3349,0.3129,0.4766,245,476,314,576,168.6939
12,65.6037,2,656.1699,368.8621,7180.0,1060.0,154.1352,0.8776,3.2009,276.0,48.3208,0.4598,0.63,476,707,314,576,168.6939
12,65.6037,3,915.2692,351.7457,5788.0,1330.0,146.2551,0.9992,3.2126,275.0,33.635,0.5439,0.7046,707,938,314,576,168.6939
12,66.0112,1,291.7414,362.3029,6374.0,806.0,135.975,0.9969,2.3475,287.0,27.2375,0.7499,0.8571,245,476,314,576,168.6939
12,66.0112,2,663.6044,395.5304,5002.0,0.0,109.4945,0.8535,2.4132,319.0,54.4023,0.2744,0.4306,476,707,314,576,168.6939
12,66.0112,3,894.244,386.6699,7332.0,303.0,153.0398,0.9575,2.4583,304.0,64.8268,0.2051,0.3404,707,938,314,576,168.6939
12,66.4187,1,295.5353,355.104,7204.0,1219.0,139.7289,0.9358,2.3219,283.0,37.747,0.6093,0.7573,245,476,314,576,168.6939
12,66.4187,2,683.8492,362.5869,2222.0,0.0,54.1042,0.8966,1.3233,322.0,49.2983,0.3574,0.5266,476,707,314,576,168.6939
12,66.4187,3,865.993,361.4602,7379.0,1227.0,162.3321,0.9111,3.14,278.0,66.0148,0.2778,0.4348,707,938,314,576,168.6939
12,66.8262,1,307.46,370.9355,8052.0,1112.0,161.048,1.0,2.6931,281.0,51.5873,0.4571,0.6274,245,476,314,576,168.6939
12,66.8262,2,689.2743,370.5363,1943.0,7.0,60.3907,0.998,2.215,313.0,40.6035,0.3593,0.5287,476,707,314,576,168.6939
12,66.8262,3,840.6057,386.8941,8696.0,955.0,172.4671,0.9606,3.4191,288.0,65.9698,0.1801,0.3052,707,938,314,576,168.6939
12,67.2336,1,315.9323,372.4559,8272.0,1084.0,170.3926,0.8901,3.1026,287.0,49.345,0.4338,0.6051,245,476,314,576,168.6939
12,67.2336,2,668.6271,343.2679,5181.0,1366.0,106.7261,0.786,1.9563,299.0,33.6929,0.2772,0.434,476,707,314,576,168.6939
12,67.2336,3,831.8754,412.2312,8875.0,124.0,157.7947,1.0,2.5988,310.0,40.6026,0.4174,0.5889,707,938,314,576,168.6939
12,67.6411,1,310.1067,353.2632,8649.0,1906.0,148.9017,0.9264,2.313,268.0,34.5948,0.5074,0.6732,245,476,314,576,168.6939
12,67.6411,2,663.4693,357.3333,5220.0,378.0,95.6538,0.9578,1.5944,309.0,32.4393,0.3326,0.4992,476,707,314,576,168.6939
12,67.6411,3,837.4054,362.7487,10006.0,2339.0,180.7762,0.9606,3.032,257.0,42.7863,0.3908,0.5619,707,938,314,576,168.6939
12,68.0486,1,291.0695,373.2316,9553.0,1041.0,144.8204,0.9897,2.0252,303.0,66.3635,0.3362,0.5032,245,476,314,576,168.6939
12,68.0486,2,651.2916,350.0425,5130.0,274.0,110.0517,0.6649,1.9549,313.0,24.8836,0.5057,0.6717,476,707,314,576,168.6939
12,68.0486,3,848.341,409.5902,10758.0,372.0,196.0447,0.9375,2.8851,300.0,61.3741,0.2298,0.3737,707,938,314,576,168.6939
12,68.4561,1,303.1679,338.3644,7166.0,1666.0,155.2697,0.6086,2.6649,291.0,56.5394,0.2982,0.4594,245,476,314,576,168.6939
12,68.4561,2,613.5231,331.6226,5148.0,570.0,137.0778,0.1977,2.9153,303.0,36.6168,0.3364,0.5034,476,707,314,576,168.6939
12,68.4561,3,867.8787,375.1938,9583.0,1478.0,174.6536,0.9726,2.8133,269.0,43.2601,0.4402,0.6113,707,938,314,576,168.6939
12,68.8635,1,343.9464,345.6371,7738.0,1017.0,182.7045,0.4673,3.3575,291.0,71.8732,0.196,0.3277,245,476,314,576,168.6939
12,68.8635,2,588.502,340.3028,6654.0,480.0,151.9517,0.2908,2.9222,303.0,44.0351,0.3815,0.5523,476,707,314,576,168.6939
12,68.8635,3,874.504,397.4436,13372.0,1588.0,192.5752,0.9226,2.5003,282.0,37.6844,0.4823,0.6508,707,938,314,576,168.6939
12,69.271,1,392.2541,357.5448,6601.0,716.0,145.2002,0.573,3.0834,305.0,73.4468,0.0396,0.0762,245,476,314,576,168.6939
12,69.271,2,567.9804,339.5901,6472.0,735.0,132.0557,0.3778,2.2153,298.0,35.3737,0.545,0.7055,476,707,314,576,168.6939
12,69.271,3,888.6977,397.1147,9196.0,414.0,163.9047,0.8864,2.5714,295.0,54.6937,0.3393,0.5067,707,938,314,576,168.6939
12,69.6785,1,398.6927,386.2623,7107.0,646.0,148.907,0.9103,3.2241,306.0,49.8207,0.2207,0.3615,245,476,314,576,168.6939
12,69.6785,2,567.5609,348.8026,7964.0,982.0,141.013,0.5432,2.1835,290.0,39.4005,0.6217,0.7667,476,707,314,576,168.6939
12,69.6785,3,911.1475,398.8109,9133.0,993.0,183.9581,0.9983,3.1285,279.0,48.4201,0.3921,0.5634,707,938,314,576,168.6939
12,70.086,1,411.0208,387.6591,5473.0,304.0,145.5648,0.9552,3.6415,306.0,28.7647,0.5044,0.6706,245,476,314,576,168.6939
12,70.086,2,567.0671,348.6728,9493.0,2315.0,174.1898,0.7731,2.6079,270.0,40.0797,0.5348,0.6969,476,707,314,576,168.6939
12,70.086,3,907.3666,436.5055,8028.0,59.0,148.9036,0.9686,2.7666,309.0,35.3532,0.4663,0.636,707,938,314,576,168.6939
12,70.4935,1,412.4433,334.4953,4575.0,1235.0,103.1481,0.9624,2.0995,285.0,33.8312,0.2717,0.4273,245,476,314,576,168.6939
12,70.4935,2,578.242,380.6095,8252.0,384.0,174.7674,0.7547,3.1429,306.0,46.0271,0.4199,0.5915,476,707,314,576,168.6939
12,70.4935,3,920.7841,410.9414,4058.0,412.0,184.1926,0.998,7.1455,284.0,49.5266,0.2754,0.4319,707,938,314,576,168.6939
12,70.9009,1,370.0901,269.1991,21165.0,16024.0,268.4746,0.7414,1.3968,196.0,24.8988,0.1601,0.2761,245,476,314,576,168.6939
12,70.9009,2,557.0391,287.6495,15383.0,9655.0,181.7774,0.012,2.7137,196.0,35.6765,0.1739,0.2963,476,707,314,576,168.6939
12,70.9009,3,906.9705,459.7036,5081.0,61.0,121.0469,0.9998,4.8018,354.0,29.0936,0.3495,0.518,707,938,314,576,168.6939
12,71.3084,1,365.75,283.5857,22643.0,15786.0,206.6616,0.9994,3.2071,242.0,26.4487,0.6638,0.7979,245,476,314,576,168.6939
12,71.3084,2,561.3941,270.7244,14617.0,10224.0,184.9718,0.0102,2.9512,196.0,26.3871,0.6364,0.7778,476,707,314,576,168.6939
12,71.3084,3,911.4451,369.2735,6551.0,1765.0,168.3212,0.9953,4.6632,262.0,32.7104,0.1751,0.298,707,938,314,576,168.6939
12,71.7159,1,359.2994,292.9902,23110.0,14405.0,181.2646,0.9722,2.4911,275.0,25.312,0.677,0.8074,245,476,314,576,168.6939
12,71.7159,2,573.2475,283.923,15092.0,9171.0,148.682,0.6475,1.8496,278.0,27.9458,0.572,0.7277,476,707,314,576,168.6939
12,71.7159,3,912.7581,385.847,7698.0,1133.0,176.5162,0.9837,3.5277,296.0,34.4244,0.5764,0.7313,707,938,314,576,168.6939
12,72.1234,1,343.9687,304.189,18523.0,10374.0,181.8073,0.9918,2.4203,265.0,24.2806,0.5588,0.7169,245,476,314,576,168.6939
12,72.1234,2,596.3487,288.2471,16279.0,9258.0,150.2987,0.3042,2.0285,278.0,35.6502,0.5344,0.6966,476,707,314,576,168.6939
12,72.1234,3,915.3075,386.5806,7877.0,1020.0,158.4981,0.9922,3.0542,289.0,26.6526,0.6275,0.7711,707,938,314,576,168.6939
12,72.5308,1,354.0324,357.3672,11097.0,3138.0,155.7638,0.9436,2.4517,272.0,36.8776,0.3489,0.5174,245,476,314,576,168.6939
12,72.5308,2,664.1925,344.5318,5009.0,293.0,85.5814,0.2273,1.312,307.0,45.7212,0.1721,0.2937,476,707,314,576,168.6939
12,72.5308,3,907.4457,406.997,8374.0,783.0,172.1923,0.9906,3.5129,284.0,25.0341,0.5709,0.7268,707,938,314,576,168.6939
12,72.9383,1,366.014,367.8038,7953.0,783.0,171.175,0.7179,3.1716,294.0,39.8541,0.299,0.4604,245,476,314,576,168.6939
12,72.9383,2,680.2387,354.4308,2275.0,98.0,65.4048,0.9856,1.9858,305.0,68.8155,0.2867,0.4456,476,707,314,576,168.6939
12,72.9383,3,891.7459,423.3168,6871.0,0.0,127.0857,0.8447,2.2779,330.0,46.0348,0.3106,0.474,707,938,314,576,168.6939
12,73.3458,1,391.7379,356.5081,3877.0,0.0,96.5881,0.7052,2.0484,315.0,71.5054,0.2627,0.4161,245,476,314,576,168.6939
12,73.3458,2,686.716,365.6692,1197.0,0.0,53.052,0.9998,3.1174,324.0,61.9761,0.2788,0.4361,476,707,314,576,168.6939
12,73.3458,3,912.1056,410.5132,3266.0,0.0,82.8111,0.9782,2.3194,338.0,65.9178,0.3033,0.4654,707,938,314,576,168.6939
12,73.7533,1,412.5558,340.8914,2321.0,461.0,49.0711,0.9862,1.6454,300.0,51.3549,0.2838,0.4421,245,476,314,576,168.6939
12,73.7533,2,,,,,,,,,,,,476,707,314,576,168.6939
12,73.7533,3,918.0374,435.2725,2488.0,0.0,84.3562,0.9703,2.8752,369.0,51.9808,0.2596,0.4122,707,938,314,576,168.6939
12,74.1607,1,400.3353,349.3294,4408.0,656.0,108.3591,0.9935,2.1169,296.0,47.8157,0.3251,0.4907,245,476,314,576,168.6939
12,74.1607,2,654.5469,412.8177,192.0,0.0,,,,,,,,476,707,314,576,168.6939
12,74.1607,3,932.7963,394.6574,216.0,0.0,,,,,46.8342,0.0868,0.1598,707,938,314,576,168.6939
12,74.5682,1,381.0801,343.2587,4584.0,706.0,126.5813,0.7199,2.8062,297.0,62.0775,0.3241,0.4895,245,476,314,576,168.6939
12,74.5682,2,663.5683,372.9353,139.0,0.0,,,,,43.5894,0.0,0.0,476,707,314,576,168.6939
12,74.5682,3,929.1317,410.8033,600.0,0.0,32.0909,0.9894,1.7074,395.0,26.3425,0.2439,0.3922,707,938,314,576,168.6939
12,74.9757,1,362.9982,347.1892,4371.0,832.0,125.7607,0.8916,3.1805,293.0,64.9505,0.2828,0.4409,245,476,314,576,168.6939
12,74.9757,2,,,,,,,,,,,,476,707,314,576,168.6939
12,74.9757,3,927.6299,415.9356,1848.0,0.0,107.0674,0.9966,4.6939,358.0,36.5285,0.3247,0.4902,707,938,314,576,168.6939
12,75.3832,1,346.4854,374.6092,4916.0,396.0,140.2895,0.9333,3.4266,311.0,76.7207,0.1061,0.1919,245,476,314,576,168.6939
12,75.3832,2,,,,,,,,,,,,476,707,314,576,168.6939
12,75.3832,3,932.198,365.5614,399.0,0.0,22.3211,0.9998,1.7257,359.0,55.3244,0.1476,0.2572,707,938,314,576,168.6939
12,75.7906,1,329.0149,384.3401,5784.0,308.0,168.352,0.9712,4.1163,310.0,63.0886,0.2383,0.3849,245,476,314,576,168.6939
12,75.7906,2,641.9894,350.455,189.0,0.0,,,,,,,,476,707,314,576,168.6939
12,75.7906,3,931.6567,393.7493,1133.0,0.0,51.1934,1.0,2.8352,361.0,44.7413,0.3038,0.4661,707,938,314,576,168.6939
12,76.1981,1,310.788,348.0013,7084.0,1883.0,164.7813,0.9591,3.108,258.0,55.9095,0.3866,0.5577,245,476,314,576,168.6939
12,76.1981,2,632.5132,353.6745,1321.0,0.0,40.1115,0.9679,1.1706,330.0,46.9098,0.137,0.2411,476,707,314,576,168.6939
12,76.1981,3,925.1889,419.0467,1779.0,0.0,72.8167,0.9955,3.1733,368.0,38.9191,0.371,0.5412,707,938,314,576,168.6939
12,76.6056,1,307.8416,380.2844,7195.0,581.0,143.6286,0.9914,2.426,300.0,51.3344,0.3944,0.5657,245,476,314,576,168.6939
12,76.6056,2,604.9889,348.1569,3154.0,163.0,64.475,0.9986,1.1988,313.0,62.0046,0.121,0.2159,476,707,314,576,168.6939
12,76.6056,3,919.2537,411.877,1407.0,0.0,44.6637,0.9936,2.0376,366.0,39.2739,0.3768,0.5474,707,938,314,576,168.6939
12,77.0131,1,309.7447,379.3437,8328.0,697.0,158.794,0.8949,2.6225,302.0,55.3948,0.3508,0.5194,245,476,314,576,168.6939
12,77.0131,2,592.2053,354.6642,4321.0,221.0,70.1873,0.5525,1.2275,314.0,38.2317,0.4738,0.6429,476,707,314,576,168.6939
12,77.0131,3,922.9648,387.4166,2667.0,0.0,102.7237,0.9911,2.8827,344.0,36.3086,0.3004,0.462,707,938,314,576,168.6939
12,77.4206,1,333.2549,371.9273,8709.0,1062.0,140.8861,0.8259,2.0966,292.0,67.3404,0.2243,0.3664,245,476,314,576,168.6939
12,77.4206,2,608.6724,367.7131,4381.0,0.0,86.6089,0.556,1.7172,323.0,55.6913,0.2198,0.3604,476,707,314,576,168.6939
12,77.4206,3,915.9015,380.5876,4479.0,225.0,113.6138,0.9724,2.3885,318.0,32.4292,0.4489,0.6196,707,938,314,576,168.6939
12,77.828,1,331.7111,352.8687,7235.0,1425.0,140.4952,0.8025,2.4194,286.0,32.7119,0.5555,0.7142,245,476,314,576,168.6939
12,77.828,2,642.4976,362.3387,4668.0,319.0,83.12,0.6303,1.9372,329.0,50.3058,0.142,0.2486,476,707,314,576,168.6939
12,77.828,3,913.0467,403.879,6321.0,239.0,146.4821,0.9679,2.8652,308.0,26.4441,0.5598,0.7178,707,938,314,576,168.6939
12,78.2355,1,309.2686,336.9452,6680.0,1767.0,114.6291,0.7942,1.8062,285.0,45.824,0.4644,0.6343,245,476,314,576,168.6939
12,78.2355,2,653.7268,391.2407,5385.0,0.0,117.1847,0.7823,2.4115,322.0,50.3922,0.1269,0.2252,476,707,314,576,168.6939
12,78.2355,3,915.1846,392.0755,6884.0,241.0,144.8166,0.9992,2.794,315.0,27.234,0.5131,0.6782,707,938,314,576,168.6939
12,78.643,1,297.0231,327.35,13604.0,5174.0,163.3144,0.9509,1.8497,266.0,51.8951,0.3988,0.5702,245,476,314,576,168.6939
12,78.643,2,670.8156,378.1977,4800.0,211.0,100.4949,0.9499,2.0514,313.0,38.3826,0.4075,0.5791,476,707,314,576,168.6939
12,78.643,3,903.4965,362.1463,8380.0,1113.0,151.3874,0.9885,2.1123,285.0,26.385,0.5338,0.696,707,938,314,576,168.6939
12,79.0505,1,300.59,339.8906,23144.0,8038.0,186.4832,0.9806,1.7087,291.0,36.2945,0.4697,0.6392,245,476,314,576,168.6939
12,79.0505,2,520.5165,215.4342,3657.0,3657.0,80.0282,0.0641,1.7494,196.0,24.7176,0.0,0.0,476,707,314,576,168.6939
12,79.0505,3,886.5506,381.0897,9466.0,231.0,169.028,0.8617,2.3947,308.0,41.725,0.3789,0.5496,707,938,314,576,168.6939
12,79.4579,1,299.3074,385.8748,26794.0,7038.0,291.393,0.9811,3.2474,293.0,24.3184,0.5528,0.712,245,476,314,576,168.6939
12,79.4579,2,656.1184,332.851,4476.0,124.0,120.3525,0.1886,2.5191,310.0,18.2706,0.0,0.0,476,707,314,576,168.6939
12,79.4579,3,837.5449,346.191,11586.0,3141.0,160.0681,0.7991,2.1083,281.0,46.7892,0.2274,0.3705,707,938,314,576,168.6939
12,79.8654,1,328.2922,286.9532,18315.0,10958.0,185.1001,0.4862,2.8768,278.0,30.8201,0.3472,0.5154,245,476,314,576,168.6939
12,79.8654,2,632.6485,333.0606,6902.0,759.0,167.1141,0.1953,3.209,301.0,28.6575,0.5823,0.736,476,707,314,576,168.6939
12,79.8654,3,796.8262,369.6229,9833.0,1567.0,173.4661,0.908,2.2959,279.0,56.3849,0.1568,0.2711,707,938,314,576,168.6939
12,80.2729,1,371.0848,350.5522,9665.0,1069.0,175.946,0.4341,2.7239,294.0,38.5944,0.1619,0.2787,245,476,314,576,168.6939
12,80.2729,2,595.7466,340.008,8079.0,627.0,166.7195,0.2581,2.7932,301.0,40.6647,0.3694,0.5395,476,707,314,576,168.6939
12,80.2729,3,799.0433,398.4417,8274.0,157.0,133.2832,0.8356,2.0556,327.0,37.351,0.4647,0.6346,707,938,314,576,168.6939
12,80.6804,1,377.23,361.7634,6108.0,430.0,127.1592,0.6575,2.5877,308.0,42.534,0.3864,0.5574,245,476,314,576,168.6939
12,80.6804,2,589.3012,346.293,7444.0,695.0,136.136,0.4409,2.1645,300.0,25.3893,0.591,0.7429,476,707,314,576,168.6939
12,80.6804,3,788.0559,367.2275,9053.0,1793.0,179.3168,0.968,2.8562,270.0,40.904,0.4832,0.6516,707,938,314,576,168.6939
12,81.0878,1,379.644,308.0154,6758.0,2934.0,124.583,0.4642,2.1888,288.0,41.3165,0.2054,0.3407,245,476,314,576,168.6939
12,81.0878,2,587.8728,342.357,4913.0,461.0,85.7102,0.4533,1.298,302.0,34.2795,0.5469,0.7071,476,707,314,576,168.6939
12,81.0878,3,799.2824,405.179,9399.0,473.0,159.1021,0.9569,2.7398,300.0,38.6843,0.4861,0.6542,707,938,314,576,168.6939
12,81.4953,1,332.6779,298.822,14811.0,7716.0,196.9946,0.4408,2.6883,282.0,39.839,0.2669,0.4213,245,476,314,576,168.6939
12,81.4953,2,583.021,341.7485,6529.0,762.0,125.5761,0.4674,2.0588,296.0,41.001,0.5885,0.741,476,707,314,576,168.6939
12,81.4953,3,792.5446,387.5596,8023.0,562.0,145.5247,0.9026,2.4169,295.0,36.7155,0.5395,0.7008,707,938,314,576,168.6939
12,81.9028,1,297.4248,342.0157,9470.0,2602.0,171.7153,0.8367,2.5573,254.0,55.7593,0.1545,0.2676,245,476,314,576,168.6939
12,81.9028,2,576.7974,348.7701,6095.0,436.0,118.4428,0.5286,1.9699,303.0,31.2539,0.6183,0.7641,476,707,314,576,168.6939
12,81.9028,3,787.1081,380.5748,9433.0,1484.0,184.0011,0.9809,2.969,275.0,34.5419,0.5966,0.7474,707,938,314,576,168.6939
12,82.3103,1,295.4378,375.3113,8928.0,1102.0,157.1208,0.8198,2.5892,299.0,64.0612,0.3824,0.5532,245,476,314,576,168.6939
12,82.3103,2,563.985,349.2627,7274.0,958.0,137.4023,0.6556,2.2249,286.0,37.7892,0.584,0.7374,476,707,314,576,168.6939
12,82.3103,3,790.5692,403.511,7953.0,79.0,126.3362,0.8999,1.9871,333.0,41.574,0.5322,0.6947,707,938,314,576,168.6939
12,82.7178,1,294.916,381.7998,9888.0,1162.0,172.2098,0.9624,2.3792,283.0,36.3209,0.5535,0.7126,245,476,314,576,168.6939
12,82.7178,2,570.1302,360.0094,7244.0,904.0,156.0921,0.7282,2.8726,284.0,37.1852,0.5648,0.7219,476,707,314,576,168.6939
12,82.7178,3,784.4061,375.4214,7831.0,1355.0,180.0011,0.9793,3.37,274.0,47.3989,0.4967,0.6637,707,938,314,576,168.6939
12,83.1252,1,279.3929,356.7769,8425.0,1908.0,172.7748,0.963,2.8244,256.0,43.6085,0.5462,0.7065,245,476,314,576,168.6939
12,83.1252,2,573.2391,376.0701,6490.0,94.0,156.3057,0.6795,3.0577,312.0,43.7622,0.5147,0.6796,476,707,314,576,168.6939
12,83.1252,3,782.0484,405.4877,7597.0,259.0,136.3354,0.9725,2.3309,325.0,45.1191,0.5036,0.6698,707,938,314,576,168.6939
12,83.5327,1,274.8457,376.6406,7660.0,938.0,162.5312,0.9946,2.8682,281.0,47.3267,0.4957,0.6629,245,476,314,576,168.6939
12,83.5327,2,564.1276,355.5177,5563.0,742.0,125.1143,0.8742,2.3275,288.0,53.3616,0.4195,0.5911,476,707,314,576,168.6939
12,83.5327,3,785.7434,379.1764,6470.0,874.0,116.8559,0.9096,2.1101,313.0,49.4873,0.4658,0.6355,707,938,314,576,168.6939
12,83.9402,1,279.9189,404.1277,7487.0,120.0,157.4855,0.9454,2.8152,307.0,40.061,0.5543,0.7133,245,476,314,576,168.6939
12,83.9402,2,562.4623,370.7874,7130.0,425.0,136.1684,0.7158,2.5035,311.0,38.146,0.4912,0.6588,476,707,314,576,168.6939
12,83.9402,3,781.6925,395.7799,6469.0,321.0,126.3017,0.9291,2.6068,329.0,39.8121,0.4708,0.6402,707,938,314,576,168.6939
12,84.3477,1,287.5634,365.4426,7879.0,1349.0,144.2121,0.9842,2.3513,274.0,64.0374,0.3347,0.5015,245,476,314,576,168.6939
12,84.3477,2,565.4722,380.9665,7590.0,54.0,149.6467,0.7651,2.4838,312.0,34.0885,0.6178,0.7637,476,707,314,576,168.6939
12,84.3477,3,782.5637,390.2893,6388.0,570.0,117.6807,0.9276,2.2475,321.0,36.1028,0.6258,0.7699,707,938,314,576,168.6939
12,84.7551,1,314.1468,353.0923,7250.0,1518.0,145.5792,0.9921,2.35,274.0,62.7946,0.2344,0.3798,245,476,314,576,168.6939
12,84.7551,2,572.1199,376.1591,8089.0,328.0,130.0056,0.8222,1.9107,313.0,37.55,0.569,0.7253,476,707,314,576,168.6939
12,84.7551,3,783.0705,386.2214,6486.0,865.0,143.6591,0.9848,3.6652,310.0,43.9886,0.4514,0.622,707,938,314,576,168.6939
12,85.1626,1,321.6554,388.5759,8574.0,517.0,166.8527,0.9341,2.7757,300.0,56.761,0.344,0.5119,245,476,314,576,168.6939
12,85.1626,2,578.6224,368.8155,9307.0,1171.0,142.2325,0.9469,1.8919,291.0,37.2341,0.5241,0.6877,476,707,314,576,168.6939
12,85.1626,3,792.7894,422.3387,6245.0,0.0,130.6279,0.9175,2.5985,340.0,45.9093,0.3978,0.5692,707,938,314,576,168.6939
12,85.5701,1,339.6617,373.7628,6947.0,602.0,132.2918,0.9757,2.2983,298.0,53.6236,0.4386,0.6098,245,476,314,576,168.6939
12,85.5701,2,572.9526,364.8769,8424.0,336.0,135.0605,0.7126,1.854,301.0,32.8791,0.5387,0.7002,476,707,314,576,168.6939
12,85.5701,3,778.7662,383.4155,7424.0,1099.0,156.7274,0.9944,3.1393,280.0,50.5079,0.3438,0.5117,707,938,314,576,168.6939
12,85.9776,1,349.21,354.0134,8129.0,1462.0,153.8295,0.5877,2.6265,289.0,52.2586,0.3972,0.5686,245,476,314,576,168.6939
12,85.9776,2,571.5813,367.687,7485.0,458.0,108.915,0.8,1.4959,302.0,43.2126,0.4006,0.572,476,707,314,576,168.6939
12,85.9776,3,783.4924,388.5861,7644.0,688.0,149.1064,0.9625,2.4954,294.0,34.6816,0.6307,0.7736,707,938,314,576,168.6939
12,86.385,1,376.6015,345.2777,7606.0,1064.0,144.5169,0.5536,2.369,290.0,53.4988,0.3409,0.5084,245,476,314,576,168.6939
12,86.385,2,601.5374,354.507,7373.0,896.0,115.097,0.7786,1.6527,287.0,56.65,0.2808,0.4384,476,707,314,576,168.6939
12,86.385,3,794.1104,402.613,7573.0,180.0,127.603,0.8854,2.1396,326.0,40.2202,0.5307,0.6934,707,938,314,576,168.6939
12,86.7925,1,388.6394,361.282,7455.0,1228.0,150.0579,0.913,2.7403,274.0,56.6593,0.3237,0.4891,245,476,314,576,168.6939
12,86.7925,2,612.3854,381.1869,6826.0,447.0,118.807,0.7301,2.6042,312.0,54.1086,0.1624,0.2795,476,707,314,576,168.6939
12,86.7925,3,786.6425,372.1192,7914.0,1279.0,151.7688,0.9987,2.4673,274.0,44.2704,0.4682,0.6378,707,938,314,576,168.6939
12,87.2,1,395.2391,387.6837,8464.0,1037.0,166.6408,0.9767,3.0178,283.0,44.7144,0.3538,0.5226,245,476,314,576,168.6939
12,87.2,2,660.4415,383.8369,6236.0,437.0,112.9092,0.8791,2.1774,314.0,47.1319,0.063,0.1185,476,707,314,576,168.6939
12,87.2,3,785.1647,410.9676,10922.0,235.0,152.6649,0.9783,1.8271,314.0,46.1304,0.4513,0.6219,707,938,314,576,168.6939
12,87.6075,1,395.6243,422.1528,10118.0,539.0,178.8926,0.954,3.3775,297.0,29.2649,0.4154,0.587,245,476,314,576,168.6939
12,87.6075,2,683.374,360.6951,4792.0,106.0,124.897,0.9887,2.4916,313.0,30.7224,0.3756,0.5461,476,707,314,576,168.6939
12,87.6075,3,793.0018,396.1293,9036.0,781.0,131.0175,0.9084,1.8238,310.0,37.4301,0.5188,0.6831,707,938,314,576,168.6939
12,88.0149,1,399.414,406.7495,8379.0,642.0,176.7382,0.919,3.7568,291.0,21.3502,0.6574,0.7933,245,476,314,576,168.6939
12,88.0149,2,638.2001,341.6052,6722.0,509.0,148.8774,0.4002,2.5248,301.0,45.304,0.2555,0.407,476,707,314,576,168.6939
12,88.0149,3,781.1275,399.6797,10984.0,695.0,156.8343,0.9976,2.0002,313.0,38.8395,0.5,0.6666,707,938,314,576,168.6939
12,88.4224,1,423.2661,359.1105,6147.0,1062.0,129.836,0.9663,2.406,286.0,30.3502,0.4686,0.6382,245,476,314,576,168.6939
12,88.4224,2,588.4745,337.5904,7117.0,646.0,149.5477,0.2373,2.6227,301.0,45.5503,0.2964,0.4573,476,707,314,576,168.6939
12,88.4224,3,783.9499,413.7753,13051.0,119.0,165.004,1.0,1.9937,315.0,24.3851,0.6257,0.7698,707,938,314,576,168.6939
12,88.8299,1,419.6369,373.4501,6196.0,619.0,114.9471,0.9991,2.1882,305.0,29.0012,0.4921,0.6596,245,476,314,576,168.6939
12,88.8299,2,543.155,339.0255,3445.0,348.0,63.0667,0.9937,1.109,301.0,47.5272,0.2486,0.3982,476,707,314,576,168.6939
12,88.8299,3,795.6798,386.7452,12077.0,970.0,169.1203,0.9658,1.9458,282.0,43.0584,0.4379,0.609,707,938,314,576,168.6939
12,89.2374,1,411.121,343.9082,5820.0,1038.0,129.2713,0.8205,2.3438,289.0,28.5326,0.377,0.5476,245,476,314,576,168.6939
12,89.2374,2,535.5342,344.8876,3916.0,542.0,91.165,0.999,1.7822,298.0,31.7793,0.5307,0.6934,476,707,314,576,168.6939
12,89.2374,3,807.9954,409.1372,13255.0,710.0,159.1617,0.9718,1.8855,293.0,51.009,0.3732,0.5436,707,938,314,576,168.6939
12,89.6449,1,377.155,338.2401,8876.0,2149.0,156.9413,0.7051,2.5918,288.0,40.0535,0.1796,0.3046,245,476,314,576,168.6939
12,89.6449,2,546.8943,338.0329,4767.0,803.0,95.6078,0.7033,1.6197,294.0,39.4552,0.5111,0.6765,476,707,314,576,168.6939
12,89.6449,3,826.5013,394.8946,11521.0,876.0,184.1655,0.8959,2.7683,285.0,37.2125,0.4528,0.6233,707,938,314,576,168.6939
12,90.0523,1,347.5381,341.8863,9964.0,2488.0,166.8377,0.7206,2.7748,292.0,49.9365,0.3043,0.4666,245,476,314,576,168.6939
12,90.0523,2,575.6478,338.5113,6258.0,1037.0,132.681,0.4534,2.3827,297.0,49.5142,0.3626,0.5322,476,707,314,576,168.6939
12,90.0523,3,855.9064,383.793,11497.0,1528.0,156.0676,0.9907,1.9807,275.0,45.8588,0.34,0.5074,707,938,314,576,168.6939
12,90.4598,1,304.2534,347.9609,10894.0,2849.0,163.3641,0.9457,2.1415,265.0,58.5789,0.2293,0.3731,245,476,314,576,168.6939
12,90.4598,2,612.9261,338.3396,7700.0,1366.0,157.8524,0.3733,2.7206,298.0,62.1783,0.3248,0.4903,476,707,314,576,168.6939
12,90.4598,3,881.7927,401.2281,11382.0,0.0,146.7758,0.9193,1.8758,318.0,38.8123,0.3156,0.4798,707,938,314,576,168.6939
12,90.8673,1,286.9848,374.7836,8350.0,901.0,159.6873,0.929,2.6047,292.0,64.5047,0.308,0.4709,245,476,314,576,168.6939
12,90.8673,2,654.339,348.8181,6537.0,401.0,112.07,0.4707,1.7091,303.0,71.6039,0.2322,0.3769,476,707,314,576,168.6939
12,90.8673,3,853.2452,379.9933,9099.0,381.0,155.6786,0.7211,2.4583,305.0,40.3076,0.2734,0.4294,707,938,314,576,168.6939
12,91.2748,1,291.068,380.6249,10177.0,1409.0,167.4931,0.9393,2.6437,283.0,31.4723,0.6198,0.7653,245,476,314,576,168.6939
12,91.2748,2,669.7781,363.4404,5579.0,418.0,110.7828,0.9879,1.9284,292.0,69.6766,0.3103,0.4736,476,707,314,576,168.6939
12,91.2748,3,813.3939,387.08,10896.0,633.0,151.9786,0.8283,1.9865,315.0,58.9398,0.1815,0.3072,707,938,314,576,168.6939
12,91.6822,1,285.2888,370.1035,10312.0,2122.0,175.2178,0.9772,2.7897,266.0,36.899,0.5971,0.7477,245,476,314,576,168.6939
12,91.6822,2,689.5521,373.6267,3097.0,329.0,93.908,0.9998,3.0052,315.0,52.5608,0.3516,0.5203,476,707,314,576,168.6939
12,91.6822,3,797.9417,410.7964,12940.0,50.0,163.4991,0.9831,1.9789,316.0,51.6278,0.4042,0.5757,707,938,314,576,168.6939
12,92.0897,1,289.2134,383.312,11957.0,1926.0,185.2725,0.9674,2.78,282.0,33.0419,0.6267,0.7705,245,476,314,576,168.6939
12,92.0897,2,666.8711,334.4336,4027.0,375.0,95.2057,0.4259,1.7582,313.0,44.6594,0.2247,0.3669,476,707,314,576,168.6939
12,92.0897,3,806.1524,395.2085,12206.0,708.0,152.2933,0.9196,1.799,288.0,40.6097,0.4507,0.6213,707,938,314,576,168.6939
12,92.4972,1,293.639,405.1132,13309.0,1633.0,183.8254,0.9794,2.7069,285.0,24.0681,0.6281,0.7716,245,476,314,576,168.6939
12,92.4972,2,634.2733,346.1708,6096.0,496.0,119.6578,0.6074,1.9052,299.0,48.8766,0.2145,0.3533,476,707,314,576,168.6939
12,92.4972,3,819.8199,383.8321,10060.0,292.0,156.6829,0.6929,2.2845,303.0,48.9775,0.2899,0.4495,707,938,314,576,168.6939
12,92.9047,1,302.8148,361.5608,10687.0,2260.0,148.5656,0.9268,2.0128,288.0,41.3711,0.3542,0.5231,245,476,314,576,168.6939
12,92.9047,2,596.7325,351.146,6553.0,283.0,125.4683,0.5569,1.982,305.0,58.9996,0.2779,0.435,476,707,314,576,168.6939
12,92.9047,3,849.8408,387.0021,9420.0,290.0,144.1492,0.9285,1.9396,302.0,57.7216,0.3205,0.4854,707,938,314,576,168.6939
12,93.3121,1,313.3941,348.8483,6745.0,1450.0,111.4936,0.9288,1.7348,288.0,41.8008,0.5069,0.6728,245,476,314,576,168.6939
12,93.3121,2,581.5197,357.5333,7623.0,454.0,145.3706,0.5595,2.3939,301.0,43.0611,0.4708,0.6402,476,707,314,576,168.6939
12,93.3121,3,877.03,385.7385,7355.0,0.0,131.3155,0.8078,2.0279,319.0,48.6013,0.2873,0.4464,707,938,314,576,168.6939
12,93.7196,1,320.3939,351.1755,8616.0,1756.0,149.8615,0.9949,2.0615,275.0,39.0401,0.5748,0.73,245,476,314,576,168.6939
12,93.7196,2,566.3068,346.9154,4397.0,327.0,82.0521,0.6975,1.3478,302.0,44.1663,0.4323,0.6037,476,707,314,576,168.6939
12,93.7196,3,869.4014,373.0386,7493.0,233.0,132.736,0.8107,2.095,308.0,22.852,0.6035,0.7527,707,938,314,576,168.6939
12,94.1271,1,320.2401,376.6422,12947.0,1833.0,160.5853,0.9997,1.8115,288.0,42.0474,0.5874,0.7401,245,476,314,576,168.6939
12,94.1271,2,549.227,339.9484,4070.0,701.0,82.7307,0.9947,1.4265,294.0,40.4789,0.383,0.5539,476,707,314,576,168.6939
12,94.1271,3,868.4759,369.6122,6937.0,128.0,119.6431,0.7385,1.895,309.0,24.5164,0.6448,0.7841,707,938,314,576,168.6939
12,94.5346,1,323.0634,404.3145,14369.0,1395.0,168.6026,0.9972,1.9588,303.0,23.3035,0.6337,0.7758,245,476,314,576,168.6939
12,94.5346,2,551.1572,349.2266,5221.0,771.0,101.4388,0.933,1.8084,292.0,35.724,0.5532,0.7123,476,707,314,576,168.6939
12,94.5346,3,852.1199,369.4366,7190.0,201.0,133.419,0.7134,2.1389,312.0,32.114,0.4454,0.6163,707,938,314,576,168.6939
12,94.942,1,318.0425,401.4354,12261.0,510.0,176.0246,0.7934,2.4595,302.0,38.865,0.3439,0.5118,245,476,314,576,168.6939
12,94.942,2,574.7243,346.5875,6043.0,1310.0,119.3989,1.0,1.9941,276.0,57.4841,0.3136,0.4775,476,707,314,576,168.6939
12,94.942,3,834.215,375.0844,8734.0,73.0,158.7954,0.6319,2.3919,316.0,37.5858,0.4419,0.6129,707,938,314,576,168.6939
12,95.3495,1,303.8183,349.3366,8285.0,1552.0,127.732,0.9611,1.5238,281.0,47.4743,0.3705,0.5406,245,476,314,576,168.6939
12,95.3495,2,583.3009,366.7888,7890.0,1326.0,160.1881,0.9995,2.7826,274.0,40.713,0.5046,0.6708,476,707,314,576,168.6939
12,95.3495,3,827.6311,367.4365,7379.0,235.0,126.3665,0.7291,2.0043,314.0,29.9943,0.5468,0.707,707,938,314,576,168.6939
12,95.757,1,290.9507,344.0438,7344.0,1511.0,127.0997,0.8372,1.9005,280.0,45.0341,0.5263,0.6896,245,476,314,576,168.6939
12,95.757,2,588.1076,378.3664,7538.0,751.0,163.5432,0.9868,2.9128,292.0,38.1904,0.5653,0.7223,476,707,314,576,168.6939
12,95.757,3,819.2133,373.3594,7281.0,254.0,111.2555,0.8898,1.5739,313.0,47.4635,0.3955,0.5668,707,938,314,576,168.6939
12,96.1645,1,287.0031,369.1937,7446.0,556.0,134.5363,0.9676,1.9442,298.0,47.4797,0.4882,0.6561,245,476,314,576,168.6939
12,96.1645,2,579.3078,361.2491,8016.0,1946.0,170.6281,0.9664,3.164,264.0,44.7233,0.495,0.6622,476,707,314,576,168.6939
12,96.1645,3,823.4138,373.9997,7173.0,97.0,134.5471,0.5509,2.2105,322.0,39.5372,0.4395,0.6106,707,938,314,576,168.6939
12,96.572,1,289.5475,380.3734,8186.0,814.0,158.6611,0.9837,2.6476,285.0,31.8311,0.6516,0.789,245,476,314,576,168.6939
12,96.572,2,568.244,396.152,8012.0,367.0,159.0255,0.9988,2.7454,299.0,56.234,0.3174,0.4819,476,707,314,576,168.6939
12,96.572,3,858.209,382.504,6815.0,360.0,121.5223,0.9851,1.8709,303.0,60.6669,0.2169,0.3564,707,938,314,576,168.6939
12,96.9794,1,285.3269,385.6964,9462.0,1051.0,176.1143,0.9927,2.5945,292.0,32.6471,0.6386,0.7795,245,476,314,576,168.6939
12,96.9794,2,581.2594,377.9109,8035.0,455.0,153.1987,0.8383,2.5904,302.0,49.8084,0.391,0.5622,476,707,314,576,168.6939
12,96.9794,3,879.7288,405.2428,7367.0,0.0,120.966,0.9051,1.8643,333.0,40.3481,0.314,0.4779,707,938,314,576,168.6939
12,97.3869,1,287.1679,386.4321,8319.0,403.0,154.4531,0.9503,2.4713,304.0,43.821,0.501,0.6676,245,476,314,576,168.6939
12,97.3869,2,637.2788,334.1532,5991.0,1104.0,141.8497,0.3703,2.8111,296.0,67.1122,0.2371,0.3833,476,707,314,576,168.6939
12,97.3869,3,867.4475,382.0589,6704.0,160.0,129.8193,0.8581,2.231,309.0,30.9206,0.4512,0.6218,707,938,314,576,168.6939
12,97.7944,1,300.9503,367.7709,8921.0,1563.0,147.2139,0.7457,2.6778,292.0,44.9123,0.43,0.6014,245,476,314,576,168.6939
12,97.7944,2,655.7625,351.5757,5982.0,489.0,104.4779,0.6587,1.6771,297.0,66.3699,0.277,0.4338,476,707,314,576,168.6939
12,97.7944,3,843.1898,368.8144,6669.0,116.0,108.6693,0.9133,1.5255,309.0,39.7163,0.4133,0.5849,707,938,314,576,168.6939
12,98.2019,1,338.6718,332.3616,8080.0,2222.0,134.7538,0.5555,2.1249,288.0,48.1004,0.3446,0.5126,245,476,314,576,168.6939
12,98.2019,2,669.2381,369.2052,4640.0,59.0,85.9051,0.8697,1.5826,308.0,50.4996,0.3531,0.5219,476,707,314,576,168.6939
12,98.2019,3,834.0823,383.3298,7647.0,0.0,108.0229,0.9719,1.4416,314.0,36.8919,0.5292,0.6921,707,938,314,576,168.6939
12,98.6093,1,356.9812,349.9295,8131.0,1072.0,160.7035,0.5989,2.524,292.0,52.1022,0.3261,0.4918,245,476,314,576,168.6939
12,98.6093,2,676.9063,374.8547,3876.0,292.0,94.6073,0.9537,2.4635,315.0,49.7484,0.365,0.5348,476,707,314,576,168.6939
12,98.6093,3,824.8311,383.2403,8732.0,533.0,135.4324,0.9752,1.9404,297.0,33.4192,0.5106,0.676,707,938,314,576,168.6939
12,99.0168,1,374.9321,347.7342,10537.0,2988.0,181.8878,0.8964,2.757,269.0,51.8013,0.3302,0.4965,245,476,314,576,168.6939
12,99.0168,2,663.5915,418.3847,4076.0,0.0,89.6957,0.9769,2.14,342.0,38.9662,0.2685,0.4233,476,707,314,576,168.6939
12,99.0168,3,830.5153,397.2011,11222.0,159.0,149.8084,0.993,1.905,308.0,37.0913,0.5671,0.7238,707,938,314,576,168.6939
12,99.4243,1,356.6286,414.7011,10892.0,694.0,173.171,0.9303,2.9685,297.0,41.6181,0.3103,0.4737,245,476,314,576,168.6939
12,99.4243,2,678.569,398.9765,4299.0,0.0,101.1116,0.9837,2.5757,315.0,32.6347,0.3552,0.5242,476,707,314,576,168.6939
12,99.4243,3,848.2516,389.0341,10080.0,78.0,161.516,0.6099,2.4583,310.0,35.8789,0.3932,0.5645,707,938,314,576,168.6939
12,99.8318,1,369.6633,300.2818,21354.0,12754.0,192.6052,0.8842,2.9675,294.0,16.0267,0.3138,0.4777,245,476,314,576,168.6939
12,99.8318,2,661.9338,328.319,10402.0,4691.0,126.1365,0.9727,1.986,290.0,29.3486,0.2529,0.4036,476,707,314,576,168.6939
12,99.8318,3,865.3765,367.9307,10575.0,1317.0,152.0197,0.7392,2.1356,295.0,38.0435,0.4385,0.6096,707,938,314,576,168.6939
12,100.2392,1,366.7874,279.011,21051.0,14041.0,189.2966,0.166,2.622,196.0,25.4212,0.616,0.7624,245,476,314,576,168.6939
12,100.2392,2,669.029,361.6638,6097.0,320.0,95.4753,0.9984,1.3438,310.0,20.8667,0.3716,0.5419,476,707,314,576,168.6939
12,100.2392,3,886.6876,388.1672,10083.0,135.0,145.9674,0.9396,1.826,311.0,44.9085,0.3327,0.4993,707,938,314,576,168.6939
12,100.6467,1,368.6033,272.327,24096.0,17648.0,190.638,0.0593,2.1928,196.0,15.8189,0.7106,0.8308,245,476,314,576,168.6939
12,100.6467,2,598.4141,285.254,17910.0,10907.0,194.4082,0.1938,2.2734,196.0,16.902,0.2493,0.3991,476,707,314,576,168.6939
12,100.6467,3,892.5435,357.1246,12990.0,3701.0,125.7841,0.9647,1.5374,302.0,25.8603,0.3962,0.5675,707,938,314,576,168.6939
12,101.0542,1,376.091,271.5066,28700.0,22552.0,278.5154,0.4956,1.5798,196.0,17.2665,0.6938,0.8192,245,476,314,576,168.6939
12,101.0542,2,585.8183,282.7314,27550.0,19153.0,243.5455,0.7589,1.7362,196.0,23.3622,0.5006,0.6672,476,707,314,576,168.6939
12,101.0542,3,887.7361,336.4641,16240.0,6544.0,219.474,0.9295,2.5421,226.0,17.9393,0.6219,0.7669,707,938,314,576,168.6939
12,101.4617,1,377.9319,268.5679,27982.0,22395.0,281.7473,0.4721,1.6236,196.0,10.8498,0.8831,0.9379,245,476,314,576,168.6939
12,101.4617,2,559.8642,290.8281,26104.0,17439.0,227.4738,0.9719,1.4187,196.0,30.9466,0.5898,0.742,476,707,314,576,168.6939
12,101.4617,3,882.0356,352.8008,18927.0,5547.0,246.5012,0.9477,2.6895,226.0,25.4961,0.6498,0.7877,707,938,314,576,168.6939
12,101.8692,1,377.6406,270.2099,24596.0,18575.0,258.4661,0.0416,2.5743,196.0,12.5309,0.7306,0.8443,245,476,314,576,168.6939
12,101.8692,2,550.1921,301.2105,21286.0,12867.0,296.8707,0.9923,2.0289,196.0,40.3027,0.5627,0.7202,476,707,314,576,168.6939
12,101.8692,3,853.9343,366.9564,14665.0,3446.0,190.5418,0.9515,1.8384,246.0,27.1457,0.3889,0.56,707,938,314,576,168.6939
12,102.2766,1,367.7933,273.3251,18349.0,12463.0,127.9496,0.7073,2.007,294.0,15.9119,0.5783,0.7328,245,476,314,576,168.6939
12,102.2766,2,550.092,314.9455,15916.0,7778.0,154.0866,0.9382,2.37,292.0,29.8652,0.563,0.7204,476,707,314,576,168.6939
12,102.2766,3,817.0894,363.7039,10527.0,1502.0,154.3591,0.9261,1.8814,278.0,38.8142,0.2701,0.4254,707,938,314,576,168.6939
12,102.6841,1,355.8904,277.9957,21966.0,14785.0,143.1705,0.7611,1.9461,280.0,17.5158,0.6525,0.7897,245,476,314,576,168.6939
12,102.6841,2,557.4465,347.2833,5471.0,1021.0,87.4198,0.9536,1.4237,294.0,36.0034,0.1927,0.3231,476,707,314,576,168.6939
12,102.6841,3,796.1459,406.2492,13264.0,93.0,166.399,0.9923,1.8891,311.0,61.1758,0.2707,0.426,707,938,314,576,168.6939
12,103.0916,1,350.9114,282.4025,24129.0,16044.0,157.6528,0.7779,2.0705,283.0,16.8566,0.7087,0.8295,245,476,314,576,168.6939
12,103.0916,2,570.3899,282.5115,16892.0,10706.0,189.328,0.8829,2.3514,207.0,28.1485,0.1713,0.2924,476,707,314,576,168.6939
12,103.0916,3,788.4945,394.9542,16809.0,869.0,208.2681,0.9894,1.9981,314.0,29.7231,0.5033,0.6696,707,938,314,576,168.6939
12,103.4991,1,345.8006,286.6624,25978.0,17290.0,190.3065,0.0768,2.1383,196.0,21.9452,0.6952,0.8202,245,476,314,576,168.6939
12,103.4991,2,597.0249,286.9817,20188.0,12995.0,174.0213,0.981,1.6012,209.0,30.7,0.5471,0.7072,476,707,314,576,168.6939
12,103.4991,3,836.7833,341.3876,12129.0,2685.0,171.253,0.6338,2.2449,272.0,41.6099,0.2692,0.4242,707,938,314,576,168.6939
12,103.9065,1,336.5689,287.6732,24676.0,15736.0,193.2952,0.0251,2.2936,196.0,19.5224,0.6985,0.8225,245,476,314,576,168.6939
12,103.9065,2,610.9363,285.1991,17939.0,11116.0,115.7745,0.5726,1.3924,291.0,33.565,0.5743,0.7296,476,707,314,576,168.6939
12,103.9065,3,859.69,358.6376,11365.0,1555.0,155.6704,0.7728,1.6862,272.0,41.2407,0.3931,0.5644,707,938,314,576,168.6939
12,104.314,1,330.3829,300.1977,27678.0,16099.0,297.385,0.9987,2.0392,196.0,18.4926,0.7986,0.888,245,476,314,576,168.6939
12,104.314,2,662.2187,347.7107,8915.0,1808.0,119.8623,0.8611,1.714,295.0,27.431,0.2974,0.4584,476,707,314,576,168.6939
12,104.314,3,875.0592,388.0045,12011.0,712.0,152.1056,0.9993,1.9114,307.0,50.1685,0.3554,0.5244,707,938,314,576,168.6939
12,104.7215,1,325.952,295.3,27403.0,16152.0,152.016,0.8044,1.4832,292.0,18.0964,0.7596,0.8634,245,476,314,576,168.6939
12,104.7215,2,661.9689,374.2841,7430.0,880.0,132.9099,0.9605,2.2229,291.0,35.2527,0.4595,0.6297,476,707,314,576,168.6939
12,104.7215,3,879.5539,397.7295,11024.0,721.0,131.9741,0.9915,1.6646,309.0,25.7481,0.5206,0.6847,707,938,314,576,168.6939
12,105.129,1,328.2776,291.1625,31520.0,20526.0,253.5088,0.9861,1.6621,196.0,16.1399,0.7624,0.8652,245,476,314,576,168.6939
12,105.129,2,673.6253,346.6973,9532.0,2906.0,165.9685,0.9837,2.7029,264.0,24.2752,0.5773,0.732,476,707,314,576,168.6939
12,105.129,3,882.1773,359.929,15383.0,3658.0,184.1555,0.9112,1.9345,246.0,22.1975,0.4247,0.5962,707,938,314,576,168.6939
12,105.5364,1,328.3942,296.1715,32398.0,20026.0,277.594,0.9905,1.8175,196.0,17.6878,0.8594,0.9244,245,476,314,576,168.6939
12,105.5364,2,557.249,228.4485,8451.0,8451.0,184.2214,0.0407,2.8333,196.0,18.0146,0.0,0.0,476,707,314,576,168.6939
12,105.5364,3,873.5148,342.8166,12738.0,3157.0,195.1871,0.8889,2.3104,246.0,16.4588,0.6817,0.8107,707,938,314,576,168.6939
12,105.9439,1,326.2028,302.5338,32755.0,19467.0,295.0985,0.9926,1.9681,196.0,16.9403,0.837,0.9112,245,476,314,576,168.6939
12,105.9439,2,556.9582,228.2067,8592.0,8592.0,189.022,0.1405,2.4514,196.0,1.3127,0.929,0.9632,476,707,314,576,168.6939
12,105.9439,3,865.589,365.8924,15242.0,3401.0,213.914,0.9997,2.5693,236.0,33.9909,0.5134,0.6785,707,938,314,576,168.6939
12,106.3514,1,327.9627,288.3457,30053.0,19623.0,255.8966,0.9759,1.7446,196.0,20.9031,0.7721,0.8714,245,476,314,576,168.6939
12,106.3514,2,554.6385,227.2986,8234.0,8234.0,182.5953,0.0194,2.7961,196.0,3.1353,0.8867,0.94,476,707,314,576,168.6939
12,106.3514,3,864.6966,392.361,15746.0,2781.0,191.0179,0.8998,2.2699,309.0,27.8797,0.5635,0.7208,707,938,314,576,168.6939
12,106.7589,1,331.3641,281.0483,28864.0,20076.0,246.9843,0.9444,1.5556,196.0,14.9967,0.8304,0.9073,245,476,314,576,168.6939
12,106.7589,2,558.6956,230.4842,9425.0,9425.0,191.8829,0.1773,2.3914,196.0,3.5239,0.8522,0.9202,476,707,314,576,168.6939
12,106.7589,3,863.7098,355.7654,15181.0,4840.0,184.8116,0.7916,2.7649,269.0,29.1767,0.451,0.6216,707,938,314,576,168.6939
12,107.1663,1,328.2148,288.0711,31230.0,20823.0,302.1817,0.78,1.6729,196.0,16.0021,0.8408,0.9135,245,476,314,576,168.6939
12,107.1663,2,558.5921,231.4291,9656.0,9656.0,179.2671,0.0256,2.56,196.0,3.0212,0.9177,0.9571,476,707,314,576,168.6939
12,107.1663,3,865.1254,396.5424,12167.0,1822.0,172.5541,0.9259,2.4253,285.0,23.9991,0.3409,0.5084,707,938,314,576,168.6939
12,107.5738,1,325.2191,298.2231,34771.0,21961.0,325.137,0.8324,1.7878,196.0,16.0162,0.8484,0.918,245,476,314,576,168.6939
12,107.5738,2,561.422,233.2514,10206.0,10206.0,191.1969,0.2025,2.2757,196.0,2.5636,0.9237,0.9603,476,707,314,576,168.6939
12,107.5738,3,861.3591,427.953,9272.0,96.0,142.0855,0.8988,2.2001,306.0,32.0832,0.3655,0.5354,707,938,314,576,168.6939
12,107.9813,1,321.7808,353.3647,42463.0,19973.0,251.7433,0.0027,2.3274,196.0,22.1738,0.6438,0.7833,245,476,314,576,168.6939
12,107.9813,2,562.7883,233.7877,10440.0,10440.0,192.8286,0.1758,2.3008,196.0,4.4521,0.8893,0.9414,476,707,314,576,168.6939
12,107.9813,3,907.5792,395.6474,8061.0,1602.0,174.1526,0.9998,4.3648,292.0,28.3586,0.2785,0.4357,707,938,314,576,168.6939
12,108.3888,1,322.3611,352.5306,47763.0,22062.0,463.5595,0.9665,2.4909,196.0,17.5674,0.8313,0.9079,245,476,314,576,168.6939
12,108.3888,2,559.7122,233.9903,10406.0,10406.0,189.5738,0.1976,2.206,196.0,3.8413,0.8992,0.9469,476,707,314,576,168.6939
12,108.3888,3,913.6756,409.6007,8876.0,1240.0,158.5094,0.998,3.4845,308.0,21.8235,0.5563,0.7149,707,938,314,576,168.6939
12,108.7963,1,340.0076,282.4797,31753.0,22113.0,275.1548,0.7695,1.4747,196.0,20.5197,0.6009,0.7507,245,476,314,576,168.6939
12,108.7963,2,605.3973,286.0467,19845.0,12791.0,191.3296,0.215,2.2339,196.0,12.4215,0.5101,0.6755,476,707,314,576,168.6939
12,108.7963,3,900.1104,357.0005,13247.0,5189.0,164.3395,0.9979,2.9926,286.0,17.6937,0.4139,0.5855,707,938,314,576,168.6939
12,109.2037,1,353.0018,280.0655,31390.0,22249.0,240.5734,0.8151,1.1729,196.0,22.1847,0.7794,0.876,245,476,314,576,168.6939
12,109.2037,2,605.1497,286.8435,19047.0,12029.0,192.5132,0.1872,2.292,196.0,11.2744,0.8274,0.9055,476,707,314,576,168.6939
12,109.2037,3,892.7334,346.6429,14720.0,4861.0,237.0155,0.9355,2.9004,236.0,16.6111,0.6606,0.7957,707,938,314,576,168.6939
12,109.6112,1,365.0402,280.9885,29115.0,20634.0,244.7868,0.8415,1.1691,196.0,28.4205,0.6737,0.805,245,476,314,576,168.6939
12,109.6112,2,559.7277,233.2612,10141.0,10141.0,191.9637,0.1898,2.2826,196.0,10.7342,0.5129,0.678,476,707,314,576,168.6939
12,109.6112,3,883.8506,371.6643,18887.0,4772.0,251.8202,0.955,2.87,231.0,28.6003,0.5509,0.7104,707,938,314,576,168.6939
12,110.0187,1,372.8581,271.7453,25265.0,18923.0,248.7279,0.0256,2.5102,196.0,26.5078,0.6661,0.7996,245,476,314,576,168.6939
12,110.0187,2,561.0207,233.2066,10079.0,10079.0,193.0447,0.1943,2.311,196.0,2.2686,0.9457,0.9721,476,707,314,576,168.6939
12,110.0187,3,844.877,352.7608,15971.0,4596.0,220.7491,0.9984,2.3468,237.0,32.5311,0.3906,0.5618,707,938,314,576,168.6939
12,110.4262,1,366.7318,270.3825,26142.0,19329.0,254.2547,0.6522,1.3581,196.0,16.3061,0.7323,0.8454,245,476,314,576,168.6939
12,110.4262,2,652.7203,379.788,9833.0,1623.0,119.242,0.7722,1.8294,313.0,15.1839,0.0,0.0,476,707,314,576,168.6939
12,110.4262,3,827.6721,378.1746,17524.0,3825.0,193.9311,0.7109,2.5573,311.0,39.8148,0.4033,0.5748,707,938,314,576,168.6939
12,110.8336,1,348.9648,279.6586,29959.0,21028.0,223.6712,0.4386,1.0999,196.0,19.6446,0.6463,0.7852,245,476,314,576,168.6939
12,110.8336,2,560.7476,232.642,10053.0,10053.0,190.6745,0.2023,2.2876,196.0,18.9382,0.0,0.0,476,707,314,576,168.6939
12,110.8336,3,790.538,364.7142,29449.0,11948.0,182.0579,0.8997,2.0868,274.0,19.9554,0.3446,0.5126,707,938,314,576,168.6939
12,111.2411,1,343.1883,275.8943,29745.0,22382.0,243.907,0.557,1.288,196.0,20.618,0.7268,0.8418,245,476,314,576,168.6939
12,111.2411,2,599.7621,276.9774,15960.0,10269.0,192.7078,0.1848,2.3081,196.0,8.0111,0.5824,0.7361,476,707,314,576,168.6939
12,111.2411,3,802.1311,325.1599,26931.0,13237.0,253.6108,0.965,2.6025,221.0,16.4782,0.5822,0.7359,707,938,314,576,168.6939
12,111.6486,1,341.0684,277.1012,27487.0,20140.0,235.9048,0.9914,1.5185,196.0,18.1903,0.761,0.8643,245,476,314,576,168.6939
12,111.6486,2,558.4817,232.5212,9834.0,9834.0,191.5068,0.1766,2.2399,196.0,9.6907,0.5735,0.7289,476,707,314,576,168.6939
12,111.6486,3,773.7489,410.8123,25705.0,4935.0,180.0389,0.9888,1.587,309.0,24.2401,0.3414,0.509,707,938,314,576,168.6939
12,112.0561,1,340.0209,277.4565,28882.0,21524.0,261.2592,0.6413,1.3982,196.0,14.7942,0.828,0.9059,245,476,314,576,168.6939
12,112.0561,2,599.7009,289.7419,18373.0,11306.0,319.1859,0.7378,2.796,196.0,13.6609,0.5075,0.6733,476,707,314,576,168.6939
12,112.0561,3,763.1104,386.0672,23230.0,7356.0,284.753,0.993,3.5698,220.0,26.0424,0.6263,0.7702,707,938,314,576,168.6939
12,112.4635,1,344.3032,279.3307,28737.0,21003.0,256.6807,0.8181,1.261,196.0,19.2867,0.7944,0.8854,245,476,314,576,168.6939
12,112.4635,2,592.7365,282.9675,17529.0,11075.0,191.5191,0.1866,2.2331,196.0,13.1942,0.7535,0.8595,476,707,314,576,168.6939
12,112.4635,3,783.1975,359.0681,19394.0,8781.0,138.4594,0.9694,2.283,283.0,20.8606,0.4907,0.6583,707,938,314,576,168.6939
12,112.871,1,338.3629,331.8037,38998.0,22278.0,252.5069,0.9884,1.6203,196.0,14.9173,0.6721,0.8039,245,476,314,576,168.6939
12,112.871,2,588.9062,291.3682,19096.0,11015.0,188.758,0.1879,2.183,196.0,17.1485,0.7252,0.8407,476,707,314,576,168.6939
12,112.871,3,810.9436,381.9738,15651.0,4498.0,241.1714,0.9493,3.6195,227.0,28.2281,0.3344,0.5012,707,938,314,576,168.6939
12,113.2785,1,344.7218,289.9812,34678.0,23202.0,254.6352,0.8911,1.2066,196.0,13.3957,0.698,0.8221,245,476,314,576,168.6939
12,113.2785,2,585.0393,297.297,21109.0,11672.0,191.686,0.2189,2.1177,196.0,14.3526,0.7984,0.8879,476,707,314,576,168.6939
12,113.2785,3,852.531,341.0937,17088.0,6078.0,225.3212,0.9558,1.9898,232.0,28.9714,0.3956,0.567,707,938,314,576,168.6939
12,113.686,1,342.9628,294.8711,36434.0,23490.0,278.4602,0.927,1.3308,196.0,16.9003,0.8666,0.9285,245,476,314,576,168.6939
12,113.686,2,577.0392,289.4287,23080.0,14201.0,187.6544,0.1994,2.055,196.0,13.935,0.7083,0.8293,476,707,314,576,168.6939
12,113.686,3,868.5976,352.2992,19946.0,6042.0,224.9446,0.9962,2.0897,230.0,38.8666,0.5075,0.6733,707,938,314,576,168.6939
12,114.0934,1,340.941,305.6041,37825.0,22859.0,310.1402,0.9582,1.5083,196.0,16.8608,0.8352,0.9102,245,476,314,576,168.6939
12,114.0934,2,570.6157,289.1793,22369.0,13849.0,184.5737,0.1853,2.0103,196.0,15.1024,0.7888,0.882,476,707,314,576,168.6939
12,114.0934,3,868.1065,345.9228,20478.0,6332.0,218.7713,0.9778,1.949,226.0,23.5382,0.6787,0.8086,707,938,314,576,168.6939
12,114.5009,1,339.1656,289.9326,35662.0,23661.0,272.6131,0.7569,1.3596,196.0,17.6641,0.8043,0.8915,245,476,314,576,168.6939
12,114.5009,2,566.5581,289.8819,21717.0,13533.0,187.5183,0.1771,2.0196,196.0,13.9315,0.7917,0.8838,476,707,314,576,168.6939
12,114.5009,3,867.4789,359.3267,21805.0,6454.0,210.128,0.9798,1.8249,227.0,16.3346,0.7294,0.8435,707,938,314,576,168.6939
12,114.9084,1,334.7595,294.5867,34218.0,21604.0,264.2228,0.992,1.641,196.0,20.9245,0.8365,0.911,245,476,314,576,168.6939
12,114.9084,2,565.9796,294.9729,21058.0,12657.0,189.2805,0.1615,2.1667,196.0,14.7387,0.7643,0.8664,476,707,314,576,168.6939
12,114.9084,3,855.7449,343.0435,15439.0,4677.0,198.3138,0.9999,2.3957,235.0,23.0854,0.5745,0.7298,707,938,314,576,168.6939
12,115.3159,1,321.9283,302.9859,34012.0,20406.0,306.8111,0.97,2.0747,196.0,26.762,0.7395,0.8503,245,476,314,576,168.6939
12,115.3159,2,561.7619,289.8873,17855.0,10603.0,113.7717,0.7662,1.1721,287.0,23.1589,0.6628,0.7972,476,707,314,576,168.6939
12,115.3159,3,842.3003,387.2801,11340.0,2234.0,155.3585,0.9717,2.1212,274.0,25.6388,0.4303,0.6017,707,938,314,576,168.6939
12,115.7234,1,320.813,297.1509,32000.0,20145.0,292.4121,0.9594,2.0148,196.0,18.4711,0.8562,0.9225,245,476,314,576,168.6939
12,115.7234,2,554.4261,230.3064,8381.0,8381.0,152.0026,0.1432,2.4283,196.0,18.4883,0.4308,0.6021,476,707,314,576,168.6939
12,115.7234,3,847.8609,349.9175,13144.0,3766.0,131.6378,0.9933,1.3641,271.0,30.438,0.4369,0.6082,707,938,314,576,168.6939
12,116.1308,1,305.5139,326.8123,27487.0,14247.0,303.812,0.9759,2.2871,196.0,14.0706,0.6917,0.8177,245,476,314,576,168.6939
12,116.1308,2,553.2962,229.1462,8194.0,8194.0,150.6946,0.1729,2.3919,196.0,2.8676,0.8222,0.9024,476,707,314,576,168.6939
12,116.1308,3,837.3055,349.098,10580.0,2828.0,153.1778,0.997,1.8406,272.0,32.8928,0.5125,0.6777,707,938,314,576,168.6939
12,116.5383,1,300.1807,352.8791,32994.0,14818.0,327.876,0.9752,2.5153,196.0,11.4257,0.7763,0.8741,245,476,314,576,168.6939
12,116.5383,2,568.308,285.6793,15573.0,9785.0,156.3294,0.1286,2.5416,196.0,9.3981,0.472,0.6413,476,707,314,576,168.6939
12,116.5383,3,829.9477,357.9179,9408.0,2055.0,161.7466,0.808,2.6248,271.0,39.0826,0.4151,0.5867,707,938,314,576,168.6939
12,116.9458,1,299.1076,365.4334,35157.0,13911.0,443.7358,0.9878,3.3171,196.0,14.7871,0.8419,0.9141,245,476,314,576,168.6939
12,116.9458,2,592.057,344.748,9667.0,2870.0,146.3477,0.9585,2.2628,263.0,20.7589,0.3637,0.5334,476,707,314,576,168.6939
12,116.9458,3,847.6113,341.6078,9706.0,3020.0,130.982,0.9888,1.8665,271.0,38.0272,0.4319,0.6032,707,938,314,576,168.6939
12,117.3533,1,300.5456,366.3722,30386.0,11684.0,289.1912,0.9972,3.4054,196.0,15.2403,0.7378,0.8491,245,476,314,576,168.6939
12,117.3533,2,601.9738,337.8149,7978.0,1911.0,125.6901,0.5666,2.0011,293.0,38.7477,0.3638,0.5335,476,707,314,576,168.6939
12,117.3533,3,853.036,360.2127,8113.0,1344.0,128.5219,0.9948,1.9009,285.0,27.7587,0.542,0.703,707,938,314,576,168.6939
12,117.7607,1,307.9618,335.547,28173.0,13453.0,308.3829,0.9705,2.0893,196.0,21.9793,0.6668,0.8001,245,476,314,576,168.6939
12,117.7607,2,598.3371,287.8752,18194.0,10739.0,141.034,0.4369,1.7105,290.0,28.5052,0.3297,0.4959,476,707,314,576,168.6939
12,117.7607,3,853.7966,369.4662,10141.0,1290.0,145.2787,0.9696,2.1296,279.0,31.3196,0.5603,0.7182,707,938,314,576,168.6939
12,118.1682,1,304.879,328.6596,28257.0,14442.0,319.2384,0.978,2.5969,196.0,28.6831,0.7337,0.8464,245,476,314,576,168.6939
12,118.1682,2,606.9342,292.2025,18073.0,10259.0,137.7749,0.4648,1.7834,290.0,19.1633,0.7134,0.8327,476,707,314,576,168.6939
12,118.1682,3,871.9876,346.9229,11594.0,2992.0,164.4265,0.8104,1.8308,271.0,35.9387,0.4313,0.6026,707,938,314,576,168.6939
12,118.5757,1,318.8119,311.3949,30680.0,18285.0,256.5271,0.9879,1.7642,196.0,25.079,0.5726,0.7282,245,476,314,576,168.6939
12,118.5757,2,606.4544,293.8265,19625.0,11303.0,137.8854,0.6471,1.4872,288.0,15.5202,0.7663,0.8677,476,707,314,576,168.6939
12,118.5757,3,880.1855,349.3644,11864.0,3041.0,138.2806,0.8858,1.3923,279.0,30.9877,0.6381,0.7791,707,938,314,576,168.6939
12,118.9832,1,306.0368,302.6519,23624.0,13388.0,300.1178,0.9894,2.132,196.0,21.9367,0.6438,0.7833,245,476,314,576,168.6939
12,118.9832,2,603.7987,299.9961,18005.0,9589.0,134.3135,0.6535,1.5819,290.0,16.8082,0.7527,0.8589,476,707,314,576,168.6939
12,118.9832,3,894.3905,367.7647,10298.0,1666.0,170.2137,0.9315,2.4494,270.0,34.0989,0.4818,0.6503,707,938,314,576,168.6939
12,119.3906,1,319.1263,322.1209,28655.0,16080.0,307.1017,0.9642,2.1254,196.0,22.8845,0.5901,0.7422,245,476,314,576,168.6939
12,119.3906,2,645.1825,358.5417,8757.0,1289.0,120.3602,0.6342,1.6384,298.0,19.6082,0.3656,0.5355,476,707,314,576,168.6939
12,119.3906,3,891.8441,416.5953,8918.0,86.0,162.9838,0.9479,2.5317,308.0,47.6195,0.3211,0.4862,707,938,314,576,168.6939
12,119.7981,1,304.8146,341.3007,26261.0,12779.0,196.798,0.9994,2.8614,278.0,19.5454,0.6821,0.811,245,476,314,576,168.6939
12,119.7981,2,660.1471,359.6492,6157.0,207.0,104.5454,0.6837,1.6372,305.0,38.5592,0.4762,0.6452,476,707,314,576,168.6939
12,119.7981,3,904.9525,426.1115,10100.0,882.0,184.9246,0.9927,3.513,285.0,31.1546,0.4522,0.6228,707,938,314,576,168.6939
12,120.2056,1,319.5765,323.9434,33526.0,18439.0,299.2602,0.9939,2.4313,196.0,26.482,0.6485,0.7868,245,476,314,576,168.6939
12,120.2056,2,656.3666,377.8795,6173.0,94.0,101.502,0.7612,1.6888,309.0,33.4399,0.5554,0.7142,476,707,314,576,168.6939
12,120.2056,3,918.9938,379.8012,8060.0,1718.0,198.5751,1.0,4.1163,266.0,28.4815,0.4605,0.6306,707,938,314,576,168.6939
12,120.6131,1,326.3354,312.3919,32740.0,19626.0,256.0122,0.9839,1.717,196.0,22.0137,0.755,0.8604,245,476,314,576,168.6939
12,120.6131,2,663.2432,373.791,6044.0,140.0,106.5284,0.8199,1.7557,307.0,26.5439,0.6058,0.7545,476,707,314,576,168.6939
12,120.6131,3,904.6305,387.0584,13357.0,2580.0,209.668,0.9835,2.8226,279.0,39.0016,0.4034,0.5749,707,938,314,576,168.6939
12,121.0206,1,319.7596,298.0415,30647.0,19146.0,274.592,0.9623,1.9643,196.0,22.5833,0.7324,0.8455,245,476,314,576,168.6939
12,121.0206,2,543.4199,222.7603,6037.0,6037.0,94.8232,0.0332,1.6185,196.0,15.8709,0.0,0.0,476,707,314,576,168.6939
12,121.0206,3,876.9728,340.2094,14677.0,4741.0,182.9576,0.932,1.9866,246.0,44.2267,0.386,0.557,707,938,314,576,168.6939
12,121.428,1,310.4773,322.3122,33648.0,18663.0,408.4698,0.977,3.0606,196.0,24.6919,0.7326,0.8456,245,476,314,576,168.6939
12,121.428,2,672.2046,366.8988,5166.0,227.0,94.7144,0.9685,1.6239,305.0,18.8638,0.0,0.0,476,707,314,576,168.6939
12,121.428,3,848.9441,372.0074,14833.0,3369.0,213.1591,0.9955,2.477,255.0,51.3166,0.3306,0.4969,707,938,314,576,168.6939
12,121.8355,1,314.2188,323.6032,36441.0,19451.0,397.6932,0.9742,2.8901,196.0,22.9715,0.8463,0.9168,245,476,314,576,168.6939
12,121.8355,2,543.7238,221.5787,5905.0,5905.0,91.2837,0.0457,1.5836,196.0,14.5792,0.0,0.0,476,707,314,576,168.6939
12,121.8355,3,833.9877,381.5478,13077.0,2226.0,183.49,0.9168,2.3489,290.0,36.3049,0.48,0.6487,707,938,314,576,168.6939
12,122.243,1,338.7778,297.8467,29856.0,17926.0,276.2123,0.9973,1.7323,196.0,31.1696,0.5907,0.7427,245,476,314,576,168.6939
12,122.243,2,527.8848,220.3734,5086.0,5086.0,93.0152,0.1189,1.5795,196.0,2.6137,0.7438,0.8531,476,707,314,576,168.6939
12,122.243,3,795.0216,341.5818,12431.0,4471.0,188.6862,0.8976,3.0057,262.0,33.9935,0.3382,0.5054,707,938,314,576,168.6939
12,122.6505,1,353.0064,289.826,26909.0,16968.0,184.4867,0.1315,2.1469,196.0,27.9998,0.6118,0.7591,245,476,314,576,168.6939
12,122.6505,2,551.0085,225.1969,7313.0,7313.0,151.7423,0.1544,2.5519,196.0,3.9352,0.6817,0.8107,476,707,314,576,168.6939
12,122.6505,3,784.7814,393.9226,14513.0,874.0,178.909,0.9801,2.0481,294.0,41.9649,0.2626,0.416,707,938,314,576,168.6939
12,123.0579,1,367.5524,279.0866,26091.0,18690.0,266.2959,0.7408,1.3776,196.0,29.9615,0.5982,0.7486,245,476,314,576,168.6939
12,123.0579,2,558.8058,230.4664,9391.0,9391.0,190.1469,0.1263,2.3534,196.0,5.8061,0.763,0.8655,476,707,314,576,168.6939
12,123.0579,3,768.929,375.9693,19437.0,6041.0,176.5014,0.9992,2.8214,276.0,23.1639,0.3537,0.5226,707,938,314,576,168.6939
12,123.4654,1,370.0657,273.4467,26237.0,19359.0,272.6387,0.7226,1.468,196.0,20.0914,0.6601,0.7953,245,476,314,576,168.6939
12,123.4654,2,557.7016,231.6248,9657.0,9657.0,190.2866,0.1264,2.3227,196.0,3.7139,0.9123,0.9541,476,707,314,576,168.6939
12,123.4654,3,768.8097,357.9575,18752.0,5313.0,217.9995,0.976,3.4925,290.0,19.2364,0.5483,0.7083,707,938,314,576,168.6939
12,123.8729,1,352.0026,275.9257,29936.0,22691.0,228.3489,0.348,1.0665,196.0,26.9062,0.6346,0.7764,245,476,314,576,168.6939
12,123.8729,2,554.2698,229.8415,9091.0,9091.0,178.0979,0.006,2.4747,196.0,2.7894,0.8746,0.9331,476,707,314,576,168.6939
12,123.8729,3,773.4085,400.9276,23430.0,4731.0,179.2889,0.9638,2.1658,297.0,17.5184,0.5644,0.7216,707,938,314,576,168.6939
12,124.2804,1,332.5904,283.3996,32144.0,22468.0,279.1342,0.6897,1.5534,196.0,42.3995,0.6257,0.7697,245,476,314,576,168.6939
12,124.2804,2,557.6732,232.4831,9977.0,9977.0,186.9106,0.1328,2.2392,196.0,4.3519,0.8805,0.9364,476,707,314,576,168.6939
12,124.2804,3,773.8593,345.1155,18737.0,6490.0,136.8131,0.9735,1.5036,289.0,18.1025,0.5461,0.7064,707,938,314,576,168.6939
12,124.6878,1,328.1728,277.8822,26739.0,20178.0,321.4652,0.6993,1.7932,196.0,29.41,0.685,0.8131,245,476,314,576,168.6939
12,124.6878,2,557.7679,231.0335,9590.0,9590.0,188.6512,0.1374,2.3046,196.0,4.3997,0.9014,0.9481,476,707,314,576,168.6939
12,124.6878,3,779.7283,419.3262,16009.0,1150.0,147.3798,0.9955,1.5875,282.0,16.837,0.3972,0.5685,707,938,314,576,168.6939
12,125.0953,1,315.4206,351.1052,37363.0,18537.0,453.8768,0.9843,3.4027,196.0,14.5862,0.5979,0.7484,245,476,314,576,168.6939
12,125.0953,2,557.537,230.8611,9523.0,9523.0,188.9084,0.1529,2.3226,196.0,3.3584,0.9213,0.959,476,707,314,576,168.6939
12,125.0953,3,772.649,387.2043,23035.0,5865.0,174.4913,0.9714,1.855,285.0,14.5425,0.5782,0.7327,707,938,314,576,168.6939
12,125.5028,1,318.1261,339.1231,37435.0,19847.0,315.0049,0.9536,2.1896,196.0,12.434,0.8092,0.8945,245,476,314,576,168.6939
12,125.5028,2,558.4578,231.0677,9591.0,9591.0,191.5035,0.156,2.2793,196.0,2.7009,0.9358,0.9668,476,707,314,576,168.6939
12,125.5028,3,784.323,396.8534,30570.0,8271.0,201.6642,1.0,1.8387,287.0,13.4048,0.6182,0.7641,707,938,314,576,168.6939
12,125.9103,1,320.4455,332.7478,39903.0,21879.0,278.9338,0.9571,1.908,196.0,18.488,0.8323,0.9085,245,476,314,576,168.6939
12,125.9103,2,558.5799,232.559,9960.0,9960.0,190.0674,0.1305,2.308,196.0,2.3106,0.9279,0.9626,476,707,314,576,168.6939
12,125.9103,3,777.338,415.6287,24091.0,3692.0,174.7913,0.9379,1.7554,314.0,10.4904,0.7057,0.8274,707,938,314,576,168.6939
12,126.3177,1,317.2385,345.1516,43761.0,21620.0,415.2533,0.9815,3.0967,196.0,11.6651,0.8661,0.9283,245,476,314,576,168.6939
12,126.3177,2,601.4972,283.7924,16153.0,9958.0,191.3661,0.1698,2.259,196.0,6.9994,0.5333,0.6956,476,707,314,576,168.6939
12,126.3177,3,782.6778,372.5268,27904.0,9296.0,172.0001,0.9996,1.7254,311.0,18.6322,0.5845,0.7378,707,938,314,576,168.6939
12,126.7252,1,324.6839,343.052,43516.0,22445.0,462.1548,0.9679,2.4575,196.0,21.0134,0.8268,0.9052,245,476,314,576,168.6939
12,126.7252,2,558.2401,232.5925,9970.0,9970.0,190.0721,0.1392,2.2836,196.0,10.2322,0.5376,0.6992,476,707,314,576,168.6939
12,126.7252,3,804.2572,404.9787,22639.0,4315.0,364.9927,0.9608,4.1093,234.0,26.7172,0.4387,0.6099,707,938,314,576,168.6939
12,127.1327,1,328.8208,342.1879,43270.0,22523.0,460.1616,0.9735,2.4696,196.0,14.572,0.8775,0.9348,245,476,314,576,168.6939
12,127.1327,2,558.7224,232.4828,9950.0,9950.0,190.932,0.1647,2.2277,196.0,1.9967,0.952,0.9754,476,707,314,576,168.6939
12,127.1327,3,832.1543,383.9539,17018.0,3839.0,227.0752,0.9748,2.869,234.0,36.0812,0.4614,0.6315,707,938,314,576,168.6939
12,127.5402,1,331.1679,338.8689,39271.0,20973.0,289.9956,0.9995,1.9237,196.0,11.458,0.8503,0.9191,245,476,314,576,168.6939
12,127.5402,2,595.1511,285.824,17957.0,10757.0,191.5153,0.1829,2.1904,196.0,9.4474,0.5414,0.7025,476,707,314,576,168.6939
12,127.5402,3,856.3701,370.3986,19892.0,5790.0,226.2757,0.9938,2.1193,227.0,31.4214,0.4936,0.661,707,938,314,576,168.6939
12,127.9477,1,332.6768,342.2197,42932.0,22681.0,396.0914,0.9863,1.9736,196.0,11.0735,0.8517,0.9199,245,476,314,576,168.6939
12,127.9477,2,558.7358,233.0031,10054.0,10054.0,190.5482,0.1724,2.2294,196.0,8.2894,0.5495,0.7093,476,707,314,576,168.6939
12,127.9477,3,867.2231,366.1094,18034.0,5449.0,231.9311,0.9995,2.3641,231.0,24.1507,0.658,0.7938,707,938,314,576,168.6939
12,128.3551,1,328.9944,339.6082,40950.0,21509.0,296.5623,0.8848,1.5025,196.0,11.6125,0.8294,0.9068,245,476,314,576,168.6939
12,128.3551,2,557.7896,232.6436,9840.0,9840.0,189.5645,0.1621,2.1679,196.0,1.6879,0.9426,0.9704,476,707,314,576,168.6939
12,128.3551,3,869.742,371.9094,17631.0,4738.0,238.8164,0.9976,2.5086,231.0,22.3718,0.6929,0.8186,707,938,314,576,168.6939
12,128.7626,1,328.0736,341.1697,43877.0,22451.0,299.8255,0.8563,1.527,196.0,11.7594,0.866,0.9282,245,476,314,576,168.6939
12,128.7626,2,588.8428,286.3756,20244.0,12567.0,187.8987,0.1784,2.0326,196.0,8.8084,0.4832,0.6516,476,707,314,576,168.6939
12,128.7626,3,877.6521,341.8552,17183.0,6155.0,203.2769,0.9646,2.0857,226.0,28.511,0.5967,0.7474,707,938,314,576,168.6939
12,129.1701,1,328.07,344.4857,44450.0,22435.0,460.2636,0.9727,2.4051,196.0,11.3571,0.8864,0.9398,245,476,314,576,168.6939
12,129.1701,2,559.0096,234.5247,10625.0,10625.0,187.6281,0.1782,2.1233,196.0,8.1392,0.5155,0.6803,476,707,314,576,168.6939
12,129.1701,3,868.4865,353.8929,18455.0,5217.0,186.4104,0.8376,2.4578,304.0,30.4665,0.5575,0.7159,707,938,314,576,168.6939
12,129.5776,1,323.942,355.4483,51320.0,23071.0,453.4125,0.968,2.3385,196.0,17.0318,0.8114,0.8959,245,476,314,576,168.6939
12,129.5776,2,585.1128,288.2351,20300.0,12154.0,190.9443,0.1563,2.1538,196.0,8.244,0.5037,0.6699,476,707,314,576,168.6939
12,129.5776,3,847.2873,372.7789,20078.0,5701.0,227.1452,0.99,1.9675,231.0,26.4725,0.4471,0.6179,707,938,314,576,168.6939
12,129.985,1,330.8193,339.1763,41299.0,22174.0,280.3531,0.8761,1.3776,196.0,21.5727,0.7441,0.8533,245,476,314,576,168.6939
12,129.985,2,585.5747,285.2721,20035.0,12492.0,187.5014,0.1716,2.0826,196.0,11.0899,0.8018,0.89,476,707,314,576,168.6939
12,129.985,3,800.9072,315.1646,20751.0,10986.0,170.6181,0.8061,2.1648,278.0,25.4815,0.3774,0.548,707,938,314,576,168.6939
12,130.3925,1,338.6195,309.878,36353.0,22237.0,272.2438,0.8326,1.3116,196.0,15.8446,0.7611,0.8644,245,476,314,576,168.6939
12,130.3925,2,584.8784,286.5741,20823.0,12918.0,189.1215,0.1605,2.1196,196.0,12.3401,0.845,0.916,476,707,314,576,168.6939
12,130.3925,3,783.3074,377.6554,30837.0,10604.0,192.9252,0.995,1.84,295.0,31.8049,0.4053,0.5768,707,938,314,576,168.6939
12,130.8,1,338.6911,287.8068,34235.0,23167.0,268.1227,0.7257,1.3418,196.0,17.1202,0.7675,0.8685,245,476,314,576,168.6939
12,130.8,2,578.098,289.9772,22551.0,13836.0,185.349,0.18,2.034,196.0,14.8158,0.7066,0.8281,476,707,314,576,168.6939
12,130.8,3,763.5767,391.7352,22432.0,5816.0,200.8101,0.9946,2.2983,294.0,16.5383,0.6079,0.7561,707,938,314,576,168.6939
12,131.2075,1,333.4736,291.0326,34832.0,22829.0,286.331,0.7327,1.4768,196.0,18.6911,0.8573,0.9232,245,476,314,576,168.6939
12,131.2075,2,572.9689,295.3184,23382.0,13784.0,182.5117,0.1945,1.9823,196.0,14.3215,0.7686,0.8692,476,707,314,576,168.6939
12,131.2075,3,778.9234,368.3304,30483.0,11940.0,306.3688,0.9928,3.2364,221.0,11.4566,0.6023,0.7518,707,938,314,576,168.6939
12,131.6149,1,330.2763,300.5016,37262.0,23223.0,320.9904,0.8149,1.6841,196.0,26.3486,0.8267,0.9052,245,476,314,576,168.6939
12,131.6149,2,571.7677,295.4405,23371.0,13986.0,186.1066,0.1688,2.0425,196.0,11.8712,0.8016,0.8899,476,707,314,576,168.6939
12,131.6149,3,774.9461,419.5498,28737.0,5898.0,266.5577,0.9992,2.5115,303.0,12.7522,0.5883,0.7408,707,938,314,576,168.6939
12,132.0224,1,321.5522,345.971,44970.0,22603.0,443.5669,0.952,2.1789,196.0,16.5134,0.7057,0.8275,245,476,314,576,168.6939
12,132.0224,2,569.552,289.2132,23082.0,14665.0,234.0401,0.8954,1.5908,196.0,14.5016,0.8002,0.889,476,707,314,576,168.6939
12,132.0224,3,767.4311,389.4619,26504.0,8019.0,284.2535,0.9874,3.257,219.0,18.5356,0.6388,0.7796,707,938,314,576,168.6939
12,132.4299,1,322.8379,335.4799,41930.0,22547.0,339.5215,0.8123,1.7884,196.0,12.4415,0.8417,0.914,245,476,314,576,168.6939
12,132.4299,2,564.7007,302.4955,26485.0,16065.0,266.9247,0.9941,1.7878,196.0,26.8395,0.6624,0.7969,476,707,314,576,168.6939
12,132.4299,3,784.4277,386.6725,36367.0,11983.0,202.351,0.9989,1.923,290.0,15.34,0.5943,0.7455,707,938,314,576,168.6939
12,132.8374,1,321.5534,345.6434,44877.0,22922.0,463.3539,0.9563,2.2771,196.0,13.3584,0.847,0.9172,245,476,314,576,168.6939
12,132.8374,2,558.9037,300.4204,26719.0,16302.0,260.6501,0.998,1.751,196.0,32.9007,0.6926,0.8184,476,707,314,576,168.6939
12,132.8374,3,767.3387,403.0429,24840.0,5883.0,301.1062,0.9924,3.6433,302.0,15.0991,0.5721,0.7278,707,938,314,576,168.6939
12,133.2449,1,330.0272,327.3601,41880.0,24471.0,301.3922,0.7162,1.5774,196.0,23.3834,0.7935,0.8848,245,476,314,576,168.6939
12,133.2449,2,553.7811,287.974,22641.0,15633.0,244.2675,0.986,1.6414,196.0,21.4987,0.7973,0.8872,476,707,314,576,168.6939
12,133.2449,3,767.0242,307.422,12330.0,6732.0,150.1502,0.9866,2.6388,278.0,25.5988,0.3686,0.5387,707,938,314,576,168.6939
12,133.6523,1,337.0109,295.2072,38567.0,25625.0,300.261,0.7039,1.5314,196.0,18.8332,0.771,0.8707,245,476,314,576,168.6939
12,133.6523,2,557.9967,270.6153,21520.0,17149.0,181.1398,0.9921,1.0882,196.0,24.9976,0.7428,0.8524,476,707,314,576,168.6939
12,133.6523,3,790.5622,315.8757,22699.0,13622.0,268.5812,0.9465,2.6798,226.0,22.4702,0.4619,0.6319,707,938,314,576,168.6939
12,134.0598,1,337.4651,331.4991,44351.0,25992.0,269.6583,0.5778,1.3512,196.0,16.0154,0.6811,0.8103,245,476,314,576,168.6939
12,134.0598,2,574.5733,274.2261,26599.0,20839.0,192.702,0.9141,1.1161,196.0,13.1317,0.7769,0.8744,476,707,314,576,168.6939
12,134.0598,3,797.3586,373.3757,39732.0,15585.0,414.3173,0.9962,3.345,219.0,16.604,0.525,0.6885,707,938,314,576,168.6939
12,134.4673,1,336.6266,333.3507,46921.0,26393.0,276.8066,0.605,1.3562,196.0,13.2325,0.8879,0.9406,245,476,314,576,168.6939
12,134.4673,2,581.02,287.2832,30995.0,21432.0,228.6893,0.6172,1.1366,196.0,20.8412,0.7762,0.874,476,707,314,576,168.6939
12,134.4673,3,797.0099,368.6802,44035.0,16779.0,281.3996,0.9937,1.6139,219.0,13.1749,0.799,0.8883,707,938,314,576,168.6939
12,134.8748,1,340.495,292.4568,38492.0,25759.0,290.1322,0.716,1.4398,196.0,13.6826,0.7455,0.8542,245,476,314,576,168.6939
12,134.8748,2,592.8257,284.9929,30791.0,22012.0,249.9834,0.5777,1.4075,196.0,21.871,0.7834,0.8785,476,707,314,576,168.6939
12,134.8748,3,793.7066,355.7386,39415.0,16896.0,212.9842,0.9955,1.1449,219.0,13.8479,0.7867,0.8806,707,938,314,576,168.6939
12,135.2822,1,339.1761,294.4714,39230.0,25927.0,295.4686,0.7194,1.4889,196.0,11.457,0.9283,0.9628,245,476,314,576,168.6939
12,135.2822,2,608.2941,294.0313,32184.0,20930.0,305.2305,0.6636,1.9156,196.0,27.1634,0.721,0.8379,476,707,314,576,168.6939
12,135.2822,3,786.3045,378.1657,49045.0,16688.0,387.4236,0.9984,2.9863,219.0,23.5855,0.6931,0.8188,707,938,314,576,168.6939
12,135.6897,1,335.435,297.0947,38780.0,25064.0,309.3696,0.774,1.5734,196.0,13.573,0.8895,0.9415,245,476,314,576,168.6939
12,135.6897,2,609.4096,283.4703,26449.0,19420.0,181.2826,0.1152,1.6213,196.0,25.8631,0.7784,0.8754,476,707,314,576,168.6939
12,135.6897,3,786.9241,383.984,48227.0,15995.0,392.2024,0.9977,3.0576,219.0,11.2815,0.8992,0.9469,707,938,314,576,168.6939
12,136.0972,1,325.8461,348.8018,49776.0,25309.0,473.0032,0.9641,2.2143,196.0,14.2199,0.7019,0.8248,245,476,314,576,168.6939
12,136.0972,2,601.9308,270.3146,24311.0,19627.0,292.4373,0.4661,2.207,196.0,16.7355,0.8142,0.8976,476,707,314,576,168.6939
12,136.0972,3,786.4775,366.2025,44804.0,17210.0,400.8208,0.9901,2.4783,218.0,18.3246,0.8297,0.9069,707,938,314,576,168.6939
12,136.5047,1,331.9299,355.3952,52269.0,25213.0,470.5393,0.9731,2.2636,196.0,16.9063,0.8445,0.9157,245,476,314,576,168.6939
12,136.5047,2,601.4171,273.3077,25393.0,19647.0,289.1472,0.5031,2.1129,196.0,7.8233,0.8905,0.9421,476,707,314,576,168.6939
12,136.5047,3,793.5687,369.2975,47577.0,16393.0,386.7551,0.993,2.2178,219.0,19.37,0.8226,0.9027,707,938,314,576,168.6939
12,136.9121,1,334.5881,341.1738,48279.0,26106.0,466.0534,0.9649,2.1626,196.0,17.6887,0.8044,0.8916,245,476,314,576,168.6939
12,136.9121,2,599.4997,283.3377,28452.0,20024.0,279.4484,0.6788,2.1743,196.0,14.3471,0.7968,0.8869,476,707,314,576,168.6939
12,136.9121,3,811.8702,385.7634,49152.0,14451.0,268.4014,0.9903,1.7073,226.0,15.716,0.6758,0.8065,707,938,314,576,168.6939
12,137.3196,1,357.0028,284.7886,36935.0,25939.0,237.7482,0.2159,1.0853,196.0,18.9983,0.6173,0.7634,245,476,314,576,168.6939
12,137.3196,2,589.0174,283.0307,29263.0,20777.0,247.8343,0.7359,1.7492,196.0,15.061,0.8043,0.8915,476,707,314,576,168.6939
12,137.3196,3,807.5319,371.8062,43978.0,16945.0,237.3471,0.7713,1.1455,219.0,15.0977,0.6966,0.8212,707,938,314,576,168.6939
12,137.7271,1,368.8253,278.0237,34401.0,25593.0,253.9131,0.4067,1.3446,196.0,23.9057,0.7997,0.8887,245,476,314,576,168.6939
12,137.7271,2,583.7364,284.8847,30288.0,21321.0,224.2261,0.7776,1.4281,196.0,16.044,0.823,0.9029,476,707,314,576,168.6939
12,137.7271,3,802.0317,374.0896,46462.0,16015.0,251.5912,0.9741,1.7881,300.0,18.6443,0.667,0.8002,707,938,314,576,168.6939
12,138.1346,1,374.5308,271.568,29798.0,23959.0,274.366,0.4075,1.6647,196.0,18.8156,0.766,0.8675,245,476,314,576,168.6939
12,138.1346,2,573.4218,287.402,31066.0,21698.0,211.6455,0.9662,1.21,196.0,17.3081,0.7816,0.8774,476,707,314,576,168.6939
12,138.1346,3,800.5534,390.1819,50667.0,15431.0,276.4386,0.9976,2.0564,302.0,14.3276,0.7724,0.8716,707,938,314,576,168.6939
12,138.542,1,374.2624,273.1632,32658.0,25343.0,270.1413,0.4421,1.5679,196.0,11.3408,0.8436,0.9152,245,476,314,576,168.6939
12,138.542,2,571.1508,279.166,27055.0,20990.0,206.5842,0.998,1.2357,196.0,19.3048,0.7941,0.8853,476,707,314,576,168.6939
12,138.542,3,800.0079,367.3584,43644.0,16771.0,406.976,0.9745,2.1371,220.0,21.8283,0.7114,0.8314,707,938,314,576,168.6939
12,138.9495,1,368.0208,273.13,31841.0,24725.0,250.0726,0.3653,1.3522,196.0,11.6766,0.8346,0.9098,245,476,314,576,168.6939
12,138.9495,2,556.7637,281.2491,22673.0,16905.0,209.994,0.988,1.3503,196.0,13.6935,0.7374,0.8489,476,707,314,576,168.6939
12,138.9495,3,822.283,396.1363,30169.0,7186.0,401.0215,0.9124,3.3823,226.0,21.3585,0.5842,0.7375,707,938,314,576,168.6939
12,139.357,1,360.1967,273.2189,30665.0,24230.0,238.9019,0.0051,1.2642,196.0,14.9798,0.7804,0.8767,245,476,314,576,168.6939
12,139.357,2,559.1488,278.7233,22396.0,16939.0,198.8188,0.9988,1.2387,196.0,15.7028,0.829,0.9065,476,707,314,576,168.6939
12,139.357,3,841.7441,407.1868,31084.0,7458.0,268.4295,0.9916,2.4161,226.0,23.1962,0.5731,0.7287,707,938,314,576,168.6939
12,139.7645,1,362.9651,276.2046,33069.0,25301.0,236.3939,0.2548,1.1421,196.0,14.254,0.8589,0.9241,245,476,314,576,168.6939
12,139.7645,2,573.9419,278.9072,25767.0,19699.0,203.5283,0.968,1.2931,196.0,14.3557,0.7571,0.8618,476,707,314,576,168.6939
12,139.7645,3,821.9036,354.7365,32867.0,14762.0,196.725,0.9856,1.5029,226.0,16.5304,0.5485,0.7084,707,938,314,576,168.6939
12,140.172,1,368.6944,278.1885,33519.0,25103.0,258.0507,0.4341,1.3667,196.0,17.7187,0.7843,0.8791,245,476,314,576,168.6939
12,140.172,2,573.8621,323.7901,31462.0,19636.0,223.4743,0.9469,1.4365,196.0,13.6691,0.6882,0.8153,476,707,314,576,168.6939
12,140.172,3,849.3278,390.6709,27942.0,7615.0,246.6614,0.9975,2.369,226.0,17.9063,0.5781,0.7327,707,938,314,576,168.6939
12,140.5794,1,374.0622,273.513,30885.0,24495.0,271.9767,0.43,1.574,196.0,15.374,0.8133,0.897,245,476,314,576,168.6939
12,140.5794,2,587.1549,279.9444,27747.0,20738.0,236.5239,0.5035,1.3915,196.0,17.6526,0.658,0.7937,476,707,314,576,168.6939
12,140.5794,3,876.0686,376.3485,25728.0,7473.0,257.7723,0.9928,2.4359,226.0,15.6976,0.5794,0.7337,707,938,314,576,168.6939
12,140.9869,1,375.9557,277.705,30980.0,24004.0,282.3074,0.4841,1.5991,196.0,9.5267,0.8556,0.9222,245,476,314,576,168.6939
12,140.9869,2,600.4224,289.698,32089.0,21651.0,275.4679,0.61,1.6518,196.0,20.7065,0.7616,0.8647,476,707,314,576,168.6939
12,140.9869,3,875.0412,361.0714,22157.0,7545.0,215.7439,0.9959,1.9993,226.0,19.7151,0.7266,0.8417,707,938,314,576,168.6939
12,141.3944,1,376.3242,272.6878,30274.0,23778.0,265.2772,0.0463,2.3355,196.0,9.0609,0.8568,0.9229,245,476,314,576,168.6939
12,141.3944,2,605.8791,290.5225,31286.0,21151.0,291.6009,0.6137,1.8481,196.0,17.1776,0.8248,0.904,476,707,314,576,168.6939
12,141.3944,3,873.0337,373.8997,26119.0,7074.0,240.0177,0.9965,2.0715,226.0,20.4819,0.7229,0.8392,707,938,314,576,168.6939
12,141.8019,1,372.212,268.9352,27256.0,20729.0,270.2318,0.5487,1.5307,196.0,11.1731,0.8112,0.8958,245,476,314,576,168.6939
12,141.8019,2,607.2375,303.9726,28034.0,17322.0,179.6475,0.9033,1.8497,224.0,15.2063,0.7429,0.8525,476,707,314,576,168.6939
12,141.8019,3,808.6228,336.1632,23507.0,9872.0,198.4131,0.7539,3.2366,310.0,18.3598,0.3191,0.4838,707,938,314,576,168.6939
12,142.2093,1,369.7931,270.6169,26917.0,20363.0,253.898,0.5395,1.3864,196.0,7.0774,0.8673,0.9289,245,476,314,576,168.6939
12,142.2093,2,609.4809,288.4392,24777.0,16511.0,173.3071,0.9231,1.8635,225.0,12.0934,0.8145,0.8978,476,707,314,576,168.6939
12,142.2093,3,787.4903,313.4129,26056.0,14248.0,193.0248,0.9992,1.0669,220.0,26.0757,0.5378,0.6995,707,938,314,576,168.6939
12,142.6168,1,364.9152,269.54,25792.0,19598.0,262.6694,0.0082,2.9021,196.0,11.2575,0.8267,0.9052,245,476,314,576,168.6939
12,142.6168,2,615.148,291.7871,23557.0,15083.0,188.1086,0.984,2.2611,225.0,19.0471,0.7682,0.8689,476,707,314,576,168.6939
12,142.6168,3,760.3329,398.3788,32378.0,7688.0,378.9513,0.9979,3.4611,220.0,32.5715,0.3475,0.5157,707,938,314,576,168.6939
12,143.0243,1,363.593,271.0975,26207.0,19847.0,241.4108,0.6456,1.1854,196.0,8.2243,0.8769,0.9344,245,476,314,576,168.6939
12,143.0243,2,559.2516,236.5726,11341.0,11341.0,184.6625,0.1751,2.0506,196.0,15.8697,0.4563,0.6266,476,707,314,576,168.6939
12,143.0243,3,764.9777,419.0534,32200.0,6277.0,386.2936,0.9967,3.5931,220.0,15.4673,0.7655,0.8672,707,938,314,576,168.6939
12,143.4318,1,365.1201,271.8514,26568.0,20254.0,252.0061,0.7125,1.2343,196.0,9.0732,0.8765,0.9342,245,476,314,576,168.6939
12,143.4318,2,558.379,237.8654,11645.0,11645.0,181.2906,0.169,1.9479,196.0,1.9083,0.9473,0.9729,476,707,314,576,168.6939
12,143.4318,3,772.1702,378.8253,37365.0,12835.0,306.6082,0.9992,2.6897,220.0,23.0023,0.642,0.782,707,938,314,576,168.6939
12,143.8392,1,367.7483,279.0165,27373.0,20176.0,267.8256,0.8107,1.268,196.0,14.4828,0.8357,0.9105,245,476,314,576,168.6939
12,143.8392,2,558.8824,235.8336,11160.0,11160.0,184.3502,0.1738,2.0283,196.0,2.9747,0.9315,0.9645,476,707,314,576,168.6939
12,143.8392,3,777.9926,361.3862,33753.0,13378.0,253.415,0.9915,1.4655,220.0,17.0148,0.7627,0.8654,707,938,314,576,168.6939
12,144.2467,1,369.5547,277.1054,27416.0,20258.0,261.1032,0.019,2.7526,196.0,12.3947,0.7896,0.8824,245,476,314,576,168.6939
12,144.2467,2,558.9778,237.4198,11632.0,11632.0,183.8793,0.1673,1.9966,196.0,1.6271,0.933,0.9653,476,707,314,576,168.6939
12,144.2467,3,776.5496,386.2711,40642.0,12213.0,371.0844,0.9971,2.836,220.0,16.3994,0.7327,0.8457,707,938,314,576,168.6939
12,144.6542,1,362.6275,329.3316,35708.0,21246.0,284.6093,0.6806,1.4107,196.0,13.3722,0.6463,0.7852,245,476,314,576,168.6939
12,144.6542,2,555.1197,238.6475,11903.0,11903.0,181.0378,0.076,1.7661,196.0,2.472,0.9046,0.9499,476,707,314,576,168.6939
12,144.6542,3,781.6144,395.1128,42502.0,11621.0,367.8139,0.9953,2.7206,219.0,8.5927,0.874,0.9327,707,938,314,576,168.6939
12,145.0617,1,360.5404,344.0761,37871.0,21643.0,265.7218,0.033,2.6428,196.0,13.8266,0.7559,0.861,245,476,314,576,168.6939
12,145.0617,2,558.4843,240.1541,12923.0,12923.0,183.5323,0.1139,1.8712,196.0,3.5245,0.8967,0.9455,476,707,314,576,168.6939
12,145.0617,3,793.4651,365.8087,40618.0,15620.0,242.8171,0.9967,1.3284,219.0,17.7775,0.6722,0.804,707,938,314,576,168.6939
12,145.4691,1,377.1603,272.4322,27414.0,21672.0,262.5447,0.021,2.5555,196.0,8.1577,0.6472,0.7858,245,476,314,576,168.6939
12,145.4691,2,559.0503,240.2268,12960.0,12960.0,186.1014,0.1315,1.9567,196.0,1.8053,0.9314,0.9645,476,707,314,576,168.6939
12,145.4691,3,779.1927,401.9713,35525.0,7918.0,290.1939,0.9429,2.358,219.0,13.5956,0.5917,0.7435,707,938,314,576,168.6939
12,145.8766,1,375.9579,265.785,26986.0,22090.0,264.9807,0.041,2.5204,196.0,14.1214,0.8084,0.894,245,476,314,576,168.6939
12,145.8766,2,559.6669,241.9464,13514.0,13514.0,182.4216,0.0943,1.7562,196.0,3.1468,0.9202,0.9584,476,707,314,576,168.6939
12,145.8766,3,793.5502,382.0237,50410.0,16393.0,389.7714,0.9943,2.2802,219.0,14.2719,0.5771,0.7318,707,938,314,576,168.6939
12,146.2841,1,373.2381,266.9433,28428.0,23309.0,263.6629,0.4171,1.5629,196.0,10.5096,0.8376,0.9116,245,476,314,576,168.6939
12,146.2841,2,606.78,277.8133,22341.0,16610.0,181.8911,0.1023,1.7421,196.0,9.1322,0.5799,0.7341,476,707,314,576,168.6939
12,146.2841,3,787.9442,378.1468,45982.0,15712.0,407.2956,0.9978,2.4825,218.0,11.5814,0.8395,0.9128,707,938,314,576,168.6939
12,146.6916,1,369.9504,270.93,29427.0,23312.0,252.9105,0.4471,1.3659,196.0,10.98,0.8445,0.9157,245,476,314,576,168.6939
12,146.6916,2,605.6475,281.6125,24180.0,17030.0,181.341,0.1126,1.6828,196.0,9.7737,0.7965,0.8867,476,707,314,576,168.6939
12,146.6916,3,800.5119,390.3868,48546.0,14043.0,375.3434,0.9544,2.7037,226.0,18.4527,0.7517,0.8583,707,938,314,576,168.6939
12,147.0991,1,365.6975,275.1206,31094.0,23846.0,242.3077,0.4687,1.2055,196.0,12.4724,0.8392,0.9125,245,476,314,576,168.6939
12,147.0991,2,601.9619,282.1398,24571.0,17134.0,182.5261,0.1272,1.6757,196.0,8.6411,0.842,0.9142,476,707,314,576,168.6939
12,147.0991,3,836.2917,389.8417,25270.0,6933.0,247.7278,0.9808,2.1913,226.0,30.1064,0.4296,0.601,707,938,314,576,168.6939
12,147.5065,1,356.5195,285.3657,36388.0,26135.0,238.4209,0.0272,1.0866,196.0,19.5289,0.7738,0.8725,245,476,314,576,168.6939
12,147.5065,2,598.9349,279.5851,26662.0,19476.0,270.7762,0.6631,2.135,196.0,8.4814,0.8061,0.8926,476,707,314,576,168.6939
12,147.5065,3,830.0882,368.9776,34844.0,14374.0,255.7198,0.9995,2.1696,226.0,26.0227,0.479,0.6478,707,938,314,576,168.6939
12,147.914,1,348.8814,289.3963,38032.0,25789.0,256.3528,0.5369,1.1845,196.0,19.0848,0.8133,0.897,245,476,314,576,168.6939
12,147.914,2,595.489,282.383,27329.0,19781.0,264.1146,0.7072,2.0403,196.0,10.3599,0.8433,0.915,476,707,314,576,168.6939
12,147.914,3,834.1719,375.9833,32440.0,13867.0,249.0856,0.9941,2.0711,226.0,18.0708,0.6764,0.807,707,938,314,576,168.6939
12,148.3215,1,345.0499,297.0308,40208.0,25894.0,282.8349,0.7937,1.3465,196.0,15.6873,0.8304,0.9074,245,476,314,576,168.6939
12,148.3215,2,592.2709,288.4203,28482.0,19264.0,266.8152,0.7865,1.9635,196.0,15.402,0.7957,0.8862,476,707,314,576,168.6939
12,148.3215,3,887.0969,337.3413,15023.0,7247.0,206.2137,0.9962,3.6038,245.0,16.5133,0.3699,0.54,707,938,314,576,168.6939
12,148.729,1,347.4333,292.8818,37665.0,25617.0,266.4898,0.7212,1.2383,196.0,12.4786,0.8651,0.9277,245,476,314,576,168.6939
12,148.729,2,587.6118,288.6146,29825.0,20285.0,246.2642,0.8199,1.6941,196.0,12.5724,0.8248,0.904,476,707,314,576,168.6939
12,148.729,3,847.1248,328.0649,21443.0,13403.0,235.6288,0.9996,5.8666,245.0,14.0036,0.4394,0.6105,707,938,314,576,168.6939
12,149.1364,1,343.093,348.5182,49793.0,26467.0,275.6182,0.7953,1.2609,196.0,10.6711,0.6972,0.8216,245,476,314,576,168.6939
12,149.1364,2,582.7794,289.5915,29587.0,20025.0,230.1458,0.8434,1.5265,196.0,11.139,0.8259,0.9047,476,707,314,576,168.6939
12,149.1364,3,854.2783,347.7975,22958.0,13024.0,164.5343,0.9997,4.0589,307.0,11.0908,0.7181,0.8359,707,938,314,576,168.6939
12,149.5439,1,348.2062,283.3867,36533.0,26375.0,264.5419,0.4721,1.3398,196.0,14.9936,0.6623,0.7969,245,476,314,576,168.6939
12,149.5439,2,578.9483,285.6174,28438.0,19913.0,223.3623,0.9339,1.4546,196.0,12.9837,0.8238,0.9034,476,707,314,576,168.6939
12,149.5439,3,852.3163,320.9528,22583.0,13409.0,252.3115,0.9282,2.7924,226.0,13.6696,0.6654,0.7991,707,938,314,576,168.6939
12,149.9514,1,342.8694,283.1408,35188.0,25996.0,285.9748,0.5593,1.4796,196.0,19.2414,0.8305,0.9074,245,476,314,576,168.6939
12,149.9514,2,574.8185,289.2844,29022.0,20059.0,225.6944,0.979,1.4313,196.0,15.3305,0.8067,0.893,476,707,314,576,168.6939
12,149.9514,3,854.0834,341.3346,26514.0,13186.0,186.9307,0.9979,2.465,301.0,18.0489,0.6771,0.8075,707,938,314,576,168.6939
12,150.3589,1,339.1829,297.8462,39121.0,25531.0,314.8929,0.7739,1.5548,196.0,19.3743,0.8328,0.9088,245,476,314,576,168.6939
12,150.3589,2,571.3791,289.5213,29885.0,21101.0,220.1101,0.9932,1.3428,196.0,12.8373,0.8358,0.9106,476,707,314,576,168.6939
12,150.3589,3,854.1959,330.3107,24439.0,13557.0,221.3884,0.9879,3.1585,248.0,13.1233,0.7727,0.8718,707,938,314,576,168.6939
12,150.7663,1,337.1941,350.5831,56119.0,26237.0,303.5065,0.8622,1.3935,196.0,16.6487,0.6571,0.7931,245,476,314,576,168.6939
12,150.7663,2,566.0261,292.8014,30891.0,21142.0,233.531,0.999,1.4102,196.0,12.1576,0.8663,0.9284,476,707,314,576,168.6939
12,150.7663,3,854.5237,328.2062,23018.0,13246.0,252.2924,0.9525,2.452,226.0,12.234,0.744,0.8532,707,938,314,576,168.6939
12,151.1738,1,348.5786,336.1538,46054.0,25277.0,245.0302,0.8221,1.0716,196.0,17.132,0.7733,0.8721,245,476,314,576,168.6939
12,151.1738,2,554.5523,298.2789,28420.0,18478.0,249.7732,0.998,1.5517,196.0,13.0907,0.8054,0.8922,476,707,314,576,168.6939
12,151.1738,3,888.3134,375.61,16483.0,5631.0,151.068,0.9331,1.7964,307.0,17.0301,0.4871,0.6551,707,938,314,576,168.6939
12,151.5813,1,364.3629,285.9932,35418.0,24764.0,238.6593,0.5847,1.1033,196.0,15.0173,0.6843,0.8126,245,476,314,576,168.6939
12,151.5813,2,555.8278,318.585,26874.0,16384.0,227.2062,0.9915,1.4795,196.0,15.5201,0.7047,0.8267,476,707,314,576,168.6939
12,151.5813,3,910.9289,381.8424,7990.0,1580.0,183.3344,0.9964,3.8075,266.0,21.9035,0.3422,0.5099,707,938,314,576,168.6939
12,151.9888,1,369.9717,283.8397,32809.0,23862.0,260.7675,0.6546,1.2583,196.0,19.5518,0.8009,0.8895,245,476,314,576,168.6939
12,151.9888,2,555.9485,282.5016,22918.0,16509.0,216.5028,0.9905,1.4108,196.0,12.9041,0.7629,0.8655,476,707,314,576,168.6939
12,151.9888,3,905.9389,417.7827,8892.0,1534.0,167.2684,0.9943,4.3155,301.0,24.437,0.5125,0.6776,707,938,314,576,168.6939
12,152.3963,1,372.3731,287.5723,32626.0,23265.0,278.772,0.6944,1.3217,196.0,16.4598,0.7872,0.8809,245,476,314,576,168.6939
12,152.3963,2,554.4359,283.3243,21871.0,15747.0,216.7739,0.9863,1.426,196.0,15.7141,0.8322,0.9084,476,707,314,576,168.6939
12,152.3963,3,890.4791,371.5706,12527.0,5629.0,100.2452,0.9931,2.8136,364.0,15.8331,0.4005,0.5719,707,938,314,576,168.6939
12,152.8037,1,378.8305,289.6853,33154.0,23549.0,305.9708,0.7283,1.5607,196.0,16.8011,0.7615,0.8646,245,476,314,576,168.6939
12,152.8037,2,559.6692,281.3583,23071.0,17025.0,211.5612,0.9987,1.3396,196.0,15.9592,0.7867,0.8806,476,707,314,576,168.6939
12,152.8037,3,916.9956,421.3441,10955.0,2088.0,235.8782,1.0,6.1594,248.0,15.6245,0.3914,0.5626,707,938,314,576,168.6939
12,153.2112,1,363.4034,340.8167,40444.0,23934.0,275.126,0.5505,1.4761,196.0,11.0295,0.6311,0.7738,245,476,314,576,168.6939
12,153.2112,2,570.6984,322.0451,30060.0,19057.0,218.9669,0.9805,1.4154,196.0,13.176,0.6513,0.7888,476,707,314,576,168.6939
12,153.2112,3,913.814,415.5386,9541.0,1831.0,170.1382,0.9996,5.0121,307.0,21.8164,0.6312,0.7739,707,938,314,576,168.6939
12,153.6187,1,369.1229,269.8139,28823.0,23558.0,255.2734,0.3546,1.4469,196.0,9.5614,0.6375,0.7786,245,476,314,576,168.6939
12,153.6187,2,576.5479,319.7133,32082.0,20095.0,217.8989,0.8671,1.3902,196.0,15.8165,0.7747,0.8731,476,707,314,576,168.6939
12,153.6187,3,846.9184,305.515,20613.0,13034.0,279.9548,0.9167,3.9884,226.0,13.5269,0.2661,0.4204,707,938,314,576,168.6939
12,154.0262,1,370.4622,269.8723,28924.0,23592.0,255.3725,0.4288,1.3842,196.0,11.5651,0.8991,0.9469,245,476,314,576,168.6939
12,154.0262,2,586.6948,283.2079,28817.0,20968.0,237.776,0.5262,1.356,196.0,15.5203,0.7109,0.831,476,707,314,576,168.6939
12,154.0262,3,890.7262,340.5159,17300.0,7370.0,236.8851,0.9325,2.8535,226.0,13.9924,0.5121,0.6773,707,938,314,576,168.6939
12,154.4336,1,371.2583,275.1678,30876.0,24396.0,261.7652,0.57,1.3221,196.0,13.4839,0.8931,0.9435,245,476,314,576,168.6939
12,154.4336,2,601.5933,291.2766,31920.0,21387.0,279.7856,0.599,1.7172,196.0,23.8883,0.7163,0.8347,476,707,314,576,168.6939
12,154.4336,3,831.8476,351.2028,33861.0,14105.0,276.1803,0.982,2.8525,226.0,18.8971,0.4027,0.5742,707,938,314,576,168.6939
12,154.8411,1,363.1352,348.7369,44300.0,24442.0,279.6322,0.7961,1.3335,196.0,10.1465,0.6711,0.8032,245,476,314,576,168.6939
12,154.8411,2,606.2901,285.7209,29196.0,20792.0,303.53,0.5766,2.0251,196.0,22.9424,0.8051,0.892,476,707,314,576,168.6939
12,154.8411,3,876.3528,375.0492,22563.0,7071.0,260.7378,0.9935,2.6183,226.0,14.3285,0.4527,0.6233,707,938,314,576,168.6939
12,155.2486,1,364.1399,344.6042,42565.0,24026.0,273.0379,0.7907,1.3195,196.0,12.8999,0.8358,0.9106,245,476,314,576,168.6939
12,155.2486,2,603.4065,319.074,30916.0,19042.0,180.4305,0.1195,1.6146,196.0,12.2921,0.7392,0.85,476,707,314,576,168.6939
12,155.2486,3,869.7318,352.3173,21057.0,6930.0,199.6093,0.9543,1.6869,226.0,25.8309,0.5811,0.735,707,938,314,576,168.6939
12,155.6561,1,370.0689,281.7078,32818.0,24168.0,258.7203,0.6811,1.278,196.0,13.9507,0.6733,0.8047,245,476,314,576,168.6939
12,155.6561,2,603.8447,278.0715,23216.0,17304.0,181.7628,0.0696,1.6729,196.0,13.4632,0.7168,0.8351,476,707,314,576,168.6939
12,155.6561,3,814.09,319.8713,31766.0,14935.0,248.4076,0.4532,1.419,219.0,19.3831,0.4101,0.5816,707,938,314,576,168.6939
12,156.0635,1,368.5438,291.162,35006.0,24972.0,247.2541,0.6266,1.1967,196.0,13.938,0.8495,0.9186,245,476,314,576,168.6939
12,156.0635,2,558.8824,241.892,13566.0,13566.0,181.3428,0.0844,1.6988,196.0,13.913,0.5639,0.7211,476,707,314,576,168.6939
12,156.0635,3,796.4806,352.7746,36919.0,15049.0,221.3804,0.9953,1.2037,219.0,21.2578,0.5789,0.7333,707,938,314,576,168.6939
12,156.471,1,356.1293,294.6795,39907.0,26201.0,246.2942,0.9543,1.069,196.0,27.9656,0.7363,0.8481,245,476,314,576,168.6939
12,156.471,2,558.8018,240.675,13317.0,13317.0,183.675,0.1081,1.8357,196.0,2.0818,0.9435,0.9709,476,707,314,576,168.6939
12,156.471,3,787.4354,374.1227,41857.0,14020.0,400.1216,0.9882,2.3866,219.0,17.5316,0.6739,0.8052,707,938,314,576,168.6939
12,156.8785,1,347.7702,294.4543,38575.0,25659.0,264.2347,0.7861,1.2138,196.0,21.8746,0.8074,0.8934,245,476,314,576,168.6939
12,156.8785,2,559.1921,239.9536,12927.0,12927.0,184.6847,0.1126,1.8739,196.0,2.3465,0.9311,0.9643,476,707,314,576,168.6939
12,156.8785,3,821.7975,383.6736,26790.0,6891.0,230.8012,0.9388,2.2533,226.0,21.8607,0.4973,0.6643,707,938,314,576,168.6939
12,157.286,1,340.4739,300.3948,40422.0,25597.0,292.6604,0.7909,1.4027,196.0,24.0725,0.8161,0.8987,245,476,314,576,168.6939
12,157.286,2,559.1616,242.5072,13709.0,13709.0,181.945,0.1,1.6959,196.0,2.0835,0.9379,0.9679,476,707,314,576,168.6939
12,157.286,3,812.0441,355.3626,34555.0,13773.0,192.3126,0.9966,1.5655,226.0,17.9934,0.5615,0.7191,707,938,314,576,168.6939
12,157.6934,1,329.2716,353.9329,51613.0,24948.0,322.4684,0.852,1.5537,196.0,15.0771,0.6831,0.8117,245,476,314,576,168.6939
12,157.6934,2,602.2794,278.1799,22157.0,16761.0,180.2765,0.0967,1.6571,196.0,8.0743,0.609,0.757,476,707,314,576,168.6939
12,157.6934,3,833.025,330.4876,30161.0,13317.0,212.9382,0.9968,1.7332,226.0,14.8945,0.6017,0.7513,707,938,314,576,168.6939
12,158.1009,1,326.2948,353.4789,51396.0,25048.0,467.972,0.9665,2.2165,196.0,16.0895,0.872,0.9316,245,476,314,576,168.6939
12,158.1009,2,602.7894,279.5494,22837.0,16887.0,182.58,0.0951,1.7225,196.0,11.0966,0.8219,0.9023,476,707,314,576,168.6939
12,158.1009,3,830.8795,330.8368,29318.0,13380.0,191.253,1.0,1.4652,226.0,12.4656,0.7605,0.864,707,938,314,576,168.6939
12,158.5084,1,325.6327,355.1393,51313.0,25082.0,477.7943,0.9705,2.2423,196.0,14.4001,0.9327,0.9652,245,476,314,576,168.6939
12,158.5084,2,603.9032,280.7362,24442.0,17890.0,181.4965,0.129,1.6655,196.0,12.82,0.8139,0.8974,476,707,314,576,168.6939
12,158.5084,3,831.2045,318.4084,28246.0,14559.0,187.5589,0.9983,1.4703,226.0,14.2288,0.7261,0.8413,707,938,314,576,168.6939
12,158.9159,1,326.2542,352.3752,50257.0,25379.0,478.8931,0.9697,2.2197,196.0,16.6631,0.9365,0.9672,245,476,314,576,168.6939
12,158.9159,2,601.5173,284.0199,24600.0,17638.0,181.1528,0.1333,1.6622,196.0,11.1128,0.8385,0.9122,476,707,314,576,168.6939
12,158.9159,3,815.642,362.7369,34915.0,13958.0,195.2657,0.9998,1.6168,226.0,11.959,0.6145,0.7612,707,938,314,576,168.6939
12,159.3234,1,325.5751,345.6121,46356.0,24936.0,485.2996,0.965,2.2191,196.0,12.9987,0.9054,0.9503,245,476,314,576,168.6939
12,159.3234,2,600.1602,282.7593,23921.0,17221.0,183.1863,0.1105,1.7051,196.0,11.941,0.8201,0.9012,476,707,314,576,168.6939
12,159.3234,3,823.3406,356.322,32711.0,13617.0,201.6076,0.9897,1.7003,226.0,14.2632,0.7352,0.8474,707,938,314,576,168.6939
12,159.7308,1,328.4681,341.3956,47114.0,25591.0,304.4525,0.6999,1.5816,196.0,14.1095,0.8767,0.9343,245,476,314,576,168.6939
12,159.7308,2,598.8682,285.0314,25045.0,17763.0,285.7602,0.7285,2.2237,196.0,11.6658,0.8222,0.9024,476,707,314,576,168.6939
12,159.7308,3,862.4671,333.6728,20194.0,7181.0,187.662,0.9909,1.4467,226.0,11.0941,0.5086,0.6743,707,938,314,576,168.6939
12,160.1383,1,329.2631,346.3962,49288.0,25761.0,315.3595,0.7467,1.585,196.0,12.6503,0.9015,0.9482,245,476,314,576,168.6939
12,160.1383,2,597.2304,293.8498,27302.0,18371.0,277.4512,0.7851,2.0915,196.0,14.2519,0.7948,0.8857,476,707,314,576,168.6939
12,160.1383,3,826.4144,393.8869,32521.0,6971.0,265.8874,0.9731,2.0522,226.0,26.52,0.4622,0.6322,707,938,314,576,168.6939
12,160.5458,1,327.5413,353.258,53490.0,25711.0,463.329,0.965,2.2006,196.0,12.6965,0.8798,0.9361,245,476,314,576,168.6939
12,160.5458,2,593.6065,296.5003,28593.0,18551.0,278.121,0.8323,2.0362,196.0,14.1503,0.7924,0.8842,476,707,314,576,168.6939
12,160.5458,3,813.2979,393.0886,43263.0,13560.0,402.611,0.9371,3.0064,226.0,15.9465,0.5739,0.7293,707,938,314,576,168.6939
12,160.9533,1,335.6657,339.1614,44269.0,24792.0,284.8241,0.6883,1.4009,196.0,15.2637,0.7905,0.883,245,476,314,576,168.6939
12,160.9533,2,587.0689,287.7032,29611.0,20172.0,241.3533,0.7937,1.6507,196.0,18.0542,0.754,0.8597,476,707,314,576,168.6939
12,160.9533,3,825.483,371.5908,35717.0,14226.0,244.1835,0.9888,2.0459,226.0,18.5986,0.711,0.8311,707,938,314,576,168.6939
12,161.3607,1,346.3727,283.9963,35769.0,26030.0,270.001,0.5682,1.3462,196.0,14.4647,0.6873,0.8147,245,476,314,576,168.6939
12,161.3607,2,581.4231,283.2096,27805.0,19254.0,228.0087,0.8239,1.5094,196.0,10.502,0.8721,0.9317,476,707,314,576,168.6939
12,161.3607,3,830.332,365.8391,31876.0,12902.0,258.5254,0.997,2.5318,226.0,22.7022,0.6494,0.7874,707,938,314,576,168.6939
12,161.7682,1,353.758,279.4403,34941.0,25736.0,250.443,0.3817,1.2297,196.0,16.6786,0.8546,0.9216,245,476,314,576,168.6939
12,161.7682,2,569.9789,287.1119,26817.0,17770.0,224.2181,0.8576,1.4294,196.0,10.8459,0.8202,0.9012,476,707,314,576,168.6939
12,161.7682,3,840.6217,386.0028,33721.0,11783.0,284.4794,0.9955,2.7532,226.0,17.5182,0.6932,0.8188,707,938,314,576,168.6939
12,162.1757,1,361.4624,286.2715,37323.0,25566.0,238.6205,0.1225,1.0736,196.0,19.901,0.8204,0.9014,245,476,314,576,168.6939
12,162.1757,2,569.2827,288.3519,27014.0,17892.0,224.1567,0.8944,1.4416,196.0,9.8446,0.8819,0.9372,476,707,314,576,168.6939
12,162.1757,3,887.8344,348.6829,18411.0,6621.0,226.368,0.9248,2.5998,226.0,24.2417,0.3782,0.5488,707,938,314,576,168.6939
12,162.5832,1,368.7926,282.5721,35122.0,25063.0,249.5848,0.5223,1.252,196.0,19.9026,0.8329,0.9089,245,476,314,576,168.6939
12,162.5832,2,564.1809,286.1169,26368.0,18261.0,207.0939,0.9111,1.2595,196.0,11.9668,0.8556,0.9222,476,707,314,576,168.6939
12,162.5832,3,869.8483,351.6048,22880.0,6474.0,234.9688,0.9414,1.9914,226.0,30.9397,0.5575,0.7159,707,938,314,576,168.6939
12,162.9906,1,372.9063,275.0509,31081.0,24136.0,261.3914,0.4124,1.5189,196.0,18.8773,0.8098,0.8949,245,476,314,576,168.6939
12,162.9906,2,557.9392,289.0659,27408.0,18567.0,219.5184,0.9999,1.3092,196.0,17.8689,0.7889,0.882,476,707,314,576,168.6939
12,162.9906,3,826.2642,327.5503,30852.0,14737.0,243.8719,0.9999,1.8814,226.0,30.6701,0.3962,0.5675,707,938,314,576,168.6939
12,163.3981,1,371.2533,272.5275,31607.0,24705.0,250.2394,0.3582,1.4194,196.0,15.2441,0.8342,0.9096,245,476,314,576,168.6939
12,163.3981,2,556.144,290.4739,25372.0,17013.0,232.3898,0.9988,1.4777,196.0,18.003,0.808,0.8938,476,707,314,576,168.6939
12,163.3981,3,792.1978,369.3835,33988.0,13858.0,265.1777,0.9418,2.7086,219.0,20.309,0.4569,0.6272,707,938,314,576,168.6939
12,163.8056,1,363.2085,275.4026,33293.0,25662.0,241.1329,0.1666,1.2842,196.0,18.063,0.8255,0.9044,245,476,314,576,168.6939
12,163.8056,2,551.7526,280.811,21798.0,15866.0,219.2252,0.9743,1.4286,196.0,18.977,0.8052,0.8921,476,707,314,576,168.6939
12,163.8056,3,786.2883,386.0099,38885.0,13580.0,306.5358,0.9896,2.863,219.0,15.5569,0.7453,0.8541,707,938,314,576,168.6939
12,164.2131,1,355.2572,273.2122,30860.0,24237.0,243.2383,0.3106,1.2265,196.0,19.8561,0.7556,0.8608,245,476,314,576,168.6939
12,164.2131,2,552.966,275.4614,20558.0,15832.0,210.2251,0.9488,1.3757,196.0,12.4424,0.8579,0.9235,476,707,314,576,168.6939
12,164.2131,3,785.3058,391.1505,39150.0,12977.0,297.5434,0.9999,2.5678,278.0,10.3031,0.865,0.9276,707,938,314,576,168.6939
12,164.6205,1,352.5628,275.6228,31481.0,24677.0,248.533,0.3352,1.2659,196.0,13.7375,0.8579,0.9235,245,476,314,576,168.6939
12,164.6205,2,549.5601,281.6561,20008.0,14435.0,230.6173,0.9593,1.5156,196.0,11.1634,0.8431,0.9149,476,707,314,576,168.6939
12,164.6205,3,793.0342,387.6808,43260.0,14414.0,294.7418,1.0,2.5214,278.0,10.8658,0.8284,0.9062,707,938,314,576,168.6939
12,165.028,1,355.6634,279.2142,33121.0,24890.0,243.4169,0.3712,1.1679,196.0,15.5782,0.8594,0.9244,245,476,314,576,168.6939
12,165.028,2,550.533,280.1893,20227.0,14827.0,229.6296,0.962,1.4864,196.0,10.9074,0.8737,0.9326,476,707,314,576,168.6939
12,165.028,3,783.6125,370.4183,34555.0,13441.0,375.7412,0.9761,3.266,226.0,16.7985,0.72,0.8372,707,938,314,576,168.6939
12,165.4355,1,347.1924,337.3497,45336.0,25417.0,234.1849,0.4645,1.0503,196.0,12.2844,0.6952,0.8202,245,476,314,576,168.6939
12,165.4355,2,548.7048,286.1779,21741.0,15427.0,236.1134,0.9705,1.5571,196.0,11.3271,0.8442,0.9155,476,707,314,576,168.6939
12,165.4355,3,816.5654,340.2454,15610.0,5367.0,228.9326,0.89,2.602,226.0,17.9772,0.3844,0.5553,707,938,314,576,168.6939
12,165.843,1,361.2861,287.1966,36858.0,25364.0,235.8719,0.4426,1.0525,196.0,12.4753,0.7133,0.8326,245,476,314,576,168.6939
12,165.843,2,549.5101,284.1815,21657.0,15498.0,238.101,0.9732,1.5536,196.0,9.8258,0.8951,0.9447,476,707,314,576,168.6939
12,165.843,3,831.1897,349.2426,16219.0,5098.0,226.5306,0.972,2.5624,227.0,34.3361,0.5664,0.7232,707,938,314,576,168.6939
12,166.2505,1,357.6337,339.7119,43464.0,24503.0,242.4309,0.5277,1.1903,196.0,13.6417,0.6754,0.8063,245,476,314,576,168.6939
12,166.2505,2,550.7043,328.1024,26036.0,15256.0,242.1043,0.9794,1.6001,196.0,9.9085,0.7481,0.8559,476,707,314,576,168.6939
12,166.2505,3,834.3143,385.3866,25519.0,6921.0,362.9702,0.9543,3.2108,226.0,23.1011,0.462,0.632,707,938,314,576,168.6939
12,166.6579,1,359.6429,339.2628,41934.0,24158.0,250.1689,0.5429,1.268,196.0,11.86,0.867,0.9288,245,476,314,576,168.6939
12,166.6579,2,552.8906,326.2801,25537.0,15101.0,236.8111,0.9729,1.5727,196.0,11.474,0.8565,0.9227,476,707,314,576,168.6939
12,166.6579,3,844.0839,379.9615,21238.0,6475.0,196.3682,0.9912,1.6858,226.0,31.0748,0.5957,0.7467,707,938,314,576,168.6939
12,167.0654,1,357.7849,330.9471,40678.0,24203.0,255.8171,0.5654,1.2693,196.0,8.0981,0.8716,0.9314,245,476,314,576,168.6939
12,167.0654,2,556.8987,281.4631,23536.0,16821.0,215.2087,0.9959,1.3532,196.0,17.605,0.6827,0.8114,476,707,314,576,168.6939
12,167.0654,3,848.0801,324.01,22382.0,11987.0,240.9605,0.9705,2.2399,226.0,22.7925,0.3827,0.5536,707,938,314,576,168.6939
12,167.4729,1,370.9144,282.4173,33378.0,24278.0,253.6291,0.5668,1.2486,196.0,10.387,0.7262,0.8414,245,476,314,576,168.6939
12,167.4729,2,563.0547,284.3443,24901.0,17133.0,217.3829,0.9822,1.3514,196.0,15.5894,0.8372,0.9114,476,707,314,576,168.6939
12,167.4729,3,856.5451,395.2435,17586.0,5781.0,152.8229,0.9922,2.5209,307.0,19.2379,0.3541,0.523,707,938,314,576,168.6939
12,167.8804,1,357.3565,332.6442,39919.0,23768.0,257.311,0.5131,1.3372,196.0,10.3663,0.7111,0.8311,245,476,314,576,168.6939
12,167.8804,2,565.946,282.9021,23717.0,16690.0,220.1331,0.9674,1.4311,196.0,14.9795,0.8541,0.9213,476,707,314,576,168.6939
12,167.8804,3,905.3942,371.8446,7813.0,1497.0,126.7115,0.9915,2.403,307.0,14.9796,0.3383,0.5055,707,938,314,576,168.6939
12,168.2878,1,360.1055,337.9332,38510.0,22773.0,265.2554,0.501,1.4393,196.0,11.8888,0.8162,0.8988,245,476,314,576,168.6939
12,168.2878,2,580.1797,284.9701,26314.0,18627.0,226.6709,0.9017,1.5638,196.0,18.6142,0.7403,0.8508,476,707,314,576,168.6939
12,168.2878,3,888.9926,327.8759,12770.0,6241.0,127.6192,0.9975,2.1386,306.0,16.1977,0.468,0.6376,707,938,314,576,168.6939
12,168.6953,1,376.3027,265.5223,26184.0,21329.0,270.9154,0.4865,1.5943,196.0,12.0268,0.6198,0.7653,245,476,314,576,168.6939
12,168.6953,2,567.9738,287.7393,24153.0,16035.0,220.5787,0.9413,1.4755,196.0,17.8207,0.7209,0.8378,476,707,314,576,168.6939
12,168.6953,3,912.3764,359.6348,7314.0,1661.0,123.9554,1.0,2.3764,303.0,15.8914,0.471,0.6404,707,938,314,576,168.6939
12,169.1028,1,375.3057,270.6097,27905.0,21776.0,267.3737,0.5828,1.5117,196.0,11.4612,0.8497,0.9187,245,476,314,576,168.6939
12,169.1028,2,561.0312,281.7827,19377.0,13094.0,178.9894,0.1517,1.7102,196.0,24.2771,0.6928,0.8185,476,707,314,576,168.6939
12,169.1028,3,911.6659,372.8395,5992.0,274.0,121.9196,0.9985,2.0994,307.0,22.3454,0.6053,0.7541,707,938,314,576,168.6939
12,169.5103,1,375.0139,272.9107,28549.0,21958.0,265.044,0.6402,1.4223,196.0,10.2472,0.8752,0.9334,245,476,314,576,168.6939
12,169.5103,2,555.2437,279.5158,19384.0,13401.0,177.0387,0.0786,1.5807,196.0,20.6462,0.7926,0.8843,476,707,314,576,168.6939
12,169.5103,3,907.1117,385.2324,6536.0,160.0,122.9356,0.9957,2.141,308.0,24.0153,0.7383,0.8495,707,938,314,576,168.6939
12,169.9177,1,372.1089,278.1436,32440.0,24392.0,256.2403,0.6029,1.3187,196.0,12.3651,0.8408,0.9135,245,476,314,576,168.6939
12,169.9177,2,556.2959,286.8098,23369.0,15743.0,240.8241,0.9963,1.5489,196.0,13.2293,0.801,0.8895,476,707,314,576,168.6939
12,169.9177,3,892.3495,326.2334,12910.0,5957.0,239.2636,0.887,3.6038,229.0,21.4408,0.3369,0.504,707,938,314,576,168.6939
12,170.3252,1,369.4021,280.0194,32939.0,24547.0,250.3787,0.6324,1.2411,196.0,12.8922,0.8985,0.9465,245,476,314,576,168.6939
12,170.3252,2,558.7991,330.3959,28500.0,15934.0,237.4622,0.9996,1.5206,196.0,12.941,0.72,0.8372,476,707,314,576,168.6939
12,170.3252,3,883.2639,323.9381,15300.0,6501.0,215.782,0.8905,2.487,226.0,22.1459,0.7498,0.857,707,938,314,576,168.6939
12,170.7327,1,364.7947,282.6548,34676.0,25145.0,240.9267,0.587,1.1276,196.0,14.231,0.8686,0.9297,245,476,314,576,168.6939
12,170.7327,2,561.5475,291.003,23764.0,15679.0,234.0355,0.9891,1.5068,196.0,13.1415,0.7204,0.8375,476,707,314,576,168.6939
12,170.7327,3,877.2478,337.7238,18124.0,6617.0,214.4025,0.9567,2.1448,226.0,24.1404,0.7153,0.834,707,938,314,576,168.6939
12,171.1402,1,358.4749,285.663,36655.0,25615.0,230.9397,0.1309,1.022,196.0,17.3207,0.8577,0.9234,245,476,314,576,168.6939
12,171.1402,2,564.5047,287.0916,22095.0,14992.0,231.2005,0.9512,1.5107,196.0,18.8646,0.7934,0.8848,476,707,314,576,168.6939
12,171.1402,3,874.433,355.0616,20223.0,6636.0,228.3812,0.9753,2.5559,226.0,16.6654,0.7431,0.8526,707,938,314,576,168.6939
12,171.5477,1,349.6575,284.1645,35649.0,25847.0,253.8008,0.5847,1.2207,196.0,20.7068,0.8057,0.8924,245,476,314,576,168.6939
12,171.5477,2,567.9238,333.815,27895.0,15174.0,241.6183,0.9232,1.6005,196.0,16.2268,0.6486,0.7868,476,707,314,576,168.6939
12,171.5477,3,824.4063,362.7599,29885.0,11840.0,226.8962,0.9943,1.9867,226.0,18.9379,0.4341,0.6054,707,938,314,576,168.6939
12,171.9551,1,336.8199,287.7365,33440.0,22785.0,274.2805,0.7342,1.4064,196.0,23.7623,0.7628,0.8655,245,476,314,576,168.6939
12,171.9551,2,575.4521,310.3163,20721.0,11814.0,188.1598,0.1917,2.1136,196.0,15.5066,0.6449,0.7841,476,707,314,576,168.6939
12,171.9551,3,855.7026,351.626,16942.0,5178.0,191.8249,0.9819,1.5965,233.0,18.6366,0.4122,0.5838,707,938,314,576,168.6939
12,172.3626,1,331.8512,295.1281,34842.0,22627.0,298.3263,0.7694,1.5653,196.0,23.0433,0.8286,0.9063,245,476,314,576,168.6939
12,172.3626,2,578.9531,311.9805,20944.0,11881.0,186.7149,0.1993,2.1181,196.0,16.8173,0.7679,0.8687,476,707,314,576,168.6939
12,172.3626,3,849.4069,367.5453,15739.0,4337.0,139.827,0.6051,1.98,307.0,23.1266,0.5418,0.7028,707,938,314,576,168.6939
12,172.7701,1,328.161,288.0267,30109.0,20117.0,307.4674,0.7349,1.6759,196.0,18.8855,0.806,0.8925,245,476,314,576,168.6939
12,172.7701,2,579.6862,311.5888,19664.0,10828.0,190.9455,0.2198,2.2633,196.0,17.4482,0.73,0.8439,476,707,314,576,168.6939
12,172.7701,3,883.9576,380.0568,7986.0,156.0,123.8539,0.7404,1.8405,308.0,25.6566,0.3055,0.468,707,938,314,576,168.6939
12,173.1776,1,323.0336,328.0659,36789.0,21291.0,297.9128,0.7049,1.654,196.0,10.6259,0.7182,0.836,245,476,314,576,168.6939
12,173.1776,2,584.4502,308.5889,18999.0,10772.0,193.0219,0.2038,2.2362,196.0,16.8159,0.7202,0.8373,476,707,314,576,168.6939
12,173.1776,3,888.3387,390.5524,7255.0,99.0,115.7484,0.8738,1.8203,308.0,32.5802,0.5105,0.6759,707,938,314,576,168.6939
12,173.585,1,320.8631,305.8043,32681.0,21304.0,294.664,0.6661,1.7328,196.0,12.6916,0.79,0.8827,245,476,314,576,168.6939
12,173.585,2,585.6807,286.9077,18059.0,11627.0,282.4749,0.8541,2.1583,196.0,14.0945,0.7317,0.8451,476,707,314,576,168.6939
12,173.585,3,894.3456,383.0098,5194.0,66.0,96.4271,0.9339,1.6869,310.0,28.3866,0.5362,0.698,707,938,314,576,168.6939
12,173.9925,1,328.8013,281.9212,30465.0,21512.0,292.7464,0.6676,1.6772,196.0,14.5504,0.795,0.8858,245,476,314,576,168.6939
12,173.9925,2,584.4535,283.3971,19676.0,12979.0,272.5682,0.8419,2.1783,196.0,17.8446,0.7909,0.8833,476,707,314,576,168.6939
12,173.9925,3,906.8669,385.7088,5145.0,95.0,119.6732,0.9945,2.4496,307.0,29.7622,0.5043,0.6705,707,938,314,576,168.6939
12,174.4,1,341.6119,280.2197,30912.0,21437.0,267.8221,0.6654,1.4057,196.0,24.0008,0.7639,0.8661,245,476,314,576,168.6939
12,174.4,2,579.8721,285.8011,22518.0,15070.0,247.547,0.8302,1.8975,196.0,14.1125,0.8178,0.8998,476,707,314,576,168.6939
12,174.4,3,899.4109,404.1411,6179.0,82.0,132.0858,0.9899,2.8625,308.0,26.4406,0.5502,0.7098,707,938,314,576,168.6939
12,174.8075,1,359.9853,279.9442,30551.0,21246.0,223.6347,0.198,1.0048,196.0,25.3513,0.6888,0.8157,245,476,314,576,168.6939
12,174.8075,2,574.4554,287.4721,23654.0,15623.0,235.2859,0.8804,1.7025,196.0,19.0195,0.808,0.8938,476,707,314,576,168.6939
12,174.8075,3,919.6713,360.8737,5153.0,1000.0,142.8286,0.9997,3.2512,300.0,23.0189,0.5192,0.6836,707,938,314,576,168.6939
12,175.2149,1,370.2714,279.6448,28304.0,19538.0,269.4783,0.021,3.0409,196.0,21.6155,0.6891,0.8159,245,476,314,576,168.6939
12,175.2149,2,567.4443,291.9443,23570.0,15593.0,244.2207,0.9543,1.7195,196.0,23.8573,0.7608,0.8642,476,707,314,576,168.6939
12,175.2149,3,897.6449,320.1492,9585.0,4787.0,161.2732,0.9999,2.873,266.0,19.7751,0.4436,0.6146,707,938,314,576,168.6939
12,175.6224,1,352.2715,230.287,12004.0,12004.0,73.8913,0.3335,1.373,196.0,15.8883,0.4238,0.5953,245,476,314,576,168.6939
12,175.6224,2,566.9314,378.781,8293.0,686.0,143.4129,0.9887,2.2926,301.0,32.4885,0.1934,0.3241,476,707,314,576,168.6939
12,175.6224,3,900.1027,344.0803,8814.0,2358.0,146.6393,0.9416,1.9873,276.0,27.9281,0.546,0.7063,707,938,314,576,168.6939
12,176.0299,1,352.8338,232.0275,12245.0,12245.0,146.4526,0.172,3.56,196.0,3.8194,0.8133,0.897,245,476,314,576,168.6939
12,176.0299,2,563.2168,367.7723,7924.0,924.0,122.9277,0.9542,1.8306,295.0,39.872,0.5344,0.6966,476,707,314,576,168.6939
12,176.0299,3,890.4363,376.4745,12552.0,1369.0,181.4904,0.9755,2.2095,275.0,51.6954,0.4844,0.6526,707,938,314,576,168.6939
12,176.4374,1,370.0594,271.3383,23686.0,18061.0,265.3947,0.0169,3.1223,196.0,11.7043,0.5165,0.6811,245,476,314,576,168.6939
12,176.4374,2,564.689,289.3739,21573.0,14291.0,245.7294,0.994,1.6289,196.0,22.9766,0.258,0.4101,476,707,314,576,168.6939
12,176.4374,3,877.627,362.0646,17867.0,5076.0,210.3126,0.985,2.1568,245.0,31.6813,0.5014,0.6679,707,938,314,576,168.6939
12,176.8448,1,375.1453,266.094,23892.0,18830.0,261.3254,0.0492,2.6698,196.0,10.7448,0.796,0.8864,245,476,314,576,168.6939
12,176.8448,2,584.5229,292.7305,27456.0,17600.0,256.2821,0.9024,1.6545,196.0,30.1139,0.6278,0.7714,476,707,314,576,168.6939
12,176.8448,3,830.7876,312.4675,25194.0,13116.0,178.0944,0.802,1.3234,232.0,28.6583,0.4188,0.5903,707,938,314,576,168.6939
12,177.2523,1,356.914,236.7974,17125.0,17125.0,263.9398,0.0008,3.0985,196.0,6.6748,0.7029,0.8255,245,476,314,576,168.6939
12,177.2523,2,602.8245,284.4234,24745.0,16819.0,277.0739,0.6396,1.7218,196.0,24.8255,0.6432,0.7829,476,707,314,576,168.6939
12,177.2523,3,805.393,319.7944,24285.0,11448.0,227.7544,0.7072,1.3404,225.0,29.2707,0.5704,0.7264,707,938,314,576,168.6939
12,177.6598,1,375.5625,276.2529,24789.0,18529.0,263.0135,0.0163,3.0056,196.0,9.5383,0.6688,0.8015,245,476,314,576,168.6939
12,177.6598,2,606.2841,283.5535,20848.0,13922.0,183.8499,0.1953,2.0023,196.0,28.8256,0.6626,0.7971,476,707,314,576,168.6939
12,177.6598,3,771.1495,330.8579,16219.0,6243.0,207.148,0.9125,2.1007,227.0,25.5619,0.4503,0.621,707,938,314,576,168.6939
12,178.0673,1,374.8344,276.7733,27324.0,20620.0,275.2013,0.6057,1.4398,196.0,10.0057,0.8131,0.8969,245,476,314,576,168.6939
12,178.0673,2,558.6032,236.9639,11363.0,11363.0,182.164,0.1773,1.9499,196.0,23.5981,0.5089,0.6745,476,707,314,576,168.6939
12,178.0673,3,768.3401,338.1715,18353.0,6636.0,146.4417,0.9997,1.6007,280.0,21.0593,0.6915,0.8176,707,938,314,576,168.6939
12,178.4748,1,362.9941,338.6511,37576.0,22351.0,275.1758,0.5464,1.4795,196.0,12.0478,0.6336,0.7757,245,476,314,576,168.6939
12,178.4748,2,561.4083,243.0653,13685.0,13594.0,186.1265,0.1922,1.8159,196.0,4.9131,0.8297,0.9069,476,707,314,576,168.6939
12,178.4748,3,792.2318,360.1582,37449.0,14811.0,241.8252,0.9899,1.3417,219.0,14.0236,0.4296,0.601,707,938,314,576,168.6939
12,178.8822,1,372.6312,271.1348,30426.0,24262.0,259.4284,0.4832,1.4614,196.0,14.7255,0.6507,0.7884,245,476,314,576,168.6939
12,178.8822,2,602.2012,279.6571,20729.0,15301.0,185.6011,0.18,1.7973,196.0,8.9444,0.599,0.7492,476,707,314,576,168.6939
12,178.8822,3,802.1653,310.9322,26443.0,14429.0,217.7112,0.9027,2.1196,226.0,14.8125,0.6125,0.7597,707,938,314,576,168.6939
12,179.2897,1,369.105,277.3914,33167.0,24967.0,246.4161,0.5052,1.2652,196.0,18.4268,0.861,0.9253,245,476,314,576,168.6939
12,179.2897,2,602.3123,275.7283,23323.0,17012.0,307.3714,0.6359,2.6901,196.0,12.0545,0.7602,0.8638,476,707,314,576,168.6939
12,179.2897,3,814.7211,308.8294,24967.0,13876.0,204.1392,0.8963,2.0959,226.0,13.1728,0.7097,0.8302,707,938,314,576,168.6939
12,179.6972,1,357.2472,283.5232,36799.0,26261.0,236.3775,0.2098,1.0825,196.0,22.439,0.7829,0.8783,245,476,314,576,168.6939
12,179.6972,2,596.1328,281.3257,26265.0,18281.0,279.8284,0.6946,2.2205,196.0,15.6504,0.7859,0.8801,476,707,314,576,168.6939
12,179.6972,3,808.1188,351.4591,30400.0,13276.0,215.8779,0.9525,2.4055,226.0,11.9784,0.6369,0.7782,707,938,314,576,168.6939
12,180.1047,1,343.8986,292.0644,38005.0,25375.0,273.3274,0.7259,1.3118,196.0,27.8519,0.7332,0.8461,245,476,314,576,168.6939
12,180.1047,2,588.8707,284.8174,27391.0,19013.0,248.4724,0.7731,1.8274,196.0,16.2937,0.7689,0.8694,476,707,314,576,168.6939
12,180.1047,3,823.6301,313.2876,28496.0,15005.0,174.6547,0.9668,1.2225,226.0,17.6989,0.5649,0.722,707,938,314,576,168.6939
12,180.5121,1,332.3847,348.341,51037.0,25483.0,311.9383,0.8381,1.4868,196.0,17.2454,0.6722,0.804,245,476,314,576,168.6939
12,180.5121,2,581.8694,287.9003,28989.0,19647.0,233.1146,0.8589,1.5375,196.0,21.0312,0.7711,0.8707,476,707,314,576,168.6939
12,180.5121,3,819.4766,315.2817,29626.0,15499.0,202.5491,0.9828,1.6987,226.0,15.7781,0.7517,0.8583,707,938,314,576,168.6939
12,180.9196,1,334.9051,349.1611,52039.0,26069.0,301.1867,0.8257,1.3983,196.0,13.9458,0.888,0.9407,245,476,314,576,168.6939
12,180.9196,2,562.2696,288.7678,26347.0,17472.0,222.2725,0.979,1.3882,196.0,21.1193,0.7099,0.8303,476,707,314,576,168.6939
12,180.9196,3,808.975,351.5335,34278.0,14611.0,186.4909,0.8493,1.9638,278.0,14.378,0.645,0.7842,707,938,314,576,168.6939
12,181.3271,1,341.0343,298.6175,37847.0,24565.0,292.0041,0.8562,1.3848,196.0,15.3157,0.6876,0.8149,245,476,314,576,168.6939
12,181.3271,2,556.4171,285.28,22784.0,15839.0,221.4029,0.9979,1.443,196.0,19.6455,0.7764,0.8742,476,707,314,576,168.6939
12,181.3271,3,809.8803,393.1506,12049.0,1143.0,145.2907,0.9014,1.6637,288.0,13.6359,0.2268,0.3697,707,938,314,576,168.6939
12,181.7346,1,333.0182,329.555,42049.0,23851.0,278.3454,0.6741,1.4281,196.0,14.991,0.727,0.8419,245,476,314,576,168.6939
12,181.7346,2,552.3656,282.0837,21059.0,15074.0,224.8886,0.9841,1.4623,196.0,17.2608,0.8158,0.8986,476,707,314,576,168.6939
12,181.7346,3,808.8717,361.6419,17313.0,5360.0,148.2237,0.9783,1.554,301.0,24.9339,0.4306,0.602,707,938,314,576,168.6939
12,182.142,1,335.1219,285.5071,33841.0,23533.0,283.2768,0.6788,1.5527,196.0,14.9786,0.7302,0.8441,245,476,314,576,168.6939
12,182.142,2,552.3947,285.2329,20812.0,14408.0,178.677,0.1431,1.6315,196.0,21.2544,0.7521,0.8585,476,707,314,576,168.6939
12,182.142,3,774.7884,413.9831,27920.0,5962.0,215.85,0.9999,2.4128,288.0,19.7181,0.2711,0.4265,707,938,314,576,168.6939
12,182.5495,1,330.7044,293.663,34787.0,22984.0,310.8714,0.7571,1.6862,196.0,21.9893,0.8314,0.908,245,476,314,576,168.6939
12,182.5495,2,563.3665,277.2022,19103.0,13560.0,217.9776,0.9684,1.4279,196.0,25.1376,0.6667,0.8,476,707,314,576,168.6939
12,182.5495,3,770.6693,385.1109,21361.0,6291.0,172.9356,0.9619,1.9825,277.0,22.6491,0.6082,0.7564,707,938,314,576,168.6939
12,182.957,1,328.9349,295.2136,34737.0,22805.0,315.898,0.7563,1.7292,196.0,14.9798,0.8782,0.9352,245,476,314,576,168.6939
12,182.957,2,571.6441,282.2385,19805.0,13820.0,241.4777,0.8984,1.7216,196.0,22.9162,0.7101,0.8305,476,707,314,576,168.6939
12,182.957,3,794.1467,333.8997,26265.0,12106.0,186.8381,0.9788,1.9804,278.0,15.8077,0.4552,0.6256,707,938,314,576,168.6939
12,183.3645,1,321.3092,346.1859,46630.0,23509.0,458.8658,0.9576,2.3329,196.0,16.3459,0.6942,0.8195,245,476,314,576,168.6939
12,183.3645,2,577.7541,280.8461,21002.0,14752.0,251.7956,0.8525,1.8696,196.0,17.4522,0.7759,0.8738,476,707,314,576,168.6939
12,183.3645,3,781.2486,380.7268,30165.0,10042.0,287.0084,0.9996,3.2524,301.0,16.3161,0.5714,0.7273,707,938,314,576,168.6939
12,183.7719,1,323.778,346.3913,48007.0,23740.0,341.6929,0.8549,1.7393,196.0,16.3174,0.8936,0.9438,245,476,314,576,168.6939
12,183.7719,2,579.2897,286.7358,21762.0,14513.0,259.7123,0.8704,1.9565,196.0,10.156,0.8999,0.9473,476,707,314,576,168.6939
12,183.7719,3,808.7105,335.1341,14469.0,4992.0,218.513,0.8396,2.6333,233.0,20.3101,0.3796,0.5503,707,938,314,576,168.6939
12,184.1794,1,336.3187,285.2091,32700.0,23131.0,279.4058,0.7333,1.4532,196.0,15.1464,0.6545,0.7912,245,476,314,576,168.6939
12,184.1794,2,579.4869,292.2569,22068.0,14319.0,257.1152,0.8864,1.9092,196.0,11.7655,0.8676,0.9291,476,707,314,576,168.6939
12,184.1794,3,826.6447,340.8778,14513.0,5060.0,222.5131,0.9402,2.6558,233.0,30.1595,0.5846,0.7378,707,938,314,576,168.6939
12,184.5869,1,337.9238,282.4088,31206.0,21969.0,258.5832,0.7308,1.3048,196.0,20.6446,0.7998,0.8887,245,476,314,576,168.6939
12,184.5869,2,578.1353,307.3798,21631.0,13045.0,258.7971,0.9098,1.8866,196.0,13.0999,0.7494,0.8568,476,707,314,576,168.6939
12,184.5869,3,827.2549,374.3824,16334.0,4021.0,235.8792,0.973,2.95,238.0,24.4481,0.6134,0.7604,707,938,314,576,168.6939
12,184.9944,1,341.0813,283.3803,31638.0,22200.0,259.3324,0.7554,1.2393,196.0,12.069,0.8894,0.9415,245,476,314,576,168.6939
12,184.9944,2,576.7217,311.4173,20833.0,12120.0,261.6716,0.9293,1.818,196.0,18.0717,0.7702,0.8702,476,707,314,576,168.6939
12,184.9944,3,820.493,405.5771,21019.0,4291.0,256.9831,0.9908,3.2468,232.0,21.9846,0.5943,0.7455,707,938,314,576,168.6939
12,185.4019,1,342.5302,285.4183,30861.0,21116.0,269.1444,0.844,1.3273,196.0,12.7346,0.8191,0.9005,245,476,314,576,168.6939
12,185.4019,2,579.1508,286.6238,21698.0,14434.0,247.1501,0.8473,1.7426,196.0,22.1428,0.6631,0.7974,476,707,314,576,168.6939
12,185.4019,3,841.8428,371.1889,20836.0,5988.0,238.5342,0.9677,2.4427,234.0,23.119,0.5761,0.731,707,938,314,576,168.6939
12,185.8093,1,341.4963,283.2342,30386.0,21675.0,256.2157,0.8065,1.2496,196.0,13.2259,0.8215,0.902,245,476,314,576,168.6939
12,185.8093,2,585.919,285.4672,20837.0,13739.0,262.2771,0.7929,1.8699,196.0,19.8634,0.7626,0.8653,476,707,314,576,168.6939
12,185.8093,3,840.3226,366.5607,20155.0,6078.0,186.2622,0.9331,1.4595,234.0,24.0522,0.5631,0.7205,707,938,314,576,168.6939
12,186.2168,1,339.7063,286.4787,30883.0,21258.0,286.4239,0.8257,1.4323,196.0,17.6348,0.811,0.8957,245,476,314,576,168.6939
12,186.2168,2,594.6606,290.7382,22820.0,14847.0,274.3619,0.779,2.0315,196.0,16.0242,0.7363,0.8481,476,707,314,576,168.6939
12,186.2168,3,845.9149,316.7154,19394.0,9732.0,189.6014,0.9962,1.6108,232.0,23.1508,0.4566,0.6269,707,938,314,576,168.6939
12,186.6243,1,336.3345,307.5809,32328.0,20924.0,280.3728,0.813,1.4508,196.0,14.8462,0.7626,0.8653,245,476,314,576,168.6939
12,186.6243,2,599.9741,306.02,23397.0,14159.0,290.5223,0.7678,2.192,196.0,17.2683,0.7205,0.8376,476,707,314,576,168.6939
12,186.6243,3,875.3885,353.5153,14212.0,4313.0,196.7552,0.9826,1.9845,244.0,26.421,0.4572,0.6275,707,938,314,576,168.6939
12,187.0318,1,339.5781,283.0914,29599.0,21483.0,265.7743,0.7689,1.3504,196.0,13.7297,0.7703,0.8702,245,476,314,576,168.6939
12,187.0318,2,607.1755,292.3753,23372.0,14826.0,303.067,0.6863,2.4154,196.0,19.3416,0.6805,0.8099,476,707,314,576,168.6939
12,187.0318,3,888.298,379.4421,9451.0,1276.0,122.7357,0.8728,1.7724,307.0,25.5727,0.386,0.557,707,938,314,576,168.6939
12,187.4392,1,333.9036,282.4085,31363.0,22072.0,267.6479,0.7281,1.431,196.0,16.4532,0.8044,0.8916,245,476,314,576,168.6939
12,187.4392,2,607.1495,293.5148,21389.0,13279.0,184.9655,0.2022,2.1419,196.0,21.526,0.7092,0.8298,476,707,314,576,168.6939
12,187.4392,3,902.5241,371.9626,7119.0,902.0,97.6042,0.9525,1.6243,302.0,26.6552,0.535,0.697,707,938,314,576,168.6939
12,187.8467,1,332.4606,288.4371,32696.0,22232.0,283.7248,0.7288,1.5007,196.0,17.8017,0.8582,0.9237,245,476,314,576,168.6939
12,187.8467,2,561.2064,235.9074,10934.0,10934.0,183.5382,0.2145,2.0507,196.0,15.2576,0.4839,0.6522,476,707,314,576,168.6939
12,187.8467,3,905.7864,357.083,5889.0,1214.0,123.1901,0.9808,2.734,286.0,19.5882,0.5356,0.6976,707,938,314,576,168.6939
12,188.2542,1,330.0525,296.5118,33970.0,21653.0,299.0259,0.832,1.5526,196.0,17.1214,0.8695,0.9302,245,476,314,576,168.6939
12,188.2542,2,558.9359,234.5789,10387.0,10387.0,183.6039,0.2087,2.1115,196.0,1.946,0.9376,0.9678,476,707,314,576,168.6939
12,188.2542,3,911.7863,367.6849,6674.0,1382.0,142.9596,0.994,3.1134,286.0,20.2905,0.5659,0.7228,707,938,314,576,168.6939
12,188.6617,1,322.4719,337.9791,41507.0,21834.0,321.6225,0.8738,1.704,196.0,14.2515,0.7197,0.837,245,476,314,576,168.6939
12,188.6617,2,558.5793,233.9972,10341.0,10341.0,182.6672,0.1797,2.0736,196.0,2.2613,0.9666,0.983,476,707,314,576,168.6939
12,188.6617,3,895.0023,342.0935,14589.0,5895.0,227.8878,0.9364,2.5657,237.0,28.0354,0.352,0.5207,707,938,314,576,168.6939
12,189.0691,1,327.5968,296.5742,33351.0,21488.0,299.4574,0.7888,1.6238,196.0,10.6284,0.7614,0.8645,245,476,314,576,168.6939
12,189.0691,2,558.6776,233.6376,10238.0,10238.0,184.0778,0.1761,2.1204,196.0,1.7082,0.9782,0.989,476,707,314,576,168.6939
12,189.0691,3,878.0504,323.7788,15100.0,6644.0,186.8684,0.9208,1.9995,233.0,36.6922,0.5966,0.7473,707,938,314,576,168.6939
12,189.4766,1,328.3819,332.7609,43943.0,25142.0,296.4762,0.6591,1.604,196.0,20.3483,0.6475,0.786,245,476,314,576,168.6939
12,189.4766,2,560.6115,240.3117,12995.0,12995.0,184.6183,0.1695,1.8438,196.0,5.5202,0.7878,0.8813,476,707,314,576,168.6939
12,189.4766,3,829.8873,318.9051,33284.0,16731.0,270.5658,0.7049,1.8591,219.0,27.753,0.4249,0.5964,707,938,314,576,168.6939
12,189.8841,1,337.4996,290.4011,37970.0,25642.0,289.0472,0.6829,1.513,196.0,13.3507,0.7464,0.8548,245,476,314,576,168.6939
12,189.8841,2,559.4096,239.665,12765.0,12765.0,186.1281,0.1565,1.9041,196.0,1.8684,0.943,0.9707,476,707,314,576,168.6939
12,189.8841,3,816.8124,315.0899,32860.0,16773.0,233.5746,0.5163,1.2536,219.0,24.5307,0.7079,0.8289,707,938,314,576,168.6939
12,190.2916,1,349.8246,286.8902,36160.0,25623.0,253.926,0.6064,1.2045,196.0,25.6981,0.7821,0.8778,245,476,314,576,168.6939
12,190.2916,2,558.7705,238.5647,12464.0,12464.0,187.252,0.1437,1.9788,196.0,2.424,0.9468,0.9727,476,707,314,576,168.6939
12,190.2916,3,798.4407,350.6819,41263.0,16619.0,221.1402,0.9741,1.0424,219.0,19.7753,0.6598,0.7951,707,938,314,576,168.6939
12,190.6991,1,366.8459,279.7432,33765.0,24823.0,253.87,0.4013,1.3076,196.0,31.163,0.7068,0.8282,245,476,314,576,168.6939
12,190.6991,2,560.0543,240.7763,13011.0,13011.0,186.0136,0.1906,1.8383,196.0,2.2654,0.9309,0.9642,476,707,314,576,168.6939
12,190.6991,3,792.1422,353.6367,39666.0,16724.0,216.9456,0.9458,1.1596,219.0,12.8501,0.7944,0.8854,707,938,314,576,168.6939
12,191.1065,1,369.3809,279.6219,30332.0,23562.0,279.8213,0.488,1.553,196.0,24.4072,0.6924,0.8182,245,476,314,576,168.6939
12,191.1065,2,560.9346,241.0661,13236.0,13236.0,185.6672,0.1831,1.8601,196.0,1.9884,0.9454,0.9719,476,707,314,576,168.6939
12,191.1065,3,791.5866,347.4852,36545.0,16361.0,230.2731,0.9544,1.3527,219.0,11.4986,0.8043,0.8915,707,938,314,576,168.6939
12,191.514,1,362.1505,339.8733,38092.0,23074.0,257.8353,0.0238,2.2705,196.0,12.1901,0.6402,0.7806,245,476,314,576,168.6939
12,191.514,2,560.841,239.7493,12857.0,12857.0,184.8263,0.1388,1.9239,196.0,2.6765,0.9119,0.9539,476,707,314,576,168.6939
12,191.514,3,789.4898,364.5522,35655.0,13988.0,270.2661,0.9557,2.4376,219.0,16.3419,0.687,0.8145,707,938,314,576,168.6939
12,191.9215,1,362.934,339.0007,38243.0,22969.0,261.1794,0.0041,2.2774,196.0,9.2075,0.8735,0.9325,245,476,314,576,168.6939
12,191.9215,2,606.532,282.2732,22492.0,15778.0,188.54,0.2073,1.8754,196.0,11.4136,0.5636,0.7209,476,707,314,576,168.6939
12,191.9215,3,804.2943,359.3866,37060.0,16137.0,217.0462,0.9721,1.2432,219.0,14.272,0.6722,0.804,707,938,314,576,168.6939
12,192.329,1,374.8047,280.6102,31468.0,24356.0,283.3218,0.5785,1.4806,196.0,11.0062,0.6593,0.7947,245,476,314,576,168.6939
12,192.329,2,603.2131,283.0182,23674.0,16906.0,313.5877,0.7135,2.5494,196.0,12.5137,0.825,0.9041,476,707,314,576,168.6939
12,192.329,3,799.8386,343.4842,34247.0,16539.0,197.1279,0.9244,1.0416,219.0,12.5607,0.7676,0.8685,707,938,314,576,168.6939
12,192.7364,1,372.0571,282.5819,31514.0,24153.0,279.267,0.5926,1.3924,196.0,12.2249,0.8543,0.9214,245,476,314,576,168.6939
12,192.7364,2,603.9712,292.5614,24806.0,16857.0,307.0799,0.7429,2.5,196.0,9.3995,0.8415,0.9139,476,707,314,576,168.6939
12,192.7364,3,788.4352,366.1413,41141.0,15976.0,279.4509,0.9926,2.5531,219.0,20.9863,0.6627,0.7971,707,938,314,576,168.6939
12,193.1439,1,372.4977,279.0387,30969.0,24056.0,279.4363,0.5961,1.4047,196.0,8.776,0.9065,0.951,245,476,314,576,168.6939
12,193.1439,2,599.3595,287.4007,24761.0,16963.0,301.3953,0.7668,2.3816,196.0,12.6213,0.7966,0.8868,476,707,314,576,168.6939
12,193.1439,3,785.5375,380.336,40249.0,14815.0,394.1653,0.9996,3.61,219.0,15.3594,0.7702,0.8702,707,938,314,576,168.6939
12,193.5514,1,363.2395,331.8649,39063.0,23919.0,295.5125,0.6983,1.4652,196.0,10.9404,0.7081,0.8291,245,476,314,576,168.6939
12,193.5514,2,597.1987,288.7737,25418.0,17279.0,287.6377,0.7858,2.2661,196.0,11.8477,0.8437,0.9152,476,707,314,576,168.6939
12,193.5514,3,786.6609,368.2172,43703.0,17173.0,404.7069,0.9878,2.4807,219.0,16.4119,0.8075,0.8935,707,938,314,576,168.6939
12,193.9589,1,366.3211,337.6485,39613.0,23970.0,291.0645,0.6166,1.4954,196.0,9.6196,0.8417,0.9141,245,476,314,576,168.6939
12,193.9589,2,593.6485,291.7474,26808.0,18024.0,274.1209,0.8109,2.0334,196.0,15.1844,0.7914,0.8836,476,707,314,576,168.6939
12,193.9589,3,795.5313,365.6534,42194.0,16293.0,307.5583,0.9898,2.6312,302.0,20.1455,0.8072,0.8933,707,938,314,576,168.6939
12,194.3663,1,375.4416,275.8741,29502.0,22953.0,276.4363,0.6027,1.4824,196.0,11.1199,0.6743,0.8054,245,476,314,576,168.6939
12,194.3663,2,581.5027,291.4022,21943.0,13724.0,272.0936,0.8525,2.0237,196.0,15.0164,0.692,0.818,476,707,314,576,168.6939
12,194.3663,3,803.7574,381.8457,18865.0,5069.0,229.6172,0.9268,2.8798,227.0,20.1969,0.3819,0.5527,707,938,314,576,168.6939
12,194.7738,1,374.9267,274.0638,28244.0,21994.0,267.7812,0.606,1.446,196.0,13.0648,0.8461,0.9166,245,476,314,576,168.6939
12,194.7738,2,578.7324,296.8811,21317.0,12699.0,262.8745,0.9057,1.9128,196.0,18.2608,0.7323,0.8454,476,707,314,576,168.6939
12,194.7738,3,843.2277,336.1875,15281.0,5607.0,186.2779,0.9605,2.1778,234.0,20.3329,0.4596,0.6298,707,938,314,576,168.6939
12,195.1813,1,366.7888,276.6914,27051.0,19593.0,275.7753,0.7827,2.1777,196.0,21.5012,0.729,0.8433,245,476,314,576,168.6939
12,195.1813,2,569.4822,296.7944,19560.0,11258.0,184.4878,0.24,2.0718,196.0,24.8845,0.6637,0.7979,476,707,314,576,168.6939
12,195.1813,3,844.8648,371.4746,15414.0,3217.0,174.0745,0.8997,2.0766,274.0,33.1249,0.424,0.5955,707,938,314,576,168.6939
12,195.5888,1,362.4652,280.2301,32545.0,24452.0,235.8224,0.62,1.1207,196.0,20.9474,0.6997,0.8233,245,476,314,576,168.6939
12,195.5888,2,569.577,285.2792,20390.0,12778.0,238.7934,0.9126,1.5515,196.0,21.3624,0.7073,0.8286,476,707,314,576,168.6939
12,195.5888,3,862.4904,363.2796,16730.0,5152.0,198.0835,0.9997,1.72,237.0,26.2297,0.484,0.6523,707,938,314,576,168.6939
12,195.9962,1,358.5861,281.8518,33533.0,24871.0,229.769,0.9768,1.0129,196.0,18.2981,0.8333,0.9091,245,476,314,576,168.6939
12,195.9962,2,574.4572,283.7727,20808.0,13319.0,250.6557,0.8461,1.6805,196.0,14.8103,0.8272,0.9054,476,707,314,576,168.6939
12,195.9962,3,869.9414,344.9892,15336.0,5623.0,117.5131,0.812,1.4422,299.0,25.4217,0.5018,0.6682,707,938,314,576,168.6939
12,196.4037,1,352.6814,284.2972,35988.0,25726.0,239.7662,0.6296,1.1038,196.0,16.9083,0.8355,0.9104,245,476,314,576,168.6939
12,196.4037,2,578.4932,289.3682,20945.0,13150.0,263.8064,0.8301,1.8629,196.0,19.4096,0.7829,0.8783,476,707,314,576,168.6939
12,196.4037,3,900.2527,366.7325,8070.0,1479.0,111.7872,0.9665,1.8956,303.0,25.2127,0.3431,0.5109,707,938,314,576,168.6939
12,196.8112,1,345.6282,285.1952,35241.0,24892.0,255.9739,0.6472,1.2542,196.0,17.6012,0.8421,0.9143,245,476,314,576,168.6939
12,196.8112,2,582.8106,292.5004,20740.0,12696.0,182.2046,0.1946,1.907,196.0,18.498,0.7779,0.8751,476,707,314,576,168.6939
12,196.8112,3,908.0291,370.2989,6436.0,1497.0,113.5894,0.9844,2.5676,302.0,24.2871,0.5081,0.6738,707,938,314,576,168.6939
12,197.2187,1,336.0809,292.5679,35888.0,23513.0,284.6818,0.7713,1.4371,196.0,20.5995,0.805,0.892,245,476,314,576,168.6939
12,197.2187,2,585.1061,287.3143,18789.0,12161.0,280.0078,0.7823,2.2347,196.0,19.5475,0.7247,0.8403,476,707,314,576,168.6939
12,197.2187,3,896.4329,317.6723,9839.0,5348.0,179.8224,0.9995,3.8881,264.0,18.976,0.404,0.5755,707,938,314,576,168.6939
12,197.6262,1,328.2249,349.0075,50829.0,25056.0,321.8085,0.8519,1.5982,196.0,17.5824,0.6621,0.7967,245,476,314,576,168.6939
12,197.6262,2,586.544,282.6072,21893.0,14874.0,266.1029,0.7276,2.122,196.0,16.9202,0.6839,0.8123,476,707,314,576,168.6939
12,197.6262,3,850.687,299.1147,22709.0,14992.0,216.7701,0.8969,2.0438,226.0,24.4422,0.4289,0.6003,707,938,314,576,168.6939
12,198.0336,1,327.6482,351.6654,52334.0,25273.0,450.46,0.9563,2.2197,196.0,10.5552,0.9066,0.951,245,476,314,576,168.6939
12,198.0336,2,585.1689,289.7228,24928.0,16128.0,265.9104,0.7973,2.0164,196.0,14.4547,0.772,0.8713,476,707,314,576,168.6939
12,198.0336,3,850.0631,311.4255,26726.0,15091.0,216.1636,0.9376,1.8476,226.0,27.9496,0.7872,0.8809,707,938,314,576,168.6939
12,198.4411,1,332.8169,345.9927,49610.0,25290.0,300.5586,0.7917,1.4689,196.0,15.6516,0.8315,0.908,245,476,314,576,168.6939
12,198.4411,2,576.2613,291.7572,26507.0,16758.0,242.997,0.829,1.6653,196.0,16.5176,0.7637,0.866,476,707,314,576,168.6939
12,198.4411,3,833.1598,311.7654,29014.0,15870.0,185.5779,0.9795,1.3822,226.0,26.6973,0.6616,0.7964,707,938,314,576,168.6939
12,198.8486,1,331.5768,340.8388,48173.0,25693.0,296.0841,0.7328,1.4571,196.0,16.1791,0.8718,0.9315,245,476,314,576,168.6939
12,198.8486,2,572.4106,285.4068,25526.0,17111.0,228.1774,0.8407,1.5323,196.0,10.1763,0.8779,0.935,476,707,314,576,168.6939
12,198.8486,3,823.1799,314.5844,30760.0,16471.0,230.8106,0.7629,1.3673,219.0,22.7979,0.7159,0.8344,707,938,314,576,168.6939
12,199.2561,1,332.2618,339.0316,46464.0,25268.0,290.9997,0.682,1.4491,196.0,10.6305,0.9326,0.9651,245,476,314,576,168.6939
12,199.2561,2,571.3217,286.7054,25565.0,17059.0,222.8066,0.8797,1.4677,196.0,12.3212,0.8776,0.9348,476,707,314,576,168.6939
12,199.2561,3,796.6658,357.2953,37813.0,16556.0,256.8269,0.9929,1.5214,219.0,20.6313,0.5638,0.7211,707,938,314,576,168.6939
12,199.6635,1,336.094,300.5315,39425.0,25309.0,312.7152,0.7405,1.5877,196.0,14.8333,0.7063,0.8279,245,476,314,576,168.6939
12,199.6635,2,578.8226,293.0382,29645.0,19768.0,246.7068,0.9588,1.6175,196.0,20.326,0.7327,0.8457,476,707,314,576,168.6939
12,199.6635,3,795.1633,374.2611,40898.0,15871.0,276.3677,0.999,1.6177,219.0,14.5913,0.7671,0.8682,707,938,314,576,168.6939
12,200.071,1,329.1834,282.3164,30038.0,21398.0,292.8925,0.6551,1.6886,196.0,24.8936,0.7511,0.8578,245,476,314,576,168.6939
12,200.071,2,556.3181,302.9296,23998.0,13926.0,255.6001,0.9981,1.8326,196.0,30.0193,0.5793,0.7336,476,707,314,576,168.6939
12,200.071,3,774.7516,337.8042,11900.0,3610.0,124.6308,0.9324,1.6234,301.0,19.4499,0.2841,0.4425,707,938,314,576,168.6939
12,200.4785,1,337.3886,275.4607,27999.0,20252.0,262.0616,0.6214,1.4534,196.0,19.5984,0.7897,0.8825,245,476,314,576,168.6939
12,200.4785,2,552.4036,296.1967,21704.0,13266.0,261.7071,0.9952,1.8041,196.0,23.7147,0.7555,0.8608,476,707,314,576,168.6939
12,200.4785,3,775.8214,338.1011,11173.0,4165.0,170.5402,0.9892,2.8252,263.0,21.2393,0.6659,0.7995,707,938,314,576,168.6939
12,200.886,1,343.8866,278.5223,26169.0,18472.0,229.6833,0.956,1.4794,196.0,25.6104,0.7053,0.8272,245,476,314,576,168.6939
12,200.886,2,551.5998,279.2866,15398.0,10268.0,140.8077,0.014,1.7794,196.0,32.0853,0.6325,0.7749,476,707,314,576,168.6939
12,200.886,3,788.2262,388.1971,9214.0,196.0,136.0588,0.8968,1.8629,315.0,25.539,0.4224,0.5939,707,938,314,576,168.6939
12,201.2934,1,354.5249,280.3529,30253.0,22338.0,227.7929,0.397,1.053,196.0,23.1514,0.6956,0.8205,245,476,314,576,168.6939
12,201.2934,2,566.8457,279.6095,20721.0,14856.0,220.2843,0.9622,1.4632,196.0,26.8439,0.52,0.6842,476,707,314,576,168.6939
12,201.2934,3,787.8047,363.2525,30860.0,12507.0,173.0333,0.9344,1.9008,301.0,16.5492,0.2627,0.4161,707,938,314,576,168.6939
12,201.7009,1,352.8509,324.7254,37215.0,22717.0,242.3249,0.7773,1.1187,196.0,11.9564,0.6986,0.8226,245,476,314,576,168.6939
12,201.7009,2,588.4812,286.9967,26261.0,18266.0,250.027,0.8367,1.7288,196.0,30.1746,0.5833,0.7368,476,707,314,576,168.6939
12,201.7009,3,792.5689,337.3545,31450.0,15697.0,237.983,0.9999,1.4335,220.0,16.2858,0.6653,0.799,707,938,314,576,168.6939
12,202.1084,1,361.0385,286.4935,29803.0,20892.0,268.1881,0.9531,1.257,196.0,10.8188,0.6943,0.8196,245,476,314,576,168.6939
12,202.1084,2,602.4442,294.3644,27703.0,18045.0,272.0555,0.6651,1.6795,196.0,20.8729,0.7135,0.8328,476,707,314,576,168.6939
12,202.1084,3,769.446,373.6168,26912.0,7656.0,289.3627,0.9667,2.7553,221.0,21.433,0.54,0.7013,707,938,314,576,168.6939
12,202.5159,1,363.2345,297.4625,27243.0,17599.0,179.3882,0.0098,1.984,196.0,10.9071,0.777,0.8745,245,476,314,576,168.6939
12,202.5159,2,609.0347,283.8569,21631.0,14312.0,302.616,0.6389,2.1213,196.0,21.808,0.7004,0.8238,476,707,314,576,168.6939
12,202.5159,3,769.1431,348.6286,17662.0,6110.0,240.2227,0.9478,2.5907,230.0,17.5932,0.5759,0.7309,707,938,314,576,168.6939
12,202.9233,1,360.0679,305.2003,29590.0,19162.0,252.8963,0.7829,1.2425,196.0,14.3527,0.6808,0.8101,245,476,314,576,168.6939
12,202.9233,2,560.1073,235.1746,10216.0,10216.0,129.6153,0.1255,1.6772,196.0,21.1185,0.443,0.614,476,707,314,576,168.6939
12,202.9233,3,766.0042,335.61,16724.0,6379.0,210.6809,0.967,2.1349,232.0,23.2225,0.733,0.8459,707,938,314,576,168.6939
12,203.3308,1,362.805,282.2522,27183.0,19072.0,262.9436,0.8063,1.312,196.0,14.517,0.7395,0.8502,245,476,314,576,168.6939
12,203.3308,2,558.0742,233.7882,9904.0,9904.0,153.1108,0.0641,1.9515,196.0,2.0279,0.9246,0.9608,476,707,314,576,168.6939
12,203.3308,3,764.7555,348.2322,19783.0,6627.0,256.6479,0.9818,2.5782,230.0,24.5821,0.6894,0.8161,707,938,314,576,168.6939
12,203.7383,1,353.5609,332.795,32433.0,17482.0,174.7887,0.0216,1.9667,196.0,17.2191,0.5928,0.7444,245,476,314,576,168.6939
12,203.7383,2,557.2256,232.6252,9540.0,9540.0,149.1401,0.0177,1.8172,196.0,2.1893,0.9183,0.9574,476,707,314,576,168.6939
12,203.7383,3,766.1803,402.6822,21439.0,3702.0,180.5315,0.9882,1.9423,328.0,26.889,0.5024,0.6688,707,938,314,576,168.6939
12,204.1458,1,363.782,287.3544,28420.0,20012.0,269.3845,0.9219,1.26,196.0,17.843,0.5468,0.707,245,476,314,576,168.6939
12,204.1458,2,561.4925,235.1947,10958.0,10958.0,184.0466,0.1889,2.0925,196.0,3.9888,0.8689,0.9298,476,707,314,576,168.6939
12,204.1458,3,764.9702,388.9206,28404.0,7257.0,295.0278,0.9844,2.8705,222.0,20.056,0.5991,0.7493,707,938,314,576,168.6939
12,204.5533,1,367.0637,277.6528,30603.0,23292.0,251.5036,0.5315,1.2435,196.0,16.0703,0.7199,0.8371,245,476,314,576,168.6939
12,204.5533,2,562.4305,237.9437,11946.0,11946.0,183.9607,0.1839,1.9425,196.0,2.7001,0.909,0.9523,476,707,314,576,168.6939
12,204.5533,3,783.4151,308.4269,23706.0,13784.0,205.573,0.8835,1.1941,219.0,21.0656,0.4238,0.5953,707,938,314,576,168.6939
12,204.9607,1,372.3014,278.2678,31005.0,23788.0,265.4406,0.0329,2.2476,196.0,23.8142,0.7261,0.8413,245,476,314,576,168.6939
12,204.9607,2,606.3402,276.4329,21892.0,17337.0,186.9544,0.2461,1.7548,196.0,8.1796,0.5448,0.7054,476,707,314,576,168.6939
12,204.9607,3,793.7728,342.6891,35775.0,16860.0,222.4254,0.9899,1.2578,219.0,11.1205,0.6173,0.7633,707,938,314,576,168.6939
12,205.3682,1,374.8011,273.5467,30625.0,24438.0,280.1026,0.5314,1.5405,196.0,18.1,0.7751,0.8733,245,476,314,576,168.6939
12,205.3682,2,605.4253,273.9126,22238.0,17306.0,187.7307,0.216,1.8009,196.0,6.7845,0.8347,0.9099,476,707,314,576,168.6939
12,205.3682,3,794.6481,355.17,40024.0,16560.0,227.2741,0.1001,1.6749,219.0,11.6446,0.8274,0.9056,707,938,314,576,168.6939
12,205.7757,1,369.7452,280.609,32348.0,24368.0,268.4083,0.626,1.3623,196.0,18.0218,0.8027,0.8905,245,476,314,576,168.6939
12,205.7757,2,606.5016,276.5696,23913.0,17722.0,185.3157,0.1952,1.7822,196.0,8.8627,0.8323,0.9085,476,707,314,576,168.6939
12,205.7757,3,802.8843,370.4656,46023.0,16461.0,354.1345,0.9747,2.2568,226.0,12.7373,0.7447,0.8536,707,938,314,576,168.6939
12,206.1832,1,358.1305,338.2613,43743.0,25015.0,264.5151,0.8931,1.2031,196.0,17.2356,0.6292,0.7724,245,476,314,576,168.6939
12,206.1832,2,602.5109,281.0102,25997.0,19121.0,284.8397,0.6494,2.3189,196.0,10.591,0.7791,0.8758,476,707,314,576,168.6939
12,206.1832,3,807.0823,349.1584,36940.0,16806.0,237.8573,0.9356,1.3822,219.0,14.3616,0.7341,0.8466,707,938,314,576,168.6939
12,206.5906,1,361.8075,288.7159,36086.0,25417.0,246.5419,0.8665,1.1006,196.0,14.8172,0.7191,0.8366,245,476,314,576,168.6939
12,206.5906,2,596.2284,281.1165,26377.0,18838.0,263.9794,0.7058,2.0998,196.0,11.5301,0.7994,0.8885,476,707,314,576,168.6939
12,206.5906,3,803.3178,346.6308,34969.0,16503.0,217.771,0.9986,1.1958,219.0,12.7492,0.7755,0.8735,707,938,314,576,168.6939
12,206.9981,1,351.2201,291.8447,38323.0,25620.0,254.3745,0.8537,1.1444,196.0,19.8586,0.789,0.882,245,476,314,576,168.6939
12,206.9981,2,590.6089,285.2335,28711.0,20077.0,247.1531,0.7779,1.7489,196.0,14.741,0.7804,0.8766,476,707,314,576,168.6939
12,206.9981,3,800.1007,353.376,34505.0,16034.0,243.699,1.0,1.3114,219.0,14.9265,0.7632,0.8657,707,938,314,576,168.6939
12,207.4056,1,344.5168,299.977,41101.0,26168.0,284.5324,0.8104,1.3099,196.0,20.294,0.7963,0.8866,245,476,314,576,168.6939
12,207.4056,2,586.3664,287.9959,29989.0,20360.0,240.041,0.8202,1.5967,196.0,9.9545,0.8521,0.9201,476,707,314,576,168.6939
12,207.4056,3,796.3161,355.1044,34140.0,16446.0,246.6862,0.9767,2.6309,219.0,13.3976,0.7766,0.8743,707,938,314,576,168.6939
12,207.8131,1,336.1675,359.0768,53465.0,25386.0,474.072,0.9832,2.2565,196.0,12.3079,0.6698,0.8022,245,476,314,576,168.6939
12,207.8131,2,575.8954,289.2612,27064.0,17589.0,236.0814,0.8221,1.5769,196.0,6.042,0.8588,0.924,476,707,314,576,168.6939
12,207.8131,3,786.5084,298.0859,21320.0,14697.0,196.0112,0.9394,1.1338,219.0,15.0845,0.5693,0.7256,707,938,314,576,168.6939
12,208.2205,1,351.8819,285.1615,34741.0,25305.0,253.474,0.6059,1.1975,196.0,16.8777,0.5827,0.7363,245,476,314,576,168.6939
12,208.2205,2,577.2161,295.0541,27628.0,17395.0,240.9338,0.9024,1.5363,196.0,14.226,0.8158,0.8986,476,707,314,576,168.6939
12,208.2205,3,803.5977,306.7712,24411.0,16132.0,220.043,0.9996,1.2748,219.0,14.7762,0.696,0.8208,707,938,314,576,168.6939
12,208.628,1,358.6596,275.8442,31019.0,24047.0,230.6114,0.1009,1.0818,196.0,23.3536,0.7738,0.8725,245,476,314,576,168.6939
12,208.628,2,571.6771,293.6036,24479.0,16063.0,232.6891,0.9127,1.6255,196.0,17.7722,0.7404,0.8508,476,707,314,576,168.6939
12,208.628,3,814.0814,386.6138,20892.0,6507.0,236.587,0.9275,3.0122,230.0,20.9337,0.3222,0.4873,707,938,314,576,168.6939
12,209.0355,1,356.8281,280.5372,29794.0,21985.0,237.0522,0.9511,1.0588,196.0,13.4405,0.8443,0.9156,245,476,314,576,168.6939
12,209.0355,2,576.2433,291.4414,21524.0,13648.0,247.6669,0.8865,1.7243,196.0,18.5916,0.7008,0.8241,476,707,314,576,168.6939
12,209.0355,3,851.413,332.055,15681.0,6635.0,178.2452,0.9877,1.6236,232.0,30.4673,0.4622,0.6322,707,938,314,576,168.6939
12,209.443,1,356.4638,280.442,29606.0,21912.0,234.1216,0.9192,1.0527,196.0,10.2417,0.8771,0.9345,245,476,314,576,168.6939
12,209.443,2,588.8268,288.7296,22899.0,15053.0,260.4024,0.8074,1.9246,196.0,19.6741,0.6933,0.8189,476,707,314,576,168.6939
12,209.443,3,869.8289,334.2538,16567.0,6730.0,192.2741,0.9944,1.6225,235.0,33.9138,0.5612,0.7189,707,938,314,576,168.6939
12,209.8505,1,358.1965,281.1876,30023.0,21780.0,240.7675,0.8343,1.1087,196.0,13.4191,0.8493,0.9185,245,476,314,576,168.6939
12,209.8505,2,595.8324,287.3713,21304.0,13770.0,189.0893,0.2589,2.0066,196.0,21.2402,0.6891,0.8159,476,707,314,576,168.6939
12,209.8505,3,875.1121,344.7715,16894.0,6393.0,209.1504,0.9994,1.7714,232.0,27.3005,0.6393,0.78,707,938,314,576,168.6939
12,210.2579,1,357.4098,288.3241,30774.0,21269.0,265.4275,0.9655,1.2464,196.0,10.544,0.846,0.9166,245,476,314,576,168.6939
12,210.2579,2,597.0093,287.7661,18568.0,11648.0,185.7205,0.2316,2.0541,196.0,19.9637,0.6446,0.7839,476,707,314,576,168.6939
12,210.2579,3,879.8452,348.7713,16251.0,6034.0,205.9446,0.961,1.8873,233.0,20.4686,0.6668,0.8001,707,938,314,576,168.6939
12,210.6654,1,355.7964,292.7159,32207.0,21982.0,280.3249,0.9991,1.2794,196.0,16.6056,0.7739,0.8725,245,476,314,576,168.6939
12,210.6654,2,606.6977,280.2285,20104.0,14021.0,186.3394,0.2232,2.0324,196.0,14.5531,0.6963,0.821,476,707,314,576,168.6939
12,210.6654,3,886.5934,332.9365,13902.0,6067.0,205.0165,0.9258,2.1796,233.0,20.3326,0.7235,0.8396,707,938,314,576,168.6939
12,211.0729,1,355.9664,293.7097,33538.0,22856.0,289.742,0.999,1.2937,196.0,12.1332,0.8522,0.9202,245,476,314,576,168.6939
12,211.0729,2,606.7896,276.1009,23798.0,17414.0,312.2423,0.6448,2.7806,196.0,9.818,0.7391,0.85,476,707,314,576,168.6939
12,211.0729,3,843.275,302.4135,21320.0,14379.0,228.6109,0.8643,2.38,226.0,17.7436,0.4684,0.638,707,938,314,576,168.6939
12,211.4804,1,352.1699,341.1111,43242.0,24770.0,239.3528,0.5378,1.1348,196.0,14.9966,0.5589,0.717,245,476,314,576,168.6939
12,211.4804,2,601.9564,276.8187,24836.0,18092.0,288.3088,0.6595,2.4507,196.0,7.7352,0.8498,0.9188,476,707,314,576,168.6939
12,211.4804,3,885.2801,321.7205,12113.0,7002.0,131.0072,0.999,3.2268,302.0,15.0671,0.5054,0.6715,707,938,314,576,168.6939
12,211.8878,1,367.1812,274.8704,32533.0,24902.0,260.2151,0.3549,1.4537,196.0,15.5991,0.6165,0.7628,245,476,314,576,168.6939
12,211.8878,2,588.0124,283.9094,24184.0,16426.0,270.5249,0.7201,2.1276,196.0,11.5466,0.7074,0.8286,476,707,314,576,168.6939
12,211.8878,3,835.1815,279.666,16833.0,13969.0,105.3912,0.1949,1.6444,219.0,11.8213,0.4986,0.6654,707,938,314,576,168.6939
12,212.2953,1,370.1964,273.7617,30268.0,23981.0,272.2911,0.4068,1.5772,196.0,14.0125,0.8125,0.8965,245,476,314,576,168.6939
12,212.2953,2,585.9473,287.8035,25397.0,17107.0,265.3995,0.7656,2.0121,196.0,11.1517,0.8222,0.9024,476,707,314,576,168.6939
12,212.2953,3,837.1999,283.0819,17746.0,13540.0,214.0641,0.7899,3.1953,226.0,7.9734,0.8179,0.8999,707,938,314,576,168.6939
12,212.7028,1,373.482,271.0663,29545.0,23905.0,279.9761,0.4121,1.5968,196.0,10.4143,0.8804,0.9364,245,476,314,576,168.6939
12,212.7028,2,589.8177,284.6352,28117.0,19742.0,247.5147,0.7751,1.8112,196.0,9.7825,0.7853,0.8797,476,707,314,576,168.6939
12,212.7028,3,847.3154,305.3777,23622.0,14170.0,220.4075,0.8771,2.5112,226.0,16.5095,0.7328,0.8458,707,938,314,576,168.6939
12,213.1103,1,374.4494,268.1673,28682.0,23699.0,282.7662,0.3859,1.7148,196.0,9.3751,0.8951,0.9446,245,476,314,576,168.6939
12,213.1103,2,586.9653,291.0398,30121.0,20105.0,250.2238,0.8422,1.7149,196.0,15.2068,0.8187,0.9003,476,707,314,576,168.6939
12,213.1103,3,836.4326,311.3696,27608.0,15239.0,188.2069,0.9081,1.4747,226.0,19.884,0.6921,0.818,707,938,314,576,168.6939
12,213.5177,1,373.9562,269.2549,26981.0,21652.0,281.2142,0.4194,1.7286,196.0,8.7099,0.8543,0.9214,245,476,314,576,168.6939
12,213.5177,2,571.335,295.7111,25568.0,15935.0,246.887,0.938,1.6645,196.0,17.4769,0.6815,0.8106,476,707,314,576,168.6939
12,213.5177,3,807.6598,308.0541,22957.0,12894.0,216.2425,0.7874,1.5029,219.0,21.2695,0.5471,0.7073,707,938,314,576,168.6939
12,213.9252,1,373.5756,268.4812,25561.0,19872.0,290.1615,0.4748,1.6951,196.0,7.8089,0.8462,0.9167,245,476,314,576,168.6939
12,213.9252,2,567.7144,296.3128,24942.0,15086.0,243.4016,0.9819,1.5961,196.0,16.5823,0.7837,0.8787,476,707,314,576,168.6939
12,213.9252,3,799.229,321.5439,19267.0,9720.0,131.0539,0.7538,1.5941,310.0,29.3959,0.549,0.7089,707,938,314,576,168.6939
12,214.3327,1,371.9222,276.7729,27882.0,20542.0,279.5186,0.6482,1.433,196.0,10.3869,0.8282,0.906,245,476,314,576,168.6939
12,214.3327,2,569.0673,305.2638,24532.0,15054.0,229.3618,0.9426,1.5893,196.0,19.6086,0.7084,0.8293,476,707,314,576,168.6939
12,214.3327,3,780.3715,329.7436,15664.0,6685.0,243.3008,0.9363,2.7894,220.0,15.3436,0.5388,0.7003,707,938,314,576,168.6939
12,214.7402,1,366.5598,283.7399,28355.0,20330.0,260.3764,0.0164,2.4054,196.0,12.1097,0.7623,0.8651,245,476,314,576,168.6939
12,214.7402,2,574.843,291.571,21766.0,13497.0,248.7398,0.8688,1.6872,196.0,21.3709,0.6341,0.7761,476,707,314,576,168.6939
12,214.7402,3,789.9052,313.5545,22318.0,13061.0,236.9607,0.9715,2.5833,220.0,19.307,0.557,0.7155,707,938,314,576,168.6939
12,215.1476,1,359.2799,274.3892,27805.0,20926.0,240.7236,0.5727,1.185,196.0,15.3901,0.7584,0.8626,245,476,314,576,168.6939
12,215.1476,2,594.4905,290.5031,22339.0,14098.0,278.8799,0.786,2.069,196.0,24.8629,0.6018,0.7514,476,707,314,576,168.6939
12,215.1476,3,808.0964,351.5629,11940.0,3649.0,119.7439,0.9772,1.7473,311.0,18.2274,0.4292,0.6006,707,938,314,576,168.6939
12,215.5551,1,353.1666,281.6038,30512.0,21747.0,237.8118,0.9963,1.0576,196.0,20.1496,0.7496,0.8569,245,476,314,576,168.6939
12,215.5551,2,600.4249,289.6192,21878.0,13929.0,185.654,0.1997,2.0426,196.0,20.85,0.6976,0.8219,476,707,314,576,168.6939
12,215.5551,3,816.9046,345.4715,13108.0,4747.0,218.5561,0.9126,3.079,235.0,35.0827,0.462,0.632,707,938,314,576,168.6939
12,215.9626,1,339.7481,292.2148,33505.0,22334.0,269.785,0.8568,1.2725,196.0,24.2395,0.6972,0.8216,245,476,314,576,168.6939
12,215.9626,2,563.2682,236.4051,11283.0,11283.0,186.2441,0.217,2.1093,196.0,18.7541,0.4977,0.6646,476,707,314,576,168.6939
12,215.9626,3,850.7861,322.7019,14471.0,6656.0,176.5382,0.9655,1.922,235.0,33.1522,0.4219,0.5934,707,938,314,576,168.6939
12,216.3701,1,336.6002,285.9734,31929.0,22542.0,275.8628,0.7105,1.4335,196.0,20.018,0.7958,0.8863,245,476,314,576,168.6939
12,216.3701,2,562.1031,235.4033,10935.0,10935.0,188.3191,0.2196,2.1289,196.0,2.7822,0.9308,0.9642,476,707,314,576,168.6939
12,216.3701,3,873.2092,325.6863,15874.0,6918.0,173.9173,0.982,1.4346,233.0,40.9089,0.5111,0.6765,707,938,314,576,168.6939
12,216.7776,1,339.563,279.6744,29822.0,22336.0,255.4802,0.6197,1.3349,196.0,21.6971,0.7759,0.8738,245,476,314,576,168.6939
12,216.7776,2,561.4411,235.139,10903.0,10903.0,187.3855,0.215,2.15,196.0,2.1626,0.953,0.9759,476,707,314,576,168.6939
12,216.7776,3,886.7733,339.7404,16861.0,6818.0,236.2649,0.9755,2.1925,232.0,35.369,0.574,0.7294,707,938,314,576,168.6939
12,217.185,1,346.876,281.5263,29814.0,21734.0,255.6801,0.9734,1.7697,196.0,26.2483,0.7289,0.8432,245,476,314,576,168.6939
12,217.185,2,561.5571,235.6079,11121.0,11121.0,185.6203,0.2071,2.0983,196.0,3.1569,0.9331,0.9654,476,707,314,576,168.6939
12,217.185,3,889.829,337.3104,14355.0,6342.0,184.318,0.9988,2.7204,243.0,22.5609,0.7073,0.8285,707,938,314,576,168.6939
12,217.5925,1,355.5245,289.1981,32861.0,22998.0,255.7083,0.9979,1.1615,196.0,19.2752,0.7904,0.8829,245,476,314,576,168.6939
12,217.5925,2,560.2814,234.6802,10832.0,10832.0,183.944,0.1789,2.1299,196.0,2.5936,0.9306,0.9641,476,707,314,576,168.6939
12,217.5925,3,904.2689,359.3129,7910.0,1824.0,166.9111,0.9988,3.2904,265.0,21.3441,0.4342,0.6055,707,938,314,576,168.6939
12,218.0,1,359.7815,277.8578,30151.0,22971.0,230.4535,0.3415,1.0736,196.0,23.6122,0.7684,0.869,245,476,314,576,168.6939
12,218.0,2,561.5942,237.0056,11322.0,11322.0,184.5065,0.211,1.998,196.0,2.9035,0.9074,0.9514,476,707,314,576,168.6939
12,218.0,3,915.543,364.1472,5624.0,1314.0,130.7378,0.9955,3.4998,302.0,35.062,0.5061,0.6721,707,938,314,576,168.6939
12,218.4075,1,352.256,328.3322,36790.0,21863.0,258.4579,0.9295,1.2204,196.0,15.628,0.6755,0.8064,245,476,314,576,168.6939
12,218.4075,2,560.9616,235.3328,10723.0,10723.0,185.4127,0.2273,2.0715,196.0,2.9271,0.9279,0.9626,476,707,314,576,168.6939
12,218.4075,3,918.3683,362.8718,6160.0,1750.0,179.7025,0.999,4.6817,256.0,25.1991,0.5758,0.7308,707,938,314,576,168.6939
12,218.8149,1,361.2179,322.024,34933.0,21095.0,297.6614,0.9742,1.4089,196.0,12.2996,0.7598,0.8635,245,476,314,576,168.6939
12,218.8149,2,560.9331,235.3973,10750.0,10750.0,184.4595,0.2249,2.062,196.0,1.7639,0.9664,0.9829,476,707,314,576,168.6939
12,218.8149,3,900.8128,329.4862,9724.0,4866.0,182.356,1.0,4.0531,255.0,13.158,0.4992,0.666,707,938,314,576,168.6939
12,219.2224,1,351.3385,325.8999,37107.0,22662.0,253.0428,0.9023,1.186,196.0,14.5812,0.7316,0.845,245,476,314,576,168.6939
12,219.2224,2,562.1601,236.3513,11119.0,11119.0,183.3993,0.2299,2.0371,196.0,2.0596,0.9508,0.9748,476,707,314,576,168.6939
12,219.2224,3,890.1378,318.8683,12946.0,6740.0,185.9643,0.863,1.9519,237.0,27.3389,0.6115,0.7589,707,938,314,576,168.6939
12,219.6299,1,356.6896,279.31,30069.0,22127.0,236.8711,0.7977,1.0832,196.0,17.2529,0.6551,0.7916,245,476,314,576,168.6939
12,219.6299,2,561.2882,235.6979,10956.0,10956.0,185.4442,0.2226,2.0888,196.0,2.4597,0.9403,0.9692,476,707,314,576,168.6939
12,219.6299,3,853.4617,306.8728,21213.0,12268.0,181.1163,0.9333,1.5125,233.0,30.0364,0.5105,0.6759,707,938,314,576,168.6939
12,220.0374,1,344.1311,284.6164,33151.0,23397.0,250.5963,0.7355,1.1592,196.0,28.5393,0.7105,0.8307,245,476,314,576,168.6939
12,220.0374,2,610.069,280.2742,20616.0,14558.0,191.5268,0.2476,2.1098,196.0,9.3613,0.5153,0.6802,476,707,314,576,168.6939
12,220.0374,3,841.6979,308.1291,26150.0,14917.0,186.4637,0.9863,1.3268,229.0,28.4464,0.668,0.801,707,938,314,576,168.6939
12,220.4448,1,338.8636,294.2018,34834.0,22911.0,278.4972,0.8286,1.3438,196.0,21.5051,0.7929,0.8845,245,476,314,576,168.6939
12,220.4448,2,599.1843,279.238,17726.0,11731.0,187.0698,0.228,2.1033,196.0,8.8304,0.7106,0.8308,476,707,314,576,168.6939
12,220.4448,3,831.1109,311.4886,26731.0,14752.0,233.736,0.7584,1.7548,220.0,25.3689,0.6886,0.8156,707,938,314,576,168.6939
12,220.8523,1,333.3632,301.2764,36438.0,22358.0,311.3162,0.8764,1.5585,196.0,17.6589,0.811,0.8956,245,476,314,576,168.6939
12,220.8523,2,596.1654,280.0382,18412.0,12281.0,302.0523,0.7194,2.6926,196.0,9.4017,0.7916,0.8837,476,707,314,576,168.6939
12,220.8523,3,816.1423,305.8448,27285.0,16551.0,207.1312,0.7772,1.3716,219.0,22.1792,0.7017,0.8247,707,938,314,576,168.6939
12,221.2598,1,325.1565,340.3438,46245.0,23778.0,415.8398,0.9208,2.1779,196.0,19.802,0.6645,0.7984,245,476,314,576,168.6939
12,221.2598,2,591.856,291.0255,21580.0,13702.0,303.2735,0.7959,2.5435,196.0,15.4857,0.7164,0.8348,476,707,314,576,168.6939
12,221.2598,3,807.8676,311.6383,27027.0,15432.0,217.0461,0.976,1.3188,220.0,20.5487,0.7311,0.8446,707,938,314,576,168.6939
12,221.6673,1,329.5001,294.7421,19630.0,10693.0,166.5704,0.3923,2.0807,291.0,23.3232,0.3576,0.5268,245,476,314,576,168.6939
12,221.6673,2,607.0225,361.8021,10799.0,662.0,167.2003,0.703,2.282,302.0,25.7988,0.1958,0.3274,476,707,314,576,168.6939
12,221.6673,3,801.9482,395.3398,8952.0,112.0,124.1757,0.9189,1.474,316.0,23.8574,0.2153,0.3543,707,938,314,576,168.6939
12,222.0748,1,369.4362,341.1604,6140.0,1181.0,107.6312,0.6421,1.9459,292.0,31.8142,0.1974,0.3298,245,476,314,576,168.6939
12,222.0748,2,582.0894,354.9266,9208.0,676.0,142.4499,0.5383,1.8726,302.0,30.7073,0.5046,0.6708,476,707,314,576,168.6939
12,222.0748,3,792.5025,370.0059,7757.0,522.0,117.1208,0.9467,1.645,298.0,36.9474,0.5075,0.6733,707,938,314,576,168.6939
12,222.4822,1,385.9103,350.9099,6546.0,860.0,124.8149,0.7056,2.2053,291.0,28.4838,0.386,0.557,245,476,314,576,168.6939
12,222.4822,2,569.0948,309.5599,16303.0,8941.0,155.9239,0.9944,1.3588,249.0,25.6743,0.3579,0.5271,476,707,314,576,168.6939
12,222.4822,3,799.6773,372.3323,8197.0,355.0,123.9584,0.8779,1.6899,304.0,31.9787,0.6255,0.7696,707,938,314,576,168.6939
12,222.8897,1,397.3319,359.0497,6677.0,1051.0,148.2705,0.822,2.9706,283.0,34.477,0.3373,0.5044,245,476,314,576,168.6939
12,222.8897,2,561.946,366.1811,8394.0,517.0,135.7167,0.7199,1.8142,301.0,42.0865,0.234,0.3792,476,707,314,576,168.6939
12,222.8897,3,801.0046,375.5736,8300.0,466.0,126.6815,0.8148,1.8574,302.0,27.4898,0.6381,0.7791,707,938,314,576,168.6939
12,223.2972,1,399.8492,386.3616,5451.0,343.0,117.4878,0.8528,2.9612,320.0,35.5831,0.2599,0.4126,245,476,314,576,168.6939
12,223.2972,2,556.244,359.2879,6791.0,470.0,95.4149,0.8625,1.2561,301.0,44.8841,0.5105,0.6759,476,707,314,576,168.6939
12,223.2972,3,792.6438,365.7054,6633.0,388.0,101.153,0.8689,1.4548,302.0,34.0292,0.5987,0.7489,707,938,314,576,168.6939
12,223.7047,1,416.3691,350.9886,4982.0,685.0,122.2883,0.9754,2.2636,299.0,30.6883,0.2828,0.4409,245,476,314,576,168.6939
12,223.7047,2,552.3301,333.5731,6611.0,2130.0,90.4886,0.988,1.3358,292.0,41.1036,0.4601,0.6302,476,707,314,576,168.6939
12,223.7047,3,779.9389,369.3288,5860.0,471.0,105.106,0.9989,1.9607,300.0,42.1867,0.4776,0.6464,707,938,314,576,168.6939
12,224.1121,1,367.4362,272.451,25333.0,18969.0,275.513,0.7939,2.1911,196.0,25.0501,0.1271,0.2256,245,476,314,576,168.6939
12,224.1121,2,561.4524,282.9219,18801.0,12389.0,200.8431,0.8358,2.153,218.0,23.6116,0.2593,0.4119,476,707,314,576,168.6939
12,224.1121,3,780.2497,367.8329,6931.0,819.0,135.2894,0.9734,2.3795,291.0,31.428,0.5876,0.7402,707,938,314,576,168.6939
12,224.5196,1,352.5667,281.7322,27270.0,19042.0,266.0592,0.9258,1.9361,196.0,31.621,0.6284,0.7718,245,476,314,576,168.6939
12,224.5196,2,580.9229,290.4318,17831.0,10119.0,123.2098,0.4347,1.533,301.0,33.4614,0.5102,0.6757,476,707,314,576,168.6939
12,224.5196,3,796.8506,365.1205,7559.0,983.0,145.9091,0.9683,2.319,291.0,44.7499,0.4138,0.5854,707,938,314,576,168.6939
12,224.9271,1,340.3764,293.2337,29472.0,19226.0,283.9881,0.9905,2.0286,196.0,32.881,0.6738,0.8051,245,476,314,576,168.6939
12,224.9271,2,590.4744,295.6896,18581.0,10474.0,129.0723,0.5488,1.6889,300.0,21.5883,0.6272,0.7709,476,707,314,576,168.6939
12,224.9271,3,814.5693,393.8932,10454.0,439.0,168.9077,0.9352,2.4874,303.0,48.6923,0.3332,0.4999,707,938,314,576,168.6939
12,225.3346,1,332.4371,291.0997,30346.0,20152.0,250.5056,0.9997,1.6429,196.0,19.5551,0.7551,0.8605,245,476,314,576,168.6939
12,225.3346,2,560.0912,233.3935,9078.0,9078.0,130.1826,0.1703,2.2924,196.0,14.2665,0.4359,0.6072,476,707,314,576,168.6939
12,225.3346,3,818.6639,357.6034,12205.0,3302.0,147.9554,0.8376,2.148,301.0,22.5368,0.499,0.6658,707,938,314,576,168.6939
12,225.742,1,327.1902,288.604,29464.0,19283.0,247.3863,0.9842,1.6729,196.0,18.4131,0.7944,0.8854,245,476,314,576,168.6939
12,225.742,2,640.988,356.1692,10875.0,2061.0,143.5567,0.7732,1.9413,285.0,13.4707,0.0,0.0,476,707,314,576,168.6939
12,225.742,3,782.3647,328.3228,11761.0,4835.0,153.1816,0.8991,2.4012,263.0,24.2226,0.3507,0.5193,707,938,314,576,168.6939
12,226.1495,1,323.0986,295.1539,26260.0,16529.0,216.8605,0.9929,1.8073,196.0,15.3342,0.7669,0.8681,245,476,314,576,168.6939
12,226.1495,2,620.6858,391.7277,8932.0,116.0,138.036,0.5277,2.3058,313.0,30.011,0.3971,0.5685,476,707,314,576,168.6939
12,226.1495,3,792.0424,375.9599,10148.0,1256.0,164.2585,0.9693,2.3932,277.0,38.7647,0.3874,0.5585,707,938,314,576,168.6939
12,226.557,1,315.2487,342.6603,23215.0,9816.0,171.1854,0.8616,1.882,273.0,18.6661,0.5592,0.7173,245,476,314,576,168.6939
12,226.557,2,670.1707,361.1446,6174.0,272.0,92.8883,0.9711,1.262,306.0,39.5593,0.3414,0.5091,476,707,314,576,168.6939
12,226.557,3,797.5,409.7924,10449.0,111.0,145.9647,0.9572,1.8391,326.0,31.7861,0.5311,0.6938,707,938,314,576,168.6939
12,226.9645,1,329.8166,321.6979,31670.0,17098.0,148.9219,0.9709,1.3552,296.0,17.7008,0.5703,0.7264,245,476,314,576,168.6939
12,226.9645,2,610.6312,295.4817,15313.0,8456.0,131.3509,0.8917,1.8695,301.0,14.0693,0.2951,0.4557,476,707,314,576,168.6939
12,226.9645,3,788.5104,343.7394,19549.0,8386.0,257.5467,0.973,2.7636,233.0,32.2683,0.3519,0.5206,707,938,314,576,168.6939
12,227.3719,1,333.8435,290.2184,28145.0,18727.0,277.9457,0.9948,1.9568,196.0,20.6841,0.6772,0.8075,245,476,314,576,168.6939
12,227.3719,2,557.9652,233.9602,9116.0,9116.0,109.5699,0.1171,1.7892,196.0,14.5181,0.4366,0.6078,476,707,314,576,168.6939
12,227.3719,3,782.9571,357.9347,11770.0,2880.0,135.8325,0.9517,1.7983,305.0,22.3501,0.5256,0.689,707,938,314,576,168.6939
12,227.7794,1,341.3853,280.3087,23757.0,16861.0,270.1736,0.9946,1.9657,196.0,20.4398,0.7323,0.8455,245,476,314,576,168.6939
12,227.7794,2,594.2284,287.7064,15652.0,9107.0,101.6598,0.61,1.2545,302.0,12.2243,0.4688,0.6383,476,707,314,576,168.6939
12,227.7794,3,789.8522,385.7639,8595.0,154.0,128.8866,0.977,1.8119,314.0,26.0308,0.5137,0.6787,707,938,314,576,168.6939
12,228.1869,1,339.7323,283.4895,26526.0,18983.0,239.5987,0.9958,1.595,196.0,16.0222,0.7658,0.8674,245,476,314,576,168.6939
12,228.1869,2,592.0193,289.8937,17522.0,10422.0,188.1285,0.9551,2.3481,219.0,10.2976,0.7646,0.8666,476,707,314,576,168.6939
12,228.1869,3,804.9716,356.4311,11853.0,2951.0,201.3537,0.8589,2.7362,246.0,31.9777,0.3918,0.563,707,938,314,576,168.6939
12,228.5944,1,350.621,278.5415,28075.0,20580.0,220.5414,0.5263,1.056,196.0,22.2605,0.7341,0.8467,245,476,314,576,168.6939
12,228.5944,2,556.249,235.4573,8600.0,8600.0,122.5787,0.1876,1.8978,196.0,9.515,0.4611,0.6312,476,707,314,576,168.6939
12,228.5944,3,827.4637,352.0009,11228.0,2364.0,171.1146,0.8625,2.0343,252.0,40.0533,0.3828,0.5537,707,938,314,576,168.6939
12,229.0019,1,370.0644,278.7237,26249.0,18992.0,231.461,0.8741,2.5537,196.0,30.4104,0.6134,0.7604,245,476,314,576,168.6939
12,229.0019,2,590.6483,289.0338,16490.0,9605.0,113.3919,0.6051,1.5636,305.0,9.1306,0.4588,0.629,476,707,314,576,168.6939
12,229.0019,3,867.6568,338.1763,13210.0,4214.0,173.6657,0.7266,1.8939,270.0,39.136,0.3296,0.4958,707,938,314,576,168.6939
12,229.4093,1,367.7188,280.5149,25956.0,18540.0,230.3731,0.9825,1.6325,196.0,23.2657,0.6921,0.818,245,476,314,576,168.6939
12,229.4093,2,559.5514,235.2611,9759.0,9759.0,124.4601,0.128,1.8029,196.0,10.1996,0.4849,0.6531,476,707,314,576,168.6939
12,229.4093,3,876.7963,386.4212,10538.0,318.0,161.6408,0.8543,2.0569,308.0,45.5345,0.2831,0.4413,707,938,314,576,168.6939
12,229.8168,1,357.0601,327.7811,29039.0,16748.0,177.5591,0.0376,2.1106,196.0,19.5006,0.5936,0.745,245,476,314,576,168.6939
12,229.8168,2,556.3492,237.8141,8964.0,8964.0,105.9303,0.4336,1.5996,196.0,4.0278,0.8194,0.9007,476,707,314,576,168.6939
12,229.8168,3,892.0986,380.6106,12379.0,1960.0,155.9744,0.9586,1.9864,290.0,33.6995,0.4763,0.6453,707,938,314,576,168.6939
12,230.2243,1,368.9085,277.2797,23558.0,16958.0,144.4389,0.9913,2.1365,287.0,13.4627,0.6483,0.7867,245,476,314,576,168.6939
12,230.2243,2,555.967,236.4594,8824.0,8824.0,121.0719,0.3077,1.6421,196.0,1.9606,0.8543,0.9214,476,707,314,576,168.6939
12,230.2243,3,895.386,339.7968,13180.0,4777.0,203.3138,0.9155,2.7627,245.0,28.6965,0.5075,0.6733,707,938,314,576,168.6939
12,230.6318,1,367.936,276.5539,28929.0,21993.0,257.6319,0.6944,1.3415,196.0,17.0132,0.7154,0.8341,245,476,314,576,168.6939
12,230.6318,2,587.1258,292.0697,19746.0,11788.0,285.2648,0.7864,2.4558,196.0,9.54,0.4259,0.5973,476,707,314,576,168.6939
12,230.6318,3,887.9783,359.6069,12998.0,3177.0,141.5241,0.8815,1.7243,311.0,30.4078,0.533,0.6954,707,938,314,576,168.6939
12,231.0392,1,361.1565,280.9823,30395.0,22053.0,244.7829,0.8211,1.164,196.0,21.6788,0.7606,0.864,245,476,314,576,168.6939
12,231.0392,2,581.275,292.4449,20723.0,12302.0,188.4849,0.3212,1.9849,196.0,13.0345,0.7335,0.8463,476,707,314,576,168.6939
12,231.0392,3,872.7832,344.2118,16026.0,5408.0,198.7823,0.9128,2.2438,245.0,23.6463,0.5003,0.667,707,938,314,576,168.6939
12,231.4467,1,355.8066,272.8852,27406.0,20883.0,220.0518,0.1764,1.0359,196.0,18.7135,0.8074,0.8934,245,476,314,576,168.6939
12,231.4467,2,578.6935,289.5437,20920.0,12719.0,186.3415,0.3272,1.8785,196.0,10.8114,0.8355,0.9104,476,707,314,576,168.6939
12,231.4467,3,836.4422,335.1658,12703.0,3789.0,154.6474,0.9361,1.1947,247.0,25.1588,0.4397,0.6108,707,938,314,576,168.6939
12,231.8542,1,347.4691,278.3887,28645.0,21443.0,229.1094,0.9651,1.4836,196.0,20.2468,0.785,0.8796,245,476,314,576,168.6939
12,231.8542,2,575.6646,288.8227,21094.0,13197.0,190.2835,0.4103,2.0127,196.0,16.4487,0.7834,0.8786,476,707,314,576,168.6939
12,231.8542,3,819.9252,371.2011,9224.0,183.0,157.3486,0.5643,2.3527,309.0,36.2631,0.3517,0.5204,707,938,314,576,168.6939
12,232.2617,1,342.6119,289.5961,30375.0,21040.0,270.2734,0.99,1.8953,196.0,24.9247,0.7985,0.8879,245,476,314,576,168.6939
12,232.2617,2,570.1304,295.2205,18636.0,10853.0,146.2444,0.5778,2.2199,298.0,19.1703,0.6673,0.8005,476,707,314,576,168.6939
12,232.2617,3,816.8967,385.8559,9646.0,283.0,152.2937,0.6822,2.2754,314.0,33.1794,0.5282,0.6913,707,938,314,576,168.6939
12,232.6691,1,335.1341,368.8166,14296.0,3610.0,188.3399,0.9997,2.6153,292.0,25.6069,0.3104,0.4737,245,476,314,576,168.6939
12,232.6691,2,579.9238,357.6012,8185.0,628.0,141.0493,0.6211,2.0458,298.0,16.8137,0.3264,0.4922,476,707,314,576,168.6939
12,232.6691,3,804.3794,379.6965,8617.0,272.0,135.6005,0.6741,1.9733,315.0,20.9206,0.6677,0.8007,707,938,314,576,168.6939
12,233.0766,1,350.6019,344.7558,14860.0,5429.0,203.8697,0.9591,2.6617,247.0,38.6335,0.4052,0.5767,245,476,314,576,168.6939
12,233.0766,2,568.0001,358.4764,8789.0,569.0,131.4943,0.5943,1.7491,298.0,31.9611,0.6249,0.7692,476,707,314,576,168.6939
12,233.0766,3,802.0516,389.3152,8686.0,262.0,128.9318,0.7483,1.9136,325.0,31.6428,0.6198,0.7653,707,938,314,576,168.6939
12,233.4841,1,362.4416,383.9189,11134.0,1609.0,168.5138,0.6739,2.6993,287.0,37.075,0.3041,0.4664,245,476,314,576,168.6939
12,233.4841,2,555.8076,370.6806,9649.0,1087.0,147.1731,0.83,1.9459,287.0,47.3697,0.4607,0.6308,476,707,314,576,168.6939
12,233.4841,3,788.9355,395.4905,7921.0,0.0,131.6062,0.9523,1.9157,315.0,46.2106,0.478,0.6468,707,938,314,576,168.6939
12,233.8916,1,369.2125,362.5055,9223.0,1690.0,158.3035,0.8278,2.4013,286.0,32.7851,0.5138,0.6788,245,476,314,576,168.6939
12,233.8916,2,554.0054,383.3187,8742.0,597.0,144.3897,0.84,2.2651,310.0,38.5543,0.5439,0.7046,476,707,314,576,168.6939
12,233.8916,3,795.6014,372.0412,8558.0,295.0,127.177,0.7529,1.681,307.0,54.1635,0.379,0.5497,707,938,314,576,168.6939
12,234.299,1,369.0661,373.6561,7385.0,345.0,114.2531,0.8419,1.7563,301.0,38.9745,0.4588,0.629,245,476,314,576,168.6939
12,234.299,2,549.4286,387.6706,9078.0,466.0,149.0465,0.9196,2.0609,300.0,28.7504,0.6816,0.8107,476,707,314,576,168.6939
12,234.299,3,838.8512,345.0908,6705.0,292.0,145.1575,0.3311,2.5796,305.0,52.2039,0.2877,0.4468,707,938,314,576,168.6939
12,234.7065,1,379.4913,347.0738,5773.0,870.0,105.1427,0.938,1.6576,292.0,38.9022,0.4458,0.6167,245,476,314,576,168.6939
12,234.7065,2,549.2,382.4298,8334.0,302.0,125.4949,0.9481,1.889,311.0,38.8597,0.5495,0.7093,476,707,314,576,168.6939
12,234.7065,3,872.715,357.2768,6726.0,288.0,128.0429,0.495,2.2385,305.0,48.8796,0.2285,0.372,707,938,314,576,168.6939
12,235.114,1,358.4743,338.7791,8008.0,1863.0,125.2731,0.8113,1.7907,288.0,38.76,0.439,0.6101,245,476,314,576,168.6939
12,235.114,2,564.5214,337.2627,5817.0,486.0,143.4168,0.3198,2.5941,302.0,54.9827,0.2913,0.4511,476,707,314,576,168.6939
12,235.114,3,889.8782,370.9101,5729.0,215.0,94.5845,0.9513,1.4645,303.0,39.2195,0.309,0.4721,707,938,314,576,168.6939
12,235.5215,1,346.3242,275.9577,28289.0,20546.0,229.2229,0.9601,1.4605,196.0,24.6036,0.2082,0.3447,245,476,314,576,168.6939
12,235.5215,2,579.1917,286.328,19063.0,11436.0,187.6158,0.3323,2.2934,196.0,34.7979,0.1597,0.2754,476,707,314,576,168.6939
12,235.5215,3,899.2885,364.9249,5994.0,1187.0,99.1648,0.9699,2.0206,304.0,26.4428,0.3808,0.5516,707,938,314,576,168.6939
12,235.929,1,335.2947,283.2987,29727.0,20799.0,255.9484,0.7681,1.3571,196.0,23.4152,0.7191,0.8366,245,476,314,576,168.6939
12,235.929,2,562.1406,234.6647,9967.0,9967.0,189.4864,0.2773,2.2157,196.0,23.8417,0.494,0.6613,476,707,314,576,168.6939
12,235.929,3,904.9858,366.615,6002.0,1326.0,111.7779,0.9897,2.5836,302.0,21.2582,0.5237,0.6874,707,938,314,576,168.6939
12,236.3364,1,329.1968,289.1651,32067.0,21360.0,252.1577,0.9651,1.7213,196.0,24.6127,0.7689,0.8693,245,476,314,576,168.6939
12,236.3364,2,560.8931,234.132,9630.0,9630.0,164.7605,0.1525,2.5505,196.0,4.0043,0.8912,0.9425,476,707,314,576,168.6939
12,236.3364,3,898.663,389.3202,7867.0,1649.0,193.0774,0.9982,4.315,258.0,22.6085,0.5249,0.6884,707,938,314,576,168.6939
12,236.7439,1,326.9921,282.9033,28431.0,19913.0,243.3205,0.9292,1.6621,196.0,18.2833,0.8004,0.8892,245,476,314,576,168.6939
12,236.7439,2,560.2575,232.7539,9525.0,9525.0,159.3833,0.1676,2.5813,196.0,4.0728,0.8575,0.9233,476,707,314,576,168.6939
12,236.7439,3,918.5246,351.0877,5951.0,1694.0,156.7893,0.9953,3.8321,256.0,22.4195,0.5028,0.6691,707,938,314,576,168.6939
12,237.1514,1,326.0983,275.5401,25654.0,19243.0,243.5937,0.863,1.739,196.0,17.4252,0.7691,0.8695,245,476,314,576,168.6939
12,237.1514,2,561.5224,233.8427,10125.0,10125.0,186.6143,0.2444,2.1677,196.0,2.6147,0.9004,0.9476,476,707,314,576,168.6939
12,237.1514,3,915.6008,342.5635,7292.0,2213.0,161.3705,0.9981,2.9748,251.0,23.8867,0.6723,0.804,707,938,314,576,168.6939
12,237.5589,1,330.8646,284.3187,31990.0,23030.0,281.4466,0.5788,1.6169,196.0,18.4726,0.719,0.8365,245,476,314,576,168.6939
12,237.5589,2,561.871,235.1444,10817.0,10817.0,186.6289,0.2132,2.0824,196.0,3.6101,0.9357,0.9668,476,707,314,576,168.6939
12,237.5589,3,851.3985,300.4926,20291.0,12966.0,194.8811,0.8988,1.7386,234.0,24.3676,0.3151,0.4792,707,938,314,576,168.6939
12,237.9663,1,332.117,283.3192,32985.0,23373.0,287.0845,0.6877,1.5804,196.0,16.2186,0.8586,0.9239,245,476,314,576,168.6939
12,237.9663,2,560.5865,236.9016,11376.0,11376.0,184.1492,0.194,1.9644,196.0,2.7611,0.9366,0.9672,476,707,314,576,168.6939
12,237.9663,3,829.8591,309.513,23167.0,12920.0,183.244,0.9998,1.4919,231.0,26.6654,0.6272,0.7709,707,938,314,576,168.6939
12,238.3738,1,329.2568,329.5263,41071.0,23350.0,281.4284,0.6864,1.5022,196.0,15.0123,0.741,0.8512,245,476,314,576,168.6939
12,238.3738,2,561.0691,238.072,11687.0,11687.0,183.3137,0.2029,1.9289,196.0,2.9333,0.9479,0.9732,476,707,314,576,168.6939
12,238.3738,3,861.7832,330.1085,16249.0,6962.0,200.8992,0.9976,2.5369,233.0,21.7582,0.4711,0.6405,707,938,314,576,168.6939
12,238.7813,1,332.1517,326.0563,38485.0,23308.0,263.8747,0.5878,1.4082,196.0,12.0218,0.8601,0.9248,245,476,314,576,168.6939
12,238.7813,2,609.2208,286.519,21860.0,16028.0,183.5571,0.2662,1.836,196.0,14.4059,0.5273,0.6905,476,707,314,576,168.6939
12,238.7813,3,819.8876,313.2399,24964.0,13632.0,197.7715,0.979,2.1219,233.0,18.6255,0.5082,0.6739,707,938,314,576,168.6939
12,239.1888,1,332.6769,325.9403,38327.0,23324.0,263.7337,0.654,1.3585,196.0,8.4451,0.8701,0.9305,245,476,314,576,168.6939
12,239.1888,2,565.4947,242.5814,13034.0,13015.0,190.2334,0.2689,1.9243,196.0,16.6997,0.5393,0.7007,476,707,314,576,168.6939
12,239.1888,3,825.7814,307.1403,25077.0,14199.0,174.0756,0.9649,1.2637,230.0,19.3078,0.727,0.8419,707,938,314,576,168.6939
12,239.5962,1,331.4984,325.6654,38803.0,23117.0,268.8798,0.6352,1.4038,196.0,9.6315,0.8589,0.9241,245,476,314,576,168.6939
12,239.5962,2,561.0976,238.6822,11839.0,11839.0,185.9092,0.2223,1.9134,196.0,3.4254,0.8957,0.945,476,707,314,576,168.6939
12,239.5962,3,846.3969,305.5598,21336.0,12467.0,177.1019,0.9638,1.4623,236.0,24.2551,0.6469,0.7856,707,938,314,576,168.6939
12,240.0037,1,328.9604,329.739,40957.0,23548.0,276.4322,0.6779,1.4528,196.0,12.8374,0.8814,0.9369,245,476,314,576,168.6939
12,240.0037,2,561.7651,238.9226,11873.0,11873.0,182.8603,0.2388,1.8858,196.0,4.9302,0.9294,0.9634,476,707,314,576,168.6939
12,240.0037,3,888.9651,338.7909,13895.0,5771.0,217.7669,0.9471,2.1599,236.0,30.543,0.426,0.5974,707,938,314,576,168.6939
12,240.4112,1,330.2322,288.1289,32337.0,22190.0,259.9125,0.9641,1.7912,196.0,17.1501,0.6907,0.8171,245,476,314,576,168.6939
12,240.4112,2,561.6828,238.9279,11992.0,11992.0,184.031,0.226,1.9254,196.0,4.4008,0.9415,0.9699,476,707,314,576,168.6939
12,240.4112,3,892.5061,396.4007,11329.0,2003.0,231.1117,0.9949,4.1177,244.0,27.6414,0.404,0.5755,707,938,314,576,168.6939
12,240.8187,1,330.3032,287.1193,32811.0,22842.0,305.5768,0.7052,1.6623,196.0,19.8538,0.8791,0.9357,245,476,314,576,168.6939
12,240.8187,2,609.4569,278.3046,20652.0,14907.0,182.9546,0.2197,1.8998,196.0,9.1749,0.5641,0.7213,476,707,314,576,168.6939
12,240.8187,3,914.3521,373.9347,8238.0,2225.0,196.0807,1.0,4.4472,244.0,32.62,0.4795,0.6482,707,938,314,576,168.6939
12,241.2262,1,322.0555,335.5488,43105.0,23557.0,453.2534,0.9482,2.2293,196.0,11.885,0.7316,0.845,245,476,314,576,168.6939
12,241.2262,2,606.8157,272.755,20605.0,15312.0,186.6511,0.2528,1.8883,196.0,9.835,0.795,0.8858,476,707,314,576,168.6939
12,241.2262,3,856.0604,309.0142,19479.0,12067.0,218.6984,0.8951,2.1686,233.0,14.3125,0.3202,0.4851,707,938,314,576,168.6939
12,241.6336,1,321.3229,347.4287,47349.0,23653.0,462.3097,0.9587,2.3224,196.0,12.185,0.89,0.9418,245,476,314,576,168.6939
12,241.6336,2,605.0624,276.4184,21127.0,15352.0,302.616,0.6865,2.6441,196.0,10.746,0.8095,0.8947,476,707,314,576,168.6939
12,241.6336,3,857.3484,314.1951,19834.0,11273.0,216.0429,0.9306,2.1275,233.0,15.0993,0.7812,0.8772,707,938,314,576,168.6939
12,242.0411,1,321.1847,349.01,47594.0,23630.0,467.5829,0.9631,2.3301,196.0,11.7977,0.9386,0.9683,245,476,314,576,168.6939
12,242.0411,2,590.2872,279.6055,19471.0,13539.0,285.9333,0.732,2.4185,196.0,10.4941,0.7205,0.8375,476,707,314,576,168.6939
12,242.0411,3,848.0335,300.2843,20728.0,12475.0,190.9903,0.9023,1.6336,232.0,16.1097,0.7468,0.855,707,938,314,576,168.6939
12,242.4486,1,323.8336,334.8771,42543.0,23345.0,290.8695,0.9548,1.9968,196.0,15.9562,0.8555,0.9221,245,476,314,576,168.6939
12,242.4486,2,600.1734,281.9935,22416.0,15880.0,281.0199,0.7511,2.3324,196.0,8.4497,0.7695,0.8697,476,707,314,576,168.6939
12,242.4486,3,849.9243,321.9895,24168.0,12191.0,236.2372,0.9662,2.548,233.0,19.372,0.7011,0.8243,707,938,314,576,168.6939
12,242.8561,1,337.1282,278.1789,33284.0,24320.0,276.2325,0.5618,1.5783,196.0,16.0264,0.6849,0.813,245,476,314,576,168.6939
12,242.8561,2,598.7312,287.1028,24108.0,16184.0,273.053,0.7743,2.2502,196.0,9.7204,0.8239,0.9034,476,707,314,576,168.6939
12,242.8561,3,846.5981,336.9403,24193.0,11488.0,227.5646,0.9798,1.8366,234.0,19.5537,0.6612,0.7961,707,938,314,576,168.6939
12,243.2635,1,345.5001,279.4209,31981.0,22865.0,254.1626,0.6016,1.3122,196.0,20.8097,0.8133,0.8971,245,476,314,576,168.6939
12,243.2635,2,582.0116,283.1495,21965.0,14837.0,251.903,0.7774,1.9923,196.0,9.3323,0.7284,0.8429,476,707,314,576,168.6939
12,243.2635,3,843.0581,313.6935,20821.0,11834.0,186.0111,0.9998,1.4439,236.0,16.7043,0.73,0.8439,707,938,314,576,168.6939
12,243.671,1,356.0249,283.7184,32903.0,22939.0,229.4812,0.4239,1.0615,196.0,21.9653,0.7534,0.8593,245,476,314,576,168.6939
12,243.671,2,577.3958,287.9667,23679.0,15237.0,243.7765,0.8457,1.7602,196.0,14.5531,0.7837,0.8787,476,707,314,576,168.6939
12,243.671,3,893.0938,352.0922,9164.0,2018.0,144.1219,0.9475,1.9195,264.0,16.9667,0.3108,0.4742,707,938,314,576,168.6939
12,244.0785,1,366.2797,280.0623,27780.0,19422.0,240.2879,0.6708,1.2055,196.0,21.0108,0.6937,0.8192,245,476,314,576,168.6939
12,244.0785,2,571.1443,291.4981,22925.0,13921.0,245.3279,0.9066,1.7023,196.0,17.0859,0.7619,0.8649,476,707,314,576,168.6939
12,244.0785,3,915.6724,336.8237,4936.0,1210.0,103.2538,0.9762,1.9521,287.0,26.2705,0.523,0.6868,707,938,314,576,168.6939
12,244.486,1,370.2156,282.7192,24856.0,16639.0,282.925,0.7669,1.9482,196.0,15.996,0.7196,0.8369,245,476,314,576,168.6939
12,244.486,2,568.4769,296.1942,22832.0,13673.0,185.6107,0.9724,1.5502,213.0,17.089,0.7473,0.8554,476,707,314,576,168.6939
12,244.486,3,907.1659,365.6347,5425.0,1229.0,121.6065,0.9934,3.2101,284.0,19.3848,0.5425,0.7034,707,938,314,576,168.6939
12,244.8934,1,373.9854,342.2197,16076.0,6453.0,139.6316,0.6643,2.081,298.0,12.5335,0.4396,0.6108,245,476,314,576,168.6939
12,244.8934,2,559.3814,306.2647,17393.0,9124.0,135.8686,0.7443,1.5965,281.0,16.3061,0.6394,0.7801,476,707,314,576,168.6939
12,244.8934,3,916.1506,354.9965,6343.0,1440.0,132.402,0.9958,2.824,288.0,25.8147,0.5626,0.7201,707,938,314,576,168.6939
12,245.3009,1,378.9331,318.8968,14131.0,6440.0,141.8802,0.7989,1.994,280.0,12.8794,0.6755,0.8063,245,476,314,576,168.6939
12,245.3009,2,548.6561,308.7844,13218.0,5720.0,124.2923,0.5683,1.6,289.0,15.1988,0.5827,0.7363,476,707,314,576,168.6939
12,245.3009,3,905.0306,348.7793,8550.0,1961.0,131.4925,0.9933,1.8051,292.0,36.7188,0.5493,0.7091,707,938,314,576,168.6939
12,245.7084,1,374.6233,345.7853,14973.0,5876.0,132.0033,0.7802,2.0642,299.0,12.849,0.6476,0.7861,245,476,314,576,168.6939
12,245.7084,2,554.67,300.6516,16689.0,9252.0,133.8672,0.7309,1.7941,289.0,18.9174,0.6127,0.7598,476,707,314,576,168.6939
12,245.7084,3,878.26,343.5671,11174.0,3076.0,138.6187,0.9685,1.6435,275.0,48.1048,0.3879,0.559,707,938,314,576,168.6939
12,246.1159,1,397.6155,344.8035,4127.0,763.0,100.6513,0.9804,2.1559,292.0,23.0644,0.224,0.366,245,476,314,576,168.6939
12,246.1159,2,558.8762,363.1565,8037.0,394.0,119.0318,0.6481,1.5842,303.0,17.5233,0.3455,0.5135,476,707,314,576,168.6939
12,246.1159,3,854.1794,359.6174,9770.0,1258.0,152.6772,0.7485,2.0181,297.0,45.7614,0.3242,0.4897,707,938,314,576,168.6939
12,246.5233,1,398.1174,335.7368,4419.0,726.0,80.4483,0.8742,1.1873,296.0,25.6218,0.4961,0.6632,245,476,314,576,168.6939
12,246.5233,2,547.9624,360.1805,7243.0,739.0,99.4571,0.9964,1.3026,296.0,41.1943,0.4649,0.6347,476,707,314,576,168.6939
12,246.5233,3,819.1154,355.8405,8876.0,1160.0,149.2527,0.7265,2.2295,284.0,54.1709,0.3179,0.4825,707,938,314,576,168.6939
12,246.9308,1,371.0476,279.0453,18099.0,12279.0,116.2344,0.9019,1.5112,285.0,22.2448,0.1964,0.3284,245,476,314,576,168.6939
12,246.9308,2,540.6971,296.7763,12136.0,6777.0,101.5704,0.9613,1.3375,294.0,17.5472,0.3811,0.5518,476,707,314,576,168.6939
12,246.9308,3,808.151,375.4277,8861.0,441.0,131.5672,0.828,1.8191,302.0,54.5266,0.3666,0.5365,707,938,314,576,168.6939
12,247.3383,1,363.8323,307.9849,13493.0,6900.0,194.1334,0.9611,2.5463,221.0,23.502,0.4682,0.6378,245,476,314,576,168.6939
12,247.3383,2,570.4296,327.9459,10354.0,3247.0,164.5249,0.6337,2.1292,257.0,22.5686,0.3396,0.507,476,707,314,576,168.6939
12,247.3383,3,786.8359,341.1321,9039.0,2495.0,129.7022,0.9579,1.8934,273.0,26.708,0.4871,0.6551,707,938,314,576,168.6939
12,247.7458,1,349.1467,306.2752,16808.0,8751.0,133.9596,0.9548,1.568,282.0,29.0957,0.5232,0.687,245,476,314,576,168.6939
12,247.7458,2,589.9449,354.0319,8373.0,723.0,129.4273,0.5245,1.7144,300.0,41.8819,0.2983,0.4596,476,707,314,576,168.6939
12,247.7458,3,798.4901,370.3578,7904.0,469.0,118.3147,0.8966,1.6618,301.0,20.119,0.5717,0.7275,707,938,314,576,168.6939
12,248.1533,1,326.3347,297.5496,18939.0,11126.0,137.9565,0.8701,1.6452,280.0,23.0878,0.5609,0.7187,245,476,314,576,168.6939
12,248.1533,2,619.2093,351.742,8360.0,687.0,141.7425,0.4706,2.0973,300.0,43.6327,0.4042,0.5757,476,707,314,576,168.6939
12,248.1533,3,801.2203,379.4998,8592.0,408.0,135.3239,0.8347,1.9214,302.0,24.2601,0.6516,0.789,707,938,314,576,168.6939
12,248.5607,1,316.8676,291.8579,19197.0,12174.0,198.8759,0.9458,2.282,217.0,26.8749,0.634,0.776,245,476,314,576,168.6939
12,248.5607,2,628.2346,363.2535,8038.0,539.0,125.1678,0.5175,1.8906,299.0,37.8719,0.4462,0.617,476,707,314,576,168.6939
12,248.5607,3,796.9528,365.2031,7924.0,552.0,113.9097,0.7867,1.4362,300.0,28.303,0.6467,0.7854,707,938,314,576,168.6939
12,248.9682,1,310.2704,294.3657,17201.0,10069.0,149.9072,0.9337,1.7249,236.0,23.9475,0.6289,0.7722,245,476,314,576,168.6939
12,248.9682,2,641.8258,356.8615,7320.0,604.0,114.5052,0.5214,1.7419,301.0,27.7893,0.5716,0.7274,476,707,314,576,168.6939
12,248.9682,3,790.395,363.4849,6969.0,457.0,112.5603,0.8998,1.5678,302.0,25.8183,0.6681,0.801,707,938,314,576,168.6939
12,249.3757,1,282.5111,333.2045,11369.0,3572.0,121.1208,0.9976,1.3641,296.0,16.4774,0.483,0.6514,245,476,314,576,168.6939
12,249.3757,2,649.368,363.9241,6813.0,235.0,112.825,0.6089,1.8041,307.0,29.5069,0.5404,0.7016,476,707,314,576,168.6939
12,249.3757,3,789.7682,372.9577,7239.0,529.0,116.3849,0.9478,1.7972,299.0,28.0915,0.6123,0.7596,707,938,314,576,168.6939
12,249.7832,1,288.7573,367.1028,13500.0,3387.0,183.2982,0.9681,2.1329,212.0,10.9985,0.7345,0.8469,245,476,314,576,168.6939
12,249.7832,2,667.5546,355.1056,5710.0,429.0,92.363,0.9588,1.3194,302.0,33.6967,0.4878,0.6558,476,707,314,576,168.6939
12,249.7832,3,784.4867,350.6775,6108.0,870.0,120.2126,0.9006,1.9856,293.0,42.3747,0.4525,0.6231,707,938,314,576,168.6939
12,250.1906,1,326.1558,308.2637,32413.0,20041.0,295.5618,0.7626,1.6699,196.0,13.1474,0.3908,0.5619,245,476,314,576,168.6939
12,250.1906,2,609.4085,277.913,17356.0,12124.0,194.9251,0.2784,2.1377,196.0,14.0685,0.2225,0.364,476,707,314,576,168.6939
12,250.1906,3,819.1119,333.9764,10117.0,3793.0,192.5115,0.9265,2.8441,245.0,42.5318,0.2281,0.3714,707,938,314,576,168.6939
12,250.5981,1,321.3271,333.5324,36624.0,19596.0,274.6516,0.9601,1.8006,196.0,11.1581,0.8044,0.8916,245,476,314,576,168.6939
12,250.5981,2,598.7574,276.8241,16720.0,10852.0,198.6885,0.2682,2.1533,196.0,10.255,0.6883,0.8154,476,707,314,576,168.6939
12,250.5981,3,847.8997,328.9335,14529.0,6447.0,169.0806,0.9452,1.7531,244.0,30.1111,0.4533,0.6238,707,938,314,576,168.6939
12,251.0056,1,322.5379,335.9862,36700.0,18704.0,284.4838,0.9871,1.9471,196.0,13.7727,0.8477,0.9176,245,476,314,576,168.6939
12,251.0056,2,601.4354,285.387,18043.0,11325.0,204.9015,0.9242,2.5231,211.0,14.8599,0.6552,0.7917,476,707,314,576,168.6939
12,251.0056,3,868.3902,325.6319,15122.0,6489.0,169.2556,0.9451,1.2967,239.0,33.5218,0.5506,0.7102,707,938,314,576,168.6939
12,251.4131,1,326.3839,340.922,37552.0,18902.0,323.9203,0.9074,1.6854,196.0,10.3162,0.8408,0.9135,245,476,314,576,168.6939
12,251.4131,2,593.3679,286.5711,18197.0,11335.0,198.917,0.9552,2.4283,209.0,8.5929,0.764,0.8662,476,707,314,576,168.6939
12,251.4131,3,881.5855,340.8692,14357.0,5098.0,167.5975,0.9057,2.1387,263.0,36.8654,0.5423,0.7032,707,938,314,576,168.6939
12,251.8205,1,332.0602,319.4018,36337.0,20391.0,314.8156,0.8684,1.7045,196.0,13.8098,0.7389,0.8498,245,476,314,576,168.6939
12,251.8205,2,588.336,285.6669,18180.0,11356.0,281.2782,0.7984,2.3026,196.0,13.635,0.7846,0.8793,476,707,314,576,168.6939
12,251.8205,3,896.2265,376.4369,12116.0,1960.0,204.3243,0.9783,2.417,246.0,31.3716,0.4435,0.6145,707,938,314,576,168.6939
12,252.228,1,334.3367,328.3887,37163.0,20477.0,275.9125,0.9998,1.6963,196.0,18.8039,0.7043,0.8265,245,476,314,576,168.6939
12,252.228,2,589.4075,293.7187,18373.0,10545.0,193.4592,0.9863,2.1378,209.0,11.228,0.7987,0.8881,476,707,314,576,168.6939
12,252.228,3,905.7227,366.7593,9377.0,1973.0,191.3131,0.9923,3.0437,251.0,31.0393,0.6233,0.768,707,938,314,576,168.6939
12,252.6355,1,342.6625,329.2507,34989.0,19112.0,243.0401,0.0054,2.1449,196.0,19.6769,0.7583,0.8625,245,476,314,576,168.6939
12,252.6355,2,584.5191,291.882,20302.0,12200.0,270.535,0.8315,2.1456,196.0,12.7359,0.7268,0.8418,476,707,314,576,168.6939
12,252.6355,3,909.8867,356.0563,6021.0,1363.0,137.8677,0.9871,2.9455,271.0,29.8574,0.566,0.7228,707,938,314,576,168.6939
12,253.043,1,347.7906,331.6348,33869.0,18971.0,281.9468,0.9239,2.0816,196.0,22.4948,0.6914,0.8176,245,476,314,576,168.6939
12,253.043,2,582.4342,291.7341,21140.0,12913.0,267.762,0.85,2.0532,196.0,12.201,0.8021,0.8902,476,707,314,576,168.6939
12,253.043,3,910.5088,381.258,5248.0,741.0,147.6655,0.9972,4.2763,280.0,36.5406,0.4272,0.5986,707,938,314,576,168.6939
12,253.4504,1,346.0633,327.1744,32153.0,18287.0,179.44,0.0508,1.8932,196.0,12.2194,0.7872,0.8809,245,476,314,576,168.6939
12,253.4504,2,582.9866,294.9246,22293.0,13603.0,262.6462,0.8595,1.9384,196.0,10.884,0.8221,0.9024,476,707,314,576,168.6939
12,253.4504,3,919.5322,352.6972,4141.0,703.0,107.3762,0.9985,2.5113,306.0,30.5604,0.411,0.5826,707,938,314,576,168.6939
12,253.8579,1,357.9551,306.0271,14885.0,7522.0,130.4128,0.6641,1.8254,295.0,18.5798,0.3806,0.5514,245,476,314,576,168.6939
12,253.8579,2,597.6655,360.3504,8769.0,448.0,140.361,0.5044,2.027,303.0,14.6121,0.3197,0.4845,476,707,314,576,168.6939
12,253.8579,3,907.5083,373.1872,6004.0,264.0,104.3567,0.9992,1.8033,313.0,27.4265,0.4694,0.6389,707,938,314,576,168.6939
12,254.2654,1,350.3056,347.9097,6542.0,703.0,96.8696,0.925,1.2595,293.0,23.2334,0.3463,0.5145,245,476,314,576,168.6939
12,254.2654,2,596.2557,354.2827,7677.0,424.0,129.6847,0.5865,1.7984,302.0,22.2412,0.7232,0.8394,476,707,314,576,168.6939
12,254.2654,3,906.7775,377.711,6927.0,88.0,101.1966,0.9995,1.3943,315.0,30.3463,0.5591,0.7172,707,938,314,576,168.6939
12,254.6729,1,341.5456,348.9488,6245.0,693.0,91.6448,0.9971,1.1886,294.0,23.1191,0.6768,0.8072,245,476,314,576,168.6939
12,254.6729,2,591.4412,359.3579,7552.0,196.0,120.6328,0.6149,1.6915,312.0,22.0717,0.6852,0.8132,476,707,314,576,168.6939
12,254.6729,3,891.6375,393.5004,7908.0,100.0,116.2587,0.8122,1.7187,316.0,28.5364,0.473,0.6423,707,938,314,576,168.6939
12,255.0804,1,337.8838,355.3723,6306.0,539.0,100.3012,0.9991,1.3753,296.0,25.4492,0.7044,0.8265,245,476,314,576,168.6939
12,255.0804,2,588.7787,375.0899,8006.0,348.0,110.934,0.6619,1.6023,304.0,35.5696,0.3903,0.5615,476,707,314,576,168.6939
12,255.0804,3,857.6834,356.9444,6362.0,380.0,158.7733,0.6109,3.1046,303.0,40.117,0.3354,0.5023,707,938,314,576,168.6939
12,255.4878,1,333.6325,357.1972,6678.0,661.0,106.6265,0.9043,1.515,297.0,31.1666,0.6236,0.7682,245,476,314,576,168.6939
12,255.4878,2,619.8435,352.0844,6210.0,484.0,123.5128,0.5281,2.285,302.0,41.8904,0.3336,0.5003,476,707,314,576,168.6939
12,255.4878,3,821.416,364.6297,8024.0,204.0,165.7806,0.4537,2.8686,308.0,53.5021,0.21,0.3471,707,938,314,576,168.6939
12,255.8953,1,335.7986,347.4682,8300.0,1531.0,137.5419,0.7292,1.9419,293.0,38.1224,0.5826,0.7363,245,476,314,576,168.6939
12,255.8953,2,632.3051,367.0141,7636.0,434.0,121.0513,0.6543,1.9147,301.0,40.103,0.3417,0.5093,476,707,314,576,168.6939
12,255.8953,3,806.2227,383.1518,8425.0,322.0,140.6947,0.752,2.1671,313.0,56.0273,0.3585,0.5278,707,938,314,576,168.6939
12,256.3028,1,347.9559,340.2526,7932.0,1555.0,108.144,0.678,1.4312,296.0,28.5592,0.5706,0.7266,245,476,314,576,168.6939
12,256.3028,2,656.0182,360.492,5888.0,362.0,108.5223,0.6886,1.8761,302.0,33.4502,0.4435,0.6145,476,707,314,576,168.6939
12,256.3028,3,793.3562,396.5195,7827.0,0.0,118.9342,0.9087,1.5186,332.0,38.8919,0.4769,0.6458,707,938,314,576,168.6939
12,256.7103,1,354.1306,335.6645,7786.0,2109.0,105.6411,0.9231,1.4851,290.0,31.3054,0.5159,0.6806,245,476,314,576,168.6939
12,256.7103,2,652.1601,371.6911,5747.0,335.0,95.9362,0.7482,1.7797,300.0,21.0605,0.627,0.7708,476,707,314,576,168.6939
12,256.7103,3,788.3222,363.569,8178.0,521.0,110.1403,0.9756,1.3278,308.0,45.34,0.4415,0.6126,707,938,314,576,168.6939
12,257.1177,1,345.7537,320.9611,11698.0,4205.0,140.7172,0.5871,1.9284,295.0,29.6053,0.496,0.6631,245,476,314,576,168.6939
12,257.1177,2,658.5794,373.3198,4819.0,183.0,92.1494,0.8559,1.844,304.0,23.7722,0.451,0.6216,476,707,314,576,168.6939
12,257.1177,3,839.4888,344.9547,8580.0,399.0,176.3714,0.2768,2.8781,304.0,51.0135,0.2759,0.4325,707,938,314,576,168.6939
12,257.5252,1,335.0081,308.2758,14780.0,7264.0,118.5511,0.9971,1.2704,289.0,27.971,0.4916,0.6591,245,476,314,576,168.6939
12,257.5252,2,680.6165,351.9877,3812.0,230.0,89.0038,0.9329,1.8151,302.0,19.8431,0.5898,0.742,476,707,314,576,168.6939
12,257.5252,3,867.8142,354.0199,9064.0,694.0,146.2018,0.4638,2.0478,301.0,47.7016,0.365,0.5348,707,938,314,576,168.6939
12,257.9327,1,321.0882,292.4902,17771.0,10835.0,253.6263,0.9346,3.0118,196.0,21.6226,0.5659,0.7227,245,476,314,576,168.6939
12,257.9327,2,670.2261,366.9079,4453.0,109.0,95.7278,0.8199,1.9202,305.0,18.4575,0.6052,0.754,476,707,314,576,168.6939
12,257.9327,3,865.4886,376.7949,8907.0,100.0,154.4818,0.4131,2.3152,314.0,38.0783,0.451,0.6217,707,938,314,576,168.6939
12,258.3402,1,318.3261,296.2206,16117.0,9389.0,124.2823,0.9038,1.7804,289.0,22.1314,0.6482,0.7865,245,476,314,576,168.6939
12,258.3402,2,663.1867,372.3383,4869.0,216.0,96.7483,0.8893,1.9289,304.0,17.8415,0.6389,0.7797,476,707,314,576,168.6939
12,258.3402,3,882.4612,383.8552,10907.0,714.0,144.1143,0.9728,1.7089,300.0,41.964,0.3757,0.5462,707,938,314,576,168.6939
12,258.7476,1,336.3566,276.3672,27066.0,19918.0,246.9941,0.7435,1.3315,196.0,21.7286,0.5078,0.6736,245,476,314,576,168.6939
12,258.7476,2,555.746,232.6294,8476.0,8476.0,109.6939,0.1775,1.7828,196.0,13.5155,0.0,0.0,476,707,314,576,168.6939
12,258.7476,3,888.7893,389.5624,10919.0,724.0,130.5141,0.9978,1.6044,309.0,26.113,0.54,0.7013,707,938,314,576,168.6939
12,259.1551,1,349.9415,283.2292,25065.0,17018.0,198.4353,0.9435,1.9957,217.0,26.7539,0.6523,0.7896,245,476,314,576,168.6939
12,259.1551,2,528.488,226.9614,5545.0,5545.0,86.383,0.046,1.2859,196.0,7.762,0.5809,0.7349,476,707,314,576,168.6939
12,259.1551,3,883.7957,353.8554,11858.0,2660.0,154.0161,0.8771,2.0754,305.0,22.098,0.4791,0.6478,707,938,314,576,168.6939
12,259.5626,1,356.9741,275.7507,24656.0,17996.0,234.8266,0.8798,1.9457,196.0,22.1897,0.7353,0.8475,245,476,314,576,168.6939
12,259.5626,2,554.8872,236.1581,9087.0,9087.0,139.7004,0.4374,2.0884,196.0,5.6885,0.5929,0.7444,476,707,314,576,168.6939
12,259.5626,3,868.5879,358.5314,9575.0,1197.0,150.4269,0.6761,2.1519,311.0,18.7644,0.5718,0.7276,707,938,314,576,168.6939
12,259.9701,1,358.0043,278.9825,24052.0,17104.0,254.7453,0.8531,1.7476,196.0,17.7029,0.7353,0.8475,245,476,314,576,168.6939
12,259.9701,2,556.0069,234.6679,8802.0,8802.0,112.1196,0.1762,1.8798,196.0,3.6914,0.859,0.9241,476,707,314,576,168.6939
12,259.9701,3,855.0311,360.6037,10464.0,1615.0,150.2151,0.6665,2.1681,306.0,23.6573,0.5572,0.7156,707,938,314,576,168.6939
12,260.3776,1,352.9365,278.3698,24328.0,17319.0,201.2442,0.9971,2.2211,215.0,15.2145,0.7502,0.8573,245,476,314,576,168.6939
12,260.3776,2,667.9312,365.4509,10399.0,2817.0,206.1257,0.9838,3.8445,239.0,15.2942,0.0,0.0,476,707,314,576,168.6939
12,260.3776,3,836.0112,378.3471,9582.0,65.0,156.64,0.6786,2.2601,313.0,34.1981,0.3887,0.5598,707,938,314,576,168.6939
12,260.785,1,341.3498,280.142,28767.0,20609.0,231.0993,0.813,1.15,196.0,26.8088,0.6742,0.8054,245,476,314,576,168.6939
12,260.785,2,555.7421,237.1669,9565.0,9565.0,177.5661,0.2762,2.2272,196.0,15.3126,0.0,0.0,476,707,314,576,168.6939
12,260.785,3,821.7386,379.1791,9759.0,276.0,147.9291,0.6992,1.9709,306.0,32.9728,0.521,0.6851,707,938,314,576,168.6939
12,261.1925,1,316.2678,297.74,24735.0,15051.0,241.924,0.953,2.4371,196.0,29.865,0.5993,0.7494,245,476,314,576,168.6939
12,261.1925,2,554.4622,236.0573,8760.0,8760.0,97.729,0.1227,1.4022,196.0,4.7748,0.8181,0.9,476,707,314,576,168.6939
12,261.1925,3,807.0579,375.1939,9140.0,379.0,132.1569,0.7341,1.7676,305.0,31.1561,0.5676,0.7242,707,938,314,576,168.6939
12,261.6,1,329.193,288.2535,32328.0,21744.0,285.5506,0.741,1.5854,196.0,26.321,0.649,0.7871,245,476,314,576,168.6939
12,261.6,2,558.7372,237.5277,11136.0,11136.0,175.6086,0.204,1.8943,196.0,5.4041,0.745,0.8538,476,707,314,576,168.6939
12,261.6,3,799.8069,388.3675,9271.0,111.0,125.0527,0.8232,1.5486,315.0,41.9349,0.5152,0.68,707,938,314,576,168.6939
12,262.0075,1,304.2578,308.3144,26114.0,14477.0,297.0485,0.9623,2.111,196.0,27.639,0.6475,0.786,245,476,314,576,168.6939
12,262.0075,2,560.6321,236.6746,10689.0,10689.0,184.0599,0.2696,2.0217,196.0,4.2806,0.8852,0.9391,476,707,314,576,168.6939
12,262.0075,3,778.4791,391.5838,12504.0,104.0,120.097,0.9095,1.2281,323.0,27.0588,0.4894,0.6572,707,938,314,576,168.6939
12,262.4149,1,317.2399,342.7938,37661.0,20194.0,334.9264,0.821,1.7727,196.0,20.4392,0.5185,0.6829,245,476,314,576,168.6939
12,262.4149,2,560.0996,240.6093,11792.0,11792.0,179.1676,0.3306,1.9846,196.0,5.3002,0.857,0.923,476,707,314,576,168.6939
12,262.4149,3,802.1422,368.3755,15602.0,4035.0,216.2447,0.8455,2.6111,244.0,30.792,0.2932,0.4535,707,938,314,576,168.6939
12,262.8224,1,317.0128,348.959,38328.0,18724.0,333.3354,0.9677,2.4521,196.0,20.7823,0.7477,0.8557,245,476,314,576,168.6939
12,262.8224,2,556.3972,237.0881,10278.0,10278.0,126.9252,0.3613,1.5593,196.0,7.5984,0.8311,0.9077,476,707,314,576,168.6939
12,262.8224,3,831.2656,306.4128,18269.0,9543.0,159.1104,0.7395,1.1794,241.0,31.7398,0.2931,0.4534,707,938,314,576,168.6939
12,263.2299,1,321.4056,330.1265,37436.0,21064.0,307.6335,0.7694,1.6803,196.0,20.4261,0.7509,0.8577,245,476,314,576,168.6939
12,263.2299,2,561.9593,238.8009,11729.0,11729.0,185.0303,0.1916,1.9806,196.0,10.5757,0.8058,0.8924,476,707,314,576,168.6939
12,263.2299,3,866.4699,353.6932,11882.0,2274.0,162.5869,0.6111,2.19,297.0,33.4579,0.2954,0.4561,707,938,314,576,168.6939
12,263.6374,1,318.0953,338.7934,38151.0,20142.0,285.4205,0.9627,2.0609,196.0,20.5574,0.8078,0.8937,245,476,314,576,168.6939
12,263.6374,2,607.3994,283.9708,20296.0,14105.0,186.6498,0.2893,1.9518,196.0,11.9375,0.5249,0.6884,476,707,314,576,168.6939
12,263.6374,3,859.249,393.5426,11433.0,377.0,191.6758,0.764,2.8403,308.0,31.7982,0.4593,0.6295,707,938,314,576,168.6939
12,264.0448,1,285.9118,336.081,11291.0,3575.0,119.8943,0.9629,1.4348,291.0,20.736,0.2703,0.4256,245,476,314,576,168.6939
12,264.0448,2,657.9782,363.4845,5965.0,191.0,93.7033,0.8469,1.3337,307.0,13.8071,0.2362,0.3822,476,707,314,576,168.6939
12,264.0448,3,874.6591,373.2176,7938.0,376.0,126.0504,0.6741,2.0243,300.0,39.0754,0.4611,0.6311,707,938,314,576,168.6939
12,264.4523,1,307.0564,299.8125,13613.0,7196.0,134.7048,0.6444,1.7256,287.0,23.9001,0.4885,0.6564,245,476,314,576,168.6939
12,264.4523,2,651.7651,359.4767,6079.0,273.0,95.6229,0.804,1.3328,308.0,17.1024,0.7076,0.8288,476,707,314,576,168.6939
12,264.4523,3,902.9123,365.4115,5665.0,138.0,107.0778,0.7841,1.5913,306.0,31.8093,0.4909,0.6585,707,938,314,576,168.6939
12,264.8598,1,328.3252,279.6947,23354.0,16164.0,204.3719,0.9582,1.4955,216.0,19.262,0.4989,0.6657,245,476,314,576,168.6939
12,264.8598,2,647.701,365.1659,6740.0,190.0,103.0008,0.7954,1.4348,310.0,14.9541,0.7417,0.8517,476,707,314,576,168.6939
12,264.8598,3,881.4925,403.1513,6723.0,0.0,94.6495,0.7484,1.3593,333.0,36.198,0.3651,0.5349,707,938,314,576,168.6939
12,265.2673,1,334.6774,282.7162,22440.0,15312.0,118.4374,0.9408,1.4648,290.0,25.7134,0.6431,0.7828,245,476,314,576,168.6939
12,265.2673,2,640.9434,357.4798,9153.0,1800.0,109.9518,0.9207,1.5313,302.0,29.1997,0.3907,0.5619,476,707,314,576,168.6939
12,265.2673,3,916.5744,355.999,5164.0,1225.0,108.0437,0.9879,2.4826,298.0,32.2939,0.2981,0.4593,707,938,314,576,168.6939
12,265.6747,1,334.3425,280.1099,28085.0,20223.0,219.1734,0.989,1.3152,196.0,20.7624,0.676,0.8067,245,476,314,576,168.6939
12,265.6747,2,601.8734,290.5303,20955.0,13473.0,189.831,0.3171,2.2725,196.0,16.9809,0.2942,0.4546,476,707,314,576,168.6939
12,265.6747,3,914.5812,352.1872,6356.0,1775.0,155.5829,1.0,3.5957,276.0,23.4439,0.6123,0.7595,707,938,314,576,168.6939
12,266.0822,1,328.064,284.1207,28153.0,18921.0,240.5328,0.974,1.5902,196.0,19.8882,0.7747,0.873,245,476,314,576,168.6939
12,266.0822,2,560.872,237.4386,10659.0,10659.0,184.9972,0.3052,2.2815,196.0,14.3941,0.4813,0.6498,476,707,314,576,168.6939
12,266.0822,3,906.1999,349.2961,10287.0,3098.0,178.4167,0.9865,2.3167,263.0,33.4774,0.4986,0.6654,707,938,314,576,168.6939
12,266.4897,1,325.0145,282.3176,27434.0,18708.0,254.7502,0.9281,1.6371,196.0,21.4376,0.7985,0.8879,245,476,314,576,168.6939
12,266.4897,2,558.5412,235.1295,10070.0,10070.0,176.2643,0.2508,2.1425,196.0,2.0905,0.8943,0.9442,476,707,314,576,168.6939
12,266.4897,3,881.9518,327.6113,14608.0,6096.0,178.2256,0.9197,1.6152,245.0,36.7798,0.5093,0.6749,707,938,314,576,168.6939
12,266.8972,1,319.7064,290.6232,24679.0,15915.0,267.2715,0.9884,2.3483,196.0,17.4211,0.7381,0.8493,245,476,314,576,168.6939
12,266.8972,2,556.8985,233.9938,8876.0,8876.0,106.0047,0.1728,1.7149,196.0,3.9563,0.8184,0.9001,476,707,314,576,168.6939
12,266.8972,3,852.2175,321.3579,17863.0,8361.0,180.4639,0.9694,1.8888,245.0,30.5374,0.5542,0.7131,707,938,314,576,168.6939
12,267.3047,1,321.4989,305.6056,30875.0,19366.0,272.549,0.9509,1.9657,196.0,11.9732,0.7259,0.8412,245,476,314,576,168.6939
12,267.3047,2,558.5294,235.6698,9373.0,9373.0,106.7356,0.1741,1.6648,196.0,4.449,0.8133,0.897,476,707,314,576,168.6939
12,267.3047,3,832.409,329.4631,19710.0,8810.0,241.4358,0.8024,2.0121,234.0,25.8586,0.5598,0.7177,707,938,314,576,168.6939
12,267.7121,1,317.8027,310.9867,29901.0,17669.0,279.2551,0.9622,2.0292,196.0,12.3238,0.8779,0.935,245,476,314,576,168.6939
12,267.7121,2,670.5563,380.6187,5510.0,163.0,94.4409,0.8953,1.6673,303.0,10.4397,0.0,0.0,476,707,314,576,168.6939
12,267.7121,3,816.6857,334.9777,14356.0,5455.0,153.7692,0.851,1.5356,259.0,31.3851,0.3945,0.5658,707,938,314,576,168.6939
12,268.1196,1,316.2656,328.895,35316.0,19180.0,277.46,0.9702,1.954,196.0,15.0819,0.7787,0.8756,245,476,314,576,168.6939
12,268.1196,2,552.6131,233.9245,8517.0,8517.0,114.1047,0.1717,1.9418,196.0,10.5796,0.0,0.0,476,707,314,576,168.6939
12,268.1196,3,796.5992,325.8548,15939.0,7509.0,219.761,0.9547,2.1082,234.0,33.9731,0.4562,0.6266,707,938,314,576,168.6939
12,268.5271,1,315.5667,334.7433,37002.0,19483.0,273.2696,0.9771,1.809,196.0,13.5415,0.8635,0.9268,245,476,314,576,168.6939
12,268.5271,2,553.5313,233.7604,9031.0,9031.0,132.7248,0.3296,1.721,196.0,2.1612,0.8181,0.8999,476,707,314,576,168.6939
12,268.5271,3,793.5781,382.251,8110.0,293.0,126.0522,0.9876,1.6945,304.0,21.4336,0.3449,0.513,707,938,314,576,168.6939
12,268.9346,1,321.5321,328.5397,36925.0,20419.0,288.222,0.8285,1.5745,196.0,12.79,0.8426,0.9146,245,476,314,576,168.6939
12,268.9346,2,561.1415,238.0406,11067.0,11067.0,184.6115,0.3032,2.1949,196.0,4.2273,0.7743,0.8728,476,707,314,576,168.6939
12,268.9346,3,775.7109,315.336,14799.0,7200.0,99.4848,0.9819,1.3578,301.0,18.5197,0.3028,0.4649,707,938,314,576,168.6939
12,269.342,1,325.4595,326.6659,39131.0,22756.0,293.5181,0.7051,1.5741,196.0,17.0091,0.8129,0.8968,245,476,314,576,168.6939
12,269.342,2,608.8719,267.35,20113.0,16615.0,183.4741,0.2254,1.8769,196.0,9.9451,0.5323,0.6948,476,707,314,576,168.6939
12,269.342,3,783.8903,314.486,25223.0,13755.0,211.343,0.9677,1.1935,216.0,17.4725,0.5394,0.7008,707,938,314,576,168.6939
12,269.7495,1,324.4612,332.5005,41462.0,23171.0,301.5556,0.7267,1.6339,196.0,15.1565,0.8857,0.9394,245,476,314,576,168.6939
12,269.7495,2,609.381,270.7436,21684.0,17551.0,189.5221,0.2924,1.8506,196.0,9.9311,0.8549,0.9218,476,707,314,576,168.6939
12,269.7495,3,799.4636,301.0965,21252.0,12908.0,221.5408,0.6676,1.4796,215.0,28.2859,0.5632,0.7206,707,938,314,576,168.6939
12,270.157,1,319.3658,345.5963,45122.0,22796.0,467.0874,0.9602,2.3763,196.0,14.3653,0.8585,0.9239,245,476,314,576,168.6939
12,270.157,2,610.568,275.447,20202.0,15111.0,181.2946,0.2092,1.8731,196.0,10.5248,0.8252,0.9042,476,707,314,576,168.6939
12,270.157,3,862.168,336.713,14530.0,5147.0,157.7609,0.9689,1.4395,248.0,26.5581,0.2768,0.4336,707,938,314,576,168.6939
12,270.5645,1,318.4902,346.2214,45238.0,22686.0,468.4327,0.9599,2.4023,196.0,11.5134,0.9518,0.9753,245,476,314,576,168.6939
12,270.5645,2,611.3156,278.5613,23451.0,17751.0,299.8962,0.5831,2.1911,196.0,11.8831,0.7812,0.8771,476,707,314,576,168.6939
12,270.5645,3,833.3128,306.3854,22986.0,14037.0,295.4468,0.4575,2.1485,213.0,22.4629,0.4107,0.5823,707,938,314,576,168.6939
12,270.9719,1,293.9906,368.2103,33263.0,12878.0,400.0161,0.9943,3.7541,196.0,13.7618,0.7116,0.8315,245,476,314,576,168.6939
12,270.9719,2,657.4743,340.3958,11615.0,4091.0,174.1731,0.9333,2.4374,234.0,21.2463,0.3115,0.475,476,707,314,576,168.6939
12,270.9719,3,889.8341,375.0454,8519.0,453.0,113.3977,0.8534,1.4479,307.0,23.2431,0.2148,0.3537,707,938,314,576,168.6939
12,271.3794,1,291.9489,378.8252,20196.0,5218.0,200.5303,0.9769,2.1987,239.0,27.9734,0.5264,0.6897,245,476,314,576,168.6939
12,271.3794,2,662.802,342.095,7182.0,1364.0,103.6374,0.672,1.5387,297.0,26.0575,0.479,0.6478,476,707,314,576,168.6939
12,271.3794,3,894.7663,387.2614,6933.0,200.0,109.2831,0.8687,1.6919,303.0,30.6206,0.5412,0.7023,707,938,314,576,168.6939
12,271.7869,1,310.1124,359.815,18771.0,5808.0,150.7156,0.8883,1.617,288.0,24.6056,0.5042,0.6704,245,476,314,576,168.6939
12,271.7869,2,667.494,356.0389,5856.0,612.0,95.3233,0.894,1.4813,303.0,37.518,0.4751,0.6441,476,707,314,576,168.6939
12,271.7869,3,915.746,360.544,4134.0,161.0,99.428,0.9869,1.8594,304.0,27.9091,0.536,0.6979,707,938,314,576,168.6939
12,272.1944,1,312.5767,337.3008,22886.0,10687.0,207.6037,0.9892,1.8311,222.0,20.8652,0.5697,0.7258,245,476,314,576,168.6939
12,272.1944,2,674.4683,362.0899,5227.0,532.0,112.7611,0.9798,2.2239,287.0,42.1616,0.5268,0.6901,476,707,314,576,168.6939
12,272.1944,3,902.5999,385.5355,5669.0,120.0,113.6788,0.9992,2.0024,307.0,23.5738,0.6273,0.771,707,938,314,576,168.6939
12,272.6018,1,298.6835,357.0104,16949.0,5353.0,186.4761,0.9462,2.035,239.0,19.8894,0.6012,0.7509,245,476,314,576,168.6939
12,272.6018,2,664.5479,397.8715,5231.0,102.0,104.4223,0.9895,2.5628,326.0,47.574,0.3168,0.4812,476,707,314,576,168.6939
12,272.6018,3,912.1121,388.8687,5423.0,271.0,106.5555,0.9891,2.1842,304.0,28.667,0.4907,0.6583,707,938,314,576,168.6939
12,273.0093,1,303.9127,320.3439,22178.0,10892.0,216.6191,0.9999,2.0528,217.0,22.0113,0.4946,0.6618,245,476,314,576,168.6939
12,273.0093,2,677.8928,405.1863,3451.0,0.0,80.8259,0.9916,2.0397,337.0,33.2043,0.4154,0.587,476,707,314,576,168.6939
12,273.0093,3,914.3588,360.4834,4665.0,343.0,100.2057,1.0,1.9632,306.0,25.9107,0.6161,0.7625,707,938,314,576,168.6939
12,273.4168,1,300.4434,349.0922,21684.0,8418.0,155.0244,0.9975,1.6407,281.0,11.6733,0.6768,0.8073,245,476,314,576,168.6939
12,273.4168,2,685.0443,356.5189,4307.0,414.0,96.4594,0.9998,1.9719,309.0,29.6321,0.3584,0.5277,476,707,314,576,168.6939
12,273.4168,3,909.3477,373.8228,6446.0,650.0,122.3425,0.9966,2.381,313.0,29.6323,0.6247,0.769,707,938,314,576,168.6939
12,273.8243,1,317.771,320.4509,34055.0,18968.0,295.7151,0.9702,2.1289,196.0,17.215,0.6048,0.7538,245,476,314,576,168.6939
12,273.8243,2,534.9454,230.1762,6324.0,6324.0,118.8171,0.2202,1.9017,196.0,12.0254,0.0,0.0,476,707,314,576,168.6939
12,273.8243,3,913.047,383.5258,7475.0,287.0,138.8666,0.9968,2.3783,308.0,25.6804,0.5872,0.7399,707,938,314,576,168.6939
12,274.2318,1,296.2298,338.7821,30495.0,14055.0,383.1707,0.9898,3.3497,196.0,18.6091,0.6328,0.7751,245,476,314,576,168.6939
12,274.2318,2,674.242,357.3094,5062.0,365.0,79.6186,0.9862,1.1685,305.0,10.2029,0.0,0.0,476,707,314,576,168.6939
12,274.2318,3,902.3963,357.8238,7660.0,695.0,126.3509,0.866,1.7599,299.0,25.4724,0.592,0.7437,707,938,314,576,168.6939
12,274.6392,1,315.7251,293.4316,22345.0,13672.0,253.3233,0.9878,1.7995,196.0,26.8998,0.5698,0.7259,245,476,314,576,168.6939
12,274.6392,2,555.0062,238.6848,8692.0,8692.0,95.677,0.1518,1.3862,196.0,10.0112,0.0,0.0,476,707,314,576,168.6939
12,274.6392,3,889.2038,356.4755,9192.0,765.0,149.9848,0.7254,2.1566,305.0,28.1589,0.5615,0.7192,707,938,314,576,168.6939
12,275.0467,1,338.4569,295.2894,26669.0,17229.0,266.5598,0.9851,2.2338,196.0,23.7056,0.5788,0.7332,245,476,314,576,168.6939
12,275.0467,2,655.6592,364.1486,7483.0,460.0,108.5993,0.9688,1.3673,301.0,15.4399,0.0,0.0,476,707,314,576,168.6939
12,275.0467,3,845.8053,342.6013,12369.0,2772.0,164.3552,0.5298,2.3634,306.0,33.7576,0.2874,0.4465,707,938,314,576,168.6939
12,275.4542,1,340.7323,290.09,29044.0,19631.0,259.0054,0.9996,1.6348,196.0,22.8242,0.7017,0.8247,245,476,314,576,168.6939
12,275.4542,2,557.2231,239.9768,10436.0,10436.0,180.3899,0.3443,2.1599,196.0,13.3572,0.0,0.0,476,707,314,576,168.6939
12,275.4542,3,821.5922,338.541,12313.0,3404.0,128.5561,0.5274,1.5195,303.0,32.02,0.4741,0.6432,707,938,314,576,168.6939
12,275.8617,1,342.5159,309.5396,32071.0,20212.0,233.1267,0.9713,1.4769,196.0,16.4214,0.7214,0.8381,245,476,314,576,168.6939
12,275.8617,2,602.3454,290.2854,22064.0,14324.0,195.1066,0.3646,2.3309,196.0,16.8321,0.4345,0.6058,476,707,314,576,168.6939
12,275.8617,3,797.0562,331.2352,14887.0,6230.0,127.349,0.774,1.7154,307.0,31.0084,0.3531,0.5219,707,938,314,576,168.6939
12,276.2691,1,341.543,309.0239,31120.0,19725.0,228.3763,0.9478,1.384,196.0,18.8761,0.6288,0.7721,245,476,314,576,168.6939
12,276.2691,2,595.583,293.5929,20873.0,13116.0,132.4601,0.4642,2.1049,298.0,18.3506,0.6693,0.8019,476,707,314,576,168.6939
12,276.2691,3,783.6878,325.7884,16374.0,7731.0,235.76,0.9175,2.8599,233.0,17.679,0.5713,0.7272,707,938,314,576,168.6939
12,276.6766,1,356.2012,274.4444,27743.0,20649.0,233.528,0.7919,1.561,196.0,21.631,0.6703,0.8026,245,476,314,576,168.6939
12,276.6766,2,555.0349,238.1564,9659.0,9659.0,106.3264,0.1891,1.3039,196.0,20.2641,0.4262,0.5977,476,707,314,576,168.6939
12,276.6766,3,770.532,333.4266,13787.0,4955.0,124.4057,0.9071,1.6365,298.0,14.9564,0.6464,0.7853,707,938,314,576,168.6939
12,277.0841,1,363.9527,276.204,24952.0,18147.0,188.4068,0.0709,1.9286,196.0,20.4884,0.711,0.8311,245,476,314,576,168.6939
12,277.0841,2,555.9364,238.4837,9585.0,9585.0,137.5367,0.3626,1.5259,196.0,5.7208,0.798,0.8877,476,707,314,576,168.6939
12,277.0841,3,771.3479,348.9598,14187.0,4335.0,122.4834,0.9297,1.7089,303.0,19.8442,0.658,0.7937,707,938,314,576,168.6939
12,277.4916,1,373.0544,280.864,24743.0,17860.0,230.6666,0.9991,1.6399,196.0,22.8776,0.652,0.7894,245,476,314,576,168.6939
12,277.4916,2,560.963,238.9106,10399.0,10399.0,144.3928,0.4308,1.6975,196.0,4.8537,0.8217,0.9021,476,707,314,576,168.6939
12,277.4916,3,768.6302,337.2594,15710.0,5919.0,207.9071,0.8985,2.6743,235.0,22.3185,0.602,0.7516,707,938,314,576,168.6939
12,277.899,1,364.781,449.9158,12902.0,285.0,136.4981,0.8757,2.3121,306.0,16.4386,0.1266,0.2248,245,476,314,576,168.6939
12,277.899,2,534.7454,230.1717,6237.0,6237.0,84.8023,0.1176,1.2688,196.0,6.539,0.5873,0.74,476,707,314,576,168.6939
12,277.899,3,783.8178,336.7421,12249.0,4525.0,132.5296,0.9518,1.8284,297.0,16.0643,0.5554,0.7141,707,938,314,576,168.6939
12,278.3065,1,308.9642,237.386,7267.0,7267.0,50.2822,0.374,1.3977,196.0,12.445,0.0,0.0,245,476,314,576,168.6939
12,278.3065,2,553.2365,234.0509,7814.0,7814.0,87.9052,0.1268,1.3434,196.0,5.2698,0.6503,0.7881,476,707,314,576,168.6939
12,278.3065,3,785.5175,348.6608,17469.0,7163.0,156.2797,0.9547,2.5576,274.0,16.2197,0.5297,0.6926,707,938,314,576,168.6939
12,278.714,1,413.3026,303.3144,11554.0,6616.0,114.2827,0.9128,1.9821,284.0,15.7285,0.0,0.0,245,476,314,576,168.6939
12,278.714,2,549.7265,235.5128,7566.0,7566.0,80.5345,0.1239,1.4259,196.0,6.3062,0.7707,0.8705,476,707,314,576,168.6939
12,278.714,3,785.343,357.214,6099.0,623.0,101.0925,0.9896,1.5216,299.0,24.4391,0.2853,0.444,707,938,314,576,168.6939
12,279.1215,1,366.2932,263.7968,20623.0,16471.0,166.1712,0.0667,1.8054,196.0,17.2318,0.3594,0.5288,245,476,314,576,168.6939
12,279.1215,2,554.0171,238.1629,9283.0,9283.0,144.6186,0.5516,2.3041,196.0,12.0226,0.662,0.7966,476,707,314,576,168.6939
12,279.1215,3,789.7495,357.99,7322.0,555.0,102.3361,0.9105,1.271,301.0,28.1239,0.6427,0.7825,707,938,314,576,168.6939
12,279.529,1,365.2245,275.497,22978.0,17451.0,175.666,0.0535,1.8012,196.0,13.2234,0.7454,0.8542,245,476,314,576,168.6939
12,279.529,2,558.8564,239.2015,10064.0,10064.0,190.9513,0.3122,2.3,196.0,2.8987,0.833,0.9089,476,707,314,576,168.6939
12,279.529,3,811.9741,358.1913,11163.0,1824.0,166.7339,0.8304,2.0784,274.0,40.3066,0.3849,0.5558,707,938,314,576,168.6939
12,279.9364,1,326.411,242.8639,10451.0,10451.0,63.5665,0.5665,1.2004,220.0,16.346,0.4263,0.5977,245,476,314,576,168.6939
12,279.9364,2,554.1425,238.0195,8659.0,8659.0,84.8454,0.139,1.309,196.0,7.1672,0.7722,0.8714,476,707,314,576,168.6939
12,279.9364,3,836.5947,339.6482,17409.0,6301.0,182.896,0.9592,2.0964,244.0,34.6487,0.2889,0.4483,707,938,314,576,168.6939
12,280.3439,1,349.7687,238.0206,15971.0,15971.0,175.9035,0.037,1.9542,196.0,6.7926,0.6112,0.7587,245,476,314,576,168.6939
12,280.3439,2,609.0416,280.5987,16667.0,11361.0,102.0307,0.8085,1.5334,300.0,9.9775,0.4999,0.6666,476,707,314,576,168.6939
12,280.3439,3,853.1352,382.7941,13495.0,2302.0,156.5997,0.8932,2.0767,293.0,32.6488,0.3581,0.5274,707,938,314,576,168.6939
12,280.7514,1,371.3116,274.514,27487.0,21505.0,267.4005,0.0112,2.4927,196.0,13.8313,0.5509,0.7104,245,476,314,576,168.6939
12,280.7514,2,603.9882,279.3423,22363.0,15999.0,313.8924,0.6954,2.7251,196.0,14.2564,0.6348,0.7766,476,707,314,576,168.6939
12,280.7514,3,867.5519,376.1827,18066.0,5107.0,176.2366,0.9387,2.209,293.0,30.2981,0.3585,0.5277,707,938,314,576,168.6939
12,281.1589,1,361.5688,324.4347,36403.0,23315.0,285.6998,0.481,1.6316,196.0,10.9579,0.6818,0.8108,245,476,314,576,168.6939
12,281.1589,2,605.7963,284.4546,27439.0,20060.0,290.6087,0.6555,1.8898,196.0,12.551,0.7241,0.84,476,707,314,576,168.6939
12,281.1589,3,847.3406,316.1549,26067.0,15130.0,326.3421,0.6204,2.1045,215.0,22.5272,0.4021,0.5736,707,938,314,576,168.6939
12,281.5663,1,360.8499,326.107,37293.0,23738.0,282.2167,0.501,1.5365,196.0,8.6251,0.8908,0.9422,245,476,314,576,168.6939
12,281.5663,2,604.3643,287.6882,27573.0,19590.0,297.2682,0.7481,2.352,196.0,8.0683,0.8761,0.9339,476,707,314,576,168.6939
12,281.5663,3,847.5746,313.0181,24898.0,14173.0,243.8894,0.941,2.2436,228.0,15.1097,0.7732,0.8721,707,938,314,576,168.6939
12,281.9738,1,372.531,273.0369,30081.0,24108.0,273.1015,0.4913,1.5157,196.0,10.9049,0.7182,0.836,245,476,314,576,168.6939
12,281.9738,2,605.2895,289.2555,28083.0,20000.0,285.2102,0.6646,1.811,196.0,6.1353,0.8936,0.9438,476,707,314,576,168.6939
12,281.9738,3,847.6163,323.7391,28161.0,15121.0,334.5394,0.762,2.354,215.0,18.4239,0.7525,0.8588,707,938,314,576,168.6939
12,282.3813,1,369.9809,273.9296,30074.0,23666.0,266.1789,0.4863,1.4392,196.0,12.9636,0.8353,0.9103,245,476,314,576,168.6939
12,282.3813,2,605.0472,288.2978,28928.0,20879.0,280.2865,0.6412,1.7366,196.0,7.7087,0.874,0.9328,476,707,314,576,168.6939
12,282.3813,3,841.3113,323.9333,29490.0,15757.0,310.5869,0.7654,2.0582,216.0,14.9217,0.7702,0.8702,707,938,314,576,168.6939
12,282.7888,1,360.0719,280.0809,31949.0,24175.0,237.5246,0.3814,1.0892,196.0,24.0504,0.698,0.8221,245,476,314,576,168.6939
12,282.7888,2,602.3658,290.5803,29057.0,20505.0,269.4026,0.7191,1.5541,196.0,15.6964,0.7861,0.8802,476,707,314,576,168.6939
12,282.7888,3,835.9619,321.054,28090.0,15017.0,274.5747,0.7582,1.8231,218.0,17.5708,0.7355,0.8476,707,938,314,576,168.6939
12,283.1962,1,335.0447,291.3053,31703.0,21433.0,258.8768,0.9998,1.6851,196.0,34.5041,0.5699,0.726,245,476,314,576,168.6939
12,283.1962,2,594.1498,307.8327,23968.0,14049.0,299.4651,0.8794,2.2975,196.0,21.6359,0.6038,0.7529,476,707,314,576,168.6939
12,283.1962,3,845.8797,393.6428,16280.0,1861.0,181.8759,0.9569,2.069,307.0,24.4774,0.3218,0.4869,707,938,314,576,168.6939
12,283.6037,1,294.4081,354.2981,14882.0,4343.0,164.3353,0.9701,1.8736,282.0,33.7878,0.287,0.446,245,476,314,576,168.6939
12,283.6037,2,612.3171,396.8602,11777.0,555.0,173.3732,0.9115,2.3199,299.0,19.9879,0.2801,0.4377,476,707,314,576,168.6939
12,283.6037,3,855.0743,385.5035,10434.0,533.0,174.4339,0.6615,2.6977,298.0,38.7489,0.3502,0.5188,707,938,314,576,168.6939
12,284.0112,1,286.5154,374.8293,12182.0,2665.0,190.9154,0.9963,2.5759,253.0,29.2794,0.5308,0.6935,245,476,314,576,168.6939
12,284.0112,2,633.2361,382.2193,8441.0,350.0,149.0023,0.7032,2.3785,302.0,36.3094,0.3804,0.5511,476,707,314,576,168.6939
12,284.0112,3,864.2283,379.1357,8509.0,244.0,142.5762,0.6003,2.3678,306.0,38.5701,0.4327,0.604,707,938,314,576,168.6939
12,284.4187,1,300.7794,343.2316,23552.0,10644.0,247.0851,0.9992,3.0253,234.0,23.1943,0.4674,0.637,245,476,314,576,168.6939
12,284.4187,2,661.4479,353.6972,6812.0,1207.0,120.5868,0.9181,2.056,280.0,40.7129,0.3141,0.4781,476,707,314,576,168.6939
12,284.4187,3,888.6204,380.2218,6502.0,161.0,107.1298,0.8461,1.6735,304.0,39.9195,0.3839,0.5548,707,938,314,576,168.6939
12,284.8261,1,318.5006,347.5571,45043.0,22352.0,466.5609,0.9654,2.4003,196.0,16.4886,0.5081,0.6738,245,476,314,576,168.6939
12,284.8261,2,562.5436,239.1165,11705.0,11705.0,185.8179,0.2821,2.0793,196.0,19.3261,0.0,0.0,476,707,314,576,168.6939
12,284.8261,3,906.6364,357.5042,7079.0,1646.0,142.6795,0.9816,2.7297,262.0,24.1363,0.4373,0.6085,707,938,314,576,168.6939
12,285.2336,1,322.2024,343.0311,46848.0,23974.0,455.1963,0.9524,2.275,196.0,23.3333,0.9019,0.9484,245,476,314,576,168.6939
12,285.2336,2,612.936,281.5953,23279.0,17592.0,315.6059,0.5888,2.3878,196.0,10.5109,0.4981,0.6649,476,707,314,576,168.6939
12,285.2336,3,785.7284,257.3549,9763.0,9758.0,202.2687,0.0433,3.1353,221.0,10.8665,0.0,0.0,707,938,314,576,168.6939
12,285.6411,1,341.0249,283.8445,35078.0,24526.0,281.0957,0.6533,1.4757,196.0,22.0847,0.6471,0.7858,245,476,314,576,168.6939
12,285.6411,2,608.822,273.1255,21864.0,16828.0,311.2781,0.6404,2.8187,196.0,9.3524,0.8239,0.9034,476,707,314,576,168.6939
12,285.6411,3,789.1967,254.2831,8768.0,8768.0,101.2978,0.0415,1.7583,220.0,2.6909,0.7605,0.864,707,938,314,576,168.6939
12,286.0486,1,358.0281,279.7906,33759.0,25219.0,237.8725,0.1109,1.1938,196.0,31.1444,0.6978,0.822,245,476,314,576,168.6939
12,286.0486,2,607.8856,281.344,22812.0,16343.0,190.2407,0.3232,1.8267,196.0,13.7005,0.7722,0.8715,476,707,314,576,168.6939
12,286.0486,3,904.1979,408.1713,8665.0,1483.0,149.398,0.9952,3.3289,278.0,13.9371,0.0,0.0,707,938,314,576,168.6939
12,286.4561,1,368.4866,273.0922,28655.0,22269.0,266.4044,0.414,1.551,196.0,28.2414,0.6558,0.7921,245,476,314,576,168.6939
12,286.4561,2,604.9359,284.3969,25432.0,18154.0,285.2759,0.6696,1.946,196.0,14.5196,0.7478,0.8557,476,707,314,576,168.6939
12,286.4561,3,919.5185,345.6213,5852.0,1741.0,172.8639,0.9999,3.749,263.0,24.897,0.5657,0.7226,707,938,314,576,168.6939
12,286.8635,1,385.2364,379.0181,17791.0,6064.0,112.2009,0.9387,1.7112,304.0,21.6078,0.2419,0.3896,245,476,314,576,168.6939
12,286.8635,2,606.6261,326.9358,13767.0,5186.0,166.9689,0.4905,2.6486,301.0,26.2518,0.2821,0.4401,476,707,314,576,168.6939
12,286.8635,3,910.6478,362.1571,9312.0,2149.0,193.8848,0.9998,3.1073,263.0,33.4686,0.6125,0.7597,707,938,314,576,168.6939
12,287.271,1,416.4701,362.5092,5312.0,403.0,119.1085,0.993,2.3032,304.0,24.8057,0.2046,0.3397,245,476,314,576,168.6939
12,287.271,2,600.1812,362.9558,8394.0,486.0,153.7018,0.6236,2.3436,297.0,25.194,0.4035,0.575,476,707,314,576,168.6939
12,287.271,3,902.9044,384.355,9464.0,813.0,172.0416,0.9858,2.5832,288.0,40.724,0.5076,0.6734,707,938,314,576,168.6939
12,287.6785,1,387.7049,338.4763,4310.0,739.0,93.4164,0.8087,1.9697,308.0,35.1074,0.2339,0.3791,245,476,314,576,168.6939
12,287.6785,2,594.0121,366.0987,7081.0,397.0,138.3957,0.7198,2.2232,297.0,28.7887,0.6108,0.7584,476,707,314,576,168.6939
12,287.6785,3,884.7508,382.6924,8001.0,479.0,168.9299,0.8663,2.9125,298.0,58.1221,0.3442,0.5121,707,938,314,576,168.6939
12,288.086,1,354.6371,336.363,5757.0,1418.0,137.419,0.8598,2.5052,269.0,46.8233,0.1827,0.3089,245,476,314,576,168.6939
12,288.086,2,591.2502,375.3679,6558.0,0.0,130.7107,0.6333,2.2286,324.0,29.8617,0.6091,0.7571,476,707,314,576,168.6939
12,288.086,3,846.5412,355.1939,6933.0,1055.0,150.7648,0.8138,2.8028,281.0,63.5832,0.274,0.4302,707,938,314,576,168.6939
12,288.4934,1,326.9021,370.6448,7742.0,211.0,133.4487,0.7882,1.9673,309.0,64.6363,0.1294,0.2292,245,476,314,576,168.6939
12,288.4934,2,589.7969,376.6311,6100.0,146.0,99.6589,0.8295,1.5436,323.0,32.9278,0.5254,0.6889,476,707,314,576,168.6939
12,288.4934,3,815.5475,367.9315,6654.0,555.0,139.5674,0.8204,2.7007,297.0,80.1677,0.119,0.2127,707,938,314,576,168.6939
12,288.9009,1,306.3959,375.3781,9213.0,593.0,132.1381,0.9017,1.6433,295.0,37.8938,0.436,0.6073,245,476,314,576,168.6939
12,288.9009,2,580.128,368.8503,4061.0,0.0,76.4982,0.4944,1.2749,329.0,40.8849,0.4227,0.5942,476,707,314,576,168.6939
12,288.9009,3,793.7321,362.8114,5685.0,374.0,110.0726,0.8222,1.9295,302.0,50.8561,0.4268,0.5983,707,938,314,576,168.6939
12,289.3084,1,290.8055,351.1831,7670.0,1078.0,112.4339,0.9962,1.4172,287.0,39.117,0.461,0.631,245,476,314,576,168.6939
12,289.3084,2,574.3604,365.2842,5263.0,0.0,99.1377,0.5459,1.6097,323.0,33.8399,0.4772,0.6461,476,707,314,576,168.6939
12,289.3084,3,789.2167,362.4109,6715.0,700.0,120.0037,0.9542,1.8841,289.0,28.9667,0.6718,0.8037,707,938,314,576,168.6939
12,289.7159,1,281.8952,365.3147,6949.0,424.0,102.0863,0.9994,1.3804,304.0,36.4199,0.5706,0.7266,245,476,314,576,168.6939
12,289.7159,2,600.3783,375.7205,5976.0,319.0,93.396,0.9243,1.4656,318.0,47.9457,0.2317,0.3762,476,707,314,576,168.6939
12,289.7159,3,798.2444,387.3404,7665.0,0.0,137.2459,0.8199,2.1534,314.0,37.2032,0.5424,0.7033,707,938,314,576,168.6939
12,290.1233,1,286.6695,335.2851,5855.0,1233.0,112.3647,0.6581,1.7246,294.0,46.6765,0.5019,0.6684,245,476,314,576,168.6939
12,290.1233,2,623.2962,362.6697,5671.0,398.0,90.3222,0.8808,1.4026,315.0,40.373,0.4036,0.5751,476,707,314,576,168.6939
12,290.1233,3,803.8153,370.5009,7554.0,327.0,95.8364,0.9562,1.1834,314.0,45.1067,0.3764,0.5469,707,938,314,576,168.6939
12,290.5308,1,296.6297,340.0999,7229.0,1316.0,141.4811,0.6024,2.1866,293.0,40.2261,0.6251,0.7693,245,476,314,576,168.6939
12,290.5308,2,642.4863,367.9372,6477.0,479.0,103.7661,0.948,1.6043,300.0,42.9061,0.3633,0.5329,476,707,314,576,168.6939
12,290.5308,3,833.1072,370.2599,8094.0,388.0,127.0259,0.9016,1.7382,301.0,56.1273,0.2821,0.4401,707,938,314,576,168.6939
12,290.9383,1,319.753,344.003,7611.0,1169.0,120.1694,0.6268,1.5511,292.0,53.8319,0.4608,0.6309,245,476,314,576,168.6939
12,290.9383,2,661.7129,364.1302,6590.0,539.0,112.1074,0.8415,1.7603,299.0,38.7456,0.3807,0.5515,476,707,314,576,168.6939
12,290.9383,3,852.8449,398.0972,10560.0,35.0,188.4604,0.7789,2.7511,315.0,52.6399,0.2317,0.3762,707,938,314,576,168.6939
12,291.3458,1,336.1883,355.6486,7940.0,1131.0,100.7068,0.9765,1.3036,295.0,47.0288,0.4383,0.6095,245,476,314,576,168.6939
12,291.3458,2,677.4143,374.4191,5578.0,538.0,104.6186,0.9916,2.0625,296.0,40.3783,0.3881,0.5592,476,707,314,576,168.6939
12,291.3458,3,875.6866,376.8657,10418.0,1149.0,152.5481,0.8622,2.1711,290.0,38.359,0.4297,0.6011,707,938,314,576,168.6939
12,291.7532,1,342.3912,350.2598,6786.0,873.0,104.5161,0.9164,1.3889,296.0,31.0121,0.5723,0.728,245,476,314,576,168.6939
12,291.7532,2,682.6547,341.133,4179.0,879.0,106.6142,0.9697,2.2299,292.0,37.1227,0.4951,0.6623,476,707,314,576,168.6939
12,291.7532,3,879.3055,395.2542,7629.0,85.0,118.5685,0.788,1.879,325.0,42.7574,0.3059,0.4684,707,938,314,576,168.6939
12,292.1607,1,338.9811,338.369,8152.0,1760.0,120.3793,0.7411,1.6087,292.0,24.9078,0.6424,0.7823,245,476,314,576,168.6939
12,292.1607,2,673.846,345.927,5371.0,813.0,110.6914,0.9561,1.7848,295.0,43.2937,0.6154,0.7619,476,707,314,576,168.6939
12,292.1607,3,915.368,361.1212,3992.0,138.0,97.9483,0.9792,1.9369,307.0,38.2807,0.4089,0.5805,707,938,314,576,168.6939
12,292.5682,1,312.8659,353.0385,8962.0,728.0,146.6715,0.5381,1.929,300.0,42.0053,0.4132,0.5848,245,476,314,576,168.6939
12,292.5682,2,656.1176,345.688,6320.0,1047.0,110.6503,0.8605,1.6507,292.0,45.5965,0.4788,0.6475,476,707,314,576,168.6939
12,292.5682,3,922.9315,348.2629,2366.0,251.0,85.6803,0.9932,2.3313,300.0,34.8179,0.5383,0.6999,707,938,314,576,168.6939
12,292.9757,1,306.7179,357.6765,9534.0,1094.0,129.5491,0.6788,1.5312,294.0,29.0193,0.6545,0.7912,245,476,314,576,168.6939
12,292.9757,2,637.9719,345.3863,6475.0,1014.0,114.4986,0.8291,1.6318,292.0,48.4289,0.5174,0.682,476,707,314,576,168.6939
12,292.9757,3,925.8728,369.7646,2987.0,236.0,107.9432,0.9988,3.3701,317.0,23.8438,0.5851,0.7383,707,938,314,576,168.6939
12,293.3832,1,305.7783,356.9215,9238.0,856.0,132.0851,0.644,1.601,299.0,22.0758,0.7693,0.8696,245,476,314,576,168.6939
12,293.3832,2,619.9624,347.3441,6382.0,932.0,111.1813,0.8354,1.6402,295.0,45.6603,0.4903,0.658,476,707,314,576,168.6939
12,293.3832,3,914.6869,353.9197,5219.0,710.0,130.6924,0.991,2.552,294.0,40.8546,0.4847,0.6529,707,938,314,576,168.6939
12,293.7906,1,311.6799,368.8411,9846.0,798.0,137.4383,0.9433,1.6049,292.0,31.3255,0.6429,0.7826,245,476,314,576,168.6939
12,293.7906,2,605.8894,343.9686,6490.0,1102.0,123.3322,0.6983,1.969,293.0,42.3906,0.539,0.7004,476,707,314,576,168.6939
12,293.7906,3,891.349,360.1615,7634.0,1161.0,139.9733,0.9736,2.1426,280.0,65.1104,0.2816,0.4394,707,938,314,576,168.6939
12,294.1981,1,320.3312,377.1181,8348.0,261.0,128.6583,0.8169,1.7888,308.0,28.7275,0.6519,0.7893,245,476,314,576,168.6939
12,294.1981,2,590.8489,350.0867,6400.0,812.0,122.5058,0.6791,2.1054,298.0,50.3057,0.4753,0.6444,476,707,314,576,168.6939
12,294.1981,3,867.633,389.1592,8126.0,402.0,149.0032,0.9101,2.4963,304.0,66.4591,0.1819,0.3079,707,938,314,576,168.6939
12,294.6056,1,323.9847,355.5363,7914.0,1231.0,162.2607,0.8155,2.644,289.0,36.7185,0.4852,0.6534,245,476,314,576,168.6939
12,294.6056,2,576.1708,347.7821,6117.0,795.0,112.5358,0.738,1.8282,295.0,46.961,0.4827,0.6511,476,707,314,576,168.6939
12,294.6056,3,838.6632,372.2828,7278.0,631.0,133.7085,0.8185,2.3679,300.0,61.3005,0.2856,0.4443,707,938,314,576,168.6939
12,295.0131,1,316.8349,360.4336,8091.0,629.0,123.5123,0.8217,1.5971,293.0,32.8462,0.5589,0.717,245,476,314,576,168.6939
12,295.0131,2,571.9784,359.1739,6206.0,527.0,113.4097,0.7707,1.9334,299.0,39.8228,0.5321,0.6946,476,707,314,576,168.6939
12,295.0131,3,815.8788,357.0342,6925.0,870.0,132.6154,0.8483,2.279,288.0,52.4634,0.3793,0.55,707,938,314,576,168.6939
12,295.4205,1,313.8328,358.0622,7715.0,629.0,111.8277,0.8048,1.427,305.0,18.4283,0.7898,0.8826,245,476,314,576,168.6939
12,295.4205,2,560.6017,345.5099,5734.0,705.0,107.516,0.7227,1.7651,297.0,28.4558,0.6777,0.8079,476,707,314,576,168.6939
12,295.4205,3,804.6893,381.4282,6763.0,95.0,123.3378,0.7047,2.1445,325.0,62.3207,0.2781,0.4351,707,938,314,576,168.6939
12,295.828,1,311.7941,370.6171,9131.0,735.0,129.904,0.9979,1.3817,291.0,27.8024,0.6681,0.801,245,476,314,576,168.6939
12,295.828,2,556.298,354.1571,5734.0,440.0,103.5873,0.7659,1.6817,300.0,40.2589,0.5798,0.734,476,707,314,576,168.6939
12,295.828,3,787.2969,368.8207,6871.0,577.0,124.5809,0.9589,2.0262,291.0,47.472,0.4239,0.5954,707,938,314,576,168.6939
12,296.2355,1,311.3328,365.3905,8821.0,564.0,148.8413,0.6153,2.1406,302.0,36.7139,0.4682,0.6378,245,476,314,576,168.6939
12,296.2355,2,553.086,359.8333,6329.0,422.0,101.5253,0.8323,1.5318,301.0,32.9861,0.6648,0.7986,476,707,314,576,168.6939
12,296.2355,3,783.8814,379.8255,5060.0,0.0,96.8477,0.8839,1.6496,321.0,45.4151,0.4632,0.6331,707,938,314,576,168.6939
12,296.643,1,298.5886,367.4415,8475.0,206.0,107.8431,0.0388,1.0771,306.0,36.482,0.4937,0.6611,245,476,314,576,168.6939
12,296.643,2,549.9484,352.6849,6220.0,612.0,103.0472,0.846,1.5257,295.0,24.5623,0.6993,0.823,476,707,314,576,168.6939
12,296.643,3,794.6714,363.5453,6921.0,262.0,106.6694,0.8971,1.4729,314.0,46.5837,0.4175,0.5891,707,938,314,576,168.6939
12,297.0504,1,297.7849,362.8274,7133.0,611.0,116.0348,0.6832,1.5823,307.0,43.247,0.4765,0.6454,245,476,314,576,168.6939
12,297.0504,2,557.8737,355.0701,6594.0,488.0,114.7871,0.7075,1.7326,300.0,34.6252,0.6464,0.7852,476,707,314,576,168.6939
12,297.0504,3,830.3997,356.4734,5862.0,261.0,91.6964,0.8599,1.32,306.0,66.1009,0.2402,0.3874,707,938,314,576,168.6939
12,297.4579,1,329.7035,336.6695,5916.0,755.0,113.4493,0.2143,1.9752,306.0,46.4243,0.304,0.4662,245,476,314,576,168.6939
12,297.4579,2,555.8934,348.0214,5892.0,562.0,104.8628,0.7444,1.6066,299.0,29.7442,0.7203,0.8374,476,707,314,576,168.6939
12,297.4579,3,851.3128,373.8441,6158.0,80.0,100.3152,0.7492,1.528,326.0,54.2263,0.2778,0.4348,707,938,314,576,168.6939
12,297.8654,1,382.9028,343.591,4961.0,640.0,99.243,0.7064,1.7486,297.0,51.435,0.1422,0.249,245,476,314,576,168.6939
12,297.8654,2,555.4165,352.7935,5205.0,404.0,81.9812,0.9508,1.1698,301.0,36.6656,0.5514,0.7108,476,707,314,576,168.6939
12,297.8654,3,859.8701,385.2361,7392.0,0.0,114.5583,0.8165,1.6391,323.0,37.7104,0.4807,0.6493,707,938,314,576,168.6939
12,298.2729,1,400.2915,351.5588,4481.0,471.0,87.9991,0.9399,1.6042,299.0,32.1175,0.3855,0.5564,245,476,314,576,168.6939
12,298.2729,2,553.3169,348.9473,5220.0,583.0,93.9172,0.9818,1.4184,296.0,31.774,0.6998,0.8234,476,707,314,576,168.6939
12,298.2729,3,870.1537,397.0994,8688.0,100.0,109.0927,0.9419,1.3971,316.0,34.17,0.4987,0.6655,707,938,314,576,168.6939
12,298.6804,1,399.8585,367.0056,4607.0,106.0,95.4903,0.9247,1.8249,312.0,17.2354,0.5791,0.7335,245,476,314,576,168.6939
12,298.6804,2,552.0268,359.9896,5492.0,352.0,91.87,0.946,1.4385,302.0,29.8465,0.6706,0.8028,476,707,314,576,168.6939
12,298.6804,3,882.0221,378.9033,7610.0,196.0,106.539,0.9001,1.457,315.0,26.4686,0.5809,0.7349,707,938,314,576,168.6939
12,299.0878,1,398.7003,354.2735,4154.0,42.0,88.5851,0.9329,1.5242,314.0,13.0559,0.7141,0.8332,245,476,314,576,168.6939
12,299.0878,2,552.6879,361.1073,5841.0,533.0,101.3088,0.9635,1.6334,298.0,21.3549,0.7366,0.8483,476,707,314,576,168.6939
12,299.0878,3,894.488,385.2706,7524.0,63.0,102.0442,0.9683,1.3884,314.0,31.5808,0.4808,0.6494,707,938,314,576,168.6939
12,299.4953,1,400.4276,352.7221,4242.0,155.0,89.8891,0.9869,1.5723,312.0,8.4024,0.7777,0.8749,245,476,314,576,168.6939
12,299.4953,2,551.4975,364.0724,5938.0,465.0,103.8946,0.9796,1.6736,299.0,26.2015,0.7059,0.8276,476,707,314,576,168.6939
12,299.4953,3,887.5737,377.2986,6259.0,28.0,97.0167,0.9865,1.3612,321.0,26.4424,0.5474,0.7075,707,938,314,576,168.6939
12,299.9028,1,405.0946,353.3693,3477.0,91.0,83.494,0.9921,1.6712,314.0,12.9554,0.688,0.8151,245,476,314,576,168.6939
12,299.9028,2,549.8139,368.6057,5965.0,455.0,101.8272,0.9988,1.6385,298.0,30.7066,0.6592,0.7946,476,707,314,576,168.6939
12,299.9028,3,883.2845,387.1908,7055.0,109.0,104.3956,0.9597,1.5499,318.0,20.5336,0.6956,0.8205,707,938,314,576,168.6939
12,300.3103,1,410.1345,350.3794,3287.0,251.0,83.7605,0.9944,1.8774,313.0,12.5658,0.6465,0.7853,245,476,314,576,168.6939
12,300.3103,2,551.1009,370.8829,5789.0,387.0,95.1628,0.998,1.4902,300.0,16.3027,0.8303,0.9073,476,707,314,576,168.6939
12,300.3103,3,879.5937,392.2323,6901.0,0.0,104.5938,0.9947,1.5005,325.0,30.9492,0.5727,0.7283,707,938,314,576,168.6939
12,300.7177,1,416.0336,348.6947,2558.0,30.0,72.8584,0.9962,1.7125,314.0,11.6719,0.684,0.8123,245,476,314,576,168.6939
12,300.7177,2,548.5775,369.7585,6241.0,441.0,101.0652,0.9993,1.5135,298.0,26.6858,0.6863,0.814,476,707,314,576,168.6939
12,300.7177,3,865.6518,384.1674,8112.0,359.0,148.5374,0.6976,2.5854,305.0,39.7443,0.382,0.5529,707,938,314,576,168.6939
12,301.1252,1,421.7178,348.9668,2016.0,48.0,64.7931,0.9442,1.8816,323.0,9.0365,0.6507,0.7884,245,476,314,576,168.6939
12,301.1252,2,551.3298,363.2276,6170.0,615.0,122.6295,0.9932,1.967,293.0,30.4423,0.6985,0.8225,476,707,314,576,168.6939
12,301.1252,3,903.624,347.0856,3340.0,166.0,93.8479,0.7187,2.0934,308.0,36.0976,0.3939,0.5651,707,938,314,576,168.6939
12,301.5327,1,415.7206,340.5445,2402.0,21.0,57.1313,0.2804,1.2365,317.0,13.0321,0.5229,0.6867,245,476,314,576,168.6939
12,301.5327,2,546.2706,367.1501,6030.0,407.0,108.5155,0.9231,1.8062,302.0,45.6557,0.5381,0.6997,476,707,314,576,168.6939
12,301.5327,3,909.7809,366.8545,3154.0,0.0,80.21,0.798,1.5959,327.0,31.5196,0.3623,0.5319,707,938,314,576,168.6939
12,301.9402,1,417.3977,343.1987,2547.0,19.0,58.4733,0.8087,1.098,315.0,6.7731,0.8282,0.906,245,476,314,576,168.6939
12,301.9402,2,559.52,348.7955,6331.0,963.0,117.7311,0.7778,1.8792,294.0,39.6035,0.5596,0.7176,476,707,314,576,168.6939
12,301.9402,3,883.462,412.3356,4649.0,0.0,83.5792,0.9719,1.9635,328.0,26.5474,0.4034,0.5749,707,938,314,576,168.6939
12,302.3476,1,412.8331,338.9649,3103.0,336.0,65.4899,0.9204,1.2549,311.0,8.2318,0.7536,0.8595,245,476,314,576,168.6939
12,302.3476,2,575.1387,346.439,6620.0,831.0,121.7198,0.648,1.9098,297.0,39.8163,0.5137,0.6787,476,707,314,576,168.6939
12,302.3476,3,921.8137,349.1574,2630.0,247.0,92.2134,0.9951,2.5464,304.0,30.1599,0.3344,0.5012,707,938,314,576,168.6939
12,302.7551,1,415.6176,335.1743,2346.0,61.0,59.0305,0.3459,1.1895,311.0,11.4902,0.6603,0.7954,245,476,314,576,168.6939
12,302.7551,2,590.1111,359.08,7288.0,854.0,116.8786,0.8873,1.6932,291.0,46.5238,0.4414,0.6125,476,707,314,576,168.6939
12,302.7551,3,920.0657,369.4651,3500.0,82.0,105.7508,0.9948,2.38,306.0,32.2126,0.5766,0.7315,707,938,314,576,168.6939
12,303.1626,1,410.1613,335.3212,1370.0,0.0,50.234,0.0287,1.7215,321.0,12.7971,0.5451,0.7056,245,476,314,576,168.6939
12,303.1626,2,603.4136,360.7523,6035.0,638.0,113.765,0.9826,1.8484,294.0,44.8792,0.4662,0.6359,476,707,314,576,168.6939
12,303.1626,3,917.3856,376.1845,4406.0,139.0,115.1082,0.9853,2.5698,304.0,24.3475,0.7433,0.8528,707,938,314,576,168.6939
12,303.5701,1,401.7127,338.2285,1138.0,0.0,42.9427,0.7958,1.4867,319.0,9.6178,0.5368,0.6986,245,476,314,576,168.6939
12,303.5701,2,608.4288,352.5849,7150.0,1247.0,131.9096,0.883,2.1863,283.0,51.1441,0.4363,0.6075,476,707,314,576,168.6939
12,303.5701,3,905.4888,373.1396,5931.0,235.0,113.8123,0.9549,1.8881,305.0,38.0924,0.5197,0.684,707,938,314,576,168.6939
12,303.9775,1,403.7479,339.6714,1047.0,0.0,33.3446,0.9827,1.2642,319.0,11.1226,0.6306,0.7735,245,476,314,576,168.6939
12,303.9775,2,604.0921,362.2262,7250.0,832.0,133.766,0.7388,2.2533,298.0,41.5189,0.5132,0.6783,476,707,314,576,168.6939
12,303.9775,3,894.1645,372.2519,6579.0,270.0,110.9898,0.8848,1.7527,302.0,38.8658,0.5288,0.6918,707,938,314,576,168.6939
12,304.385,1,400.4412,346.0199,1106.0,0.0,30.5093,0.9461,1.2318,319.0,16.1761,0.4757,0.6447,245,476,314,576,168.6939
12,304.385,2,586.7286,348.8626,6194.0,726.0,122.0315,0.5893,2.1638,296.0,43.7,0.4618,0.6318,476,707,314,576,168.6939
12,304.385,3,894.2598,369.4153,6201.0,335.0,102.993,0.833,1.684,299.0,23.1643,0.7589,0.8629,707,938,314,576,168.6939
12,304.7925,1,400.2844,352.0769,2834.0,240.0,79.4052,0.9375,2.1647,318.0,21.7607,0.3479,0.5162,245,476,314,576,168.6939
12,304.7925,2,557.8263,345.5095,5745.0,666.0,117.3525,0.7109,1.985,295.0,59.8766,0.3698,0.5399,476,707,314,576,168.6939
12,304.7925,3,909.3067,376.2711,3711.0,59.0,89.3668,0.9786,2.1437,308.0,53.9029,0.3328,0.4994,707,938,314,576,168.6939
12,305.2,1,407.6823,348.8778,2644.0,68.0,74.4441,0.8985,1.7207,315.0,21.0019,0.5523,0.7116,245,476,314,576,168.6939
12,305.2,2,555.4093,360.3202,5918.0,409.0,109.5804,0.8116,1.8981,301.0,45.5023,0.5559,0.7146,476,707,314,576,168.6939
12,305.2,3,929.0109,354.9215,1286.0,0.0,73.7783,0.9994,3.4196,319.0,51.2947,0.3153,0.4795,707,938,314,576,168.6939
12,305.6075,1,417.7544,348.589,3034.0,139.0,83.0292,0.8846,1.9064,314.0,21.3051,0.5569,0.7154,245,476,314,576,168.6939
12,305.6075,2,548.9268,359.2708,6049.0,496.0,92.5979,0.8686,1.3942,299.0,32.8843,0.568,0.7245,476,707,314,576,168.6939
12,305.6075,3,922.2591,352.7618,2385.0,0.0,84.7485,0.9973,2.3102,315.0,29.7912,0.5239,0.6876,707,938,314,576,168.6939
12,306.0149,1,427.0019,345.7137,2085.0,75.0,65.8236,0.9379,1.9055,318.0,23.7637,0.5217,0.6857,245,476,314,576,168.6939
12,306.0149,2,548.5012,354.566,5698.0,468.0,105.9463,0.968,1.6214,301.0,26.887,0.6561,0.7924,476,707,314,576,168.6939
12,306.0149,3,908.7108,356.2121,4761.0,193.0,88.7034,0.9332,1.4665,316.0,28.6809,0.4361,0.6073,707,938,314,576,168.6939
12,306.4224,1,420.3443,350.1458,3340.0,244.0,84.9197,0.9368,1.8756,309.0,18.9084,0.5666,0.7233,245,476,314,576,168.6939
12,306.4224,2,551.767,352.5235,6394.0,520.0,92.9661,0.9451,1.1857,296.0,28.7734,0.686,0.8138,476,707,314,576,168.6939
12,306.4224,3,896.1868,374.3404,5723.0,146.0,94.4131,0.8903,1.5725,318.0,30.8048,0.434,0.6053,707,938,314,576,168.6939
12,306.8299,1,410.8367,335.2676,2657.0,418.0,67.6764,0.9961,1.4898,307.0,25.6418,0.4005,0.572,245,476,314,576,168.6939
12,306.8299,2,560.9248,376.107,7943.0,74.0,117.219,0.9287,1.564,312.0,44.4143,0.5069,0.6728,476,707,314,576,168.6939
12,306.8299,3,873.4901,354.2345,4632.0,231.0,109.1608,0.8178,2.0638,305.0,34.745,0.3492,0.5176,707,938,314,576,168.6939
12,307.2374,1,389.8637,335.1626,2553.0,470.0,61.4378,0.9333,1.5943,309.0,31.1045,0.2606,0.4134,245,476,314,576,168.6939
12,307.2374,2,569.9397,364.4587,7467.0,193.0,114.0704,0.7224,1.5446,313.0,44.0629,0.5921,0.7438,476,707,314,576,168.6939
12,307.2374,3,849.6707,365.4547,5056.0,35.0,107.6872,0.7704,1.9451,323.0,44.1734,0.229,0.3726,707,938,314,576,168.6939
12,307.6448,1,360.1406,336.8973,4643.0,632.0,103.0529,0.6575,1.8048,297.0,39.5477,0.1884,0.3171,245,476,314,576,168.6939
12,307.6448,2,576.8874,345.0097,7355.0,822.0,119.582,0.6267,1.6936,291.0,45.3421,0.4487,0.6195,476,707,314,576,168.6939
12,307.6448,3,828.5073,369.7095,6661.0,55.0,122.5954,0.6758,1.9625,317.0,38.5587,0.3939,0.5652,707,938,314,576,168.6939
12,308.0523,1,335.4194,347.9036,7010.0,570.0,120.3871,0.6108,1.7131,296.0,41.3118,0.3417,0.5094,245,476,314,576,168.6939
12,308.0523,2,568.7548,368.5055,8787.0,248.0,151.2302,0.6658,2.2601,309.0,46.993,0.3752,0.5457,476,707,314,576,168.6939
12,308.0523,3,818.833,371.4818,7453.0,249.0,121.7788,0.6819,1.7752,315.0,30.503,0.5616,0.7193,707,938,314,576,168.6939
12,308.4598,1,313.1776,357.0011,8713.0,489.0,132.6672,0.5813,1.6795,301.0,39.9737,0.4338,0.6051,245,476,314,576,168.6939
12,308.4598,2,547.9439,362.4943,6616.0,277.0,104.0666,0.755,1.271,310.0,55.4415,0.4055,0.577,476,707,314,576,168.6939
12,308.4598,3,806.9714,373.0627,7099.0,207.0,127.1083,0.6777,2.0443,318.0,34.9453,0.572,0.7277,707,938,314,576,168.6939
12,308.8673,1,300.3723,362.4166,9170.0,486.0,132.2568,0.6314,1.6347,306.0,38.1229,0.5732,0.7287,245,476,314,576,168.6939
12,308.8673,2,545.2238,348.7481,4978.0,615.0,84.5512,0.955,1.4102,297.0,51.2875,0.4344,0.6057,476,707,314,576,168.6939
12,308.8673,3,797.3647,386.7808,7999.0,0.0,124.1709,0.8372,1.6994,319.0,46.3879,0.4798,0.6484,707,938,314,576,168.6939
12,309.2747,1,300.1841,371.0773,9886.0,787.0,125.8117,0.7069,1.5282,297.0,29.3235,0.681,0.8102,245,476,314,576,168.6939
12,309.2747,2,536.6511,350.2009,4230.0,464.0,97.7873,0.9993,2.0036,299.0,37.9933,0.507,0.6729,476,707,314,576,168.6939
12,309.2747,3,793.6587,393.5507,9836.0,392.0,127.9166,0.9629,1.6336,312.0,39.9032,0.5351,0.6972,707,938,314,576,168.6939
12,309.6822,1,299.9764,358.4833,10434.0,1159.0,126.6036,0.8661,1.2962,294.0,23.781,0.6723,0.804,245,476,314,576,168.6939
12,309.6822,2,534.2006,356.3838,5792.0,805.0,112.3427,0.9823,2.0151,291.0,36.1587,0.5765,0.7314,476,707,314,576,168.6939
12,309.6822,3,792.3649,393.0873,9950.0,45.0,131.2625,0.9971,1.5531,312.0,31.4828,0.5763,0.7312,707,938,314,576,168.6939
12,310.0897,1,304.3724,362.8407,10010.0,658.0,132.8926,0.669,1.5549,299.0,27.1955,0.7035,0.826,245,476,314,576,168.6939
12,310.0897,2,540.4843,370.0488,6841.0,486.0,127.6833,0.9951,2.0962,301.0,39.4745,0.5237,0.6874,476,707,314,576,168.6939
12,310.0897,3,800.4008,363.4009,9412.0,576.0,166.7453,0.584,2.3827,300.0,46.9426,0.4323,0.6037,707,938,314,576,168.6939
12,310.4972,1,307.852,356.2807,9138.0,1255.0,125.2892,0.9997,1.4133,289.0,29.7593,0.5922,0.7439,245,476,314,576,168.6939
12,310.4972,2,553.1702,365.3487,6223.0,679.0,99.4151,0.9007,1.6001,296.0,42.1901,0.4474,0.6182,476,707,314,576,168.6939
12,310.4972,3,849.1364,349.779,8487.0,418.0,175.0284,0.3533,3.042,301.0,48.5848,0.3083,0.4713,707,938,314,576,168.6939
12,310.9047,1,322.404,367.9608,7802.0,316.0,112.6587,0.7657,1.4979,303.0,33.9619,0.5479,0.7079,245,476,314,576,168.6939
12,310.9047,2,571.3598,356.1246,6395.0,754.0,116.2871,0.9938,1.7728,294.0,46.384,0.3798,0.5505,476,707,314,576,168.6939
12,310.9047,3,856.6913,366.9392,8180.0,161.0,144.1817,0.4508,2.2515,318.0,41.4316,0.4324,0.6037,707,938,314,576,168.6939
12,311.3121,1,315.9668,361.0545,8517.0,1175.0,135.9444,0.9192,1.9146,285.0,38.3391,0.4346,0.6059,245,476,314,576,168.6939
12,311.3121,2,583.1105,355.2013,5866.0,605.0,107.1928,0.8882,1.746,298.0,39.1649,0.5214,0.6854,476,707,314,576,168.6939
12,311.3121,3,893.0958,349.7374,4665.0,160.0,112.7708,0.5938,2.139,303.0,42.7758,0.4223,0.5938,707,938,314,576,168.6939
12,311.7196,1,326.8024,374.5824,8753.0,685.0,142.8888,0.7965,2.1319,302.0,45.3025,0.351,0.5196,245,476,314,576,168.6939
12,311.7196,2,598.9456,350.9285,7133.0,950.0,122.883,0.7508,1.8708,294.0,46.0525,0.5245,0.6881,476,707,314,576,168.6939
12,311.7196,3,908.3881,363.2254,4587.0,105.0,93.6541,0.8197,1.6078,308.0,38.3701,0.4477,0.6185,707,938,314,576,168.6939
12,312.1271,1,368.7345,363.3465,6900.0,588.0,126.1328,0.8672,2.0204,295.0,53.9571,0.2393,0.3861,245,476,314,576,168.6939
12,312.1271,2,627.3648,347.9611,7328.0,813.0,127.3101,0.5309,1.932,299.0,61.2182,0.3801,0.5509,476,707,314,576,168.6939
12,312.1271,3,890.4692,404.1739,4789.0,0.0,81.7922,0.9737,1.4311,343.0,39.7459,0.3262,0.4919,707,938,314,576,168.6939
12,312.5346,1,391.3581,356.681,7520.0,870.0,135.3195,0.8187,2.018,294.0,43.6905,0.4411,0.6122,245,476,314,576,168.6939
12,312.5346,2,652.0896,351.735,6884.0,539.0,117.1129,0.6318,1.7301,302.0,54.8401,0.4162,0.5878,476,707,314,576,168.6939
12,312.5346,3,918.7457,384.7342,4176.0,202.0,111.2149,0.9974,2.9486,307.0,36.9572,0.366,0.5359,707,938,314,576,168.6939
12,312.942,1,408.4286,355.105,6865.0,854.0,111.797,0.8853,1.6443,293.0,47.8114,0.458,0.6283,245,476,314,576,168.6939
12,312.942,2,664.1942,361.8697,5954.0,296.0,101.5565,0.8489,1.5769,304.0,49.7656,0.4559,0.6263,476,707,314,576,168.6939
12,312.942,3,917.7308,344.5419,2816.0,268.0,83.8694,0.987,2.1131,314.0,34.2171,0.3777,0.5483,707,938,314,576,168.6939
12,313.3495,1,421.3053,364.8855,6403.0,813.0,105.4784,0.9662,1.719,292.0,38.4483,0.4119,0.5835,245,476,314,576,168.6939
12,313.3495,2,665.8469,381.49,5349.0,202.0,95.6061,0.9758,1.8074,304.0,48.2461,0.4155,0.5871,476,707,314,576,168.6939
12,313.3495,3,911.8633,353.4977,4903.0,309.0,120.409,0.946,2.1459,306.0,29.3453,0.5463,0.7066,707,938,314,576,168.6939
12,313.757,1,353.6312,232.1007,5748.0,5748.0,109.0404,0.5379,1.9687,196.0,23.8096,0.0,0.0,245,476,314,576,168.6939
12,313.757,2,676.6191,369.4712,5130.0,383.0,92.848,0.9546,1.6844,300.0,28.6101,0.5463,0.7066,476,707,314,576,168.6939
12,313.757,3,900.9207,355.8727,7463.0,473.0,117.7571,0.7983,1.4919,305.0,28.9477,0.586,0.739,707,938,314,576,168.6939
12,314.1645,1,438.8,338.4734,3640.0,694.0,84.0976,0.9985,1.6998,298.0,15.5715,0.0,0.0,245,476,314,576,168.6939
12,314.1645,2,676.1264,367.5167,5022.0,275.0,97.7434,0.9795,1.7811,305.0,24.1298,0.6459,0.7849,476,707,314,576,168.6939
12,314.1645,3,887.2614,366.4199,8368.0,244.0,130.8535,0.7987,1.6827,307.0,27.3931,0.5537,0.7128,707,938,314,576,168.6939
12,314.5719,1,383.1494,274.632,10397.0,7382.0,83.9105,0.9757,1.7101,305.0,12.2891,0.3086,0.4716,245,476,314,576,168.6939
12,314.5719,2,671.2551,368.1138,5405.0,268.0,93.3472,0.9563,1.5548,305.0,27.5351,0.6194,0.7649,476,707,314,576,168.6939
12,314.5719,3,872.3872,385.8726,10467.0,49.0,150.6513,0.6947,2.0099,314.0,28.7031,0.4388,0.6099,707,938,314,576,168.6939
12,314.9794,1,401.2172,296.6664,8288.0,4432.0,95.3725,0.916,1.8276,301.0,14.0425,0.5559,0.7146,245,476,314,576,168.6939
12,314.9794,2,679.8578,350.0964,6549.0,1508.0,95.0354,0.9976,1.6042,302.0,22.2081,0.5088,0.6744,476,707,314,576,168.6939
12,314.9794,3,841.5833,366.8496,9387.0,328.0,148.6714,0.5726,2.113,306.0,30.0125,0.4425,0.6135,707,938,314,576,168.6939
12,315.3869,1,338.1622,233.518,7332.0,7332.0,86.9153,0.7657,1.1641,196.0,13.7166,0.2544,0.4056,245,476,314,576,168.6939
12,315.3869,2,676.8069,340.204,7462.0,2162.0,90.7528,0.9875,1.364,305.0,17.2843,0.6611,0.7959,476,707,314,576,168.6939
12,315.3869,3,818.6149,369.324,9418.0,247.0,140.4899,0.625,1.8633,307.0,39.8946,0.4307,0.6021,707,938,314,576,168.6939
12,315.7944,1,412.6794,360.8037,6316.0,595.0,111.947,0.8254,1.7418,297.0,15.0265,0.0,0.0,245,476,314,576,168.6939
12,315.7944,2,669.0069,364.3579,5801.0,192.0,88.0443,0.9684,1.2353,308.0,24.0113,0.4738,0.643,476,707,314,576,168.6939
12,315.7944,3,810.2186,377.4525,9183.0,209.0,134.7102,0.6983,1.7255,310.0,34.6411,0.589,0.7414,707,938,314,576,168.6939
12,316.2018,1,389.9981,391.8835,8018.0,526.0,114.3754,0.8566,1.716,298.0,19.5552,0.5329,0.6953,245,476,314,576,168.6939
12,316.2018,2,656.5679,366.2922,6256.0,418.0,97.0698,0.9989,1.4347,302.0,27.4475,0.5262,0.6896,476,707,314,576,168.6939
12,316.2018,3,802.519,376.6702,8575.0,390.0,120.5996,0.7166,1.6771,311.0,26.1727,0.624,0.7684,707,938,314,576,168.6939
12,316.6093,1,392.806,372.7794,6862.0,430.0,118.6042,0.7929,1.8774,300.0,18.2087,0.5837,0.7371,245,476,314,576,168.6939
12,316.6093,2,651.5402,369.6366,5889.0,124.0,95.3166,0.9889,1.4049,309.0,25.5951,0.5865,0.7394,476,707,314,576,168.6939
12,316.6093,3,798.2006,383.2548,7715.0,174.0,118.6489,0.743,1.7528,322.0,32.4027,0.5777,0.7324,707,938,314,576,168.6939
12,317.0168,1,390.3379,368.663,6976.0,489.0,120.6972,0.7946,1.9042,300.0,18.7193,0.6404,0.7807,245,476,314,576,168.6939
12,317.0168,2,641.7726,367.8102,6108.0,140.0,96.9583,0.9587,1.3803,309.0,26.7054,0.6208,0.766,476,707,314,576,168.6939
12,317.0168,3,792.1933,388.322,7748.0,235.0,107.736,0.8255,1.4806,318.0,30.7558,0.5873,0.74,707,938,314,576,168.6939
12,317.4243,1,384.4998,375.1317,7191.0,442.0,120.8555,0.8188,1.9685,300.0,18.0397,0.6649,0.7988,245,476,314,576,168.6939
12,317.4243,2,632.8291,357.8599,6447.0,420.0,116.063,0.6724,1.8216,303.0,31.1374,0.5735,0.729,476,707,314,576,168.6939
12,317.4243,3,785.1699,376.8884,7892.0,431.0,122.5284,0.959,1.7889,313.0,28.21,0.6398,0.7803,707,938,314,576,168.6939
12,317.8318,1,382.1714,373.9788,7754.0,436.0,115.7417,0.8839,1.697,306.0,21.0406,0.5885,0.741,245,476,314,576,168.6939
12,317.8318,2,616.0007,347.8676,6785.0,501.0,127.6064,0.5299,2.0075,300.0,28.6319,0.5668,0.7235,476,707,314,576,168.6939
12,317.8318,3,783.812,387.5084,7761.0,84.0,113.1987,0.9626,1.5197,315.0,28.8102,0.6966,0.8212,707,938,314,576,168.6939
12,318.2392,1,395.1678,358.132,5529.0,223.0,102.1457,0.9882,1.5493,305.0,22.1479,0.5714,0.7272,245,476,314,576,168.6939
12,318.2392,2,601.4169,356.5922,6800.0,265.0,120.7826,0.6116,1.8132,304.0,37.4377,0.4834,0.6517,476,707,314,576,168.6939
12,318.2392,3,792.2056,385.4534,9329.0,309.0,110.274,0.9701,1.3726,307.0,42.5981,0.5401,0.7013,707,938,314,576,168.6939
12,318.6467,1,386.5244,342.5194,5166.0,549.0,97.2453,0.8296,1.4239,299.0,20.2003,0.6034,0.7527,245,476,314,576,168.6939
12,318.6467,2,583.7002,353.0631,6994.0,481.0,119.339,0.6629,1.7345,300.0,36.0775,0.5523,0.7116,476,707,314,576,168.6939
12,318.6467,3,811.0138,369.8614,8343.0,308.0,116.7544,0.6739,1.5762,305.0,36.3338,0.4926,0.66,707,938,314,576,168.6939
12,319.0542,1,371.9789,338.9153,6221.0,1017.0,115.357,0.5976,1.7623,295.0,15.4874,0.6293,0.7725,245,476,314,576,168.6939
12,319.0542,2,564.2153,356.1966,7460.0,481.0,117.0248,0.6746,1.6226,301.0,42.791,0.4878,0.6557,476,707,314,576,168.6939
12,319.0542,3,832.4026,363.928,7586.0,76.0,124.1146,0.6417,1.7325,313.0,46.3678,0.4063,0.5778,707,938,314,576,168.6939
12,319.4617,1,354.5387,339.356,7317.0,1172.0,118.1728,0.4955,1.6585,295.0,26.9996,0.604,0.7531,245,476,314,576,168.6939
12,319.4617,2,552.5326,362.081,7248.0,361.0,106.5113,0.8174,1.3876,303.0,46.6929,0.5245,0.6881,476,707,314,576,168.6939
12,319.4617,3,854.3385,372.991,9131.0,232.0,156.8011,0.5354,2.4363,307.0,43.4486,0.3826,0.5534,707,938,314,576,168.6939
12,319.8691,1,339.2531,351.1575,8608.0,1006.0,117.2969,0.7124,1.4125,294.0,32.8948,0.5001,0.6668,245,476,314,576,168.6939
12,319.8691,2,538.2281,359.7918,6233.0,520.0,95.4038,1.0,1.3706,300.0,40.8094,0.5012,0.6678,476,707,314,576,168.6939
12,319.8691,3,874.4444,366.0011,8190.0,426.0,121.2085,0.683,1.7298,303.0,38.7184,0.4608,0.6309,707,938,314,576,168.6939
12,320.2766,1,360.2857,297.2888,18617.0,10338.0,132.561,0.7285,1.6923,293.0,24.5262,0.3581,0.5274,245,476,314,576,168.6939
12,320.2766,2,536.6596,362.1288,5954.0,563.0,101.8932,0.9584,1.7017,300.0,30.8762,0.6969,0.8214,476,707,314,576,168.6939
12,320.2766,3,886.5925,387.8587,8125.0,188.0,119.6746,0.9081,1.6809,306.0,37.7253,0.3461,0.5143,707,938,314,576,168.6939
12,320.6841,1,343.3899,310.8691,18247.0,9343.0,208.8558,0.9907,2.0688,218.0,13.6778,0.6247,0.769,245,476,314,576,168.6939
12,320.6841,2,556.1673,335.4424,10512.0,4245.0,118.7809,0.9758,2.024,296.0,21.2782,0.4183,0.5898,476,707,314,576,168.6939
12,320.6841,3,901.3296,390.8677,7203.0,529.0,114.158,0.9454,1.8594,299.0,25.6756,0.4966,0.6636,707,938,314,576,168.6939
12,321.0916,1,345.7881,313.2095,15637.0,7419.0,193.998,0.9962,2.1464,219.0,15.9582,0.7452,0.854,245,476,314,576,168.6939
12,321.0916,2,559.0959,327.1608,9596.0,4040.0,112.5875,0.9827,1.8763,296.0,22.3473,0.6912,0.8174,476,707,314,576,168.6939
12,321.0916,3,904.3044,377.0673,6123.0,788.0,114.6893,0.9915,2.2901,300.0,19.9661,0.5097,0.6752,707,938,314,576,168.6939
12,321.499,1,363.7714,300.0719,22546.0,13523.0,245.7989,0.9946,2.4757,196.0,14.6258,0.607,0.7554,245,476,314,576,168.6939
12,321.499,2,565.9836,324.1964,11309.0,4825.0,100.5302,0.9214,1.3977,299.0,24.9942,0.5836,0.737,476,707,314,576,168.6939
12,321.499,3,918.363,371.9388,5815.0,916.0,130.9274,0.9971,2.8731,292.0,22.2621,0.5689,0.7252,707,938,314,576,168.6939
12,321.9065,1,357.367,338.4349,25156.0,12572.0,253.2796,0.9932,2.6212,196.0,12.3521,0.6416,0.7816,245,476,314,576,168.6939
12,321.9065,2,588.277,312.6346,12431.0,6170.0,189.4043,0.9025,2.2716,215.0,35.6516,0.4694,0.6389,476,707,314,576,168.6939
12,321.9065,3,911.2013,343.287,4407.0,659.0,99.515,0.9601,1.8321,302.0,27.9182,0.444,0.6149,707,938,314,576,168.6939
12,322.314,1,344.0918,377.0663,12848.0,2924.0,137.5476,0.8679,1.8422,284.0,21.3608,0.3924,0.5636,245,476,314,576,168.6939
12,322.314,2,604.8445,337.1895,9916.0,2814.0,136.9428,0.6697,1.8225,278.0,44.1909,0.3713,0.5415,476,707,314,576,168.6939
12,322.314,3,907.0151,365.0404,6011.0,268.0,101.6782,0.9847,1.5792,308.0,24.5538,0.6109,0.7585,707,938,314,576,168.6939
12,322.7215,1,356.2362,358.7508,8395.0,1119.0,119.2257,0.9169,1.5993,295.0,18.017,0.5186,0.683,245,476,314,576,168.6939
12,322.7215,2,630.9582,357.7419,7773.0,581.0,121.5812,0.6445,1.7212,302.0,50.0439,0.2991,0.4605,476,707,314,576,168.6939
12,322.7215,3,903.5159,366.0961,7156.0,317.0,112.0533,0.9201,1.5925,306.0,25.3533,0.6332,0.7754,707,938,314,576,168.6939
12,323.1289,1,358.8024,376.1278,8604.0,728.0,120.0317,0.9853,1.574,295.0,22.6331,0.6258,0.7698,245,476,314,576,168.6939
12,323.1289,2,652.1851,362.6249,7542.0,487.0,113.6696,0.8039,1.5666,301.0,50.3796,0.4181,0.5896,476,707,314,576,168.6939
12,323.1289,3,894.4247,372.6834,7796.0,198.0,117.9389,0.7813,1.5598,309.0,19.3956,0.5666,0.7234,707,938,314,576,168.6939
12,323.5364,1,362.5089,359.6026,9361.0,1867.0,112.2935,0.9985,1.5085,299.0,20.4937,0.5912,0.7431,245,476,314,576,168.6939
12,323.5364,2,666.007,364.0359,6292.0,418.0,105.6141,0.9149,1.6368,303.0,45.8465,0.4823,0.6507,476,707,314,576,168.6939
12,323.5364,3,883.0833,372.0986,7503.0,71.0,120.5037,0.8231,1.6331,315.0,20.5397,0.621,0.7662,707,938,314,576,168.6939
12,323.9439,1,367.815,327.9891,14549.0,5967.0,164.9351,0.7905,2.5168,280.0,28.1248,0.39,0.5611,245,476,314,576,168.6939
12,323.9439,2,674.3114,372.105,5276.0,264.0,98.4737,0.9719,1.7393,303.0,42.0191,0.4923,0.6598,476,707,314,576,168.6939
12,323.9439,3,868.325,374.7316,8973.0,110.0,139.1166,0.6019,1.9481,313.0,24.5649,0.5574,0.7158,707,938,314,576,168.6939
12,324.3514,1,368.8447,339.8292,23546.0,11862.0,160.6142,0.8779,2.3127,269.0,21.8097,0.341,0.5086,245,476,314,576,168.6939
12,324.3514,2,681.3718,384.6441,4532.0,282.0,101.3952,0.9931,2.3955,302.0,36.2702,0.4496,0.6203,476,707,314,576,168.6939
12,324.3514,3,843.5541,358.7041,10312.0,1175.0,158.6426,0.6005,2.1804,295.0,26.2611,0.5086,0.6743,707,938,314,576,168.6939
12,324.7589,1,373.3118,292.5207,29508.0,20102.0,251.3673,0.0751,2.2192,196.0,21.98,0.4116,0.5832,245,476,314,576,168.6939
12,324.7589,2,609.3292,274.612,20200.0,15791.0,196.2354,0.2883,1.9116,196.0,14.0737,0.1618,0.2785,476,707,314,576,168.6939
12,324.7589,3,795.2796,315.1824,23672.0,12505.0,228.1963,0.7735,2.0037,233.0,26.2893,0.2178,0.3576,707,938,314,576,168.6939
12,325.1663,1,373.157,277.7528,25557.0,18388.0,256.8318,0.0078,2.5657,196.0,18.7652,0.6471,0.7858,245,476,314,576,168.6939
12,325.1663,2,612.201,279.8103,20779.0,15603.0,183.4332,0.1988,1.9282,196.0,10.1141,0.8187,0.9003,476,707,314,576,168.6939
12,325.1663,3,786.5573,321.2686,23447.0,12271.0,231.1507,0.8893,2.1932,232.0,24.6415,0.6448,0.7841,707,938,314,576,168.6939
