paso,t,s,cx,cy,area,above,largo,vert,elong,cabeza,me,iou,dice,gx0,gx1,g_agua,g_fondo,escala
12,0.0,1,,,,,,,,,,,,257,588,533,829,171.8463
12,0.0,2,,,,,,,,,,,,588,915,533,829,171.8463
12,0.0,3,1208.4511,645.703,9241.0,58.0,132.9451,0.9889,1.4809,589.0,,,,915,1251,533,829,171.8463
12,0.0,4,1315.2938,593.4589,24718.0,7807.0,228.8771,0.9774,2.7946,426.0,,,,1251,1582,533,829,171.8463
12,0.4005,1,481.0711,816.2963,10767.0,0.0,237.7945,0.0046,4.0236,783.0,,,,257,588,533,829,171.8463
12,0.4005,2,717.4061,578.1849,8451.0,1105.0,231.2906,0.5641,4.7638,505.0,,,,588,915,533,829,171.8463
12,0.4005,3,1214.3376,619.6405,15931.0,3158.0,233.213,0.9999,4.699,608.0,68.22,0.2073,0.3435,915,1251,533,829,171.8463
12,0.4005,4,1490.149,692.1843,57312.0,2335.0,346.2624,0.9874,1.6243,524.0,57.4025,0.024,0.0468,1251,1582,533,829,171.8463
12,0.8011,1,438.1359,806.3338,12713.0,0.0,198.0267,0.0634,2.4636,761.0,34.5701,0.5216,0.6856,257,588,533,829,171.8463
12,0.8011,2,677.6996,567.0265,13638.0,2752.0,243.0352,0.5779,3.1409,467.0,49.0267,0.365,0.5348,588,915,533,829,171.8463
12,0.8011,3,1189.7966,706.6499,24275.0,0.0,255.1874,0.9888,2.0734,592.0,56.7909,0.185,0.3123,915,1251,533,829,171.8463
12,0.8011,4,1441.9794,690.0432,87179.0,2976.0,392.9259,0.8709,1.2397,428.0,16.9701,0.6237,0.7683,1251,1582,533,829,171.8463
12,1.2016,1,482.5492,585.5335,9662.0,1163.0,160.5122,0.9184,2.1498,500.0,63.5994,0.0,0.0,257,588,533,829,171.8463
12,1.2016,2,661.3383,552.7554,6640.0,1690.0,122.3832,0.8317,1.5475,483.0,56.4898,0.2716,0.4272,588,915,533,829,171.8463
12,1.2016,3,1213.2157,642.4548,27287.0,5050.0,217.2494,0.9988,2.5174,631.0,39.9606,0.389,0.5601,915,1251,533,829,171.8463
12,1.2016,4,1409.1035,662.7905,112988.0,14602.0,437.0827,0.8551,1.1503,428.0,21.05,0.7194,0.8368,1251,1582,533,829,171.8463
12,1.6022,1,341.2533,649.3703,44883.0,6090.0,446.0536,0.9975,4.1641,433.0,49.7146,0.1199,0.2141,257,588,533,829,171.8463
12,1.6022,2,680.7043,567.8836,9565.0,1680.0,118.7544,0.7744,1.3078,519.0,58.318,0.2431,0.3911,588,915,533,829,171.8463
12,1.6022,3,1187.4573,624.3566,35139.0,6105.0,476.3758,0.9996,7.8483,429.0,31.3103,0.4857,0.6539,915,1251,533,829,171.8463
12,1.6022,4,1398.8987,665.0662,102264.0,11840.0,457.255,0.8117,1.379,428.0,18.9397,0.8303,0.9073,1251,1582,533,829,171.8463
12,2.0027,1,452.7743,672.8637,31143.0,23.0,330.1034,0.9976,2.4129,536.0,60.961,0.0961,0.1754,257,588,533,829,171.8463
12,2.0027,2,716.2498,581.7765,9323.0,1129.0,142.5472,0.9326,1.7901,501.0,69.178,0.2133,0.3517,588,915,533,829,171.8463
12,2.0027,3,1155.0983,561.1708,6539.0,1938.0,133.7876,0.9381,2.1136,494.0,69.1622,0.1054,0.1907,915,1251,533,829,171.8463
12,2.0027,4,1464.2001,668.4719,43845.0,10672.0,226.0235,0.1376,1.3323,660.0,54.4536,0.2758,0.4323,1251,1582,533,829,171.8463
12,2.4033,1,368.493,582.0833,14699.0,2676.0,207.7307,0.8199,2.0637,475.0,63.2732,0.0898,0.1648,257,588,533,829,171.8463
12,2.4033,2,728.7794,578.1854,10495.0,1474.0,146.6382,0.9935,1.6772,496.0,43.1733,0.5199,0.6841,588,915,533,829,171.8463
12,2.4033,3,1129.1972,553.691,8256.0,1835.0,162.7748,0.3806,2.7632,508.0,54.309,0.2287,0.3723,915,1251,533,829,171.8463
12,2.4033,4,1377.9379,550.7377,7407.0,1612.0,152.1133,0.2998,2.2361,504.0,69.1635,0.0703,0.1313,1251,1582,533,829,171.8463
12,2.8038,1,379.457,640.9621,14472.0,0.0,252.8394,0.567,3.4998,547.0,61.5286,0.2077,0.3439,257,588,533,829,171.8463
12,2.8038,2,736.307,582.5876,13719.0,2498.0,223.7026,0.8101,2.6877,477.0,47.638,0.4457,0.6166,588,915,533,829,171.8463
12,2.8038,3,1076.241,558.5646,12579.0,2313.0,203.4165,0.317,2.7014,504.0,64.5053,0.2865,0.4454,915,1251,533,829,171.8463
12,2.8038,4,1429.6104,544.9302,11461.0,3202.0,238.2105,0.3284,3.5028,481.0,63.5695,0.3244,0.4899,1251,1582,533,829,171.8463
12,3.2044,1,360.594,594.3375,12022.0,1506.0,218.1193,0.711,3.0786,498.0,50.7732,0.2851,0.4436,257,588,533,829,171.8463
12,3.2044,2,728.868,608.6638,14482.0,921.0,224.8281,0.6566,3.0082,533.0,49.6969,0.4281,0.5996,588,915,533,829,171.8463
12,3.2044,3,1050.6529,562.7006,12810.0,2240.0,215.8805,0.4612,2.7467,492.0,46.3123,0.4955,0.6626,915,1251,533,829,171.8463
12,3.2044,4,1468.5017,558.6257,12044.0,2608.0,213.7314,0.5235,2.729,478.0,67.8336,0.2531,0.4039,1251,1582,533,829,171.8463
12,3.6049,1,336.4732,604.8385,9411.0,1384.0,205.7517,0.935,3.7167,497.0,48.9528,0.2613,0.4143,257,588,533,829,171.8463
12,3.6049,2,726.1488,600.2677,12796.0,1603.0,235.5866,0.7097,3.6993,504.0,37.7941,0.5843,0.7376,588,915,533,829,171.8463
12,3.6049,3,1035.0651,570.4552,11720.0,1265.0,195.4833,0.4691,2.6614,511.0,49.5019,0.4469,0.6177,915,1251,533,829,171.8463
12,3.6049,4,1482.7999,582.0447,11643.0,1896.0,213.0939,0.7616,2.9061,487.0,65.0647,0.297,0.458,1251,1582,533,829,171.8463
12,4.0054,1,322.9568,608.34,6974.0,404.0,183.3176,0.9434,3.7226,518.0,30.321,0.5256,0.689,257,588,533,829,171.8463
12,4.0054,2,676.9721,569.0072,6235.0,844.0,101.2884,0.7517,1.8138,520.0,49.4773,0.2206,0.3614,588,915,533,829,171.8463
12,4.0054,3,1007.8451,564.4685,8463.0,1532.0,164.8483,0.5547,2.7668,497.0,42.1015,0.4696,0.6391,915,1251,533,829,171.8463
12,4.0054,4,1498.7353,594.3736,10903.0,2041.0,210.2302,0.9269,3.1957,483.0,42.9845,0.4851,0.6533,1251,1582,533,829,171.8463
12,4.406,1,343.7649,575.6401,9568.0,1740.0,173.2423,0.859,2.4081,486.0,48.3564,0.2128,0.3509,257,588,533,829,171.8463
12,4.406,2,707.8792,550.0434,10067.0,2197.0,210.1834,0.3173,3.1254,492.0,55.1849,0.2084,0.3449,588,915,533,829,171.8463
12,4.406,3,993.8747,553.158,5843.0,1252.0,85.3732,0.6087,1.0812,497.0,41.7668,0.4242,0.5957,915,1251,533,829,171.8463
12,4.406,4,1509.6562,585.0279,9593.0,1877.0,172.2813,0.9982,2.6344,490.0,40.7368,0.4639,0.6338,1251,1582,533,829,171.8463
12,4.8065,1,378.6321,596.1714,9532.0,296.0,197.7589,0.6812,3.1196,522.0,62.675,0.1548,0.2681,257,588,533,829,171.8463
12,4.8065,2,754.7427,567.9128,13222.0,2281.0,236.3942,0.4594,3.0489,484.0,74.2504,0.1697,0.2901,588,915,533,829,171.8463
12,4.8065,3,987.6404,552.6624,5122.0,972.0,88.3041,0.1094,1.624,521.0,39.3443,0.395,0.5663,915,1251,533,829,171.8463
12,4.8065,4,1496.0202,582.8912,9776.0,1339.0,164.3287,0.9071,2.2402,501.0,37.2526,0.3968,0.5681,1251,1582,533,829,171.8463
12,5.2071,1,437.5479,582.0674,13213.0,1885.0,235.9715,0.6526,3.2454,492.0,69.1688,0.1752,0.2982,257,588,533,829,171.8463
12,5.2071,2,767.3043,595.5976,12166.0,939.0,240.0417,0.5226,3.2492,505.0,68.3828,0.2746,0.4309,588,915,533,829,171.8463
12,5.2071,3,1016.5236,555.6993,9802.0,1843.0,158.3254,0.1603,2.1447,512.0,37.6034,0.3512,0.5198,915,1251,533,829,171.8463
12,5.2071,4,1452.337,556.9341,10302.0,2532.0,205.0832,0.5371,3.0338,484.0,49.4739,0.2476,0.397,1251,1582,533,829,171.8463
12,5.6076,1,457.04,602.7136,11037.0,366.0,217.9751,0.5846,3.6391,524.0,66.4232,0.2904,0.4501,257,588,533,829,171.8463
12,5.6076,2,789.7857,602.7628,11683.0,936.0,230.7868,0.6977,3.1869,502.0,50.5962,0.363,0.5326,588,915,533,829,171.8463
12,5.6076,3,1080.9277,550.6653,13329.0,2396.0,284.7563,0.1067,4.7435,506.0,47.8085,0.316,0.4802,915,1251,533,829,171.8463
12,5.6076,4,1403.1991,572.0948,12012.0,1703.0,235.1544,0.4463,3.4784,506.0,68.128,0.1629,0.2801,1251,1582,533,829,171.8463
12,6.0082,1,484.3664,576.9644,10223.0,1135.0,180.765,0.566,2.7179,502.0,48.4691,0.4581,0.6283,257,588,533,829,171.8463
12,6.0082,2,801.194,610.6103,11515.0,1305.0,210.6994,0.9078,3.2581,499.0,42.6813,0.4463,0.6172,588,915,533,829,171.8463
12,6.0082,3,1125.4778,560.6969,13815.0,2093.0,200.0588,0.2649,2.399,498.0,47.2151,0.4029,0.5744,915,1251,533,829,171.8463
12,6.0082,4,1363.3939,567.8399,8200.0,1174.0,179.5254,0.4788,3.0868,501.0,59.9254,0.3267,0.4925,1251,1582,533,829,171.8463
12,6.4087,1,489.7234,607.8834,10325.0,572.0,169.0641,0.6437,2.8238,542.0,64.2073,0.2115,0.3491,257,588,533,829,171.8463
12,6.4087,2,816.1222,611.5541,10671.0,1352.0,195.932,0.9903,2.9811,492.0,36.3514,0.4262,0.5977,588,915,533,829,171.8463
12,6.4087,3,1133.7967,570.6382,10378.0,1691.0,184.6269,0.5516,2.5402,498.0,43.0723,0.4039,0.5754,915,1251,533,829,171.8463
12,6.4087,4,1324.2127,563.443,5237.0,1502.0,76.1439,0.3337,1.6904,544.0,58.2727,0.2188,0.359,1251,1582,533,829,171.8463
12,6.8093,1,497.003,615.1766,10157.0,728.0,177.9179,0.7846,3.2,541.0,39.0636,0.4731,0.6423,257,588,533,829,171.8463
12,6.8093,2,813.5663,611.1221,11670.0,1070.0,190.8573,0.9562,2.7211,512.0,36.6986,0.3678,0.5378,588,915,533,829,171.8463
12,6.8093,3,1146.1758,563.0794,7704.0,1809.0,142.3217,0.9246,2.2298,484.0,35.459,0.4763,0.6453,915,1251,533,829,171.8463
12,6.8093,4,1333.0479,550.5863,8199.0,2616.0,165.0667,0.7757,2.2574,476.0,48.7915,0.261,0.414,1251,1582,533,829,171.8463
12,7.2098,1,510.1391,600.3503,10133.0,1068.0,155.6684,0.8129,2.3665,543.0,29.7487,0.6206,0.7659,257,588,533,829,171.8463
12,7.2098,2,785.9668,588.9894,11888.0,2068.0,229.0836,0.7942,3.5666,496.0,46.7972,0.3314,0.4978,588,915,533,829,171.8463
12,7.2098,3,1149.9375,569.6703,8693.0,1488.0,135.7352,0.8463,1.8956,497.0,42.6978,0.2293,0.3731,915,1251,533,829,171.8463
12,7.2098,4,1373.4212,576.0206,11072.0,1684.0,185.6406,0.7434,2.2096,484.0,78.531,0.0993,0.1806,1251,1582,533,829,171.8463
12,7.6103,1,507.6933,610.7781,12366.0,1072.0,201.4979,0.8048,3.059,543.0,28.5093,0.6403,0.7807,257,588,533,829,171.8463
12,7.6103,2,727.0373,585.2768,13579.0,2761.0,251.1559,0.7971,3.6936,475.0,71.7493,0.0933,0.1707,588,915,533,829,171.8463
12,7.6103,3,1125.1745,579.583,9436.0,1346.0,154.5917,0.8319,2.1497,507.0,45.8163,0.2775,0.4344,915,1251,533,829,171.8463
12,7.6103,4,1415.8388,593.2053,13424.0,1833.0,198.348,0.9296,2.3488,488.0,66.9562,0.2331,0.3781,1251,1582,533,829,171.8463
12,8.0109,1,498.002,626.562,14003.0,821.0,190.0997,0.8332,2.4407,542.0,24.3544,0.6903,0.8168,257,588,533,829,171.8463
12,8.0109,2,725.6963,633.8657,12432.0,401.0,241.1952,0.8286,3.5696,517.0,64.2676,0.2298,0.3738,588,915,533,829,171.8463
12,8.0109,3,1074.9053,563.5566,11228.0,2573.0,212.6881,0.6786,3.2019,479.0,57.2092,0.1971,0.3294,915,1251,533,829,171.8463
12,8.0109,4,1424.0311,598.509,14879.0,1958.0,236.7783,0.7947,2.4597,485.0,40.9099,0.5007,0.6673,1251,1582,533,829,171.8463
12,8.4114,1,491.3107,610.352,13682.0,1782.0,208.3453,0.9063,2.3612,484.0,31.9909,0.5507,0.7103,257,588,533,829,171.8463
12,8.4114,2,717.8994,628.2152,11466.0,344.0,203.4588,0.9992,2.7037,520.0,46.4117,0.3632,0.5328,588,915,533,829,171.8463
12,8.4114,3,1053.4302,595.4227,12128.0,1290.0,207.8284,0.7795,2.5274,494.0,64.1168,0.1961,0.328,915,1251,533,829,171.8463
12,8.4114,4,1417.3105,603.6631,16839.0,1980.0,215.2308,0.8706,2.0501,480.0,40.1437,0.4703,0.6397,1251,1582,533,829,171.8463
12,8.812,1,489.4488,627.7124,11337.0,330.0,202.3534,0.7407,3.0619,524.0,31.8226,0.5086,0.6743,257,588,533,829,171.8463
12,8.812,2,745.0364,585.5885,12464.0,2025.0,224.6254,0.7298,3.3122,498.0,59.9793,0.2773,0.4342,588,915,533,829,171.8463
12,8.812,3,1049.6784,625.6705,12800.0,763.0,196.5229,0.9368,2.4294,517.0,49.0772,0.3686,0.5387,915,1251,533,829,171.8463
12,8.812,4,1417.1514,634.642,17734.0,287.0,217.7406,0.8614,1.9547,525.0,46.2609,0.4015,0.5729,1251,1582,533,829,171.8463
12,9.2125,1,513.8039,578.2511,5600.0,1257.0,80.395,0.8837,1.7508,548.0,40.0446,0.2942,0.4546,257,588,533,829,171.8463
12,9.2125,2,774.8935,587.6086,12502.0,1406.0,248.9398,0.5785,3.9415,509.0,68.1603,0.2944,0.4549,588,915,533,829,171.8463
12,9.2125,3,1046.1656,576.4992,9000.0,1892.0,177.0386,0.866,2.7427,497.0,47.9139,0.2722,0.428,915,1251,533,829,171.8463
12,9.2125,4,1436.6723,567.3938,13465.0,3099.0,228.5976,0.6997,2.722,474.0,57.3992,0.1984,0.3311,1251,1582,533,829,171.8463
12,9.6131,1,517.6731,577.3297,5571.0,970.0,133.0206,0.9982,2.758,504.0,34.3817,0.4173,0.5888,257,588,533,829,171.8463
12,9.6131,2,821.4766,581.1851,9343.0,1417.0,185.3338,0.688,2.7719,493.0,71.8875,0.2525,0.4032,588,915,533,829,171.8463
12,9.6131,3,1099.9631,568.514,11472.0,1575.0,231.4785,0.4191,3.5246,508.0,65.8818,0.1892,0.3182,915,1251,533,829,171.8463
12,9.6131,4,1480.478,578.3837,14189.0,2883.0,218.6804,0.7832,2.2074,469.0,66.9345,0.1436,0.2512,1251,1582,533,829,171.8463
12,10.0136,1,487.9314,608.4939,10309.0,858.0,222.8443,0.8361,3.8619,503.0,55.8332,0.2952,0.4558,257,588,533,829,171.8463
12,10.0136,2,844.6464,593.3141,8185.0,985.0,136.8895,0.8189,2.3082,527.0,58.0868,0.2907,0.4505,588,915,533,829,171.8463
12,10.0136,3,1135.7274,570.4017,9518.0,1321.0,177.9582,0.4793,2.7208,506.0,60.4331,0.3453,0.5134,915,1251,533,829,171.8463
12,10.0136,4,1499.1121,610.2982,10504.0,899.0,193.6089,0.8549,2.8271,503.0,48.267,0.306,0.4686,1251,1582,533,829,171.8463
12,10.4142,1,467.6575,616.7429,12184.0,927.0,215.1774,0.8623,3.1791,507.0,35.4027,0.5269,0.6902,257,588,533,829,171.8463
12,10.4142,2,832.1951,593.6582,10668.0,1017.0,141.1111,0.9651,1.7836,528.0,57.3782,0.3415,0.5091,588,915,533,829,171.8463
12,10.4142,3,1152.8386,563.2856,8611.0,1794.0,134.7041,0.7008,1.7617,493.0,38.8204,0.5515,0.7109,915,1251,533,829,171.8463
12,10.4142,4,1518.9537,577.7439,10562.0,2527.0,199.1362,0.9622,2.6732,466.0,35.2525,0.5137,0.6787,1251,1582,533,829,171.8463
12,10.8147,1,492.3022,600.9503,12044.0,1420.0,213.9905,0.8117,2.8776,498.0,34.1593,0.5453,0.7057,257,588,533,829,171.8463
12,10.8147,2,805.9013,578.386,8817.0,1061.0,132.4541,0.9353,1.6523,501.0,69.7888,0.3021,0.464,588,915,533,829,171.8463
12,10.8147,3,1155.4406,571.713,8236.0,1439.0,98.7961,0.4542,1.5314,528.0,46.3315,0.3788,0.5494,915,1251,533,829,171.8463
12,10.8147,4,1504.9849,615.1404,11585.0,1126.0,218.8918,0.9109,3.1242,499.0,43.6384,0.4473,0.6181,1251,1582,533,829,171.8463
12,11.2152,1,512.8347,615.0337,12701.0,1712.0,146.9388,0.9079,1.9316,543.0,63.1986,0.2427,0.3906,257,588,533,829,171.8463
12,11.2152,2,782.3172,603.9023,10856.0,555.0,163.8393,0.9777,2.0672,513.0,57.5933,0.3918,0.563,588,915,533,829,171.8463
12,11.2152,3,1143.0592,577.0144,10498.0,1481.0,137.1339,0.9089,1.5128,488.0,51.506,0.378,0.5486,915,1251,533,829,171.8463
12,11.2152,4,1505.1006,603.8709,11432.0,1553.0,191.1547,0.9613,2.6063,499.0,41.3066,0.5053,0.6713,1251,1582,533,829,171.8463
12,11.6158,1,527.5688,655.968,11868.0,0.0,192.8728,0.9499,2.6761,541.0,45.0986,0.3729,0.5432,257,588,533,829,171.8463
12,11.6158,2,767.0754,611.1178,12026.0,726.0,165.8909,0.9938,1.9541,508.0,36.4552,0.5093,0.6749,588,915,533,829,171.8463
12,11.6158,3,1129.2623,591.1178,11508.0,1110.0,155.8584,0.8936,1.7266,500.0,47.997,0.3988,0.5702,915,1251,533,829,171.8463
12,11.6158,4,1504.1364,559.1831,8510.0,2260.0,109.9727,0.5927,1.5002,521.0,57.6158,0.3823,0.5531,1251,1582,533,829,171.8463
12,12.0163,1,513.0488,611.7224,14142.0,1249.0,166.8975,0.8976,1.9,543.0,55.0874,0.3202,0.485,257,588,533,829,171.8463
12,12.0163,2,757.0699,599.5577,12248.0,1371.0,177.1285,0.9839,2.2623,488.0,40.777,0.5458,0.7062,588,915,533,829,171.8463
12,12.0163,3,1107.0116,586.5102,12238.0,1596.0,207.8042,0.6539,3.0025,505.0,43.5464,0.3661,0.536,915,1251,533,829,171.8463
12,12.0163,4,1498.0252,588.7691,13307.0,1781.0,197.7643,0.8676,2.2618,487.0,56.9651,0.3255,0.4911,1251,1582,533,829,171.8463
12,12.4169,1,498.9283,611.9694,16078.0,1424.0,192.9723,0.991,1.7237,489.0,36.1475,0.52,0.6842,257,588,533,829,171.8463
12,12.4169,2,753.764,630.0189,13454.0,340.0,198.0474,0.9934,2.3891,520.0,40.5007,0.5924,0.7441,588,915,533,829,171.8463
12,12.4169,3,1036.8892,568.3805,13037.0,2124.0,229.567,0.4045,3.0652,492.0,61.1028,0.1821,0.3081,915,1251,533,829,171.8463
12,12.4169,4,1480.8679,606.2884,15210.0,1176.0,191.1132,0.7568,2.1229,522.0,52.66,0.4065,0.578,1251,1582,533,829,171.8463
12,12.8174,1,474.7703,638.6739,16672.0,281.0,205.0866,0.9378,2.133,521.0,53.7175,0.3066,0.4693,257,588,533,829,171.8463
12,12.8174,2,743.4043,610.3972,14470.0,1405.0,222.7498,0.7979,2.9142,496.0,45.8114,0.4458,0.6167,588,915,533,829,171.8463
12,12.8174,3,1013.2653,577.3028,10171.0,1237.0,151.0836,0.3273,2.3129,527.0,47.1646,0.3516,0.5203,915,1251,533,829,171.8463
12,12.8174,4,1442.5873,613.9766,15657.0,1463.0,209.7627,0.9012,2.3519,491.0,58.7714,0.3166,0.481,1251,1582,533,829,171.8463
12,13.218,1,441.4613,590.3762,15405.0,3208.0,206.6458,0.9874,2.2313,460.0,51.8676,0.3766,0.5471,257,588,533,829,171.8463
12,13.218,2,703.918,597.2513,15438.0,1850.0,223.829,0.6525,2.9165,529.0,58.7853,0.2631,0.4166,588,915,533,829,171.8463
12,13.218,3,1004.3148,586.4827,9127.0,1556.0,143.1868,0.7524,2.5469,530.0,40.1603,0.3505,0.519,915,1251,533,829,171.8463
12,13.218,4,1402.4832,591.47,13580.0,2206.0,233.7141,0.6325,3.3074,496.0,56.7933,0.2031,0.3376,1251,1582,533,829,171.8463
12,13.6185,1,422.8118,635.4905,17723.0,296.0,203.0936,1.0,1.9498,519.0,50.5723,0.3568,0.526,257,588,533,829,171.8463
12,13.6185,2,709.9824,638.919,15853.0,0.0,279.8546,0.6782,4.0897,533.0,56.4935,0.3674,0.5373,588,915,533,829,171.8463
12,13.6185,3,1005.6043,607.2224,9756.0,1289.0,172.0688,0.8718,3.0986,528.0,33.1792,0.4448,0.6157,915,1251,533,829,171.8463
12,13.6185,4,1357.0788,584.2503,8177.0,1614.0,128.5734,0.4479,2.7931,546.0,59.3052,0.0688,0.1288,1251,1582,533,829,171.8463
12,14.0191,1,423.2829,608.7324,16443.0,2057.0,222.4626,0.8318,2.4509,485.0,44.1083,0.363,0.5327,257,588,533,829,171.8463
12,14.0191,2,687.8753,607.1726,15114.0,2135.0,225.2138,0.9054,2.5697,476.0,44.1019,0.4603,0.6304,588,915,533,829,171.8463
12,14.0191,3,1016.1561,628.0296,10050.0,400.0,197.1927,0.8718,3.5698,517.0,33.2867,0.4856,0.6537,915,1251,533,829,171.8463
12,14.0191,4,1349.7647,655.2253,6501.0,0.0,117.8942,0.8981,2.4031,580.0,45.3463,0.0434,0.0831,1251,1582,533,829,171.8463
12,14.4196,1,458.9283,602.0557,15181.0,1733.0,228.2222,0.7327,2.4344,488.0,51.1327,0.2898,0.4494,257,588,533,829,171.8463
12,14.4196,2,661.7765,619.2906,15232.0,1778.0,211.8588,0.8959,2.9056,531.0,51.3207,0.3374,0.5045,588,915,533,829,171.8463
12,14.4196,3,985.1277,583.8491,8799.0,2007.0,179.1311,0.9705,2.5291,482.0,39.8071,0.411,0.5825,915,1251,533,829,171.8463
12,14.4196,4,1307.495,597.8186,6863.0,1574.0,113.3334,0.9477,2.2637,560.0,31.2264,0.3804,0.5512,1251,1582,533,829,171.8463
12,14.8201,1,488.6037,617.2039,13262.0,1184.0,191.6168,0.6901,2.9938,538.0,48.9585,0.2198,0.3604,257,588,533,829,171.8463
12,14.8201,2,664.4633,661.9744,14271.0,33.0,258.9247,0.8751,3.7386,534.0,44.7623,0.4263,0.5978,588,915,533,829,171.8463
12,14.8201,3,977.2743,590.209,8148.0,1439.0,115.8092,0.95,1.8626,532.0,44.1131,0.3977,0.5691,915,1251,533,829,171.8463
12,14.8201,4,1311.6559,582.3403,8020.0,2391.0,139.1546,0.971,2.8007,521.0,36.7004,0.5299,0.6927,1251,1582,533,829,171.8463
12,15.2207,1,527.9318,601.8728,9957.0,1897.0,150.796,0.897,2.831,543.0,48.5345,0.2825,0.4405,257,588,533,829,171.8463
12,15.2207,2,652.0176,594.5965,13053.0,2974.0,148.2364,0.9099,1.9322,527.0,53.1267,0.3608,0.5303,588,915,533,829,171.8463
12,15.2207,3,981.038,609.715,10620.0,327.0,152.5911,0.9865,1.8842,532.0,48.2338,0.4067,0.5782,915,1251,533,829,171.8463
12,15.2207,4,1314.995,608.363,7989.0,1372.0,154.0928,0.9631,2.9377,535.0,33.6624,0.5912,0.7431,1251,1582,533,829,171.8463
12,15.6212,1,525.8928,639.7357,9751.0,446.0,173.9181,0.8882,3.6635,549.0,33.9277,0.4525,0.6231,257,588,533,829,171.8463
12,15.6212,2,643.2433,621.3447,14872.0,862.0,183.192,0.9969,2.1631,533.0,49.1873,0.3874,0.5585,588,915,533,829,171.8463
12,15.6212,3,995.4129,599.8567,10650.0,1443.0,181.2634,0.8548,2.5802,502.0,46.8066,0.3932,0.5645,915,1251,533,829,171.8463
12,15.6212,4,1321.6221,647.9339,7214.0,5.0,136.9422,0.9488,2.5602,550.0,28.5642,0.5349,0.697,1251,1582,533,829,171.8463
12,16.0218,1,534.0297,596.3493,7266.0,1407.0,197.1418,0.9827,4.3787,491.0,39.4192,0.364,0.5337,257,588,533,829,171.8463
12,16.0218,2,673.3111,598.9824,13864.0,1363.0,207.0899,0.8545,2.4182,499.0,56.0698,0.3256,0.4913,588,915,533,829,171.8463
12,16.0218,3,978.5262,557.846,4124.0,846.0,97.0891,0.8776,2.0533,518.0,42.3268,0.3433,0.5112,915,1251,533,829,171.8463
12,16.0218,4,1316.0194,564.2077,5210.0,1457.0,108.6967,0.7893,2.5466,539.0,47.0802,0.1321,0.2334,1251,1582,533,829,171.8463
12,16.4223,1,523.9815,594.779,7610.0,1330.0,217.593,0.915,4.5574,494.0,36.6757,0.4839,0.6522,257,588,533,829,171.8463
12,16.4223,2,739.3925,576.5932,14707.0,2915.0,230.3672,0.7517,2.6049,465.0,70.9688,0.1525,0.2647,588,915,533,829,171.8463
12,16.4223,3,1030.4823,553.1535,9136.0,1858.0,176.5403,0.3637,2.5624,499.0,56.5693,0.18,0.3051,915,1251,533,829,171.8463
12,16.4223,4,1321.1675,562.9475,5583.0,1721.0,116.6886,0.9834,2.87,521.0,31.9733,0.4013,0.5728,1251,1582,533,829,171.8463
12,16.8229,1,502.6304,633.1307,10529.0,566.0,199.1938,0.8018,3.7344,539.0,36.0448,0.5274,0.6906,257,588,533,829,171.8463
12,16.8229,2,763.4314,619.9908,16327.0,775.0,269.7054,0.6671,3.6438,513.0,69.7649,0.1243,0.221,588,915,533,829,171.8463
12,16.8229,3,1074.4713,569.4841,11497.0,912.0,198.5487,0.249,2.6136,515.0,59.2384,0.2733,0.4293,915,1251,533,829,171.8463
12,16.8229,4,1337.1293,588.9874,8322.0,1629.0,178.6527,0.9615,3.5034,498.0,35.794,0.4414,0.6124,1251,1582,533,829,171.8463
12,17.2234,1,512.7139,612.6662,10258.0,1020.0,184.3753,0.7934,3.3635,537.0,23.7586,0.7036,0.826,257,588,533,829,171.8463
12,17.2234,2,775.5351,608.5607,13038.0,1515.0,251.4188,0.7313,3.9775,504.0,35.5767,0.5519,0.7113,588,915,533,829,171.8463
12,17.2234,3,1096.6097,566.8834,10972.0,1227.0,196.0053,0.3433,2.9296,507.0,40.8403,0.5045,0.6706,915,1251,533,829,171.8463
12,17.2234,4,1346.485,601.4983,9645.0,1606.0,236.9111,0.8857,4.7047,495.0,37.669,0.5252,0.6887,1251,1582,533,829,171.8463
12,17.624,1,506.9909,640.4323,10629.0,495.0,192.2111,0.8499,3.5323,541.0,38.8677,0.4994,0.6662,257,588,533,829,171.8463
12,17.624,2,788.4609,592.921,11049.0,636.0,195.0518,0.4157,3.1316,516.0,45.8065,0.3038,0.4661,588,915,533,829,171.8463
12,17.624,3,1113.052,560.6886,10229.0,2817.0,182.0464,0.7474,2.4682,473.0,53.4191,0.4325,0.6038,915,1251,533,829,171.8463
12,17.624,4,1337.4482,596.2939,8689.0,1434.0,137.3785,0.7839,2.3316,533.0,47.9266,0.3751,0.5455,1251,1582,533,829,171.8463
12,18.0245,1,518.0746,629.7173,9307.0,575.0,188.4735,0.8819,3.6823,542.0,22.7603,0.6544,0.7911,257,588,533,829,171.8463
12,18.0245,2,801.5954,578.9973,10177.0,1226.0,194.8124,0.5524,3.1253,504.0,27.4778,0.5975,0.748,588,915,533,829,171.8463
12,18.0245,3,1114.2874,601.6559,9840.0,779.0,158.68,0.8868,2.1084,514.0,46.9258,0.2653,0.4194,915,1251,533,829,171.8463
12,18.0245,4,1318.9234,630.1181,3184.0,0.0,64.5785,0.8389,1.7291,588.0,56.1656,0.0929,0.17,1251,1582,533,829,171.8463
12,18.425,1,520.47,610.5378,9355.0,1133.0,169.7198,0.8018,3.3245,542.0,28.0034,0.5635,0.7208,257,588,533,829,171.8463
12,18.425,2,810.3846,580.9009,10084.0,864.0,217.2705,0.5028,3.4311,513.0,31.8747,0.6659,0.7995,588,915,533,829,171.8463
12,18.425,3,1132.569,579.2776,9193.0,1424.0,153.9958,0.9251,2.1179,501.0,39.9895,0.3705,0.5406,915,1251,533,829,171.8463
12,18.425,4,1315.2165,631.5759,6659.0,766.0,134.0511,0.9642,2.934,565.0,38.2418,0.2821,0.4401,1251,1582,533,829,171.8463
12,18.8256,1,513.035,639.6778,10585.0,463.0,195.9677,0.8818,3.6442,543.0,30.6197,0.5369,0.6987,257,588,533,829,171.8463
12,18.8256,2,784.7744,589.4747,12152.0,1153.0,235.8291,0.5503,3.9892,510.0,32.3044,0.6187,0.7644,588,915,533,829,171.8463
12,18.8256,3,1084.0921,554.45,10988.0,2690.0,188.5557,0.6028,2.4575,474.0,53.9975,0.2903,0.4499,915,1251,533,829,171.8463
12,18.8256,4,1311.4757,595.8199,7562.0,2057.0,112.9453,0.9438,2.4123,550.0,38.9768,0.4438,0.6147,1251,1582,533,829,171.8463
12,19.2261,1,516.4697,632.0557,8800.0,0.0,175.2566,0.8359,3.0572,542.0,25.8398,0.6607,0.7957,257,588,533,829,171.8463
12,19.2261,2,808.1015,576.7028,10614.0,1107.0,194.389,0.4861,2.8857,511.0,30.3067,0.6436,0.7832,588,915,533,829,171.8463
12,19.2261,3,1072.6797,585.3442,12119.0,1496.0,210.0489,0.663,2.6482,493.0,64.5316,0.2842,0.4425,915,1251,533,829,171.8463
12,19.2261,4,1326.5645,628.1877,8936.0,1225.0,146.8906,0.9524,2.5393,545.0,31.9807,0.4591,0.6293,1251,1582,533,829,171.8463
12,19.6267,1,527.633,596.3449,8521.0,311.0,110.8235,0.9022,1.4179,542.0,44.657,0.3993,0.5708,257,588,533,829,171.8463
12,19.6267,2,813.2959,581.8619,11387.0,1778.0,213.4815,0.6619,2.7557,484.0,42.1842,0.5311,0.6938,588,915,533,829,171.8463
12,19.6267,3,1068.5813,608.5648,11707.0,682.0,201.0129,0.7502,2.6126,505.0,53.3733,0.4239,0.5954,915,1251,533,829,171.8463
12,19.6267,4,1317.8874,601.7186,6244.0,593.0,133.9493,0.9494,2.6456,541.0,33.665,0.3461,0.5142,1251,1582,533,829,171.8463
12,20.0272,1,513.1009,583.0928,9435.0,684.0,168.9765,0.4892,2.2322,518.0,38.6678,0.4607,0.6308,257,588,533,829,171.8463
12,20.0272,2,818.2111,607.9171,12059.0,1511.0,205.8021,0.6976,3.4807,530.0,61.2308,0.3295,0.4957,588,915,533,829,171.8463
12,20.0272,3,1043.1021,574.5047,8979.0,1896.0,172.2169,0.9968,2.4214,486.0,48.9113,0.3554,0.5244,915,1251,533,829,171.8463
12,20.0272,4,1321.4639,543.9543,4613.0,1785.0,74.6155,0.8298,1.668,537.0,40.8905,0.1853,0.3126,1251,1582,533,829,171.8463
12,20.4278,1,472.5155,566.094,11714.0,501.0,230.1519,0.1436,3.5128,523.0,37.1623,0.4183,0.5899,257,588,533,829,171.8463
12,20.4278,2,824.6744,622.6246,13485.0,897.0,216.029,0.8217,3.1964,531.0,39.9603,0.5139,0.6789,588,915,533,829,171.8463
12,20.4278,3,1048.5413,591.2338,10113.0,1551.0,187.4498,0.9231,2.9386,491.0,42.2295,0.401,0.5725,915,1251,533,829,171.8463
12,20.4278,4,1333.9766,603.6804,8961.0,1263.0,179.1346,0.9962,3.4758,490.0,37.5152,0.3052,0.4677,1251,1582,533,829,171.8463
12,20.8283,1,423.4149,568.4901,14657.0,415.0,277.9163,0.0693,4.1021,524.0,35.3161,0.517,0.6816,257,588,533,829,171.8463
12,20.8283,2,842.6846,602.4761,14035.0,2411.0,220.527,0.9875,2.4804,471.0,40.7729,0.5419,0.7029,588,915,533,829,171.8463
12,20.8283,3,1055.5093,615.874,10683.0,561.0,182.0446,0.9563,2.3516,516.0,42.8042,0.3984,0.5698,915,1251,533,829,171.8463
12,20.8283,4,1347.9834,576.6522,8875.0,1868.0,183.368,0.9099,2.963,493.0,35.5874,0.307,0.4698,1251,1582,533,829,171.8463
12,21.2289,1,404.4676,578.1297,15461.0,882.0,242.3996,0.2485,2.8069,511.0,38.8613,0.5024,0.6688,257,588,533,829,171.8463
12,21.2289,2,852.4851,641.7784,13609.0,58.0,191.0209,0.9736,2.1855,531.0,41.3459,0.4531,0.6236,588,915,533,829,171.8463
12,21.2289,3,1069.6371,574.9611,11316.0,2927.0,207.3966,0.9582,3.016,472.0,43.9469,0.4068,0.5783,915,1251,533,829,171.8463
12,21.2289,4,1381.1188,562.3834,10686.0,2989.0,203.1677,0.8524,2.7893,467.0,43.6131,0.3267,0.4925,1251,1582,533,829,171.8463
12,21.6294,1,392.8278,600.9487,15508.0,522.0,230.8033,0.4933,2.4056,512.0,49.0761,0.4078,0.5794,257,588,533,829,171.8463
12,21.6294,2,860.3934,604.776,12934.0,753.0,188.6495,0.9771,2.0971,525.0,41.3861,0.533,0.6954,588,915,533,829,171.8463
12,21.6294,3,1079.7732,628.3025,13396.0,1128.0,239.2584,0.9334,3.4157,498.0,43.9078,0.4418,0.6128,915,1251,533,829,171.8463
12,21.6294,4,1403.0501,604.7601,10769.0,1331.0,229.968,0.8619,3.753,502.0,65.3141,0.1215,0.2166,1251,1582,533,829,171.8463
12,22.0299,1,385.7427,626.45,16100.0,539.0,186.5762,0.8587,1.9976,544.0,46.6307,0.4109,0.5824,257,588,533,829,171.8463
12,22.0299,2,798.5389,574.0578,12926.0,1505.0,251.4627,0.4431,3.7184,508.0,66.5672,0.2462,0.3951,588,915,533,829,171.8463
12,22.0299,3,1079.6665,647.2642,11733.0,90.0,209.1109,0.9772,2.9659,532.0,41.4618,0.4871,0.6551,915,1251,533,829,171.8463
12,22.0299,4,1423.3134,570.8854,11572.0,2547.0,208.2112,0.5859,3.1706,497.0,51.6594,0.3554,0.5244,1251,1582,533,829,171.8463
12,22.4305,1,380.1769,619.0632,16453.0,1096.0,195.8633,0.9569,1.7783,497.0,21.9916,0.7115,0.8314,257,588,533,829,171.8463
12,22.4305,2,732.9441,578.7236,15888.0,1073.0,287.0808,0.2332,3.9682,510.0,64.1111,0.215,0.3539,588,915,533,829,171.8463
12,22.4305,3,1092.227,586.6799,12993.0,2825.0,211.2767,0.9315,2.8385,475.0,53.4594,0.2863,0.4451,915,1251,533,829,171.8463
12,22.4305,4,1473.6044,560.0298,11210.0,2325.0,198.4741,0.4423,2.6268,487.0,58.6971,0.2828,0.4409,1251,1582,533,829,171.8463
12,22.831,1,382.8067,622.8844,15781.0,892.0,192.9627,0.9334,1.9855,501.0,39.1969,0.4699,0.6394,257,588,533,829,171.8463
12,22.831,2,700.4639,590.0658,14428.0,1791.0,237.5624,0.4633,3.6075,530.0,59.5823,0.2708,0.4262,588,915,533,829,171.8463
12,22.831,3,1122.6262,577.4727,11518.0,1506.0,208.6096,0.5503,3.2651,506.0,58.664,0.2399,0.387,915,1251,533,829,171.8463
12,22.831,4,1497.1897,590.145,11963.0,1969.0,183.2451,0.6538,2.6989,524.0,65.9403,0.2303,0.3744,1251,1582,533,829,171.8463
12,23.2316,1,397.5934,632.1072,16341.0,94.0,212.9661,0.7877,2.2999,529.0,52.3154,0.3186,0.4833,257,588,533,829,171.8463
12,23.2316,2,692.6874,619.0628,13657.0,1077.0,239.516,0.664,3.7128,530.0,51.9087,0.3159,0.4801,588,915,533,829,171.8463
12,23.2316,3,1159.8062,571.927,7344.0,1130.0,108.8809,0.6895,1.4634,505.0,59.5256,0.3311,0.4975,915,1251,533,829,171.8463
12,23.2316,4,1497.7512,614.5483,13410.0,1413.0,191.8711,0.8418,2.6602,524.0,40.6561,0.5042,0.6704,1251,1582,533,829,171.8463
12,23.6321,1,388.9181,592.8993,15554.0,1946.0,216.5727,0.6333,2.184,485.0,41.4588,0.4339,0.6052,257,588,533,829,171.8463
12,23.6321,2,675.528,621.3906,12617.0,1352.0,224.0148,0.798,3.5507,531.0,35.8624,0.5167,0.6814,588,915,533,829,171.8463
12,23.6321,3,1169.2058,560.5625,6740.0,1509.0,82.3868,0.3682,1.0995,526.0,43.1988,0.4405,0.6116,915,1251,533,829,171.8463
12,23.6321,4,1510.5785,599.2355,15135.0,1931.0,164.6717,0.9993,1.591,514.0,44.5791,0.4275,0.5989,1251,1582,533,829,171.8463
12,24.0327,1,358.6453,612.5533,14176.0,967.0,198.6374,0.5646,2.7394,546.0,53.9909,0.2289,0.3725,257,588,533,829,171.8463
12,24.0327,2,650.3887,620.1521,11272.0,1502.0,199.8486,0.8916,3.2487,532.0,45.1126,0.4014,0.5728,588,915,533,829,171.8463
12,24.0327,3,1142.5001,573.9417,10504.0,1644.0,161.2226,0.8978,1.6941,485.0,73.5178,0.2252,0.3677,915,1251,533,829,171.8463
12,24.0327,4,1455.589,568.9165,11814.0,2288.0,201.3395,0.6358,2.7318,483.0,66.2992,0.1947,0.3259,1251,1582,533,829,171.8463
12,24.4332,1,345.3369,627.3398,12694.0,380.0,182.1043,0.7797,2.2398,522.0,30.9521,0.4873,0.6553,257,588,533,829,171.8463
12,24.4332,2,651.0445,646.1025,12038.0,929.0,218.0273,0.9311,3.5497,531.0,34.4323,0.5456,0.706,588,915,533,829,171.8463
12,24.4332,3,1109.7135,603.8198,11466.0,830.0,179.2491,0.9882,1.9882,505.0,69.8545,0.2544,0.4056,915,1251,533,829,171.8463
12,24.4332,4,1409.8881,577.8779,13230.0,1741.0,269.5833,0.4906,4.0825,501.0,64.558,0.2212,0.3622,1251,1582,533,829,171.8463
12,24.8338,1,347.2883,600.9558,7833.0,218.0,94.4952,0.7035,1.4158,548.0,34.4849,0.3714,0.5416,257,588,533,829,171.8463
12,24.8338,2,643.1776,610.8876,10879.0,1463.0,185.0997,0.9591,2.8952,518.0,38.6185,0.5049,0.671,588,915,533,829,171.8463
12,24.8338,3,1089.6141,593.2993,11545.0,1308.0,177.4461,0.9042,2.2333,500.0,41.1179,0.4463,0.6172,915,1251,533,829,171.8463
12,24.8338,4,1368.743,572.7519,10362.0,1814.0,196.6414,0.5557,2.6242,486.0,54.7883,0.3406,0.5081,1251,1582,533,829,171.8463
12,25.2343,1,332.1969,563.7454,5099.0,700.0,98.6325,0.9992,1.466,510.0,32.8968,0.3439,0.5118,257,588,533,829,171.8463
12,25.2343,2,653.4065,596.0956,11241.0,906.0,150.8803,0.9783,1.7789,531.0,50.2282,0.3877,0.5588,588,915,533,829,171.8463
12,25.2343,3,1052.7892,583.2553,14652.0,2494.0,214.5336,0.7597,2.3438,475.0,52.8262,0.2648,0.4188,915,1251,533,829,171.8463
12,25.2343,4,1338.0507,598.1243,10326.0,1637.0,155.8697,0.7823,2.3611,527.0,49.6123,0.2463,0.3953,1251,1582,533,829,171.8463
12,25.6348,1,351.5553,590.2177,8641.0,462.0,133.4257,0.8583,1.7857,516.0,46.0334,0.2658,0.4199,257,588,533,829,171.8463
12,25.6348,2,691.0606,578.1087,11230.0,1132.0,203.9814,0.5771,2.9053,510.0,54.7818,0.3357,0.5027,588,915,533,829,171.8463
12,25.6348,3,1048.8038,622.8335,14745.0,211.0,241.8314,0.6139,3.4954,534.0,56.1237,0.2807,0.4383,915,1251,533,829,171.8463
12,25.6348,4,1335.711,630.5024,9845.0,644.0,156.9604,0.8709,2.4411,539.0,43.2147,0.3773,0.5479,1251,1582,533,829,171.8463
12,26.0354,1,361.2169,595.3866,8229.0,91.0,115.9439,0.7195,1.5531,528.0,32.7638,0.4941,0.6614,257,588,533,829,171.8463
12,26.0354,2,724.5762,578.0747,13774.0,1510.0,258.5909,0.4187,3.9542,505.0,47.8875,0.4183,0.5899,588,915,533,829,171.8463
12,26.0354,3,1034.9341,603.8247,12161.0,1373.0,211.17,0.7695,3.1736,502.0,40.5187,0.4488,0.6196,915,1251,533,829,171.8463
12,26.0354,4,1314.4412,590.3935,7133.0,1446.0,122.2636,0.8657,2.1785,545.0,34.2365,0.519,0.6834,1251,1582,533,829,171.8463
12,26.4359,1,385.9301,586.0236,9917.0,901.0,142.17,0.7504,1.7203,511.0,44.7342,0.2896,0.4491,257,588,533,829,171.8463
12,26.4359,2,774.945,573.0938,14566.0,1276.0,260.3049,0.3071,3.5904,509.0,47.489,0.4099,0.5814,588,915,533,829,171.8463
12,26.4359,3,1016.6232,586.2059,11854.0,1566.0,180.3206,0.7175,2.4448,505.0,32.1512,0.5124,0.6776,915,1251,533,829,171.8463
12,26.4359,4,1328.8671,643.7088,6720.0,0.0,124.8766,0.9067,2.2718,559.0,28.3606,0.4237,0.5953,1251,1582,533,829,171.8463
12,26.8365,1,409.7628,578.3776,9034.0,1176.0,166.3525,0.7087,2.4349,502.0,32.1217,0.5116,0.6769,257,588,533,829,171.8463
12,26.8365,2,784.9712,579.6457,14227.0,1997.0,234.6194,0.5435,2.7275,485.0,47.3104,0.4689,0.6384,588,915,533,829,171.8463
12,26.8365,3,1013.2899,589.1966,10680.0,1751.0,204.0714,0.7318,3.1793,495.0,30.9661,0.5968,0.7475,915,1251,533,829,171.8463
12,26.8365,4,1310.8804,590.2934,7477.0,1244.0,150.077,0.9871,2.837,526.0,35.6087,0.4493,0.62,1251,1582,533,829,171.8463
12,27.237,1,408.4371,596.1562,9986.0,911.0,178.494,0.8642,2.3964,502.0,36.6665,0.5069,0.6728,257,588,533,829,171.8463
12,27.237,2,784.923,608.9448,14383.0,478.0,268.2713,0.4881,4.1106,530.0,57.5497,0.3347,0.5015,588,915,533,829,171.8463
12,27.237,3,1001.7541,596.1707,9941.0,1072.0,158.1832,0.8589,2.487,508.0,41.0332,0.3736,0.544,915,1251,533,829,171.8463
12,27.237,4,1313.1896,569.3103,7726.0,2202.0,126.8538,0.9981,2.3057,520.0,38.1085,0.5868,0.7396,1251,1582,533,829,171.8463
12,27.6376,1,403.3116,614.5512,9250.0,230.0,154.4575,0.9948,2.0063,522.0,38.1856,0.514,0.679,257,588,533,829,171.8463
12,27.6376,2,793.6206,614.3259,13826.0,876.0,239.9761,0.6825,3.7212,531.0,43.5011,0.4855,0.6537,588,915,533,829,171.8463
12,27.6376,3,993.8735,611.9754,9619.0,1081.0,198.7096,0.9132,3.514,499.0,35.2014,0.4311,0.6025,915,1251,533,829,171.8463
12,27.6376,4,1326.259,619.7696,10554.0,1099.0,174.1324,0.9608,2.7672,527.0,45.399,0.4716,0.6409,1251,1582,533,829,171.8463
12,28.0381,1,403.4473,599.2506,9504.0,852.0,157.9103,0.9995,2.1654,507.0,26.514,0.6362,0.7776,257,588,533,829,171.8463
12,28.0381,2,811.6066,609.3737,13330.0,1101.0,224.084,0.7551,3.1097,509.0,31.3671,0.6018,0.7514,588,915,533,829,171.8463
12,28.0381,3,989.9524,620.1761,8928.0,581.0,203.8142,0.9092,4.0533,517.0,29.3965,0.5437,0.7044,915,1251,533,829,171.8463
12,28.0381,4,1316.5454,610.3708,10567.0,332.0,190.2278,0.9995,2.5774,526.0,33.7815,0.5735,0.7289,1251,1582,533,829,171.8463
12,28.4387,1,402.7447,609.7247,9521.0,198.0,150.6054,0.9594,2.0708,523.0,31.1462,0.6093,0.7572,257,588,533,829,171.8463
12,28.4387,2,815.3905,602.3792,11381.0,1214.0,207.9085,0.7449,3.2209,508.0,25.9894,0.7614,0.8646,588,915,533,829,171.8463
12,28.4387,3,982.5739,597.6436,8107.0,1073.0,165.0992,0.9203,2.796,503.0,33.0078,0.5533,0.7124,915,1251,533,829,171.8463
12,28.4387,4,1363.4051,557.528,10430.0,2417.0,206.653,0.5417,3.1916,494.0,59.1264,0.2649,0.4188,1251,1582,533,829,171.8463
12,28.8392,1,409.9573,600.3754,10757.0,508.0,182.1566,0.6621,2.7026,521.0,40.4146,0.4237,0.5952,257,588,533,829,171.8463
12,28.8392,2,836.2628,588.095,8201.0,932.0,160.3561,0.8125,2.3608,509.0,33.6616,0.5458,0.7062,588,915,533,829,171.8463
12,28.8392,3,975.9433,598.9288,5589.0,5.0,96.0991,0.9184,1.7572,532.0,38.3975,0.4359,0.6072,915,1251,533,829,171.8463
12,28.8392,4,1435.1613,556.1905,13760.0,2075.0,261.0762,0.1861,3.8091,504.0,57.5659,0.2443,0.3926,1251,1582,533,829,171.8463
12,29.2397,1,447.9785,580.7916,11610.0,582.0,188.2927,0.4426,2.5503,522.0,47.9252,0.3803,0.551,257,588,533,829,171.8463
12,29.2397,2,858.0353,567.2132,4812.0,727.0,103.7709,0.9992,1.9133,514.0,39.1636,0.394,0.5653,588,915,533,829,171.8463
12,29.2397,3,982.1831,569.3401,9647.0,1896.0,159.2222,0.9098,1.773,478.0,41.7007,0.3716,0.5419,915,1251,533,829,171.8463
12,29.2397,4,1463.6593,567.0642,13528.0,2530.0,204.5419,0.5022,2.2247,481.0,48.3476,0.4086,0.5801,1251,1582,533,829,171.8463
12,29.6403,1,459.6699,586.512,11372.0,634.0,180.7564,0.5208,2.6331,519.0,37.755,0.5618,0.7194,257,588,533,829,171.8463
12,29.6403,2,849.669,576.6911,7284.0,1046.0,134.2508,0.8711,2.0612,502.0,36.3873,0.4426,0.6136,588,915,533,829,171.8463
12,29.6403,3,1003.7562,611.7409,12434.0,586.0,163.3594,0.9797,1.8127,529.0,55.2051,0.2804,0.4379,915,1251,533,829,171.8463
12,29.6403,4,1480.6496,589.0191,13809.0,1781.0,201.6588,0.5759,2.7034,524.0,55.3157,0.3414,0.5091,1251,1582,533,829,171.8463
12,30.0408,1,466.5523,594.156,10251.0,212.0,163.8473,0.6047,2.3565,527.0,36.956,0.5737,0.7291,257,588,533,829,171.8463
12,30.0408,2,826.7549,595.1224,9605.0,1302.0,179.909,1.0,2.7761,496.0,43.1153,0.3545,0.5234,588,915,533,829,171.8463
12,30.0408,3,1019.3423,610.896,14457.0,1121.0,198.0933,0.8837,2.224,505.0,36.9899,0.4779,0.6467,915,1251,533,829,171.8463
12,30.0408,4,1497.2803,592.754,13620.0,2143.0,172.0873,0.8106,2.1099,524.0,41.6104,0.4987,0.6655,1251,1582,533,829,171.8463
12,30.4414,1,487.8195,584.0115,9474.0,573.0,188.649,0.6092,3.0793,522.0,29.178,0.6263,0.7702,257,588,533,829,171.8463
12,30.4414,2,806.9167,613.6644,9554.0,454.0,177.8018,0.995,2.6394,515.0,44.8936,0.4171,0.5887,588,915,533,829,171.8463
12,30.4414,3,1067.9077,570.1642,14882.0,4020.0,217.3913,0.7691,2.4857,458.0,54.109,0.2648,0.4188,915,1251,533,829,171.8463
12,30.4414,4,1494.3197,594.3567,16049.0,2543.0,187.969,0.9917,1.6241,477.0,39.5116,0.5473,0.7074,1251,1582,533,829,171.8463
12,30.8419,1,480.2834,585.3457,10602.0,441.0,173.7604,0.4966,2.5569,523.0,29.2554,0.6593,0.7947,257,588,533,829,171.8463
12,30.8419,2,790.483,597.6098,10560.0,1484.0,212.5086,0.9968,3.3434,490.0,41.8028,0.4712,0.6405,588,915,533,829,171.8463
12,30.8419,3,1107.7398,595.2097,15829.0,1751.0,242.4805,0.6558,2.6061,495.0,64.0997,0.1715,0.2928,915,1251,533,829,171.8463
12,30.8419,4,1477.7547,610.85,17630.0,1958.0,208.391,0.9056,1.9895,502.0,41.7037,0.4717,0.6411,1251,1582,533,829,171.8463
12,31.2425,1,480.9792,588.161,10688.0,582.0,179.1741,0.5254,2.7394,520.0,26.7974,0.6702,0.8025,257,588,533,829,171.8463
12,31.2425,2,777.9534,605.9603,11483.0,1515.0,210.9007,0.9793,3.2516,487.0,35.9112,0.6011,0.7509,588,915,533,829,171.8463
12,31.2425,3,1133.5577,582.7513,12869.0,2306.0,212.3441,0.7511,2.6034,482.0,38.0884,0.4994,0.6661,915,1251,533,829,171.8463
12,31.2425,4,1491.5071,581.3382,11548.0,1745.0,178.007,0.7506,2.1213,501.0,39.8034,0.4845,0.6528,1251,1582,533,829,171.8463
12,31.643,1,486.2185,596.8727,8633.0,270.0,140.8261,0.7573,2.0965,525.0,40.8113,0.4472,0.618,257,588,533,829,171.8463
12,31.643,2,755.4324,644.3713,12296.0,284.0,211.1602,0.9629,3.0877,520.0,42.8043,0.4596,0.6297,588,915,533,829,171.8463
12,31.643,3,1161.4005,590.2375,13029.0,2775.0,211.4203,0.914,2.4419,471.0,51.2528,0.3198,0.4846,915,1251,533,829,171.8463
12,31.643,4,1514.0876,561.1865,7262.0,1804.0,110.5825,0.6966,1.9886,520.0,36.7378,0.424,0.5955,1251,1582,533,829,171.8463
12,32.0436,1,504.0235,572.1856,4349.0,309.0,106.9628,0.9998,2.0793,524.0,45.5402,0.3567,0.5258,257,588,533,829,171.8463
12,32.0436,2,746.6508,597.315,12775.0,2001.0,221.5841,0.9931,3.1862,479.0,45.2101,0.4264,0.5979,588,915,533,829,171.8463
12,32.0436,3,1157.8724,629.4673,12621.0,1104.0,197.9595,0.9413,2.9123,522.0,45.1556,0.3272,0.493,915,1251,533,829,171.8463
12,32.0436,4,1510.6157,581.3213,7934.0,1167.0,130.0008,0.9037,1.903,504.0,37.2908,0.2986,0.4599,1251,1582,533,829,171.8463
12,32.4441,1,470.4067,569.6722,8315.0,671.0,161.3872,0.4305,2.5428,521.0,51.9322,0.2609,0.4138,257,588,533,829,171.8463
12,32.4441,2,740.2775,613.5324,12856.0,1473.0,235.6718,0.9665,3.5515,488.0,33.1068,0.6272,0.7709,588,915,533,829,171.8463
12,32.4441,3,1172.9064,602.6631,12207.0,1912.0,197.0078,0.9985,2.4972,487.0,40.4408,0.4709,0.6402,915,1251,533,829,171.8463
12,32.4441,4,1484.4218,577.6037,8319.0,1381.0,151.9339,0.9748,2.1931,498.0,47.0806,0.2431,0.3911,1251,1582,533,829,171.8463
12,32.8446,1,432.2332,582.2994,11027.0,1243.0,165.9519,0.7225,2.0379,502.0,53.0256,0.3013,0.463,257,588,533,829,171.8463
12,32.8446,2,746.0039,630.0485,13764.0,982.0,246.0488,0.9369,3.6543,508.0,38.024,0.5646,0.7217,588,915,533,829,171.8463
12,32.8446,3,1155.8371,595.1038,11990.0,1348.0,134.9149,0.9816,1.4032,519.0,48.6034,0.3923,0.5635,915,1251,533,829,171.8463
12,32.8446,4,1458.3633,576.7762,9781.0,1921.0,147.9785,0.9571,1.9815,499.0,43.231,0.3419,0.5096,1251,1582,533,829,171.8463
12,33.2452,1,413.8494,592.3425,10962.0,1326.0,184.1146,0.819,2.464,497.0,51.199,0.314,0.4779,257,588,533,829,171.8463
12,33.2452,2,774.6082,594.0616,12814.0,2921.0,254.6342,0.8642,4.1688,476.0,55.1127,0.3958,0.5671,588,915,533,829,171.8463
12,33.2452,3,1115.0047,571.0563,12150.0,1672.0,231.3954,0.4467,3.1444,489.0,53.1655,0.2232,0.365,915,1251,533,829,171.8463
12,33.2452,4,1445.0764,569.6492,10935.0,2157.0,178.0623,0.6593,2.4865,501.0,37.9722,0.4631,0.633,1251,1582,533,829,171.8463
12,33.6457,1,395.3381,607.3218,10765.0,738.0,188.8708,0.8639,2.7347,511.0,41.4568,0.4237,0.5952,257,588,533,829,171.8463
12,33.6457,2,805.0589,610.4008,12420.0,2015.0,251.0769,0.8663,4.2785,495.0,74.3454,0.1621,0.2789,588,915,533,829,171.8463
12,33.6457,3,1079.1207,587.8565,13550.0,1200.0,236.4664,0.5461,2.7978,498.0,63.7001,0.2466,0.3956,915,1251,533,829,171.8463
12,33.6457,4,1455.3232,569.6606,10744.0,1748.0,204.4113,0.5234,3.2769,505.0,38.2457,0.5962,0.747,1251,1582,533,829,171.8463
12,34.0463,1,386.1982,609.8134,9087.0,207.0,164.1779,0.9348,2.2049,523.0,29.3873,0.6037,0.7529,257,588,533,829,171.8463
12,34.0463,2,835.9514,602.7746,11526.0,2401.0,246.5737,0.9238,4.1244,475.0,64.6251,0.2822,0.4402,588,915,533,829,171.8463
12,34.0463,3,1065.3094,609.6124,12775.0,515.0,238.4411,0.664,3.5161,515.0,54.4072,0.3376,0.5048,915,1251,533,829,171.8463
12,34.0463,4,1467.791,564.6313,11342.0,2175.0,174.6425,0.4433,2.3622,505.0,31.406,0.6258,0.7698,1251,1582,533,829,171.8463
12,34.4468,1,378.8638,606.3093,9703.0,669.0,151.4589,0.9831,2.0774,511.0,38.37,0.4747,0.6437,257,588,533,829,171.8463
12,34.4468,2,857.4679,617.8805,10034.0,1708.0,242.3112,0.9824,4.2729,482.0,60.7132,0.2889,0.4483,588,915,533,829,171.8463
12,34.4468,3,1035.1903,589.6225,12120.0,1608.0,209.014,0.6406,3.0169,506.0,38.9364,0.4659,0.6356,915,1251,533,829,171.8463
12,34.4468,4,1475.9058,565.145,10708.0,2018.0,162.4454,0.4697,2.127,508.0,25.569,0.6935,0.819,1251,1582,533,829,171.8463
12,34.8474,1,380.282,601.8003,10059.0,859.0,163.413,0.9873,2.3068,505.0,22.1503,0.7039,0.8262,257,588,533,829,171.8463
12,34.8474,2,856.8757,619.1528,9043.0,808.0,216.6627,0.9795,4.1599,508.0,36.6282,0.5616,0.7193,588,915,533,829,171.8463
12,34.8474,3,1006.5435,588.267,8887.0,736.0,134.3772,0.5988,1.9597,513.0,43.0386,0.3089,0.472,915,1251,533,829,171.8463
12,34.8474,4,1485.8543,570.032,10652.0,1993.0,172.2602,0.6615,2.4087,492.0,37.9992,0.5653,0.7223,1251,1582,533,829,171.8463
12,35.2479,1,383.4288,621.0346,9736.0,26.0,141.8173,0.9788,1.8877,531.0,32.6372,0.5656,0.7225,257,588,533,829,171.8463
12,35.2479,2,843.8128,602.5736,9791.0,1046.0,165.5367,0.9829,2.366,507.0,54.0765,0.3549,0.5238,588,915,533,829,171.8463
12,35.2479,3,985.4447,590.185,7710.0,1893.0,109.3109,0.9777,2.4555,547.0,39.9361,0.213,0.3511,915,1251,533,829,171.8463
12,35.2479,4,1495.3927,577.0548,9877.0,1460.0,182.0588,0.6904,2.649,495.0,33.9171,0.5925,0.7441,1251,1582,533,829,171.8463
12,35.6485,1,393.9233,578.5522,9746.0,375.0,160.5128,0.4922,2.2161,524.0,48.5432,0.2727,0.4285,257,588,533,829,171.8463
12,35.6485,2,805.7421,581.0705,10334.0,1142.0,194.2573,0.615,3.0278,513.0,49.8317,0.2488,0.3985,588,915,533,829,171.8463
12,35.6485,3,990.587,611.2353,8476.0,726.0,181.0415,0.9195,3.644,514.0,36.9138,0.3196,0.4844,915,1251,533,829,171.8463
12,35.6485,4,1491.5798,590.3588,10873.0,1704.0,195.0226,0.7775,2.7548,486.0,29.4677,0.61,0.7578,1251,1582,533,829,171.8463
12,36.049,1,383.8934,576.5659,10896.0,105.0,194.0799,0.3499,2.7549,530.0,32.6166,0.6778,0.808,257,588,533,829,171.8463
12,36.049,2,751.7333,573.7509,11942.0,1531.0,235.4996,0.4661,3.6704,503.0,66.9394,0.2602,0.4129,588,915,533,829,171.8463
12,36.049,3,992.2901,594.1838,8457.0,1025.0,186.5797,0.8295,3.3806,504.0,37.4715,0.4544,0.6248,915,1251,533,829,171.8463
12,36.049,4,1495.1347,603.8018,11313.0,1214.0,195.2741,0.8433,2.7908,498.0,32.0835,0.5526,0.7118,1251,1582,533,829,171.8463
12,36.4495,1,385.523,586.8869,12002.0,211.0,197.9349,0.3763,2.9236,528.0,29.31,0.6515,0.789,257,588,533,829,171.8463
12,36.4495,2,714.595,589.2551,13203.0,2321.0,248.4109,0.7368,3.5451,481.0,76.8566,0.1839,0.3106,588,915,533,829,171.8463
12,36.4495,3,988.9635,581.2991,7836.0,1053.0,121.8149,0.9496,1.6965,505.0,37.03,0.4901,0.6578,915,1251,533,829,171.8463
12,36.4495,4,1497.0265,611.9854,10905.0,805.0,198.8794,0.8045,3.0824,522.0,28.4286,0.664,0.7981,1251,1582,533,829,171.8463
12,36.8501,1,377.3538,589.7118,12107.0,63.0,188.6429,0.3661,2.6613,529.0,28.5063,0.64,0.7805,257,588,533,829,171.8463
12,36.8501,2,701.9935,620.2082,12444.0,1111.0,245.0013,0.7909,3.6681,500.0,68.5833,0.2391,0.3859,588,915,533,829,171.8463
12,36.8501,3,981.6882,586.6384,7990.0,682.0,110.6004,0.8117,1.48,532.0,28.7827,0.6083,0.7565,915,1251,533,829,171.8463
12,36.8501,4,1506.0299,593.5008,10768.0,1602.0,190.9933,0.8871,2.6889,497.0,34.2589,0.5899,0.742,1251,1582,533,829,171.8463
12,37.2506,1,372.9329,590.4197,11967.0,153.0,183.9896,0.4042,2.5272,529.0,24.1469,0.716,0.8345,257,588,533,829,171.8463
12,37.2506,2,678.1785,614.7745,12339.0,1541.0,238.5085,0.8449,3.9079,498.0,40.7934,0.4937,0.661,588,915,533,829,171.8463
12,37.2506,3,982.8656,585.7417,10428.0,1577.0,122.2339,0.9321,1.4543,529.0,30.009,0.5268,0.6901,915,1251,533,829,171.8463
12,37.2506,4,1511.8299,589.2932,10969.0,1568.0,130.8083,0.8926,1.5709,524.0,41.2942,0.4807,0.6493,1251,1582,533,829,171.8463
12,37.6512,1,360.7691,588.3722,12029.0,550.0,181.6553,0.4406,2.3897,519.0,28.9816,0.6296,0.7727,257,588,533,829,171.8463
12,37.6512,2,653.9049,604.8786,11986.0,2448.0,231.2982,0.9605,3.3574,470.0,53.7736,0.3421,0.5098,588,915,533,829,171.8463
12,37.6512,3,986.9684,596.165,11008.0,615.0,134.8607,0.9715,1.5076,533.0,30.8272,0.6233,0.768,915,1251,533,829,171.8463
12,37.6512,4,1506.0138,588.3268,10908.0,1347.0,122.0774,0.8441,1.3549,523.0,32.3331,0.5852,0.7383,1251,1582,533,829,171.8463
12,38.0517,1,364.1838,597.7643,13054.0,669.0,216.8339,0.5029,2.6925,510.0,40.1282,0.5394,0.7008,257,588,533,829,171.8463
12,38.0517,2,645.1183,635.4615,10636.0,1245.0,177.3996,0.9478,2.73,543.0,50.4347,0.3292,0.4954,588,915,533,829,171.8463
12,38.0517,3,996.5761,598.3188,12964.0,1158.0,177.0829,0.9378,1.9059,497.0,31.7351,0.5663,0.7231,915,1251,533,829,171.8463
12,38.0517,4,1495.4769,566.8253,10137.0,1929.0,158.0194,0.6631,1.8947,501.0,43.0582,0.456,0.6264,1251,1582,533,829,171.8463
12,38.4523,1,361.2092,612.8962,13104.0,826.0,207.6171,0.566,3.2212,546.0,43.9481,0.473,0.6423,257,588,533,829,171.8463
12,38.4523,2,636.0598,639.5419,10385.0,764.0,198.9353,0.9729,3.2413,531.0,28.5938,0.6027,0.7521,588,915,533,829,171.8463
12,38.4523,3,1013.2556,594.7736,12936.0,1501.0,163.827,0.992,1.6491,488.0,31.115,0.5566,0.7151,915,1251,533,829,171.8463
12,38.4523,4,1469.7507,579.7235,12486.0,1884.0,176.8506,0.734,2.1532,497.0,51.3755,0.3885,0.5596,1251,1582,533,829,171.8463
12,38.8528,1,352.6958,620.9163,12435.0,508.0,202.6758,0.6648,3.0683,541.0,29.8016,0.5819,0.7357,257,588,533,829,171.8463
12,38.8528,2,640.9117,611.835,7951.0,1753.0,142.7898,0.988,3.7542,557.0,40.1837,0.4369,0.6081,588,915,533,829,171.8463
12,38.8528,3,1022.4192,609.0332,14631.0,1160.0,179.2677,0.9934,1.8603,498.0,33.9364,0.5631,0.7205,915,1251,533,829,171.8463
12,38.8528,4,1428.7805,575.1953,12747.0,1740.0,220.6994,0.4375,3.3605,504.0,48.3189,0.36,0.5295,1251,1582,533,829,171.8463
12,39.2534,1,352.9123,619.343,9752.0,36.0,121.2287,0.6835,1.7129,555.0,39.5734,0.4485,0.6193,257,588,533,829,171.8463
12,39.2534,2,644.0817,623.7828,8246.0,596.0,137.2816,0.9985,2.7542,529.0,36.335,0.3076,0.4705,588,915,533,829,171.8463
12,39.2534,3,1031.1642,620.8643,14396.0,1077.0,197.8288,0.8923,2.3494,506.0,31.4884,0.5304,0.6931,915,1251,533,829,171.8463
12,39.2534,4,1386.5454,562.3969,11318.0,2158.0,185.0981,0.3177,2.7751,505.0,42.9356,0.415,0.5866,1251,1582,533,829,171.8463
12,39.6539,1,342.5056,588.6146,6157.0,91.0,86.2167,0.5276,1.1987,535.0,35.1414,0.3579,0.5271,257,588,533,829,171.8463
12,39.6539,2,677.0106,587.269,8901.0,1411.0,176.7854,0.9723,2.7945,492.0,44.2444,0.1736,0.2959,588,915,533,829,171.8463
12,39.6539,3,1014.7367,584.9115,11020.0,1346.0,192.9727,0.6531,2.731,508.0,36.3529,0.4245,0.596,915,1251,533,829,171.8463
12,39.6539,4,1359.0125,576.5375,9774.0,1351.0,151.9534,0.5596,2.1714,506.0,37.7815,0.3554,0.5245,1251,1582,533,829,171.8463
12,40.0544,1,349.6171,582.1026,5751.0,35.0,99.6069,0.5962,1.6029,532.0,33.5044,0.4176,0.5892,257,588,533,829,171.8463
12,40.0544,2,707.3215,596.326,11206.0,1725.0,215.5402,0.9525,3.036,484.0,58.5564,0.1704,0.2912,588,915,533,829,171.8463
12,40.0544,3,990.6506,582.5063,4347.0,342.0,55.5038,0.9285,1.0398,545.0,44.6771,0.2613,0.4144,915,1251,533,829,171.8463
12,40.0544,4,1347.8338,572.9954,7851.0,1353.0,126.666,0.6837,1.9516,505.0,26.6461,0.5989,0.7492,1251,1582,533,829,171.8463
12,40.455,1,376.7709,574.3691,8035.0,57.0,139.2202,0.3432,2.0284,531.0,45.3748,0.378,0.5487,257,588,533,829,171.8463
12,40.455,2,724.3481,636.841,12229.0,378.0,226.7636,0.9493,3.4454,518.0,56.8536,0.2653,0.4193,588,915,533,829,171.8463
12,40.455,3,980.8895,568.8022,5085.0,647.0,97.2511,0.8471,1.8134,523.0,30.7809,0.3107,0.4741,915,1251,533,829,171.8463
12,40.455,4,1333.6948,567.7598,6465.0,1289.0,125.2026,0.8265,2.225,506.0,25.5842,0.5591,0.7172,1251,1582,533,829,171.8463
12,40.8555,1,401.9746,583.2741,8392.0,336.0,124.3624,0.7473,1.6501,524.0,48.659,0.3528,0.5216,257,588,533,829,171.8463
12,40.8555,2,748.9753,616.168,12212.0,1157.0,238.7783,0.8613,3.9261,502.0,50.8805,0.4145,0.5861,588,915,533,829,171.8463
12,40.8555,3,1003.3026,576.5442,5741.0,438.0,112.8975,0.956,1.7982,519.0,35.1032,0.3595,0.5289,915,1251,533,829,171.8463
12,40.8555,4,1331.9969,555.4872,5491.0,1235.0,104.8412,0.8234,1.6279,505.0,27.1994,0.5984,0.7487,1251,1582,533,829,171.8463
12,41.2561,1,433.5769,590.8312,10631.0,909.0,165.2972,0.679,2.2521,515.0,45.1319,0.2921,0.4521,257,588,533,829,171.8463
12,41.2561,2,782.4246,590.8098,12415.0,2109.0,242.4046,0.8384,3.593,481.0,50.8325,0.4296,0.601,588,915,533,829,171.8463
12,41.2561,3,1012.7355,578.545,9263.0,1172.0,174.0073,0.7221,2.7546,513.0,41.8095,0.4385,0.6097,915,1251,533,829,171.8463
12,41.2561,4,1348.4518,560.2834,5991.0,1195.0,96.7515,0.9764,1.4332,507.0,31.9857,0.4713,0.6407,1251,1582,533,829,171.8463
12,41.6566,1,425.1236,580.7198,11323.0,983.0,209.5011,0.5321,3.0782,517.0,38.762,0.5806,0.7346,257,588,533,829,171.8463
12,41.6566,2,786.2677,630.6955,12348.0,359.0,224.1548,0.8186,3.3542,519.0,65.5533,0.2918,0.4518,588,915,533,829,171.8463
12,41.6566,3,1015.9991,585.0478,10152.0,1079.0,180.6769,0.5927,2.8847,506.0,35.7201,0.5528,0.712,915,1251,533,829,171.8463
12,41.6566,4,1377.6296,561.3965,7009.0,1276.0,110.3972,0.9085,1.4497,508.0,42.5876,0.3244,0.4898,1251,1582,533,829,171.8463
12,42.0572,1,403.1151,583.1933,12568.0,911.0,241.42,0.4429,3.8152,516.0,50.1598,0.5124,0.6776,257,588,533,829,171.8463
12,42.0572,2,802.1096,621.2489,11859.0,668.0,196.3228,0.9452,2.6746,512.0,42.5858,0.4547,0.6252,588,915,533,829,171.8463
12,42.0572,3,997.2434,581.7639,9140.0,1696.0,180.6432,0.8037,2.7718,486.0,51.0191,0.3963,0.5676,915,1251,533,829,171.8463
12,42.0572,4,1404.7679,563.8399,7781.0,1356.0,128.4045,0.795,1.7641,507.0,41.088,0.406,0.5776,1251,1582,533,829,171.8463
12,42.4577,1,372.0473,585.1763,12381.0,493.0,201.0643,0.413,2.7941,524.0,51.278,0.4414,0.6124,257,588,533,829,171.8463
12,42.4577,2,809.0862,588.2258,10085.0,1231.0,180.0539,0.8591,2.4863,511.0,50.2294,0.3074,0.4702,588,915,533,829,171.8463
12,42.4577,3,1000.645,609.2349,8995.0,752.0,165.3631,0.7289,2.9865,529.0,42.737,0.3906,0.5618,915,1251,533,829,171.8463
12,42.4577,4,1428.965,564.9778,9440.0,1842.0,158.6593,0.6043,2.3451,505.0,45.8813,0.378,0.5486,1251,1582,533,829,171.8463
12,42.8583,1,355.5881,583.841,12984.0,1753.0,212.475,0.6576,2.7919,491.0,44.5166,0.5315,0.6941,257,588,533,829,171.8463
12,42.8583,2,783.2411,585.663,10475.0,716.0,192.759,0.6029,2.9863,519.0,53.7508,0.4084,0.58,588,915,533,829,171.8463
12,42.8583,3,1001.8149,617.9466,10029.0,648.0,192.7586,0.8119,3.1779,513.0,29.4861,0.5785,0.733,915,1251,533,829,171.8463
12,42.8583,4,1451.5394,565.5191,10805.0,2085.0,173.522,0.514,2.4132,507.0,37.9396,0.502,0.6684,1251,1582,533,829,171.8463
12,43.2588,1,359.8889,618.9111,13038.0,737.0,231.9504,0.7111,3.1129,508.0,54.7412,0.3426,0.5103,257,588,533,829,171.8463
12,43.2588,2,759.9211,592.1936,11598.0,1158.0,213.2963,0.6619,3.3615,512.0,54.0356,0.3977,0.5691,588,915,533,829,171.8463
12,43.2588,3,994.1516,612.0061,9920.0,951.0,188.2123,0.9122,3.1696,509.0,32.6285,0.5071,0.6729,915,1251,533,829,171.8463
12,43.2588,4,1471.074,569.5556,11236.0,1866.0,168.1171,0.5046,2.2705,506.0,39.5607,0.487,0.6551,1251,1582,533,829,171.8463
12,43.6593,1,365.3055,636.8184,12548.0,24.0,225.5439,0.6107,3.4867,546.0,32.0186,0.5846,0.7378,257,588,533,829,171.8463
12,43.6593,2,733.4061,598.1486,12379.0,1077.0,221.1582,0.6431,3.357,508.0,59.0024,0.3636,0.5333,588,915,533,829,171.8463
12,43.6593,3,991.9336,594.6319,8419.0,1934.0,138.3758,0.9556,2.8823,529.0,34.0029,0.4209,0.5924,915,1251,533,829,171.8463
12,43.6593,4,1484.7717,576.1636,10949.0,1653.0,159.6803,0.6276,2.0799,505.0,35.8333,0.5451,0.7056,1251,1582,533,829,171.8463
12,44.0599,1,348.4124,609.1624,10379.0,245.0,168.8887,0.7342,2.3148,523.0,46.0849,0.4221,0.5936,257,588,533,829,171.8463
12,44.0599,2,715.858,607.2795,12275.0,1254.0,227.2456,0.8183,3.3025,497.0,53.2712,0.4156,0.5872,588,915,533,829,171.8463
12,44.0599,3,993.4603,605.5024,9504.0,1161.0,171.377,0.9999,3.0384,497.0,31.0666,0.4293,0.6007,915,1251,533,829,171.8463
12,44.0599,4,1490.085,579.8281,11870.0,1861.0,161.251,0.7033,1.9731,503.0,25.9226,0.7032,0.8257,1251,1582,533,829,171.8463
12,44.4604,1,344.4713,592.4026,10657.0,782.0,139.8546,0.7648,1.5455,509.0,34.5822,0.544,0.7047,257,588,533,829,171.8463
12,44.4604,2,717.2555,637.6961,12644.0,524.0,233.5426,0.8711,3.7061,514.0,43.1784,0.4507,0.6214,588,915,533,829,171.8463
12,44.4604,3,999.9912,597.558,9163.0,1201.0,204.9016,0.9218,3.8474,503.0,38.8883,0.396,0.5673,915,1251,533,829,171.8463
12,44.4604,4,1492.944,583.1611,11533.0,1589.0,146.7251,0.7558,1.5626,505.0,27.1176,0.6401,0.7806,1251,1582,533,829,171.8463
12,44.861,1,360.9917,606.8249,12071.0,172.0,176.6071,0.5291,2.442,548.0,34.7406,0.5163,0.681,257,588,533,829,171.8463
12,44.861,2,705.8976,633.079,13159.0,1118.0,237.0248,0.9365,3.821,500.0,32.3643,0.5558,0.7145,588,915,533,829,171.8463
12,44.861,3,991.6724,587.9103,9776.0,1991.0,214.4231,0.8781,3.7185,482.0,36.3083,0.5315,0.6941,915,1251,533,829,171.8463
12,44.861,4,1498.8657,562.8105,8486.0,1700.0,123.6333,0.6263,1.4464,503.0,43.6028,0.4634,0.6333,1251,1582,533,829,171.8463
12,45.2615,1,355.9467,597.9084,12522.0,1246.0,148.2458,0.607,1.8478,543.0,35.0722,0.5203,0.6845,257,588,533,829,171.8463
12,45.2615,2,694.4011,621.7043,13513.0,1653.0,235.9083,0.9737,3.4386,485.0,31.3444,0.5804,0.7345,588,915,533,829,171.8463
12,45.2615,3,1001.1196,625.7658,10532.0,850.0,217.8541,0.8902,3.6645,505.0,47.4249,0.4034,0.5748,915,1251,533,829,171.8463
12,45.2615,4,1481.515,557.6268,10415.0,1742.0,183.4443,0.3128,2.6186,509.0,40.5697,0.4587,0.629,1251,1582,533,829,171.8463
12,45.6621,1,356.1107,612.6748,13945.0,605.0,179.9531,0.7705,2.0928,548.0,31.8448,0.619,0.7647,257,588,533,829,171.8463
12,45.6621,2,685.7519,619.629,11608.0,971.0,228.4607,0.9994,3.5072,499.0,32.3351,0.5636,0.7209,588,915,533,829,171.8463
12,45.6621,3,993.722,631.7738,9837.0,766.0,212.8478,0.9391,4.1197,512.0,32.6363,0.501,0.6676,915,1251,533,829,171.8463
12,45.6621,4,1436.4304,551.872,11414.0,2594.0,213.9249,0.286,3.3326,503.0,39.5851,0.4999,0.6665,1251,1582,533,829,171.8463
12,46.0626,1,363.8026,622.0847,15469.0,447.0,195.7125,0.8471,2.1166,545.0,26.1804,0.6944,0.8196,257,588,533,829,171.8463
12,46.0626,2,694.8675,611.2022,12352.0,1388.0,220.9003,0.9824,3.2399,495.0,32.9371,0.5651,0.7221,588,915,533,829,171.8463
12,46.0626,3,981.3652,583.9305,9716.0,2662.0,218.0281,0.9431,4.2647,462.0,35.6684,0.4659,0.6356,915,1251,533,829,171.8463
12,46.0626,4,1403.968,561.4365,11844.0,1877.0,203.971,0.3297,2.9881,507.0,44.7673,0.368,0.538,1251,1582,533,829,171.8463
12,46.4632,1,386.1455,593.8503,15330.0,2496.0,214.1331,0.8084,2.2367,472.0,55.0713,0.2937,0.454,257,588,533,829,171.8463
12,46.4632,2,720.4315,607.9016,12061.0,1350.0,242.2449,0.8314,3.9462,509.0,58.0021,0.3311,0.4974,588,915,533,829,171.8463
12,46.4632,3,1001.3338,622.4774,10734.0,931.0,202.5426,0.9492,3.6163,506.0,36.9335,0.4283,0.5997,915,1251,533,829,171.8463
12,46.4632,4,1381.1294,569.904,11217.0,1581.0,183.6426,0.3676,2.7739,507.0,35.9102,0.456,0.6263,1251,1582,533,829,171.8463
12,46.8637,1,413.6331,627.4942,15025.0,448.0,203.3814,0.8944,2.1283,514.0,66.4817,0.2224,0.3638,257,588,533,829,171.8463
12,46.8637,2,764.5463,594.3896,12573.0,2037.0,245.8904,0.7936,3.9083,485.0,74.0469,0.2236,0.3654,588,915,533,829,171.8463
12,46.8637,3,1006.8648,647.8005,10566.0,214.0,180.7461,0.9673,2.7923,538.0,29.1405,0.4903,0.658,915,1251,533,829,171.8463
12,46.8637,4,1365.5494,572.403,10736.0,1657.0,159.5374,0.5541,2.2473,503.0,33.149,0.5243,0.6879,1251,1582,533,829,171.8463
12,47.2642,1,434.4474,623.1415,15755.0,501.0,235.8065,0.7135,2.8231,519.0,34.0882,0.523,0.6868,257,588,533,829,171.8463
12,47.2642,2,805.0313,609.1466,13558.0,2691.0,256.9796,0.9206,4.0432,479.0,71.0312,0.1147,0.2057,588,915,533,829,171.8463
12,47.2642,3,988.4693,578.6906,8309.0,1433.0,119.8244,0.9398,1.6526,531.0,35.5969,0.3703,0.5405,915,1251,533,829,171.8463
12,47.2642,4,1358.4678,590.9432,9012.0,1077.0,142.5093,0.6349,2.5733,533.0,41.9615,0.2968,0.4578,1251,1582,533,829,171.8463
12,47.6648,1,466.1796,580.4616,12740.0,1121.0,207.9669,0.4102,2.7747,505.0,46.3441,0.3324,0.499,257,588,533,829,171.8463
12,47.6648,2,824.7904,632.3343,12137.0,1290.0,252.1645,0.9653,4.3141,494.0,55.7866,0.3086,0.4717,588,915,533,829,171.8463
12,47.6648,3,990.308,599.7449,8247.0,570.0,143.1877,0.9995,2.0099,519.0,27.7093,0.5435,0.7043,915,1251,533,829,171.8463
12,47.6648,4,1342.4767,614.4344,8043.0,667.0,123.0094,0.8115,2.2317,542.0,33.4037,0.3472,0.5154,1251,1582,533,829,171.8463
12,48.0653,1,491.2343,597.1366,13234.0,1910.0,206.9868,0.8682,2.3664,481.0,51.9861,0.2681,0.4229,257,588,533,829,171.8463
12,48.0653,2,830.0969,637.173,12193.0,952.0,254.3451,0.9418,4.3353,503.0,31.4696,0.6376,0.7787,588,915,533,829,171.8463
12,48.0653,3,1014.1477,576.3069,8069.0,1118.0,153.3476,0.8538,2.2462,503.0,37.4968,0.3061,0.4687,915,1251,533,829,171.8463
12,48.0653,4,1332.0736,593.3481,7803.0,1003.0,135.6156,0.8017,2.499,531.0,26.1921,0.5557,0.7144,1251,1582,533,829,171.8463
12,48.4659,1,483.8522,641.5083,10404.0,0.0,208.638,0.6996,3.6833,542.0,42.6452,0.3452,0.5132,257,588,533,829,171.8463
12,48.4659,2,840.8893,615.5739,10444.0,1046.0,198.186,0.9252,3.1932,507.0,38.8274,0.5523,0.7116,588,915,533,829,171.8463
12,48.4659,3,1045.6717,586.8726,10820.0,1763.0,197.1832,0.8996,2.5604,483.0,52.8072,0.2256,0.3682,915,1251,533,829,171.8463
12,48.4659,4,1332.5368,595.2182,7803.0,738.0,144.2941,0.7614,2.5747,535.0,19.4832,0.7754,0.8735,1251,1582,533,829,171.8463
12,48.8664,1,499.1542,618.4606,9724.0,431.0,201.032,0.7663,3.545,520.0,34.8874,0.5077,0.6735,257,588,533,829,171.8463
12,48.8664,2,839.7439,603.4137,9879.0,970.0,157.0501,0.8302,2.5088,530.0,32.4251,0.6117,0.759,588,915,533,829,171.8463
12,48.8664,3,1049.402,628.7357,11705.0,238.0,199.6913,0.9447,2.7114,521.0,47.3713,0.341,0.5086,915,1251,533,829,171.8463
12,48.8664,4,1328.7153,586.3849,8135.0,1440.0,197.2574,0.8843,3.4085,492.0,21.8597,0.7396,0.8503,1251,1582,533,829,171.8463
12,49.267,1,518.0136,568.839,5453.0,617.0,109.0353,0.8817,1.8147,516.0,44.8921,0.2743,0.4305,257,588,533,829,171.8463
12,49.267,2,844.0966,597.2207,11594.0,1796.0,158.3887,0.8598,2.2789,529.0,32.1758,0.6123,0.7596,588,915,533,829,171.8463
12,49.267,3,1058.1749,619.9517,11385.0,482.0,187.0303,0.9849,2.4809,518.0,32.3447,0.531,0.6936,915,1251,533,829,171.8463
12,49.267,4,1325.977,577.8618,7886.0,1466.0,145.5461,0.9473,2.0821,496.0,35.1116,0.5606,0.7184,1251,1582,533,829,171.8463
12,49.6675,1,488.8743,593.2939,8133.0,178.0,142.6227,0.7313,2.2741,526.0,35.5237,0.4897,0.6574,257,588,533,829,171.8463
12,49.6675,2,843.7546,618.1747,12850.0,995.0,182.8666,0.921,2.4467,531.0,34.9715,0.631,0.7738,588,915,533,829,171.8463
12,49.6675,3,1086.072,572.1914,11731.0,2611.0,214.8649,0.6893,3.2525,491.0,48.0818,0.3339,0.5007,915,1251,533,829,171.8463
12,49.6675,4,1325.0945,562.3902,6404.0,1689.0,103.0556,0.7544,1.9434,526.0,32.7042,0.576,0.731,1251,1582,533,829,171.8463
12,50.0681,1,494.0024,584.406,7355.0,272.0,129.1732,0.7497,1.9283,522.0,28.8537,0.6112,0.7587,257,588,533,829,171.8463
12,50.0681,2,838.733,626.2032,14783.0,523.0,192.0178,0.9879,2.1498,531.0,35.9483,0.5412,0.7023,588,915,533,829,171.8463
12,50.0681,3,1127.2724,578.9358,11281.0,1298.0,192.7959,0.6327,2.452,509.0,68.2988,0.2014,0.3353,915,1251,533,829,171.8463
12,50.0681,4,1340.3932,590.4909,9809.0,1270.0,144.6629,0.8268,2.1817,526.0,37.262,0.5092,0.6748,1251,1582,533,829,171.8463
12,50.4686,1,475.3681,605.4699,8659.0,137.0,143.3569,0.8373,2.2953,527.0,27.0278,0.6273,0.771,257,588,533,829,171.8463
12,50.4686,2,810.8826,599.4787,13662.0,1823.0,194.7761,0.9942,2.1089,482.0,57.9327,0.3537,0.5226,588,915,533,829,171.8463
12,50.4686,3,1143.5605,572.666,10562.0,1471.0,165.4852,0.592,2.2498,500.0,39.0962,0.5386,0.7001,915,1251,533,829,171.8463
12,50.4686,4,1349.5211,605.7522,11173.0,1107.0,172.3597,0.8256,2.5634,527.0,25.243,0.6617,0.7964,1251,1582,533,829,171.8463
12,50.8691,1,474.6175,613.7854,9404.0,311.0,141.6991,0.9604,2.0772,523.0,28.7056,0.5217,0.6857,257,588,533,829,171.8463
12,50.8691,2,788.8439,613.2298,13929.0,1232.0,196.2286,0.9945,2.3361,495.0,51.498,0.4642,0.634,588,915,533,829,171.8463
12,50.8691,3,1147.8063,589.7372,11088.0,1477.0,184.0869,0.7725,2.4273,498.0,47.0958,0.476,0.645,915,1251,533,829,171.8463
12,50.8691,4,1337.5247,576.3835,10726.0,2078.0,154.6061,0.8305,1.8023,491.0,44.2265,0.3462,0.5144,1251,1582,533,829,171.8463
12,51.2697,1,479.8842,592.2675,7427.0,247.0,123.3044,0.9996,1.7396,525.0,32.7748,0.4862,0.6543,257,588,533,829,171.8463
12,51.2697,2,776.2785,624.4053,15390.0,1037.0,209.8219,0.9963,2.4795,497.0,36.5545,0.5754,0.7305,588,915,533,829,171.8463
12,51.2697,3,1139.9988,597.9005,9671.0,982.0,159.0056,0.8616,2.3199,510.0,34.245,0.5224,0.6863,915,1251,533,829,171.8463
12,51.2697,4,1362.8134,576.4062,11929.0,1724.0,188.0936,0.6748,2.4185,492.0,46.346,0.3766,0.5472,1251,1582,533,829,171.8463
12,51.6702,1,458.8739,588.2053,8582.0,509.0,123.5836,0.9695,1.4818,518.0,40.8896,0.4683,0.6379,257,588,533,829,171.8463
12,51.6702,2,770.2715,607.3961,15244.0,1684.0,209.0131,0.9988,2.4075,484.0,32.757,0.6289,0.7721,588,915,533,829,171.8463
12,51.6702,3,1148.3548,579.151,7952.0,1211.0,123.437,0.9979,1.6143,508.0,34.9989,0.4213,0.5929,915,1251,533,829,171.8463
12,51.6702,4,1376.0981,603.7081,15130.0,998.0,186.7224,0.9383,1.8702,504.0,50.4628,0.422,0.5935,1251,1582,533,829,171.8463
12,52.0708,1,446.0952,608.7456,8079.0,0.0,129.498,0.9779,1.6651,536.0,35.5773,0.4939,0.6612,257,588,533,829,171.8463
12,52.0708,2,772.5066,621.5787,16249.0,1285.0,227.9608,0.9988,2.6766,492.0,24.5196,0.6944,0.8196,588,915,533,829,171.8463
12,52.0708,3,1126.3462,574.8163,10302.0,1822.0,186.43,0.7562,2.6156,490.0,46.6914,0.3204,0.4853,915,1251,533,829,171.8463
12,52.0708,4,1374.774,596.0382,16418.0,3051.0,202.7467,0.9906,1.9508,467.0,40.2099,0.4689,0.6384,1251,1582,533,829,171.8463
12,52.4713,1,430.669,606.4298,9836.0,502.0,157.0865,0.9502,2.1346,514.0,36.3278,0.5295,0.6924,257,588,533,829,171.8463
12,52.4713,2,771.4745,627.2588,14400.0,437.0,201.7107,0.9943,2.3538,516.0,26.3751,0.7122,0.8319,588,915,533,829,171.8463
12,52.4713,3,1113.3567,586.6721,10905.0,1308.0,194.5605,0.7178,2.7723,501.0,46.239,0.4552,0.6256,915,1251,533,829,171.8463
12,52.4713,4,1369.0632,625.49,16223.0,1008.0,231.6968,0.8579,2.5992,508.0,38.9799,0.4115,0.5831,1251,1582,533,829,171.8463
12,52.8719,1,426.7022,600.5824,9428.0,242.0,134.5613,0.875,1.723,524.0,28.1424,0.6226,0.7674,257,588,533,829,171.8463
12,52.8719,2,760.4,602.774,14955.0,1738.0,227.4385,0.8213,2.8092,490.0,47.6057,0.4278,0.5992,588,915,533,829,171.8463
12,52.8719,3,1091.4544,580.482,10541.0,1302.0,200.9594,0.666,3.0999,510.0,37.8905,0.5266,0.6899,915,1251,533,829,171.8463
12,52.8719,4,1349.3487,581.4452,10725.0,2824.0,212.8053,0.8326,3.1858,469.0,41.8861,0.359,0.5284,1251,1582,533,829,171.8463
12,53.2724,1,431.5405,607.4437,10608.0,287.0,169.3703,0.9093,2.2359,525.0,29.6159,0.6392,0.7799,257,588,533,829,171.8463
12,53.2724,2,710.2964,595.2895,16440.0,2593.0,244.628,0.7527,2.7173,479.0,62.6502,0.1992,0.3322,588,915,533,829,171.8463
12,53.2724,3,1054.6703,570.3268,10856.0,2093.0,210.7608,0.6131,3.4042,488.0,53.6755,0.3721,0.5424,915,1251,533,829,171.8463
12,53.2724,4,1330.4813,591.8892,7461.0,2107.0,89.938,0.7116,1.8654,564.0,44.4507,0.1998,0.333,1251,1582,533,829,171.8463
12,53.673,1,432.3385,610.0233,10230.0,295.0,162.6532,0.9125,2.1291,521.0,22.0657,0.7861,0.8802,257,588,533,829,171.8463
12,53.673,2,665.6602,611.1157,15150.0,2356.0,213.9961,0.8411,2.9056,518.0,58.6112,0.188,0.3164,588,915,533,829,171.8463
12,53.673,3,1025.7987,589.848,13018.0,1797.0,215.6175,0.7385,2.7958,486.0,60.4134,0.2095,0.3465,915,1251,533,829,171.8463
12,53.673,4,1310.9999,623.8021,7449.0,586.0,148.4728,0.9682,2.6847,550.0,38.3059,0.2836,0.4419,1251,1582,533,829,171.8463
12,54.0735,1,428.814,604.6206,10402.0,344.0,167.7907,0.8428,2.2885,520.0,25.0201,0.6948,0.8199,257,588,533,829,171.8463
12,54.0735,2,660.0356,633.1463,12115.0,942.0,192.3016,0.871,2.9264,529.0,30.5332,0.4918,0.6593,588,915,533,829,171.8463
12,54.0735,3,1023.142,627.1294,12052.0,490.0,218.7383,0.8654,3.3634,515.0,51.6998,0.3105,0.4739,915,1251,533,829,171.8463
12,54.0735,4,1317.3535,573.3208,8882.0,2447.0,120.1692,0.9679,1.8708,522.0,51.0013,0.3317,0.4982,1251,1582,533,829,171.8463
12,54.4741,1,429.18,610.6661,11047.0,320.0,160.6281,0.8916,2.1392,523.0,24.3509,0.6831,0.8117,257,588,533,829,171.8463
12,54.4741,2,653.5603,593.4392,9127.0,2136.0,211.5522,0.9192,3.8649,480.0,35.1254,0.3923,0.5635,588,915,533,829,171.8463
12,54.4741,3,1017.5257,619.9025,10211.0,611.0,201.067,0.8446,3.4746,517.0,33.0097,0.5232,0.687,915,1251,533,829,171.8463
12,54.4741,4,1332.1244,565.3524,11371.0,2987.0,186.426,0.8849,2.3679,466.0,46.4967,0.4161,0.5877,1251,1582,533,829,171.8463
12,54.8746,1,435.061,621.4656,12328.0,461.0,186.4386,0.8877,2.5789,517.0,32.7908,0.5769,0.7317,257,588,533,829,171.8463
12,54.8746,2,659.3519,612.6677,11050.0,1597.0,244.5013,0.9481,4.0189,487.0,32.4461,0.548,0.708,588,915,533,829,171.8463
12,54.8746,3,1004.7579,578.3577,9776.0,1767.0,165.41,0.7452,2.5138,494.0,42.9618,0.3781,0.5488,915,1251,533,829,171.8463
12,54.8746,4,1343.5493,613.2081,13726.0,533.0,191.7951,0.9313,2.0815,526.0,55.4467,0.3105,0.4738,1251,1582,533,829,171.8463
12,55.2751,1,441.4281,615.6121,11283.0,429.0,174.1045,0.8871,2.4405,517.0,24.3172,0.6962,0.8209,257,588,533,829,171.8463
12,55.2751,2,668.3556,642.5383,11974.0,368.0,236.8973,0.9729,3.7155,518.0,39.5498,0.4994,0.6662,588,915,533,829,171.8463
12,55.2751,3,996.7594,581.5815,9252.0,1101.0,148.8159,0.8563,2.0273,503.0,39.2984,0.4657,0.6355,915,1251,533,829,171.8463
12,55.2751,4,1363.1687,587.728,15059.0,2694.0,192.6639,0.9819,1.7835,472.0,38.1628,0.4881,0.656,1251,1582,533,829,171.8463
12,55.6757,1,446.4921,616.2894,10313.0,203.0,150.3514,0.989,1.9684,525.0,33.0312,0.5159,0.6807,257,588,533,829,171.8463
12,55.6757,2,675.7701,605.9163,12412.0,768.0,191.3287,0.9436,2.2944,509.0,51.9319,0.4269,0.5984,588,915,533,829,171.8463
12,55.6757,3,988.6125,596.1844,9717.0,856.0,135.3361,0.8551,1.9166,532.0,41.1357,0.4076,0.5792,915,1251,533,829,171.8463
12,55.6757,4,1370.9525,617.6706,14984.0,952.0,195.1356,0.8501,2.305,504.0,37.2571,0.422,0.5935,1251,1582,533,829,171.8463
12,56.0762,1,440.8,612.651,11158.0,663.0,178.4377,0.982,2.3909,511.0,27.9204,0.6712,0.8032,257,588,533,829,171.8463
12,56.0762,2,678.3231,593.6069,10112.0,1032.0,155.5953,0.6934,2.5289,533.0,40.0137,0.5199,0.6842,588,915,533,829,171.8463
12,56.0762,3,986.0199,574.0507,10134.0,1263.0,173.6989,0.6504,2.1542,506.0,42.2647,0.3771,0.5477,915,1251,533,829,171.8463
12,56.0762,4,1357.9893,600.6597,10551.0,1221.0,185.8607,0.7157,2.9711,502.0,35.1504,0.4586,0.6289,1251,1582,533,829,171.8463
12,56.4768,1,438.8619,604.9471,11597.0,250.0,202.4231,0.6973,2.9194,525.0,50.8226,0.3822,0.553,257,588,533,829,171.8463
12,56.4768,2,660.0342,585.9496,10451.0,974.0,130.7249,0.7945,1.2512,510.0,45.6681,0.3845,0.5555,588,915,533,829,171.8463
12,56.4768,3,1031.2232,566.0359,13604.0,1719.0,239.5267,0.3824,3.0524,495.0,47.5736,0.3489,0.5173,915,1251,533,829,171.8463
12,56.4768,4,1327.5594,563.7296,5872.0,945.0,121.8951,0.7678,2.0176,508.0,32.165,0.4729,0.6421,1251,1582,533,829,171.8463
12,56.8773,1,443.9495,599.7693,12010.0,656.0,201.4863,0.5811,3.0754,520.0,32.9645,0.6261,0.77,257,588,533,829,171.8463
12,56.8773,2,686.8598,577.1469,11530.0,1390.0,178.6865,0.5953,2.1963,508.0,46.1856,0.3549,0.5239,588,915,533,829,171.8463
12,56.8773,3,1107.1024,565.846,13473.0,1926.0,244.9667,0.3577,3.1107,489.0,57.9718,0.2104,0.3476,915,1251,533,829,171.8463
12,56.8773,4,1317.4138,548.025,3197.0,923.0,45.6959,0.1269,1.4012,530.0,38.5435,0.3319,0.4984,1251,1582,533,829,171.8463
12,57.2779,1,479.3101,583.2338,11527.0,720.0,184.2763,0.4646,2.5677,515.0,47.1551,0.4108,0.5823,257,588,533,829,171.8463
12,57.2779,2,728.9799,571.1007,12861.0,1576.0,191.9666,0.4587,2.4025,507.0,49.4577,0.3707,0.5409,588,915,533,829,171.8463
12,57.2779,3,1143.7566,584.366,12860.0,2207.0,193.2797,0.7525,1.9562,484.0,54.8572,0.1966,0.3286,915,1251,533,829,171.8463
12,57.2779,4,1326.6066,555.1153,6861.0,1761.0,122.6389,0.9111,1.721,489.0,30.2837,0.3644,0.5341,1251,1582,533,829,171.8463
12,57.6784,1,487.6722,600.4302,10966.0,411.0,188.5792,0.6516,2.7558,521.0,51.3702,0.4383,0.6094,257,588,533,829,171.8463
12,57.6784,2,744.1908,587.6536,13333.0,849.0,223.3297,0.4922,3.0007,508.0,47.9223,0.4218,0.5933,588,915,533,829,171.8463
12,57.6784,3,1156.6926,609.5835,12095.0,1194.0,172.7573,0.801,2.3657,527.0,41.9316,0.393,0.5643,915,1251,533,829,171.8463
12,57.6784,4,1346.233,577.4909,8875.0,1682.0,164.8611,0.997,2.3434,494.0,37.756,0.3507,0.5193,1251,1582,533,829,171.8463
12,58.079,1,484.9923,617.6088,11237.0,637.0,195.5743,0.8101,2.9301,512.0,39.5872,0.48,0.6487,257,588,533,829,171.8463
12,58.079,2,765.058,598.593,12942.0,1044.0,181.6812,0.838,2.0375,501.0,50.8882,0.3653,0.5351,588,915,533,829,171.8463
12,58.079,3,1165.7279,607.1443,12032.0,954.0,166.8431,0.9016,2.0579,523.0,29.9254,0.5922,0.7439,915,1251,533,829,171.8463
12,58.079,4,1360.6556,603.463,10290.0,1054.0,194.825,0.9333,2.9547,507.0,39.5643,0.4177,0.5893,1251,1582,533,829,171.8463
12,58.4795,1,498.0204,621.4656,10700.0,631.0,177.5508,0.731,3.0335,543.0,37.3647,0.4375,0.6087,257,588,533,829,171.8463
12,58.4795,2,769.044,624.4207,13423.0,471.0,194.2929,0.9337,2.3126,514.0,45.9822,0.4806,0.6492,588,915,533,829,171.8463
12,58.4795,3,1159.434,582.9634,11094.0,1188.0,136.8282,0.8786,1.3394,507.0,48.6588,0.3894,0.5605,915,1251,533,829,171.8463
12,58.4795,4,1358.9729,583.6281,9829.0,1270.0,162.1045,0.6864,2.4785,506.0,37.9699,0.4212,0.5928,1251,1582,533,829,171.8463
12,58.88,1,511.813,614.8211,10492.0,1185.0,176.8263,0.8509,3.1501,542.0,30.2534,0.5378,0.6994,257,588,533,829,171.8463
12,58.88,2,776.0808,621.7146,14175.0,758.0,202.7304,0.9688,2.4015,505.0,29.5565,0.6678,0.8008,588,915,533,829,171.8463
12,58.88,3,1116.0953,574.05,12100.0,1098.0,209.9715,0.3509,2.8356,510.0,48.2209,0.323,0.4882,915,1251,533,829,171.8463
12,58.88,4,1342.8,581.2193,7876.0,1091.0,130.179,0.791,2.0978,507.0,34.4408,0.5054,0.6714,1251,1582,533,829,171.8463
12,59.2806,1,512.6882,636.9701,10140.0,583.0,184.3605,0.8555,3.3969,543.0,37.955,0.5147,0.6796,257,588,533,829,171.8463
12,59.2806,2,784.7828,607.4861,15114.0,1856.0,205.9821,0.9723,2.2297,481.0,34.0182,0.6102,0.7579,588,915,533,829,171.8463
12,59.2806,3,1066.8734,562.7603,12958.0,1520.0,239.5383,0.2953,3.5417,506.0,43.6683,0.3968,0.5681,915,1251,533,829,171.8463
12,59.2806,4,1330.416,590.2406,8332.0,1057.0,139.0141,0.9471,2.0996,501.0,34.3638,0.4396,0.6107,1251,1582,533,829,171.8463
12,59.6811,1,521.9806,631.6383,10353.0,814.0,181.4304,0.8956,3.2019,546.0,28.9785,0.6075,0.7559,257,588,533,829,171.8463
12,59.6811,2,799.2993,622.1886,16073.0,874.0,223.8986,0.9635,2.4156,501.0,40.5516,0.5201,0.6843,588,915,533,829,171.8463
12,59.6811,3,1020.9374,566.9113,11333.0,1343.0,178.7491,0.3724,2.3842,504.0,46.8282,0.3288,0.4948,915,1251,533,829,171.8463
12,59.6811,4,1325.6921,606.4629,7784.0,1118.0,154.5339,0.965,3.025,504.0,36.2388,0.4606,0.6307,1251,1582,533,829,171.8463
12,60.0817,1,529.0277,641.524,11967.0,202.0,181.8484,0.9823,2.6818,543.0,36.2984,0.461,0.6311,257,588,533,829,171.8463
12,60.0817,2,807.5695,624.9948,16928.0,793.0,208.2054,0.9904,2.1069,507.0,38.091,0.5475,0.7076,588,915,533,829,171.8463
12,60.0817,3,1002.4204,588.0572,9262.0,721.0,122.7901,0.4999,1.6853,538.0,43.0165,0.2809,0.4386,915,1251,533,829,171.8463
12,60.0817,4,1309.9237,585.8801,6478.0,1098.0,124.1437,0.9711,2.4481,523.0,27.1942,0.5757,0.7308,1251,1582,533,829,171.8463
12,60.4822,1,524.5529,586.6992,9536.0,1325.0,127.2575,0.9071,1.7869,543.0,47.7215,0.393,0.5642,257,588,533,829,171.8463
12,60.4822,2,800.2644,608.1427,15211.0,1521.0,214.2834,0.9191,2.4999,486.0,36.8465,0.5439,0.7046,588,915,533,829,171.8463
12,60.4822,3,1004.9909,604.4726,10612.0,986.0,147.8093,0.6956,2.2053,534.0,33.3245,0.4293,0.6007,915,1251,533,829,171.8463
12,60.4822,4,1309.3194,565.8739,4640.0,1098.0,83.5199,0.9996,1.7274,524.0,40.0355,0.4409,0.612,1251,1582,533,829,171.8463
12,60.8828,1,504.405,604.6482,12472.0,1391.0,164.432,0.7655,2.2699,541.0,36.4496,0.5339,0.6961,257,588,533,829,171.8463
12,60.8828,2,791.0639,630.8054,15327.0,608.0,216.5001,0.9874,2.463,510.0,47.621,0.4776,0.6465,588,915,533,829,171.8463
12,60.8828,3,997.1367,614.3926,10032.0,784.0,171.4523,0.7871,2.9011,529.0,27.1796,0.5299,0.6927,915,1251,533,829,171.8463
12,60.8828,4,1318.684,562.2801,6216.0,1222.0,96.5193,0.8191,1.3948,513.0,32.4301,0.4692,0.6387,1251,1582,533,829,171.8463
12,61.2833,1,491.2303,645.5644,14792.0,121.0,184.896,0.9473,2.1437,545.0,39.6378,0.4336,0.6049,257,588,533,829,171.8463
12,61.2833,2,788.4863,621.4598,15629.0,1126.0,225.1002,0.9171,2.7052,508.0,44.4637,0.4294,0.6008,588,915,533,829,171.8463
12,61.2833,3,999.4546,622.1208,10111.0,811.0,197.2882,0.8972,3.5533,514.0,27.8359,0.523,0.6868,915,1251,533,829,171.8463
12,61.2833,4,1329.4515,569.2067,8952.0,1422.0,132.723,0.7254,1.5929,504.0,32.3459,0.5514,0.7108,1251,1582,533,829,171.8463
12,61.6839,1,484.0153,598.5318,14268.0,1890.0,185.9005,0.9497,1.8952,480.0,50.1609,0.3781,0.5487,257,588,533,829,171.8463
12,61.6839,2,791.3652,597.255,12559.0,1366.0,220.7756,0.6336,3.3885,506.0,42.6091,0.3508,0.5194,588,915,533,829,171.8463
12,61.6839,3,990.0995,597.6257,9071.0,1449.0,175.2031,0.8943,2.9067,492.0,29.7311,0.5127,0.6778,915,1251,533,829,171.8463
12,61.6839,4,1346.4162,577.5592,11140.0,1967.0,146.9552,0.8279,1.6945,500.0,37.0499,0.4194,0.591,1251,1582,533,829,171.8463
12,62.0844,1,483.3934,618.3338,16245.0,1207.0,195.7124,0.9404,1.7706,495.0,33.7885,0.5503,0.7099,257,588,533,829,171.8463
12,62.0844,2,825.5258,602.6998,12477.0,1812.0,184.0762,0.9144,2.3092,496.0,45.3638,0.2673,0.4218,588,915,533,829,171.8463
12,62.0844,3,982.8825,590.2918,7124.0,1076.0,163.8328,0.9497,3.237,501.0,25.0894,0.5586,0.7168,915,1251,533,829,171.8463
12,62.0844,4,1355.897,576.7925,10102.0,1532.0,167.8622,0.7031,2.4488,503.0,28.4584,0.5777,0.7323,1251,1582,533,829,171.8463
12,62.4849,1,477.4358,643.0379,17033.0,57.0,216.5892,0.9471,2.2676,531.0,36.6049,0.5175,0.6821,257,588,533,829,171.8463
12,62.4849,2,854.2821,591.3381,8086.0,870.0,151.114,0.9223,2.5259,510.0,32.6387,0.4743,0.6434,588,915,533,829,171.8463
12,62.4849,3,987.9211,585.0539,7983.0,1009.0,172.026,0.8573,3.0777,510.0,32.5734,0.5224,0.6863,915,1251,533,829,171.8463
12,62.4849,4,1340.417,574.7266,8489.0,1159.0,152.1088,0.7007,2.2892,502.0,30.6123,0.5503,0.7099,1251,1582,533,829,171.8463
12,62.8855,1,478.1205,584.531,15504.0,3364.0,211.6053,0.9566,2.144,457.0,45.8226,0.4496,0.6203,257,588,533,829,171.8463
12,62.8855,2,849.0827,571.4912,5928.0,742.0,107.5469,0.999,1.5632,515.0,35.6128,0.4431,0.6141,588,915,533,829,171.8463
12,62.8855,3,984.5659,592.6796,8475.0,1046.0,159.0135,0.8932,2.442,506.0,31.0694,0.6607,0.7957,915,1251,533,829,171.8463
12,62.8855,4,1345.2072,598.3173,7885.0,951.0,108.0123,0.8294,1.8293,526.0,33.8847,0.3865,0.5575,1251,1582,533,829,171.8463
12,63.286,1,493.1846,622.5654,14669.0,803.0,214.6641,0.7676,2.8277,542.0,53.1557,0.2961,0.4569,257,588,533,829,171.8463
12,63.286,2,830.3569,580.029,9033.0,1545.0,165.8331,0.914,2.5213,495.0,44.2725,0.3472,0.5155,588,915,533,829,171.8463
12,63.286,3,970.331,583.6634,6336.0,696.0,102.3179,0.8987,1.7311,532.0,40.2623,0.4528,0.6233,915,1251,533,829,171.8463
12,63.286,4,1333.2446,614.1351,8359.0,731.0,124.9121,0.8663,2.0762,542.0,31.0409,0.4382,0.6093,1251,1582,533,829,171.8463
12,63.6866,1,503.4083,632.5619,12224.0,650.0,201.1249,0.7997,3.2875,540.0,32.2038,0.5104,0.6759,257,588,533,829,171.8463
12,63.6866,2,802.0486,593.897,8897.0,632.0,157.9983,0.8851,2.2711,512.0,56.1731,0.2432,0.3912,588,915,533,829,171.8463
12,63.6866,3,968.9747,571.5917,7189.0,1166.0,101.7935,0.9665,1.5273,532.0,34.7746,0.4458,0.6166,915,1251,533,829,171.8463
12,63.6866,4,1333.6645,626.6322,6999.0,0.0,132.4436,0.8293,2.4434,550.0,27.0663,0.5335,0.6958,1251,1582,533,829,171.8463
12,64.0871,1,520.1397,593.6516,7895.0,1330.0,153.227,0.9571,2.5538,495.0,36.0515,0.4179,0.5895,257,588,533,829,171.8463
12,64.0871,2,774.5317,596.0491,9447.0,992.0,168.5349,0.9769,2.4644,502.0,50.9756,0.3634,0.533,588,915,533,829,171.8463
12,64.0871,3,985.3492,574.5945,9432.0,704.0,122.3097,0.5074,1.3342,519.0,43.1713,0.4376,0.6087,915,1251,533,829,171.8463
12,64.0871,4,1319.0827,591.825,8868.0,972.0,134.0025,0.9594,1.794,525.0,36.401,0.4601,0.6302,1251,1582,533,829,171.8463
12,64.4877,1,536.9769,598.7359,3427.0,45.0,86.6771,0.9985,2.3047,562.0,34.3674,0.2631,0.4165,257,588,533,829,171.8463
12,64.4877,2,756.755,605.3653,10296.0,987.0,179.0339,1.0,2.5984,502.0,43.8527,0.4627,0.6326,588,915,533,829,171.8463
12,64.4877,3,1013.1959,582.2207,11415.0,1303.0,161.5985,0.848,1.6954,501.0,40.9157,0.4163,0.5879,915,1251,533,829,171.8463
12,64.4877,4,1327.3851,567.5885,8488.0,1565.0,144.4614,0.7936,1.8773,499.0,42.1478,0.4445,0.6155,1251,1582,533,829,171.8463
12,64.8882,1,512.9475,577.8,5506.0,257.0,110.4805,0.9397,1.6542,523.0,46.7798,0.1912,0.3211,257,588,533,829,171.8463
12,64.8882,2,749.3285,616.0218,10733.0,623.0,179.5558,1.0,2.5786,514.0,29.6146,0.6492,0.7873,588,915,533,829,171.8463
12,64.8882,3,1036.5573,597.4897,12323.0,735.0,161.4455,0.9217,1.8024,505.0,43.1779,0.4397,0.6108,915,1251,533,829,171.8463
12,64.8882,4,1361.5581,558.2433,9810.0,2084.0,165.3473,0.3522,2.2976,503.0,41.4806,0.3699,0.5401,1251,1582,533,829,171.8463
12,65.2888,1,483.596,586.6285,7997.0,338.0,145.826,0.8235,2.181,524.0,46.9283,0.3347,0.5015,257,588,533,829,171.8463
12,65.2888,2,740.0316,611.5242,11531.0,1168.0,207.4537,0.9828,3.0297,502.0,31.6533,0.6341,0.7761,588,915,533,829,171.8463
12,65.2888,3,1045.7394,608.4086,12931.0,819.0,170.7289,0.9784,1.9028,511.0,38.8282,0.4857,0.6538,915,1251,533,829,171.8463
12,65.2888,4,1401.2821,556.1711,13026.0,2459.0,213.6124,0.3494,2.5512,486.0,42.339,0.3832,0.5541,1251,1582,533,829,171.8463
12,65.6893,1,477.675,589.6169,10568.0,1236.0,177.4648,0.821,2.4681,508.0,31.9454,0.6354,0.7771,257,588,533,829,171.8463
12,65.6893,2,742.0929,634.9728,12586.0,775.0,215.0626,0.9844,3.2252,507.0,25.9668,0.6892,0.816,588,915,533,829,171.8463
12,65.6893,3,1037.2956,587.6818,12701.0,1729.0,214.9993,0.623,3.0712,500.0,42.8521,0.3189,0.4835,915,1251,533,829,171.8463
12,65.6893,4,1457.4108,579.2826,16713.0,2516.0,202.1138,0.6032,1.8129,482.0,52.4351,0.2205,0.3613,1251,1582,533,829,171.8463
12,66.0898,1,479.0308,600.142,10041.0,138.0,180.1781,0.7118,2.6745,528.0,37.41,0.6024,0.7519,257,588,533,829,171.8463
12,66.0898,2,745.0085,638.2207,13245.0,581.0,212.08,0.9417,3.1231,517.0,28.9996,0.6139,0.7608,588,915,533,829,171.8463
12,66.0898,3,1016.3807,593.1839,11569.0,1419.0,184.9058,0.7679,2.6843,498.0,47.0006,0.3025,0.4644,915,1251,533,829,171.8463
12,66.0898,4,1468.707,608.058,15958.0,1093.0,219.5019,0.6589,2.6812,522.0,45.74,0.384,0.5549,1251,1582,533,829,171.8463
12,66.4904,1,471.3323,604.1265,10790.0,753.0,180.3132,0.7847,2.7862,511.0,29.3512,0.6278,0.7714,257,588,533,829,171.8463
12,66.4904,2,757.0808,602.8592,12297.0,1613.0,221.7441,0.8946,3.2121,495.0,35.031,0.5299,0.6927,588,915,533,829,171.8463
12,66.4904,3,999.8009,609.7799,10957.0,1063.0,151.2256,0.7758,2.3596,530.0,38.1981,0.3518,0.5205,915,1251,533,829,171.8463
12,66.4904,4,1476.6905,565.2838,14330.0,4143.0,208.884,0.8352,2.2743,456.0,41.6078,0.4376,0.6088,1251,1582,533,829,171.8463
12,66.8909,1,473.3686,614.3574,11438.0,422.0,176.0417,0.7603,2.5628,521.0,25.3718,0.6272,0.7709,257,588,533,829,171.8463
12,66.8909,2,779.1815,601.5417,12245.0,982.0,230.8966,0.708,3.6054,515.0,54.24,0.3894,0.5605,588,915,533,829,171.8463
12,66.8909,3,991.606,617.2196,8286.0,722.0,175.3818,0.9507,3.2551,511.0,29.7263,0.4097,0.5813,915,1251,533,829,171.8463
12,66.8909,4,1490.0435,594.644,14265.0,1791.0,192.213,0.7203,2.2544,523.0,49.3929,0.3797,0.5504,1251,1582,533,829,171.8463
12,67.2915,1,484.3596,605.3902,10111.0,683.0,172.0327,0.8482,2.6644,513.0,27.4961,0.5997,0.7497,257,588,533,829,171.8463
12,67.2915,2,808.0526,597.0109,11219.0,1189.0,215.023,0.7484,3.3864,510.0,59.7723,0.413,0.5846,588,915,533,829,171.8463
12,67.2915,3,990.6816,584.5489,8633.0,1621.0,171.5125,0.9277,3.0806,494.0,35.9211,0.3267,0.4925,915,1251,533,829,171.8463
12,67.2915,4,1484.2085,612.1154,14507.0,1071.0,187.1999,0.7981,2.1989,524.0,30.5493,0.6343,0.7762,1251,1582,533,829,171.8463
12,67.692,1,487.8394,608.5685,9856.0,775.0,183.2877,0.8741,3.1617,509.0,30.7586,0.6064,0.7549,257,588,533,829,171.8463
12,67.692,2,817.8965,604.9552,11333.0,1301.0,193.8631,0.8343,3.0323,507.0,47.0098,0.4789,0.6477,588,915,533,829,171.8463
12,67.692,3,983.4874,587.2286,8241.0,724.0,139.6251,0.9916,1.9915,511.0,27.2519,0.481,0.6495,915,1251,533,829,171.8463
12,67.692,4,1482.7424,576.0582,12494.0,2806.0,203.9909,0.7674,2.6577,474.0,44.0852,0.4018,0.5733,1251,1582,533,829,171.8463
12,68.0926,1,496.583,611.6804,9913.0,467.0,185.2268,0.8533,3.1654,519.0,32.2518,0.5904,0.7425,257,588,533,829,171.8463
12,68.0926,2,824.4122,619.545,11110.0,722.0,189.3733,0.8352,3.0448,517.0,43.8881,0.481,0.6496,588,915,533,829,171.8463
12,68.0926,3,982.9143,582.4686,8717.0,1339.0,161.673,0.9906,2.3335,503.0,22.9502,0.6466,0.7854,915,1251,533,829,171.8463
12,68.0926,4,1493.8248,578.5565,10408.0,1943.0,172.726,0.7774,2.2872,485.0,38.2384,0.4395,0.6106,1251,1582,533,829,171.8463
12,68.4931,1,498.8115,622.3726,10540.0,580.0,189.0679,0.8666,3.1516,515.0,24.4181,0.6451,0.7842,257,588,533,829,171.8463
12,68.4931,2,834.2107,606.5011,11000.0,1426.0,201.3456,0.8678,3.0151,495.0,27.4992,0.6643,0.7983,588,915,533,829,171.8463
12,68.4931,3,996.1663,602.2614,9881.0,1162.0,196.5433,0.8964,3.355,509.0,31.9016,0.5346,0.6967,915,1251,533,829,171.8463
12,68.4931,4,1519.1613,560.2661,10045.0,3288.0,183.234,0.9975,2.6744,460.0,38.4522,0.4038,0.5753,1251,1582,533,829,171.8463
12,68.8937,1,501.5763,617.8334,9694.0,544.0,187.1595,0.8952,3.2646,515.0,25.2938,0.6496,0.7876,257,588,533,829,171.8463
12,68.8937,2,825.4345,620.2327,11133.0,1045.0,217.2068,0.8544,3.6081,505.0,26.3197,0.6542,0.7909,588,915,533,829,171.8463
12,68.8937,3,1003.1419,596.3268,9756.0,821.0,166.6415,0.7863,2.5537,512.0,34.1796,0.5007,0.6673,915,1251,533,829,171.8463
12,68.8937,4,1507.2162,596.233,11487.0,1767.0,195.1476,0.9887,2.6705,488.0,40.4726,0.4037,0.5752,1251,1582,533,829,171.8463
12,69.2942,1,509.2603,609.0984,8829.0,556.0,178.5085,0.9124,3.1222,515.0,19.3748,0.7566,0.8614,257,588,533,829,171.8463
12,69.2942,2,817.2558,635.6242,11198.0,338.0,210.8673,0.8445,3.5771,521.0,24.7768,0.6664,0.7998,588,915,533,829,171.8463
12,69.2942,3,981.6358,575.6269,8867.0,1866.0,161.5657,0.9576,2.1935,482.0,45.4607,0.3802,0.5509,915,1251,533,829,171.8463
12,69.2942,4,1486.0478,581.7152,13051.0,3496.0,225.9624,0.9881,3.1859,466.0,43.3824,0.3986,0.57,1251,1582,533,829,171.8463
12,69.6947,1,517.0358,604.3161,7549.0,645.0,171.6421,0.9807,3.2458,510.0,27.828,0.5872,0.7399,257,588,533,829,171.8463
12,69.6947,2,826.4636,612.6061,11759.0,786.0,177.7705,0.9729,2.3026,512.0,42.0883,0.4288,0.6003,588,915,533,829,171.8463
12,69.6947,3,974.0752,633.3475,8955.0,0.0,159.3817,0.9512,2.4116,533.0,47.8548,0.2378,0.3842,915,1251,533,829,171.8463
12,69.6947,4,1479.1444,596.9495,12268.0,1739.0,198.9796,0.9267,2.5841,501.0,42.0047,0.5216,0.6856,1251,1582,533,829,171.8463
12,70.0953,1,511.914,619.8909,8200.0,180.0,142.6137,0.993,2.4982,526.0,25.4566,0.5693,0.7255,257,588,533,829,171.8463
12,70.0953,2,821.6093,591.6894,9657.0,897.0,145.1937,0.9544,1.9655,512.0,37.6715,0.4338,0.6051,588,915,533,829,171.8463
12,70.0953,3,974.024,643.8565,11477.0,21.0,189.8652,0.9712,2.6215,532.0,25.5387,0.6028,0.7522,915,1251,533,829,171.8463
12,70.0953,4,1476.3076,583.1528,11518.0,1767.0,154.5815,0.9034,1.7082,495.0,40.7027,0.5453,0.7058,1251,1582,533,829,171.8463
12,70.4958,1,505.7845,583.902,7275.0,389.0,127.8869,0.8492,1.9155,524.0,39.5746,0.345,0.513,257,588,533,829,171.8463
12,70.4958,2,803.6568,591.1186,11228.0,1740.0,187.7153,0.9493,2.3268,499.0,41.9684,0.4575,0.6278,588,915,533,829,171.8463
12,70.4958,3,976.7613,581.6153,10618.0,1800.0,169.8315,0.9382,1.9996,483.0,41.6561,0.3887,0.5598,915,1251,533,829,171.8463
12,70.4958,4,1480.8142,565.3128,10610.0,2284.0,131.5845,0.9891,1.2689,482.0,38.5082,0.531,0.6937,1251,1582,533,829,171.8463
12,70.8964,1,476.1326,579.5791,8425.0,310.0,131.9557,0.6036,1.6663,526.0,43.596,0.4242,0.5957,257,588,533,829,171.8463
12,70.8964,2,782.6831,591.4461,12207.0,824.0,194.4298,0.761,2.445,518.0,51.1011,0.3802,0.5509,588,915,533,829,171.8463
12,70.8964,3,996.957,585.2605,13079.0,1324.0,163.6368,0.8096,1.5942,502.0,38.641,0.4429,0.6139,915,1251,533,829,171.8463
12,70.8964,4,1461.3418,592.6055,14398.0,1639.0,180.5387,0.9233,1.9734,492.0,48.7804,0.3372,0.5043,1251,1582,533,829,171.8463
12,71.2969,1,460.6298,581.9865,8965.0,458.0,152.8295,0.6196,2.1208,522.0,36.9628,0.5759,0.7309,257,588,533,829,171.8463
12,71.2969,2,737.7975,574.2706,12481.0,1630.0,219.0085,0.5052,3.1235,509.0,52.6577,0.3945,0.5658,588,915,533,829,171.8463
12,71.2969,3,1032.025,589.9624,14443.0,1487.0,224.9758,0.6143,2.9102,499.0,46.9771,0.3032,0.4653,915,1251,533,829,171.8463
12,71.2969,4,1427.8371,581.5546,13111.0,2335.0,214.9148,0.7551,2.839,475.0,50.0824,0.3174,0.4818,1251,1582,533,829,171.8463
12,71.6975,1,440.5564,588.6523,8827.0,494.0,141.3618,0.922,1.8099,517.0,42.1679,0.5142,0.6792,257,588,533,829,171.8463
12,71.6975,2,694.2161,575.0614,11145.0,1066.0,182.8535,0.4859,2.5132,514.0,61.5553,0.3409,0.5084,588,915,533,829,171.8463
12,71.6975,3,1104.4399,568.4539,15251.0,3317.0,223.1279,0.6344,2.4419,469.0,56.9131,0.198,0.3305,915,1251,533,829,171.8463
12,71.6975,4,1386.7684,584.9697,12692.0,2379.0,175.3577,0.9427,2.0058,472.0,54.7612,0.2274,0.3706,1251,1582,533,829,171.8463
12,72.098,1,430.1962,597.3911,8512.0,121.0,127.2241,0.9698,1.603,528.0,39.4692,0.5538,0.7128,257,588,533,829,171.8463
12,72.098,2,674.333,586.7422,10226.0,1031.0,156.8558,0.6979,2.2366,509.0,48.7761,0.4318,0.6032,588,915,533,829,171.8463
12,72.098,3,1137.7315,590.5777,14862.0,2208.0,203.9421,0.7655,2.0092,484.0,57.6936,0.2209,0.3619,915,1251,533,829,171.8463
12,72.098,4,1372.41,620.9537,12013.0,1302.0,208.3193,0.8879,3.2027,500.0,41.2493,0.3192,0.484,1251,1582,533,829,171.8463
12,72.4986,1,439.0559,586.6231,8063.0,380.0,130.2923,0.8819,1.7647,523.0,26.8856,0.6739,0.8052,257,588,533,829,171.8463
12,72.4986,2,672.0671,592.0299,11561.0,1456.0,186.1939,0.7693,2.6161,498.0,31.8436,0.6197,0.7652,588,915,533,829,171.8463
12,72.4986,3,1154.149,601.9596,14496.0,2165.0,193.235,0.9916,1.8334,479.0,39.8158,0.4377,0.6089,915,1251,533,829,171.8463
12,72.4986,4,1345.9172,573.5355,8284.0,1635.0,152.9655,0.8246,2.4581,496.0,29.3565,0.4387,0.6098,1251,1582,533,829,171.8463
12,72.8991,1,450.7207,594.2837,8819.0,249.0,138.4149,0.9104,1.7801,525.0,35.6118,0.591,0.7429,257,588,533,829,171.8463
12,72.8991,2,684.4043,611.0954,12336.0,802.0,200.2989,0.7314,2.6259,506.0,34.3884,0.5607,0.7185,588,915,533,829,171.8463
12,72.8991,3,1166.3069,594.881,14341.0,1624.0,171.5668,0.9811,1.5467,494.0,36.4528,0.5231,0.6869,915,1251,533,829,171.8463
12,72.8991,4,1319.7596,561.8289,5396.0,1036.0,114.8852,0.8677,2.0359,503.0,33.557,0.3873,0.5583,1251,1582,533,829,171.8463
12,73.2996,1,451.6224,604.0439,9643.0,346.0,151.2308,0.8692,2.2482,523.0,33.2733,0.604,0.7531,257,588,533,829,171.8463
12,73.2996,2,692.4824,623.817,12845.0,467.0,206.1438,0.7439,2.9178,517.0,27.3664,0.6427,0.7825,588,915,533,829,171.8463
12,73.2996,3,1135.0668,588.6945,13272.0,1982.0,194.9587,0.8599,2.3814,480.0,53.506,0.3283,0.4943,915,1251,533,829,171.8463
12,73.2996,4,1315.7553,567.1243,6378.0,1587.0,164.2624,0.9416,3.52,484.0,28.7958,0.5521,0.7114,1251,1582,533,829,171.8463
12,73.7002,1,467.2947,603.8281,10187.0,416.0,157.3643,0.9138,2.1112,521.0,28.2475,0.5965,0.7473,257,588,533,829,171.8463
12,73.7002,2,692.2245,612.6546,12988.0,595.0,208.8688,0.7537,2.7501,516.0,34.4764,0.5464,0.7067,588,915,533,829,171.8463
12,73.7002,3,1092.6556,582.4123,13794.0,2438.0,210.081,0.8644,2.5953,467.0,55.5121,0.2745,0.4307,915,1251,533,829,171.8463
12,73.7002,4,1325.3256,612.3389,8424.0,738.0,198.9605,0.9357,3.7332,505.0,35.341,0.4842,0.6525,1251,1582,533,829,171.8463
12,74.1007,1,466.1017,608.739,10234.0,327.0,164.4243,0.8555,2.4145,523.0,26.3754,0.6527,0.7899,257,588,533,829,171.8463
12,74.1007,2,677.4748,587.7518,11653.0,1066.0,144.9919,0.9224,1.3316,506.0,44.6975,0.4595,0.6297,588,915,533,829,171.8463
12,74.1007,3,1054.5873,604.8092,16552.0,1079.0,186.2397,0.9915,1.7553,501.0,52.7245,0.2502,0.4003,915,1251,533,829,171.8463
12,74.1007,4,1329.4535,583.7123,9414.0,1703.0,171.7327,0.9405,2.5908,489.0,43.7866,0.4671,0.6367,1251,1582,533,829,171.8463
12,74.5013,1,473.2185,610.2268,10551.0,712.0,179.1724,0.8697,2.7438,512.0,30.021,0.6032,0.7525,257,588,533,829,171.8463
12,74.5013,2,696.5264,580.6473,12087.0,1020.0,163.7029,0.5665,1.7553,510.0,42.0947,0.4396,0.6107,588,915,533,829,171.8463
12,74.5013,3,1056.829,611.5508,15428.0,1249.0,209.6973,0.8043,2.4921,507.0,38.9752,0.3974,0.5688,915,1251,533,829,171.8463
12,74.5013,4,1332.6612,587.7261,7495.0,963.0,107.2013,0.7585,1.6217,524.0,34.9261,0.5028,0.6691,1251,1582,533,829,171.8463
12,74.9018,1,477.5597,618.5642,10569.0,385.0,180.3207,0.8523,2.901,520.0,29.2996,0.6262,0.7702,257,588,533,829,171.8463
12,74.9018,2,737.5731,578.8728,13103.0,1441.0,200.2302,0.5933,2.4884,505.0,54.3716,0.3198,0.4846,588,915,533,829,171.8463
12,74.9018,3,1095.8977,586.1348,14735.0,1862.0,210.9069,0.6594,2.4116,491.0,43.5278,0.3935,0.5647,915,1251,533,829,171.8463
12,74.9018,4,1317.6326,575.6967,8249.0,2454.0,122.2233,0.9956,2.4003,525.0,44.8304,0.3228,0.4881,1251,1582,533,829,171.8463
12,75.3024,1,485.487,613.748,9926.0,398.0,170.2688,0.8623,2.6656,523.0,23.8655,0.6765,0.807,257,588,533,829,171.8463
12,75.3024,2,781.2408,594.114,15265.0,973.0,222.2441,0.544,2.5854,506.0,60.834,0.2125,0.3505,588,915,533,829,171.8463
12,75.3024,3,1144.1479,586.1156,16900.0,3592.0,213.6973,0.893,2.0697,467.0,55.3345,0.2017,0.3356,915,1251,533,829,171.8463
12,75.3024,4,1323.0131,607.4124,11032.0,961.0,155.3073,0.9887,2.0553,527.0,41.5708,0.4337,0.6051,1251,1582,533,829,171.8463
12,75.7029,1,488.4531,613.8024,10064.0,609.0,184.5744,0.9079,3.0288,519.0,29.3302,0.5978,0.7483,257,588,533,829,171.8463
12,75.7029,2,801.5318,602.0799,14235.0,877.0,199.863,0.6227,2.6044,531.0,40.7729,0.4579,0.6281,588,915,533,829,171.8463
12,75.7029,3,1159.634,627.8229,15693.0,1490.0,205.343,0.9517,2.1842,505.0,41.9574,0.3362,0.5032,915,1251,533,829,171.8463
12,75.7029,4,1342.9074,591.2609,14126.0,2137.0,187.4719,0.9729,1.9058,481.0,40.4107,0.4449,0.6158,1251,1582,533,829,171.8463
12,76.1035,1,496.2961,610.1094,10067.0,493.0,180.2561,0.8236,2.9564,521.0,31.3571,0.5711,0.727,257,588,533,829,171.8463
12,76.1035,2,822.8149,605.9953,13196.0,769.0,165.2768,0.8228,1.9234,528.0,36.7996,0.5196,0.6838,588,915,533,829,171.8463
12,76.1035,3,1142.5918,596.4077,10845.0,1308.0,164.1125,0.9236,2.2098,504.0,43.2583,0.278,0.435,915,1251,533,829,171.8463
12,76.1035,4,1350.7629,585.1199,13729.0,2888.0,182.0163,0.9731,2.0122,473.0,35.368,0.4846,0.6528,1251,1582,533,829,171.8463
12,76.504,1,495.9645,613.7124,10191.0,596.0,183.655,0.8707,2.9348,517.0,25.0346,0.6629,0.7973,257,588,533,829,171.8463
12,76.504,2,826.462,593.6573,10843.0,874.0,148.3366,0.9664,1.6544,507.0,39.6379,0.5015,0.668,588,915,533,829,171.8463
12,76.504,3,1156.3111,558.9017,8803.0,2114.0,158.6294,0.7841,2.1932,485.0,28.5287,0.488,0.6559,915,1251,533,829,171.8463
12,76.504,4,1347.848,620.8851,11983.0,1310.0,204.9067,0.84,3.1126,501.0,38.5724,0.4265,0.5979,1251,1582,533,829,171.8463
12,76.9045,1,491.8157,625.9781,10538.0,454.0,190.063,0.8382,3.0969,517.0,21.1793,0.7545,0.8601,257,588,533,829,171.8463
12,76.9045,2,816.0654,592.0426,10155.0,695.0,141.0411,0.9583,1.6596,511.0,31.2372,0.6351,0.7768,588,915,533,829,171.8463
12,76.9045,3,1173.9161,582.8482,10957.0,2392.0,205.3596,0.9685,2.805,470.0,45.3907,0.3574,0.5266,915,1251,533,829,171.8463
12,76.9045,4,1322.8698,603.2871,8480.0,1714.0,117.8466,0.8657,2.1267,552.0,38.6472,0.3428,0.5106,1251,1582,533,829,171.8463
12,77.3051,1,500.4315,618.365,9056.0,184.0,160.3516,0.9061,2.5657,526.0,30.5133,0.5741,0.7294,257,588,533,829,171.8463
12,77.3051,2,814.9401,592.0154,12056.0,1040.0,154.9779,0.9943,1.6495,500.0,35.1716,0.5949,0.746,588,915,533,829,171.8463
12,77.3051,3,1172.8237,620.819,10765.0,810.0,206.6033,0.9762,3.2095,513.0,41.4906,0.4956,0.6627,915,1251,533,829,171.8463
12,77.3051,4,1304.8368,608.2993,6114.0,1030.0,103.8652,0.979,2.046,573.0,34.1908,0.3821,0.553,1251,1582,533,829,171.8463
12,77.7056,1,502.6765,588.31,6296.0,408.0,124.3489,0.9958,2.1906,523.0,43.0356,0.4361,0.6073,257,588,533,829,171.8463
12,77.7056,2,818.2642,615.1557,12883.0,423.0,166.5526,0.9628,1.8724,530.0,41.8908,0.5307,0.6934,588,915,533,829,171.8463
12,77.7056,3,1175.0411,609.4498,11135.0,1642.0,201.3815,0.9609,3.0316,489.0,35.7635,0.5452,0.7057,915,1251,533,829,171.8463
12,77.7056,4,1307.8327,605.3004,6158.0,855.0,120.8565,0.9596,2.385,554.0,23.0093,0.674,0.8052,1251,1582,533,829,171.8463
12,78.1062,1,477.2011,566.4126,7250.0,454.0,138.8217,0.4488,2.0508,523.0,47.1836,0.3103,0.4736,257,588,533,829,171.8463
12,78.1062,2,808.2492,594.6083,14469.0,1811.0,221.3924,0.8127,2.6846,486.0,34.6136,0.566,0.7229,588,915,533,829,171.8463
12,78.1062,3,1170.9913,598.8278,12424.0,1678.0,174.002,0.9987,1.9609,491.0,40.446,0.4957,0.6628,915,1251,533,829,171.8463
12,78.1062,4,1323.8004,564.611,9421.0,2722.0,180.0482,0.9304,2.5703,466.0,53.0536,0.3276,0.4935,1251,1582,533,829,171.8463
12,78.5067,1,440.8686,574.7258,10025.0,293.0,180.8189,0.3838,2.6375,526.0,56.7674,0.352,0.5208,257,588,533,829,171.8463
12,78.5067,2,773.8632,599.3084,16486.0,1549.0,243.2265,0.6714,2.7393,497.0,49.0652,0.3661,0.536,588,915,533,829,171.8463
12,78.5067,3,1161.7349,610.4204,14264.0,753.0,168.4036,0.9657,1.7692,528.0,35.6128,0.5749,0.7301,915,1251,533,829,171.8463
12,78.5067,4,1354.5047,583.2631,15068.0,2931.0,200.9629,0.8635,2.2006,476.0,59.0032,0.2452,0.3939,1251,1582,533,829,171.8463
12,78.9073,1,422.0286,586.1199,11822.0,815.0,170.9208,0.5729,2.2099,513.0,44.7983,0.4688,0.6383,257,588,533,829,171.8463
12,78.9073,2,737.0069,605.5237,16472.0,1250.0,268.4029,0.5922,3.6147,508.0,51.2009,0.3167,0.4811,588,915,533,829,171.8463
12,78.9073,3,1148.8048,600.1709,13579.0,1150.0,163.229,0.9996,1.5834,499.0,37.9593,0.5187,0.683,915,1251,533,829,171.8463
12,78.9073,4,1378.3604,588.951,14051.0,1831.0,224.6222,0.6811,2.9345,491.0,42.5278,0.3977,0.569,1251,1582,533,829,171.8463
12,79.3078,1,411.0551,594.2649,9230.0,192.0,151.2365,0.7887,2.0154,526.0,38.1813,0.5209,0.685,257,588,533,829,171.8463
12,79.3078,2,721.3397,601.734,15074.0,1173.0,209.9451,0.6738,2.3922,506.0,32.2468,0.5714,0.7273,588,915,533,829,171.8463
12,79.3078,3,1133.1677,603.0359,13975.0,1067.0,176.2412,0.8451,1.8866,505.0,33.9005,0.5483,0.7083,915,1251,533,829,171.8463
12,79.3078,4,1426.9364,567.125,15047.0,4025.0,213.586,0.8765,2.2536,451.0,49.1855,0.3335,0.5002,1251,1582,533,829,171.8463
12,79.7084,1,407.5022,595.8358,10739.0,621.0,174.645,0.7274,2.4274,517.0,24.8021,0.7069,0.8283,257,588,533,829,171.8463
12,79.7084,2,699.8316,594.2855,11227.0,959.0,203.3594,0.7141,2.94,513.0,30.0387,0.5949,0.746,588,915,533,829,171.8463
12,79.7084,3,1111.6344,595.0455,13306.0,1657.0,209.747,0.732,2.9069,491.0,44.2808,0.3833,0.5542,915,1251,533,829,171.8463
12,79.7084,4,1456.5091,604.8612,17401.0,1682.0,205.895,0.7636,2.1146,519.0,54.5722,0.2366,0.3826,1251,1582,533,829,171.8463
12,80.1089,1,400.2764,595.5418,8706.0,141.0,132.6898,0.9406,1.632,527.0,34.2102,0.5555,0.7142,257,588,533,829,171.8463
12,80.1089,2,681.3494,586.9185,10446.0,1600.0,189.0525,0.8122,2.8486,493.0,35.8858,0.4829,0.6513,588,915,533,829,171.8463
12,80.1089,3,1066.977,590.8316,12937.0,1396.0,190.0662,0.808,2.1474,491.0,54.673,0.2681,0.4228,915,1251,533,829,171.8463
12,80.1089,4,1455.802,613.3446,16099.0,1276.0,184.5958,0.9799,1.7698,497.0,37.4339,0.4283,0.5998,1251,1582,533,829,171.8463
12,80.5094,1,398.0082,615.1426,10579.0,228.0,158.5618,0.9716,1.9985,527.0,30.4814,0.609,0.757,257,588,533,829,171.8463
12,80.5094,2,678.1048,618.442,9547.0,312.0,158.0338,0.8856,2.5655,522.0,32.4994,0.418,0.5896,588,915,533,829,171.8463
12,80.5094,3,1052.0929,620.8849,14711.0,882.0,202.8214,0.9267,2.2446,501.0,43.6467,0.358,0.5273,915,1251,533,829,171.8463
12,80.5094,4,1425.0893,581.4636,13818.0,2295.0,207.7362,0.7034,2.6416,491.0,47.9792,0.3165,0.4809,1251,1582,533,829,171.8463
12,80.91,1,400.7493,616.3232,10658.0,119.0,153.2241,0.9191,2.0171,528.0,31.6214,0.5975,0.748,257,588,533,829,171.8463
12,80.91,2,679.7235,620.0412,12593.0,1197.0,204.1841,0.9467,2.8457,500.0,30.0888,0.5203,0.6845,588,915,533,829,171.8463
12,80.91,3,1039.9236,616.2706,13988.0,1234.0,215.9737,0.8805,2.8633,505.0,28.5258,0.5563,0.7149,915,1251,533,829,171.8463
12,80.91,4,1388.5338,588.2231,12557.0,1251.0,224.3407,0.5077,3.3746,500.0,52.5115,0.2719,0.4276,1251,1582,533,829,171.8463
12,81.3105,1,410.4269,612.3221,11140.0,206.0,152.2395,0.9067,1.8954,526.0,31.4098,0.5768,0.7316,257,588,533,829,171.8463
12,81.3105,2,687.9943,639.3947,12869.0,476.0,222.6572,0.9596,3.2347,516.0,23.3055,0.6656,0.7992,588,915,533,829,171.8463
12,81.3105,3,1011.6889,571.5947,11420.0,2195.0,192.8703,0.7734,2.4902,482.0,33.2656,0.4765,0.6455,915,1251,533,829,171.8463
12,81.3105,4,1357.9941,603.5489,10622.0,1163.0,142.25,0.6004,2.1686,535.0,46.5564,0.2193,0.3597,1251,1582,533,829,171.8463
12,81.7111,1,423.4195,603.5011,11348.0,343.0,175.4949,0.7911,2.2975,526.0,33.5669,0.5982,0.7486,257,588,533,829,171.8463
12,81.7111,2,689.4702,618.5905,10187.0,585.0,155.3387,0.9993,2.1982,515.0,36.1454,0.4641,0.6339,588,915,533,829,171.8463
12,81.7111,3,1011.205,607.1886,11968.0,775.0,181.805,0.711,2.5215,515.0,44.4448,0.3487,0.5171,915,1251,533,829,171.8463
12,81.7111,4,1327.2641,625.543,9528.0,854.0,129.059,0.9027,1.9079,550.0,38.1178,0.2563,0.408,1251,1582,533,829,171.8463
12,82.1116,1,427.7281,612.396,11860.0,276.0,180.4457,0.793,2.4506,526.0,29.5362,0.6545,0.7912,257,588,533,829,171.8463
12,82.1116,2,718.4111,579.4744,10827.0,1458.0,187.0462,0.7639,2.5217,503.0,47.7281,0.3039,0.4662,588,915,533,829,171.8463
12,82.1116,3,1001.9644,620.2179,10893.0,937.0,190.2496,0.8583,2.9176,509.0,31.8672,0.4486,0.6194,915,1251,533,829,171.8463
12,82.1116,4,1314.8028,613.0865,7783.0,903.0,138.4934,0.9212,2.2738,556.0,21.9642,0.6504,0.7882,1251,1582,533,829,171.8463
12,82.5122,1,434.2914,612.2493,12176.0,235.0,179.0034,0.751,2.3916,526.0,29.2676,0.6258,0.7698,257,588,533,829,171.8463
12,82.5122,2,743.1972,595.0885,11728.0,1287.0,189.5317,0.7744,2.7449,504.0,54.5714,0.2926,0.4528,588,915,533,829,171.8463
12,82.5122,3,973.8813,585.2005,8341.0,1630.0,200.0891,0.941,3.4238,482.0,28.5123,0.5087,0.6743,915,1251,533,829,171.8463
12,82.5122,4,1326.9399,591.3169,6402.0,634.0,167.2002,0.8952,3.1745,509.0,40.9468,0.3116,0.4751,1251,1582,533,829,171.8463
12,82.9127,1,444.3986,606.688,12347.0,725.0,183.5867,0.8076,2.4647,514.0,30.2362,0.624,0.7685,257,588,533,829,171.8463
12,82.9127,2,774.5068,606.2199,11913.0,804.0,216.4894,0.7395,3.3669,517.0,61.7563,0.2519,0.4024,588,915,533,829,171.8463
12,82.9127,3,978.6477,618.4946,8540.0,974.0,156.1688,0.9274,3.1587,542.0,30.2395,0.4659,0.6356,915,1251,533,829,171.8463
12,82.9127,4,1340.9898,561.0041,4691.0,695.0,96.3013,0.9837,1.5651,515.0,42.5503,0.1968,0.3289,1251,1582,533,829,171.8463
12,83.3133,1,451.3417,612.6043,11841.0,184.0,183.4185,0.7592,2.6259,527.0,31.4239,0.6491,0.7872,257,588,533,829,171.8463
12,83.3133,2,803.8415,598.2951,11714.0,1200.0,219.4599,0.7276,3.4751,510.0,51.0672,0.4033,0.5748,588,915,533,829,171.8463
12,83.3133,3,979.8228,643.4612,9029.0,420.0,203.0136,0.9695,4.3584,516.0,24.2236,0.5437,0.7044,915,1251,533,829,171.8463
12,83.3133,4,1359.4687,556.1455,7896.0,1722.0,138.4959,0.6538,1.9519,499.0,38.2448,0.4433,0.6143,1251,1582,533,829,171.8463
12,83.7138,1,458.0041,610.2234,12079.0,494.0,185.0959,0.7659,2.5321,519.0,23.8604,0.7154,0.8341,257,588,533,829,171.8463
12,83.7138,2,817.2405,605.1749,11807.0,1279.0,203.1906,0.8001,3.0878,505.0,49.6517,0.4778,0.6467,588,915,533,829,171.8463
12,83.7138,3,969.6225,589.8791,9566.0,1815.0,179.3901,0.9851,2.7168,486.0,35.1852,0.4352,0.6065,915,1251,533,829,171.8463
12,83.7138,4,1382.5948,589.519,12632.0,1780.0,194.9616,0.8571,2.3728,498.0,51.7629,0.2555,0.407,1251,1582,533,829,171.8463
12,84.1143,1,456.8234,616.8214,11985.0,299.0,183.6067,0.7728,2.6146,525.0,23.8561,0.6966,0.8211,257,588,533,829,171.8463
12,84.1143,2,822.1747,621.9607,11887.0,867.0,211.7787,0.8209,3.2692,511.0,43.2022,0.4612,0.6313,588,915,533,829,171.8463
12,84.1143,3,983.8174,596.8804,9096.0,676.0,141.4824,0.8405,2.1024,533.0,33.5037,0.4746,0.6437,915,1251,533,829,171.8463
12,84.1143,4,1406.994,584.7232,10031.0,1170.0,175.8274,0.8072,2.3551,504.0,43.287,0.3981,0.5695,1251,1582,533,829,171.8463
12,84.5149,1,462.2131,612.7053,11971.0,554.0,184.3017,0.7594,2.6533,521.0,22.3546,0.722,0.8385,257,588,533,829,171.8463
12,84.5149,2,824.1407,629.7552,11743.0,740.0,218.5467,0.8283,3.4284,511.0,24.0046,0.6822,0.8111,588,915,533,829,171.8463
12,84.5149,3,986.5359,592.34,10808.0,1042.0,140.604,0.9996,1.4472,505.0,28.6128,0.5936,0.745,915,1251,533,829,171.8463
12,84.5149,4,1430.5487,562.6391,9306.0,2147.0,152.2431,0.9275,1.8735,480.0,35.7861,0.4989,0.6657,1251,1582,533,829,171.8463
12,84.9154,1,461.4271,614.3033,11495.0,261.0,180.6412,0.7528,2.6897,526.0,24.2884,0.6834,0.8119,257,588,533,829,171.8463
12,84.9154,2,825.9395,624.6821,11878.0,1205.0,224.0134,0.9004,3.418,498.0,28.5443,0.6359,0.7774,588,915,533,829,171.8463
12,84.9154,3,996.9972,582.109,11800.0,905.0,144.323,0.654,1.3918,512.0,34.8116,0.4742,0.6433,915,1251,533,829,171.8463
12,84.9154,4,1436.413,578.3299,9635.0,1446.0,150.1068,0.9294,1.9296,504.0,39.9386,0.4488,0.6195,1251,1582,533,829,171.8463
12,85.316,1,468.4816,611.7817,11498.0,506.0,183.8219,0.7531,2.7052,521.0,23.1252,0.7042,0.8264,257,588,533,829,171.8463
12,85.316,2,836.1583,626.7127,10848.0,1223.0,226.445,0.9116,3.5536,498.0,28.5399,0.5852,0.7384,588,915,533,829,171.8463
12,85.316,3,1020.6505,578.7274,12630.0,1322.0,193.9596,0.5595,2.3993,506.0,32.8436,0.5207,0.6848,915,1251,533,829,171.8463
12,85.316,4,1426.764,585.1363,11239.0,1746.0,174.8386,0.7726,2.407,495.0,29.8805,0.5301,0.6929,1251,1582,533,829,171.8463
12,85.7165,1,476.8388,598.3075,11065.0,570.0,178.1555,0.6573,2.5898,522.0,26.9456,0.6576,0.7934,257,588,533,829,171.8463
12,85.7165,2,856.1137,599.1353,9539.0,1361.0,188.5095,0.9973,2.7838,495.0,38.4554,0.4496,0.6203,588,915,533,829,171.8463
12,85.7165,3,1055.1321,572.6801,12516.0,1097.0,189.2555,0.4116,2.4034,511.0,39.0845,0.4522,0.6228,915,1251,533,829,171.8463
12,85.7165,4,1386.7661,562.4341,9205.0,2271.0,171.5266,0.809,2.5362,480.0,42.3405,0.3364,0.5034,1251,1582,533,829,171.8463
12,86.1171,1,487.9417,600.56,11055.0,700.0,181.7623,0.7375,2.6188,512.0,40.2364,0.5533,0.7124,257,588,533,829,171.8463
12,86.1171,2,852.6058,570.9491,9274.0,2412.0,190.8593,0.9968,2.9934,474.0,29.4508,0.5984,0.7487,588,915,533,829,171.8463
12,86.1171,3,1089.1342,574.3464,13311.0,1335.0,196.5297,0.4631,2.3901,508.0,36.8169,0.4272,0.5987,915,1251,533,829,171.8463
12,86.1171,4,1388.9868,604.2959,10793.0,833.0,166.0498,0.8608,2.3301,505.0,37.6211,0.3725,0.5429,1251,1582,533,829,171.8463
12,86.5176,1,488.0438,617.7627,10689.0,273.0,178.5505,0.8143,2.7144,524.0,35.6757,0.5335,0.6958,257,588,533,829,171.8463
12,86.5176,2,835.7287,586.6989,11894.0,2246.0,211.6508,0.9916,2.9754,479.0,39.3884,0.4446,0.6156,588,915,533,829,171.8463
12,86.5176,3,1118.4471,579.1922,13989.0,1431.0,190.1964,0.4643,2.1717,507.0,39.5331,0.4332,0.6045,915,1251,533,829,171.8463
12,86.5176,4,1379.8701,597.1654,11713.0,1285.0,184.6641,0.949,2.3393,508.0,38.7208,0.3864,0.5575,1251,1582,533,829,171.8463
12,86.9182,1,496.5734,608.4246,10098.0,789.0,174.6333,0.8812,2.7301,508.0,28.3984,0.6404,0.7808,257,588,533,829,171.8463
12,86.9182,2,820.8251,616.2285,13626.0,1316.0,226.7127,0.9993,2.8082,500.0,44.1349,0.4474,0.6182,588,915,533,829,171.8463
12,86.9182,3,1142.1114,580.9951,12395.0,1397.0,152.7515,0.5959,1.6843,506.0,34.0215,0.4893,0.6571,915,1251,533,829,171.8463
12,86.9182,4,1407.4804,572.5807,12068.0,2278.0,214.022,0.5956,3.1611,497.0,46.4627,0.3928,0.5641,1251,1582,533,829,171.8463
12,87.3187,1,496.7256,607.7452,10407.0,591.0,185.6625,0.7846,2.8942,515.0,28.2841,0.5951,0.7462,257,588,533,829,171.8463
12,87.3187,2,814.339,629.6554,12854.0,1078.0,252.5288,0.9075,4.0858,510.0,46.2787,0.4226,0.5941,588,915,533,829,171.8463
12,87.3187,3,1147.1928,591.0496,10998.0,1143.0,146.6323,0.7379,1.873,509.0,30.2564,0.5242,0.6878,915,1251,533,829,171.8463
12,87.3187,4,1456.3813,561.7044,12501.0,2452.0,184.6009,0.3975,2.1897,499.0,53.0724,0.337,0.5041,1251,1582,533,829,171.8463
12,87.7192,1,487.2168,620.4339,11596.0,510.0,180.0219,0.8493,2.5622,514.0,27.466,0.5703,0.7264,257,588,533,829,171.8463
12,87.7192,2,840.3534,587.7641,12145.0,3478.0,248.0086,0.964,4.0301,455.0,57.3845,0.3734,0.5438,588,915,533,829,171.8463
12,87.7192,3,1176.3362,581.7672,9331.0,1025.0,137.7864,0.908,1.6471,511.0,25.6827,0.5433,0.7041,915,1251,533,829,171.8463
12,87.7192,4,1487.7549,576.7068,11739.0,1450.0,164.5439,0.6246,2.0319,500.0,53.8223,0.3366,0.5037,1251,1582,533,829,171.8463
12,88.1198,1,509.2731,603.6094,9018.0,265.0,140.2738,0.8217,2.1153,543.0,31.6776,0.5191,0.6834,257,588,533,829,171.8463
12,88.1198,2,861.9819,621.3908,9323.0,1526.0,198.4384,0.9766,3.9331,526.0,63.1756,0.1889,0.3178,588,915,533,829,171.8463
12,88.1198,3,1175.7172,577.1027,7987.0,730.0,120.8598,0.8667,1.4436,516.0,26.0594,0.7316,0.845,915,1251,533,829,171.8463
12,88.1198,4,1501.3476,600.2543,11239.0,981.0,159.5179,0.8142,2.148,507.0,41.8982,0.4402,0.6113,1251,1582,533,829,171.8463
12,88.5203,1,512.6378,600.5442,9430.0,664.0,142.7794,0.8465,2.2218,543.0,25.1361,0.6747,0.8057,257,588,533,829,171.8463
12,88.5203,2,858.4206,627.1868,9354.0,550.0,224.0804,0.9976,4.4039,515.0,40.6471,0.4332,0.6045,588,915,533,829,171.8463
12,88.5203,3,1162.2473,571.2064,7577.0,1001.0,115.3349,0.9284,1.459,511.0,30.704,0.5979,0.7484,915,1251,533,829,171.8463
12,88.5203,4,1508.8981,585.4309,10546.0,1430.0,146.1564,0.9131,1.766,503.0,32.8957,0.5648,0.7219,1251,1582,533,829,171.8463
12,88.9209,1,516.7984,622.3353,9736.0,69.0,151.784,0.8809,2.2534,543.0,31.8902,0.547,0.7072,257,588,533,829,171.8463
12,88.9209,2,831.0873,590.2526,11546.0,2274.0,206.7085,0.993,3.0304,475.0,60.1042,0.2195,0.36,588,915,533,829,171.8463
12,88.9209,3,1150.5287,567.9927,6888.0,1076.0,112.797,0.998,1.4663,509.0,27.615,0.6024,0.7519,915,1251,533,829,171.8463
12,88.9209,4,1507.9594,575.7225,9320.0,1426.0,131.2366,0.8852,1.633,503.0,22.5804,0.6787,0.8086,1251,1582,533,829,171.8463
12,89.3214,1,514.1056,590.8455,9673.0,587.0,144.1364,0.765,1.6455,518.0,41.929,0.3952,0.5665,257,588,533,829,171.8463
12,89.3214,2,798.1222,588.1586,14351.0,2692.0,219.5728,0.9702,2.4915,473.0,52.9266,0.2938,0.4541,588,915,533,829,171.8463
12,89.3214,3,1130.3623,576.1031,8641.0,1246.0,127.9994,0.8327,1.7174,509.0,35.7985,0.4187,0.5903,915,1251,533,829,171.8463
12,89.3214,4,1508.3314,564.4368,7426.0,1248.0,113.9218,0.9867,1.3732,506.0,23.0623,0.679,0.8088,1251,1582,533,829,171.8463
12,89.722,1,488.5476,579.489,9393.0,559.0,144.078,0.5293,1.788,520.0,39.716,0.4648,0.6346,257,588,533,829,171.8463
12,89.722,2,770.078,611.9516,14403.0,1578.0,248.3979,0.892,3.4538,500.0,58.0671,0.2716,0.4271,588,915,533,829,171.8463
12,89.722,3,1096.6251,571.6971,10129.0,1424.0,154.2704,0.6249,2.0581,510.0,46.0696,0.3254,0.491,915,1251,533,829,171.8463
12,89.722,4,1499.9184,574.9866,7937.0,918.0,114.2711,0.9994,1.3946,509.0,21.632,0.7252,0.8407,1251,1582,533,829,171.8463
12,90.1225,1,468.5223,593.7481,11591.0,476.0,151.3074,0.6697,1.6135,519.0,42.2874,0.4605,0.6306,257,588,533,829,171.8463
12,90.1225,2,730.5084,590.6436,14230.0,3265.0,246.6399,0.897,3.5611,466.0,60.8936,0.2729,0.4287,588,915,533,829,171.8463
12,90.1225,3,1055.5213,573.5924,10426.0,898.0,164.2089,0.5642,2.0535,517.0,56.7872,0.2928,0.453,915,1251,533,829,171.8463
12,90.1225,4,1483.1819,575.6359,8607.0,1002.0,125.2504,0.9066,1.5053,510.0,30.5677,0.5606,0.7184,1251,1582,533,829,171.8463
12,90.5231,1,449.5762,598.6843,12614.0,704.0,164.6798,0.7756,1.8157,511.0,42.5484,0.5174,0.6819,257,588,533,829,171.8463
12,90.5231,2,691.9888,604.4623,13950.0,2622.0,254.4706,0.9061,4.0717,476.0,69.1268,0.1436,0.2511,588,915,533,829,171.8463
12,90.5231,3,1027.1193,577.2688,10679.0,1036.0,171.4926,0.5942,2.2648,514.0,47.2953,0.4199,0.5914,915,1251,533,829,171.8463
12,90.5231,4,1471.755,579.5091,9137.0,1146.0,127.6211,0.9551,1.5447,507.0,27.9042,0.6127,0.7598,1251,1582,533,829,171.8463
12,90.9236,1,432.1488,607.7205,13271.0,410.0,169.0708,0.7907,1.832,519.0,39.0226,0.5028,0.6691,257,588,533,829,171.8463
12,90.9236,2,667.6012,610.6594,12844.0,2245.0,246.9073,0.9409,3.951,490.0,48.4493,0.3741,0.5445,588,915,533,829,171.8463
12,90.9236,3,1008.7776,582.8059,10393.0,1120.0,159.9516,0.715,2.1842,508.0,43.5957,0.448,0.6188,915,1251,533,829,171.8463
12,90.9236,4,1466.735,577.7965,8559.0,1108.0,122.3881,0.9838,1.5316,507.0,27.8049,0.5858,0.7388,1251,1582,533,829,171.8463
12,91.3241,1,407.3125,599.5844,15148.0,239.0,221.4346,0.4476,2.729,528.0,33.5287,0.5003,0.6669,257,588,533,829,171.8463
12,91.3241,2,674.501,600.6386,14108.0,2882.0,229.3188,0.9848,3.2373,464.0,34.1374,0.5354,0.6974,588,915,533,829,171.8463
12,91.3241,3,1005.2735,594.1335,10503.0,990.0,162.0497,0.7998,2.3004,511.0,34.0993,0.5468,0.707,915,1251,533,829,171.8463
12,91.3241,4,1448.4143,578.0873,9327.0,1157.0,133.6913,0.9992,1.5317,506.0,34.5968,0.5303,0.6931,1251,1582,533,829,171.8463
12,91.7247,1,379.5297,580.7231,13624.0,440.0,212.308,0.3179,2.7124,524.0,32.9635,0.5748,0.73,257,588,533,829,171.8463
12,91.7247,2,669.6112,594.026,13000.0,1818.0,196.8914,0.9812,2.0424,497.0,35.1709,0.5345,0.6966,588,915,533,829,171.8463
12,91.7247,3,996.1573,596.5015,9865.0,1051.0,169.5939,0.8258,2.593,505.0,29.9683,0.5901,0.7422,915,1251,533,829,171.8463
12,91.7247,4,1435.1972,587.7545,10042.0,903.0,145.7944,0.8736,1.7763,513.0,31.7387,0.5669,0.7236,1251,1582,533,829,171.8463
12,92.1252,1,362.2215,591.9939,13331.0,653.0,191.1694,0.4935,2.2854,516.0,42.9195,0.4649,0.6347,257,588,533,829,171.8463
12,92.1252,2,702.7836,588.212,13875.0,2731.0,191.25,0.9982,2.2643,467.0,59.1093,0.297,0.458,588,915,533,829,171.8463
12,92.1252,3,996.715,605.1892,8758.0,730.0,147.4876,0.9272,2.3214,511.0,26.9987,0.5606,0.7185,915,1251,533,829,171.8463
12,92.1252,4,1425.709,586.5,10849.0,1188.0,161.9314,0.7627,2.1241,510.0,33.1358,0.5343,0.6965,1251,1582,533,829,171.8463
12,92.5258,1,356.122,605.9191,12988.0,461.0,191.4779,0.6545,2.3075,517.0,36.4911,0.5222,0.6861,257,588,533,829,171.8463
12,92.5258,2,736.2424,600.2065,16249.0,2284.0,205.2685,0.9647,2.1827,473.0,58.0418,0.288,0.4472,588,915,533,829,171.8463
12,92.5258,3,992.1184,574.9431,5768.0,979.0,104.4171,0.9834,2.1165,535.0,33.7196,0.4379,0.6091,915,1251,533,829,171.8463
12,92.5258,4,1406.3093,578.5143,11398.0,1539.0,176.4664,0.6377,2.3567,506.0,31.37,0.6098,0.7576,1251,1582,533,829,171.8463
12,92.9263,1,342.1118,608.7761,12917.0,1342.0,202.8415,0.8627,2.3523,498.0,37.5695,0.492,0.6595,257,588,533,829,171.8463
12,92.9263,2,775.9724,604.8822,17127.0,1871.0,249.1113,0.7078,2.7108,490.0,55.1675,0.2239,0.3659,588,915,533,829,171.8463
12,92.9263,3,1004.0146,560.6658,5829.0,846.0,111.3104,0.6529,1.7342,514.0,37.0506,0.3344,0.5012,915,1251,533,829,171.8463
12,92.9263,4,1389.9322,582.1154,11811.0,1730.0,163.2023,0.6862,2.0708,506.0,35.9926,0.5065,0.6724,1251,1582,533,829,171.8463
12,93.3269,1,341.057,643.4315,11580.0,0.0,193.4945,0.7815,2.8908,547.0,39.3927,0.4169,0.5885,257,588,533,829,171.8463
12,93.3269,2,825.7729,593.9807,14428.0,3288.0,225.2615,0.9641,2.3842,459.0,57.6679,0.1849,0.3121,588,915,533,829,171.8463
12,93.3269,3,1031.1672,563.9797,9292.0,1405.0,173.2273,0.5095,2.5957,510.0,47.9547,0.3758,0.5463,915,1251,533,829,171.8463
12,93.3269,4,1374.5322,585.284,11350.0,1171.0,178.3367,0.6132,2.5288,510.0,34.7777,0.5226,0.6865,1251,1582,533,829,171.8463
12,93.7274,1,336.1051,631.4551,13141.0,748.0,188.7996,0.7867,2.6596,546.0,22.3363,0.6903,0.8168,257,588,533,829,171.8463
12,93.7274,2,857.7889,600.1009,8506.0,1366.0,157.9112,0.9119,2.7905,537.0,43.694,0.3598,0.5292,588,915,533,829,171.8463
12,93.7274,3,1077.3305,565.0732,11222.0,1780.0,196.5842,0.4322,2.8939,506.0,58.1992,0.2951,0.4557,915,1251,533,829,171.8463
12,93.7274,4,1357.2671,576.946,9889.0,1489.0,157.6371,0.6767,2.2502,507.0,33.0709,0.5622,0.7197,1251,1582,533,829,171.8463
12,94.128,1,322.8103,610.5829,12389.0,1874.0,215.699,0.9786,2.6974,484.0,33.2171,0.5754,0.7305,257,588,533,829,171.8463
12,94.128,2,850.5667,590.4236,10445.0,2152.0,157.8465,0.9479,2.3497,527.0,37.8316,0.5168,0.6814,588,915,533,829,171.8463
12,94.128,3,1125.3404,573.5953,11257.0,1076.0,184.9677,0.4506,2.5793,513.0,64.6668,0.2527,0.4035,915,1251,533,829,171.8463
12,94.128,4,1340.4991,584.9634,8598.0,1075.0,135.9988,0.8228,2.0203,506.0,38.2626,0.4446,0.6156,1251,1582,533,829,171.8463
12,94.5285,1,327.7241,663.1651,12075.0,0.0,189.5328,0.8559,2.5418,555.0,38.9141,0.4175,0.5891,257,588,533,829,171.8463
12,94.5285,2,845.6152,592.0711,12004.0,2717.0,234.9999,0.9792,3.6381,471.0,24.7245,0.704,0.8263,588,915,533,829,171.8463
12,94.5285,3,1149.8746,579.3524,10280.0,1123.0,148.5067,0.6736,1.935,509.0,45.9134,0.4525,0.623,915,1251,533,829,171.8463
12,94.5285,4,1329.5186,589.9837,7771.0,803.0,128.7367,0.8942,2.0029,511.0,31.5807,0.519,0.6834,1251,1582,533,829,171.8463
12,94.929,1,326.1379,670.6344,11946.0,0.0,194.2137,0.8702,2.9725,554.0,27.2449,0.5844,0.7377,257,588,533,829,171.8463
12,94.929,2,837.4767,631.3454,11912.0,551.0,210.2712,0.9999,3.1588,515.0,40.2567,0.4299,0.6013,588,915,533,829,171.8463
12,94.929,3,1161.8107,582.8848,9639.0,1203.0,125.1893,0.8994,1.4885,505.0,38.6945,0.4999,0.6666,915,1251,533,829,171.8463
12,94.929,4,1317.1186,581.3254,6389.0,863.0,119.8288,0.9407,2.0878,509.0,25.8681,0.5767,0.7315,1251,1582,533,829,171.8463
12,95.3296,1,313.435,588.5186,10363.0,2376.0,218.2743,0.9692,3.4691,470.0,40.6111,0.3855,0.5565,257,588,533,829,171.8463
12,95.3296,2,815.1674,586.8069,12923.0,2550.0,223.5368,0.9659,3.2123,470.0,48.0493,0.3644,0.5342,588,915,533,829,171.8463
12,95.3296,3,1172.6251,581.7379,8616.0,852.0,113.7362,0.8146,1.4395,526.0,34.9742,0.5874,0.7401,915,1251,533,829,171.8463
12,95.3296,4,1315.7262,584.4594,6622.0,1064.0,121.619,0.9771,2.2037,507.0,22.8541,0.635,0.7767,1251,1582,533,829,171.8463
12,95.7301,1,317.3788,652.5323,9811.0,55.0,199.6153,0.962,3.6482,530.0,37.5735,0.3763,0.5468,257,588,533,829,171.8463
12,95.7301,2,784.3402,605.1403,14766.0,2478.0,237.2378,0.9795,3.1687,478.0,58.2257,0.2478,0.3972,588,915,533,829,171.8463
12,95.7301,3,1169.7056,587.8229,10843.0,1081.0,128.6736,0.7679,1.4875,529.0,26.9568,0.6639,0.798,915,1251,533,829,171.8463
12,95.7301,4,1317.7412,586.6944,6708.0,977.0,126.4007,0.9737,2.3153,506.0,23.2085,0.633,0.7752,1251,1582,533,829,171.8463
12,96.1307,1,324.7185,619.8975,8964.0,149.0,118.4588,0.9873,1.6887,545.0,36.5835,0.3041,0.4664,257,588,533,829,171.8463
12,96.1307,2,747.1536,617.6661,14454.0,1945.0,244.6455,0.928,3.5419,492.0,66.1039,0.1743,0.2969,588,915,533,829,171.8463
12,96.1307,3,1153.717,593.316,12488.0,1114.0,158.0968,0.7526,1.8024,512.0,36.9016,0.5324,0.6949,915,1251,533,829,171.8463
12,96.1307,4,1316.9246,587.8436,6606.0,863.0,111.1793,0.95,1.989,525.0,23.0088,0.6523,0.7895,1251,1582,533,829,171.8463
12,96.5312,1,352.7225,581.2907,7579.0,402.0,110.8174,1.0,1.3281,522.0,41.2782,0.2875,0.4466,257,588,533,829,171.8463
12,96.5312,2,691.9876,584.7336,14412.0,4146.0,265.3535,0.9231,3.9264,456.0,71.1782,0.1351,0.238,588,915,533,829,171.8463
12,96.5312,3,1144.2837,583.2248,11472.0,1382.0,164.1363,0.6382,2.0948,505.0,31.8352,0.5356,0.6976,915,1251,533,829,171.8463
12,96.5312,4,1315.0399,581.5683,6820.0,932.0,110.1108,0.9813,1.7544,523.0,23.5534,0.6425,0.7824,1251,1582,533,829,171.8463
12,96.9318,1,381.8993,592.1449,10735.0,39.0,170.2156,0.6377,2.2487,531.0,49.5858,0.3864,0.5574,257,588,533,829,171.8463
12,96.9318,2,669.0812,614.8051,13995.0,2297.0,255.5611,0.9718,3.8982,485.0,59.5296,0.2544,0.4056,588,915,533,829,171.8463
12,96.9318,3,1158.8272,579.2967,8733.0,1087.0,130.0621,0.817,1.7647,506.0,30.0691,0.5483,0.7082,915,1251,533,829,171.8463
12,96.9318,4,1323.6187,589.6909,7609.0,976.0,113.7655,0.9709,1.7823,524.0,20.9286,0.6813,0.8105,1251,1582,533,829,171.8463
12,97.3323,1,390.5549,593.2751,12924.0,580.0,211.9939,0.5346,3.0801,522.0,33.5806,0.6027,0.7521,257,588,533,829,171.8463
12,97.3323,2,665.4139,605.676,12637.0,2139.0,243.5696,0.9596,3.7594,480.0,28.4514,0.6709,0.803,588,915,533,829,171.8463
12,97.3323,3,1186.8917,558.5011,4847.0,1034.0,102.7637,0.9949,1.6658,510.0,35.4189,0.4345,0.6057,915,1251,533,829,171.8463
12,97.3323,4,1329.8382,597.974,9090.0,912.0,127.9416,0.9325,1.8309,523.0,22.6989,0.6868,0.8143,1251,1582,533,829,171.8463
12,97.7329,1,369.2405,585.7965,12263.0,178.0,188.6726,0.3947,2.5577,527.0,39.0118,0.558,0.7163,257,588,533,829,171.8463
12,97.7329,2,649.9365,587.7317,12473.0,2988.0,233.4695,0.9922,3.3048,464.0,39.2365,0.5164,0.6811,588,915,533,829,171.8463
12,97.7329,3,1181.0151,560.9102,6489.0,1173.0,124.5984,0.7917,1.8853,509.0,30.863,0.5425,0.7034,915,1251,533,829,171.8463
12,97.7329,4,1335.4929,598.9522,10193.0,1059.0,144.8318,0.9433,1.8953,507.0,22.1502,0.6542,0.791,1251,1582,533,829,171.8463
12,98.1334,1,350.0342,590.75,11012.0,200.0,159.9402,0.552,2.1158,526.0,42.0301,0.5174,0.6819,257,588,533,829,171.8463
12,98.1334,2,652.1597,594.4587,14154.0,2228.0,208.3974,0.9998,2.1236,493.0,36.7579,0.5576,0.716,588,915,533,829,171.8463
12,98.1334,3,1150.3301,566.2173,8807.0,1098.0,146.257,0.5135,1.9997,514.0,46.9809,0.3798,0.5505,915,1251,533,829,171.8463
12,98.1334,4,1336.2068,592.2929,9415.0,865.0,147.6622,0.8213,2.0971,510.0,31.811,0.5226,0.6865,1251,1582,533,829,171.8463
12,98.5339,1,327.1001,591.5212,8979.0,361.0,134.4594,0.8248,1.7671,522.0,46.4411,0.454,0.6245,257,588,533,829,171.8463
12,98.5339,2,690.8956,584.2601,13635.0,2832.0,214.8644,0.9718,2.6972,461.0,59.0181,0.2779,0.435,588,915,533,829,171.8463
12,98.5339,3,1110.8441,570.3206,10472.0,1103.0,165.9909,0.498,2.231,513.0,55.6782,0.3026,0.4647,915,1251,533,829,171.8463
12,98.5339,4,1351.1958,587.2656,8497.0,1011.0,125.3974,0.7395,1.8123,508.0,35.5313,0.4127,0.5843,1251,1582,533,829,171.8463
12,98.9345,1,325.2443,611.6294,10062.0,285.0,144.6522,0.8014,2.057,544.0,42.0425,0.4851,0.6533,257,588,533,829,171.8463
12,98.9345,2,729.9547,608.2848,15200.0,1468.0,209.9569,0.9054,2.4984,495.0,66.2482,0.177,0.3007,588,915,533,829,171.8463
12,98.9345,3,1081.7168,581.3341,11427.0,1360.0,155.6063,0.7444,1.8555,502.0,46.4097,0.3766,0.5471,915,1251,533,829,171.8463
12,98.9345,4,1343.637,562.0296,4997.0,869.0,101.5301,0.9891,1.733,507.0,29.3564,0.4937,0.661,1251,1582,533,829,171.8463
12,99.335,1,334.6282,625.1683,11444.0,463.0,166.0465,0.7802,2.4887,546.0,24.7132,0.6785,0.8084,257,588,533,829,171.8463
12,99.335,2,780.8939,596.5712,16583.0,3021.0,221.0135,0.9042,2.3595,468.0,62.9854,0.1988,0.3316,588,915,533,829,171.8463
12,99.335,3,1063.2862,591.7378,10478.0,583.0,163.5978,0.7565,2.1305,518.0,42.9853,0.4207,0.5923,915,1251,533,829,171.8463
12,99.335,4,1337.8431,565.2274,6149.0,1242.0,123.6542,0.9999,1.907,505.0,16.5929,0.6331,0.7753,1251,1582,533,829,171.8463
12,99.7356,1,337.6326,616.7829,12293.0,726.0,195.0246,0.8388,2.5153,508.0,30.9173,0.5697,0.7259,257,588,533,829,171.8463
12,99.7356,2,818.4297,611.0857,15445.0,1826.0,227.9862,0.8493,2.6791,495.0,53.84,0.2182,0.3582,588,915,533,829,171.8463
12,99.7356,3,1051.5879,590.0925,8962.0,639.0,149.1175,0.9233,1.9546,509.0,34.4578,0.5543,0.7133,915,1251,533,829,171.8463
12,99.7356,4,1341.9701,576.8302,11701.0,2342.0,169.9627,0.9242,1.8996,500.0,31.145,0.4407,0.6118,1251,1582,533,829,171.8463
12,100.1361,1,342.6218,627.6367,12830.0,501.0,198.1272,0.7359,2.9066,545.0,23.2768,0.6788,0.8087,257,588,533,829,171.8463
12,100.1361,2,840.785,599.4843,11500.0,1673.0,166.3165,0.7735,2.3115,529.0,33.3564,0.4995,0.6662,588,915,533,829,171.8463
12,100.1361,3,1050.2228,594.668,10174.0,1201.0,176.5817,0.9953,2.437,495.0,26.2128,0.6518,0.7892,915,1251,533,829,171.8463
12,100.1361,4,1356.2247,599.7303,9929.0,681.0,158.2676,0.9939,2.043,511.0,36.443,0.4366,0.6079,1251,1582,533,829,171.8463
12,100.5367,1,337.7973,629.247,11701.0,287.0,212.8667,0.821,3.0948,522.0,18.2432,0.7411,0.8513,257,588,533,829,171.8463
12,100.5367,2,856.101,580.2872,8879.0,2220.0,148.588,0.9148,2.6712,530.0,28.7541,0.5955,0.7465,588,915,533,829,171.8463
12,100.5367,3,1059.7559,614.4205,12423.0,825.0,214.8931,0.9456,2.9788,513.0,29.895,0.5587,0.7169,915,1251,533,829,171.8463
12,100.5367,4,1367.6347,603.4343,11885.0,1232.0,185.8417,0.9928,2.2774,503.0,28.4079,0.6162,0.7625,1251,1582,533,829,171.8463
12,100.9372,1,323.7353,592.0102,6848.0,45.0,122.5544,0.9479,1.7582,530.0,44.9462,0.3556,0.5247,257,588,533,829,171.8463
12,100.9372,2,853.2764,603.4266,9263.0,935.0,187.3591,0.9948,2.8593,505.0,31.6012,0.5691,0.7254,588,915,533,829,171.8463
12,100.9372,3,1052.4673,602.9179,11726.0,1550.0,207.9439,0.8084,3.1906,507.0,27.4351,0.6001,0.7501,915,1251,533,829,171.8463
12,100.9372,4,1376.0264,598.6759,9967.0,598.0,156.877,0.9521,1.8601,519.0,33.8225,0.5256,0.689,1251,1582,533,829,171.8463
12,101.3378,1,330.5323,578.9985,6547.0,146.0,116.7258,0.6977,1.7014,529.0,40.0889,0.428,0.5995,257,588,533,829,171.8463
12,101.3378,2,829.2757,597.5978,9944.0,1104.0,182.4656,0.9772,2.667,504.0,47.9162,0.2985,0.4597,588,915,533,829,171.8463
12,101.3378,3,1034.0764,587.5671,11266.0,1027.0,178.0651,0.6823,2.4564,512.0,39.5503,0.4543,0.6247,915,1251,533,829,171.8463
12,101.3378,4,1379.6128,585.1409,11312.0,1442.0,186.5108,0.7363,2.6217,505.0,33.8661,0.5427,0.7036,1251,1582,533,829,171.8463
12,101.7383,1,372.7967,577.7929,9562.0,233.0,163.5818,0.4501,2.2655,527.0,57.6424,0.3284,0.4944,257,588,533,829,171.8463
12,101.7383,2,794.019,603.4678,10908.0,693.0,180.6424,0.9669,2.2837,511.0,57.3857,0.2586,0.411,588,915,533,829,171.8463
12,101.7383,3,1015.7227,591.492,11039.0,1068.0,162.8283,0.7477,2.1929,505.0,43.7921,0.4433,0.6143,915,1251,533,829,171.8463
12,101.7383,4,1365.3898,573.711,10876.0,1605.0,176.5117,0.5561,2.5785,502.0,28.0799,0.6668,0.8001,1251,1582,533,829,171.8463
12,102.1388,1,400.3882,589.4842,10617.0,272.0,164.0735,0.6103,2.1882,526.0,56.9462,0.364,0.5337,257,588,533,829,171.8463
12,102.1388,2,766.5428,615.4272,12256.0,1082.0,204.0257,0.9924,2.8393,498.0,53.9337,0.3107,0.4741,588,915,533,829,171.8463
12,102.1388,3,997.803,591.8985,10448.0,1074.0,165.0962,0.8146,2.3116,507.0,37.7924,0.5021,0.6685,915,1251,533,829,171.8463
12,102.1388,4,1347.7964,579.6365,8399.0,939.0,128.6608,0.6942,1.8561,511.0,41.5763,0.4417,0.6127,1251,1582,533,829,171.8463
12,102.5394,1,422.3615,603.0416,11548.0,380.0,182.4028,0.7934,2.3574,520.0,54.088,0.4295,0.6009,257,588,533,829,171.8463
12,102.5394,2,741.8444,620.2308,12096.0,956.0,211.0836,0.9957,2.9846,502.0,44.6547,0.4264,0.5979,588,915,533,829,171.8463
12,102.5394,3,997.4068,607.495,9157.0,434.0,134.9385,0.823,2.129,540.0,30.2048,0.564,0.7212,915,1251,533,829,171.8463
12,102.5394,4,1330.6199,584.3114,7412.0,772.0,121.3227,0.8601,1.8558,512.0,31.5004,0.4885,0.6564,1251,1582,533,829,171.8463
12,102.9399,1,420.7014,617.9887,11659.0,143.0,172.0186,0.8239,2.2785,526.0,31.4825,0.6059,0.7546,257,588,533,829,171.8463
12,102.9399,2,726.1292,626.9827,12851.0,1011.0,222.4918,0.9984,3.1271,501.0,37.2193,0.5076,0.6733,588,915,533,829,171.8463
12,102.9399,3,991.9319,587.4576,7811.0,1078.0,154.7709,0.996,2.5474,503.0,34.3987,0.4158,0.5873,915,1251,533,829,171.8463
12,102.9399,4,1323.5355,587.8712,6980.0,817.0,123.8388,0.9251,2.0698,509.0,28.4876,0.5896,0.7418,1251,1582,533,829,171.8463
12,103.3405,1,429.5698,604.6929,10129.0,310.0,149.0863,0.8936,2.0038,520.0,30.0534,0.6246,0.769,257,588,533,829,171.8463
12,103.3405,2,709.4365,600.6636,13473.0,2187.0,232.5545,0.9685,3.2885,480.0,42.0735,0.4707,0.6401,588,915,533,829,171.8463
12,103.3405,3,1002.2285,572.0554,8451.0,1771.0,166.5163,0.994,2.5345,483.0,28.7279,0.5311,0.6938,915,1251,533,829,171.8463
12,103.3405,4,1315.2604,588.8451,6418.0,591.0,108.357,0.9311,1.8062,534.0,26.7251,0.5967,0.7474,1251,1582,533,829,171.8463
12,103.741,1,430.6932,607.1151,11096.0,260.0,164.644,0.7845,2.2381,525.0,27.5943,0.6211,0.7663,257,588,533,829,171.8463
12,103.741,2,697.1677,627.787,12645.0,963.0,240.1384,0.9746,3.6348,511.0,48.9517,0.4393,0.6105,588,915,533,829,171.8463
12,103.741,3,1010.5019,599.0868,10621.0,1397.0,188.7185,0.996,2.7233,491.0,30.4378,0.5016,0.6681,915,1251,533,829,171.8463
12,103.741,4,1318.5095,605.1714,7962.0,993.0,160.5368,0.9703,2.941,505.0,27.601,0.5958,0.7467,1251,1582,533,829,171.8463
12,104.1416,1,431.1509,605.7169,10016.0,309.0,138.1352,0.9353,1.7486,522.0,31.9162,0.5565,0.715,257,588,533,829,171.8463
12,104.1416,2,689.4022,608.709,14176.0,2362.0,250.8309,0.8698,3.6918,482.0,44.2946,0.4145,0.586,588,915,533,829,171.8463
12,104.1416,3,1024.9461,623.7273,11085.0,356.0,207.7472,0.9254,3.0097,523.0,39.1199,0.3843,0.5552,915,1251,533,829,171.8463
12,104.1416,4,1328.8232,626.9903,9562.0,644.0,135.88,0.9781,1.9165,550.0,30.4308,0.508,0.6737,1251,1582,533,829,171.8463
12,104.5421,1,432.7953,594.8939,11637.0,825.0,172.3015,0.6719,2.259,519.0,44.9604,0.3476,0.5159,257,588,533,829,171.8463
12,104.5421,2,681.7398,622.0013,13594.0,1740.0,245.5737,0.9327,3.3601,486.0,44.3094,0.4722,0.6415,588,915,533,829,171.8463
12,104.5421,3,1068.9852,583.4319,11991.0,2140.0,209.4423,0.7114,3.0845,499.0,49.1627,0.2902,0.4498,915,1251,533,829,171.8463
12,104.5421,4,1336.2,629.6305,8045.0,56.0,151.5013,0.8556,2.6882,541.0,35.0688,0.3922,0.5634,1251,1582,533,829,171.8463
12,104.9427,1,409.4691,592.6379,12491.0,589.0,189.3796,0.5579,2.5191,522.0,47.9679,0.407,0.5786,257,588,533,829,171.8463
12,104.9427,2,669.8888,642.8079,13714.0,634.0,223.6277,0.9179,3.3648,531.0,46.0063,0.4151,0.5867,588,915,533,829,171.8463
12,104.9427,3,1123.6553,571.9227,12674.0,2425.0,205.035,0.7113,2.7634,476.0,62.353,0.1794,0.3042,915,1251,533,829,171.8463
12,104.9427,4,1341.2019,568.5227,6558.0,1129.0,129.547,0.9997,1.9561,507.0,43.524,0.2131,0.3513,1251,1582,533,829,171.8463
12,105.3432,1,393.7417,604.0236,12510.0,647.0,174.5667,0.7928,2.1528,516.0,41.6829,0.4504,0.6211,257,588,533,829,171.8463
12,105.3432,2,657.4461,602.3293,13358.0,2243.0,173.2163,0.8824,2.2989,528.0,35.7424,0.5548,0.7137,588,915,533,829,171.8463
12,105.3432,3,1126.8542,625.6493,12887.0,825.0,212.6862,0.9201,2.8916,507.0,57.0931,0.2372,0.3835,915,1251,533,829,171.8463
12,105.3432,4,1365.6117,562.4223,9321.0,1594.0,154.5565,0.5507,1.9748,506.0,44.0893,0.4108,0.5824,1251,1582,533,829,171.8463
12,105.7437,1,386.1903,623.2489,12548.0,120.0,184.9457,0.8197,2.3923,529.0,35.9466,0.5339,0.6961,257,588,533,829,171.8463
12,105.7437,2,660.6049,622.7887,14696.0,1492.0,189.4018,0.9065,2.3714,533.0,32.135,0.622,0.7669,588,915,533,829,171.8463
12,105.7437,3,1138.6019,633.318,11566.0,447.0,201.772,0.9307,3.0745,525.0,33.6354,0.5577,0.7161,915,1251,533,829,171.8463
12,105.7437,4,1400.8134,584.0661,12462.0,2274.0,201.9704,0.8192,2.6013,500.0,56.5123,0.2372,0.3834,1251,1582,533,829,171.8463
12,106.1443,1,379.6825,610.3513,12289.0,349.0,189.1572,0.8049,2.5259,524.0,22.79,0.7448,0.8537,257,588,533,829,171.8463
12,106.1443,2,666.6698,621.247,17180.0,876.0,194.3576,0.95,1.9437,530.0,37.9409,0.4936,0.6609,588,915,533,829,171.8463
12,106.1443,3,1143.3892,595.1119,12805.0,2052.0,195.8557,0.8875,2.5769,487.0,47.0083,0.4214,0.5929,915,1251,533,829,171.8463
12,106.1443,4,1414.2408,613.3364,11544.0,274.0,178.6738,0.8456,2.1239,522.0,51.5144,0.3724,0.5427,1251,1582,533,829,171.8463
12,106.5448,1,369.0677,599.6217,12290.0,570.0,204.0395,0.6658,2.9168,521.0,27.8746,0.6937,0.8192,257,588,533,829,171.8463
12,106.5448,2,700.9113,599.4857,14401.0,1500.0,193.7336,0.8892,2.0886,502.0,54.4052,0.3012,0.463,588,915,533,829,171.8463
12,106.5448,3,1146.0155,600.1563,11929.0,1012.0,173.9907,0.8642,2.0407,509.0,34.0466,0.5599,0.7179,915,1251,533,829,171.8463
12,106.5448,4,1417.6765,621.8905,13208.0,704.0,179.8371,0.9979,2.1395,510.0,41.4028,0.4444,0.6154,1251,1582,533,829,171.8463
12,106.9454,1,360.8116,600.1119,12416.0,390.0,184.8462,0.6471,2.4006,524.0,30.0811,0.6745,0.8056,257,588,533,829,171.8463
12,106.9454,2,748.435,596.3367,14875.0,1063.0,229.7219,0.6234,2.9161,509.0,59.0544,0.233,0.3779,588,915,533,829,171.8463
12,106.9454,3,1144.8058,584.6196,11522.0,1581.0,180.2236,0.6876,2.3007,503.0,51.543,0.3091,0.4722,915,1251,533,829,171.8463
12,106.9454,4,1430.1628,594.6174,13026.0,1999.0,197.8016,0.9635,2.4352,487.0,31.515,0.5297,0.6925,1251,1582,533,829,171.8463
12,107.3459,1,360.5854,609.1187,12480.0,268.0,191.4579,0.69,2.6112,524.0,28.8046,0.6673,0.8004,257,588,533,829,171.8463
12,107.3459,2,790.2164,603.8518,15349.0,1232.0,230.5821,0.6842,2.7567,507.0,56.3709,0.2924,0.4525,588,915,533,829,171.8463
12,107.3459,3,1089.9636,572.288,11003.0,1357.0,186.4601,0.5231,2.6399,506.0,60.1685,0.2118,0.3496,915,1251,533,829,171.8463
12,107.3459,4,1430.8796,613.6196,11329.0,436.0,178.4423,0.9864,2.2317,516.0,28.5211,0.6314,0.7741,1251,1582,533,829,171.8463
12,107.7465,1,359.865,615.7379,12401.0,167.0,186.5766,0.7428,2.4459,526.0,22.0914,0.7469,0.8551,257,588,533,829,171.8463
12,107.7465,2,804.6514,624.4745,15716.0,830.0,228.3123,0.7272,3.1177,531.0,45.1017,0.4308,0.6022,588,915,533,829,171.8463
12,107.7465,3,1044.8475,580.0861,12311.0,1014.0,189.5397,0.4296,2.6215,510.0,53.4605,0.2302,0.3743,915,1251,533,829,171.8463
12,107.7465,4,1427.7411,628.5323,12555.0,273.0,189.721,0.9904,2.3414,524.0,26.9196,0.7178,0.8357,1251,1582,533,829,171.8463
12,108.147,1,357.8775,611.8698,11335.0,378.0,162.5499,0.8801,2.1046,520.0,32.8749,0.5712,0.7271,257,588,533,829,171.8463
12,108.147,2,824.2767,618.5128,14428.0,530.0,206.3036,0.8033,2.6423,531.0,36.2073,0.5652,0.7222,588,915,533,829,171.8463
12,108.147,3,995.6188,567.0735,8440.0,1266.0,155.937,0.6279,2.2698,501.0,40.0381,0.3902,0.5613,915,1251,533,829,171.8463
12,108.147,4,1423.2902,609.6069,12924.0,1149.0,230.6188,0.8124,3.4944,506.0,41.1427,0.4677,0.6373,1251,1582,533,829,171.8463
12,108.5476,1,352.0373,607.5824,11240.0,578.0,160.8445,0.9904,1.9258,513.0,24.3979,0.6066,0.7552,257,588,533,829,171.8463
12,108.5476,2,830.1036,619.2105,15044.0,1031.0,188.0634,0.9,2.2271,530.0,31.0128,0.6268,0.7706,588,915,533,829,171.8463
12,108.5476,3,1007.6357,606.7426,11273.0,1264.0,192.4182,0.8519,2.8673,496.0,43.7851,0.311,0.4744,915,1251,533,829,171.8463
12,108.5476,4,1397.3563,582.3798,13898.0,2731.0,197.2341,0.8115,2.4783,486.0,36.2657,0.5045,0.6706,1251,1582,533,829,171.8463
12,108.9481,1,351.0122,622.8173,10989.0,117.0,169.6721,0.9663,2.2577,527.0,30.3156,0.5444,0.705,257,588,533,829,171.8463
12,108.9481,2,835.4293,620.6768,14341.0,728.0,190.804,0.8847,2.263,531.0,24.4271,0.7063,0.8279,588,915,533,829,171.8463
12,108.9481,3,1005.2924,625.7439,10443.0,548.0,185.9449,0.8552,2.9806,513.0,28.6309,0.5053,0.6714,915,1251,533,829,171.8463
12,108.9481,4,1390.5956,610.1914,12558.0,590.0,198.5361,0.7475,2.6301,513.0,49.5422,0.3608,0.5303,1251,1582,533,829,171.8463
12,109.3486,1,375.6268,583.8547,10312.0,479.0,173.3368,0.583,2.4712,524.0,44.4796,0.4019,0.5734,257,588,533,829,171.8463
12,109.3486,2,835.6619,627.4359,16201.0,1003.0,197.3246,0.9433,2.237,531.0,28.7192,0.655,0.7916,588,915,533,829,171.8463
12,109.3486,3,991.3138,589.7266,8881.0,816.0,173.2016,0.8939,2.699,513.0,34.0703,0.5003,0.6669,915,1251,533,829,171.8463
12,109.3486,4,1378.2603,613.2295,13605.0,1581.0,207.9906,0.9164,2.8693,501.0,38.7694,0.4632,0.6331,1251,1582,533,829,171.8463
12,109.7492,1,408.2402,591.1653,11926.0,365.0,171.6567,0.5939,2.1349,525.0,55.1506,0.3638,0.5335,257,588,533,829,171.8463
12,109.7492,2,841.5297,617.653,13618.0,651.0,187.8075,0.8824,2.3018,531.0,25.6076,0.6778,0.8079,588,915,533,829,171.8463
12,109.7492,3,995.7421,585.9503,9513.0,936.0,166.1694,0.8007,2.4969,511.0,27.3638,0.6438,0.7833,915,1251,533,829,171.8463
12,109.7492,4,1385.5287,607.0672,11702.0,826.0,188.0905,0.7449,2.6817,512.0,38.6049,0.456,0.6264,1251,1582,533,829,171.8463
12,110.1497,1,426.3619,604.1063,11773.0,243.0,174.6833,0.7028,2.3328,527.0,47.6052,0.4106,0.5821,257,588,533,829,171.8463
12,110.1497,2,828.7525,617.2625,15249.0,993.0,189.7537,0.981,1.8873,503.0,35.2976,0.5844,0.7377,588,915,533,829,171.8463
12,110.1497,3,978.8922,584.5309,6922.0,732.0,115.5144,0.925,1.6994,513.0,45.9934,0.4223,0.5939,915,1251,533,829,171.8463
12,110.1497,4,1371.3893,580.3436,13508.0,2361.0,179.03,0.7555,2.0363,487.0,35.9603,0.4952,0.6624,1251,1582,533,829,171.8463
12,110.5503,1,439.3311,610.1893,12449.0,241.0,188.5123,0.6561,2.5822,527.0,32.8985,0.5677,0.7242,257,588,533,829,171.8463
12,110.5503,2,824.218,614.174,13841.0,569.0,182.4519,0.9507,2.0916,528.0,33.2328,0.5943,0.7455,588,915,533,829,171.8463
12,110.5503,3,967.2596,574.3085,5721.0,1034.0,94.9095,0.9878,1.8167,533.0,43.8906,0.3463,0.5144,915,1251,533,829,171.8463
12,110.5503,4,1367.2681,608.413,11897.0,1034.0,184.8353,0.8347,2.6039,507.0,41.2796,0.4008,0.5722,1251,1582,533,829,171.8463
12,110.9508,1,452.6213,593.2643,11985.0,685.0,180.4463,0.605,2.3666,518.0,30.1589,0.612,0.7593,257,588,533,829,171.8463
12,110.9508,2,811.2865,613.3505,15432.0,1348.0,207.833,0.8653,2.3337,498.0,35.9157,0.5642,0.7214,588,915,533,829,171.8463
12,110.9508,3,986.584,567.5814,9061.0,815.0,141.8554,0.4287,1.8183,517.0,41.4142,0.3495,0.5179,915,1251,533,829,171.8463
12,110.9508,4,1364.5751,629.5233,12101.0,670.0,193.2924,0.9212,2.8363,510.0,30.2509,0.5029,0.6692,1251,1582,533,829,171.8463
12,111.3514,1,466.2875,604.3114,12226.0,383.0,177.7185,0.7324,2.213,521.0,50.4559,0.4652,0.635,257,588,533,829,171.8463
12,111.3514,2,816.5785,625.0666,14582.0,860.0,213.6044,0.7516,2.9426,531.0,35.5984,0.5575,0.7159,588,915,533,829,171.8463
12,111.3514,3,1028.2804,566.6965,11217.0,1468.0,187.7984,0.4534,2.5217,506.0,45.5806,0.3417,0.5093,915,1251,533,829,171.8463
12,111.3514,4,1348.5665,606.6737,12031.0,1370.0,205.3826,0.8875,2.9618,493.0,26.926,0.608,0.7563,1251,1582,533,829,171.8463
12,111.7519,1,475.3743,610.188,11291.0,202.0,174.0136,0.7501,2.3558,524.0,37.3771,0.5643,0.7214,257,588,533,829,171.8463
12,111.7519,2,825.5576,635.702,14330.0,430.0,218.0101,0.8314,2.9759,530.0,38.4641,0.5508,0.7104,588,915,533,829,171.8463
12,111.7519,3,1083.3598,566.3145,12842.0,1211.0,191.7873,0.3132,2.4459,508.0,48.0467,0.3146,0.4787,915,1251,533,829,171.8463
12,111.7519,4,1336.4202,606.1164,10282.0,1646.0,198.6493,0.9304,3.4101,482.0,34.9185,0.5004,0.6671,1251,1582,533,829,171.8463
12,112.1525,1,483.7184,606.5671,9755.0,264.0,130.5482,0.9878,1.5433,524.0,41.9987,0.4645,0.6343,257,588,533,829,171.8463
12,112.1525,2,826.5115,615.4707,11862.0,994.0,208.7426,0.8312,3.0947,509.0,37.3497,0.5648,0.7219,588,915,533,829,171.8463
12,112.1525,3,1129.6678,568.7507,12991.0,1554.0,182.4786,0.3725,2.1252,507.0,43.5397,0.3686,0.5386,915,1251,533,829,171.8463
12,112.1525,4,1331.777,625.1799,9282.0,917.0,175.3001,0.9734,3.1827,524.0,35.0092,0.4356,0.6068,1251,1582,533,829,171.8463
12,112.553,1,478.9547,597.0045,8859.0,280.0,122.5229,0.9379,1.4674,525.0,36.3449,0.5227,0.6866,257,588,533,829,171.8463
12,112.553,2,824.23,606.8304,9703.0,893.0,172.152,0.8281,2.8145,509.0,27.7953,0.6452,0.7843,588,915,533,829,171.8463
12,112.553,3,1147.1062,575.0886,11247.0,1545.0,143.6003,0.6053,1.7328,507.0,32.7114,0.5085,0.6741,915,1251,533,829,171.8463
12,112.553,4,1344.6448,581.3874,8838.0,1088.0,146.4955,0.9988,2.0495,505.0,38.7894,0.246,0.3949,1251,1582,533,829,171.8463
12,112.9535,1,457.0509,598.1532,9652.0,412.0,135.5845,0.9853,1.5935,522.0,49.7039,0.4327,0.6041,257,588,533,829,171.8463
12,112.9535,2,825.6966,599.922,8911.0,814.0,148.6012,0.882,2.3267,510.0,25.5291,0.5658,0.7227,588,915,533,829,171.8463
12,112.9535,3,1158.6048,585.0782,12274.0,1777.0,146.2994,0.9686,1.5605,504.0,34.725,0.4669,0.6365,915,1251,533,829,171.8463
12,112.9535,4,1378.5143,559.4067,13048.0,4089.0,195.953,0.971,2.3973,457.0,38.8458,0.3052,0.4677,1251,1582,533,829,171.8463
12,113.3541,1,441.3881,583.5791,8130.0,360.0,107.3531,0.8174,1.2042,521.0,43.6405,0.5136,0.6787,257,588,533,829,171.8463
12,113.3541,2,833.3846,587.4555,8062.0,689.0,136.2606,0.9878,1.8658,513.0,31.0537,0.4963,0.6634,588,915,533,829,171.8463
12,113.3541,3,1139.0645,578.9923,11416.0,1716.0,151.5259,0.9213,1.8456,492.0,30.9707,0.5278,0.6909,915,1251,533,829,171.8463
12,113.3541,4,1405.2483,599.5838,14751.0,2034.0,223.1648,0.8923,2.8461,503.0,49.4923,0.2628,0.4162,1251,1582,533,829,171.8463
12,113.7546,1,431.2226,593.2357,10472.0,423.0,130.4082,0.8247,1.3657,519.0,30.3424,0.6452,0.7843,257,588,533,829,171.8463
12,113.7546,2,814.8842,597.7428,10001.0,802.0,162.9926,0.9343,2.1977,512.0,38.1908,0.515,0.6798,588,915,533,829,171.8463
12,113.7546,3,1135.2246,587.9847,9196.0,862.0,146.4705,0.8953,2.014,509.0,30.5739,0.5279,0.6911,915,1251,533,829,171.8463
12,113.7546,4,1437.3859,592.1313,14350.0,3004.0,246.0806,0.8141,3.5846,486.0,50.2788,0.3806,0.5513,1251,1582,533,829,171.8463
12,114.1552,1,423.3795,607.4918,10847.0,172.0,122.6536,0.9128,1.2759,524.0,24.8132,0.6994,0.8231,257,588,533,829,171.8463
12,114.1552,2,796.7937,612.9116,11453.0,715.0,191.0774,0.9141,2.6795,511.0,31.6054,0.5975,0.748,588,915,533,829,171.8463
12,114.1552,3,1128.7189,575.7475,10233.0,1542.0,148.6295,0.7499,1.8617,508.0,38.9091,0.4124,0.584,915,1251,533,829,171.8463
12,114.1552,4,1469.6849,579.7415,14881.0,3811.0,235.9163,0.8409,3.0168,460.0,49.1816,0.3764,0.547,1251,1582,533,829,171.8463
12,114.5557,1,411.0911,596.3176,11369.0,583.0,151.093,0.6751,1.7928,519.0,42.5735,0.4711,0.6404,257,588,533,829,171.8463
12,114.5557,2,783.339,632.8053,12252.0,290.0,195.3529,0.9061,2.7371,521.0,29.4572,0.5975,0.748,588,915,533,829,171.8463
12,114.5557,3,1083.9194,565.5635,10221.0,1241.0,172.2389,0.4401,2.3207,513.0,55.8395,0.3171,0.4815,915,1251,533,829,171.8463
12,114.5557,4,1488.5431,618.6938,14277.0,1704.0,213.7332,0.9756,2.7946,496.0,51.8271,0.2617,0.4148,1251,1582,533,829,171.8463
12,114.9563,1,397.0898,594.0209,12036.0,625.0,173.6886,0.5238,2.2166,519.0,30.4269,0.5814,0.7353,257,588,533,829,171.8463
12,114.9563,2,785.617,610.3955,14840.0,2179.0,242.7302,0.9448,3.1753,502.0,32.3819,0.5421,0.7031,588,915,533,829,171.8463
12,114.9563,3,1050.1907,574.2581,11689.0,1418.0,177.5699,0.5403,2.3637,510.0,55.4128,0.324,0.4895,915,1251,533,829,171.8463
12,114.9563,4,1489.6843,612.3968,13038.0,1091.0,193.1509,0.9375,2.47,509.0,39.4746,0.4079,0.5795,1251,1582,533,829,171.8463
12,115.3568,1,404.5263,589.5469,13327.0,671.0,216.3597,0.3936,3.1284,519.0,27.5021,0.5967,0.7474,257,588,533,829,171.8463
12,115.3568,2,775.6227,623.2889,12258.0,558.0,187.6365,0.8989,2.5225,514.0,29.8055,0.5616,0.7192,588,915,533,829,171.8463
12,115.3568,3,1025.0989,581.4211,11381.0,1186.0,162.2468,0.7144,2.1423,510.0,49.9432,0.3945,0.5658,915,1251,533,829,171.8463
12,115.3568,4,1433.1002,571.675,12464.0,2931.0,211.3359,0.802,2.8445,473.0,53.9675,0.2144,0.3531,1251,1582,533,829,171.8463
12,115.7574,1,427.7008,583.8315,13368.0,537.0,210.3116,0.3609,2.8099,521.0,36.3021,0.5302,0.6929,257,588,533,829,171.8463
12,115.7574,2,775.4745,630.0977,12391.0,365.0,184.0478,0.9572,2.4789,520.0,27.4984,0.64,0.7805,588,915,533,829,171.8463
12,115.7574,3,1012.7552,603.4001,11000.0,907.0,179.4212,0.7428,2.7013,509.0,50.4849,0.3294,0.4955,915,1251,533,829,171.8463
12,115.7574,4,1390.9251,586.2527,14518.0,3134.0,237.8917,0.8073,3.2154,474.0,64.0495,0.139,0.2441,1251,1582,533,829,171.8463
12,116.1579,1,451.7033,585.2765,14136.0,680.0,213.1849,0.3198,2.8676,519.0,33.7528,0.5193,0.6836,257,588,533,829,171.8463
12,116.1579,2,769.5713,627.5547,12211.0,393.0,194.7627,0.9494,2.669,518.0,20.2171,0.7285,0.8429,588,915,533,829,171.8463
12,116.1579,3,998.4056,602.1668,10139.0,1024.0,159.1246,0.9342,2.291,504.0,33.394,0.477,0.6459,915,1251,533,829,171.8463
12,116.1579,4,1376.2597,627.4959,12370.0,937.0,222.8898,0.8952,3.4472,507.0,54.3979,0.2582,0.4104,1251,1582,533,829,171.8463
12,116.5584,1,478.3349,586.6773,12448.0,637.0,182.9311,0.4391,2.3935,518.0,36.3683,0.5177,0.6822,257,588,533,829,171.8463
12,116.5584,2,774.1119,619.5617,11675.0,462.0,191.5346,0.9815,2.5546,520.0,23.8203,0.7277,0.8424,588,915,533,829,171.8463
12,116.5584,3,991.5047,578.2132,7825.0,911.0,146.7782,0.984,2.061,510.0,30.1006,0.5429,0.7037,915,1251,533,829,171.8463
12,116.5584,4,1368.3583,605.1431,13987.0,2387.0,205.0283,0.9726,2.5245,495.0,36.4629,0.4798,0.6485,1251,1582,533,829,171.8463
12,116.959,1,479.0858,599.0941,12231.0,393.0,187.1905,0.5281,2.5145,521.0,30.3761,0.5682,0.7247,257,588,533,829,171.8463
12,116.959,2,772.7486,618.6656,13715.0,921.0,203.3583,0.8808,2.5932,516.0,48.6974,0.3765,0.547,588,915,533,829,171.8463
12,116.959,3,1008.7993,577.112,8464.0,1007.0,147.7228,0.8163,2.1467,508.0,35.4218,0.3919,0.5631,915,1251,533,829,171.8463
12,116.959,4,1373.5682,589.5985,11847.0,1684.0,175.4556,0.8301,2.371,503.0,32.6642,0.5365,0.6983,1251,1582,533,829,171.8463
12,117.3595,1,480.061,599.3092,11905.0,330.0,187.5397,0.5288,2.5707,523.0,14.7176,0.8124,0.8965,257,588,533,829,171.8463
12,117.3595,2,744.8292,597.7044,12661.0,1002.0,230.4446,0.6948,3.3771,514.0,47.0664,0.423,0.5946,588,915,533,829,171.8463
12,117.3595,3,1046.6525,572.7407,10120.0,1358.0,158.9433,0.7208,2.0077,501.0,45.7708,0.3555,0.5245,915,1251,533,829,171.8463
12,117.3595,4,1362.6197,588.5136,10744.0,1360.0,164.066,0.7449,2.2499,508.0,37.6069,0.5038,0.67,1251,1582,533,829,171.8463
12,117.7601,1,482.8228,596.7885,11632.0,652.0,184.5535,0.5852,2.5748,516.0,19.7483,0.7173,0.8354,257,588,533,829,171.8463
12,117.7601,2,711.2665,590.7635,12150.0,989.0,218.4615,0.6061,3.3472,512.0,59.8468,0.4066,0.5781,588,915,533,829,171.8463
12,117.7601,3,1077.6123,575.7413,12402.0,1728.0,213.6396,0.6053,3.0059,502.0,55.2528,0.3675,0.5375,915,1251,533,829,171.8463
12,117.7601,4,1343.4623,596.2972,10954.0,1650.0,154.8895,0.9342,2.1193,492.0,43.8575,0.3485,0.5169,1251,1582,533,829,171.8463
12,118.1606,1,484.2545,603.048,11325.0,412.0,179.2548,0.6238,2.6183,521.0,27.8871,0.6304,0.7733,257,588,533,829,171.8463
12,118.1606,2,679.499,599.3504,11510.0,716.0,181.1015,0.6885,2.5296,516.0,60.8881,0.2976,0.4587,588,915,533,829,171.8463
12,118.1606,3,1108.9104,582.1469,12315.0,1290.0,194.0268,0.5797,2.6278,509.0,57.6379,0.3822,0.5531,915,1251,533,829,171.8463
12,118.1606,4,1315.0859,594.959,8152.0,1172.0,159.5834,0.9845,2.844,506.0,41.2981,0.3944,0.5657,1251,1582,533,829,171.8463
12,118.5612,1,494.6931,601.1949,10354.0,334.0,154.0148,0.6726,2.0657,522.0,28.0687,0.5754,0.7305,257,588,533,829,171.8463
12,118.5612,2,670.9756,607.8551,11299.0,945.0,186.2583,0.7878,2.6666,509.0,40.7617,0.518,0.6824,588,915,533,829,171.8463
12,118.5612,3,1124.0173,592.0463,12838.0,1495.0,199.3658,0.7181,2.5612,495.0,52.046,0.4461,0.6169,915,1251,533,829,171.8463
12,118.5612,4,1316.0448,593.1173,6784.0,928.0,119.1456,0.9695,2.1807,526.0,23.2657,0.6222,0.7671,1251,1582,533,829,171.8463
12,118.9617,1,501.7909,594.692,10062.0,406.0,158.8228,0.7288,2.0434,521.0,23.3126,0.6994,0.8231,257,588,533,829,171.8463
12,118.9617,2,675.2609,621.7526,11961.0,561.0,207.812,0.7308,3.0116,516.0,32.9971,0.6075,0.7558,588,915,533,829,171.8463
12,118.9617,3,1135.2143,607.682,12645.0,1262.0,193.0372,0.9036,2.4461,496.0,41.9687,0.455,0.6254,915,1251,533,829,171.8463
12,118.9617,4,1313.5996,566.1231,5954.0,1365.0,101.1982,1.0,1.7683,524.0,32.5457,0.5406,0.7018,1251,1582,533,829,171.8463
12,119.3623,1,499.2562,609.2613,11468.0,214.0,159.5299,0.7346,1.9916,525.0,23.5715,0.6844,0.8126,257,588,533,829,171.8463
12,119.3623,2,678.2944,631.143,13674.0,551.0,213.5193,0.7769,3.1225,527.0,30.28,0.5996,0.7497,588,915,533,829,171.8463
12,119.3623,3,1137.1862,619.207,12769.0,865.0,202.1747,0.8868,2.728,509.0,29.2643,0.6245,0.7689,915,1251,533,829,171.8463
12,119.3623,4,1328.4229,553.3425,6429.0,1538.0,116.8834,0.6679,1.7031,511.0,34.6812,0.5218,0.6858,1251,1582,533,829,171.8463
12,119.7628,1,497.2408,597.2489,11242.0,527.0,168.4877,0.7115,2.0233,518.0,26.9833,0.6403,0.7807,257,588,533,829,171.8463
12,119.7628,2,683.9071,630.3676,14338.0,520.0,216.2784,0.8171,2.9528,527.0,29.9693,0.6417,0.7817,588,915,533,829,171.8463
12,119.7628,3,1144.4763,611.8288,13098.0,1678.0,199.9247,0.922,2.5649,499.0,29.7101,0.5952,0.7462,915,1251,533,829,171.8463
12,119.7628,4,1349.6294,553.064,9505.0,2145.0,170.371,0.4108,2.255,501.0,28.8089,0.5808,0.7348,1251,1582,533,829,171.8463
12,120.1633,1,490.8638,607.4282,12583.0,236.0,164.2622,0.6597,1.8696,523.0,21.1138,0.7186,0.8363,257,588,533,829,171.8463
12,120.1633,2,684.2173,620.4158,14359.0,508.0,214.1845,0.7254,2.8018,532.0,28.9291,0.6569,0.7929,588,915,533,829,171.8463
12,120.1633,3,1147.9974,597.0262,11814.0,1303.0,178.1999,0.8087,2.437,508.0,35.5694,0.5447,0.7053,915,1251,533,829,171.8463
12,120.1633,4,1366.6778,558.9735,12325.0,2088.0,200.2935,0.3293,2.4827,504.0,27.3192,0.6068,0.7553,1251,1582,533,829,171.8463
12,120.5639,1,488.8926,591.657,11777.0,431.0,157.4576,0.5635,1.6573,519.0,30.1552,0.5554,0.7141,257,588,533,829,171.8463
12,120.5639,2,677.4442,601.5544,12929.0,690.0,174.4413,0.8797,1.7916,514.0,37.0864,0.5282,0.6913,588,915,533,829,171.8463
12,120.5639,3,1162.6301,589.9992,10781.0,1191.0,146.8662,0.8653,1.7809,507.0,35.837,0.5209,0.685,915,1251,533,829,171.8463
12,120.5639,4,1403.3569,568.282,14161.0,2027.0,206.0581,0.3165,2.5468,505.0,35.9032,0.4407,0.6118,1251,1582,533,829,171.8463
12,120.9644,1,468.7562,599.4868,11746.0,402.0,141.8149,0.7441,1.4364,520.0,32.5952,0.5668,0.7235,257,588,533,829,171.8463
12,120.9644,2,698.174,579.6969,13475.0,1602.0,217.2702,0.544,2.8834,507.0,56.1178,0.2777,0.4346,588,915,533,829,171.8463
12,120.9644,3,1171.907,583.8107,9044.0,1028.0,126.2878,0.9737,1.4375,510.0,34.5639,0.5971,0.7477,915,1251,533,829,171.8463
12,120.9644,4,1444.8152,564.7782,15337.0,2426.0,229.5737,0.2675,2.7492,503.0,33.8976,0.4831,0.6514,1251,1582,533,829,171.8463
12,121.365,1,447.4813,597.7418,13387.0,464.0,194.212,0.5388,2.3913,522.0,39.5935,0.4789,0.6477,257,588,533,829,171.8463
12,121.365,2,749.5744,579.7474,15123.0,1254.0,218.6207,0.4329,2.6368,509.0,56.5877,0.3129,0.4767,588,915,533,829,171.8463
12,121.365,3,1176.0809,575.4612,9404.0,1129.0,133.2314,0.6921,1.4619,511.0,36.1594,0.5534,0.7125,915,1251,533,829,171.8463
12,121.365,4,1462.4924,567.2659,14625.0,2362.0,194.3344,0.3189,2.2076,502.0,27.7318,0.6347,0.7765,1251,1582,533,829,171.8463
12,121.7655,1,443.7065,589.3214,13451.0,691.0,214.9391,0.4394,2.9623,520.0,29.3764,0.6034,0.7527,257,588,533,829,171.8463
12,121.7655,2,784.0776,590.5546,14721.0,1241.0,207.6415,0.5881,2.3487,501.0,51.0668,0.3678,0.5378,588,915,533,829,171.8463
12,121.7655,3,1158.7579,578.9156,11570.0,1041.0,156.7305,0.5267,1.733,509.0,34.7786,0.582,0.7358,915,1251,533,829,171.8463
12,121.7655,4,1480.3619,575.4045,13917.0,1840.0,174.0919,0.4525,1.8648,505.0,31.2315,0.5546,0.7135,1251,1582,533,829,171.8463
12,122.1661,1,458.1169,586.2882,13098.0,588.0,195.4033,0.3708,2.6622,521.0,33.4899,0.5119,0.6772,257,588,533,829,171.8463
12,122.1661,2,796.8381,610.0806,14728.0,434.0,221.1146,0.5949,2.8882,528.0,47.8617,0.4211,0.5927,588,915,533,829,171.8463
12,122.1661,3,1126.9048,586.8747,12084.0,935.0,162.09,0.6839,1.8507,509.0,49.0647,0.3901,0.5613,915,1251,533,829,171.8463
12,122.1661,4,1493.7758,577.4134,12792.0,1647.0,155.7722,0.5803,1.6979,505.0,25.9144,0.6847,0.8128,1251,1582,533,829,171.8463
12,122.5666,1,479.2412,590.5545,11326.0,388.0,158.8707,0.4599,2.1685,523.0,32.6443,0.4917,0.6593,257,588,533,829,171.8463
12,122.5666,2,807.9312,609.3961,14272.0,864.0,199.4138,0.7569,2.4948,531.0,36.6969,0.5559,0.7146,588,915,533,829,171.8463
12,122.5666,3,1108.1978,595.8468,13394.0,939.0,186.5351,0.6719,2.2781,511.0,37.6137,0.5172,0.6818,915,1251,533,829,171.8463
12,122.5666,4,1497.8424,583.4797,11767.0,1343.0,148.2831,0.6735,1.7125,506.0,24.9036,0.6619,0.7965,1251,1582,533,829,171.8463
12,122.9672,1,488.4928,592.2225,10419.0,498.0,149.629,0.5891,2.1221,520.0,23.0233,0.6703,0.8026,257,588,533,829,171.8463
12,122.9672,2,811.6936,616.7879,14191.0,518.0,194.8788,0.8541,2.3813,527.0,28.8806,0.6664,0.7998,588,915,533,829,171.8463
12,122.9672,3,1087.0609,597.2317,13402.0,1130.0,182.5188,0.8079,2.0576,508.0,37.3649,0.5007,0.6673,915,1251,533,829,171.8463
12,122.9672,4,1508.6138,581.209,10559.0,1183.0,134.7676,0.761,1.561,510.0,21.683,0.6826,0.8113,1251,1582,533,829,171.8463
12,123.3677,1,485.6371,600.2386,10490.0,354.0,163.7457,0.6356,2.3835,522.0,26.1908,0.6102,0.758,257,588,533,829,171.8463
12,123.3677,2,810.0128,619.2162,14452.0,964.0,200.6477,0.8141,2.6424,529.0,23.5079,0.6955,0.8204,588,915,533,829,171.8463
12,123.3677,3,1061.6724,600.7818,12657.0,902.0,145.9307,0.9649,1.4511,510.0,44.3037,0.3928,0.564,915,1251,533,829,171.8463
12,123.3677,4,1520.2894,571.1785,8484.0,1148.0,126.663,0.8691,1.5675,508.0,19.9288,0.6994,0.8231,1251,1582,533,829,171.8463
12,123.7682,1,490.1567,599.2837,10405.0,400.0,171.0802,0.6598,2.5194,523.0,21.7287,0.6794,0.8091,257,588,533,829,171.8463
12,123.7682,2,825.8976,615.4834,13950.0,829.0,192.7908,0.8816,2.3997,530.0,34.9532,0.5948,0.7459,588,915,533,829,171.8463
12,123.7682,3,1049.6787,581.4339,12996.0,1752.0,186.3957,0.5327,2.3541,506.0,42.3217,0.3184,0.483,915,1251,533,829,171.8463
12,123.7682,4,1523.0239,587.3065,9513.0,996.0,134.6972,0.9806,1.7037,510.0,24.3873,0.6339,0.7759,1251,1582,533,829,171.8463
12,124.1688,1,479.239,603.1563,10727.0,395.0,171.4803,0.6286,2.6419,523.0,21.3916,0.6585,0.7941,257,588,533,829,171.8463
12,124.1688,2,836.4347,618.1235,13590.0,947.0,185.578,0.9081,2.3724,532.0,34.1122,0.6588,0.7943,588,915,533,829,171.8463
12,124.1688,3,1078.3393,566.2116,13277.0,1485.0,212.6368,0.3207,2.784,510.0,34.5267,0.4608,0.6309,915,1251,533,829,171.8463
12,124.1688,4,1522.9407,591.1434,9382.0,880.0,130.1617,0.9903,1.5909,512.0,22.5058,0.6643,0.7983,1251,1582,533,829,171.8463
12,124.5693,1,473.785,611.4385,11526.0,285.0,177.6834,0.6474,2.5977,525.0,23.1629,0.6565,0.7926,257,588,533,829,171.8463
12,124.5693,2,850.4203,623.1862,12988.0,710.0,176.9903,0.9704,2.2682,531.0,41.6031,0.533,0.6954,588,915,533,829,171.8463
12,124.5693,3,1117.6044,569.5284,13133.0,1345.0,185.6157,0.2913,2.272,511.0,39.6225,0.4178,0.5893,915,1251,533,829,171.8463
12,124.5693,4,1521.9802,581.2905,8955.0,916.0,121.4437,0.8883,1.4533,512.0,26.4331,0.6152,0.7617,1251,1582,533,829,171.8463
12,124.9699,1,483.1851,601.0798,11279.0,647.0,180.0548,0.654,2.6039,516.0,24.6267,0.6573,0.7932,257,588,533,829,171.8463
12,124.9699,2,863.8375,604.9205,11718.0,1063.0,172.2463,0.9995,2.2863,530.0,34.5713,0.6291,0.7724,588,915,533,829,171.8463
12,124.9699,3,1135.5409,576.2534,12016.0,1527.0,154.7189,0.5032,1.845,507.0,32.2629,0.4912,0.6588,915,1251,533,829,171.8463
12,124.9699,4,1510.3645,579.7465,9566.0,1164.0,140.2559,0.9727,1.6807,507.0,28.256,0.6115,0.7589,1251,1582,533,829,171.8463
12,125.3704,1,482.6034,609.8349,11741.0,358.0,185.925,0.6378,2.8034,524.0,23.571,0.6676,0.8007,257,588,533,829,171.8463
12,125.3704,2,859.9584,613.6347,13220.0,1014.0,182.2795,0.9977,2.2557,531.0,20.4612,0.7739,0.8726,588,915,533,829,171.8463
12,125.3704,3,1146.1744,583.9033,11912.0,1736.0,134.0026,0.7571,1.3661,504.0,28.1491,0.4921,0.6596,915,1251,533,829,171.8463
12,125.3704,4,1504.2112,581.1429,9624.0,959.0,134.4161,0.9047,1.603,511.0,27.3533,0.6605,0.7955,1251,1582,533,829,171.8463
12,125.771,1,491.8116,604.8546,11424.0,544.0,172.6868,0.7363,2.4162,521.0,28.6275,0.6211,0.7662,257,588,533,829,171.8463
12,125.771,2,854.9592,612.0433,13520.0,620.0,179.1758,0.9686,2.0386,528.0,33.141,0.6193,0.7649,588,915,533,829,171.8463
12,125.771,3,1166.0407,579.4218,9139.0,866.0,108.8751,0.8698,1.2399,514.0,26.5405,0.5237,0.6874,915,1251,533,829,171.8463
12,125.771,4,1494.7954,591.6172,10691.0,807.0,175.0255,0.9524,2.081,515.0,33.424,0.5833,0.7368,1251,1582,533,829,171.8463
12,126.1715,1,502.4543,601.1541,9868.0,300.0,154.3207,0.8017,2.1985,523.0,29.4805,0.6066,0.7551,257,588,533,829,171.8463
12,126.1715,2,840.2843,596.6103,13997.0,1550.0,196.3753,0.9487,2.079,491.0,38.2852,0.5986,0.7489,588,915,533,829,171.8463
12,126.1715,3,1177.2832,580.4839,8475.0,956.0,117.3029,0.9974,1.4406,513.0,24.8347,0.5899,0.742,915,1251,533,829,171.8463
12,126.1715,4,1479.7632,582.1292,11911.0,1505.0,174.897,0.6312,2.1864,510.0,33.6006,0.5607,0.7185,1251,1582,533,829,171.8463
12,126.5721,1,504.6782,597.875,8899.0,557.0,135.0396,0.8377,1.9166,520.0,28.4385,0.6256,0.7696,257,588,533,829,171.8463
12,126.5721,2,821.9179,620.9202,18267.0,1655.0,224.5084,0.985,2.1176,486.0,45.0744,0.4888,0.6566,588,915,533,829,171.8463
12,126.5721,3,1169.7415,579.192,9582.0,1374.0,137.6129,0.9384,1.7145,508.0,29.9234,0.53,0.6928,915,1251,533,829,171.8463
12,126.5721,4,1455.0116,569.6279,12280.0,1964.0,191.7695,0.4912,2.5041,507.0,34.2014,0.5737,0.7291,1251,1582,533,829,171.8463
12,126.9726,1,503.1086,599.6064,9579.0,274.0,142.598,0.8134,1.9008,526.0,20.1799,0.6875,0.8148,257,588,533,829,171.8463
12,126.9726,2,808.4256,643.5839,17012.0,412.0,217.5118,0.9967,2.394,516.0,39.4949,0.5597,0.7177,588,915,533,829,171.8463
12,126.9726,3,1146.2573,582.2652,10528.0,1107.0,134.9577,0.8306,1.5747,511.0,39.2842,0.4353,0.6066,915,1251,533,829,171.8463
12,126.9726,4,1421.3792,573.6655,12994.0,2008.0,193.2998,0.4688,2.577,506.0,50.7253,0.387,0.558,1251,1582,533,829,171.8463
12,127.3731,1,488.3025,603.7077,10395.0,344.0,158.9003,0.7861,2.2363,524.0,23.0185,0.6264,0.7703,257,588,533,829,171.8463
12,127.3731,2,799.313,608.2974,16126.0,1765.0,197.7879,0.9993,2.0485,485.0,41.2826,0.5097,0.6752,588,915,533,829,171.8463
12,127.3731,3,1119.4424,587.3017,11157.0,1110.0,157.7056,0.9297,1.8596,509.0,43.1769,0.4169,0.5885,915,1251,533,829,171.8463
12,127.3731,4,1375.2621,578.578,12332.0,1513.0,168.21,0.5364,1.9893,508.0,55.7725,0.2665,0.4208,1251,1582,533,829,171.8463
12,127.7737,1,491.0311,600.8953,9265.0,297.0,133.1042,0.8384,1.7791,522.0,26.804,0.6052,0.754,257,588,533,829,171.8463
12,127.7737,2,790.6281,612.9561,19526.0,2590.0,224.9013,0.9329,2.2016,479.0,32.1663,0.5483,0.7083,588,915,533,829,171.8463
12,127.7737,3,1111.3623,604.1632,11059.0,640.0,149.0593,0.9772,1.7818,513.0,38.4521,0.4938,0.6611,915,1251,533,829,171.8463
12,127.7737,4,1339.9517,583.95,7978.0,889.0,118.8843,0.8519,1.7144,513.0,50.6097,0.3044,0.4668,1251,1582,533,829,171.8463
12,128.1742,1,481.6499,601.786,10504.0,736.0,146.6688,0.8766,1.9975,519.0,24.6983,0.6164,0.7627,257,588,533,829,171.8463
12,128.1742,2,804.9763,621.2897,15592.0,1189.0,238.8153,0.8054,3.1077,509.0,33.4491,0.49,0.6577,588,915,533,829,171.8463
12,128.1742,3,1105.205,599.2664,12035.0,1452.0,168.5703,0.9711,2.041,500.0,32.9444,0.5287,0.6917,915,1251,533,829,171.8463
12,128.1742,4,1309.4477,587.7265,5642.0,992.0,124.73,0.9977,2.7042,504.0,38.4675,0.3398,0.5072,1251,1582,533,829,171.8463
12,128.5748,1,485.6959,594.3323,11077.0,630.0,180.0707,0.687,2.636,521.0,37.9525,0.5582,0.7165,257,588,533,829,171.8463
12,128.5748,2,826.5094,599.8862,13904.0,1694.0,208.4241,0.8554,2.4303,496.0,31.5221,0.5526,0.7118,588,915,533,829,171.8463
12,128.5748,3,1109.5655,600.45,12408.0,1296.0,178.1492,0.8801,2.202,508.0,28.8846,0.6375,0.7786,915,1251,533,829,171.8463
12,128.5748,4,1301.7054,572.1146,4345.0,991.0,122.7123,0.9977,3.154,504.0,26.6126,0.541,0.7021,1251,1582,533,829,171.8463
12,128.9753,1,484.564,602.3159,11570.0,429.0,171.7314,0.6238,2.3204,523.0,29.1968,0.6336,0.7757,257,588,533,829,171.8463
12,128.9753,2,826.6345,622.0205,12953.0,908.0,174.8827,0.894,2.1432,508.0,33.563,0.5015,0.668,588,915,533,829,171.8463
12,128.9753,3,1119.9376,586.2579,13472.0,2284.0,198.2756,0.8237,2.5892,487.0,34.5783,0.5706,0.7266,915,1251,533,829,171.8463
12,128.9753,4,1306.2229,579.6674,5187.0,856.0,117.4773,0.9998,2.5485,510.0,24.9999,0.6156,0.7621,1251,1582,533,829,171.8463
12,129.3759,1,496.3703,603.3899,10890.0,420.0,172.7658,0.7382,2.5467,523.0,36.8987,0.5553,0.7141,257,588,533,829,171.8463
12,129.3759,2,841.9717,608.4651,10519.0,1051.0,170.2622,0.9638,2.3208,505.0,27.675,0.5269,0.6902,588,915,533,829,171.8463
12,129.3759,3,1132.7274,596.5265,12548.0,935.0,187.9308,0.6764,2.5314,514.0,46.1651,0.5054,0.6714,915,1251,533,829,171.8463
12,129.3759,4,1309.8687,583.4885,6176.0,956.0,108.2489,0.998,1.9497,521.0,26.9506,0.6059,0.7546,1251,1582,533,829,171.8463
12,129.7764,1,496.8097,616.4782,11149.0,437.0,183.1152,0.765,2.7965,519.0,37.9946,0.5553,0.7141,257,588,533,829,171.8463
12,129.7764,2,841.7823,611.9457,10775.0,865.0,173.6826,0.991,2.473,508.0,27.6033,0.5905,0.7426,588,915,533,829,171.8463
12,129.7764,3,1151.2449,597.0301,11623.0,1051.0,144.2116,0.897,1.63,508.0,40.4158,0.4802,0.6488,915,1251,533,829,171.8463
12,129.7764,4,1319.486,583.5824,7584.0,1046.0,115.6871,0.9808,1.704,514.0,27.749,0.5672,0.7238,1251,1582,533,829,171.8463
12,130.177,1,502.7029,620.8762,11476.0,391.0,178.1976,0.8177,2.6255,521.0,29.9522,0.6042,0.7532,257,588,533,829,171.8463
12,130.177,2,828.4124,615.0269,12171.0,1097.0,212.0019,0.9723,3.0376,501.0,35.9794,0.5255,0.6889,588,915,533,829,171.8463
12,130.177,3,1162.0045,584.966,10471.0,1318.0,133.1857,0.8644,1.5043,504.0,29.7385,0.5928,0.7444,915,1251,533,829,171.8463
12,130.177,4,1327.6419,580.168,8853.0,1166.0,118.3925,0.9478,1.38,508.0,30.346,0.5747,0.7299,1251,1582,533,829,171.8463
12,130.5775,1,510.74,607.0258,9823.0,242.0,161.9739,0.795,2.3699,525.0,26.0384,0.6325,0.7749,257,588,533,829,171.8463
12,130.5775,2,813.0909,632.7841,13506.0,906.0,240.7528,0.9647,3.5645,505.0,33.0048,0.584,0.7374,588,915,533,829,171.8463
12,130.5775,3,1169.8617,592.9161,10832.0,1022.0,131.1847,0.9928,1.43,508.0,40.8657,0.5132,0.6783,915,1251,533,829,171.8463
12,130.5775,4,1329.5335,574.4416,10096.0,1267.0,122.1566,0.8353,1.2587,507.0,24.7174,0.631,0.7738,1251,1582,533,829,171.8463
12,130.978,1,510.6304,597.9335,9990.0,539.0,157.9823,0.8093,2.1216,519.0,23.9146,0.7169,0.8351,257,588,533,829,171.8463
12,130.978,2,802.8295,635.0561,13828.0,1044.0,239.3866,0.9381,3.6407,500.0,26.0428,0.6499,0.7878,588,915,533,829,171.8463
12,130.978,3,1177.9215,594.2927,11927.0,1061.0,137.2681,0.9671,1.3525,511.0,28.4961,0.6236,0.7681,915,1251,533,829,171.8463
12,130.978,4,1341.2533,578.4707,10821.0,1119.0,140.9745,0.6216,1.5297,510.0,24.4017,0.6536,0.7906,1251,1582,533,829,171.8463
12,131.3786,1,506.2012,610.0337,10747.0,196.0,166.1516,0.7836,2.2866,526.0,24.2014,0.6827,0.8114,257,588,533,829,171.8463
12,131.3786,2,799.7911,629.1898,14039.0,942.0,244.1996,0.8678,3.465,510.0,38.0138,0.5385,0.7,588,915,533,829,171.8463
12,131.3786,3,1161.286,589.9375,12393.0,1102.0,138.8404,0.9483,1.3047,511.0,36.563,0.5576,0.716,915,1251,533,829,171.8463
12,131.3786,4,1358.0552,578.5995,11582.0,1343.0,141.1387,0.6316,1.4598,507.0,30.8884,0.5728,0.7284,1251,1582,533,829,171.8463
12,131.7791,1,507.2388,615.7085,11265.0,333.0,164.694,0.7425,2.4024,541.0,20.4915,0.7296,0.8436,257,588,533,829,171.8463
12,131.7791,2,808.3029,614.5702,12898.0,1362.0,233.6932,0.8666,3.6151,501.0,24.4991,0.7487,0.8563,588,915,533,829,171.8463
12,131.7791,3,1143.2554,586.5344,13639.0,1524.0,146.5666,0.9336,1.3356,507.0,38.8561,0.5239,0.6876,915,1251,533,829,171.8463
12,131.7791,4,1372.3719,578.6715,11714.0,1327.0,143.1375,0.6894,1.5127,506.0,30.5524,0.5918,0.7436,1251,1582,533,829,171.8463
12,132.1797,1,508.0417,617.847,11388.0,268.0,148.1047,0.7744,1.9428,543.0,25.7813,0.626,0.77,257,588,533,829,171.8463
12,132.1797,2,824.1491,609.2222,12365.0,1203.0,210.3519,0.8506,3.0474,506.0,40.7176,0.5518,0.7112,588,915,533,829,171.8463
12,132.1797,3,1130.8875,578.4057,14362.0,2300.0,175.5428,0.5678,1.8967,494.0,38.1544,0.5135,0.6785,915,1251,533,829,171.8463
12,132.1797,4,1384.3507,576.285,11270.0,1358.0,143.8666,0.5847,1.6114,506.0,26.1049,0.6526,0.7898,1251,1582,533,829,171.8463
12,132.5802,1,521.1036,595.1923,10414.0,613.0,115.2468,0.7693,1.2833,542.0,30.7198,0.5321,0.6946,257,588,533,829,171.8463
12,132.5802,2,839.0578,610.9085,11870.0,1533.0,174.7821,0.8248,2.6432,527.0,48.8884,0.5105,0.676,588,915,533,829,171.8463
12,132.5802,3,1135.5814,586.7031,13490.0,1511.0,171.8545,0.5992,1.9999,505.0,29.3212,0.5697,0.7258,915,1251,533,829,171.8463
12,132.5802,4,1401.7195,580.4395,12326.0,1391.0,144.1133,0.5749,1.5333,507.0,26.8614,0.5735,0.7289,1251,1582,533,829,171.8463
12,132.9808,1,515.46,584.5328,10241.0,477.0,132.0303,0.5815,1.2672,521.0,25.8006,0.6512,0.7888,257,588,533,829,171.8463
12,132.9808,2,844.7789,637.3227,12510.0,521.0,196.6345,0.9257,2.9356,530.0,45.647,0.4536,0.6241,588,915,533,829,171.8463
12,132.9808,3,1161.208,576.428,11013.0,1475.0,153.8404,0.7708,1.8038,506.0,27.9136,0.5678,0.7243,915,1251,533,829,171.8463
12,132.9808,4,1416.4522,588.2403,13415.0,1205.0,151.3683,0.6494,1.5322,507.0,31.5805,0.5388,0.7003,1251,1582,533,829,171.8463
12,133.3813,1,503.976,601.3038,12400.0,250.0,128.3913,0.924,1.1014,524.0,29.5348,0.5904,0.7425,257,588,533,829,171.8463
12,133.3813,2,850.4113,604.9361,12433.0,1538.0,170.2747,0.9286,2.3117,529.0,34.7323,0.584,0.7374,588,915,533,829,171.8463
12,133.3813,3,1168.5212,590.1988,9110.0,1079.0,120.9495,0.9555,1.5476,511.0,28.5266,0.5073,0.6732,915,1251,533,829,171.8463
12,133.3813,4,1427.1518,596.2253,13485.0,916.0,141.353,0.8369,1.3315,508.0,30.6075,0.5869,0.7397,1251,1582,533,829,171.8463
12,133.7819,1,485.536,608.614,13148.0,216.0,147.8223,0.9069,1.3825,524.0,33.0133,0.5958,0.7467,257,588,533,829,171.8463
12,133.7819,2,849.0923,617.8343,13638.0,1208.0,174.1629,0.9465,2.1464,531.0,23.9509,0.7163,0.8347,588,915,533,829,171.8463
12,133.7819,3,1180.0943,579.675,8727.0,1091.0,109.687,0.9559,1.3177,510.0,29.6966,0.4946,0.6619,915,1251,533,829,171.8463
12,133.7819,4,1439.7292,593.1224,12801.0,1035.0,131.9236,0.9965,1.1886,506.0,26.5827,0.6187,0.7644,1251,1582,533,829,171.8463
12,134.1824,1,467.8533,608.8215,14595.0,457.0,172.5209,0.6738,1.8082,522.0,35.0186,0.5168,0.6815,257,588,533,829,171.8463
12,134.1824,2,853.2699,633.1666,14526.0,90.0,197.0628,0.9734,2.2644,530.0,31.7662,0.6405,0.7809,588,915,533,829,171.8463
12,134.1824,3,1168.0647,569.3476,8361.0,994.0,124.1911,0.7813,1.5548,511.0,31.121,0.533,0.6953,915,1251,533,829,171.8463
12,134.1824,4,1449.9719,602.0654,14179.0,1060.0,140.886,0.986,1.2714,507.0,24.0611,0.6601,0.7953,1251,1582,533,829,171.8463
12,134.5829,1,469.6646,596.9448,12761.0,346.0,160.0857,0.5979,1.6221,523.0,22.1601,0.6815,0.8106,257,588,533,829,171.8463
12,134.5829,2,838.0256,592.8448,14315.0,1154.0,200.351,0.7889,2.139,505.0,47.315,0.4327,0.604,588,915,533,829,171.8463
12,134.5829,3,1149.2402,576.8455,9704.0,1114.0,140.0173,0.8015,1.7657,510.0,36.4815,0.4773,0.6462,915,1251,533,829,171.8463
12,134.5829,4,1454.2638,602.768,14462.0,964.0,139.8711,0.9748,1.2517,509.0,20.0009,0.6748,0.8058,1251,1582,533,829,171.8463
12,134.9835,1,472.4322,613.4466,13620.0,378.0,163.1585,0.8199,1.5987,519.0,31.1421,0.6402,0.7806,257,588,533,829,171.8463
12,134.9835,2,798.7573,599.044,13782.0,906.0,196.1349,0.7894,2.2428,509.0,60.5065,0.3109,0.4743,588,915,533,829,171.8463
12,134.9835,3,1126.1816,577.7763,10731.0,1361.0,158.1752,0.682,2.0319,510.0,39.1364,0.4564,0.6268,915,1251,533,829,171.8463
12,134.9835,4,1449.3202,593.7553,16040.0,1902.0,153.4799,0.9645,1.334,495.0,23.5368,0.6463,0.7851,1251,1582,533,829,171.8463
12,135.384,1,478.0821,623.0944,15370.0,857.0,183.8753,0.9454,1.824,505.0,26.5069,0.6341,0.7761,257,588,533,829,171.8463
12,135.384,2,772.1213,611.8071,15290.0,807.0,204.9538,0.7555,2.399,514.0,47.3448,0.3927,0.5639,588,915,533,829,171.8463
12,135.384,3,1098.115,574.7093,11168.0,1375.0,165.8528,0.5976,2.1371,509.0,41.744,0.4495,0.6202,915,1251,533,829,171.8463
12,135.384,4,1455.0386,599.1278,17125.0,1587.0,178.2064,0.6873,1.5887,501.0,32.9695,0.5374,0.6991,1251,1582,533,829,171.8463
12,135.7846,1,486.3565,619.3084,13770.0,126.0,180.1291,0.8503,1.9716,526.0,25.7571,0.6403,0.7807,257,588,533,829,171.8463
12,135.7846,2,741.429,603.5504,16192.0,1320.0,223.2255,0.7014,2.5342,497.0,44.7087,0.3942,0.5655,588,915,533,829,171.8463
12,135.7846,3,1067.8488,575.8407,11923.0,1691.0,168.7417,0.7007,2.0876,495.0,46.1806,0.4028,0.5742,915,1251,533,829,171.8463
12,135.7846,4,1462.0895,601.6619,17461.0,1545.0,193.2831,0.6933,1.8849,511.0,22.1802,0.6691,0.8018,1251,1582,533,829,171.8463
12,136.1851,1,495.9531,614.8369,13328.0,421.0,157.6523,0.9597,1.5435,517.0,28.9636,0.6306,0.7735,257,588,533,829,171.8463
12,136.1851,2,714.5617,619.1667,16482.0,388.0,229.7491,0.6996,2.7828,530.0,50.0147,0.3807,0.5515,588,915,533,829,171.8463
12,136.1851,3,1049.9653,603.3286,14448.0,1647.0,198.3202,0.942,2.3705,487.0,45.4345,0.3245,0.49,915,1251,533,829,171.8463
12,136.1851,4,1466.295,602.6644,18133.0,2494.0,188.0014,0.9579,1.6817,489.0,30.9077,0.5524,0.7117,1251,1582,533,829,171.8463
12,136.5857,1,502.4666,610.4536,14626.0,787.0,165.8711,0.9634,1.4636,507.0,22.4646,0.6647,0.7986,257,588,533,829,171.8463
12,136.5857,2,701.4974,623.4018,16789.0,329.0,206.4251,0.828,2.1294,528.0,37.8717,0.5552,0.714,588,915,533,829,171.8463
12,136.5857,3,1054.8718,651.7205,13071.0,25.0,197.0749,0.8799,2.6638,532.0,40.6465,0.3544,0.5233,915,1251,533,829,171.8463
12,136.5857,4,1474.7415,606.9225,18353.0,1455.0,203.9005,0.66,2.0115,515.0,33.4259,0.539,0.7004,1251,1582,533,829,171.8463
12,136.9862,1,507.0123,627.5055,15070.0,461.0,160.1685,0.9722,1.5892,543.0,29.5077,0.604,0.7531,257,588,533,829,171.8463
12,136.9862,2,705.571,600.1043,14049.0,1393.0,182.5308,0.9357,1.848,506.0,51.0654,0.4176,0.5892,588,915,533,829,171.8463
12,136.9862,3,1038.8292,620.8864,13410.0,960.0,197.3148,0.9789,2.5638,503.0,39.219,0.3509,0.5195,915,1251,533,829,171.8463
12,136.9862,4,1480.0456,613.8364,18861.0,2222.0,200.3658,0.9967,1.7993,497.0,37.2708,0.4671,0.6368,1251,1582,533,829,171.8463
12,137.3868,1,506.7247,625.1973,14910.0,504.0,186.4858,0.8944,1.9367,512.0,30.9576,0.5444,0.705,257,588,533,829,171.8463
12,137.3868,2,730.0874,583.1187,13160.0,1016.0,186.6349,0.5841,2.1816,512.0,44.6108,0.4034,0.5749,588,915,533,829,171.8463
12,137.3868,3,1050.0051,590.7792,12721.0,1335.0,194.246,0.7761,2.4487,511.0,34.7895,0.4607,0.6308,915,1251,533,829,171.8463
12,137.3868,4,1486.0282,611.1305,18719.0,1193.0,201.3311,0.7448,1.9022,524.0,34.471,0.5316,0.6941,1251,1582,533,829,171.8463
12,137.7873,1,489.5608,612.336,14573.0,971.0,194.7357,0.9252,2.0646,500.0,31.9062,0.6006,0.7505,257,588,533,829,171.8463
12,137.7873,2,760.0469,592.6178,17272.0,2840.0,209.806,0.8781,2.12,490.0,48.2785,0.3696,0.5398,588,915,533,829,171.8463
12,137.7873,3,1085.3187,578.1095,12765.0,1423.0,216.5267,0.5106,3.1304,511.0,49.4381,0.3938,0.5651,915,1251,533,829,171.8463
12,137.7873,4,1484.0863,606.759,17066.0,969.0,192.1609,0.6598,1.9244,524.0,18.7627,0.7549,0.8604,1251,1582,533,829,171.8463
12,138.1878,1,478.5909,635.0592,16626.0,171.0,224.7157,0.7431,2.5806,526.0,39.4759,0.4557,0.6261,257,588,533,829,171.8463
12,138.1878,2,793.7342,593.4656,17524.0,1694.0,209.0274,0.5999,2.1291,498.0,51.3622,0.3085,0.4715,588,915,533,829,171.8463
12,138.1878,3,1115.5488,589.8725,13204.0,1200.0,198.472,0.6284,2.5804,510.0,57.5488,0.3374,0.5045,915,1251,533,829,171.8463
12,138.1878,4,1482.6754,600.0539,17285.0,2470.0,179.8125,0.9301,1.6242,484.0,42.3321,0.4067,0.5783,1251,1582,533,829,171.8463
12,138.5884,1,434.7691,596.7197,14818.0,704.0,222.4359,0.5488,2.661,517.0,43.3406,0.4311,0.6025,257,588,533,829,171.8463
12,138.5884,2,803.5599,607.7124,16817.0,1413.0,205.2298,0.7749,2.0362,497.0,32.6781,0.5057,0.6717,588,915,533,829,171.8463
12,138.5884,3,1134.7244,606.8156,12525.0,910.0,205.5817,0.7385,3.0104,514.0,54.0357,0.3885,0.5596,915,1251,533,829,171.8463
12,138.5884,4,1466.6939,599.8452,15275.0,941.0,146.8804,0.905,1.2565,513.0,34.5033,0.4919,0.6594,1251,1582,533,829,171.8463
12,138.9889,1,416.9178,598.6821,15080.0,598.0,214.6177,0.5653,2.4999,516.0,29.6608,0.6291,0.7723,257,588,533,829,171.8463
12,138.9889,2,816.7035,621.4707,15872.0,952.0,208.0225,0.7594,2.5221,529.0,36.1599,0.4966,0.6636,588,915,533,829,171.8463
12,138.9889,3,1152.2451,599.5073,12190.0,1453.0,179.9534,0.8261,2.3831,505.0,31.6355,0.5974,0.748,915,1251,533,829,171.8463
12,138.9889,4,1450.3039,576.9996,13816.0,1398.0,191.8833,0.4291,2.2453,507.0,35.2201,0.4735,0.6427,1251,1582,533,829,171.8463
12,139.3895,1,410.3165,612.5072,15696.0,619.0,197.207,0.7768,2.0331,516.0,36.7823,0.5313,0.6939,257,588,533,829,171.8463
12,139.3895,2,828.7038,631.6853,16099.0,689.0,209.0667,0.8826,2.448,531.0,33.61,0.5341,0.6963,588,915,533,829,171.8463
12,139.3895,3,1153.8428,601.8642,11824.0,977.0,173.0063,0.7682,2.2823,512.0,27.4785,0.6208,0.7661,915,1251,533,829,171.8463
12,139.3895,4,1407.1917,561.9029,15467.0,3394.0,198.8969,0.4259,2.0311,490.0,34.9242,0.479,0.6477,1251,1582,533,829,171.8463
12,139.79,1,390.8168,605.1437,17094.0,2101.0,193.3764,0.9405,1.7696,481.0,34.1262,0.526,0.6894,257,588,533,829,171.8463
12,139.79,2,848.9948,600.6133,16573.0,2944.0,220.982,0.9994,2.232,472.0,38.0885,0.499,0.6658,588,915,533,829,171.8463
12,139.79,3,1161.8649,605.6105,11303.0,874.0,150.3637,0.8013,1.9964,530.0,33.508,0.5536,0.7127,915,1251,533,829,171.8463
12,139.79,4,1391.427,586.2581,16856.0,1710.0,232.7711,0.4503,2.8367,510.0,48.4551,0.3381,0.5054,1251,1582,533,829,171.8463
12,140.1906,1,377.5717,636.3085,18669.0,23.0,239.7675,0.6777,2.6086,545.0,42.1684,0.4188,0.5903,257,588,533,829,171.8463
12,140.1906,2,854.1574,617.0918,15411.0,1818.0,183.2772,0.9915,2.1139,530.0,27.4629,0.6423,0.7822,588,915,533,829,171.8463
12,140.1906,3,1167.6137,597.6236,11845.0,1048.0,134.1901,0.8649,1.5115,529.0,32.9623,0.5719,0.7277,915,1251,533,829,171.8463
12,140.1906,4,1360.6812,596.9669,15457.0,1208.0,155.2782,0.8777,1.3378,505.0,39.5327,0.3927,0.5639,1251,1582,533,829,171.8463
12,140.5911,1,381.8947,624.1966,16326.0,510.0,239.2037,0.6704,3.0661,520.0,31.8349,0.5764,0.7313,257,588,533,829,171.8463
12,140.5911,2,853.7554,627.3306,15627.0,885.0,195.0609,0.9881,2.2061,530.0,19.4236,0.7774,0.8747,588,915,533,829,171.8463
12,140.5911,3,1161.3138,589.2457,12391.0,1090.0,148.5746,0.6913,1.5676,510.0,37.6808,0.4872,0.6552,915,1251,533,829,171.8463
12,140.5911,4,1349.2453,574.1404,11704.0,1622.0,149.9587,0.7461,1.5292,497.0,34.0953,0.4857,0.6538,1251,1582,533,829,171.8463
12,140.9917,1,364.727,589.8617,12464.0,528.0,175.0939,0.4845,2.2446,521.0,37.7789,0.4533,0.6238,257,588,533,829,171.8463
12,140.9917,2,850.9951,599.2381,15706.0,2251.0,222.9861,0.9769,2.1896,483.0,32.5087,0.6139,0.7608,588,915,533,829,171.8463
12,140.9917,3,1123.4983,572.5925,11868.0,1119.0,195.6952,0.4777,2.5342,511.0,40.7603,0.3894,0.5605,915,1251,533,829,171.8463
12,140.9917,4,1361.9094,575.8484,14223.0,1656.0,203.3604,0.4923,2.3759,506.0,29.1651,0.5784,0.7329,1251,1582,533,829,171.8463
12,141.3922,1,346.2407,593.1159,7794.0,63.0,104.8723,0.7636,1.504,529.0,33.9574,0.4383,0.6094,257,588,533,829,171.8463
12,141.3922,2,823.8428,598.5249,16378.0,1470.0,248.4947,0.7316,2.6527,497.0,45.8786,0.3861,0.5571,588,915,533,829,171.8463
12,141.3922,3,1077.4813,575.5654,14111.0,1253.0,214.8264,0.3748,2.8236,510.0,46.7807,0.3215,0.4865,915,1251,533,829,171.8463
12,141.3922,4,1394.2532,566.3569,13529.0,2039.0,222.6482,0.4233,2.9168,501.0,32.263,0.5456,0.706,1251,1582,533,829,171.8463
12,141.7927,1,329.7058,585.3545,7743.0,306.0,117.8036,0.8899,1.5542,522.0,26.3366,0.5624,0.72,257,588,533,829,171.8463
12,141.7927,2,760.629,593.7785,15570.0,2267.0,207.8633,0.9003,2.1712,471.0,72.5316,0.1601,0.2761,588,915,533,829,171.8463
12,141.7927,3,1034.33,579.463,13083.0,992.0,189.7691,0.3982,2.4373,514.0,46.0443,0.3349,0.5018,915,1251,533,829,171.8463
12,141.7927,4,1437.2682,566.4475,16009.0,2511.0,220.7912,0.2949,2.5241,504.0,36.5088,0.4435,0.6145,1251,1582,533,829,171.8463
12,142.1933,1,341.0271,595.6629,8391.0,151.0,114.4233,0.9975,1.3765,528.0,28.2362,0.538,0.6996,257,588,533,829,171.8463
12,142.1933,2,723.4027,622.3046,18949.0,1271.0,209.1585,0.9768,1.9405,493.0,52.9685,0.3042,0.4665,588,915,533,829,171.8463
12,142.1933,3,1019.7485,587.1666,11727.0,1274.0,144.2964,0.6307,1.7532,509.0,32.5636,0.4466,0.6175,915,1251,533,829,171.8463
12,142.1933,4,1458.7079,572.0499,15862.0,2159.0,204.2932,0.3465,2.2322,506.0,31.4046,0.5478,0.7079,1251,1582,533,829,171.8463
12,142.5938,1,360.196,579.2442,7420.0,234.0,120.6773,0.6874,1.5481,526.0,40.6143,0.4053,0.5768,257,588,533,829,171.8463
12,142.5938,2,717.4355,625.5705,18611.0,760.0,210.8218,0.9982,1.9899,508.0,33.1693,0.5751,0.7302,588,915,533,829,171.8463
12,142.5938,3,1004.2036,582.5572,8410.0,724.0,119.6043,0.7492,1.6523,514.0,21.5413,0.612,0.7593,915,1251,533,829,171.8463
12,142.5938,4,1480.5863,589.4439,16854.0,1876.0,181.5474,0.6868,1.6403,497.0,36.2549,0.4429,0.6139,1251,1582,533,829,171.8463
12,142.9944,1,383.5479,600.3692,9559.0,58.0,130.1952,0.9091,1.5568,530.0,49.4162,0.3663,0.5362,257,588,533,829,171.8463
12,142.9944,2,738.9903,610.7355,17864.0,1906.0,219.9314,0.8889,2.3068,492.0,40.1376,0.4538,0.6243,588,915,533,829,171.8463
12,142.9944,3,988.818,577.5456,6571.0,610.0,97.2508,0.9343,1.3471,518.0,27.282,0.4963,0.6634,915,1251,533,829,171.8463
12,142.9944,4,1485.9576,607.5515,15761.0,366.0,184.8599,0.6011,1.8267,524.0,32.2718,0.5771,0.7319,1251,1582,533,829,171.8463
12,143.3949,1,402.0426,596.8525,10626.0,435.0,152.3401,0.7211,1.957,523.0,43.3836,0.4582,0.6285,257,588,533,829,171.8463
12,143.3949,2,784.0267,602.2946,17598.0,2003.0,246.4765,0.6724,2.6816,490.0,52.2159,0.2742,0.4304,588,915,533,829,171.8463
12,143.3949,3,1006.4623,566.3032,7757.0,1062.0,127.3744,0.7138,1.7119,513.0,36.2366,0.3527,0.5215,915,1251,533,829,171.8463
12,143.3949,4,1482.2703,607.8255,17224.0,949.0,194.1177,0.7524,1.9161,524.0,27.1751,0.6203,0.7657,1251,1582,533,829,171.8463
12,143.7955,1,429.0717,600.5589,10730.0,292.0,149.4859,0.9034,1.8051,523.0,48.5148,0.3499,0.5184,257,588,533,829,171.8463
12,143.7955,2,817.8046,615.125,16886.0,2109.0,190.9414,0.8073,2.2124,528.0,52.2492,0.2486,0.3982,588,915,533,829,171.8463
12,143.7955,3,1054.2616,572.3218,10677.0,1299.0,159.2129,0.6192,1.895,512.0,56.1751,0.2286,0.3721,915,1251,533,829,171.8463
12,143.7955,4,1468.3211,608.2695,16209.0,1355.0,172.9592,0.8973,1.6679,504.0,39.6894,0.4063,0.5779,1251,1582,533,829,171.8463
12,144.196,1,449.7807,608.3171,11009.0,67.0,161.6358,0.8302,2.0049,530.0,42.3386,0.4577,0.628,257,588,533,829,171.8463
12,144.196,2,856.9549,621.4587,14381.0,1654.0,193.4201,0.9769,2.3614,529.0,43.6896,0.3606,0.5301,588,915,533,829,171.8463
12,144.196,3,1094.5673,575.2895,12090.0,1205.0,175.0567,0.4954,2.2057,513.0,58.9699,0.2849,0.4434,915,1251,533,829,171.8463
12,144.196,4,1451.4378,583.1552,15473.0,2537.0,192.8144,0.7249,2.0078,492.0,36.387,0.5121,0.6774,1251,1582,533,829,171.8463
12,144.5966,1,456.5114,601.5191,11575.0,906.0,184.1758,0.7907,2.7794,516.0,34.4307,0.565,0.722,257,588,533,829,171.8463
12,144.5966,2,860.7622,640.1917,13748.0,62.0,204.4207,0.9859,2.5429,531.0,29.0294,0.626,0.77,588,915,533,829,171.8463
12,144.5966,3,1131.3119,575.9332,11531.0,1141.0,156.5417,0.5303,1.8139,513.0,52.7205,0.3834,0.5543,915,1251,533,829,171.8463
12,144.5966,4,1421.3248,585.8682,15350.0,1856.0,230.0789,0.4907,3.0387,502.0,42.2459,0.4076,0.5792,1251,1582,533,829,171.8463
12,144.9971,1,472.7762,606.602,12209.0,136.0,183.5802,0.6893,2.5229,528.0,45.8512,0.4653,0.635,257,588,533,829,171.8463
12,144.9971,2,849.6943,606.584,16106.0,1288.0,195.1694,0.9707,1.8364,496.0,42.7689,0.5227,0.6865,588,915,533,829,171.8463
12,144.9971,3,1155.3845,584.7539,10258.0,914.0,141.5691,0.7384,1.7477,512.0,45.8602,0.4343,0.6056,915,1251,533,829,171.8463
12,144.9971,4,1384.5393,576.9889,14171.0,2189.0,201.696,0.5508,2.485,487.0,41.1934,0.4054,0.5769,1251,1582,533,829,171.8463
12,145.3976,1,484.0406,612.5755,11077.0,259.0,179.0817,0.7563,2.7628,525.0,36.8305,0.513,0.6781,257,588,533,829,171.8463
12,145.3976,2,831.4968,618.6425,16670.0,764.0,207.7905,0.8912,2.1327,511.0,40.1573,0.4972,0.6642,588,915,533,829,171.8463
12,145.3976,3,1167.6829,587.0216,9915.0,1043.0,123.1688,0.907,1.3749,511.0,31.9653,0.5772,0.732,915,1251,533,829,171.8463
12,145.3976,4,1351.5552,587.9134,11769.0,1616.0,161.4605,0.8136,1.9572,489.0,45.6546,0.2882,0.4474,1251,1582,533,829,171.8463
12,145.7982,1,491.5833,608.9611,12380.0,1218.0,198.2303,0.9131,2.7317,505.0,38.0668,0.4987,0.6655,257,588,533,829,171.8463
12,145.7982,2,799.3903,620.437,17072.0,808.0,232.3994,0.7348,2.7502,509.0,50.1116,0.3382,0.5054,588,915,533,829,171.8463
12,145.7982,3,1170.0166,580.8662,9670.0,1058.0,112.1128,0.9997,1.1214,509.0,29.4727,0.629,0.7722,915,1251,533,829,171.8463
12,145.7982,4,1327.5312,616.6108,9890.0,982.0,132.7553,0.9302,1.8126,544.0,41.3634,0.3009,0.4626,1251,1582,533,829,171.8463
12,146.1987,1,500.6579,636.9507,11268.0,13.0,201.2847,0.8707,3.3115,532.0,54.0383,0.303,0.4651,257,588,533,829,171.8463
12,146.1987,2,758.7918,607.4945,16073.0,1302.0,222.3106,0.7745,2.5023,494.0,52.8622,0.3818,0.5527,588,915,533,829,171.8463
12,146.1987,3,1164.4837,579.4956,11370.0,1032.0,134.3212,0.5615,1.2845,510.0,31.5618,0.5805,0.7346,915,1251,533,829,171.8463
12,146.1987,4,1313.9348,605.1517,8901.0,1061.0,153.6355,0.9849,2.4932,527.0,27.884,0.5443,0.7049,1251,1582,533,829,171.8463
12,146.5993,1,501.9768,646.0514,11141.0,47.0,187.2583,0.8592,3.0106,540.0,23.2635,0.6331,0.7753,257,588,533,829,171.8463
12,146.5993,2,740.831,628.1502,17969.0,704.0,221.0992,0.845,2.242,507.0,44.7762,0.4287,0.6001,588,915,533,829,171.8463
12,146.5993,3,1130.3771,578.6429,11635.0,1132.0,146.6335,0.7039,1.5379,504.0,45.8417,0.3761,0.5466,915,1251,533,829,171.8463
12,146.5993,4,1330.9091,589.5311,11008.0,1144.0,147.3709,0.9897,1.6022,503.0,43.7501,0.4132,0.5848,1251,1582,533,829,171.8463
12,146.9998,1,517.0175,591.5703,9087.0,670.0,149.0866,0.934,2.039,514.0,48.8262,0.3533,0.5221,257,588,533,829,171.8463
12,146.9998,2,723.4732,641.0982,18274.0,376.0,212.1359,0.9213,2.1349,531.0,38.8767,0.5213,0.6853,588,915,533,829,171.8463
12,146.9998,3,1099.5804,590.464,12389.0,948.0,146.2009,0.7842,1.516,505.0,44.9616,0.3495,0.518,915,1251,533,829,171.8463
12,146.9998,4,1346.5141,579.2973,12044.0,1694.0,153.7555,0.8762,1.6056,495.0,36.6875,0.5031,0.6694,1251,1582,533,829,171.8463
12,147.4004,1,516.5708,590.8667,8802.0,302.0,123.2319,0.9689,1.3942,522.0,27.4523,0.6616,0.7964,257,588,533,829,171.8463
12,147.4004,2,713.6635,615.2299,17143.0,1244.0,207.9796,0.9795,1.9739,495.0,29.17,0.6611,0.796,588,915,533,829,171.8463
12,147.4004,3,1077.6773,593.0599,13598.0,1081.0,167.9537,0.6654,1.8631,512.0,32.489,0.5113,0.6766,915,1251,533,829,171.8463
12,147.4004,4,1363.5823,587.2769,14092.0,1035.0,189.7363,0.5466,2.179,507.0,34.5545,0.4932,0.6606,1251,1582,533,829,171.8463
12,147.8009,1,521.0384,592.2283,10343.0,331.0,132.1166,0.9878,1.3177,521.0,18.4206,0.7616,0.8647,257,588,533,829,171.8463
12,147.8009,2,711.0917,614.8705,18686.0,1843.0,215.7394,0.9724,2.0498,480.0,33.5428,0.5828,0.7364,588,915,533,829,171.8463
12,147.8009,3,1060.6084,580.1301,13699.0,1455.0,195.1795,0.4179,2.4041,509.0,30.2605,0.5054,0.6714,915,1251,533,829,171.8463
12,147.8009,4,1386.4713,586.1062,15986.0,2215.0,211.378,0.7161,2.289,494.0,33.7026,0.5171,0.6817,1251,1582,533,829,171.8463
12,148.2015,1,506.742,611.1562,13339.0,302.0,151.8942,0.7866,1.5896,542.0,25.204,0.6708,0.803,257,588,533,829,171.8463
12,148.2015,2,738.9689,623.2377,17733.0,1002.0,226.5205,0.8817,2.3098,506.0,46.0919,0.3747,0.5451,588,915,533,829,171.8463
12,148.2015,3,1038.801,571.9351,12113.0,1479.0,176.6831,0.4209,2.2517,508.0,28.1097,0.568,0.7245,915,1251,533,829,171.8463
12,148.2015,4,1405.088,588.2815,15426.0,1450.0,225.2249,0.535,2.7028,508.0,38.099,0.5311,0.6937,1251,1582,533,829,171.8463
12,148.602,1,504.0996,602.1634,12869.0,381.0,147.2099,0.9617,1.3346,520.0,29.4711,0.5859,0.7389,257,588,533,829,171.8463
12,148.602,2,781.3538,611.6289,17251.0,1791.0,228.2881,0.8099,2.5492,492.0,53.9747,0.292,0.452,588,915,533,829,171.8463
12,148.602,3,1020.942,588.3426,13192.0,1360.0,156.4351,0.7937,1.683,506.0,37.8262,0.4093,0.5808,915,1251,533,829,171.8463
12,148.602,4,1430.2324,587.854,17778.0,3309.0,193.7698,0.7749,1.7916,492.0,35.2749,0.4712,0.6406,1251,1582,533,829,171.8463
12,149.0025,1,472.3069,599.1642,13915.0,379.0,191.6986,0.5226,2.234,526.0,40.9224,0.4103,0.5818,257,588,533,829,171.8463
12,149.0025,2,816.8316,618.6791,14258.0,937.0,204.4497,0.7898,2.5343,511.0,49.1432,0.2574,0.4095,588,915,533,829,171.8463
12,149.0025,3,1000.8641,602.8074,13029.0,909.0,150.505,0.8402,1.6851,529.0,32.1839,0.4824,0.6509,915,1251,533,829,171.8463
12,149.0025,4,1458.6517,587.6957,16986.0,1929.0,190.7942,0.5944,1.7734,502.0,34.2202,0.4699,0.6393,1251,1582,533,829,171.8463
12,149.4031,1,420.9451,585.5641,14688.0,644.0,217.7729,0.3369,2.6881,525.0,42.9005,0.3977,0.569,257,588,533,829,171.8463
12,149.4031,2,837.4985,601.5639,11391.0,920.0,168.134,0.8505,2.0728,509.0,25.306,0.6018,0.7514,588,915,533,829,171.8463
12,149.4031,3,996.4339,586.3441,12190.0,1493.0,158.5133,0.7839,1.6117,506.0,32.022,0.471,0.6404,915,1251,533,829,171.8463
12,149.4031,4,1469.1397,593.9801,16677.0,1316.0,189.5015,0.5669,1.8429,510.0,24.6644,0.6409,0.7812,1251,1582,533,829,171.8463
12,149.8036,1,378.0665,594.399,15738.0,545.0,203.7899,0.4424,2.0933,517.0,48.0754,0.3666,0.5365,257,588,533,829,171.8463
12,149.8036,2,853.1888,594.1599,8606.0,899.0,147.6475,0.9783,2.0968,509.0,26.3282,0.563,0.7204,588,915,533,829,171.8463
12,149.8036,3,1010.1323,570.8323,11146.0,1366.0,172.1194,0.499,2.0806,505.0,31.4952,0.5209,0.685,915,1251,533,829,171.8463
12,149.8036,4,1481.8105,587.463,15452.0,1393.0,169.3462,0.7842,1.5594,511.0,37.7473,0.4257,0.5972,1251,1582,533,829,171.8463
12,150.2042,1,367.6912,618.3351,17370.0,255.0,210.036,0.5876,2.2521,547.0,42.0625,0.4522,0.6228,257,588,533,829,171.8463
12,150.2042,2,860.4798,597.7525,8998.0,766.0,146.9701,0.9995,2.0073,510.0,21.061,0.6623,0.7969,588,915,533,829,171.8463
12,150.2042,3,1048.5236,565.89,14298.0,1942.0,225.8252,0.321,2.9322,506.0,36.9097,0.4217,0.5932,915,1251,533,829,171.8463
12,150.2042,4,1436.591,561.8786,13192.0,2111.0,216.8607,0.3268,2.9018,506.0,40.4067,0.3798,0.5505,1251,1582,533,829,171.8463
12,150.6047,1,372.4733,617.8457,16008.0,1068.0,197.9843,0.8775,1.9781,507.0,27.4146,0.6029,0.7523,257,588,533,829,171.8463
12,150.6047,2,847.9176,608.3627,12835.0,1924.0,204.2917,0.9952,2.8167,489.0,33.0299,0.4843,0.6526,588,915,533,829,171.8463
12,150.6047,3,1109.2845,565.0087,13700.0,1680.0,215.9759,0.274,2.8102,509.0,42.4265,0.3371,0.5043,915,1251,533,829,171.8463
12,150.6047,4,1386.1174,568.2841,13481.0,1497.0,192.4126,0.2611,2.4068,510.0,46.9278,0.3206,0.4855,1251,1582,533,829,171.8463
12,151.0053,1,358.5144,603.7638,12599.0,187.0,157.305,0.7842,1.6289,527.0,29.4207,0.584,0.7374,257,588,533,829,171.8463
12,151.0053,2,839.3846,632.4176,10940.0,132.0,195.1108,0.9956,2.6675,528.0,37.4341,0.4585,0.6287,588,915,533,829,171.8463
12,151.0053,3,1143.0992,572.3128,11749.0,1447.0,143.0655,0.3673,1.5427,508.0,36.3632,0.3816,0.5524,915,1251,533,829,171.8463
12,151.0053,4,1363.5721,583.7518,12512.0,1572.0,156.1633,0.6175,1.8802,506.0,31.7858,0.4164,0.588,1251,1582,533,829,171.8463
12,151.4058,1,352.0267,585.8224,11918.0,953.0,172.8009,0.6005,2.1779,513.0,29.7093,0.5621,0.7197,257,588,533,829,171.8463
12,151.4058,2,828.387,621.4264,11746.0,402.0,187.1045,0.9587,2.4659,519.0,32.8519,0.5738,0.7292,588,915,533,829,171.8463
12,151.4058,3,1152.73,579.208,10843.0,1379.0,129.2686,0.829,1.3754,504.0,27.966,0.515,0.6799,915,1251,533,829,171.8463
12,151.4058,4,1344.6096,586.5244,9648.0,1099.0,120.6893,0.7935,1.5609,508.0,28.3444,0.4245,0.596,1251,1582,533,829,171.8463
12,151.8064,1,347.0115,601.2465,12683.0,1378.0,203.9757,0.7912,2.843,500.0,41.2845,0.4532,0.6237,257,588,533,829,171.8463
12,151.8064,2,802.5328,584.7288,11525.0,1404.0,188.1517,0.7425,2.4738,507.0,41.7601,0.4728,0.642,588,915,533,829,171.8463
12,151.8064,3,1159.9759,585.9334,12016.0,1556.0,153.3899,0.8582,1.7176,497.0,27.3249,0.6232,0.7678,915,1251,533,829,171.8463
12,151.8064,4,1339.1918,590.2928,7863.0,978.0,113.6881,0.9198,1.7704,507.0,20.5224,0.5905,0.7425,1251,1582,533,829,171.8463
12,152.2069,1,331.3623,617.2603,12568.0,915.0,214.5244,0.8829,3.0064,511.0,34.9771,0.4904,0.6581,257,588,533,829,171.8463
12,152.2069,2,768.4157,579.1935,11762.0,1230.0,194.562,0.6027,2.6698,510.0,51.4715,0.4033,0.5748,588,915,533,829,171.8463
12,152.2069,3,1163.4773,601.9334,12400.0,1061.0,155.6717,0.8662,1.7192,528.0,31.085,0.5403,0.7016,915,1251,533,829,171.8463
12,152.2069,4,1330.0066,599.3348,6660.0,506.0,103.2726,0.9512,1.7699,517.0,25.6251,0.4636,0.6335,1251,1582,533,829,171.8463
12,152.6074,1,332.8106,620.1849,12912.0,867.0,217.7165,0.8806,3.0457,512.0,18.4714,0.7744,0.8728,257,588,533,829,171.8463
12,152.6074,2,736.3426,585.056,12761.0,1076.0,187.8424,0.5904,2.4024,513.0,55.8135,0.3608,0.5303,588,915,533,829,171.8463
12,152.6074,3,1161.2,596.7799,12463.0,1201.0,154.8784,0.9501,1.6015,507.0,33.301,0.5536,0.7127,915,1251,533,829,171.8463
12,152.6074,4,1320.4774,571.2147,6012.0,485.0,110.673,0.8522,1.6081,515.0,22.2478,0.5589,0.717,1251,1582,533,829,171.8463
12,153.008,1,331.6806,612.5828,13367.0,2272.0,226.5159,0.9357,3.0658,478.0,30.5319,0.5632,0.7206,257,588,533,829,171.8463
12,153.008,2,709.7456,591.1454,13670.0,1319.0,196.5796,0.6809,2.469,510.0,50.1049,0.4104,0.582,588,915,533,829,171.8463
12,153.008,3,1149.504,582.2729,11634.0,1467.0,133.5122,0.979,1.2483,503.0,37.0028,0.5485,0.7084,915,1251,533,829,171.8463
12,153.008,4,1339.3066,575.3697,8486.0,822.0,138.5207,0.7238,1.9154,513.0,29.4639,0.5121,0.6773,1251,1582,533,829,171.8463
12,153.4085,1,327.4945,629.2447,13131.0,1259.0,231.7609,0.9257,3.0476,498.0,37.6823,0.5481,0.7081,257,588,533,829,171.8463
12,153.4085,2,682.8959,590.7501,12414.0,979.0,179.5911,0.6565,2.2791,512.0,49.1877,0.449,0.6198,588,915,533,829,171.8463
12,153.4085,3,1135.6156,579.2565,11197.0,1106.0,147.0247,0.5839,1.6084,510.0,32.6926,0.5261,0.6895,915,1251,533,829,171.8463
12,153.4085,4,1350.2277,571.1052,9182.0,1189.0,148.7156,0.7008,1.9947,510.0,25.1435,0.6311,0.7738,1251,1582,533,829,171.8463
12,153.8091,1,325.1523,652.3851,12056.0,0.0,197.0661,0.8707,2.8041,547.0,27.9381,0.5684,0.7248,257,588,533,829,171.8463
12,153.8091,2,671.6537,612.5519,12670.0,912.0,179.3545,0.8779,2.3626,514.0,47.8269,0.3843,0.5553,588,915,533,829,171.8463
12,153.8091,3,1120.6658,578.5656,13610.0,1597.0,193.8958,0.5328,2.3152,506.0,36.3402,0.4774,0.6463,915,1251,533,829,171.8463
12,153.8091,4,1357.1438,573.9625,10536.0,1275.0,163.2659,0.6725,2.0802,507.0,16.1077,0.7507,0.8576,1251,1582,533,829,171.8463
12,154.2096,1,327.2004,604.9205,13128.0,1389.0,168.5665,0.9824,1.6399,492.0,45.508,0.4484,0.6192,257,588,533,829,171.8463
12,154.2096,2,656.6916,633.7679,12256.0,433.0,178.5512,0.8914,2.479,532.0,39.8565,0.4305,0.6019,588,915,533,829,171.8463
12,154.2096,3,1086.6157,578.0787,13716.0,1051.0,204.1903,0.4185,2.6125,513.0,36.1592,0.4725,0.6418,915,1251,533,829,171.8463
12,154.2096,4,1357.7912,577.5099,11080.0,1397.0,152.9677,0.6963,1.7894,502.0,21.0129,0.7132,0.8326,1251,1582,533,829,171.8463
12,154.6102,1,338.7276,597.7665,14593.0,475.0,204.8198,0.4571,2.2581,523.0,42.4208,0.3988,0.5703,257,588,533,829,171.8463
12,154.6102,2,656.929,633.2089,12514.0,360.0,185.7379,0.8645,2.5206,533.0,22.4,0.6865,0.8141,588,915,533,829,171.8463
12,154.6102,3,1053.9288,582.1031,14542.0,1055.0,202.1131,0.4202,2.514,512.0,39.734,0.415,0.5866,915,1251,533,829,171.8463
12,154.6102,4,1355.3042,588.2789,9760.0,1053.0,122.9014,0.795,1.5494,516.0,34.7805,0.511,0.6764,1251,1582,533,829,171.8463
12,155.0107,1,415.2145,582.1491,15793.0,798.0,271.8797,0.2838,3.8046,524.0,51.3038,0.2629,0.4164,257,588,533,829,171.8463
12,155.0107,2,659.3319,618.2332,15121.0,2281.0,235.1081,0.9529,3.1648,494.0,31.8672,0.5502,0.7098,588,915,533,829,171.8463
12,155.0107,3,1027.0852,582.7191,12929.0,1117.0,174.7124,0.486,2.1607,512.0,33.8699,0.5054,0.6715,915,1251,533,829,171.8463
12,155.0107,4,1337.6634,562.3909,9343.0,1589.0,153.475,0.5228,1.8876,506.0,35.3614,0.4227,0.5943,1251,1582,533,829,171.8463
12,155.4113,1,459.2211,610.873,16704.0,642.0,175.3715,0.7075,1.5305,511.0,54.9429,0.2408,0.3881,257,588,533,829,171.8463
12,155.4113,2,664.6713,643.9756,12688.0,300.0,202.8618,0.8306,3.0559,534.0,35.8734,0.5024,0.6688,588,915,533,829,171.8463
12,155.4113,3,1011.9947,586.8965,10696.0,888.0,140.6881,0.5832,1.769,514.0,28.2377,0.4942,0.6615,915,1251,533,829,171.8463
12,155.4113,4,1352.0918,561.326,10731.0,1505.0,174.155,0.3849,2.1021,508.0,21.5865,0.7018,0.8247,1251,1582,533,829,171.8463
12,155.8118,1,478.4939,610.738,14571.0,290.0,203.242,0.6617,2.3217,522.0,30.5127,0.5607,0.7185,257,588,533,829,171.8463
12,155.8118,2,660.4887,648.6938,12872.0,118.0,195.7141,0.8675,2.7685,533.0,24.7436,0.6506,0.7883,588,915,533,829,171.8463
12,155.8118,3,997.2051,585.0832,8087.0,693.0,114.094,0.8496,1.5552,515.0,23.2532,0.5231,0.6869,915,1251,533,829,171.8463
12,155.8118,4,1355.1429,575.5811,13845.0,1644.0,177.5318,0.4296,1.8982,506.0,21.07,0.7126,0.8322,1251,1582,533,829,171.8463
12,156.2124,1,472.4482,601.9384,13808.0,702.0,199.2475,0.6232,2.2669,511.0,27.9117,0.6257,0.7698,257,588,533,829,171.8463
12,156.2124,2,655.7127,630.5969,12757.0,763.0,172.0332,0.8914,2.5507,528.0,33.4681,0.5246,0.6882,588,915,533,829,171.8463
12,156.2124,3,985.6715,570.1586,6477.0,770.0,111.2659,0.9343,1.6262,514.0,22.0619,0.5945,0.7457,915,1251,533,829,171.8463
12,156.2124,4,1371.2151,574.9326,14102.0,1491.0,182.6052,0.485,1.9439,509.0,23.0895,0.6701,0.8024,1251,1582,533,829,171.8463
12,156.6129,1,476.6893,602.3394,14539.0,732.0,169.6302,0.6456,1.635,510.0,24.3913,0.6325,0.7749,257,588,533,829,171.8463
12,156.6129,2,651.898,629.8733,13210.0,466.0,179.6044,0.9535,2.1215,520.0,23.2088,0.59,0.7422,588,915,533,829,171.8463
12,156.6129,3,1000.4498,564.3236,7123.0,891.0,117.418,0.6896,1.5217,515.0,31.6428,0.4743,0.6434,915,1251,533,829,171.8463
12,156.6129,4,1376.5675,579.0672,14817.0,1282.0,210.9008,0.4892,2.4623,510.0,20.3571,0.7127,0.8323,1251,1582,533,829,171.8463
12,157.0134,1,473.7973,608.1035,12871.0,312.0,150.1329,0.8256,1.4735,522.0,24.1823,0.6506,0.7883,257,588,533,829,171.8463
12,157.0134,2,656.433,613.6847,10750.0,637.0,174.5451,0.9841,2.2849,513.0,23.3836,0.6359,0.7775,588,915,533,829,171.8463
12,157.0134,3,1041.6233,568.5896,9616.0,1072.0,153.6592,0.4902,2.1421,515.0,51.4392,0.2872,0.4463,915,1251,533,829,171.8463
12,157.0134,4,1391.851,589.6707,16895.0,2448.0,210.8821,0.7555,2.2064,494.0,31.3797,0.5223,0.6862,1251,1582,533,829,171.8463
12,157.414,1,466.5484,607.8162,13380.0,297.0,161.0498,0.8179,1.6228,522.0,25.2981,0.7043,0.8265,257,588,533,829,171.8463
12,157.414,2,655.4901,613.6754,11151.0,952.0,150.0052,0.9759,2.1923,509.0,29.5775,0.4879,0.6559,588,915,533,829,171.8463
12,157.414,3,1083.685,575.989,11650.0,941.0,168.3884,0.4965,2.0912,517.0,57.1525,0.2879,0.4471,915,1251,533,829,171.8463
12,157.414,4,1408.2151,605.5496,16172.0,415.0,223.7743,0.5419,2.6022,526.0,41.2656,0.3955,0.5668,1251,1582,533,829,171.8463
12,157.8145,1,456.4475,606.9156,16260.0,642.0,215.3763,0.5916,2.3792,520.0,35.0568,0.5195,0.6838,257,588,533,829,171.8463
12,157.8145,2,664.0972,580.9543,8893.0,685.0,146.9724,0.8067,1.9211,514.0,32.4647,0.4086,0.5801,588,915,533,829,171.8463
12,157.8145,3,1120.7418,579.1469,11859.0,938.0,175.8565,0.5458,2.2229,516.0,52.9074,0.3906,0.5617,915,1251,533,829,171.8463
12,157.8145,4,1424.5279,610.7168,18000.0,1424.0,205.9456,0.7728,2.0098,506.0,29.7717,0.5413,0.7024,1251,1582,533,829,171.8463
12,158.2151,1,455.2116,604.0828,15046.0,832.0,213.3106,0.5333,2.7996,517.0,29.9383,0.5721,0.7278,257,588,533,829,171.8463
12,158.2151,2,689.3293,591.4158,10266.0,957.0,148.5993,0.9477,1.831,507.0,37.1755,0.4054,0.577,588,915,533,829,171.8463
12,158.2151,3,1137.2139,578.7428,11209.0,1263.0,153.4798,0.6249,1.8468,511.0,35.2943,0.5597,0.7177,915,1251,533,829,171.8463
12,158.2151,4,1435.4286,598.7402,18048.0,1663.0,238.0618,0.4982,2.9191,514.0,28.3853,0.5065,0.6724,1251,1582,533,829,171.8463
12,158.6156,1,486.1718,595.2114,10975.0,545.0,147.3414,0.615,1.9697,520.0,38.875,0.3564,0.5255,257,588,533,829,171.8463
12,158.6156,2,717.441,605.3933,10933.0,713.0,165.1189,0.9895,2.1261,510.0,45.7418,0.3436,0.5114,588,915,533,829,171.8463
12,158.6156,3,1143.9936,579.8227,10999.0,991.0,147.3227,0.5384,1.8223,514.0,28.1614,0.6386,0.7794,915,1251,533,829,171.8463
12,158.6156,4,1450.3226,580.434,17296.0,2628.0,222.0912,0.4928,2.3503,492.0,28.4508,0.5763,0.7312,1251,1582,533,829,171.8463
12,159.0162,1,507.4767,600.6451,8805.0,411.0,137.3333,0.8335,2.0809,519.0,34.861,0.4159,0.5875,257,588,533,829,171.8463
12,159.0162,2,731.8661,635.1978,12806.0,188.0,183.2953,0.9496,2.3689,524.0,44.3123,0.3889,0.56,588,915,533,829,171.8463
12,159.0162,3,1157.9735,584.584,11398.0,1067.0,145.9148,0.7733,1.611,509.0,40.3342,0.5298,0.6927,915,1251,533,829,171.8463
12,159.0162,4,1469.2584,590.1024,16809.0,1778.0,195.9646,0.6127,1.8917,504.0,31.3415,0.5032,0.6695,1251,1582,533,829,171.8463
12,159.4167,1,510.2735,619.541,10008.0,369.0,141.0768,0.963,1.9182,522.0,25.2877,0.4729,0.6421,257,588,533,829,171.8463
12,159.4167,2,756.4326,608.1466,12108.0,1071.0,183.0819,0.9955,2.1923,510.0,39.3934,0.4494,0.6201,588,915,533,829,171.8463
12,159.4167,3,1160.6486,589.8823,12620.0,1609.0,142.1979,0.7305,1.6198,528.0,31.0119,0.5998,0.7499,915,1251,533,829,171.8463
12,159.4167,4,1480.4262,608.2299,16059.0,348.0,198.1671,0.5596,2.1755,524.0,35.5631,0.5004,0.667,1251,1582,533,829,171.8463
12,159.8173,1,511.7597,594.6087,6926.0,436.0,111.3505,0.9657,1.7951,520.0,34.2894,0.3875,0.5585,257,588,533,829,171.8463
12,159.8173,2,756.3829,596.9527,14446.0,1602.0,212.1459,0.7699,2.4877,508.0,43.0706,0.47,0.6395,588,915,533,829,171.8463
12,159.8173,3,1143.8875,613.3593,14916.0,779.0,159.271,0.9691,1.5535,514.0,41.621,0.4111,0.5827,915,1251,533,829,171.8463
12,159.8173,4,1501.8508,608.461,18573.0,1289.0,178.6213,0.9148,1.5123,515.0,44.6072,0.4146,0.5862,1251,1582,533,829,171.8463
12,160.2178,1,495.7654,573.4047,6437.0,329.0,103.8988,0.9079,1.2796,524.0,36.268,0.3756,0.5461,257,588,533,829,171.8463
12,160.2178,2,736.8785,591.2582,14011.0,1206.0,203.7187,0.6964,2.1681,513.0,45.3649,0.4667,0.6364,588,915,533,829,171.8463
12,160.2178,3,1127.0392,617.7302,16604.0,1303.0,193.9679,0.9972,1.9527,499.0,37.4739,0.508,0.6737,915,1251,533,829,171.8463
12,160.2178,4,1469.5698,593.732,15157.0,1410.0,174.0442,0.7104,1.6938,498.0,46.4713,0.426,0.5975,1251,1582,533,829,171.8463
12,160.6183,1,469.3665,596.2528,9487.0,334.0,152.754,0.9886,1.8842,522.0,48.1823,0.386,0.557,257,588,533,829,171.8463
12,160.6183,2,722.1078,598.801,13314.0,775.0,207.4903,0.6207,2.8807,516.0,41.2512,0.4911,0.6587,588,915,533,829,171.8463
12,160.6183,3,1121.2076,604.2515,15220.0,1367.0,172.2929,0.9986,1.7529,505.0,27.7511,0.5744,0.7297,915,1251,533,829,171.8463
12,160.6183,4,1446.1853,575.6976,15647.0,1957.0,194.7607,0.3942,2.0596,503.0,35.9397,0.4582,0.6285,1251,1582,533,829,171.8463
12,161.0189,1,447.947,613.273,11196.0,185.0,154.3772,0.9504,1.9095,526.0,39.3807,0.5571,0.7156,257,588,533,829,171.8463
12,161.0189,2,701.9707,598.7044,13182.0,974.0,204.1971,0.6853,2.7684,513.0,40.2683,0.5372,0.699,588,915,533,829,171.8463
12,161.0189,3,1109.3656,591.1828,16069.0,1785.0,211.1298,0.623,2.4414,505.0,39.2876,0.3829,0.5537,915,1251,533,829,171.8463
12,161.0189,4,1423.4559,583.0127,14824.0,1283.0,198.1634,0.48,2.3309,508.0,38.5001,0.4782,0.647,1251,1582,533,829,171.8463
12,161.4194,1,437.7687,600.5801,11866.0,775.0,173.9651,0.8391,2.3007,518.0,33.6043,0.5594,0.7175,257,588,533,829,171.8463
12,161.4194,2,686.0998,594.0134,12775.0,1217.0,195.924,0.7053,2.6586,509.0,34.6552,0.5982,0.7486,588,915,533,829,171.8463
12,161.4194,3,1116.0509,583.5562,13531.0,1460.0,179.92,0.475,2.273,507.0,32.575,0.4679,0.6375,915,1251,533,829,171.8463
12,161.4194,4,1402.4735,593.7496,15249.0,938.0,189.4836,0.5315,2.0869,510.0,34.9817,0.481,0.6496,1251,1582,533,829,171.8463
12,161.82,1,445.183,604.0108,12189.0,272.0,180.2467,0.7101,2.3824,526.0,32.3433,0.598,0.7485,257,588,533,829,171.8463
12,161.82,2,679.305,601.6655,12684.0,819.0,180.7669,0.7401,2.3113,515.0,36.4588,0.5874,0.7401,588,915,533,829,171.8463
12,161.82,3,1158.2201,575.9418,7077.0,1032.0,97.5158,0.9859,1.3654,509.0,36.3894,0.3024,0.4644,915,1251,533,829,171.8463
12,161.82,4,1392.7441,593.2625,15485.0,2116.0,195.3462,0.7879,2.1605,497.0,28.0871,0.5774,0.7321,1251,1582,533,829,171.8463
12,162.2205,1,450.1497,603.3451,12402.0,683.0,184.9685,0.7587,2.4507,518.0,28.0039,0.6773,0.8076,257,588,533,829,171.8463
12,162.2205,2,676.0414,610.4586,12619.0,740.0,190.8372,0.7686,2.6006,516.0,29.5105,0.6604,0.7955,588,915,533,829,171.8463
12,162.2205,3,1174.1985,567.845,7026.0,1149.0,98.9786,0.9757,1.2883,508.0,24.7886,0.5288,0.6918,915,1251,533,829,171.8463
12,162.2205,4,1376.8264,603.0788,15568.0,1045.0,188.5497,0.7085,1.9341,506.0,33.0729,0.5386,0.7002,1251,1582,533,829,171.8463
12,162.6211,1,454.3538,610.7491,12445.0,301.0,180.8331,0.7321,2.4017,525.0,30.6851,0.6011,0.7508,257,588,533,829,171.8463
12,162.6211,2,671.9195,612.3255,15471.0,2302.0,232.1057,0.9099,3.0316,497.0,32.6243,0.532,0.6945,588,915,533,829,171.8463
12,162.6211,3,1152.2124,562.0485,8254.0,1423.0,134.2184,0.6074,1.8079,508.0,42.0639,0.345,0.513,915,1251,533,829,171.8463
12,162.6211,4,1368.1064,595.9548,14108.0,1441.0,167.3414,0.8004,1.7183,495.0,28.6272,0.5757,0.7307,1251,1582,533,829,171.8463
12,163.0216,1,456.9525,617.692,12502.0,209.0,190.0149,0.7312,2.7168,526.0,30.6961,0.6039,0.753,257,588,533,829,171.8463
12,163.0216,2,664.9862,624.6717,14035.0,1113.0,213.548,0.9161,2.9486,504.0,33.8925,0.5167,0.6814,588,915,533,829,171.8463
12,163.0216,3,1117.441,577.2973,11446.0,1575.0,167.1578,0.7363,2.0413,499.0,56.7275,0.2635,0.4171,915,1251,533,829,171.8463
12,163.0216,4,1360.7144,605.4283,15235.0,1369.0,174.6634,0.8056,1.8508,498.0,24.303,0.6339,0.7759,1251,1582,533,829,171.8463
12,163.4222,1,468.228,608.9822,11831.0,786.0,180.3273,0.8391,2.4779,511.0,32.5705,0.6017,0.7513,257,588,533,829,171.8463
12,163.4222,2,668.5014,630.6997,12835.0,525.0,200.7477,0.8373,2.7844,517.0,29.9354,0.6008,0.7507,588,915,533,829,171.8463
12,163.4222,3,1098.1497,587.3468,12069.0,955.0,188.5941,0.6175,2.6204,514.0,53.1724,0.3685,0.5385,915,1251,533,829,171.8463
12,163.4222,4,1347.1225,611.7669,14643.0,1981.0,200.3806,0.8988,2.4102,485.0,31.5658,0.5003,0.6669,1251,1582,533,829,171.8463
12,163.8227,1,466.2549,623.5729,13370.0,504.0,188.8882,0.8724,2.4447,517.0,26.3097,0.6335,0.7756,257,588,533,829,171.8463
12,163.8227,2,663.9321,619.7258,11483.0,757.0,187.2465,0.9334,2.808,512.0,34.0081,0.5593,0.7174,588,915,533,829,171.8463
12,163.8227,3,1061.6748,572.8126,12063.0,2161.0,193.1762,0.6544,2.6588,485.0,43.4208,0.4242,0.5957,915,1251,533,829,171.8463
12,163.8227,4,1325.8462,609.1534,11510.0,1556.0,152.5721,0.939,1.9262,522.0,33.9241,0.4378,0.609,1251,1582,533,829,171.8463
12,164.2232,1,467.4513,625.3303,11629.0,200.0,183.3628,0.8083,2.7244,525.0,21.7536,0.6769,0.8073,257,588,533,829,171.8463
12,164.2232,2,653.9489,597.1239,9856.0,795.0,154.6922,0.9979,2.0676,511.0,32.2286,0.491,0.6586,588,915,533,829,171.8463
12,164.2232,3,1028.5542,587.8398,13673.0,2131.0,204.0876,0.8387,2.4978,477.0,54.1768,0.2517,0.4022,915,1251,533,829,171.8463
12,164.2232,4,1320.4922,597.2489,10112.0,871.0,154.3974,0.9931,2.0203,525.0,27.7004,0.5774,0.7321,1251,1582,533,829,171.8463
12,164.6238,1,481.4598,590.5392,10077.0,886.0,165.7646,0.847,2.305,507.0,33.5503,0.5839,0.7373,257,588,533,829,171.8463
12,164.6238,2,664.5063,595.9662,8983.0,854.0,147.4755,0.9902,2.0948,509.0,24.7227,0.5638,0.7211,588,915,533,829,171.8463
12,164.6238,3,1029.4706,631.7299,12615.0,282.0,206.5239,0.8131,3.0428,522.0,47.6246,0.3039,0.4661,915,1251,533,829,171.8463
12,164.6238,4,1368.5278,571.2549,13872.0,2190.0,196.5571,0.6355,2.2414,486.0,51.0313,0.2709,0.4264,1251,1582,533,829,171.8463
12,165.0243,1,481.9051,600.3364,9446.0,279.0,126.7458,0.9486,1.543,526.0,40.0825,0.4283,0.5997,257,588,533,829,171.8463
12,165.0243,2,671.302,582.4789,8915.0,844.0,142.166,0.9177,1.8454,508.0,29.7831,0.5247,0.6882,588,915,533,829,171.8463
12,165.0243,3,1018.4717,632.2981,12687.0,432.0,185.1391,0.9333,2.5202,517.0,29.8531,0.5038,0.6701,915,1251,533,829,171.8463
12,165.0243,4,1430.6918,571.51,17632.0,3762.0,249.4456,0.5918,2.6643,468.0,55.9576,0.2102,0.3474,1251,1582,533,829,171.8463
12,165.4249,1,462.9748,590.6954,10305.0,481.0,141.8559,0.7317,1.6994,522.0,37.0434,0.4638,0.6337,257,588,533,829,171.8463
12,165.4249,2,687.0385,596.8014,10602.0,903.0,162.7339,0.9726,2.0384,504.0,34.7401,0.5194,0.6837,588,915,533,829,171.8463
12,165.4249,3,1008.0301,577.532,11419.0,2351.0,175.8895,0.9997,2.2295,474.0,35.1378,0.3682,0.5382,915,1251,533,829,171.8463
12,165.4249,4,1478.0245,588.6284,17688.0,3070.0,211.1277,0.7568,2.0173,477.0,53.1782,0.2172,0.3569,1251,1582,533,829,171.8463
12,165.8254,1,437.4478,592.9599,10053.0,402.0,131.1569,0.9446,1.4429,521.0,38.2561,0.4999,0.6666,257,588,533,829,171.8463
12,165.8254,2,696.1054,623.0056,11428.0,176.0,165.3852,0.9753,2.0488,524.0,34.7109,0.5372,0.699,588,915,533,829,171.8463
12,165.8254,3,1022.4883,598.8331,9856.0,482.0,138.0578,0.988,1.7542,515.0,30.6474,0.4157,0.5873,915,1251,533,829,171.8463
12,165.8254,4,1487.6411,608.4863,17733.0,2246.0,204.2417,0.8402,2.0396,495.0,33.835,0.4902,0.6579,1251,1582,533,829,171.8463
12,166.226,1,425.4563,618.4884,11469.0,26.0,134.9178,0.9885,1.4648,531.0,33.3791,0.5606,0.7184,257,588,533,829,171.8463
12,166.226,2,705.9309,619.6752,12235.0,419.0,192.5457,0.9061,2.4817,518.0,28.4773,0.6306,0.7734,588,915,533,829,171.8463
12,166.226,3,1042.9593,596.0485,9594.0,477.0,144.371,0.9573,1.7883,518.0,29.5642,0.5085,0.6741,915,1251,533,829,171.8463
12,166.226,4,1487.0554,613.4307,15848.0,1300.0,198.9951,0.8066,2.1397,504.0,23.1981,0.6512,0.7888,1251,1582,533,829,171.8463
12,166.6265,1,418.0522,621.5241,12221.0,120.0,140.8717,0.9778,1.5796,527.0,24.1867,0.6494,0.7874,257,588,533,829,171.8463
12,166.6265,2,717.962,615.46,12726.0,1080.0,192.7542,0.9795,2.6006,501.0,31.9931,0.5302,0.693,588,915,533,829,171.8463
12,166.6265,3,1066.9181,577.5996,11120.0,1387.0,173.6395,0.6155,2.2678,510.0,40.9627,0.4016,0.573,915,1251,533,829,171.8463
12,166.6265,4,1493.1474,591.9061,14605.0,2188.0,161.0652,0.8816,1.6085,501.0,31.5382,0.522,0.6859,1251,1582,533,829,171.8463
12,167.0271,1,415.8521,598.595,9971.0,395.0,141.5077,0.984,1.6943,523.0,28.1027,0.6273,0.771,257,588,533,829,171.8463
12,167.0271,2,731.8154,607.2102,12538.0,1093.0,191.1945,0.9427,2.5436,502.0,32.2167,0.5605,0.7183,588,915,533,829,171.8463
12,167.0271,3,1112.9805,572.6468,11705.0,1279.0,181.4092,0.4944,2.3502,512.0,56.529,0.3101,0.4734,915,1251,533,829,171.8463
12,167.0271,4,1494.4013,580.8987,12351.0,1610.0,162.6249,0.7481,1.8422,504.0,23.6721,0.6176,0.7636,1251,1582,533,829,171.8463
12,167.4276,1,413.5409,612.3743,11802.0,248.0,155.0504,0.8877,1.8312,524.0,31.4999,0.6292,0.7724,257,588,533,829,171.8463
12,167.4276,2,745.6905,622.9391,13715.0,607.0,197.9304,0.8317,2.681,519.0,41.365,0.4751,0.6441,588,915,533,829,171.8463
12,167.4276,3,1145.0948,579.0276,10568.0,1133.0,148.4157,0.6233,1.8752,511.0,51.1348,0.3949,0.5662,915,1251,533,829,171.8463
12,167.4276,4,1504.7267,581.4534,9978.0,1166.0,119.8609,0.7863,1.4143,508.0,26.3693,0.5455,0.7059,1251,1582,533,829,171.8463
12,167.8281,1,427.7786,606.0827,11918.0,365.0,170.3589,0.7921,2.2437,525.0,37.3931,0.5414,0.7024,257,588,533,829,171.8463
12,167.8281,2,766.5491,613.96,13561.0,964.0,213.791,0.8705,2.814,510.0,45.8099,0.442,0.613,588,915,533,829,171.8463
12,167.8281,3,1149.4492,585.7888,11162.0,1210.0,142.8824,0.6908,1.7171,510.0,28.7712,0.6378,0.7788,915,1251,533,829,171.8463
12,167.8281,4,1523.362,581.6162,9034.0,909.0,115.8348,0.9828,1.3243,509.0,22.3321,0.5847,0.738,1251,1582,533,829,171.8463
12,168.2287,1,443.4688,612.4586,12428.0,215.0,173.6388,0.786,2.1871,526.0,39.6883,0.4933,0.6606,257,588,533,829,171.8463
12,168.2287,2,785.6269,613.904,13099.0,790.0,215.0633,0.7883,3.0511,512.0,48.9492,0.4688,0.6383,588,915,533,829,171.8463
12,168.2287,3,1155.8627,592.9545,12194.0,1489.0,151.1256,0.931,1.7399,504.0,42.1803,0.4602,0.6303,915,1251,533,829,171.8463
12,168.2287,4,1517.3172,578.7355,8880.0,886.0,124.3055,0.9691,1.4193,513.0,23.3352,0.673,0.8045,1251,1582,533,829,171.8463
12,168.6292,1,453.2023,621.0284,12292.0,82.0,178.3597,0.8143,2.3783,530.0,41.1192,0.5187,0.6831,257,588,533,829,171.8463
12,168.6292,2,799.8548,619.3743,13229.0,677.0,210.3646,0.8058,2.8597,514.0,40.5338,0.4871,0.6551,588,915,533,829,171.8463
12,168.6292,3,1168.1392,597.6367,12048.0,926.0,138.9098,0.874,1.5179,525.0,33.7761,0.561,0.7188,915,1251,533,829,171.8463
12,168.6292,4,1510.2457,576.3688,9046.0,1162.0,119.6705,0.9903,1.3676,507.0,27.8849,0.6083,0.7564,1251,1582,533,829,171.8463
12,169.0298,1,464.2572,627.7473,12067.0,70.0,176.103,0.9521,2.2602,529.0,36.7118,0.5367,0.6986,257,588,533,829,171.8463
12,169.0298,2,805.6963,625.575,13193.0,595.0,217.325,0.7563,3.1782,513.0,30.6792,0.6224,0.7672,588,915,533,829,171.8463
12,169.0298,3,1154.484,588.6283,13122.0,1219.0,170.5843,0.6181,1.9165,508.0,42.2367,0.3979,0.5692,915,1251,533,829,171.8463
12,169.0298,4,1495.9079,588.142,10535.0,1205.0,152.6577,0.951,1.8398,507.0,27.6767,0.5292,0.6921,1251,1582,533,829,171.8463
12,169.4303,1,474.0703,611.3859,12121.0,440.0,180.0861,0.8123,2.4169,522.0,32.5903,0.5802,0.7343,257,588,533,829,171.8463
12,169.4303,2,808.3986,627.3652,13120.0,570.0,227.8807,0.7766,3.484,516.0,22.313,0.7232,0.8394,588,915,533,829,171.8463
12,169.4303,3,1090.0195,571.2691,12996.0,1435.0,195.5038,0.3949,2.4982,508.0,50.6887,0.2389,0.3857,915,1251,533,829,171.8463
12,169.4303,4,1475.8454,586.1618,10375.0,1104.0,130.4424,0.9243,1.4318,511.0,34.1268,0.3974,0.5688,1251,1582,533,829,171.8463
12,169.8309,1,477.9779,605.5334,11836.0,909.0,184.1545,0.8059,2.5735,509.0,29.1169,0.6211,0.7663,257,588,533,829,171.8463
12,169.8309,2,816.3007,618.0056,13331.0,1148.0,233.8459,0.8501,3.5641,507.0,31.3614,0.6224,0.7672,588,915,533,829,171.8463
12,169.8309,3,1033.4832,571.4531,13155.0,1018.0,199.2422,0.2951,2.559,511.0,47.7756,0.2882,0.4475,915,1251,533,829,171.8463
12,169.8309,4,1450.5759,581.3628,10135.0,1164.0,134.2696,0.7762,1.6771,510.0,37.8557,0.3761,0.5467,1251,1582,533,829,171.8463
12,170.2314,1,487.9458,619.3811,12328.0,558.0,187.807,0.8451,2.596,514.0,48.0916,0.4569,0.6272,257,588,533,829,171.8463
12,170.2314,2,824.862,615.5215,12830.0,986.0,210.7214,0.836,3.0296,509.0,29.7177,0.6905,0.8169,588,915,533,829,171.8463
12,170.2314,3,1015.9607,583.3503,10305.0,994.0,134.7434,0.6212,1.7234,511.0,34.1233,0.4004,0.5719,915,1251,533,829,171.8463
12,170.2314,4,1408.5641,572.4967,10304.0,1290.0,156.0917,0.6751,1.8973,513.0,44.6292,0.346,0.5141,1251,1582,533,829,171.8463
12,170.632,1,499.9169,632.7997,11984.0,125.0,167.0985,0.8567,2.2574,539.0,35.9753,0.5134,0.6784,257,588,533,829,171.8463
12,170.632,2,831.4734,616.7025,12348.0,1002.0,203.4392,0.8586,2.9197,507.0,32.4783,0.619,0.7646,588,915,533,829,171.8463
12,170.632,3,1000.145,583.8862,7138.0,555.0,119.1374,0.8124,1.9377,516.0,28.3433,0.4588,0.629,915,1251,533,829,171.8463
12,170.632,4,1375.4135,573.7506,11594.0,1608.0,166.8843,0.5302,2.1348,509.0,47.0915,0.3762,0.5467,1251,1582,533,829,171.8463
12,171.0325,1,515.6678,602.7935,10185.0,710.0,157.7627,0.935,2.0956,513.0,33.5215,0.5362,0.6981,257,588,533,829,171.8463
12,171.0325,2,834.0035,627.0026,12082.0,847.0,203.7421,0.8926,3.0275,507.0,30.56,0.5989,0.7492,588,915,533,829,171.8463
12,171.0325,3,987.4375,570.1641,6612.0,888.0,102.6242,0.9961,1.3725,513.0,29.0816,0.451,0.6217,915,1251,533,829,171.8463
12,171.0325,4,1345.3718,582.0921,9411.0,1048.0,135.2068,0.7588,1.836,510.0,49.0063,0.3498,0.5184,1251,1582,533,829,171.8463
12,171.433,1,519.1576,606.3474,10116.0,524.0,153.59,0.7994,2.17,537.0,29.8799,0.5837,0.7371,257,588,533,829,171.8463
12,171.433,2,831.7423,636.2945,12942.0,772.0,194.3308,0.8387,2.8058,530.0,23.6556,0.6783,0.8083,588,915,533,829,171.8463
12,171.433,3,1019.5938,569.8792,8062.0,977.0,128.5554,0.7427,1.7026,513.0,42.643,0.3013,0.4631,915,1251,533,829,171.8463
12,171.433,4,1332.2889,590.0287,7535.0,915.0,114.6637,0.9392,1.7361,509.0,32.403,0.4759,0.6449,1251,1582,533,829,171.8463
12,171.8336,1,517.3254,634.6275,10882.0,275.0,171.1487,0.8543,2.7351,543.0,31.1594,0.599,0.7492,257,588,533,829,171.8463
12,171.8336,2,836.9564,632.9091,13493.0,750.0,196.4095,0.8968,2.6347,525.0,25.8621,0.6256,0.7697,588,915,533,829,171.8463
12,171.8336,3,1048.8481,589.0233,9277.0,486.0,139.3299,0.819,1.7344,520.0,51.8343,0.2887,0.448,915,1251,533,829,171.8463
12,171.8336,4,1318.7408,576.9855,6772.0,980.0,109.8009,0.9969,1.6195,508.0,23.7418,0.5969,0.7476,1251,1582,533,829,171.8463
12,172.2341,1,515.1239,628.2561,10898.0,310.0,170.32,0.8541,2.5872,542.0,16.5754,0.7449,0.8538,257,588,533,829,171.8463
12,172.2341,2,828.0261,621.5421,12678.0,854.0,194.2154,0.8726,2.6497,512.0,35.0503,0.5421,0.7031,588,915,533,829,171.8463
12,172.2341,3,1069.4285,595.3425,9877.0,407.0,148.7559,0.8513,1.8358,521.0,39.6346,0.5007,0.6673,915,1251,533,829,171.8463
12,172.2341,4,1322.4798,583.8574,7074.0,968.0,119.5858,0.9959,1.8701,508.0,21.0041,0.6927,0.8184,1251,1582,533,829,171.8463
12,172.6347,1,514.3493,602.7249,10665.0,485.0,150.3591,0.9077,1.8058,519.0,36.3929,0.4788,0.6476,257,588,533,829,171.8463
12,172.6347,2,838.1885,593.6562,9822.0,949.0,150.9377,0.9791,1.9491,510.0,38.7401,0.4761,0.6451,588,915,533,829,171.8463
12,172.6347,3,1077.7226,603.0982,12754.0,1613.0,198.0678,0.9675,2.6648,492.0,34.1567,0.5064,0.6724,915,1251,533,829,171.8463
12,172.6347,4,1314.4367,572.5304,6744.0,1105.0,136.4516,0.9747,2.1338,505.0,24.0727,0.6489,0.7871,1251,1582,533,829,171.8463
12,173.0352,1,502.3727,605.4833,11647.0,325.0,161.4623,0.7753,1.9127,521.0,31.6221,0.5987,0.749,257,588,533,829,171.8463
12,173.0352,2,833.8975,577.0443,9030.0,887.0,146.7326,0.7533,1.9564,512.0,40.2518,0.3948,0.5661,588,915,533,829,171.8463
12,173.0352,3,1076.3701,619.3702,11368.0,360.0,165.0252,0.9211,2.1312,523.0,27.7562,0.5849,0.7381,915,1251,533,829,171.8463
12,173.0352,4,1318.8718,579.1553,7998.0,897.0,122.0743,0.9861,1.6115,520.0,24.2129,0.6984,0.8224,1251,1582,533,829,171.8463
12,173.4358,1,503.3449,601.1772,11483.0,366.0,148.5913,0.8106,1.5485,521.0,24.6733,0.6589,0.7944,257,588,533,829,171.8463
12,173.4358,2,798.6146,577.9742,11641.0,1428.0,180.8994,0.6508,2.3285,508.0,53.5676,0.3569,0.5261,588,915,533,829,171.8463
12,173.4358,3,1090.0093,597.3218,11879.0,1221.0,163.4076,0.8973,2.0047,513.0,40.6279,0.3833,0.5542,915,1251,533,829,171.8463
12,173.4358,4,1331.0668,578.5315,10546.0,1362.0,155.143,0.7088,1.8267,508.0,27.4914,0.6053,0.7541,1251,1582,533,829,171.8463
12,173.8363,1,502.572,597.2727,11432.0,458.0,145.6664,0.778,1.4791,517.0,19.1364,0.7608,0.8642,257,588,533,829,171.8463
12,173.8363,2,758.3037,579.2661,12866.0,1098.0,198.7878,0.5543,2.4423,513.0,60.025,0.3515,0.5202,588,915,533,829,171.8463
12,173.8363,3,1078.9104,573.3193,11625.0,1800.0,195.3357,0.5934,2.6942,507.0,35.6569,0.5237,0.6874,915,1251,533,829,171.8463
12,173.8363,4,1355.0184,562.864,11498.0,1855.0,172.9902,0.4322,2.0653,505.0,29.3487,0.599,0.7492,1251,1582,533,829,171.8463
12,174.2369,1,506.0008,610.81,13003.0,187.0,141.4663,0.7446,1.4247,540.0,24.9185,0.6646,0.7985,257,588,533,829,171.8463
12,174.2369,2,721.3276,591.8248,14198.0,1744.0,196.4436,0.8273,2.1718,502.0,62.4545,0.269,0.424,588,915,533,829,171.8463
12,174.2369,3,1051.5894,579.3911,12369.0,1166.0,191.9093,0.5247,2.555,513.0,50.6581,0.4112,0.5828,915,1251,533,829,171.8463
12,174.2369,4,1380.7566,571.9645,13091.0,1592.0,171.0754,0.4441,1.8566,507.0,34.0792,0.4848,0.653,1251,1582,533,829,171.8463
12,174.6374,1,498.5251,607.4706,13459.0,248.0,153.4016,0.8009,1.4314,522.0,22.5257,0.6844,0.8126,257,588,533,829,171.8463
12,174.6374,2,686.8756,614.6183,13928.0,754.0,210.2113,0.8298,2.783,514.0,66.1559,0.2385,0.3851,588,915,533,829,171.8463
12,174.6374,3,1022.3721,580.7581,11396.0,1098.0,167.2187,0.6027,2.1886,512.0,46.6888,0.4087,0.5803,915,1251,533,829,171.8463
12,174.6374,4,1399.7061,580.2948,14783.0,1578.0,190.3161,0.4511,2.1871,509.0,31.507,0.5583,0.7166,1251,1582,533,829,171.8463
12,175.0379,1,494.2952,605.6276,13653.0,319.0,162.6579,0.7652,1.5471,519.0,20.731,0.7497,0.857,257,588,533,829,171.8463
12,175.0379,2,669.1074,626.4326,12542.0,537.0,195.6482,0.9018,2.7297,516.0,47.3401,0.4041,0.5756,588,915,533,829,171.8463
12,175.0379,3,1008.7304,582.3322,10079.0,1040.0,145.4918,0.6712,1.9268,511.0,32.4885,0.5524,0.7117,915,1251,533,829,171.8463
12,175.0379,4,1424.6853,588.7134,16551.0,2145.0,199.7734,0.7615,2.0011,494.0,34.1631,0.4542,0.6247,1251,1582,533,829,171.8463
12,175.4385,1,491.7946,610.8838,12946.0,215.0,149.2794,0.9998,1.402,526.0,28.0256,0.6209,0.7661,257,588,533,829,171.8463
12,175.4385,2,660.1438,606.6556,11485.0,686.0,171.6132,0.9416,2.1404,514.0,33.5748,0.5826,0.7363,588,915,533,829,171.8463
12,175.4385,3,995.3277,575.2299,7617.0,644.0,114.4482,0.7098,1.5986,515.0,32.1237,0.5284,0.6915,915,1251,533,829,171.8463
12,175.4385,4,1458.1607,605.2265,18480.0,1191.0,222.4286,0.7117,2.2371,511.0,47.0722,0.3143,0.4783,1251,1582,533,829,171.8463
12,175.839,1,484.6051,598.0839,12421.0,523.0,151.1585,0.6856,1.5741,520.0,31.1542,0.5452,0.7056,257,588,533,829,171.8463
12,175.839,2,674.8375,598.7732,18184.0,3609.0,203.6146,0.9977,1.8571,500.0,32.8736,0.5015,0.668,588,915,533,829,171.8463
12,175.839,3,983.7151,585.5893,8608.0,898.0,121.9875,0.9759,1.575,509.0,33.6057,0.4554,0.6258,915,1251,533,829,171.8463
12,175.839,4,1475.2749,626.667,18546.0,349.0,202.6147,0.7716,1.9449,525.0,39.8096,0.449,0.6197,1251,1582,533,829,171.8463
12,176.2396,1,469.8297,595.0007,11967.0,281.0,166.5541,0.5792,1.9553,525.0,30.1975,0.5971,0.7477,257,588,533,829,171.8463
12,176.2396,2,677.6836,605.1266,13898.0,601.0,155.4045,0.9457,1.4873,516.0,35.7568,0.4897,0.6574,588,915,533,829,171.8463
12,176.2396,3,976.4983,590.1611,8909.0,810.0,116.4582,0.8939,1.5406,532.0,25.5541,0.6005,0.7504,915,1251,533,829,171.8463
12,176.2396,4,1492.3096,620.0204,20428.0,1084.0,197.0945,0.8384,1.579,524.0,28.8572,0.5974,0.7479,1251,1582,533,829,171.8463
12,176.6401,1,451.3029,596.3049,11991.0,346.0,153.6389,0.6496,1.6789,522.0,35.356,0.5724,0.728,257,588,533,829,171.8463
12,176.6401,2,692.04,581.2198,12082.0,1035.0,160.1673,0.6296,1.7549,511.0,39.0707,0.4298,0.6012,588,915,533,829,171.8463
12,176.6401,3,983.2713,585.0209,10410.0,836.0,133.4193,0.8052,1.3982,512.0,27.5763,0.6105,0.7581,915,1251,533,829,171.8463
12,176.6401,4,1482.1563,606.4967,18863.0,2151.0,179.4207,0.9868,1.4289,488.0,40.1042,0.4769,0.6458,1251,1582,533,829,171.8463
12,177.0407,1,433.8975,601.9862,12298.0,195.0,150.2615,0.7072,1.561,525.0,36.6491,0.5486,0.7086,257,588,533,829,171.8463
12,177.0407,2,729.1863,576.2376,13207.0,1264.0,185.2567,0.457,2.188,509.0,40.8518,0.4377,0.6089,588,915,533,829,171.8463
12,177.0407,3,1001.8259,574.8915,11360.0,1055.0,165.6884,0.476,1.9116,511.0,28.4826,0.5916,0.7434,915,1251,533,829,171.8463
12,177.0407,4,1466.0153,598.0356,15047.0,895.0,156.5877,0.8232,1.3769,511.0,36.5594,0.513,0.6781,1251,1582,533,829,171.8463
12,177.4412,1,419.2231,609.1531,14032.0,409.0,157.4871,0.8749,1.5034,518.0,35.5044,0.5583,0.7165,257,588,533,829,171.8463
12,177.4412,2,756.0167,588.7241,16541.0,1186.0,209.3543,0.4737,2.3111,509.0,39.94,0.4185,0.59,588,915,533,829,171.8463
12,177.4412,3,1029.8804,574.2414,13455.0,1130.0,195.8119,0.4036,2.3306,511.0,32.456,0.4989,0.6657,915,1251,533,829,171.8463
12,177.4412,4,1447.9422,593.8269,16414.0,2497.0,166.28,0.8275,1.5322,496.0,35.0479,0.453,0.6235,1251,1582,533,829,171.8463
12,177.8418,1,411.5633,616.8245,14780.0,219.0,178.7878,0.7062,1.865,524.0,25.4451,0.6581,0.7938,257,588,533,829,171.8463
12,177.8418,2,780.2125,592.5048,15217.0,1424.0,200.937,0.5449,2.3575,507.0,33.8582,0.4926,0.6601,588,915,533,829,171.8463
12,177.8418,3,1078.582,567.7809,13695.0,1578.0,212.5823,0.3483,2.7897,508.0,37.8104,0.4426,0.6136,915,1251,533,829,171.8463
12,177.8418,4,1435.592,607.7604,15166.0,727.0,173.4054,0.6942,1.8082,517.0,37.2052,0.4188,0.5904,1251,1582,533,829,171.8463
12,178.2423,1,398.768,611.3748,16045.0,526.0,179.5101,0.7593,1.6978,517.0,23.1814,0.6685,0.8013,257,588,533,829,171.8463
12,178.2423,2,806.264,588.0386,12381.0,1024.0,174.697,0.5658,2.2136,510.0,38.2712,0.421,0.5925,588,915,533,829,171.8463
12,178.2423,3,1122.6812,569.7034,13157.0,1474.0,185.9393,0.3691,2.2369,507.0,41.9638,0.3921,0.5633,915,1251,533,829,171.8463
12,178.2423,4,1415.2314,606.9576,15645.0,873.0,182.1187,0.6657,1.9513,525.0,33.1814,0.5117,0.677,1251,1582,533,829,171.8463
12,178.6428,1,392.3301,620.0567,17017.0,323.0,196.1857,0.6729,1.8972,519.0,26.2248,0.6134,0.7604,257,588,533,829,171.8463
12,178.6428,2,850.7526,596.3459,11652.0,1484.0,178.1933,0.9866,2.1202,501.0,45.0168,0.3163,0.4806,588,915,533,829,171.8463
12,178.6428,3,1145.8256,578.1879,11208.0,1373.0,137.0157,0.6133,1.5577,509.0,36.1869,0.4293,0.6007,915,1251,533,829,171.8463
12,178.6428,4,1410.8055,595.7975,15703.0,1760.0,217.596,0.606,2.8616,502.0,31.8369,0.5031,0.6695,1251,1582,533,829,171.8463
12,179.0434,1,377.7217,619.9171,17205.0,448.0,177.8763,0.8375,1.5257,514.0,26.7155,0.607,0.7555,257,588,533,829,171.8463
12,179.0434,2,858.299,597.342,8769.0,1149.0,164.0552,0.9916,2.6894,506.0,29.6906,0.559,0.7171,588,915,533,829,171.8463
12,179.0434,3,1172.6764,573.465,9250.0,1354.0,123.7296,0.9481,1.3715,508.0,25.4716,0.5662,0.723,915,1251,533,829,171.8463
12,179.0434,4,1382.1353,585.2332,13898.0,2949.0,182.1295,0.7524,2.4373,491.0,35.5769,0.3974,0.5688,1251,1582,533,829,171.8463
12,179.4439,1,373.6391,622.4722,17664.0,369.0,197.5893,0.7176,1.7117,518.0,19.6399,0.707,0.8284,257,588,533,829,171.8463
12,179.4439,2,847.7072,604.1923,10698.0,843.0,157.5027,1.0,2.0455,511.0,34.9646,0.4766,0.6455,588,915,533,829,171.8463
12,179.4439,3,1170.5094,578.2221,9557.0,975.0,132.3596,0.9323,1.4959,513.0,20.0152,0.7111,0.8312,915,1251,533,829,171.8463
12,179.4439,4,1368.7072,612.7892,11615.0,564.0,164.7079,0.6374,2.2576,517.0,41.3316,0.2034,0.3381,1251,1582,533,829,171.8463
12,179.8445,1,376.4566,625.9502,16889.0,260.0,182.9634,0.853,1.6766,522.0,18.3146,0.7268,0.8418,257,588,533,829,171.8463
12,179.8445,2,830.9563,588.5009,10332.0,999.0,161.1266,0.8741,2.1319,509.0,36.2884,0.448,0.6188,588,915,533,829,171.8463
12,179.8445,3,1162.2488,575.2683,8713.0,1009.0,130.293,0.9392,1.5845,511.0,20.4886,0.7539,0.8597,915,1251,533,829,171.8463
12,179.8445,4,1325.1788,575.8466,7440.0,787.0,133.3246,0.8787,1.8534,510.0,30.9219,0.4884,0.6563,1251,1582,533,829,171.8463
12,180.245,1,385.3614,619.7991,17796.0,246.0,200.9157,0.7534,1.9066,525.0,24.9371,0.6252,0.7694,257,588,533,829,171.8463
12,180.245,2,794.1085,581.5084,9499.0,633.0,143.2267,0.8143,1.6988,516.0,50.6316,0.3213,0.4863,588,915,533,829,171.8463
12,180.245,3,1152.7773,581.6967,8316.0,729.0,118.2802,0.9946,1.4222,516.0,26.4005,0.6769,0.8073,915,1251,533,829,171.8463
12,180.245,4,1325.3233,575.6856,8105.0,2382.0,139.4417,1.0,2.0935,493.0,31.7445,0.4701,0.6396,1251,1582,533,829,171.8463
12,180.6456,1,384.1783,598.2898,14737.0,311.0,198.0592,0.5842,2.1614,526.0,26.8404,0.6065,0.755,257,588,533,829,171.8463
12,180.6456,2,757.886,584.7804,10614.0,896.0,156.207,0.825,1.8881,513.0,54.8995,0.3385,0.5058,588,915,533,829,171.8463
12,180.6456,3,1135.1779,589.8767,10049.0,938.0,134.403,0.9892,1.5774,515.0,30.685,0.5015,0.668,915,1251,533,829,171.8463
12,180.6456,4,1317.9535,581.845,5374.0,383.0,121.5041,0.9251,2.1844,521.0,29.5737,0.4752,0.6443,1251,1582,533,829,171.8463
12,181.0461,1,382.4887,598.4289,14741.0,241.0,188.847,0.458,2.2226,527.0,25.9025,0.6665,0.7999,257,588,533,829,171.8463
12,181.0461,2,740.7915,600.7106,13018.0,999.0,172.3416,0.8491,2.1149,512.0,48.8813,0.4277,0.5991,588,915,533,829,171.8463
12,181.0461,3,1113.4692,579.7436,9992.0,943.0,140.7055,0.8387,1.6302,516.0,38.1552,0.4599,0.63,915,1251,533,829,171.8463
12,181.0461,4,1322.4569,578.2321,6281.0,700.0,133.3875,0.9284,2.249,512.0,17.4727,0.7042,0.8264,1251,1582,533,829,171.8463
12,181.4467,1,367.7005,595.8671,12352.0,361.0,161.502,0.5596,1.9626,524.0,30.9619,0.5545,0.7134,257,588,533,829,171.8463
12,181.4467,2,718.2801,596.5789,13336.0,964.0,202.7066,0.6761,2.7277,515.0,42.284,0.5071,0.673,588,915,533,829,171.8463
12,181.4467,3,1084.703,579.1046,11003.0,1051.0,150.4083,0.6652,1.7774,516.0,45.8528,0.4433,0.6142,915,1251,533,829,171.8463
12,181.4467,4,1333.1696,585.6697,9023.0,953.0,148.2421,0.8889,2.0939,509.0,28.845,0.6161,0.7624,1251,1582,533,829,171.8463
12,181.8472,1,350.7261,602.4279,11144.0,223.0,146.7879,0.7072,1.8408,525.0,27.9762,0.5097,0.6753,257,588,533,829,171.8463
12,181.8472,2,692.3446,596.0478,12813.0,817.0,185.3146,0.7029,2.3414,515.0,45.7857,0.4773,0.6461,588,915,533,829,171.8463
12,181.8472,3,1049.0782,576.7931,11047.0,1041.0,164.6934,0.6058,2.0351,515.0,45.5094,0.4065,0.578,915,1251,533,829,171.8463
12,181.8472,4,1337.6628,584.3573,9396.0,996.0,154.2649,0.8027,2.2122,508.0,23.8668,0.6968,0.8213,1251,1582,533,829,171.8463
12,182.2477,1,338.4804,608.1363,10509.0,97.0,136.1775,0.8742,1.6427,528.0,23.7472,0.5643,0.7215,257,588,533,829,171.8463
12,182.2477,2,677.1062,603.0594,12434.0,810.0,173.8727,0.7712,2.2512,514.0,43.237,0.4908,0.6585,588,915,533,829,171.8463
12,182.2477,3,1028.9247,586.6433,11363.0,1082.0,166.7324,0.6595,2.1493,514.0,40.84,0.4246,0.5961,915,1251,533,829,171.8463
12,182.2477,4,1341.6543,592.2065,8999.0,676.0,132.6287,0.8477,1.8083,514.0,22.4866,0.6677,0.8008,1251,1582,533,829,171.8463
12,182.6483,1,333.4481,605.7164,10148.0,315.0,145.1152,0.9327,1.8087,524.0,19.4373,0.6718,0.8037,257,588,533,829,171.8463
12,182.6483,2,664.7786,608.6972,11256.0,725.0,165.3639,0.833,2.2239,514.0,34.3471,0.5293,0.6922,588,915,533,829,171.8463
12,182.6483,3,1011.8324,586.6531,10934.0,917.0,156.8578,0.6536,2.0556,514.0,39.0552,0.4823,0.6508,915,1251,533,829,171.8463
12,182.6483,4,1323.1473,582.928,7857.0,1011.0,121.3734,0.9737,1.6994,507.0,28.432,0.5631,0.7205,1251,1582,533,829,171.8463
12,183.0488,1,343.6689,604.0027,11319.0,194.0,146.9734,0.882,1.6486,526.0,24.1734,0.6269,0.7707,257,588,533,829,171.8463
12,183.0488,2,654.8114,599.0967,11652.0,739.0,154.5468,0.9467,1.7081,512.0,29.7181,0.5893,0.7416,588,915,533,829,171.8463
12,183.0488,3,994.4276,593.1841,9671.0,743.0,150.9266,0.7923,2.1533,513.0,42.1566,0.4445,0.6155,915,1251,533,829,171.8463
12,183.0488,4,1329.9471,592.5695,7809.0,751.0,127.3526,0.9392,1.9458,509.0,25.3505,0.6076,0.7559,1251,1582,533,829,171.8463
12,183.4494,1,356.4816,614.5506,11074.0,107.0,132.4982,0.9588,1.4732,529.0,25.5341,0.6136,0.7605,257,588,533,829,171.8463
12,183.4494,2,664.3502,592.6619,12155.0,919.0,132.9434,0.8787,1.1688,510.0,34.9386,0.5534,0.7125,588,915,533,829,171.8463
12,183.4494,3,990.5171,607.4048,9870.0,946.0,156.7879,0.885,2.2862,505.0,31.1336,0.5073,0.6731,915,1251,533,829,171.8463
12,183.4494,4,1313.4679,594.0003,6803.0,915.0,117.0175,0.9981,2.3006,526.0,35.7101,0.4076,0.5791,1251,1582,533,829,171.8463
12,183.8499,1,362.8622,608.596,10671.0,368.0,128.6955,1.0,1.5041,525.0,33.5623,0.4608,0.6309,257,588,533,829,171.8463
12,183.8499,2,691.7904,585.1417,12200.0,808.0,145.092,0.6696,1.4321,512.0,40.4507,0.419,0.5906,588,915,533,829,171.8463
12,183.8499,3,986.7276,605.3345,10560.0,1076.0,154.6029,0.8983,2.1927,503.0,21.7176,0.6772,0.8075,915,1251,533,829,171.8463
12,183.8499,4,1316.3175,563.3657,5628.0,946.0,111.7758,0.929,1.7679,518.0,30.7392,0.4938,0.6611,1251,1582,533,829,171.8463
12,184.2505,1,382.0794,614.4992,10932.0,142.0,136.3427,0.9604,1.5641,528.0,40.8316,0.4175,0.5891,257,588,533,829,171.8463
12,184.2505,2,717.4126,600.9253,13783.0,772.0,152.9314,0.8504,1.512,509.0,44.4653,0.4354,0.6067,588,915,533,829,171.8463
12,184.2505,3,988.2978,602.105,9832.0,1106.0,132.3782,0.8581,1.8814,527.0,20.7403,0.6194,0.765,915,1251,533,829,171.8463
12,184.2505,4,1327.283,570.7817,10367.0,2808.0,174.7752,0.8969,2.1899,489.0,26.5806,0.5302,0.693,1251,1582,533,829,171.8463
12,184.651,1,406.3344,616.2002,11701.0,254.0,160.3559,0.9779,1.9433,525.0,44.3924,0.3931,0.5644,257,588,533,829,171.8463
12,184.651,2,738.7864,605.8867,13817.0,441.0,157.3646,0.8458,1.6143,515.0,40.1559,0.4687,0.6383,588,915,533,829,171.8463
12,184.651,3,985.1837,595.2585,8558.0,574.0,155.8191,0.9119,2.3246,514.0,21.74,0.6411,0.7813,915,1251,533,829,171.8463
12,184.651,4,1325.3798,588.8479,9705.0,438.0,148.8659,0.9377,1.7901,526.0,37.9669,0.4899,0.6576,1251,1582,533,829,171.8463
12,185.0516,1,425.874,618.3693,12265.0,74.0,156.1488,0.9818,1.7474,530.0,38.4035,0.5325,0.6949,257,588,533,829,171.8463
12,185.0516,2,751.4608,600.7963,13925.0,965.0,166.9808,0.7676,1.7988,511.0,33.1726,0.5288,0.6918,588,915,533,829,171.8463
12,185.0516,3,986.4185,584.7873,8552.0,1282.0,162.0292,0.965,2.6286,496.0,18.9146,0.6779,0.8081,915,1251,533,829,171.8463
12,185.0516,4,1334.9985,609.8699,13528.0,316.0,166.9955,0.901,1.7444,527.0,29.7367,0.5924,0.744,1251,1582,533,829,171.8463
12,185.4521,1,428.7785,612.2012,13022.0,417.0,164.9078,0.8779,1.8956,524.0,29.8487,0.6264,0.7703,257,588,533,829,171.8463
12,185.4521,2,774.0623,590.7566,16184.0,1217.0,218.5077,0.4423,2.5818,510.0,36.4355,0.4416,0.6126,588,915,533,829,171.8463
12,185.4521,3,991.179,593.8715,9320.0,1124.0,162.7376,0.9879,2.4851,500.0,21.0246,0.6431,0.7828,915,1251,533,829,171.8463
12,185.4521,4,1357.709,581.8518,14172.0,1314.0,206.1681,0.5657,2.4008,500.0,31.1535,0.5754,0.7305,1251,1582,533,829,171.8463
12,185.8526,1,433.9603,601.6094,11981.0,419.0,170.0374,0.7193,2.2165,524.0,31.6155,0.5846,0.7378,257,588,533,829,171.8463
12,185.8526,2,797.0712,593.0559,14303.0,1018.0,198.3888,0.5354,2.4128,512.0,36.9398,0.4891,0.6569,588,915,533,829,171.8463
12,185.8526,3,996.4736,618.0363,11266.0,633.0,189.5343,0.9963,2.5016,511.0,25.9687,0.5591,0.7172,915,1251,533,829,171.8463
12,185.8526,4,1387.1441,578.3927,14951.0,1683.0,202.4184,0.4852,2.2728,509.0,33.5333,0.5304,0.6931,1251,1582,533,829,171.8463
12,186.2532,1,441.3164,600.6162,12395.0,507.0,181.4042,0.711,2.303,523.0,25.2971,0.7262,0.8414,257,588,533,829,171.8463
12,186.2532,2,804.9718,599.2352,13192.0,989.0,174.6566,0.6571,2.212,511.0,32.4843,0.5306,0.6934,588,915,533,829,171.8463
12,186.2532,3,1001.4836,600.9977,10018.0,893.0,194.4327,0.8923,3.1613,512.0,33.0799,0.4805,0.6491,915,1251,533,829,171.8463
12,186.2532,4,1409.8688,584.2321,14936.0,1149.0,202.8414,0.4961,2.2819,506.0,32.3321,0.5411,0.7022,1251,1582,533,829,171.8463
12,186.6537,1,443.6365,608.3387,11448.0,223.0,162.9169,0.8161,2.1002,524.0,33.3998,0.6062,0.7549,257,588,533,829,171.8463
12,186.6537,2,828.1302,592.9644,10864.0,786.0,163.1961,0.7489,2.1656,514.0,27.4538,0.5835,0.7369,588,915,533,829,171.8463
12,186.6537,3,1002.9816,591.1395,10706.0,1326.0,184.5686,0.7682,2.7799,502.0,30.2879,0.575,0.7302,915,1251,533,829,171.8463
12,186.6537,4,1431.3764,584.5926,15171.0,1475.0,160.616,0.5873,1.4753,508.0,29.0142,0.5608,0.7186,1251,1582,533,829,171.8463
12,187.0543,1,460.1995,604.5822,10953.0,402.0,141.4525,0.9986,1.6193,523.0,37.2307,0.4875,0.6555,257,588,533,829,171.8463
12,187.0543,2,846.1038,587.4794,9453.0,814.0,134.082,0.9767,1.5854,512.0,31.2323,0.5582,0.7164,588,915,533,829,171.8463
12,187.0543,3,991.4726,585.0934,8054.0,798.0,124.2093,0.807,1.8454,511.0,34.9228,0.515,0.6799,915,1251,533,829,171.8463
12,187.0543,4,1443.435,593.0032,16723.0,1306.0,191.3364,0.666,1.8094,507.0,31.2986,0.5634,0.7208,1251,1582,533,829,171.8463
12,187.4548,1,455.9112,594.2926,10802.0,558.0,150.2805,0.8153,1.8223,522.0,32.5827,0.5785,0.733,257,588,533,829,171.8463
12,187.4548,2,828.0092,578.9424,9538.0,1033.0,144.2167,0.9241,1.6997,512.0,36.0406,0.5069,0.6727,588,915,533,829,171.8463
12,187.4548,3,971.8744,580.7649,7006.0,835.0,111.6419,0.9618,1.5894,513.0,37.3561,0.3968,0.5681,915,1251,533,829,171.8463
12,187.4548,4,1455.576,609.1156,18896.0,1188.0,188.2109,0.8796,1.6562,506.0,32.3003,0.5429,0.7037,1251,1582,533,829,171.8463
12,187.8554,1,426.4463,589.5269,12008.0,489.0,170.2425,0.5426,2.1341,523.0,46.415,0.4426,0.6136,257,588,533,829,171.8463
12,187.8554,2,788.5617,586.3649,10073.0,827.0,139.7219,0.9312,1.6596,513.0,54.5161,0.252,0.4025,588,915,533,829,171.8463
12,187.8554,3,981.6652,566.2153,8226.0,1137.0,138.5768,0.5389,1.8283,511.0,30.7776,0.4767,0.6456,915,1251,533,829,171.8463
12,187.8554,4,1453.0227,610.0429,16985.0,610.0,163.9943,0.7596,1.4094,525.0,26.0252,0.6239,0.7684,1251,1582,533,829,171.8463
12,188.2559,1,399.1937,594.7186,12838.0,594.0,191.2499,0.6526,2.4329,522.0,44.2602,0.4451,0.616,257,588,533,829,171.8463
12,188.2559,2,758.538,596.682,12568.0,1017.0,188.9004,0.7916,2.4316,510.0,58.9668,0.3176,0.4821,588,915,533,829,171.8463
12,188.2559,3,1010.1175,575.0137,10192.0,1037.0,139.238,0.6243,1.5219,507.0,42.9328,0.3796,0.5503,915,1251,533,829,171.8463
12,188.2559,4,1430.8991,602.7556,15510.0,1180.0,188.8638,0.7065,2.0288,507.0,40.7121,0.3728,0.5432,1251,1582,533,829,171.8463
12,188.6565,1,384.1808,597.2291,13000.0,595.0,178.5565,0.6972,2.0902,522.0,38.0377,0.5594,0.7175,257,588,533,829,171.8463
12,188.6565,2,740.1276,615.3341,12989.0,454.0,190.0595,0.8679,2.3651,518.0,50.9204,0.4107,0.5823,588,915,533,829,171.8463
12,188.6565,3,1037.2746,589.4712,13240.0,1052.0,140.7027,0.9027,1.3009,500.0,39.4991,0.4177,0.5893,915,1251,533,829,171.8463
12,188.6565,4,1396.5911,577.2033,15619.0,2823.0,194.9559,0.6087,2.0813,494.0,41.3099,0.3979,0.5693,1251,1582,533,829,171.8463
12,189.057,1,378.6216,610.213,12661.0,107.0,172.2334,0.7769,2.0737,529.0,33.9923,0.5861,0.739,257,588,533,829,171.8463
12,189.057,2,724.8448,625.821,12520.0,239.0,167.2578,0.9278,2.0308,523.0,36.603,0.5264,0.6897,588,915,533,829,171.8463
12,189.057,3,1049.9452,596.7449,13803.0,1054.0,151.0431,0.9299,1.4769,508.0,33.4458,0.4829,0.6513,915,1251,533,829,171.8463
12,189.057,4,1371.8152,597.4755,12185.0,376.0,179.1622,0.4855,2.2999,521.0,47.6529,0.271,0.4264,1251,1582,533,829,171.8463
12,189.4575,1,378.0187,616.6898,12986.0,86.0,144.9604,0.9621,1.5141,528.0,33.8568,0.5552,0.714,257,588,533,829,171.8463
12,189.4575,2,708.7772,608.2465,16125.0,2270.0,219.1553,0.9289,2.5018,495.0,33.5619,0.5258,0.6892,588,915,533,829,171.8463
12,189.4575,3,1054.5485,594.1748,13815.0,1173.0,192.2504,0.6536,2.3703,509.0,28.1669,0.4985,0.6654,915,1251,533,829,171.8463
12,189.4575,4,1344.09,607.0421,9758.0,500.0,131.2679,0.7695,1.7737,532.0,33.2056,0.4146,0.5862,1251,1582,533,829,171.8463
12,189.8581,1,375.4915,600.3837,10861.0,346.0,143.7286,0.9967,1.5679,521.0,27.9898,0.66,0.7952,257,588,533,829,171.8463
12,189.8581,2,702.4633,629.1341,14278.0,341.0,205.1386,0.8045,2.6854,523.0,35.8506,0.5415,0.7026,588,915,533,829,171.8463
12,189.8581,3,1033.467,591.9753,12856.0,1146.0,184.9576,0.557,2.5436,510.0,33.9556,0.4403,0.6114,915,1251,533,829,171.8463
12,189.8581,4,1337.8068,594.7496,9357.0,1483.0,117.7294,0.8901,1.5631,504.0,32.3695,0.4509,0.6215,1251,1582,533,829,171.8463
12,190.2586,1,387.3103,614.9227,11384.0,54.0,146.5695,0.9906,1.694,529.0,30.1411,0.6667,0.8,257,588,533,829,171.8463
12,190.2586,2,689.5436,631.3186,14838.0,585.0,202.0996,0.8253,2.5315,517.0,33.0643,0.5327,0.6952,588,915,533,829,171.8463
12,190.2586,3,1003.8882,596.2302,10367.0,915.0,148.2539,0.849,2.1009,513.0,35.5617,0.3158,0.48,915,1251,533,829,171.8463
12,190.2586,4,1331.0908,600.3962,8325.0,1147.0,150.794,0.9612,2.6302,510.0,23.8698,0.5646,0.7218,1251,1582,533,829,171.8463
12,190.6592,1,391.7166,622.218,12447.0,290.0,177.6779,0.9902,2.163,520.0,29.7379,0.6316,0.7742,257,588,533,829,171.8463
12,190.6592,2,684.9334,613.9869,13333.0,706.0,191.4009,0.7715,2.5697,517.0,26.613,0.6293,0.7725,588,915,533,829,171.8463
12,190.6592,3,985.3062,600.2635,7185.0,432.0,132.2461,0.9388,2.2853,517.0,23.9412,0.4539,0.6244,915,1251,533,829,171.8463
12,190.6592,4,1318.9475,603.4291,6365.0,128.0,125.1265,0.9357,1.9983,540.0,30.7274,0.4513,0.6219,1251,1582,533,829,171.8463
12,191.0597,1,394.5557,616.8509,12290.0,301.0,174.7398,0.9973,2.0414,522.0,30.2971,0.5868,0.7396,257,588,533,829,171.8463
12,191.0597,2,670.5268,600.2879,12742.0,844.0,174.2448,0.8226,2.0372,510.0,29.7064,0.6062,0.7548,588,915,533,829,171.8463
12,191.0597,3,980.833,567.3423,6378.0,804.0,108.0912,0.9983,1.4197,514.0,28.5918,0.4564,0.6267,915,1251,533,829,171.8463
12,191.0597,4,1326.3628,625.6469,7670.0,0.0,124.5279,0.9024,1.9042,547.0,18.843,0.706,0.8276,1251,1582,533,829,171.8463
12,191.4603,1,397.1426,627.4485,12291.0,68.0,152.3084,0.9893,1.7781,529.0,26.2325,0.6603,0.7954,257,588,533,829,171.8463
12,191.4603,2,657.7587,584.6644,10106.0,632.0,123.6269,0.9267,1.1867,513.0,39.4856,0.514,0.679,588,915,533,829,171.8463
12,191.4603,3,1004.8532,572.233,8066.0,901.0,126.3519,0.7584,1.6196,515.0,36.121,0.4046,0.5762,915,1251,533,829,171.8463
12,191.4603,4,1326.4243,600.1348,6535.0,0.0,122.9728,0.872,1.8785,546.0,22.2703,0.6441,0.7835,1251,1582,533,829,171.8463
12,191.8608,1,411.3324,621.3207,12095.0,336.0,154.7878,0.9791,1.8531,521.0,28.6264,0.5904,0.7425,257,588,533,829,171.8463
12,191.8608,2,666.3161,590.4856,14408.0,1074.0,154.7364,0.9821,1.2408,507.0,32.0147,0.5883,0.7408,588,915,533,829,171.8463
12,191.8608,3,1039.9128,572.6613,10121.0,1208.0,166.3029,0.599,2.2898,511.0,50.6474,0.317,0.4814,915,1251,533,829,171.8463
12,191.8608,4,1320.4492,579.9291,8194.0,934.0,130.3551,0.9876,1.7148,507.0,34.5036,0.5522,0.7115,1251,1582,533,829,171.8463
12,192.2614,1,416.2195,623.6871,12130.0,147.0,147.0665,0.9958,1.7131,526.0,27.8351,0.5957,0.7467,257,588,533,829,171.8463
12,192.2614,2,695.5251,607.0442,14650.0,354.0,155.8641,0.9814,1.3811,518.0,47.3671,0.4185,0.5901,588,915,533,829,171.8463
12,192.2614,3,1085.8296,572.7665,11567.0,1302.0,184.1268,0.4981,2.5096,512.0,58.3521,0.2931,0.4533,915,1251,533,829,171.8463
12,192.2614,4,1325.2176,577.1751,7408.0,1184.0,116.1409,0.9216,1.5393,504.0,30.6168,0.5647,0.7218,1251,1582,533,829,171.8463
12,192.6619,1,416.8514,622.9415,11905.0,143.0,146.7788,0.9926,1.7153,526.0,23.6702,0.6388,0.7796,257,588,533,829,171.8463
12,192.6619,2,719.0398,620.2413,15723.0,227.0,166.9857,0.8991,1.5739,522.0,41.0296,0.4657,0.6354,588,915,533,829,171.8463
12,192.6619,3,1123.5989,584.3455,12124.0,1202.0,175.2412,0.5843,2.3528,511.0,58.3816,0.2756,0.4321,915,1251,533,829,171.8463
12,192.6619,4,1327.1867,585.9782,10408.0,1573.0,147.5477,0.959,1.7551,499.0,24.7619,0.5852,0.7383,1251,1582,533,829,171.8463
12,193.0624,1,427.5998,614.3066,11956.0,237.0,156.1198,0.9256,1.8477,525.0,25.3247,0.6515,0.789,257,588,533,829,171.8463
12,193.0624,2,739.1724,615.1364,15052.0,461.0,164.3702,0.9888,1.5578,515.0,35.0874,0.5374,0.6991,588,915,533,829,171.8463
12,193.0624,3,1147.7212,586.8417,11158.0,1259.0,143.8251,0.7063,1.782,509.0,38.9646,0.4804,0.649,915,1251,533,829,171.8463
12,193.0624,4,1325.6094,596.4658,10146.0,817.0,138.6045,0.9953,1.713,523.0,26.1784,0.6723,0.804,1251,1582,533,829,171.8463
12,193.463,1,433.2234,618.6349,12218.0,300.0,156.8012,0.9454,1.8501,522.0,30.0085,0.589,0.7414,257,588,533,829,171.8463
12,193.463,2,749.7216,616.6764,14896.0,434.0,168.2345,0.9982,1.6239,517.0,27.2799,0.6706,0.8029,588,915,533,829,171.8463
12,193.463,3,1159.1055,578.8026,10391.0,1205.0,125.5087,0.6817,1.3789,507.0,28.8438,0.6099,0.7577,915,1251,533,829,171.8463
12,193.463,4,1333.1711,578.1081,10523.0,1157.0,153.03,0.6836,1.7795,510.0,33.6702,0.5197,0.6839,1251,1582,533,829,171.8463
12,193.8635,1,435.9652,627.7385,12316.0,19.0,169.5209,0.921,2.1615,532.0,28.0942,0.6333,0.7755,257,588,533,829,171.8463
12,193.8635,2,757.7224,615.1769,15622.0,916.0,180.1395,1.0,1.7803,503.0,24.685,0.6959,0.8207,588,915,533,829,171.8463
12,193.8635,3,1152.7623,581.3524,11094.0,1184.0,118.4214,0.5312,1.1045,508.0,27.0259,0.6152,0.7617,915,1251,533,829,171.8463
12,193.8635,4,1347.257,563.1235,10892.0,1473.0,166.9205,0.4358,1.9112,507.0,21.7788,0.6791,0.8089,1251,1582,533,829,171.8463
12,194.2641,1,441.7208,626.5663,12387.0,189.0,162.9583,0.9503,1.9949,525.0,24.1788,0.6759,0.8066,257,588,533,829,171.8463
12,194.2641,2,760.4041,627.4132,15788.0,316.0,184.1115,0.9496,1.8618,520.0,28.4244,0.6187,0.7644,588,915,533,829,171.8463
12,194.2641,3,1146.5231,584.9496,12212.0,1063.0,144.092,0.5713,1.4989,511.0,35.5507,0.4562,0.6265,915,1251,533,829,171.8463
12,194.2641,4,1356.5949,570.349,13102.0,1332.0,180.9895,0.4267,1.9489,508.0,18.1418,0.7312,0.8447,1251,1582,533,829,171.8463
12,194.6646,1,449.3768,612.3847,12220.0,564.0,156.8181,0.9487,1.8701,520.0,28.6545,0.6308,0.7736,257,588,533,829,171.8463
12,194.6646,2,760.9121,628.0086,15616.0,334.0,188.0647,0.9495,1.9435,522.0,16.3538,0.8331,0.9089,588,915,533,829,171.8463
12,194.6646,3,1119.3596,579.7233,12092.0,912.0,151.8604,0.5228,1.5949,514.0,37.6924,0.413,0.5846,915,1251,533,829,171.8463
12,194.6646,4,1362.4695,586.6641,15158.0,877.0,184.5568,0.49,1.8663,513.0,26.6453,0.6425,0.7823,1251,1582,533,829,171.8463
12,195.0652,1,441.7744,610.3365,12977.0,822.0,177.9041,0.9165,2.1638,508.0,29.1596,0.6215,0.7666,257,588,533,829,171.8463
12,195.0652,2,761.4917,615.2062,17635.0,1120.0,204.5051,0.8188,1.9614,502.0,33.2146,0.5679,0.7244,588,915,533,829,171.8463
12,195.0652,3,1088.179,576.7501,12392.0,961.0,171.3239,0.4922,1.984,512.0,34.4573,0.51,0.6755,915,1251,533,829,171.8463
12,195.0652,4,1369.3763,587.1978,15034.0,943.0,198.2382,0.5912,2.0533,510.0,19.4944,0.7471,0.8553,1251,1582,533,829,171.8463
12,195.4657,1,442.7808,635.3849,12867.0,111.0,186.8909,0.9022,2.4801,527.0,37.1423,0.5494,0.7092,257,588,533,829,171.8463
12,195.4657,2,767.9523,621.1748,16946.0,273.0,201.8251,0.7673,2.123,524.0,23.357,0.6653,0.799,588,915,533,829,171.8463
12,195.4657,3,1056.3134,576.9812,13250.0,951.0,186.5699,0.4211,2.2554,513.0,34.1312,0.515,0.6799,915,1251,533,829,171.8463
12,195.4657,4,1374.1732,598.3327,16476.0,878.0,192.7092,0.601,1.9302,512.0,17.6261,0.7584,0.8626,1251,1582,533,829,171.8463
12,195.8663,1,465.3065,603.7317,12657.0,1609.0,210.6814,0.9518,2.9146,494.0,33.8741,0.5488,0.7087,257,588,533,829,171.8463
12,195.8663,2,767.2133,621.0696,16806.0,620.0,223.013,0.6867,2.6403,514.0,23.2515,0.6505,0.7882,588,915,533,829,171.8463
12,195.8663,3,1032.8226,579.1957,12972.0,1038.0,181.0259,0.3989,2.2456,513.0,33.3053,0.4906,0.6582,915,1251,533,829,171.8463
12,195.8663,4,1377.9425,596.1471,15735.0,912.0,191.7051,0.5936,2.0464,513.0,14.5969,0.7992,0.8884,1251,1582,533,829,171.8463
12,196.2668,1,472.6889,616.7903,12718.0,441.0,224.1591,0.8213,3.2975,524.0,37.9813,0.5223,0.6862,257,588,533,829,171.8463
12,196.2668,2,750.4903,598.3482,15664.0,1377.0,229.3906,0.7028,2.7743,497.0,24.3866,0.6587,0.7943,588,915,533,829,171.8463
12,196.2668,3,1013.8766,585.8648,10309.0,918.0,137.8367,0.627,1.7778,512.0,32.0921,0.4351,0.6064,915,1251,533,829,171.8463
12,196.2668,4,1380.0972,595.4224,17760.0,2204.0,185.7781,0.7252,1.5821,497.0,23.7668,0.6134,0.7604,1251,1582,533,829,171.8463
12,196.6673,1,488.8744,608.9079,12263.0,1168.0,203.4841,0.8014,2.9513,503.0,40.8202,0.5565,0.7151,257,588,533,829,171.8463
12,196.6673,2,727.9643,605.1866,15674.0,1004.0,232.4774,0.6454,2.7817,503.0,41.6625,0.4742,0.6434,588,915,533,829,171.8463
12,196.6673,3,989.4091,579.5459,7280.0,565.0,115.1885,0.8182,1.6925,516.0,23.9807,0.52,0.6842,915,1251,533,829,171.8463
12,196.6673,4,1375.2329,596.2385,15034.0,1109.0,177.0004,0.616,1.8092,512.0,22.5511,0.6177,0.7637,1251,1582,533,829,171.8463
12,197.0679,1,498.5367,612.6258,11506.0,971.0,200.6756,0.8739,3.0418,505.0,40.1417,0.5398,0.7012,257,588,533,829,171.8463
12,197.0679,2,700.9389,622.0553,16776.0,691.0,225.6505,0.6305,2.802,529.0,46.6429,0.333,0.4996,588,915,533,829,171.8463
12,197.0679,3,977.645,566.3789,5389.0,735.0,105.8501,0.9344,1.7134,515.0,26.6229,0.5493,0.7091,915,1251,533,829,171.8463
12,197.0679,4,1364.8036,584.1102,13075.0,1098.0,161.0503,0.6166,1.7134,506.0,23.3333,0.6364,0.7778,1251,1582,533,829,171.8463
12,197.4684,1,492.9251,644.2779,10846.0,5.0,182.7598,0.8357,2.9753,543.0,37.1253,0.5041,0.6703,257,588,533,829,171.8463
12,197.4684,2,683.8712,634.399,14825.0,0.0,206.6069,0.7213,2.5623,534.0,39.374,0.4394,0.6106,588,915,533,829,171.8463
12,197.4684,3,993.3478,566.4428,6809.0,873.0,114.5413,0.7736,1.6037,514.0,33.0933,0.4278,0.5993,915,1251,533,829,171.8463
12,197.4684,4,1361.4161,583.6885,12830.0,1417.0,135.6819,0.7957,1.2461,504.0,26.2863,0.596,0.7469,1251,1582,533,829,171.8463
12,197.869,1,497.3399,612.5491,8512.0,261.0,136.9244,0.9967,2.0854,523.0,46.8492,0.3178,0.4823,257,588,533,829,171.8463
12,197.869,2,675.4133,629.5286,14456.0,566.0,202.7187,0.9164,2.4186,515.0,31.7264,0.4896,0.6574,588,915,533,829,171.8463
12,197.869,3,1030.4798,567.6273,8679.0,959.0,141.6536,0.6332,1.8244,514.0,50.2111,0.3318,0.4983,915,1251,533,829,171.8463
12,197.869,4,1366.9982,589.0669,13403.0,1228.0,160.4435,0.6515,1.7092,512.0,31.6266,0.499,0.6658,1251,1582,533,829,171.8463
12,198.2695,1,472.6005,568.0025,7597.0,581.0,129.2952,0.4764,1.7233,519.0,47.4256,0.2542,0.4054,257,588,533,829,171.8463
12,198.2695,2,667.496,609.014,11391.0,829.0,148.76,0.9862,2.0303,511.0,32.2419,0.4569,0.6272,588,915,533,829,171.8463
12,198.2695,3,1063.5549,584.4265,11726.0,1055.0,161.1121,0.6819,1.9385,513.0,53.2439,0.2717,0.4272,915,1251,533,829,171.8463
12,198.2695,4,1369.7643,589.6164,11971.0,1046.0,157.8075,0.6032,2.0077,512.0,18.8098,0.6909,0.8172,1251,1582,533,829,171.8463
12,198.6701,1,446.6679,588.836,10932.0,140.0,171.6922,0.5546,2.2437,528.0,55.6946,0.3179,0.4824,257,588,533,829,171.8463
12,198.6701,2,666.59,591.5464,10592.0,1212.0,144.0742,0.9971,1.8526,503.0,26.152,0.5403,0.7015,588,915,533,829,171.8463
12,198.6701,3,1100.5701,580.6108,11841.0,1057.0,169.2483,0.5947,2.1354,514.0,51.3246,0.3638,0.5335,915,1251,533,829,171.8463
12,198.6701,4,1359.4252,589.3196,9236.0,764.0,113.9876,0.7613,1.3961,511.0,26.05,0.5058,0.6718,1251,1582,533,829,171.8463
12,199.0706,1,418.6239,594.5696,13242.0,1082.0,176.8544,0.7646,1.9373,507.0,49.0744,0.399,0.5704,257,588,533,829,171.8463
12,199.0706,2,683.8608,600.3851,15727.0,2932.0,210.9119,0.9989,2.1957,495.0,37.4876,0.4185,0.5901,588,915,533,829,171.8463
12,199.0706,3,1122.759,582.6382,12428.0,1113.0,170.4337,0.5981,2.007,514.0,39.5365,0.5495,0.7093,915,1251,533,829,171.8463
12,199.0706,4,1348.3486,583.6768,8183.0,718.0,116.0492,0.8169,1.4304,513.0,23.82,0.5214,0.6855,1251,1582,533,829,171.8463
12,199.4712,1,397.2473,607.5694,14258.0,960.0,206.29,0.803,2.5947,514.0,49.2775,0.3744,0.5448,257,588,533,829,171.8463
12,199.4712,2,705.8912,631.2163,13585.0,426.0,217.5256,0.9427,2.8489,519.0,50.9575,0.3176,0.4821,588,915,533,829,171.8463
12,199.4712,3,1137.1231,589.543,12309.0,898.0,169.2334,0.6405,2.0217,514.0,41.271,0.5201,0.6843,915,1251,533,829,171.8463
12,199.4712,4,1331.4153,569.4411,8810.0,1144.0,123.3401,0.8009,1.4154,514.0,25.7407,0.4945,0.6618,1251,1582,533,829,171.8463
12,199.8717,1,391.3646,622.7879,14614.0,519.0,215.1663,0.7317,2.8674,517.0,36.7865,0.5467,0.7069,257,588,533,829,171.8463
12,199.8717,2,715.9203,640.8215,13304.0,80.0,199.3509,0.9313,2.5056,529.0,32.9841,0.593,0.7445,588,915,533,829,171.8463
12,199.8717,3,1148.0978,595.4464,11850.0,785.0,160.3032,0.7049,1.9434,513.0,34.9469,0.5486,0.7085,915,1251,533,829,171.8463
12,199.8717,4,1342.8182,563.4601,9360.0,1279.0,148.2849,0.5134,1.8055,512.0,26.7979,0.6964,0.821,1251,1582,533,829,171.8463
12,200.2722,1,370.0638,606.0113,13315.0,392.0,195.4494,0.6552,2.5451,524.0,35.1602,0.5505,0.7101,257,588,533,829,171.8463
12,200.2722,2,726.2653,612.9461,13269.0,926.0,216.6616,0.8127,3.0011,513.0,33.3573,0.5632,0.7206,588,915,533,829,171.8463
12,200.2722,3,1162.943,594.4059,12495.0,1255.0,141.7781,0.9299,1.466,504.0,32.1125,0.5462,0.7065,915,1251,533,829,171.8463
12,200.2722,4,1344.3942,571.0469,10636.0,1101.0,145.8607,0.5067,1.6182,512.0,18.7927,0.7963,0.8866,1251,1582,533,829,171.8463
12,200.6728,1,359.7291,603.2315,13130.0,462.0,189.0446,0.6624,2.4001,522.0,26.0087,0.6851,0.8132,257,588,533,829,171.8463
12,200.6728,2,742.7194,584.7813,12949.0,1344.0,208.681,0.657,2.7387,507.0,33.0513,0.5837,0.7371,588,915,533,829,171.8463
12,200.6728,3,1166.8046,578.8363,10472.0,1325.0,134.8418,0.9792,1.4115,508.0,29.0084,0.5899,0.742,915,1251,533,829,171.8463
12,200.6728,4,1344.1721,576.8364,9599.0,788.0,122.5701,0.7927,1.2833,512.0,23.671,0.6697,0.8022,1251,1582,533,829,171.8463
12,201.0733,1,358.9349,612.6145,13252.0,243.0,191.4468,0.6611,2.5541,526.0,25.5042,0.6984,0.8225,257,588,533,829,171.8463
12,201.0733,2,779.0642,578.1967,13164.0,1700.0,208.1039,0.5609,2.8632,503.0,53.6895,0.4167,0.5883,588,915,533,829,171.8463
12,201.0733,3,1151.24,564.8933,9634.0,1489.0,168.6133,0.5423,2.3,509.0,36.5317,0.4974,0.6644,915,1251,533,829,171.8463
12,201.0733,4,1342.9202,578.533,10151.0,1492.0,134.6589,0.8956,1.5253,503.0,30.511,0.5408,0.702,1251,1582,533,829,171.8463
12,201.4739,1,348.2924,602.0286,12763.0,712.0,173.0087,0.6952,2.1378,517.0,31.7659,0.5939,0.7452,257,588,533,829,171.8463
12,201.4739,2,803.3233,592.8737,13155.0,1092.0,187.1255,0.7269,2.1984,511.0,52.3869,0.38,0.5507,588,915,533,829,171.8463
12,201.4739,3,1112.893,565.9774,10524.0,1463.0,187.3646,0.4511,2.742,511.0,49.6379,0.3766,0.5472,915,1251,533,829,171.8463
12,201.4739,4,1338.8952,586.8693,9979.0,1224.0,142.1819,0.8197,1.8357,506.0,28.4915,0.5548,0.7137,1251,1582,533,829,171.8463
12,201.8744,1,352.7702,611.4336,13004.0,253.0,193.9539,0.7331,2.573,525.0,27.5418,0.6467,0.7854,257,588,533,829,171.8463
12,201.8744,2,814.1107,599.8435,12747.0,1159.0,183.4955,0.7854,2.3423,508.0,37.2292,0.5746,0.7298,588,915,533,829,171.8463
12,201.8744,3,1058.5355,569.7825,11740.0,1519.0,195.4437,0.4333,2.7196,513.0,61.5241,0.2449,0.3935,915,1251,533,829,171.8463
12,201.8744,4,1325.5713,614.7697,8489.0,492.0,110.5147,0.9615,1.5634,535.0,37.6897,0.3664,0.5363,1251,1582,533,829,171.8463
12,202.275,1,355.2094,620.547,13326.0,174.0,195.3286,0.7266,2.5301,527.0,16.0475,0.7703,0.8703,257,588,533,829,171.8463
12,202.275,2,820.2198,598.2145,12743.0,1156.0,189.2115,0.7995,2.4607,509.0,27.8741,0.6972,0.8216,588,915,533,829,171.8463
12,202.275,3,1015.5079,575.2628,10369.0,1001.0,155.5183,0.5332,2.1128,513.0,59.9634,0.2577,0.4098,915,1251,533,829,171.8463
12,202.275,4,1313.8838,586.8827,6498.0,550.0,110.8869,0.9868,1.7062,532.0,20.5745,0.615,0.7616,1251,1582,533,829,171.8463
12,202.6755,1,350.11,610.167,12860.0,548.0,195.9196,0.7554,2.617,518.0,22.6731,0.7237,0.8397,257,588,533,829,171.8463
12,202.6755,2,826.8069,594.6129,11665.0,1066.0,181.6301,0.757,2.4523,510.0,28.1589,0.6686,0.8014,588,915,533,829,171.8463
12,202.6755,3,1002.4333,587.408,9711.0,1050.0,129.0694,0.7637,1.6547,512.0,33.5401,0.4972,0.6641,915,1251,533,829,171.8463
12,202.6755,4,1324.0939,566.6326,7656.0,1137.0,130.7726,0.8488,1.6656,507.0,34.3149,0.531,0.6937,1251,1582,533,829,171.8463
12,203.0761,1,352.8152,616.4493,13075.0,400.0,193.7381,0.7797,2.5341,523.0,14.7434,0.8217,0.9021,257,588,533,829,171.8463
12,203.0761,2,828.8325,612.8259,12553.0,1117.0,159.8065,0.8014,2.1741,528.0,39.096,0.4903,0.658,588,915,533,829,171.8463
12,203.0761,3,985.6532,578.9566,7797.0,689.0,112.0959,0.8695,1.4486,514.0,31.8372,0.5401,0.7014,915,1251,533,829,171.8463
12,203.0761,4,1340.599,567.9068,12436.0,3007.0,167.9014,0.8162,1.666,488.0,30.5939,0.568,0.7245,1251,1582,533,829,171.8463
12,203.4766,1,361.2195,622.9236,13186.0,76.0,199.1259,0.6923,2.7316,530.0,25.2199,0.6463,0.7851,257,588,533,829,171.8463
12,203.4766,2,836.7253,624.1408,13150.0,554.0,171.6479,0.8525,2.1832,530.0,28.8566,0.5659,0.7228,588,915,533,829,171.8463
12,203.4766,3,981.2569,583.2562,8957.0,861.0,122.1104,0.9851,1.4164,508.0,25.0426,0.6231,0.7678,915,1251,533,829,171.8463
12,203.4766,4,1336.9136,602.1711,13048.0,391.0,153.7897,0.8866,1.5251,527.0,40.7902,0.5,0.6667,1251,1582,533,829,171.8463
12,203.8771,1,363.9418,628.8849,13417.0,88.0,202.5863,0.782,2.7567,529.0,23.4551,0.668,0.801,257,588,533,829,171.8463
12,203.8771,2,841.1697,609.5926,13538.0,789.0,167.5593,0.919,1.9244,530.0,25.6286,0.6534,0.7904,588,915,533,829,171.8463
12,203.8771,3,988.7535,592.8628,9951.0,670.0,118.1135,0.879,1.3112,518.0,22.7416,0.6669,0.8002,915,1251,533,829,171.8463
12,203.8771,4,1337.4751,623.9097,15160.0,167.0,161.2145,0.9961,1.4705,527.0,28.4857,0.6618,0.7965,1251,1582,533,829,171.8463
12,204.2777,1,366.0862,640.8714,13659.0,53.0,211.424,0.8022,2.8571,530.0,21.7548,0.7128,0.8323,257,588,533,829,171.8463
12,204.2777,2,833.7536,595.3308,12979.0,1060.0,149.7943,0.9974,1.4279,506.0,37.0104,0.5608,0.7186,588,915,533,829,171.8463
12,204.2777,3,991.4313,581.3944,10577.0,816.0,119.3273,0.1983,1.1568,515.0,29.8834,0.5351,0.6972,915,1251,533,829,171.8463
12,204.2777,4,1352.0098,637.8382,17920.0,188.0,193.7812,0.8387,1.8889,527.0,30.8167,0.5309,0.6936,1251,1582,533,829,171.8463
12,204.6782,1,355.7783,608.4426,14049.0,1772.0,203.7299,0.9491,2.6093,492.0,40.2019,0.4763,0.6452,257,588,533,829,171.8463
12,204.6782,2,817.4048,600.2462,15060.0,1308.0,182.9088,0.9998,1.7217,502.0,34.6141,0.6061,0.7547,588,915,533,829,171.8463
12,204.6782,3,1005.3568,575.9646,10990.0,843.0,140.0068,0.4688,1.4435,513.0,23.4597,0.6451,0.7843,915,1251,533,829,171.8463
12,204.6782,4,1348.1351,615.1869,13876.0,903.0,165.8836,0.8164,1.8168,523.0,32.691,0.5253,0.6888,1251,1582,533,829,171.8463
12,205.0788,1,356.1222,632.7498,15233.0,1129.0,226.7632,0.9501,2.9461,507.0,28.7243,0.6261,0.77,257,588,533,829,171.8463
12,205.0788,2,804.816,620.3136,14801.0,288.0,169.4695,0.9482,1.6563,526.0,37.2195,0.5216,0.6856,588,915,533,829,171.8463
12,205.0788,3,1021.7271,581.7401,12420.0,946.0,154.8054,0.5674,1.6167,509.0,27.7683,0.5937,0.7451,915,1251,533,829,171.8463
12,205.0788,4,1359.9012,595.0638,11885.0,1226.0,172.7495,0.7037,2.2671,503.0,32.2819,0.4591,0.6292,1251,1582,533,829,171.8463
12,205.4793,1,355.9625,661.8513,13845.0,0.0,208.6626,0.9773,2.7058,537.0,32.6066,0.5632,0.7205,257,588,533,829,171.8463
12,205.4793,2,779.883,614.5874,17716.0,1336.0,200.8069,0.8675,1.9322,500.0,42.3522,0.4359,0.6071,588,915,533,829,171.8463
12,205.4793,3,1037.7125,582.3686,13230.0,1181.0,173.3074,0.5201,1.9296,509.0,23.8629,0.6491,0.7872,915,1251,533,829,171.8463
12,205.4793,4,1354.6124,581.8443,9636.0,821.0,140.3065,0.5425,1.8982,510.0,25.4051,0.5761,0.731,1251,1582,533,829,171.8463
12,205.8799,1,356.0949,638.9722,14805.0,650.0,208.1885,0.9924,2.5046,510.0,37.0232,0.466,0.6357,257,588,533,829,171.8463
12,205.8799,2,759.8026,611.0648,15459.0,410.0,205.4578,0.7003,2.325,523.0,37.937,0.5105,0.6759,588,915,533,829,171.8463
12,205.8799,3,1057.6599,574.3287,12891.0,1209.0,181.9494,0.4068,2.1763,510.0,28.8299,0.5592,0.7173,915,1251,533,829,171.8463
12,205.8799,4,1352.0664,590.2147,8272.0,632.0,108.8663,0.7792,1.5039,515.0,28.009,0.4902,0.6579,1251,1582,533,829,171.8463
12,206.2804,1,375.6061,621.1736,13183.0,337.0,177.5479,0.9699,2.0627,520.0,39.6742,0.4697,0.6392,257,588,533,829,171.8463
12,206.2804,2,738.0508,602.9256,16595.0,833.0,238.0271,0.6334,2.933,516.0,32.5983,0.5623,0.7198,588,915,533,829,171.8463
12,206.2804,3,1095.6235,571.7093,14302.0,1555.0,203.1314,0.3242,2.4053,508.0,32.5409,0.4738,0.643,915,1251,533,829,171.8463
12,206.2804,4,1319.8317,574.2507,5254.0,314.0,94.329,0.9115,1.4472,528.0,25.6451,0.5203,0.6845,1251,1582,533,829,171.8463
12,206.681,1,409.6389,603.3644,13335.0,1359.0,188.635,0.9253,2.1946,500.0,51.8113,0.3439,0.5118,257,588,533,829,171.8463
12,206.681,2,706.8563,588.8397,15357.0,1106.0,220.9334,0.4662,2.7463,511.0,32.8736,0.5523,0.7116,588,915,533,829,171.8463
12,206.681,3,1112.2011,578.3226,13822.0,1880.0,176.9111,0.4191,2.0835,506.0,30.9863,0.5005,0.6671,915,1251,533,829,171.8463
12,206.681,4,1321.7353,568.9581,5421.0,506.0,105.7798,0.9341,1.6365,516.0,15.7985,0.7801,0.8764,1251,1582,533,829,171.8463
12,207.0815,1,395.92,599.4901,13795.0,1359.0,227.4139,0.751,3.076,505.0,41.1237,0.5445,0.7051,257,588,533,829,171.8463
12,207.0815,2,679.4266,587.8276,11815.0,967.0,161.3824,0.6633,1.9687,512.0,39.6431,0.4288,0.6002,588,915,533,829,171.8463
12,207.0815,3,1125.8965,584.236,13715.0,1403.0,159.4837,0.5504,1.7126,509.0,31.1393,0.4865,0.6545,915,1251,533,829,171.8463
12,207.0815,4,1335.1923,568.5772,7036.0,685.0,106.8218,0.9869,1.2255,514.0,26.5109,0.5552,0.714,1251,1582,533,829,171.8463
12,207.482,1,374.5593,615.9841,15077.0,1337.0,242.997,0.809,3.3651,502.0,53.5536,0.3707,0.5409,257,588,533,829,171.8463
12,207.482,2,667.7141,592.5469,9451.0,901.0,142.7731,0.8976,1.9985,510.0,30.1429,0.4977,0.6646,588,915,533,829,171.8463
12,207.482,3,1152.395,583.5694,11805.0,1294.0,125.9845,0.822,1.1848,511.0,29.1842,0.4575,0.6278,915,1251,533,829,171.8463
12,207.482,4,1354.5974,578.0312,9738.0,671.0,129.1631,0.7173,1.3792,514.0,34.2509,0.4329,0.6043,1251,1582,533,829,171.8463
12,207.8826,1,347.0116,613.5562,14088.0,2097.0,239.0109,0.9327,3.4565,481.0,52.713,0.3478,0.5161,257,588,533,829,171.8463
12,207.8826,2,668.0569,598.1808,9584.0,745.0,134.8713,0.9819,1.8434,512.0,28.2779,0.4335,0.6048,588,915,533,829,171.8463
12,207.8826,3,1173.7798,574.539,8515.0,1012.0,115.086,0.9321,1.3728,513.0,24.9157,0.5686,0.725,915,1251,533,829,171.8463
12,207.8826,4,1372.7605,580.9497,10970.0,846.0,145.2596,0.6854,1.6042,512.0,33.2683,0.5325,0.6949,1251,1582,533,829,171.8463
12,208.2831,1,336.4019,640.2804,13982.0,699.0,234.5825,0.9725,3.4333,510.0,41.2606,0.4179,0.5895,257,588,533,829,171.8463
12,208.2831,2,686.7125,597.1612,9754.0,448.0,146.2487,0.9982,1.8221,518.0,31.6601,0.4522,0.6228,588,915,533,829,171.8463
12,208.2831,3,1179.3772,571.3695,7924.0,878.0,110.943,0.973,1.2598,514.0,18.9271,0.7554,0.8606,915,1251,533,829,171.8463
12,208.2831,4,1392.9535,575.2931,11880.0,1121.0,161.7828,0.5199,1.8285,513.0,28.1644,0.6126,0.7597,1251,1582,533,829,171.8463
12,208.6837,1,336.4678,632.7966,14546.0,1129.0,220.7667,0.998,2.8098,500.0,33.0202,0.5149,0.6798,257,588,533,829,171.8463
12,208.6837,2,709.9547,594.3433,10487.0,753.0,150.4434,0.972,1.8217,511.0,40.4568,0.4399,0.611,588,915,533,829,171.8463
12,208.6837,3,1171.6775,581.7784,8663.0,974.0,112.27,0.9986,1.301,513.0,22.1733,0.7181,0.836,915,1251,533,829,171.8463
12,208.6837,4,1410.2928,583.2515,14725.0,2722.0,187.8242,0.8484,1.8801,486.0,31.7979,0.4846,0.6528,1251,1582,533,829,171.8463
12,209.0842,1,358.5608,624.3264,16815.0,1679.0,266.0837,0.985,3.0926,495.0,43.9679,0.4238,0.5953,257,588,533,829,171.8463
12,209.0842,2,728.1355,601.1142,11543.0,716.0,164.2754,0.8894,2.0908,515.0,43.2841,0.4535,0.624,588,915,533,829,171.8463
12,209.0842,3,1160.7909,579.2453,8986.0,1055.0,126.8058,0.9341,1.528,511.0,27.8332,0.5688,0.7251,915,1251,533,829,171.8463
12,209.0842,4,1415.2607,609.5295,15161.0,742.0,203.0454,0.6192,2.4475,515.0,43.1179,0.3544,0.5233,1251,1582,533,829,171.8463
12,209.4848,1,363.8216,640.108,16225.0,813.0,229.2993,0.9798,2.7432,507.0,31.4334,0.6051,0.7539,257,588,533,829,171.8463
12,209.4848,2,757.2558,589.208,13313.0,1305.0,212.0712,0.7048,2.7661,509.0,49.2385,0.4823,0.6507,588,915,533,829,171.8463
12,209.4848,3,1138.819,574.3465,9822.0,1231.0,138.9011,0.7587,1.6713,511.0,35.3121,0.5269,0.6901,915,1251,533,829,171.8463
12,209.4848,4,1435.756,602.1791,15883.0,1572.0,190.4572,0.7378,2.0178,502.0,28.6504,0.5609,0.7187,1251,1582,533,829,171.8463
12,209.8853,1,375.6155,649.1206,14971.0,0.0,230.0197,0.8152,3.0695,536.0,43.3075,0.4206,0.5921,257,588,533,829,171.8463
12,209.8853,2,791.4537,585.3028,13146.0,1484.0,206.1358,0.6318,2.7662,507.0,55.6705,0.4005,0.572,588,915,533,829,171.8463
12,209.8853,3,1110.2125,574.7671,10456.0,946.0,157.8666,0.5875,1.9752,516.0,46.1561,0.4373,0.6085,915,1251,533,829,171.8463
12,209.8853,4,1453.0289,602.0887,16459.0,1877.0,200.4864,0.7792,2.1022,506.0,28.7686,0.5571,0.7155,1251,1582,533,829,171.8463
12,210.2859,1,363.962,618.4574,14844.0,1357.0,243.3704,0.7911,3.5927,501.0,35.8183,0.5396,0.701,257,588,533,829,171.8463
12,210.2859,2,819.2033,589.2833,12028.0,1218.0,177.3979,0.7159,2.3488,507.0,53.2798,0.4256,0.597,588,915,533,829,171.8463
12,210.2859,3,1074.5498,572.7101,10691.0,1090.0,168.5702,0.5392,2.1585,515.0,50.3961,0.4125,0.5841,915,1251,533,829,171.8463
12,210.2859,4,1473.5597,600.1335,17117.0,1563.0,206.0827,0.6378,2.1346,506.0,29.2654,0.5656,0.7225,1251,1582,533,829,171.8463
12,210.6864,1,338.6748,605.0365,13930.0,2340.0,222.8872,0.9161,2.9345,474.0,51.5839,0.3623,0.5319,257,588,533,829,171.8463
12,210.6864,2,831.8975,591.4256,10847.0,981.0,145.8092,0.8529,1.784,510.0,38.8005,0.5292,0.6921,588,915,533,829,171.8463
12,210.6864,3,1044.8869,578.2919,11857.0,1009.0,175.2798,0.4738,2.268,515.0,46.7089,0.3981,0.5695,915,1251,533,829,171.8463
12,210.6864,4,1479.3583,586.109,15896.0,2315.0,186.5513,0.5745,1.9503,497.0,27.9746,0.654,0.7908,1251,1582,533,829,171.8463
12,211.0869,1,324.4136,659.2773,12270.0,146.0,228.673,0.953,3.5721,526.0,53.7198,0.2178,0.3577,257,588,533,829,171.8463
12,211.0869,2,837.1542,594.5552,11777.0,1001.0,148.558,0.9216,1.6601,510.0,27.5117,0.6385,0.7793,588,915,533,829,171.8463
12,211.0869,3,1010.7778,582.4933,11096.0,1117.0,163.3085,0.6695,2.2125,508.0,51.8577,0.3253,0.4909,915,1251,533,829,171.8463
12,211.0869,4,1484.6756,582.3647,13710.0,1759.0,161.5942,0.5401,1.7063,503.0,24.9077,0.5841,0.7375,1251,1582,533,829,171.8463
12,211.4875,1,316.4933,655.8092,12372.0,478.0,197.2896,0.9222,3.117,545.0,27.7284,0.6278,0.7714,257,588,533,829,171.8463
12,211.4875,2,832.2943,598.5038,12848.0,797.0,152.7253,0.7913,1.6438,525.0,29.4681,0.6407,0.781,588,915,533,829,171.8463
12,211.4875,3,992.5879,595.4042,9244.0,628.0,134.3759,0.8528,1.859,516.0,39.6626,0.4138,0.5853,915,1251,533,829,171.8463
12,211.4875,4,1510.4214,582.1845,10982.0,1630.0,127.1567,0.8339,1.4006,502.0,26.7189,0.5032,0.6695,1251,1582,533,829,171.8463
12,211.888,1,309.7284,607.313,12181.0,2224.0,201.0437,0.9999,2.801,477.0,42.9323,0.4051,0.5766,257,588,533,829,171.8463
12,211.888,2,815.2886,596.6338,13818.0,719.0,171.0678,0.7077,1.7602,513.0,41.1305,0.5546,0.7135,588,915,533,829,171.8463
12,211.888,3,976.8357,585.2381,8346.0,1102.0,128.913,0.9804,1.8177,509.0,28.8172,0.5276,0.6907,915,1251,533,829,171.8463
12,211.888,4,1518.2085,587.4419,8962.0,1167.0,113.7059,0.9982,1.4765,506.0,24.7826,0.5324,0.6948,1251,1582,533,829,171.8463
12,212.2886,1,314.1119,637.0464,11797.0,893.0,174.3535,0.8839,2.6055,550.0,40.966,0.4082,0.5798,257,588,533,829,171.8463
12,212.2886,2,799.2019,598.7289,13787.0,864.0,162.701,0.8438,1.6069,506.0,27.8825,0.6582,0.7938,588,915,533,829,171.8463
12,212.2886,3,976.0716,586.2703,8143.0,741.0,118.9994,0.9831,1.5541,514.0,20.1444,0.6784,0.8084,915,1251,533,829,171.8463
12,212.2886,4,1529.6264,586.261,8016.0,993.0,111.8984,0.9931,1.5155,510.0,20.8988,0.5967,0.7474,1251,1582,533,829,171.8463
12,212.6891,1,317.9983,657.0289,11325.0,259.0,184.971,0.9566,2.8232,540.0,28.0057,0.5719,0.7276,257,588,533,829,171.8463
12,212.6891,2,786.2057,615.5284,14781.0,692.0,155.628,1.0,1.5189,511.0,32.2151,0.5509,0.7104,588,915,533,829,171.8463
12,212.6891,3,979.5378,586.7736,9235.0,843.0,124.3205,0.999,1.4255,509.0,20.3974,0.6977,0.822,915,1251,533,829,171.8463
12,212.6891,4,1527.7554,570.8833,10242.0,2298.0,143.5232,0.9904,1.6721,497.0,25.6456,0.5808,0.7348,1251,1582,533,829,171.8463
12,213.0897,1,311.1334,575.7246,9124.0,2102.0,193.3406,0.9919,3.1606,480.0,37.9206,0.2882,0.4475,257,588,533,829,171.8463
12,213.0897,2,772.2428,607.5804,13969.0,677.0,166.1711,0.9959,1.6816,510.0,32.8925,0.5206,0.6847,588,915,533,829,171.8463
12,213.0897,3,985.1669,590.1861,10917.0,907.0,121.9761,0.9921,1.1641,509.0,26.6419,0.6208,0.7661,915,1251,533,829,171.8463
12,213.0897,4,1516.9192,605.1727,12457.0,811.0,163.0828,0.9969,1.763,514.0,34.5649,0.4803,0.6489,1251,1582,533,829,171.8463
12,213.4902,1,326.3909,602.5415,11242.0,968.0,195.9621,0.9769,2.5856,503.0,41.3682,0.3994,0.5709,257,588,533,829,171.8463
12,213.4902,2,761.0459,609.0748,14498.0,488.0,170.8784,0.8184,1.7352,515.0,33.5882,0.533,0.6954,588,915,533,829,171.8463
12,213.4902,3,1003.221,588.2913,12182.0,1026.0,134.2934,0.656,1.2802,509.0,29.6089,0.545,0.7055,915,1251,533,829,171.8463
12,213.4902,4,1491.7881,632.7019,14198.0,377.0,181.8169,0.9852,1.9069,524.0,36.596,0.4501,0.6208,1251,1582,533,829,171.8463
12,213.8908,1,352.6693,610.4206,13972.0,1525.0,217.0911,0.9995,2.8017,493.0,49.0175,0.3738,0.5442,257,588,533,829,171.8463
12,213.8908,2,747.5583,609.9362,15292.0,407.0,189.1853,0.7347,1.9692,518.0,26.9207,0.6255,0.7696,588,915,533,829,171.8463
12,213.8908,3,1022.558,590.1076,11999.0,980.0,129.2708,0.8538,1.2174,507.0,30.5296,0.4895,0.6573,915,1251,533,829,171.8463
12,213.8908,4,1477.3432,612.755,13397.0,665.0,177.7101,0.7862,2.0607,521.0,38.9943,0.4071,0.5787,1251,1582,533,829,171.8463
12,214.2913,1,367.9544,632.7435,16880.0,1089.0,267.7016,0.9258,3.4058,505.0,43.4547,0.4788,0.6475,257,588,533,829,171.8463
12,214.2913,2,734.717,608.7478,18506.0,1886.0,225.6786,0.927,2.2472,491.0,34.0407,0.5568,0.7153,588,915,533,829,171.8463
12,214.2913,3,1039.6195,594.0496,13584.0,1117.0,141.7591,0.8054,1.3543,511.0,30.2476,0.5085,0.6742,915,1251,533,829,171.8463
12,214.2913,4,1475.1606,588.3186,12463.0,1246.0,141.0163,0.7539,1.379,506.0,38.301,0.479,0.6477,1251,1582,533,829,171.8463
12,214.6918,1,378.63,656.2273,13341.0,28.0,210.5098,0.9439,2.8418,531.0,30.7353,0.5936,0.745,257,588,533,829,171.8463
12,214.6918,2,710.9901,620.5403,20322.0,608.0,244.0602,0.656,2.4381,530.0,41.0815,0.4278,0.5993,588,915,533,829,171.8463
12,214.6918,3,1050.703,588.6114,13383.0,1247.0,171.6007,0.6352,1.9224,509.0,23.206,0.5682,0.7247,915,1251,533,829,171.8463
12,214.6918,4,1483.344,564.2857,9018.0,1419.0,131.2511,0.3148,1.6407,508.0,41.0144,0.4601,0.6302,1251,1582,533,829,171.8463
12,215.0924,1,378.2283,614.4432,11772.0,448.0,189.5123,0.9203,2.4723,515.0,52.8146,0.3381,0.5054,257,588,533,829,171.8463
12,215.0924,2,709.5631,636.0921,19006.0,0.0,236.6751,0.644,2.4908,534.0,29.2548,0.5856,0.7387,588,915,533,829,171.8463
12,215.0924,3,1045.3877,587.4488,13383.0,1093.0,181.5221,0.5242,2.265,511.0,25.1755,0.5489,0.7087,915,1251,533,829,171.8463
12,215.0924,4,1479.2186,570.1433,13508.0,1422.0,193.9358,0.3265,2.275,510.0,35.9309,0.4821,0.6505,1251,1582,533,829,171.8463
12,215.4929,1,397.2197,614.5523,15252.0,1711.0,211.7695,0.9978,2.4979,485.0,44.871,0.4289,0.6004,257,588,533,829,171.8463
12,215.4929,2,698.6581,622.0336,16744.0,0.0,228.6069,0.6381,2.6294,534.0,22.1505,0.7207,0.8377,588,915,533,829,171.8463
12,215.4929,3,1019.0404,588.1316,12132.0,931.0,166.886,0.595,2.0951,513.0,32.5298,0.4362,0.6074,915,1251,533,829,171.8463
12,215.4929,4,1470.5106,573.7189,14523.0,1539.0,196.9686,0.442,2.1395,508.0,21.2,0.7194,0.8368,1251,1582,533,829,171.8463
12,215.8935,1,413.4071,649.7763,13745.0,0.0,205.1351,0.896,2.6923,539.0,50.3897,0.3646,0.5343,257,588,533,829,171.8463
12,215.8935,2,703.5222,609.736,16377.0,1273.0,203.2547,0.7444,2.3751,503.0,35.3472,0.551,0.7105,588,915,533,829,171.8463
12,215.8935,3,993.2252,592.1022,8693.0,724.0,116.8024,0.9131,1.5293,515.0,29.9996,0.3852,0.5562,915,1251,533,829,171.8463
12,215.8935,4,1464.2428,571.9253,14640.0,1669.0,216.8302,0.4203,2.5836,506.0,16.649,0.7937,0.885,1251,1582,533,829,171.8463
12,216.294,1,436.361,621.4353,15204.0,1593.0,236.595,0.8869,3.2454,493.0,41.7705,0.4373,0.6085,257,588,533,829,171.8463
12,216.294,2,692.6594,611.3057,14889.0,926.0,197.238,0.7338,2.3172,513.0,26.1955,0.5596,0.7176,588,915,533,829,171.8463
12,216.294,3,976.5238,586.6763,6942.0,700.0,107.1152,0.9964,1.7984,515.0,24.5519,0.4813,0.6498,915,1251,533,829,171.8463
12,216.294,4,1455.0644,572.1306,15607.0,1762.0,240.8065,0.3492,3.0557,507.0,18.2154,0.7662,0.8677,1251,1582,533,829,171.8463
12,216.6946,1,448.5344,620.8288,13045.0,188.0,184.2007,0.8627,2.3001,526.0,38.9762,0.5193,0.6836,257,588,533,829,171.8463
12,216.6946,2,681.3177,613.9431,14074.0,844.0,181.1091,0.7364,2.2515,530.0,32.2006,0.5245,0.6881,588,915,533,829,171.8463
12,216.6946,3,986.5488,573.9418,7418.0,987.0,128.2041,0.8976,1.9772,510.0,22.6226,0.4924,0.6599,915,1251,533,829,171.8463
12,216.6946,4,1429.5645,574.3093,16974.0,2880.0,206.5803,0.523,2.0956,490.0,32.0327,0.5346,0.6967,1251,1582,533,829,171.8463
12,217.0951,1,456.6713,621.0087,14823.0,443.0,226.5315,0.712,3.0673,523.0,31.781,0.5573,0.7157,257,588,533,829,171.8463
12,217.0951,2,653.567,598.4319,12406.0,1067.0,156.6282,0.9674,1.6606,506.0,36.3765,0.4716,0.6409,588,915,533,829,171.8463
12,217.0951,3,997.9438,578.8601,8696.0,705.0,140.5014,0.7505,1.8994,518.0,24.9172,0.6561,0.7924,915,1251,533,829,171.8463
12,217.0951,4,1418.6261,602.5152,16037.0,878.0,189.623,0.6104,1.957,518.0,45.0585,0.371,0.5412,1251,1582,533,829,171.8463
12,217.4957,1,473.128,597.9177,12810.0,648.0,199.2772,0.5479,2.8264,519.0,31.7349,0.5919,0.7436,257,588,533,829,171.8463
12,217.4957,2,658.8728,593.3908,11854.0,831.0,153.5898,0.8386,1.5773,513.0,36.3025,0.5416,0.7026,588,915,533,829,171.8463
12,217.4957,3,1003.3986,579.9603,9393.0,970.0,163.436,0.7372,2.3666,514.0,21.2968,0.7175,0.8355,915,1251,533,829,171.8463
12,217.4957,4,1406.7468,617.0773,15973.0,623.0,170.7651,0.8143,1.6673,523.0,35.9315,0.4967,0.6637,1251,1582,533,829,171.8463
12,217.8962,1,496.4399,595.937,9787.0,582.0,157.2411,0.7454,2.2312,514.0,50.1228,0.4127,0.5842,257,588,533,829,171.8463
12,217.8962,2,678.5212,599.3812,14180.0,1113.0,163.1736,0.9736,1.5398,507.0,39.8623,0.4748,0.6439,588,915,533,829,171.8463
12,217.8962,3,1002.9859,580.9353,10401.0,1208.0,161.6963,0.7072,2.2399,509.0,21.2586,0.7363,0.8481,915,1251,533,829,171.8463
12,217.8962,4,1387.0991,601.6294,17319.0,1970.0,178.4495,0.9271,1.5155,485.0,33.3975,0.4964,0.6635,1251,1582,533,829,171.8463
12,218.2967,1,500.5985,590.3088,7432.0,242.0,123.7071,0.9999,1.856,524.0,42.1687,0.4046,0.5761,257,588,533,829,171.8463
12,218.2967,2,694.8832,614.2772,14756.0,291.0,167.5031,0.9495,1.6158,523.0,42.076,0.477,0.6459,588,915,533,829,171.8463
12,218.2967,3,998.4379,590.0626,11065.0,1081.0,152.415,0.768,1.9415,508.0,25.8818,0.5998,0.7498,915,1251,533,829,171.8463
12,218.2967,4,1399.0695,576.5545,14757.0,1883.0,233.4807,0.5131,2.9402,503.0,33.0065,0.4316,0.603,1251,1582,533,829,171.8463
12,218.6973,1,467.0662,586.3541,7794.0,238.0,118.4456,0.9375,1.4714,524.0,42.349,0.32,0.4848,257,588,533,829,171.8463
12,218.6973,2,718.1109,631.7671,16968.0,415.0,183.6274,0.9846,1.752,518.0,41.9232,0.4911,0.6587,588,915,533,829,171.8463
12,218.6973,3,998.0616,600.6745,10484.0,749.0,143.4201,0.8383,1.8825,514.0,28.5338,0.6101,0.7578,915,1251,533,829,171.8463
12,218.6973,4,1447.6056,568.9826,15774.0,2458.0,247.4652,0.3714,3.0942,494.0,39.0966,0.4459,0.6168,1251,1582,533,829,171.8463
12,219.0978,1,436.7975,603.1729,9891.0,103.0,136.9851,0.9555,1.624,528.0,45.8901,0.3895,0.5606,257,588,533,829,171.8463
12,219.0978,2,731.017,625.9051,17326.0,451.0,201.0424,0.806,2.0553,520.0,29.8374,0.5783,0.7328,588,915,533,829,171.8463
12,219.0978,3,985.8198,594.4573,9493.0,858.0,133.4843,0.9147,1.71,511.0,26.5267,0.6048,0.7538,915,1251,533,829,171.8463
12,219.0978,4,1484.6343,577.939,14680.0,2094.0,168.6409,0.5633,1.664,493.0,41.4855,0.373,0.5434,1251,1582,533,829,171.8463
12,219.4984,1,418.0895,619.3122,12208.0,129.0,156.0259,0.8801,1.8952,528.0,30.534,0.6064,0.755,257,588,533,829,171.8463
12,219.4984,2,750.5039,607.7312,15610.0,718.0,207.196,0.6516,2.4398,514.0,30.18,0.5818,0.7356,588,915,533,829,171.8463
12,219.4984,3,982.3663,586.8722,9473.0,985.0,120.3241,0.9969,1.3065,509.0,26.3143,0.6005,0.7504,915,1251,533,829,171.8463
12,219.4984,4,1503.2235,588.8804,14092.0,1484.0,150.4641,0.7597,1.3979,504.0,28.8728,0.5441,0.7047,1251,1582,533,829,171.8463
12,219.8989,1,415.2131,617.2851,12278.0,105.0,165.1098,0.8557,2.0239,529.0,22.9301,0.6713,0.8033,257,588,533,829,171.8463
12,219.8989,2,778.0876,599.9348,12370.0,931.0,165.3709,0.7046,2.0907,508.0,36.3074,0.451,0.6217,588,915,533,829,171.8463
12,219.8989,3,985.0657,584.0017,9830.0,780.0,116.3944,0.9938,1.134,512.0,18.6734,0.7258,0.8411,915,1251,533,829,171.8463
12,219.8989,4,1507.6359,596.9453,14124.0,1777.0,163.9524,0.8219,1.7152,497.0,20.8171,0.6571,0.7931,1251,1582,533,829,171.8463
12,220.2995,1,423.509,612.7435,13693.0,494.0,196.4699,0.7609,2.5391,523.0,29.8925,0.6204,0.7657,257,588,533,829,171.8463
12,220.2995,2,829.5542,579.1124,8787.0,803.0,133.6449,0.785,1.7778,510.0,37.9597,0.295,0.4556,588,915,533,829,171.8463
12,220.2995,3,991.292,589.3463,12135.0,936.0,146.6116,0.5864,1.509,512.0,28.5132,0.5684,0.7248,915,1251,533,829,171.8463
12,220.2995,4,1508.6386,599.9661,13995.0,1474.0,154.9918,0.9353,1.5578,501.0,20.7125,0.641,0.7813,1251,1582,533,829,171.8463
12,220.7,1,440.4213,606.571,12824.0,367.0,195.1223,0.6294,2.7018,525.0,36.6746,0.5731,0.7287,257,588,533,829,171.8463
12,220.7,2,846.1288,579.8276,8073.0,758.0,124.105,0.9993,1.5723,513.0,30.9276,0.4777,0.6465,588,915,533,829,171.8463
12,220.7,3,1007.8957,581.3669,12882.0,1126.0,173.6703,0.4911,1.9345,509.0,24.59,0.6056,0.7544,915,1251,533,829,171.8463
12,220.7,4,1514.8236,599.2059,13667.0,1282.0,156.9494,0.8737,1.6516,523.0,30.1271,0.6283,0.7717,1251,1582,533,829,171.8463
12,221.1006,1,465.3197,603.8298,13140.0,446.0,194.8191,0.6622,2.6176,524.0,46.2768,0.4408,0.6119,257,588,533,829,171.8463
12,221.1006,2,837.0134,593.6507,9409.0,592.0,123.0985,0.9772,1.4394,516.0,29.8449,0.5362,0.6981,588,915,533,829,171.8463
12,221.1006,3,1036.339,585.5615,14420.0,1245.0,176.7624,0.5337,1.8926,511.0,33.9916,0.4295,0.6009,915,1251,533,829,171.8463
12,221.1006,4,1510.7323,589.8424,13494.0,1685.0,138.4336,0.9674,1.2163,499.0,36.0488,0.5488,0.7087,1251,1582,533,829,171.8463
12,221.5011,1,491.0633,603.1567,11177.0,476.0,167.1912,0.7307,2.3622,521.0,47.9507,0.4243,0.5958,257,588,533,829,171.8463
12,221.5011,2,821.9065,596.1363,10038.0,391.0,141.6177,0.959,1.6858,520.0,32.9665,0.5198,0.684,588,915,533,829,171.8463
12,221.5011,3,1062.4112,582.6557,14483.0,1396.0,195.0558,0.4346,2.3116,510.0,28.1378,0.5293,0.6922,915,1251,533,829,171.8463
12,221.5011,4,1504.2874,575.7271,14117.0,2108.0,151.2325,0.5844,1.2946,493.0,30.7818,0.6045,0.7535,1251,1582,533,829,171.8463
12,221.9016,1,508.2691,607.2097,10820.0,1018.0,177.1854,0.8903,2.652,506.0,39.1039,0.4667,0.6364,257,588,533,829,171.8463
12,221.9016,2,800.4862,600.612,10807.0,560.0,147.9573,0.9915,1.7562,515.0,35.199,0.5271,0.6903,588,915,533,829,171.8463
12,221.9016,3,1099.7441,579.0181,15017.0,1130.0,195.1587,0.4013,2.1819,512.0,31.862,0.4534,0.6239,915,1251,533,829,171.8463
12,221.9016,4,1490.5514,587.53,15880.0,1748.0,172.7089,0.6336,1.5341,498.0,26.9146,0.6084,0.7565,1251,1582,533,829,171.8463
12,222.3022,1,507.1545,627.2876,10171.0,374.0,182.4483,0.8636,3.1876,522.0,30.6596,0.5835,0.737,257,588,533,829,171.8463
12,222.3022,2,787.758,598.1602,11049.0,542.0,161.1243,0.883,1.9341,518.0,32.1159,0.5902,0.7423,588,915,533,829,171.8463
12,222.3022,3,1121.1488,586.5117,14828.0,1112.0,186.3478,0.4573,2.0362,512.0,30.7383,0.5243,0.688,915,1251,533,829,171.8463
12,222.3022,4,1466.9998,590.8369,15661.0,1789.0,183.256,0.7447,1.8055,494.0,35.7314,0.4853,0.6535,1251,1582,533,829,171.8463
12,222.7027,1,508.4431,621.6628,12191.0,604.0,194.0741,0.859,2.7303,513.0,25.7073,0.6037,0.7529,257,588,533,829,171.8463
12,222.7027,2,778.3197,605.3259,13131.0,684.0,185.5395,0.7929,2.2768,515.0,23.3458,0.6857,0.8136,588,915,533,829,171.8463
12,222.7027,3,1132.8595,593.1063,15082.0,1304.0,156.451,0.6505,1.3937,501.0,27.1421,0.5527,0.7119,915,1251,533,829,171.8463
12,222.7027,4,1439.1267,598.4601,18076.0,2170.0,168.5758,0.9296,1.3647,484.0,40.1976,0.4183,0.5899,1251,1582,533,829,171.8463
12,223.1033,1,495.5273,625.4619,12036.0,504.0,200.1588,0.7765,2.9822,515.0,29.2647,0.5904,0.7425,257,588,533,829,171.8463
12,223.1033,2,771.3806,614.0759,13559.0,689.0,186.6116,0.7696,2.3859,516.0,18.0004,0.7321,0.8453,588,915,533,829,171.8463
12,223.1033,3,1146.4222,593.5479,14354.0,999.0,147.016,0.6792,1.2673,509.0,23.6973,0.583,0.7366,915,1251,533,829,171.8463
12,223.1033,4,1439.1756,599.5247,19834.0,1980.0,244.1319,0.6444,2.3173,503.0,37.3138,0.4502,0.6209,1251,1582,533,829,171.8463
12,223.5038,1,495.9562,622.2965,11702.0,335.0,198.6528,0.7523,3.0597,522.0,21.2526,0.6942,0.8195,257,588,533,829,171.8463
12,223.5038,2,771.2284,604.0846,13881.0,954.0,198.9325,0.7539,2.5666,511.0,23.9564,0.6601,0.7953,588,915,533,829,171.8463
12,223.5038,3,1140.2276,593.3046,14358.0,1060.0,157.4608,0.8979,1.4588,510.0,31.0827,0.5297,0.6925,915,1251,533,829,171.8463
12,223.5038,4,1464.4859,580.4203,16020.0,2382.0,227.8717,0.593,2.5268,493.0,30.9445,0.5736,0.729,1251,1582,533,829,171.8463
12,223.9044,1,496.5843,618.5187,11567.0,428.0,194.9973,0.7536,2.9637,521.0,22.8217,0.7171,0.8353,257,588,533,829,171.8463
12,223.9044,2,779.5078,608.5205,15428.0,1654.0,218.5005,0.8034,2.8158,504.0,30.9731,0.6274,0.771,588,915,533,829,171.8463
12,223.9044,3,1109.0265,585.6778,13707.0,1497.0,220.3992,0.6944,2.758,501.0,40.9929,0.3908,0.562,915,1251,533,829,171.8463
12,223.9044,4,1495.786,587.9842,18055.0,3615.0,199.3912,0.9345,1.7226,465.0,40.3226,0.3589,0.5282,1251,1582,533,829,171.8463
12,224.3049,1,501.297,615.5777,10918.0,444.0,184.29,0.7929,2.7899,520.0,23.0828,0.7011,0.8243,257,588,533,829,171.8463
12,224.3049,2,786.7858,620.9056,14340.0,469.0,223.1827,0.6738,3.0249,518.0,41.4337,0.4762,0.6452,588,915,533,829,171.8463
12,224.3049,3,1063.0539,587.736,15134.0,1568.0,194.905,0.6897,2.0667,490.0,48.3147,0.2943,0.4548,915,1251,533,829,171.8463
12,224.3049,4,1519.4814,614.4127,14752.0,1602.0,164.2678,0.9219,1.7225,523.0,37.5362,0.4156,0.5872,1251,1582,533,829,171.8463
12,224.7055,1,501.9194,624.8034,11592.0,399.0,189.7091,0.8042,2.9226,522.0,18.5549,0.7165,0.8348,257,588,533,829,171.8463
12,224.7055,2,807.2714,612.0857,13425.0,850.0,196.1188,0.7764,2.574,514.0,33.4485,0.5089,0.6745,588,915,533,829,171.8463
12,224.7055,3,1040.0325,616.4041,17542.0,921.0,201.1799,0.6952,2.1545,533.0,44.6376,0.3052,0.4676,915,1251,533,829,171.8463
12,224.7055,4,1525.3568,625.1723,15593.0,1301.0,191.9362,0.9798,2.0416,521.0,29.1164,0.6355,0.7771,1251,1582,533,829,171.8463
12,225.106,1,498.617,618.7642,11095.0,498.0,188.3536,0.8267,2.9193,517.0,20.544,0.6985,0.8225,257,588,533,829,171.8463
12,225.106,2,823.2793,603.5322,10991.0,732.0,162.0264,0.7847,2.2281,512.0,32.2704,0.5488,0.7087,588,915,533,829,171.8463
12,225.106,3,1020.4284,621.9139,16795.0,792.0,205.3637,0.7515,2.2704,533.0,33.8199,0.4582,0.6285,915,1251,533,829,171.8463
12,225.106,4,1499.28,596.5604,17847.0,2299.0,168.669,0.9974,1.2854,489.0,52.1975,0.3912,0.5624,1251,1582,533,829,171.8463
12,225.5065,1,504.4427,617.046,11160.0,360.0,183.9832,0.8317,2.7145,521.0,22.6,0.6782,0.8083,257,588,533,829,171.8463
12,225.5065,2,848.5155,593.3151,9809.0,756.0,150.3493,0.9834,1.9056,513.0,32.9091,0.4732,0.6424,588,915,533,829,171.8463
12,225.5065,3,1006.1933,618.3936,15235.0,802.0,184.2712,0.8105,2.0804,533.0,21.509,0.6595,0.7948,915,1251,533,829,171.8463
12,225.5065,4,1460.528,587.1661,18524.0,3938.0,194.8784,0.9802,1.7872,458.0,46.2834,0.3511,0.5198,1251,1582,533,829,171.8463
12,225.9071,1,503.2795,622.1127,10911.0,232.0,185.0916,0.768,2.9418,525.0,21.3994,0.684,0.8124,257,588,533,829,171.8463
12,225.9071,2,834.75,579.8176,9033.0,656.0,136.2783,0.8515,1.6327,515.0,35.9453,0.5052,0.6713,588,915,533,829,171.8463
12,225.9071,3,995.2398,607.0698,14919.0,774.0,164.1468,0.9765,1.537,515.0,32.5006,0.4595,0.6296,915,1251,533,829,171.8463
12,225.9071,4,1444.4546,622.809,20406.0,1440.0,194.0769,0.9987,1.6635,495.0,33.7336,0.4795,0.6482,1251,1582,533,829,171.8463
12,226.3076,1,505.0751,616.2736,11474.0,583.0,191.3697,0.8326,2.8119,517.0,21.4726,0.7103,0.8306,257,588,533,829,171.8463
12,226.3076,2,805.32,587.1209,10564.0,948.0,151.2246,0.8429,1.8364,511.0,45.6396,0.352,0.5207,588,915,533,829,171.8463
12,226.3076,3,1029.4471,585.4084,13654.0,1261.0,188.1639,0.5517,2.1316,507.0,42.4957,0.3379,0.5052,915,1251,533,829,171.8463
12,226.3076,4,1431.1034,624.7474,18180.0,258.0,164.9954,0.9925,1.3111,527.0,31.0349,0.5447,0.7053,1251,1582,533,829,171.8463
12,226.7082,1,504.9258,629.3512,11494.0,223.0,169.998,0.8012,2.4777,537.0,25.5259,0.6273,0.771,257,588,533,829,171.8463
12,226.7082,2,772.1082,586.9995,11043.0,737.0,163.4716,0.7246,2.0378,517.0,51.1052,0.3742,0.5446,588,915,533,829,171.8463
12,226.7082,3,1090.5003,568.3759,14766.0,1789.0,222.1126,0.3045,2.8574,508.0,41.4037,0.3332,0.4999,915,1251,533,829,171.8463
12,226.7082,4,1398.6307,589.1,17926.0,3692.0,205.1427,0.9441,2.0413,467.0,42.1068,0.3656,0.5355,1251,1582,533,829,171.8463
12,227.1087,1,512.0569,614.8449,10747.0,367.0,172.806,0.8361,2.4491,522.0,19.7093,0.7269,0.8419,257,588,533,829,171.8463
12,227.1087,2,745.1271,596.787,12529.0,876.0,176.3759,0.7613,2.198,515.0,54.2121,0.3603,0.5298,588,915,533,829,171.8463
12,227.1087,3,1123.5172,570.5342,12771.0,1456.0,176.9598,0.3038,2.2129,512.0,34.9877,0.4544,0.6248,915,1251,533,829,171.8463
12,227.1087,4,1368.4444,612.5547,18811.0,1628.0,182.8053,0.9915,1.4903,492.0,40.1568,0.3772,0.5478,1251,1582,533,829,171.8463
12,227.5093,1,514.2275,625.0944,11346.0,286.0,149.639,0.8402,2.0915,542.0,26.659,0.6055,0.7543,257,588,533,829,171.8463
12,227.5093,2,719.5207,598.018,13408.0,831.0,188.8193,0.6617,2.3629,516.0,47.5459,0.4266,0.5981,588,915,533,829,171.8463
12,227.5093,3,1147.9099,577.5698,10038.0,1207.0,125.7817,0.6068,1.5085,511.0,31.2758,0.4136,0.5852,915,1251,533,829,171.8463
12,227.5093,4,1356.122,617.8226,17519.0,1198.0,205.599,0.9419,2.0647,510.0,31.848,0.5347,0.6968,1251,1582,533,829,171.8463
12,227.9098,1,519.123,610.9472,11460.0,396.0,142.6768,0.8537,1.7125,541.0,24.2963,0.6304,0.7733,257,588,533,829,171.8463
12,227.9098,2,698.7929,603.9225,13712.0,762.0,187.4956,0.6989,2.3248,517.0,41.223,0.4791,0.6479,588,915,533,829,171.8463
12,227.9098,3,1172.5867,574.9407,8532.0,1139.0,117.4795,0.8792,1.468,511.0,20.5048,0.5849,0.7381,915,1251,533,829,171.8463
12,227.9098,4,1352.3575,595.8956,12473.0,1676.0,189.9115,0.7958,2.4646,486.0,36.0593,0.4388,0.61,1251,1582,533,829,171.8463
12,228.3104,1,514.917,609.163,11175.0,335.0,154.2042,0.8226,2.0264,542.0,18.693,0.7273,0.8421,257,588,533,829,171.8463
12,228.3104,2,686.2435,604.7688,12794.0,688.0,183.3426,0.7333,2.3421,518.0,33.7316,0.5935,0.7449,588,915,533,829,171.8463
12,228.3104,3,1172.4467,571.8716,8829.0,1230.0,129.2538,0.8918,1.6108,508.0,17.1674,0.7373,0.8488,915,1251,533,829,171.8463
12,228.3104,4,1332.07,608.0571,8627.0,1385.0,119.5646,0.8851,2.0491,543.0,41.6587,0.3054,0.4679,1251,1582,533,829,171.8463
12,228.7109,1,518.2487,611.8214,11498.0,188.0,141.7867,0.8791,1.6595,543.0,23.8133,0.6749,0.8059,257,588,533,829,171.8463
12,228.7109,2,681.6562,616.9236,13646.0,593.0,191.0408,0.7775,2.4555,519.0,31.5951,0.5987,0.749,588,915,533,829,171.8463
12,228.7109,3,1168.1755,574.1133,10290.0,1534.0,155.6215,0.8551,1.9746,500.0,22.6006,0.7657,0.8673,915,1251,533,829,171.8463
12,228.7109,4,1310.0046,600.1369,6281.0,652.0,133.863,0.9717,2.6148,538.0,21.6964,0.5361,0.698,1251,1582,533,829,171.8463
12,229.1114,1,513.0018,602.3756,11658.0,517.0,132.5428,0.9809,1.2595,517.0,24.9758,0.6776,0.8078,257,588,533,829,171.8463
12,229.1114,2,673.3923,620.9343,13389.0,569.0,193.5939,0.8204,2.5359,519.0,28.7306,0.6112,0.7587,588,915,533,829,171.8463
12,229.1114,3,1158.8785,594.3706,11847.0,1272.0,152.8294,0.8571,1.7961,507.0,21.2802,0.7172,0.8353,915,1251,533,829,171.8463
12,229.1114,4,1320.212,578.6571,6839.0,1254.0,157.7042,0.9815,3.0003,497.0,30.8089,0.4114,0.5829,1251,1582,533,829,171.8463
12,229.512,1,518.9697,597.7438,12681.0,568.0,137.1843,0.73,1.2428,518.0,25.416,0.6205,0.7658,257,588,533,829,171.8463
12,229.512,2,669.9955,618.6064,12811.0,500.0,182.5933,0.8265,2.3479,520.0,18.0153,0.7667,0.8679,588,915,533,829,171.8463
12,229.512,3,1157.8205,597.3586,11991.0,981.0,149.1581,0.8247,1.6665,509.0,22.4706,0.7127,0.8323,915,1251,533,829,171.8463
12,229.512,4,1327.7974,586.6328,10393.0,1952.0,192.1042,0.9823,2.76,475.0,25.7191,0.4975,0.6645,1251,1582,533,829,171.8463
12,229.9125,1,502.0223,600.6621,12893.0,273.0,131.172,0.9782,1.1111,523.0,29.1382,0.5591,0.7172,257,588,533,829,171.8463
12,229.9125,2,663.7788,614.803,12981.0,606.0,176.1956,0.8681,2.1462,515.0,21.6098,0.6829,0.8116,588,915,533,829,171.8463
12,229.9125,3,1166.1434,594.1808,11728.0,1125.0,135.5818,0.9859,1.324,509.0,31.8138,0.584,0.7374,915,1251,533,829,171.8463
12,229.9125,4,1335.5871,586.1204,9882.0,2104.0,203.7936,0.9273,3.7123,483.0,24.0401,0.5773,0.732,1251,1582,533,829,171.8463
12,230.3131,1,486.2831,609.7513,13306.0,189.0,137.8433,0.9875,1.2296,524.0,32.8778,0.5601,0.718,257,588,533,829,171.8463
12,230.3131,2,664.1974,610.6183,13106.0,550.0,167.8627,0.8786,1.9203,517.0,19.2879,0.7347,0.8471,588,915,533,829,171.8463
12,230.3131,3,1167.4201,578.4724,12140.0,1283.0,149.8672,0.6749,1.4435,504.0,32.6244,0.5687,0.7251,915,1251,533,829,171.8463
12,230.3131,4,1339.3002,615.0434,10568.0,841.0,205.3791,0.8525,3.467,509.0,37.7938,0.4598,0.6299,1251,1582,533,829,171.8463
12,230.7136,1,461.9343,603.6041,14118.0,543.0,154.2059,0.7749,1.45,520.0,39.1911,0.49,0.6577,257,588,533,829,171.8463
12,230.7136,2,658.3076,609.8655,12858.0,555.0,145.4823,0.8803,1.5955,532.0,27.2666,0.6603,0.7954,588,915,533,829,171.8463
12,230.7136,3,1135.0831,580.0037,12679.0,1057.0,182.9507,0.5388,2.165,509.0,41.9986,0.3987,0.5701,915,1251,533,829,171.8463
12,230.7136,4,1323.1861,589.5001,9075.0,1608.0,160.472,0.9602,2.4878,491.0,37.2315,0.4781,0.6469,1251,1582,533,829,171.8463
12,231.1142,1,456.8091,594.7096,15904.0,880.0,214.0772,0.465,2.491,515.0,35.2574,0.4735,0.6427,257,588,533,829,171.8463
12,231.1142,2,655.3246,592.6807,12736.0,726.0,137.0625,0.9383,1.1851,513.0,29.1653,0.6216,0.7667,588,915,533,829,171.8463
12,231.1142,3,1091.4675,578.0841,13552.0,1051.0,198.6016,0.4655,2.4131,508.0,43.7412,0.4045,0.576,915,1251,533,829,171.8463
12,231.1142,4,1311.1123,580.7609,6830.0,1744.0,128.9076,1.0,2.9668,524.0,41.3858,0.369,0.5391,1251,1582,533,829,171.8463
12,231.5147,1,474.4534,593.0941,13895.0,597.0,206.5755,0.4593,2.7179,520.0,34.8649,0.4785,0.6473,257,588,533,829,171.8463
12,231.5147,2,662.0452,593.6806,14315.0,669.0,141.5373,0.7764,1.1517,513.0,25.4206,0.6639,0.798,588,915,533,829,171.8463
12,231.5147,3,1060.7762,594.1595,14426.0,605.0,187.0342,0.5267,2.1482,515.0,43.3955,0.3511,0.5198,915,1251,533,829,171.8463
12,231.5147,4,1321.0149,568.9712,8899.0,2037.0,177.0035,0.9597,2.623,481.0,34.6161,0.4966,0.6636,1251,1582,533,829,171.8463
12,231.9153,1,487.7483,603.5884,12227.0,459.0,170.4261,0.6967,2.151,520.0,39.8844,0.453,0.6235,257,588,533,829,171.8463
12,231.9153,2,680.2048,597.025,14134.0,717.0,162.0542,0.7836,1.5423,513.0,32.8133,0.5683,0.7247,588,915,533,829,171.8463
12,231.9153,3,1035.7429,596.9309,15951.0,1345.0,199.682,0.7114,1.9769,497.0,37.2503,0.421,0.5926,915,1251,533,829,171.8463
12,231.9153,4,1328.8609,600.2839,13584.0,1149.0,166.6069,0.9846,1.686,504.0,36.2185,0.5109,0.6762,1251,1582,533,829,171.8463
12,232.3158,1,492.2667,618.1997,11497.0,224.0,174.194,0.7411,2.4268,525.0,26.9224,0.5543,0.7133,257,588,533,829,171.8463
12,232.3158,2,702.6015,591.1615,14751.0,1024.0,181.4557,0.6565,1.8874,511.0,33.7316,0.5603,0.7182,588,915,533,829,171.8463
12,232.3158,3,1028.3442,622.3422,15180.0,0.0,202.7233,0.6468,2.3851,534.0,31.6845,0.4819,0.6503,915,1251,533,829,171.8463
12,232.3158,4,1339.9912,604.4504,14424.0,969.0,163.4975,0.9665,1.5777,509.0,28.7917,0.6221,0.7671,1251,1582,533,829,171.8463
12,232.7163,1,503.7767,614.9256,10816.0,232.0,174.6701,0.7204,2.5684,525.0,17.5087,0.7099,0.8304,257,588,533,829,171.8463
12,232.7163,2,742.0828,579.6735,14743.0,1154.0,208.3223,0.4881,2.4601,510.0,40.7026,0.4253,0.5968,588,915,533,829,171.8463
12,232.7163,3,1015.0323,606.6132,13798.0,894.0,189.9665,0.6919,2.3244,512.0,25.0257,0.5719,0.7277,915,1251,533,829,171.8463
12,232.7163,4,1346.7762,612.0266,14873.0,880.0,155.5401,0.9661,1.462,520.0,25.5911,0.6209,0.7662,1251,1582,533,829,171.8463
12,233.1169,1,504.5898,611.5823,10937.0,271.0,172.0124,0.7661,2.3874,525.0,20.1608,0.7004,0.8238,257,588,533,829,171.8463
12,233.1169,2,785.1018,589.4886,15465.0,1036.0,200.6555,0.536,2.192,512.0,49.0754,0.3276,0.4935,588,915,533,829,171.8463
12,233.1169,3,1004.3463,590.2788,11314.0,1144.0,157.8822,0.7608,2.0526,512.0,26.578,0.5615,0.7192,915,1251,533,829,171.8463
12,233.1169,4,1346.2704,595.039,14013.0,1130.0,154.0882,0.9938,1.3506,504.0,20.2823,0.7224,0.8388,1251,1582,533,829,171.8463
12,233.5174,1,505.0219,606.9047,11359.0,452.0,175.8137,0.7984,2.4046,521.0,18.3384,0.7194,0.8368,257,588,533,829,171.8463
12,233.5174,2,796.1094,605.0267,15819.0,900.0,184.2664,0.6663,1.9641,514.0,35.914,0.4931,0.6605,588,915,533,829,171.8463
12,233.5174,3,992.5911,582.8073,9049.0,632.0,155.8097,0.7161,2.1748,517.0,23.4321,0.6215,0.7666,915,1251,533,829,171.8463
12,233.5174,4,1363.8864,587.2663,15128.0,2012.0,197.5152,0.6071,2.2006,501.0,31.0127,0.4902,0.6579,1251,1582,533,829,171.8463
12,233.918,1,506.99,610.1665,11755.0,404.0,176.9937,0.8094,2.3603,522.0,20.9836,0.7147,0.8336,257,588,533,829,171.8463
12,233.918,2,817.6318,598.5445,12845.0,1170.0,170.2352,0.794,2.0355,508.0,27.7532,0.5581,0.7164,588,915,533,829,171.8463
12,233.918,3,986.1232,581.0657,7623.0,694.0,113.1886,0.9167,1.536,515.0,28.9048,0.5373,0.699,915,1251,533,829,171.8463
12,233.918,4,1410.0221,573.3989,16103.0,2168.0,233.9466,0.4131,2.8105,503.0,44.6398,0.3756,0.5461,1251,1582,533,829,171.8463
12,234.3185,1,513.2809,618.5569,11548.0,271.0,149.6629,0.8131,1.9862,541.0,28.0077,0.5802,0.7343,257,588,533,829,171.8463
12,234.3185,2,832.3695,594.3908,9903.0,880.0,130.6068,0.901,1.6018,511.0,29.5126,0.5351,0.6971,588,915,533,829,171.8463
12,234.3185,3,988.5388,564.4112,7678.0,1075.0,125.1056,0.645,1.6674,510.0,30.3501,0.4518,0.6224,915,1251,533,829,171.8463
12,234.3185,4,1459.7231,570.8262,19306.0,3725.0,228.3264,0.4707,2.2113,499.0,37.8053,0.4056,0.5771,1251,1582,533,829,171.8463
12,234.7191,1,515.5152,617.9129,12379.0,533.0,164.4297,0.9071,1.9561,517.0,17.8683,0.7234,0.8395,257,588,533,829,171.8463
12,234.7191,2,845.4451,580.8778,9394.0,1165.0,139.2704,0.9997,1.679,504.0,21.1266,0.6441,0.7835,588,915,533,829,171.8463
12,234.7191,3,1024.6988,567.3424,9531.0,1181.0,153.6232,0.5188,2.06,512.0,42.7535,0.3411,0.5087,915,1251,533,829,171.8463
12,234.7191,4,1476.1833,589.5321,17736.0,2062.0,206.5372,0.5549,1.9954,508.0,39.7488,0.4711,0.6405,1251,1582,533,829,171.8463
12,235.1196,1,516.1031,619.1862,12187.0,209.0,163.3504,0.8249,2.0991,542.0,20.4898,0.6948,0.8199,257,588,533,829,171.8463
12,235.1196,2,835.5679,599.9141,10427.0,599.0,151.8987,0.9998,1.8939,516.0,27.2883,0.6211,0.7663,588,915,533,829,171.8463
12,235.1196,3,1076.5941,573.5808,11767.0,1522.0,164.2975,0.5427,1.9904,512.0,55.1535,0.2129,0.3511,915,1251,533,829,171.8463
12,235.1196,4,1487.8283,611.4879,18690.0,1184.0,153.6549,0.8818,1.1548,512.0,37.7235,0.4549,0.6254,1251,1582,533,829,171.8463
12,235.5202,1,507.5324,616.5911,13131.0,276.0,178.4644,0.8056,2.1423,525.0,24.1064,0.6563,0.7925,257,588,533,829,171.8463
12,235.5202,2,819.1559,602.3427,11000.0,641.0,155.1692,0.9807,1.8882,514.0,34.4866,0.5435,0.7043,588,915,533,829,171.8463
12,235.5202,3,1126.0328,573.0688,11699.0,1653.0,166.0617,0.5498,2.0523,508.0,55.5697,0.297,0.458,915,1251,533,829,171.8463
12,235.5202,4,1447.1084,578.9419,14260.0,2114.0,193.3059,0.5343,2.2463,497.0,47.2838,0.2944,0.4549,1251,1582,533,829,171.8463
12,235.9207,1,500.365,605.0889,12486.0,510.0,186.3262,0.7073,2.448,521.0,30.7881,0.569,0.7253,257,588,533,829,171.8463
12,235.9207,2,803.8204,615.0647,12313.0,395.0,175.0804,0.9683,2.1311,521.0,36.2172,0.5436,0.7043,588,915,533,829,171.8463
12,235.9207,3,1146.4413,579.4996,11176.0,1206.0,151.728,0.6118,1.833,511.0,40.8157,0.4709,0.6403,915,1251,533,829,171.8463
12,235.9207,4,1398.97,579.6512,14915.0,1793.0,197.8971,0.5101,2.1461,500.0,49.2884,0.2932,0.4534,1251,1582,533,829,171.8463
12,236.3212,1,496.4198,598.0272,10739.0,449.0,154.8038,0.6406,2.0938,523.0,24.0413,0.6229,0.7676,257,588,533,829,171.8463
12,236.3212,2,789.6688,629.8396,13986.0,414.0,168.9401,0.9832,1.9165,520.0,31.0748,0.5862,0.7391,588,915,533,829,171.8463
12,236.3212,3,1162.0721,583.718,10337.0,1033.0,127.977,0.8919,1.4211,513.0,46.5306,0.4738,0.643,915,1251,533,829,171.8463
12,236.3212,4,1375.1711,598.1013,15178.0,1239.0,195.3331,0.5876,2.2307,511.0,44.4565,0.3919,0.5631,1251,1582,533,829,171.8463
12,236.7218,1,498.6162,594.0288,10054.0,472.0,154.2465,0.6519,2.2028,522.0,18.1446,0.6978,0.822,257,588,533,829,171.8463
12,236.7218,2,784.1059,620.5574,13734.0,445.0,163.3355,0.9966,1.7525,520.0,29.2478,0.5996,0.7497,588,915,533,829,171.8463
12,236.7218,3,1180.6447,587.2293,9973.0,1085.0,123.4613,0.9821,1.4456,528.0,39.8176,0.531,0.6936,915,1251,533,829,171.8463
12,236.7218,4,1357.2633,593.9029,13895.0,1285.0,185.6947,0.6369,2.203,510.0,27.014,0.5896,0.7418,1251,1582,533,829,171.8463
12,237.1223,1,500.8443,599.936,7847.0,207.0,117.1808,0.8654,1.7484,525.0,26.114,0.5155,0.6803,257,588,533,829,171.8463
12,237.1223,2,774.3849,601.7043,13678.0,782.0,196.5472,0.6606,2.4889,517.0,41.7285,0.4142,0.5858,588,915,533,829,171.8463
12,237.1223,3,1170.3698,601.3921,13479.0,835.0,128.9929,0.9974,1.1427,517.0,34.2129,0.5646,0.7217,915,1251,533,829,171.8463
12,237.1223,4,1347.6265,584.3798,11139.0,1284.0,160.0779,0.6237,2.1105,507.0,23.0793,0.6439,0.7834,1251,1582,533,829,171.8463
12,237.5229,1,513.6258,596.1365,7472.0,306.0,122.9421,0.9669,1.8072,524.0,24.3393,0.5537,0.7127,257,588,533,829,171.8463
12,237.5229,2,732.2604,579.9643,13384.0,1250.0,194.8393,0.5443,2.3983,510.0,49.9469,0.3857,0.5566,588,915,533,829,171.8463
12,237.5229,3,1144.2956,578.7714,11795.0,1266.0,167.8819,0.6027,1.9685,510.0,40.1272,0.4076,0.5792,915,1251,533,829,171.8463
12,237.5229,4,1343.4563,590.9799,9054.0,776.0,124.1425,0.7374,1.6723,511.0,24.8994,0.5224,0.6863,1251,1582,533,829,171.8463
12,237.9234,1,510.6176,606.7925,9061.0,253.0,136.3273,0.9852,1.9091,524.0,20.6369,0.6578,0.7936,257,588,533,829,171.8463
12,237.9234,2,697.1479,590.022,13688.0,1276.0,187.3744,0.6431,2.3591,509.0,57.0348,0.2977,0.4588,588,915,533,829,171.8463
12,237.9234,3,1106.867,569.5435,11575.0,1092.0,169.1188,0.3754,2.0691,514.0,39.2277,0.41,0.5816,915,1251,533,829,171.8463
12,237.9234,4,1334.4372,596.5816,7491.0,869.0,120.0344,0.9597,1.9778,508.0,28.7653,0.4673,0.6369,1251,1582,533,829,171.8463
12,238.324,1,506.6131,609.1931,8996.0,100.0,140.6834,0.9581,1.9636,529.0,25.2103,0.5838,0.7372,257,588,533,829,171.8463
12,238.324,2,673.0706,605.0546,12122.0,843.0,172.7909,0.8108,2.2793,513.0,47.2407,0.3852,0.5561,588,915,533,829,171.8463
12,238.324,3,1059.8323,574.0308,13264.0,958.0,201.1546,0.3866,2.5634,514.0,45.9067,0.3361,0.5032,915,1251,533,829,171.8463
12,238.324,4,1309.8471,580.1508,5239.0,509.0,116.8519,0.9777,2.232,514.0,24.1511,0.5347,0.6968,1251,1582,533,829,171.8463
12,238.7245,1,508.4793,609.3939,9167.0,209.0,140.4151,0.9986,1.939,526.0,21.7475,0.653,0.7901,257,588,533,829,171.8463
12,238.7245,2,671.8693,625.2071,12558.0,309.0,177.0454,0.8009,2.3608,524.0,27.2854,0.6083,0.7565,588,915,533,829,171.8463
12,238.7245,3,1039.2255,579.0105,13196.0,1378.0,179.3029,0.4213,2.2105,509.0,34.987,0.4786,0.6474,915,1251,533,829,171.8463
12,238.7245,4,1314.9,569.0036,5012.0,685.0,115.8637,0.9932,2.1451,511.0,21.9782,0.691,0.8173,1251,1582,533,829,171.8463
12,239.1251,1,500.6878,614.258,9315.0,164.0,157.1876,0.9958,2.3921,526.0,20.8242,0.6402,0.7807,257,588,533,829,171.8463
12,239.1251,2,667.8782,620.5716,12492.0,451.0,185.3832,0.8295,2.5023,520.0,18.1763,0.7241,0.84,588,915,533,829,171.8463
12,239.1251,3,1017.2446,581.591,11184.0,881.0,154.8824,0.5124,1.9893,514.0,34.7917,0.4407,0.6118,915,1251,533,829,171.8463
12,239.1251,4,1327.6278,566.2507,6481.0,991.0,110.9667,0.9886,1.634,509.0,30.6388,0.5087,0.6743,1251,1582,533,829,171.8463
12,239.5256,1,499.6915,611.3926,10168.0,231.0,140.0694,0.9989,1.8624,525.0,21.5984,0.6323,0.7747,257,588,533,829,171.8463
12,239.5256,2,667.8866,620.0958,12695.0,649.0,184.6844,0.9251,2.3972,515.0,25.7584,0.6239,0.7684,588,915,533,829,171.8463
12,239.5256,3,1005.7989,602.3199,9538.0,421.0,133.0462,0.7791,1.8623,521.0,34.0377,0.3726,0.5429,915,1251,533,829,171.8463
12,239.5256,4,1336.5998,572.4229,6822.0,511.0,105.7787,0.9934,1.3364,516.0,22.586,0.5656,0.7225,1251,1582,533,829,171.8463
12,239.9261,1,497.5223,606.4434,9420.0,84.0,143.1233,0.9956,1.8305,528.0,25.3524,0.6284,0.7718,257,588,533,829,171.8463
12,239.9261,2,661.2144,604.034,13962.0,2306.0,193.8328,0.9978,2.3798,499.0,31.4313,0.5192,0.6835,588,915,533,829,171.8463
12,239.9261,3,987.2416,592.9214,8809.0,814.0,138.2464,0.8836,2.0033,513.0,21.4303,0.5628,0.7202,915,1251,533,829,171.8463
12,239.9261,4,1352.1586,575.0237,8273.0,1023.0,115.5612,0.9782,1.3861,508.0,25.7951,0.5386,0.7001,1251,1582,533,829,171.8463
12,240.3267,1,497.8361,615.0706,9599.0,83.0,140.3526,0.9997,1.9007,529.0,19.5669,0.7484,0.8561,257,588,533,829,171.8463
12,240.3267,2,653.2554,632.3219,11434.0,41.0,158.329,0.9951,1.8998,532.0,25.3067,0.4679,0.6375,588,915,533,829,171.8463
12,240.3267,3,985.1954,572.3022,7164.0,808.0,123.5356,0.8961,1.711,511.0,25.8419,0.5949,0.746,915,1251,533,829,171.8463
12,240.3267,4,1364.8862,568.0102,9770.0,1684.0,133.9685,0.8778,1.4379,501.0,27.1399,0.5894,0.7417,1251,1582,533,829,171.8463
12,240.7272,1,495.8974,616.6352,10273.0,178.0,145.6523,0.9928,1.9565,526.0,22.2353,0.6764,0.807,257,588,533,829,171.8463
12,240.7272,2,643.5615,618.5472,12000.0,349.0,181.4059,0.9894,2.2173,527.0,24.7807,0.6076,0.7559,588,915,533,829,171.8463
12,240.7272,3,991.775,571.7388,6773.0,625.0,112.7117,0.9425,1.4857,516.0,21.6125,0.7402,0.8507,915,1251,533,829,171.8463
12,240.7272,4,1385.8405,593.6472,12452.0,1561.0,186.7611,0.8779,2.3499,502.0,45.2848,0.3415,0.5091,1251,1582,533,829,171.8463
12,241.1278,1,492.9543,605.1239,10228.0,289.0,160.0805,0.9956,2.0327,526.0,22.3963,0.6877,0.815,257,588,533,829,171.8463
12,241.1278,2,668.8372,585.3641,11379.0,977.0,192.7147,0.7121,2.5016,512.0,36.358,0.4294,0.6008,588,915,533,829,171.8463
12,241.1278,3,1006.6634,569.0146,6703.0,740.0,106.263,0.9899,1.3426,515.0,25.3452,0.5774,0.7321,915,1251,533,829,171.8463
12,241.1278,4,1395.5748,614.7042,11925.0,427.0,169.8613,0.9417,1.9549,516.0,36.8805,0.5025,0.6689,1251,1582,533,829,171.8463
12,241.5283,1,477.6642,585.0184,9190.0,356.0,127.788,0.7566,1.4513,524.0,35.0314,0.5064,0.6724,257,588,533,829,171.8463
12,241.5283,2,712.8308,577.3857,11491.0,1088.0,191.6691,0.5807,2.5129,510.0,50.5132,0.3396,0.507,588,915,533,829,171.8463
12,241.5283,3,1032.3592,573.3889,8790.0,1007.0,135.028,0.8358,1.6423,512.0,39.4141,0.416,0.5876,915,1251,533,829,171.8463
12,241.5283,4,1405.4412,604.2607,11632.0,769.0,167.0945,0.998,1.8723,509.0,32.6152,0.6004,0.7504,1251,1582,533,829,171.8463
12,241.9289,1,472.1052,606.086,10729.0,94.0,137.983,0.8765,1.5728,529.0,32.6632,0.5434,0.7042,257,588,533,829,171.8463
12,241.9289,2,752.3029,590.5474,13424.0,1289.0,182.5491,0.7604,2.1636,509.0,60.6213,0.2739,0.43,588,915,533,829,171.8463
12,241.9289,3,1054.2828,584.0655,11335.0,1172.0,149.8038,0.7626,1.7312,511.0,40.4066,0.4346,0.6059,915,1251,533,829,171.8463
12,241.9289,4,1407.182,608.0046,12475.0,561.0,170.4654,0.8448,1.9899,521.0,31.5855,0.5787,0.7331,1251,1582,533,829,171.8463
12,242.3294,1,460.0036,612.6079,11061.0,52.0,148.3682,0.8913,1.7952,530.0,29.4502,0.5928,0.7444,257,588,533,829,171.8463
12,242.3294,2,784.4849,611.7199,13220.0,776.0,194.8382,0.8955,2.4784,513.0,64.402,0.2724,0.4282,588,915,533,829,171.8463
12,242.3294,3,1074.7687,585.2023,11770.0,1107.0,162.7699,0.6609,2.0518,512.0,34.8012,0.5565,0.7151,915,1251,533,829,171.8463
12,242.3294,4,1401.7346,588.8087,12381.0,1626.0,182.7761,0.7409,2.3945,503.0,31.6468,0.5634,0.7207,1251,1582,533,829,171.8463
12,242.73,1,451.0378,606.2103,11226.0,183.0,144.6351,0.9257,1.6366,526.0,26.4722,0.6381,0.7791,257,588,533,829,171.8463
12,242.73,2,794.9834,630.6762,13757.0,325.0,207.5133,0.91,2.6794,523.0,40.7374,0.5135,0.6786,588,915,533,829,171.8463
12,242.73,3,1095.2579,588.1636,11836.0,994.0,167.7412,0.6724,2.1369,515.0,39.1431,0.4629,0.6329,915,1251,533,829,171.8463
12,242.73,4,1375.365,579.9188,10339.0,1182.0,134.88,0.6854,1.57,509.0,40.6973,0.4395,0.6107,1251,1582,533,829,171.8463
12,243.1305,1,442.5859,619.7666,12263.0,48.0,150.3255,0.9607,1.6535,530.0,22.5993,0.684,0.8124,257,588,533,829,171.8463
12,243.1305,2,798.9812,619.0616,13345.0,607.0,202.2372,0.8039,2.6869,517.0,29.4421,0.6289,0.7722,588,915,533,829,171.8463
12,243.1305,3,1116.1591,592.2302,12376.0,1042.0,170.4125,0.7306,2.0255,513.0,41.0485,0.489,0.6568,915,1251,533,829,171.8463
12,243.1305,4,1359.1622,581.0832,9833.0,1456.0,132.4972,0.7329,1.6478,504.0,35.4773,0.5002,0.6669,1251,1582,533,829,171.8463
12,243.531,1,436.8285,619.7618,12569.0,40.0,146.0574,0.9699,1.598,530.0,20.1238,0.7439,0.8532,257,588,533,829,171.8463
12,243.531,2,813.1811,596.5229,15007.0,2395.0,214.799,0.902,2.636,488.0,38.4354,0.5425,0.7034,588,915,533,829,171.8463
12,243.531,3,1137.8357,602.5401,13241.0,1028.0,156.7104,0.8602,1.7402,510.0,38.9583,0.4155,0.5871,915,1251,533,829,171.8463
12,243.531,4,1334.5017,578.9924,9159.0,1292.0,134.5018,0.954,1.7143,502.0,36.8691,0.4193,0.5909,1251,1582,533,829,171.8463
12,243.9316,1,438.1199,606.242,10595.0,361.0,139.2804,0.9849,1.6533,523.0,31.5188,0.5601,0.718,257,588,533,829,171.8463
12,243.9316,2,817.0228,623.2617,13174.0,220.0,187.3309,0.755,2.3451,525.0,48.6088,0.452,0.6226,588,915,533,829,171.8463
12,243.9316,3,1157.1309,596.1059,11184.0,952.0,129.4784,0.971,1.3948,514.0,31.6209,0.5,0.6667,915,1251,533,829,171.8463
12,243.9316,4,1321.2942,575.2113,8121.0,960.0,126.4157,0.9763,1.5934,517.0,27.7971,0.5743,0.7296,1251,1582,533,829,171.8463
12,244.3321,1,429.8256,624.0362,12793.0,237.0,160.5469,0.9597,1.8837,526.0,27.0971,0.6313,0.774,257,588,533,829,171.8463
12,244.3321,2,833.0001,629.2514,13245.0,398.0,180.4769,0.864,2.2587,531.0,38.4538,0.4916,0.6591,588,915,533,829,171.8463
12,244.3321,3,1144.1506,589.9373,10537.0,1225.0,125.5615,0.9134,1.4532,510.0,32.6317,0.4885,0.6563,915,1251,533,829,171.8463
12,244.3321,4,1336.5697,570.814,10645.0,1511.0,153.9798,0.576,1.764,507.0,27.6554,0.6094,0.7573,1251,1582,533,829,171.8463
12,244.7327,1,430.0091,622.9801,12128.0,118.0,159.9133,0.9377,1.9462,528.0,22.6532,0.6755,0.8063,257,588,533,829,171.8463
12,244.7327,2,846.0909,607.0221,12903.0,815.0,154.5789,0.9984,1.6806,523.0,41.1818,0.479,0.6477,588,915,533,829,171.8463
12,244.7327,3,1115.498,567.1311,9443.0,1270.0,151.3597,0.5435,2.0286,513.0,44.0604,0.3487,0.5171,915,1251,533,829,171.8463
12,244.7327,4,1353.6583,569.3668,11984.0,1370.0,164.1453,0.4403,1.7733,509.0,28.4411,0.6237,0.7682,1251,1582,533,829,171.8463
12,245.1332,1,437.7965,619.1554,12552.0,339.0,175.0514,0.8332,2.268,525.0,27.9707,0.6099,0.7577,257,588,533,829,171.8463
12,245.1332,2,831.9808,586.1804,12681.0,1017.0,165.5273,0.6947,1.6946,509.0,37.5849,0.536,0.6979,588,915,533,829,171.8463
12,245.1332,3,1083.3372,576.4547,11861.0,1573.0,172.641,0.58,2.1791,510.0,51.1079,0.3545,0.5235,915,1251,533,829,171.8463
12,245.1332,4,1372.393,584.3981,13072.0,855.0,136.9283,0.4555,1.2474,511.0,28.8964,0.5568,0.7153,1251,1582,533,829,171.8463
12,245.5338,1,455.7035,613.0378,12802.0,570.0,175.9457,0.8035,2.2348,521.0,36.5564,0.4961,0.6632,257,588,533,829,171.8463
12,245.5338,2,805.0299,581.0842,13544.0,952.0,206.6663,0.5445,2.4176,510.0,40.7749,0.451,0.6216,588,915,533,829,171.8463
12,245.5338,3,1065.4323,583.3475,11979.0,899.0,175.8761,0.5552,2.2356,517.0,43.827,0.4266,0.5981,915,1251,533,829,171.8463
12,245.5338,4,1378.6165,590.104,12374.0,712.0,121.4637,0.7292,1.0361,512.0,22.2117,0.663,0.7974,1251,1582,533,829,171.8463
12,245.9343,1,464.8364,623.3285,13572.0,355.0,177.8627,0.8759,2.1469,524.0,32.9186,0.5556,0.7143,257,588,533,829,171.8463
12,245.9343,2,758.7717,582.287,15341.0,1434.0,200.0384,0.5231,2.2883,508.0,51.2482,0.3376,0.5048,588,915,533,829,171.8463
12,245.9343,3,1050.0183,580.0316,11979.0,976.0,178.4451,0.5359,2.2773,513.0,28.6688,0.6494,0.7875,915,1251,533,829,171.8463
12,245.9343,4,1379.4515,592.5833,12678.0,885.0,124.9418,1.0,1.0748,511.0,14.6887,0.7856,0.8799,1251,1582,533,829,171.8463
12,246.3349,1,473.2572,624.4555,12613.0,175.0,182.1343,0.8234,2.3912,527.0,28.0134,0.6532,0.7902,257,588,533,829,171.8463
12,246.3349,2,717.8827,580.2176,15087.0,1098.0,209.7675,0.4497,2.4952,510.0,45.1131,0.3997,0.5711,588,915,533,829,171.8463
12,246.3349,3,1029.865,582.0964,11556.0,1411.0,158.3189,0.8122,1.9704,496.0,41.2686,0.4626,0.6326,915,1251,533,829,171.8463
12,246.3349,4,1374.3087,590.6035,12907.0,1054.0,135.5399,0.7394,1.2546,509.0,20.1987,0.6766,0.8071,1251,1582,533,829,171.8463
12,246.7354,1,479.2393,615.2958,12112.0,519.0,182.3055,0.8811,2.4555,519.0,27.5928,0.6615,0.7963,257,588,533,829,171.8463
12,246.7354,2,687.6578,594.0059,13993.0,863.0,180.9105,0.6172,2.0484,513.0,46.3271,0.3657,0.5356,588,915,533,829,171.8463
12,246.7354,3,1021.9479,601.151,11725.0,896.0,161.5995,0.9025,2.0892,507.0,32.5935,0.4815,0.6501,915,1251,533,829,171.8463
12,246.7354,4,1371.0786,589.654,13328.0,982.0,146.6542,0.64,1.4028,511.0,17.3834,0.7263,0.8415,1251,1582,533,829,171.8463
12,247.1359,1,488.4407,617.0475,11336.0,242.0,186.1773,0.8473,2.7858,526.0,32.7794,0.6087,0.7567,257,588,533,829,171.8463
12,247.1359,2,680.2278,610.8687,13484.0,718.0,172.0039,0.7985,2.1502,516.0,33.7657,0.4709,0.6403,588,915,533,829,171.8463
12,247.1359,3,1012.0779,606.7686,11494.0,915.0,189.7081,0.8377,2.7413,512.0,27.3928,0.5921,0.7438,915,1251,533,829,171.8463
12,247.1359,4,1367.9002,587.8237,14900.0,1659.0,158.3147,0.8304,1.4193,495.0,21.258,0.674,0.8052,1251,1582,533,829,171.8463
12,247.5365,1,492.9735,622.334,11566.0,299.0,178.4899,0.8305,2.5649,525.0,25.7054,0.65,0.7879,257,588,533,829,171.8463
12,247.5365,2,669.3505,614.854,12774.0,627.0,178.2764,0.8214,2.3286,518.0,20.6618,0.6372,0.7784,588,915,533,829,171.8463
12,247.5365,3,1007.275,602.2155,11293.0,1072.0,183.504,0.7636,2.7159,509.0,24.5182,0.6499,0.7878,915,1251,533,829,171.8463
12,247.5365,4,1371.8191,597.9364,18979.0,2387.0,221.9178,0.6809,2.2694,506.0,31.743,0.4856,0.6537,1251,1582,533,829,171.8463
12,247.937,1,495.8428,629.3724,11249.0,181.0,177.4217,0.8512,2.7377,527.0,27.5,0.6429,0.7826,257,588,533,829,171.8463
12,247.937,2,676.4073,614.2042,12402.0,632.0,174.4165,0.8357,2.289,518.0,22.1139,0.6759,0.8066,588,915,533,829,171.8463
12,247.937,3,996.7128,593.0637,11953.0,1878.0,167.7184,0.9139,2.1492,494.0,33.7587,0.5083,0.674,915,1251,533,829,171.8463
12,247.937,4,1390.7877,598.0488,14994.0,813.0,165.5429,0.7032,1.4947,516.0,35.3031,0.459,0.6292,1251,1582,533,829,171.8463
12,248.3376,1,501.2801,623.6293,10691.0,84.0,185.0344,0.8437,2.8599,530.0,23.6223,0.6787,0.8086,257,588,533,829,171.8463
12,248.3376,2,686.357,612.1479,12661.0,531.0,171.3823,0.8833,2.0849,518.0,28.6254,0.5791,0.7334,588,915,533,829,171.8463
12,248.3376,3,991.9247,595.306,9702.0,644.0,136.7586,0.8456,1.7691,514.0,28.6862,0.5927,0.7443,915,1251,533,829,171.8463
12,248.3376,4,1389.6661,607.0886,15721.0,895.0,156.3962,0.9757,1.3274,510.0,29.7745,0.5678,0.7243,1251,1582,533,829,171.8463
12,248.7381,1,501.3316,621.1534,10483.0,249.0,181.3873,0.8557,2.9046,526.0,16.9216,0.8074,0.8935,257,588,533,829,171.8463
12,248.7381,2,683.5553,603.2508,11738.0,595.0,151.0208,0.9635,1.7306,516.0,34.295,0.5666,0.7234,588,915,533,829,171.8463
12,248.7381,3,980.7362,589.4587,9013.0,836.0,120.6799,0.9961,1.4283,512.0,30.4783,0.5606,0.7185,915,1251,533,829,171.8463
12,248.7381,4,1393.3129,592.074,15248.0,1750.0,184.7577,0.6446,2.0707,507.0,33.6086,0.4479,0.6187,1251,1582,533,829,171.8463
12,249.1387,1,500.5005,618.7234,10602.0,224.0,175.0263,0.8424,2.6722,526.0,20.777,0.7232,0.8394,257,588,533,829,171.8463
12,249.1387,2,697.0663,604.5531,10805.0,431.0,141.5182,0.9963,1.6206,519.0,23.299,0.6282,0.7717,588,915,533,829,171.8463
12,249.1387,3,978.8625,585.319,9612.0,949.0,126.4619,0.9518,1.3588,509.0,19.473,0.7293,0.8435,915,1251,533,829,171.8463
12,249.1387,4,1395.387,581.124,13004.0,1552.0,167.3152,0.3901,2.186,511.0,30.7485,0.4701,0.6395,1251,1582,533,829,171.8463
12,249.5392,1,497.3589,610.8467,9353.0,322.0,148.7266,0.9269,2.322,522.0,30.5667,0.5689,0.7252,257,588,533,829,171.8463
12,249.5392,2,708.6125,603.7222,11598.0,770.0,152.4708,0.9985,1.7809,514.0,25.5439,0.5904,0.7425,588,915,533,829,171.8463
12,249.5392,3,992.4865,584.3395,12183.0,1127.0,150.6253,0.6044,1.5597,508.0,33.0822,0.4991,0.6658,915,1251,533,829,171.8463
12,249.5392,4,1359.3558,580.518,9511.0,843.0,124.0794,0.6085,1.5854,513.0,33.8815,0.3892,0.5603,1251,1582,533,829,171.8463
12,249.9398,1,510.8816,597.6126,7489.0,313.0,118.4391,0.9976,1.7529,524.0,34.2397,0.4897,0.6574,257,588,533,829,171.8463
12,249.9398,2,721.8162,610.2039,12036.0,492.0,169.7136,0.9801,2.0541,518.0,30.1292,0.5953,0.7463,588,915,533,829,171.8463
12,249.9398,3,1025.9929,579.7281,12030.0,873.0,147.8831,0.5496,1.5317,512.0,37.3872,0.4236,0.5951,915,1251,533,829,171.8463
12,249.9398,4,1321.2512,567.8977,5804.0,677.0,107.4218,0.9278,1.6204,512.0,29.4177,0.48,0.6486,1251,1582,533,829,171.8463
12,250.3403,1,504.3433,589.7387,8089.0,290.0,128.1374,0.963,1.7148,525.0,25.5128,0.6019,0.7514,257,588,533,829,171.8463
12,250.3403,2,730.9148,620.7616,12859.0,436.0,186.0606,0.9866,2.2574,519.0,26.3596,0.6542,0.7909,588,915,533,829,171.8463
12,250.3403,3,1053.3512,589.1505,13245.0,710.0,165.4402,0.5345,1.824,517.0,37.5799,0.4249,0.5964,915,1251,533,829,171.8463
12,250.3403,4,1318.07,572.5635,5256.0,561.0,106.1077,0.9778,1.7519,514.0,16.7992,0.7572,0.8618,1251,1582,533,829,171.8463
12,250.7408,1,492.5156,600.1164,9379.0,133.0,131.3458,0.9989,1.5937,528.0,29.6889,0.6086,0.7567,257,588,533,829,171.8463
12,250.7408,2,735.7758,624.6205,12855.0,341.0,170.9309,0.9873,2.0446,521.0,28.8853,0.6139,0.7608,588,915,533,829,171.8463
12,250.7408,3,1084.0172,586.8464,14040.0,1047.0,165.5898,0.5499,1.7517,512.0,33.3779,0.4625,0.6324,915,1251,533,829,171.8463
12,250.7408,4,1318.0936,569.9069,5628.0,660.0,109.6854,0.9995,1.6994,515.0,19.2634,0.6988,0.8227,1251,1582,533,829,171.8463
12,251.1414,1,486.702,611.1121,10522.0,187.0,142.1352,0.9858,1.7455,527.0,23.2774,0.6803,0.8097,257,588,533,829,171.8463
12,251.1414,2,740.628,623.2166,13082.0,471.0,168.7545,0.976,1.9993,519.0,28.7589,0.6085,0.7566,588,915,533,829,171.8463
12,251.1414,3,1111.3973,586.6443,14733.0,1175.0,171.6321,0.5276,1.7441,512.0,31.4919,0.4897,0.6574,915,1251,533,829,171.8463
12,251.1414,4,1329.1895,566.5749,7721.0,994.0,119.1476,0.8268,1.4455,512.0,27.5526,0.5979,0.7484,1251,1582,533,829,171.8463
12,251.5419,1,478.2407,593.9218,10328.0,452.0,138.4707,0.8027,1.5917,523.0,31.7724,0.546,0.7064,257,588,533,829,171.8463
12,251.5419,2,750.2804,608.9525,14391.0,988.0,191.4211,0.7977,2.2837,514.0,34.339,0.5642,0.7214,588,915,533,829,171.8463
12,251.5419,3,1126.9992,589.2646,14812.0,1345.0,170.2166,0.5462,1.7339,509.0,24.5852,0.5862,0.7391,915,1251,533,829,171.8463
12,251.5419,4,1347.1558,569.2695,10062.0,1130.0,147.0528,0.5934,1.6687,511.0,34.0215,0.5889,0.7413,1251,1582,533,829,171.8463
12,251.9425,1,468.5484,606.6686,10786.0,111.0,135.5371,0.9462,1.5165,529.0,30.915,0.5504,0.7101,257,588,533,829,171.8463
12,251.9425,2,768.6251,594.662,13670.0,1115.0,187.5334,0.6931,2.3029,511.0,38.4979,0.5036,0.6699,588,915,533,829,171.8463
12,251.9425,3,1134.7181,590.4214,14257.0,1133.0,162.404,0.5834,1.6777,513.0,21.6713,0.6457,0.7847,915,1251,533,829,171.8463
12,251.9425,4,1357.765,579.9196,11809.0,904.0,161.1009,0.5482,1.8286,515.0,27.2413,0.6386,0.7795,1251,1582,533,829,171.8463
12,252.343,1,459.2871,612.28,11198.0,79.0,143.8913,0.912,1.6692,529.0,23.6795,0.6508,0.7885,257,588,533,829,171.8463
12,252.343,2,800.0335,598.0582,13087.0,986.0,180.3368,0.7696,2.1956,513.0,54.9242,0.3682,0.5383,588,915,533,829,171.8463
12,252.343,3,1145.52,593.4386,13457.0,1182.0,151.0469,0.698,1.5452,512.0,22.1775,0.6207,0.766,915,1251,533,829,171.8463
12,252.343,4,1368.8149,573.4053,11276.0,1161.0,159.634,0.6108,1.76,511.0,17.7658,0.7632,0.8657,1251,1582,533,829,171.8463
12,252.7436,1,453.3603,607.4828,11912.0,516.0,150.3599,0.8468,1.7469,521.0,26.5388,0.6256,0.7697,257,588,533,829,171.8463
12,252.7436,2,818.7441,613.7176,12768.0,768.0,186.3696,0.848,2.4242,516.0,50.9016,0.4041,0.5756,588,915,533,829,171.8463
12,252.7436,3,1155.521,587.9192,11468.0,1019.0,146.1063,0.7421,1.6687,512.0,25.9405,0.6099,0.7577,915,1251,533,829,171.8463
12,252.7436,4,1362.5553,579.5962,12639.0,1039.0,171.7744,0.557,1.9387,512.0,15.5776,0.7927,0.8844,1251,1582,533,829,171.8463
12,253.1441,1,447.1552,610.7445,12767.0,192.0,164.2648,0.8157,1.9171,527.0,27.6642,0.6663,0.7997,257,588,533,829,171.8463
12,253.1441,2,832.1676,608.7561,12235.0,841.0,174.0619,0.8559,2.2671,514.0,29.976,0.6149,0.7615,588,915,533,829,171.8463
12,253.1441,3,1165.5575,598.0865,10835.0,999.0,142.9814,0.8982,1.7735,512.0,24.1394,0.5877,0.7403,915,1251,533,829,171.8463
12,253.1441,4,1359.2164,579.6732,12728.0,912.0,158.6766,0.4911,1.6358,512.0,20.5853,0.6999,0.8234,1251,1582,533,829,171.8463
12,253.5447,1,440.4119,611.9619,12934.0,121.0,159.1443,0.8343,1.7542,528.0,23.8476,0.6678,0.8008,257,588,533,829,171.8463
12,253.5447,2,835.821,606.7586,12198.0,842.0,172.2574,0.886,2.1602,512.0,22.8844,0.718,0.8358,588,915,533,829,171.8463
12,253.5447,3,1173.723,597.7965,11096.0,984.0,128.7789,0.9911,1.4161,513.0,25.3441,0.6067,0.7552,915,1251,533,829,171.8463
12,253.5447,4,1350.4402,584.0128,11545.0,955.0,124.6645,0.384,1.1791,509.0,27.4677,0.5812,0.7351,1251,1582,533,829,171.8463
12,253.9452,1,440.6255,618.31,12295.0,64.0,156.0589,0.8947,1.8005,529.0,23.8607,0.6668,0.8001,257,588,533,829,171.8463
12,253.9452,2,834.5632,609.0752,12595.0,831.0,164.5116,0.877,1.977,512.0,20.5842,0.7413,0.8515,588,915,533,829,171.8463
12,253.9452,3,1172.0377,595.3176,10590.0,1001.0,140.0831,0.9877,1.6422,511.0,21.3518,0.6563,0.7925,915,1251,533,829,171.8463
12,253.9452,4,1346.3135,584.6661,15450.0,2615.0,168.6312,0.9654,1.479,483.0,28.265,0.532,0.6945,1251,1582,533,829,171.8463
12,254.3457,1,440.5646,617.9449,12286.0,54.0,157.1801,0.9155,1.7984,530.0,17.5736,0.7851,0.8796,257,588,533,829,171.8463
12,254.3457,2,842.6776,598.4196,12199.0,874.0,147.1469,0.9635,1.5404,510.0,29.922,0.6027,0.7521,588,915,533,829,171.8463
12,254.3457,3,1163.3582,592.7292,10143.0,948.0,128.3782,0.9691,1.4928,513.0,20.4247,0.694,0.8194,915,1251,533,829,171.8463
12,254.3457,4,1337.3501,620.724,14411.0,203.0,159.6657,0.9943,1.5137,528.0,35.4906,0.5379,0.6995,1251,1582,533,829,171.8463
12,254.7463,1,440.4503,613.594,11920.0,95.0,155.1828,0.9512,1.7129,528.0,21.1033,0.7636,0.866,257,588,533,829,171.8463
12,254.7463,2,841.8589,603.2834,13618.0,714.0,150.254,0.9978,1.3736,514.0,25.8694,0.6894,0.8161,588,915,533,829,171.8463
12,254.7463,3,1154.186,585.3229,10035.0,1033.0,132.4296,0.9137,1.5692,512.0,25.5033,0.6049,0.7538,915,1251,533,829,171.8463
12,254.7463,4,1339.5271,622.9125,14840.0,400.0,180.0487,0.9111,1.8845,525.0,27.6508,0.6452,0.7843,1251,1582,533,829,171.8463
12,255.1468,1,426.8278,619.8843,12508.0,213.0,156.6792,0.9463,1.7983,527.0,33.9699,0.5356,0.6976,257,588,533,829,171.8463
12,255.1468,2,826.1658,587.9339,13501.0,1047.0,164.5012,0.7437,1.6021,509.0,34.8822,0.4865,0.6546,588,915,533,829,171.8463
12,255.1468,3,1129.8596,585.9726,11712.0,1190.0,146.1539,0.7739,1.6501,513.0,39.8982,0.4295,0.6009,915,1251,533,829,171.8463
12,255.1468,4,1344.9004,593.5292,14567.0,1363.0,185.1551,0.7008,1.9779,505.0,33.4586,0.536,0.6979,1251,1582,533,829,171.8463
12,255.5474,1,434.2146,617.5716,12626.0,220.0,175.9815,0.8016,2.2166,527.0,30.3058,0.5996,0.7497,257,588,533,829,171.8463
12,255.5474,2,786.9149,585.589,14700.0,1128.0,210.4144,0.4902,2.5782,510.0,46.01,0.373,0.5433,588,915,533,829,171.8463
12,255.5474,3,1107.0149,591.6935,11627.0,1046.0,161.6591,0.745,1.9603,514.0,44.4753,0.3701,0.5402,915,1251,533,829,171.8463
12,255.5474,4,1348.6174,585.7327,13824.0,1117.0,182.5015,0.565,1.9819,510.0,17.7935,0.7456,0.8543,1251,1582,533,829,171.8463
12,255.9479,1,446.7553,606.8432,12740.0,633.0,179.5213,0.7713,2.2887,520.0,29.5329,0.6258,0.7698,257,588,533,829,171.8463
12,255.9479,2,728.2541,586.3329,16333.0,875.0,207.1319,0.4674,2.1967,514.0,54.5414,0.2813,0.4391,588,915,533,829,171.8463
12,255.9479,3,1077.7672,594.9481,12267.0,963.0,161.0712,0.7454,1.9357,515.0,46.9309,0.339,0.5063,915,1251,533,829,171.8463
12,255.9479,4,1359.1458,573.5524,14139.0,1728.0,204.5943,0.5209,2.3146,505.0,18.022,0.7611,0.8644,1251,1582,533,829,171.8463
12,256.3485,1,459.4738,615.2282,12693.0,138.0,179.0793,0.7872,2.2523,528.0,39.6663,0.5023,0.6687,257,588,533,829,171.8463
12,256.3485,2,703.7358,601.0692,16160.0,695.0,201.1656,0.5654,2.1632,517.0,39.9631,0.4374,0.6086,588,915,533,829,171.8463
12,256.3485,3,1053.463,587.6462,12343.0,1422.0,174.254,0.6756,2.1804,510.0,36.0055,0.4722,0.6414,915,1251,533,829,171.8463
12,256.3485,4,1398.626,560.8254,13584.0,2503.0,246.3088,0.3571,3.4871,502.0,31.8403,0.5351,0.6972,1251,1582,533,829,171.8463
12,256.749,1,470.2252,623.7872,12745.0,134.0,181.3486,0.8298,2.3762,528.0,35.4669,0.5712,0.7271,257,588,533,829,171.8463
12,256.749,2,692.7383,605.8648,15397.0,615.0,195.1826,0.6183,2.2058,518.0,26.3693,0.6316,0.7742,588,915,533,829,171.8463
12,256.749,3,1036.8814,591.4004,12071.0,719.0,164.5703,0.5931,2.1046,518.0,40.3703,0.4172,0.5888,915,1251,533,829,171.8463
12,256.749,4,1462.7938,566.6629,13683.0,1823.0,216.4059,0.3033,2.9106,505.0,51.5737,0.2495,0.3994,1251,1582,533,829,171.8463
12,257.1496,1,480.8994,628.885,12457.0,217.0,193.455,0.8719,2.7406,526.0,33.9717,0.563,0.7204,257,588,533,829,171.8463
12,257.1496,2,682.7901,601.4308,14114.0,656.0,189.3786,0.6879,2.2023,518.0,19.9831,0.7236,0.8396,588,915,533,829,171.8463
12,257.1496,3,1012.0336,594.6793,11240.0,849.0,157.2282,0.7772,2.0234,512.0,41.0774,0.4142,0.5857,915,1251,533,829,171.8463
12,257.1496,4,1507.7855,577.6799,7651.0,942.0,107.7434,0.9148,1.5447,511.0,44.0482,0.2371,0.3833,1251,1582,533,829,171.8463
12,257.5501,1,491.9751,620.9557,11585.0,240.0,184.8454,0.8582,2.6823,526.0,26.5661,0.6458,0.7848,257,588,533,829,171.8463
12,257.5501,2,677.9672,609.9037,14473.0,777.0,187.038,0.7769,2.1224,513.0,24.0426,0.6378,0.7789,588,915,533,829,171.8463
12,257.5501,3,999.0488,599.6199,10778.0,763.0,149.6343,0.8958,1.9405,511.0,30.1326,0.525,0.6885,915,1251,533,829,171.8463
12,257.5501,4,1527.8848,584.3363,8403.0,1037.0,130.0994,0.9704,1.75,512.0,26.2494,0.4941,0.6614,1251,1582,533,829,171.8463
12,257.9506,1,491.2343,613.9209,11607.0,506.0,182.8425,0.8189,2.5759,522.0,23.7864,0.6828,0.8115,257,588,533,829,171.8463
12,257.9506,2,674.598,610.3804,13847.0,852.0,180.8766,0.8319,2.0272,507.0,20.5167,0.7191,0.8366,588,915,533,829,171.8463
12,257.9506,3,995.1481,608.7057,10248.0,493.0,139.3447,0.9349,1.8397,518.0,22.3624,0.6236,0.7682,915,1251,533,829,171.8463
12,257.9506,4,1523.0064,579.2578,8864.0,1034.0,110.8724,0.9787,1.2561,511.0,25.6137,0.5635,0.7208,1251,1582,533,829,171.8463
12,258.3512,1,490.961,609.4868,11361.0,442.0,173.6181,0.7718,2.4052,523.0,22.8183,0.7372,0.8487,257,588,533,829,171.8463
12,258.3512,2,664.5631,611.9708,12917.0,696.0,172.3598,0.799,2.1291,530.0,30.5279,0.6202,0.7656,588,915,533,829,171.8463
12,258.3512,3,998.1584,590.2065,9629.0,931.0,132.0247,0.9822,1.604,514.0,29.3488,0.4687,0.6382,915,1251,533,829,171.8463
12,258.3512,4,1500.4341,577.1255,11127.0,1133.0,152.2483,0.6984,1.7214,511.0,44.511,0.4229,0.5945,1251,1582,533,829,171.8463
12,258.7517,1,495.7441,610.5004,10985.0,402.0,170.7686,0.7859,2.4337,523.0,28.6819,0.6657,0.7993,257,588,533,829,171.8463
12,258.7517,2,661.9204,623.7132,12376.0,490.0,180.9645,0.8406,2.398,518.0,25.9295,0.6423,0.7822,588,915,533,829,171.8463
12,258.7517,3,1036.4503,570.9564,9904.0,1086.0,168.2516,0.5869,2.2345,513.0,38.9268,0.3621,0.5317,915,1251,533,829,171.8463
12,258.7517,4,1490.3866,581.4733,12232.0,1700.0,154.3563,0.7045,1.7254,506.0,25.9836,0.69,0.8166,1251,1582,533,829,171.8463
12,259.1523,1,501.8104,621.3394,10847.0,132.0,174.6086,0.8431,2.5758,528.0,37.3308,0.5331,0.6955,257,588,533,829,171.8463
12,259.1523,2,660.2681,629.1538,12266.0,532.0,173.3058,0.8691,2.3714,533.0,22.5507,0.6763,0.8069,588,915,533,829,171.8463
12,259.1523,3,1079.3751,575.8083,11935.0,1069.0,190.205,0.4989,2.5211,514.0,58.1888,0.2992,0.4606,915,1251,533,829,171.8463
12,259.1523,4,1498.0722,584.4905,12300.0,1558.0,142.6788,0.7846,1.4588,506.0,25.5453,0.6414,0.7815,1251,1582,533,829,171.8463
12,259.5528,1,507.2694,617.355,10448.0,268.0,173.1381,0.8563,2.6108,524.0,16.9463,0.7811,0.8771,257,588,533,829,171.8463
12,259.5528,2,657.4056,614.7608,13656.0,1997.0,228.9332,0.958,3.3863,498.0,29.5351,0.5514,0.7108,588,915,533,829,171.8463
12,259.5528,3,1111.2675,581.8265,11927.0,1245.0,169.0377,0.6129,2.1466,512.0,46.1158,0.3994,0.5708,915,1251,533,829,171.8463
12,259.5528,4,1501.0445,582.2847,11551.0,1399.0,132.4575,0.7603,1.3373,507.0,27.0713,0.6359,0.7774,1251,1582,533,829,171.8463
12,259.9534,1,509.7871,620.024,10360.0,288.0,172.5246,0.8512,2.6849,524.0,20.5274,0.719,0.8365,257,588,533,829,171.8463
12,259.9534,2,661.8573,637.9556,12759.0,109.0,191.1715,0.894,2.607,529.0,30.3257,0.5294,0.6923,588,915,533,829,171.8463
12,259.9534,3,1119.1006,586.2451,12396.0,920.0,172.5262,0.601,2.1091,516.0,26.3627,0.6779,0.808,915,1251,533,829,171.8463
12,259.9534,4,1510.6764,588.225,12662.0,1312.0,138.3852,0.9173,1.3064,508.0,26.5701,0.6438,0.7833,1251,1582,533,829,171.8463
12,260.3539,1,510.0778,624.8212,10935.0,128.0,175.5853,0.8663,2.6287,528.0,21.8163,0.6865,0.8141,257,588,533,829,171.8463
12,260.3539,2,662.2562,640.0377,14946.0,292.0,190.1134,0.9978,2.0933,525.0,32.6791,0.4812,0.6498,588,915,533,829,171.8463
12,260.3539,3,1125.4519,586.5598,12260.0,856.0,176.5199,0.5807,2.2757,516.0,22.4293,0.7668,0.868,915,1251,533,829,171.8463
12,260.3539,4,1505.4949,600.6069,14828.0,1413.0,146.4558,0.8652,1.3372,507.0,18.5279,0.7404,0.8509,1251,1582,533,829,171.8463
12,260.7545,1,505.0454,613.5137,11133.0,435.0,169.3094,0.8515,2.3387,522.0,27.1027,0.5976,0.7481,257,588,533,829,171.8463
12,260.7545,2,680.3926,613.4947,13144.0,672.0,175.9543,0.8907,2.0569,514.0,35.1101,0.3633,0.533,588,915,533,829,171.8463
12,260.7545,3,1129.4077,591.0737,12885.0,1289.0,173.8938,0.6434,2.2408,511.0,29.4204,0.6389,0.7796,915,1251,533,829,171.8463
12,260.7545,4,1496.3962,591.7156,14032.0,1437.0,170.4027,0.7026,1.8697,507.0,28.5377,0.6016,0.7512,1251,1582,533,829,171.8463
12,261.155,1,507.4526,612.0486,10510.0,265.0,168.8284,0.7921,2.4735,525.0,20.8956,0.7129,0.8324,257,588,533,829,171.8463
12,261.155,2,726.261,583.2084,13370.0,1091.0,209.8987,0.5885,2.5264,513.0,46.1683,0.3784,0.5491,588,915,533,829,171.8463
12,261.155,3,1147.9491,587.6157,12017.0,1134.0,151.001,0.7368,1.773,511.0,37.5878,0.517,0.6816,915,1251,533,829,171.8463
12,261.155,4,1490.1492,585.1791,13709.0,1515.0,178.9411,0.7232,1.9504,506.0,17.7764,0.7469,0.8551,1251,1582,533,829,171.8463
12,261.5556,1,506.4968,622.0799,10957.0,219.0,170.5502,0.8078,2.5576,525.0,21.1849,0.6995,0.8232,257,588,533,829,171.8463
12,261.5556,2,783.676,578.2673,13634.0,1475.0,205.672,0.5436,2.6008,507.0,64.2499,0.2687,0.4236,588,915,533,829,171.8463
12,261.5556,3,1158.0895,599.9606,11556.0,876.0,135.7651,0.8956,1.5509,514.0,33.3232,0.5062,0.6721,915,1251,533,829,171.8463
12,261.5556,4,1494.1886,588.8164,12948.0,1582.0,151.8423,0.7768,1.6015,509.0,20.7496,0.6693,0.8019,1251,1582,533,829,171.8463
12,261.9561,1,508.6038,609.9853,11266.0,556.0,168.2146,0.8489,2.2928,519.0,22.0968,0.6722,0.8039,257,588,533,829,171.8463
12,261.9561,2,822.7183,598.1911,12657.0,970.0,168.7635,0.8309,2.0256,513.0,66.6079,0.2249,0.3673,588,915,533,829,171.8463
12,261.9561,3,1164.6618,591.2187,11299.0,905.0,134.4598,0.8352,1.4419,513.0,26.3989,0.6238,0.7683,915,1251,533,829,171.8463
12,261.9561,4,1505.0231,586.1797,15399.0,2683.0,160.345,0.9902,1.4503,486.0,26.9201,0.5558,0.7145,1251,1582,533,829,171.8463
12,262.3566,1,510.2675,622.2657,11603.0,351.0,165.1136,0.8663,2.2041,523.0,24.3166,0.6379,0.779,257,588,533,829,171.8463
12,262.3566,2,839.0024,616.8791,11112.0,431.0,167.2298,0.9016,2.2717,521.0,44.3246,0.4588,0.629,588,915,533,829,171.8463
12,262.3566,3,1157.7399,591.6086,12012.0,951.0,140.2967,0.8188,1.4384,512.0,23.7677,0.7296,0.8436,915,1251,533,829,171.8463
12,262.3566,4,1505.4928,618.0775,13036.0,512.0,159.0196,0.8321,1.7262,524.0,36.5356,0.4617,0.6317,1251,1582,533,829,171.8463
12,262.7572,1,511.4925,614.3742,11101.0,227.0,171.038,0.8268,2.3834,525.0,21.1269,0.6945,0.8197,257,588,533,829,171.8463
12,262.7572,2,839.6783,618.3553,11371.0,520.0,170.0211,0.8752,2.3378,517.0,20.6573,0.7311,0.8446,588,915,533,829,171.8463
12,262.7572,3,1150.7239,596.1318,12514.0,812.0,134.5981,0.8794,1.2969,513.0,26.868,0.645,0.7842,915,1251,533,829,171.8463
12,262.7572,4,1516.3435,625.703,13247.0,775.0,177.134,0.9146,2.1489,521.0,26.0081,0.5869,0.7396,1251,1582,533,829,171.8463
12,263.1577,1,509.0407,612.3343,10930.0,262.0,154.4855,0.8597,1.9851,524.0,22.7845,0.6691,0.8018,257,588,533,829,171.8463
12,263.1577,2,835.8912,612.7873,11724.0,574.0,175.5281,0.8674,2.2933,519.0,23.8631,0.7039,0.8262,588,915,533,829,171.8463
12,263.1577,3,1139.3297,583.4201,12203.0,1125.0,125.553,0.3321,1.124,508.0,28.5662,0.6047,0.7537,915,1251,533,829,171.8463
12,263.1577,4,1522.6652,605.9966,13582.0,1899.0,184.4004,0.9744,2.209,494.0,27.3492,0.5895,0.7417,1251,1582,533,829,171.8463
12,263.5583,1,515.6164,607.3823,10413.0,299.0,146.2349,0.8897,1.827,522.0,20.9311,0.6954,0.8203,257,588,533,829,171.8463
12,263.5583,2,829.0247,615.1549,13407.0,804.0,175.1907,0.9067,2.1043,516.0,24.7257,0.6854,0.8133,588,915,533,829,171.8463
12,263.5583,3,1125.9369,585.1145,13556.0,1123.0,139.5303,0.7998,1.2237,505.0,27.7913,0.6072,0.7556,915,1251,533,829,171.8463
12,263.5583,4,1518.2823,606.6339,13689.0,1549.0,174.692,0.9366,1.981,493.0,23.0179,0.6526,0.7898,1251,1582,533,829,171.8463
12,263.9588,1,520.4695,601.9118,10273.0,441.0,136.3045,0.9523,1.5691,519.0,23.6456,0.6893,0.8161,257,588,533,829,171.8463
12,263.9588,2,832.4203,610.1564,13408.0,822.0,180.3275,0.8734,2.2212,515.0,22.7011,0.7003,0.8237,588,915,533,829,171.8463
12,263.9588,3,1113.5627,597.4981,14097.0,675.0,149.0281,0.7658,1.438,516.0,26.7013,0.6311,0.7738,915,1251,533,829,171.8463
12,263.9588,4,1516.1552,610.2097,12558.0,1016.0,161.469,0.9992,1.8562,505.0,27.1872,0.588,0.7406,1251,1582,533,829,171.8463
12,264.3594,1,515.1091,612.4541,11526.0,132.0,146.8647,0.8298,1.7821,541.0,25.1273,0.6421,0.7821,257,588,533,829,171.8463
12,264.3594,2,839.8023,608.942,12581.0,797.0,167.5994,0.8935,2.0643,513.0,23.7257,0.6638,0.798,588,915,533,829,171.8463
12,264.3594,3,1095.917,588.1125,14840.0,1524.0,186.0832,0.5351,2.1444,509.0,32.8913,0.4623,0.6323,915,1251,533,829,171.8463
12,264.3594,4,1510.5619,599.1784,12038.0,1158.0,162.5851,0.9651,1.931,506.0,28.3759,0.521,0.6851,1251,1582,533,829,171.8463
12,264.7599,1,507.8631,605.6466,12160.0,362.0,156.8587,0.8477,1.7109,520.0,28.1546,0.6489,0.787,257,588,533,829,171.8463
12,264.7599,2,846.6453,600.1624,11107.0,803.0,163.1089,0.9218,2.0714,512.0,25.7366,0.673,0.8045,588,915,533,829,171.8463
12,264.7599,3,1112.4131,574.4555,13519.0,1524.0,182.3963,0.371,2.2544,510.0,32.2264,0.4607,0.6308,915,1251,533,829,171.8463
12,264.7599,4,1491.4277,592.936,10941.0,671.0,144.5587,0.9665,1.6042,513.0,32.255,0.4998,0.6665,1251,1582,533,829,171.8463
12,265.1605,1,501.6702,608.2079,12710.0,242.0,147.8917,0.8265,1.4804,524.0,20.2835,0.7148,0.8337,257,588,533,829,171.8463
12,265.1605,2,845.8817,612.4506,11788.0,772.0,154.3003,0.9759,1.9065,513.0,26.5287,0.652,0.7893,588,915,533,829,171.8463
12,265.1605,3,1150.7147,581.1808,9221.0,1045.0,119.8329,0.7221,1.5023,512.0,37.6294,0.3291,0.4953,915,1251,533,829,171.8463
12,265.1605,4,1473.5529,590.2986,10298.0,683.0,134.4096,0.9659,1.4936,514.0,29.928,0.5596,0.7176,1251,1582,533,829,171.8463
12,265.561,1,500.0759,599.5217,12859.0,426.0,139.3757,0.7645,1.2432,519.0,20.9471,0.7258,0.8411,257,588,533,829,171.8463
12,265.561,2,843.789,610.5094,11902.0,766.0,162.1695,0.9281,2.0142,514.0,24.7513,0.6569,0.7929,588,915,533,829,171.8463
12,265.561,3,1188.8906,577.3069,7406.0,1205.0,108.845,0.9565,1.5418,510.0,34.3273,0.3806,0.5514,915,1251,533,829,171.8463
12,265.561,4,1465.7681,600.009,10854.0,542.0,134.7424,0.9026,1.5451,517.0,28.2218,0.5703,0.7264,1251,1582,533,829,171.8463
12,265.9615,1,495.9278,608.3319,13942.0,271.0,154.8668,0.7358,1.4708,522.0,20.1701,0.7158,0.8344,257,588,533,829,171.8463
12,265.9615,2,837.54,609.5717,12327.0,750.0,160.7666,0.8879,1.9375,515.0,26.3972,0.6696,0.8021,588,915,533,829,171.8463
12,265.9615,3,1175.7322,571.1954,7794.0,939.0,109.5051,0.9181,1.293,515.0,31.4563,0.4665,0.6362,915,1251,533,829,171.8463
12,265.9615,4,1449.6268,598.5143,11770.0,759.0,149.0342,0.8074,1.7264,516.0,29.7082,0.5638,0.7211,1251,1582,533,829,171.8463
12,266.3621,1,496.9468,610.5392,14107.0,174.0,149.2763,0.7818,1.3331,526.0,18.7665,0.7166,0.8349,257,588,533,829,171.8463
12,266.3621,2,836.1338,605.5976,12911.0,629.0,174.0699,0.8775,1.9928,516.0,23.4312,0.7113,0.8313,588,915,533,829,171.8463
12,266.3621,3,1154.58,571.3873,8342.0,766.0,120.1344,0.6541,1.4513,517.0,38.1672,0.4323,0.6036,915,1251,533,829,171.8463
12,266.3621,4,1434.5009,587.7871,13431.0,1618.0,169.3042,0.7649,1.8279,507.0,31.8265,0.5509,0.7104,1251,1582,533,829,171.8463
12,266.7626,1,487.2067,613.3347,14214.0,143.0,154.8958,0.8164,1.4727,526.0,23.7752,0.6806,0.8099,257,588,533,829,171.8463
12,266.7626,2,829.0155,603.1879,13646.0,1124.0,171.4403,0.8562,1.9239,511.0,27.5154,0.6499,0.7878,588,915,533,829,171.8463
12,266.7626,3,1126.053,574.4087,9517.0,995.0,138.0575,0.7062,1.6765,515.0,42.2793,0.4056,0.5771,915,1251,533,829,171.8463
12,266.7626,4,1421.6807,607.613,13446.0,803.0,180.0924,0.8455,2.1281,514.0,39.4165,0.4724,0.6417,1251,1582,533,829,171.8463
12,267.1632,1,473.2912,610.8786,14723.0,193.0,165.941,0.7894,1.5879,526.0,24.9992,0.6477,0.7862,257,588,533,829,171.8463
12,267.1632,2,826.274,593.7886,13080.0,1172.0,166.9046,0.8579,1.8332,511.0,19.4803,0.7629,0.8655,588,915,533,829,171.8463
12,267.1632,3,1099.3494,578.2651,11112.0,1110.0,153.1793,0.5991,1.9149,514.0,41.3466,0.42,0.5916,915,1251,533,829,171.8463
12,267.1632,4,1407.0868,619.8256,12420.0,184.0,180.9929,0.8313,2.1542,525.0,40.4702,0.4945,0.6618,1251,1582,533,829,171.8463
12,267.5637,1,473.0537,602.0622,12814.0,449.0,132.3325,0.9728,1.1825,521.0,28.3038,0.6017,0.7514,257,588,533,829,171.8463
12,267.5637,2,828.9893,602.3323,11906.0,836.0,158.1228,0.8484,1.9222,514.0,19.7528,0.7702,0.8702,588,915,533,829,171.8463
12,267.5637,3,1077.5961,581.403,10946.0,659.0,142.845,0.5808,1.7119,519.0,40.2834,0.4504,0.6211,915,1251,533,829,171.8463
12,267.5637,4,1389.6597,605.4114,12456.0,870.0,173.9236,0.9512,2.0345,510.0,37.2468,0.5544,0.7133,1251,1582,533,829,171.8463
12,267.9643,1,464.5817,597.5188,12368.0,449.0,139.8535,0.6756,1.3618,522.0,26.798,0.6571,0.7931,257,588,533,829,171.8463
12,267.9643,2,843.9837,589.9447,10168.0,801.0,133.1075,0.934,1.5958,512.0,28.1709,0.5673,0.7239,588,915,533,829,171.8463
12,267.9643,3,1051.8903,583.4858,11095.0,798.0,156.8161,0.6409,1.9793,516.0,38.12,0.445,0.6159,915,1251,533,829,171.8463
12,267.9643,4,1379.1494,584.2051,9599.0,1153.0,130.333,0.996,1.5245,506.0,38.6409,0.5035,0.6698,1251,1582,533,829,171.8463
12,268.3648,1,455.749,610.3771,14117.0,168.0,145.2812,0.8405,1.2873,526.0,30.2214,0.605,0.7539,257,588,533,829,171.8463
12,268.3648,2,852.6556,587.0376,8958.0,717.0,136.1441,0.9914,1.7043,514.0,20.4671,0.679,0.8088,588,915,533,829,171.8463
12,268.3648,3,1048.6047,596.7731,12483.0,737.0,162.7659,0.6613,2.0711,518.0,27.3917,0.5643,0.7214,915,1251,533,829,171.8463
12,268.3648,4,1379.2722,574.4978,8560.0,1062.0,99.2823,0.5262,1.045,508.0,24.558,0.6588,0.7943,1251,1582,533,829,171.8463
12,268.7654,1,445.484,609.8384,14536.0,368.0,158.7892,0.8029,1.4993,523.0,24.7394,0.6858,0.8136,257,588,533,829,171.8463
12,268.7654,2,850.4722,593.2074,10360.0,703.0,145.8142,0.9977,1.7034,513.0,20.084,0.7251,0.8407,588,915,533,829,171.8463
12,268.7654,3,1036.2067,592.4898,12024.0,775.0,162.5206,0.6325,2.072,516.0,21.7743,0.6724,0.8041,915,1251,533,829,171.8463
12,268.7654,4,1386.4806,567.5871,10067.0,1610.0,133.4592,0.5669,1.4638,500.0,30.8744,0.5742,0.7295,1251,1582,533,829,171.8463
12,269.1659,1,433.7937,612.5264,15322.0,341.0,159.3867,0.7561,1.4636,524.0,21.0074,0.6889,0.8158,257,588,533,829,171.8463
12,269.1659,2,847.9119,594.1301,10389.0,575.0,139.4469,0.966,1.6075,515.0,25.0587,0.6892,0.816,588,915,533,829,171.8463
12,269.1659,3,1024.2224,593.4755,11585.0,718.0,161.5941,0.6258,2.0443,518.0,26.4412,0.5616,0.7193,915,1251,533,829,171.8463
12,269.1659,4,1390.4941,574.6963,15455.0,2928.0,194.2958,0.7856,1.8872,481.0,29.9938,0.5609,0.7187,1251,1582,533,829,171.8463
12,269.5664,1,423.103,610.0801,15877.0,350.0,161.6625,0.7328,1.4392,524.0,24.2681,0.6333,0.7755,257,588,533,829,171.8463
12,269.5664,2,838.4359,587.1937,9711.0,546.0,137.3719,0.9163,1.6019,517.0,23.538,0.7213,0.8381,588,915,533,829,171.8463
12,269.5664,3,1012.0897,591.7655,11287.0,882.0,156.9227,0.6875,1.9801,515.0,27.2222,0.6081,0.7563,915,1251,533,829,171.8463
12,269.5664,4,1382.5111,604.0492,16366.0,734.0,226.3067,0.5674,2.6139,525.0,43.6485,0.4668,0.6365,1251,1582,533,829,171.8463
12,269.967,1,411.8425,610.8103,15792.0,218.0,165.0054,0.7174,1.4695,526.0,22.8686,0.6873,0.8147,257,588,533,829,171.8463
12,269.967,2,828.3935,585.4426,10198.0,661.0,143.4379,0.8281,1.6738,516.0,24.9776,0.6957,0.8205,588,915,533,829,171.8463
12,269.967,3,1001.4765,591.5981,10849.0,1010.0,153.3953,0.7355,1.9682,513.0,25.7895,0.5994,0.7495,915,1251,533,829,171.8463
12,269.967,4,1393.2254,613.2301,16133.0,1001.0,181.9089,0.8837,1.7922,504.0,34.89,0.5268,0.6901,1251,1582,533,829,171.8463
12,270.3675,1,406.7317,611.3021,15810.0,251.0,162.4438,0.7109,1.4551,526.0,18.7121,0.7445,0.8536,257,588,533,829,171.8463
12,270.3675,2,817.3315,590.2794,10589.0,601.0,156.5155,0.8411,1.8963,518.0,33.0798,0.635,0.7767,588,915,533,829,171.8463
12,270.3675,3,997.5056,595.3792,10237.0,844.0,147.2984,0.7961,1.9596,514.0,23.6703,0.651,0.7886,915,1251,533,829,171.8463
12,270.3675,4,1397.9832,601.4384,16298.0,1515.0,189.695,0.751,1.9736,506.0,30.8581,0.5293,0.6922,1251,1582,533,829,171.8463
12,270.7681,1,400.7789,612.4199,16298.0,209.0,170.9041,0.687,1.5631,526.0,19.0964,0.7199,0.8371,257,588,533,829,171.8463
12,270.7681,2,801.525,590.7034,11182.0,586.0,164.2165,0.8016,1.949,519.0,36.8845,0.6032,0.7525,588,915,533,829,171.8463
12,270.7681,3,991.6508,598.4872,10408.0,1064.0,151.5563,0.8738,2.048,509.0,25.2308,0.6086,0.7567,915,1251,533,829,171.8463
12,270.7681,4,1403.4022,586.937,14226.0,1172.0,175.1338,0.5875,1.8271,504.0,23.1579,0.6482,0.7865,1251,1582,533,829,171.8463
12,271.1686,1,399.043,610.2976,15378.0,233.0,163.0639,0.7558,1.4656,525.0,16.2904,0.7618,0.8648,257,588,533,829,171.8463
12,271.1686,2,789.7117,602.0742,12541.0,656.0,170.9778,0.8517,2.0347,518.0,36.5532,0.5737,0.7291,588,915,533,829,171.8463
12,271.1686,3,992.2164,601.2871,10970.0,919.0,138.5378,0.9114,1.6621,511.0,18.9904,0.7037,0.8261,915,1251,533,829,171.8463
12,271.1686,4,1412.6965,589.6571,15095.0,1402.0,178.363,0.5678,1.9431,507.0,20.848,0.6747,0.8058,1251,1582,533,829,171.8463
12,271.5692,1,395.2193,614.7364,15240.0,80.0,156.9839,0.8427,1.4039,528.0,20.6015,0.7135,0.8328,257,588,533,829,171.8463
12,271.5692,2,775.3898,604.3575,13541.0,732.0,190.6941,0.7783,2.3089,517.0,33.6178,0.6046,0.7535,588,915,533,829,171.8463
12,271.5692,3,993.2247,596.32,10602.0,953.0,130.0988,0.9077,1.5106,511.0,12.6033,0.8126,0.8966,915,1251,533,829,171.8463
12,271.5692,4,1403.8983,589.9709,14892.0,1135.0,182.9699,0.503,2.0719,512.0,20.8123,0.6767,0.8071,1251,1582,533,829,171.8463
12,271.9697,1,399.8141,621.5858,16989.0,573.0,164.7805,0.9998,1.4308,516.0,24.218,0.625,0.7692,257,588,533,829,171.8463
12,271.9697,2,759.2098,592.4044,13090.0,866.0,182.4184,0.7211,2.1079,516.0,33.4244,0.6139,0.7608,588,915,533,829,171.8463
12,271.9697,3,990.4721,595.353,10842.0,761.0,129.8642,0.936,1.3838,513.0,19.912,0.668,0.801,915,1251,533,829,171.8463
12,271.9697,4,1399.2694,590.8993,13621.0,932.0,167.1037,0.6311,1.8269,512.0,20.0553,0.649,0.7871,1251,1582,533,829,171.8463
12,272.3703,1,395.4588,629.4928,17661.0,498.0,187.0133,0.9217,1.6777,517.0,29.2913,0.561,0.7188,257,588,533,829,171.8463
12,272.3703,2,739.8533,592.7256,13172.0,844.0,171.4562,0.7114,1.9262,515.0,38.7398,0.5583,0.7165,588,915,533,829,171.8463
12,272.3703,3,991.0974,605.0928,12066.0,762.0,145.2329,0.8865,1.5662,512.0,19.7588,0.6921,0.8181,915,1251,533,829,171.8463
12,272.3703,4,1396.5893,607.1485,14562.0,685.0,164.2152,0.7388,1.6864,514.0,19.3562,0.6639,0.798,1251,1582,533,829,171.8463
12,272.7708,1,404.2482,631.5267,17905.0,6.0,197.322,0.7658,1.8651,532.0,26.0827,0.6239,0.7684,257,588,533,829,171.8463
12,272.7708,2,721.0205,596.3188,13672.0,849.0,171.0868,0.703,1.9322,514.0,41.1416,0.5177,0.6822,588,915,533,829,171.8463
12,272.7708,3,997.285,598.6956,12724.0,947.0,150.1671,0.8119,1.5872,513.0,24.2497,0.6008,0.7506,915,1251,533,829,171.8463
12,272.7708,4,1394.8303,599.992,13029.0,683.0,164.0035,0.7159,1.8425,513.0,15.9613,0.7044,0.8266,1251,1582,533,829,171.8463
12,273.1713,1,414.8501,610.7137,17284.0,201.0,229.0311,0.5744,2.6366,526.0,24.9287,0.6658,0.7993,257,588,533,829,171.8463
12,273.1713,2,701.4464,601.5564,14185.0,686.0,167.315,0.7549,1.7967,517.0,42.6591,0.4922,0.6597,588,915,533,829,171.8463
12,273.1713,3,1008.9094,593.0776,12200.0,844.0,158.6668,0.6256,1.8549,516.0,24.3106,0.5462,0.7065,915,1251,533,829,171.8463
12,273.1713,4,1398.253,599.485,12838.0,740.0,152.6828,0.7417,1.6828,512.0,19.8151,0.6795,0.8091,1251,1582,533,829,171.8463
12,273.5719,1,440.6868,589.275,14623.0,531.0,226.3621,0.4296,2.9493,522.0,30.783,0.5558,0.7145,257,588,533,829,171.8463
12,273.5719,2,678.8428,606.1526,13413.0,518.0,169.8027,0.7712,1.8748,518.0,38.7434,0.4779,0.6467,588,915,533,829,171.8463
12,273.5719,3,1007.2436,592.8832,11513.0,812.0,160.093,0.6715,2.0238,514.0,18.1572,0.6814,0.8105,915,1251,533,829,171.8463
12,273.5719,4,1399.5474,605.3471,13418.0,592.0,144.7692,0.8605,1.4764,513.0,19.4938,0.6347,0.7765,1251,1582,533,829,171.8463
12,273.9724,1,454.2272,594.4989,15441.0,238.0,228.7447,0.4048,2.9389,527.0,25.2633,0.6679,0.8009,257,588,533,829,171.8463
12,273.9724,2,658.9728,599.2489,12525.0,612.0,144.5821,0.9167,1.4326,514.0,34.9128,0.5341,0.6963,588,915,533,829,171.8463
12,273.9724,3,994.4752,589.4429,9560.0,864.0,149.1316,0.7762,2.0948,515.0,21.696,0.5739,0.7293,915,1251,533,829,171.8463
12,273.9724,4,1397.5848,606.1013,13383.0,703.0,142.5969,0.9468,1.3879,511.0,21.9813,0.5963,0.7471,1251,1582,533,829,171.8463
12,274.373,1,468.0031,597.3765,14976.0,649.0,203.51,0.5199,2.3094,520.0,30.3806,0.5907,0.7427,257,588,533,829,171.8463
12,274.373,2,654.432,594.1092,12920.0,650.0,138.9135,0.9998,1.1982,513.0,24.3807,0.6919,0.8179,588,915,533,829,171.8463
12,274.373,3,981.5661,591.4345,7499.0,711.0,117.7015,0.9753,1.8575,514.0,24.6515,0.4629,0.6329,915,1251,533,829,171.8463
12,274.373,4,1406.5401,580.3762,13154.0,1184.0,180.2607,0.5639,2.1139,511.0,32.7362,0.388,0.5591,1251,1582,533,829,171.8463
12,274.7735,1,475.6806,606.7219,14504.0,313.0,185.3125,0.6209,2.079,525.0,28.758,0.5788,0.7332,257,588,533,829,171.8463
12,274.7735,2,668.4618,596.4504,14579.0,803.0,163.6143,0.7033,1.5608,513.0,30.8118,0.5614,0.7191,588,915,533,829,171.8463
12,274.7735,3,974.235,560.0481,5514.0,964.0,104.1399,0.9994,1.423,513.0,27.0698,0.5103,0.6758,915,1251,533,829,171.8463
12,274.7735,4,1448.1206,566.3036,13355.0,1686.0,186.845,0.3424,2.2197,511.0,32.273,0.5214,0.6854,1251,1582,533,829,171.8463
12,275.1741,1,485.7264,601.9819,13788.0,325.0,180.0722,0.6547,1.9816,524.0,17.9496,0.7352,0.8474,257,588,533,829,171.8463
12,275.1741,2,703.5506,585.4861,14500.0,1123.0,181.4577,0.5964,1.8851,509.0,40.7691,0.4275,0.5989,588,915,533,829,171.8463
12,275.1741,3,993.2676,562.3522,6249.0,755.0,106.6189,0.677,1.4655,517.0,33.7126,0.4171,0.5886,915,1251,533,829,171.8463
12,275.1741,4,1470.0768,575.0573,14840.0,1737.0,173.274,0.3573,1.7029,506.0,33.2102,0.5165,0.6812,1251,1582,533,829,171.8463
12,275.5746,1,484.7003,608.7594,13303.0,405.0,164.1735,0.6973,1.7618,520.0,21.5569,0.6975,0.8218,257,588,533,829,171.8463
12,275.5746,2,742.9797,588.0368,15388.0,898.0,195.3036,0.52,2.1352,513.0,44.8036,0.3782,0.5488,588,915,533,829,171.8463
12,275.5746,3,1026.6379,572.3419,8017.0,938.0,125.0819,0.8381,1.59,512.0,43.0669,0.3106,0.474,915,1251,533,829,171.8463
12,275.5746,4,1478.9992,590.1795,15796.0,1288.0,153.8817,0.5739,1.2979,508.0,30.2215,0.5679,0.7244,1251,1582,533,829,171.8463
12,275.9752,1,492.2816,601.9225,12454.0,309.0,154.6113,0.6831,1.5924,522.0,22.1246,0.6673,0.8005,257,588,533,829,171.8463
12,275.9752,2,777.7332,598.5683,16444.0,958.0,196.776,0.5751,2.0564,513.0,40.8388,0.3799,0.5506,588,915,533,829,171.8463
12,275.9752,3,1046.6177,590.8544,9505.0,568.0,133.903,0.8599,1.6422,519.0,42.2148,0.338,0.5052,915,1251,533,829,171.8463
12,275.9752,4,1481.0014,591.1989,14355.0,1515.0,138.8096,0.8197,1.1679,506.0,25.5737,0.6006,0.7505,1251,1582,533,829,171.8463
12,276.3757,1,496.3108,603.6228,13029.0,319.0,147.024,0.7525,1.365,521.0,23.0126,0.6971,0.8215,257,588,533,829,171.8463
12,276.3757,2,801.0364,594.1716,15074.0,845.0,196.1007,0.6039,2.1199,514.0,31.0378,0.5704,0.7264,588,915,533,829,171.8463
12,276.3757,3,1072.1504,598.4293,10245.0,425.0,145.9501,0.8692,1.7865,522.0,37.6505,0.4122,0.5838,915,1251,533,829,171.8463
12,276.3757,4,1482.8251,583.1352,15109.0,1644.0,187.2646,0.4836,1.9681,509.0,28.2467,0.5468,0.707,1251,1582,533,829,171.8463
12,276.7762,1,498.6719,608.7892,14026.0,188.0,142.8643,0.8221,1.217,525.0,19.2788,0.6985,0.8225,257,588,533,829,171.8463
12,276.7762,2,800.6445,605.9841,15073.0,815.0,185.3244,0.6789,2.0519,515.0,23.5354,0.6504,0.7882,588,915,533,829,171.8463
12,276.7762,3,1090.841,592.5752,13051.0,2008.0,192.5347,0.9149,2.4172,486.0,35.151,0.483,0.6514,915,1251,533,829,171.8463
12,276.7762,4,1475.6688,583.4883,15354.0,1576.0,200.7051,0.4331,2.2774,510.0,17.2378,0.7626,0.8653,1251,1582,533,829,171.8463
12,277.1768,1,493.63,612.2639,14474.0,285.0,143.504,0.981,1.2037,522.0,18.6868,0.7388,0.8498,257,588,533,829,171.8463
12,277.1768,2,813.3532,604.6042,13829.0,769.0,177.0335,0.6951,2.0512,516.0,22.8155,0.6364,0.7778,588,915,533,829,171.8463
12,277.1768,3,1097.8507,607.9594,11711.0,365.0,169.755,0.7578,2.1451,520.0,39.2082,0.4784,0.6472,915,1251,533,829,171.8463
12,277.1768,4,1458.6351,591.2816,14721.0,1266.0,186.275,0.5076,2.1647,512.0,27.137,0.5494,0.7092,1251,1582,533,829,171.8463
12,277.5773,1,480.9123,616.7242,14447.0,270.0,151.3594,0.9891,1.3581,522.0,23.9305,0.6453,0.7844,257,588,533,829,171.8463
12,277.5773,2,827.6448,589.4314,11488.0,996.0,153.876,0.7919,1.8266,511.0,27.6806,0.6044,0.7534,588,915,533,829,171.8463
12,277.5773,3,1119.3597,604.8688,11015.0,774.0,144.1283,1.0,1.6727,515.0,38.5189,0.4021,0.5735,915,1251,533,829,171.8463
12,277.5773,4,1447.1614,595.4753,13788.0,851.0,155.3055,0.6795,1.6191,513.0,25.5611,0.5361,0.698,1251,1582,533,829,171.8463
12,277.9779,1,474.6307,611.2424,13855.0,319.0,147.4821,0.9065,1.3577,522.0,27.3586,0.5902,0.7423,257,588,533,829,171.8463
12,277.9779,2,840.1772,584.0095,9554.0,980.0,139.1783,0.8913,1.7432,511.0,22.4039,0.6491,0.7872,588,915,533,829,171.8463
12,277.9779,3,1125.7039,574.4635,10400.0,1476.0,153.9829,0.6224,1.9528,510.0,35.356,0.4552,0.6256,915,1251,533,829,171.8463
12,277.9779,4,1442.7624,600.9584,13474.0,1087.0,155.5287,0.865,1.6194,509.0,20.5449,0.6314,0.774,1251,1582,533,829,171.8463
12,278.3784,1,464.7418,615.4248,16713.0,682.0,184.5285,0.8013,1.7513,513.0,27.4796,0.6086,0.7567,257,588,533,829,171.8463
12,278.3784,2,843.0599,590.8456,10493.0,847.0,144.2182,0.973,1.7139,512.0,20.7344,0.7041,0.8264,588,915,533,829,171.8463
12,278.3784,3,1101.5874,573.7359,11515.0,1190.0,182.3637,0.5711,2.1461,514.0,43.2954,0.4887,0.6565,915,1251,533,829,171.8463
12,278.3784,4,1437.5002,588.8651,15325.0,2782.0,172.1542,0.9562,1.6875,484.0,24.7817,0.5423,0.7032,1251,1582,533,829,171.8463
12,278.779,1,450.9188,632.7967,18183.0,399.0,200.8536,0.8961,1.8205,519.0,35.2214,0.5435,0.7042,257,588,533,829,171.8463
12,278.779,2,835.2699,604.0272,10912.0,518.0,158.8024,0.9925,1.9555,517.0,23.1336,0.7094,0.83,588,915,533,829,171.8463
12,278.779,3,1070.0965,577.8182,11559.0,1112.0,179.2312,0.5402,2.3437,514.0,51.1047,0.3814,0.5522,915,1251,533,829,171.8463
12,278.779,4,1445.0148,615.4679,13262.0,413.0,164.2299,0.8575,1.7585,524.0,34.2508,0.4536,0.6241,1251,1582,533,829,171.8463
12,279.1795,1,443.4985,628.7076,16767.0,0.0,198.7245,0.7154,1.972,535.0,24.4656,0.6618,0.7965,257,588,533,829,171.8463
12,279.1795,2,825.4521,587.7761,10050.0,762.0,138.4477,0.9839,1.5933,513.0,30.7351,0.5698,0.726,588,915,533,829,171.8463
12,279.1795,3,1044.9674,583.6042,12528.0,1376.0,175.5487,0.5496,2.2312,512.0,38.8331,0.4517,0.6223,915,1251,533,829,171.8463
12,279.1795,4,1444.2835,610.6786,13480.0,431.0,211.2134,0.7549,2.5998,520.0,31.569,0.6368,0.7781,1251,1582,533,829,171.8463
12,279.5801,1,435.1294,619.8786,17408.0,901.0,186.4081,0.9547,1.6795,503.0,31.134,0.5949,0.746,257,588,533,829,171.8463
12,279.5801,2,809.0369,586.843,10207.0,660.0,157.3371,0.8694,1.9131,517.0,35.7585,0.5725,0.7281,588,915,533,829,171.8463
12,279.5801,3,1016.9033,582.2844,11377.0,1236.0,163.2133,0.6143,2.1069,510.0,42.2464,0.4369,0.6082,915,1251,533,829,171.8463
12,279.5801,4,1427.8547,595.3181,12529.0,1106.0,141.62,0.9944,1.4168,504.0,44.8098,0.4155,0.587,1251,1582,533,829,171.8463
12,279.9806,1,429.8843,630.5446,17497.0,105.0,180.2986,0.9942,1.6165,527.0,29.4565,0.5785,0.733,257,588,533,829,171.8463
12,279.9806,2,783.9277,591.1586,10882.0,718.0,155.1941,0.879,1.8674,516.0,47.297,0.432,0.6033,588,915,533,829,171.8463
12,279.9806,3,992.5524,587.6619,9376.0,999.0,135.2808,0.809,1.8481,511.0,42.0848,0.4115,0.583,915,1251,533,829,171.8463
12,279.9806,4,1432.2475,581.2837,13190.0,2221.0,158.9759,0.9222,1.6323,490.0,33.4005,0.5382,0.6998,1251,1582,533,829,171.8463
12,280.3811,1,421.3017,625.371,18782.0,272.0,222.6391,0.7096,2.3494,524.0,34.3166,0.4693,0.6388,257,588,533,829,171.8463
12,280.3811,2,765.2015,607.1203,12788.0,548.0,170.4065,0.9051,1.9498,519.0,44.1883,0.4463,0.6172,588,915,533,829,171.8463
12,280.3811,3,980.1083,595.4928,9368.0,951.0,127.0472,0.9598,1.6315,511.0,29.2215,0.5098,0.6753,915,1251,533,829,171.8463
12,280.3811,4,1457.708,584.121,15875.0,1625.0,179.6464,0.511,1.7871,507.0,35.718,0.4844,0.6527,1251,1582,533,829,171.8463
12,280.7817,1,431.486,601.6879,17263.0,633.0,244.3681,0.419,3.044,520.0,35.0356,0.4422,0.6132,257,588,533,829,171.8463
12,280.7817,2,746.7105,613.3626,13777.0,697.0,183.0506,0.8993,2.189,517.0,38.4045,0.4967,0.6637,588,915,533,829,171.8463
12,280.7817,3,977.3369,589.6842,8676.0,765.0,118.5018,0.9826,1.4829,514.0,17.5774,0.7146,0.8335,915,1251,533,829,171.8463
12,280.7817,4,1477.9269,584.6574,15961.0,1786.0,179.6012,0.3937,1.777,509.0,26.2091,0.5972,0.7478,1251,1582,533,829,171.8463
12,281.1822,1,468.6514,586.1839,13799.0,705.0,192.5246,0.413,2.4097,518.0,34.7274,0.4847,0.6529,257,588,533,829,171.8463
12,281.1822,2,728.8389,613.6433,12878.0,477.0,165.0189,0.9238,1.9363,518.0,38.6761,0.467,0.6367,588,915,533,829,171.8463
12,281.1822,3,977.8699,583.8403,8484.0,789.0,111.9369,0.9993,1.2862,514.0,20.1304,0.7031,0.8256,915,1251,533,829,171.8463
12,281.1822,4,1480.6188,588.6337,16509.0,1810.0,168.563,0.4367,1.5765,506.0,17.9265,0.7173,0.8354,1251,1582,533,829,171.8463
12,281.5828,1,476.6947,602.1817,13373.0,570.0,178.5926,0.5582,2.2641,521.0,30.8525,0.4878,0.6557,257,588,533,829,171.8463
12,281.5828,2,714.5925,625.7963,13106.0,191.0,169.242,0.9309,2.0103,525.0,34.773,0.5099,0.6754,588,915,533,829,171.8463
12,281.5828,3,978.6287,585.812,9326.0,904.0,123.7372,0.9567,1.3899,511.0,20.1073,0.7181,0.8359,915,1251,533,829,171.8463
12,281.5828,4,1483.0495,589.0717,15714.0,1611.0,163.3267,0.4651,1.5286,509.0,18.3717,0.6791,0.8089,1251,1582,533,829,171.8463
12,281.9833,1,491.5287,603.2406,11564.0,445.0,156.9997,0.6446,1.9846,522.0,29.1289,0.5411,0.7022,257,588,533,829,171.8463
12,281.9833,2,703.1086,628.0302,13652.0,252.0,175.8136,0.8951,2.0601,523.0,25.6092,0.6167,0.7629,588,915,533,829,171.8463
12,281.9833,3,981.3521,589.6881,11860.0,996.0,141.9279,0.7709,1.4406,509.0,25.91,0.5848,0.738,915,1251,533,829,171.8463
12,281.9833,4,1485.9201,594.8696,16804.0,1450.0,169.4299,0.5512,1.5937,510.0,19.8084,0.6821,0.811,1251,1582,533,829,171.8463
12,282.3839,1,500.0408,607.4088,11551.0,346.0,151.629,0.7333,1.8536,524.0,21.2297,0.6072,0.7556,257,588,533,829,171.8463
12,282.3839,2,696.9444,614.4158,16350.0,2040.0,217.3354,0.9125,2.4386,503.0,25.7751,0.5968,0.7475,588,915,533,829,171.8463
12,282.3839,3,1001.9075,583.3189,12334.0,926.0,148.9763,0.5904,1.5113,510.0,27.6007,0.5575,0.7159,915,1251,533,829,171.8463
12,282.3839,4,1488.1142,597.3296,16908.0,1287.0,172.4293,0.5406,1.5944,510.0,14.9742,0.749,0.8565,1251,1582,533,829,171.8463
12,282.7844,1,512.4279,603.559,9804.0,615.0,142.6297,0.8243,1.9904,518.0,25.6011,0.5452,0.7057,257,588,533,829,171.8463
12,282.7844,2,696.5993,627.6699,14127.0,178.0,194.8032,0.8388,2.4056,527.0,34.3533,0.5648,0.7219,588,915,533,829,171.8463
12,282.7844,3,1025.1321,582.0423,12246.0,836.0,144.8862,0.5469,1.4569,513.0,29.8316,0.546,0.7063,915,1251,533,829,171.8463
12,282.7844,4,1486.9827,594.1684,16752.0,1458.0,177.6473,0.5465,1.6667,508.0,18.648,0.6872,0.8146,1251,1582,533,829,171.8463
12,283.185,1,519.5754,600.4282,9155.0,612.0,149.4037,0.8727,2.2103,518.0,20.9091,0.6973,0.8217,257,588,533,829,171.8463
12,283.185,2,691.7102,639.6897,14957.0,538.0,223.3397,0.9064,2.9279,514.0,31.5362,0.5915,0.7433,588,915,533,829,171.8463
12,283.185,3,1043.4405,585.6129,13296.0,973.0,157.4105,0.5134,1.6194,512.0,27.5664,0.5595,0.7176,915,1251,533,829,171.8463
12,283.185,4,1481.4854,589.0561,16261.0,1376.0,182.7175,0.5269,1.7344,512.0,15.2063,0.7538,0.8596,1251,1582,533,829,171.8463
12,283.5855,1,519.4163,620.1238,10028.0,173.0,145.6784,0.874,2.1392,527.0,20.5556,0.6046,0.7536,257,588,533,829,171.8463
12,283.5855,2,676.0302,623.2146,13725.0,936.0,212.4265,0.9256,2.8798,508.0,32.6888,0.5909,0.7428,588,915,533,829,171.8463
12,283.5855,3,1063.2613,582.0453,13295.0,1146.0,169.7537,0.4572,1.9315,510.0,25.0952,0.599,0.7492,915,1251,533,829,171.8463
12,283.5855,4,1468.3723,590.9492,17548.0,1615.0,194.4124,0.4909,1.8694,509.0,21.952,0.6521,0.7894,1251,1582,533,829,171.8463
12,283.986,1,516.7132,610.2074,8144.0,318.0,131.8397,0.9528,2.066,521.0,28.396,0.4656,0.6354,257,588,533,829,171.8463
12,283.986,2,670.619,618.4121,13240.0,692.0,199.4294,0.8511,2.5752,512.0,28.8459,0.625,0.7692,588,915,533,829,171.8463
12,283.986,3,1088.621,577.3108,13777.0,1327.0,183.0242,0.4604,2.0883,509.0,27.1841,0.5423,0.7032,915,1251,533,829,171.8463
12,283.986,4,1467.4282,586.3653,17070.0,1707.0,200.6073,0.3938,2.015,509.0,19.023,0.6945,0.8197,1251,1582,533,829,171.8463
12,284.3866,1,523.8482,597.6225,7452.0,226.0,110.9916,0.9996,1.5592,524.0,31.9955,0.4708,0.6402,257,588,533,829,171.8463
12,284.3866,2,664.2233,603.6401,12263.0,729.0,163.6026,0.9223,1.8235,511.0,33.2081,0.5525,0.7118,588,915,533,829,171.8463
12,284.3866,3,1106.6271,584.5678,15092.0,1327.0,188.4363,0.4437,2.0229,510.0,26.6039,0.5445,0.705,915,1251,533,829,171.8463
12,284.3866,4,1456.5201,584.74,17615.0,1834.0,218.1101,0.3761,2.3416,509.0,19.0152,0.6803,0.8097,1251,1582,533,829,171.8463
12,284.7871,1,504.7226,596.4709,8223.0,261.0,128.1271,0.9939,1.7905,526.0,30.487,0.4913,0.6589,257,588,533,829,171.8463
12,284.7871,2,661.8323,587.0244,11267.0,770.0,127.3991,0.8659,1.1934,511.0,38.3666,0.5108,0.6762,588,915,533,829,171.8463
12,284.7871,3,1128.3453,583.3629,13740.0,1237.0,174.0447,0.463,1.919,512.0,26.5168,0.5543,0.7132,915,1251,533,829,171.8463
12,284.7871,4,1449.934,587.6533,16794.0,1546.0,194.8976,0.4436,2.0041,509.0,15.5207,0.7229,0.8391,1251,1582,533,829,171.8463
12,285.1877,1,499.0476,609.8289,9774.0,134.0,153.5345,0.9973,2.0328,528.0,26.9709,0.6079,0.7561,257,588,533,829,171.8463
12,285.1877,2,687.4616,584.3611,13057.0,869.0,160.2197,0.5403,1.6241,511.0,35.8808,0.4724,0.6417,588,915,533,829,171.8463
12,285.1877,3,1144.8876,590.2361,12990.0,1099.0,148.6866,0.5728,1.5842,512.0,26.8211,0.5339,0.6961,915,1251,533,829,171.8463
12,285.1877,4,1454.7715,582.9293,14659.0,1234.0,141.403,0.5021,1.1104,506.0,26.1544,0.5463,0.7066,1251,1582,533,829,171.8463
12,285.5882,1,493.065,614.618,10184.0,151.0,140.196,0.9935,1.7997,526.0,21.9375,0.7051,0.827,257,588,533,829,171.8463
12,285.5882,2,717.9404,593.6946,14510.0,712.0,174.859,0.6171,1.8082,512.0,44.4001,0.4087,0.5803,588,915,533,829,171.8463
12,285.5882,3,1161.5497,588.9631,11409.0,1129.0,135.735,0.8169,1.4743,512.0,24.6398,0.5684,0.7248,915,1251,533,829,171.8463
12,285.5882,4,1445.2638,594.0003,14979.0,1221.0,156.8569,0.6021,1.4928,510.0,29.292,0.54,0.7013,1251,1582,533,829,171.8463
12,285.9888,1,484.8568,613.474,10964.0,271.0,148.4224,0.9909,1.8901,524.0,21.6507,0.6589,0.7944,257,588,533,829,171.8463
12,285.9888,2,741.6207,602.2168,14845.0,537.0,169.1203,0.7699,1.6535,514.0,40.3618,0.4678,0.6374,588,915,533,829,171.8463
12,285.9888,3,1170.8091,590.4719,10156.0,1078.0,126.4967,0.9644,1.4423,511.0,19.6108,0.6023,0.7518,915,1251,533,829,171.8463
12,285.9888,4,1431.658,580.4113,14496.0,1640.0,191.0671,0.4885,2.1767,507.0,27.367,0.554,0.713,1251,1582,533,829,171.8463
12,286.3893,1,483.9144,619.8133,10930.0,45.0,157.0085,0.9745,2.0011,530.0,24.9184,0.6857,0.8136,257,588,533,829,171.8463
12,286.3893,2,759.0499,604.1478,14284.0,414.0,161.808,0.8293,1.5852,517.0,29.5966,0.604,0.7531,588,915,533,829,171.8463
12,286.3893,3,1178.2665,590.5841,9189.0,951.0,128.0043,0.9777,1.6674,513.0,21.5462,0.605,0.7539,915,1251,533,829,171.8463
12,286.3893,4,1420.5074,582.2278,14280.0,1467.0,190.987,0.4202,2.3536,512.0,23.7591,0.6678,0.8008,1251,1582,533,829,171.8463
12,286.7899,1,486.2375,601.9259,10817.0,354.0,173.3579,0.8547,2.262,525.0,30.9078,0.6041,0.7532,257,588,533,829,171.8463
12,286.7899,2,770.7975,603.2697,14502.0,650.0,168.1005,0.8067,1.6743,512.0,22.6815,0.6801,0.8096,588,915,533,829,171.8463
12,286.7899,3,1181.4,580.0825,9240.0,1088.0,137.2685,0.9999,1.6407,511.0,22.0258,0.6866,0.8142,915,1251,533,829,171.8463
12,286.7899,4,1398.49,583.3103,13507.0,1506.0,178.3888,0.4782,2.2383,509.0,27.4883,0.547,0.7072,1251,1582,533,829,171.8463
12,287.1904,1,476.923,610.5137,11893.0,515.0,173.5212,0.7832,2.5462,522.0,26.3641,0.6504,0.7882,257,588,533,829,171.8463
12,287.1904,2,785.9793,606.9652,14780.0,712.0,156.0643,0.9668,1.431,510.0,30.7706,0.5885,0.7409,588,915,533,829,171.8463
12,287.1904,3,1168.5661,586.1391,9204.0,959.0,136.6907,0.9675,1.6987,514.0,28.5629,0.555,0.7138,915,1251,533,829,171.8463
12,287.1904,4,1387.4139,590.5514,13574.0,1249.0,168.9941,0.5915,2.0284,511.0,26.5376,0.5354,0.6974,1251,1582,533,829,171.8463
12,287.5909,1,488.3993,611.8572,11508.0,339.0,172.7947,0.7593,2.43,524.0,33.8569,0.5311,0.6937,257,588,533,829,171.8463
12,287.5909,2,799.0712,608.7417,14771.0,515.0,159.0595,0.9376,1.4362,516.0,32.6044,0.579,0.7334,588,915,533,829,171.8463
12,287.5909,3,1148.4257,582.3673,9396.0,843.0,123.9994,0.9325,1.4374,516.0,35.4606,0.4391,0.6102,915,1251,533,829,171.8463
12,287.5909,4,1375.7237,594.2532,13368.0,1135.0,179.1224,0.5732,2.2371,511.0,23.5218,0.6192,0.7648,1251,1582,533,829,171.8463
12,287.9915,1,502.8496,611.2959,10575.0,390.0,170.3328,0.8286,2.5419,523.0,33.1859,0.5587,0.7168,257,588,533,829,171.8463
12,287.9915,2,808.887,612.9626,15783.0,374.0,172.0267,0.7694,1.6216,521.0,27.4902,0.6492,0.7873,588,915,533,829,171.8463
12,287.9915,3,1126.165,585.1271,10625.0,843.0,139.1156,0.7402,1.6318,517.0,41.3287,0.4336,0.6049,915,1251,533,829,171.8463
12,287.9915,4,1353.7806,583.6381,10793.0,1009.0,143.9134,0.6708,1.6673,509.0,28.04,0.5467,0.7069,1251,1582,533,829,171.8463
12,288.392,1,509.3645,621.9554,10325.0,204.0,166.6157,0.8492,2.5432,526.0,34.8651,0.5194,0.6837,257,588,533,829,171.8463
12,288.392,2,817.728,608.9508,18563.0,1342.0,206.7706,0.7554,1.8112,497.0,25.0151,0.6684,0.8013,588,915,533,829,171.8463
12,288.392,3,1097.8463,582.2172,10983.0,869.0,160.0828,0.715,1.9498,516.0,45.928,0.4385,0.6097,915,1251,533,829,171.8463
12,288.392,4,1338.5411,588.1445,11318.0,1415.0,138.4321,0.757,1.4944,506.0,32.8138,0.4185,0.59,1251,1582,533,829,171.8463
12,288.7926,1,520.2111,625.442,9919.0,248.0,166.7504,0.8895,2.7062,525.0,28.343,0.5669,0.7236,257,588,533,829,171.8463
12,288.7926,2,825.6085,625.9371,18318.0,472.0,204.6752,0.8402,1.8625,518.0,28.522,0.6272,0.7709,588,915,533,829,171.8463
12,288.7926,3,1070.6418,582.6256,11552.0,1065.0,170.3898,0.7033,2.079,514.0,47.5038,0.4561,0.6265,915,1251,533,829,171.8463
12,288.7926,4,1347.5586,565.6774,11074.0,1488.0,170.4538,0.4777,1.9821,507.0,24.8202,0.5968,0.7475,1251,1582,533,829,171.8463
12,289.1931,1,519.1082,630.6787,10505.0,171.0,168.55,0.8776,2.6688,526.0,17.1138,0.7357,0.8477,257,588,533,829,171.8463
12,289.1931,2,830.6794,630.8167,17328.0,76.0,185.9229,0.8737,1.6245,531.0,19.6798,0.7688,0.8693,588,915,533,829,171.8463
12,289.1931,3,1045.1806,586.1354,11830.0,1011.0,169.9959,0.6089,2.14,514.0,44.3462,0.4174,0.589,915,1251,533,829,171.8463
12,289.1931,4,1352.9169,578.1132,12686.0,1220.0,147.3159,0.4219,1.4151,510.0,26.5939,0.6566,0.7927,1251,1582,533,829,171.8463
12,289.5937,1,517.0823,618.3543,10390.0,190.0,169.0556,0.8946,2.3915,526.0,19.5811,0.6611,0.796,257,588,533,829,171.8463
12,289.5937,2,833.0257,626.8136,16827.0,166.0,209.9068,0.706,2.1495,532.0,26.7836,0.6197,0.7652,588,915,533,829,171.8463
12,289.5937,3,1019.6864,588.0436,11277.0,998.0,157.2986,0.689,1.9523,514.0,39.4099,0.445,0.6159,915,1251,533,829,171.8463
12,289.5937,4,1361.7223,579.9638,13680.0,1490.0,163.4259,0.3856,1.6696,509.0,18.4837,0.7416,0.8516,1251,1582,533,829,171.8463
12,289.9942,1,516.7626,600.8197,10313.0,762.0,154.5098,0.9344,2.0479,514.0,27.2439,0.5912,0.7431,257,588,533,829,171.8463
12,289.9942,2,816.3532,592.7735,15173.0,925.0,210.4499,0.6023,2.421,511.0,30.9262,0.5882,0.7408,588,915,533,829,171.8463
12,289.9942,3,1003.054,590.1869,11205.0,1039.0,154.0547,0.7103,1.9612,512.0,32.9393,0.5446,0.7052,915,1251,533,829,171.8463
12,289.9942,4,1371.5872,576.6896,14619.0,2026.0,184.6686,0.4094,2.0018,506.0,16.3653,0.7311,0.8447,1251,1582,533,829,171.8463
12,290.3948,1,519.4516,612.6402,10473.0,271.0,143.9575,0.9192,1.8043,523.0,24.7472,0.6276,0.7712,257,588,533,829,171.8463
12,290.3948,2,788.1731,591.4628,9643.0,690.0,110.9394,0.9905,1.2164,513.0,46.8402,0.3269,0.4927,588,915,533,829,171.8463
12,290.3948,3,991.1873,597.3179,9833.0,860.0,139.7901,0.8599,1.8777,514.0,35.5659,0.4928,0.6602,915,1251,533,829,171.8463
12,290.3948,4,1378.5639,583.0487,15592.0,1818.0,185.7443,0.4066,2.0097,506.0,20.7438,0.656,0.7923,1251,1582,533,829,171.8463
12,290.7953,1,515.7411,613.2395,11337.0,323.0,145.9407,0.8434,1.8426,538.0,20.2868,0.7122,0.8319,257,588,533,829,171.8463
12,290.7953,2,787.2146,580.1227,10354.0,805.0,131.0789,0.8298,1.3843,514.0,29.7203,0.5897,0.7419,588,915,533,829,171.8463
12,290.7953,3,979.9206,594.9197,9394.0,709.0,126.371,0.9422,1.5633,515.0,23.8888,0.5895,0.7418,915,1251,533,829,171.8463
12,290.7953,4,1392.8444,581.7382,16027.0,1567.0,187.4107,0.4087,1.9356,511.0,22.3115,0.6465,0.7853,1251,1582,533,829,171.8463
12,291.1958,1,513.3811,618.4427,11874.0,276.0,157.3703,0.833,2.0442,540.0,16.9322,0.7691,0.8695,257,588,533,829,171.8463
12,291.1958,2,808.6564,586.6682,11767.0,976.0,149.6152,0.8522,1.6221,513.0,43.204,0.4768,0.6457,588,915,533,829,171.8463
12,291.1958,3,977.2606,589.7267,9021.0,833.0,116.201,0.9974,1.3754,514.0,23.1665,0.6427,0.7825,915,1251,533,829,171.8463
12,291.1958,4,1404.1093,584.547,16297.0,1643.0,195.9698,0.4321,2.0816,508.0,17.5826,0.717,0.8352,1251,1582,533,829,171.8463
12,291.5964,1,513.9282,620.3029,11836.0,164.0,158.9759,0.7778,2.0242,542.0,19.1119,0.7094,0.83,257,588,533,829,171.8463
12,291.5964,2,833.188,607.2576,13119.0,1109.0,192.5405,0.9235,2.4522,506.0,53.43,0.3443,0.5123,588,915,533,829,171.8463
12,291.5964,3,979.582,590.0539,10171.0,852.0,123.5361,0.999,1.3016,512.0,18.493,0.7378,0.8491,915,1251,533,829,171.8463
12,291.5964,4,1413.2255,585.1719,16299.0,1621.0,193.2838,0.4702,2.028,509.0,17.4265,0.7124,0.8321,1251,1582,533,829,171.8463
12,291.9969,1,511.7929,617.7746,13207.0,449.0,150.1709,0.8303,1.6568,540.0,21.5008,0.6724,0.8041,257,588,533,829,171.8463
12,291.9969,2,843.6449,631.2402,11322.0,266.0,171.9382,0.9485,2.4077,524.0,40.3947,0.4919,0.6594,588,915,533,829,171.8463
12,291.9969,3,988.9775,594.7862,12767.0,855.0,133.7905,0.7433,1.2251,512.0,25.699,0.5968,0.7475,915,1251,533,829,171.8463
12,291.9969,4,1421.2968,591.3373,16879.0,1557.0,198.6961,0.478,2.1413,509.0,17.6438,0.7176,0.8356,1251,1582,533,829,171.8463
12,292.3975,1,514.1032,611.9105,12819.0,323.0,155.518,0.7977,1.746,542.0,18.543,0.744,0.8532,257,588,533,829,171.8463
12,292.3975,2,846.8886,620.9566,11259.0,480.0,178.0036,0.946,2.4669,517.0,16.8989,0.7602,0.8637,588,915,533,829,171.8463
12,292.3975,3,1009.617,584.1101,12500.0,928.0,155.0154,0.5722,1.6078,512.0,28.9691,0.5466,0.7069,915,1251,533,829,171.8463
12,292.3975,4,1435.9514,588.012,18033.0,2099.0,209.1143,0.5196,2.2392,504.0,17.8024,0.6986,0.8226,1251,1582,533,829,171.8463
12,292.798,1,512.6828,617.9607,13839.0,286.0,154.6472,0.8711,1.6141,541.0,20.0756,0.7517,0.8583,257,588,533,829,171.8463
12,292.798,2,839.7798,623.7768,12171.0,660.0,182.7163,0.9322,2.4467,513.0,29.1914,0.6393,0.7799,588,915,533,829,171.8463
12,292.798,3,1038.3339,588.4903,13407.0,725.0,160.2822,0.566,1.6441,516.0,34.236,0.4354,0.6067,915,1251,533,829,171.8463
12,292.798,4,1448.0173,587.8823,17702.0,1748.0,220.7791,0.4634,2.315,509.0,23.5344,0.5986,0.7489,1251,1582,533,829,171.8463
12,293.1986,1,513.3485,612.7033,13533.0,219.0,153.7929,0.8546,1.5756,539.0,16.9441,0.7957,0.8862,257,588,533,829,171.8463
12,293.1986,2,826.1001,622.5436,13769.0,795.0,193.4813,0.9339,2.356,507.0,34.4261,0.5429,0.7037,588,915,533,829,171.8463
12,293.1986,3,1060.879,600.3292,13893.0,623.0,150.3722,0.6804,1.486,514.0,31.0451,0.4909,0.6585,915,1251,533,829,171.8463
12,293.1986,4,1466.8665,589.7989,16795.0,1563.0,200.2088,0.4304,2.1074,511.0,24.0401,0.6006,0.7505,1251,1582,533,829,171.8463
12,293.5991,1,511.331,616.4126,14288.0,242.0,158.4733,0.8339,1.6072,543.0,13.3457,0.8554,0.922,257,588,533,829,171.8463
12,293.5991,2,815.4948,633.0674,13162.0,204.0,192.2573,0.8903,2.5022,525.0,32.3483,0.5799,0.7341,588,915,533,829,171.8463
12,293.5991,3,1086.572,598.6083,12932.0,801.0,132.7894,1.0,1.2304,513.0,29.5028,0.4662,0.636,915,1251,533,829,171.8463
12,293.5991,4,1481.3678,587.5523,15630.0,1922.0,182.6828,0.5533,1.8852,506.0,21.7493,0.6119,0.7592,1251,1582,533,829,171.8463
12,293.9997,1,507.2991,624.551,15702.0,265.0,165.6825,0.8366,1.6428,543.0,18.7986,0.7171,0.8353,257,588,533,829,171.8463
12,293.9997,2,804.8208,634.6176,14188.0,436.0,209.886,0.9567,2.6307,518.0,35.8961,0.5779,0.7325,588,915,533,829,171.8463
12,293.9997,3,1102.3288,586.1784,12212.0,1045.0,148.8378,0.7813,1.5275,511.0,25.933,0.5655,0.7225,915,1251,533,829,171.8463
12,293.9997,4,1496.0543,585.7866,14174.0,2002.0,160.8454,0.6784,1.6774,500.0,23.2661,0.6054,0.7542,1251,1582,533,829,171.8463
12,294.4002,1,503.8068,609.2706,14687.0,404.0,165.6635,0.8668,1.4924,517.0,21.2664,0.7007,0.824,257,588,533,829,171.8463
12,294.4002,2,799.3639,622.2174,15454.0,1200.0,218.0183,0.9628,2.6422,508.0,35.6399,0.6273,0.7709,588,915,533,829,171.8463
12,294.4002,3,1101.2057,589.4634,14303.0,1332.0,198.9124,0.637,2.3542,509.0,25.112,0.5751,0.7302,915,1251,533,829,171.8463
12,294.4002,4,1519.2005,580.2675,10629.0,1359.0,128.9964,0.9017,1.3269,507.0,30.1043,0.5271,0.6903,1251,1582,533,829,171.8463
12,294.8007,1,503.7566,620.7305,14841.0,170.0,152.8177,0.8851,1.4261,539.0,22.4437,0.7204,0.8375,257,588,533,829,171.8463
12,294.8007,2,790.7296,623.6374,14432.0,757.0,210.7795,0.8986,2.5677,512.0,32.5822,0.6092,0.7571,588,915,533,829,171.8463
12,294.8007,3,1078.3447,583.9766,14546.0,1240.0,207.419,0.4374,2.7628,511.0,34.7297,0.4187,0.5902,915,1251,533,829,171.8463
12,294.8007,4,1528.7922,587.6508,8441.0,1404.0,119.1775,0.9994,1.7112,503.0,26.0368,0.5122,0.6774,1251,1582,533,829,171.8463
12,295.2013,1,500.4426,619.6172,14396.0,104.0,147.7148,0.9363,1.3525,539.0,18.7765,0.7221,0.8386,257,588,533,829,171.8463
12,295.2013,2,790.3251,613.4029,12935.0,833.0,178.6431,0.9074,2.1737,509.0,34.3991,0.6672,0.8004,588,915,533,829,171.8463
12,295.2013,3,1019.2791,577.85,11753.0,1319.0,159.7006,0.4846,2.0264,509.0,45.4992,0.2569,0.4088,915,1251,533,829,171.8463
12,295.2013,4,1536.2141,563.4755,6113.0,1174.0,115.1,0.993,1.725,509.0,21.6931,0.6641,0.7981,1251,1582,533,829,171.8463
12,295.6018,1,492.5707,609.8958,14634.0,554.0,153.332,0.9917,1.3221,514.0,20.5075,0.7327,0.8457,257,588,533,829,171.8463
12,295.6018,2,799.011,607.479,11879.0,579.0,143.0134,0.9648,1.5973,517.0,37.1726,0.4437,0.6147,588,915,533,829,171.8463
12,295.6018,3,992.2308,590.8626,9097.0,1135.0,125.7687,0.9137,1.808,508.0,31.0701,0.3497,0.5182,915,1251,533,829,171.8463
12,295.6018,4,1531.217,580.545,8398.0,1034.0,111.2299,0.9754,1.3777,512.0,25.447,0.6025,0.752,1251,1582,533,829,171.8463
12,296.0024,1,487.8716,621.9561,15085.0,198.0,156.0861,0.9669,1.412,524.0,21.9795,0.6806,0.8099,257,588,533,829,171.8463
12,296.0024,2,790.1572,586.1698,10981.0,972.0,161.2792,0.9148,1.8303,511.0,30.868,0.5951,0.7462,588,915,533,829,171.8463
12,296.0024,3,976.0179,578.7185,8363.0,1251.0,144.106,0.9186,2.199,503.0,19.4445,0.637,0.7782,915,1251,533,829,171.8463
12,296.0024,4,1519.2885,584.5177,9552.0,935.0,130.044,0.9947,1.5152,512.0,28.9229,0.5784,0.7329,1251,1582,533,829,171.8463
12,296.4029,1,478.565,620.5673,14498.0,97.0,147.7477,0.9936,1.2929,527.0,23.8691,0.6592,0.7946,257,588,533,829,171.8463
12,296.4029,2,777.9256,600.1472,12760.0,809.0,161.0543,0.8675,1.8138,515.0,40.5807,0.5092,0.6748,588,915,533,829,171.8463
12,296.4029,3,995.7198,596.345,10103.0,572.0,158.3503,0.7719,2.1898,517.0,30.2726,0.5435,0.7042,915,1251,533,829,171.8463
12,296.4029,4,1508.9241,592.1919,10149.0,658.0,132.2618,0.9958,1.496,515.0,26.833,0.6554,0.7918,1251,1582,533,829,171.8463
12,296.8035,1,470.4702,605.699,14121.0,642.0,150.2309,0.9957,1.3197,513.0,26.9965,0.6289,0.7722,257,588,533,829,171.8463
12,296.8035,2,756.9992,594.7209,12934.0,889.0,177.0444,0.783,2.0557,515.0,41.9736,0.5346,0.6967,588,915,533,829,171.8463
12,296.8035,3,997.259,583.3843,10191.0,1229.0,181.5606,0.7499,2.5529,500.0,25.0791,0.632,0.7745,915,1251,533,829,171.8463
12,296.8035,4,1493.359,599.5469,11651.0,962.0,135.589,0.9969,1.472,510.0,29.4849,0.5541,0.7131,1251,1582,533,829,171.8463
12,297.204,1,466.5078,615.8679,14272.0,209.0,153.869,0.9236,1.4457,523.0,25.8423,0.6434,0.783,257,588,533,829,171.8463
12,297.204,2,734.2336,597.1069,13682.0,1156.0,183.1922,0.7972,2.1112,513.0,44.6777,0.4737,0.6428,588,915,533,829,171.8463
12,297.204,3,993.6828,592.1715,10901.0,845.0,165.6088,0.8111,2.1936,516.0,23.0129,0.6488,0.787,915,1251,533,829,171.8463
12,297.204,4,1482.7483,592.0068,11355.0,1100.0,134.7713,0.931,1.4585,510.0,27.3036,0.5842,0.7375,1251,1582,533,829,171.8463
12,297.6046,1,459.5617,618.2042,14334.0,145.0,150.9859,0.9568,1.381,525.0,23.2591,0.7047,0.8267,257,588,533,829,171.8463
12,297.6046,2,711.2742,593.1692,13213.0,856.0,174.6134,0.7261,1.9843,516.0,42.8822,0.5021,0.6685,588,915,533,829,171.8463
12,297.6046,3,988.9253,601.8126,10344.0,762.0,157.3658,0.8221,2.1207,515.0,24.1227,0.5985,0.7488,915,1251,533,829,171.8463
12,297.6046,4,1473.6057,591.3593,12198.0,1320.0,147.5401,0.8372,1.6567,509.0,23.0665,0.6312,0.7739,1251,1582,533,829,171.8463
12,298.0051,1,451.489,607.799,13857.0,401.0,142.9062,0.9841,1.2718,522.0,22.8665,0.707,0.8283,257,588,533,829,171.8463
12,298.0051,2,696.8871,602.3847,13047.0,547.0,173.6982,0.8055,1.9399,520.0,40.3704,0.5329,0.6953,588,915,533,829,171.8463
12,298.0051,3,984.5005,589.4441,9404.0,905.0,130.2772,0.9121,1.6467,512.0,26.5145,0.5853,0.7384,915,1251,533,829,171.8463
12,298.0051,4,1472.5637,597.6011,13392.0,1298.0,163.4991,0.799,1.8343,511.0,22.2999,0.6821,0.811,1251,1582,533,829,171.8463
12,298.4056,1,444.6758,606.4832,13836.0,454.0,139.4522,0.9839,1.2264,521.0,21.8055,0.6906,0.817,257,588,533,829,171.8463
12,298.4056,2,689.4145,604.396,13295.0,647.0,176.9544,0.8091,2.0133,519.0,24.6661,0.7122,0.8319,588,915,533,829,171.8463
12,298.4056,3,975.2681,586.4168,8399.0,967.0,114.969,0.9996,1.431,511.0,28.3599,0.5744,0.7297,915,1251,533,829,171.8463
12,298.4056,4,1481.0132,596.4546,13776.0,1314.0,154.9502,0.7063,1.6465,512.0,27.2978,0.6098,0.7576,1251,1582,533,829,171.8463
12,298.8062,1,440.594,611.7211,14377.0,322.0,158.7577,0.7758,1.5651,525.0,28.5946,0.5835,0.737,257,588,533,829,171.8463
12,298.8062,2,685.3824,604.1445,12895.0,862.0,171.8381,0.8128,2.0665,515.0,25.3309,0.6747,0.8057,588,915,533,829,171.8463
12,298.8062,3,973.1435,579.0296,9008.0,1124.0,134.3188,0.8222,1.6353,509.0,27.4357,0.5757,0.7307,915,1251,533,829,171.8463
12,298.8062,4,1501.0946,581.391,11704.0,1534.0,133.7159,0.7916,1.3494,505.0,33.7572,0.5403,0.7016,1251,1582,533,829,171.8463
12,299.2067,1,431.2793,598.9506,15623.0,588.0,190.0783,0.5013,1.9677,521.0,29.3341,0.5614,0.7191,257,588,533,829,171.8463
12,299.2067,2,678.1832,612.9198,12934.0,681.0,170.6789,0.855,2.0464,517.0,25.1458,0.624,0.7684,588,915,533,829,171.8463
12,299.2067,3,984.2228,571.9929,9680.0,794.0,138.4676,0.5614,1.5402,514.0,23.8815,0.6309,0.7737,915,1251,533,829,171.8463
12,299.2067,4,1521.4214,585.7079,10740.0,1367.0,127.3195,0.9618,1.3134,508.0,36.7968,0.4993,0.666,1251,1582,533,829,171.8463
12,299.6073,1,406.696,597.7131,15913.0,372.0,197.4369,0.4907,2.0615,525.0,32.4092,0.5523,0.7116,257,588,533,829,171.8463
12,299.6073,2,675.0225,609.2301,13522.0,751.0,171.1155,0.8336,2.0199,516.0,19.4564,0.7199,0.8372,588,915,533,829,171.8463
12,299.6073,3,996.7655,582.0335,13158.0,916.0,165.0101,0.5056,1.7151,512.0,26.4393,0.5886,0.741,915,1251,533,829,171.8463
12,299.6073,4,1522.4341,588.5131,11133.0,1492.0,131.5448,0.8699,1.4544,511.0,28.292,0.634,0.776,1251,1582,533,829,171.8463
12,300.0078,1,386.7915,611.7779,18015.0,1560.0,199.4325,0.8752,1.8774,498.0,40.3953,0.4074,0.5789,257,588,533,829,171.8463
12,300.0078,2,673.9606,607.8726,13506.0,866.0,166.2828,0.8646,1.8833,513.0,22.8789,0.6918,0.8178,588,915,533,829,171.8463
12,300.0078,3,1015.1153,589.5306,13864.0,695.0,167.1215,0.5242,1.7372,516.0,28.9341,0.5446,0.7052,915,1251,533,829,171.8463
12,300.0078,4,1524.3936,581.1358,10490.0,1533.0,130.1947,0.802,1.4186,512.0,18.6162,0.7421,0.852,1251,1582,533,829,171.8463
12,300.4084,1,369.4263,632.1273,18426.0,121.0,229.8031,0.6329,2.4193,547.0,45.0713,0.3701,0.5403,257,588,533,829,171.8463
12,300.4084,2,670.7177,608.9194,13728.0,523.0,173.3706,0.7969,1.9034,518.0,20.8877,0.7115,0.8315,588,915,533,829,171.8463
12,300.4084,3,1033.1516,594.8809,13732.0,685.0,154.779,0.6158,1.5517,515.0,25.8364,0.577,0.7318,915,1251,533,829,171.8463
12,300.4084,4,1521.16,571.6575,11252.0,1873.0,162.2951,0.7281,1.7024,506.0,19.7086,0.7353,0.8475,1251,1582,533,829,171.8463
12,300.8089,1,365.1877,649.8808,17678.0,0.0,223.7267,0.6718,2.445,545.0,30.0526,0.5544,0.7133,257,588,533,829,171.8463
12,300.8089,2,670.1477,602.5463,13572.0,543.0,158.0003,0.8087,1.5698,517.0,24.8225,0.6712,0.8032,588,915,533,829,171.8463
12,300.8089,3,1045.7426,597.6036,14101.0,799.0,157.1145,0.7002,1.5704,511.0,20.7419,0.6202,0.7656,915,1251,533,829,171.8463
12,300.8089,4,1509.9685,570.5249,12559.0,1752.0,174.1064,0.6039,1.7773,506.0,20.6858,0.7392,0.85,1251,1582,533,829,171.8463
12,301.2095,1,357.6058,639.6698,16479.0,0.0,214.3585,0.6932,2.4147,547.0,18.8395,0.7401,0.8507,257,588,533,829,171.8463
12,301.2095,2,674.6584,605.8668,14637.0,645.0,154.3797,0.8476,1.4001,514.0,20.3715,0.7657,0.8673,588,915,533,829,171.8463
12,301.2095,3,1062.6326,592.1533,13934.0,1042.0,134.4228,0.9924,1.169,507.0,26.5073,0.5329,0.6953,915,1251,533,829,171.8463
12,301.2095,4,1501.1138,586.2553,13864.0,826.0,161.2979,0.4405,1.6159,517.0,31.1532,0.6256,0.7697,1251,1582,533,829,171.8463
12,301.61,1,353.1241,638.3697,17697.0,127.0,196.5906,0.7771,2.0354,545.0,24.7689,0.6243,0.7687,257,588,533,829,171.8463
12,301.61,2,672.8298,601.3838,15033.0,724.0,143.5534,0.9597,1.1413,512.0,23.0325,0.6579,0.7937,588,915,533,829,171.8463
12,301.61,3,1059.293,595.2959,13813.0,1150.0,142.9841,0.9982,1.2989,502.0,19.2609,0.6854,0.8133,915,1251,533,829,171.8463
12,301.61,4,1480.1773,585.4202,13038.0,1214.0,151.766,0.5265,1.6099,509.0,34.1209,0.5391,0.7005,1251,1582,533,829,171.8463
12,302.0105,1,355.1747,622.8392,16196.0,375.0,196.0056,0.662,2.1829,546.0,22.1831,0.6726,0.8042,257,588,533,829,171.8463
12,302.0105,2,687.7404,607.2144,16088.0,642.0,153.6222,0.9663,1.2605,513.0,29.6208,0.5906,0.7426,588,915,533,829,171.8463
12,302.0105,3,1052.155,583.5627,13331.0,865.0,180.0814,0.5913,2.0024,515.0,28.0806,0.4955,0.6627,915,1251,533,829,171.8463
12,302.0105,4,1457.2384,581.6325,11979.0,1205.0,147.5072,0.5207,1.6101,508.0,30.4463,0.5225,0.6864,1251,1582,533,829,171.8463
12,302.4111,1,358.3281,623.5861,15658.0,164.0,183.1952,0.6488,2.0044,527.0,25.0734,0.6128,0.7599,257,588,533,829,171.8463
12,302.4111,2,700.5687,617.1542,15902.0,382.0,152.1624,0.9972,1.3137,518.0,26.0733,0.6165,0.7627,588,915,533,829,171.8463
12,302.4111,3,1036.3408,576.0066,12302.0,1351.0,186.0581,0.617,2.315,508.0,19.0154,0.7216,0.8383,915,1251,533,829,171.8463
12,302.4111,4,1442.2961,587.9595,12173.0,882.0,147.7059,0.6163,1.5797,511.0,33.0417,0.5576,0.716,1251,1582,533,829,171.8463
12,302.8116,1,359.3517,609.8325,13222.0,260.0,149.6989,0.7879,1.6096,525.0,27.1068,0.5693,0.7256,257,588,533,829,171.8463
12,302.8116,2,721.9573,616.9851,15724.0,449.0,158.8051,0.9329,1.4421,516.0,26.2278,0.5629,0.7204,588,915,533,829,171.8463
12,302.8116,3,1007.9276,578.8513,11684.0,1136.0,172.7808,0.6595,2.0527,511.0,34.0064,0.4606,0.6307,915,1251,533,829,171.8463
12,302.8116,4,1427.9979,589.7192,12470.0,890.0,150.8292,0.7064,1.5892,509.0,26.0038,0.63,0.773,1251,1582,533,829,171.8463
12,303.2122,1,349.285,611.4336,10926.0,297.0,119.27,0.9748,1.3204,524.0,26.1254,0.5387,0.7002,257,588,533,829,171.8463
12,303.2122,2,736.8699,610.8894,14828.0,365.0,154.6416,0.9936,1.3993,519.0,30.8766,0.5462,0.7065,588,915,533,829,171.8463
12,303.2122,3,993.702,594.994,9951.0,681.0,138.0332,0.7631,1.7742,516.0,31.4043,0.4439,0.6148,915,1251,533,829,171.8463
12,303.2122,4,1412.2311,593.7761,13121.0,1372.0,133.7318,0.998,1.2332,506.0,29.6102,0.5292,0.6921,1251,1582,533,829,171.8463
12,303.6127,1,347.2052,606.5084,10999.0,198.0,119.6323,0.8823,1.2618,527.0,20.7601,0.5932,0.7446,257,588,533,829,171.8463
12,303.6127,2,743.1643,615.1592,15467.0,688.0,164.9466,0.9795,1.5614,511.0,23.6753,0.6508,0.7884,588,915,533,829,171.8463
12,303.6127,3,974.4182,588.7665,7434.0,864.0,116.5932,0.9096,1.7216,514.0,21.795,0.5346,0.6967,915,1251,533,829,171.8463
12,303.6127,4,1400.6139,576.1461,13480.0,1906.0,189.5229,0.5499,2.2709,503.0,34.3909,0.4432,0.6142,1251,1582,533,829,171.8463
12,304.0133,1,351.5899,598.0574,10172.0,217.0,126.4265,0.8752,1.4354,526.0,19.1907,0.7073,0.8286,257,588,533,829,171.8463
12,304.0133,2,755.0511,610.9839,14746.0,665.0,161.143,0.9748,1.5325,512.0,29.5881,0.5909,0.7429,588,915,533,829,171.8463
12,304.0133,3,976.5586,564.6602,5238.0,680.0,104.6289,0.9598,1.7119,515.0,20.6779,0.6236,0.7682,915,1251,533,829,171.8463
12,304.0133,4,1432.2585,572.0562,14642.0,2110.0,222.0878,0.3657,2.9852,506.0,31.1213,0.5393,0.7007,1251,1582,533,829,171.8463
12,304.4138,1,351.1917,603.186,10623.0,84.0,131.5379,1.0,1.3853,529.0,24.6003,0.6467,0.7855,257,588,533,829,171.8463
12,304.4138,2,762.5986,610.6926,14877.0,725.0,169.4959,0.9737,1.6522,509.0,20.7143,0.7421,0.852,588,915,533,829,171.8463
12,304.4138,3,984.276,565.9002,5972.0,683.0,107.937,0.9273,1.5673,514.0,20.9826,0.6754,0.8062,915,1251,533,829,171.8463
12,304.4138,4,1477.8244,573.6903,13438.0,1629.0,175.5554,0.3775,2.0048,508.0,43.1301,0.3586,0.5278,1251,1582,533,829,171.8463
12,304.8144,1,367.6521,594.0368,10388.0,356.0,148.9255,0.8164,1.796,526.0,37.5015,0.5347,0.6968,257,588,533,829,171.8463
12,304.8144,2,771.1584,617.0839,14978.0,384.0,180.1314,0.8285,1.888,520.0,27.7597,0.5992,0.7494,588,915,533,829,171.8463
12,304.8144,3,993.4994,571.4831,7162.0,793.0,114.7847,0.9736,1.5181,513.0,22.8622,0.6366,0.778,915,1251,533,829,171.8463
12,304.8144,4,1512.4561,580.42,11514.0,1900.0,128.3925,0.9331,1.3475,502.0,36.1401,0.4049,0.5764,1251,1582,533,829,171.8463
12,305.2149,1,402.151,596.7818,11977.0,286.0,152.6235,0.7137,1.6914,526.0,54.5295,0.3504,0.5189,257,588,533,829,171.8463
12,305.2149,2,774.9725,624.549,15986.0,348.0,188.8395,0.7748,2.0256,522.0,20.5436,0.7119,0.8317,588,915,533,829,171.8463
12,305.2149,3,1002.3422,570.7568,6839.0,670.0,107.6592,0.9702,1.3507,518.0,20.2665,0.663,0.7974,915,1251,533,829,171.8463
12,305.2149,4,1527.4033,589.7483,9278.0,1307.0,134.8854,0.996,1.8184,507.0,25.7395,0.531,0.6936,1251,1582,533,829,171.8463
12,305.6154,1,434.1824,608.1357,13729.0,343.0,193.8849,0.7941,2.3124,523.0,58.9414,0.329,0.4951,257,588,533,829,171.8463
12,305.6154,2,775.731,619.522,15275.0,589.0,195.6942,0.848,2.1387,517.0,21.2011,0.7215,0.8382,588,915,533,829,171.8463
12,305.6154,3,1016.2583,575.2612,8339.0,718.0,126.7712,0.7278,1.6419,516.0,32.0266,0.53,0.6928,915,1251,533,829,171.8463
12,305.6154,4,1530.1879,583.7103,7816.0,1001.0,115.6199,0.9958,1.6163,510.0,18.9987,0.6695,0.802,1251,1582,533,829,171.8463
12,306.016,1,448.3636,618.7631,12835.0,297.0,184.3322,0.8448,2.4471,522.0,46.6083,0.4712,0.6406,257,588,533,829,171.8463
12,306.016,2,776.2274,612.5205,13541.0,573.0,146.5393,0.9417,1.479,516.0,29.8189,0.5495,0.7093,588,915,533,829,171.8463
12,306.016,3,1038.5379,571.9219,8481.0,776.0,132.1987,0.6945,1.6894,517.0,35.7703,0.5233,0.687,915,1251,533,829,171.8463
12,306.016,4,1536.8074,580.6391,7956.0,961.0,142.066,0.9992,2.0349,510.0,17.5726,0.7023,0.8251,1251,1582,533,829,171.8463
12,306.4165,1,465.4077,618.3032,12821.0,438.0,183.4877,0.7635,2.4241,522.0,37.2044,0.4971,0.6641,257,588,533,829,171.8463
12,306.4165,2,756.4542,586.4107,10421.0,593.0,133.7361,0.9877,1.3854,514.0,29.1639,0.5731,0.7287,588,915,533,829,171.8463
12,306.4165,3,1061.9146,577.1574,10239.0,910.0,148.6979,0.6696,1.8068,516.0,37.1702,0.4812,0.6498,915,1251,533,829,171.8463
12,306.4165,4,1536.6836,604.1164,9106.0,807.0,128.072,0.9937,1.7889,511.0,18.9664,0.6935,0.819,1251,1582,533,829,171.8463
12,306.8171,1,484.2839,598.256,11211.0,640.0,169.5707,0.7242,2.317,519.0,34.9293,0.5401,0.7014,257,588,533,829,171.8463
12,306.8171,2,764.9572,587.7118,11272.0,1055.0,145.0589,0.9681,1.5861,506.0,21.2949,0.7123,0.832,588,915,533,829,171.8463
12,306.8171,3,1086.8323,578.3534,11102.0,1108.0,156.8853,0.5955,1.9639,514.0,42.5904,0.4307,0.6021,915,1251,533,829,171.8463
12,306.8171,4,1529.0093,596.3715,9447.0,912.0,134.0848,0.9944,1.7725,510.0,21.2195,0.6042,0.7533,1251,1582,533,829,171.8463
12,307.2176,1,499.5179,607.5156,10959.0,507.0,164.1177,0.8167,2.2855,520.0,45.4083,0.4147,0.5863,257,588,533,829,171.8463
12,307.2176,2,769.6413,604.0519,12412.0,688.0,170.448,0.9533,1.9823,515.0,25.3225,0.7222,0.8387,588,915,533,829,171.8463
12,307.2176,3,1113.7015,582.8192,11449.0,1024.0,158.4794,0.6214,1.9885,514.0,45.7062,0.4105,0.5821,915,1251,533,829,171.8463
12,307.2176,4,1526.3645,593.4262,10226.0,1008.0,137.9278,0.9685,1.6691,509.0,21.7448,0.6739,0.8052,1251,1582,533,829,171.8463
12,307.6182,1,507.4641,616.451,10422.0,167.0,163.0947,0.8031,2.3541,527.0,28.2579,0.5967,0.7474,257,588,533,829,171.8463
12,307.6182,2,773.661,619.0537,12116.0,343.0,190.4476,0.9656,2.3865,520.0,27.8475,0.7128,0.8324,588,915,533,829,171.8463
12,307.6182,3,1135.7216,586.6563,11668.0,975.0,156.0228,0.681,1.8964,515.0,41.0884,0.4502,0.6208,915,1251,533,829,171.8463
12,307.6182,4,1529.2222,583.5376,10282.0,1350.0,150.6374,0.9928,1.7823,504.0,21.3319,0.7245,0.8403,1251,1582,533,829,171.8463
12,308.0187,1,508.7752,619.0874,10807.0,215.0,164.5906,0.8194,2.3072,525.0,16.2051,0.8038,0.8912,257,588,533,829,171.8463
12,308.0187,2,773.2512,618.2723,12402.0,448.0,177.6027,0.9944,2.1462,517.0,23.1536,0.7872,0.8809,588,915,533,829,171.8463
12,308.0187,3,1147.7203,591.656,11452.0,847.0,151.3245,0.7204,1.8303,516.0,34.4043,0.5652,0.7222,915,1251,533,829,171.8463
12,308.0187,4,1520.9509,595.0916,11727.0,973.0,133.5079,0.9404,1.3537,512.0,23.5878,0.697,0.8215,1251,1582,533,829,171.8463
12,308.4193,1,512.1099,624.6525,11924.0,187.0,167.6332,0.8726,2.1627,526.0,22.7172,0.6571,0.7931,257,588,533,829,171.8463
12,308.4193,2,772.9752,628.2044,13486.0,424.0,189.7111,0.9988,2.3283,518.0,22.7451,0.7556,0.8608,588,915,533,829,171.8463
12,308.4193,3,1156.2088,597.2755,11476.0,1106.0,146.7407,0.849,1.7815,510.0,31.3684,0.5573,0.7157,915,1251,533,829,171.8463
12,308.4193,4,1509.0148,584.233,12840.0,1526.0,132.0374,0.9985,1.127,505.0,30.5311,0.6427,0.7825,1251,1582,533,829,171.8463
12,308.8198,1,511.2928,615.9207,11922.0,587.0,175.4577,0.8692,2.2615,515.0,21.5542,0.6658,0.7994,257,588,533,829,171.8463
12,308.8198,2,762.786,623.9162,14521.0,868.0,191.7986,0.9521,2.3238,509.0,37.1926,0.5258,0.6892,588,915,533,829,171.8463
12,308.8198,3,1159.6558,594.8694,12449.0,1406.0,144.207,0.8405,1.6117,506.0,25.1878,0.6332,0.7754,915,1251,533,829,171.8463
12,308.8198,4,1495.5923,585.1523,14008.0,2052.0,149.6726,0.8025,1.4397,497.0,28.6902,0.5947,0.7458,1251,1582,533,829,171.8463
12,309.2203,1,505.0644,617.1682,12916.0,605.0,177.1212,0.9121,2.0553,513.0,16.9799,0.7103,0.8306,257,588,533,829,171.8463
12,309.2203,2,747.8168,618.0172,14342.0,806.0,188.3758,0.9271,2.2291,513.0,28.1768,0.6381,0.7791,588,915,533,829,171.8463
12,309.2203,3,1155.9734,579.9842,10965.0,1113.0,127.5337,0.6581,1.2798,511.0,27.593,0.5924,0.744,915,1251,533,829,171.8463
12,309.2203,4,1479.2959,589.0055,12911.0,1524.0,125.8669,0.7998,1.1267,504.0,29.3959,0.5574,0.7158,1251,1582,533,829,171.8463
12,309.6209,1,509.742,603.6634,11779.0,466.0,157.3068,0.8736,1.7613,519.0,22.7766,0.6662,0.7997,257,588,533,829,171.8463
12,309.6209,2,747.6558,604.462,13617.0,1139.0,213.2302,0.8236,2.7586,511.0,31.9417,0.5859,0.7389,588,915,533,829,171.8463
12,309.6209,3,1159.779,576.9898,10636.0,980.0,121.1877,0.2244,1.1582,513.0,24.3826,0.6787,0.8086,915,1251,533,829,171.8463
12,309.6209,4,1473.7099,585.7636,13734.0,1618.0,132.4923,0.3748,1.1171,505.0,22.1164,0.6879,0.8151,1251,1582,533,829,171.8463
12,310.0214,1,514.4923,605.6454,12427.0,291.0,127.4094,0.9812,1.1276,521.0,27.1159,0.5891,0.7414,257,588,533,829,171.8463
12,310.0214,2,756.0002,598.411,13468.0,1054.0,187.7056,0.7561,2.279,511.0,23.1331,0.7299,0.8439,588,915,533,829,171.8463
12,310.0214,3,1149.6209,574.8355,10349.0,1027.0,132.3299,0.5478,1.3944,510.0,29.849,0.57,0.7261,915,1251,533,829,171.8463
12,310.0214,4,1475.7984,593.0501,15117.0,1347.0,132.1063,0.508,1.0275,505.0,22.2339,0.6669,0.8002,1251,1582,533,829,171.8463
12,310.422,1,507.857,601.1724,13016.0,463.0,142.4571,0.9097,1.2609,517.0,24.5557,0.6475,0.7861,257,588,533,829,171.8463
12,310.422,2,776.1939,588.5511,13160.0,1413.0,184.7509,0.7573,2.2323,507.0,36.8793,0.5653,0.7223,588,915,533,829,171.8463
12,310.422,3,1124.3086,576.936,10811.0,1092.0,149.7022,0.6702,1.7572,508.0,38.1781,0.4968,0.6638,915,1251,533,829,171.8463
12,310.422,4,1470.7141,585.3997,15255.0,1564.0,139.5238,0.7806,1.106,505.0,21.6368,0.6945,0.8197,1251,1582,533,829,171.8463
12,310.8225,1,494.08,613.5121,13638.0,182.0,140.0128,0.9974,1.2412,525.0,27.0882,0.6341,0.7761,257,588,533,829,171.8463
12,310.8225,2,788.3876,600.2934,13043.0,960.0,181.7071,0.7855,2.2181,511.0,42.2623,0.5247,0.6882,588,915,533,829,171.8463
12,310.8225,3,1097.0567,580.7428,10942.0,899.0,135.1272,0.6709,1.4601,511.0,40.999,0.41,0.5815,915,1251,533,829,171.8463
12,310.8225,4,1455.4729,585.0874,16423.0,1886.0,205.2039,0.4573,2.236,507.0,30.916,0.5003,0.667,1251,1582,533,829,171.8463
12,311.2231,1,479.0331,607.5942,12827.0,189.0,137.1421,1.0,1.2356,524.0,28.89,0.586,0.7389,257,588,533,829,171.8463
12,311.2231,2,810.3956,605.955,13258.0,898.0,179.5726,0.7879,2.2098,514.0,44.3327,0.4581,0.6283,588,915,533,829,171.8463
12,311.2231,3,1068.796,583.0478,12417.0,898.0,162.8565,0.501,1.8804,513.0,37.244,0.4202,0.5917,915,1251,533,829,171.8463
12,311.2231,4,1460.3196,576.5241,14946.0,2072.0,209.3018,0.4357,2.4893,504.0,19.5907,0.6832,0.8118,1251,1582,533,829,171.8463
12,311.6236,1,464.2788,604.8174,13116.0,331.0,143.6561,0.9768,1.3263,521.0,28.8061,0.6121,0.7594,257,588,533,829,171.8463
12,311.6236,2,826.4564,610.7199,13029.0,1047.0,171.083,0.8995,2.0511,510.0,42.5142,0.4875,0.6555,588,915,533,829,171.8463
12,311.6236,3,1040.0786,583.017,13296.0,1157.0,178.1499,0.4474,2.1109,512.0,32.3533,0.4531,0.6237,915,1251,533,829,171.8463
12,311.6236,4,1478.3579,581.7427,13883.0,1814.0,172.8585,0.4879,1.9626,505.0,26.9948,0.5648,0.7218,1251,1582,533,829,171.8463
12,312.0242,1,449.4628,611.2279,14141.0,242.0,155.7983,0.8368,1.4946,525.0,28.2003,0.6061,0.7547,257,588,533,829,171.8463
12,312.0242,2,840.8114,614.0029,11736.0,710.0,167.5194,0.9233,2.1193,515.0,34.3946,0.5293,0.6922,588,915,533,829,171.8463
12,312.0242,3,1024.21,585.4718,12631.0,1025.0,169.7834,0.5057,2.0116,513.0,25.4273,0.5757,0.7307,915,1251,533,829,171.8463
12,312.0242,4,1501.5655,586.0916,13201.0,1531.0,133.6786,0.6557,1.2266,508.0,28.9269,0.4917,0.6592,1251,1582,533,829,171.8463
12,312.4247,1,424.8062,604.6578,14949.0,524.0,170.4199,0.6909,1.6525,520.0,35.0378,0.5058,0.6718,257,588,533,829,171.8463
12,312.4247,2,846.6799,615.7158,11270.0,530.0,162.4653,0.9127,2.1047,518.0,21.8383,0.7107,0.8309,588,915,533,829,171.8463
12,312.4247,3,994.4885,569.4764,8854.0,997.0,148.9331,0.6007,2.0363,512.0,23.3148,0.5869,0.7397,915,1251,533,829,171.8463
12,312.4247,4,1523.3835,582.0989,10417.0,1370.0,128.9766,0.9347,1.5063,506.0,27.6937,0.5258,0.6892,1251,1582,533,829,171.8463
12,312.8252,1,396.5711,608.4819,16322.0,232.0,193.2512,0.5698,1.957,525.0,39.8075,0.428,0.5995,257,588,533,829,171.8463
12,312.8252,2,848.9185,611.0551,11381.0,475.0,159.3404,0.9447,1.9784,527.0,23.3749,0.7042,0.8265,588,915,533,829,171.8463
12,312.8252,3,985.6886,581.6768,7351.0,732.0,116.5382,0.8565,1.7416,515.0,25.0934,0.4989,0.6657,915,1251,533,829,171.8463
12,312.8252,4,1522.9504,593.3359,8322.0,1057.0,112.8881,0.977,1.5953,509.0,23.1668,0.5973,0.7479,1251,1582,533,829,171.8463
12,313.2258,1,368.3896,617.2153,17614.0,209.0,184.7726,0.6633,1.6618,526.0,36.3375,0.4567,0.6271,257,588,533,829,171.8463
12,313.2258,2,845.9921,605.9498,11705.0,585.0,160.1484,0.9515,1.885,516.0,22.2518,0.7654,0.8671,588,915,533,829,171.8463
12,313.2258,3,972.3269,564.6183,5096.0,656.0,107.702,0.9398,1.7987,515.0,20.9224,0.6171,0.7632,915,1251,533,829,171.8463
12,313.2258,4,1535.5109,571.6577,7027.0,1119.0,113.9283,1.0,1.6141,510.0,21.8059,0.5904,0.7425,1251,1582,533,829,171.8463
12,313.6263,1,354.6628,617.2746,15477.0,143.0,176.3142,0.6816,1.8037,528.0,24.4157,0.6374,0.7786,257,588,533,829,171.8463
12,313.6263,2,845.0224,604.1235,12842.0,785.0,192.1719,0.9887,2.1503,511.0,20.906,0.7651,0.8669,588,915,533,829,171.8463
12,313.6263,3,979.2396,563.6108,5539.0,818.0,95.7718,0.8598,1.4719,526.0,23.7866,0.5873,0.74,915,1251,533,829,171.8463
12,313.6263,4,1533.1084,574.9668,7552.0,1113.0,130.3818,0.9927,1.8127,510.0,16.4233,0.762,0.8649,1251,1582,533,829,171.8463
12,314.0269,1,346.3549,619.1069,15422.0,72.0,176.6205,0.6779,1.8479,541.0,18.7221,0.7017,0.8247,257,588,533,829,171.8463
12,314.0269,2,842.5139,590.4738,12118.0,963.0,165.1616,0.8826,1.7861,509.0,36.4798,0.5668,0.7235,588,915,533,829,171.8463
12,314.0269,3,995.064,564.3563,6487.0,830.0,93.2449,0.9199,1.1307,515.0,27.9692,0.4473,0.6182,915,1251,533,829,171.8463
12,314.0269,4,1527.3167,579.4019,8577.0,910.0,118.1755,0.9968,1.4093,511.0,22.8927,0.6619,0.7966,1251,1582,533,829,171.8463
12,314.4274,1,345.2255,617.5211,14849.0,229.0,171.3224,0.7356,1.7889,544.0,14.6931,0.7998,0.8888,257,588,533,829,171.8463
12,314.4274,2,831.296,594.1221,12417.0,743.0,144.5171,0.9369,1.3905,511.0,31.2949,0.6685,0.8013,588,915,533,829,171.8463
12,314.4274,3,1021.6209,571.7069,7905.0,806.0,123.4097,0.7598,1.6152,515.0,40.8557,0.375,0.5454,915,1251,533,829,171.8463
12,314.4274,4,1518.5848,593.0297,9989.0,824.0,130.9037,0.9976,1.54,514.0,24.4242,0.6068,0.7553,1251,1582,533,829,171.8463
12,314.828,1,348.0733,617.2547,15071.0,375.0,173.9036,0.836,1.7028,521.0,15.3102,0.8059,0.8925,257,588,533,829,171.8463
12,314.828,2,822.7051,601.2307,13813.0,606.0,148.0827,0.9418,1.348,512.0,24.9684,0.7023,0.8251,588,915,533,829,171.8463
12,314.828,3,1052.5352,574.6994,9950.0,973.0,142.2153,0.598,1.7374,515.0,46.3229,0.3588,0.5281,915,1251,533,829,171.8463
12,314.828,4,1513.7556,599.0253,10841.0,701.0,146.9364,1.0,1.6891,514.0,19.9061,0.7168,0.835,1251,1582,533,829,171.8463
12,315.2285,1,345.6014,617.5808,14336.0,278.0,170.9256,0.8204,1.7336,522.0,12.7111,0.8385,0.9122,257,588,533,829,171.8463
12,315.2285,2,810.7418,604.1295,14383.0,575.0,151.9872,0.9378,1.3699,514.0,28.3369,0.6487,0.7869,588,915,533,829,171.8463
12,315.2285,3,1077.3625,581.9648,11179.0,1099.0,153.6623,0.6544,1.8912,513.0,41.8879,0.4038,0.5753,915,1251,533,829,171.8463
12,315.2285,4,1506.4504,593.251,11237.0,1018.0,130.0199,0.9962,1.369,510.0,22.3659,0.6624,0.7969,1251,1582,533,829,171.8463
12,315.6291,1,338.2351,613.58,14167.0,331.0,161.675,0.7913,1.6829,547.0,18.4948,0.7035,0.8259,257,588,533,829,171.8463
12,315.6291,2,796.3559,601.2069,14205.0,701.0,156.2874,0.9306,1.4684,511.0,26.4968,0.6498,0.7877,588,915,533,829,171.8463
12,315.6291,3,1107.7849,579.1494,11446.0,1150.0,162.0486,0.6058,2.0036,513.0,42.5729,0.4306,0.602,915,1251,533,829,171.8463
12,315.6291,4,1509.3438,590.7845,11179.0,1178.0,144.5545,0.9908,1.6213,508.0,16.5035,0.7881,0.8815,1251,1582,533,829,171.8463
12,316.0296,1,338.6109,623.2355,14915.0,291.0,164.4231,0.9967,1.5209,520.0,25.331,0.6508,0.7885,257,588,533,829,171.8463
12,316.0296,2,789.4917,606.4409,14483.0,347.0,168.4005,0.7739,1.6792,519.0,26.4508,0.6813,0.8104,588,915,533,829,171.8463
12,316.0296,3,1125.5112,582.2339,11476.0,984.0,159.9549,0.5915,2.0393,515.0,38.7233,0.5287,0.6917,915,1251,533,829,171.8463
12,316.0296,4,1513.6551,600.0634,11575.0,783.0,150.0042,0.9181,1.681,515.0,26.8416,0.6431,0.7828,1251,1582,533,829,171.8463
12,316.4301,1,331.5357,626.5201,14269.0,258.0,157.635,0.9001,1.6601,547.0,21.016,0.7054,0.8272,257,588,533,829,171.8463
12,316.4301,2,776.0798,602.347,15084.0,737.0,191.3825,0.7502,1.9939,513.0,22.8929,0.6802,0.8097,588,915,533,829,171.8463
12,316.4301,3,1133.6549,589.3493,12305.0,1234.0,168.8216,0.7421,1.9851,511.0,33.1165,0.5566,0.7151,915,1251,533,829,171.8463
12,316.4301,4,1522.5761,602.5142,11227.0,780.0,142.5278,0.9833,1.6263,513.0,26.0335,0.6282,0.7717,1251,1582,533,829,171.8463
12,316.8307,1,333.7703,623.0706,13403.0,282.0,162.9699,0.788,1.8822,543.0,26.4126,0.6113,0.7587,257,588,533,829,171.8463
12,316.8307,2,756.4624,595.0659,15153.0,1016.0,190.5394,0.7139,1.9882,509.0,28.7226,0.6347,0.7765,588,915,533,829,171.8463
12,316.8307,3,1143.2123,585.1869,11943.0,1355.0,154.7935,0.728,1.8557,507.0,24.5666,0.6484,0.7867,915,1251,533,829,171.8463
12,316.8307,4,1524.8507,603.5615,10500.0,933.0,152.3098,0.9845,2.0065,508.0,18.5751,0.7656,0.8672,1251,1582,533,829,171.8463
12,317.2312,1,324.681,627.9618,14898.0,832.0,187.9177,0.984,2.0778,514.0,30.0815,0.5524,0.7117,257,588,533,829,171.8463
12,317.2312,2,736.1945,594.7022,14817.0,899.0,171.2944,0.7336,1.6521,511.0,33.5604,0.5667,0.7235,588,915,533,829,171.8463
12,317.2312,3,1147.0651,584.3237,10620.0,1145.0,138.6043,0.7078,1.6978,511.0,23.7716,0.6958,0.8206,915,1251,533,829,171.8463
12,317.2312,4,1530.5914,599.6474,9390.0,756.0,155.5215,0.9796,2.1769,511.0,23.8323,0.6823,0.8112,1251,1582,533,829,171.8463
12,317.6318,1,328.0116,638.2442,12888.0,110.0,163.7913,0.8402,1.9316,547.0,25.3512,0.6418,0.7818,257,588,533,829,171.8463
12,317.6318,2,714.9421,598.1612,15690.0,908.0,190.3293,0.6157,2.0156,514.0,30.4149,0.5701,0.7262,588,915,533,829,171.8463
12,317.6318,3,1160.541,587.6385,10349.0,970.0,120.3134,0.8238,1.4039,514.0,31.3075,0.5143,0.6793,915,1251,533,829,171.8463
12,317.6318,4,1533.9141,603.4533,10073.0,839.0,151.9826,0.9991,1.9903,510.0,21.4524,0.6794,0.8091,1251,1582,533,829,171.8463
12,318.0323,1,328.5697,635.4833,15004.0,360.0,197.2589,0.9327,2.257,520.0,24.6856,0.6623,0.7969,257,588,533,829,171.8463
12,318.0323,2,693.4946,598.8732,14538.0,1007.0,175.3462,0.7111,1.8909,512.0,38.8523,0.4517,0.6223,588,915,533,829,171.8463
12,318.0323,3,1173.8261,581.9084,9196.0,1073.0,109.4004,0.9987,1.1806,511.0,29.0002,0.5633,0.7207,915,1251,533,829,171.8463
12,318.0323,4,1523.8825,600.1672,10465.0,794.0,144.0089,0.9595,1.7391,511.0,23.9158,0.6362,0.7777,1251,1582,533,829,171.8463
12,318.4329,1,335.4639,639.6548,17290.0,876.0,216.6302,0.9349,2.2978,515.0,25.919,0.6138,0.7607,257,588,533,829,171.8463
12,318.4329,2,671.1841,610.4785,12724.0,605.0,159.6753,0.8264,1.8625,518.0,33.4283,0.4586,0.6289,588,915,533,829,171.8463
12,318.4329,3,1170.9921,579.4129,8740.0,1046.0,117.3079,0.8139,1.3989,513.0,24.3682,0.672,0.8039,915,1251,533,829,171.8463
12,318.4329,4,1521.1965,601.7339,11183.0,954.0,145.2032,0.9751,1.6981,510.0,19.0065,0.7252,0.8407,1251,1582,533,829,171.8463
12,318.8334,1,344.9641,643.3549,14739.0,20.0,194.5614,0.7972,2.3637,546.0,30.3588,0.5459,0.7062,257,588,533,829,171.8463
12,318.8334,2,660.0352,615.6081,11967.0,458.0,156.5444,0.8857,1.9386,521.0,24.0882,0.5886,0.741,588,915,533,829,171.8463
12,318.8334,3,1159.5216,565.6411,8398.0,1189.0,135.2045,0.7023,1.7116,511.0,24.0975,0.6842,0.8125,915,1251,533,829,171.8463
12,318.8334,4,1517.5692,605.394,12197.0,1080.0,139.2941,0.9886,1.4828,509.0,21.7931,0.6699,0.8023,1251,1582,533,829,171.8463
12,319.234,1,347.4159,619.6309,16198.0,1336.0,161.5661,0.8421,1.6919,540.0,31.681,0.5235,0.6872,257,588,533,829,171.8463
12,319.234,2,657.9754,622.1824,11236.0,383.0,153.2568,0.8561,2.0405,522.0,18.4585,0.6683,0.8012,588,915,533,829,171.8463
12,319.234,3,1134.2717,565.5363,9894.0,1309.0,166.6394,0.5122,2.1824,514.0,40.4895,0.504,0.6702,915,1251,533,829,171.8463
12,319.234,4,1513.0675,590.53,12273.0,1130.0,136.6914,0.9276,1.3564,511.0,32.0225,0.5117,0.677,1251,1582,533,829,171.8463
12,319.6345,1,337.7129,614.6603,13864.0,153.0,141.6367,0.973,1.3242,542.0,35.7591,0.5161,0.6809,257,588,533,829,171.8463
12,319.6345,2,652.7178,618.579,10787.0,618.0,157.6259,0.9339,2.2275,516.0,22.6491,0.6145,0.7612,588,915,533,829,171.8463
12,319.6345,3,1097.9815,569.4137,10780.0,1124.0,186.0752,0.4749,2.5316,515.0,52.9926,0.3903,0.5615,915,1251,533,829,171.8463
12,319.6345,4,1500.5105,575.3195,11000.0,1490.0,123.4759,0.8325,1.1554,505.0,35.1011,0.5592,0.7173,1251,1582,533,829,171.8463
