video,paso,bloque,rotar,especimen,t0,t1,n,n_visto,escala_px,gx0,gx1,g_agua,g_fondo,rng,spanx,spany,path,nq,hrise,hmean,above,area,vert,elong,me,me_max,iou,dice,bx0,by0,bx1,by1,p_escalamiento,p_inmovilidad,p_nado,clase,confianza,usar
AcuBN2,12,1,0,1,0.0,5.0,13,11,174.7,280,624,466,823,0.8525400000397431,0.8416918389867685,0.13557027642826766,0.21278615127940115,2,0.1876750700280112,0.07995925642984467,0.05191079673148947,0.2980687338996073,0.6146649964157358,2.5417694946186113,49.131557031911576,66.50340427187489,0.3263784137029879,0.4833812520201023,294,403,641,941,0.0,0.0,1.0,nado,1.0,1
AcuBN2,12,2,0,1,5.0,10.0,12,12,174.7,280,624,466,823,0.761143748381561,0.7481189727094729,0.14020630646463797,0.2995370850316832,2,0.15126050420168066,0.09033613445378151,0.04963197012265042,0.33294961919332994,0.5659875254492231,2.569880817213346,46.39922368405676,57.40029084768025,0.3691366269310686,0.5290266828620701,299,438,642,971,0.0,0.0,1.0,nado,1.0,1
AcuBN2,12,3,0,1,10.0,15.0,13,13,174.7,280,624,466,823,0.827572551351437,0.7905156804612735,0.24486993832476978,0.3318871061866332,2,0.1484593837535014,0.047619047619047616,0.03548679984995421,0.3129439410268237,0.33841663941815836,2.687878937902779,42.45206855371427,62.46704247858316,0.40931566624785104,0.573332794788195,285,424,633,963,0.0,0.0,1.0,nado,1.0,1
AcuBN2,12,4,0,1,15.0,20.0,12,12,174.7,280,624,466,823,0.40905548537427683,0.35405790128179565,0.20486432743334188,0.13387448350124911,1,0.0896358543417367,0.05228758169934641,0.03164775041641727,0.27042381785315855,0.5024420246746765,2.2019595487786283,37.340357655474754,43.192281038434885,0.5007785990442208,0.6645312100721769,270,416,617,955,0.0,0.0,1.0,nado,1.0,1
AcuBN2,12,5,0,1,20.0,25.0,13,13,174.7,280,624,466,823,0.4791215137700057,0.4761528112878828,0.05325340608738276,0.12692100805589765,1,0.11764705882352941,0.06421029950441715,0.04974198718052154,0.3407664991200466,0.17150622881816416,2.70091963395176,38.137636156505216,57.806344787867154,0.5497345232926805,0.7015115754047019,262,418,609,957,0.0,0.0,1.0,nado,1.0,1
AcuBN2,12,6,0,1,25.0,30.0,12,12,174.7,280,624,466,823,0.6041627253726334,0.5537100208784183,0.2416977689357302,0.17550845512156474,2,0.08683473389355742,0.04668534080298786,0.03172144504869353,0.34118704142332107,0.14745573859254324,2.8111273506382397,36.40832665319507,49.17386321626618,0.5262009599654655,0.6820653703146222,267,416,614,955,0.0,0.0,1.0,nado,1.0,1
AcuBN2,12,7,0,1,30.0,35.0,13,13,174.7,280,624,466,823,0.5458771956298722,0.48371776921387355,0.2529803005284948,0.13712243862495593,2,0.07282913165266107,0.05042016806722689,0.032682624611544614,0.3606048421813557,0.24585909235710718,2.5573088874469097,32.408524577521945,48.5883970044554,0.6106097721441535,0.7442033043881847,270,402,617,940,0.0,0.002,0.998,nado,0.998,1
AcuBN2,12,8,0,1,35.0,40.0,12,12,174.7,280,624,466,823,0.26149979053667055,0.258422861555887,0.03999706334206814,0.0744002762068748,1,0.0896358543417367,0.06139122315592904,0.04036009360996655,0.3322235905938675,0.10240135087574975,2.752650513361177,36.43889732558758,51.0062394445487,0.5495702002543227,0.6941349374206854,271,403,619,942,0.0,0.0,1.0,nado,1.0,1
AcuBN2,12,9,0,1,40.0,45.0,13,13,174.7,280,624,466,823,0.5657448853087174,0.5267025426030109,0.2065228967172824,0.18269457178807189,2,0.10364145658263306,0.06270200387847447,0.03851520832845225,0.31896044639009596,0.405872652393707,2.4106075096894384,44.56410606290139,53.96018677807815,0.43458986162642815,0.6004335830577288,279,387,627,925,0.0,0.0,1.0,nado,1.0,1
AcuBN2,12,10,0,1,45.0,50.0,12,12,174.7,280,624,466,823,0.5348114748109505,0.44014985940752044,0.3037950211129272,0.2704861584948648,1,0.2184873949579832,0.10947712418300655,0.05160534860915923,0.36750694286924707,0.8614941220838509,2.853824611608509,50.685918089385474,72.99438433091358,0.40085815142044995,0.5606769114583422,286,381,632,918,0.0,0.0,1.0,nado,1.0,1
AcuBN2,12,11,0,1,50.0,55.0,13,13,174.7,280,624,466,823,0.30350700343054776,0.18905348534859043,0.23743479275148544,0.1660550892155768,1,0.16806722689075632,0.060547295841413495,0.04223395284946982,0.37818573599413385,0.8576704520318538,2.3739187976337597,45.672031512789786,57.18036464494025,0.442532889421168,0.6061829343877321,279,367,625,904,0.999,0.0,0.001,escalamiento,0.999,1
AcuBN2,12,12,0,1,55.0,60.0,12,12,174.7,280,624,466,823,0.8898077190817579,0.8789283954496894,0.13871788857142886,0.24031977150243192,2,0.20168067226890757,0.0784313725490196,0.041135251964279834,0.40817273273161886,0.7235772001638693,2.5625872903256974,44.51177682308715,61.405713606937105,0.4132158133189925,0.57352650105164,279,363,624,899,0.0,0.0,1.0,nado,1.0,1
AcuBN2,12,13,0,1,60.0,65.0,13,13,174.7,280,624,466,823,0.9801473614658532,0.9665851629254046,0.1624868394699801,0.31062569602449264,2,0.1400560224089636,0.06658047834518423,0.040344346893668205,0.34845593562285526,0.5766374370705702,2.344541659047165,42.19788980412823,50.50528731494398,0.46391807130688323,0.6294366223727985,279,304,624,840,0.0,0.0,1.0,nado,1.0,1
AcuBN2,12,14,0,1,65.0,70.0,12,12,174.7,280,624,466,823,0.2561791315349938,0.10900466280589804,0.23183125527114784,0.08179035122596048,1,0.17086834733893558,0.09243697478991597,0.052803568741354764,0.354722288884728,0.8020429105758401,2.512843330301257,37.59392477018931,54.15919909702115,0.5169490720700812,0.6762521219335266,282,295,627,832,0.0,0.0,1.0,nado,1.0,1
AcuBN2,12,15,0,1,70.0,75.0,13,13,174.7,280,624,466,823,1.004145598838984,0.9688176217209244,0.2640090898259252,0.2516800607730835,2,0.09803921568627451,0.054298642533936646,0.028500296762703724,0.33167623473533697,0.563951234463315,2.412282925518395,44.13995802923225,65.12242980115025,0.49581978154058043,0.6524994883344328,280,285,626,822,0.0,0.0,1.0,nado,1.0,1
AcuBN2,12,16,0,1,75.0,80.0,12,12,174.7,280,624,466,823,0.8065872790750297,0.7953849626830976,0.13396193453092323,0.19844793000950278,2,0.0896358543417367,0.04855275443510737,0.03094628669438025,0.3565728429841097,0.4977162794234659,2.3129819992747964,40.43929599665825,60.07403662946689,0.49837862395644184,0.6492848796876902,282,299,627,835,0.0,0.0,1.0,nado,1.0,1
AcuBN2,12,17,0,1,80.0,85.0,13,13,174.7,280,624,466,823,0.564443558447104,0.5364228121569213,0.17563341729320645,0.18286916019888222,2,0.08683473389355742,0.05559146735617324,0.021932026460337335,0.38175079256407957,0.558644311121089,2.1745220004977805,37.4536971165886,56.161948431685275,0.5435855324333078,0.6963611739500706,287,297,631,833,0.0,0.0,1.0,nado,1.0,1
AcuBN2,12,18,0,1,85.0,90.0,12,12,174.7,280,624,466,823,0.4145369853486407,0.36209146000306924,0.2018184501347309,0.1832374952631901,2,0.10084033613445378,0.0700280112044818,0.035690037468311536,0.3175201467393406,0.6613150822458685,2.1156281491913074,44.280885786774284,62.89489462615777,0.425003064813571,0.5873462815579075,293,302,638,838,0.0,0.0,1.0,nado,1.0,1
AcuBN2,12,19,0,1,90.0,95.0,13,13,174.7,280,624,466,823,0.599864371293676,0.5807548858573927,0.15020328391990614,0.15810233979151037,2,0.10644257703081232,0.06571859513035982,0.03544900773083817,0.3308120549448837,0.7832292364149696,1.9578370847745932,41.47032106805048,57.72552388935457,0.4986948193836325,0.6607975350729597,299,298,644,834,0.0,0.0,1.0,nado,1.0,1
AcuBN2,12,20,0,1,95.0,100.0,12,12,174.7,280,624,466,823,0.8907495953213456,0.8880468592654976,0.0693369837375864,0.2071832769458894,2,0.1400560224089636,0.07773109243697479,0.038667846498437554,0.3510266395476147,0.7197927688780315,2.742491163139524,43.69079627747498,58.461450118673916,0.48880977758510175,0.654219627866296,299,295,644,831,0.0,0.0,1.0,nado,1.0,1
AcuBN2,12,21,0,1,100.0,105.0,13,13,174.7,280,624,466,823,1.1116397504715272,1.0840487678067063,0.246132492461196,0.2876194914871732,2,0.15406162464985995,0.05128205128205128,0.03746962636624202,0.41519681798176805,0.8392307180085286,2.26199164111085,36.996395262446825,62.58639364938052,0.5229332629310647,0.6721372168225636,287,308,632,843,0.0,0.0,1.0,nado,1.0,1
AcuBN2,12,22,0,1,105.0,110.0,12,12,174.7,280,624,466,823,0.6072020222650756,0.5935592808738244,0.12799092128485445,0.1677434232408152,1,0.1092436974789916,0.06372549019607843,0.03159862066156643,0.3692701551822273,0.8884266285651189,1.7263246600258733,42.09544953855784,60.47040358744395,0.4827897053628661,0.6480602606889028,279,276,624,812,0.23,0.007,0.762,activa,0.993,1
AcuBN2,12,23,0,1,110.0,115.0,13,13,174.7,280,624,466,823,0.597456267910558,0.5923912636766104,0.0776310684277946,0.18823052201415533,1,0.14285714285714285,0.06442577030812324,0.032040158586572075,0.3527113282353205,0.7899173517925071,2.054925178279474,37.954735249269156,50.605915576694414,0.4737889510402874,0.6365065410872741,281,282,627,819,0.0,0.0,1.0,nado,1.0,1
AcuBN2,12,24,0,1,115.0,120.0,12,12,174.7,280,624,466,823,0.3416822372424888,0.3278420537542413,0.09626182544100019,0.1456564541155227,1,0.11204481792717087,0.06395891690009337,0.03880977690133999,0.351277747183519,0.7819664037968875,2.0062340500022464,40.20931553382238,48.38675166050015,0.517152968779128,0.6801975177993113,279,285,626,823,0.0,0.0,1.0,nado,1.0,1
AcuBN2,12,25,0,1,120.0,125.0,13,13,174.7,280,624,466,823,0.46682981602588663,0.4244420769066471,0.1943682085165552,0.20947515370815875,2,0.07563025210084033,0.05580693815987934,0.027112066253841473,0.34535446238073286,0.6957282884478602,2.199339808947683,44.02795136435812,66.15617045347412,0.48306718759812894,0.6391607702032263,278,290,625,827,0.0,0.0,1.0,nado,1.0,1
AcuBN2,12,26,0,1,125.0,130.0,12,12,174.7,280,624,466,823,0.4516051316593767,0.43190201520980187,0.1319387895912157,0.17616087871900082,1,0.08123249299719888,0.056022408963585436,0.03269312242241018,0.40983768553489736,0.6889961719254236,1.8866651696859202,35.95164842440061,42.4762358546754,0.5394697980865614,0.6972284788842741,279,296,626,833,0.0,0.0,1.0,nado,1.0,1
AcuBN2,12,27,0,1,130.0,135.0,13,13,174.7,280,624,466,823,0.4457377875425427,0.4069161822317489,0.18193789017480397,0.1595699539623559,1,0.09803921568627451,0.03663003663003663,0.022194051819541823,0.3538375333849782,0.751983266507663,1.87025134963723,32.94307284624602,56.27412587412587,0.5515462411551959,0.6969285558742719,275,301,619,837,0.0,0.0,1.0,nado,1.0,1
AcuBN2,12,28,0,1,135.0,140.0,12,12,174.7,280,624,466,823,0.7394738183222075,0.7254485526831764,0.14333849934302306,0.36554115844053964,2,0.1792717086834734,0.09337068160597572,0.04246721420690265,0.488603600284097,0.6594228296774131,2.4364858279288595,49.9026449831939,57.69510198942332,0.3591028133685971,0.519434062956276,271,283,615,818,0.0,0.0,1.0,nado,1.0,1
AcuBN2,12,29,0,1,140.0,145.0,13,13,174.7,280,624,466,823,0.2560402139898754,0.18002911516369988,0.18206072853132407,0.15357890355300258,1,0.15406162464985995,0.07476836888601594,0.036202330638551085,0.3665810359509043,0.8063890436380323,2.2609235517008814,44.44517925023912,60.94728179309677,0.4356980954156227,0.5999766285826926,271,276,615,812,0.999,0.0,0.001,escalamiento,0.999,1
AcuBN2,12,30,0,1,145.0,150.0,12,12,174.7,280,624,466,823,0.23408693704308697,0.17000004121660475,0.16092445457594956,0.09616113287955223,1,0.16526610644257703,0.06372549019607843,0.03388315426213057,0.3385613289696261,0.6928197380138065,1.83261149224274,38.6545193498278,51.30181838464971,0.5026375311335247,0.6623972956656862,277,297,621,832,0.0,0.0,1.0,nado,1.0,1
AcuBN2,12,31,0,1,150.0,155.0,12,12,174.7,280,624,466,823,0.6744884991031709,0.6557664751570105,0.15781338816018786,0.2236880664427301,1,0.16246498599439776,0.08730158730158731,0.04857568039335732,0.37841374844613396,0.6374236663753297,2.375012143042263,42.40966925586455,71.64575368894923,0.46966297597076334,0.6158833274212154,286,299,630,834,0.0,0.0,1.0,nado,1.0,1
AcuBN2,12,32,0,1,155.0,160.0,13,13,174.7,280,624,466,823,0.943041491590234,0.9242990898420306,0.1870787197356434,0.25306103382138334,2,0.16246498599439776,0.09049773755656108,0.04741147316836622,0.36844796663523627,0.8136995807745266,2.372735509935838,44.28884091717118,68.99111581173982,0.44336116510741136,0.6081957549130581,287,302,631,838,0.0,0.0,1.0,nado,1.0,1
AcuBN2,12,33,0,1,160.0,165.0,12,12,174.7,280,624,466,823,0.5814369670169527,0.5303904556650855,0.23823289267701026,0.17365446564931075,1,0.1092436974789916,0.05112044817927171,0.025462860166861292,0.38927688312982006,0.759638044274851,1.7785588413879208,40.952276077312284,55.74735346358792,0.4964814509209306,0.6534450931827906,291,286,635,822,0.0,0.0,1.0,nado,1.0,1
AcuBN2,12,34,0,1,165.0,170.0,13,13,174.7,280,624,466,823,0.5731871154742338,0.5346013531213887,0.20674830733636712,0.16262042324662507,2,0.1400560224089636,0.027364792070674427,0.019704810907099173,0.3871550655976722,0.7430414681898957,2.0843016443086166,41.35074657628694,48.64490189771631,0.4426064635203049,0.6077259529381661,294,293,639,829,0.0,0.0,1.0,nado,1.0,1
AcuBN2,12,35,0,1,170.0,175.0,12,12,174.7,280,624,466,823,0.7182378966105555,0.7050461029109938,0.13702433688062607,0.18540961551115245,2,0.06722689075630252,0.04598506069094305,0.021103959139261608,0.48104853576036755,0.39899150727242816,2.401021277295738,28.2773464745279,40.920194991547746,0.6485011266568973,0.7820684983981788,297,310,641,845,0.0,0.989,0.011,inmovilidad,0.989,1
AcuBN2,12,36,0,1,175.0,180.0,13,13,174.7,280,624,466,823,0.43637289953495484,0.35973381842003416,0.24700786897077942,0.17758894800011849,1,0.10644257703081232,0.04718810601163542,0.0318360811433455,0.4236622526637593,0.7199644914960138,2.152013488435633,39.99448735923784,52.94320030995738,0.4879556183215103,0.6502066425935874,279,310,624,845,0.0,0.0,1.0,nado,1.0,1
AcuBN2,12,37,0,1,180.0,185.0,12,12,174.7,280,624,466,823,0.479314694664627,0.47147548738181716,0.08633331523532839,0.1434874008951937,1,0.06162464985994398,0.04925303454715219,0.02569486178699027,0.4945865126525995,0.5524225454991248,2.030483448296326,31.529537414729365,41.87956154684096,0.58012010794195,0.7290400360619397,279,298,623,834,0.0,0.0,1.0,nado,1.0,1
AcuBN2,12,38,0,1,185.0,190.0,13,13,174.7,280,624,466,823,0.17279476162063753,0.1012747232307786,0.1400052144673981,0.04953943193275143,1,0.07563025210084033,0.06076276664511959,0.028621231543875025,0.352620627149442,0.8344692016137032,1.8328004263738669,21.106231231847964,24.776971202063137,0.6930201907986699,0.8171729328971349,279,300,624,836,0.0,1.0,0.0,inmovilidad,1.0,1
AcuBN2,12,39,0,1,190.0,195.0,12,12,174.7,280,624,466,823,0.1992749968955767,0.15229478122562048,0.12851779642980382,0.06645877875181193,1,0.0784313725490196,0.050186741363211954,0.02701863573713795,0.3832530292989419,0.7788559765933106,1.6738203358593218,27.014433438119497,39.09616186900292,0.6654805627633839,0.7967435069660415,281,291,626,827,0.0,1.0,0.0,inmovilidad,1.0,1
AcuBN2,12,40,0,1,195.0,200.0,13,13,174.7,280,624,466,823,0.15869516280786025,0.1472996854038722,0.0590504646766946,0.06808087500760597,1,0.0700280112044818,0.0592544710191769,0.028328972489377713,0.30985758463234775,0.8864036543912612,1.710341337735794,21.94800544299988,27.34922048997773,0.6973156838270858,0.8196640132562156,264,314,608,849,0.0,1.0,0.0,inmovilidad,1.0,1
AcuBN2,12,41,0,1,200.0,205.0,12,12,174.7,280,624,466,823,0.7573259597741496,0.7510189505308352,0.09753535405892404,0.18571315282111622,2,0.06442577030812324,0.05485527544351074,0.02992547956581276,0.35889558861622456,0.7795870645222004,1.8537016259385808,32.820522219513094,41.274535104364325,0.616976413290478,0.7611408272279053,274,280,619,817,0.0,0.023,0.977,nado,0.977,1
AcuBN2,12,42,0,1,205.0,210.0,13,13,174.7,280,624,466,823,0.33698016885334814,0.24667290511313092,0.22958247338043755,0.09095267458578811,1,0.12885154061624648,0.023270846800258566,0.02093683399028182,0.3627539540217541,0.7982996562206236,2.330591358036574,36.06696803885284,47.30000385757821,0.5074940431338274,0.663508075702276,274,279,619,815,0.0,0.0,1.0,nado,1.0,1
AcuBN2,12,43,0,1,210.0,215.0,12,12,174.7,280,624,466,823,0.685725256783227,0.6516242756524573,0.21355311089008508,0.1970370615179542,1,0.05322128851540616,0.018674136321195144,0.016029947235499668,0.3184317766349062,0.7808182788944994,1.8638949698422147,32.366371822670935,41.54851122651026,0.5568911882646418,0.7125673558420598,281,283,625,819,0.0,0.0,1.0,nado,1.0,1
AcuBN2,12,44,0,1,215.0,220.0,13,13,174.7,280,624,466,823,0.3968308424874803,0.3811978182648634,0.11028572391489125,0.12766482666411524,1,0.07282913165266107,0.05731523378582202,0.03255917035576558,0.40303027510101347,0.670319034805114,1.902356228763146,23.219020969746836,39.14342212779866,0.7059734975517178,0.821295292001068,281,271,625,806,0.0,1.0,0.0,inmovilidad,1.0,1
AcuBN2,12,45,0,1,220.0,225.0,12,12,174.7,280,624,466,823,0.18373015769838477,0.12913005387058488,0.13069889071929106,0.08126787876255948,1,0.07282913165266107,0.05742296918767507,0.029398699416578734,0.3392054746443371,0.7775563534147022,1.71174775931207,30.144231882284416,40.527068312354885,0.631322330106477,0.7715768769010833,280,269,624,805,0.0,1.0,0.0,inmovilidad,1.0,1
AcuBN2,12,46,0,1,225.0,230.0,13,13,174.7,280,624,466,823,0.8509811529101121,0.8467681878217628,0.08457280119087726,0.18170460793416476,2,0.06162464985994398,0.05149752208575738,0.027283390527167488,0.363288082638594,0.7682502488078395,1.7717230629433378,33.28745877341477,43.53569981359916,0.5891256371047084,0.7403062695987158,277,254,622,791,0.0,0.0,1.0,nado,1.0,1
AcuBN2,12,47,0,1,230.0,235.0,12,12,174.7,280,624,466,823,0.5400474990917578,0.5263010893306718,0.12107214644421911,0.18659510134242613,1,0.09243697478991597,0.0392156862745098,0.019226110731629432,0.32473949127158924,0.7363328963608818,1.8593799536679425,32.67562387224795,43.719074221867515,0.5698871069420278,0.7221598835338986,280,267,624,802,0.0,0.0,1.0,nado,1.0,1
AcuBN2,12,48,0,1,235.0,240.0,13,13,174.7,280,624,466,823,0.6831232816411662,0.6460096823776135,0.2221011215518079,0.2746050653309967,1,0.08403361344537816,0.04934281404869641,0.02446913739032696,0.3577326411285373,0.705049077269645,1.8608255414852515,42.67536722155918,54.247657226155766,0.43519000419954346,0.602622467253033,285,268,630,803,0.0,0.0,1.0,nado,1.0,1
AcuBN2,12,49,0,1,240.0,245.0,12,12,174.7,280,624,466,823,0.8100351790828588,0.7987365419822049,0.13482183745264886,0.24637039753605228,2,0.0700280112044818,0.04995331465919701,0.02732433198954319,0.3561606989295277,0.7251172670595599,1.8780888815886183,34.5275246187799,64.4540687096429,0.5753141383685499,0.7203321308088424,287,280,631,815,0.0,0.0,1.0,nado,1.0,1
AcuBN2,12,50,0,1,245.0,250.0,13,13,174.7,280,624,466,823,0.20395195576587188,0.15815884492614157,0.1287718138116912,0.0628087104794618,1,0.0700280112044818,0.05494505494505495,0.0299615920351903,0.36545735027585424,0.7360771702923389,1.7549464521580593,26.887916130248836,36.48027945694183,0.644929076828508,0.7816489515849833,286,281,630,817,0.0,1.0,0.0,inmovilidad,1.0,1
AcuBN2,12,51,0,1,250.0,255.0,12,12,174.7,280,624,466,823,0.5492947916806873,0.545417486177044,0.06515008779613164,0.133548336969538,1,0.06162464985994398,0.051353874883286646,0.024589442302846327,0.33652244414331617,0.8918627699657705,1.6202932307874771,29.081741336523447,45.87084043039342,0.6113288154810727,0.7554981792935179,285,274,630,810,0.0,0.971,0.028,inmovilidad,0.971,1
AcuBN2,12,52,0,1,255.0,260.0,13,13,174.7,280,624,466,823,0.42675456804168554,0.42072396619765484,0.07148989866659657,0.09381418091984761,1,0.06442577030812324,0.044386985563456154,0.02106532719527633,0.37718298510025516,0.6978740280773077,2.1084250112759566,29.79684928838611,47.071638434473506,0.6457769624068468,0.7818004823721024,285,259,630,795,0.0,0.999,0.001,inmovilidad,0.999,1
AcuBN2,12,53,0,1,260.0,265.0,12,12,174.7,280,624,466,823,0.1582032666766032,0.1417640846932376,0.0702226308125592,0.05616805415697476,1,0.06442577030812324,0.03011204481792717,0.015314836359337412,0.3835641844129972,0.7430808987326096,1.8083898990690601,23.522456038430505,28.57896152811407,0.6848075226346816,0.8117926220544845,284,263,628,799,0.0,1.0,0.0,inmovilidad,1.0,1
AcuBN2,12,54,0,1,265.0,270.0,13,13,174.7,280,624,466,823,0.1717499118700244,0.1572311013046168,0.06911159822995319,0.061048848994343895,1,0.05322128851540616,0.03619909502262444,0.013791604002744005,0.3076177717060709,0.8371032884881818,1.6990537672079677,25.348880546106844,30.11335448514566,0.6530794331169638,0.7881859733915463,279,261,623,797,0.0,1.0,0.0,inmovilidad,1.0,1
AcuBN2,12,55,0,1,270.0,275.0,12,12,174.7,280,624,466,823,0.643025589690321,0.6350026971272132,0.10125948665557105,0.16518685973924782,2,0.11204481792717087,0.041783380018674134,0.0191251217911027,0.4678735731678668,0.8092709362205674,1.5510610182062194,28.849718105185016,52.48296467790883,0.6353333726339302,0.767810824888846,280,256,624,791,0.0,1.0,0.0,inmovilidad,1.0,1
AcuBN2,12,56,0,1,275.0,280.0,13,13,174.7,280,624,466,823,0.37966067545901405,0.3613584992758387,0.11645713155967934,0.11094560606808308,1,0.08123249299719888,0.06485671191553544,0.03544144930701497,0.3665709580524733,0.7526641245011011,1.727860831339434,23.811057391602073,39.5909289412939,0.6922493324219468,0.8116385722852688,283,265,627,801,0.0,1.0,0.0,inmovilidad,1.0,1
AcuBN2,12,57,0,1,280.0,285.0,12,12,174.7,280,624,466,823,0.7260434603594427,0.7247863621974369,0.04270638714899202,0.17341079711673865,2,0.06722689075630252,0.057656395891690006,0.029791737455385468,0.36948850964823104,0.8943932739573048,1.6430322527590988,32.179228900536266,44.33042547938441,0.5992749945317958,0.7485182667182672,283,268,628,804,0.0,0.979,0.021,inmovilidad,0.979,1
AcuBN2,12,58,0,1,285.0,290.0,13,13,174.7,280,624,466,823,0.2776316846893199,0.2762226965193795,0.02793517980956572,0.07820064664770485,1,0.056022408963585436,0.03361344537815126,0.015111808697197394,0.33108667767712685,0.8384971302567767,1.8907161256217166,27.934431543810906,35.699968355860946,0.6307324516329683,0.7721385165269419,286,261,630,796,0.0,1.0,0.0,inmovilidad,1.0,1
AcuBN2,12,59,0,1,290.0,295.0,12,12,174.7,280,624,466,823,0.38402839531027405,0.3596357462853819,0.13468458857026125,0.14442181610463906,1,0.05042016806722689,0.03991596638655462,0.017252732245120618,0.3984477707019772,0.6591846180339352,1.6797578792322163,24.725553092988616,32.40255001639882,0.6440603890257546,0.7809099998293498,285,261,630,797,0.0,1.0,0.0,inmovilidad,1.0,1
AcuBN2,12,60,0,1,295.0,300.0,12,12,174.7,280,624,466,823,0.18402333360565676,0.1018238861182725,0.15328562726854697,0.09332860989463469,1,0.06442577030812324,0.03478057889822596,0.015898934555897422,0.277976152946063,0.9213937688459731,1.859416813937518,26.192901043883975,32.29930408472012,0.6407534864229968,0.7793524785641539,286,261,631,797,0.0,1.0,0.0,inmovilidad,1.0,1
AcuBN2,12,61,0,1,300.0,305.0,13,13,174.7,280,624,466,823,0.539064895099982,0.46802742080524534,0.2674720443402346,0.12613236522131,1,0.07563025210084033,0.0394311570782159,0.013965447750677751,0.46198598092202364,0.7163048747059839,1.5596171553902052,23.891183181461187,45.30149964961458,0.6918615196206253,0.8108914239461362,289,262,634,798,0.0,1.0,0.0,inmovilidad,1.0,1
AcuBN2,12,62,0,1,305.0,310.0,12,12,174.7,280,624,466,823,0.5929444739900988,0.5141871766360994,0.29528748130997984,0.24924509761341226,2,0.07282913165266107,0.04551820728291316,0.025790391865866905,0.37568158819026215,0.6127034819710339,1.929252594073196,43.743894100046965,62.17324442842554,0.41983591943676024,0.5809346494954668,288,279,632,815,0.0,0.0,1.0,nado,1.0,1
AcuBN2,12,63,0,1,310.0,315.0,13,13,174.7,280,624,466,823,0.9868153651939295,0.9757256248798251,0.14752650587505794,0.29439577452891336,2,0.08123249299719888,0.0592544710191769,0.03764347011417578,0.3603554141951899,0.691072015881632,1.9350225640415306,43.90251167293944,62.05812395989771,0.48798554674913697,0.6454304967541131,286,260,632,796,0.0,0.0,1.0,nado,1.0,1
AcuBN2,12,64,0,1,315.0,320.0,12,12,174.7,280,624,466,823,0.12662156405443156,0.10594387527735079,0.06934634651376852,0.04381678969168422,1,0.047619047619047616,0.012838468720821661,0.011504550927572126,0.28611531566635245,0.9160364294749362,1.875074620687637,24.423030157378207,34.52044882550336,0.6639252306579064,0.7957706932351042,285,249,630,786,0.0,1.0,0.0,inmovilidad,1.0,1
AcuBN2,12,65,0,1,320.0,325.0,13,13,174.7,280,624,466,823,0.25716639658300156,0.16651736789215074,0.19597581922715812,0.09815054392243154,1,0.12044817927170869,0.030596854126265893,0.01611204011646838,0.31979187301064876,0.8708085816349056,1.9786694582024882,28.869581576802258,49.84760099168733,0.5973526326526689,0.7395903856046995,285,244,630,779,0.0,1.0,0.0,inmovilidad,1.0,1
AcuBN2,12,66,0,1,325.0,330.0,12,12,174.7,280,624,466,823,0.14797711691211507,0.07855644234216114,0.1254037977740885,0.04525973275789873,1,0.06162464985994398,0.006069094304388421,0.011157913212791186,0.2576773759001902,0.9359736415243609,1.9418709433641197,29.888599628299158,40.85299053098406,0.5759372023740568,0.7279849468781476,283,254,628,790,0.0,1.0,0.0,inmovilidad,1.0,1
AcuBN2,12,67,0,1,330.0,335.0,13,13,174.7,280,624,466,823,0.6172704163027596,0.5237192229444523,0.32671232355245067,0.15380202191309383,2,0.12044817927170869,0.03619909502262444,0.021156028281154805,0.29813194980794683,0.7556200991042861,1.9735102534784548,35.928675959072415,47.23869771939721,0.5271965668748083,0.6782726919549671,285,240,631,777,0.0,0.0,1.0,nado,1.0,1
AcuBN2,12,68,0,1,335.0,340.0,12,12,174.7,280,624,466,823,0.47320301943543636,0.4537495674572334,0.13428487493082591,0.12046284985182107,1,0.056022408963585436,0.04108309990662932,0.01889039074014868,0.31929973563727104,0.8177831923337481,2.025780502847409,29.636827437398196,45.253382819144825,0.6246218673127965,0.7630499681194681,276,246,621,782,0.0,0.997,0.003,inmovilidad,0.997,1
AcuBN2,12,69,0,1,340.0,345.0,13,13,174.7,280,624,466,823,0.26873672533066106,0.10740471586032364,0.24634052559903805,0.10281421257100537,1,0.12605042016806722,0.02671837965955613,0.018135178226479972,0.2816293911272794,0.885787995783333,2.0437097870791834,32.11090039109897,50.520769412320035,0.5352940405079002,0.6915721746514022,276,251,621,787,0.0,0.902,0.098,inmovilidad,0.902,1
AcuBN2,12,70,0,1,345.0,350.0,12,12,174.7,280,624,466,823,0.34867002208972137,0.2783539380504991,0.20997587831897668,0.12413233795386364,1,0.06442577030812324,0.04528478057889823,0.019949409900266824,0.34464523027865535,0.8001458736477448,1.959726859058847,31.35596448753039,39.07261592300962,0.611448244732551,0.7573919990467978,279,256,624,791,0.0,1.0,0.0,inmovilidad,1.0,1
AcuBN2,12,71,0,1,350.0,355.0,13,13,174.7,280,624,466,823,0.15909338743399473,0.10795385467494081,0.1168617610086589,0.06090149653004764,1,0.047619047619047616,0.01508295625942685,0.011582024771759993,0.29006711158858556,0.9349845321343291,1.865063282453028,24.67111004004963,33.88672806067172,0.6512553534894049,0.7876414716959563,279,267,625,804,0.0,1.0,0.0,inmovilidad,1.0,1
AcuBN2,12,72,0,1,355.0,360.0,12,12,174.7,280,624,466,823,0.11934602609945096,0.114513901376795,0.03361607260220176,0.04572369214616752,1,0.05042016806722689,0.02987861811391223,0.01138172654044502,0.40199876020536307,0.8170689760751783,1.4434618399642911,20.707710002379567,28.036087539079947,0.7205484381576177,0.83599921236801,290,332,635,868,0.0,1.0,0.0,inmovilidad,1.0,1
AcuBN2,12,73,0,1,360.0,365.0,8,8,174.7,280,624,466,823,0.05094563170846146,0.028412408318222074,0.04228702453156073,0.02311834310276014,1,0.047619047619047616,0.03991596638655462,0.015574132287716856,0.256907676407527,0.9286925551242252,1.8040294636733565,20.957284082795283,26.929372537132465,0.7015935853073987,0.8224986918620749,292,339,638,876,0.0,1.0,0.0,inmovilidad,1.0,1
AcuBN2,12,1,0,2,0.0,5.0,13,13,174.7,624,964,466,823,0.5989333242005122,0.389604294649076,0.4548951752094891,0.17038154692545873,2,0.2184873949579832,0.090282266752855,0.05987279457822589,0.287557714879281,0.46433505610982895,2.1139493804374707,43.956059352313304,55.89228384257639,0.40100418825900125,0.5460112485647007,638,405,981,943,0.0,0.0,1.0,nado,1.0,1
AcuBN2,12,2,0,2,5.0,10.0,12,12,174.7,624,964,466,823,0.7753467079686254,0.7680451516909242,0.106156311738163,0.17914846558427944,2,0.0896358543417367,0.06279178338001867,0.03730586051673922,0.30673616554958083,0.4395150138572194,1.9405151139882397,40.09180482011474,58.150809787562224,0.45573735235285207,0.6238481118051806,641,439,981,972,0.0,0.0,1.0,nado,1.0,1
AcuBN2,12,3,0,2,10.0,15.0,13,13,174.7,624,964,466,823,0.524950383837804,0.46591345793232825,0.24186267841276887,0.13298969901310168,2,0.16526610644257703,0.06442577030812324,0.0335971938941526,0.3479973912442474,0.7794077850332873,1.9191701687033924,41.904881595610405,58.87418760643659,0.4952971492266235,0.6570337089089722,630,426,974,965,0.0,0.0,1.0,nado,1.0,1
AcuBN2,12,4,0,2,15.0,20.0,12,12,174.7,624,964,466,823,0.45820835838747115,0.30610826166899685,0.3409584019116205,0.1645345347780357,1,0.1792717086834734,0.07329598506069095,0.0431468424823393,0.4238505833906875,0.7167148380660483,2.479805832227222,44.778346473681744,58.904465652584605,0.48690642903906983,0.6507264291672114,615,418,958,956,0.994,0.0,0.006,escalamiento,0.994,1
AcuBN2,12,5,0,2,20.0,25.0,13,13,174.7,624,964,466,823,0.7188356578075034,0.6401780023232552,0.3269508040622509,0.21219657895368085,2,0.22408963585434175,0.0894203835380306,0.04725022679347115,0.42193389308285273,0.8671894323358118,2.7888024188687925,54.23644446870773,76.00928547508144,0.3818519742977357,0.5428778926652201,607,420,950,958,0.001,0.0,0.999,nado,0.999,1
AcuBN2,12,6,0,2,25.0,30.0,12,12,174.7,624,964,466,823,0.8630269966214924,0.8458634480378296,0.17126185848304734,0.34650036577797483,2,0.11764705882352941,0.05322128851540616,0.03828026732128092,0.4668636837625995,0.7704548306999923,2.545109665030914,52.15252214916061,68.35328908909597,0.3891898330960765,0.5523748314331384,612,417,955,956,0.0,0.0,1.0,nado,1.0,1
AcuBN2,12,7,0,2,30.0,35.0,13,13,174.7,624,964,466,823,0.8850640721891946,0.7736911945782557,0.4298143172489619,0.2811566024949405,2,0.19607843137254902,0.09588450764921354,0.05566275250869991,0.41253877227060715,0.9128454525401796,2.8108717452697602,50.28962576243149,72.47386072708653,0.3599426901220111,0.517052691738032,615,403,958,941,1.0,0.0,0.0,escalamiento,1.0,1
AcuBN2,12,8,0,2,35.0,40.0,12,12,174.7,624,964,466,823,0.2784963440565319,0.24347456291136038,0.13520484779761488,0.10303192491542092,1,0.10644257703081232,0.06139122315592904,0.039167332339421115,0.4248495550726546,0.8731855087135821,2.253726624607291,38.755879910201394,53.55206732528357,0.5529769439221526,0.7037049772727526,616,405,961,944,0.001,0.001,0.999,nado,0.999,1
AcuBN2,12,9,0,2,40.0,45.0,13,13,174.7,624,964,466,823,0.5857732254446231,0.5614569276901842,0.16702212427249413,0.15601602708209597,1,0.13445378151260504,0.0680887739711269,0.03733105526281657,0.4972863396510054,0.9184840460799216,1.728488293645919,35.90568894227344,45.16929334011184,0.5840482348720195,0.7331477020665556,624,389,967,927,0.0,0.019,0.98,nado,0.98,1
AcuBN2,12,10,0,2,45.0,50.0,12,12,174.7,624,964,466,823,0.38369194043615923,0.29098898523026967,0.25008981512713196,0.14022630422031973,1,0.1400560224089636,0.0665266106442577,0.03410423815895936,0.42526715798888676,0.8395324661217879,2.247365146833367,40.95991408394779,58.94921845598013,0.4633265392274635,0.6254118799576059,630,382,972,919,0.0,0.0,0.999,nado,0.999,1
AcuBN2,12,11,0,2,50.0,55.0,13,13,174.7,624,964,466,823,0.5831775379035717,0.5755385181168398,0.09408217088877088,0.14053176605328077,2,0.09523809523809523,0.06895065718595131,0.04167966843576801,0.3922771574751984,0.8052454768947939,2.3536051650839056,36.62150125149596,44.60461058045555,0.5641444863529649,0.7156014363982999,624,368,966,905,0.0,0.0,1.0,nado,1.0,1
AcuBN2,12,12,0,2,55.0,60.0,12,12,174.7,624,964,466,823,0.17316939335235054,0.09877943819851732,0.14223312336866686,0.07250778771055966,1,0.08403361344537816,0.06629318394024276,0.038957166165892516,0.39744334015836,0.7888432028729148,2.3071997911051167,26.699388937041146,42.27938917898987,0.674266648477377,0.8026567940122348,623,363,964,899,0.0,1.0,0.0,inmovilidad,1.0,1
AcuBN2,12,13,0,2,60.0,65.0,13,13,174.7,624,964,466,823,0.9380513190727172,0.9313378346071962,0.11202729597398897,0.24863339310732444,2,0.17086834733893558,0.08748114630467571,0.053634575449472845,0.5236627193193881,0.863852639881157,2.2769108246849945,47.42879507616438,68.96271517702773,0.4290303338634113,0.586980968408786,623,304,964,840,0.001,0.0,0.999,nado,0.999,1
AcuBN2,12,14,0,2,65.0,70.0,12,12,174.7,624,964,466,823,0.8470839396188741,0.8181552662034836,0.21948385166963652,0.27507012758605404,2,0.12044817927170869,0.057189542483660136,0.03452184107519152,0.5224785662537524,0.7411971743755608,2.403300961442669,46.82476408382191,69.20366935250131,0.43227441496791386,0.5875888747582226,626,296,968,833,0.0,0.0,1.0,nado,1.0,1
AcuBN2,12,15,0,2,70.0,75.0,13,13,174.7,624,964,466,823,0.17704954531489156,0.11797526043921815,0.1320165876718092,0.08628874569835074,1,0.09803921568627451,0.03856927386339151,0.03638877175952351,0.4648909351447426,0.8239883144828011,2.3776248710843118,29.84153919207059,44.4692077442364,0.642234290543995,0.777686493331525,624,286,966,823,0.0,1.0,0.0,inmovilidad,1.0,1
AcuBN2,12,16,0,2,75.0,80.0,12,12,174.7,624,964,466,823,0.6766553730011979,0.6215900464994727,0.2673729752689557,0.2211155710136397,1,0.1876750700280112,0.05742296918767507,0.044437863262586426,0.48654833887283677,0.8318485821931474,2.396704581173456,38.09212975143404,45.973251153752734,0.5000668961718083,0.6618000856918658,626,300,967,836,0.0,0.0,1.0,nado,1.0,1
AcuBN2,12,17,0,2,80.0,85.0,13,13,174.7,624,964,466,823,0.3417297340172559,0.2815670867548342,0.19364706754273386,0.0979006896762883,1,0.1400560224089636,0.08123249299719888,0.04130678619382316,0.444495788195124,0.8999709488527861,2.4510066708704334,40.14989934692908,52.744214332675874,0.539378829338729,0.6970894711931724,630,298,971,833,0.002,0.002,0.996,nado,0.996,1
AcuBN2,12,18,0,2,85.0,90.0,12,12,174.7,624,964,466,823,0.8342149368318387,0.814788620789111,0.1789806253926016,0.2198505984150833,2,0.1400560224089636,0.0557889822595705,0.03492033797564835,0.5634009226136787,0.8320285508842797,2.093857084591242,39.34054889017378,50.85929533737788,0.5215302099272614,0.6779270835123068,637,302,978,839,0.0,0.0,1.0,nado,1.0,1
AcuBN2,12,19,0,2,90.0,95.0,13,13,174.7,624,964,466,823,0.39726046860058756,0.37725294713532126,0.12448330727640916,0.15249143285153982,2,0.06722689075630252,0.05451411333764274,0.028656504188383322,0.377175426676432,0.848334417038235,1.8971163447940147,38.117260951967104,47.60320235209981,0.5029162990241133,0.6680452644157474,643,298,984,834,0.0,0.0,1.0,nado,1.0,1
AcuBN2,12,20,0,2,95.0,100.0,12,12,174.7,624,964,466,823,0.520903853815368,0.4983570921640306,0.15159496564699657,0.13426783187100383,1,0.06162464985994398,0.050186741363211954,0.029311357630177236,0.42325283804000224,0.7059649911189454,2.2628836275047917,32.46281859861017,39.86543288502604,0.6021693600090738,0.7503188363943666,643,296,984,832,0.0,0.0,1.0,nado,1.0,1
AcuBN2,12,21,0,2,100.0,105.0,13,13,174.7,624,964,466,823,0.4782888447457212,0.4726316966480287,0.07334506344535,0.1804780276585225,1,0.07563025210084033,0.058177117000646414,0.033670258657776925,0.4007425921571896,0.854252270280008,1.9870907919388994,34.58922888978332,40.9912354380455,0.5521675148023724,0.7107456767084883,631,308,972,844,0.0,0.0,1.0,nado,1.0,1
AcuBN2,12,22,0,2,105.0,110.0,12,12,174.7,624,964,466,823,0.8753819081237972,0.8313335470614105,0.2741861021291084,0.28248452923241063,2,0.10364145658263306,0.057189542483660136,0.039156414616120926,0.4383083784709602,0.8064577479461338,2.420307628648277,44.030137953250694,57.72660138063895,0.4724543653876012,0.6357592529299564,623,276,965,813,0.0,0.0,1.0,nado,1.0,1
AcuBN2,12,23,0,2,110.0,115.0,13,13,174.7,624,964,466,823,0.5767384282118283,0.547991863214349,0.17981138013795592,0.1431559978666658,2,0.06722689075630252,0.055375996552467145,0.02672658663885795,0.37909274685291866,0.9220143312184969,1.9218345584594074,36.54906396317313,51.554135101010104,0.5261986031161403,0.685448070354741,625,284,967,820,0.0,0.0,1.0,nado,1.0,1
AcuBN2,12,24,0,2,115.0,120.0,12,12,174.7,624,964,466,823,0.11076646112949577,0.08927246781447423,0.06557160514632655,0.035344473283982755,1,0.13445378151260504,0.07236227824463118,0.0328459705486128,0.4841327925926704,0.9616946616496079,2.4104826821687038,40.42886049002876,48.006187917277316,0.5234843958222559,0.6856557710961678,623,287,966,824,0.002,0.005,0.993,nado,0.993,1
AcuBN2,12,25,0,2,120.0,125.0,13,13,174.7,624,964,466,823,0.7387185661039365,0.7285941504703893,0.12188389478100675,0.2126329224842853,2,0.08683473389355742,0.06485671191553544,0.03550695564681609,0.5101810106933955,0.8552046343237542,2.006071992994247,41.45970506193333,56.076305994095755,0.4915308034883156,0.6557022469339876,622,291,965,829,0.0,0.0,1.0,nado,1.0,1
AcuBN2,12,26,0,2,125.0,130.0,12,12,174.7,624,964,466,823,0.27284826641911997,0.21087405618809854,0.1731424526645551,0.11084318387050257,1,0.056022408963585436,0.04551820728291316,0.01835542229843951,0.3742268015605122,0.9325167509964736,2.395273386286965,34.03929136194652,59.04427296210313,0.5815433601045619,0.7264982059615823,623,298,966,835,0.007,0.112,0.881,nado,0.881,1
AcuBN2,12,27,0,2,130.0,135.0,13,13,174.7,624,964,466,823,0.3720512144877285,0.3163209516195528,0.19586516221190103,0.10971136874168773,2,0.1092436974789916,0.05128205128205128,0.01924374705388358,0.48646267673617377,0.8938016215978558,1.5994746967667899,29.157959256200346,50.617668391277014,0.6624057750567734,0.7932038300967721,619,301,959,837,0.0,1.0,0.0,inmovilidad,1.0,1
AcuBN2,12,28,0,2,135.0,140.0,12,12,174.7,624,964,466,823,0.4472116261792445,0.43474727876764324,0.10484770953155537,0.16334569141146082,2,0.09523809523809523,0.054154995331465915,0.02924858072120116,0.580880197617278,0.7904170781931873,1.9312681670606267,37.45909667363269,53.2046562585593,0.5127766604163209,0.6717591504230249,615,282,955,818,0.0,0.0,1.0,nado,1.0,1
AcuBN2,12,29,0,2,140.0,145.0,13,13,174.7,624,964,466,823,0.3366017092094472,0.32659560622364053,0.0814617740914965,0.16510549862071516,1,0.12044817927170869,0.05666882137470373,0.03492747648703693,0.5064924998676708,0.8639364485764934,2.1525931550137134,38.384661475219644,55.00672733435895,0.482161742350785,0.6462959569081879,615,276,955,812,0.0,0.0,1.0,nado,1.0,1
AcuBN2,12,30,0,2,145.0,150.0,12,12,174.7,624,964,466,823,0.33053700875111647,0.280276952936337,0.17521285285862445,0.14007530447475633,1,0.09803921568627451,0.049019607843137254,0.027741934905775346,0.5555674561457944,0.8800433088833189,1.9703181396171592,35.79407597887651,46.79938485960909,0.5197314973051187,0.6786446366163387,620,296,961,832,0.0,0.001,0.999,nado,0.999,1
AcuBN2,12,31,0,2,150.0,155.0,12,12,174.7,624,964,466,823,0.4637249825904882,0.384277809359542,0.2595600599329183,0.2084253613359415,1,0.11764705882352941,0.06022408963585434,0.033315432650520845,0.4474246774266164,0.9211629059527063,2.0263396917804024,33.946602077724485,47.574197504532364,0.52689445296523,0.6824788129296985,630,299,970,834,0.0,0.0,1.0,nado,1.0,1
AcuBN2,12,32,0,2,155.0,160.0,13,13,174.7,624,964,466,823,0.5985323081259019,0.589801841099922,0.10185633070978911,0.13113544773159033,2,0.07282913165266107,0.05990088343029519,0.027724298583521198,0.41762811097823277,0.9423702037424971,2.0046363008498984,30.027458251570483,37.73123532530486,0.6194642989119489,0.7641989740200571,631,302,971,838,0.0,0.978,0.022,inmovilidad,0.978,1
AcuBN2,12,33,0,2,160.0,165.0,12,12,174.7,624,964,466,823,0.3217164793586701,0.31706916821921716,0.05448518748899871,0.07616492055317103,1,0.056022408963585436,0.04925303454715219,0.024523935963045206,0.40617205993685956,0.8658773501540206,2.3690945994155403,29.930271720296915,41.86248673181802,0.658997263810266,0.7920265450000296,635,286,975,821,0.0,1.0,0.0,inmovilidad,1.0,1
AcuBN2,12,34,0,2,165.0,170.0,13,13,174.7,624,964,466,823,0.3907801304328728,0.3859345574860187,0.06134841219790441,0.09155854686280812,1,0.0896358543417367,0.04740357681534152,0.02265763514736515,0.4625125511150403,0.9307352707778005,1.8029281210558918,31.62718865393172,40.60587240796329,0.5887763199271928,0.7360140593787914,638,292,980,828,0.0,1.0,0.0,inmovilidad,1.0,1
AcuBN2,12,35,0,2,170.0,175.0,12,12,174.7,624,964,466,823,0.41569359836537517,0.39116948595766915,0.14066840788736718,0.12697395743212175,2,0.10084033613445378,0.05555555555555555,0.03130930099411147,0.46046043904703976,0.9109483812543472,2.190205270429854,39.94603466206271,63.56930410458412,0.5265766188011037,0.6801226479721795,641,310,981,845,0.0,0.0,0.999,nado,0.999,1
AcuBN2,12,36,0,2,175.0,180.0,13,13,174.7,624,964,466,823,0.28896910514728663,0.2406831335870314,0.15992114599498963,0.11445534629606854,1,0.09243697478991597,0.05149752208575738,0.02758824695470348,0.4479298320854674,0.9075381678654122,2.3131911600904616,39.86918070838677,53.036702954898914,0.5139424146240628,0.6758316157311849,623,310,964,846,0.002,0.001,0.997,nado,0.997,1
AcuBN2,12,37,0,2,180.0,185.0,12,12,174.7,624,964,466,823,0.40373087850659406,0.3923256381157771,0.09528491977618776,0.12199197864555748,1,0.08683473389355742,0.0469187675070028,0.020959299305534126,0.5294986623357727,0.7612299317744365,1.882041727072739,28.385872552487797,47.29210619469026,0.6380682723900509,0.7750181304925562,623,298,963,834,0.0,1.0,0.0,inmovilidad,1.0,1
AcuBN2,12,38,0,2,185.0,190.0,13,13,174.7,624,964,466,823,0.20563101264773787,0.20317006532506834,0.03171810079972631,0.06294615576850968,1,0.056022408963585436,0.041585865115276885,0.016036455878236315,0.5091707013756936,0.9215633030552277,1.568162682077825,23.529795883377407,29.736402671755727,0.6852866167646124,0.8116557465314204,623,301,964,837,0.0,1.0,0.0,inmovilidad,1.0,1
AcuBN2,12,39,0,2,190.0,195.0,12,12,174.7,624,964,466,823,0.7164155403204511,0.7128786235297834,0.07110059442033549,0.1704594429452735,2,0.06162464985994398,0.051353874883286646,0.024592171733671377,0.5599181688809189,0.7155260933165191,1.9329025661232286,24.8032400709983,32.97146474150614,0.658097969751601,0.7916628150466433,625,291,966,828,0.0,0.999,0.001,inmovilidad,0.999,1
AcuBN2,12,40,0,2,195.0,200.0,13,13,174.7,624,964,466,823,0.21637895365615942,0.1928067718845422,0.09821099887892643,0.08552386988080257,1,0.0700280112044818,0.0590390002154708,0.031170939846903334,0.3918060157235519,0.9138321354637827,1.9171790479386932,19.16474941345282,22.877112613413985,0.689724476504846,0.8152351670320944,608,314,948,849,0.0,1.0,0.0,inmovilidad,1.0,1
AcuBN2,12,41,0,2,200.0,205.0,12,12,174.7,624,964,466,823,0.4181838265090548,0.4009082618799453,0.11895494235279346,0.10837766448310773,1,0.0700280112044818,0.06022408963585434,0.028167726114482643,0.42579120870729575,0.9913983705706076,1.9617224672344686,26.005672963082343,30.044932124734355,0.6448609695148244,0.7835365603166434,619,281,960,817,0.0,1.0,0.0,inmovilidad,1.0,1
AcuBN2,12,42,0,2,205.0,210.0,13,13,174.7,624,964,466,823,0.5029580435438815,0.49966525790219685,0.057458016072782656,0.10813016748471532,2,0.06722689075630252,0.0499892264598147,0.029558476097952625,0.44554137015733414,0.8428828581110845,2.2433047401709647,29.23139934413374,41.04554217743989,0.6691293023865271,0.798242762024307,619,279,959,815,0.0,0.999,0.001,inmovilidad,0.999,1
AcuBN2,12,43,0,2,210.0,215.0,12,12,174.7,624,964,466,823,0.14302253557777647,0.11005439280700893,0.09134263137756059,0.06468451276320107,1,0.05042016806722689,0.04061624649859944,0.017574805082476136,0.39153958128378386,0.931452191478925,1.9846570078297205,24.983085537632494,32.146067415730336,0.6975692433124886,0.8207144602587491,625,283,965,819,0.0,1.0,0.0,inmovilidad,1.0,1
AcuBN2,12,44,0,2,215.0,220.0,13,13,174.7,624,964,466,823,0.19554234090667885,0.17648521220133412,0.08420081330672458,0.062449153401908424,1,0.058823529411764705,0.036414565826330535,0.01654790922360662,0.4751552746966569,0.9118945182460496,1.7174636074098169,25.658378448039645,39.59155955170012,0.6692512471933212,0.7984755924206594,625,271,965,806,0.0,1.0,0.0,inmovilidad,1.0,1
AcuBN2,12,45,0,2,220.0,225.0,12,12,174.7,624,964,466,823,0.579440466627023,0.5074207686801635,0.27977744347422695,0.2633251129652883,1,0.10644257703081232,0.05228758169934641,0.03663714996460276,0.45359319109122215,0.8884560124229487,2.1272091049017114,38.4385823637721,46.11204054219074,0.4619329068606261,0.6293946748715699,624,269,964,805,0.0,0.0,1.0,nado,1.0,1
AcuBN2,12,46,0,2,225.0,230.0,13,13,174.7,624,964,466,823,0.3392190159895326,0.23420020820415405,0.24539723569355384,0.12382321738501333,1,0.15406162464985995,0.06399482870071105,0.03860338993972299,0.48944321519712486,0.8696061038329693,2.206572252921151,36.735801785688494,47.74724984308414,0.5536665823567355,0.7092756883880126,622,254,963,791,0.0,0.0,1.0,nado,1.0,1
AcuBN2,12,47,0,2,230.0,235.0,12,12,174.7,624,964,466,823,0.6655461057326099,0.6190660400892777,0.24435395815092317,0.17571121675235027,1,0.08403361344537816,0.0469187675070028,0.025607520000588774,0.42447289361879814,0.8750664993000452,2.2389264815298815,40.25728835701537,61.25281663984153,0.5082885908230051,0.6642257202971887,624,267,964,802,0.0,0.0,1.0,nado,1.0,1
AcuBN2,12,48,0,2,235.0,240.0,13,13,174.7,624,964,466,823,0.2348360103522017,0.2269096106255086,0.06049777156159932,0.06316790012258613,1,0.06162464985994398,0.0497737556561086,0.01917068229025925,0.3881275827962581,0.9549326107907159,2.344893122108324,25.848713904386685,35.11924973125255,0.6232776726750993,0.765962387476567,629,268,970,803,0.0,1.0,0.0,inmovilidad,1.0,1
AcuBN2,12,49,0,2,240.0,245.0,12,12,174.7,624,964,466,823,0.2698672863574941,0.2524669637927764,0.09533511650601068,0.07796227511924342,1,0.06722689075630252,0.047619047619047616,0.023631412083254914,0.4261924350385776,0.8997044223646639,2.1753338938341895,26.561144983432083,41.312489979156645,0.6782898731986925,0.8053362452250554,631,280,970,815,0.0,1.0,0.0,inmovilidad,1.0,1
AcuBN2,12,50,0,2,245.0,250.0,13,13,174.7,624,964,466,823,0.10261072791495014,0.10082304396022053,0.019070272411042533,0.026374516511926276,1,0.056022408963585436,0.039000215470803706,0.016943466737021087,0.41225407163993305,0.9465469999660002,1.8406008393890045,20.846973006236393,31.73842978835514,0.7416751171111134,0.8504841426031766,630,282,970,817,0.0,1.0,0.0,inmovilidad,1.0,1
AcuBN2,12,51,0,2,250.0,255.0,12,12,174.7,624,964,466,823,0.08467766936676317,0.07428481470352079,0.04064571310544871,0.02964675052591074,1,0.05042016806722689,0.03664799253034547,0.013895532330313093,0.5003537999859233,0.9755231137472866,1.3532480129465914,18.280244701465563,23.165402008124474,0.7591556255052332,0.8620069845036143,629,275,970,810,0.0,1.0,0.0,inmovilidad,1.0,1
AcuBN2,12,52,0,2,255.0,260.0,13,13,174.7,624,964,466,823,0.10670350047712795,0.09798046910003015,0.042254759365194426,0.031848644595474436,1,0.047619047619047616,0.03555268261150614,0.013932694580777191,0.5409236398569839,0.8891689628168423,1.461556805173274,19.609591014499287,25.61313609848851,0.707422726308644,0.8260964612139414,629,258,970,794,0.0,1.0,0.0,inmovilidad,1.0,1
AcuBN2,12,53,0,2,260.0,265.0,12,12,174.7,624,964,466,823,0.15495140517966047,0.1397548268983932,0.06692179260712805,0.05966870028451335,1,0.05322128851540616,0.045051353874883286,0.015380342699138535,0.4983422094678639,0.8966268720431517,1.5107340230189032,22.101566974447646,28.40978845582654,0.6878687304865728,0.8139557500816313,628,262,969,799,0.0,1.0,0.0,inmovilidad,1.0,1
AcuBN2,12,54,0,2,265.0,270.0,13,13,174.7,624,964,466,823,0.18219067140027204,0.1582299191199521,0.09031463580491995,0.060981646212286564,1,0.058823529411764705,0.0394311570782159,0.015091652900335512,0.5649317133940953,0.8602814955312879,1.6722844852305743,23.914000462434448,43.15551412591424,0.6716610520917599,0.7978690448759628,623,261,963,797,0.0,1.0,0.0,inmovilidad,1.0,1
AcuBN2,12,55,0,2,270.0,275.0,12,12,174.7,624,964,466,823,0.4862539284589903,0.471577760453279,0.11856347999139831,0.13560823004369324,2,0.08683473389355742,0.047385620915032685,0.023121008518971167,0.5484272651074721,0.7812802986343272,1.8115627018889884,30.113040528255183,44.46318847746801,0.5560195540200435,0.7095799591080222,624,256,964,791,0.0,0.0,1.0,nado,1.0,1
AcuBN2,12,56,0,2,275.0,280.0,13,13,174.7,624,964,466,823,0.4021345175039863,0.3291583722261727,0.23101284847726586,0.13412708189082206,1,0.0700280112044818,0.04352510234863176,0.020742834445486188,0.45428646652078397,0.9170306096424633,2.0809115662162023,38.89518233236667,58.39060036385688,0.49316711474838154,0.6482390157699012,627,265,967,801,0.001,0.001,0.998,nado,0.998,1
AcuBN2,12,57,0,2,280.0,285.0,12,12,174.7,624,964,466,823,0.273459804063997,0.26781162888235366,0.055291915088013815,0.120387220709687,1,0.06442577030812324,0.045051353874883286,0.017129907857993513,0.5171206935441857,0.911724904321327,1.404416616423628,26.9760226305084,42.90237655832172,0.6355804236975164,0.7744466733031053,627,269,968,805,0.0,1.0,0.0,inmovilidad,1.0,1
AcuBN2,12,58,0,2,285.0,290.0,13,13,174.7,624,964,466,823,0.4476628018111376,0.34451401635457773,0.2858532432221745,0.22373329744010195,1,0.08123249299719888,0.04804998922645981,0.02198493542709978,0.5318182586246278,0.8734210044548714,1.7201449788237704,32.65552925722567,50.45679644808743,0.5577183697630482,0.7100882952390666,629,261,969,796,0.0,0.0,1.0,nado,1.0,1
AcuBN2,12,59,0,2,290.0,295.0,12,12,174.7,624,964,466,823,0.5688010217906365,0.5029686011255698,0.26562603161561466,0.21902162201580325,2,0.0896358543417367,0.040149393090569564,0.019002297403975594,0.5988234758611356,0.7665623041603401,1.7938580238346467,35.53188001382535,47.43481572147423,0.4988136347864587,0.6625680235340301,629,262,970,798,0.0,0.0,1.0,nado,1.0,1
AcuBN2,12,60,0,2,295.0,300.0,12,12,174.7,624,964,466,823,0.32201165470773585,0.2617057830849663,0.187620864691267,0.15241059451996175,2,0.08123249299719888,0.03127917833800187,0.013128562268474952,0.5681610499725602,0.7997307528073349,1.720536104136136,31.63437155947669,43.516510009765625,0.5560769630354067,0.7123489084978437,630,262,971,797,0.0,0.989,0.011,inmovilidad,0.989,1
AcuBN2,12,61,0,2,300.0,305.0,13,13,174.7,624,964,466,823,0.31253013713055444,0.30840997075238175,0.05058039694741629,0.07417633746246406,1,0.047619047619047616,0.03167420814479638,0.015562794651982046,0.47691134849824857,0.8326215564184932,1.6651768766980632,22.59790545672401,31.664193373476785,0.6634787023969309,0.7938879369033618,633,262,974,798,0.0,1.0,0.0,inmovilidad,1.0,1
AcuBN2,12,62,0,2,305.0,310.0,12,12,174.7,624,964,466,823,0.44657988936593257,0.424806114418228,0.1377438301303399,0.11673234795110582,1,0.047619047619047616,0.0273109243697479,0.011062383133914548,0.556653769614163,0.8856461856071544,1.6034931214975903,21.650252696299223,31.4922419460881,0.7013911852481663,0.8216612818313375,632,279,972,815,0.0,1.0,0.0,inmovilidad,1.0,1
AcuBN2,12,63,0,2,310.0,315.0,13,13,174.7,624,964,466,823,0.3903980316371573,0.341843868962654,0.1885560721875876,0.10703013191472245,1,0.04201680672268908,0.0301659125188537,0.013139060079340516,0.47910833035619393,0.8487462463592946,1.614613308747179,24.013634604814687,39.732388244341166,0.6594277257815205,0.7872603555394817,630,261,972,797,0.0,1.0,0.0,inmovilidad,1.0,1
AcuBN2,12,64,0,2,315.0,320.0,12,12,174.7,624,964,466,823,0.3096262793065827,0.30390560333922906,0.059243709339111696,0.08134182798939317,1,0.05042016806722689,0.0326797385620915,0.01281740715441962,0.5551171000596616,0.7873195755304736,1.663304700403211,22.687303902239478,34.18065279242991,0.6785235793555316,0.80714165769669,629,250,971,787,0.0,1.0,0.0,inmovilidad,1.0,1
AcuBN2,12,65,0,2,320.0,325.0,13,13,174.7,624,964,466,823,0.14660871422288557,0.141348837717738,0.03891813410137103,0.04222930038157351,2,0.04481792717086835,0.03619909502262444,0.010493611741218264,0.5140811573861701,0.9453690081450739,1.441210617811564,16.233131018747088,23.966030077189245,0.7618551253097627,0.8636911166389993,629,245,969,780,0.0,1.0,0.0,inmovilidad,1.0,1
AcuBN2,12,66,0,2,325.0,330.0,12,12,174.7,624,964,466,823,0.4503412120891522,0.4243559528602617,0.15076217223821803,0.1298746140524561,1,0.058823529411764705,0.034080298786181136,0.013335999011178507,0.5278719215640448,0.7935384333797867,1.5615368238789198,23.39070474111909,38.9415064962955,0.6652646726657694,0.7927840544013516,627,255,968,790,0.0,1.0,0.0,inmovilidad,1.0,1
AcuBN2,12,67,0,2,330.0,335.0,13,13,174.7,624,964,466,823,0.34361516011642046,0.29787550153810194,0.17129379394845998,0.08242462703283657,1,0.07563025210084033,0.032751562163326864,0.010115690550057944,0.5271295163796321,0.9210588277800973,1.484788634795048,19.38855000922055,37.02941782131615,0.7125886444681261,0.8270051301475367,629,241,971,777,0.0,1.0,0.0,inmovilidad,1.0,1
AcuBN2,12,68,0,2,335.0,340.0,12,12,174.7,624,964,466,823,0.4120580487913765,0.4073841019641049,0.06188722841310772,0.11039297375660585,1,0.07282913165266107,0.04388422035480859,0.02108212369266123,0.5131384539704424,0.8560675434426935,2.0200498210317783,31.721474484526976,46.538905352600246,0.5084462019388992,0.669627354873758,620,247,961,783,0.0,0.0,1.0,nado,1.0,1
AcuBN2,12,69,0,2,340.0,345.0,13,13,174.7,624,964,466,823,0.39638820795170016,0.35458572287094575,0.17717950372221158,0.12334838305253872,1,0.10644257703081232,0.05559146735617324,0.026882794064537547,0.4575416277139782,0.9223549508789174,2.0327527117897555,36.507639646753695,48.51965487612774,0.5223478770720481,0.6836537824026697,620,252,961,788,0.0,0.001,0.999,nado,0.999,1
AcuBN2,12,70,0,2,345.0,350.0,12,12,174.7,624,964,466,823,0.23784194584063414,0.22464548435719778,0.07812296435222588,0.08869092064413336,2,0.07282913165266107,0.057656395891690006,0.032379237877529804,0.45200193292021984,0.8478238754835759,1.9296571920686514,30.96696224103707,36.74685244894826,0.6224254495705032,0.7644768079409267,623,256,964,792,0.0,1.0,0.0,inmovilidad,1.0,1
AcuBN2,12,71,0,2,350.0,355.0,13,13,174.7,624,964,466,823,0.23258515067653732,0.20163656088332693,0.11592475848744291,0.06242963353517163,1,0.05322128851540616,0.040293040293040296,0.019155565442612835,0.4554504637895578,0.8879476039091903,2.0829957972835067,26.50963934248906,39.95670241286863,0.6793190254881236,0.8045626141818978,623,268,965,805,0.0,1.0,0.0,inmovilidad,1.0,1
AcuBN2,12,72,0,2,355.0,360.0,12,12,174.7,624,964,466,823,0.26872168830884224,0.26531825277452276,0.04263297447081301,0.06889439012571931,2,0.06162464985994398,0.0480859010270775,0.020760050855305714,0.46575280541680547,0.9170054917304776,1.9141328409632983,25.40773112674538,29.787989991659718,0.6801973320325733,0.8083116618412917,633,334,975,870,0.0,1.0,0.0,inmovilidad,1.0,1
AcuBN2,12,73,0,2,360.0,365.0,8,8,174.7,624,964,466,823,0.1997257627471359,0.1896746250829597,0.0625613051699203,0.09034838208002172,1,0.058823529411764705,0.05217086834733894,0.029612959736344906,0.4633468121445267,0.8648711497235665,1.9967705736800894,25.239223503236428,34.183917911903556,0.6995798510709766,0.8215167938587921,636,340,978,877,0.0,1.0,0.0,inmovilidad,1.0,1
AcuBN2,12,1,0,3,0.0,5.0,13,13,174.7,964,1313,466,823,0.9998662088486839,0.985994408410789,0.16597428168272982,0.3139197039597691,2,0.14565826330532214,0.04740357681534152,0.03332005168730169,0.3719324000177344,0.7380773856837475,2.6926564969128686,54.65830540558119,75.43631049041896,0.28180180446065367,0.41441867310216907,979,407,1331,944,0.0,0.0,1.0,nado,1.0,1
AcuBN2,12,2,0,3,5.0,10.0,12,12,174.7,964,1313,466,823,0.9178171097962405,0.880796978450459,0.25804055841527274,0.3180457616397083,2,0.14565826330532214,0.029411764705882353,0.034527299936841616,0.42603958691237503,0.8375931281693757,2.626257500822533,50.68055175840786,72.29603511338698,0.3346997412992104,0.47656157334049154,980,439,1328,973,0.0,0.0,1.0,nado,1.0,1
AcuBN2,12,3,0,3,10.0,15.0,13,13,174.7,964,1313,466,823,0.6662488351483492,0.6363487807211861,0.1973518168428962,0.3085815449484626,2,0.13445378151260504,0.05666882137470373,0.032057794908826216,0.37318709837238667,0.7021763126527039,2.8191923034003255,58.59843973479696,76.20071899340923,0.2954738775590204,0.44387153582924604,971,428,1324,968,0.0,0.0,1.0,nado,1.0,1
AcuBN2,12,4,0,3,15.0,20.0,12,12,174.7,964,1313,466,823,0.5590023475627197,0.5189506012457011,0.20778329588144723,0.2425997862479353,1,0.1484593837535014,0.0014005602240896359,0.021914600094300497,0.416412884392435,0.7976814219638709,2.5546268702602735,49.68231180343912,64.22008515199333,0.38568201745380165,0.5488797074496197,956,419,1308,958,0.0,0.0,1.0,nado,1.0,1
AcuBN2,12,5,0,3,20.0,25.0,13,13,174.7,964,1313,466,823,0.7925690692679892,0.7197961395465639,0.33175178530671107,0.2665699442299245,1,0.15966386554621848,0.05645335057099763,0.02548952460645983,0.39911249208598476,0.8606077055476322,2.4034287793670996,48.98809706599228,72.94677553939682,0.4065315821719844,0.558130204437421,948,421,1300,959,0.0,0.0,1.0,nado,1.0,1
AcuBN2,12,6,0,3,25.0,30.0,12,12,174.7,964,1313,466,823,0.9808910296601535,0.9114651452456378,0.3624617235931328,0.351083552823109,2,0.16246498599439776,0.04995331465919701,0.02440929986839324,0.367386847912945,0.7803034478901223,2.6050448252174827,45.73478588310826,62.68829907244923,0.32950390634920107,0.48754734418836243,953,419,1306,958,0.0,0.0,1.0,nado,1.0,1
AcuBN2,12,7,0,3,30.0,35.0,13,13,174.7,964,1313,466,823,1.1709152885690874,1.1684808807706464,0.07546551714713029,0.2716960456491663,2,0.16526610644257703,0.05709976298211592,0.034662931653224704,0.40340063786835056,0.8980305735903868,3.1190088951391015,50.390394824206474,81.68547192675373,0.3903945324141134,0.5430667886264998,956,405,1307,943,1.0,0.0,0.0,escalamiento,1.0,1
AcuBN2,12,8,0,3,35.0,40.0,12,12,174.7,964,1313,466,823,0.39307129340600333,0.18350631128123335,0.347606782758656,0.2066959621315925,1,0.13165266106442577,0.0469187675070028,0.024717725551623528,0.41803416630251283,0.8858990944833987,2.151327280608283,42.546827732000686,57.28923997841127,0.4214774608633971,0.5850230323279971,957,407,1311,946,1.0,0.0,0.0,escalamiento,1.0,1
AcuBN2,12,9,0,3,40.0,45.0,13,13,174.7,964,1313,466,823,0.8575243223831088,0.7930694099751652,0.3261730743642911,0.22496953721802415,2,0.17086834733893558,0.09480715363068304,0.04235740710524885,0.426227077814434,0.9371039268649264,3.1470086697192583,40.676606719307756,54.81702948470653,0.4647962003106964,0.6196968578178942,964,391,1316,929,0.0,0.0,0.999,nado,0.999,1
AcuBN2,12,10,0,3,45.0,50.0,12,12,174.7,964,1313,466,823,0.96498263243333,0.9491876411468799,0.17388013915332948,0.28641047271718817,2,0.1484593837535014,0.06792717086834733,0.03190704634479671,0.43686178013368543,0.8574446164531238,2.585685248089146,47.73231347832108,70.86100717829328,0.4269138317651621,0.5813114151265981,971,383,1321,920,0.0,0.0,1.0,nado,1.0,1
AcuBN2,12,11,0,3,50.0,55.0,13,13,174.7,964,1313,466,823,0.14557613992378715,0.1413981719743515,0.034626138644408,0.05199570366596693,1,0.05322128851540616,0.02262443438914027,0.0093598481677373,0.3651676106959647,0.6320017097486007,2.1632599388517524,34.800455481484725,43.16064502070168,0.5601394641834319,0.7158185917687077,964,368,1315,906,0.0,0.0,1.0,nado,1.0,1
AcuBN2,12,12,0,3,55.0,60.0,12,12,174.7,964,1313,466,823,0.4258545282147877,0.239297031421742,0.3522627002022513,0.18163998032769058,1,0.11204481792717087,0.03618113912231559,0.019654631371161774,0.34656674957948824,0.8267959208556747,2.2857396243302364,37.56821779321936,49.815229919319584,0.4909940097875603,0.6563529398293452,963,363,1313,899,0.0,0.0,1.0,nado,1.0,1
AcuBN2,12,13,0,3,60.0,65.0,13,13,174.7,964,1313,466,823,0.291958728175833,0.21822433062373756,0.19395370705885365,0.10800355719717424,1,0.1568627450980392,0.06873518638224521,0.04218104388270737,0.39989352921438276,0.9770134224416318,3.0669615761579574,37.10128422706542,56.291895393637695,0.49959092262442295,0.6614811369259223,963,305,1313,840,0.007,0.003,0.99,nado,0.99,1
AcuBN2,12,14,0,3,65.0,70.0,12,12,174.7,964,1313,466,823,0.6773526704236343,0.607875862581239,0.2988203069089233,0.3092849973376779,1,0.16246498599439776,0.09313725490196079,0.04050475344369403,0.4187356300245499,0.9491145798554466,3.393372412891979,47.229956398387635,64.83243703899615,0.37958207889147105,0.5313763786940703,966,297,1317,833,1.0,0.0,0.0,escalamiento,1.0,1
AcuBN2,12,15,0,3,70.0,75.0,13,13,174.7,964,1313,466,823,0.2375584318359876,0.12276828228100786,0.20337639342397718,0.06843492260023219,1,0.1400560224089636,0.031027795733678087,0.01729367370749632,0.35427844144133197,0.9188420916506436,2.748076504567561,38.484440903711445,47.05822093897085,0.48402375444402457,0.648203282427694,964,287,1314,824,0.002,0.0,0.998,nado,0.998,1
AcuBN2,12,16,0,3,75.0,80.0,12,12,174.7,964,1313,466,823,0.5438662876076625,0.527487098258742,0.13246848669292247,0.1438959172182071,1,0.11764705882352941,0.047385620915032685,0.02009679916481935,0.4821812495527619,0.8286432142896843,2.0599529160713264,46.05022064746583,68.6028665273216,0.42526279940013006,0.5920408477955744,966,301,1316,837,0.0,0.0,1.0,nado,1.0,1
AcuBN2,12,17,0,3,80.0,85.0,13,13,174.7,964,1313,466,823,0.8041581010416075,0.789534575926239,0.15266107849683894,0.28758493505605914,2,0.13445378151260504,0.09114414996767939,0.04102460503775678,0.526817101528273,0.9110450658173026,2.4135135064273685,46.2518331026057,61.59242983851401,0.38777514164268967,0.5513353520308268,970,298,1320,834,1.0,0.0,0.0,escalamiento,1.0,1
AcuBN2,12,18,0,3,85.0,90.0,12,12,174.7,964,1313,466,823,0.17187695817857337,0.08140104599742341,0.1513788573851858,0.05000832045090991,1,0.10084033613445378,0.06722689075630252,0.03052595434732305,0.43186692172384983,0.9787783142030754,2.9676272831502097,34.41713103543734,42.71023043050746,0.5902826039331321,0.7405071765432579,977,303,1327,839,0.003,0.924,0.073,inmovilidad,0.924,1
AcuBN2,12,19,0,3,90.0,95.0,13,13,174.7,964,1313,466,823,0.26916641537579655,0.17891009399051902,0.2011013113695669,0.10019114284271599,1,0.14285714285714285,0.04481792717086835,0.02903694485415138,0.5213246468834096,0.953330349798753,2.2296262093217667,43.41180308115288,64.35487002818665,0.499287251677679,0.6624774522547928,983,299,1333,835,1.0,0.0,0.0,escalamiento,1.0,1
AcuBN2,12,20,0,3,95.0,100.0,12,12,174.7,964,1313,466,823,0.811122709841685,0.8077229135747453,0.07418723142996371,0.1959058554674611,2,0.13725490196078433,0.06022408963585434,0.02515443448363101,0.5344471204215825,0.9061994866290579,2.1875780302384227,42.44516943060703,54.88697292199919,0.46795185534457273,0.6302920676779676,983,296,1333,832,1.0,0.0,0.0,escalamiento,1.0,1
AcuBN2,12,21,0,3,100.0,105.0,13,13,174.7,964,1313,466,823,0.5250531364351706,0.5086482219311457,0.13022205038584603,0.18704428604957324,1,0.12044817927170869,0.02779573367808662,0.018525696790678968,0.43715907813739824,0.86436602970226,2.1884713873738755,42.472060211595284,56.337519220912355,0.45902096343069243,0.6261666081397812,971,308,1321,844,0.0,0.0,1.0,nado,1.0,1
AcuBN2,12,22,0,3,105.0,110.0,12,12,174.7,964,1313,466,823,0.5546580111705156,0.5344317929540784,0.14841889379563813,0.19679989474829584,2,0.04201680672268908,0.018207282913165267,0.0070255549436703795,0.483464082040534,0.7493660108450876,1.9164307708987032,37.673825926876624,50.48905292130614,0.5345380994240859,0.6916270931075617,964,277,1314,813,0.0,0.0,1.0,nado,1.0,1
AcuBN2,12,23,0,3,110.0,115.0,13,13,174.7,964,1313,466,823,0.5187058991054316,0.5134543222750314,0.07362383244481657,0.2187875694531589,1,0.0784313725490196,0.03210514975220857,0.014633108521727655,0.5013200184979899,0.8614396323597588,1.9381022170985978,37.467233570309695,47.904188659443776,0.5244410260143849,0.6829254978209833,964,285,1315,822,0.0,0.0,1.0,nado,1.0,1
AcuBN2,12,24,0,3,115.0,120.0,12,12,174.7,964,1313,466,823,0.5697793148842334,0.5421921729240244,0.17514598279684038,0.17752325094172766,1,0.056022408963585436,0.023809523809523808,0.010456449490754166,0.3839217398510783,0.7279693063460143,2.249733212093418,33.79081916302448,47.815100649559454,0.5245656632327887,0.6844194134542892,963,288,1315,826,0.0,0.0,1.0,nado,1.0,1
AcuBN2,12,25,0,3,120.0,125.0,13,13,174.7,964,1313,466,823,0.5821711050877489,0.46228036529972183,0.3538644648130787,0.20543780999366426,2,0.14285714285714285,0.06119370825253179,0.025653290455962638,0.4038692601453894,0.8242412173276279,2.3240179820116706,43.76791940604278,53.98563982555047,0.43014098791202265,0.597427344213784,963,293,1314,830,0.0,0.0,1.0,nado,1.0,1
AcuBN2,12,26,0,3,125.0,130.0,12,12,174.7,964,1313,466,823,0.6077434104381495,0.5607967446491751,0.2342201189519827,0.2818957680530377,2,0.13445378151260504,0.08590102707749767,0.03894624844259233,0.46372210888297066,0.9231137209487391,3.001166408126526,45.944459808233226,55.717648098506494,0.38424764524178906,0.5513350616026417,963,300,1316,837,1.0,0.0,0.0,escalamiento,1.0,1
AcuBN2,12,27,0,3,130.0,135.0,13,13,174.7,964,1313,466,823,0.3370847510924714,0.25486879809075597,0.22060830713925264,0.18379377793182877,1,0.15406162464985995,0.0497737556561086,0.023965242468779867,0.38299037407108544,0.9229220589666883,2.713888395153657,40.30384249382199,55.92205882352941,0.46266415514173603,0.624826958232518,959,301,1308,837,0.004,0.001,0.995,nado,0.995,1
AcuBN2,12,28,0,3,135.0,140.0,12,12,174.7,964,1313,466,823,0.6386479730539827,0.6258590643606107,0.12716786167747535,0.16566431700541837,2,0.047619047619047616,0.021942110177404293,0.00934830057578518,0.4092372107533871,0.8364275707664194,2.053444216004771,36.797834961977884,46.5210139002453,0.5483919731729151,0.7057435672031994,955,282,1304,818,0.0,0.0,1.0,nado,1.0,1
AcuBN2,12,29,0,3,140.0,145.0,13,13,174.7,964,1313,466,823,0.5750632266446009,0.48981934489401263,0.3012884398819508,0.19138944915746714,2,0.1400560224089636,0.05666882137470373,0.02488485070060331,0.4839583189760847,0.9030907938585317,2.0878311208638776,39.19546079456256,64.78179586710812,0.5616230013223061,0.7094791390520652,955,276,1304,812,0.0,0.0,1.0,nado,1.0,1
AcuBN2,12,30,0,3,145.0,150.0,12,12,174.7,964,1313,466,823,0.8985527294762724,0.8872373424613985,0.142150996448475,0.34673804320227025,2,0.14565826330532214,0.05812324929971989,0.025828603897417562,0.546563063853965,0.8056329536409937,2.2752808227610104,52.50411192252844,66.12688691451739,0.3420098367193063,0.5043643012132514,960,296,1310,832,0.0,0.0,1.0,nado,1.0,1
AcuBN2,12,31,0,3,150.0,155.0,12,12,174.7,964,1313,466,823,0.2153375049596518,0.17304565972020045,0.12816177548024474,0.10612219294083305,1,0.04481792717086835,0.018207282913165267,0.01082492265213548,0.4373203245122933,0.8351019322877319,1.7888693755526628,29.326511706949574,42.64757911057862,0.588226221406659,0.7360021135867862,970,299,1319,834,0.0,1.0,0.0,inmovilidad,1.0,1
AcuBN2,12,32,0,3,155.0,160.0,13,13,174.7,964,1313,466,823,0.3572510075267109,0.3543941386917827,0.04508965335594797,0.10919048398708145,1,0.0392156862745098,0.012281835811247577,0.0055075714925097545,0.4718295682144461,0.7900212933347531,1.766099154156918,29.072550988725844,35.3864887597492,0.6149824742169959,0.759308783495993,971,303,1320,838,0.0,1.0,0.0,inmovilidad,1.0,1
AcuBN2,12,33,0,3,160.0,165.0,12,12,174.7,964,1313,466,823,0.13075001242958156,0.11742304064455689,0.05750995806051747,0.05488143524367077,1,0.09523809523809523,0.01914098972922502,0.008704154901074141,0.44333599005069635,0.8281408516829437,1.7483764754339601,27.787761268912437,37.20543670469124,0.6374327622156412,0.7772774624549043,975,286,1324,821,0.0,1.0,0.0,inmovilidad,1.0,1
AcuBN2,12,34,0,3,165.0,170.0,13,13,174.7,964,1313,466,823,0.1717703194186942,0.06704186640136901,0.15814686459940083,0.06816795146592378,1,0.06442577030812324,0.019823313940961,0.011806258011848448,0.38923867109826943,0.9174641868961282,2.0326874380668807,31.40674086595808,37.7313025210084,0.5424914725619442,0.6969299027241788,979,291,1329,828,0.0,1.0,0.0,inmovilidad,1.0,1
AcuBN2,12,35,0,3,170.0,175.0,12,12,174.7,964,1313,466,823,0.16974295889268184,0.10874840659426924,0.13033209948761734,0.1271215291054171,1,0.047619047619047616,0.028711484593837534,0.010415508028378465,0.3088132624074414,0.9377991962252891,2.183131757126602,23.615263535095725,31.250832408435073,0.6313925361211813,0.7712962466639935,981,309,1329,845,0.0,1.0,0.0,inmovilidad,1.0,1
AcuBN2,12,36,0,3,175.0,180.0,13,13,174.7,964,1313,466,823,0.13040479898222057,0.07209077558714498,0.10866614777766467,0.04085252229466188,1,0.036414565826330535,0.02434820081878905,0.008208448272002187,0.3511694097753864,0.8855420382593004,1.9131639630369883,22.22868756399701,27.601946537495515,0.6803988729013254,0.8087951029815748,963,310,1313,846,0.0,1.0,0.0,inmovilidad,1.0,1
AcuBN2,12,37,0,3,180.0,185.0,12,12,174.7,964,1313,466,823,0.2185054982457086,0.14447014508691106,0.1639299543773872,0.07474607052393219,1,0.04481792717086835,0.024509803921568627,0.008985286276053958,0.364701087981099,0.8901230161219748,1.9448585901213091,23.683334471597604,30.430767851539738,0.6958745967828109,0.8185583100514874,963,298,1312,834,0.0,1.0,0.0,inmovilidad,1.0,1
AcuBN2,12,38,0,3,185.0,190.0,13,13,174.7,964,1313,466,823,0.649176963288972,0.6278742140762638,0.16493847629708938,0.17383962764791142,2,0.06442577030812324,0.03404438698556345,0.014398797383208256,0.3966585238180504,0.8613451479844432,2.1140771221995207,35.06306982744823,48.81070219011063,0.5657848870345729,0.7185032156380406,963,301,1313,838,0.0,0.0,1.0,nado,1.0,1
AcuBN2,12,39,0,3,190.0,195.0,12,12,174.7,964,1313,466,823,0.40258326283942286,0.39545382859056183,0.07542912548546737,0.10796963001099004,1,0.0392156862745098,0.023109243697478993,0.008857003027276761,0.4219427112439798,0.8185448421103191,2.0443558300577,31.982696167261377,53.897175609419236,0.6176583904454037,0.759483988505822,965,292,1316,829,0.0,0.974,0.026,inmovilidad,0.974,1
AcuBN2,12,40,0,3,195.0,200.0,13,13,174.7,964,1313,466,823,0.21988558995359203,0.20935568761936915,0.06722996899196315,0.058856811298625654,1,0.0392156862745098,0.017022193492781727,0.006034141685526469,0.39659553695285704,0.84293213321648,1.819906041949917,26.604844521287994,36.34004531657475,0.6810561961051502,0.808252720345062,947,314,1296,849,0.0,1.0,0.0,inmovilidad,1.0,1
AcuBN2,12,41,0,3,200.0,205.0,12,12,174.7,964,1313,466,823,0.26295560248177735,0.26163459229707237,0.026324684045572082,0.06241962500381015,1,0.028011204481792718,0.007703081232492998,0.003179786911179484,0.4080826615143923,0.8700717736547917,1.6286715413913913,28.076826173692012,37.23843273064068,0.6683565685722512,0.7995107825133413,959,281,1309,818,0.0,1.0,0.0,inmovilidad,1.0,1
AcuBN2,12,42,0,3,205.0,210.0,13,13,174.7,964,1313,466,823,0.8107725698876955,0.8053664944432972,0.09347175889225859,0.1855469385463525,2,0.03361344537815126,0.00904977375565611,0.002224696078630427,0.46092276263755927,0.7896652834369132,1.524050275945734,26.569893851187803,46.759140530237396,0.6638358568541667,0.7899660801241234,959,279,1308,815,0.0,1.0,0.0,inmovilidad,1.0,1
AcuBN2,12,43,0,3,210.0,215.0,12,12,174.7,964,1313,466,823,0.39572356833733174,0.38522401327249156,0.09055165451755195,0.16714509765191146,2,0.0392156862745098,0.014939309056956115,0.007522311353828891,0.49571103815251877,0.6451285247880122,1.7759914556141239,30.939050073629105,42.64804331774551,0.5750733204510944,0.7264682686531918,965,283,1314,818,0.0,0.001,0.999,nado,0.999,1
AcuBN2,12,44,0,3,215.0,220.0,13,13,174.7,964,1313,466,823,0.5218619473428642,0.49141037485412953,0.17565800741842166,0.14953023437219864,1,0.025210084033613446,0.005817711700064641,0.003010772156243896,0.4029924829818974,0.7907674490323703,1.7190233816535991,30.465554741367914,42.83616462109513,0.5888967785405375,0.7374826285268979,965,271,1313,806,0.0,0.001,0.999,nado,0.999,1
AcuBN2,12,45,0,3,220.0,225.0,12,12,174.7,964,1313,466,823,0.20331887827681608,0.18415060674748268,0.08618074203832748,0.0914687931072356,1,0.03081232492997199,0.01027077497665733,0.0037447790919641647,0.45178084902339105,0.8067369415798917,1.5718363269712696,27.341344333523022,35.04395824969892,0.6609579769719419,0.7932337067990094,964,269,1313,805,0.0,1.0,0.0,inmovilidad,1.0,1
AcuBN2,12,46,0,3,225.0,230.0,13,13,174.7,964,1313,466,823,0.06999377653137051,0.053011509237170164,0.04570458009347483,0.03769273484319624,1,0.05322128851540616,0.004093945270415858,0.002972980037127864,0.40469816729133434,0.9429144301424668,1.560669632063302,23.970491878425072,33.93074189249223,0.7171441894099579,0.8336698899915249,962,254,1313,791,0.0,1.0,0.0,inmovilidad,1.0,1
AcuBN2,12,47,0,3,230.0,235.0,12,12,174.7,964,1313,466,823,0.2718993820742037,0.23785022262301866,0.13174424302607787,0.09465046570428157,1,0.058823529411764705,0.02030812324929972,0.008687778316123862,0.38586782402933667,0.9130774559309365,1.8906132866004663,34.95728089314314,42.34788572324333,0.5575251669025189,0.7141507976275667,964,267,1313,802,0.001,0.001,0.998,nado,0.998,1
AcuBN2,12,48,0,3,235.0,240.0,13,13,174.7,964,1313,466,823,0.1272230416674093,0.10747400189060956,0.06808113724611699,0.05573138036176452,1,0.036414565826330535,0.01809954751131222,0.006371751282963024,0.38412413764456643,0.8994255213030414,1.840352318298165,29.26309368966787,49.30430596593739,0.6335540215059213,0.768649018052977,969,268,1319,803,0.0,1.0,0.0,inmovilidad,1.0,1
AcuBN2,12,49,0,3,240.0,245.0,12,12,174.7,964,1313,466,823,0.09225046928799971,0.07737316669639538,0.05023486995333012,0.03198099105010522,1,0.014005602240896359,0.008169934640522875,0.002139873766836666,0.4112296952556712,0.8515729252175007,1.68680457552395,20.91542827409128,28.020471909163817,0.7362586688293233,0.8466052718919768,970,280,1319,815,0.0,1.0,0.0,inmovilidad,1.0,1
AcuBN2,12,50,0,3,245.0,250.0,13,13,174.7,964,1313,466,823,0.1270173044475878,0.11646080426559156,0.050697896395637376,0.04868020493689407,1,0.022408963585434174,-0.007110536522301228,0.00374393926709492,0.41740891668735985,0.9448655016515842,1.3648654293422278,20.27996316065368,28.17741199883909,0.7536933032000079,0.8588643390248417,970,282,1319,817,0.0,1.0,0.0,inmovilidad,1.0,1
AcuBN2,12,51,0,3,250.0,255.0,12,12,174.7,964,1313,466,823,0.15530982816797723,0.1428359876849293,0.06098379577918497,0.052080920011710705,1,0.01680672268907563,0.010737628384687208,0.002314557339639659,0.479964951722824,0.7192261381361317,1.4623552720994244,20.843249187599287,27.80432242990654,0.7468054929619501,0.8538131796086005,969,275,1319,811,0.0,1.0,0.0,inmovilidad,1.0,1
AcuBN2,12,52,0,3,255.0,260.0,13,13,174.7,964,1313,466,823,0.4707662000105239,0.4537813428907013,0.12531284019070157,0.13717710405703712,1,0.01680672268907563,0.0010773540185304892,0.00187196963354746,0.4693126130813184,0.7533172559658344,1.4797776723677956,26.274339535183408,36.41403140445261,0.6755651977569905,0.8032871749461296,970,258,1319,794,0.0,1.0,0.0,inmovilidad,1.0,1
AcuBN2,12,53,0,3,260.0,265.0,12,12,174.7,964,1313,466,823,0.38834862637619605,0.3873293730420514,0.028117830412919247,0.10106492050084205,1,0.0196078431372549,0.013071895424836602,0.004388924766675202,0.4793317237714131,0.5985932873703662,1.8494003424837924,21.912470013587633,29.82333110931629,0.6971571628098311,0.819632403208053,969,262,1319,799,0.0,1.0,0.0,inmovilidad,1.0,1
AcuBN2,12,54,0,3,265.0,270.0,13,13,174.7,964,1313,466,823,0.7501912816556503,0.7472733665844834,0.06610200197905806,0.1623915556472523,2,0.0196078431372549,0.0053867700926524455,0.0012698152022986807,0.4528352491467284,0.7217686092143077,1.3371371289161014,28.525272684659782,37.01204317495575,0.5975981254108915,0.7469417485316462,963,262,1312,797,0.0,0.021,0.979,nado,0.979,1
AcuBN2,12,55,0,3,270.0,275.0,12,12,174.7,964,1313,466,823,0.6885172988592438,0.6815875407582147,0.0974396998743242,0.19312663199197483,2,0.08123249299719888,0.014472455648926238,0.007552335092904406,0.4909208870545617,0.7021621063309923,1.7443087861683717,35.74573395545154,48.272761143476494,0.5465136027332921,0.7041131791581531,964,256,1313,791,0.0,0.0,1.0,nado,1.0,1
AcuBN2,12,56,0,3,275.0,280.0,13,13,174.7,964,1313,466,823,0.5536393349731457,0.532545295012361,0.1513671760643777,0.1669330428118228,1,0.04481792717086835,0.025210084033613446,0.010798468168754257,0.3844063188006328,0.8909519829666875,1.7502694672133132,33.77981618298159,45.04299465240642,0.5090003518414256,0.670163518309638,967,266,1317,802,0.0,0.0,1.0,nado,1.0,1
AcuBN2,12,57,0,3,280.0,285.0,12,12,174.7,964,1313,466,823,0.17074412626739682,0.16210235202594755,0.053631931929332244,0.05237278677291135,1,0.05322128851540616,0.024276377217553685,0.009159969848856952,0.41978646089219285,0.8962478567467079,1.748619734616116,26.35010853653428,36.3827953619555,0.6846005805913803,0.8104882019426443,967,269,1317,805,0.0,1.0,0.0,inmovilidad,1.0,1
AcuBN2,12,58,0,3,285.0,290.0,13,13,174.7,964,1313,466,823,0.10454651833012747,0.08611016462463326,0.05928755386478884,0.03587477208742306,1,0.028011204481792718,0.01508295625942685,0.006689205083537693,0.43783429733227136,0.8486335267344778,1.8484863077148068,21.996141328957012,33.655732993965266,0.7283055299349781,0.841560327608274,969,261,1318,797,0.0,1.0,0.0,inmovilidad,1.0,1
AcuBN2,12,59,0,3,290.0,295.0,12,12,174.7,964,1313,466,823,0.16468246501725708,0.1574262356669311,0.048345574853340796,0.06055088477661865,1,0.028011204481792718,0.017040149393090568,0.007770689558908147,0.4379617407561793,0.8358394207125128,1.8011948900805603,26.013978794756696,32.37353701527615,0.678583271007987,0.807849385773954,969,262,1319,799,0.0,1.0,0.0,inmovilidad,1.0,1
AcuBN2,12,60,0,3,295.0,300.0,12,12,174.7,964,1313,466,823,0.19350072396826615,0.18960534504950305,0.03863085948955866,0.07437071641326956,1,0.025210084033613446,0.01727357609710551,0.007432240136602348,0.43498120229522824,0.8691177668674951,1.7545784625480845,25.733387960069436,33.47050705604772,0.6693920893533784,0.799305676708722,970,262,1320,798,0.0,1.0,0.0,inmovilidad,1.0,1
AcuBN2,12,61,0,3,300.0,305.0,13,13,174.7,964,1313,466,823,0.14342091519668973,0.12826255148868843,0.06417380151952681,0.0553263405132219,1,0.025210084033613446,0.014005602240896359,0.005356403016045626,0.39992124343506785,0.8525395363420031,1.7586385035014538,22.989922203105003,29.10105535214301,0.7301071179751032,0.8430054285633257,974,263,1324,799,0.0,1.0,0.0,inmovilidad,1.0,1
AcuBN2,12,62,0,3,305.0,310.0,12,12,174.7,964,1313,466,823,0.2020311546422104,0.039927821379624986,0.1980463494385632,0.05725139922416424,1,0.06722689075630252,0.01027077497665733,0.005925594321176532,0.4384885209054133,0.8574255656246375,1.9833205967514391,22.99080066592359,47.97596328058944,0.7186265826014854,0.8267443850857431,972,279,1322,815,0.0,1.0,0.0,inmovilidad,1.0,1
AcuBN2,12,63,0,3,310.0,315.0,13,13,174.7,964,1313,466,823,0.33736019528740435,0.15869999260366557,0.2977015514100525,0.1339449649532825,1,0.14565826330532214,0.027149321266968323,0.017187855773971427,0.4309712485007999,0.8117864383298582,1.8742669455061265,37.34241442155416,49.34303824212973,0.516719115748054,0.6759912106249141,970,262,1321,798,0.0,0.0,1.0,nado,1.0,1
AcuBN2,12,64,0,3,315.0,320.0,12,12,174.7,964,1313,466,823,0.9695486849194693,0.9566156949154192,0.1578323942369311,0.25698983069907516,2,0.08683473389355742,0.028478057889822595,0.01325684551725215,0.4859833466920521,0.7960395056196513,2.134018836743636,40.58638353373527,48.44906068215773,0.4861787087096905,0.6495485880062464,969,251,1320,787,0.0,0.0,1.0,nado,1.0,1
AcuBN2,12,65,0,3,320.0,325.0,13,13,174.7,964,1313,466,823,0.6806110949007157,0.6783488339972623,0.05544656812198251,0.17118140066720247,1,0.022408963585434174,0.010558069381598794,0.0035045891793600496,0.4784935785519065,0.6424857383736774,1.6723242570101218,27.06804381019346,45.44031448939479,0.6199258111269762,0.758298063142221,968,245,1318,780,0.0,0.975,0.025,inmovilidad,0.975,1
AcuBN2,12,66,0,3,325.0,330.0,12,12,174.7,964,1313,466,823,0.131363764684082,0.12498308205508812,0.04044339095558106,0.05813388742327814,1,0.01680672268907563,0.007936507936507936,0.002846796350523779,0.47222155647216635,0.719476081257496,1.5113262501655527,20.859070920653892,31.154650941601673,0.7212720920382697,0.8359906512153849,967,255,1317,791,0.0,1.0,0.0,inmovilidad,1.0,1
AcuBN2,12,67,0,3,330.0,335.0,13,13,174.7,964,1313,466,823,0.18184904523976492,0.16118011292327888,0.0842024135797373,0.0626101414965947,1,0.0700280112044818,0.008187890540831716,0.002532071980774155,0.48573454857453824,0.9087310704493429,1.3292296684224933,25.83161535420833,31.743245593692023,0.6640591818267623,0.795766298338295,970,241,1320,778,0.0,1.0,0.0,inmovilidad,1.0,1
AcuBN2,12,68,0,3,335.0,340.0,12,12,174.7,964,1313,466,823,0.21118190381263077,0.19561533356987965,0.07957661572517369,0.10883073921714019,1,0.07563025210084033,0.024509803921568627,0.010161670961649116,0.3971185378901795,0.9195991598323686,1.7474089711657053,30.435974622241094,35.578953192431115,0.6043953817706803,0.7519680543215784,960,247,1310,783,0.0,1.0,0.0,inmovilidad,1.0,1
AcuBN2,12,69,0,3,340.0,345.0,13,13,174.7,964,1313,466,823,0.3735024580363075,0.34627593701407994,0.13998950533588086,0.14321778695342133,1,0.03361344537815126,0.020254255548373196,0.00767180018055453,0.378518306642355,0.9276953640077595,1.8005261043754515,30.669427868623146,44.23200733883746,0.6093947984221679,0.7536082586592341,960,252,1310,788,0.0,1.0,0.0,inmovilidad,1.0,1
AcuBN2,12,70,0,3,345.0,350.0,12,12,174.7,964,1313,466,823,0.12763686815502645,0.09695694561765225,0.08300916099394831,0.06627030255950328,1,0.028011204481792718,0.006769374416433239,0.0022162978299379754,0.42382601851326207,0.8924640551857036,1.6099206894621434,28.705001673311983,35.84237275278768,0.6464889245545139,0.7831704125461938,963,256,1313,792,0.0,1.0,0.0,inmovilidad,1.0,1
AcuBN2,12,71,0,3,350.0,355.0,13,13,174.7,964,1313,466,823,0.18110006948610552,0.14826681901809816,0.10399127629819133,0.049057295783443776,1,0.05042016806722689,0.014436543848308555,0.005139728199780375,0.4244911598097042,0.8905927343548059,1.568980282313735,24.481347458557558,39.8370250315145,0.7002315480509007,0.8201083717099042,963,269,1314,806,0.0,1.0,0.0,inmovilidad,1.0,1
AcuBN2,12,72,0,3,355.0,360.0,12,12,174.7,964,1313,466,823,0.6547660887803937,0.6248046353431733,0.19580040518461292,0.2778455077841759,2,0.025210084033613446,0.017040149393090568,0.006097548463154479,0.4610991258601007,0.6964022208841203,1.7264528903400913,34.46760116874529,52.939654161781945,0.5186448336700139,0.6761201669289775,973,335,1324,871,0.0,0.0,1.0,nado,1.0,1
AcuBN2,12,73,0,3,360.0,365.0,8,8,174.7,964,1313,466,823,0.2166682115526327,0.10788459799275102,0.18789898193805868,0.10310593452831936,1,0.0784313725490196,0.0056022408963585435,0.009367406591560505,0.519272849749735,0.7491350245542838,1.6757683944181474,27.37462717494541,48.75026982576965,0.6143143850830726,0.7471279272337044,976,342,1327,879,0.0,1.0,0.0,inmovilidad,1.0,1
AcuBN2,12,1,0,4,0.0,5.0,13,13,174.7,1313,1657,466,823,1.286184560093742,0.6518150002275085,1.1087866918852995,0.3789682069958949,3,0.19327731092436976,-0.07649213531566472,0.023196802713420544,0.5608728398010334,0.7791989956725927,2.615993738193613,48.69488351497311,62.46571826533327,0.25464396369640196,0.3872430365565751,1328,408,1675,946,0.0,0.0,1.0,nado,1.0,1
AcuBN2,12,2,0,4,5.0,10.0,12,12,174.7,1313,1657,466,823,0.8307797635469764,0.8010271550755017,0.22034180799570952,0.36315311381375753,2,0.10644257703081232,0.02030812324929972,0.014798973933403573,0.5213813350620836,0.8218806609235094,2.659576050885518,56.47967935757709,87.20787429113892,0.2907185334687034,0.43050004000989067,1327,440,1670,974,0.0,0.0,1.0,nado,1.0,1
AcuBN2,12,3,0,4,10.0,15.0,13,13,174.7,1313,1657,466,823,0.352805507981386,0.32882530519780534,0.12785008847698928,0.17675382531062594,1,0.12324929971988796,0.03598362421891834,0.020951950837928234,0.5219645934337743,0.9343357069304761,2.7671220355366817,54.17485052198091,77.52542498700913,0.33625411470827665,0.4979518982111877,1321,431,1669,970,1.0,0.0,0.0,escalamiento,1.0,1
AcuBN2,12,4,0,4,15.0,20.0,12,12,174.7,1313,1657,466,823,0.8125543700065152,0.7738016497822503,0.24794275752873352,0.2629549193947937,2,0.16246498599439776,0.05042016806722689,0.025310012040658674,0.45688488466622856,0.8824873597384957,3.234454575586422,51.277792130198,71.09369342558837,0.3160934426514133,0.4677279809315029,1306,421,1653,959,1.0,0.0,0.0,escalamiento,1.0,1
AcuBN2,12,5,0,4,20.0,25.0,13,13,174.7,1313,1657,466,823,0.9328867267746523,0.8635962236448581,0.35281611003278346,0.3313017812909121,2,0.1484593837535014,0.023270846800258566,0.019072422780557565,0.5042778816874713,0.944047456971117,2.734769940425742,52.393228249662535,65.17242121693265,0.31105649514419825,0.46469204576918577,1298,422,1645,960,1.0,0.0,0.0,escalamiento,1.0,1
AcuBN2,12,6,0,4,25.0,30.0,12,12,174.7,1313,1657,466,823,0.222012390924824,0.1944465927153215,0.10714487531169543,0.133312124533354,1,0.1400560224089636,-0.004901960784313725,0.01818892701811166,0.5618342293201017,0.9314702363811912,2.9119882106402204,49.72448911109115,61.36220032507111,0.36845635268448657,0.529017810477497,1303,420,1651,959,1.0,0.0,0.0,escalamiento,1.0,1
AcuBN2,12,7,0,4,30.0,35.0,13,13,174.7,1313,1657,466,823,0.6066775851321328,0.5933316359486738,0.12655142071200426,0.3508325162192041,2,0.09523809523809523,0.02370178840767076,0.016933388838590146,0.4577129519873043,0.8836618557867724,2.9452039180532514,50.331487356831516,68.37119356899488,0.26565524336266716,0.3995525738548361,1305,406,1652,944,0.999,0.0,0.001,escalamiento,0.999,1
AcuBN2,12,8,0,4,35.0,40.0,12,12,174.7,1313,1657,466,823,0.851736724781541,0.8332768143844477,0.17636666054244277,0.2726622033394355,2,0.1400560224089636,0.018440709617180206,0.01727456769172099,0.46942116044566834,0.9307175434891964,3.253218977979192,46.867477700465635,63.8238480257477,0.37311925662659234,0.5295922429888797,1308,409,1656,948,1.0,0.0,0.0,escalamiento,1.0,1
AcuBN2,12,9,0,4,40.0,45.0,13,13,174.7,1313,1657,466,823,0.4970162175719957,0.41938734518333187,0.26671965662404823,0.3022416825200743,1,0.14285714285714285,0.02564102564102564,0.018891020608800612,0.4782038389720169,0.9573582872613906,3.0595647657467473,46.74022079671075,63.95654681791963,0.4186161377556064,0.579237677526623,1313,394,1661,932,1.0,0.0,0.0,escalamiento,1.0,1
AcuBN2,12,10,0,4,45.0,50.0,12,12,174.7,1313,1657,466,823,0.8449079862044352,0.7719145096368459,0.34353674470737716,0.2998952146204411,2,0.13165266106442577,0.012838468720821661,0.01609545357530079,0.6030158816084075,0.9461175817018229,2.311339951168194,52.16519527780204,65.85581878912558,0.3724989079319807,0.5381100890026631,1320,384,1666,921,1.0,0.0,0.0,escalamiento,1.0,1
AcuBN2,12,11,0,4,50.0,55.0,13,13,174.7,1313,1657,466,823,0.40230642863813004,0.3925559920213916,0.0880355363002236,0.11301679165584098,1,0.07563025210084033,-0.009696186166774402,0.01168280375606941,0.6038072065914536,0.883008042996737,2.3448470327509705,42.65572701539982,58.496969133938734,0.4805219963344243,0.6429785847955587,1314,369,1660,907,0.999,0.0,0.001,escalamiento,0.999,1
AcuBN2,12,12,0,4,55.0,60.0,12,12,174.7,1313,1657,466,823,0.9259501690998213,0.8860270676842756,0.2689605007929448,0.25612645439454423,2,0.08123249299719888,-0.007469654528478057,0.010576544447056226,0.5651777820807841,0.8869995639383372,2.705458603875592,42.62438266950358,64.48868119357145,0.44377809345901403,0.6043434510345037,1312,364,1657,900,0.999,0.0,0.001,escalamiento,0.999,1
AcuBN2,12,13,0,4,60.0,65.0,13,13,174.7,1313,1657,466,823,0.562485300807386,0.5086517705937982,0.24013140131221844,0.3248272492372269,2,0.1484593837535014,0.014652014652014652,0.01402339566665567,0.44976652907450654,0.875851158845793,3.139027164636345,42.15973784646198,51.903195517189154,0.42541080139985954,0.5920158256535791,1312,305,1656,841,0.999,0.0,0.001,escalamiento,0.999,1
AcuBN2,12,14,0,4,65.0,70.0,12,12,174.7,1313,1657,466,823,0.21983390813448375,0.17495467616491456,0.13310825839785645,0.10046819372943952,1,0.0,-0.0350140056022409,0.0,0.4750547056685649,0.7112200674363353,2.577545416235972,35.359172441856856,49.75652734500913,0.5363448057053436,0.694596957652282,1315,298,1661,834,0.0,0.001,0.999,nado,0.999,1
AcuBN2,12,15,0,4,70.0,75.0,13,13,174.7,1313,1657,466,823,0.2757922183751582,0.15393973444950718,0.22883161030309204,0.08022882937508595,1,0.03361344537815126,-0.028011204481792718,0.0009372445540775978,0.36199055321561024,0.8033744703728622,2.930153541567182,36.869785126666606,44.55380141254674,0.4650611806785029,0.6285441229237757,1313,289,1658,825,0.0,0.0,1.0,nado,1.0,1
AcuBN2,12,16,0,4,75.0,80.0,12,12,174.7,1313,1657,466,823,0.7481770497435821,0.6347816887148444,0.39600644620427694,0.21373078298804313,2,0.09523809523809523,-0.036414565826330535,0.003381764792232945,0.3743441670859892,0.6320206821549613,2.1090655609395577,43.30009497901713,57.012702123514515,0.46020950568193975,0.6197805766638927,1315,301,1660,837,0.0,0.0,1.0,nado,1.0,1
AcuBN2,12,17,0,4,80.0,85.0,13,13,174.7,1313,1657,466,823,0.7710186858156974,0.6726530256650426,0.37683911811359055,0.23723821679731497,1,0.12605042016806722,-0.020254255548373196,0.008394889392974612,0.3909317580346677,0.8791003832583096,3.4468325570985425,41.623850143555686,54.593217888001156,0.425428618772141,0.5921356324830513,1319,299,1664,835,0.0,0.0,1.0,nado,1.0,1
AcuBN2,12,18,0,4,85.0,90.0,12,12,174.7,1313,1657,466,823,0.7764574327229266,0.7446200285194114,0.22006171397684995,0.22059602404333656,2,0.10364145658263306,0.04295051353874883,0.016603127708759487,0.5070763881080135,0.9314207314178494,2.9294491726995884,43.781192250240245,60.57811597478591,0.4296957765579106,0.589901574228206,1326,304,1671,840,1.0,0.0,0.0,escalamiento,1.0,1
AcuBN2,12,19,0,4,90.0,95.0,13,13,174.7,1313,1657,466,823,0.39309565286767467,0.35908370752135366,0.15994712656431923,0.1297182950817682,1,0.09243697478991597,0.0006464124111182936,0.006820217763139938,0.4686726665309536,0.817362297830933,2.318402236739778,39.35557805033995,49.26190398698129,0.462949254517991,0.627386468565745,1332,299,1677,835,0.0,0.0,1.0,nado,1.0,1
AcuBN2,12,20,0,4,95.0,100.0,12,12,174.7,1313,1657,466,823,0.5529103144571197,0.5013269535065032,0.23319755899442698,0.1789629970142654,1,0.15126050420168066,0.036414565826330535,0.018115232385835397,0.5460799545979318,0.9527666090040099,2.90678830541942,41.7930281542549,60.264670998349835,0.46762476924957735,0.6293861232928882,1332,296,1677,832,0.0,0.0,0.999,nado,0.999,1
AcuBN2,12,21,0,4,100.0,105.0,13,13,174.7,1313,1657,466,823,1.1150822490073282,1.102073914981233,0.16982787747946032,0.2823034473478064,2,0.11204481792717087,0.003663003663003663,0.011332596785594179,0.6064728107264378,0.8700162050634189,2.205202303710536,45.865104296970536,57.323442136498514,0.4343235982178776,0.6017827466910224,1320,309,1665,844,0.001,0.0,0.999,nado,0.999,1
AcuBN2,12,22,0,4,105.0,110.0,12,12,174.7,1313,1657,466,823,0.29165837779035714,0.1397205195606514,0.25601325307296946,0.13768783310797184,1,0.06442577030812324,-0.018907563025210083,0.006435997885460278,0.4214186605255708,0.8780642398270541,2.791760077630096,40.317156246512845,57.82157118055556,0.45957120704372095,0.6217693002355767,1313,277,1658,814,0.002,0.001,0.997,nado,0.997,1
AcuBN2,12,23,0,4,110.0,115.0,13,13,174.7,1313,1657,466,823,0.39623444443693107,0.30301847643298174,0.25530675255166657,0.1228501748035556,1,0.025210084033613446,-0.032751562163326864,0.0034945112809291077,0.44558168175105795,0.8849359186255187,2.5056101977074996,33.22423764987667,50.98919743074028,0.5385626456040973,0.6961574267195293,1313,287,1659,823,0.0,0.003,0.997,nado,0.997,1
AcuBN2,12,24,0,4,115.0,120.0,12,12,174.7,1313,1657,466,823,0.7329589344407738,0.6750656638697927,0.2855085796269361,0.2750546124651647,2,0.0196078431372549,-0.026844070961718022,0.00040941462375701515,0.5525978354081434,0.8221200650899316,1.9633653661249586,42.0656385931135,55.52229947430897,0.45059320968707556,0.612101845270752,1312,290,1659,827,0.0,0.0,1.0,nado,1.0,1
AcuBN2,12,25,0,4,120.0,125.0,13,13,174.7,1313,1657,466,823,0.6258459753132175,0.6089811753015905,0.14430908822401317,0.24391693612060622,2,0.0028011204481792717,-0.013143719026071967,0.0014537368486633707,0.4756969617373201,0.8933921957321151,2.3764587852884302,42.24289137580884,55.66381370712486,0.46256896985594004,0.6254093545352339,1312,295,1659,832,0.999,0.0,0.001,escalamiento,0.999,1
AcuBN2,12,26,0,4,125.0,130.0,12,12,174.7,1313,1657,466,823,0.21000688054300948,0.1654907395053554,0.12928923007496199,0.09287182858798045,1,0.03361344537815126,-0.025443510737628388,0.0018396363760815214,0.5152674100139789,0.8688373232820825,2.623756335738687,42.17776770912355,51.6039427971237,0.4531710587569993,0.6162214261548196,1312,302,1660,839,0.994,0.0,0.006,escalamiento,0.994,1
AcuBN2,12,27,0,4,130.0,135.0,13,13,174.7,1313,1657,466,823,0.29934068506296796,0.1835817266604379,0.23643729691049006,0.13331028378890875,1,0.0392156862745098,-0.006679594914889032,0.002927629494188625,0.4892769298730143,0.9063210787970201,2.334913154117695,38.1073960637314,48.094364075799504,0.5126802315622386,0.6739369240594137,1308,301,1652,836,0.0,0.0,0.999,nado,0.999,1
AcuBN2,12,28,0,4,135.0,140.0,12,12,174.7,1313,1657,466,823,0.34555777029864787,0.3053831857860972,0.16171358153509274,0.1670519120429644,1,0.10084033613445378,0.021942110177404293,0.010576544447056226,0.5098576781187362,0.9333717012672559,2.5545251144441057,41.186620417580066,49.762391351755504,0.4694893114647903,0.6361028756342226,1304,282,1648,817,0.001,0.001,0.999,nado,0.999,1
AcuBN2,12,29,0,4,140.0,145.0,13,13,174.7,1313,1657,466,823,0.32449668467438114,0.2023633106627624,0.25366747695018194,0.1197171191912267,1,0.04481792717086835,-0.03253609135962077,0.001375633135823571,0.4945451512777892,0.8452144234871835,2.3401315454515514,34.733802467791534,47.00208021046835,0.5668108010360698,0.7215629614712044,1304,276,1648,812,0.0,0.0,1.0,nado,1.0,1
AcuBN2,12,30,0,4,145.0,150.0,12,12,174.7,1313,1657,466,823,0.4025885522658368,0.3564244959914779,0.18718739560323858,0.180182257951369,1,0.05322128851540616,-0.029645191409897294,0.0017741300362803989,0.4638940630249486,0.8896454065861704,2.345700900229085,39.92218456261879,49.50351133869788,0.4983840944770705,0.6611037621395228,1309,296,1654,832,0.0,0.0,1.0,nado,1.0,1
AcuBN2,12,31,0,4,150.0,155.0,12,12,174.7,1313,1657,466,823,0.3418631975719093,0.29568347868575284,0.17158591517482513,0.2135242018915183,1,0.022408963585434174,-0.035247432306255835,0.0007997232317387029,0.5045871471955709,0.8389154423923065,1.8919366802357238,38.42869935323149,49.396196513470684,0.505824667285201,0.6682076395694247,1319,299,1663,834,0.0,0.0,1.0,nado,1.0,1
AcuBN2,12,32,0,4,155.0,160.0,13,13,174.7,1313,1657,466,823,0.9072871733913884,0.874870401738359,0.24035764011717545,0.31570193671538443,2,0.04201680672268908,-0.028226675285498815,0.0012773736261218872,0.4660171402944004,0.7567882036804179,2.031583079591643,45.36287523367744,58.12999783291798,0.397144691192136,0.5610772081505022,1320,303,1664,838,0.0,0.0,1.0,nado,1.0,1
AcuBN2,12,33,0,4,160.0,165.0,12,12,174.7,1313,1657,466,823,0.5372472258394035,0.4957960339832362,0.20693205251634847,0.20359951393816847,1,0.025210084033613446,-0.03011204481792717,0.0013428799659230097,0.566984665286965,0.8270645285317229,2.0377107794321967,41.78453015973552,59.158328479906814,0.48967117950270195,0.6491789964096032,1324,286,1668,821,0.0,0.0,1.0,nado,1.0,1
AcuBN2,12,34,0,4,165.0,170.0,13,13,174.7,1313,1657,466,823,0.4654901714886162,0.2970042283916201,0.35842654487356224,0.20762469214054974,1,0.056022408963585436,-0.024779142426201252,0.0015268016122876994,0.46752882505904164,0.8377524019597126,2.0683108904728087,39.92710364574014,54.639705169236734,0.47340304713465875,0.6398415546061992,1328,291,1673,827,0.0,0.0,1.0,nado,1.0,1
AcuBN2,12,35,0,4,170.0,175.0,12,12,174.7,1313,1657,466,823,0.24212024183127512,0.15418701292742,0.18667773447563255,0.09848865077781076,1,0.03361344537815126,-0.04411764705882353,0.002388251971915922,0.558578018345821,0.7707897824354549,2.1865157417573258,36.42487068756838,49.11907351887719,0.5578501224724516,0.7112467523183997,1329,309,1673,845,0.0,0.0,1.0,nado,1.0,1
AcuBN2,12,36,0,4,175.0,180.0,13,13,174.7,1313,1657,466,823,0.9821691744939955,0.9442801087668371,0.2701691387140782,0.29909872157332923,2,0.0028011204481792717,-0.02865761689291101,3.275316990056121e-05,0.4628602386109078,0.8046018671703378,1.949536158965624,37.233902293466386,49.16932298428307,0.4904994077850382,0.6526143568046804,1312,310,1657,846,0.0,0.0,1.0,nado,1.0,1
AcuBN2,12,37,0,4,180.0,185.0,12,12,174.7,1313,1657,466,823,0.6303653730618215,0.6268870389317979,0.06612975105572264,0.24490096644617887,1,0.011204481792717087,-0.02404295051353875,0.0002975079599300977,0.47843374102997277,0.7560299130605722,1.7213474718700734,38.76163640412892,54.83410309278351,0.5277664367333962,0.679960448085363,1312,298,1656,834,0.0,0.0,1.0,nado,1.0,1
AcuBN2,12,38,0,4,185.0,190.0,13,13,174.7,1313,1657,466,823,0.8386082591770061,0.8273992125520808,0.13665414530150644,0.2717050640501491,2,-0.014005602240896359,-0.022408963585434174,0.0,0.4047309204612349,0.750896710713226,1.949734009357299,37.45979029348996,54.74026703681671,0.4780672801443947,0.6402513385073748,1312,302,1657,838,0.0,0.0,1.0,nado,1.0,1
AcuBN2,12,39,0,4,190.0,195.0,12,12,174.7,1313,1657,466,823,0.6011079327654232,0.5918052333800475,0.10534378281373748,0.17247870180821426,1,0.0,-0.035247432306255835,0.00034390828395589274,0.5379298741543422,0.8120389752843145,1.7569775672318506,35.56171040933058,49.31918511494065,0.5580327382948949,0.7133198734984351,1314,293,1660,830,0.0,0.0,1.0,nado,1.0,1
AcuBN2,12,40,0,4,195.0,200.0,13,13,174.7,1313,1657,466,823,0.6156666947822338,0.4538375361375829,0.4160252033911508,0.2776030691200185,2,0.011204481792717087,-0.02262443438914027,0.000511453345370302,0.48396587739990793,0.7063298143346982,1.9710922943506597,36.44041708462209,46.668406553574016,0.4959043499842366,0.6590267077342229,1296,314,1640,849,0.0,0.0,1.0,nado,1.0,1
AcuBN2,12,41,0,4,200.0,205.0,12,12,174.7,1313,1657,466,823,0.652965125633448,0.6202991990657823,0.20394204797405935,0.19992849714364175,2,0.05322128851540616,-0.02661064425770308,0.002082555719510684,0.47537404907509534,0.8678491966741362,2.2118312214381497,36.48738124529443,47.77455990914253,0.5440053514122807,0.7027040540725046,1308,282,1653,818,0.0,0.0,1.0,nado,1.0,1
AcuBN2,12,42,0,4,205.0,210.0,13,13,174.7,1313,1657,466,823,0.33213327146116245,0.2879479548381022,0.16552487823903841,0.14942067256776095,1,0.058823529411764705,-0.03167420814479638,0.003328225956818566,0.49119173057489324,0.8461066497196709,2.023197065559168,38.46549257924801,50.315215604624406,0.5094489367202045,0.6700544101589551,1308,279,1653,816,0.0,0.0,1.0,nado,1.0,1
AcuBN2,12,43,0,4,210.0,215.0,12,12,174.7,1313,1657,466,823,0.45177954331721737,0.37292064043377354,0.25501951238753817,0.2457956931557863,1,0.011204481792717087,-0.04084967320261438,0.0006250396589357097,0.4388952060983453,0.8730931787373838,1.9362556673645486,38.44110336519323,50.147426798270224,0.5206361779669633,0.6769827753491909,1313,283,1657,818,0.0,0.0,1.0,nado,1.0,1
AcuBN2,12,44,0,4,215.0,220.0,13,13,174.7,1313,1657,466,823,1.2086146061325467,1.1788963957647234,0.2663692065721478,0.2895577443260687,2,-0.008403361344537815,-0.039000215470803706,0.00010833740813262553,0.4085554829157773,0.7797759681976146,1.872688264227615,34.50146728129218,41.54021959866451,0.505460396545591,0.6688570207623836,1313,271,1657,806,0.0,0.0,1.0,nado,1.0,1
AcuBN2,12,45,0,4,220.0,225.0,12,12,174.7,1313,1657,466,823,0.540967666339158,0.516018279642995,0.16239196746981782,0.23012908386975606,1,0.0,-0.03314659197012138,0.0001774130036280399,0.45112032676372976,0.8900263507748557,1.863129882626386,32.4843904780638,50.61314791403287,0.564425324308523,0.716055511974164,1313,269,1657,805,0.0,0.0,1.0,nado,1.0,1
AcuBN2,12,46,0,4,225.0,230.0,13,13,174.7,1313,1657,466,823,1.0678411889965065,1.042838403878305,0.2297234605216064,0.28781607128146963,2,-0.0028011204481792717,-0.03619909502262444,0.001032984589171546,0.5684740946925713,0.6127955164246597,2.0735467125296467,36.38552948785469,44.13347140093196,0.49607656235254366,0.6594257398206465,1312,254,1657,791,0.0,0.0,1.0,nado,1.0,1
AcuBN2,12,47,0,4,230.0,235.0,12,12,174.7,1313,1657,466,823,0.5908730883559539,0.5363189929867037,0.24797770929063548,0.20892636781958535,2,0.07563025210084033,-0.03944911297852474,0.003602848689061733,0.45662285930702406,0.8697162744602897,1.6882915203742332,32.36482028979216,48.75074147305981,0.57255664696217,0.7244534223834549,1313,267,1657,802,0.0,0.0,1.0,nado,1.0,1
AcuBN2,12,48,0,4,235.0,240.0,13,13,174.7,1313,1657,466,823,0.554191878549603,0.5158521098530966,0.2025468810188066,0.17759319293205986,1,0.01680672268907563,-0.029304029304029304,0.0008767771634919462,0.484079253757256,0.7316232250243638,1.9331326675397553,33.958107444045496,45.223753829016985,0.5880033986056903,0.7380569538818301,1318,268,1663,803,0.0,0.0,1.0,nado,1.0,1
AcuBN2,12,49,0,4,240.0,245.0,12,12,174.7,1313,1657,466,823,0.836309689549019,0.8293682501979658,0.1075276820039429,0.2159098593863052,2,-0.0196078431372549,-0.03594771241830066,0.00012282438712710454,0.48228769735493876,0.6914531128125444,1.7259439006789818,31.705026756322567,41.15792850061235,0.5447739326879798,0.7017034451198203,1319,280,1663,815,0.0,0.0,1.0,nado,1.0,1
AcuBN2,12,50,0,4,245.0,250.0,13,13,174.7,1313,1657,466,823,0.7763400819857093,0.754641464590346,0.1822640469717357,0.1941763014632701,2,-0.008403361344537815,-0.024563671622495155,0.0,0.4110396848790045,0.7704363969771898,2.005086331581956,33.751648991093425,48.308696078752,0.5466728979441713,0.7014507711178352,1319,282,1663,817,0.0,0.0,1.0,nado,1.0,1
AcuBN2,12,51,0,4,250.0,255.0,12,12,174.7,1313,1657,466,823,0.5260227384445091,0.4528611019859243,0.2676130483903108,0.1761978236018154,2,-0.0028011204481792717,-0.03314659197012138,0.0003575554380811265,0.5075786033798222,0.7670117921997294,1.936850966640283,37.96474998805533,49.27686512207557,0.5313139610337463,0.6916235223321135,1318,275,1662,811,0.0,0.0,1.0,nado,1.0,1
AcuBN2,12,52,0,4,255.0,260.0,13,13,174.7,1313,1657,466,823,0.33488412515184474,0.32026149738150195,0.0978772219348027,0.09764632189045992,1,-0.011204481792717087,-0.023270846800258566,0.0,0.42885237035569435,0.7910544316525172,1.8947531808543352,28.060474795437578,44.885210193857546,0.6377299010822861,0.7738590026612374,1319,257,1664,794,0.0,1.0,0.0,inmovilidad,1.0,1
AcuBN2,12,53,0,4,260.0,265.0,12,12,174.7,1313,1657,466,823,0.45788536832458643,0.44765720391365826,0.09623948415254285,0.16711178730609064,1,0.008403361344537815,-0.025910364145658265,0.0002538370667293494,0.4191177503400564,0.8178451012236599,2.0322787672252596,32.783129565252686,47.82410989443315,0.576908069688063,0.7282674380584719,1318,262,1663,799,0.0,0.0,1.0,nado,1.0,1
AcuBN2,12,54,0,4,265.0,270.0,13,13,174.7,1313,1657,466,823,0.2954914384840964,0.26756398353349525,0.12539818552550128,0.09694610777759277,1,0.047619047619047616,-0.032751562163326864,0.001085893555933991,0.47093011577948457,0.7718330711464481,1.7370556548220315,27.89142113957204,36.1621835443038,0.6307415761137706,0.7711704840085954,1312,262,1656,797,0.0,1.0,0.0,inmovilidad,1.0,1
AcuBN2,12,55,0,4,270.0,275.0,12,12,174.7,1313,1657,466,823,0.5952494202935275,0.5641455311500735,0.1898991628290707,0.2002406346354119,2,0.022408963585434174,-0.0392156862745098,0.0006195807972856163,0.532312705516396,0.7719942549322122,1.6832092139776738,36.48786418572299,47.32414523212045,0.5294476017766575,0.6862190367394584,1312,256,1656,791,0.0,0.0,1.0,nado,1.0,1
AcuBN2,12,56,0,4,275.0,280.0,13,13,174.7,1313,1657,466,823,0.7561285753922351,0.7221888877184821,0.22399471641231322,0.2816626320853026,2,0.0392156862745098,-0.02090066795949149,0.0022851634692160785,0.5536923371689872,0.6699865145485209,2.0900896092166343,36.89808145523363,58.00902899193654,0.4971654295429604,0.6550243294147097,1316,266,1661,802,0.0,0.0,1.0,nado,1.0,1
AcuBN2,12,57,0,4,280.0,285.0,12,12,174.7,1313,1657,466,823,0.46590074851970564,0.45322116707277776,0.10795406980939307,0.2522341136291689,1,0.04481792717086835,-0.010971055088702147,0.005267801492340261,0.6605741188469937,0.8594635473193054,1.8261964946032074,43.26143240042388,59.42538608749833,0.43973456303043407,0.6004635508441091,1316,269,1661,805,0.0,0.0,1.0,nado,1.0,1
AcuBN2,12,58,0,4,285.0,290.0,13,13,174.7,1313,1657,466,823,0.5744923007804277,0.5669858446118804,0.09256595305911446,0.26075768956394757,1,0.047619047619047616,-0.0021547080370609784,0.014255187330567333,0.629730080830444,0.8784924067567575,2.270236399490933,43.07311428110938,60.68813167773607,0.42651964004007975,0.5906076209111839,1318,262,1662,797,0.999,0.0,0.001,escalamiento,0.999,1
AcuBN2,12,59,0,4,290.0,295.0,12,12,174.7,1313,1657,466,823,0.7209429017661783,0.7120821503719769,0.11268397724902465,0.30270201152324405,2,0.07282913165266107,-0.014005602240896359,0.012399804238187465,0.6390771216689254,0.8562704830686747,2.0773918490914576,42.41215417790138,52.90440662159011,0.44382301960097575,0.606585179256326,1318,263,1664,800,0.0,0.0,1.0,nado,1.0,1
AcuBN2,12,60,0,4,295.0,300.0,12,12,174.7,1313,1657,466,823,0.6449346714551372,0.6387376176394479,0.0891907296596911,0.24089105144943593,2,0.011204481792717087,-0.01680672268907563,0.00040941462375701515,0.6031960240428605,0.7008836152043524,2.178086520934067,38.186792904823214,51.518262197374575,0.473182104945529,0.6385357334350562,1318,263,1663,799,0.0,0.0,1.0,nado,1.0,1
AcuBN2,12,61,0,4,300.0,305.0,13,13,174.7,1313,1657,466,823,0.42461775710510613,0.3053539362820686,0.2950579828542472,0.14305793239203726,1,0.022408963585434174,-0.023917259211376857,0.0009170887572157139,0.3849303695190418,0.8072327800261336,2.158532572289327,30.013465820653096,37.596418641599364,0.552655708446197,0.7065330652630311,1323,263,1668,800,0.0,0.999,0.001,inmovilidad,0.999,1
AcuBN2,12,62,0,4,305.0,310.0,12,12,174.7,1313,1657,466,823,0.9284072780404246,0.9131050085365916,0.16786696311013966,0.21684907916373408,2,0.0028011204481792717,-0.02334267040149393,0.0002265427584788817,0.433570086558679,0.8031524653546271,1.7621248085670096,33.706391694499374,44.96837959213723,0.5750327880870213,0.7287124114094778,1321,279,1666,815,0.0,0.0,1.0,nado,1.0,1
AcuBN2,12,63,0,4,310.0,315.0,13,13,174.7,1313,1657,466,823,0.4155797070865188,0.4036857914468825,0.09871309298173601,0.14449061375380734,1,0.01680672268907563,-0.04201680672268908,0.0029074736973267413,0.5568794725477726,0.7787064877151869,1.7714241994087367,31.470947113836214,46.962613376594646,0.5915524324743506,0.7359443179205064,1319,263,1665,799,0.0,0.001,0.999,nado,0.999,1
AcuBN2,12,64,0,4,315.0,320.0,12,12,174.7,1313,1657,466,823,0.24765957726011847,0.19389385063481238,0.15407933311987582,0.10630708687073058,1,-0.011204481792717087,-0.03197945845004668,0.004522666877102494,0.44536122772288106,0.8039959511046971,1.7341537943179375,27.407413768571654,32.96765206064334,0.5895240400867078,0.7399399729349905,1318,252,1664,788,0.0,1.0,0.0,inmovilidad,1.0,1
AcuBN2,12,65,0,4,320.0,325.0,13,13,174.7,1313,1657,466,823,1.04809883298438,1.0369775909734402,0.15227816495525198,0.23396736268783971,2,-0.0028011204481792717,-0.023055375996552465,0.0,0.40367778007520144,0.7546305528934376,1.9325188606558805,35.13260184136402,54.288801571709236,0.5250715843815678,0.6800738503698353,1317,246,1661,781,0.0,0.0,1.0,nado,1.0,1
AcuBN2,12,66,0,4,325.0,330.0,12,12,174.7,1313,1657,466,823,0.377128309667185,0.3455156299850829,0.15114467039376372,0.15100777878685948,1,0.0,-0.03571428571428571,6.277690897607565e-05,0.4039748681226969,0.7693107179332529,1.817862355858337,29.168733245475565,36.965385514929444,0.5622971510435074,0.7166338296388729,1316,256,1661,791,0.0,0.009,0.991,nado,0.991,1
AcuBN2,12,67,0,4,330.0,335.0,13,13,174.7,1313,1657,466,823,0.3870333234418646,0.3787508443745145,0.07964038761864026,0.14615121726517707,2,-0.011204481792717087,-0.037922861452273214,3.779211911603216e-05,0.5447985918036811,0.6360050272918568,1.7367447822416848,24.85046243779684,28.46084296853993,0.632567337574684,0.774189332441424,1319,242,1665,779,0.0,1.0,0.0,inmovilidad,1.0,1
AcuBN2,12,68,0,4,335.0,340.0,12,12,174.7,1313,1657,466,823,0.7991140663826685,0.7837963639779217,0.15571304025557123,0.23746753325471617,2,-0.011204481792717087,-0.04715219421101774,0.0005431567341843067,0.5558131049200487,0.6052436875225667,1.9238436042952027,28.56236802251031,46.267100076077185,0.5959329219282966,0.7390660597816963,1309,248,1653,784,0.0,0.003,0.997,nado,0.997,1
AcuBN2,12,69,0,4,340.0,345.0,13,13,174.7,1313,1657,466,823,0.3608265588209528,0.3438796656258793,0.10928211710798805,0.1320319021537396,1,-0.0056022408963585435,-0.03727644904115492,0.0024237345726415296,0.5243883280064159,0.6878971658087232,1.8355245691477278,26.53204976500404,36.45775867043684,0.6227515387423578,0.7629237756123565,1309,253,1654,789,0.0,1.0,0.0,inmovilidad,1.0,1
AcuBN2,12,70,0,4,345.0,350.0,12,12,174.7,1313,1657,466,823,0.39715064085876917,0.3842118392242349,0.10054796932042788,0.13345069481927707,1,-0.008403361344537815,-0.04295051353874883,0.0,0.531908749754289,0.6713701435199417,1.7122891728823604,22.968429130982823,29.481497887419927,0.6879780873045783,0.8129691567498852,1312,257,1657,792,0.0,1.0,0.0,inmovilidad,1.0,1
AcuBN2,12,71,0,4,350.0,355.0,13,13,174.7,1313,1657,466,823,0.447534202632033,0.38187907724763426,0.23335645027722055,0.17597269605784494,1,0.0,-0.041585865115276885,0.0,0.5321306734759871,0.7809634379805903,1.8370625551687207,31.147489313307343,38.24743186082753,0.5955335862600435,0.7441584274162591,1313,270,1658,807,0.0,0.705,0.295,inmovilidad,0.705,0
AcuBN2,12,72,0,4,355.0,360.0,12,12,174.7,1313,1657,466,823,0.39539191930762374,0.353993852132237,0.1761338198823452,0.1402691063909368,1,0.058823529411764705,-0.04948646125116714,0.002936867567750322,0.5627595063697926,0.8811493745639997,1.8030782950634316,33.9546819436176,47.996995328872615,0.5886244494650278,0.7368207318329216,1322,336,1667,872,0.001,0.062,0.937,nado,0.937,1
AcuBN2,12,73,0,4,360.0,365.0,8,8,174.7,1313,1657,466,823,0.8831059481809062,0.8753408259235095,0.11685270293855374,0.3256459553572545,2,-0.0196078431372549,-0.02661064425770308,0.0,0.47487183380328674,0.6810824820689997,1.8632733661704959,34.31988788046582,47.5554483524837,0.5249411846734572,0.6792595340953771,1325,343,1671,880,0.0,0.0,1.0,nado,1.0,1
