paso,t,s,cx,cy,area,above,largo,vert,elong,cabeza,me,iou,dice,gx0,gx1,g_agua,g_fondo,escala
12,0.0,1,,,,,,,,,,,,280,624,466,823,174.7324
12,0.0,2,792.6632,420.7078,2895.0,2895.0,81.7645,0.8345,1.9458,388.0,,,,624,964,466,823,174.7324
12,0.0,3,1117.4802,521.0095,11740.0,138.0,129.6628,0.5841,1.4381,462.0,,,,964,1313,466,823,174.7324
12,0.0,4,1470.7842,746.7727,50526.0,0.0,352.0821,0.1147,1.9261,650.0,,,,1313,1657,466,823,174.7324
12,0.4005,1,,,,,,,,,,,,280,624,466,823,174.7324
12,0.4005,2,771.9154,471.7307,4871.0,2147.0,80.3382,0.992,1.2574,440.0,50.1252,0.0654,0.1228,624,964,466,823,174.7324
12,0.4005,3,1058.4027,530.1253,9963.0,309.0,178.6008,0.7591,2.4755,454.0,48.043,0.2253,0.3678,964,1313,466,823,174.7324
12,0.4005,4,1532.9127,760.218,36502.0,0.0,264.2686,0.0179,1.4399,666.0,37.1403,0.4857,0.6538,1313,1657,466,823,174.7324
12,0.8011,1,373.6446,491.6584,9529.0,2511.0,203.6603,0.7089,3.0234,399.0,,,,280,624,466,823,174.7324
12,0.8011,2,753.5857,474.5229,5796.0,2149.0,81.8196,0.1184,1.078,437.0,33.9412,0.4689,0.6384,624,964,466,823,174.7324
12,0.8011,3,1091.5689,507.684,11236.0,0.0,203.4092,0.1787,3.1295,471.0,50.8961,0.3498,0.5183,964,1313,466,823,174.7324
12,0.8011,4,1432.0222,541.1304,13872.0,663.0,212.4571,0.8221,2.5456,449.0,62.4658,0.0,0.0,1313,1657,466,823,174.7324
12,1.2016,1,382.4378,526.9835,10069.0,1043.0,190.048,0.5399,3.5135,466.0,50.0719,0.3127,0.4765,280,624,466,823,174.7324
12,1.2016,2,799.5441,501.1235,9849.0,918.0,157.6889,0.3846,2.0855,448.0,55.8924,0.1334,0.2353,624,964,466,823,174.7324
12,1.2016,3,1185.9347,512.375,11415.0,2104.0,218.8699,0.7251,2.9337,414.0,75.4364,0.0409,0.0786,964,1313,466,823,174.7324
12,1.2016,4,1437.5762,563.1515,12356.0,0.0,223.2499,0.6298,3.6589,489.0,50.6331,0.4383,0.6094,1313,1657,466,823,174.7324
12,1.6022,1,375.377,516.5967,9275.0,1976.0,193.0105,0.8383,3.2533,414.0,36.6563,0.465,0.6348,280,624,466,823,174.7324
12,1.6022,2,803.1509,486.6414,8428.0,2299.0,126.1678,0.9905,2.0564,410.0,44.7082,0.3847,0.5557,624,964,466,823,174.7324
12,1.6022,3,1190.0681,539.6193,12110.0,685.0,189.4011,0.8903,2.6386,451.0,61.3349,0.2704,0.4257,964,1313,466,823,174.7324
12,1.6022,4,1438.7213,553.0318,7273.0,467.0,62.838,0.7923,1.2629,525.0,44.5134,0.2978,0.4589,1313,1657,466,823,174.7324
12,2.0027,1,358.1957,502.079,7949.0,1803.0,138.2195,0.7758,2.414,423.0,48.1403,0.1983,0.3309,280,624,466,823,174.7324
12,2.0027,2,792.7277,501.4259,7532.0,923.0,108.2817,0.9257,1.5956,448.0,39.9073,0.2946,0.4551,624,964,466,823,174.7324
12,2.0027,3,1209.3638,525.3304,11122.0,1483.0,172.3072,0.9391,1.7792,422.0,53.943,0.3881,0.5592,964,1313,466,823,174.7324
12,2.0027,4,1410.9758,510.1688,7196.0,1754.0,73.5799,0.9872,1.3644,488.0,38.4423,0.1513,0.2629,1313,1657,466,823,174.7324
12,2.4033,1,405.8896,487.0352,10168.0,2375.0,204.5952,0.4579,2.967,419.0,56.2995,0.1977,0.3302,280,624,466,823,174.7324
12,2.4033,2,798.7188,481.9138,9366.0,2482.0,187.9155,0.4198,2.8434,427.0,44.5619,0.3526,0.5214,624,964,466,823,174.7324
12,2.4033,3,1164.3584,529.9576,13874.0,1094.0,247.573,0.5922,3.4065,440.0,73.2254,0.1208,0.2156,964,1313,466,823,174.7324
12,2.4033,4,1448.6233,576.6136,11216.0,0.0,182.5616,0.9942,2.4626,476.0,48.3444,0.0821,0.1517,1313,1657,466,823,174.7324
12,2.8038,1,454.4169,496.8493,12770.0,1626.0,228.5447,0.3026,3.1742,435.0,66.5034,0.2731,0.4291,280,624,466,823,174.7324
12,2.8038,2,772.5549,483.925,12078.0,2223.0,233.0822,0.0753,3.392,445.0,51.5334,0.3855,0.5565,624,964,466,823,174.7324
12,2.8038,3,1077.3485,523.9637,13730.0,1835.0,240.6988,0.6265,2.9585,421.0,73.3932,0.0376,0.0725,964,1313,466,823,174.7324
12,2.8038,4,1475.0403,535.9376,11051.0,1429.0,192.7502,0.9731,2.3649,432.0,43.17,0.2489,0.3986,1313,1657,466,823,174.7324
12,3.2044,1,484.2237,492.1601,10094.0,1142.0,186.9512,0.2585,2.9231,442.0,45.2529,0.4847,0.6529,280,624,466,823,174.7324
12,3.2044,2,773.5805,485.5955,12723.0,2201.0,220.6186,0.1798,3.0348,438.0,30.4411,0.6794,0.8091,624,964,466,823,174.7324
12,3.2044,3,1048.5137,540.2612,11870.0,1450.0,174.6789,0.7064,2.9445,473.0,55.0742,0.1934,0.3241,964,1313,466,823,174.7324
12,3.2044,4,1503.8309,574.6338,15236.0,915.0,227.1031,1.0,2.8685,437.0,47.1657,0.1975,0.3298,1313,1657,466,823,174.7324
12,3.6049,1,511.8476,482.6895,7347.0,1735.0,127.729,0.6807,2.2121,426.0,51.3193,0.3707,0.5409,280,624,466,823,174.7324
12,3.6049,2,780.2937,484.6849,12103.0,2116.0,189.2264,0.0778,2.5236,445.0,34.9055,0.6989,0.8228,624,964,466,823,174.7324
12,3.6049,3,1041.1418,545.4444,10569.0,1491.0,158.0889,0.8535,2.8427,471.0,30.106,0.5075,0.6733,964,1313,466,823,174.7324
12,3.6049,4,1519.4649,603.4062,14893.0,0.0,232.5945,0.9715,3.0745,479.0,43.2946,0.3537,0.5226,1313,1657,466,823,174.7324
12,4.0054,1,520.1607,497.1279,5271.0,735.0,62.0473,0.4602,1.333,486.0,51.3302,0.2176,0.3574,280,624,466,823,174.7324
12,4.0054,2,780.357,496.4837,10544.0,606.0,166.0461,0.1153,2.3349,454.0,41.5883,0.6152,0.7618,624,964,466,823,174.7324
12,4.0054,3,1044.2223,566.1348,11723.0,589.0,217.634,0.9645,3.8965,445.0,39.7377,0.4032,0.5747,964,1313,466,823,174.7324
12,4.0054,4,1563.1484,536.4901,14897.0,3510.0,257.8507,0.9799,3.6272,397.0,57.7815,0.2179,0.3578,1313,1657,466,823,174.7324
12,4.406,1,519.9682,494.2796,7357.0,1613.0,88.093,0.7919,1.572,464.0,38.3435,0.4184,0.59,280,624,466,823,174.7324
12,4.406,2,741.0979,486.3106,8690.0,1415.0,143.1251,0.1469,1.9898,431.0,50.8112,0.3706,0.5408,624,964,466,823,174.7324
12,4.406,3,1027.361,545.0349,10200.0,1248.0,198.3863,0.9773,3.3107,436.0,35.7903,0.5539,0.7129,964,1313,466,823,174.7324
12,4.406,4,1568.1344,604.0895,14719.0,0.0,259.416,0.9608,3.7458,473.0,58.4129,0.2677,0.4223,1313,1657,466,823,174.7324
12,4.8065,1,520.7154,515.3469,10276.0,875.0,140.6708,0.9466,1.5738,438.0,47.3983,0.3255,0.4911,280,624,466,823,174.7324
12,4.8065,2,730.6423,500.1927,9259.0,1390.0,125.3263,0.7757,1.3442,428.0,49.0571,0.3628,0.5324,624,964,466,823,174.7324
12,4.8065,3,1013.6496,516.0338,8071.0,799.0,96.8183,0.798,1.2504,478.0,58.9198,0.2905,0.4502,964,1313,466,823,174.7324
12,4.8065,4,1551.4693,577.0878,12878.0,469.0,226.2638,0.8861,3.6666,452.0,52.9747,0.3149,0.479,1313,1657,466,823,174.7324
12,5.2071,1,502.8356,519.8374,10002.0,820.0,168.7911,0.7452,2.3172,448.0,47.0637,0.402,0.5734,280,624,466,823,174.7324
12,5.2071,2,731.3463,513.5122,9532.0,824.0,130.0363,0.7739,1.6076,439.0,42.6359,0.4628,0.6327,624,964,466,823,174.7324
12,5.2071,3,1057.1056,524.1056,13650.0,1160.0,233.5624,0.525,3.0333,436.0,70.3675,0.1655,0.2841,964,1313,466,823,174.7324
12,5.2071,4,1567.6496,555.4822,13158.0,687.0,181.8164,0.9512,1.8943,447.0,44.5275,0.4717,0.641,1313,1657,466,823,174.7324
12,5.6076,1,452.4559,496.8783,13166.0,2365.0,230.9811,0.4594,2.8873,416.0,49.1907,0.3663,0.5362,280,624,466,823,174.7324
12,5.6076,2,746.9916,511.1492,9512.0,963.0,145.7255,0.5895,2.0301,439.0,42.5727,0.4438,0.6148,624,964,466,823,174.7324
12,5.6076,3,1119.6914,529.4151,15513.0,1162.0,255.2748,0.4622,3.241,439.0,72.296,0.1691,0.2893,964,1313,466,823,174.7324
12,5.6076,4,1562.0045,565.5217,16442.0,59.0,198.2228,0.8721,1.9494,463.0,56.709,0.3451,0.5132,1313,1657,466,823,174.7324
12,6.0082,1,401.1385,499.4982,13411.0,1539.0,273.9575,0.2405,4.1258,437.0,55.0023,0.2811,0.4389,280,624,466,823,174.7324
12,6.0082,2,754.7026,506.0847,8380.0,799.0,138.0043,0.3367,2.2117,451.0,47.6897,0.3843,0.5552,624,964,466,823,174.7324
12,6.0082,3,1181.7058,534.3707,15359.0,1758.0,216.8108,0.6977,2.1477,421.0,68.2512,0.147,0.2563,964,1313,466,823,174.7324
12,6.0082,4,1493.5237,551.7466,16013.0,1376.0,228.5563,0.8944,2.7195,428.0,87.208,0.0876,0.1611,1313,1657,466,823,174.7324
12,6.4087,1,364.3647,499.2571,10613.0,2124.0,186.9008,0.6891,2.3011,412.0,47.0429,0.4202,0.5917,280,624,466,823,174.7324
12,6.4087,2,778.9201,486.631,10566.0,2373.0,185.9485,0.2138,2.4901,440.0,41.5119,0.4716,0.641,624,964,466,823,174.7324
12,6.4087,3,1197.1186,567.8784,13595.0,690.0,196.3787,0.8408,3.0169,480.0,55.1065,0.2641,0.4178,964,1313,466,823,174.7324
12,6.4087,4,1445.2066,591.3167,18690.0,0.0,277.8794,0.8985,3.0401,473.0,77.7715,0.0936,0.1711,1313,1657,466,823,174.7324
12,6.8092,1,387.3789,524.1976,6447.0,10.0,124.0934,0.4866,2.6923,483.0,37.1964,0.397,0.5683,280,624,466,823,174.7324
12,6.8092,2,812.0164,498.8888,15732.0,1678.0,264.7166,0.2652,3.3905,435.0,58.1508,0.3163,0.4806,624,964,466,823,174.7324
12,6.8092,3,1212.8815,569.8187,13440.0,842.0,185.5592,0.891,2.6617,482.0,35.0014,0.5507,0.7103,964,1313,466,823,174.7324
12,6.8092,4,1427.6843,573.968,16350.0,982.0,231.5803,0.8653,2.6905,439.0,46.6188,0.4248,0.5963,1313,1657,466,823,174.7324
12,7.2098,1,372.115,500.9525,5850.0,1558.0,59.3951,0.9589,1.1935,446.0,39.7457,0.1834,0.31,280,624,466,823,174.7324
12,7.2098,2,841.9374,503.6079,13082.0,818.0,198.1391,0.2401,2.5715,451.0,46.6671,0.4921,0.6596,624,964,466,823,174.7324
12,7.2098,3,1210.4922,566.0926,14971.0,1054.0,211.0716,0.9907,2.3301,434.0,34.9943,0.5936,0.745,964,1313,466,823,174.7324
12,7.2098,4,1394.1719,585.7672,17331.0,150.0,219.0064,0.9816,2.1695,458.0,58.3066,0.263,0.4165,1313,1657,466,823,174.7324
12,7.6103,1,364.081,479.0577,8391.0,2382.0,166.1988,0.4414,2.4212,418.0,48.1189,0.1752,0.2982,280,624,466,823,174.7324
12,7.6103,2,848.2129,493.218,10129.0,1071.0,146.582,0.2078,2.0884,446.0,37.1226,0.4833,0.6517,624,964,466,823,174.7324
12,7.6103,3,1211.0093,577.2188,16347.0,799.0,189.6904,0.9667,2.0702,478.0,30.8772,0.662,0.7967,964,1313,466,823,174.7324
12,7.6103,4,1394.0218,577.8702,16397.0,174.0,189.775,0.982,1.729,459.0,43.3817,0.4388,0.6099,1313,1657,466,823,174.7324
12,8.0109,1,403.3707,493.4849,10831.0,1456.0,188.1264,0.2733,2.5548,435.0,57.4002,0.2726,0.4284,280,624,466,823,174.7324
12,8.0109,2,852.7565,494.9632,8131.0,1004.0,107.2127,0.3537,1.5699,449.0,36.1837,0.4773,0.6462,624,964,466,823,174.7324
12,8.0109,3,1200.1564,560.0571,12203.0,541.0,200.1256,0.8563,2.8674,453.0,53.0232,0.3673,0.5373,964,1313,466,823,174.7324
12,8.0109,4,1447.6803,541.9691,17424.0,244.0,253.8705,0.4959,2.8582,461.0,57.3887,0.2523,0.4029,1313,1657,466,823,174.7324
12,8.4114,1,425.3815,499.4307,11657.0,1568.0,192.4959,0.3906,2.4458,427.0,44.912,0.4792,0.6479,280,624,466,823,174.7324
12,8.4114,2,847.5219,497.0151,7411.0,657.0,98.5162,0.0569,1.6275,455.0,31.9303,0.5489,0.7088,624,964,466,823,174.7324
12,8.4114,3,1213.169,546.3124,8676.0,1156.0,121.1057,0.8611,2.2942,481.0,43.1195,0.3765,0.5471,964,1313,466,823,174.7324
12,8.4114,4,1526.804,550.9296,16818.0,568.0,276.0352,0.4588,3.2799,453.0,69.3052,0.0628,0.1182,1313,1657,466,823,174.7324
12,8.812,1,443.66,505.7019,11592.0,1715.0,201.836,0.5514,2.6661,424.0,47.4234,0.4664,0.6361,280,624,466,823,174.7324
12,8.812,2,854.4042,497.6505,6237.0,853.0,74.3682,0.3706,1.1923,447.0,34.0507,0.4541,0.6246,624,964,466,823,174.7324
12,8.812,3,1223.2797,535.4054,8540.0,1193.0,110.263,1.0,1.775,483.0,36.0817,0.3719,0.5422,964,1313,466,823,174.7324
12,8.812,4,1557.9141,571.2649,13896.0,857.0,182.442,0.7174,2.5219,492.0,55.0897,0.2293,0.3731,1313,1657,466,823,174.7324
12,9.2125,1,449.6982,515.7216,10446.0,1580.0,198.5778,0.7002,2.7574,424.0,43.199,0.5329,0.6953,280,624,466,823,174.7324
12,9.2125,2,875.8189,488.3131,6803.0,1356.0,93.7958,0.9775,1.2281,437.0,32.278,0.4223,0.5939,624,964,466,823,174.7324
12,9.2125,3,1196.9384,528.3472,11875.0,2284.0,220.3701,0.9833,3.1056,414.0,51.3489,0.1559,0.2697,964,1313,466,823,174.7324
12,9.2125,4,1549.6164,585.2158,14336.0,325.0,247.7811,0.8788,3.4784,455.0,37.9402,0.4138,0.5854,1313,1657,466,823,174.7324
12,9.6131,1,457.788,523.7557,9579.0,1067.0,171.2435,0.8554,2.4761,435.0,40.4953,0.4535,0.624,280,624,466,823,174.7324
12,9.6131,2,865.5486,496.3442,6866.0,1272.0,90.9176,0.8885,1.2784,434.0,30.3082,0.5119,0.6772,624,964,466,823,174.7324
12,9.6131,3,1169.9798,569.1937,11922.0,11.0,209.786,0.9763,2.9719,465.0,57.6995,0.1927,0.3231,964,1313,466,823,174.7324
12,9.6131,4,1538.6027,593.9831,14167.0,0.0,244.6809,0.8666,3.5843,477.0,43.5091,0.4058,0.5773,1313,1657,466,823,174.7324
12,10.0136,1,461.023,504.1345,11014.0,2516.0,174.4552,0.7887,2.327,413.0,47.1285,0.2187,0.359,280,624,466,823,174.7324
12,10.0136,2,856.6869,490.2366,7072.0,1122.0,110.9819,0.0091,1.5849,442.0,34.4786,0.4052,0.5767,624,964,466,823,174.7324
12,10.0136,3,1141.6013,528.3569,11710.0,1899.0,225.2454,0.8426,3.6539,423.0,48.5338,0.3771,0.5476,964,1313,466,823,174.7324
12,10.0136,4,1537.0844,565.2986,13216.0,951.0,243.1746,0.7897,3.887,442.0,49.0265,0.327,0.4928,1313,1657,466,823,174.7324
12,10.4141,1,452.4861,504.4136,11040.0,1315.0,233.215,0.4144,3.653,446.0,53.2233,0.3368,0.5039,280,624,466,823,174.7324
12,10.4141,2,840.7828,491.6326,7322.0,1160.0,131.3045,0.4233,1.6226,443.0,31.9954,0.5536,0.7127,624,964,466,823,174.7324
12,10.4141,3,1093.0758,538.1404,13651.0,1716.0,239.6586,0.8859,3.3063,423.0,72.8476,0.0828,0.153,964,1313,466,823,174.7324
12,10.4141,4,1560.8611,568.639,15114.0,1351.0,232.9112,0.9848,2.7193,433.0,50.6705,0.2546,0.4059,1313,1657,466,823,174.7324
12,10.8147,1,397.5211,487.2029,11445.0,1633.0,222.6082,0.1996,3.419,441.0,62.467,0.375,0.5454,280,624,466,823,174.7324
12,10.8147,2,852.6852,486.3326,9681.0,2771.0,173.8285,0.8569,2.4765,407.0,41.4792,0.425,0.5965,624,964,466,823,174.7324
12,10.8147,3,1079.2069,577.5912,13734.0,533.0,244.7529,0.9103,3.4768,445.0,62.8418,0.2334,0.3785,964,1313,466,823,174.7324
12,10.8147,4,1551.3828,623.2242,15935.0,0.0,243.4911,0.9983,2.5548,483.0,42.8641,0.2835,0.4418,1313,1657,466,823,174.7324
12,11.2152,1,361.3664,486.9754,7241.0,1111.0,100.2969,0.3188,1.4573,438.0,50.2784,0.4483,0.6191,280,624,466,823,174.7324
12,11.2152,2,809.5453,532.4978,14560.0,1909.0,219.9547,0.8115,3.0632,425.0,49.3588,0.3443,0.5122,624,964,466,823,174.7324
12,11.2152,3,1061.8412,557.1966,13808.0,1773.0,225.0109,0.9951,3.146,418.0,45.3362,0.4159,0.5875,964,1313,466,823,174.7324
12,11.2152,4,1551.546,546.8033,13894.0,1832.0,241.741,0.8935,3.239,422.0,50.6025,0.2383,0.3849,1313,1657,466,823,174.7324
12,11.6158,1,345.3125,495.5065,5033.0,171.0,85.9794,0.4059,1.4824,462.0,44.6859,0.3662,0.5361,280,624,466,823,174.7324
12,11.6158,2,802.9038,560.3251,13517.0,350.0,227.8924,0.8204,3.523,454.0,42.8285,0.4553,0.6257,624,964,466,823,174.7324
12,11.6158,3,1064.2609,538.5802,10780.0,728.0,199.5287,0.8918,2.9758,452.0,41.5187,0.3421,0.5098,964,1313,466,823,174.7324
12,11.6158,4,1553.5413,583.5324,15796.0,829.0,267.3281,0.9406,3.6742,442.0,54.8187,0.3469,0.5151,1313,1657,466,823,174.7324
12,12.0163,1,360.9455,487.5473,7731.0,1334.0,138.5589,0.083,2.2265,450.0,40.3964,0.312,0.4756,280,624,466,823,174.7324
12,12.0163,2,806.3697,534.4314,11631.0,983.0,170.0548,0.9049,2.1574,442.0,58.8742,0.3563,0.5254,624,964,466,823,174.7324
12,12.0163,3,1122.8938,508.6376,12125.0,2215.0,228.8475,0.6458,3.5883,429.0,62.3733,0.2044,0.3395,964,1313,466,823,174.7324
12,12.0163,4,1540.8188,631.1646,13976.0,0.0,264.61,0.9116,4.0553,491.0,45.2347,0.4546,0.625,1313,1657,466,823,174.7324
12,12.4169,1,428.9613,485.3337,12105.0,1169.0,263.224,0.0277,4.3591,446.0,46.8678,0.312,0.4756,280,624,466,823,174.7324
12,12.4169,2,805.8201,530.0686,10642.0,623.0,132.9154,0.9603,1.5345,452.0,40.4355,0.5483,0.7083,624,964,466,823,174.7324
12,12.4169,3,1160.8231,532.1375,13003.0,1120.0,230.3528,0.6737,3.5334,444.0,74.4047,0.1212,0.2163,964,1313,466,823,174.7324
12,12.4169,4,1562.5774,556.9194,13551.0,939.0,211.5551,0.8949,2.7433,438.0,60.9001,0.3495,0.518,1313,1657,466,823,174.7324
12,12.8174,1,469.2346,489.6097,12001.0,763.0,235.1453,0.026,3.7352,451.0,37.9825,0.5348,0.6969,280,624,466,823,174.7324
12,12.8174,2,803.4992,513.5719,9812.0,968.0,115.8319,0.9992,1.1503,445.0,44.9658,0.47,0.6395,624,964,466,823,174.7324
12,12.8174,3,1190.3977,532.9692,10396.0,567.0,178.0063,0.6423,2.6317,450.0,65.5883,0.3337,0.5004,964,1313,466,823,174.7324
12,12.8174,4,1583.2412,570.0838,13640.0,514.0,203.6311,1.0,2.2521,448.0,66.6528,0.2907,0.4504,1313,1657,466,823,174.7324
12,13.218,1,487.795,491.3307,9688.0,703.0,155.4319,0.0834,2.3573,452.0,31.5045,0.5693,0.7255,280,624,466,823,174.7324
12,13.218,2,801.0146,523.6592,10861.0,746.0,133.6871,0.8776,1.4509,447.0,38.2429,0.5821,0.7358,624,964,466,823,174.7324
12,13.218,3,1209.6717,526.3229,8054.0,526.0,108.0512,0.5643,1.7695,480.0,50.3224,0.443,0.614,964,1313,466,823,174.7324
12,13.218,4,1569.7411,591.3508,19170.0,0.0,201.132,0.9994,1.7011,487.0,58.7563,0.3511,0.5197,1313,1657,466,823,174.7324
12,13.6185,1,503.3879,485.8769,8093.0,915.0,122.492,0.308,1.7911,441.0,29.3841,0.4948,0.6621,280,624,466,823,174.7324
12,13.6185,2,794.2952,527.3493,10512.0,615.0,131.0898,0.9988,1.4746,450.0,44.0381,0.5911,0.743,624,964,466,823,174.7324
12,13.6185,3,1224.6684,525.2205,7968.0,38.0,96.4769,0.0096,1.1764,480.0,41.922,0.445,0.6159,964,1313,466,823,174.7324
12,13.6185,4,1523.4596,555.3354,16406.0,1284.0,201.9141,0.9978,2.0064,426.0,77.5254,0.213,0.3512,1313,1657,466,823,174.7324
12,14.019,1,521.4165,513.8612,8831.0,948.0,162.5483,0.6323,2.3968,440.0,40.3778,0.3753,0.5457,280,624,466,823,174.7324
12,14.019,2,782.3365,531.7055,10839.0,574.0,150.836,0.9165,1.8549,451.0,39.9551,0.6105,0.7582,624,964,466,823,174.7324
12,14.019,3,1183.4482,516.7621,9219.0,244.0,160.7723,0.4262,2.1644,459.0,51.8862,0.2881,0.4473,964,1313,466,823,174.7324
12,14.019,4,1500.0427,587.6381,20134.0,261.0,240.4735,0.857,2.4931,456.0,50.0313,0.3693,0.5394,1313,1657,466,823,174.7324
12,14.4196,1,499.232,532.9905,10387.0,647.0,158.1559,0.5251,2.8698,483.0,39.0183,0.4243,0.5958,280,624,466,823,174.7324
12,14.4196,2,774.0701,527.2696,10499.0,635.0,133.7014,0.8335,1.5868,451.0,32.2225,0.6423,0.7822,624,964,466,823,174.7324
12,14.4196,3,1142.6887,520.9675,11240.0,1365.0,200.3002,0.8208,2.6311,425.0,76.2007,0.2145,0.3533,964,1313,466,823,174.7324
12,14.4196,4,1489.3914,611.5131,19532.0,0.0,250.5175,0.9641,2.41,471.0,39.7914,0.5103,0.6757,1313,1657,466,823,174.7324
12,14.8201,1,499.4951,529.9896,9601.0,860.0,158.0347,0.5866,2.8679,474.0,28.5626,0.5537,0.7127,280,624,466,823,174.7324
12,14.8201,2,775.2768,521.027,11175.0,879.0,133.7704,0.7203,1.4694,450.0,45.8882,0.4549,0.6254,624,964,466,823,174.7324
12,14.8201,3,1137.6489,559.7043,12433.0,0.0,210.2543,0.8198,2.5959,467.0,68.004,0.3399,0.5073,964,1313,466,823,174.7324
12,14.8201,4,1505.121,576.188,16808.0,355.0,210.0244,0.9146,2.237,452.0,57.3988,0.3826,0.5535,1313,1657,466,823,174.7324
12,15.2207,1,512.8341,531.9639,9033.0,846.0,147.6583,0.596,2.5682,467.0,31.9922,0.5318,0.6943,280,624,466,823,174.7324
12,15.2207,2,772.4247,513.9781,11364.0,1131.0,126.7829,0.6117,1.2984,446.0,37.8871,0.6026,0.752,624,964,466,823,174.7324
12,15.2207,3,1127.982,545.0703,15009.0,644.0,224.2654,0.6197,2.8637,454.0,64.2201,0.2117,0.3494,964,1313,466,823,174.7324
12,15.2207,4,1461.5446,561.1562,18215.0,738.0,259.9454,0.6701,2.8986,445.0,60.2376,0.2312,0.3755,1313,1657,466,823,174.7324
12,15.6212,1,499.6237,532.7897,9076.0,640.0,147.5555,0.5028,2.7782,474.0,40.5301,0.5028,0.6692,280,624,466,823,174.7324
12,15.6212,2,757.0651,504.3083,12007.0,1452.0,156.486,0.2195,1.9584,447.0,41.249,0.4926,0.66,624,964,466,823,174.7324
12,15.6212,3,1163.1873,519.7886,13661.0,772.0,239.3913,0.3516,3.2544,449.0,47.1141,0.3821,0.5529,964,1313,466,823,174.7324
12,15.6212,4,1433.7491,566.1847,14108.0,407.0,243.9523,0.7056,3.5698,454.0,59.2363,0.2586,0.411,1313,1657,466,823,174.7324
12,16.0218,1,509.4102,519.5383,9816.0,952.0,177.5478,0.5925,2.6722,443.0,37.3408,0.5266,0.6899,280,624,466,823,174.7324
12,16.0218,2,750.9571,511.0107,13425.0,980.0,193.519,0.25,2.5405,451.0,39.7576,0.5546,0.7135,624,964,466,823,174.7324
12,16.0218,3,1195.0304,539.1665,12901.0,1227.0,173.1939,0.5399,2.4647,482.0,59.9708,0.2182,0.3582,964,1313,466,823,174.7324
12,16.0218,4,1417.7741,558.4833,12594.0,1363.0,250.3406,0.8493,3.9945,429.0,39.0294,0.4684,0.6379,1313,1657,466,823,174.7324
12,16.4223,1,484.1823,510.0074,9577.0,941.0,149.647,0.5059,2.2975,446.0,42.5968,0.4331,0.6044,280,624,466,823,174.7324
12,16.4223,2,744.0756,510.526,14233.0,1786.0,217.3383,0.4431,2.7625,435.0,35.9214,0.5968,0.7475,624,964,466,823,174.7324
12,16.4223,3,1199.9489,575.473,12705.0,257.0,191.1576,0.784,2.8947,482.0,50.5659,0.2898,0.4494,964,1313,466,823,174.7324
12,16.4223,4,1432.3736,612.3476,13644.0,0.0,252.2362,0.8619,3.8217,478.0,46.8448,0.2837,0.442,1313,1657,466,823,174.7324
12,16.8229,1,508.3057,492.4924,4809.0,665.0,71.6825,0.193,1.0638,448.0,40.7156,0.3895,0.5607,280,624,466,823,174.7324
12,16.8229,2,745.1655,518.4075,14691.0,1949.0,217.3587,0.6007,2.5192,424.0,48.1394,0.5216,0.6856,624,964,466,823,174.7324
12,16.8229,3,1193.0171,577.8766,12224.0,308.0,178.4282,0.8358,2.5615,479.0,35.2168,0.4534,0.6239,964,1313,466,823,174.7324
12,16.8229,4,1415.8218,567.8809,10094.0,267.0,203.0179,0.9702,3.3109,454.0,50.0117,0.2806,0.4382,1313,1657,466,823,174.7324
12,17.2234,1,507.4535,494.0,5226.0,1199.0,95.118,0.9879,1.6707,434.0,33.4113,0.4541,0.6246,280,624,466,823,174.7324
12,17.2234,2,731.8613,537.5387,13786.0,1158.0,218.7812,0.7474,2.6913,438.0,58.9045,0.4031,0.5746,624,964,466,823,174.7324
12,17.2234,3,1217.5262,536.8703,10618.0,1976.0,213.5651,0.9807,3.874,413.0,42.2627,0.3793,0.55,964,1313,466,823,174.7324
12,17.2234,4,1437.5589,539.111,12533.0,1998.0,228.0911,1.0,3.082,412.0,49.0296,0.2663,0.4206,1313,1657,466,823,174.7324
12,17.6239,1,499.4277,496.4517,5665.0,1212.0,107.1629,0.9513,2.0284,435.0,28.9491,0.5899,0.7421,280,624,466,823,174.7324
12,17.6239,2,718.9377,543.6702,14741.0,1613.0,179.6491,0.9283,2.1249,461.0,55.0416,0.398,0.5694,624,964,466,823,174.7324
12,17.6239,3,1202.8587,588.803,12592.0,0.0,210.6446,0.9508,3.461,468.0,44.7285,0.3668,0.5368,964,1313,466,823,174.7324
12,17.6239,4,1457.7166,604.9848,14553.0,0.0,233.8688,0.994,2.7019,476.0,49.9739,0.2387,0.3854,1313,1657,466,823,174.7324
12,18.0245,1,501.2463,502.2083,7711.0,1133.0,135.9643,0.5999,2.1019,442.0,39.756,0.4353,0.6066,280,624,466,823,174.7324
12,18.0245,2,714.1508,555.2118,12976.0,345.0,203.9373,0.9181,2.5858,451.0,45.0875,0.5374,0.6991,624,964,466,823,174.7324
12,18.0245,3,1217.5131,548.5653,10431.0,87.0,172.8984,0.9659,2.2719,461.0,51.4631,0.412,0.5836,964,1313,466,823,174.7324
12,18.0245,4,1477.1281,578.8989,13893.0,106.0,239.2846,0.8908,3.0386,461.0,44.5605,0.3943,0.5656,1313,1657,466,823,174.7324
12,18.425,1,491.4968,503.1501,9451.0,1283.0,168.8738,0.491,2.2768,435.0,31.817,0.6442,0.7836,280,624,466,823,174.7324
12,18.425,2,710.56,546.9555,11979.0,1351.0,170.1296,0.9958,2.1879,438.0,43.9341,0.414,0.5856,624,964,466,823,174.7324
12,18.425,3,1220.8761,523.9192,7673.0,608.0,104.1682,0.6926,1.5571,480.0,53.8925,0.4136,0.5852,964,1313,466,823,174.7324
12,18.425,4,1520.1752,542.0528,15158.0,2385.0,246.3471,0.8963,3.2951,408.0,59.0045,0.2215,0.3626,1313,1657,466,823,174.7324
12,18.8256,1,473.9688,509.3449,10912.0,843.0,183.7194,0.2949,2.6997,448.0,34.8289,0.5492,0.709,280,624,466,823,174.7324
12,18.8256,2,724.8955,498.1929,9525.0,2596.0,168.5418,0.9702,2.3924,402.0,40.5871,0.3699,0.54,624,964,466,823,174.7324
12,18.8256,3,1221.4456,539.1937,13395.0,1687.0,149.262,0.9373,1.7075,475.0,51.7319,0.4649,0.6347,964,1313,466,823,174.7324
12,18.8256,4,1535.6046,612.2961,15431.0,0.0,272.0719,0.9061,4.0373,481.0,71.0937,0.12,0.2143,1313,1657,466,823,174.7324
12,19.2261,1,470.1749,492.4286,10457.0,1286.0,176.7327,0.1509,2.5603,444.0,42.9542,0.4535,0.624,280,624,466,823,174.7324
12,19.2261,2,745.0277,559.6196,12420.0,602.0,215.7259,0.9537,2.9985,445.0,46.8778,0.3919,0.5631,624,964,466,823,174.7324
12,19.2261,3,1218.6595,567.6162,15103.0,295.0,182.5572,0.9824,1.9309,480.0,48.0253,0.5674,0.724,964,1313,466,823,174.7324
12,19.2261,4,1555.5959,573.4686,13806.0,151.0,225.5088,0.913,2.8826,459.0,40.6222,0.5073,0.6731,1313,1657,466,823,174.7324
12,19.6267,1,450.9687,496.1675,7344.0,595.0,110.8247,0.1632,1.7057,452.0,43.1923,0.4992,0.6659,280,624,466,823,174.7324
12,19.6267,2,762.4323,570.5871,14142.0,845.0,264.36,0.9621,3.6979,440.0,43.9532,0.5605,0.7183,624,964,466,823,174.7324
12,19.6267,3,1203.8477,560.2519,16252.0,168.0,184.5685,0.9315,1.8141,463.0,46.9962,0.469,0.6386,964,1313,466,823,174.7324
12,19.6267,4,1567.5818,535.5753,13363.0,1858.0,203.1602,0.9325,2.1804,419.0,45.6892,0.5226,0.6864,1313,1657,466,823,174.7324
12,20.0272,1,462.6399,487.6193,6254.0,1395.0,104.9163,0.1933,1.6946,446.0,35.9861,0.3809,0.5517,280,624,466,823,174.7324
12,20.0272,2,741.6572,501.6915,13768.0,3897.0,233.7315,0.768,3.5244,386.0,56.8344,0.3089,0.472,624,964,466,823,174.7324
12,20.0272,3,1148.8787,519.1941,12859.0,1696.0,222.2195,0.6214,2.9734,426.0,68.7237,0.2197,0.3602,964,1313,466,823,174.7324
12,20.0272,4,1570.7585,595.2109,20563.0,18.0,211.1271,0.9824,1.8963,491.0,65.1724,0.2986,0.4599,1313,1657,466,823,174.7324
12,20.4277,1,444.2696,487.782,11427.0,1837.0,215.0629,0.1592,3.3941,447.0,49.6671,0.3457,0.5138,280,624,466,823,174.7324
12,20.4277,2,730.2007,540.4784,12397.0,1317.0,224.0148,0.7884,3.5274,442.0,76.0093,0.1825,0.3087,624,964,466,823,174.7324
12,20.4277,3,1084.5371,529.5037,13783.0,660.0,248.7501,0.4669,3.6149,452.0,72.9467,0.0922,0.1688,964,1313,466,823,174.7324
12,20.4277,4,1536.8429,585.2827,19926.0,47.0,205.5977,0.9656,1.8527,463.0,60.9644,0.3391,0.5065,1313,1657,466,823,174.7324
12,20.8283,1,399.9776,488.8188,12511.0,1722.0,220.0265,0.1281,3.1728,448.0,47.7509,0.4506,0.6213,280,624,466,823,174.7324
12,20.8283,2,706.8322,520.9436,12451.0,2651.0,206.1635,0.8763,2.9657,409.0,44.9131,0.5146,0.6795,624,964,466,823,174.7324
12,20.8283,3,1043.1481,532.0366,11932.0,2018.0,200.8921,0.9359,2.5647,409.0,56.4347,0.1792,0.3039,964,1313,466,823,174.7324
12,20.8283,4,1486.6674,569.2524,18881.0,1090.0,212.0687,0.9991,1.9642,428.0,64.0255,0.2839,0.4423,1313,1657,466,823,174.7324
12,21.2288,1,377.0006,487.6886,10677.0,1752.0,179.7723,0.1506,2.524,444.0,40.034,0.6047,0.7537,280,624,466,823,174.7324
12,21.2288,2,709.8434,549.5776,14215.0,1746.0,198.7981,0.907,2.7346,458.0,54.5693,0.4113,0.5829,624,964,466,823,174.7324
12,21.2288,3,1038.8401,564.4779,10697.0,539.0,206.2152,0.9389,4.0073,449.0,43.8267,0.3369,0.504,964,1313,466,823,174.7324
12,21.2288,4,1465.9387,612.2725,19740.0,0.0,237.0578,1.0,2.3613,479.0,53.9729,0.4498,0.6205,1313,1657,466,823,174.7324
12,21.6294,1,377.0146,490.0486,11709.0,1505.0,220.9696,0.1596,3.2193,442.0,29.7903,0.7035,0.826,280,624,466,823,174.7324
12,21.6294,2,715.6894,594.7628,14190.0,98.0,232.274,0.9807,3.0669,464.0,55.3282,0.3568,0.526,624,964,466,823,174.7324
12,21.6294,3,1020.0254,550.6344,9261.0,201.0,168.7276,0.9216,2.7486,468.0,40.4173,0.529,0.692,964,1313,466,823,174.7324
12,21.6294,4,1449.1267,584.7306,16695.0,296.0,230.3591,0.9361,2.6427,455.0,46.4876,0.4783,0.6471,1313,1657,466,823,174.7324
12,22.0299,1,391.2202,486.3827,11440.0,1600.0,205.0705,0.0647,3.0785,448.0,35.7979,0.6805,0.8099,280,624,466,823,174.7324
12,22.0299,2,721.9825,560.3041,14704.0,886.0,255.9338,0.8595,3.5437,437.0,60.029,0.2501,0.4001,624,964,466,823,174.7324
12,22.0299,3,1013.6702,526.4611,7116.0,80.0,97.2238,0.8249,1.3012,475.0,46.3495,0.4669,0.6366,964,1313,466,823,174.7324
12,22.0299,4,1419.2797,551.9126,15259.0,1675.0,223.078,0.9407,2.2218,419.0,60.3044,0.2447,0.3932,1313,1657,466,823,174.7324
12,22.4305,1,397.5511,485.6415,10419.0,1802.0,194.1178,0.1306,3.1498,444.0,28.0372,0.6942,0.8195,280,624,466,823,174.7324
12,22.4305,2,753.6349,531.5236,14298.0,2435.0,216.7085,0.9009,2.8476,408.0,41.5749,0.4505,0.6212,624,964,466,823,174.7324
12,22.4305,3,1023.107,531.2449,8831.0,60.0,121.2155,0.812,1.5078,473.0,39.5876,0.5528,0.712,964,1313,466,823,174.7324
12,22.4305,4,1423.3041,629.8019,14281.0,0.0,248.1686,0.8598,3.7721,490.0,59.9291,0.1472,0.2566,1313,1657,466,823,174.7324
12,22.831,1,379.4406,488.649,10456.0,1263.0,175.9959,0.1489,2.5422,436.0,31.9822,0.5973,0.7479,280,624,466,823,174.7324
12,22.831,2,771.701,558.8204,12863.0,817.0,230.3241,0.8695,3.4258,438.0,61.3477,0.2014,0.3353,624,964,466,823,174.7324
12,22.831,3,1047.5695,530.0219,8690.0,10.0,120.3979,0.711,1.519,467.0,48.0879,0.3342,0.501,964,1313,466,823,174.7324
12,22.831,4,1419.8603,584.2329,11145.0,562.0,219.7486,0.9289,4.1478,451.0,53.844,0.1426,0.2497,1313,1657,466,823,174.7324
12,23.2316,1,380.9798,488.1665,9748.0,1551.0,153.5012,0.0846,2.1643,436.0,27.8291,0.6597,0.795,280,624,466,823,174.7324
12,23.2316,2,797.1902,556.6042,13696.0,1379.0,224.6222,0.9432,3.2725,433.0,47.5354,0.4512,0.6218,624,964,466,823,174.7324
12,23.2316,3,1070.5513,525.1182,11130.0,1355.0,162.7614,0.9729,2.0199,429.0,62.8262,0.3713,0.5416,964,1313,466,823,174.7324
12,23.2316,4,1432.6189,565.2727,9614.0,644.0,143.9952,0.8612,2.9968,489.0,33.1418,0.4155,0.587,1313,1657,466,823,174.7324
12,23.6321,1,380.7577,492.6958,8934.0,1200.0,136.3499,0.0277,2.1712,453.0,28.3237,0.5735,0.7289,280,624,466,823,174.7324
12,23.6321,2,806.4022,543.2674,11663.0,672.0,173.6155,0.8475,2.2148,450.0,45.4954,0.5303,0.6931,624,964,466,823,174.7324
12,23.6321,3,1079.0652,555.7329,14742.0,1104.0,199.8384,0.9975,2.2439,431.0,41.4181,0.57,0.7261,964,1313,466,823,174.7324
12,23.6321,4,1415.2169,549.0734,12160.0,699.0,203.9873,0.9992,2.676,441.0,39.6282,0.2923,0.4524,1313,1657,466,823,174.7324
12,24.0326,1,366.288,486.2511,9849.0,1878.0,158.0901,0.3282,2.0857,424.0,31.7325,0.5711,0.727,280,624,466,823,174.7324
12,24.0326,2,823.6732,515.0467,9905.0,935.0,146.3939,0.6142,1.8332,446.0,46.882,0.4855,0.6537,624,964,466,823,174.7324
12,24.0326,3,1075.2765,581.8512,16374.0,99.0,206.1121,0.9998,2.2481,461.0,35.3885,0.5999,0.7499,964,1313,466,823,174.7324
12,24.0326,4,1439.6797,576.3154,13051.0,390.0,229.0972,0.9926,3.1251,451.0,42.8472,0.38,0.5507,1313,1657,466,823,174.7324
12,24.4332,1,369.475,506.5524,10999.0,809.0,207.7041,0.3122,3.0058,449.0,57.8064,0.4065,0.578,280,624,466,823,174.7324
12,24.4332,2,835.9558,524.6433,11093.0,925.0,143.9753,0.92,1.4948,438.0,63.8641,0.3869,0.558,624,964,466,823,174.7324
12,24.4332,3,1083.3125,545.0657,15044.0,1722.0,199.2269,0.9906,2.279,414.0,43.8435,0.4696,0.6391,964,1313,466,823,174.7324
12,24.4332,4,1453.0268,595.1193,14255.0,0.0,228.8577,0.9356,2.8165,480.0,42.863,0.372,0.5423,1313,1657,466,823,174.7324
12,24.8337,1,392.3393,496.9244,10830.0,1429.0,190.759,0.3418,2.9097,443.0,51.052,0.4782,0.647,280,624,466,823,174.7324
12,24.8337,2,827.5492,534.2437,12226.0,996.0,160.3292,0.9983,1.803,434.0,50.6911,0.434,0.6053,624,964,466,823,174.7324
12,24.8337,3,1083.0304,577.1619,17952.0,573.0,219.6441,0.9944,2.2167,442.0,36.9947,0.5633,0.7207,964,1313,466,823,174.7324
12,24.8337,4,1505.8615,533.5625,14582.0,2149.0,231.0517,0.8713,3.0788,413.0,57.9314,0.1996,0.3328,1313,1657,466,823,174.7324
12,25.2343,1,373.5426,487.2003,6126.0,849.0,89.8545,0.102,1.4832,446.0,44.8198,0.4827,0.6511,280,624,466,823,174.7324
12,25.2343,2,800.1097,549.5269,13663.0,728.0,191.1101,0.962,2.2708,442.0,57.4429,0.4322,0.6036,624,964,466,823,174.7324
12,25.2343,3,1081.9808,577.197,15970.0,117.0,206.5275,0.9499,2.2811,462.0,38.822,0.4944,0.6617,964,1313,466,823,174.7324
12,25.2343,4,1533.6891,595.4382,17339.0,499.0,252.1128,0.9784,3.2053,449.0,61.1209,0.1446,0.2526,1313,1657,466,823,174.7324
12,25.6348,1,363.7618,487.633,8000.0,990.0,131.8882,0.1505,1.9719,446.0,34.5563,0.5787,0.7331,280,624,466,823,174.7324
12,25.6348,2,783.1698,549.4541,14740.0,937.0,203.0999,0.8692,2.3757,446.0,53.0083,0.3829,0.5537,624,964,466,823,174.7324
12,25.6348,3,1073.6967,533.3991,14650.0,1830.0,204.1759,0.716,2.254,417.0,48.2988,0.3299,0.4961,964,1313,466,823,174.7324
12,25.6348,4,1529.7321,632.3633,15129.0,0.0,261.8758,0.9079,3.7277,490.0,42.0878,0.4209,0.5924,1313,1657,466,823,174.7324
12,26.0354,1,371.9966,487.7833,6854.0,622.0,117.3192,0.0614,2.0462,450.0,32.6678,0.5784,0.7329,280,624,466,823,174.7324
12,26.0354,2,759.1783,528.1921,14718.0,1509.0,188.9716,0.8112,2.0077,434.0,49.6011,0.4231,0.5946,624,964,466,823,174.7324
12,26.0354,3,1051.4222,546.247,12941.0,1394.0,218.6003,0.887,2.5881,427.0,53.1527,0.2762,0.4329,964,1313,466,823,174.7324
12,26.0354,4,1567.6652,551.7258,13124.0,1883.0,246.7251,0.9172,3.5645,416.0,47.717,0.3501,0.5187,1313,1657,466,823,174.7324
12,26.4359,1,387.0593,490.8175,6489.0,561.0,104.0408,0.0014,2.0341,453.0,29.7976,0.554,0.713,280,624,466,823,174.7324
12,26.4359,2,728.1982,545.9203,16034.0,1216.0,209.9165,0.8508,2.2175,436.0,61.1035,0.296,0.4568,624,964,466,823,174.7324
12,26.4359,3,1048.8867,580.609,12245.0,31.0,206.0543,0.8212,3.0748,464.0,36.8263,0.4251,0.5966,964,1313,466,823,174.7324
12,26.4359,4,1574.1324,604.4617,14686.0,441.0,228.1988,0.9484,3.3722,489.0,56.2135,0.2364,0.3825,1313,1657,466,823,174.7324
12,26.8365,1,384.2942,495.2044,7974.0,1232.0,134.4144,0.3014,2.1843,450.0,37.8014,0.3807,0.5515,280,624,466,823,174.7324
12,26.8365,2,717.8955,556.8312,16045.0,1357.0,200.1614,0.8191,2.4446,459.0,39.626,0.5135,0.6786,624,964,466,823,174.7324
12,26.8365,3,1039.4671,545.6512,9477.0,503.0,148.832,0.847,2.4503,454.0,41.7238,0.3655,0.5353,964,1313,466,823,174.7324
12,26.8365,4,1562.1188,639.027,15642.0,0.0,260.4986,0.9254,3.652,492.0,40.3398,0.4643,0.6342,1313,1657,466,823,174.7324
12,27.237,1,432.9697,490.1985,11044.0,1150.0,205.2434,0.0494,3.16,449.0,44.7925,0.2788,0.436,280,624,466,823,174.7324
12,27.237,2,714.8279,557.775,16479.0,1119.0,193.4857,0.9464,2.1101,462.0,37.0269,0.5099,0.6754,624,964,466,823,174.7324
12,27.237,3,1031.6332,508.2863,4719.0,145.0,85.6908,0.7078,1.5306,477.0,35.0972,0.3473,0.5155,964,1313,466,823,174.7324
12,27.237,4,1566.9253,571.6141,14989.0,1410.0,226.6116,0.9535,2.7947,426.0,57.5872,0.264,0.4177,1313,1657,466,823,174.7324
12,27.6375,1,441.8106,490.5217,13325.0,1185.0,255.2426,0.0235,4.3317,454.0,28.9278,0.6179,0.7638,280,624,466,823,174.7324
12,27.6375,2,715.1604,550.9206,14177.0,432.0,203.5872,0.8393,2.351,455.0,49.6234,0.336,0.503,624,964,466,823,174.7324
12,27.6375,3,1059.0346,526.2848,6250.0,138.0,94.3431,0.9987,1.4484,462.0,36.7052,0.2849,0.4434,964,1313,466,823,174.7324
12,27.6375,4,1573.8079,592.7544,16947.0,706.0,215.0981,0.9185,2.5964,489.0,41.7695,0.492,0.6595,1313,1657,466,823,174.7324
12,28.0381,1,468.0993,491.1256,12847.0,1073.0,238.8496,0.0605,3.7285,451.0,29.8188,0.6246,0.7689,280,624,466,823,174.7324
12,28.0381,2,747.9911,509.2084,12832.0,1559.0,233.526,0.4919,3.2304,445.0,50.766,0.4261,0.5976,624,964,466,823,174.7324
12,28.0381,3,1098.6623,506.4837,8925.0,258.0,168.6998,0.3854,2.5945,460.0,49.8101,0.2553,0.4067,964,1313,466,823,174.7324
12,28.0381,4,1555.533,641.2737,18171.0,0.0,258.0315,0.8939,2.877,504.0,45.5284,0.4306,0.602,1313,1657,466,823,174.7324
12,28.4386,1,470.2937,492.2158,11990.0,806.0,216.3884,0.0125,3.3742,454.0,22.3627,0.7174,0.8354,280,624,466,823,174.7324
12,28.4386,2,825.1635,499.1337,12362.0,1511.0,223.7276,0.334,3.345,436.0,68.3534,0.1932,0.3239,624,964,466,823,174.7324
12,28.4386,3,1143.2035,513.8632,11031.0,39.0,185.4126,0.2679,2.6942,464.0,59.0973,0.2862,0.445,964,1313,466,823,174.7324
12,28.4386,4,1548.0736,590.5451,18850.0,338.0,220.8475,0.9929,2.1057,451.0,61.3621,0.3121,0.4757,1313,1657,466,823,174.7324
12,28.8392,1,472.5712,495.1876,13854.0,1541.0,207.6092,0.2259,2.6047,435.0,36.7285,0.5374,0.6991,280,624,466,823,174.7324
12,28.8392,2,854.1578,524.6003,13639.0,1717.0,193.2332,0.7863,2.2391,424.0,65.8169,0.2439,0.3921,624,964,466,823,174.7324
12,28.8392,3,1175.8582,522.821,12981.0,2824.0,232.7697,0.8812,3.565,408.0,62.6883,0.1757,0.2989,964,1313,466,823,174.7324
12,28.8392,4,1543.8072,559.1038,18673.0,1387.0,218.7627,0.9398,1.9985,427.0,41.4684,0.5199,0.6841,1313,1657,466,823,174.7324
12,29.2397,1,472.0279,513.1074,13362.0,1081.0,236.5969,0.366,3.0448,438.0,49.1739,0.4545,0.6249,280,624,466,823,174.7324
12,29.2397,2,850.8011,554.9736,13289.0,703.0,216.0948,0.7138,3.2925,462.0,53.6674,0.3953,0.5666,624,964,466,823,174.7324
12,29.2397,3,1183.8523,580.7522,13327.0,552.0,227.9332,0.952,3.3783,446.0,53.3674,0.213,0.3512,964,1313,466,823,174.7324
12,29.2397,4,1535.3026,606.2645,20199.0,0.0,278.4522,0.8121,3.0964,492.0,51.2596,0.4062,0.5777,1313,1657,466,823,174.7324
12,29.6403,1,469.518,529.4327,13138.0,532.0,242.8574,0.4148,3.7701,466.0,45.4529,0.5094,0.6749,280,624,466,823,174.7324
12,29.6403,2,865.6953,554.5253,13070.0,1237.0,187.5292,0.8213,2.657,463.0,39.7949,0.5181,0.6826,624,964,466,823,174.7324
12,29.6403,3,1208.1492,565.9349,12086.0,1112.0,220.0624,0.9496,3.4012,437.0,33.2287,0.5006,0.6672,964,1313,466,823,174.7324
12,29.6403,4,1550.1418,609.2668,22094.0,0.0,221.7281,0.9897,1.9535,488.0,50.2396,0.3804,0.5511,1313,1657,466,823,174.7324
12,30.0408,1,471.5082,532.6134,12557.0,428.0,189.5813,0.6182,2.5865,465.0,41.415,0.498,0.6649,280,624,466,823,174.7324
12,30.0408,2,867.9424,549.9458,12059.0,1795.0,181.4464,0.8876,3.0042,460.0,37.1875,0.5453,0.7057,624,964,466,823,174.7324
12,30.0408,3,1223.6025,555.4005,12250.0,1919.0,239.6794,0.9926,3.8135,414.0,42.2355,0.4639,0.6338,964,1313,466,823,174.7324
12,30.0408,4,1506.5548,556.7775,16844.0,0.0,258.555,0.5446,3.3375,466.0,58.8177,0.2825,0.4405,1313,1657,466,823,174.7324
12,30.4413,1,473.8071,527.0202,9178.0,626.0,109.8035,0.9876,1.2356,454.0,48.5238,0.3594,0.5287,280,624,466,823,174.7324
12,30.4413,2,866.4022,576.3556,12392.0,643.0,216.5984,0.9275,3.3117,449.0,35.7976,0.5432,0.704,624,964,466,823,174.7324
12,30.4413,3,1228.3184,595.6204,11615.0,18.0,226.6478,0.9878,3.8832,465.0,43.1467,0.4469,0.6177,964,1313,466,823,174.7324
12,30.4413,4,1423.4995,533.8028,13063.0,1156.0,222.6853,0.6031,2.7746,436.0,68.3712,0.1071,0.1935,1313,1657,466,823,174.7324
12,30.8419,1,470.8095,503.67,7327.0,988.0,100.7879,0.7029,1.2596,443.0,44.8293,0.4302,0.6016,280,624,466,823,174.7324
12,30.8419,2,879.1835,532.6401,10277.0,1656.0,154.512,0.9968,2.1147,432.0,50.8269,0.3629,0.5325,624,964,466,823,174.7324
12,30.8419,3,1224.5912,560.9529,12653.0,1026.0,201.1671,0.9744,2.7564,436.0,53.8829,0.4003,0.5718,964,1313,466,823,174.7324
12,30.8419,4,1411.409,598.0663,11327.0,102.0,199.7668,0.8832,3.2833,486.0,58.5399,0.1059,0.1916,1313,1657,466,823,174.7324
12,31.2424,1,458.6546,500.2887,7240.0,708.0,106.3632,0.4389,1.4703,449.0,39.6478,0.4539,0.6244,280,624,466,823,174.7324
12,31.2424,2,856.4519,499.4662,8723.0,1559.0,143.4211,0.7654,1.9128,434.0,49.8422,0.2525,0.4032,624,964,466,823,174.7324
12,31.2424,3,1229.1626,543.6351,12649.0,2010.0,209.4282,0.9968,2.7665,417.0,36.2648,0.594,0.7453,964,1313,466,823,174.7324
12,31.2424,4,1420.7401,618.8551,8795.0,0.0,142.819,0.9402,2.7158,522.0,38.4276,0.251,0.4013,1313,1657,466,823,174.7324
12,31.643,1,432.7237,491.2411,11782.0,1279.0,210.6954,0.0383,3.2849,451.0,48.5884,0.3508,0.5194,280,624,466,823,174.7324
12,31.643,2,820.2329,511.1643,10161.0,1727.0,167.5814,0.9354,2.0197,425.0,56.1577,0.2715,0.427,624,964,466,823,174.7324
12,31.643,3,1227.7954,566.4513,12882.0,68.0,170.6831,0.9882,2.0314,479.0,47.0706,0.4689,0.6384,964,1313,466,823,174.7324
12,31.643,4,1442.7442,540.2484,11883.0,1243.0,194.6499,0.9998,2.2892,432.0,48.9286,0.0575,0.1088,1313,1657,466,823,174.7324
12,32.0435,1,428.1435,491.4607,11469.0,1021.0,197.2254,0.0919,2.8554,446.0,29.9403,0.6844,0.8126,280,624,466,823,174.7324
12,32.0435,2,810.4859,543.0194,12525.0,1285.0,194.6358,0.9901,2.5024,429.0,47.3069,0.4234,0.5949,624,964,466,823,174.7324
12,32.0435,3,1192.9411,526.5921,11910.0,1281.0,180.5352,0.8239,2.126,430.0,68.6899,0.3076,0.4705,964,1313,466,823,174.7324
12,32.0435,4,1475.0551,556.3562,12612.0,787.0,206.332,0.9994,2.6499,438.0,44.4867,0.2615,0.4146,1313,1657,466,823,174.7324
12,32.4441,1,420.1268,490.8288,10227.0,1024.0,170.5297,0.1404,2.3307,440.0,28.1244,0.6825,0.8113,280,624,466,823,174.7324
12,32.4441,2,790.2734,553.0371,13321.0,886.0,210.7844,0.9851,2.4634,448.0,45.8368,0.4482,0.619,624,964,466,823,174.7324
12,32.4441,3,1153.9811,552.6784,13954.0,101.0,212.541,0.7943,2.6365,461.0,81.6855,0.1742,0.2968,964,1313,466,823,174.7324
12,32.4441,4,1489.679,578.4688,14774.0,6.0,232.0514,0.9183,2.782,466.0,49.0559,0.3341,0.5009,1313,1657,466,823,174.7324
12,32.8446,1,403.5648,492.3632,11541.0,819.0,193.5224,0.0176,2.6891,447.0,26.186,0.6526,0.7898,280,624,466,823,174.7324
12,32.8446,2,760.7134,506.6934,15315.0,4132.0,237.7762,0.7641,2.964,396.0,57.8874,0.3041,0.4664,624,964,466,823,174.7324
12,32.8446,3,1134.919,562.2874,14919.0,485.0,240.7559,0.7604,3.3765,453.0,51.1462,0.4326,0.604,964,1313,466,823,174.7324
12,32.8446,4,1517.595,569.2641,15932.0,1103.0,232.8219,0.9754,2.889,434.0,44.987,0.3786,0.5493,1313,1657,466,823,174.7324
12,33.2452,1,400.5927,488.4126,12134.0,1270.0,217.5709,0.0419,3.2586,451.0,32.5523,0.6303,0.7732,280,624,466,823,174.7324
12,33.2452,2,727.4081,542.9265,14172.0,2173.0,240.1518,0.8994,3.3954,420.0,72.4738,0.1252,0.2225,624,964,466,823,174.7324
12,33.2452,3,1078.563,520.8021,14437.0,2439.0,225.5128,0.7455,2.6497,407.0,59.8454,0.2374,0.3838,964,1313,466,823,174.7324
12,33.2452,4,1532.5038,594.7661,16345.0,282.0,231.6345,0.9888,2.8816,454.0,43.8408,0.4199,0.5914,1313,1657,466,823,174.7324
12,33.6457,1,405.4138,491.2312,13123.0,1184.0,223.1978,0.0339,3.1062,443.0,26.7427,0.7347,0.8471,280,624,466,823,174.7324
12,33.6457,2,744.1913,585.5047,13534.0,349.0,233.4532,0.9051,3.5342,461.0,48.6064,0.4198,0.5914,624,964,466,823,174.7324
12,33.6457,3,1050.7595,564.5729,13546.0,1136.0,196.3301,0.7731,3.1819,474.0,63.5152,0.0629,0.1184,964,1313,466,823,174.7324
12,33.6457,4,1543.7241,604.6772,15886.0,0.0,229.3906,0.995,2.7603,474.0,31.984,0.5765,0.7313,1313,1657,466,823,174.7324
12,34.0462,1,397.4625,488.5448,12074.0,1279.0,207.2015,0.0597,2.8834,441.0,23.2367,0.7733,0.8722,280,624,466,823,174.7324
12,34.0462,2,732.7536,518.0323,13184.0,3042.0,226.6147,0.8495,3.3941,396.0,66.6069,0.1902,0.3196,624,964,466,823,174.7324
12,34.0462,3,1024.1555,554.4284,9277.0,1467.0,152.9424,0.9262,3.2921,475.0,33.4726,0.4165,0.5881,964,1313,466,823,174.7324
12,34.0462,4,1527.1737,553.6715,13555.0,421.0,215.2979,0.8723,2.7,455.0,48.7699,0.3353,0.5022,1313,1657,466,823,174.7324
12,34.4468,1,390.2671,489.6479,12307.0,1097.0,219.1232,0.0096,3.1647,449.0,18.754,0.7995,0.8886,280,624,466,823,174.7324
12,34.4468,2,725.2895,535.0165,13995.0,2650.0,220.8351,0.9722,2.9639,403.0,42.1407,0.4087,0.5803,624,964,466,823,174.7324
12,34.4468,3,1014.6096,532.1796,9235.0,1686.0,239.5066,0.9767,4.8128,422.0,27.6794,0.5829,0.7365,964,1313,466,823,174.7324
12,34.4468,4,1481.404,567.7572,14720.0,678.0,274.1448,0.8506,4.0221,446.0,66.7135,0.0878,0.1615,1313,1657,466,823,174.7324
12,34.8473,1,386.9871,488.4096,12168.0,1249.0,216.4777,0.0154,3.1201,445.0,12.7701,0.8884,0.9409,280,624,466,823,174.7324
12,34.8473,2,735.8992,586.2667,14082.0,196.0,207.3751,0.9888,2.9609,460.0,43.0941,0.3843,0.5553,624,964,466,823,174.7324
12,34.8473,3,1023.624,565.8646,10786.0,122.0,208.7421,0.9345,3.2208,460.0,46.4403,0.4868,0.6548,964,1313,466,823,174.7324
12,34.8473,4,1444.4967,572.0468,15934.0,943.0,248.1441,0.917,3.2023,439.0,51.3864,0.2557,0.4073,1313,1657,466,823,174.7324
12,35.2479,1,389.1096,489.2393,11947.0,1254.0,214.5223,0.0612,2.9664,438.0,26.0436,0.7451,0.8539,280,624,466,823,174.7324
12,35.2479,2,740.2678,549.4405,13045.0,916.0,202.6167,0.9277,2.6304,443.0,51.4079,0.3439,0.5117,624,964,466,823,174.7324
12,35.2479,3,1023.8991,527.5492,8337.0,252.0,113.4852,0.8707,1.2952,457.0,57.2892,0.3745,0.5449,964,1313,466,823,174.7324
12,35.2479,4,1433.7377,601.8446,15365.0,7.0,242.5076,0.9501,3.1066,467.0,46.0971,0.3853,0.5563,1313,1657,466,823,174.7324
12,35.6484,1,406.0183,489.7036,11678.0,997.0,205.6038,0.0026,3.0497,447.0,25.3083,0.7361,0.848,280,624,466,823,174.7324
12,35.6484,2,739.6315,530.1614,13526.0,1329.0,190.7864,0.6967,2.3748,441.0,44.1793,0.4644,0.6342,624,964,466,823,174.7324
12,35.6484,3,1042.6501,528.6001,11231.0,275.0,161.7889,0.728,1.8877,459.0,47.0883,0.4354,0.6067,964,1313,466,823,174.7324
12,35.6484,4,1424.7857,585.9489,13003.0,0.0,224.4672,0.9969,2.9421,470.0,43.1542,0.3877,0.5588,1313,1657,466,823,174.7324
12,36.049,1,404.1344,489.0739,10835.0,891.0,196.0009,0.0124,3.0012,447.0,19.4249,0.8154,0.8983,280,624,466,823,174.7324
12,36.049,2,720.3791,533.0663,12420.0,977.0,189.332,0.6875,2.4959,443.0,53.552,0.42,0.5915,624,964,466,823,174.7324
12,36.049,3,1058.8878,543.017,13236.0,6.0,189.1934,0.6107,2.311,465.0,36.3865,0.5623,0.7198,964,1313,466,823,174.7324
12,36.049,4,1469.6551,535.5536,12983.0,1859.0,216.3621,0.9194,2.7936,416.0,53.8037,0.1702,0.2908,1313,1657,466,823,174.7324
12,36.4495,1,405.9348,489.4014,8496.0,961.0,142.8755,0.1057,2.0257,441.0,40.9416,0.5567,0.7152,280,624,466,823,174.7324
12,36.4495,2,710.2882,541.0992,14158.0,1627.0,182.7453,0.9664,2.0157,435.0,48.8584,0.439,0.6101,624,964,466,823,174.7324
12,36.4495,3,1068.5028,541.3898,13222.0,902.0,194.7394,0.735,2.1801,440.0,30.0345,0.6021,0.7516,964,1313,466,823,174.7324
12,36.4495,4,1495.691,602.4483,16096.0,0.0,251.8101,0.9515,3.2579,467.0,63.8238,0.1166,0.2089,1313,1657,466,823,174.7324
12,36.8501,1,407.1583,490.9251,6291.0,765.0,100.236,0.0431,1.8529,446.0,34.9768,0.4962,0.6633,280,624,466,823,174.7324
12,36.8501,2,705.1268,557.0771,13219.0,730.0,192.2313,0.8413,2.6747,460.0,46.1312,0.4639,0.6337,624,964,466,823,174.7324
12,36.8501,3,1050.4738,543.768,14988.0,1821.0,201.1938,0.9921,2.2248,419.0,45.5661,0.3969,0.5683,964,1313,466,823,174.7324
12,36.8501,4,1515.353,600.0302,15010.0,0.0,259.9957,0.8606,3.6456,471.0,44.314,0.4504,0.621,1313,1657,466,823,174.7324
12,37.2506,1,382.5794,491.409,11258.0,1151.0,194.6664,0.0767,2.6984,448.0,43.5393,0.3875,0.5586,280,624,466,823,174.7324
12,37.2506,2,708.159,547.7519,13481.0,1370.0,190.0564,0.9164,2.3051,435.0,39.1064,0.5594,0.7175,624,964,466,823,174.7324
12,37.2506,3,1028.9149,587.8177,17319.0,98.0,215.0139,0.9653,2.3222,476.0,50.9365,0.3138,0.4777,964,1313,466,823,174.7324
12,37.2506,4,1550.29,555.348,15153.0,1828.0,258.1359,0.9226,3.476,420.0,44.9377,0.4429,0.6139,1313,1657,466,823,174.7324
12,37.6511,1,404.2418,490.9907,12271.0,1265.0,204.4788,0.047,2.8264,441.0,30.7502,0.6769,0.8073,280,624,466,823,174.7324
12,37.6511,2,706.212,554.1845,13907.0,1201.0,183.7747,0.8883,2.3294,458.0,30.8121,0.6458,0.7848,624,964,466,823,174.7324
12,37.6511,3,1018.0617,545.046,16774.0,1341.0,205.2041,0.9451,1.8845,425.0,44.6358,0.461,0.6311,964,1313,466,823,174.7324
12,37.6511,4,1551.264,605.2486,14765.0,0.0,255.874,0.9016,3.4896,481.0,56.6508,0.3138,0.4777,1313,1657,466,823,174.7324
12,38.0517,1,418.0334,489.4126,12016.0,1130.0,236.61,0.0587,3.7091,452.0,32.7874,0.6343,0.7762,280,624,466,823,174.7324
12,38.0517,2,700.6547,553.1522,13348.0,1128.0,173.1808,0.8407,2.2048,461.0,27.854,0.6817,0.8107,624,964,466,823,174.7324
12,38.0517,3,1028.4303,566.7771,17558.0,1043.0,207.1775,0.9986,1.8701,435.0,37.3325,0.549,0.7088,964,1313,466,823,174.7324
12,38.0517,4,1556.6734,584.3345,13980.0,239.0,243.5089,0.8619,3.5863,457.0,31.7417,0.6221,0.767,1313,1657,466,823,174.7324
12,38.4522,1,436.9415,482.1998,8705.0,1836.0,199.0794,0.2478,3.8452,440.0,42.0479,0.4638,0.6337,280,624,466,823,174.7324
12,38.4522,2,702.2619,550.5712,13756.0,1720.0,192.9938,0.9564,2.3151,428.0,29.361,0.6691,0.8017,624,964,466,823,174.7324
12,38.4522,3,1048.8122,592.8941,14056.0,51.0,199.4125,0.9813,2.5233,476.0,38.0694,0.4647,0.6345,964,1313,466,823,174.7324
12,38.4522,4,1566.7804,572.5945,14132.0,1281.0,251.9798,0.9254,3.2232,429.0,42.7967,0.4579,0.6281,1313,1657,466,823,174.7324
12,38.8528,1,397.2638,493.7947,7118.0,876.0,94.2361,0.2133,1.3835,449.0,45.8079,0.2479,0.3973,280,624,466,823,174.7324
12,38.8528,2,697.3639,547.9024,11819.0,816.0,176.8712,0.8515,2.4428,448.0,29.4082,0.6443,0.7837,624,964,466,823,174.7324
12,38.8528,3,1040.6698,529.0857,11289.0,1503.0,170.0561,0.8552,2.2192,429.0,46.7436,0.2771,0.434,964,1313,466,823,174.7324
12,38.8528,4,1563.5457,630.1312,15469.0,0.0,251.3159,0.9294,3.2963,490.0,53.3129,0.2866,0.4455,1313,1657,466,823,174.7324
12,39.2533,1,390.4772,488.3948,9179.0,1427.0,167.9584,0.2239,2.5482,446.0,44.6329,0.4025,0.574,280,624,466,823,174.7324
12,39.2533,2,696.2053,530.4111,11152.0,1288.0,149.5364,0.9434,1.7617,439.0,39.8856,0.5257,0.6891,624,964,466,823,174.7324
12,39.2533,3,1041.1026,564.7677,8495.0,650.0,128.3083,0.9524,2.6231,478.0,42.5574,0.2585,0.4108,964,1313,466,823,174.7324
12,39.2533,4,1568.4662,608.8037,14490.0,257.0,237.1515,0.9582,3.2186,455.0,40.93,0.428,0.5994,1313,1657,466,823,174.7324
12,39.6539,1,434.2644,484.0019,11925.0,2234.0,226.8683,0.1365,3.1251,434.0,51.0062,0.4325,0.6039,280,624,466,823,174.7324
12,39.6539,2,697.7249,529.5276,11824.0,1248.0,145.6943,0.9618,1.4944,438.0,24.5142,0.7787,0.8756,624,964,466,823,174.7324
12,39.6539,3,1018.4093,506.0389,6653.0,1114.0,145.1366,0.9963,2.4748,432.0,33.9218,0.3624,0.532,964,1313,466,823,174.7324
12,39.6539,4,1579.3381,574.4317,11539.0,858.0,172.0351,0.9911,3.0028,490.0,40.847,0.4159,0.5875,1313,1657,466,823,174.7324
12,40.0544,1,468.7384,494.0733,12640.0,1217.0,207.2323,0.1989,2.7939,439.0,53.9602,0.4279,0.5994,280,624,466,823,174.7324
12,40.0544,2,700.4254,536.3119,12655.0,958.0,147.2062,0.9628,1.5694,451.0,34.611,0.6345,0.7764,624,964,466,823,174.7324
12,40.0544,3,1050.4393,507.3556,9590.0,2258.0,199.6401,0.9695,2.9857,405.0,47.8385,0.1913,0.3211,964,1313,466,823,174.7324
12,40.0544,4,1563.1386,584.958,12889.0,0.0,202.3467,0.9996,2.2632,472.0,48.5017,0.2372,0.3835,1313,1657,466,823,174.7324
12,40.455,1,481.6952,499.4701,13294.0,2054.0,198.6479,0.4153,2.5434,431.0,42.4493,0.5772,0.7319,280,624,466,823,174.7324
12,40.455,2,702.0789,524.0883,12600.0,1137.0,137.6089,0.9937,1.2021,441.0,33.3896,0.6362,0.7777,624,964,466,823,174.7324
12,40.455,3,1069.8174,546.1571,12747.0,1602.0,230.5557,0.9996,3.3343,424.0,51.6052,0.3412,0.5088,964,1313,466,823,174.7324
12,40.455,4,1532.1477,570.5014,13246.0,0.0,193.2235,0.9613,2.3218,467.0,43.7252,0.3436,0.5115,1313,1657,466,823,174.7324
12,40.8555,1,483.7556,510.6237,11540.0,820.0,200.1992,0.3212,2.6715,440.0,39.3696,0.5173,0.6819,280,624,466,823,174.7324
12,40.8555,2,714.5804,534.23,13829.0,1042.0,158.6371,0.9055,1.4758,440.0,37.7035,0.5984,0.7487,624,964,466,823,174.7324
12,40.8555,3,1065.9988,565.7556,13914.0,1289.0,238.0271,0.9864,3.4705,427.0,31.7748,0.5656,0.7226,964,1313,466,823,174.7324
12,40.8555,4,1497.2308,540.1022,13806.0,1762.0,231.413,0.9425,3.1286,421.0,44.3632,0.3578,0.5271,1313,1657,466,823,174.7324
12,41.256,1,493.2185,515.9141,11111.0,1333.0,199.0152,0.624,2.8422,430.0,47.5867,0.4681,0.6377,280,624,466,823,174.7324
12,41.256,2,723.6344,540.3113,13699.0,892.0,150.2434,0.9665,1.4449,446.0,32.4023,0.602,0.7515,624,964,466,823,174.7324
12,41.256,3,1067.308,577.3071,14225.0,758.0,227.3975,0.9968,3.1765,438.0,32.122,0.509,0.6747,964,1313,466,823,174.7324
12,41.256,4,1483.6475,607.2377,14453.0,0.0,243.5212,0.9408,3.0899,478.0,63.9565,0.2043,0.3393,1313,1657,466,823,174.7324
12,41.6566,1,490.4598,530.4133,8704.0,595.0,183.9625,0.6819,2.9862,448.0,41.3909,0.4783,0.6471,280,624,466,823,174.7324
12,41.6566,2,732.1846,535.1274,14244.0,972.0,157.2965,0.9673,1.4776,445.0,29.0851,0.6685,0.8013,624,964,466,823,174.7324
12,41.6566,3,1084.1717,543.1085,12086.0,1331.0,216.5677,0.844,3.0309,438.0,43.6736,0.3848,0.5557,964,1313,466,823,174.7324
12,41.6566,4,1486.719,636.1119,16669.0,0.0,256.7578,0.9976,3.0152,490.0,46.3822,0.4952,0.6624,1313,1657,466,823,174.7324
12,42.0571,1,478.4969,522.3699,7903.0,1007.0,110.3442,0.9929,1.6766,446.0,50.2909,0.2487,0.3984,280,624,466,823,174.7324
12,42.0571,2,734.4627,556.6386,16182.0,836.0,192.9094,0.9659,1.9431,443.0,38.8409,0.5993,0.7494,624,964,466,823,174.7324
12,42.0571,3,1118.458,535.3194,12882.0,2197.0,228.01,0.8831,3.3442,420.0,52.3044,0.2493,0.3991,964,1313,466,823,174.7324
12,42.0571,4,1489.9264,547.9887,13623.0,1439.0,225.0963,0.9986,2.9471,421.0,54.7523,0.3527,0.5215,1313,1657,466,823,174.7324
12,42.4577,1,476.6416,492.6603,7288.0,809.0,126.2318,0.1972,1.8377,450.0,45.0626,0.2594,0.412,280,624,466,823,174.7324
12,42.4577,2,727.3288,555.417,17199.0,962.0,188.611,0.9071,1.9245,457.0,20.8335,0.7735,0.8723,624,964,466,823,174.7324
12,42.4577,3,1148.0941,541.7269,13067.0,1767.0,242.955,0.93,3.5786,421.0,54.817,0.3183,0.4829,964,1313,466,823,174.7324
12,42.4577,4,1489.8581,576.6347,14969.0,693.0,243.1544,0.999,3.1001,440.0,29.5911,0.701,0.8242,1313,1657,466,823,174.7324
12,42.8582,1,449.754,489.0966,11053.0,1195.0,218.3802,0.1488,3.2805,452.0,46.2007,0.4447,0.6157,280,624,466,823,174.7324
12,42.8582,2,726.0011,543.8227,17221.0,1796.0,198.4686,0.9781,1.7618,419.0,30.6061,0.638,0.779,624,964,466,823,174.7324
12,42.8582,3,1151.1714,564.3486,14353.0,1264.0,234.4508,0.9768,3.3105,429.0,36.9261,0.5399,0.7012,964,1313,466,823,174.7324
12,42.8582,4,1493.9964,642.1642,15453.0,0.0,246.2777,0.9997,3.1147,506.0,45.6822,0.4845,0.6528,1313,1657,466,823,174.7324
12,43.2588,1,403.0571,489.5897,12163.0,1257.0,217.2732,0.0811,3.1849,450.0,50.2424,0.4538,0.6243,280,624,466,823,174.7324
12,43.2588,2,720.1656,564.3962,17961.0,531.0,192.6652,0.9979,1.8683,461.0,36.8512,0.5395,0.7009,624,964,466,823,174.7324
12,43.2588,3,1160.4453,549.9704,13855.0,1691.0,236.1634,0.9983,3.2483,424.0,32.7394,0.5934,0.7448,964,1313,466,823,174.7324
12,43.2588,4,1508.5444,608.4311,14163.0,0.0,244.8679,0.9776,3.3731,474.0,48.0285,0.4748,0.6438,1313,1657,466,823,174.7324
12,43.6593,1,404.4587,494.9156,11503.0,1780.0,188.7849,0.4203,2.5374,429.0,45.99,0.4676,0.6372,280,624,466,823,174.7324
12,43.6593,2,732.4252,543.3558,16122.0,1967.0,211.4301,0.9061,2.235,422.0,45.0091,0.4505,0.6211,624,964,466,823,174.7324
12,43.6593,3,1163.631,568.5136,14154.0,1006.0,233.0702,1.0,3.2243,432.0,26.1936,0.7169,0.8351,964,1313,466,823,174.7324
12,43.6593,4,1538.5003,560.0914,16886.0,2024.0,244.9557,0.9965,2.7897,415.0,49.5015,0.3884,0.5595,1313,1657,466,823,174.7324
12,44.0598,1,408.8382,504.3891,7157.0,679.0,104.1763,0.548,1.4859,450.0,45.7706,0.4282,0.5997,280,624,466,823,174.7324
12,44.0598,2,749.3682,535.7719,15449.0,965.0,192.2238,0.7831,2.0918,453.0,37.5626,0.5556,0.7143,624,964,466,823,174.7324
12,44.0598,3,1169.6504,568.9957,14118.0,419.0,227.8496,0.9733,2.917,454.0,33.4426,0.6033,0.7525,964,1313,466,823,174.7324
12,44.0598,4,1542.4208,594.3008,15453.0,0.0,247.8345,0.9245,3.3536,470.0,47.7336,0.3879,0.559,1313,1657,466,823,174.7324
12,44.4604,1,415.1548,495.7373,6007.0,971.0,84.2866,0.6195,1.2683,445.0,35.6208,0.4487,0.6194,280,624,466,823,174.7324
12,44.4604,2,778.1444,535.1132,15261.0,885.0,172.6612,0.7791,1.7069,446.0,44.7097,0.4524,0.6229,624,964,466,823,174.7324
12,44.4604,3,1175.39,556.3049,12983.0,780.0,214.3836,0.8704,2.9246,452.0,38.4738,0.5528,0.712,964,1313,466,823,174.7324
12,44.4604,4,1546.0952,574.1563,13778.0,55.0,260.0317,0.8163,3.9625,463.0,40.7795,0.5302,0.693,1313,1657,466,823,174.7324
12,44.8609,1,391.7237,479.8279,6235.0,1570.0,114.597,0.0273,2.2294,457.0,35.3986,0.4296,0.601,280,624,466,823,174.7324
12,44.8609,2,798.5301,526.2328,14955.0,1874.0,173.8789,0.8273,1.7691,418.0,45.1693,0.4444,0.6153,624,964,466,823,174.7324
12,44.8609,3,1189.0142,540.1672,11199.0,450.0,174.1702,0.754,2.3658,454.0,46.8848,0.4766,0.6455,964,1313,466,823,174.7324
12,44.8609,4,1561.6126,561.8266,14415.0,1525.0,246.2585,0.8915,3.3147,422.0,44.6253,0.4843,0.6526,1313,1657,466,823,174.7324
12,45.2615,1,404.3186,497.1,9770.0,2438.0,154.7968,0.9999,2.456,401.0,46.5184,0.2764,0.4331,280,624,466,823,174.7324
12,45.2615,2,812.7735,566.1386,16894.0,880.0,204.7331,0.9825,2.132,436.0,57.9633,0.3168,0.4811,624,964,466,823,174.7324
12,45.2615,3,1208.1824,532.7853,13147.0,1843.0,191.654,0.8693,2.3621,420.0,45.6088,0.472,0.6413,964,1313,466,823,174.7324
12,45.2615,4,1563.1168,624.353,16271.0,0.0,255.8582,0.9482,3.3066,477.0,60.8073,0.255,0.4064,1313,1657,466,823,174.7324
12,45.662,1,411.304,536.6891,10305.0,627.0,151.8746,0.9819,1.9944,445.0,45.3332,0.3612,0.5307,280,624,466,823,174.7324
12,45.662,2,812.5609,583.4663,16420.0,149.0,224.3746,0.9025,2.5698,465.0,36.0099,0.586,0.739,624,964,466,823,174.7324
12,45.662,3,1208.0129,563.1678,14628.0,1174.0,217.2365,0.934,2.479,435.0,53.548,0.4459,0.6167,964,1313,466,823,174.7324
12,45.662,4,1571.7008,621.2864,14316.0,0.0,221.958,0.9134,2.9869,493.0,36.0941,0.5189,0.6832,1313,1657,466,823,174.7324
12,46.0626,1,433.3109,520.3614,8814.0,1440.0,165.8988,0.9938,2.5449,423.0,40.0779,0.4094,0.581,280,624,466,823,174.7324
12,46.0626,2,809.2973,531.276,17229.0,2482.0,201.0374,0.7778,2.195,416.0,58.9492,0.2664,0.4207,624,964,466,823,174.7324
12,46.0626,3,1206.3908,591.0046,15728.0,60.0,214.7365,0.9256,2.596,481.0,41.9144,0.5124,0.6776,964,1313,466,823,174.7324
12,46.0626,4,1583.9683,566.0909,16358.0,1857.0,236.6939,0.9972,2.5573,419.0,45.497,0.4329,0.6042,1313,1657,466,823,174.7324
12,46.4631,1,434.7996,512.1775,11063.0,2566.0,204.5693,0.9817,3.0373,396.0,31.0919,0.6747,0.8058,280,624,466,823,174.7324
12,46.4631,2,837.2347,533.1713,14773.0,488.0,210.3859,0.5503,2.6285,456.0,49.6997,0.3746,0.545,624,964,466,823,174.7324
12,46.4631,3,1207.1138,535.648,12851.0,1646.0,167.6477,0.9994,1.681,425.0,54.5492,0.4159,0.5875,964,1313,466,823,174.7324
12,46.4631,4,1574.0283,619.8601,18849.0,0.0,237.5189,0.9716,2.5347,493.0,46.678,0.4328,0.6041,1313,1657,466,823,174.7324
12,46.8637,1,425.1838,578.6758,11849.0,223.0,195.0742,0.9947,2.8063,456.0,44.1064,0.4286,0.6,280,624,466,823,174.7324
12,46.8637,2,849.0942,548.977,14349.0,765.0,190.4892,0.6812,2.4215,447.0,42.4187,0.4337,0.605,624,964,466,823,174.7324
12,46.8637,3,1204.2845,541.8571,15268.0,1343.0,186.2086,0.9997,1.6638,431.0,37.5509,0.6399,0.7804,964,1313,466,823,174.7324
12,46.8637,4,1546.8958,611.6843,22405.0,5.0,216.3989,0.9999,1.7532,487.0,54.5836,0.3879,0.5589,1313,1657,466,823,174.7324
12,47.2642,1,426.5167,536.7216,10733.0,1243.0,199.3517,0.978,2.9945,427.0,42.9168,0.4712,0.6406,280,624,466,823,174.7324
12,47.2642,2,863.6187,540.4817,12797.0,963.0,169.5358,0.7492,2.0694,446.0,30.0373,0.577,0.7317,624,964,466,823,174.7324
12,47.2642,3,1174.1995,567.1916,15076.0,64.0,192.2512,0.8968,2.0996,463.0,59.2443,0.3337,0.5004,964,1313,466,823,174.7324
12,47.2642,4,1509.838,558.2474,18868.0,1664.0,211.4512,0.9973,1.7796,420.0,65.8558,0.2629,0.4163,1313,1657,466,823,174.7324
12,47.6647,1,410.84,501.753,13579.0,3879.0,229.4732,0.8783,3.0024,388.0,46.8435,0.4604,0.6305,280,624,466,823,174.7324
12,47.6647,2,871.4565,542.7373,11615.0,782.0,143.7846,0.9003,1.8049,448.0,35.0038,0.525,0.6885,624,964,466,823,174.7324
12,47.6647,3,1123.7668,525.4111,14078.0,1615.0,222.8574,0.6356,2.8155,426.0,65.4709,0.2352,0.3808,964,1313,466,823,174.7324
12,47.6647,4,1482.9312,612.001,20083.0,0.0,228.6084,0.9984,2.1067,474.0,58.4201,0.3218,0.4869,1313,1657,466,823,174.7324
12,48.0653,1,403.064,541.7761,12329.0,577.0,241.9983,0.6819,3.8936,452.0,72.9944,0.2492,0.399,280,624,466,823,174.7324
12,48.0653,2,865.4262,520.6425,8475.0,1179.0,134.1891,0.9363,1.9468,440.0,34.9459,0.4865,0.6546,624,964,466,823,174.7324
12,48.0653,3,1065.317,540.4407,13430.0,747.0,234.3367,0.6045,3.0353,446.0,70.861,0.0692,0.1294,964,1313,466,823,174.7324
12,48.0653,4,1458.3484,606.9227,19078.0,0.0,244.4448,0.9329,2.5822,470.0,45.856,0.4345,0.6058,1313,1657,466,823,174.7324
12,48.4658,1,373.5593,495.9318,11251.0,1853.0,193.0921,0.4252,2.8064,430.0,70.2505,0.3027,0.4647,280,624,466,823,174.7324
12,48.4658,2,858.6498,521.9161,9234.0,1068.0,140.8049,0.8723,1.9384,442.0,31.7243,0.501,0.6676,624,964,466,823,174.7324
12,48.4658,3,1053.1313,553.0016,11525.0,304.0,184.4524,0.7814,2.8088,457.0,36.3798,0.4654,0.6351,964,1313,466,823,174.7324
12,48.4658,4,1426.8076,544.0162,15576.0,1698.0,197.5446,0.9895,1.8752,419.0,53.6395,0.3367,0.5037,1313,1657,466,823,174.7324
12,48.8664,1,354.7395,506.9811,11059.0,2192.0,186.8919,0.7717,2.3438,409.0,67.8963,0.3119,0.4755,280,624,466,823,174.7324
12,48.8664,2,837.027,533.9106,11838.0,1332.0,194.8772,0.8738,2.6762,434.0,38.3206,0.5197,0.6839,624,964,466,823,174.7324
12,48.8664,3,1036.8721,527.8867,10677.0,1896.0,191.9372,0.8831,2.7976,413.0,30.6239,0.5161,0.6808,964,1313,466,823,174.7324
12,48.8664,4,1406.0787,584.3204,19868.0,0.0,208.5719,0.9982,1.7185,479.0,52.5127,0.3739,0.5442,1313,1657,466,823,174.7324
12,49.2669,1,353.3198,552.2253,11729.0,769.0,202.5006,0.7664,3.2119,461.0,66.1758,0.2621,0.4154,280,624,466,823,174.7324
12,49.2669,2,825.8779,550.3426,12010.0,1015.0,191.0164,0.9353,2.6964,442.0,30.094,0.6193,0.7649,624,964,466,823,174.7324
12,49.2669,3,1049.9859,565.555,12364.0,316.0,228.9554,0.8571,3.5154,456.0,41.7732,0.4572,0.6275,964,1313,466,823,174.7324
12,49.2669,4,1436.8223,570.0669,17424.0,440.0,197.8222,0.9676,1.8151,449.0,50.4703,0.4254,0.5969,1313,1657,466,823,174.7324
12,49.6675,1,349.6083,550.1828,12165.0,1100.0,223.4813,0.8844,3.1543,435.0,34.0261,0.6024,0.7519,280,624,466,823,174.7324
12,49.6675,2,834.5282,522.4398,10174.0,1392.0,146.1452,0.9128,1.8895,435.0,46.3522,0.3539,0.5228,624,964,466,823,174.7324
12,49.6675,3,1042.3286,549.657,11284.0,682.0,213.2097,0.903,3.1741,448.0,35.2632,0.5602,0.7181,964,1313,466,823,174.7324
12,49.6675,4,1484.8823,564.326,21835.0,233.0,274.9021,0.6392,2.7202,457.0,55.5681,0.2874,0.4465,1313,1657,466,823,174.7324
12,50.068,1,345.0977,532.8426,11388.0,2262.0,212.9602,0.9404,3.3994,406.0,44.1994,0.4715,0.6409,280,624,466,823,174.7324
12,50.068,2,824.6568,535.3352,10798.0,926.0,153.2207,0.9974,1.9782,445.0,44.5906,0.4146,0.5862,624,964,466,823,174.7324
12,50.068,3,1040.8074,534.2736,10141.0,584.0,167.9946,0.7293,2.4201,448.0,41.9725,0.5247,0.6883,964,1313,466,823,174.7324
12,50.068,4,1500.9567,592.7114,18943.0,0.0,239.9633,0.7822,2.5306,476.0,58.4969,0.3197,0.4845,1313,1657,466,823,174.7324
12,50.4686,1,347.9596,550.9609,11819.0,1146.0,201.3453,0.8532,2.9404,454.0,38.8451,0.5118,0.677,280,624,466,823,174.7324
12,50.4686,2,802.2913,544.3205,10750.0,472.0,178.411,0.9908,2.2942,452.0,44.6046,0.4411,0.6122,624,964,466,823,174.7324
12,50.4686,3,1025.5089,538.6232,8990.0,149.0,135.2784,0.8709,1.8771,460.0,40.592,0.4523,0.6229,964,1313,466,823,174.7324
12,50.4686,4,1515.807,564.7681,18142.0,642.0,193.4326,0.9984,1.665,440.0,48.0522,0.4226,0.5941,1313,1657,466,823,174.7324
12,50.8691,1,354.4553,568.7102,12551.0,474.0,185.4057,0.9711,2.5312,462.0,38.683,0.4897,0.6574,280,624,466,823,174.7324
12,50.8691,2,790.5843,520.2399,11944.0,1877.0,184.8395,0.8433,2.4112,432.0,44.3347,0.4735,0.6427,624,964,466,823,174.7324
12,50.8691,3,1028.2182,535.425,9899.0,328.0,137.522,0.8452,1.6994,458.0,32.6442,0.6094,0.7573,964,1313,466,823,174.7324
12,50.8691,4,1502.8544,587.5989,22616.0,322.0,227.5084,0.9861,1.8611,453.0,40.6101,0.5286,0.6916,1313,1657,466,823,174.7324
12,51.2696,1,366.3645,488.6234,7411.0,1910.0,142.3128,0.7491,2.1985,422.0,52.813,0.2097,0.3468,280,624,466,823,174.7324
12,51.2696,2,778.4325,529.7327,12390.0,1547.0,164.3622,0.9152,1.9911,434.0,38.3717,0.5301,0.6929,624,964,466,823,174.7324
12,51.2696,3,1037.6565,536.3727,10574.0,141.0,143.9015,0.6956,1.6913,460.0,33.3739,0.6361,0.7776,964,1313,466,823,174.7324
12,51.2696,4,1502.8081,603.165,20116.0,0.0,220.335,0.986,2.0364,475.0,37.5325,0.603,0.7523,1313,1657,466,823,174.7324
12,51.6702,1,371.6904,523.2625,10849.0,1708.0,193.374,0.9383,2.6761,420.0,48.1699,0.3831,0.554,280,624,466,823,174.7324
12,51.6702,2,757.2303,532.7967,10582.0,1040.0,166.5836,1.0,2.1774,436.0,39.236,0.4763,0.6453,624,964,466,823,174.7324
12,51.6702,3,1054.6463,530.7619,11202.0,84.0,154.4759,0.512,1.8871,463.0,43.1606,0.4511,0.6217,964,1313,466,823,174.7324
12,51.6702,4,1511.7839,575.1122,21825.0,1017.0,234.5441,0.9334,1.9949,439.0,43.5823,0.5231,0.6869,1313,1657,466,823,174.7324
12,52.0707,1,378.1315,556.06,10373.0,338.0,175.7594,0.906,2.5123,451.0,46.5137,0.4362,0.6074,280,624,466,823,174.7324
12,52.0707,2,754.0435,541.6559,11203.0,1097.0,163.9163,0.9994,2.1996,439.0,23.9425,0.7389,0.8499,624,964,466,823,174.7324
12,52.0707,3,1059.2676,528.6043,11893.0,659.0,174.4378,0.5205,2.1693,447.0,28.8383,0.6334,0.7756,964,1313,466,823,174.7324
12,52.0707,4,1515.6299,596.7125,21918.0,10.0,271.6489,0.7303,2.6519,468.0,40.6531,0.4865,0.6546,1313,1657,466,823,174.7324
12,52.4713,1,389.7355,529.451,10313.0,1329.0,195.6727,0.9889,2.8613,429.0,49.97,0.3982,0.5696,280,624,466,823,174.7324
12,52.4713,2,749.7145,540.9262,12391.0,1381.0,169.6277,0.9606,2.0849,443.0,29.8173,0.617,0.7632,624,964,466,823,174.7324
12,52.4713,3,1062.3634,542.9309,12770.0,46.0,191.165,0.565,2.4628,464.0,37.0444,0.5484,0.7083,964,1313,466,823,174.7324
12,52.4713,4,1537.0384,569.5718,17249.0,490.0,246.4452,0.7595,2.5321,451.0,36.0487,0.5276,0.6907,1313,1657,466,823,174.7324
12,52.8718,1,395.7335,536.9985,12492.0,974.0,204.9446,0.7361,2.974,446.0,57.1804,0.3764,0.5469,280,624,466,823,174.7324
12,52.8718,2,755.9559,539.11,12867.0,1232.0,196.7615,0.7963,2.5942,446.0,37.5111,0.4944,0.6617,624,964,466,823,174.7324
12,52.8718,3,1067.0851,535.3919,12411.0,255.0,181.9164,0.4723,2.5042,460.0,42.4953,0.4869,0.6549,964,1313,466,823,174.7324
12,52.8718,4,1553.8156,581.3298,15642.0,416.0,208.4258,0.7104,2.5849,489.0,50.474,0.349,0.5175,1313,1657,466,823,174.7324
12,53.2724,1,376.8675,507.7731,8618.0,1130.0,120.9336,0.7044,1.6334,439.0,46.8487,0.4786,0.6474,280,624,466,823,174.7324
12,53.2724,2,757.419,524.436,13334.0,1681.0,202.5705,0.6231,2.6823,442.0,37.4433,0.5397,0.701,624,964,466,823,174.7324
12,53.2724,3,1067.52,533.3184,11690.0,70.0,178.0219,0.423,2.5347,464.0,25.2016,0.6528,0.7899,964,1313,466,823,174.7324
12,53.2724,4,1562.96,613.3125,14659.0,81.0,216.2225,0.861,3.147,492.0,49.0523,0.3092,0.4724,1313,1657,466,823,174.7324
12,53.6729,1,352.0996,492.6618,8689.0,1819.0,118.5086,0.5499,1.7859,462.0,52.4634,0.3575,0.5267,280,624,466,823,174.7324
12,53.6729,2,735.881,514.25,12323.0,1591.0,193.9427,0.5668,2.6805,441.0,44.1744,0.5305,0.6932,624,964,466,823,174.7324
12,53.6729,3,1042.5593,521.4853,10902.0,524.0,173.6908,0.5941,2.2473,453.0,33.7047,0.559,0.7172,964,1313,466,823,174.7324
12,53.6729,4,1587.8932,603.3949,13146.0,182.0,199.1693,0.9436,2.8884,493.0,36.3113,0.4711,0.6405,1313,1657,466,823,174.7324
12,54.0734,1,341.2475,517.5568,12360.0,1487.0,135.142,0.9338,1.3788,463.0,43.9389,0.4334,0.6047,280,624,466,823,174.7324
12,54.0734,2,721.5458,512.1657,11874.0,1388.0,178.4458,0.5685,2.3803,440.0,33.0626,0.6667,0.8,624,964,466,823,174.7324
12,54.0734,3,1047.8581,541.3525,11948.0,132.0,176.5901,0.6476,2.3083,461.0,32.6435,0.5959,0.7468,964,1313,466,823,174.7324
12,54.0734,4,1584.4486,588.3199,15468.0,643.0,197.9459,0.9167,2.4311,491.0,36.9299,0.5307,0.6934,1313,1657,466,823,174.7324
12,54.474,1,350.4538,547.2194,15920.0,1152.0,187.1709,0.9749,1.8814,461.0,45.0851,0.5415,0.7025,280,624,466,823,174.7324
12,54.474,2,729.7573,522.6708,12511.0,1022.0,193.1706,0.5714,2.6487,445.0,29.7039,0.7147,0.8336,624,964,466,823,174.7324
12,54.474,3,1059.4004,542.7115,11707.0,384.0,166.0449,0.6449,2.3145,457.0,33.9761,0.5476,0.7077,964,1313,466,823,174.7324
12,54.474,4,1569.5489,588.3176,17743.0,286.0,198.9976,0.9152,2.1361,488.0,41.0972,0.5632,0.7206,1313,1657,466,823,174.7324
12,54.8745,1,358.4678,559.0443,17322.0,1034.0,202.0743,0.9036,2.088,462.0,29.026,0.6654,0.7991,280,624,466,823,174.7324
12,54.8745,2,724.0916,523.6113,12731.0,1289.0,187.1022,0.6354,2.4742,443.0,29.2867,0.6963,0.8209,624,964,466,823,174.7324
12,54.8745,3,1050.29,539.3687,10811.0,359.0,148.4501,0.6957,2.0062,458.0,26.7587,0.5842,0.7375,964,1313,466,823,174.7324
12,54.8745,4,1564.3846,591.6538,22189.0,548.0,234.722,0.9564,2.0234,448.0,35.6839,0.6124,0.7596,1313,1657,466,823,174.7324
12,55.2751,1,370.8653,530.8082,14718.0,2008.0,221.1325,0.868,2.3612,418.0,40.9921,0.4765,0.6454,280,624,466,823,174.7324
12,55.2751,2,722.1035,528.1354,12576.0,922.0,181.0925,0.6346,2.4092,448.0,31.4132,0.6365,0.7779,624,964,466,823,174.7324
12,55.2751,3,1043.5324,540.9077,9683.0,358.0,134.2445,0.855,1.8471,456.0,28.358,0.5399,0.7012,964,1313,466,823,174.7324
12,55.2751,4,1564.8588,590.5825,19549.0,380.0,211.3525,0.8818,2.1651,488.0,27.1742,0.6898,0.8164,1313,1657,466,823,174.7324
12,55.6756,1,359.9577,513.3911,13274.0,3094.0,199.2101,0.9513,2.0818,394.0,30.7979,0.6213,0.7664,280,624,466,823,174.7324
12,55.6756,2,722.5399,534.2329,12518.0,1087.0,179.785,0.7033,2.4039,444.0,26.4444,0.6549,0.7915,624,964,466,823,174.7324
12,55.6756,3,1050.7621,540.4956,8775.0,75.0,127.1483,0.8343,1.8287,462.0,29.1308,0.5065,0.6724,964,1313,466,823,174.7324
12,55.6756,4,1565.0948,588.5527,20771.0,941.0,233.6252,0.9892,2.0791,437.0,26.5294,0.6962,0.8209,1313,1657,466,823,174.7324
12,56.0762,1,354.5994,576.9608,15043.0,181.0,221.7671,0.8658,2.8261,461.0,61.4057,0.1962,0.3281,280,624,466,823,174.7324
12,56.0762,2,719.1686,529.883,12560.0,1269.0,180.4038,0.6992,2.3753,441.0,20.1783,0.7325,0.8456,624,964,466,823,174.7324
12,56.0762,3,1056.6352,517.5338,7300.0,61.0,111.8258,0.9014,1.4096,463.0,32.212,0.4969,0.6639,964,1313,466,823,174.7324
12,56.0762,4,1575.8764,586.0745,16874.0,109.0,191.0468,0.9386,2.0089,491.0,39.7566,0.5248,0.6884,1313,1657,466,823,174.7324
12,56.4767,1,334.098,549.2027,15297.0,1356.0,178.0725,0.9167,1.9867,463.0,35.9624,0.5305,0.6933,280,624,466,823,174.7324
12,56.4767,2,720.9162,539.2489,12967.0,1170.0,184.5933,0.7718,2.331,443.0,26.4456,0.6906,0.817,624,964,466,823,174.7324
12,56.4767,3,1076.9097,533.9178,8606.0,526.0,121.7835,0.9694,1.6125,451.0,36.2748,0.4299,0.6013,964,1313,466,823,174.7324
12,56.4767,4,1557.7102,589.0223,17737.0,0.0,194.16,0.9399,1.8519,486.0,48.7869,0.4136,0.5852,1313,1657,466,823,174.7324
12,56.8773,1,347.3933,536.3209,14978.0,1508.0,190.0574,0.9536,1.7257,428.0,43.7723,0.4534,0.6239,280,624,466,823,174.7324
12,56.8773,2,711.5501,537.2854,12062.0,1122.0,172.4508,0.8183,2.2674,446.0,29.4095,0.6072,0.7556,624,964,466,823,174.7324
12,56.8773,3,1090.309,518.6705,8620.0,190.0,133.6512,0.7936,1.6975,462.0,32.6089,0.5575,0.7159,964,1313,466,823,174.7324
12,56.8773,4,1516.588,583.8201,19054.0,129.0,212.5662,0.8431,2.1101,459.0,64.4887,0.305,0.4675,1313,1657,466,823,174.7324
12,57.2778,1,373.0512,531.2343,13956.0,697.0,243.6525,0.522,3.575,450.0,54.3396,0.2936,0.4539,280,624,466,823,174.7324
12,57.2778,2,712.4304,539.1351,12341.0,1252.0,171.2076,0.8322,2.2748,444.0,16.7774,0.8258,0.9046,624,964,466,823,174.7324
12,57.2778,3,1096.3734,524.589,11896.0,845.0,177.994,0.6388,2.3297,451.0,36.391,0.5951,0.7461,964,1313,466,823,174.7324
12,57.2778,4,1484.2461,586.147,20012.0,291.0,252.0419,0.7922,2.5937,455.0,50.5422,0.3253,0.4909,1313,1657,466,823,174.7324
12,57.6783,1,453.3861,509.4841,14013.0,1336.0,229.5683,0.4212,2.897,438.0,60.7741,0.268,0.4228,280,624,466,823,174.7324
12,57.6783,2,710.3575,539.192,12194.0,1285.0,172.5685,0.8247,2.3586,439.0,19.3869,0.743,0.8526,624,964,466,823,174.7324
12,57.6783,3,1082.3328,533.6466,12583.0,833.0,192.7807,0.6772,2.6678,451.0,46.2394,0.465,0.6348,964,1313,466,823,174.7324
12,57.6783,4,1451.0152,589.0089,18582.0,77.0,245.2241,0.8181,2.6319,461.0,52.077,0.3528,0.5215,1313,1657,466,823,174.7324
12,58.0789,1,480.4893,516.5303,11705.0,780.0,188.896,0.414,2.7069,450.0,53.0968,0.346,0.5141,280,624,466,823,174.7324
12,58.0789,2,704.8435,534.6718,11769.0,1291.0,180.3133,0.8527,2.5016,437.0,22.7233,0.7098,0.8303,624,964,466,823,174.7324
12,58.0789,3,1059.7237,534.4048,11519.0,445.0,174.8069,0.6872,2.4176,456.0,49.8153,0.4439,0.6149,964,1313,466,823,174.7324
12,58.0789,4,1418.8708,586.0439,19831.0,478.0,229.7749,0.9728,2.0042,445.0,45.2853,0.3872,0.5582,1313,1657,466,823,174.7324
12,58.4794,1,499.5438,510.5718,7051.0,469.0,100.2848,0.3638,1.6177,458.0,37.5035,0.4872,0.6552,280,624,466,823,174.7324
12,58.4794,2,703.2473,541.4596,11853.0,1194.0,170.5499,0.8859,2.2646,442.0,24.023,0.6666,0.7999,624,964,466,823,174.7324
12,58.4794,3,1047.1119,535.7576,10914.0,275.0,166.4148,0.7346,2.2885,460.0,36.2479,0.5651,0.7222,964,1313,466,823,174.7324
12,58.4794,4,1420.8696,607.1478,15895.0,0.0,250.4373,0.8726,3.3317,475.0,36.3721,0.5051,0.6712,1313,1657,466,823,174.7324
12,58.88,1,508.4288,512.0824,8710.0,1502.0,152.9567,0.8822,2.8947,426.0,41.2452,0.3005,0.4622,280,624,466,823,174.7324
12,58.88,2,702.6693,541.0656,11996.0,1277.0,185.184,0.8801,2.6583,443.0,23.4175,0.733,0.8459,624,964,466,823,174.7324
12,58.88,3,1043.9936,534.8529,11405.0,1682.0,191.8841,0.9015,3.0112,428.0,41.4757,0.4746,0.6437,964,1313,466,823,174.7324
12,58.88,4,1422.5484,580.2181,13396.0,552.0,234.3299,0.8112,3.3352,448.0,38.3597,0.4222,0.5938,1313,1657,466,823,174.7324
12,59.2805,1,510.3065,530.6183,9925.0,1122.0,184.0741,0.7983,3.2763,433.0,38.3982,0.4417,0.6127,280,624,466,823,174.7324
12,59.2805,2,714.4735,530.8191,11456.0,998.0,169.254,0.8344,2.1694,445.0,42.2793,0.5146,0.6795,624,964,466,823,174.7324
12,59.2805,3,1046.8443,563.7606,12149.0,1223.0,225.3252,0.9386,3.4741,426.0,41.6387,0.4323,0.6036,964,1313,466,823,174.7324
12,59.2805,4,1406.6537,585.2808,13149.0,918.0,204.5413,0.8686,3.532,486.0,43.3609,0.3124,0.4761,1313,1657,466,823,174.7324
12,59.6811,1,508.1766,525.9084,10875.0,1018.0,198.092,0.7258,2.802,437.0,35.8537,0.5436,0.7043,280,624,466,823,174.7324
12,59.6811,2,716.2973,514.3393,11322.0,1406.0,151.1999,0.729,1.6723,436.0,37.8943,0.5767,0.7315,624,964,466,823,174.7324
12,59.6811,3,1040.5198,586.1407,13524.0,688.0,203.6258,0.9899,2.8445,471.0,40.4263,0.3853,0.5562,964,1313,466,823,174.7324
12,59.6811,4,1410.0412,633.04,12218.0,0.0,259.1825,0.916,4.8216,493.0,38.7595,0.3909,0.5621,1313,1657,466,823,174.7324
12,60.0816,1,507.8811,519.8764,7837.0,807.0,117.8856,0.7958,1.6263,441.0,48.9874,0.4082,0.5797,280,624,466,823,174.7324
12,60.0816,2,723.4852,531.2696,13719.0,1503.0,203.5333,0.7187,2.3854,427.0,41.6268,0.5572,0.7156,624,964,466,823,174.7324
12,60.0816,3,1038.3021,566.7939,14164.0,1416.0,219.4213,0.9974,2.9416,424.0,33.1034,0.5184,0.6828,964,1313,466,823,174.7324
12,60.0816,4,1399.0404,571.3463,10319.0,189.0,226.3714,0.9094,4.0519,460.0,46.6792,0.2978,0.459,1313,1657,466,823,174.7324
12,60.4822,1,509.9607,498.0179,7322.0,496.0,132.8433,0.1253,2.1012,457.0,42.8573,0.4658,0.6355,280,624,466,823,174.7324
12,60.4822,2,721.8493,548.7567,14880.0,1260.0,214.6339,0.8183,2.5932,437.0,44.1457,0.5375,0.6992,624,964,466,823,174.7324
12,60.4822,3,1040.2165,560.7926,13343.0,1231.0,216.0181,1.0,2.9696,428.0,23.0037,0.6387,0.7795,964,1313,466,823,174.7324
12,60.4822,4,1406.6244,553.9924,12140.0,1958.0,245.7147,0.977,4.6627,413.0,36.2967,0.4291,0.6005,1313,1657,466,823,174.7324
12,60.8827,1,457.001,489.1416,11915.0,805.0,255.3771,0.0925,4.3119,451.0,40.7176,0.3667,0.5367,280,624,466,823,174.7324
12,60.8827,2,712.4045,542.7765,15899.0,2459.0,207.6139,0.9289,2.2825,409.0,39.4886,0.5688,0.7251,624,964,466,823,174.7324
12,60.8827,3,1045.8177,544.5206,12133.0,1227.0,200.7255,0.9921,2.9378,428.0,31.7911,0.5133,0.6784,964,1313,466,823,174.7324
12,60.8827,4,1426.7114,617.375,11790.0,0.0,201.3686,0.9509,3.3473,488.0,37.8937,0.3535,0.5224,1313,1657,466,823,174.7324
12,61.2832,1,384.0739,489.4696,12271.0,1459.0,221.391,0.1539,3.1252,435.0,48.2714,0.3877,0.5588,280,624,466,823,174.7324
12,61.2832,2,696.506,547.7841,14477.0,2324.0,171.8048,0.8946,2.2118,459.0,41.1307,0.4888,0.6566,624,964,466,823,174.7324
12,61.2832,3,1055.2558,547.2158,14010.0,1993.0,228.6249,0.9575,3.1467,414.0,40.3517,0.4277,0.5992,964,1313,466,823,174.7324
12,61.2832,4,1421.9905,561.515,12184.0,757.0,211.2813,0.9904,3.0609,441.0,38.7609,0.3544,0.5233,1313,1657,466,823,174.7324
12,61.6838,1,352.5089,493.5718,9931.0,1903.0,144.7175,0.7002,1.7712,416.0,46.5557,0.3776,0.5482,280,624,466,823,174.7324
12,61.6838,2,681.9774,586.4803,15628.0,293.0,218.5791,0.99,2.7305,462.0,44.0296,0.3903,0.5615,624,964,466,823,174.7324
12,61.6838,3,1052.9801,567.5043,13588.0,675.0,241.2103,0.9869,3.4964,445.0,36.7187,0.5414,0.7024,964,1313,466,823,174.7324
12,61.6838,4,1431.1826,556.6269,13979.0,1036.0,228.8873,0.9687,2.8953,436.0,32.7827,0.5895,0.7417,1313,1657,466,823,174.7324
12,62.0843,1,355.644,521.9636,12347.0,1750.0,180.7667,0.9009,2.4583,419.0,43.6113,0.3736,0.5439,280,624,466,823,174.7324
12,62.0843,2,698.7298,534.3693,15265.0,2191.0,201.3369,0.997,1.9494,410.0,56.6674,0.331,0.4973,624,964,466,823,174.7324
12,62.0843,3,1045.62,544.6119,13701.0,1819.0,218.3622,0.905,3.1906,426.0,35.8542,0.5712,0.7271,964,1313,466,823,174.7324
12,62.0843,4,1454.5677,617.7128,14740.0,0.0,232.5299,0.9772,2.8345,485.0,43.253,0.4088,0.5804,1313,1657,466,823,174.7324
12,62.4849,1,338.9874,533.0049,11485.0,1773.0,164.2684,0.8146,2.362,462.0,36.0347,0.5015,0.668,280,624,466,823,174.7324
12,62.4849,2,714.4588,531.9771,16927.0,2269.0,189.8656,0.9779,1.6908,405.0,49.8677,0.4822,0.6507,624,964,466,823,174.7324
12,62.4849,3,1028.6104,554.3154,12309.0,1821.0,244.428,0.9665,3.7966,410.0,56.2919,0.314,0.4779,964,1313,466,823,174.7324
12,62.4849,4,1466.997,601.2413,14349.0,0.0,211.868,0.9926,2.4328,482.0,43.7028,0.4368,0.608,1313,1657,466,823,174.7324
12,62.8854,1,337.3487,528.5847,11100.0,1884.0,194.2764,0.9358,2.6402,418.0,29.3264,0.667,0.8003,280,624,466,823,174.7324
12,62.8854,2,733.4504,571.6621,19601.0,416.0,219.6789,0.9489,2.0968,462.0,42.3643,0.4672,0.6368,624,964,466,823,174.7324
12,62.8854,3,1011.7848,580.5949,11965.0,563.0,240.5476,0.995,3.9915,446.0,45.6362,0.3669,0.5369,964,1313,466,823,174.7324
12,62.8854,4,1485.444,550.8769,15048.0,1626.0,223.669,0.9784,2.7981,419.0,48.8862,0.3587,0.528,1313,1657,466,823,174.7324
12,63.286,1,332.2154,521.1728,9080.0,1042.0,126.0518,0.9057,1.7054,462.0,42.9587,0.4472,0.618,280,624,466,823,174.7324
12,63.286,2,747.4427,547.2678,17262.0,1570.0,205.5203,0.8981,1.8704,422.0,52.4494,0.3369,0.504,624,964,466,823,174.7324
12,63.286,3,1012.291,544.8011,11774.0,1613.0,209.1977,0.9856,2.8824,426.0,38.8692,0.5434,0.7042,964,1313,466,823,174.7324
12,63.286,4,1502.4377,606.324,16260.0,0.0,221.121,0.9524,2.535,476.0,39.2699,0.468,0.6376,1313,1657,466,823,174.7324
12,63.6865,1,341.2597,510.4219,9062.0,973.0,119.8263,0.8086,1.2911,443.0,41.5125,0.5414,0.7025,280,624,466,823,174.7324
12,63.6865,2,760.9522,548.7987,16396.0,1072.0,193.4565,0.9082,1.8848,448.0,35.755,0.5931,0.7446,624,964,466,823,174.7324
12,63.6865,3,1008.2303,555.5391,12480.0,1204.0,159.6829,0.9782,2.0613,469.0,36.0656,0.586,0.7389,964,1313,466,823,174.7324
12,63.6865,4,1501.1914,583.7501,14829.0,0.0,229.8384,0.9118,2.7827,477.0,32.1766,0.6102,0.758,1313,1657,466,823,174.7324
12,64.0871,1,360.1625,517.5256,12128.0,777.0,182.5654,0.4564,2.3116,449.0,50.5052,0.4338,0.6051,280,624,466,823,174.7324
12,64.0871,2,758.5908,546.9091,16096.0,1887.0,238.6514,0.6987,3.3313,434.0,42.3306,0.4312,0.6026,624,964,466,823,174.7324
12,64.0871,3,1012.7847,581.2579,11153.0,255.0,175.5036,0.9707,2.5008,477.0,41.1213,0.5117,0.677,964,1313,466,823,174.7324
12,64.0871,4,1487.9183,562.9502,15355.0,0.0,235.4773,0.6209,3.182,469.0,44.6881,0.4213,0.5928,1313,1657,466,823,174.7324
12,64.4876,1,380.8899,512.8267,12273.0,1289.0,187.161,0.5255,2.4859,446.0,41.2526,0.5253,0.6888,280,624,466,823,174.7324
12,64.4876,2,819.8242,514.4102,15821.0,2623.0,225.3444,0.6647,2.7271,410.0,57.7559,0.2902,0.4499,624,964,466,823,174.7324
12,64.4876,3,1017.3172,536.0131,9441.0,1555.0,172.5563,0.9666,3.2375,474.0,35.1698,0.4228,0.5943,964,1313,466,823,174.7324
12,64.4876,4,1453.0201,552.5477,14799.0,0.0,232.671,0.5155,3.1111,473.0,51.9032,0.3818,0.5526,1313,1657,466,823,174.7324
12,64.8881,1,380.0206,511.0251,11554.0,1055.0,162.4927,0.281,2.2889,450.0,35.9814,0.535,0.6971,280,624,466,823,174.7324
12,64.8881,2,861.4647,550.8443,15875.0,1421.0,193.8202,0.786,1.8458,467.0,68.9627,0.103,0.1868,624,964,466,823,174.7324
12,64.8881,3,1007.6868,532.9039,8660.0,1370.0,150.5071,0.9996,2.7178,472.0,28.3397,0.5392,0.7006,964,1313,466,823,174.7324
12,64.8881,4,1430.4622,559.2826,12724.0,0.0,212.2552,0.6408,3.1131,471.0,51.7836,0.4204,0.5919,1313,1657,466,823,174.7324
12,65.2887,1,366.1299,509.1081,8129.0,960.0,118.2303,0.3619,1.8253,454.0,35.3779,0.4275,0.599,280,624,466,823,174.7324
12,65.2887,2,871.5055,577.1297,17843.0,682.0,213.9864,0.9534,2.3874,465.0,49.9379,0.414,0.5856,624,964,466,823,174.7324
12,65.2887,3,1017.489,539.763,10912.0,1359.0,213.3473,0.9941,3.3265,429.0,30.7493,0.5383,0.6999,964,1313,466,823,174.7324
12,65.2887,4,1412.1577,564.1665,10776.0,0.0,169.6278,0.6612,2.6614,486.0,49.7565,0.3923,0.5635,1313,1657,466,823,174.7324
12,65.6892,1,349.8934,496.5296,8083.0,2338.0,133.4124,0.9972,2.1612,405.0,37.5655,0.3451,0.5131,280,624,466,823,174.7324
12,65.6892,2,870.53,538.7788,13961.0,1039.0,185.5487,0.9927,1.8862,436.0,58.0335,0.3884,0.5595,624,964,466,823,174.7324
12,65.6892,3,1044.8867,532.7264,11527.0,1423.0,216.3282,0.9736,3.0798,425.0,43.2178,0.2983,0.4596,964,1313,466,823,174.7324
12,65.6892,4,1399.5339,549.4005,12023.0,0.0,182.1218,0.7321,2.206,470.0,31.3497,0.6369,0.7782,1313,1657,466,823,174.7324
12,66.0898,1,340.8071,512.6517,10188.0,2296.0,187.0702,0.9967,2.8181,407.0,37.0039,0.3743,0.5447,280,624,466,823,174.7324
12,66.0898,2,822.8821,510.3189,13692.0,1157.0,181.8009,0.4418,1.9907,440.0,66.3103,0.2614,0.4145,624,964,466,823,174.7324
12,66.0898,3,1084.2529,543.9973,12563.0,1559.0,226.9577,0.9529,3.3629,426.0,57.9128,0.1578,0.2726,964,1313,466,823,174.7324
12,66.0898,4,1414.6446,572.947,15519.0,0.0,228.5942,0.7504,2.6825,466.0,33.8893,0.6246,0.7689,1313,1657,466,823,174.7324
12,66.4903,1,343.7769,514.689,10344.0,2110.0,187.1734,0.9884,2.6064,414.0,33.4116,0.5808,0.7349,280,624,466,823,174.7324
12,66.4903,2,755.4357,516.5988,16576.0,1585.0,253.0881,0.4582,2.8269,428.0,69.2037,0.1819,0.3078,624,964,466,823,174.7324
12,66.4903,3,1118.2488,553.4273,14453.0,1660.0,234.4253,0.9989,3.2328,417.0,57.2664,0.2495,0.3993,964,1313,466,823,174.7324
12,66.4903,4,1422.484,588.2724,16874.0,0.0,228.8732,0.7922,2.6822,489.0,30.1709,0.643,0.7827,1313,1657,466,823,174.7324
12,66.8909,1,353.5167,524.5969,12259.0,2220.0,211.7823,0.9428,2.9902,409.0,29.1718,0.6658,0.7994,280,624,466,823,174.7324
12,66.8909,2,724.8415,557.2085,18919.0,1049.0,219.7527,0.8064,2.3466,464.0,63.8737,0.2246,0.3668,624,964,466,823,174.7324
12,66.8909,3,1130.8232,564.6095,14972.0,1085.0,253.4437,0.9999,3.3852,433.0,38.0406,0.5571,0.7156,964,1313,466,823,174.7324
12,66.8909,4,1418.7599,590.5199,17828.0,0.0,188.3981,0.9524,1.7938,483.0,37.5606,0.5052,0.6713,1313,1657,466,823,174.7324
12,67.2914,1,363.3191,533.9771,12443.0,1100.0,211.7381,0.7488,2.985,437.0,47.8989,0.4805,0.6491,280,624,466,823,174.7324
12,67.2914,2,721.3036,567.6993,16648.0,447.0,217.8479,0.8258,2.5312,455.0,34.1969,0.5763,0.7312,624,964,466,823,174.7324
12,67.2914,3,1131.8866,557.1987,13620.0,895.0,227.7552,0.9595,3.0619,444.0,30.4965,0.6168,0.763,964,1313,466,823,174.7324
12,67.2914,4,1427.2654,578.5703,16745.0,0.0,173.9865,0.9338,1.5928,480.0,35.3052,0.5846,0.7379,1313,1657,466,823,174.7324
12,67.6919,1,352.8918,515.4805,10627.0,1197.0,158.3737,0.6795,2.0618,438.0,40.203,0.5975,0.7481,280,624,466,823,174.7324
12,67.6919,2,729.2625,546.3482,17523.0,2111.0,205.2595,0.9603,2.0724,423.0,45.0447,0.4402,0.6113,624,964,466,823,174.7324
12,67.6919,3,1108.0639,541.9149,13465.0,1494.0,234.2996,0.814,3.4153,435.0,54.6907,0.3378,0.505,964,1313,466,823,174.7324
12,67.6919,4,1448.759,572.3248,16640.0,0.0,206.9373,0.7368,2.3843,478.0,40.4306,0.4662,0.636,1313,1657,466,823,174.7324
12,68.0925,1,337.4255,520.0075,9941.0,1148.0,148.1446,0.709,2.0913,458.0,54.1592,0.4716,0.6409,280,624,466,823,174.7324
12,68.0925,2,738.1745,544.9963,15331.0,726.0,219.2104,0.7343,2.5824,446.0,44.322,0.4335,0.6048,624,964,466,823,174.7324
12,68.0925,3,1070.6526,547.9946,14655.0,1978.0,240.1267,0.936,3.4416,415.0,64.8324,0.1995,0.3326,964,1313,466,823,174.7324
12,68.0925,4,1444.0775,566.4504,15996.0,0.0,244.9277,0.4936,3.1538,476.0,34.7416,0.4753,0.6443,1313,1657,466,823,174.7324
12,68.493,1,341.6012,541.4615,12095.0,1538.0,160.061,0.8008,2.2666,463.0,36.8595,0.5557,0.7144,280,624,466,823,174.7324
12,68.493,2,749.7205,554.6651,16586.0,632.0,214.8531,0.7537,2.4855,449.0,25.5424,0.7039,0.8262,624,964,466,823,174.7324
12,68.493,3,1043.344,575.2319,13042.0,266.0,231.989,0.9472,3.6096,457.0,57.1089,0.2658,0.42,964,1313,466,823,174.7324
12,68.493,4,1439.7863,570.2021,14836.0,0.0,218.1733,0.5731,2.9705,475.0,36.5536,0.4948,0.662,1313,1657,466,823,174.7324
12,68.8936,1,349.6517,542.8663,12386.0,1428.0,194.0062,0.8178,2.517,426.0,38.1247,0.5478,0.7078,280,624,466,823,174.7324
12,68.8936,2,754.1553,548.749,15310.0,946.0,234.1272,0.6777,3.1944,449.0,34.6368,0.5722,0.7279,624,964,466,823,174.7324
12,68.8936,3,1039.3643,566.7069,11764.0,727.0,216.0327,0.8777,3.6942,443.0,37.3933,0.5663,0.7231,964,1313,466,823,174.7324
12,68.8936,4,1427.7643,582.7095,13764.0,0.0,203.3883,0.6623,2.8281,479.0,36.7297,0.4423,0.6134,1313,1657,466,823,174.7324
12,69.2941,1,347.4203,533.0361,11481.0,1691.0,178.8115,0.7122,2.8346,456.0,27.4179,0.6233,0.7679,280,624,466,823,174.7324
12,69.2941,2,738.0727,529.7266,14201.0,1252.0,198.3694,0.5806,2.5987,445.0,31.0822,0.5854,0.7385,624,964,466,823,174.7324
12,69.2941,3,1020.1741,538.1779,11336.0,2295.0,227.2351,0.9628,3.4535,408.0,43.2516,0.5085,0.6742,964,1313,466,823,174.7324
12,69.2941,4,1419.075,582.8184,11673.0,0.0,202.3315,0.669,3.2347,482.0,26.1963,0.5908,0.7428,1313,1657,466,823,174.7324
12,69.6947,1,347.0833,549.6166,11986.0,1320.0,213.1723,0.8695,2.9965,429.0,33.9331,0.5336,0.6959,280,624,466,823,174.7324
12,69.6947,2,728.5473,546.3708,14834.0,1022.0,171.715,0.7092,1.9373,447.0,39.7132,0.4055,0.577,624,964,466,823,174.7324
12,69.6947,3,1012.0332,591.9766,11106.0,99.0,215.0937,0.9728,3.6573,461.0,51.7991,0.2592,0.4117,964,1313,466,823,174.7324
12,69.6947,4,1409.2161,555.312,11375.0,0.0,197.6698,0.5778,2.7406,478.0,31.6258,0.58,0.7342,1313,1657,466,823,174.7324
12,70.0952,1,343.9286,546.697,11880.0,878.0,213.3404,0.8517,2.9799,440.0,29.1168,0.6774,0.8077,280,624,466,823,174.7324
12,70.0952,2,716.7985,545.3814,12904.0,928.0,194.9719,0.7497,2.6572,447.0,33.4094,0.5419,0.7029,624,964,466,823,174.7324
12,70.0952,3,1007.3739,572.3984,10367.0,348.0,177.9517,0.9345,3.1406,474.0,33.6044,0.5472,0.7073,964,1313,466,823,174.7324
12,70.0952,4,1418.376,563.9437,12549.0,6.0,214.8022,0.6487,3.0621,466.0,29.0645,0.6479,0.7863,1313,1657,466,823,174.7324
12,70.4958,1,350.6125,549.0017,12512.0,759.0,186.2597,0.8281,2.4801,447.0,39.4021,0.5998,0.7498,280,624,466,823,174.7324
12,70.4958,2,718.2458,543.6398,12913.0,1089.0,196.7111,0.7767,2.6479,444.0,20.385,0.7238,0.8398,624,964,466,823,174.7324
12,70.4958,3,1007.3594,539.3172,10450.0,422.0,147.5879,0.9994,1.7229,450.0,44.7617,0.4145,0.5861,964,1313,466,823,174.7324
12,70.4958,4,1422.4978,592.8359,12922.0,0.0,225.9991,0.7302,3.2655,486.0,37.9395,0.5241,0.6878,1313,1657,466,823,174.7324
12,70.8963,1,347.1719,522.1187,9579.0,704.0,147.7097,0.7488,1.992,447.0,43.7977,0.5451,0.7056,280,624,466,823,174.7324
12,70.8963,2,713.2744,537.4227,12625.0,987.0,185.6447,0.7266,2.4706,447.0,22.3542,0.7415,0.8516,624,964,466,823,174.7324
12,70.8963,3,1022.1229,537.5451,11387.0,1780.0,200.0677,0.9694,2.8829,416.0,41.3958,0.4423,0.6134,964,1313,466,823,174.7324
12,70.8963,4,1413.5077,566.652,11863.0,0.0,184.0544,0.4187,2.5124,503.0,44.5537,0.4482,0.619,1313,1657,466,823,174.7324
12,71.2968,1,339.9589,487.5337,5617.0,684.0,113.0029,0.2719,1.8679,454.0,45.8915,0.3247,0.4903,280,624,466,823,174.7324
12,71.2968,2,709.3843,535.3055,13103.0,1076.0,179.1256,0.7706,2.21,445.0,22.0845,0.7664,0.8678,624,964,466,823,174.7324
12,71.2968,3,1023.5081,584.478,12290.0,0.0,199.0755,0.9248,2.88,472.0,46.1752,0.4175,0.5891,964,1313,466,823,174.7324
12,71.2968,4,1427.4671,540.4305,9203.0,59.0,138.4171,0.6201,2.0921,465.0,37.655,0.3728,0.5432,1313,1657,466,823,174.7324
12,71.6974,1,363.2056,495.722,9141.0,911.0,160.5558,0.3134,2.2457,452.0,46.34,0.4664,0.6361,280,624,466,823,174.7324
12,71.6974,2,709.8761,541.0479,12822.0,882.0,184.6289,0.7679,2.4001,448.0,25.091,0.7167,0.8349,624,964,466,823,174.7324
12,71.6974,3,1030.722,564.2751,12022.0,1234.0,220.2703,0.9289,3.4417,427.0,36.5396,0.4588,0.629,964,1313,466,823,174.7324
12,71.6974,4,1410.5306,553.3139,8513.0,307.0,158.9811,0.9885,3.2502,454.0,35.9886,0.2647,0.4186,1313,1657,466,823,174.7324
12,72.0979,1,392.0693,500.566,10047.0,994.0,164.0294,0.4257,2.219,449.0,47.7646,0.4591,0.6292,280,624,466,823,174.7324
12,72.0979,2,708.8238,552.7606,13189.0,898.0,192.2154,0.8002,2.5293,445.0,28.6476,0.6577,0.7935,624,964,466,823,174.7324
12,72.0979,3,1015.0592,565.218,11500.0,676.0,177.5234,0.9507,2.7883,472.0,39.4992,0.4239,0.5954,964,1313,466,823,174.7324
12,72.0979,4,1411.7413,574.8577,10868.0,0.0,195.2239,0.9984,3.5358,473.0,34.9875,0.3237,0.4891,1313,1657,466,823,174.7324
12,72.4985,1,412.0061,511.3495,10010.0,484.0,152.716,0.5134,1.9602,456.0,47.2117,0.5066,0.6725,280,624,466,823,174.7324
12,72.4985,2,704.897,554.2222,14480.0,1346.0,187.1784,0.8114,2.5217,463.0,29.4178,0.6657,0.7993,624,964,466,823,174.7324
12,72.4985,3,1018.7651,576.466,10772.0,0.0,183.0349,0.8739,2.7729,476.0,40.1609,0.4892,0.657,964,1313,466,823,174.7324
12,72.4985,4,1407.7533,587.1074,12807.0,0.0,219.8051,0.9984,2.8652,467.0,35.9185,0.46,0.6301,1313,1657,466,823,174.7324
12,72.899,1,409.9043,507.5891,9545.0,1377.0,146.3993,0.7616,2.0326,431.0,36.1542,0.5687,0.725,280,624,466,823,174.7324
12,72.899,2,697.3678,564.1155,15140.0,1318.0,190.5879,0.8906,2.3685,464.0,36.5919,0.5857,0.7387,624,964,466,823,174.7324
12,72.899,3,1036.1809,555.9664,10255.0,854.0,178.7862,0.9069,2.9877,441.0,47.0582,0.319,0.4837,964,1313,466,823,174.7324
12,72.899,4,1421.0085,596.0142,13056.0,0.0,247.4079,0.9236,3.5562,480.0,40.8847,0.4531,0.6236,1313,1657,466,823,174.7324
12,73.2996,1,416.4336,512.6278,10673.0,599.0,186.1075,0.4787,2.7431,453.0,44.0291,0.4983,0.6651,280,624,466,823,174.7324
12,73.2996,2,702.0294,570.5481,15162.0,1108.0,196.11,0.8828,2.4298,464.0,22.2348,0.7648,0.8667,624,964,466,823,174.7324
12,73.2996,3,1028.4566,536.5532,10157.0,932.0,195.0256,0.9213,2.9885,443.0,25.8709,0.614,0.7608,964,1313,466,823,174.7324
12,73.2996,4,1419.5056,576.0671,11726.0,0.0,217.6558,0.8011,3.2134,478.0,37.0855,0.537,0.6987,1313,1657,466,823,174.7324
12,73.7001,1,426.1005,505.8411,11517.0,1463.0,200.7424,0.4483,2.9286,446.0,34.3269,0.6384,0.7793,280,624,466,823,174.7324
12,73.7001,2,697.541,554.5945,15544.0,1463.0,182.1143,0.8877,2.0942,464.0,34.7113,0.5489,0.7087,624,964,466,823,174.7324
12,73.7001,3,1032.994,567.8724,11759.0,143.0,197.6463,0.926,2.868,461.0,30.6335,0.581,0.735,964,1313,466,823,174.7324
12,73.7001,4,1408.091,552.8239,11082.0,0.0,180.971,0.7151,2.48,471.0,36.8965,0.546,0.7063,1313,1657,466,823,174.7324
12,74.1007,1,477.5224,504.6699,11619.0,863.0,186.8506,0.3417,2.6627,448.0,65.1224,0.2906,0.4503,280,624,466,823,174.7324
12,74.1007,2,696.1975,550.7035,15540.0,1293.0,171.4388,0.894,1.8477,463.0,28.3876,0.6641,0.7982,624,964,466,823,174.7324
12,74.1007,3,1028.8255,565.8363,9792.0,37.0,183.6575,0.8896,3.0502,464.0,33.4128,0.5972,0.7478,964,1313,466,823,174.7324
12,74.1007,4,1397.8373,553.1753,11434.0,0.0,161.4747,0.8101,2.0009,476.0,37.9553,0.5471,0.7072,1313,1657,466,823,174.7324
12,74.5012,1,500.3471,530.6561,10089.0,599.0,166.0125,0.6489,2.5576,446.0,63.9035,0.2611,0.414,280,624,466,823,174.7324
12,74.5012,2,711.0763,570.2395,16143.0,380.0,214.1323,0.8501,2.4772,454.0,40.156,0.5013,0.6678,624,964,466,823,174.7324
12,74.5012,3,1013.9787,544.7872,9717.0,378.0,151.7166,0.9439,2.1437,455.0,37.6783,0.5089,0.6746,964,1313,466,823,174.7324
12,74.5012,4,1394.088,573.5661,9188.0,0.0,178.2619,0.8375,3.131,485.0,41.8702,0.4769,0.6458,1313,1657,466,823,174.7324
12,74.9017,1,513.2124,517.8016,9416.0,997.0,172.8952,0.6991,2.6904,437.0,30.759,0.6096,0.7574,280,624,466,823,174.7324
12,74.9017,2,718.1551,544.7141,14954.0,1675.0,199.277,0.9034,2.2548,431.0,44.4692,0.4707,0.6401,624,964,466,823,174.7324
12,74.9017,3,1025.8282,536.8619,10148.0,60.0,156.5767,0.7756,2.0577,463.0,43.5073,0.4788,0.6476,964,1313,466,823,174.7324
12,74.9017,4,1391.4778,603.9279,8466.0,0.0,171.6277,0.9534,3.1273,484.0,28.5074,0.4443,0.6153,1313,1657,466,823,174.7324
12,75.3023,1,507.4454,524.4299,8482.0,894.0,145.0427,0.7467,2.4035,440.0,25.4551,0.7215,0.8382,280,624,466,823,174.7324
12,75.3023,2,724.9216,538.0382,15068.0,1541.0,206.1078,0.7911,2.3097,427.0,30.3899,0.5945,0.7457,624,964,466,823,174.7324
12,75.3023,3,1043.0114,541.2373,9862.0,182.0,153.9263,0.8335,2.2502,460.0,37.0504,0.5197,0.684,964,1313,466,823,174.7324
12,75.3023,4,1384.0693,539.0215,5732.0,0.0,131.8357,0.8466,2.3166,484.0,31.2932,0.3673,0.5373,1313,1657,466,823,174.7324
12,75.7028,1,532.3822,514.0525,8354.0,1965.0,119.453,0.8548,2.305,466.0,54.8908,0.2721,0.4278,280,624,466,823,174.7324
12,75.7028,2,725.5388,566.727,16430.0,1016.0,213.013,0.8333,2.6462,463.0,45.9732,0.4424,0.6134,624,964,466,823,174.7324
12,75.7028,3,1040.5237,544.4669,9462.0,49.0,138.9031,0.7599,1.8192,462.0,35.61,0.5405,0.7017,964,1313,466,823,174.7324
12,75.7028,4,1394.221,536.0256,7644.0,0.0,107.1769,0.0623,1.3403,489.0,45.1218,0.365,0.5348,1313,1657,466,823,174.7324
12,76.1034,1,530.6188,527.0368,10762.0,820.0,138.949,0.992,1.6035,462.0,47.611,0.3552,0.5242,280,624,466,823,174.7324
12,76.1034,2,709.799,556.8503,15655.0,1432.0,188.601,0.8545,2.1514,462.0,31.6842,0.573,0.7286,624,964,466,823,174.7324
12,76.1034,3,1017.0319,540.6607,9750.0,131.0,119.6269,0.8963,1.446,478.0,45.8279,0.3751,0.5456,964,1313,466,823,174.7324
12,76.1034,4,1427.2572,523.5014,11054.0,0.0,196.4688,0.0476,2.7612,489.0,53.0491,0.354,0.5229,1313,1657,466,823,174.7324
12,76.5039,1,489.0503,525.413,11852.0,734.0,192.7351,0.6567,2.5459,443.0,60.074,0.244,0.3923,280,624,466,823,174.7324
12,76.5039,2,702.0103,537.7184,15473.0,2939.0,214.8441,0.9763,2.3694,399.0,30.0701,0.5948,0.746,624,964,466,823,174.7324
12,76.5039,3,1021.0773,535.9993,11568.0,16.0,147.7252,0.6025,1.6814,466.0,40.1516,0.4656,0.6353,964,1313,466,823,174.7324
12,76.5039,4,1479.0405,532.3808,14416.0,219.0,215.9358,0.2693,2.3765,457.0,57.0127,0.3657,0.5355,1313,1657,466,823,174.7324
12,76.9045,1,434.2664,500.6544,14214.0,811.0,254.9855,0.1922,3.9543,452.0,54.4482,0.3632,0.5329,280,624,466,823,174.7324
12,76.9045,2,684.4389,560.6583,15554.0,1310.0,190.7605,0.9653,2.1719,460.0,42.5495,0.421,0.5925,624,964,466,823,174.7324
12,76.9045,3,1051.5698,521.0581,13080.0,997.0,184.4351,0.6155,1.9974,437.0,45.1856,0.4434,0.6144,964,1313,466,823,174.7324
12,76.9045,4,1465.7839,549.7618,12485.0,0.0,178.9941,0.4748,2.0107,480.0,49.3431,0.4866,0.6546,1313,1657,466,823,174.7324
12,77.305,1,379.2941,494.5323,11637.0,970.0,196.3879,0.1439,2.8325,451.0,43.97,0.455,0.6254,280,624,466,823,174.7324
12,77.305,2,688.9245,569.7395,15887.0,145.0,196.3819,0.9831,2.0605,462.0,38.0454,0.5493,0.7091,624,964,466,823,174.7324
12,77.305,3,1083.2222,558.6112,17378.0,903.0,229.9913,0.8621,2.2033,435.0,68.6028,0.2152,0.3542,964,1313,466,823,174.7324
12,77.305,4,1481.6356,559.0643,10912.0,0.0,151.758,0.9812,1.6072,483.0,51.459,0.3884,0.5595,1313,1657,466,823,174.7324
12,77.7055,1,375.5143,505.347,12042.0,1111.0,183.8571,0.3702,2.4713,442.0,39.7642,0.5224,0.6863,280,624,466,823,174.7324
12,77.7055,2,705.3996,564.6934,16847.0,734.0,196.2137,0.9839,1.9467,456.0,37.6915,0.5518,0.7112,624,964,466,823,174.7324
12,77.7055,3,1101.3669,587.3683,18784.0,90.0,219.6229,0.9446,2.282,463.0,49.517,0.4304,0.6018,964,1313,466,823,174.7324
12,77.7055,4,1484.1233,560.8765,11927.0,0.0,185.1493,0.8251,2.2439,478.0,37.0103,0.6438,0.7833,1313,1657,466,823,174.7324
12,78.1061,1,371.6587,510.0991,11461.0,672.0,166.748,0.3962,2.1888,448.0,21.5554,0.7603,0.8638,280,624,466,823,174.7324
12,78.1061,2,704.7431,536.7365,13156.0,1049.0,226.7539,0.7882,2.8906,446.0,38.1616,0.545,0.7055,624,964,466,823,174.7324
12,78.1061,3,1105.8568,562.9662,17209.0,1086.0,204.3243,0.9798,2.0681,432.0,47.0376,0.426,0.5975,964,1313,466,823,174.7324
12,78.1061,4,1489.9333,567.5068,12163.0,0.0,175.8782,0.8339,2.0551,487.0,19.7106,0.8038,0.8912,1313,1657,466,823,174.7324
12,78.5066,1,368.0043,501.0224,11043.0,1361.0,153.4859,0.4045,2.0181,434.0,30.5278,0.5931,0.7446,280,624,466,823,174.7324
12,78.5066,2,722.4094,508.057,14246.0,2053.0,219.4356,0.5689,2.6785,446.0,35.352,0.5256,0.689,624,964,466,823,174.7324
12,78.5066,3,1095.969,567.3303,16946.0,432.0,202.0872,0.9397,2.0209,447.0,44.2759,0.4638,0.6337,964,1313,466,823,174.7324
12,78.5066,4,1492.8301,548.1667,8562.0,0.0,131.703,0.4609,1.698,502.0,51.9503,0.3953,0.5667,1313,1657,466,823,174.7324
12,78.9072,1,368.3546,507.2928,12126.0,851.0,173.6619,0.3785,2.1204,444.0,32.4992,0.6025,0.752,280,624,466,823,174.7324
12,78.9072,2,755.5935,527.8833,14085.0,1486.0,195.3064,0.7746,2.4031,439.0,44.957,0.344,0.5119,624,964,466,823,174.7324
12,78.9072,3,1081.9203,553.7574,18148.0,1460.0,201.3302,0.9441,1.8807,424.0,46.8677,0.4082,0.5798,964,1313,466,823,174.7324
12,78.9072,4,1474.8042,542.7778,13015.0,1020.0,197.8372,0.9014,2.1804,432.0,49.0028,0.3618,0.5314,1313,1657,466,823,174.7324
12,79.3077,1,368.4659,506.9937,10800.0,527.0,169.389,0.3741,2.1366,451.0,33.5256,0.632,0.7745,280,624,466,823,174.7324
12,79.3077,2,775.6185,547.509,13976.0,876.0,195.9029,0.7647,2.477,448.0,45.7721,0.3309,0.4972,624,964,466,823,174.7324
12,79.3077,3,1104.4086,556.4376,19053.0,534.0,218.6666,0.8476,2.035,452.0,43.4386,0.4422,0.6133,964,1313,466,823,174.7324
12,79.3077,4,1496.4916,585.8405,14140.0,0.0,196.8365,0.9297,2.4202,477.0,39.7518,0.4311,0.6025,1313,1657,466,823,174.7324
12,79.7083,1,372.9092,510.9987,7867.0,622.0,102.1423,0.4629,1.1757,451.0,40.9497,0.4594,0.6296,280,624,466,823,174.7324
12,79.7083,2,810.6222,513.9396,11883.0,1700.0,190.6705,0.6983,2.6554,438.0,36.4592,0.5287,0.6917,624,964,466,823,174.7324
12,79.7083,3,1132.6927,539.8196,15420.0,1483.0,234.0711,0.7182,3.0352,433.0,49.0377,0.3729,0.5433,964,1313,466,823,174.7324
12,79.7083,4,1494.9862,605.2208,15101.0,0.0,209.9374,0.9517,2.2985,490.0,34.8962,0.5596,0.7176,1313,1657,466,823,174.7324
12,80.1088,1,385.1869,498.9412,12278.0,478.0,219.367,0.1758,3.0857,457.0,50.586,0.3578,0.5271,280,624,466,823,174.7324
12,80.1088,2,826.5797,525.1414,13378.0,1540.0,179.3081,0.7833,2.0851,437.0,51.6693,0.4252,0.5967,624,964,466,823,174.7324
12,80.1088,3,1170.8497,539.7856,16382.0,1955.0,217.1182,0.8652,2.198,421.0,56.7817,0.3135,0.4774,964,1313,466,823,174.7324
12,80.1088,4,1499.1759,612.1464,12351.0,0.0,195.4178,0.8274,2.1033,537.0,41.7701,0.4884,0.6563,1313,1657,466,823,174.7324
12,80.5094,1,436.6619,494.813,13663.0,693.0,254.8646,0.1171,3.8675,454.0,44.7245,0.4541,0.6246,280,624,466,823,174.7324
12,80.5094,2,841.2255,538.2823,13465.0,1313.0,191.7274,0.8173,2.5297,436.0,52.7442,0.396,0.5674,624,964,466,823,174.7324
12,80.5094,3,1183.9754,582.7795,20788.0,262.0,214.9678,0.9958,1.8706,455.0,51.6149,0.348,0.5163,964,1313,466,823,174.7324
12,80.5094,4,1478.1979,600.3162,14742.0,0.0,259.8275,0.6727,3.4955,496.0,54.5933,0.3947,0.5661,1313,1657,466,823,174.7324
12,80.9099,1,461.0862,502.9158,13474.0,480.0,218.0963,0.1875,3.0204,454.0,33.805,0.608,0.7562,280,624,466,823,174.7324
12,80.9099,2,853.3814,539.4265,13187.0,1475.0,187.029,0.8894,2.4447,429.0,33.3949,0.5647,0.7218,624,964,466,823,174.7324
12,80.9099,3,1169.1629,543.7814,16444.0,1249.0,212.3511,0.8612,2.356,428.0,53.31,0.3236,0.489,964,1313,466,823,174.7324
12,80.9099,4,1430.217,560.7634,13639.0,554.0,234.4969,0.7869,3.46,450.0,48.1622,0.4164,0.5879,1313,1657,466,823,174.7324
12,81.3104,1,463.5599,504.0831,12387.0,756.0,185.3816,0.2811,2.3823,444.0,31.5773,0.6115,0.7589,280,624,466,823,174.7324
12,81.3104,2,856.6566,543.4593,12339.0,1088.0,177.7279,0.9162,2.4285,436.0,30.863,0.6812,0.8104,624,964,466,823,174.7324
12,81.3104,3,1133.2458,554.1541,17860.0,1093.0,223.3353,0.8719,2.1647,433.0,61.5924,0.3058,0.4683,964,1313,466,823,174.7324
12,81.3104,4,1423.3992,573.5484,12163.0,0.0,205.9868,0.7739,2.9554,476.0,46.8673,0.4893,0.6571,1313,1657,466,823,174.7324
12,81.711,1,463.2585,512.9344,9101.0,229.0,137.7949,0.3579,1.8582,455.0,37.0627,0.5084,0.6741,280,624,466,823,174.7324
12,81.711,2,863.069,534.0173,11979.0,1721.0,178.4526,0.9462,2.3423,423.0,29.7731,0.6055,0.7543,624,964,466,823,174.7324
12,81.711,3,1101.5226,555.8936,16098.0,1160.0,205.5236,0.961,2.3429,433.0,50.4227,0.3611,0.5306,964,1313,466,823,174.7324
12,81.711,4,1418.6321,583.076,12624.0,0.0,221.4193,0.816,3.2415,467.0,36.3496,0.5619,0.7195,1313,1657,466,823,174.7324
12,82.1115,1,472.6323,509.575,9361.0,623.0,138.27,0.4455,1.6957,446.0,24.1395,0.7003,0.8237,280,624,466,823,174.7324
12,82.1115,2,864.1612,550.2514,13191.0,1329.0,200.7352,0.9573,2.6194,431.0,33.7532,0.5673,0.724,624,964,466,823,174.7324
12,82.1115,3,1086.7137,550.3125,15503.0,1690.0,205.3649,0.9969,2.2878,418.0,37.1557,0.4943,0.6616,964,1313,466,823,174.7324
12,82.1115,4,1417.5464,600.3113,11171.0,43.0,229.6385,0.8811,4.3216,465.0,37.8375,0.502,0.6685,1313,1657,466,823,174.7324
12,82.5121,1,482.2422,515.8517,10842.0,789.0,148.4423,0.6019,1.6386,440.0,38.7603,0.5695,0.7257,280,624,466,823,174.7324
12,82.5121,2,872.572,548.5854,11771.0,1019.0,206.9864,0.8751,2.9069,437.0,41.5817,0.5688,0.7251,624,964,466,823,174.7324
12,82.5121,3,1098.2486,562.7883,17447.0,793.0,222.4798,0.8379,2.5699,446.0,43.0149,0.3807,0.5515,964,1313,466,823,174.7324
12,82.5121,4,1397.2706,576.5726,12350.0,580.0,226.5629,0.8809,3.385,446.0,37.2135,0.4689,0.6384,1313,1657,466,823,174.7324
12,82.9126,1,479.4502,529.2364,11427.0,692.0,146.6225,0.8533,1.5534,442.0,35.0686,0.5779,0.7325,280,624,466,823,174.7324
12,82.9126,2,875.7786,540.9681,12306.0,1896.0,204.1979,0.9545,2.7882,416.0,37.9694,0.5656,0.7225,624,964,466,823,174.7324
12,82.9126,3,1140.4751,542.3046,16158.0,1765.0,234.6954,0.7904,2.8151,426.0,55.197,0.2661,0.4204,964,1313,466,823,174.7324
12,82.9126,4,1377.9376,601.3777,12532.0,186.0,198.0605,0.9471,3.1525,486.0,48.1813,0.2862,0.445,1313,1657,466,823,174.7324
12,83.3132,1,478.9173,531.3995,10997.0,412.0,138.4301,0.9323,1.4613,450.0,23.4369,0.72,0.8372,280,624,466,823,174.7324
12,83.3132,2,881.7415,559.8764,13366.0,897.0,188.0742,0.9568,2.5489,464.0,47.8277,0.4751,0.6442,624,964,466,823,174.7324
12,83.3132,3,1165.669,566.4604,17772.0,1002.0,230.3079,0.8152,2.3875,445.0,54.024,0.263,0.4164,964,1313,466,823,174.7324
12,83.3132,4,1372.0862,628.4498,12219.0,0.0,207.6287,0.9779,3.1133,502.0,35.6678,0.4661,0.6359,1313,1657,466,823,174.7324
12,83.7137,1,473.0976,529.63,11293.0,907.0,149.8096,0.8937,1.7541,435.0,40.1493,0.489,0.6568,280,624,466,823,174.7324
12,83.7137,2,881.281,577.1697,15048.0,318.0,208.4606,0.9414,2.5548,467.0,33.1724,0.6073,0.7557,624,964,466,823,174.7324
12,83.7137,3,1200.1602,550.192,16040.0,1838.0,212.2418,0.9138,2.135,425.0,38.4374,0.4402,0.6113,964,1313,466,823,174.7324
12,83.7137,4,1382.4975,599.851,10434.0,43.0,190.9728,0.9204,3.3282,488.0,40.5774,0.3773,0.5479,1313,1657,466,823,174.7324
12,84.1143,1,463.0417,524.1447,10942.0,783.0,141.3339,0.8663,1.6055,441.0,34.6851,0.5906,0.7426,280,624,466,823,174.7324
12,84.1143,2,869.0969,558.9778,15962.0,1104.0,203.3134,0.9647,2.0881,439.0,52.2115,0.4392,0.6103,624,964,466,823,174.7324
12,84.1143,3,1224.0199,567.8277,14872.0,1018.0,210.274,0.9828,2.4385,439.0,43.0381,0.3872,0.5583,964,1313,466,823,174.7324
12,84.1143,4,1382.8213,563.9225,11578.0,1446.0,240.7431,0.9608,3.8947,421.0,33.9288,0.4527,0.6233,1313,1657,466,823,174.7324
12,84.5148,1,460.0046,536.39,11794.0,484.0,152.8054,0.8768,1.725,445.0,36.7405,0.5847,0.7379,280,624,466,823,174.7324
12,84.5148,2,857.4391,537.0388,14574.0,1470.0,189.2095,0.8547,2.0799,431.0,41.1422,0.5072,0.673,624,964,466,823,174.7324
12,84.5148,3,1228.7555,570.4633,11403.0,590.0,193.4486,0.9567,2.876,447.0,27.4776,0.5703,0.7264,964,1313,466,823,174.7324
12,84.5148,4,1381.6416,603.8684,10070.0,0.0,229.6363,0.994,4.7861,470.0,37.7256,0.3492,0.5176,1313,1657,466,823,174.7324
12,84.9153,1,440.2676,527.3748,13961.0,1379.0,208.8805,0.673,2.6212,437.0,56.1619,0.2947,0.4553,280,624,466,823,174.7324
12,84.9153,2,860.4771,555.2745,15858.0,1225.0,211.8886,0.8427,2.4465,435.0,35.8459,0.6087,0.7568,624,964,466,823,174.7324
12,84.9153,3,1239.4798,540.1499,12331.0,1868.0,222.9989,0.9949,2.9338,419.0,29.2074,0.5872,0.74,964,1313,466,823,174.7324
12,84.9153,4,1395.0127,546.3004,9291.0,480.0,209.0132,0.989,3.5716,448.0,42.2358,0.2774,0.4344,1313,1657,466,823,174.7324
12,85.3159,1,454.8943,519.5774,13366.0,797.0,197.8431,0.513,2.5316,449.0,37.6598,0.5444,0.705,280,624,466,823,174.7324
12,85.3159,2,875.7375,554.298,17329.0,1929.0,216.0032,0.9908,2.0931,416.0,46.8757,0.4505,0.6211,624,964,466,823,174.7324
12,85.3159,3,1239.3324,573.7313,12279.0,544.0,221.1905,0.9938,3.2556,447.0,39.7868,0.5775,0.7321,964,1313,466,823,174.7324
12,85.3159,4,1420.9657,569.9839,13347.0,225.0,204.277,0.9979,2.5776,456.0,45.4464,0.2853,0.4439,1313,1657,466,823,174.7324
12,85.7164,1,467.8018,511.9942,10624.0,562.0,158.75,0.3432,2.3369,453.0,41.5592,0.4888,0.6566,280,624,466,823,174.7324
12,85.7164,2,879.7481,593.477,18957.0,0.0,219.8578,0.9962,2.1686,466.0,45.4308,0.4334,0.6048,624,964,466,823,174.7324
12,85.7164,3,1233.722,574.3206,12275.0,432.0,176.7854,0.949,2.5038,481.0,32.0241,0.6397,0.7802,964,1313,466,823,174.7324
12,85.7164,4,1445.0129,572.4436,13561.0,385.0,214.5766,0.998,2.6876,449.0,36.9204,0.4767,0.6456,1313,1657,466,823,174.7324
12,86.117,1,500.9823,502.6194,4585.0,543.0,71.2951,0.9959,1.2444,450.0,41.0968,0.3353,0.5022,280,624,466,823,174.7324
12,86.117,2,889.3204,573.1423,18024.0,342.0,205.0471,0.9733,2.0794,467.0,31.3391,0.6189,0.7646,624,964,466,823,174.7324
12,86.117,3,1227.0367,558.7509,14780.0,1105.0,201.2361,0.9999,2.1544,433.0,38.1614,0.5533,0.7124,964,1313,466,823,174.7324
12,86.117,4,1456.2096,583.2549,14761.0,265.0,227.6996,1.0,2.8241,455.0,34.9505,0.5849,0.7381,1313,1657,466,823,174.7324
12,86.5175,1,519.2201,494.3115,6083.0,1012.0,93.5232,0.66,1.2833,441.0,38.8405,0.3156,0.4798,280,624,466,823,174.7324
12,86.5175,2,888.7961,548.9265,16441.0,1118.0,196.7718,0.9911,1.7763,436.0,33.0825,0.6632,0.7975,624,964,466,823,174.7324
12,86.5175,3,1226.8645,560.5792,17081.0,1092.0,205.3223,1.0,1.9443,432.0,32.6774,0.6704,0.8027,964,1313,466,823,174.7324
12,86.5175,4,1468.7655,559.8752,14835.0,1130.0,224.8737,0.999,2.7434,429.0,38.6983,0.5125,0.6777,1313,1657,466,823,174.7324
12,86.9181,1,483.1033,491.7325,9267.0,1733.0,163.4223,0.4894,2.2751,439.0,47.9812,0.3304,0.4967,280,624,466,823,174.7324
12,86.9181,2,876.6827,560.9082,15286.0,79.0,185.8951,0.9787,1.8701,466.0,50.1122,0.4551,0.6255,624,964,466,823,174.7324
12,86.9181,3,1226.4114,564.2519,17476.0,1451.0,216.5706,0.9982,2.1372,430.0,27.8934,0.702,0.8249,964,1313,466,823,174.7324
12,86.9181,4,1478.2227,589.687,17537.0,356.0,264.1687,0.9335,3.2329,453.0,49.7891,0.395,0.5664,1313,1657,466,823,174.7324
12,87.3186,1,441.4556,507.0864,10235.0,1055.0,142.1635,0.5856,1.7852,438.0,62.8949,0.2209,0.3618,280,624,466,823,174.7324
12,87.3186,2,853.921,543.1594,15172.0,919.0,210.4601,0.7548,2.3796,446.0,44.1805,0.4883,0.6562,624,964,466,823,174.7324
12,87.3186,3,1212.7442,580.2941,14084.0,556.0,214.5932,0.9041,2.8126,450.0,37.2035,0.4996,0.6663,964,1313,466,823,174.7324
12,87.3186,4,1457.3664,583.416,16036.0,607.0,233.4809,0.9878,2.6959,444.0,40.1292,0.501,0.6676,1313,1657,466,823,174.7324
12,87.7192,1,402.5087,509.1963,7972.0,1192.0,130.0494,0.9808,1.7973,439.0,49.1382,0.3246,0.4901,280,624,466,823,174.7324
12,87.7192,2,811.6947,513.103,18563.0,3396.0,189.8444,0.6185,1.7535,434.0,50.8593,0.3755,0.546,624,964,466,823,174.7324
12,87.7192,3,1225.1822,568.743,11981.0,1102.0,218.4983,0.9805,3.5009,435.0,35.0476,0.5425,0.7034,964,1313,466,823,174.7324
12,87.7192,4,1448.5967,563.6291,16297.0,1105.0,231.6714,0.9947,2.8407,432.0,32.0925,0.5722,0.7279,1313,1657,466,823,174.7324
12,88.1197,1,404.2478,499.5477,10072.0,1704.0,171.4828,0.5525,2.4145,434.0,48.4594,0.4112,0.5828,280,624,466,823,174.7324
12,88.1197,2,785.4617,543.5914,16758.0,709.0,197.4543,0.7538,1.9968,446.0,48.3765,0.3144,0.4784,624,964,466,823,174.7324
12,88.1197,3,1237.026,554.4555,10449.0,1063.0,235.415,0.9869,4.2281,435.0,24.4976,0.6658,0.7994,964,1313,466,823,174.7324
12,88.1197,4,1439.5935,584.3492,16288.0,574.0,237.8987,0.9783,2.8235,445.0,37.2322,0.4932,0.6606,1313,1657,466,823,174.7324
12,88.5202,1,419.8342,501.8102,10680.0,1627.0,162.0481,0.6084,2.1018,430.0,41.4063,0.5309,0.6936,280,624,466,823,174.7324
12,88.5202,2,771.8291,549.0421,18441.0,886.0,196.2948,0.8148,1.7751,448.0,31.9497,0.5942,0.7455,624,964,466,823,174.7324
12,88.5202,3,1236.4059,564.6826,11957.0,1385.0,212.0189,0.9905,3.6421,430.0,27.1433,0.5803,0.7344,964,1313,466,823,174.7324
12,88.5202,4,1474.7848,571.163,16935.0,25.0,249.088,0.7509,3.092,465.0,51.9466,0.3337,0.5004,1313,1657,466,823,174.7324
12,88.9208,1,432.0395,517.3029,10850.0,1185.0,177.8374,0.6776,2.4637,435.0,49.5047,0.4681,0.6377,280,624,466,823,174.7324
12,88.9208,2,761.6536,546.71,18291.0,1145.0,217.3196,0.7694,2.31,442.0,31.049,0.6149,0.7615,624,964,466,823,174.7324
12,88.9208,3,1227.176,559.2949,11603.0,986.0,219.3629,0.9982,3.2494,442.0,35.3937,0.5278,0.6909,964,1313,466,823,174.7324
12,88.9208,4,1532.834,548.762,15857.0,1339.0,231.8759,0.793,2.7584,434.0,60.5781,0.1978,0.3303,1313,1657,466,823,174.7324
12,89.3213,1,440.5201,527.6451,11090.0,974.0,188.2332,0.7559,2.6432,437.0,41.4868,0.5199,0.6841,280,624,466,823,174.7324
12,89.3213,2,758.7034,554.0595,17803.0,1081.0,230.9176,0.7353,2.5636,441.0,23.4624,0.6934,0.8189,624,964,466,823,174.7324
12,89.3213,3,1218.9325,565.5378,12238.0,321.0,227.2876,0.9567,3.6137,455.0,42.7102,0.543,0.7038,964,1313,466,823,174.7324
12,89.3213,4,1546.8034,589.8472,15827.0,72.0,238.8729,0.8809,2.9951,462.0,57.5919,0.2674,0.4219,1313,1657,466,823,174.7324
12,89.7219,1,446.3527,534.8119,11508.0,692.0,181.4288,0.7736,2.5106,447.0,31.3426,0.6099,0.7577,280,624,466,823,174.7324
12,89.7219,2,737.3781,529.6344,15352.0,1190.0,204.3227,0.6077,2.36,445.0,35.369,0.5565,0.7151,624,964,466,823,174.7324
12,89.7219,3,1225.109,547.2805,12023.0,1147.0,191.3473,0.9875,2.5695,434.0,40.4666,0.5816,0.7354,964,1313,466,823,174.7324
12,89.7219,4,1551.0749,608.4358,14500.0,0.0,254.594,0.8629,3.8822,484.0,39.9992,0.5366,0.6985,1313,1657,466,823,174.7324
12,90.1224,1,454.4134,533.6199,9576.0,522.0,129.2404,0.9678,1.6599,450.0,44.2715,0.4436,0.6146,280,624,466,823,174.7324
12,90.1224,2,741.2703,535.1247,13446.0,1269.0,165.3069,0.6902,2.0625,443.0,35.2867,0.5159,0.6807,624,964,466,823,174.7324
12,90.1224,3,1228.7149,546.1455,13550.0,1635.0,213.096,0.9946,2.4327,423.0,42.8852,0.6079,0.7561,964,1313,466,823,174.7324
12,90.1224,4,1556.9007,578.5326,14975.0,0.0,211.1455,0.7186,2.685,479.0,49.2619,0.435,0.6063,1313,1657,466,823,174.7324
12,90.523,1,464.6959,519.6458,12874.0,2295.0,181.2966,0.8275,2.0948,430.0,42.9495,0.4267,0.5981,280,624,466,823,174.7324
12,90.523,2,710.4451,516.2576,8386.0,902.0,103.9149,0.7688,1.3059,444.0,35.6626,0.4143,0.5858,624,964,466,823,174.7324
12,90.523,3,1223.2128,577.5865,16610.0,349.0,186.4968,0.9649,1.999,482.0,43.844,0.5066,0.6725,964,1313,466,823,174.7324
12,90.523,4,1559.3138,554.2018,13781.0,0.0,172.3824,0.5047,1.8926,487.0,46.5946,0.5039,0.6701,1313,1657,466,823,174.7324
12,90.9235,1,455.7842,529.4464,9610.0,106.0,153.6885,0.8071,1.9638,461.0,50.4571,0.3774,0.5479,280,624,466,823,174.7324
12,90.9235,2,708.6142,520.468,10353.0,986.0,132.0954,0.9909,1.5315,443.0,31.0683,0.4926,0.66,624,964,466,823,174.7324
12,90.9235,3,1197.4535,541.4296,14352.0,1232.0,190.6295,0.9885,1.9291,427.0,64.3549,0.3481,0.5164,964,1313,466,823,174.7324
12,90.9235,4,1537.5882,539.8817,12209.0,0.0,193.9952,0.2829,2.7663,469.0,45.3503,0.4018,0.5733,1313,1657,466,823,174.7324
12,91.324,1,443.1798,517.684,10933.0,1184.0,172.5369,0.7598,2.2967,438.0,35.8947,0.6181,0.764,280,624,466,823,174.7324
12,91.324,2,731.4397,529.2993,10928.0,673.0,143.3813,0.9643,1.6688,448.0,38.0686,0.4599,0.63,624,964,466,823,174.7324
12,91.324,3,1176.7242,557.6944,16499.0,1129.0,202.5992,0.9894,2.0413,428.0,43.2117,0.5302,0.693,964,1313,466,823,174.7324
12,91.324,4,1538.4574,556.7561,12018.0,257.0,183.079,0.7241,2.4032,456.0,45.608,0.3224,0.4876,1313,1657,466,823,174.7324
12,91.7246,1,417.8757,500.0435,11452.0,1486.0,186.1048,0.4212,2.4759,445.0,46.1678,0.4937,0.6611,280,624,466,823,174.7324
12,91.7246,2,745.4661,529.9037,10433.0,647.0,139.3618,0.9999,1.641,446.0,36.5579,0.4864,0.6545,624,964,466,823,174.7324
12,91.7246,3,1181.1143,574.9424,18286.0,291.0,266.0062,0.8135,3.0523,459.0,45.3456,0.4543,0.6248,964,1313,466,823,174.7324
12,91.7246,4,1530.7023,590.9517,13609.0,0.0,173.7169,0.928,1.9818,480.0,36.4649,0.3324,0.4989,1313,1657,466,823,174.7324
12,92.1251,1,387.823,502.2677,11654.0,1390.0,185.2311,0.4164,2.4829,447.0,52.0749,0.4851,0.6533,280,624,466,823,174.7324
12,92.1251,2,765.7502,522.7353,10395.0,985.0,156.7531,0.9726,1.9025,442.0,38.9805,0.5013,0.6679,624,964,466,823,174.7324
12,92.1251,3,1209.5432,559.3801,16731.0,1878.0,221.9156,0.9503,2.2865,425.0,50.0339,0.3894,0.5605,964,1313,466,823,174.7324
12,92.1251,4,1535.0275,572.5267,15564.0,0.0,188.6527,0.9919,1.9844,469.0,36.7554,0.4432,0.6142,1313,1657,466,823,174.7324
12,92.5257,1,361.3893,507.3745,11722.0,1854.0,167.2934,0.7065,2.1269,428.0,57.7255,0.4242,0.5957,280,624,466,823,174.7324
12,92.5257,2,779.6148,537.1348,11036.0,612.0,151.7518,0.9812,1.883,448.0,36.0941,0.5692,0.7255,624,964,466,823,174.7324
12,92.5257,3,1213.4724,595.4978,15994.0,359.0,203.7467,0.9352,2.2447,479.0,44.598,0.4092,0.5808,964,1313,466,823,174.7324
12,92.5257,4,1532.7676,569.0554,13077.0,0.0,176.7134,0.8762,2.0373,480.0,35.2982,0.5253,0.6888,1313,1657,466,823,174.7324
12,92.9262,1,354.9133,529.0757,12016.0,1141.0,172.4535,0.7797,2.1767,437.0,47.8003,0.469,0.6386,280,624,466,823,174.7324
12,92.9262,2,789.2369,539.4508,11133.0,542.0,159.0867,0.9436,1.956,453.0,37.0607,0.5604,0.7183,624,964,466,823,174.7324
12,92.9262,3,1229.4564,590.3148,15276.0,21.0,202.0797,0.9739,2.325,481.0,32.962,0.6019,0.7515,964,1313,466,823,174.7324
12,92.9262,4,1518.7234,560.2119,12461.0,0.0,161.193,0.6488,1.9158,480.0,35.2972,0.5614,0.7191,1313,1657,466,823,174.7324
12,93.3268,1,352.9368,527.8989,10816.0,781.0,151.9359,0.798,1.9507,445.0,33.6142,0.6739,0.8052,280,624,466,823,174.7324
12,93.3268,2,797.358,541.1739,11774.0,663.0,154.7296,0.9714,1.8324,449.0,35.8185,0.557,0.7155,624,964,466,823,174.7324
12,93.3268,3,1227.504,547.1708,14533.0,1842.0,204.8168,0.999,2.1808,415.0,42.6176,0.509,0.6746,964,1313,466,823,174.7324
12,93.3268,4,1504.5903,557.6752,14149.0,1135.0,175.6621,0.9618,2.0204,433.0,41.9752,0.3488,0.5172,1313,1657,466,823,174.7324
12,93.7273,1,345.8402,520.2859,7292.0,794.0,92.9464,0.9798,1.2276,446.0,40.1127,0.376,0.5465,280,624,466,823,174.7324
12,93.7273,2,811.9669,549.5611,12478.0,599.0,159.3595,0.9877,1.8832,450.0,38.8585,0.5008,0.6674,624,964,466,823,174.7324
12,93.7273,3,1215.0646,577.246,15855.0,877.0,197.3055,0.9347,2.3823,479.0,35.7613,0.5579,0.7162,964,1313,466,823,174.7324
12,93.7273,4,1507.718,573.1123,14100.0,220.0,205.0611,0.9955,2.399,456.0,37.7253,0.4466,0.6174,1313,1657,466,823,174.7324
12,94.1279,1,346.6144,511.7849,7370.0,736.0,102.5447,0.8782,1.3773,446.0,29.6352,0.5314,0.694,280,624,466,823,174.7324
12,94.1279,2,816.1832,526.3261,13080.0,1107.0,187.5617,0.668,2.2969,446.0,44.3233,0.4454,0.6163,624,964,466,823,174.7324
12,94.1279,3,1203.4282,572.1063,15237.0,651.0,211.9016,0.908,2.4435,444.0,35.3062,0.5558,0.7145,964,1313,466,823,174.7324
12,94.1279,4,1509.0623,605.058,15942.0,0.0,227.7448,0.9971,2.7014,475.0,32.7763,0.6337,0.7758,1313,1657,466,823,174.7324
12,94.5284,1,353.4214,511.984,7233.0,730.0,111.7157,0.9274,1.5799,444.0,28.0683,0.5921,0.7438,280,624,466,823,174.7324
12,94.5284,2,794.0624,512.3645,13068.0,1373.0,187.9976,0.5274,2.2919,444.0,40.1418,0.5476,0.7077,624,964,466,823,174.7324
12,94.5284,3,1209.9818,560.0163,16719.0,1236.0,196.4771,0.9994,1.8029,428.0,39.3741,0.5011,0.6676,964,1313,466,823,174.7324
12,94.5284,4,1510.9078,580.7202,17535.0,618.0,243.8288,0.9992,2.8654,443.0,31.2316,0.5699,0.7261,1313,1657,466,823,174.7324
12,94.9289,1,359.2244,523.6143,8754.0,1051.0,132.7844,0.9126,2.0387,436.0,30.3422,0.5718,0.7276,280,624,466,823,174.7324
12,94.9289,2,775.7764,517.6996,13194.0,1016.0,191.8333,0.5623,2.4069,449.0,47.6031,0.487,0.655,624,964,466,823,174.7324
12,94.9289,3,1203.81,581.2844,17276.0,25.0,193.0338,0.9419,1.8653,480.0,44.0589,0.5193,0.6836,964,1313,466,823,174.7324
12,94.9289,4,1494.1572,584.7041,16601.0,477.0,226.8463,0.997,2.4865,448.0,37.2827,0.4939,0.6612,1313,1657,466,823,174.7324
12,95.3295,1,374.8119,514.2081,7769.0,799.0,135.7269,0.9401,1.9326,441.0,33.8024,0.5238,0.6875,280,624,466,823,174.7324
12,95.3295,2,777.5661,526.5554,12167.0,507.0,163.2369,0.6023,2.0053,454.0,36.0482,0.6323,0.7747,624,964,466,823,174.7324
12,95.3295,3,1191.3213,567.6385,17839.0,895.0,198.3552,0.9738,1.7723,436.0,47.6535,0.5154,0.6802,964,1313,466,823,174.7324
12,95.3295,4,1486.8135,607.5898,18518.0,9.0,236.4061,0.9706,2.4751,465.0,38.2873,0.4841,0.6524,1313,1657,466,823,174.7324
12,95.73,1,387.4314,514.2719,9306.0,991.0,162.3479,0.7761,2.2776,444.0,39.4571,0.5537,0.7127,280,624,466,823,174.7324
12,95.73,2,780.7694,531.7559,12648.0,658.0,166.0484,0.713,1.9719,450.0,24.7974,0.7373,0.8488,624,964,466,823,174.7324
12,95.73,3,1185.2898,566.083,17420.0,751.0,197.6762,0.9998,1.8994,437.0,28.5607,0.6674,0.8005,964,1313,466,823,174.7324
12,95.73,4,1500.3495,582.9373,17120.0,374.0,247.059,0.8827,3.0155,453.0,41.8088,0.478,0.6468,1313,1657,466,823,174.7324
12,96.1306,1,398.7193,517.0547,10759.0,1101.0,164.2438,0.6921,2.1384,443.0,36.5202,0.5751,0.7302,280,624,466,823,174.7324
12,96.1306,2,775.2524,532.4835,13754.0,1196.0,210.6303,0.612,2.7524,446.0,32.3491,0.6049,0.7538,624,964,466,823,174.7324
12,96.1306,3,1173.025,575.0828,17551.0,924.0,209.9856,0.9539,2.2668,441.0,38.9641,0.5015,0.668,964,1313,466,823,174.7324
12,96.1306,4,1535.2589,573.4888,18404.0,815.0,231.7089,0.9713,2.228,444.0,50.7819,0.3815,0.5522,1313,1657,466,823,174.7324
12,96.5311,1,425.2189,509.2123,11751.0,850.0,206.5164,0.4436,2.9355,452.0,43.2909,0.5258,0.6892,280,624,466,823,174.7324
12,96.5311,2,766.2734,519.9176,13861.0,1193.0,198.0326,0.5,2.5578,447.0,31.7926,0.6022,0.7517,624,964,466,823,174.7324
12,96.5311,3,1174.9618,550.62,16243.0,1630.0,214.7721,0.912,2.2888,424.0,29.9744,0.5864,0.7393,964,1313,466,823,174.7324
12,96.5311,4,1549.1893,582.1505,15896.0,323.0,228.0799,0.9375,2.7032,453.0,41.0381,0.498,0.6649,1313,1657,466,823,174.7324
12,96.9317,1,461.0704,506.4248,12838.0,2012.0,195.8402,0.5479,2.7162,436.0,58.4615,0.3944,0.5657,280,624,466,823,174.7324
12,96.9317,2,752.7004,520.1902,13464.0,928.0,180.5718,0.5579,2.101,450.0,36.3873,0.5646,0.7218,624,964,466,823,174.7324
12,96.9317,3,1168.8938,587.3078,16989.0,79.0,195.3062,0.9991,2.0474,478.0,49.7675,0.4034,0.5749,964,1313,466,823,174.7324
12,96.9317,4,1561.0287,580.4363,17521.0,1080.0,244.332,0.9509,2.8438,438.0,29.828,0.6018,0.7514,1313,1657,466,823,174.7324
12,97.3322,1,477.6923,519.1157,11897.0,804.0,175.5671,0.5532,2.3116,448.0,53.1645,0.4215,0.593,280,624,466,823,174.7324
12,97.3322,2,736.8926,523.4707,13133.0,866.0,185.6819,0.5476,2.3813,449.0,39.8654,0.5151,0.6799,624,964,466,823,174.7324
12,97.3322,3,1152.2375,554.6756,15313.0,698.0,198.0138,0.8967,2.082,446.0,49.9604,0.3982,0.5696,964,1313,466,823,174.7324
12,97.3322,4,1569.1423,583.3211,16413.0,691.0,254.5142,0.991,3.1193,442.0,35.5446,0.5379,0.6995,1313,1657,466,823,174.7324
12,97.7328,1,483.2668,521.0023,11400.0,1659.0,186.4691,0.7442,2.7145,426.0,38.6492,0.5455,0.7059,280,624,466,823,174.7324
12,97.7328,2,726.8282,528.2468,13021.0,1044.0,178.2323,0.6711,2.2003,447.0,34.2027,0.571,0.7269,624,964,466,823,174.7324
12,97.7328,3,1145.2223,552.3659,16566.0,1715.0,210.3145,0.9465,2.2975,417.0,36.7475,0.5708,0.7267,964,1313,466,823,174.7324
12,97.7328,4,1560.4253,586.3826,15752.0,420.0,219.8692,0.9994,2.4421,450.0,36.1561,0.5141,0.6791,1313,1657,466,823,174.7324
12,98.1333,1,488.2143,526.3235,11788.0,2068.0,215.617,0.8176,3.543,416.0,38.6768,0.5478,0.7079,280,624,466,823,174.7324
12,98.1333,2,721.1072,538.8059,12931.0,882.0,180.4822,0.7435,2.2728,448.0,34.1653,0.5892,0.7415,624,964,466,823,174.7324
12,98.1333,3,1121.7518,584.7616,17614.0,7.0,230.1283,0.9321,2.499,466.0,54.887,0.3025,0.4645,964,1313,466,823,174.7324
12,98.1333,4,1540.5524,580.1991,15530.0,415.0,233.1706,0.993,2.9138,450.0,38.8531,0.4735,0.6427,1313,1657,466,823,174.7324
12,98.5338,1,476.6608,566.1785,12126.0,348.0,216.7915,0.7615,3.659,453.0,51.7938,0.3862,0.5572,280,624,466,823,174.7324
12,98.5338,2,709.8143,539.1374,12661.0,1067.0,176.9513,0.8479,2.2378,444.0,31.2189,0.5902,0.7423,624,964,466,823,174.7324
12,98.5338,3,1083.6993,545.2259,16134.0,1192.0,228.4895,0.6871,2.377,429.0,54.7376,0.3009,0.4626,964,1313,466,823,174.7324
12,98.5338,4,1530.4943,607.5803,17342.0,0.0,259.0761,0.9185,3.0745,476.0,44.3978,0.4936,0.661,1313,1657,466,823,174.7324
12,98.9344,1,497.8051,537.0658,11181.0,1002.0,192.5807,0.6908,3.1567,439.0,43.3676,0.4459,0.6168,280,624,466,823,174.7324
12,98.9344,2,707.0504,553.5771,13240.0,831.0,188.1127,0.8256,2.4974,446.0,29.328,0.6665,0.7999,624,964,466,823,174.7324
12,98.9344,3,1065.5215,555.5218,15747.0,225.0,195.6623,0.7359,2.1142,459.0,42.8911,0.4354,0.6067,964,1313,466,823,174.7324
12,98.9344,4,1565.9311,557.7863,16984.0,2510.0,255.9524,0.9167,3.0901,412.0,55.3039,0.3165,0.4808,1313,1657,466,823,174.7324
12,99.3349,1,517.0935,518.086,9125.0,1435.0,165.1129,0.8077,2.7409,426.0,43.996,0.4752,0.6442,280,624,466,823,174.7324
12,99.3349,2,698.6004,550.6902,12332.0,901.0,178.0875,0.8949,2.3216,447.0,28.9381,0.5821,0.7359,624,964,466,823,174.7324
12,99.3349,3,1061.5729,568.2953,14059.0,346.0,174.3647,0.9763,1.9317,456.0,42.118,0.4229,0.5944,964,1313,466,823,174.7324
12,99.3349,4,1578.4866,607.1971,14130.0,0.0,249.4418,0.9583,3.7161,466.0,60.2647,0.2226,0.3641,1313,1657,466,823,174.7324
12,99.7355,1,529.9825,524.5716,8668.0,1098.0,170.5482,0.8627,2.7838,435.0,43.1095,0.4707,0.6401,280,624,466,823,174.7324
12,99.7355,2,690.487,549.9593,11858.0,666.0,155.5877,0.9557,1.8551,449.0,30.461,0.5707,0.7267,624,964,466,823,174.7324
12,99.7355,3,1050.186,562.0256,14334.0,754.0,207.6596,0.8613,2.6747,445.0,33.0803,0.5105,0.6759,964,1313,466,823,174.7324
12,99.7355,4,1574.4115,622.8976,16461.0,0.0,246.1229,0.9433,3.2597,487.0,29.252,0.6101,0.7578,1313,1657,466,823,174.7324
12,100.136,1,522.9489,544.3632,10431.0,1366.0,193.5516,0.8901,3.1094,427.0,27.4659,0.6409,0.7812,280,624,466,823,174.7324
12,100.136,2,685.9677,540.9245,11029.0,909.0,142.584,0.9996,1.7703,445.0,33.8835,0.4883,0.6562,624,964,466,823,174.7324
12,100.136,3,1043.4067,555.023,14882.0,1460.0,214.0362,0.9135,2.3965,429.0,29.0614,0.5961,0.7469,964,1313,466,823,174.7324
12,100.136,4,1579.5083,566.7847,16591.0,1490.0,227.8334,0.9649,2.3237,426.0,49.7251,0.3918,0.563,1313,1657,466,823,174.7324
12,100.5366,1,529.9568,543.0262,10058.0,1435.0,153.1313,0.8764,2.5252,460.0,31.4647,0.5546,0.7135,280,624,466,823,174.7324
12,100.5366,2,699.1997,532.4288,10407.0,843.0,137.7776,0.9919,1.6964,446.0,27.9702,0.5523,0.7116,624,964,466,823,174.7324
12,100.5366,3,1039.3455,570.1535,13903.0,250.0,214.9841,0.8297,2.9667,457.0,35.0343,0.525,0.6886,964,1313,466,823,174.7324
12,100.5366,4,1580.2722,603.8624,17643.0,145.0,211.9582,0.9068,2.4397,491.0,42.2404,0.485,0.6532,1313,1657,466,823,174.7324
12,100.9371,1,529.4732,530.6307,9715.0,1505.0,137.4105,0.8937,2.2035,466.0,31.7458,0.5848,0.738,280,624,466,823,174.7324
12,100.9371,2,714.4466,527.4462,10543.0,848.0,132.0358,0.9615,1.5273,446.0,31.8402,0.5009,0.6675,624,964,466,823,174.7324
12,100.9371,3,1026.8752,547.7658,12029.0,1606.0,212.3012,0.9359,3.1202,423.0,34.5362,0.5315,0.6941,964,1313,466,823,174.7324
12,100.9371,4,1585.1128,596.4591,19463.0,10.0,206.9187,0.9725,1.9504,491.0,34.5179,0.5866,0.7394,1313,1657,466,823,174.7324
12,101.3376,1,527.3404,541.6912,12961.0,1760.0,157.3581,0.9237,1.9351,461.0,28.1766,0.622,0.767,280,624,466,823,174.7324
12,101.3376,2,731.3641,532.7957,10688.0,647.0,141.9807,0.9834,1.658,449.0,30.5539,0.559,0.7172,624,964,466,823,174.7324
12,101.3376,3,1013.9037,568.3161,11824.0,1235.0,178.6092,0.9427,2.8586,473.0,40.0061,0.3647,0.5344,964,1313,466,823,174.7324
12,101.3376,4,1554.8717,573.1393,19765.0,1061.0,209.9334,0.9589,1.8168,436.0,57.3235,0.35,0.5186,1313,1657,466,823,174.7324
12,101.7382,1,521.0876,569.233,14412.0,694.0,184.7477,0.9592,2.2263,467.0,28.1534,0.6418,0.7818,280,624,466,823,174.7324
12,101.7382,2,741.4943,542.2318,11586.0,620.0,147.4158,0.9922,1.7111,449.0,29.4409,0.5596,0.7176,624,964,466,823,174.7324
12,101.7382,3,996.4637,594.1675,10530.0,0.0,198.6768,0.9886,3.237,478.0,43.6371,0.3736,0.544,964,1313,466,823,174.7324
12,101.7382,4,1535.0633,592.8873,19648.0,0.0,251.5724,0.7149,2.8307,474.0,41.2204,0.4458,0.6167,1313,1657,466,823,174.7324
12,102.1387,1,523.486,536.2321,12904.0,1512.0,175.053,0.9966,1.8885,422.0,34.0567,0.5908,0.7428,280,624,466,823,174.7324
12,102.1387,2,754.9982,546.8865,12447.0,758.0,162.4622,0.9901,1.9306,447.0,32.3863,0.5602,0.7181,624,964,466,823,174.7324
12,102.1387,3,1009.9946,545.5621,12876.0,695.0,155.4419,0.9952,1.6916,478.0,56.3375,0.4109,0.5825,964,1313,466,823,174.7324
12,102.1387,4,1549.1477,600.1422,20803.0,0.0,203.3017,0.9742,1.7653,488.0,47.9483,0.4115,0.5831,1313,1657,466,823,174.7324
12,102.5393,1,518.4492,535.3121,14652.0,1906.0,193.824,0.996,1.9179,411.0,28.0491,0.6523,0.7896,280,624,466,823,174.7324
12,102.5393,2,768.5518,535.5953,11773.0,854.0,178.214,0.9524,2.209,446.0,35.0466,0.589,0.7414,624,964,466,823,174.7324
12,102.5393,3,1028.973,542.7202,14452.0,692.0,158.4898,0.9993,1.3604,444.0,43.0778,0.4959,0.663,964,1313,466,823,174.7324
12,102.5393,4,1534.1635,565.6815,19612.0,357.0,186.0864,0.9024,1.5449,451.0,50.6072,0.403,0.5745,1313,1657,466,823,174.7324
12,102.9398,1,516.8378,576.3196,16032.0,170.0,198.0151,0.9934,2.0907,468.0,41.2932,0.4891,0.6569,280,624,466,823,174.7324
12,102.9398,2,771.3012,537.0082,13777.0,1226.0,193.6528,0.8028,2.3711,445.0,40.8121,0.5743,0.7296,624,964,466,823,174.7324
12,102.9398,3,1053.0865,547.2917,13359.0,140.0,178.1005,0.7954,2.0361,459.0,52.9105,0.3804,0.5511,964,1313,466,823,174.7324
12,102.9398,4,1511.9246,577.2643,21483.0,8.0,226.7688,0.8013,1.9556,465.0,42.2839,0.4732,0.6424,1313,1657,466,823,174.7324
12,103.3404,1,515.8689,559.2547,14689.0,217.0,186.8642,0.9994,1.9534,466.0,26.1102,0.7248,0.8405,280,624,466,823,174.7324
12,103.3404,2,773.2523,528.1087,13779.0,1449.0,183.753,0.6858,2.2424,443.0,31.8271,0.6407,0.781,624,964,466,823,174.7324
12,103.3404,3,1080.833,542.0338,13121.0,524.0,181.8177,0.7599,2.221,450.0,50.0176,0.4485,0.6193,964,1313,466,823,174.7324
12,103.3404,4,1486.4494,583.427,19475.0,0.0,253.8597,0.7098,2.9095,472.0,50.3859,0.4162,0.5878,1313,1657,466,823,174.7324
12,103.7409,1,496.4356,531.6831,13291.0,631.0,179.6679,0.6794,2.1402,451.0,47.5591,0.4166,0.5881,280,624,466,823,174.7324
12,103.7409,2,755.6106,520.1922,13299.0,1413.0,182.3749,0.608,2.1714,445.0,40.9912,0.5191,0.6834,624,964,466,823,174.7324
12,103.7409,3,1102.781,546.8794,13843.0,51.0,148.3963,0.6683,1.4161,464.0,44.274,0.4571,0.6274,964,1313,466,823,174.7324
12,103.7409,4,1445.2333,549.3487,16448.0,836.0,201.9667,0.7867,2.1058,439.0,43.8303,0.448,0.6188,1313,1657,466,823,174.7324
12,104.1415,1,450.6034,501.7467,12606.0,1080.0,229.2281,0.3583,3.2443,445.0,42.159,0.4247,0.5962,280,624,466,823,174.7324
12,104.1415,2,739.4924,525.8208,14172.0,1201.0,187.0601,0.6599,2.0217,444.0,40.7511,0.5471,0.7072,624,964,466,823,174.7324
12,104.1415,3,1115.7723,550.1316,14014.0,110.0,138.0765,0.9313,1.2977,461.0,35.5149,0.5128,0.678,964,1313,466,823,174.7324
12,104.1415,4,1426.1025,588.4836,17129.0,0.0,231.1371,0.7967,2.5291,472.0,57.1935,0.2716,0.4272,1313,1657,466,823,174.7324
12,104.542,1,384.7344,504.8057,12504.0,990.0,184.9015,0.3677,2.4241,448.0,62.5864,0.2306,0.3748,280,624,466,823,174.7324
12,104.542,2,724.6111,528.3188,13330.0,1404.0,186.238,0.709,2.371,439.0,38.1358,0.5344,0.6965,624,964,466,823,174.7324
12,104.542,3,1116.7466,540.3049,14305.0,530.0,184.8385,0.6602,2.0657,450.0,38.7421,0.4773,0.6461,964,1313,466,823,174.7324
12,104.542,4,1410.1432,583.7574,15480.0,134.0,213.1784,0.8211,2.8489,488.0,38.9119,0.5208,0.6849,1313,1657,466,823,174.7324
12,104.9425,1,337.922,516.2474,10540.0,1606.0,147.502,0.9761,1.7473,428.0,52.1331,0.2252,0.3676,280,624,466,823,174.7324
12,104.9425,2,711.3014,529.8634,12228.0,1192.0,170.3526,0.7685,2.1519,444.0,36.021,0.5532,0.7123,624,964,466,823,174.7324
12,104.9425,3,1099.6127,558.0694,14374.0,60.0,168.8737,0.8165,1.7826,463.0,48.9873,0.3935,0.5647,964,1313,466,823,174.7324
12,104.9425,4,1386.9403,572.1736,17174.0,457.0,191.5621,0.9999,1.6471,448.0,40.0581,0.4426,0.6136,1313,1657,466,823,174.7324
12,105.3431,1,338.1946,534.2618,8146.0,710.0,132.2541,0.9008,2.1009,445.0,31.6808,0.473,0.6422,280,624,466,823,174.7324
12,105.3431,2,705.4625,534.4093,12711.0,1301.0,172.2194,0.8293,2.1721,442.0,28.5206,0.6877,0.8149,624,964,466,823,174.7324
12,105.3431,3,1086.1476,565.9103,14156.0,10.0,157.8062,0.9669,1.5885,465.0,37.4304,0.539,0.7005,964,1313,466,823,174.7324
12,105.3431,4,1390.9283,578.8212,18654.0,151.0,208.08,0.9784,1.9187,458.0,29.418,0.6444,0.7837,1313,1657,466,823,174.7324
12,105.7436,1,335.6516,519.5189,8683.0,1040.0,141.3878,0.9848,1.9297,443.0,35.5878,0.4293,0.6007,280,624,466,823,174.7324
12,105.7436,2,703.1257,556.0734,13500.0,1317.0,205.2252,0.9078,2.8445,440.0,48.3962,0.4592,0.6294,624,964,466,823,174.7324
12,105.7436,3,1078.3031,554.1702,13676.0,128.0,155.6478,0.9005,1.5715,460.0,38.0045,0.5318,0.6944,964,1313,466,823,174.7324
12,105.7436,4,1407.5464,602.6414,18822.0,0.0,232.7065,0.8562,2.5254,477.0,39.3199,0.5432,0.704,1313,1657,466,823,174.7324
12,106.1442,1,344.2912,517.0855,10314.0,1572.0,145.4306,0.9896,1.7728,436.0,27.2646,0.6304,0.7733,280,624,466,823,174.7324
12,106.1442,2,699.724,576.4827,13924.0,771.0,198.0149,0.9174,2.6904,458.0,40.448,0.5015,0.668,624,964,466,823,174.7324
12,106.1442,3,1078.4901,538.5444,13552.0,209.0,165.8209,0.6201,1.7704,459.0,32.0291,0.584,0.7374,964,1313,466,823,174.7324
12,106.1442,4,1400.6401,575.6776,14691.0,796.0,231.8085,0.887,2.7248,443.0,32.4864,0.5306,0.6933,1313,1657,466,823,174.7324
12,106.5447,1,360.1465,526.5797,11869.0,797.0,181.4549,0.6959,2.4338,446.0,52.1693,0.4413,0.6124,280,624,466,823,174.7324
12,106.5447,2,682.0245,563.2637,12007.0,749.0,207.2022,0.9867,3.2458,445.0,40.6188,0.4945,0.6618,624,964,466,823,174.7324
12,106.5447,3,1083.2435,536.5842,13512.0,358.0,169.6858,0.618,1.8488,454.0,24.99,0.7027,0.8254,964,1313,466,823,174.7324
12,106.5447,4,1389.5977,585.2132,12844.0,548.0,183.2014,0.8794,2.7442,487.0,31.7308,0.5093,0.6749,1313,1657,466,823,174.7324
12,106.9453,1,351.923,516.2501,11023.0,1752.0,141.6208,0.8883,1.6756,427.0,42.0352,0.515,0.6799,280,624,466,823,174.7324
12,106.9453,2,687.6736,567.4727,14930.0,1448.0,213.4964,0.9997,2.7796,433.0,25.6283,0.6403,0.7807,624,964,466,823,174.7324
12,106.9453,3,1105.0142,539.9767,15066.0,254.0,208.3845,0.5326,2.5021,459.0,38.1943,0.5443,0.7049,964,1313,466,823,174.7324
12,106.9453,4,1396.4422,601.089,10260.0,0.0,208.2049,0.9482,3.8173,468.0,30.6511,0.4764,0.6453,1313,1657,466,823,174.7324
12,107.3458,1,342.9733,522.651,9095.0,691.0,124.4632,0.7852,1.6835,457.0,43.0135,0.5075,0.6733,280,624,466,823,174.7324
12,107.3458,2,703.2107,575.8507,12673.0,88.0,176.0815,0.9585,2.1629,464.0,42.4655,0.3833,0.5541,624,964,466,823,174.7324
12,107.3458,3,1134.1723,549.6778,13284.0,316.0,164.1987,0.808,1.7656,453.0,50.489,0.3422,0.5099,964,1313,466,823,174.7324
12,107.3458,4,1404.5283,544.2317,9641.0,857.0,221.5434,0.8933,3.964,443.0,47.1229,0.2424,0.3902,1313,1657,466,823,174.7324
12,107.7464,1,330.7797,515.5928,9121.0,1126.0,100.4236,0.9543,1.1406,460.0,41.7309,0.4954,0.6626,280,624,466,823,174.7324
12,107.7464,2,706.665,524.2403,15953.0,3125.0,180.1565,0.9754,1.7845,429.0,41.2642,0.3369,0.504,624,964,466,823,174.7324
12,107.7464,3,1162.0561,551.4117,15050.0,34.0,186.8563,0.6969,1.985,464.0,38.9153,0.4828,0.6512,964,1313,466,823,174.7324
12,107.7464,4,1418.8825,570.5443,12667.0,0.0,234.9708,0.7413,3.3757,475.0,44.9171,0.4523,0.6229,1313,1657,466,823,174.7324
12,108.1469,1,342.1498,511.7764,12015.0,1262.0,147.1171,0.6388,1.4304,432.0,46.9651,0.4727,0.6419,280,624,466,823,174.7324
12,108.1469,2,728.3218,507.7465,11517.0,1353.0,152.617,0.6872,1.6447,443.0,42.6178,0.4439,0.6149,624,964,466,823,174.7324
12,108.1469,3,1176.626,548.9913,15915.0,443.0,197.645,0.7232,2.0364,454.0,35.4387,0.6025,0.7519,964,1313,466,823,174.7324
12,108.1469,4,1406.6979,562.8909,10609.0,0.0,186.1069,0.7677,2.7997,471.0,37.1984,0.551,0.7105,1313,1657,466,823,174.7324
12,108.5474,1,374.4707,525.1355,12351.0,613.0,141.5235,0.963,1.3376,447.0,60.4704,0.3502,0.5188,280,624,466,823,174.7324
12,108.5474,2,763.8845,519.5635,13207.0,1110.0,198.2855,0.6986,2.2713,447.0,57.7266,0.3699,0.54,624,964,466,823,174.7324
12,108.5474,3,1188.1202,558.3132,16704.0,408.0,187.9641,0.7843,1.7468,451.0,33.5785,0.5707,0.7267,964,1313,466,823,174.7324
12,108.5474,4,1380.1146,559.2349,8868.0,6.0,129.0335,0.7843,1.8472,488.0,57.8215,0.3017,0.4635,1313,1657,466,823,174.7324
12,108.948,1,406.742,544.5255,15319.0,702.0,186.5858,0.8908,1.8987,443.0,51.96,0.3944,0.5657,280,624,466,823,174.7324
12,108.948,2,796.1755,521.5251,14209.0,1351.0,211.8735,0.5782,2.7388,445.0,54.4292,0.4094,0.581,624,964,466,823,174.7324
12,108.948,3,1192.0757,564.4837,16607.0,16.0,179.5945,0.8252,1.6493,477.0,32.8474,0.6127,0.7598,964,1313,466,823,174.7324
12,108.948,4,1362.9429,568.9392,9671.0,0.0,152.4956,0.9996,2.3598,489.0,47.8304,0.3506,0.5191,1313,1657,466,823,174.7324
12,109.3485,1,427.1367,551.7194,14054.0,521.0,169.6637,0.9836,1.7822,445.0,37.1306,0.5283,0.6914,280,624,466,823,174.7324
12,109.3485,2,824.5829,516.6341,13529.0,1099.0,195.0418,0.5177,2.4123,448.0,50.3126,0.5036,0.6698,624,964,466,823,174.7324
12,109.3485,3,1174.8733,562.0773,15218.0,205.0,193.2322,0.8138,2.2101,458.0,49.364,0.3856,0.5565,964,1313,466,823,174.7324
12,109.3485,4,1372.9856,585.2131,13710.0,0.0,195.7602,0.9577,2.4518,487.0,44.4561,0.4617,0.6317,1313,1657,466,823,174.7324
12,109.7491,1,441.9086,538.6143,13302.0,791.0,149.4112,0.9861,1.5303,438.0,35.1376,0.5559,0.7146,280,624,466,823,174.7324
12,109.7491,2,844.9849,524.8556,12426.0,634.0,179.8161,0.621,2.2969,453.0,55.9338,0.4394,0.6105,624,964,466,823,174.7324
12,109.7491,3,1155.2129,549.0981,14390.0,193.0,198.5517,0.7028,2.3226,460.0,40.8047,0.5162,0.6809,964,1313,466,823,174.7324
12,109.7491,4,1397.4076,607.6247,13961.0,0.0,206.0511,0.8436,2.9724,487.0,40.8532,0.4513,0.622,1313,1657,466,823,174.7324
12,110.1496,1,443.1036,522.5703,13583.0,1763.0,169.5354,0.9679,1.764,415.0,27.3887,0.6294,0.7725,280,624,466,823,174.7324
12,110.1496,2,857.5006,530.9397,10866.0,435.0,162.7991,0.747,2.2366,453.0,41.5646,0.5439,0.7046,624,964,466,823,174.7324
12,110.1496,3,1136.6368,550.7443,15251.0,674.0,215.3656,0.8166,2.6176,447.0,37.0449,0.5815,0.7354,964,1313,466,823,174.7324
12,110.1496,4,1392.4413,580.3247,13978.0,380.0,182.8882,0.8119,2.2609,486.0,31.0091,0.5877,0.7403,1313,1657,466,823,174.7324
12,110.5502,1,440.0647,562.9831,15110.0,173.0,201.131,0.8423,2.339,461.0,44.1979,0.472,0.6413,280,624,466,823,174.7324
12,110.5502,2,862.6696,532.9284,11043.0,693.0,145.998,0.8447,1.8353,448.0,32.7122,0.594,0.7453,624,964,466,823,174.7324
12,110.5502,3,1106.5224,550.1846,18780.0,273.0,202.5805,0.8511,1.8213,459.0,44.3237,0.4181,0.5897,964,1313,466,823,174.7324
12,110.5502,4,1387.7742,583.4373,13232.0,350.0,192.0444,0.8668,2.7171,488.0,27.6412,0.6126,0.7598,1313,1657,466,823,174.7324
12,110.9507,1,428.1138,550.3589,16108.0,862.0,218.0606,0.8046,2.4482,445.0,35.9308,0.5589,0.717,280,624,466,823,174.7324
12,110.9507,2,868.0875,532.252,9338.0,886.0,123.2085,1.0,1.5966,447.0,35.4469,0.4695,0.639,624,964,466,823,174.7324
12,110.9507,3,1078.7867,548.3521,16209.0,332.0,184.7083,0.7337,1.8989,454.0,43.7188,0.4315,0.6029,964,1313,466,823,174.7324
12,110.9507,4,1388.4276,609.9007,12256.0,0.0,200.1943,0.8576,2.82,490.0,31.8178,0.5621,0.7196,1313,1657,466,823,174.7324
12,111.3513,1,420.4567,523.2059,14821.0,1087.0,246.2875,0.4336,3.6145,444.0,50.6059,0.3493,0.5178,280,624,466,823,174.7324
12,111.3513,2,870.1822,510.4868,8849.0,1045.0,138.5405,0.8966,1.7586,443.0,31.3389,0.5404,0.7016,624,964,466,823,174.7324
12,111.3513,3,1067.5487,545.7196,14820.0,295.0,176.912,0.7192,1.8662,458.0,29.241,0.5885,0.741,964,1313,466,823,174.7324
12,111.3513,4,1380.8039,592.8379,14967.0,215.0,231.1337,0.9951,2.9963,457.0,38.5978,0.4249,0.5964,1313,1657,466,823,174.7324
12,111.7518,1,383.9504,505.9576,11295.0,1380.0,173.1662,0.4011,2.5272,444.0,41.0706,0.4652,0.635,280,624,466,823,174.7324
12,111.7518,2,838.5965,517.6829,10112.0,767.0,137.2183,0.8759,1.5147,448.0,51.5541,0.3651,0.5349,624,964,466,823,174.7324
12,111.7518,3,1058.7331,561.7434,15129.0,584.0,165.918,0.9827,1.6801,451.0,35.5078,0.4776,0.6465,964,1313,466,823,174.7324
12,111.7518,4,1371.3895,598.6635,11601.0,28.0,189.2988,0.9588,2.7757,484.0,31.2921,0.5525,0.7118,1313,1657,466,823,174.7324
12,112.1523,1,351.4191,512.7061,7459.0,588.0,110.6251,0.7126,1.6853,449.0,43.8139,0.2888,0.4481,280,624,466,823,174.7324
12,112.1523,2,822.2649,535.0747,11694.0,967.0,168.0643,0.9275,2.0881,446.0,46.454,0.4099,0.5815,624,964,466,823,174.7324
12,112.1523,3,1044.1001,556.8382,15089.0,853.0,207.1605,0.9051,2.1949,438.0,38.6262,0.488,0.6559,964,1313,466,823,174.7324
12,112.1523,4,1377.9204,589.7934,10705.0,147.0,198.548,0.9226,3.6591,487.0,24.5368,0.6232,0.7679,1313,1657,466,823,174.7324
12,112.5529,1,344.6437,528.3561,9631.0,1278.0,143.4584,0.9796,2.1316,437.0,37.8594,0.3679,0.5379,280,624,466,823,174.7324
12,112.5529,2,797.537,526.4289,11358.0,936.0,152.0915,0.9121,1.7478,444.0,43.5661,0.454,0.6245,624,964,466,823,174.7324
12,112.5529,3,1040.9447,569.9697,16089.0,395.0,199.8791,0.8612,2.2953,478.0,26.9737,0.6525,0.7897,964,1313,466,823,174.7324
12,112.5529,4,1371.8971,595.337,10054.0,0.0,188.2223,0.9201,2.9533,489.0,26.9274,0.6004,0.7503,1313,1657,466,823,174.7324
12,112.9534,1,338.9844,525.3975,9930.0,1046.0,147.4848,0.8427,1.9804,440.0,35.4096,0.5178,0.6823,280,624,466,823,174.7324
12,112.9534,2,781.7317,549.9041,13049.0,751.0,162.4228,0.9833,1.8846,446.0,39.2788,0.4682,0.6378,624,964,466,823,174.7324
12,112.9534,3,1046.9197,562.0571,16008.0,737.0,202.1906,0.9444,2.0058,439.0,24.2406,0.7215,0.8382,964,1313,466,823,174.7324
12,112.9534,4,1382.3199,579.9281,14626.0,257.0,196.5953,0.9987,2.2268,457.0,46.1605,0.4413,0.6124,1313,1657,466,823,174.7324
12,113.354,1,339.5937,533.0577,9881.0,1040.0,129.3487,0.9682,1.7311,442.0,31.5611,0.5208,0.6849,280,624,466,823,174.7324
12,113.354,2,766.9177,545.2193,12557.0,946.0,159.2576,0.9996,1.8197,442.0,34.3253,0.5445,0.7051,624,964,466,823,174.7324
12,113.354,3,1055.1427,562.0761,15379.0,99.0,171.2307,0.8921,1.7787,478.0,31.2112,0.6114,0.7588,964,1313,466,823,174.7324
12,113.354,4,1390.8131,581.2469,16175.0,10.0,195.9352,0.9228,2.0474,465.0,30.2908,0.5575,0.7159,1313,1657,466,823,174.7324
12,113.7545,1,334.9189,528.271,8660.0,891.0,112.7464,0.9973,1.4959,444.0,27.8075,0.5587,0.7169,280,624,466,823,174.7324
12,113.7545,2,758.2139,550.976,12737.0,838.0,172.1021,0.9454,2.1508,445.0,30.604,0.5805,0.7346,624,964,466,823,174.7324
12,113.7545,3,1069.3682,545.2266,14655.0,521.0,175.6634,0.833,1.8387,448.0,47.9042,0.3967,0.568,964,1313,466,823,174.7324
12,113.7545,4,1396.3487,585.9225,14988.0,0.0,207.5013,0.8934,2.5826,469.0,24.0073,0.6362,0.7777,1313,1657,466,823,174.7324
12,114.1551,1,349.4237,494.9849,7241.0,1160.0,126.3122,0.6375,1.8352,444.0,34.3791,0.4216,0.5932,280,624,466,823,174.7324
12,114.1551,2,758.6574,550.0367,12386.0,813.0,170.6899,0.9393,2.1462,446.0,24.03,0.6811,0.8103,624,964,466,823,174.7324
12,114.1551,3,1094.7831,541.0717,14132.0,452.0,178.3387,0.7735,1.9334,451.0,43.9418,0.5161,0.6808,964,1313,466,823,174.7324
12,114.1551,4,1388.2659,581.569,13960.0,0.0,178.8415,0.861,1.9951,487.0,30.1914,0.5676,0.7241,1313,1657,466,823,174.7324
12,114.5556,1,373.4233,505.8067,7843.0,837.0,122.9101,0.7671,1.6438,445.0,49.5995,0.3974,0.5688,280,624,466,823,174.7324
12,114.5556,2,768.0658,547.9627,13091.0,909.0,169.9539,0.96,2.0389,444.0,30.7383,0.5886,0.7411,624,964,466,823,174.7324
12,114.5556,3,1121.0811,549.1926,13570.0,258.0,156.9195,0.8944,1.6032,454.0,44.9268,0.4227,0.5943,964,1313,466,823,174.7324
12,114.5556,4,1387.8672,562.1457,15176.0,0.0,158.0242,0.8818,1.4243,477.0,38.4539,0.4746,0.6437,1313,1657,466,823,174.7324
12,114.9561,1,385.4317,514.7064,8432.0,612.0,123.0984,0.9145,1.5179,449.0,33.7876,0.6115,0.759,280,624,466,823,174.7324
12,114.9561,2,776.0319,557.8478,13385.0,622.0,175.2792,0.9548,2.166,449.0,33.5244,0.6008,0.7506,624,964,466,823,174.7324
12,114.9561,3,1131.0901,554.6321,13867.0,335.0,161.5266,0.9918,1.6612,454.0,39.4134,0.5115,0.6768,964,1313,466,823,174.7324
12,114.9561,4,1430.8675,550.7266,15137.0,0.0,196.7323,0.6136,2.1144,474.0,50.9892,0.3607,0.5302,1313,1657,466,823,174.7324
12,115.3567,1,387.0371,526.3531,9187.0,846.0,125.4316,1.0,1.6339,448.0,33.2672,0.5923,0.744,280,624,466,823,174.7324
12,115.3567,2,788.2809,558.1019,13675.0,645.0,180.8256,0.9667,2.1763,447.0,37.2655,0.5443,0.705,624,964,466,823,174.7324
12,115.3567,3,1132.3609,540.9463,14218.0,823.0,202.1318,0.6823,2.4911,446.0,42.9775,0.4187,0.5903,964,1313,466,823,174.7324
12,115.3567,4,1469.7365,574.9147,17454.0,0.0,167.4332,0.9662,1.3975,475.0,55.5223,0.3084,0.4714,1313,1657,466,823,174.7324
12,115.7572,1,395.0961,512.6309,9604.0,1157.0,143.3981,0.8195,1.7839,448.0,35.6641,0.5405,0.7017,280,624,466,823,174.7324
12,115.7572,2,795.9443,560.6885,14627.0,1029.0,199.1114,0.9914,2.3987,437.0,34.3223,0.6046,0.7536,624,964,466,823,174.7324
12,115.7572,3,1116.8364,540.4971,14538.0,180.0,208.857,0.5428,2.6663,460.0,42.1638,0.5205,0.6847,964,1313,466,823,174.7324
12,115.7572,4,1489.3821,593.08,18951.0,0.0,184.8533,0.9646,1.6538,483.0,38.3507,0.5316,0.6942,1313,1657,466,823,174.7324
12,116.1578,1,397.1751,511.5202,12139.0,1735.0,180.6827,0.5851,2.3504,440.0,39.5208,0.5577,0.7161,280,624,466,823,174.7324
12,116.1578,2,799.3869,559.1511,14080.0,748.0,203.3402,0.9368,2.5292,448.0,44.1057,0.4785,0.6473,624,964,466,823,174.7324
12,116.1578,3,1090.2829,535.7772,14891.0,804.0,217.3077,0.5914,2.766,449.0,41.1333,0.4887,0.6566,964,1313,466,823,174.7324
12,116.1578,4,1493.1164,596.399,21207.0,0.0,206.3427,0.9992,1.6636,469.0,39.0367,0.5205,0.6846,1313,1657,466,823,174.7324
12,116.5583,1,378.22,511.8889,12289.0,1188.0,178.2081,0.5133,2.2718,446.0,42.0662,0.5373,0.699,280,624,466,823,174.7324
12,116.5583,2,789.6676,530.4937,15188.0,1877.0,196.3392,0.8649,2.1396,426.0,40.3967,0.5243,0.6879,624,964,466,823,174.7324
12,116.5583,3,1080.2981,554.72,15444.0,296.0,217.0335,0.5997,2.8196,457.0,47.8151,0.423,0.5946,964,1313,466,823,174.7324
12,116.5583,4,1500.7571,587.734,18776.0,0.0,184.5851,0.9767,1.5814,473.0,23.4531,0.7196,0.8369,1313,1657,466,823,174.7324
12,116.9589,1,363.6309,519.917,12357.0,1392.0,179.6843,0.6916,2.289,434.0,47.9158,0.4889,0.6567,280,624,466,823,174.7324
12,116.9589,2,787.8778,561.2204,16060.0,1050.0,207.9778,0.9657,2.4239,442.0,41.4329,0.4631,0.6331,624,964,466,823,174.7324
12,116.9589,3,1063.468,549.0419,14096.0,120.0,201.5029,0.6146,2.6385,462.0,27.011,0.6257,0.7697,964,1313,466,823,174.7324
12,116.9589,4,1495.0028,580.5875,18717.0,145.0,189.1578,0.9572,1.7149,459.0,36.9795,0.494,0.6614,1313,1657,466,823,174.7324
12,117.3594,1,360.2894,534.4326,11868.0,626.0,178.5297,0.6896,2.3797,449.0,39.4543,0.5633,0.7207,280,624,466,823,174.7324
12,117.3594,2,780.4605,569.0109,16913.0,1387.0,253.7254,0.9601,2.7433,437.0,38.9693,0.571,0.7269,624,964,466,823,174.7324
12,117.3594,3,1053.1593,546.1687,13937.0,149.0,180.8267,0.6063,2.1327,462.0,27.2695,0.6336,0.7757,964,1313,466,823,174.7324
12,117.3594,4,1466.6943,597.3247,18059.0,0.0,212.6268,0.9205,2.1621,487.0,52.3245,0.3906,0.5618,1313,1657,466,823,174.7324
12,117.76,1,341.2904,515.4093,9511.0,1091.0,141.0216,0.9932,1.6322,438.0,47.4298,0.4581,0.6284,280,624,466,823,174.7324
12,117.76,2,782.5572,569.5594,16106.0,755.0,217.5561,0.994,2.3613,444.0,42.0491,0.5168,0.6814,624,964,466,823,174.7324
12,117.76,3,1054.5665,541.6866,13275.0,549.0,180.82,0.6814,2.1789,454.0,22.1862,0.683,0.8116,964,1313,466,823,174.7324
12,117.76,4,1444.467,603.206,19783.0,0.0,227.7364,0.9843,2.2113,484.0,47.7489,0.436,0.6073,1313,1657,466,823,174.7324
12,118.1605,1,341.0724,520.4453,7937.0,398.0,124.6133,0.9497,1.6887,454.0,30.1841,0.5627,0.7202,280,624,466,823,174.7324
12,118.1605,2,782.7907,524.6814,12234.0,1619.0,181.1491,0.9949,2.1572,423.0,39.0065,0.5461,0.7064,624,964,466,823,174.7324
12,118.1605,3,1047.0554,542.5106,10541.0,52.0,156.2918,0.6508,2.2804,464.0,35.3005,0.4679,0.6375,964,1313,466,823,174.7324
12,118.1605,4,1442.7642,597.5083,20307.0,0.0,215.3692,0.8366,1.9848,485.0,36.6379,0.5421,0.7031,1313,1657,466,823,174.7324
12,118.561,1,354.9503,510.1702,12108.0,2472.0,186.5648,0.8947,2.2536,426.0,33.7499,0.5508,0.7103,280,624,466,823,174.7324
12,118.561,2,778.7172,536.3434,13893.0,1827.0,189.8153,0.9655,2.2739,418.0,34.4852,0.5835,0.7369,624,964,466,823,174.7324
12,118.561,3,1018.8465,521.4223,7487.0,153.0,132.6133,0.9496,1.7758,461.0,32.1061,0.4708,0.6402,964,1313,466,823,174.7324
12,118.561,4,1484.3858,541.3316,14500.0,0.0,244.9477,0.4435,3.2117,475.0,45.2287,0.3794,0.5501,1313,1657,466,823,174.7324
12,118.9616,1,369.0899,524.6345,10251.0,568.0,149.4801,0.8299,1.8375,456.0,45.8076,0.4324,0.6038,280,624,466,823,174.7324
12,118.9616,2,776.1406,578.4409,14612.0,241.0,206.798,0.9917,2.3965,455.0,47.7921,0.4224,0.5939,624,964,466,823,174.7324
12,118.9616,3,1029.9279,538.2585,7529.0,180.0,116.1207,0.9304,1.8222,460.0,25.3385,0.5795,0.7338,964,1313,466,823,174.7324
12,118.9616,4,1524.2755,533.0895,15148.0,5.0,232.2451,0.3889,3.0971,469.0,43.8995,0.4434,0.6143,1313,1657,466,823,174.7324
12,119.3621,1,391.0317,510.074,10542.0,1577.0,155.6058,0.7861,1.9971,436.0,39.0651,0.4773,0.6462,280,624,466,823,174.7324
12,119.3621,2,779.9079,585.0374,15258.0,171.0,220.5457,0.9892,2.5881,462.0,37.315,0.5538,0.7128,624,964,466,823,174.7324
12,119.3621,3,1037.6224,522.1042,7306.0,234.0,126.5584,0.9996,1.7653,458.0,29.786,0.4866,0.6547,964,1313,466,823,174.7324
12,119.3621,4,1554.9116,551.6589,8837.0,0.0,105.6938,0.4611,1.3531,480.0,49.053,0.2404,0.3876,1313,1657,466,823,174.7324
12,119.7627,1,412.2349,509.5331,10907.0,1169.0,156.3545,0.631,1.9571,443.0,48.3868,0.4444,0.6153,280,624,466,823,174.7324
12,119.7627,2,774.0688,567.2991,14729.0,685.0,224.1164,0.9195,2.7378,443.0,48.0062,0.4734,0.6426,624,964,466,823,174.7324
12,119.7627,3,1057.4142,515.565,7398.0,291.0,124.3431,0.8869,1.6601,457.0,32.4021,0.4967,0.6638,964,1313,466,823,174.7324
12,119.7627,4,1584.6501,547.4371,10720.0,0.0,142.1136,0.9667,1.5293,468.0,36.553,0.4012,0.5727,1313,1657,466,823,174.7324
12,120.1632,1,428.0691,523.3244,11639.0,791.0,164.3093,0.7411,1.9731,445.0,45.4271,0.5105,0.676,280,624,466,823,174.7324
12,120.1632,2,744.7674,531.3612,16413.0,2100.0,174.0774,0.944,1.5093,435.0,53.764,0.3622,0.5318,624,964,466,823,174.7324
12,120.1632,3,1085.0471,516.223,8812.0,167.0,142.8583,0.6693,1.8493,460.0,47.9881,0.4293,0.6007,964,1313,466,823,174.7324
12,120.1632,4,1564.9034,556.6032,11807.0,0.0,173.661,0.9039,2.0401,472.0,42.1725,0.4129,0.5845,1313,1657,466,823,174.7324
12,120.5638,1,435.554,520.251,12046.0,982.0,187.5089,0.6604,2.4565,449.0,30.5564,0.693,0.8187,280,624,466,823,174.7324
12,120.5638,2,727.8864,535.9787,14413.0,863.0,152.1229,0.9968,1.4873,447.0,38.2134,0.5409,0.7021,624,964,466,823,174.7324
12,120.5638,3,1123.0717,515.8445,10080.0,201.0,168.7461,0.5531,2.2948,461.0,53.9856,0.3795,0.5502,964,1313,466,823,174.7324
12,120.5638,4,1531.2846,564.0154,13062.0,15.0,200.9775,0.9014,2.4425,465.0,52.1884,0.3189,0.4836,1313,1657,466,823,174.7324
12,120.9643,1,466.2284,502.8315,11740.0,995.0,185.9473,0.3319,2.4909,450.0,48.9682,0.4319,0.6033,280,624,466,823,174.7324
12,120.9643,2,736.1274,526.8001,12818.0,1129.0,148.6087,0.8608,1.5514,442.0,38.8349,0.5562,0.7148,624,964,466,823,174.7324
12,120.9643,3,1150.8693,523.6969,12066.0,1339.0,181.5006,0.7752,2.3581,431.0,53.2646,0.3156,0.4797,964,1313,466,823,174.7324
12,120.9643,4,1496.5128,578.9288,13293.0,0.0,192.9588,0.9633,2.2862,469.0,54.2123,0.2817,0.4396,1313,1657,466,823,174.7324
12,121.3649,1,491.0912,511.2538,11085.0,1029.0,169.9072,0.5544,2.3694,441.0,58.1138,0.4163,0.5879,280,624,466,823,174.7324
12,121.3649,2,714.5108,529.1901,14936.0,1165.0,181.4774,0.8335,1.7058,445.0,45.92,0.4677,0.6373,624,964,466,823,174.7324
12,121.3649,3,1173.8402,562.5575,12734.0,183.0,160.8267,0.9909,1.8483,458.0,48.5095,0.2768,0.4336,964,1313,466,823,174.7324
12,121.3649,4,1470.1074,588.1951,13551.0,0.0,213.6132,0.9541,2.5784,473.0,48.5311,0.3793,0.55,1313,1657,466,823,174.7324
12,121.7654,1,492.6395,526.1169,10509.0,880.0,162.0306,0.7858,2.2607,440.0,43.8595,0.4569,0.6272,280,624,466,823,174.7324
12,121.7654,2,699.2344,548.3081,18928.0,826.0,178.3833,0.998,1.3895,441.0,42.6723,0.4968,0.6638,624,964,466,823,174.7324
12,121.7654,3,1173.8539,526.5901,10963.0,730.0,183.1135,0.8065,2.3733,451.0,40.1942,0.4531,0.6236,964,1313,466,823,174.7324
12,121.7654,4,1458.4947,604.2344,17464.0,0.0,213.0553,0.9866,1.9848,473.0,40.2682,0.484,0.6523,1313,1657,466,823,174.7324
12,122.1659,1,491.1422,537.53,10801.0,683.0,169.6363,0.7781,2.4403,444.0,29.6362,0.6144,0.7611,280,624,466,823,174.7324
12,122.1659,2,715.5007,555.4164,17719.0,763.0,184.6388,0.9812,1.6364,443.0,37.9655,0.5258,0.6892,624,964,466,823,174.7324
12,122.1659,3,1143.5027,516.0665,10315.0,487.0,164.2333,0.6003,2.0924,453.0,50.1698,0.4421,0.6131,964,1313,466,823,174.7324
12,122.1659,4,1437.664,564.9576,11880.0,0.0,174.8635,0.9978,2.0279,469.0,35.3445,0.5396,0.7009,1313,1657,466,823,174.7324
12,122.5665,1,486.28,544.7459,11411.0,767.0,184.8189,0.8065,2.7887,443.0,24.4627,0.6771,0.8075,280,624,466,823,174.7324
12,122.5665,2,739.1346,558.9879,17387.0,833.0,182.7427,0.996,1.6604,442.0,35.2218,0.5197,0.6839,624,964,466,823,174.7324
12,122.5665,3,1129.3572,523.3527,11768.0,1062.0,154.1044,0.7635,1.7918,439.0,41.807,0.501,0.6676,964,1313,466,823,174.7324
12,122.5665,4,1440.6685,554.8246,11976.0,0.0,173.8272,0.8768,2.0315,475.0,37.1956,0.5621,0.7197,1313,1657,466,823,174.7324
12,122.967,1,491.4507,549.2342,11361.0,344.0,191.6434,0.776,2.9173,458.0,31.522,0.5913,0.7432,280,624,466,823,174.7324
12,122.967,2,739.8401,552.6583,16769.0,1078.0,205.7631,0.8022,2.2573,441.0,36.5986,0.4902,0.6579,624,964,466,823,174.7324
12,122.967,3,1113.5087,533.1959,13196.0,1841.0,189.8057,0.9834,2.2499,415.0,40.6603,0.4268,0.5983,964,1313,466,823,174.7324
12,122.967,4,1458.775,556.5114,13686.0,0.0,199.9999,0.7466,2.4426,474.0,40.1563,0.5374,0.6991,1313,1657,466,823,174.7324
12,123.3676,1,508.9498,536.5513,10301.0,1155.0,149.4461,0.9898,2.0301,439.0,53.6095,0.2912,0.451,280,624,466,823,174.7324
12,123.3676,2,745.8639,544.816,15493.0,1090.0,206.3541,0.7725,2.3709,442.0,28.298,0.5983,0.7487,624,964,466,823,174.7324
12,123.3676,3,1105.6442,570.9194,14723.0,458.0,204.5416,0.9601,2.5017,452.0,40.1392,0.4135,0.5851,964,1313,466,823,174.7324
12,123.3676,4,1479.9876,581.8187,15695.0,5.0,232.1183,0.8493,2.7477,466.0,55.6638,0.3305,0.4969,1313,1657,466,823,174.7324
12,123.7681,1,497.2717,499.9598,9647.0,866.0,165.1178,0.4563,2.1871,451.0,46.154,0.3478,0.5161,280,624,466,823,174.7324
12,123.7681,2,761.3616,541.0481,14320.0,1181.0,198.0172,0.7779,2.4731,442.0,31.9966,0.5566,0.7151,624,964,466,823,174.7324
12,123.7681,3,1091.5964,550.0769,13334.0,818.0,217.0852,0.8075,3.0177,443.0,37.4026,0.4985,0.6653,964,1313,466,823,174.7324
12,123.7681,4,1504.7771,586.0429,18012.0,557.0,232.2984,0.923,2.4505,472.0,42.5486,0.4465,0.6174,1313,1657,466,823,174.7324
12,124.1687,1,450.5997,505.3175,10789.0,975.0,163.3184,0.5399,1.9429,445.0,66.1561,0.293,0.4532,280,624,466,823,174.7324
12,124.1687,2,784.0435,538.3524,14584.0,1093.0,214.7901,0.7249,2.7025,445.0,41.2377,0.5214,0.6854,624,964,466,823,174.7324
12,124.1687,3,1081.541,534.2769,13984.0,1993.0,213.9387,0.8524,2.8161,415.0,35.7749,0.5451,0.7056,964,1313,466,823,174.7324
12,124.1687,4,1513.1613,581.9753,15799.0,0.0,224.0421,0.8991,2.7881,467.0,32.2403,0.5592,0.7173,1313,1657,466,823,174.7324
12,124.5692,1,421.3515,519.3885,8882.0,781.0,133.3559,0.9962,1.7094,445.0,61.2214,0.3232,0.4885,280,624,466,823,174.7324
12,124.5692,2,807.3958,545.9137,15075.0,1068.0,212.3857,0.7686,2.6084,445.0,52.1771,0.405,0.5765,624,964,466,823,174.7324
12,124.5692,3,1076.6957,566.1035,14670.0,620.0,209.7763,0.9563,2.5845,443.0,46.7467,0.3785,0.5492,964,1313,466,823,174.7324
12,124.5692,4,1520.1597,577.4092,15539.0,0.0,237.8161,0.811,2.8738,469.0,32.1964,0.5944,0.7456,1313,1657,466,823,174.7324
12,124.9697,1,417.2869,503.5675,6863.0,513.0,90.5521,0.628,1.025,449.0,32.6765,0.6331,0.7754,280,624,466,823,174.7324
12,124.9697,2,842.8097,534.9589,13640.0,904.0,200.2218,0.6613,2.7268,447.0,56.0763,0.3491,0.5175,624,964,466,823,174.7324
12,124.9697,3,1070.094,578.0546,13654.0,283.0,189.3268,0.9966,2.4342,453.0,32.3403,0.5319,0.6945,964,1313,466,823,174.7324
12,124.9697,4,1531.0414,572.8935,17044.0,0.0,212.3147,0.8014,2.1998,475.0,36.4396,0.5669,0.7236,1313,1657,466,823,174.7324
12,125.3703,1,418.1663,517.6226,11079.0,775.0,127.5142,0.983,1.2494,442.0,36.5533,0.5729,0.7285,280,624,466,823,174.7324
12,125.3703,2,871.6425,546.2677,12464.0,796.0,175.3567,0.8534,2.3427,446.0,59.0443,0.3079,0.4709,624,964,466,823,174.7324
12,125.3703,3,1081.9724,522.1036,12591.0,1882.0,201.1148,0.9067,2.5913,424.0,39.9632,0.3976,0.5689,964,1313,466,823,174.7324
12,125.3703,4,1535.4463,572.3986,16491.0,13.0,212.8553,0.8034,2.4882,466.0,29.7643,0.6606,0.7956,1313,1657,466,823,174.7324
12,125.7708,1,428.2125,528.0778,13914.0,825.0,161.9395,0.6295,1.6407,449.0,37.923,0.5101,0.6755,280,624,466,823,174.7324
12,125.7708,2,888.5183,557.4338,11114.0,617.0,176.129,0.9302,2.655,449.0,38.8744,0.4955,0.6627,624,964,466,823,174.7324
12,125.7708,3,1102.0544,547.962,14185.0,1674.0,217.1461,0.9739,2.8306,419.0,48.3277,0.3245,0.49,964,1313,466,823,174.7324
12,125.7708,4,1536.422,574.5784,15441.0,0.0,220.5826,0.6866,2.8189,477.0,47.1055,0.4021,0.5736,1313,1657,466,823,174.7324
12,126.1714,1,427.0155,518.1472,14463.0,980.0,183.555,0.543,2.0011,448.0,26.0022,0.6529,0.79,280,624,466,823,174.7324
12,126.1714,2,894.6089,563.2428,11324.0,488.0,177.5416,0.9408,2.6,452.0,27.7787,0.6285,0.7719,624,964,466,823,174.7324
12,126.1714,3,1133.2904,562.377,14894.0,426.0,232.6658,0.8783,2.9527,454.0,50.0661,0.311,0.4744,964,1313,466,823,174.7324
12,126.1714,4,1557.2485,587.7733,15482.0,0.0,218.0386,0.8087,2.7721,480.0,49.2471,0.3846,0.5556,1313,1657,466,823,174.7324
12,126.5719,1,412.5121,525.2192,14658.0,1111.0,201.3268,0.5871,2.3342,439.0,37.1191,0.5155,0.6803,280,624,466,823,174.7324
12,126.5719,2,895.4299,559.6108,10581.0,539.0,172.8767,0.9275,2.6294,450.0,17.6682,0.7877,0.8813,624,964,466,823,174.7324
12,126.5719,3,1162.6811,544.9326,14237.0,2089.0,254.3759,0.8388,3.9283,422.0,54.7213,0.3578,0.527,964,1313,466,823,174.7324
12,126.5719,4,1579.046,594.9896,14413.0,0.0,219.3581,0.9574,2.9909,480.0,47.1399,0.4078,0.5794,1313,1657,466,823,174.7324
12,126.9725,1,383.8154,521.4519,14005.0,1388.0,177.9625,0.5963,1.9995,437.0,41.4747,0.4611,0.6311,280,624,466,823,174.7324
12,126.9725,2,896.829,552.7063,10264.0,644.0,176.1384,0.9603,2.7247,449.0,19.5063,0.7577,0.8622,624,964,466,823,174.7324
12,126.9725,3,1184.9587,561.2203,14788.0,1395.0,238.1288,0.9678,3.2914,429.0,55.7176,0.2949,0.4555,964,1313,466,823,174.7324
12,126.9725,4,1583.9308,609.329,14740.0,0.0,214.4759,0.9627,2.7087,489.0,33.3624,0.5617,0.7193,1313,1657,466,823,174.7324
12,127.373,1,357.9462,520.7211,12050.0,1222.0,157.4087,0.6608,1.8425,441.0,41.7847,0.4431,0.6141,280,624,466,823,174.7324
12,127.373,2,893.8061,558.2032,10748.0,623.0,172.2621,0.9707,2.6369,450.0,27.1942,0.6086,0.7567,624,964,466,823,174.7324
12,127.373,3,1195.4936,572.9285,13445.0,521.0,219.5114,0.9991,2.9512,451.0,34.1704,0.5178,0.6823,964,1313,466,823,174.7324
12,127.373,4,1564.3629,612.3002,17435.0,0.0,226.0788,0.9743,2.6173,479.0,45.0924,0.4363,0.6075,1313,1657,466,823,174.7324
12,127.7736,1,342.699,525.1715,11648.0,1146.0,150.3385,0.8485,1.7276,440.0,31.0652,0.5694,0.7256,280,624,466,823,174.7324
12,127.7736,2,881.668,552.5425,11116.0,443.0,181.1088,0.8967,2.7063,453.0,31.884,0.5586,0.7168,624,964,466,823,174.7324
12,127.7736,3,1178.1055,563.0294,13912.0,923.0,214.0104,0.9487,2.9632,438.0,43.6528,0.3833,0.5542,964,1313,466,823,174.7324
12,127.7736,4,1549.0231,587.4929,15518.0,0.0,222.8645,0.6968,2.8937,475.0,51.6039,0.32,0.4849,1313,1657,466,823,174.7324
12,128.1741,1,331.7989,523.1055,10169.0,902.0,146.1077,0.7571,1.8538,459.0,28.1618,0.676,0.8067,280,624,466,823,174.7324
12,128.1741,2,884.5015,544.2107,10936.0,451.0,170.0414,0.8585,2.3694,453.0,23.4859,0.7435,0.8529,624,964,466,823,174.7324
12,128.1741,3,1147.4474,550.1308,13498.0,965.0,210.1589,0.8308,2.9135,444.0,50.3153,0.294,0.4544,964,1313,466,823,174.7324
12,128.1741,4,1559.4247,570.4209,14359.0,0.0,204.7175,0.7826,2.5603,466.0,29.7277,0.6228,0.7675,1313,1657,466,823,174.7324
12,128.5746,1,337.492,532.7137,12645.0,946.0,146.3676,0.8087,1.5602,459.0,29.3321,0.6539,0.7907,280,624,466,823,174.7324
12,128.5746,2,886.4753,554.8825,12118.0,652.0,175.8846,0.9534,2.4088,448.0,36.5665,0.5484,0.7083,624,964,466,823,174.7324
12,128.5746,3,1115.1073,537.8835,14116.0,1770.0,191.4935,0.9488,2.2229,418.0,46.9718,0.3752,0.5457,964,1313,466,823,174.7324
12,128.5746,4,1563.519,593.4369,15062.0,0.0,213.4164,0.9159,2.6958,478.0,48.0004,0.4284,0.5998,1313,1657,466,823,174.7324
12,128.9752,1,351.8165,525.9521,11693.0,987.0,139.8544,0.9574,1.4092,439.0,39.9942,0.5145,0.6794,280,624,466,823,174.7324
12,128.9752,2,883.5137,557.7009,13231.0,391.0,181.9498,0.9451,2.1489,451.0,35.1184,0.5679,0.7244,624,964,466,823,174.7324
12,128.9752,3,1106.447,576.7871,15656.0,918.0,227.5908,0.999,2.9369,436.0,44.4245,0.4075,0.5791,964,1313,466,823,174.7324
12,128.9752,4,1578.3017,604.9993,14927.0,0.0,219.9835,0.9514,2.7502,486.0,38.1533,0.5316,0.6942,1313,1657,466,823,174.7324
12,129.3757,1,357.84,517.7676,11538.0,899.0,158.407,0.5687,1.8268,448.0,42.4762,0.4281,0.5995,280,624,466,823,174.7324
12,129.3757,2,872.7044,550.6702,12515.0,466.0,165.4334,0.9995,1.9037,449.0,43.2129,0.496,0.6631,624,964,466,823,174.7324
12,129.3757,3,1092.3827,582.6324,14821.0,258.0,233.638,0.971,3.1061,456.0,36.8887,0.5048,0.6709,964,1313,466,823,174.7324
12,129.3757,4,1568.5583,586.3985,18880.0,661.0,220.2018,0.9947,2.219,454.0,43.073,0.3351,0.502,1313,1657,466,823,174.7324
12,129.7763,1,391.1507,502.1176,12292.0,797.0,224.2824,0.328,3.195,451.0,39.5345,0.4763,0.6452,280,624,466,823,174.7324
12,129.7763,2,857.7624,527.9496,10697.0,615.0,141.0228,0.9543,1.6175,447.0,48.1379,0.4781,0.6469,624,964,466,823,174.7324
12,129.7763,3,1080.1162,543.5832,13754.0,1448.0,228.3938,0.8144,3.3258,433.0,46.114,0.4426,0.6136,964,1313,466,823,174.7324
12,129.7763,4,1538.2049,583.1865,16034.0,0.0,194.3772,0.8917,1.9699,471.0,43.8632,0.347,0.5153,1313,1657,466,823,174.7324
12,130.1768,1,446.6434,502.0307,12328.0,1081.0,221.7108,0.3161,3.4308,447.0,52.4911,0.3455,0.5136,280,624,466,823,174.7324
12,130.1768,2,836.5814,522.114,9782.0,661.0,123.8266,0.9708,1.3811,446.0,50.6177,0.466,0.6358,624,964,466,823,174.7324
12,130.1768,3,1059.8451,543.6023,12225.0,903.0,204.3807,0.7464,3.0335,442.0,47.9119,0.4151,0.5866,964,1313,466,823,174.7324
12,130.1768,4,1524.0169,567.1262,12067.0,0.0,167.1909,0.8345,2.0549,471.0,32.8232,0.5026,0.6689,1313,1657,466,823,174.7324
12,130.5774,1,502.1642,513.4913,11349.0,1025.0,150.0739,0.6345,1.8991,441.0,56.2742,0.207,0.343,280,624,466,823,174.7324
12,130.5774,2,821.3428,515.0468,9747.0,529.0,118.0459,0.9575,1.1844,448.0,42.8256,0.5863,0.7392,624,964,466,823,174.7324
12,130.5774,3,1036.2769,536.4328,11792.0,2072.0,225.9961,0.9059,3.5203,411.0,55.9221,0.3599,0.5293,964,1313,466,823,174.7324
12,130.5774,4,1532.8817,558.4955,11364.0,17.0,167.9155,0.921,1.972,466.0,25.0842,0.6579,0.7936,1313,1657,466,823,174.7324
12,130.9779,1,511.1269,547.2905,10469.0,677.0,127.4934,0.8666,1.695,465.0,42.3152,0.3525,0.5212,280,624,466,823,174.7324
12,130.9779,2,814.2363,527.9803,12460.0,467.0,139.6427,0.966,1.3117,450.0,28.6931,0.688,0.8151,624,964,466,823,174.7324
12,130.9779,3,1023.5286,590.2792,11655.0,184.0,225.9047,0.9678,3.9542,459.0,55.2766,0.2041,0.3391,964,1313,466,823,174.7324
12,130.9779,4,1529.5869,578.5224,13866.0,122.0,208.6715,0.9886,2.5861,459.0,42.1676,0.4764,0.6453,1313,1657,466,823,174.7324
12,131.3785,1,526.0419,531.9932,9587.0,523.0,151.0739,0.7933,2.1001,451.0,25.7641,0.608,0.7562,280,624,466,823,174.7324
12,131.3785,2,819.5529,543.502,14114.0,476.0,153.6439,0.9997,1.4857,447.0,25.8563,0.7133,0.8327,624,964,466,823,174.7324
12,131.3785,3,1008.9226,582.1497,10815.0,138.0,207.4351,0.9576,3.385,459.0,30.3642,0.583,0.7365,964,1313,466,823,174.7324
12,131.3785,4,1522.938,579.623,17481.0,410.0,250.8375,0.9897,2.4598,457.0,38.4918,0.5267,0.69,1313,1657,466,823,174.7324
12,131.779,1,513.7832,533.8211,10911.0,792.0,153.8705,0.7675,2.0097,444.0,28.5582,0.6067,0.7552,280,624,466,823,174.7324
12,131.779,2,827.1815,549.2962,14751.0,384.0,151.6861,0.9686,1.4124,451.0,26.6798,0.6603,0.7954,624,964,466,823,174.7324
12,131.779,3,1018.8008,541.8806,10874.0,1268.0,174.4989,0.9837,2.2925,428.0,55.1289,0.3377,0.5049,964,1313,466,823,174.7324
12,131.779,4,1508.4159,606.757,15417.0,0.0,230.2851,0.9799,2.8874,483.0,36.659,0.5411,0.7022,1313,1657,466,823,174.7324
12,132.1795,1,509.2731,536.6641,10595.0,399.0,137.932,0.7023,1.7388,460.0,22.4107,0.6656,0.7992,280,624,466,823,174.7324
12,132.1795,2,830.7097,547.634,15069.0,373.0,172.3872,0.8537,1.7361,452.0,28.1919,0.7038,0.8262,624,964,466,823,174.7324
12,132.1795,3,1024.8231,548.8668,12936.0,1450.0,212.3982,0.9326,2.693,425.0,37.7053,0.5506,0.7102,964,1313,466,823,174.7324
12,132.1795,4,1498.9918,573.6857,13127.0,0.0,189.0313,0.974,2.2448,469.0,36.1205,0.6068,0.7553,1313,1657,466,823,174.7324
12,132.5801,1,513.1416,532.0627,9741.0,472.0,133.4329,0.728,1.8047,465.0,25.9739,0.6341,0.7761,280,624,466,823,174.7324
12,132.5801,2,830.8021,539.1652,15351.0,512.0,183.5398,0.785,1.8579,449.0,22.931,0.7315,0.8449,624,964,466,823,174.7324
12,132.5801,3,1026.1058,586.7084,12985.0,129.0,220.3335,0.9115,3.2005,460.0,38.9952,0.5034,0.6697,964,1313,466,823,174.7324
12,132.5801,4,1491.9392,563.9859,13808.0,0.0,204.6325,0.8136,2.4912,470.0,37.4574,0.5524,0.7117,1313,1657,466,823,174.7324
12,132.9806,1,515.1602,528.8168,9609.0,432.0,125.7483,0.7327,1.6404,464.0,19.5104,0.7524,0.8587,280,624,466,823,174.7324
12,132.9806,2,825.7764,544.007,15598.0,452.0,179.9309,0.8074,1.8083,450.0,22.6426,0.7236,0.8396,624,964,466,823,174.7324
12,132.9806,3,1029.0542,570.2913,11448.0,415.0,171.2575,0.8618,2.6536,473.0,33.2976,0.5326,0.695,964,1313,466,823,174.7324
12,132.9806,4,1476.5589,579.4358,13370.0,0.0,164.8385,0.9932,1.7502,479.0,48.0943,0.3828,0.5537,1313,1657,466,823,174.7324
12,133.3812,1,524.6436,525.5964,9158.0,362.0,115.2981,0.9472,1.3231,460.0,32.0977,0.5896,0.7418,280,624,466,823,174.7324
12,133.3812,2,815.4612,541.3165,15803.0,523.0,183.0959,0.805,1.8125,449.0,19.4846,0.7836,0.8787,624,964,466,823,174.7324
12,133.3812,3,1033.6902,562.4738,11464.0,416.0,175.5165,0.9067,2.5719,453.0,31.6303,0.58,0.7342,964,1313,466,823,174.7324
12,133.3812,4,1460.8654,564.4964,14089.0,0.0,192.477,0.8212,2.2125,473.0,44.0159,0.4375,0.6087,1313,1657,466,823,174.7324
12,133.7817,1,522.1866,528.4537,10692.0,542.0,125.2163,0.9491,1.3154,456.0,26.2194,0.6853,0.8133,280,624,466,823,174.7324
12,133.7817,2,806.4846,544.9568,16211.0,451.0,186.3382,0.8072,1.8425,450.0,24.9383,0.6983,0.8223,624,964,466,823,174.7324
12,133.7817,3,1033.7712,537.3865,8357.0,144.0,147.3783,0.9721,2.079,459.0,32.1705,0.5402,0.7015,964,1313,466,823,174.7324
12,133.7817,4,1493.2595,551.0461,19616.0,213.0,221.7524,0.6985,1.864,460.0,35.3816,0.5027,0.6691,1313,1657,466,823,174.7324
12,134.1823,1,517.7448,531.2378,11087.0,386.0,123.4551,0.9972,1.2185,457.0,27.0153,0.6464,0.7853,280,624,466,823,174.7324
12,134.1823,2,805.5825,555.5923,17495.0,455.0,192.4858,0.7793,1.9316,450.0,20.6175,0.7503,0.8574,624,964,466,823,174.7324
12,134.1823,3,1045.5452,531.0152,15483.0,1831.0,201.3714,0.9162,1.7096,448.0,33.9347,0.4599,0.63,964,1313,466,823,174.7324
12,134.1823,4,1504.5024,566.0894,17758.0,400.0,232.2786,0.8765,2.7572,452.0,46.3381,0.4223,0.5938,1313,1657,466,823,174.7324
12,134.5828,1,504.3155,528.824,12130.0,683.0,154.6852,0.7261,1.7185,447.0,30.1586,0.5957,0.7466,280,624,466,823,174.7324
12,134.5828,2,786.6191,547.0208,16769.0,483.0,167.0965,0.9252,1.4557,451.0,32.6977,0.5658,0.7227,624,964,466,823,174.7324
12,134.5828,3,1050.6072,544.8352,10575.0,315.0,169.32,0.9906,2.2227,453.0,36.7663,0.4503,0.621,964,1313,466,823,174.7324
12,134.5828,4,1510.5561,599.7243,16316.0,0.0,220.7827,0.9702,2.5664,469.0,45.1577,0.42,0.5915,1313,1657,466,823,174.7324
12,134.9834,1,478.2206,511.4448,12785.0,1435.0,197.1759,0.6152,2.4192,431.0,39.4714,0.4814,0.6499,280,624,466,823,174.7324
12,134.9834,2,781.3099,556.338,19931.0,1872.0,187.5163,0.9942,1.5732,427.0,32.8776,0.5404,0.7016,624,964,466,823,174.7324
12,134.9834,3,1068.0624,546.9793,11403.0,247.0,162.7571,0.945,1.9648,457.0,34.8468,0.4979,0.6648,964,1313,466,823,174.7324
12,134.9834,4,1518.1354,605.8097,15919.0,0.0,219.643,0.9214,2.5076,481.0,27.605,0.6356,0.7772,1313,1657,466,823,174.7324
12,135.3839,1,442.7506,522.324,15367.0,1495.0,237.7437,0.5377,3.01,433.0,55.0008,0.3137,0.4776,280,624,466,823,174.7324
12,135.3839,2,782.9905,555.4568,19032.0,426.0,177.3627,0.9618,1.4806,451.0,32.6004,0.5941,0.7454,624,964,466,823,174.7324
12,135.3839,3,1082.016,531.9224,11982.0,656.0,166.8978,0.8051,1.9533,452.0,35.7512,0.5233,0.687,964,1313,466,823,174.7324
12,135.3839,4,1537.9762,562.9482,15224.0,623.0,234.186,0.7857,2.9388,445.0,42.6998,0.4525,0.6231,1313,1657,466,823,174.7324
12,135.7844,1,389.5157,514.3949,14894.0,1992.0,212.2334,0.6082,2.1609,417.0,57.6951,0.3031,0.4652,280,624,466,823,174.7324
12,135.7844,2,802.3706,570.6674,18043.0,241.0,186.8047,0.9759,1.7111,458.0,40.0258,0.5075,0.6733,624,964,466,823,174.7324
12,135.7844,3,1101.4533,545.7861,12239.0,253.0,183.0637,0.7796,2.3648,458.0,43.8663,0.4141,0.5857,964,1313,466,823,174.7324
12,135.7844,4,1555.079,576.8826,16056.0,222.0,213.3541,0.8804,2.4968,458.0,44.1702,0.443,0.614,1313,1657,466,823,174.7324
12,136.185,1,364.7213,533.6578,16879.0,1826.0,184.8831,0.9876,1.5349,420.0,50.2865,0.376,0.5465,280,624,466,823,174.7324
12,136.185,2,799.7924,569.9811,19081.0,575.0,192.6824,0.983,1.7222,445.0,25.3106,0.6845,0.8127,624,964,466,823,174.7324
12,136.185,3,1123.8686,536.9088,11873.0,681.0,177.6245,0.8299,2.3294,449.0,37.8658,0.5055,0.6715,964,1313,466,823,174.7324
12,136.185,4,1557.9326,604.9737,16446.0,0.0,217.2791,0.8617,2.4367,487.0,49.7624,0.4837,0.652,1313,1657,466,823,174.7324
12,136.5855,1,375.6995,567.9066,17825.0,646.0,216.8631,0.9184,2.2801,445.0,36.7537,0.5583,0.7165,280,624,466,823,174.7324
12,136.5855,2,802.395,542.5413,17285.0,503.0,203.6174,0.6946,2.1248,453.0,40.8714,0.4686,0.6382,624,964,466,823,174.7324
12,136.5855,3,1148.1866,535.92,12668.0,451.0,169.9582,0.7985,1.9389,456.0,46.5209,0.4383,0.6094,964,1313,466,823,174.7324
12,136.5855,4,1566.7185,592.5014,15036.0,91.0,225.3673,0.8862,2.721,464.0,34.5397,0.6132,0.7602,1313,1657,466,823,174.7324
12,136.9861,1,381.2485,561.1413,16987.0,552.0,187.9707,0.9705,1.8029,446.0,34.8199,0.5881,0.7406,280,624,466,823,174.7324
12,136.9861,2,778.9368,524.6473,17115.0,1194.0,202.3335,0.6665,1.9494,445.0,35.1557,0.5459,0.7063,624,964,466,823,174.7324
12,136.9861,3,1160.3445,542.8471,12556.0,45.0,166.0707,0.742,1.9327,464.0,44.188,0.5021,0.6685,964,1313,466,823,174.7324
12,136.9861,4,1574.6379,583.5426,12452.0,77.0,199.1101,0.9565,2.6587,461.0,41.5659,0.5237,0.6874,1313,1657,466,823,174.7324
12,137.3866,1,392.346,522.0892,15275.0,889.0,240.137,0.413,3.2878,444.0,57.5381,0.2413,0.3888,280,624,466,823,174.7324
12,137.3866,2,742.6761,539.2731,18414.0,1265.0,221.9965,0.7095,2.2291,441.0,53.2047,0.3258,0.4914,624,964,466,823,174.7324
12,137.3866,3,1174.068,544.1642,13084.0,93.0,170.7973,0.7412,1.987,463.0,33.6935,0.5917,0.7434,964,1313,466,823,174.7324
12,137.3866,4,1575.5578,591.2048,14934.0,0.0,182.9688,0.9934,1.9889,477.0,33.0635,0.4383,0.6094,1313,1657,466,823,174.7324
12,137.7872,1,457.9684,506.656,14224.0,954.0,222.6819,0.3212,2.9262,443.0,52.743,0.3437,0.5116,280,624,466,823,174.7324
12,137.7872,2,726.9873,559.795,17304.0,446.0,217.0416,0.726,2.4708,464.0,43.6501,0.4142,0.5858,624,964,466,823,174.7324
12,137.7872,3,1181.8919,548.3224,13010.0,305.0,172.9646,0.8197,2.0523,458.0,31.0459,0.6231,0.7678,964,1313,466,823,174.7324
12,137.7872,4,1543.6629,558.3181,12929.0,376.0,190.0437,0.9996,2.1961,450.0,39.0742,0.3285,0.4946,1313,1657,466,823,174.7324
12,138.1877,1,489.5027,535.6698,14869.0,621.0,146.1132,0.8513,1.2318,444.0,52.3342,0.2857,0.4444,280,624,466,823,174.7324
12,138.1877,2,719.3903,561.4923,18505.0,886.0,223.671,0.962,2.1154,445.0,35.9743,0.537,0.6988,624,964,466,823,174.7324
12,138.1877,3,1187.9811,558.2002,13848.0,271.0,182.0581,0.9172,2.1926,460.0,37.4049,0.5666,0.7234,964,1313,466,823,174.7324
12,138.1877,4,1532.4597,571.852,14070.0,184.0,224.6701,0.9526,2.9114,458.0,37.712,0.4936,0.661,1313,1657,466,823,174.7324
12,138.5882,1,489.7121,518.298,13263.0,865.0,218.4829,0.5451,2.878,447.0,46.4024,0.3644,0.5342,280,624,466,823,174.7324
12,138.5882,2,723.3185,555.471,17528.0,428.0,196.4965,0.7707,1.8556,458.0,35.7096,0.5465,0.7068,624,964,466,823,174.7324
12,138.5882,3,1193.1025,570.0452,13774.0,31.0,188.4784,0.8293,2.3593,465.0,31.3563,0.5923,0.744,964,1313,466,823,174.7324
12,138.5882,4,1513.3582,590.03,16345.0,187.0,219.7116,0.9946,2.2596,458.0,48.4583,0.4365,0.6077,1313,1657,466,823,174.7324
12,138.9888,1,419.5978,499.5259,14243.0,1560.0,250.3945,0.3215,3.3911,430.0,54.3835,0.3215,0.4865,280,624,466,823,174.7324
12,138.9888,2,740.4371,528.0988,16879.0,1593.0,197.5061,0.657,1.9645,434.0,48.2108,0.364,0.5337,624,964,466,823,174.7324
12,138.9888,3,1196.1423,554.0724,12290.0,169.0,168.9618,0.8505,2.1103,460.0,34.6977,0.5975,0.748,964,1313,466,823,174.7324
12,138.9888,4,1494.3653,605.3728,18547.0,0.0,241.3945,0.941,2.714,473.0,43.8216,0.4156,0.5872,1313,1657,466,823,174.7324
12,139.3893,1,370.0714,513.0439,13384.0,1696.0,198.4019,0.5536,2.3649,421.0,57.6561,0.2077,0.344,280,624,466,823,174.7324
12,139.3893,2,739.6204,522.2287,16525.0,1839.0,187.4658,0.6391,1.8511,432.0,24.8312,0.643,0.7827,624,964,466,823,174.7324
12,139.3893,3,1191.3739,554.1427,11764.0,154.0,148.1292,0.9357,1.7542,459.0,36.3803,0.5967,0.7474,964,1313,466,823,174.7324
12,139.3893,4,1510.7612,579.1693,17447.0,886.0,240.2355,0.9636,2.7288,437.0,37.0874,0.5365,0.6983,1313,1657,466,823,174.7324
12,139.7899,1,331.2091,510.6239,11803.0,2463.0,189.3688,0.8851,2.3692,402.0,43.2184,0.4058,0.5774,280,624,466,823,174.7324
12,139.7899,2,723.828,537.1507,17110.0,1320.0,180.7252,0.7391,1.7007,434.0,33.9644,0.5221,0.686,624,964,466,823,174.7324
12,139.7899,3,1188.4201,540.8151,10847.0,316.0,142.552,0.9884,1.6665,454.0,28.8033,0.6297,0.7728,964,1313,466,823,174.7324
12,139.7899,4,1532.3545,568.0586,17314.0,1229.0,232.2706,0.9851,2.6036,430.0,42.2846,0.4687,0.6382,1313,1657,466,823,174.7324
12,140.1904,1,331.1217,534.057,10353.0,1620.0,194.758,0.9242,3.11,426.0,36.0813,0.4441,0.6151,280,624,466,823,174.7324
12,140.1904,2,710.4244,546.6572,17035.0,716.0,188.8906,0.822,1.8347,447.0,32.79,0.5674,0.724,624,964,466,823,174.7324
12,140.1904,3,1179.1444,537.9564,11001.0,215.0,150.4044,0.9244,1.7517,458.0,29.923,0.6407,0.781,964,1313,466,823,174.7324
12,140.1904,4,1545.288,591.0463,15999.0,0.0,234.2667,0.8593,2.9618,473.0,47.002,0.4399,0.611,1313,1657,466,823,174.7324
12,140.591,1,342.8212,536.9177,10294.0,839.0,159.4069,0.9668,2.3175,443.0,40.0156,0.4084,0.5799,280,624,466,823,174.7324
12,140.591,2,712.8841,564.426,19479.0,1300.0,215.6092,0.9992,1.805,438.0,31.6819,0.5532,0.7123,624,964,466,823,174.7324
12,140.591,3,1170.9662,536.0415,11661.0,631.0,172.2548,0.8675,2.1451,449.0,29.3659,0.6673,0.8005,964,1313,466,823,174.7324
12,140.591,4,1560.4215,575.0638,14938.0,436.0,215.5641,0.8657,2.5981,450.0,36.8965,0.5496,0.7093,1313,1657,466,823,174.7324
12,140.9915,1,354.6891,507.2447,9988.0,2319.0,145.2467,0.998,1.8725,411.0,45.2197,0.2981,0.4593,280,624,466,823,174.7324
12,140.9915,2,717.5228,556.3112,17710.0,401.0,181.6187,0.9855,1.5983,460.0,30.9741,0.5517,0.7111,624,964,466,823,174.7324
12,140.9915,3,1163.193,539.4919,12407.0,331.0,183.2486,0.8481,2.2238,456.0,26.1531,0.718,0.8359,964,1313,466,823,174.7324
12,140.9915,4,1565.4168,594.8149,14948.0,0.0,214.4334,0.866,2.5986,478.0,39.1658,0.5324,0.6948,1313,1657,466,823,174.7324
12,141.3921,1,387.1411,533.8858,12586.0,483.0,195.4286,0.6301,2.5245,453.0,53.8435,0.3153,0.4795,280,624,466,823,174.7324
12,141.3921,2,754.2699,548.2669,18528.0,1294.0,186.769,0.9257,1.5845,446.0,55.0067,0.2971,0.4581,624,964,466,823,174.7324
12,141.3921,3,1150.6909,549.1518,13150.0,607.0,192.4478,0.9134,2.3596,446.0,34.2197,0.6282,0.7717,964,1313,466,823,174.7324
12,141.3921,4,1572.4122,592.4879,14812.0,25.0,216.3914,0.8566,2.6485,465.0,31.1385,0.6403,0.7807,1313,1657,466,823,174.7324
12,141.7926,1,394.9485,526.3246,13024.0,1518.0,223.8771,0.6778,3.2525,433.0,32.6114,0.6417,0.7817,280,624,466,823,174.7324
12,141.7926,2,772.1461,530.9316,16001.0,1330.0,204.5012,0.7226,2.1281,446.0,33.6752,0.5509,0.7104,624,964,466,823,174.7324
12,141.7926,3,1140.479,551.8084,12632.0,346.0,172.3982,0.9378,2.0299,452.0,34.4805,0.6423,0.7822,964,1313,466,823,174.7324
12,141.7926,4,1577.0603,580.5097,14551.0,30.0,168.59,0.8495,1.8951,489.0,33.8067,0.5732,0.7287,1313,1657,466,823,174.7324
12,142.1931,1,362.5786,500.7852,10615.0,1156.0,162.7463,0.3576,2.1411,434.0,48.6422,0.4318,0.6032,280,624,466,823,174.7324
12,142.1931,2,763.9881,534.3585,17335.0,1791.0,225.0513,0.6787,2.4742,439.0,30.2106,0.5899,0.7421,624,964,466,823,174.7324
12,142.1931,3,1131.1975,546.8443,12712.0,909.0,176.871,1.0,2.1342,434.0,44.7676,0.5321,0.6946,964,1313,466,823,174.7324
12,142.1931,4,1564.6318,586.3884,15026.0,0.0,195.444,0.8419,2.215,481.0,37.0828,0.5211,0.6852,1313,1657,466,823,174.7324
12,142.5937,1,333.8235,499.6211,8804.0,1858.0,134.5879,0.9979,1.674,417.0,60.9472,0.3404,0.5079,280,624,466,823,174.7324
12,142.5937,2,738.7986,535.7522,16503.0,1162.0,207.5818,0.6315,2.224,444.0,42.0552,0.4421,0.6132,624,964,466,823,174.7324
12,142.5937,3,1117.7735,555.3713,14321.0,679.0,196.8635,0.8783,2.396,443.0,50.2516,0.4503,0.621,964,1313,466,823,174.7324
12,142.5937,4,1550.8802,595.7471,17002.0,0.0,226.5858,0.7646,2.6059,479.0,33.0074,0.5798,0.734,1313,1657,466,823,174.7324
12,142.9942,1,332.0539,539.0566,12899.0,1221.0,182.0123,0.9398,2.0387,435.0,47.3288,0.4087,0.5803,280,624,466,823,174.7324
12,142.9942,2,719.2707,534.0329,14056.0,1240.0,173.4623,0.7512,1.9897,441.0,33.2245,0.5093,0.6749,624,964,466,823,174.7324
12,142.9942,3,1126.146,545.7292,13812.0,600.0,180.4945,0.8025,2.1327,451.0,31.1807,0.6714,0.8034,964,1313,466,823,174.7324
12,142.9942,4,1558.7668,585.0928,16533.0,0.0,212.4576,0.7922,2.3703,470.0,29.3779,0.6356,0.7772,1313,1657,466,823,174.7324
12,143.3948,1,345.0715,569.6884,15948.0,116.0,206.0648,0.8885,2.1107,461.0,37.7082,0.5476,0.7077,280,624,466,823,174.7324
12,143.3948,2,697.203,526.8485,12096.0,1722.0,157.0765,0.9174,1.9781,423.0,29.6762,0.4846,0.6528,624,964,466,823,174.7324
12,143.3948,3,1174.9932,534.8481,16804.0,1855.0,210.1324,0.7741,1.9561,423.0,64.7814,0.2398,0.3868,964,1313,466,823,174.7324
12,143.3948,4,1563.0404,579.3424,15941.0,55.0,193.0696,0.7243,2.2391,491.0,28.4519,0.6549,0.7915,1313,1657,466,823,174.7324
12,143.7953,1,360.0377,557.5546,13458.0,409.0,202.9005,0.6957,2.6385,463.0,43.2804,0.4851,0.6533,280,624,466,823,174.7324
12,143.7953,2,681.948,544.1148,11748.0,1678.0,221.9799,0.958,3.4958,424.0,46.5006,0.4214,0.5929,624,964,466,823,174.7324
12,143.7953,3,1192.8383,561.0984,18514.0,1062.0,215.414,0.9608,1.8571,435.0,53.6035,0.3941,0.5654,964,1313,466,823,174.7324
12,143.7953,4,1566.3935,595.65,15699.0,0.0,203.5624,0.7611,2.353,492.0,34.3792,0.5999,0.7499,1313,1657,466,823,174.7324
12,144.1959,1,337.1056,526.3672,7217.0,623.0,116.4122,0.8036,1.8749,450.0,52.9667,0.2986,0.4599,280,624,466,823,174.7324
12,144.1959,2,687.6795,593.0067,12018.0,32.0,193.3028,0.9294,2.826,477.0,41.6079,0.4598,0.63,624,964,466,823,174.7324
12,144.1959,3,1201.6493,575.1762,18028.0,247.0,210.825,0.8776,2.0939,455.0,32.4111,0.6352,0.7769,964,1313,466,823,174.7324
12,144.1959,4,1570.0394,604.7929,15480.0,0.0,204.1871,0.9101,2.2029,493.0,35.7853,0.5681,0.7246,1313,1657,466,823,174.7324
12,144.5964,1,330.8875,502.6338,8432.0,1337.0,146.5897,0.8476,2.0015,440.0,37.3245,0.5137,0.6788,280,624,466,823,174.7324
12,144.5964,2,704.1722,570.8591,15283.0,530.0,190.0175,0.9659,2.2153,459.0,51.1215,0.369,0.539,624,964,466,823,174.7324
12,144.5964,3,1215.231,555.2992,18642.0,2334.0,225.0842,0.9861,2.1398,416.0,39.5276,0.5344,0.6966,964,1313,466,823,174.7324
12,144.5964,4,1571.0181,588.1063,14908.0,0.0,185.2464,0.9368,2.0106,476.0,39.3126,0.4769,0.6458,1313,1657,466,823,174.7324
12,144.997,1,351.4552,530.4337,11881.0,870.0,155.6879,0.7554,1.8357,445.0,41.8178,0.5305,0.6933,280,624,466,823,174.7324
12,144.997,2,710.6746,539.4849,13239.0,667.0,174.5016,0.9439,1.83,451.0,40.4761,0.4717,0.641,624,964,466,823,174.7324
12,144.997,3,1216.7848,590.6012,18403.0,61.0,207.3836,0.9697,1.922,477.0,38.875,0.5472,0.7073,964,1313,466,823,174.7324
12,144.997,4,1580.6474,551.3261,10452.0,0.0,151.3498,0.9599,1.7228,472.0,26.1321,0.5969,0.7476,1313,1657,466,823,174.7324
12,145.3975,1,348.4614,520.8072,11908.0,1444.0,165.1067,0.8046,1.8495,427.0,22.5783,0.7263,0.8415,280,624,466,823,174.7324
12,145.3975,2,727.1388,538.1248,15703.0,1736.0,175.9586,0.9852,1.6318,431.0,41.8225,0.4949,0.6621,624,964,466,823,174.7324
12,145.3975,3,1210.1919,569.4012,16682.0,131.0,186.0172,0.9543,1.7815,470.0,46.426,0.4232,0.5947,964,1313,466,823,174.7324
12,145.3975,4,1582.5882,596.2031,14987.0,0.0,227.7292,0.9938,2.7951,481.0,39.7363,0.4516,0.6222,1313,1657,466,823,174.7324
12,145.798,1,342.1319,528.6443,14935.0,2390.0,187.8798,1.0,1.7802,407.0,46.7762,0.4345,0.6057,280,624,466,823,174.7324
12,145.798,2,747.9154,541.7108,13166.0,216.0,176.3067,0.7731,2.0414,458.0,46.7994,0.4321,0.6035,624,964,466,823,174.7324
12,145.798,3,1174.2051,531.5678,14480.0,1186.0,212.1798,0.6429,2.4683,433.0,54.0272,0.3482,0.5166,964,1313,466,823,174.7324
12,145.798,4,1585.8536,606.0647,14060.0,0.0,217.569,0.9953,2.8221,483.0,28.9085,0.6393,0.78,1313,1657,466,823,174.7324
12,146.1986,1,350.3532,565.7627,15460.0,79.0,213.5887,0.7826,2.4869,462.0,45.0097,0.4701,0.6396,280,624,466,823,174.7324
12,146.1986,2,739.3602,541.8398,18156.0,1296.0,205.1443,0.927,1.7539,443.0,32.5375,0.5951,0.7462,624,964,466,823,174.7324
12,146.1986,3,1119.8845,535.9796,15132.0,1337.0,218.4374,0.743,2.6571,435.0,66.1269,0.1913,0.3212,964,1313,466,823,174.7324
12,146.1986,4,1573.0277,610.8786,14678.0,0.0,218.7772,0.9569,2.6964,487.0,33.6018,0.5767,0.7315,1313,1657,466,823,174.7324
12,146.5991,1,361.528,555.9407,13906.0,1057.0,211.0214,0.856,2.686,435.0,38.8681,0.523,0.6868,280,624,466,823,174.7324
12,146.5991,2,727.2605,546.8209,17664.0,431.0,200.3178,0.7725,1.8749,453.0,28.9856,0.5834,0.7369,624,964,466,823,174.7324
12,146.5991,3,1080.8464,547.9912,17068.0,948.0,243.8495,0.647,2.6994,439.0,61.5943,0.2277,0.371,964,1313,466,823,174.7324
12,146.5991,4,1568.829,582.2126,13677.0,0.0,180.5175,0.9486,2.072,469.0,44.4704,0.4658,0.6355,1313,1657,466,823,174.7324
12,146.9997,1,342.5389,517.5945,8181.0,822.0,108.6669,0.5784,1.5033,459.0,43.5469,0.3566,0.5257,280,624,466,823,174.7324
12,146.9997,2,725.1524,555.6657,20795.0,704.0,200.9413,0.9756,1.5327,450.0,33.9978,0.5584,0.7166,624,964,466,823,174.7324
12,146.9997,3,1054.1236,544.5628,14475.0,1664.0,214.8586,0.8659,2.29,420.0,44.0108,0.4214,0.593,964,1313,466,823,174.7324
12,146.9997,4,1556.7934,543.7951,14794.0,650.0,198.0749,0.935,2.1394,447.0,40.0782,0.3793,0.55,1313,1657,466,823,174.7324
12,147.4002,1,324.2103,481.8841,4935.0,1118.0,92.4147,0.3917,1.3635,444.0,35.6457,0.4536,0.6241,280,624,466,823,174.7324
12,147.4002,2,733.2283,571.7292,22542.0,444.0,224.3397,0.9902,1.8482,453.0,26.2449,0.6499,0.7878,624,964,466,823,174.7324
12,147.4002,3,1036.8613,570.2823,17199.0,217.0,197.3877,0.9627,1.9585,470.0,47.6017,0.366,0.5358,964,1313,466,823,174.7324
12,147.4002,4,1539.3622,581.5428,11797.0,0.0,174.5019,0.9575,2.1278,487.0,47.7041,0.3365,0.5036,1313,1657,466,823,174.7324
12,147.8008,1,346.9066,500.5256,7300.0,879.0,102.6913,0.8996,1.2147,446.0,43.6797,0.3954,0.5667,280,624,466,823,174.7324
12,147.8008,2,737.9753,569.2204,20567.0,649.0,208.8613,0.9865,1.8091,447.0,29.386,0.6245,0.7689,624,964,466,823,174.7324
12,147.8008,3,1055.1628,553.551,15699.0,496.0,205.9595,0.7668,2.3096,449.0,53.6347,0.32,0.4848,964,1313,466,823,174.7324
12,147.8008,4,1520.3094,601.992,13816.0,0.0,207.17,0.9954,2.4824,488.0,43.6147,0.4704,0.6398,1313,1657,466,823,174.7324
12,148.2013,1,374.8066,504.4382,10849.0,1035.0,170.7281,0.4924,2.1829,449.0,51.3018,0.4077,0.5792,280,624,466,823,174.7324
12,148.2013,2,749.4859,566.7368,18595.0,352.0,215.3045,0.8604,2.1128,456.0,34.3768,0.5469,0.7071,624,964,466,823,174.7324
12,148.2013,3,1098.8067,533.6174,16283.0,1913.0,211.9162,0.8616,2.0524,414.0,56.1082,0.3366,0.5037,964,1313,466,823,174.7324
12,148.2013,4,1510.1745,595.7739,14983.0,0.0,207.511,0.9211,2.3998,483.0,38.164,0.5689,0.7252,1313,1657,466,823,174.7324
12,148.6018,1,388.0044,515.1361,12144.0,1186.0,181.6221,0.4478,2.469,446.0,27.8313,0.677,0.8074,280,624,466,823,174.7324
12,148.6018,2,742.101,528.5574,15975.0,1322.0,207.0239,0.7203,2.2063,444.0,35.9337,0.5603,0.7182,624,964,466,823,174.7324
12,148.6018,3,1123.6636,575.3624,18548.0,175.0,211.6278,0.9345,1.9283,458.0,58.9634,0.2984,0.4596,964,1313,466,823,174.7324
12,148.6018,4,1515.8158,574.1009,14967.0,0.0,212.1374,0.8005,2.4921,473.0,35.0033,0.5614,0.7191,1313,1657,466,823,174.7324
12,149.0024,1,369.1819,498.1116,8236.0,759.0,135.1982,0.3732,1.8404,450.0,33.6449,0.5997,0.7498,280,624,466,823,174.7324
12,149.0024,2,724.6385,524.6242,14635.0,1356.0,177.3895,0.7018,1.9321,440.0,39.1482,0.479,0.6478,624,964,466,823,174.7324
12,149.0024,3,1150.9832,566.1745,20693.0,397.0,198.6593,0.9911,1.7177,449.0,40.632,0.4943,0.6616,964,1313,466,823,174.7324
12,149.0024,4,1533.1088,556.5864,14757.0,0.0,187.505,0.6338,2.1223,474.0,37.5521,0.5408,0.702,1313,1657,466,823,174.7324
12,149.4029,1,372.2434,508.693,7583.0,890.0,92.634,0.9589,1.1115,445.0,38.0655,0.5059,0.6719,280,624,466,823,174.7324
12,149.4029,2,707.051,551.1664,13845.0,894.0,171.3471,0.9049,2.1635,448.0,43.4452,0.3241,0.4895,624,964,466,823,174.7324
12,149.4029,3,1126.4886,556.096,18179.0,653.0,239.5729,0.7097,2.5745,450.0,48.8278,0.3124,0.4761,964,1313,466,823,174.7324
12,149.4029,4,1552.9745,560.9005,13704.0,0.0,182.5016,0.6627,2.0976,478.0,49.5035,0.494,0.6613,1313,1657,466,823,174.7324
12,149.8035,1,369.0346,509.7758,8604.0,755.0,119.2851,0.7287,1.5033,449.0,36.9062,0.4819,0.6504,280,624,466,823,174.7324
12,149.8035,2,689.0018,568.7402,11904.0,764.0,179.8,0.963,2.7371,459.0,36.8515,0.3882,0.5592,624,964,466,823,174.7324
12,149.8035,3,1097.5028,546.4707,15810.0,346.0,223.5054,0.5881,2.8661,456.0,52.0964,0.3644,0.5342,964,1313,466,823,174.7324
12,149.8035,4,1575.0622,563.4954,13740.0,0.0,175.4964,0.8752,1.9014,469.0,40.7293,0.4959,0.663,1313,1657,466,823,174.7324
12,150.204,1,393.5061,510.4032,11755.0,918.0,179.5637,0.4906,2.3356,452.0,51.6328,0.3759,0.5464,280,624,466,823,174.7324
12,150.204,2,676.8072,569.9987,12866.0,930.0,172.3985,0.9784,2.2061,464.0,24.7243,0.6051,0.754,624,964,466,823,174.7324
12,150.204,3,1065.5335,537.9342,14342.0,622.0,173.453,0.6836,2.0086,452.0,39.2599,0.4427,0.6138,964,1313,466,823,174.7324
12,150.204,4,1583.493,581.5879,13587.0,20.0,165.5942,0.8047,1.8897,492.0,32.7979,0.532,0.6945,1313,1657,466,823,174.7324
12,150.6046,1,386.4179,502.379,11598.0,1204.0,179.208,0.3927,2.3068,445.0,26.724,0.7137,0.833,280,624,466,823,174.7324
12,150.6046,2,683.655,564.1,14373.0,572.0,181.9835,0.9463,2.044,458.0,27.4924,0.646,0.7849,624,964,466,823,174.7324
12,150.6046,3,1043.6481,545.9415,13183.0,391.0,159.2015,0.8099,1.8045,456.0,33.3089,0.4886,0.6565,964,1313,466,823,174.7324
12,150.6046,4,1580.2123,577.5192,16540.0,0.0,154.6969,0.8684,1.3581,491.0,27.7945,0.6197,0.7652,1313,1657,466,823,174.7324
12,151.0051,1,383.6861,515.5142,12603.0,693.0,175.4798,0.3984,2.2142,452.0,33.6457,0.5762,0.7311,280,624,466,823,174.7324
12,151.0051,2,703.0228,552.6106,17970.0,1880.0,195.8361,0.9992,1.8214,424.0,47.3322,0.4125,0.5841,624,964,466,823,174.7324
12,151.0051,3,1034.102,559.2117,13043.0,175.0,159.8337,0.8639,1.7458,459.0,27.4977,0.5745,0.7297,964,1313,466,823,174.7324
12,151.0051,4,1554.5752,563.6252,17409.0,18.0,173.6924,0.9595,1.4561,467.0,43.8673,0.4248,0.5962,1313,1657,466,823,174.7324
12,151.4057,1,365.8131,506.4189,11758.0,662.0,183.7868,0.3605,2.3568,451.0,25.7453,0.6872,0.8146,280,624,466,823,174.7324
12,151.4057,2,743.9529,560.2324,15616.0,534.0,192.8308,0.9032,2.1297,451.0,47.5742,0.3081,0.4711,624,964,466,823,174.7324
12,151.4057,3,1034.5864,556.4748,12223.0,362.0,162.1241,0.8561,2.0155,454.0,16.8438,0.73,0.8439,964,1313,466,823,174.7324
12,151.4057,4,1545.4589,585.1275,17597.0,0.0,194.2372,0.8718,1.8104,491.0,41.1722,0.5173,0.6819,1313,1657,466,823,174.7324
12,151.8062,1,355.4842,510.7583,11097.0,1190.0,157.2343,0.5323,1.9572,448.0,37.5959,0.5949,0.746,280,624,466,823,174.7324
12,151.8062,2,757.6923,558.2682,15559.0,367.0,189.2788,0.9435,1.8924,454.0,31.0533,0.5712,0.7271,624,964,466,823,174.7324
12,151.8062,3,1035.2969,548.8705,12174.0,501.0,168.7993,0.8282,2.1074,450.0,17.7244,0.72,0.8372,964,1313,466,823,174.7324
12,151.8062,4,1534.3381,594.0154,19041.0,0.0,218.0913,0.913,2.1386,475.0,28.5372,0.6846,0.8128,1313,1657,466,823,174.7324
12,152.2067,1,355.5743,515.7227,11090.0,902.0,181.7095,0.551,2.5401,442.0,29.8459,0.6789,0.8088,280,624,466,823,174.7324
12,152.2067,2,752.7112,544.0808,16642.0,799.0,213.1604,0.6901,2.3351,452.0,37.9211,0.4672,0.6369,624,964,466,823,174.7324
12,152.2067,3,1038.3611,559.5714,12282.0,132.0,162.7886,0.8279,2.0965,461.0,20.3859,0.7021,0.825,964,1313,466,823,174.7324
12,152.2067,4,1517.1906,581.3759,17638.0,0.0,229.8022,0.7243,2.7649,473.0,39.2676,0.5005,0.6671,1313,1657,466,823,174.7324
12,152.6073,1,330.2602,500.4489,10080.0,2394.0,168.2198,0.9667,2.1663,410.0,47.9868,0.41,0.5816,280,624,466,823,174.7324
12,152.6073,2,741.0631,510.1181,11824.0,2097.0,177.3431,0.7615,2.2542,429.0,38.3306,0.4618,0.6318,624,964,466,823,174.7324
12,152.6073,3,1042.018,560.3282,13346.0,440.0,164.8015,0.8884,1.9979,454.0,24.8415,0.6274,0.771,964,1313,466,823,174.7324
12,152.6073,4,1537.2358,567.0169,14413.0,0.0,192.9601,0.6681,2.4178,469.0,34.5328,0.4981,0.665,1313,1657,466,823,174.7324
12,153.0078,1,336.7123,527.0284,11278.0,2011.0,164.3248,0.9991,2.152,421.0,26.9379,0.6013,0.751,280,624,466,823,174.7324
12,153.0078,2,710.0373,513.4967,10913.0,1363.0,149.5707,0.9309,1.7144,433.0,43.5028,0.3702,0.5404,624,964,466,823,174.7324
12,153.0078,3,1028.6882,563.1668,14732.0,707.0,152.205,0.8293,1.6393,478.0,32.5422,0.499,0.6658,964,1313,466,823,174.7324
12,153.0078,4,1588.9012,550.9941,10894.0,38.0,174.272,0.868,2.261,465.0,44.5912,0.377,0.5475,1313,1657,466,823,174.7324
12,153.4084,1,352.2779,532.8103,10256.0,1068.0,145.137,0.8473,2.1046,441.0,40.6028,0.3311,0.4975,280,624,466,823,174.7324
12,153.4084,2,702.6084,536.0028,11580.0,1003.0,165.0875,0.995,2.0292,440.0,27.8097,0.5807,0.7347,624,964,466,823,174.7324
12,153.4084,3,1029.2293,564.5006,15249.0,25.0,171.6851,0.9349,1.7329,478.0,32.413,0.5836,0.7371,964,1313,466,823,174.7324
12,153.4084,4,1595.5048,585.3891,11773.0,20.0,162.9989,0.9493,2.0288,493.0,45.6232,0.4392,0.6103,1313,1657,466,823,174.7324
12,153.8089,1,400.4075,494.4141,9702.0,1883.0,164.9315,0.5834,2.3385,430.0,51.0436,0.2992,0.4606,280,624,466,823,174.7324
12,153.8089,2,707.8643,546.1061,12853.0,907.0,171.3735,0.9803,2.0291,443.0,24.3551,0.6617,0.7964,624,964,466,823,174.7324
12,153.8089,3,1044.2376,545.4141,13360.0,122.0,157.7035,0.8314,1.6102,460.0,42.6476,0.4577,0.628,964,1313,466,823,174.7324
12,153.8089,4,1589.2737,581.1885,13748.0,0.0,165.476,0.9032,1.7957,494.0,34.1887,0.5299,0.6927,1313,1657,466,823,174.7324
12,154.2095,1,441.698,506.6202,13316.0,2915.0,216.9532,0.7123,3.0576,408.0,71.6458,0.1652,0.2836,280,624,466,823,174.7324
12,154.2095,2,715.5027,524.6451,11117.0,1041.0,164.3579,0.9255,1.9667,440.0,27.2755,0.6536,0.7905,624,964,466,823,174.7324
12,154.2095,3,1052.0416,533.5723,12439.0,373.0,145.1327,0.7108,1.4414,453.0,30.7418,0.6562,0.7924,964,1313,466,823,174.7324
12,154.2095,4,1568.6098,565.2071,15160.0,0.0,156.2369,0.686,1.4054,475.0,49.3962,0.4806,0.6492,1313,1657,466,823,174.7324
12,154.61,1,466.8615,534.1953,14109.0,1957.0,214.593,0.8148,2.9704,418.0,65.5095,0.2023,0.3365,280,624,466,823,174.7324
12,154.61,2,714.3098,549.3232,12613.0,713.0,158.6146,0.9999,1.8939,446.0,29.9882,0.5846,0.7379,624,964,466,823,174.7324
12,154.61,3,1061.7005,546.6023,13851.0,116.0,141.3219,0.9568,1.2665,459.0,33.7114,0.5768,0.7316,964,1313,466,823,174.7324
12,154.61,4,1541.6602,551.6063,17069.0,197.0,171.9677,0.8506,1.3765,458.0,39.3754,0.4664,0.6361,1313,1657,466,823,174.7324
12,155.0106,1,495.076,525.3494,11967.0,2237.0,206.6783,0.9276,3.0295,408.0,43.4675,0.4479,0.6187,280,624,466,823,174.7324
12,155.0106,2,716.6591,531.128,10749.0,784.0,153.1436,0.9882,1.8842,443.0,24.8215,0.6733,0.8047,624,964,466,823,174.7324
12,155.0106,3,1071.0445,556.1276,15355.0,129.0,153.8916,0.9417,1.3838,460.0,33.2854,0.5705,0.7265,964,1313,466,823,174.7324
12,155.0106,4,1513.8867,586.858,19314.0,0.0,223.6428,0.8442,2.0972,485.0,58.13,0.2853,0.4439,1313,1657,466,823,174.7324
12,155.4111,1,501.6048,544.5191,11835.0,1004.0,175.2343,0.9779,2.3012,438.0,41.5243,0.3559,0.5249,280,624,466,823,174.7324
12,155.4111,2,728.5879,532.9299,11076.0,707.0,159.882,0.9797,1.9091,444.0,28.2361,0.6589,0.7944,624,964,466,823,174.7324
12,155.4111,3,1087.7781,552.0103,15239.0,220.0,171.0707,0.8074,1.6895,459.0,32.2078,0.5272,0.6904,964,1313,466,823,174.7324
12,155.4111,4,1484.9567,605.4633,19899.0,0.0,224.0104,0.9033,2.0567,489.0,48.8738,0.4289,0.6003,1313,1657,466,823,174.7324
12,155.8116,1,487.46,543.583,11649.0,555.0,182.5987,0.8168,2.567,451.0,41.4865,0.4104,0.5819,280,624,466,823,174.7324
12,155.8116,2,740.4118,545.7475,11803.0,649.0,158.8199,0.9895,1.9293,446.0,33.3036,0.5389,0.7004,624,964,466,823,174.7324
12,155.8116,3,1102.6131,550.7483,14968.0,420.0,189.0843,0.7539,2.0777,456.0,26.8526,0.5878,0.7404,964,1313,466,823,174.7324
12,155.8116,4,1470.5218,601.516,17770.0,0.0,207.3995,0.8857,2.06,489.0,35.5748,0.5843,0.7376,1313,1657,466,823,174.7324
12,156.2122,1,441.3815,497.5011,12227.0,2084.0,216.2109,0.493,3.0236,425.0,51.7697,0.3872,0.5582,280,624,466,823,174.7324
12,156.2122,2,750.5994,548.5627,12788.0,730.0,158.4187,0.9703,1.8739,444.0,28.5651,0.6403,0.7807,624,964,466,823,174.7324
12,156.2122,3,1111.5448,544.1331,14019.0,671.0,196.1859,0.6834,2.4731,452.0,27.2536,0.5886,0.741,964,1313,466,823,174.7324
12,156.2122,4,1454.0476,567.6531,17829.0,0.0,220.8027,0.6112,2.412,473.0,43.0816,0.4559,0.6263,1313,1657,466,823,174.7324
12,156.6127,1,391.8104,504.6476,12521.0,1436.0,189.4442,0.4256,2.4356,444.0,68.9911,0.2361,0.382,280,624,466,823,174.7324
12,156.6127,2,757.7559,548.9256,12367.0,776.0,167.5353,0.9837,2.082,443.0,29.8784,0.6111,0.7586,624,964,466,823,174.7324
12,156.6127,3,1097.3865,540.949,14393.0,181.0,197.4015,0.594,2.2749,458.0,32.9154,0.585,0.7382,964,1313,466,823,174.7324
12,156.6127,4,1446.0865,549.2451,15354.0,0.0,189.0511,0.382,2.2094,471.0,38.1984,0.4612,0.6312,1313,1657,466,823,174.7324
12,157.0133,1,358.0643,509.2914,10791.0,1210.0,148.3837,0.5661,1.8548,443.0,57.1655,0.3836,0.5545,280,624,466,823,174.7324
12,157.0133,2,769.6647,549.9526,13005.0,765.0,164.1597,0.9982,1.9304,444.0,29.3923,0.612,0.7593,624,964,466,823,174.7324
12,157.0133,3,1086.3227,555.6435,14463.0,8.0,159.0044,0.7339,1.5809,467.0,34.9503,0.5138,0.6788,964,1313,466,823,174.7324
12,157.0133,4,1424.3336,551.5037,12124.0,0.0,157.1229,0.6269,2.0173,471.0,39.0622,0.4231,0.5947,1313,1657,466,823,174.7324
12,157.4138,1,336.7696,511.2875,9505.0,1349.0,136.7205,0.8516,1.7926,432.0,49.3376,0.4676,0.6373,280,624,466,823,174.7324
12,157.4138,2,777.4022,554.9739,13306.0,694.0,167.0552,0.9974,1.9697,446.0,26.0164,0.6492,0.7873,624,964,466,823,174.7324
12,157.4138,3,1081.2801,558.356,14903.0,57.0,151.6527,0.8473,1.4043,463.0,25.86,0.6394,0.78,964,1313,466,823,174.7324
12,157.4138,4,1387.1641,531.9226,6070.0,0.0,120.7297,0.9557,2.1867,476.0,36.8561,0.4243,0.5958,1313,1657,466,823,174.7324
12,157.8144,1,328.4797,528.6738,11850.0,1957.0,140.5772,0.8711,1.7477,459.0,43.4776,0.4526,0.6232,280,624,466,823,174.7324
12,157.8144,2,782.3428,547.2201,12499.0,923.0,165.8424,0.997,2.0259,440.0,25.6862,0.6591,0.7945,624,964,466,823,174.7324
12,157.8144,3,1074.7565,557.7984,13996.0,21.0,154.2119,0.8237,1.5529,466.0,20.1055,0.737,0.8486,964,1313,466,823,174.7324
12,157.8144,4,1397.427,535.8053,12248.0,497.0,164.3483,0.9259,1.7722,451.0,32.6031,0.4184,0.5899,1313,1657,466,823,174.7324
12,158.2149,1,341.6644,542.0353,12848.0,1577.0,204.2946,0.9042,2.5741,423.0,32.1304,0.6004,0.7503,280,624,466,823,174.7324
12,158.2149,2,781.6868,546.8472,13042.0,964.0,164.9253,0.9688,1.9247,445.0,26.6028,0.6705,0.8028,624,964,466,823,174.7324
12,158.2149,3,1069.0599,555.861,13697.0,9.0,152.0287,0.8328,1.5411,466.0,20.3108,0.7469,0.8551,964,1313,466,823,174.7324
12,158.2149,4,1444.7675,561.367,11867.0,0.0,157.6699,0.8534,1.6894,484.0,47.1673,0.1721,0.2937,1313,1657,466,823,174.7324
12,158.6155,1,343.148,558.1178,12474.0,805.0,212.7666,0.8579,2.877,440.0,30.4868,0.6225,0.7673,280,624,466,823,174.7324
12,158.6155,2,788.9497,537.475,13209.0,836.0,168.6327,0.8752,1.9033,448.0,32.3168,0.5828,0.7364,624,964,466,823,174.7324
12,158.6155,3,1063.5339,550.6259,13517.0,91.0,149.2524,0.8343,1.477,461.0,24.7868,0.674,0.8052,964,1313,466,823,174.7324
12,158.6155,4,1494.1102,547.732,12365.0,0.0,185.9516,0.7712,2.2564,471.0,54.5832,0.2837,0.4421,1313,1657,466,823,174.7324
12,159.016,1,335.5263,541.9801,10130.0,1031.0,159.6802,0.9294,2.3531,437.0,43.7683,0.4455,0.6164,280,624,466,823,174.7324
12,159.016,2,793.2713,545.9842,13949.0,930.0,186.9578,0.8414,2.3045,447.0,33.4755,0.6137,0.7606,624,964,466,823,174.7324
12,159.016,3,1048.5513,554.4396,14091.0,59.0,165.392,0.8001,1.6028,463.0,33.9749,0.5698,0.7259,964,1313,466,823,174.7324
12,159.016,4,1530.0725,544.8598,14063.0,0.0,193.7228,0.5783,2.2624,472.0,57.3978,0.3897,0.5608,1313,1657,466,823,174.7324
12,159.4165,1,327.8229,493.3132,8063.0,2004.0,141.8201,0.982,1.9951,414.0,35.3045,0.4827,0.6511,280,624,466,823,174.7324
12,159.4165,2,807.8877,544.3656,14301.0,989.0,182.0555,0.8296,2.0818,447.0,34.3311,0.5688,0.7252,624,964,466,823,174.7324
12,159.4165,3,1037.4423,561.3802,15180.0,19.0,182.386,0.8301,1.9301,474.0,35.3865,0.5892,0.7415,964,1313,466,823,174.7324
12,159.4165,4,1556.4806,556.3666,13615.0,0.0,167.9719,0.635,1.8446,481.0,55.6629,0.3863,0.5573,1313,1657,466,823,174.7324
12,159.8171,1,333.571,518.5849,10380.0,1569.0,171.8241,0.9748,2.2943,424.0,36.8447,0.4713,0.6407,280,624,466,823,174.7324
12,159.8171,2,819.7166,542.1846,13666.0,1257.0,180.9214,0.8318,2.2415,443.0,37.7313,0.5745,0.7297,624,964,466,823,174.7324
12,159.8171,3,1035.4624,548.249,13452.0,301.0,174.0069,0.7876,1.9712,456.0,30.0537,0.6657,0.7993,964,1313,466,823,174.7324
12,159.8171,4,1577.2017,562.5882,12448.0,10.0,142.9151,0.8655,1.5461,476.0,42.5264,0.4496,0.6203,1313,1657,466,823,174.7324
12,160.2176,1,348.0304,552.2634,11902.0,597.0,186.9404,0.9901,2.3195,446.0,45.7055,0.4208,0.5923,280,624,466,823,174.7324
12,160.2176,2,836.7711,541.5682,14083.0,1018.0,183.6333,0.8518,2.1765,447.0,41.8628,0.5121,0.6774,624,964,466,823,174.7324
12,160.2176,3,1041.6378,553.4954,13949.0,1098.0,192.0476,0.9252,2.262,432.0,28.4925,0.6131,0.7601,964,1313,466,823,174.7324
12,160.2176,4,1595.924,554.5496,10907.0,15.0,135.7781,0.9228,1.5146,490.0,35.6248,0.557,0.7155,1313,1657,466,823,174.7324
12,160.6182,1,354.3716,557.7074,11581.0,224.0,172.1856,0.9983,2.2223,458.0,30.6366,0.6425,0.7824,280,624,466,823,174.7324
12,160.6182,2,844.8046,547.408,14043.0,828.0,193.3471,0.8283,2.3866,448.0,34.6705,0.6387,0.7795,624,964,466,823,174.7324
12,160.6182,3,1037.8272,574.8496,14708.0,129.0,200.7138,0.8417,2.4926,477.0,36.9127,0.554,0.713,964,1313,466,823,174.7324
12,160.6182,4,1587.5144,559.0854,14501.0,20.0,153.9954,0.9991,1.3138,481.0,28.2892,0.6507,0.7884,1313,1657,466,823,174.7324
12,161.0187,1,358.3032,535.3619,15087.0,2238.0,198.5938,0.9268,2.1848,427.0,44.1598,0.4408,0.6119,280,624,466,823,174.7324
12,161.0187,2,852.1334,551.0455,13763.0,998.0,190.1386,0.8724,2.4127,446.0,29.7218,0.6523,0.7895,624,964,466,823,174.7324
12,161.0187,3,1031.7136,556.2867,14228.0,191.0,169.2483,0.9343,1.7484,476.0,37.2055,0.5218,0.6858,964,1313,466,823,174.7324
12,161.0187,4,1549.5106,576.9232,18304.0,0.0,201.3257,0.8944,1.786,474.0,52.8414,0.332,0.4985,1313,1657,466,823,174.7324
12,161.4193,1,379.1972,530.8057,13750.0,977.0,206.1039,0.6662,2.7003,450.0,44.1838,0.4696,0.6391,280,624,466,823,174.7324
12,161.4193,2,854.4781,544.7052,12900.0,796.0,192.8789,0.8379,2.5548,447.0,25.4723,0.7011,0.8243,624,964,466,823,174.7324
12,161.4193,3,1033.4309,541.3603,12327.0,185.0,134.2779,0.8373,1.1959,457.0,31.8254,0.6443,0.7837,964,1313,466,823,174.7324
12,161.4193,4,1513.7286,587.6791,16857.0,0.0,192.0063,0.9709,1.8776,480.0,59.1583,0.3691,0.5392,1313,1657,466,823,174.7324
12,161.8198,1,361.9074,529.6835,10716.0,964.0,129.5043,0.9669,1.5296,442.0,54.3478,0.3679,0.5379,280,624,466,823,174.7324
12,161.8198,2,859.1413,545.1059,12922.0,963.0,193.4612,0.8472,2.6504,446.0,23.7289,0.7348,0.8471,624,964,466,823,174.7324
12,161.8198,3,1041.8898,541.2254,11514.0,181.0,127.3742,0.9496,1.2373,457.0,23.7081,0.6827,0.8115,964,1313,466,823,174.7324
12,161.8198,4,1487.6541,586.5147,19236.0,238.0,227.4559,0.9083,2.4022,457.0,44.0323,0.406,0.5776,1313,1657,466,823,174.7324
12,162.2203,1,336.8317,507.2813,7565.0,581.0,98.566,0.7171,1.1285,459.0,46.9605,0.4583,0.6285,280,624,466,823,174.7324
12,162.2203,2,869.2305,538.0787,12197.0,895.0,181.8469,0.8303,2.4333,447.0,31.5203,0.6624,0.7969,624,964,466,823,174.7324
12,162.2203,3,1043.9948,543.4466,12490.0,75.0,132.5733,0.9829,1.2574,461.0,24.6145,0.7116,0.8315,964,1313,466,823,174.7324
12,162.2203,4,1492.333,581.76,17452.0,0.0,208.2946,0.8283,2.1281,471.0,33.0883,0.6115,0.7589,1313,1657,466,823,174.7324
12,162.6209,1,333.5322,510.6364,10564.0,948.0,133.5535,0.4945,1.4796,454.0,37.619,0.5321,0.6946,280,624,466,823,174.7324
12,162.6209,2,877.4393,544.5815,11302.0,600.0,169.0334,0.8452,2.3114,450.0,39.3532,0.5582,0.7165,624,964,466,823,174.7324
12,162.6209,3,1051.8976,546.5518,13314.0,123.0,142.2305,0.9269,1.3584,460.0,27.5179,0.6597,0.795,964,1313,466,823,174.7324
12,162.6209,4,1509.2906,552.3144,15101.0,169.0,205.2862,0.6123,2.2415,458.0,38.327,0.4977,0.6646,1313,1657,466,823,174.7324
12,163.0214,1,361.0174,505.4698,13720.0,628.0,200.1102,0.2599,2.2136,454.0,40.5591,0.4967,0.6637,280,624,466,823,174.7324
12,163.0214,2,882.6218,550.6125,11136.0,575.0,175.0501,0.8862,2.5154,451.0,34.9137,0.619,0.7647,624,964,466,823,174.7324
12,163.0214,3,1058.3448,549.9735,13986.0,169.0,156.0292,0.8157,1.5348,458.0,27.0527,0.6215,0.7666,964,1313,466,823,174.7324
12,163.0214,4,1541.7617,563.5239,16954.0,0.0,237.4431,0.6283,2.5109,468.0,57.3478,0.3516,0.5202,1313,1657,466,823,174.7324
12,163.422,1,418.1198,520.3652,11723.0,703.0,126.5156,0.6325,1.2403,442.0,55.7474,0.2531,0.404,280,624,466,823,174.7324
12,163.422,2,885.3578,547.8901,11184.0,540.0,179.9509,0.864,2.5419,450.0,24.2036,0.7292,0.8434,624,964,466,823,174.7324
12,163.422,3,1061.5782,552.0223,15358.0,191.0,186.0802,0.6498,1.8553,458.0,24.7603,0.624,0.7685,964,1313,466,823,174.7324
12,163.422,4,1552.1324,590.695,21157.0,50.0,223.9172,0.7801,2.0973,488.0,43.0112,0.476,0.645,1313,1657,466,823,174.7324
12,163.8225,1,440.8206,530.7844,11788.0,521.0,133.7852,0.8252,1.3669,446.0,43.2032,0.4635,0.6334,280,624,466,823,174.7324
12,163.8225,2,884.7213,553.0215,11646.0,517.0,173.5302,0.8709,2.2991,451.0,19.1056,0.7972,0.8872,624,964,466,823,174.7324
12,163.8225,3,1060.4018,545.1939,13620.0,113.0,183.261,0.614,2.1109,461.0,23.956,0.6795,0.8092,964,1313,466,823,174.7324
12,163.8225,4,1557.1801,611.3191,20663.0,0.0,232.0553,0.7851,2.2803,493.0,31.6273,0.6109,0.7584,1313,1657,466,823,174.7324
12,164.2231,1,445.4211,530.6632,12088.0,586.0,143.3397,0.8388,1.4873,444.0,20.8557,0.7574,0.862,280,624,466,823,174.7324
12,164.2231,2,883.7968,555.5334,11877.0,607.0,166.7209,0.913,2.1924,450.0,28.2804,0.6608,0.7957,624,964,466,823,174.7324
12,164.2231,3,1056.6642,544.1498,13715.0,377.0,173.4964,0.7012,1.9625,456.0,24.4323,0.6721,0.8039,964,1313,466,823,174.7324
12,164.2231,4,1551.1134,608.0283,19827.0,0.0,225.5735,0.8293,2.2354,492.0,29.5516,0.6418,0.7818,1313,1657,466,823,174.7324
12,164.6236,1,440.7068,532.9933,12138.0,362.0,140.9256,0.7992,1.4701,451.0,27.4488,0.6551,0.7916,280,624,466,823,174.7324
12,164.6236,2,892.1733,551.0885,11759.0,648.0,157.3145,0.9434,1.9546,448.0,26.3304,0.6423,0.7822,624,964,466,823,174.7324
12,164.6236,3,1051.2318,546.7251,13219.0,357.0,168.5285,0.7589,1.965,457.0,22.9759,0.6649,0.7987,964,1313,466,823,174.7324
12,164.6236,4,1537.3695,577.2118,16771.0,0.0,199.352,0.7656,2.0657,469.0,48.5134,0.3717,0.5419,1313,1657,466,823,174.7324
12,165.0242,1,430.8252,522.0454,11886.0,244.0,162.1804,0.4938,1.8911,457.0,47.7542,0.4077,0.5793,280,624,466,823,174.7324
12,165.0242,2,895.3337,545.892,12383.0,486.0,155.0627,0.9604,1.7073,452.0,25.2272,0.6736,0.805,624,964,466,823,174.7324
12,165.0242,3,1036.135,551.8757,15590.0,756.0,177.6208,0.9813,1.5825,453.0,35.2794,0.4375,0.6087,964,1313,466,823,174.7324
12,165.0242,4,1558.5575,542.8908,12508.0,27.0,184.8547,0.6353,2.1362,464.0,32.6059,0.5566,0.7151,1313,1657,466,823,174.7324
12,165.4247,1,433.4117,500.6477,13354.0,940.0,235.8696,0.2156,3.5695,449.0,44.3562,0.4397,0.6108,280,624,466,823,174.7324
12,165.4247,2,887.8043,550.0374,13671.0,539.0,161.8071,0.9256,1.6847,450.0,27.8047,0.6836,0.8121,624,964,466,823,174.7324
12,165.4247,3,1033.4584,562.497,12774.0,154.0,193.8357,0.883,2.667,459.0,37.7313,0.4874,0.6553,964,1313,466,823,174.7324
12,165.4247,4,1557.1795,585.8151,15439.0,0.0,195.0647,0.8498,1.9988,471.0,54.6396,0.3176,0.4821,1313,1657,466,823,174.7324
12,165.8252,1,478.3097,510.0336,12002.0,722.0,178.2679,0.3301,2.3644,450.0,48.1813,0.3072,0.47,280,624,466,823,174.7324
12,165.8252,2,881.353,548.4245,14382.0,622.0,165.9318,0.8909,1.7089,448.0,25.8367,0.6752,0.8061,624,964,466,823,174.7324
12,165.8252,3,1026.2816,565.3683,13042.0,253.0,168.5659,0.8877,2.0456,473.0,27.0139,0.5898,0.7419,964,1313,466,823,174.7324
12,165.8252,4,1571.4989,621.9378,14930.0,0.0,195.9112,0.9361,2.3737,494.0,41.8634,0.4028,0.5743,1313,1657,466,823,174.7324
12,166.2258,1,509.574,526.5016,11443.0,940.0,141.4705,0.9089,1.5701,439.0,45.4922,0.301,0.4627,280,624,466,823,174.7324
12,166.2258,2,878.8382,550.138,14388.0,423.0,174.913,0.8127,1.8521,452.0,23.7899,0.7008,0.8241,624,964,466,823,174.7324
12,166.2258,3,1026.3842,542.7494,11545.0,454.0,150.3424,0.9387,1.6615,449.0,32.366,0.5862,0.7391,964,1313,466,823,174.7324
12,166.2258,4,1579.9679,632.2514,15248.0,0.0,200.885,0.9925,2.3504,499.0,34.6821,0.4937,0.661,1313,1657,466,823,174.7324
12,166.6263,1,513.4053,542.9048,10588.0,340.0,139.9252,0.7288,1.757,464.0,30.7824,0.5592,0.7173,280,624,466,823,174.7324
12,166.6263,2,878.2529,548.9474,15130.0,549.0,181.402,0.8436,1.8656,449.0,22.0465,0.7597,0.8635,624,964,466,823,174.7324
12,166.6263,3,1024.3442,548.4619,12575.0,306.0,144.1681,0.8415,1.5941,475.0,20.3769,0.7661,0.8676,964,1313,466,823,174.7324
12,166.6263,4,1569.8035,605.5195,16945.0,0.0,207.9977,0.9824,2.0372,472.0,39.6436,0.4524,0.623,1313,1657,466,823,174.7324
12,167.0269,1,506.4564,529.3279,10789.0,585.0,160.9589,0.6737,2.1197,447.0,34.3114,0.5248,0.6883,280,624,466,823,174.7324
12,167.0269,2,875.4144,544.4652,18039.0,1638.0,193.8337,0.998,1.6289,434.0,32.7614,0.6026,0.752,624,964,466,823,174.7324
12,167.0269,3,1021.1983,553.2615,13429.0,221.0,148.2551,0.8647,1.5745,478.0,23.7396,0.7282,0.8427,964,1313,466,823,174.7324
12,167.0269,4,1557.8945,570.7492,14648.0,579.0,200.7422,0.921,2.362,446.0,38.1347,0.427,0.5984,1313,1657,466,823,174.7324
12,167.4274,1,512.8887,540.7724,13679.0,1474.0,192.3294,0.9704,2.3001,435.0,43.4934,0.4195,0.5911,280,624,466,823,174.7324
12,167.4274,2,883.0413,569.0261,16263.0,161.0,193.7888,0.9276,1.9557,463.0,34.0349,0.577,0.7318,624,964,466,823,174.7324
12,167.4274,3,1030.468,548.3595,14450.0,670.0,171.1136,0.9166,1.732,443.0,31.0875,0.5914,0.7432,964,1313,466,823,174.7324
12,167.4274,4,1553.4882,592.4385,14608.0,0.0,185.3027,0.9412,2.1182,477.0,29.9495,0.5689,0.7253,1313,1657,466,823,174.7324
12,167.828,1,514.5576,580.494,9905.0,0.0,150.0246,0.7782,2.0789,505.0,48.6449,0.3115,0.4751,280,624,466,823,174.7324
12,167.828,2,872.3094,562.1964,17214.0,893.0,200.3571,0.9725,1.9201,447.0,34.8744,0.5375,0.6992,624,964,466,823,174.7324
12,167.828,3,1038.8166,563.6389,14144.0,304.0,196.2226,0.8121,2.45,455.0,34.0886,0.5285,0.6915,964,1313,466,823,174.7324
12,167.828,4,1553.2836,609.3054,14939.0,0.0,180.7115,0.9953,1.9119,491.0,35.7181,0.4681,0.6377,1313,1657,466,823,174.7324
12,168.2285,1,532.6269,544.3068,10326.0,534.0,138.6363,0.9068,1.6737,469.0,43.0978,0.4286,0.6001,280,624,466,823,174.7324
12,168.2285,2,854.8477,539.4185,12414.0,568.0,170.9611,0.8441,1.9944,452.0,34.506,0.4935,0.6609,624,964,466,823,174.7324
12,168.2285,3,1040.4885,558.7274,12265.0,198.0,163.1193,0.8323,2.1436,459.0,28.7147,0.5963,0.7471,964,1313,466,823,174.7324
12,168.2285,4,1533.7506,588.2704,15683.0,0.0,183.8461,0.9324,1.8908,474.0,37.1781,0.4686,0.6382,1313,1657,466,823,174.7324
12,168.6291,1,524.4829,526.5584,11488.0,1653.0,164.857,0.9832,1.978,416.0,37.4453,0.5081,0.6738,280,624,466,823,174.7324
12,168.6291,2,852.2725,535.1021,14252.0,1152.0,159.5832,0.9855,1.6025,449.0,34.1874,0.4781,0.6469,624,964,466,823,174.7324
12,168.6291,3,1025.5746,537.2001,9221.0,829.0,146.0205,0.9814,2.2445,448.0,34.9091,0.4446,0.6156,964,1313,466,823,174.7324
12,168.6291,4,1517.9073,538.5274,11121.0,0.0,143.2561,0.7399,1.4868,467.0,36.5128,0.4637,0.6336,1313,1657,466,823,174.7324
12,169.0296,1,521.0892,558.1711,11254.0,0.0,175.4735,0.8035,2.2685,467.0,44.9193,0.4473,0.6182,280,624,466,823,174.7324
12,169.0296,2,834.3114,544.7085,11886.0,363.0,141.1646,0.9594,1.5411,452.0,40.6058,0.3987,0.5701,624,964,466,823,174.7324
12,169.0296,3,1003.7295,543.3319,8265.0,164.0,157.1114,0.9963,2.4166,459.0,34.6427,0.4029,0.5744,964,1313,466,823,174.7324
12,169.0296,4,1504.0891,536.1574,10186.0,0.0,145.578,0.7457,1.6566,474.0,42.7564,0.501,0.6676,1313,1657,466,823,174.7324
12,169.4301,1,520.0294,571.9085,14879.0,211.0,197.5682,0.9306,2.0132,468.0,27.7329,0.6166,0.7629,280,624,466,823,174.7324
12,169.4301,2,838.9675,528.2408,11522.0,990.0,162.1758,0.9912,1.7942,444.0,37.0723,0.5117,0.6769,624,964,466,823,174.7324
12,169.4301,3,1024.0776,544.5169,9135.0,141.0,164.0436,0.9915,2.4845,459.0,36.2693,0.4046,0.5761,964,1313,466,823,174.7324
12,169.4301,4,1513.2762,548.2395,14625.0,0.0,191.07,0.6008,2.1431,472.0,47.2543,0.5512,0.7107,1313,1657,466,823,174.7324
12,169.8307,1,524.2373,539.9597,12072.0,178.0,145.231,0.936,1.5117,465.0,41.348,0.4827,0.6511,280,624,466,823,174.7324
12,169.8307,2,827.8984,544.7023,12031.0,609.0,178.9049,0.9882,2.1827,446.0,38.406,0.5621,0.7197,624,964,466,823,174.7324
12,169.8307,3,1037.2889,525.6281,8057.0,236.0,136.975,1.0,1.8286,456.0,32.0681,0.489,0.6568,964,1313,466,823,174.7324
12,169.8307,4,1531.525,557.1835,14686.0,0.0,201.7023,0.6184,2.4224,472.0,48.1139,0.4827,0.6511,1313,1657,466,823,174.7324
12,170.2312,1,509.4575,519.6322,13186.0,992.0,186.8358,0.6392,2.0417,442.0,40.9202,0.4792,0.648,280,624,466,823,174.7324
12,170.2312,2,816.3117,546.8154,15469.0,1847.0,232.2718,0.9985,2.6725,430.0,36.2067,0.6141,0.7609,624,964,466,823,174.7324
12,170.2312,3,1042.8845,530.6899,9165.0,336.0,161.9403,0.9922,2.1437,454.0,21.9866,0.6759,0.8066,964,1313,466,823,174.7324
12,170.2312,4,1551.1234,562.9637,14848.0,0.0,183.2692,0.7229,2.0899,472.0,42.2323,0.4909,0.6586,1313,1657,466,823,174.7324
12,170.6318,1,491.9398,514.5832,13166.0,401.0,187.8159,0.4181,2.23,453.0,34.6315,0.5284,0.6915,280,624,466,823,174.7324
12,170.6318,2,807.464,567.6242,14001.0,278.0,183.5853,0.9997,2.088,454.0,32.1563,0.5858,0.7388,624,964,466,823,174.7324
12,170.6318,3,1040.2737,546.6711,9648.0,429.0,153.5223,0.9921,2.3407,452.0,20.7389,0.6578,0.7936,964,1313,466,823,174.7324
12,170.6318,4,1559.4957,568.4834,17152.0,677.0,217.233,0.97,2.3843,454.0,45.1313,0.4673,0.6369,1313,1657,466,823,174.7324
12,171.0323,1,459.7998,505.0189,14430.0,756.0,235.153,0.2857,3.1157,449.0,32.7748,0.5834,0.7369,280,624,466,823,174.7324
12,171.0323,2,799.1239,559.2085,16941.0,1595.0,220.9344,0.9862,2.5073,436.0,33.4348,0.5809,0.7349,624,964,466,823,174.7324
12,171.0323,3,1029.8028,560.8753,10354.0,344.0,156.7966,0.948,2.4597,455.0,31.2508,0.4527,0.6232,964,1313,466,823,174.7324
12,171.0323,4,1550.3042,595.9596,17046.0,0.0,211.0281,0.7502,2.1769,490.0,47.3722,0.46,0.6301,1313,1657,466,823,174.7324
12,171.4329,1,409.4683,503.0578,15724.0,825.0,231.2512,0.2106,2.8101,449.0,40.65,0.4856,0.6538,280,624,466,823,174.7324
12,171.4329,2,794.7114,546.1359,13307.0,1124.0,157.3139,0.998,1.763,437.0,42.5735,0.4933,0.6607,624,964,466,823,174.7324
12,171.4329,3,1024.5104,548.5044,9503.0,559.0,159.8853,0.938,2.5856,449.0,25.749,0.5472,0.7074,964,1313,466,823,174.7324
12,171.4329,4,1556.0972,587.9499,15727.0,0.0,210.7231,0.7749,2.4224,478.0,30.6081,0.6389,0.7797,1313,1657,466,823,174.7324
12,171.8334,1,396.3249,508.511,15366.0,776.0,222.9141,0.2701,2.6993,450.0,28.0095,0.6638,0.7979,280,624,466,823,174.7324
12,171.8334,2,793.9321,519.7275,11229.0,1252.0,148.9993,0.9829,1.6016,443.0,27.0448,0.6582,0.7939,624,964,466,823,174.7324
12,171.8334,3,1020.515,523.6788,7350.0,180.0,130.9609,0.9724,1.9857,459.0,25.2388,0.6029,0.7523,964,1313,466,823,174.7324
12,171.8334,4,1564.8304,578.2544,16107.0,7.0,192.735,0.7694,2.025,467.0,30.6347,0.6426,0.7824,1313,1657,466,823,174.7324
12,172.2339,1,395.402,516.1475,15563.0,689.0,218.8391,0.3292,2.5718,449.0,24.2006,0.7031,0.8257,280,624,466,823,174.7324
12,172.2339,2,793.7222,548.4563,13054.0,545.0,177.2142,0.9708,2.0233,446.0,33.0862,0.6212,0.7664,624,964,466,823,174.7324
12,172.2339,3,1022.9854,516.8766,6424.0,304.0,123.3689,0.994,2.0237,456.0,17.3334,0.7343,0.8468,964,1313,466,823,174.7324
12,172.2339,4,1567.8618,577.4269,18077.0,171.0,207.7352,0.9923,2.0009,461.0,39.3161,0.5172,0.6818,1313,1657,466,823,174.7324
12,172.6345,1,387.8487,516.479,14727.0,579.0,215.9734,0.3505,2.5876,450.0,22.3403,0.7646,0.8666,280,624,466,823,174.7324
12,172.6345,2,791.8507,564.8114,13987.0,515.0,195.5101,0.9939,2.2442,446.0,27.3688,0.7049,0.8269,624,964,466,823,174.7324
12,172.6345,3,1023.8826,547.8846,8815.0,185.0,129.3435,0.9967,1.9639,459.0,18.3188,0.6448,0.784,964,1313,466,823,174.7324
12,172.6345,4,1554.0121,606.2659,16815.0,0.0,214.9112,0.6623,2.4226,495.0,49.1191,0.3657,0.5356,1313,1657,466,823,174.7324
12,173.035,1,394.9051,524.1348,14747.0,526.0,203.2288,0.3679,2.4039,450.0,20.2607,0.7628,0.8654,280,624,466,823,174.7324
12,173.035,2,797.0642,558.4705,14316.0,529.0,182.1558,0.8977,2.0935,453.0,36.2445,0.5437,0.7044,624,964,466,823,174.7324
12,173.035,3,1024.2031,525.1114,7469.0,157.0,131.3829,0.9784,1.9431,459.0,20.7585,0.6603,0.7954,964,1313,466,823,174.7324
12,173.035,4,1557.3945,597.7886,17723.0,0.0,208.8595,0.7729,2.143,492.0,31.6657,0.6034,0.7526,1313,1657,466,823,174.7324
12,173.4356,1,389.5789,524.7008,14756.0,619.0,195.6622,0.4451,2.1784,449.0,23.4492,0.7117,0.8316,280,624,466,823,174.7324
12,173.4356,2,811.3207,519.7555,14347.0,1504.0,189.6509,0.5349,2.255,444.0,45.7717,0.3969,0.5683,624,964,466,823,174.7324
12,173.4356,3,1032.3325,541.9376,9509.0,256.0,147.8965,0.9452,2.1352,457.0,19.6335,0.6788,0.8087,964,1313,466,823,174.7324
12,173.4356,4,1556.7685,585.4307,17273.0,20.0,216.6767,0.6345,2.4881,493.0,29.2247,0.633,0.7752,1313,1657,466,823,174.7324
12,173.8361,1,381.589,525.2367,14162.0,535.0,184.2638,0.4624,1.9712,449.0,23.6727,0.7108,0.831,280,624,466,823,174.7324
12,173.8361,2,836.9307,529.0909,16009.0,1801.0,200.2364,0.7862,2.1906,447.0,63.5436,0.3408,0.5083,624,964,466,823,174.7324
12,173.8361,3,1031.2468,549.2129,10799.0,574.0,161.922,0.9064,2.3692,452.0,22.9182,0.6945,0.8197,964,1313,466,823,174.7324
12,173.8361,4,1549.7065,587.1949,17518.0,0.0,207.8554,0.6334,2.1772,494.0,24.8353,0.6999,0.8235,1313,1657,466,823,174.7324
12,174.2367,1,381.8336,533.4082,14637.0,382.0,184.9359,0.4849,1.9276,453.0,22.0123,0.7495,0.8568,280,624,466,823,174.7324
12,174.2367,2,856.5593,565.921,13295.0,160.0,186.4117,0.8343,2.403,464.0,63.5693,0.2648,0.4188,624,964,466,823,174.7324
12,174.2367,3,1038.4187,549.2092,11998.0,185.0,169.9356,0.8082,2.2384,460.0,30.1963,0.5538,0.7128,964,1313,466,823,174.7324
12,174.2367,4,1555.6726,595.5823,17349.0,0.0,216.0721,0.6884,2.4122,493.0,29.6808,0.6324,0.7748,1313,1657,466,823,174.7324
12,174.6372,1,386.2632,532.4536,15781.0,652.0,200.8159,0.5244,2.2749,452.0,26.4064,0.6388,0.7796,280,624,466,823,174.7324
12,174.6372,2,862.2821,571.3948,12747.0,321.0,181.8574,0.9483,2.4406,454.0,38.3523,0.5144,0.6794,624,964,466,823,174.7324
12,174.6372,3,1041.9724,541.417,12108.0,307.0,164.4962,0.7821,2.0088,457.0,29.2604,0.6737,0.805,964,1313,466,823,174.7324
12,174.6372,4,1578.0648,585.2664,19015.0,0.0,184.6199,0.8784,1.4957,492.0,37.2782,0.5429,0.7037,1313,1657,466,823,174.7324
12,175.0378,1,391.1438,521.1357,14354.0,1080.0,187.572,0.4555,2.3182,446.0,33.57,0.5588,0.717,280,624,466,823,174.7324
12,175.0378,2,868.9244,550.189,12862.0,1421.0,202.1355,0.9615,2.8869,434.0,25.9114,0.6502,0.788,624,964,466,823,174.7324
12,175.0378,3,1043.3115,548.7055,12478.0,333.0,161.6871,0.7823,1.9769,456.0,19.9345,0.727,0.8419,964,1313,466,823,174.7324
12,175.0378,4,1564.3453,570.7449,16796.0,0.0,143.879,0.9861,1.0975,483.0,42.7518,0.5009,0.6674,1313,1657,466,823,174.7324
12,175.4383,1,358.7511,516.5247,14177.0,1974.0,139.6292,0.9054,1.1929,432.0,38.9452,0.4194,0.5909,280,624,466,823,174.7324
12,175.4383,2,859.5941,561.9441,12529.0,357.0,190.9142,0.8896,2.574,454.0,35.9671,0.5699,0.726,624,964,466,823,174.7324
12,175.4383,3,1038.1996,548.795,11886.0,309.0,159.7776,0.806,1.9949,456.0,25.3368,0.6687,0.8014,964,1313,466,823,174.7324
12,175.4383,4,1536.4556,558.4532,14406.0,0.0,157.1645,0.7038,1.4918,476.0,41.5579,0.482,0.6505,1313,1657,466,823,174.7324
12,175.8388,1,347.9787,552.7773,11045.0,211.0,158.2018,0.8507,2.246,461.0,46.1463,0.2665,0.4208,280,624,466,823,174.7324
12,175.8388,2,852.5677,557.2408,13299.0,340.0,189.935,0.8641,2.3257,457.0,35.0321,0.5996,0.7497,624,964,466,823,174.7324
12,175.8388,3,1032.1748,551.824,11761.0,167.0,160.0452,0.8128,2.0058,460.0,27.6019,0.6318,0.7744,964,1313,466,823,174.7324
12,175.8388,4,1508.4715,552.6451,15755.0,0.0,199.2476,0.5335,2.1407,475.0,40.5903,0.4815,0.65,1313,1657,466,823,174.7324
12,176.2394,1,328.2521,550.3926,10975.0,855.0,171.441,0.896,2.3918,461.0,34.4254,0.5857,0.7387,280,624,466,823,174.7324
12,176.2394,2,844.8737,557.2214,14443.0,1333.0,208.1493,0.9667,2.6678,443.0,33.115,0.5816,0.7355,624,964,466,823,174.7324
12,176.2394,3,1031.5696,552.3746,11870.0,251.0,171.6595,0.8005,2.254,458.0,22.7437,0.7202,0.8374,964,1313,466,823,174.7324
12,176.2394,4,1462.4375,555.9467,18449.0,0.0,220.4812,0.5756,2.2272,472.0,49.1694,0.3431,0.5109,1313,1657,466,823,174.7324
12,176.6399,1,343.2206,544.0384,13214.0,1444.0,188.2386,0.9241,2.4706,438.0,45.0572,0.4331,0.6044,280,624,466,823,174.7324
12,176.6399,2,842.8934,565.9664,14757.0,398.0,213.4315,0.813,2.7081,454.0,42.9184,0.4607,0.6308,624,964,466,823,174.7324
12,176.6399,3,1035.4511,550.3998,11799.0,236.0,168.687,0.7876,2.2104,458.0,19.7121,0.765,0.8669,964,1313,466,823,174.7324
12,176.6399,4,1428.3242,570.5763,18573.0,0.0,196.6304,0.8536,1.6993,472.0,44.5888,0.3667,0.5366,1313,1657,466,823,174.7324
12,177.0405,1,368.6029,539.4906,13305.0,529.0,175.7954,0.7441,1.9642,450.0,38.2176,0.4883,0.6562,280,624,466,823,174.7324
12,177.0405,2,858.1142,541.9195,15145.0,1569.0,188.8325,0.897,2.2107,433.0,47.3366,0.4599,0.6301,624,964,466,823,174.7324
12,177.0405,3,1039.243,548.6467,11559.0,437.0,160.263,0.8585,2.0991,453.0,25.7937,0.6775,0.8078,964,1313,466,823,174.7324
12,177.0405,4,1425.9774,594.0574,18235.0,0.0,216.5803,0.7611,2.4489,485.0,40.2611,0.4621,0.6321,1313,1657,466,823,174.7324
12,177.441,1,358.8724,531.3183,14763.0,2167.0,208.6819,0.8614,2.5926,428.0,35.9418,0.5208,0.6849,280,624,466,823,174.7324
12,177.441,2,866.6118,554.9278,13350.0,571.0,201.7023,0.9403,2.5834,452.0,47.0886,0.5097,0.6752,624,964,466,823,174.7324
12,177.441,3,1046.4947,549.2227,10626.0,396.0,146.5481,0.8684,2.0431,454.0,25.3127,0.6199,0.7654,964,1313,466,823,174.7324
12,177.441,4,1405.588,603.4412,18583.0,0.0,207.8121,0.8794,2.1961,487.0,33.5263,0.5107,0.6761,1313,1657,466,823,174.7324
12,177.8416,1,357.0149,544.0252,12321.0,187.0,199.0809,0.5883,2.5769,463.0,46.2527,0.4617,0.6317,280,624,466,823,174.7324
12,177.8416,2,861.5586,588.4381,13707.0,94.0,202.1754,0.8944,2.653,466.0,43.2535,0.4959,0.663,624,964,466,823,174.7324
12,177.8416,3,1040.4802,544.3632,9653.0,258.0,136.2946,0.9138,1.9226,457.0,22.1088,0.6369,0.7781,964,1313,466,823,174.7324
12,177.8416,4,1399.349,587.8847,15096.0,0.0,194.7012,0.8085,2.2724,488.0,27.0773,0.6505,0.7883,1313,1657,466,823,174.7324
12,178.2421,1,347.8124,543.4436,12977.0,727.0,154.5407,0.9825,1.7167,460.0,52.9432,0.3886,0.5596,280,624,466,823,174.7324
12,178.2421,2,873.2549,553.5822,14377.0,1261.0,214.3563,0.9517,2.7119,436.0,39.0517,0.5013,0.6678,624,964,466,823,174.7324
12,178.2421,3,1040.5159,542.9327,9393.0,203.0,130.1392,0.9183,1.681,458.0,23.3354,0.6168,0.763,964,1313,466,823,174.7324
12,178.2421,4,1398.4843,566.7971,12851.0,13.0,183.4002,0.7966,2.2882,465.0,29.5838,0.5741,0.7295,1313,1657,466,823,174.7324
12,178.6427,1,349.3763,523.5018,11762.0,946.0,148.6996,0.8722,1.5122,446.0,34.8839,0.5979,0.7484,280,624,466,823,174.7324
12,178.6427,2,862.5052,557.709,14682.0,639.0,170.6256,0.935,1.8002,449.0,33.4327,0.5438,0.7045,624,964,466,823,174.7324
12,178.6427,3,1041.9341,544.2937,9563.0,160.0,135.4966,0.9646,1.7481,459.0,16.3426,0.7571,0.8618,964,1313,466,823,174.7324
12,178.6427,4,1401.4272,573.5176,12300.0,0.0,159.386,0.77,2.0079,476.0,28.6754,0.6197,0.7652,1313,1657,466,823,174.7324
12,179.0432,1,354.3116,529.8653,12158.0,504.0,153.7881,0.7084,1.714,458.0,32.3888,0.6258,0.7698,280,624,466,823,174.7324
12,179.0432,2,877.0345,533.631,10776.0,368.0,141.6876,0.9942,1.5649,454.0,37.3179,0.4845,0.6528,624,964,466,823,174.7324
12,179.0432,3,1041.8909,552.172,10318.0,164.0,133.6348,0.9996,1.6723,459.0,22.3042,0.6383,0.7792,964,1313,466,823,174.7324
12,179.0432,4,1391.9367,527.0864,6574.0,0.0,121.7671,0.8948,1.923,471.0,41.3903,0.3853,0.5563,1313,1657,466,823,174.7324
12,179.4437,1,370.5476,512.8342,13256.0,1105.0,189.1562,0.318,2.3158,449.0,42.2773,0.5175,0.6821,280,624,466,823,174.7324
12,179.4437,2,860.4658,519.1989,15014.0,1900.0,189.7901,0.7626,1.9424,439.0,44.8375,0.4706,0.64,624,964,466,823,174.7324
12,179.4437,3,1043.0601,544.5728,9703.0,251.0,130.9688,1.0,1.6223,456.0,19.9122,0.6781,0.8082,964,1313,466,823,174.7324
12,179.4437,4,1402.2684,534.5313,7005.0,0.0,127.8492,0.964,1.9018,469.0,27.3636,0.6007,0.7506,1313,1657,466,823,174.7324
12,179.8443,1,410.8359,500.8782,13848.0,907.0,230.4002,0.2528,2.9643,447.0,38.8787,0.4794,0.6481,280,624,466,823,174.7324
12,179.8443,2,826.8692,529.2974,12846.0,699.0,146.8674,0.9278,1.4425,448.0,53.0367,0.3537,0.5226,624,964,466,823,174.7324
12,179.8443,3,1048.0476,531.4123,8773.0,93.0,132.8657,0.9996,1.6408,461.0,18.5343,0.7077,0.8289,964,1313,466,823,174.7324
12,179.8443,4,1422.4711,540.6774,9090.0,0.0,136.8762,0.9327,1.6493,472.0,37.5042,0.3992,0.5706,1313,1657,466,823,174.7324
12,180.2448,1,433.0789,524.4828,15368.0,584.0,163.7794,0.5232,1.5236,452.0,41.8796,0.397,0.5683,280,624,466,823,174.7324
12,180.2448,2,803.2199,534.7087,14588.0,744.0,165.0496,0.7609,1.7102,450.0,47.2921,0.4498,0.6205,624,964,466,823,174.7324
12,180.2448,3,1052.274,523.0366,8514.0,268.0,131.6853,0.9858,1.6004,457.0,20.484,0.7631,0.8656,964,1313,466,823,174.7324
12,180.2448,4,1459.3684,552.9819,13230.0,109.0,163.2399,0.9183,1.7184,462.0,54.8341,0.29,0.4496,1313,1657,466,823,174.7324
12,180.6454,1,439.5053,545.7049,15702.0,325.0,165.5742,0.8259,1.5615,453.0,38.8561,0.4877,0.6557,280,624,466,823,174.7324
12,180.6454,2,807.4147,538.1268,16818.0,790.0,198.3477,0.7206,1.9264,446.0,30.1883,0.5718,0.7276,624,964,466,823,174.7324
12,180.6454,3,1046.831,529.5141,9763.0,275.0,145.8107,0.9168,1.7873,457.0,27.042,0.711,0.8311,964,1313,466,823,174.7324
12,180.6454,4,1487.766,562.952,13814.0,0.0,170.1317,0.8341,1.8571,474.0,50.5694,0.3453,0.5134,1313,1657,466,823,174.7324
12,181.0459,1,453.0191,546.4247,13846.0,333.0,149.7519,0.9995,1.4227,452.0,32.8421,0.5694,0.7256,280,624,466,823,174.7324
12,181.0459,2,821.077,551.2637,16290.0,397.0,172.0771,0.9383,1.5704,450.0,42.4601,0.4958,0.6629,624,964,466,823,174.7324
12,181.0459,3,1041.0867,547.4751,11284.0,424.0,160.5275,0.8805,2.1031,453.0,29.1929,0.6317,0.7743,964,1313,466,823,174.7324
12,181.0459,4,1517.7082,561.6845,15215.0,0.0,182.9892,0.7224,1.9795,471.0,47.7433,0.431,0.6024,1313,1657,466,823,174.7324
12,181.4465,1,452.4924,536.2885,14291.0,716.0,180.0683,0.7022,2.0464,447.0,36.8252,0.4902,0.6579,280,624,466,823,174.7324
12,181.4465,2,834.0079,553.4496,17524.0,434.0,188.2058,0.8092,1.7384,451.0,26.5107,0.6431,0.7828,624,964,466,823,174.7324
12,181.4465,3,1040.7974,556.6655,11526.0,121.0,163.068,0.8439,2.1954,461.0,22.9426,0.6541,0.7909,964,1313,466,823,174.7324
12,181.4465,4,1544.646,554.5551,14193.0,0.0,185.3633,0.6753,2.1498,471.0,48.8573,0.452,0.6226,1313,1657,466,823,174.7324
12,181.847,1,439.848,515.4185,15045.0,836.0,209.7844,0.3869,2.5035,449.0,32.7951,0.5386,0.7001,280,624,466,823,174.7324
12,181.847,2,842.788,538.1293,17498.0,1294.0,190.0931,0.7104,1.7067,435.0,30.9798,0.5906,0.7426,624,964,466,823,174.7324
12,181.847,3,1040.4036,551.6805,11628.0,412.0,166.2922,0.8556,2.2789,455.0,19.857,0.7509,0.8577,964,1313,466,823,174.7324
12,181.847,4,1561.5856,563.8433,13378.0,0.0,170.8112,0.7204,1.9862,477.0,43.3995,0.4901,0.6578,1313,1657,466,823,174.7324
12,182.2476,1,406.1281,509.3997,15363.0,1037.0,209.6932,0.3667,2.3443,445.0,37.4766,0.5104,0.6758,280,624,466,823,174.7324
12,182.2476,2,851.8815,549.3595,18101.0,540.0,190.9764,0.7313,1.7249,451.0,29.7881,0.6238,0.7683,624,964,466,823,174.7324
12,182.2476,3,1036.0162,553.0012,11269.0,32.0,154.3543,0.8438,1.958,464.0,29.7244,0.5812,0.7351,964,1313,466,823,174.7324
12,182.2476,4,1568.9059,567.6128,13256.0,0.0,158.8136,0.8047,1.7701,477.0,29.6202,0.6289,0.7722,1313,1657,466,823,174.7324
12,182.6481,1,394.0575,523.7425,16762.0,779.0,218.9857,0.4241,2.4278,447.0,34.411,0.5515,0.7109,280,624,466,823,174.7324
12,182.6481,2,857.324,553.0622,17275.0,475.0,209.467,0.7194,2.1697,453.0,26.3296,0.6572,0.7931,624,964,466,823,174.7324
12,182.6481,3,1026.3721,541.9657,11471.0,314.0,147.0125,0.902,1.6855,456.0,30.4308,0.5797,0.7339,964,1313,466,823,174.7324
12,182.6481,4,1570.012,559.1807,13946.0,0.0,145.4764,0.7755,1.345,474.0,32.08,0.6459,0.7849,1313,1657,466,823,174.7324
12,183.0486,1,393.0012,531.0102,16510.0,721.0,212.2694,0.4611,2.3658,450.0,21.3084,0.7211,0.8379,280,624,466,823,174.7324
12,183.0486,2,860.9405,541.8119,15660.0,525.0,196.9208,0.7077,2.0736,452.0,21.5406,0.7374,0.8488,624,964,466,823,174.7324
12,183.0486,3,1022.4127,545.313,11454.0,198.0,145.3765,0.9095,1.6544,459.0,22.7399,0.7051,0.827,964,1313,466,823,174.7324
12,183.0486,4,1570.0338,555.5501,13726.0,0.0,150.9058,0.821,1.3716,472.0,27.1869,0.6955,0.8204,1313,1657,466,823,174.7324
12,183.4492,1,389.5568,521.2033,15550.0,1270.0,200.3698,0.443,2.2318,444.0,23.7198,0.7122,0.8319,280,624,466,823,174.7324
12,183.4492,2,868.3715,541.7166,15862.0,860.0,187.6549,0.7793,1.9018,446.0,23.7541,0.7209,0.8378,624,964,466,823,174.7324
12,183.4492,3,1027.2285,550.6654,12064.0,295.0,155.9068,0.8978,1.8445,456.0,22.1241,0.7382,0.8494,964,1313,466,823,174.7324
12,183.4492,4,1564.7569,560.2675,15552.0,0.0,167.7678,0.7201,1.4868,476.0,22.9233,0.7434,0.8528,1313,1657,466,823,174.7324
12,183.8497,1,383.8833,523.4929,15231.0,913.0,194.0003,0.407,2.2267,449.0,20.3302,0.7376,0.849,280,624,466,823,174.7324
12,183.8497,2,872.2494,549.9628,15980.0,644.0,177.192,0.7905,1.7438,451.0,21.6562,0.728,0.8426,624,964,466,823,174.7324
12,183.8497,3,1027.0304,542.3488,11838.0,566.0,160.3197,0.9016,1.9333,450.0,15.185,0.8163,0.8988,964,1313,466,823,174.7324
12,183.8497,4,1552.9765,572.7878,16906.0,0.0,143.9516,0.9595,1.076,486.0,26.0383,0.6628,0.7972,1313,1657,466,823,174.7324
12,184.2503,1,370.0876,525.3482,14388.0,964.0,172.7609,0.4925,1.8591,447.0,28.1888,0.6193,0.7649,280,624,466,823,174.7324
12,184.2503,2,869.7564,541.4252,14021.0,380.0,190.8682,0.7234,2.134,456.0,21.2234,0.7012,0.8244,624,964,466,823,174.7324
12,184.2503,3,1028.8994,557.7977,11747.0,291.0,161.2718,0.895,2.1039,457.0,21.4175,0.7538,0.8596,964,1313,466,823,174.7324
12,184.2503,4,1526.0954,565.9504,15615.0,0.0,166.9906,0.6365,1.587,479.0,40.8114,0.4888,0.6566,1313,1657,466,823,174.7324
12,184.6508,1,357.466,524.1657,13149.0,936.0,167.4773,0.5971,1.8527,446.0,29.7216,0.6265,0.7704,280,624,466,823,174.7324
12,184.6508,2,871.7719,551.3581,14379.0,596.0,188.1851,0.7436,2.1846,450.0,18.9075,0.7372,0.8487,624,964,466,823,174.7324
12,184.6508,3,1029.4661,550.0993,11060.0,96.0,164.0001,0.8492,2.1936,462.0,23.0603,0.6655,0.7991,964,1313,466,823,174.7324
12,184.6508,4,1493.55,551.397,16456.0,0.0,211.6452,0.4844,2.3287,476.0,41.0758,0.4596,0.6297,1313,1657,466,823,174.7324
12,185.0514,1,349.1506,520.5867,12915.0,1173.0,161.6948,0.6926,1.7082,443.0,20.0884,0.741,0.8512,280,624,466,823,174.7324
12,185.0514,2,869.4949,551.2313,15635.0,763.0,172.661,0.8423,1.6814,448.0,22.7503,0.666,0.7995,624,964,466,823,174.7324
12,185.0514,3,1035.2419,547.0611,10614.0,107.0,151.8773,0.8733,2.0082,462.0,26.843,0.656,0.7923,964,1313,466,823,174.7324
12,185.0514,4,1455.2782,555.7469,16844.0,0.0,218.4205,0.5047,2.3702,477.0,45.0568,0.3945,0.5658,1313,1657,466,823,174.7324
12,185.4519,1,343.9391,519.3928,11762.0,937.0,163.4047,0.6781,1.8443,445.0,20.7508,0.7946,0.8855,280,624,466,823,174.7324
12,185.4519,2,869.0583,550.1871,14873.0,643.0,172.9387,0.8065,1.8546,450.0,21.7045,0.6719,0.8038,624,964,466,823,174.7324
12,185.4519,3,1038.1465,547.1053,10367.0,253.0,143.0813,0.9588,1.7932,457.0,30.1066,0.6283,0.7717,964,1313,466,823,174.7324
12,185.4519,4,1427.2981,566.3011,17339.0,0.0,198.4729,0.6631,1.9044,475.0,42.7646,0.433,0.6043,1313,1657,466,823,174.7324
12,185.8524,1,345.0309,532.2042,12086.0,961.0,150.5475,0.7283,1.7293,445.0,24.3559,0.729,0.8433,280,624,466,823,174.7324
12,185.8524,2,874.8704,551.8909,14271.0,625.0,173.9491,0.7772,1.9759,450.0,22.0224,0.7005,0.8239,624,964,466,823,174.7324
12,185.8524,3,1037.5122,539.2703,14289.0,1105.0,197.0182,0.9999,2.1094,443.0,34.0607,0.5396,0.7009,964,1313,466,823,174.7324
12,185.8524,4,1415.3073,578.8079,17297.0,0.0,195.0452,0.7657,1.9322,474.0,32.2525,0.5792,0.7336,1313,1657,466,823,174.7324
12,186.253,1,335.4793,528.6184,11374.0,906.0,149.3065,0.7936,1.7419,443.0,24.4984,0.6583,0.7939,280,624,466,823,174.7324
12,186.253,2,879.1497,543.2417,13990.0,778.0,178.6167,0.8495,1.9654,448.0,17.6435,0.8385,0.9121,624,964,466,823,174.7324
12,186.253,3,1052.5899,562.7242,11123.0,70.0,172.881,0.9955,2.2293,462.0,36.292,0.4781,0.6469,964,1313,466,823,174.7324
12,186.253,4,1407.2809,579.9766,14640.0,0.0,181.6665,0.723,2.1138,477.0,29.708,0.577,0.7318,1313,1657,466,823,174.7324
12,186.6535,1,333.4943,522.5689,10038.0,839.0,147.6561,0.7933,1.8317,444.0,14.5407,0.8014,0.8898,280,624,466,823,174.7324
12,186.6535,2,880.9233,557.3484,15090.0,393.0,166.1999,0.886,1.7084,464.0,29.148,0.5735,0.729,624,964,466,823,174.7324
12,186.6535,3,1062.4378,544.519,12313.0,651.0,188.1231,0.9466,2.3772,444.0,35.9107,0.5434,0.7041,964,1313,466,823,174.7324
12,186.6535,4,1400.0144,561.6732,12195.0,0.0,161.7691,0.6831,1.9586,476.0,27.4426,0.601,0.7508,1313,1657,466,823,174.7324
12,187.0541,1,332.9504,534.6404,10377.0,875.0,141.5246,0.8566,1.8264,446.0,21.7458,0.6771,0.8074,280,624,466,823,174.7324
12,187.0541,2,889.1436,552.2267,15854.0,329.0,164.3741,0.9709,1.473,452.0,23.9047,0.6623,0.7969,624,964,466,823,174.7324
12,187.0541,3,1064.6998,553.3342,13100.0,685.0,169.4322,0.9444,1.9832,444.0,20.8339,0.7608,0.8641,964,1313,466,823,174.7324
12,187.0541,4,1387.4485,532.6665,7598.0,0.0,138.8646,0.8138,2.0821,472.0,27.4069,0.5883,0.7408,1313,1657,466,823,174.7324
12,187.4546,1,329.9197,544.5644,10545.0,887.0,136.4058,0.8954,1.7648,445.0,24.777,0.5942,0.7454,280,624,466,823,174.7324
12,187.4546,2,882.8653,546.6367,16082.0,356.0,161.9264,0.9691,1.3784,452.0,25.3527,0.7073,0.8285,624,964,466,823,174.7324
12,187.4546,3,1059.9158,558.2765,12078.0,333.0,168.2063,0.9529,2.0652,452.0,23.9346,0.6878,0.815,964,1313,466,823,174.7324
12,187.4546,4,1390.2576,550.4224,6700.0,0.0,131.0171,0.9512,2.4124,471.0,25.837,0.5794,0.7337,1313,1657,466,823,174.7324
12,187.8552,1,331.9254,543.7879,10287.0,782.0,139.1067,0.9248,1.8476,445.0,22.6522,0.6011,0.7509,280,624,466,823,174.7324
12,187.8552,2,879.1359,542.5406,15573.0,438.0,158.8714,0.891,1.3929,453.0,22.252,0.7248,0.8404,624,964,466,823,174.7324
12,187.8552,3,1058.4195,537.7123,10091.0,62.0,147.9851,0.9358,1.7919,463.0,36.7512,0.4901,0.6578,964,1313,466,823,174.7324
12,187.8552,4,1388.1256,530.8874,6013.0,0.0,112.8111,0.8954,1.5396,474.0,24.5193,0.5889,0.7413,1313,1657,466,823,174.7324
12,188.2557,1,331.8894,533.7659,9185.0,756.0,135.8891,0.8939,1.8817,445.0,20.957,0.654,0.7908,280,624,466,823,174.7324
12,188.2557,2,879.1214,543.8488,15860.0,565.0,159.6523,0.9976,1.3444,446.0,22.173,0.7166,0.8349,624,964,466,823,174.7324
12,188.2557,3,1080.6761,520.2354,10896.0,611.0,174.9488,0.7213,2.0953,452.0,36.3611,0.565,0.7221,964,1313,466,823,174.7324
12,188.2557,4,1402.4727,542.4232,9389.0,0.0,134.2717,0.9768,1.5776,471.0,31.8636,0.427,0.5985,1313,1657,466,823,174.7324
12,188.6563,1,330.9377,543.627,10071.0,806.0,143.5614,0.9034,1.9717,445.0,20.9319,0.6657,0.7993,280,624,466,823,174.7324
12,188.6563,2,871.1192,552.8932,17169.0,343.0,163.3187,0.9941,1.318,451.0,25.393,0.6738,0.8051,624,964,466,823,174.7324
12,188.6563,3,1104.8952,526.9686,12079.0,445.0,178.0521,0.7315,1.9752,455.0,48.8107,0.4311,0.6025,964,1313,466,823,174.7324
12,188.6563,4,1432.9178,548.76,10824.0,0.0,140.6447,0.8162,1.5787,474.0,43.8578,0.3359,0.5028,1313,1657,466,823,174.7324
12,189.0568,1,331.4546,526.687,9775.0,959.0,147.4337,0.9284,1.9195,439.0,21.7494,0.6939,0.8193,280,624,466,823,174.7324
12,189.0568,2,864.0539,548.0743,15922.0,389.0,160.178,0.9964,1.3723,450.0,21.6953,0.7012,0.8244,624,964,466,823,174.7324
12,189.0568,3,1128.0754,527.8755,12871.0,479.0,192.133,0.6431,2.3379,456.0,47.3712,0.4766,0.6455,964,1313,466,823,174.7324
12,189.0568,4,1468.6756,547.7687,12246.0,0.0,164.0803,0.6908,1.883,473.0,48.276,0.3567,0.5259,1313,1657,466,823,174.7324
12,189.4573,1,335.6502,541.032,10570.0,769.0,146.2732,0.8857,1.8761,444.0,18.7778,0.7037,0.8261,280,624,466,823,174.7324
12,189.4573,2,854.6313,549.7441,16047.0,388.0,160.6133,0.9995,1.4153,450.0,22.1117,0.6854,0.8134,624,964,466,823,174.7324
12,189.4573,3,1139.4641,533.508,13026.0,416.0,181.4711,0.6772,2.1885,457.0,36.8586,0.5721,0.7278,964,1313,466,823,174.7324
12,189.4573,4,1505.4386,549.2401,14465.0,0.0,185.272,0.5954,2.0574,473.0,53.2524,0.3518,0.5205,1313,1657,466,823,174.7324
12,189.8579,1,334.5653,545.0501,10973.0,710.0,145.8103,0.8739,1.8831,447.0,18.5555,0.6954,0.8203,280,624,466,823,174.7324
12,189.8579,2,845.4229,552.1789,15728.0,355.0,161.6516,1.0,1.5062,451.0,29.7364,0.5868,0.7396,624,964,466,823,174.7324
12,189.8579,3,1144.9519,556.6955,14590.0,498.0,207.9209,0.8172,2.5283,453.0,41.6856,0.5264,0.6897,964,1313,466,823,174.7324
12,189.8579,4,1534.831,557.1908,15091.0,0.0,182.9174,0.6824,1.9366,475.0,54.7403,0.4021,0.5736,1313,1657,466,823,174.7324
12,190.2584,1,328.232,513.7652,8675.0,884.0,143.6492,0.8729,1.9006,443.0,20.2438,0.7109,0.831,280,624,466,823,174.7324
12,190.2584,2,842.4796,547.8029,15365.0,452.0,175.6014,0.8509,1.8146,448.0,32.9715,0.5426,0.7035,624,964,466,823,174.7324
12,190.2584,3,1151.6174,557.1252,13621.0,163.0,184.5161,0.7787,2.2812,460.0,29.932,0.6522,0.7895,964,1313,466,823,174.7324
12,190.2584,4,1556.6357,568.6191,14841.0,0.0,192.215,0.7968,2.1832,472.0,49.3192,0.4343,0.6056,1313,1657,466,823,174.7324
12,190.659,1,330.419,534.6099,10256.0,899.0,133.8422,0.8891,1.7156,444.0,20.3822,0.6886,0.8156,280,624,466,823,174.7324
12,190.659,2,828.4801,544.9935,15960.0,564.0,174.8266,0.8063,1.7251,447.0,28.2015,0.6478,0.7863,624,964,466,823,174.7324
12,190.659,3,1149.5795,551.8508,13382.0,244.0,173.0745,0.7945,2.0064,460.0,27.9616,0.6912,0.8174,964,1313,466,823,174.7324
12,190.659,4,1562.8773,587.7455,14242.0,0.0,174.681,0.7842,1.9788,482.0,36.1473,0.5731,0.7286,1313,1657,466,823,174.7324
12,191.0595,1,326.9239,518.1444,10051.0,1117.0,152.6557,0.9083,1.8814,438.0,24.8872,0.6533,0.7903,280,624,466,823,174.7324
12,191.0595,2,811.846,547.1459,17029.0,536.0,185.5877,0.807,1.7586,448.0,31.7641,0.5693,0.7255,624,964,466,823,174.7324
12,191.0595,3,1152.9916,554.38,13571.0,335.0,192.9453,0.8111,2.3992,456.0,29.292,0.6491,0.7872,964,1313,466,823,174.7324
12,191.0595,4,1575.5605,564.7789,13507.0,20.0,160.792,0.7485,1.7731,475.0,30.2506,0.6132,0.7602,1313,1657,466,823,174.7324
12,191.4601,1,338.7962,539.379,11965.0,748.0,164.5512,0.7841,2.0337,447.0,30.9645,0.6262,0.7702,280,624,466,823,174.7324
12,191.4601,2,796.5103,553.7314,18339.0,365.0,193.0635,0.7974,1.7698,452.0,27.9639,0.6104,0.7581,624,964,466,823,174.7324
12,191.4601,3,1152.7521,553.5445,12862.0,205.0,180.2081,0.8085,2.2674,459.0,22.6204,0.7043,0.8265,964,1313,466,823,174.7324
12,191.4601,4,1580.7112,559.3728,13121.0,50.0,142.2554,0.8219,1.4046,477.0,28.911,0.6363,0.7778,1313,1657,466,823,174.7324
12,191.8606,1,345.7072,521.4893,11059.0,801.0,152.0487,0.6944,1.8129,445.0,32.4983,0.6246,0.7689,280,624,466,823,174.7324
12,191.8606,2,789.9777,545.309,18400.0,575.0,201.8153,0.7298,1.9037,450.0,23.934,0.6582,0.7939,624,964,466,823,174.7324
12,191.8606,3,1146.9531,549.001,12284.0,383.0,153.5417,0.9179,1.7764,453.0,35.1296,0.6058,0.7546,964,1313,466,823,174.7324
12,191.8606,4,1580.7783,562.0799,14179.0,0.0,152.2321,0.7979,1.427,492.0,26.5525,0.6776,0.8078,1313,1657,466,823,174.7324
12,192.2612,1,340.4274,513.2837,8614.0,696.0,110.4515,0.8224,1.2208,449.0,39.0962,0.5443,0.7049,280,624,466,823,174.7324
12,192.2612,2,775.6576,534.6526,18193.0,835.0,214.3277,0.6529,2.1446,447.0,22.6375,0.6783,0.8084,624,964,466,823,174.7324
12,192.2612,3,1142.2582,558.0638,12596.0,353.0,157.5572,0.9659,1.8785,452.0,28.4139,0.6289,0.7722,964,1313,466,823,174.7324
12,192.2612,4,1570.2666,572.948,17378.0,0.0,186.1318,0.7593,1.695,483.0,32.2224,0.6346,0.7764,1313,1657,466,823,174.7324
12,192.6617,1,333.8873,521.751,11176.0,762.0,122.58,0.8095,1.2201,463.0,32.6356,0.5887,0.7411,280,624,466,823,174.7324
12,192.6617,2,770.8221,540.6574,18245.0,918.0,212.3408,0.5448,2.2128,447.0,26.1013,0.6162,0.7626,624,964,466,823,174.7324
12,192.6617,3,1138.6408,556.7477,12733.0,279.0,165.5257,0.9493,2.0082,456.0,21.0112,0.7273,0.8421,964,1313,466,823,174.7324
12,192.6617,4,1544.9676,582.2073,19234.0,0.0,186.0608,0.868,1.5451,475.0,37.9464,0.5472,0.7073,1313,1657,466,823,174.7324
12,193.0622,1,336.5886,534.292,13242.0,527.0,142.2895,0.8377,1.3304,460.0,29.4485,0.6891,0.816,280,624,466,823,174.7324
12,193.0622,2,750.9979,535.3794,17999.0,1009.0,199.5064,0.6154,1.9411,446.0,22.0601,0.6835,0.812,624,964,466,823,174.7324
12,193.0622,3,1148.7997,549.3063,13716.0,100.0,180.3802,0.8195,2.1135,462.0,33.6172,0.613,0.7601,964,1313,466,823,174.7324
12,193.0622,4,1529.0345,583.1859,18166.0,0.0,183.3752,0.8654,1.6235,486.0,34.5092,0.5927,0.7443,1313,1657,466,823,174.7324
12,193.4628,1,350.4441,537.1218,14055.0,860.0,153.5138,0.7631,1.5182,444.0,32.7092,0.6,0.75,280,624,466,823,174.7324
12,193.4628,2,736.6951,540.8281,17387.0,850.0,205.6052,0.635,2.0904,448.0,26.8237,0.6224,0.7673,624,964,466,823,174.7324
12,193.4628,3,1166.7627,531.1277,13777.0,677.0,192.9371,0.6347,2.3369,455.0,33.5258,0.6214,0.7665,964,1313,466,823,174.7324
12,193.4628,4,1512.8922,586.5138,18732.0,0.0,189.3323,0.8448,1.7771,476.0,34.186,0.5519,0.7113,1313,1657,466,823,174.7324
12,193.8633,1,354.8788,536.4456,13801.0,796.0,161.6028,0.6668,1.7416,449.0,25.2478,0.6746,0.8057,280,624,466,823,174.7324
12,193.8633,2,726.2248,531.6176,16474.0,1102.0,198.0623,0.6974,1.9539,444.0,15.7475,0.7812,0.8772,624,964,466,823,174.7324
12,193.8633,3,1189.0417,539.1792,13234.0,314.0,171.1179,0.6804,2.0628,457.0,53.8971,0.3862,0.5572,964,1313,466,823,174.7324
12,193.8633,4,1501.1053,586.0046,17230.0,0.0,167.5769,0.9522,1.4971,481.0,38.8183,0.4635,0.6334,1313,1657,466,823,174.7324
12,194.2639,1,355.8034,536.2214,13997.0,847.0,168.5389,0.6426,1.8903,448.0,13.9108,0.8387,0.9123,280,624,466,823,174.7324
12,194.2639,2,717.5871,531.511,15676.0,969.0,186.8267,0.7285,1.8677,446.0,21.6712,0.7178,0.8357,624,964,466,823,174.7324
12,194.2639,3,1207.5621,544.7882,11651.0,107.0,150.5988,0.8029,1.8083,461.0,39.4341,0.4934,0.6608,964,1313,466,823,174.7324
12,194.2639,4,1487.4963,573.9576,16684.0,0.0,162.981,0.8912,1.4203,478.0,38.9114,0.516,0.6808,1313,1657,466,823,174.7324
12,194.6644,1,354.8429,530.8432,13524.0,962.0,164.6648,0.6554,1.8203,447.0,22.1492,0.7467,0.855,280,624,466,823,174.7324
12,194.6644,2,717.9166,544.3193,16074.0,835.0,190.4628,0.7207,2.0125,449.0,17.7625,0.7694,0.8697,624,964,466,823,174.7324
12,194.6644,3,1216.0517,543.9453,11163.0,85.0,138.367,0.8592,1.5935,462.0,28.9573,0.6391,0.7798,964,1313,466,823,174.7324
12,194.6644,4,1472.153,568.507,19771.0,56.0,243.5908,0.6144,2.759,466.0,38.9661,0.4559,0.6263,1313,1657,466,823,174.7324
12,195.065,1,351.7693,524.4705,12599.0,1113.0,156.3714,0.6721,1.7416,445.0,19.0638,0.7932,0.8847,280,624,466,823,174.7324
12,195.065,2,718.3155,539.2597,14894.0,1046.0,181.3928,0.7701,1.9802,445.0,18.0114,0.7225,0.8389,624,964,466,823,174.7324
12,195.065,3,1216.512,546.7693,11587.0,67.0,143.3277,0.8804,1.6611,463.0,17.9552,0.813,0.8969,964,1313,466,823,174.7324
12,195.065,4,1510.3565,557.3988,17942.0,0.0,260.0718,0.4196,3.0891,477.0,42.9263,0.42,0.5916,1313,1657,466,823,174.7324
12,195.4655,1,342.3021,517.0246,11553.0,1214.0,149.9031,0.742,1.67,441.0,21.4897,0.7144,0.8334,280,624,466,823,174.7324
12,195.4655,2,711.3666,538.5147,14654.0,1113.0,173.6975,0.8201,1.8854,445.0,13.2814,0.7784,0.8754,624,964,466,823,174.7324
12,195.4655,3,1216.005,549.9866,11906.0,65.0,151.0974,0.8517,1.7947,463.0,23.0567,0.7169,0.8351,964,1313,466,823,174.7324
12,195.4655,4,1537.2865,560.004,17335.0,69.0,206.9713,0.5676,2.126,462.0,36.9327,0.503,0.6693,1313,1657,466,823,174.7324
12,195.866,1,334.2905,523.3671,10203.0,781.0,144.0376,0.7752,1.7274,445.0,27.3492,0.6657,0.7993,280,624,466,823,174.7324
12,195.866,2,711.7815,540.9244,13663.0,962.0,177.4301,0.7674,2.1272,446.0,17.9051,0.7281,0.8427,624,964,466,823,174.7324
12,195.866,3,1217.2935,545.3498,11918.0,292.0,156.9321,0.8493,1.8717,457.0,23.1152,0.7372,0.8487,964,1313,466,823,174.7324
12,195.866,4,1550.4794,582.1675,16765.0,0.0,186.0651,0.6457,1.8913,487.0,38.0908,0.4606,0.6307,1313,1657,466,823,174.7324
12,196.2666,1,331.2627,538.3827,10865.0,792.0,141.4581,0.8286,1.7417,447.0,19.6,0.7221,0.8386,280,624,466,823,174.7324
12,196.2666,2,702.8079,537.7241,13394.0,1109.0,169.5882,0.8597,1.9813,443.0,20.0694,0.6468,0.7855,624,964,466,823,174.7324
12,196.2666,3,1212.6562,556.1764,12626.0,15.0,162.0203,0.8124,1.9003,465.0,28.6261,0.6631,0.7974,964,1313,466,823,174.7324
12,196.2666,4,1546.3782,596.9446,16565.0,0.0,182.6169,0.6572,1.8529,493.0,24.3754,0.6386,0.7795,1313,1657,466,823,174.7324
12,196.6671,1,326.0404,536.5391,10649.0,1027.0,136.5984,0.9309,1.7553,444.0,26.725,0.5907,0.7427,280,624,466,823,174.7324
12,196.6671,2,701.9467,540.1277,12242.0,987.0,164.1351,0.8527,2.0269,446.0,17.911,0.687,0.8145,624,964,466,823,174.7324
12,196.6671,3,1209.9316,552.2977,12333.0,81.0,161.989,0.8204,1.9615,463.0,23.1318,0.7357,0.8477,964,1313,466,823,174.7324
12,196.6671,4,1554.1158,587.3107,17092.0,0.0,160.0398,0.6157,1.2745,480.0,35.8055,0.4717,0.6411,1313,1657,466,823,174.7324
12,197.0677,1,334.2928,529.8908,9642.0,887.0,127.4722,0.9267,1.6744,446.0,25.0843,0.6281,0.7716,280,624,466,823,174.7324
12,197.0677,2,695.8503,542.6146,11732.0,986.0,162.4976,0.9026,2.0914,445.0,19.7907,0.6403,0.7807,624,964,466,823,174.7324
12,197.0677,3,1207.9476,555.2582,11108.0,83.0,144.1254,0.908,1.8044,462.0,33.6221,0.5911,0.743,964,1313,466,823,174.7324
12,197.0677,4,1552.145,563.6916,12916.0,0.0,131.9758,0.9571,1.2463,470.0,36.3331,0.3922,0.5634,1313,1657,466,823,174.7324
12,197.4682,1,320.3884,504.9345,6973.0,822.0,123.488,0.9212,1.7016,445.0,25.067,0.687,0.8144,280,624,466,823,174.7324
12,197.4682,2,686.3779,543.0345,11295.0,988.0,159.2668,0.9509,2.0952,444.0,22.0355,0.6056,0.7543,624,964,466,823,174.7324
12,197.4682,3,1208.2252,543.4033,10922.0,365.0,139.2063,0.9997,1.6319,454.0,36.34,0.5478,0.7079,964,1313,466,823,174.7324
12,197.4682,4,1539.9122,534.98,9585.0,15.0,148.2942,0.6853,1.8828,469.0,29.1052,0.4604,0.6305,1313,1657,466,823,174.7324
12,197.8688,1,321.3169,508.892,7066.0,798.0,131.001,0.9261,1.8275,444.0,10.9988,0.8726,0.932,280,624,466,823,174.7324
12,197.8688,2,684.6259,541.801,10658.0,893.0,161.7192,0.9711,2.2015,445.0,15.5931,0.7673,0.8683,624,964,466,823,174.7324
12,197.8688,3,1201.1395,538.904,10672.0,321.0,137.6533,0.9934,1.6061,456.0,23.9337,0.6635,0.7977,964,1313,466,823,174.7324
12,197.8688,4,1499.3867,531.0794,10762.0,39.0,158.3077,0.7529,1.7797,464.0,46.6684,0.3657,0.5355,1313,1657,466,823,174.7324
12,198.2693,1,327.2978,531.3416,8464.0,759.0,128.3796,0.9444,1.906,445.0,20.8232,0.7117,0.8316,280,624,466,823,174.7324
12,198.2693,2,677.4271,524.6404,9679.0,668.0,151.031,0.9962,1.8178,449.0,22.2193,0.6694,0.802,624,964,466,823,174.7324
12,198.2693,3,1195.2165,540.5504,11457.0,236.0,154.731,0.8947,1.8278,459.0,34.1815,0.5982,0.7486,964,1313,466,823,174.7324
12,198.2693,4,1481.5273,539.6811,14061.0,12.0,183.1016,0.6244,2.0234,465.0,40.9113,0.5429,0.7037,1313,1657,466,823,174.7324
12,198.6699,1,327.1434,519.5728,8026.0,679.0,124.4066,0.9512,1.7504,448.0,24.296,0.6319,0.7744,280,624,466,823,174.7324
12,198.6699,2,684.3919,517.6088,9609.0,924.0,139.627,0.9996,1.6593,444.0,22.4457,0.679,0.8088,624,964,466,823,174.7324
12,198.6699,3,1188.3487,538.8753,12546.0,521.0,167.191,0.805,1.9453,452.0,28.0323,0.6629,0.7973,964,1313,466,823,174.7324
12,198.6699,4,1478.3477,551.8717,14467.0,0.0,185.1141,0.5505,2.0593,476.0,35.3615,0.6446,0.7839,1313,1657,466,823,174.7324
12,199.0704,1,326.0313,531.2404,9481.0,807.0,130.0871,0.9384,1.7054,444.0,22.7806,0.6588,0.7943,280,624,466,823,174.7324
12,199.0704,2,686.8919,519.4045,10348.0,1100.0,141.0016,0.993,1.6281,441.0,16.9684,0.7483,0.856,624,964,466,823,174.7324
12,199.0704,3,1181.8517,545.2724,13340.0,173.0,168.819,0.7677,1.8957,460.0,24.402,0.6927,0.8184,964,1313,466,823,174.7324
12,199.0704,4,1463.6462,559.8137,14844.0,68.0,183.3354,0.7691,2.0472,462.0,37.2231,0.509,0.6746,1313,1657,466,823,174.7324
12,199.4709,1,328.2982,507.9542,7897.0,901.0,120.171,0.967,1.5132,442.0,19.979,0.7247,0.8404,280,624,466,823,174.7324
12,199.4709,2,692.9486,544.8334,11871.0,741.0,142.448,0.9996,1.608,447.0,20.0338,0.6626,0.7971,624,964,466,823,174.7324
12,199.4709,3,1180.7001,543.3379,13266.0,97.0,167.0477,0.6949,1.8654,462.0,25.205,0.7316,0.845,964,1313,466,823,174.7324
12,199.4709,4,1465.7962,592.9961,15193.0,0.0,186.6637,0.9872,2.1253,474.0,39.7841,0.4664,0.6361,1313,1657,466,823,174.7324
12,199.8715,1,331.9284,528.3688,9567.0,664.0,126.0546,0.9995,1.5199,447.0,22.0677,0.6643,0.7983,280,624,466,823,174.7324
12,199.8715,2,697.6832,536.7707,11472.0,855.0,152.1242,0.9969,1.8209,444.0,22.8771,0.6311,0.7739,624,964,466,823,174.7324
12,199.8715,3,1179.9307,542.1132,13731.0,79.0,171.3973,0.6805,1.8929,463.0,24.2611,0.7,0.8235,964,1313,466,823,174.7324
12,199.8715,4,1471.1793,612.3742,14563.0,0.0,189.7393,0.9501,2.2265,484.0,30.208,0.5716,0.7274,1313,1657,466,823,174.7324
12,200.272,1,343.579,508.3613,7897.0,738.0,120.509,0.9969,1.4481,446.0,28.0493,0.6103,0.758,280,624,466,823,174.7324
12,200.272,2,703.4137,531.5104,11831.0,1005.0,174.0051,0.9992,1.9931,442.0,20.0816,0.6934,0.819,624,964,466,823,174.7324
12,200.272,3,1185.8102,547.0847,13918.0,142.0,171.473,0.7188,1.9578,460.0,27.3977,0.6672,0.8004,964,1313,466,823,174.7324
12,200.272,4,1462.6304,605.5625,16719.0,0.0,210.4702,0.9904,2.5162,471.0,38.0365,0.4438,0.6147,1313,1657,466,823,174.7324
12,200.6726,1,348.263,523.1748,9085.0,791.0,119.6196,0.9852,1.4558,445.0,26.5795,0.6569,0.793,280,624,466,823,174.7324
12,200.6726,2,710.9601,535.6543,11577.0,712.0,163.7108,0.9979,1.8986,447.0,21.2068,0.7326,0.8457,624,964,466,823,174.7324
12,200.6726,3,1198.3699,551.1982,13422.0,24.0,166.8188,0.7112,1.9192,464.0,31.2372,0.5857,0.7387,964,1313,466,823,174.7324
12,200.6726,4,1459.3036,572.8138,13471.0,8.0,193.2316,0.9985,2.2252,465.0,26.694,0.6361,0.7776,1313,1657,466,823,174.7324
12,201.0731,1,357.3135,522.8588,9465.0,725.0,129.4014,0.9766,1.5785,446.0,24.4628,0.6868,0.8143,280,624,466,823,174.7324
12,201.0731,2,719.5353,542.8813,12893.0,1056.0,174.4203,0.9958,2.0715,441.0,27.3676,0.601,0.7508,624,964,466,823,174.7324
12,201.0731,3,1213.021,547.1577,12633.0,261.0,158.4759,0.8467,1.793,456.0,37.2384,0.555,0.7138,964,1313,466,823,174.7324
12,201.0731,4,1461.4586,580.0004,12607.0,0.0,174.567,0.96,2.1194,478.0,28.6293,0.6491,0.7873,1313,1657,466,823,174.7324
12,201.4737,1,366.8824,522.8074,9830.0,663.0,141.2619,0.9398,1.711,448.0,28.6573,0.6706,0.8028,280,624,466,823,174.7324
12,201.4737,2,729.5627,537.1439,12207.0,761.0,170.1317,0.9999,1.9096,447.0,25.8556,0.6254,0.7696,624,964,466,823,174.7324
12,201.4737,3,1220.8631,562.7302,12869.0,50.0,163.8273,0.8581,1.9226,463.0,33.1282,0.6078,0.7561,964,1313,466,823,174.7324
12,201.4737,4,1477.2089,562.6764,16130.0,755.0,222.6113,0.9733,2.5124,447.0,36.0756,0.5189,0.6832,1313,1657,466,823,174.7324
12,201.8742,1,376.4365,518.8246,10336.0,861.0,138.9958,0.8473,1.6564,447.0,26.0726,0.71,0.8304,280,624,466,823,174.7324
12,201.8742,2,739.5455,545.1434,13127.0,939.0,163.2082,0.9879,1.8281,444.0,28.1558,0.6155,0.762,624,964,466,823,174.7324
12,201.8742,3,1218.5908,556.7497,12887.0,116.0,171.4635,0.8488,2.0593,461.0,20.9417,0.7507,0.8576,964,1313,466,823,174.7324
12,201.8742,4,1480.2333,582.8483,13945.0,0.0,189.145,0.8817,2.1221,486.0,37.4676,0.5593,0.7174,1313,1657,466,823,174.7324
12,202.2748,1,385.2459,517.1152,11092.0,1106.0,154.2714,0.7584,1.8697,445.0,29.4273,0.6721,0.8039,280,624,466,823,174.7324
12,202.2748,2,747.9202,545.8983,12905.0,894.0,173.4624,0.9909,2.0222,444.0,25.9776,0.6497,0.7876,624,964,466,823,174.7324
12,202.2748,3,1215.1574,549.2741,12624.0,108.0,160.1752,0.875,1.823,461.0,25.708,0.7324,0.8455,964,1313,466,823,174.7324
12,202.2748,4,1489.6164,598.1323,14211.0,0.0,185.6375,0.9322,2.0598,485.0,29.0644,0.6061,0.7547,1313,1657,466,823,174.7324
12,202.6753,1,403.4703,512.9401,11089.0,1054.0,163.8271,0.6775,2.0114,446.0,38.7094,0.5875,0.7402,280,624,466,823,174.7324
12,202.6753,2,753.325,552.2957,13912.0,889.0,179.218,0.9962,2.062,445.0,27.8787,0.6445,0.7838,624,964,466,823,174.7324
12,202.6753,3,1217.7845,546.5984,11935.0,39.0,133.2588,0.878,1.3308,463.0,30.473,0.6217,0.7667,964,1313,466,823,174.7324
12,202.6753,4,1504.2557,569.9273,13500.0,0.0,182.4509,0.7755,2.1445,476.0,38.8583,0.5096,0.6751,1313,1657,466,823,174.7324
12,203.0758,1,417.4132,520.1535,12124.0,1048.0,161.9066,0.6596,1.9253,447.0,39.7318,0.5473,0.7074,280,624,466,823,174.7324
12,203.0758,2,761.3054,554.3389,14004.0,746.0,163.8735,0.9983,1.8065,446.0,24.9673,0.6446,0.7839,624,964,466,823,174.7324
12,203.0758,3,1223.012,545.8814,11480.0,194.0,129.1047,0.9661,1.2998,462.0,29.7933,0.6967,0.8213,964,1313,466,823,174.7324
12,203.0758,4,1524.5035,548.1835,14541.0,0.0,187.3436,0.6058,2.0638,474.0,36.9655,0.5389,0.7003,1313,1657,466,823,174.7324
12,203.4764,1,434.5181,523.4077,12591.0,1064.0,172.8261,0.6242,2.1325,447.0,40.883,0.5207,0.6848,280,624,466,823,174.7324
12,203.4764,2,766.7367,553.5474,13990.0,781.0,174.3304,0.9852,1.9932,445.0,26.256,0.6278,0.7714,624,964,466,823,174.7324
12,203.4764,3,1230.759,550.9532,11424.0,77.0,129.7689,0.9904,1.3982,470.0,28.0408,0.6621,0.7967,964,1313,466,823,174.7324
12,203.4764,4,1538.354,561.7245,14321.0,0.0,187.6568,0.6399,2.1592,480.0,47.7746,0.4985,0.6654,1313,1657,466,823,174.7324
12,203.8769,1,449.6444,524.1578,12869.0,1066.0,172.3335,0.6118,2.1195,446.0,38.7756,0.57,0.7261,280,624,466,823,174.7324
12,203.8769,2,767.4251,549.2123,13494.0,837.0,172.4027,0.9942,1.9945,444.0,24.8988,0.6644,0.7984,624,964,466,823,174.7324
12,203.8769,3,1233.0731,549.9644,11785.0,15.0,130.9593,0.9937,1.3304,470.0,25.0768,0.6905,0.8169,964,1313,466,823,174.7324
12,203.8769,4,1546.7539,584.462,14915.0,0.0,195.8068,0.8025,2.2636,479.0,45.271,0.4791,0.6478,1313,1657,466,823,174.7324
12,204.2775,1,462.7101,529.7465,12725.0,747.0,173.6608,0.6162,2.1405,451.0,41.2745,0.517,0.6816,280,624,466,823,174.7324
12,204.2775,2,767.7567,546.5005,13292.0,873.0,179.2236,0.9915,2.1623,443.0,29.3772,0.6203,0.7656,624,964,466,823,174.7324
12,204.2775,3,1232.582,542.2458,11861.0,116.0,141.0986,0.8229,1.4289,461.0,26.5355,0.6882,0.8153,964,1313,466,823,174.7324
12,204.2775,4,1558.7324,599.1535,14711.0,0.0,204.0768,0.8853,2.4225,483.0,42.7314,0.5134,0.6785,1313,1657,466,823,174.7324
12,204.678,1,474.8063,525.4039,12388.0,1101.0,173.7393,0.6615,2.1957,443.0,31.223,0.6545,0.7911,280,624,466,823,174.7324
12,204.678,2,773.4653,540.5467,12768.0,827.0,156.6435,0.9598,1.799,446.0,30.0449,0.619,0.7647,624,964,466,823,174.7324
12,204.678,3,1231.5263,547.8648,12674.0,23.0,134.9457,0.9312,1.2811,468.0,21.3513,0.7623,0.8651,964,1313,466,823,174.7324
12,204.678,4,1571.0168,601.4996,15095.0,0.0,181.977,0.9691,1.9332,482.0,30.2804,0.5753,0.7304,1313,1657,466,823,174.7324
12,205.0786,1,484.145,531.5593,11966.0,837.0,171.6705,0.6877,2.2456,446.0,39.9629,0.5272,0.6904,280,624,466,823,174.7324
12,205.0786,2,781.0238,539.4091,13539.0,819.0,163.3159,0.8688,1.7759,448.0,29.3916,0.6482,0.7866,624,964,466,823,174.7324
12,205.0786,3,1228.1016,551.7937,13498.0,0.0,135.7355,0.9573,1.2122,468.0,19.7174,0.7757,0.8737,964,1313,466,823,174.7324
12,205.0786,4,1570.157,585.7176,13005.0,0.0,152.3287,0.9995,1.6902,485.0,35.2398,0.5319,0.6944,1313,1657,466,823,174.7324
12,205.4791,1,490.7415,539.4453,11920.0,740.0,175.7223,0.7073,2.4166,445.0,29.8662,0.6314,0.7741,280,624,466,823,174.7324
12,205.4791,2,785.2627,541.2935,14106.0,957.0,178.8331,0.8326,2.0294,448.0,23.1302,0.7424,0.8522,624,964,466,823,174.7324
12,205.4791,3,1225.9201,547.4792,13401.0,45.0,135.3781,0.9,1.1789,463.0,11.8379,0.8928,0.9434,964,1313,466,823,174.7324
12,205.4791,4,1559.4443,553.4581,13254.0,0.0,176.5452,0.8028,2.0107,468.0,37.3783,0.4566,0.627,1313,1657,466,823,174.7324
12,205.8797,1,494.8065,537.3341,11340.0,517.0,168.9114,0.6531,2.3222,452.0,22.277,0.7401,0.8506,280,624,466,823,174.7324
12,205.8797,2,793.9576,543.0585,14626.0,1274.0,186.789,0.8148,2.2482,442.0,27.2447,0.6814,0.8105,624,964,466,823,174.7324
12,205.8797,3,1222.8846,546.2607,13634.0,7.0,133.6941,0.9915,1.1156,467.0,20.8916,0.7446,0.8536,964,1313,466,823,174.7324
12,205.8797,4,1519.8432,553.4983,15350.0,286.0,175.0907,0.9564,1.6939,458.0,44.8755,0.3484,0.5167,1313,1657,466,823,174.7324
12,206.2802,1,496.7251,533.4511,11497.0,601.0,168.4486,0.6499,2.2707,450.0,18.8778,0.7526,0.8589,280,624,466,823,174.7324
12,206.2802,2,807.2218,538.8246,13963.0,1136.0,185.2429,0.7965,2.1909,444.0,36.3744,0.5632,0.7206,624,964,466,823,174.7324
12,206.2802,3,1216.051,546.9453,13482.0,24.0,136.1086,0.7874,1.1989,464.0,20.4465,0.7549,0.8603,964,1313,466,823,174.7324
12,206.2802,4,1506.9918,585.3112,12781.0,0.0,165.5286,0.9919,1.9199,481.0,39.6668,0.4079,0.5794,1313,1657,466,823,174.7324
12,206.6807,1,501.76,536.7237,11580.0,1187.0,173.2704,0.7995,2.5614,438.0,32.8405,0.5322,0.6947,280,624,466,823,174.7324
12,206.6807,2,821.69,546.8181,14857.0,1010.0,186.3786,0.8344,2.1087,448.0,39.5611,0.517,0.6816,624,964,466,823,174.7324
12,206.6807,3,1206.1424,545.8593,13198.0,59.0,146.0218,0.7754,1.4313,463.0,20.855,0.7515,0.8581,964,1313,466,823,174.7324
12,206.6807,4,1503.8595,589.4941,13747.0,0.0,186.6618,0.9509,2.1526,484.0,38.5983,0.532,0.6945,1313,1657,466,823,174.7324
12,207.0813,1,499.8436,549.0772,11586.0,321.0,172.5421,0.6921,2.3426,454.0,36.2306,0.4925,0.6599,280,624,466,823,174.7324
12,207.0813,2,834.0905,546.2479,14205.0,1015.0,185.2253,0.8382,2.2048,446.0,41.0455,0.5569,0.7154,624,964,466,823,174.7324
12,207.0813,3,1191.187,538.9084,13606.0,163.0,174.945,0.6199,1.9318,460.0,34.3858,0.555,0.7138,964,1313,466,823,174.7324
12,207.0813,4,1524.3499,574.7845,15152.0,0.0,192.9361,0.732,2.1814,483.0,41.7658,0.5149,0.6798,1313,1657,466,823,174.7324
12,207.4818,1,513.722,555.9354,12344.0,674.0,189.67,0.9308,2.6718,446.0,47.2617,0.4169,0.5885,280,624,466,823,174.7324
12,207.4818,2,847.7729,543.7809,13225.0,750.0,182.355,0.8512,2.2029,451.0,39.516,0.5801,0.7342,624,964,466,823,174.7324
12,207.4818,3,1165.0979,536.2619,14195.0,109.0,190.3842,0.5303,2.2303,461.0,38.5175,0.5417,0.7027,964,1313,466,823,174.7324
12,207.4818,4,1544.0071,550.0335,17260.0,1035.0,192.0242,0.9208,1.7326,445.0,45.0138,0.436,0.6072,1313,1657,466,823,174.7324
12,207.8824,1,512.2177,578.5116,10576.0,0.0,142.6935,0.7952,1.8644,494.0,35.6625,0.5076,0.6734,280,624,466,823,174.7324
12,207.8824,2,856.6648,549.4563,13261.0,789.0,184.2617,0.8648,2.3308,450.0,30.99,0.6393,0.78,624,964,466,823,174.7324
12,207.8824,3,1131.0898,539.1925,13936.0,96.0,175.4116,0.5945,1.9486,461.0,46.7591,0.4148,0.5863,964,1313,466,823,174.7324
12,207.8824,4,1548.6486,577.9982,16455.0,0.0,206.3242,0.7953,2.1914,484.0,50.3152,0.3927,0.564,1313,1657,466,823,174.7324
12,208.2829,1,527.6402,559.8962,11665.0,1377.0,196.6414,0.9753,3.13,432.0,42.9195,0.3723,0.5426,280,624,466,823,174.7324
12,208.2829,2,856.1912,549.4489,13500.0,844.0,189.1413,0.8678,2.3808,449.0,20.6516,0.7775,0.8749,624,964,466,823,174.7324
12,208.2829,3,1112.6372,546.2745,15026.0,249.0,173.1199,0.7079,1.7383,454.0,39.3773,0.4971,0.6641,964,1313,466,823,174.7324
12,208.2829,4,1553.7084,594.888,15873.0,0.0,203.7043,0.768,2.247,486.0,33.6702,0.5873,0.74,1313,1657,466,823,174.7324
12,208.6835,1,516.8399,571.6747,9334.0,0.0,131.9401,0.8419,1.7429,493.0,38.6611,0.4143,0.5858,280,624,466,823,174.7324
12,208.6835,2,855.2927,551.1695,13557.0,841.0,189.1577,0.8535,2.4475,449.0,19.4491,0.7939,0.8851,624,964,466,823,174.7324
12,208.6835,3,1100.185,557.7255,15838.0,54.0,164.8239,0.7547,1.5675,462.0,30.1253,0.556,0.7147,964,1313,466,823,174.7324
12,208.6835,4,1555.6238,580.3893,15608.0,0.0,189.3403,0.7953,2.0589,477.0,37.7371,0.5579,0.7162,1313,1657,466,823,174.7324
12,209.084,1,533.2567,542.6648,11482.0,1908.0,204.4639,0.9975,3.2071,420.0,44.8262,0.3577,0.5269,280,624,466,823,174.7324
12,209.084,2,857.6016,545.7552,13311.0,949.0,186.0847,0.8563,2.3438,448.0,22.3438,0.7484,0.8561,624,964,466,823,174.7324
12,209.084,3,1090.2167,555.525,15225.0,55.0,159.8282,0.7892,1.4787,462.0,22.7144,0.6657,0.7993,964,1313,466,823,174.7324
12,209.084,4,1553.5276,576.5155,15808.0,0.0,193.2372,0.7552,2.0976,470.0,25.8721,0.682,0.8109,1313,1657,466,823,174.7324
12,209.4845,1,510.7714,572.452,9587.0,0.0,129.0282,0.7673,1.7697,496.0,47.3,0.3196,0.4844,280,624,466,823,174.7324
12,209.4845,2,861.2278,546.8069,12700.0,678.0,187.2849,0.8225,2.477,452.0,21.6759,0.7663,0.8677,624,964,466,823,174.7324
12,209.4845,3,1087.3245,556.5756,14468.0,22.0,155.158,0.8586,1.4543,465.0,16.947,0.7874,0.8811,964,1313,466,823,174.7324
12,209.4845,4,1557.8552,591.9078,15344.0,0.0,191.0683,0.733,2.1351,490.0,34.6859,0.5913,0.7431,1313,1657,466,823,174.7324
12,209.8851,1,527.2467,560.0043,9103.0,148.0,129.3483,0.8803,1.7527,484.0,32.1848,0.533,0.6953,280,624,466,823,174.7324
12,209.8851,2,868.3315,543.1819,11989.0,670.0,181.262,0.856,2.4224,451.0,28.6343,0.684,0.8123,624,964,466,823,174.7324
12,209.8851,3,1087.378,548.949,13437.0,0.0,143.8779,0.9986,1.3263,466.0,22.8338,0.6926,0.8184,964,1313,466,823,174.7324
12,209.8851,4,1564.6677,603.7071,15321.0,0.0,195.2176,0.7982,2.1904,494.0,35.2325,0.5839,0.7373,1313,1657,466,823,174.7324
12,210.2856,1,528.7059,549.498,10279.0,511.0,168.7504,0.9024,2.5543,451.0,29.2944,0.5816,0.7354,280,624,466,823,174.7324
12,210.2856,2,875.9,548.8603,12450.0,691.0,173.5385,0.8856,2.2289,450.0,31.177,0.6293,0.7725,624,964,466,823,174.7324
12,210.2856,3,1094.0871,541.1329,15484.0,322.0,187.5666,0.5878,1.9544,458.0,36.4193,0.5046,0.6707,964,1313,466,823,174.7324
12,210.2856,4,1568.7322,611.0204,14721.0,0.0,194.4329,0.8112,2.2632,494.0,20.5592,0.7676,0.8685,1313,1657,466,823,174.7324
12,210.6862,1,523.4,554.7888,9786.0,259.0,141.416,0.8431,1.9129,482.0,27.9599,0.6146,0.7613,280,624,466,823,174.7324
12,210.6862,2,882.3632,548.5837,11773.0,508.0,169.8479,0.8815,2.1636,453.0,24.6923,0.7089,0.8296,624,964,466,823,174.7324
12,210.6862,3,1117.4573,530.4373,15193.0,51.0,197.2116,0.3904,2.2414,463.0,33.106,0.5302,0.693,964,1313,466,823,174.7324
12,210.6862,4,1582.0027,598.3931,12588.0,0.0,175.7983,0.8601,2.2439,494.0,33.6028,0.6012,0.751,1313,1657,466,823,174.7324
12,211.0867,1,525.9115,545.2775,8996.0,313.0,123.3716,0.8234,1.6961,478.0,25.8049,0.6717,0.8036,280,624,466,823,174.7324
12,211.0867,2,890.4111,547.5916,10862.0,590.0,165.0359,0.9175,2.2546,451.0,32.1461,0.6289,0.7722,624,964,466,823,174.7324
12,211.0867,3,1137.6677,531.1,16114.0,47.0,206.8493,0.3549,2.2825,463.0,23.6406,0.6774,0.8077,964,1313,466,823,174.7324
12,211.0867,4,1583.0844,566.4602,13059.0,0.0,152.2961,0.9999,1.4476,474.0,42.5266,0.4236,0.5952,1313,1657,466,823,174.7324
12,211.4873,1,525.7521,548.9504,7401.0,280.0,109.7063,0.923,1.7748,478.0,33.7237,0.5467,0.707,280,624,466,823,174.7324
12,211.4873,2,897.1638,554.7925,10885.0,455.0,165.2633,0.9465,2.2859,453.0,31.6824,0.6034,0.7527,624,964,466,823,174.7324
12,211.4873,3,1147.9451,531.22,15342.0,271.0,183.4276,0.4344,1.9759,459.0,25.5,0.6519,0.7893,964,1313,466,823,174.7324
12,211.4873,4,1544.605,554.3501,11596.0,0.0,152.5292,0.996,1.6025,471.0,43.3864,0.3228,0.4881,1313,1657,466,823,174.7324
12,211.8878,1,549.8278,520.6528,5593.0,498.0,123.0874,0.9996,2.4084,449.0,39.9291,0.4341,0.6054,280,624,466,823,174.7324
12,211.8878,2,897.9477,556.2813,11464.0,348.0,171.4024,0.9317,2.2501,455.0,22.2345,0.7105,0.8307,624,964,466,823,174.7324
12,211.8878,3,1154.3756,536.0304,15270.0,131.0,187.4823,0.426,1.9919,461.0,24.1584,0.6739,0.8052,964,1313,466,823,174.7324
12,211.8878,4,1524.8097,563.2022,14458.0,115.0,191.1053,0.9912,2.1093,462.0,41.6324,0.4751,0.6442,1313,1657,466,823,174.7324
12,212.2884,1,550.0062,505.8062,5035.0,478.0,93.817,0.9915,1.6281,464.0,32.0526,0.56,0.7179,280,624,466,823,174.7324
12,212.2884,2,895.1301,558.1869,12171.0,520.0,166.3315,0.9707,2.0883,453.0,24.622,0.6729,0.8045,624,964,466,823,174.7324
12,212.2884,3,1161.3982,537.2279,15180.0,361.0,160.3797,0.5476,1.5219,457.0,24.7788,0.6296,0.7727,964,1313,466,823,174.7324
12,212.2884,4,1518.7191,588.0696,12266.0,0.0,184.5172,0.9999,2.2192,484.0,34.131,0.5862,0.7391,1313,1657,466,823,174.7324
12,212.6889,1,543.1727,508.4205,6872.0,624.0,112.6358,0.9462,1.5627,454.0,24.0045,0.6773,0.8076,280,624,466,823,174.7324
12,212.6889,2,892.4001,554.3273,11349.0,483.0,161.8581,0.9321,2.1268,453.0,17.3812,0.7797,0.8762,624,964,466,823,174.7324
12,212.6889,3,1166.6963,543.1836,13689.0,9.0,140.0891,0.6179,1.2736,465.0,25.6831,0.6192,0.7648,964,1313,466,823,174.7324
12,212.6889,4,1523.9582,598.2295,14664.0,0.0,192.96,0.9813,2.1536,485.0,32.4686,0.644,0.7834,1313,1657,466,823,174.7324
12,213.0894,1,534.3217,524.3657,9971.0,408.0,124.8815,0.8984,1.3346,456.0,32.7553,0.5587,0.7169,280,624,466,823,174.7324
12,213.0894,2,894.3509,547.8662,11961.0,559.0,157.5084,0.9497,1.8931,451.0,23.5014,0.6891,0.816,624,964,466,823,174.7324
12,213.0894,3,1163.772,538.8636,12206.0,104.0,129.6344,0.9511,1.188,460.0,28.2058,0.618,0.7639,964,1313,466,823,174.7324
12,213.0894,4,1525.121,583.4884,14490.0,0.0,183.1694,0.8108,2.0296,484.0,42.5227,0.5517,0.7111,1313,1657,466,823,174.7324
12,213.49,1,517.6746,529.9128,11774.0,277.0,129.4741,0.7527,1.2481,454.0,33.1308,0.5291,0.692,280,624,466,823,174.7324
12,213.49,2,893.9806,534.507,11980.0,552.0,157.1988,0.9692,1.689,449.0,21.8791,0.7255,0.8409,624,964,466,823,174.7324
12,213.49,3,1152.2925,547.0423,15016.0,495.0,159.5497,0.885,1.5143,452.0,30.3504,0.6234,0.768,964,1313,466,823,174.7324
12,213.49,4,1538.1447,549.3163,14324.0,0.0,176.5632,0.5916,1.9033,472.0,42.156,0.4892,0.657,1313,1657,466,823,174.7324
12,213.8905,1,500.1299,519.2633,12186.0,562.0,162.542,0.4785,1.8445,450.0,29.6389,0.5723,0.728,280,624,466,823,174.7324
12,213.8905,2,890.3572,536.7174,12018.0,606.0,149.7549,0.9796,1.5898,448.0,23.6952,0.7287,0.8431,624,964,466,823,174.7324
12,213.8905,3,1136.1013,554.2819,17788.0,592.0,186.5313,0.9762,1.7474,464.0,42.648,0.4516,0.6222,964,1313,466,823,174.7324
12,213.8905,4,1561.7268,549.6506,13920.0,60.0,165.1142,0.6615,1.7971,470.0,50.1474,0.4172,0.5887,1313,1657,466,823,174.7324
12,214.2911,1,468.5532,512.9221,13694.0,758.0,184.3817,0.4246,2.0573,449.0,38.5538,0.4773,0.6461,280,624,466,823,174.7324
12,214.2911,2,886.0504,538.832,12925.0,480.0,154.1604,0.9182,1.5709,452.0,22.272,0.7556,0.8608,624,964,466,823,174.7324
12,214.2911,3,1122.8776,568.996,14792.0,0.0,160.8091,0.9917,1.6044,469.0,37.3502,0.4909,0.6585,964,1313,466,823,174.7324
12,214.2911,4,1583.9591,569.6422,12704.0,54.0,156.6374,0.8691,1.7799,479.0,46.5539,0.4039,0.5754,1313,1657,466,823,174.7324
12,214.6916,1,429.3129,512.1834,15079.0,905.0,206.4234,0.3867,2.345,447.0,41.5486,0.4594,0.6296,280,624,466,823,174.7324
12,214.6916,2,882.0605,541.5129,13613.0,647.0,162.4214,0.895,1.6748,450.0,24.514,0.7385,0.8496,624,964,466,823,174.7324
12,214.6916,3,1114.5206,537.893,15543.0,373.0,189.1989,0.5786,2.0161,457.0,39.428,0.4302,0.6016,964,1313,466,823,174.7324
12,214.6916,4,1589.971,587.228,12011.0,0.0,149.0319,0.9047,1.6857,498.0,31.6063,0.565,0.7221,1313,1657,466,823,174.7324
12,215.0922,1,400.7979,521.5869,15540.0,1007.0,200.3153,0.4464,2.2485,448.0,39.1434,0.459,0.6292,280,624,466,823,174.7324
12,215.0922,2,880.0239,541.3515,13322.0,760.0,166.6609,0.8511,1.8595,449.0,21.0935,0.7251,0.8406,624,964,466,823,174.7324
12,215.0922,3,1139.4427,535.9263,16510.0,361.0,183.77,0.5519,1.7489,457.0,33.2842,0.5164,0.6811,964,1313,466,823,174.7324
12,215.0922,4,1599.1608,595.7018,13219.0,22.0,158.1462,0.9309,1.6909,495.0,27.1242,0.6277,0.7713,1313,1657,466,823,174.7324
12,215.4927,1,376.3107,518.8283,14619.0,1114.0,184.5744,0.476,1.9987,446.0,33.4947,0.5516,0.711,280,624,466,823,174.7324
12,215.4927,2,882.9264,542.8308,13717.0,684.0,172.9353,0.8878,1.9022,450.0,25.5125,0.641,0.7812,624,964,466,823,174.7324
12,215.4927,3,1167.3592,554.6064,17417.0,0.0,200.5644,0.5206,2.0563,468.0,42.8362,0.3795,0.5502,964,1313,466,823,174.7324
12,215.4927,4,1592.0862,574.4555,13867.0,0.0,163.1877,0.9067,1.5946,493.0,31.977,0.6179,0.7639,1313,1657,466,823,174.7324
12,215.8933,1,366.0184,522.5921,14362.0,1102.0,161.566,0.5315,1.6249,446.0,26.3543,0.6601,0.7953,280,624,466,823,174.7324
12,215.8933,2,891.0128,547.2891,12326.0,629.0,155.2101,0.899,1.7561,451.0,28.3886,0.6025,0.752,624,964,466,823,174.7324
12,215.8933,3,1183.8106,540.176,14390.0,189.0,176.0424,0.5166,1.9239,461.0,29.9067,0.5846,0.7379,964,1313,466,823,174.7324
12,215.8933,4,1576.223,563.8642,15961.0,21.0,153.0822,0.7328,1.2722,490.0,37.2714,0.5525,0.7117,1313,1657,466,823,174.7324
12,216.2938,1,351.3181,524.9394,12854.0,894.0,153.7876,0.6279,1.676,449.0,31.8727,0.5707,0.7267,280,624,466,823,174.7324
12,216.2938,2,891.5777,549.7587,12318.0,579.0,166.3813,0.8844,2.1186,452.0,19.7719,0.6883,0.8154,624,964,466,823,174.7324
12,216.2938,3,1211.4977,525.8698,11540.0,112.0,144.7443,0.6573,1.4925,462.0,29.2388,0.567,0.7236,964,1313,466,823,174.7324
12,216.2938,4,1544.6153,556.8989,14717.0,0.0,157.7049,0.6862,1.4748,477.0,41.5402,0.4772,0.6461,1313,1657,466,823,174.7324
12,216.6943,1,343.2952,526.9327,11306.0,917.0,144.8206,0.7722,1.7,446.0,27.6318,0.6041,0.7532,280,624,466,823,174.7324
12,216.6943,2,893.2521,546.8162,12159.0,463.0,156.1246,0.9003,1.8437,460.0,19.7101,0.7373,0.8488,624,964,466,823,174.7324
12,216.6943,3,1221.7144,543.0375,10269.0,86.0,132.4751,0.8792,1.6161,462.0,30.773,0.5354,0.6974,964,1313,466,823,174.7324
12,216.6943,4,1513.7682,555.0737,16327.0,0.0,191.4155,0.5498,1.9481,480.0,40.1596,0.5012,0.6677,1313,1657,466,823,174.7324
12,217.0949,1,329.8984,513.256,9736.0,1027.0,141.0314,0.8307,1.7336,445.0,18.366,0.7336,0.8463,280,624,466,823,174.7324
12,217.0949,2,890.9304,545.1564,12969.0,491.0,150.4818,0.9417,1.5562,452.0,22.7903,0.7073,0.8286,624,964,466,823,174.7324
12,217.0949,3,1231.0396,537.4849,9333.0,15.0,141.4464,0.9781,1.8406,465.0,23.0806,0.6564,0.7926,964,1313,466,823,174.7324
12,217.0949,4,1483.3344,551.5195,16553.0,0.0,205.5081,0.4251,2.2662,478.0,37.2613,0.5344,0.6966,1313,1657,466,823,174.7324
12,217.4954,1,332.6832,510.1944,9829.0,1003.0,147.6539,0.7673,1.7941,446.0,16.0667,0.7908,0.8832,280,624,466,823,174.7324
12,217.4954,2,891.3695,544.366,13292.0,358.0,146.1508,0.8893,1.4802,461.0,21.1324,0.7389,0.8499,624,964,466,823,174.7324
12,217.4954,3,1223.6032,527.0105,8073.0,126.0,130.2393,0.97,1.8164,461.0,25.2644,0.6692,0.8018,964,1313,466,823,174.7324
12,217.4954,4,1454.8937,552.2502,14050.0,0.0,177.0738,0.5549,2.1058,474.0,37.3236,0.4597,0.6299,1313,1657,466,823,174.7324
12,217.896,1,334.1903,509.0832,9407.0,1029.0,150.2467,0.7662,1.8557,443.0,11.3754,0.8739,0.9327,280,624,466,823,174.7324
12,217.896,2,896.067,539.8487,13874.0,468.0,145.8818,0.9993,1.3099,451.0,26.5983,0.6527,0.7899,624,964,466,823,174.7324
12,217.896,3,1224.724,537.6694,10189.0,80.0,131.1178,0.9952,1.4895,462.0,23.0099,0.6701,0.8024,964,1313,466,823,174.7324
12,217.896,4,1428.0799,554.1172,11992.0,0.0,154.6848,0.686,1.897,472.0,37.3172,0.4059,0.5775,1313,1657,466,823,174.7324
12,218.2965,1,347.637,524.325,11482.0,1022.0,157.6525,0.7631,1.8925,445.0,19.6907,0.7906,0.883,280,624,466,823,174.7324
12,218.2965,2,891.3527,532.1106,15012.0,964.0,165.0781,0.9752,1.4341,445.0,17.8046,0.8,0.8889,624,964,466,823,174.7324
12,218.2965,3,1215.9751,534.0179,10896.0,57.0,147.6446,0.8557,1.6754,463.0,34.2695,0.5922,0.7438,964,1313,466,823,174.7324
12,218.2965,4,1397.5173,550.6404,10770.0,0.0,157.7914,0.8167,2.1073,469.0,36.3724,0.4285,0.5999,1313,1657,466,823,174.7324
12,218.6971,1,351.743,531.1885,12432.0,882.0,167.5792,0.713,2.0323,447.0,22.0013,0.7416,0.8516,280,624,466,823,174.7324
12,218.6971,2,887.0818,554.0763,16755.0,271.0,182.4142,0.9445,1.6813,453.0,31.1007,0.646,0.785,624,964,466,823,174.7324
12,218.6971,3,1207.5249,547.0519,12736.0,30.0,156.2185,0.8063,1.716,464.0,27.8882,0.6694,0.802,964,1313,466,823,174.7324
12,218.6971,4,1393.1694,576.1315,9722.0,0.0,153.9259,0.9218,2.2848,476.0,33.5913,0.443,0.614,1313,1657,466,823,174.7324
12,219.0976,1,351.0211,518.9592,12361.0,1152.0,174.257,0.7094,1.9993,440.0,21.727,0.7615,0.8646,280,624,466,823,174.7324
12,219.0976,2,878.7995,559.3221,18909.0,493.0,198.13,0.9116,1.717,451.0,39.5916,0.5114,0.6767,624,964,466,823,174.7324
12,219.0976,3,1202.3222,547.4483,12981.0,7.0,150.3044,0.7756,1.599,465.0,22.1608,0.7079,0.8289,964,1313,466,823,174.7324
12,219.0976,4,1380.1006,545.2733,6568.0,0.0,136.2195,0.9359,2.179,484.0,27.6796,0.5698,0.726,1313,1657,466,823,174.7324
12,219.4981,1,361.9962,532.9788,13066.0,864.0,170.437,0.6547,2.0223,446.0,21.9786,0.7611,0.8644,280,624,466,823,174.7324
12,219.4981,2,881.8047,566.8789,18643.0,244.0,201.8456,0.9625,1.8316,456.0,22.7445,0.7509,0.8577,624,964,466,823,174.7324
12,219.4981,3,1214.2199,552.303,13107.0,132.0,152.7698,0.9069,1.6215,462.0,35.8257,0.5384,0.6999,964,1313,466,823,174.7324
12,219.4981,4,1391.6436,549.757,9055.0,0.0,146.0609,0.9984,1.999,473.0,32.0726,0.4609,0.631,1313,1657,466,823,174.7324
12,219.8987,1,360.4167,532.5264,12972.0,910.0,176.2858,0.6559,2.1527,445.0,12.1447,0.8789,0.9356,280,624,466,823,174.7324
12,219.8987,2,860.74,556.0641,15297.0,164.0,184.0722,0.8078,1.8367,458.0,37.32,0.4988,0.6656,624,964,466,823,174.7324
12,219.8987,3,1225.308,566.6194,12510.0,0.0,152.446,0.8666,1.7512,479.0,38.5146,0.5693,0.7255,964,1313,466,823,174.7324
12,219.8987,4,1409.1765,549.1585,9358.0,0.0,134.3004,0.992,1.5254,478.0,28.8286,0.4921,0.6596,1313,1657,466,823,174.7324
12,220.2992,1,351.543,517.9744,11769.0,1019.0,174.4751,0.6436,2.1574,441.0,21.266,0.791,0.8833,280,624,466,823,174.7324
12,220.2992,2,835.9644,532.4878,15699.0,2109.0,191.7185,0.8671,1.9534,444.0,46.112,0.3242,0.4896,624,964,466,823,174.7324
12,220.2992,3,1226.2627,557.4494,13063.0,0.0,149.2751,0.9288,1.5661,466.0,29.1079,0.6901,0.8166,964,1313,466,823,174.7324
12,220.2992,4,1421.1413,565.6975,12023.0,0.0,145.1997,0.9541,1.5657,474.0,28.6659,0.5393,0.7007,1313,1657,466,823,174.7324
12,220.6998,1,348.1935,517.0278,9772.0,639.0,137.382,0.6372,1.704,449.0,35.9178,0.6145,0.7612,280,624,466,823,174.7324
12,220.6998,2,847.5074,530.5771,14144.0,897.0,174.4145,0.7829,1.7636,449.0,30.9388,0.5341,0.6963,624,964,466,823,174.7324
12,220.6998,3,1218.5959,538.445,12479.0,191.0,136.6647,0.939,1.259,463.0,34.231,0.616,0.7624,964,1313,466,823,174.7324
12,220.6998,4,1432.7423,574.1133,12128.0,0.0,145.1898,0.9955,1.6349,479.0,24.4574,0.6093,0.7572,1313,1657,466,823,174.7324
12,221.1003,1,336.0465,512.0649,8233.0,865.0,111.6348,0.8981,1.3385,444.0,40.5271,0.6034,0.7527,280,624,466,823,174.7324
12,221.1003,2,865.492,527.396,12014.0,1058.0,169.7722,0.8178,2.1886,442.0,39.155,0.5072,0.6731,624,964,466,823,174.7324
12,221.1003,3,1216.0954,548.0804,13321.0,66.0,130.1374,0.9379,1.1249,463.0,22.2561,0.7605,0.864,964,1313,466,823,174.7324
12,221.1003,4,1447.7835,582.2066,12667.0,0.0,150.0799,0.9971,1.6633,483.0,28.8116,0.533,0.6954,1313,1657,466,823,174.7324
12,221.5009,1,332.0207,520.2784,10160.0,1015.0,124.4795,0.8386,1.4413,458.0,31.4906,0.602,0.7516,280,624,466,823,174.7324
12,221.5009,2,881.2621,537.9144,11341.0,1331.0,165.2901,0.9404,2.3232,433.0,38.3485,0.4376,0.6088,624,964,466,823,174.7324
12,221.5009,3,1213.0624,547.5193,13777.0,51.0,140.2562,0.8163,1.2221,462.0,24.8806,0.6946,0.8198,964,1313,466,823,174.7324
12,221.5009,4,1455.5876,587.7519,13570.0,0.0,164.8948,0.9937,1.7972,484.0,23.0452,0.6781,0.8082,1313,1657,466,823,174.7324
12,221.9014,1,343.1665,532.055,12505.0,812.0,149.5681,0.7908,1.6054,448.0,34.2815,0.6262,0.7702,280,624,466,823,174.7324
12,221.9014,2,881.5559,560.0365,11666.0,551.0,182.2532,0.9333,2.5874,450.0,32.8713,0.5265,0.6898,624,964,466,823,174.7324
12,221.9014,3,1215.056,552.3713,14926.0,25.0,145.2416,0.8457,1.2338,464.0,23.647,0.7386,0.8497,964,1313,466,823,174.7324
12,221.9014,4,1460.9867,594.442,14899.0,0.0,174.7214,0.9956,1.816,484.0,24.3345,0.6956,0.8205,1313,1657,466,823,174.7324
12,222.302,1,352.7295,530.712,13510.0,1022.0,171.0788,0.6691,1.9359,442.0,36.4579,0.5825,0.7362,280,624,466,823,174.7324
12,222.302,2,874.9346,576.6637,12930.0,223.0,191.8214,0.8858,2.3785,464.0,37.5643,0.5254,0.6889,624,964,466,823,174.7324
12,222.302,3,1209.2338,554.7598,15726.0,0.0,154.3978,0.8257,1.315,466.0,27.2269,0.6945,0.8197,964,1313,466,823,174.7324
12,222.302,4,1470.9929,595.5023,14791.0,0.0,178.684,0.973,1.8871,488.0,24.8517,0.6819,0.8108,1313,1657,466,823,174.7324
12,222.7025,1,360.051,524.3889,13241.0,1046.0,181.4936,0.5903,2.136,440.0,25.9262,0.6693,0.8019,280,624,466,823,174.7324
12,222.7025,2,881.1813,583.3894,13926.0,0.0,181.247,0.9942,2.1893,467.0,37.2739,0.4422,0.6133,624,964,466,823,174.7324
12,222.7025,3,1193.8908,549.7459,15786.0,65.0,175.9983,0.7085,1.7154,463.0,35.0441,0.5417,0.7027,964,1313,466,823,174.7324
12,222.7025,4,1480.0448,583.366,16265.0,0.0,212.4437,0.945,2.3843,466.0,30.7399,0.5841,0.7374,1313,1657,466,823,174.7324
12,223.103,1,355.5746,527.4005,12331.0,786.0,168.4566,0.5741,2.0615,447.0,21.3541,0.7532,0.8592,280,624,466,823,174.7324
12,223.103,2,864.576,577.5532,14498.0,182.0,175.4471,0.9544,1.9169,460.0,34.8932,0.46,0.6301,624,964,466,823,174.7324
12,223.103,3,1186.3866,534.4531,13366.0,215.0,182.8415,0.6133,2.1595,461.0,28.7472,0.6179,0.7639,964,1313,466,823,174.7324
12,223.103,4,1481.877,566.5434,14893.0,0.0,223.2257,0.7454,2.9032,468.0,40.9269,0.513,0.6781,1313,1657,466,823,174.7324
12,223.5036,1,341.2039,525.9584,10485.0,1133.0,133.1592,0.8375,1.6768,442.0,34.567,0.5177,0.6822,280,624,466,823,174.7324
12,223.5036,2,858.2903,528.7689,16687.0,3420.0,203.6697,0.9518,1.9245,428.0,37.473,0.3812,0.552,624,964,466,823,174.7324
12,223.5036,3,1194.0856,542.3909,13718.0,421.0,164.4024,0.6816,1.8307,455.0,29.3464,0.5588,0.717,964,1313,466,823,174.7324
12,223.5036,4,1457.9572,555.5353,13215.0,0.0,191.5687,0.6466,2.3859,469.0,42.6806,0.5166,0.6812,1313,1657,466,823,174.7324
12,223.9041,1,327.9656,514.2503,7758.0,899.0,120.4948,0.9406,1.7911,444.0,28.3302,0.5537,0.7127,280,624,466,823,174.7324
12,223.9041,2,844.9675,538.1808,14720.0,892.0,201.9485,0.8158,2.346,449.0,41.6385,0.4298,0.6012,624,964,466,823,174.7324
12,223.9041,3,1214.0498,540.1922,12727.0,51.0,152.2791,0.7574,1.6266,464.0,31.537,0.5489,0.7088,964,1313,466,823,174.7324
12,223.9041,4,1414.5414,548.3828,12971.0,0.0,149.0271,0.6036,1.4562,469.0,50.6132,0.3487,0.5171,1313,1657,466,823,174.7324
12,224.3047,1,323.6525,506.857,7473.0,878.0,107.603,0.9152,1.3638,444.0,27.7462,0.6264,0.7703,280,624,466,823,174.7324
12,224.3047,2,818.6226,533.0271,14526.0,1251.0,182.3725,0.8155,1.8759,443.0,43.5277,0.4561,0.6265,624,964,466,823,174.7324
12,224.3047,3,1211.0318,550.8412,13523.0,48.0,162.7588,0.7813,1.7855,464.0,20.008,0.743,0.8526,964,1313,466,823,174.7324
12,224.3047,4,1391.3116,559.3767,13943.0,65.0,141.9416,0.8848,1.3634,481.0,42.6965,0.4363,0.6075,1313,1657,466,823,174.7324
12,224.7052,1,330.1663,504.5632,7040.0,657.0,107.3526,0.9955,1.3292,447.0,23.8658,0.6358,0.7774,280,624,466,823,174.7324
12,224.7052,2,792.5185,527.7776,14035.0,1509.0,192.6501,0.9024,2.0792,439.0,41.4671,0.5189,0.6832,624,964,466,823,174.7324
12,224.7052,3,1214.722,550.0421,13110.0,239.0,172.1032,0.8453,2.0233,457.0,22.0639,0.7268,0.8418,964,1313,466,823,174.7324
12,224.7052,4,1380.8278,574.0673,13915.0,0.0,151.6293,0.9458,1.5003,489.0,27.9898,0.6374,0.7785,1313,1657,466,823,174.7324
12,225.1058,1,340.5638,516.977,8895.0,726.0,128.408,0.9685,1.579,447.0,31.6819,0.584,0.7374,280,624,466,823,174.7324
12,225.1058,2,777.247,559.1563,15222.0,617.0,198.9111,0.9346,2.2811,452.0,46.726,0.4464,0.6173,624,964,466,823,174.7324
12,225.1058,3,1220.5872,552.297,12530.0,536.0,184.1154,0.8819,2.3206,447.0,28.3717,0.6592,0.7946,964,1313,466,823,174.7324
12,225.1058,4,1391.4071,570.4307,15550.0,0.0,150.3963,0.9532,1.3031,486.0,25.152,0.6256,0.7697,1313,1657,466,823,174.7324
12,225.5063,1,352.688,533.2661,10368.0,817.0,133.0631,0.9284,1.6469,445.0,30.1698,0.5678,0.7243,280,624,466,823,174.7324
12,225.5063,2,775.148,548.7387,15819.0,945.0,215.9702,0.7423,2.4969,448.0,38.4051,0.5419,0.7029,624,964,466,823,174.7324
12,225.5063,3,1225.125,554.0826,12278.0,0.0,155.0975,0.8361,1.6944,475.0,28.4677,0.6503,0.7881,964,1313,466,823,174.7324
12,225.5063,4,1401.9656,556.5007,15077.0,0.0,167.0555,0.7258,1.5847,475.0,30.0005,0.569,0.7253,1313,1657,466,823,174.7324
12,225.9069,1,365.6658,510.3159,9087.0,935.0,127.7707,0.945,1.4981,444.0,26.7732,0.5945,0.7457,280,624,466,823,174.7324
12,225.9069,2,768.2063,521.7517,16180.0,3393.0,208.7451,0.8592,2.2214,411.0,46.3191,0.4482,0.619,624,964,466,823,174.7324
12,225.9069,3,1223.2673,550.1929,12339.0,31.0,139.6523,0.968,1.3758,463.0,33.9307,0.6104,0.7581,964,1313,466,823,174.7324
12,225.9069,4,1424.2431,546.7751,14538.0,0.0,198.0678,0.5164,2.2592,475.0,34.5032,0.5644,0.7216,1313,1657,466,823,174.7324
12,226.3074,1,379.4217,509.253,8559.0,714.0,123.2419,0.8588,1.4568,448.0,32.2815,0.6436,0.7832,280,624,466,823,174.7324
12,226.3074,2,770.4162,549.4029,14151.0,384.0,188.4031,0.7143,2.2393,455.0,47.7472,0.467,0.6367,624,964,466,823,174.7324
12,226.3074,3,1226.8422,539.2162,11180.0,126.0,126.2037,0.9993,1.2082,460.0,25.5552,0.7281,0.8426,964,1313,466,823,174.7324
12,226.3074,4,1466.1824,538.913,16219.0,0.0,225.166,0.3154,2.6178,474.0,40.7824,0.4699,0.6394,1313,1657,466,823,174.7324
12,226.7079,1,386.058,522.4645,10719.0,896.0,134.4579,0.815,1.551,447.0,32.1591,0.6048,0.7537,280,624,466,823,174.7324
12,226.7079,2,759.5217,544.1624,15004.0,1073.0,188.5651,0.805,2.1553,446.0,32.8098,0.595,0.7461,624,964,466,823,174.7324
12,226.7079,3,1231.8301,546.7946,11813.0,187.0,135.6117,0.9983,1.4152,470.0,29.4635,0.6788,0.8087,964,1313,466,823,174.7324
12,226.7079,4,1517.1405,543.8075,18287.0,50.0,212.5774,0.4088,2.0229,467.0,43.8211,0.3662,0.5361,1313,1657,466,823,174.7324
12,227.1085,1,400.7504,523.5174,11845.0,1075.0,148.2272,0.7148,1.6988,445.0,35.1691,0.5731,0.7286,280,624,466,823,174.7324
12,227.1085,2,756.2429,526.6966,14184.0,1747.0,176.105,0.8147,1.8714,436.0,32.3419,0.6132,0.7602,624,964,466,823,174.7324
12,227.1085,3,1232.2857,556.8882,12633.0,0.0,138.1525,0.9965,1.3899,475.0,21.0521,0.7779,0.8751,964,1313,466,823,174.7324
12,227.1085,4,1528.0764,569.4269,20828.0,0.0,224.4445,0.5516,2.0402,471.0,35.3034,0.5041,0.6703,1313,1657,466,823,174.7324
12,227.509,1,420.4058,523.9947,12010.0,905.0,152.6958,0.6967,1.7564,447.0,43.5358,0.481,0.6496,280,624,466,823,174.7324
12,227.509,2,752.9293,545.2761,15448.0,1345.0,207.1286,0.8715,2.4664,438.0,37.5976,0.6083,0.7565,624,964,466,823,174.7324
12,227.509,3,1228.3935,548.9448,12617.0,28.0,136.3055,0.9892,1.2878,466.0,20.1343,0.7661,0.8676,964,1313,466,823,174.7324
12,227.509,4,1515.8248,595.3097,20337.0,0.0,216.6294,0.6943,2.0403,493.0,36.8924,0.5283,0.6914,1313,1657,466,823,174.7324
12,227.9096,1,440.5803,520.7834,12628.0,1232.0,155.6987,0.6997,1.7934,444.0,37.5367,0.5741,0.7294,280,624,466,823,174.7324
12,227.9096,2,749.1177,567.6544,14947.0,492.0,199.732,0.9153,2.3696,451.0,37.1838,0.5163,0.681,624,964,466,823,174.7324
12,227.9096,3,1229.85,552.404,12878.0,28.0,141.3601,0.9963,1.3538,464.0,14.4979,0.8468,0.917,964,1313,466,823,174.7324
12,227.9096,4,1504.2619,624.8155,22656.0,0.0,227.8465,0.7894,2.1177,497.0,34.2335,0.5602,0.7181,1313,1657,466,823,174.7324
12,228.3101,1,449.8807,531.7546,12231.0,628.0,155.6703,0.6778,1.8948,452.0,35.3876,0.5967,0.7474,280,624,466,823,174.7324
12,228.3101,2,738.2501,551.9035,17010.0,1965.0,213.3604,0.9706,2.0713,442.0,31.3578,0.557,0.7155,624,964,466,823,174.7324
12,228.3101,3,1227.4288,558.9244,13076.0,6.0,142.4533,0.9654,1.4452,465.0,28.574,0.6421,0.7821,964,1313,466,823,174.7324
12,228.3101,4,1507.116,583.1342,18567.0,0.0,232.2677,0.6618,2.4637,471.0,40.6058,0.4426,0.6136,1313,1657,466,823,174.7324
12,228.7107,1,462.1932,534.2945,12640.0,685.0,164.5869,0.7106,1.9271,449.0,35.1875,0.5584,0.7167,280,624,466,823,174.7324
12,228.7107,2,736.3247,557.2625,15521.0,1050.0,207.0537,0.9828,2.2338,442.0,25.4568,0.6934,0.819,624,964,466,823,174.7324
12,228.7107,3,1226.2564,560.8358,12687.0,6.0,147.1251,0.9021,1.6021,465.0,20.9131,0.7391,0.85,964,1313,466,823,174.7324
12,228.7107,4,1514.7399,552.3227,17141.0,0.0,223.4236,0.4606,2.5905,467.0,44.1335,0.4058,0.5773,1313,1657,466,823,174.7324
12,229.1112,1,472.1056,535.0379,12163.0,572.0,165.9941,0.6728,2.0549,453.0,32.1891,0.6029,0.7522,280,624,466,823,174.7324
12,229.1112,2,736.0258,568.3818,13634.0,310.0,183.181,0.9855,2.1206,453.0,26.4057,0.6898,0.8164,624,964,466,823,174.7324
12,229.1112,3,1223.2983,556.0029,12461.0,0.0,149.2598,0.8976,1.6378,466.0,19.5269,0.7281,0.8427,964,1313,466,823,174.7324
12,229.1112,4,1542.3035,551.0437,16146.0,192.0,199.2511,0.5197,2.2511,467.0,36.6369,0.4714,0.6407,1313,1657,466,823,174.7324
12,229.5118,1,484.4372,517.1906,11195.0,771.0,168.7497,0.6128,2.1926,450.0,26.5121,0.7011,0.8243,280,624,466,823,174.7324
12,229.5118,2,734.2036,560.9389,13185.0,327.0,173.2286,0.9757,2.042,454.0,35.4025,0.5504,0.71,624,964,466,823,174.7324
12,229.5118,3,1221.1493,546.4199,12147.0,115.0,152.989,0.9083,1.7029,461.0,21.5627,0.7239,0.8398,964,1313,466,823,174.7324
12,229.5118,4,1560.3229,575.3998,15629.0,108.0,162.8342,0.6593,1.8047,490.0,42.6857,0.3764,0.547,1313,1657,466,823,174.7324
12,229.9123,1,488.5216,527.3954,11852.0,873.0,159.5808,0.6863,1.9826,448.0,34.1532,0.5766,0.7315,280,624,466,823,174.7324
12,229.9123,2,748.692,518.06,13959.0,1674.0,193.85,0.7335,2.1164,433.0,39.8118,0.4707,0.6401,624,964,466,823,174.7324
12,229.9123,3,1221.2482,548.9022,11989.0,117.0,156.462,0.9189,1.8551,462.0,19.5669,0.772,0.8713,964,1313,466,823,174.7324
12,229.9123,4,1573.6247,586.9153,14657.0,60.0,165.8949,0.7101,1.8601,493.0,28.2615,0.5649,0.722,1313,1657,466,823,174.7324
12,230.3128,1,498.888,533.1698,10933.0,452.0,157.5698,0.703,2.0237,454.0,36.1121,0.539,0.7005,280,624,466,823,174.7324
12,230.3128,2,776.6154,520.1088,15372.0,2177.0,197.7865,0.7286,2.135,436.0,50.424,0.4051,0.5767,624,964,466,823,174.7324
12,230.3128,3,1224.533,555.1,12126.0,605.0,157.4743,0.9986,1.8889,445.0,34.7535,0.5293,0.6922,964,1313,466,823,174.7324
12,230.3128,4,1575.9426,595.1124,15477.0,30.0,184.9847,0.7656,2.0056,494.0,27.9984,0.6185,0.7643,1313,1657,466,823,174.7324
12,230.7134,1,507.6048,522.3085,10316.0,576.0,158.3634,0.6929,2.165,452.0,24.7115,0.6925,0.8183,280,624,466,823,174.7324
12,230.7134,2,798.3943,552.2251,15106.0,791.0,178.877,0.9595,1.9326,446.0,46.8206,0.3381,0.5053,624,964,466,823,174.7324
12,230.7134,3,1219.9614,551.7194,15657.0,639.0,202.4556,0.9995,2.1117,454.0,35.142,0.4961,0.6632,964,1313,466,823,174.7324
12,230.7134,4,1573.1516,601.2294,15696.0,0.0,196.534,0.7957,2.0641,494.0,20.8491,0.7469,0.8551,1313,1657,466,823,174.7324
12,231.1139,1,517.0891,516.7016,9093.0,682.0,140.8226,0.7302,1.94,449.0,28.9629,0.6804,0.8098,280,624,466,823,174.7324
12,231.1139,2,810.1162,549.0845,14860.0,731.0,217.7137,0.7911,2.7971,448.0,43.5918,0.4828,0.6512,624,964,466,823,174.7324
12,231.1139,3,1215.4339,573.717,11252.0,0.0,164.5996,0.9382,2.1964,475.0,31.4969,0.5447,0.7053,964,1313,466,823,174.7324
12,231.1139,4,1576.6293,586.7093,16431.0,0.0,181.2962,0.8056,1.8466,493.0,31.5891,0.5895,0.7417,1313,1657,466,823,174.7324
12,231.5145,1,525.0061,531.0632,9335.0,511.0,135.827,0.8721,1.7828,450.0,40.2367,0.4849,0.6531,280,624,466,823,174.7324
12,231.5145,2,834.0049,531.3667,13949.0,953.0,181.8242,0.6926,2.0557,447.0,40.7347,0.5643,0.7215,624,964,466,823,174.7324
12,231.5145,3,1229.066,538.8764,10628.0,304.0,148.6935,0.9979,1.7339,455.0,37.1059,0.4926,0.6601,964,1313,466,823,174.7324
12,231.5145,4,1575.4478,572.9252,16451.0,319.0,161.8914,0.7297,1.5978,486.0,28.0119,0.5986,0.7489,1313,1657,466,823,174.7324
12,231.915,1,528.6204,540.9216,9039.0,384.0,131.6311,0.8929,1.8286,454.0,30.8508,0.606,0.7547,280,624,466,823,174.7324
12,231.915,2,857.8981,540.1253,13755.0,1238.0,185.4814,0.8901,2.3231,444.0,57.0573,0.3853,0.5562,624,964,466,823,174.7324
12,231.915,3,1226.7556,529.0353,9340.0,180.0,127.699,0.8961,1.5165,459.0,28.9712,0.6561,0.7924,964,1313,466,823,174.7324
12,231.915,4,1575.2378,580.9961,14630.0,52.0,171.6786,0.7684,1.8495,475.0,23.321,0.6753,0.8062,1313,1657,466,823,174.7324
12,232.3156,1,532.9723,526.8244,7796.0,548.0,124.0407,0.9424,1.875,450.0,27.2012,0.6354,0.7771,280,624,466,823,174.7324
12,232.3156,2,871.8331,571.3733,12801.0,135.0,190.186,0.9025,2.7226,463.0,61.2528,0.2669,0.4213,624,964,466,823,174.7324
12,232.3156,3,1210.2297,519.0213,8349.0,194.0,121.1106,0.8332,1.4242,459.0,30.4097,0.6101,0.7579,964,1313,466,823,174.7324
12,232.3156,4,1576.4609,587.0121,13502.0,0.0,150.897,0.7641,1.6037,492.0,24.5848,0.6183,0.7641,1313,1657,466,823,174.7324
12,232.7161,1,543.3949,529.3033,7030.0,295.0,112.3193,0.9806,1.7367,466.0,33.6857,0.5209,0.685,280,624,466,823,174.7324
12,232.7161,2,890.7222,569.2997,11880.0,162.0,179.4177,0.9423,2.4494,466.0,32.9848,0.5711,0.727,624,964,466,823,174.7324
12,232.7161,3,1199.6558,532.08,10204.0,177.0,130.2996,0.9464,1.4701,459.0,34.6258,0.5663,0.7231,964,1313,466,823,174.7324
12,232.7161,4,1564.3402,567.5558,13269.0,0.0,156.6462,0.9573,1.3926,483.0,35.9638,0.5682,0.7247,1313,1657,466,823,174.7324
12,233.1166,1,545.577,511.9393,6477.0,406.0,110.5426,0.9819,1.5925,460.0,30.061,0.6082,0.7563,280,624,466,823,174.7324
12,233.1166,2,886.3843,562.8054,12126.0,393.0,178.766,0.9282,2.3163,453.0,30.7803,0.6379,0.7789,624,964,466,823,174.7324
12,233.1166,3,1186.5332,546.2989,11760.0,189.0,173.9896,0.9747,2.1033,459.0,40.2075,0.5481,0.7081,964,1313,466,823,174.7324
12,233.1166,4,1553.1696,561.2089,14224.0,0.0,126.7699,0.9768,1.0708,471.0,41.6416,0.4711,0.6405,1313,1657,466,823,174.7324
12,233.5172,1,529.5261,503.8082,8265.0,537.0,127.9987,0.653,1.4767,452.0,25.9741,0.6229,0.7676,280,624,466,823,174.7324
12,233.5172,2,878.3158,556.4691,12872.0,545.0,172.0163,0.9003,2.1,450.0,32.4285,0.6119,0.7593,624,964,466,823,174.7324
12,233.5172,3,1182.9729,564.0038,12858.0,234.0,180.2632,0.9932,2.1972,456.0,29.9669,0.6734,0.8049,964,1313,466,823,174.7324
12,233.5172,4,1525.487,536.5377,8636.0,0.0,113.9076,0.952,1.2207,472.0,30.8015,0.4748,0.6439,1313,1657,466,823,174.7324
12,233.9177,1,515.7594,514.9231,11575.0,498.0,156.7752,0.4451,1.7613,453.0,29.7495,0.5889,0.7412,280,624,466,823,174.7324
12,233.9177,2,876.1965,537.9755,11677.0,966.0,159.9431,0.9133,2.0245,442.0,36.157,0.5526,0.7118,624,964,466,823,174.7324
12,233.9177,3,1181.1633,563.526,13091.0,15.0,172.2871,0.9034,2.0373,465.0,42.3479,0.488,0.6559,964,1313,466,823,174.7324
12,233.9177,4,1503.882,542.9847,10290.0,0.0,134.7447,0.9222,1.4316,472.0,39.8259,0.5105,0.6759,1313,1657,466,823,174.7324
12,234.3183,1,481.2591,512.0145,12586.0,621.0,174.2618,0.4369,1.9788,451.0,40.8433,0.4397,0.6108,280,624,466,823,174.7324
12,234.3183,2,877.0965,535.8876,10615.0,773.0,149.8632,0.8977,1.9375,446.0,22.7274,0.6896,0.8163,624,964,466,823,174.7324
12,234.3183,3,1176.7901,543.3783,13996.0,476.0,186.7396,0.7422,2.1741,458.0,37.369,0.5254,0.6889,964,1313,466,823,174.7324
12,234.3183,4,1483.4266,555.6344,15132.0,919.0,210.6183,1.0,2.2895,439.0,48.7507,0.4394,0.6105,1313,1657,466,823,174.7324
12,234.7188,1,441.0105,514.3856,16532.0,1534.0,210.5128,0.5049,2.1514,433.0,43.719,0.4199,0.5915,280,624,466,823,174.7324
12,234.7188,2,884.7863,548.5962,10504.0,518.0,151.664,0.9547,2.0732,450.0,28.1284,0.5939,0.7452,624,964,466,823,174.7324
12,234.7188,3,1185.6349,537.9108,12112.0,170.0,158.594,0.7334,1.8338,461.0,37.091,0.5601,0.718,964,1313,466,823,174.7324
12,234.7188,4,1482.2303,598.9641,13558.0,0.0,172.2465,0.9993,1.8869,490.0,35.0407,0.5596,0.7176,1313,1657,466,823,174.7324
12,235.1194,1,413.5339,530.9593,15912.0,223.0,228.5633,0.4345,2.789,463.0,52.7942,0.3844,0.5553,280,624,466,823,174.7324
12,235.1194,2,884.931,560.6207,12625.0,428.0,169.2525,0.9708,2.0994,452.0,24.1382,0.6527,0.7898,624,964,466,823,174.7324
12,235.1194,3,1207.3529,555.2931,14532.0,490.0,166.6937,0.939,1.7917,456.0,49.3044,0.3814,0.5522,964,1313,466,823,174.7324
12,235.1194,4,1483.7471,593.2137,13434.0,0.0,168.5456,0.9849,1.8049,488.0,29.0909,0.6434,0.783,1313,1657,466,823,174.7324
12,235.5199,1,392.7904,542.7018,17607.0,1627.0,196.8516,0.9121,1.9603,436.0,46.966,0.3623,0.5319,280,624,466,823,174.7324
12,235.5199,2,880.6127,561.728,12264.0,557.0,179.3139,0.9361,2.4448,448.0,24.5338,0.6263,0.7702,624,964,466,823,174.7324
12,235.5199,3,1224.593,565.7917,12640.0,29.0,157.004,0.9222,1.7568,464.0,44.6242,0.4439,0.6148,964,1313,466,823,174.7324
12,235.5199,4,1487.9598,553.8101,14517.0,152.0,186.4868,0.7998,1.9753,460.0,40.079,0.4706,0.64,1313,1657,466,823,174.7324
12,235.9205,1,382.8386,543.2885,15233.0,279.0,209.2354,0.4737,2.5875,463.0,42.9976,0.4231,0.5946,280,624,466,823,174.7324
12,235.9205,2,882.0019,549.5292,11438.0,730.0,170.0065,0.9331,2.3184,447.0,26.2961,0.6168,0.763,624,964,466,823,174.7324
12,235.9205,3,1222.5981,545.124,10377.0,64.0,144.8986,0.9321,1.8055,463.0,38.6191,0.5532,0.7123,964,1313,466,823,174.7324
12,235.9205,4,1492.1442,560.8696,15987.0,0.0,200.4772,0.6786,2.1844,478.0,33.358,0.6118,0.7592,1313,1657,466,823,174.7324
12,236.321,1,366.6145,537.6288,13713.0,813.0,180.3575,0.7266,2.1555,447.0,35.0235,0.5117,0.677,280,624,466,823,174.7324
12,236.321,2,877.3172,553.3151,11344.0,696.0,185.0069,0.9643,2.6424,447.0,20.9283,0.6981,0.8222,624,964,466,823,174.7324
12,236.321,3,1217.069,543.3972,10172.0,270.0,137.2699,0.9298,1.7404,457.0,27.1036,0.641,0.7813,964,1313,466,823,174.7324
12,236.321,4,1494.363,577.8378,16362.0,0.0,212.8426,0.6749,2.5066,479.0,42.5735,0.563,0.7204,1313,1657,466,823,174.7324
12,236.7215,1,347.2124,532.3845,9905.0,785.0,147.0053,0.7478,2.0024,442.0,31.7126,0.4901,0.6578,280,624,466,823,174.7324
12,236.7215,2,883.1641,555.3312,10705.0,542.0,173.166,0.9402,2.5357,451.0,23.5221,0.6569,0.793,624,964,466,823,174.7324
12,236.7215,3,1220.2424,532.4203,9157.0,268.0,154.0573,0.9178,2.1382,457.0,23.1991,0.6676,0.8007,964,1313,466,823,174.7324
12,236.7215,4,1515.7559,567.2553,14407.0,0.0,201.3785,0.5988,2.438,480.0,36.3146,0.5395,0.7008,1313,1657,466,823,174.7324
12,237.1221,1,326.9518,522.3798,6280.0,648.0,92.6563,0.9612,1.4136,448.0,42.216,0.3104,0.4738,280,624,466,823,174.7324
12,237.1221,2,885.7438,557.6417,10504.0,530.0,189.788,0.95,2.937,451.0,20.9365,0.7008,0.8241,624,964,466,823,174.7324
12,237.1221,3,1219.512,546.6077,9890.0,217.0,145.4036,0.9317,1.9975,458.0,13.3034,0.8061,0.8926,964,1313,466,823,174.7324
12,237.1221,4,1535.0397,550.53,14891.0,0.0,187.555,0.6355,2.0752,471.0,37.2372,0.541,0.7022,1313,1657,466,823,174.7324
12,237.5226,1,319.2424,493.7221,5301.0,545.0,86.7692,0.7315,1.0907,450.0,29.0812,0.4982,0.6651,280,624,466,823,174.7324
12,237.5226,2,883.1348,555.0359,11317.0,630.0,174.5766,0.9232,2.5277,449.0,25.8535,0.6562,0.7924,624,964,466,823,174.7324
12,237.5226,3,1220.01,548.2761,10244.0,289.0,139.8354,0.9864,1.8745,456.0,24.2369,0.6167,0.7629,964,1313,466,823,174.7324
12,237.5226,4,1554.3066,557.8222,15429.0,12.0,179.3738,0.6881,1.8327,479.0,45.2238,0.4843,0.6526,1313,1657,466,823,174.7324
12,237.9232,1,339.7882,498.8206,8003.0,977.0,120.1417,0.7086,1.4547,444.0,40.1302,0.4772,0.6461,280,624,466,823,174.7324
12,237.9232,2,873.8395,553.7918,12403.0,755.0,183.4993,0.9184,2.4881,444.0,26.9322,0.593,0.7445,624,964,466,823,174.7324
12,237.9232,3,1226.3038,534.3608,9783.0,180.0,135.9028,0.9817,1.6543,459.0,15.9528,0.7867,0.8806,964,1313,466,823,174.7324
12,237.9232,4,1573.8832,562.2698,13098.0,17.0,158.7068,0.7439,1.7887,479.0,38.4362,0.5307,0.6934,1313,1657,466,823,174.7324
12,238.3237,1,368.1367,497.7218,7857.0,830.0,130.6577,0.5566,1.706,445.0,44.553,0.4427,0.6137,280,624,466,823,174.7324
12,238.3237,2,868.1998,560.685,12091.0,522.0,175.6487,0.8916,2.4187,450.0,26.0419,0.6116,0.759,624,964,466,823,174.7324
12,238.3237,3,1221.8884,544.5911,11492.0,417.0,162.4524,0.9495,2.0187,453.0,26.8223,0.7035,0.8259,964,1313,466,823,174.7324
12,238.3237,4,1586.4683,559.6641,12737.0,46.0,143.8455,0.9347,1.4541,475.0,31.0955,0.603,0.7523,1313,1657,466,823,174.7324
12,238.7243,1,396.7484,503.6574,8665.0,913.0,133.7167,0.6576,1.7237,445.0,49.3889,0.3794,0.5501,280,624,466,823,174.7324
12,238.7243,2,871.2637,546.5206,12260.0,720.0,150.7438,0.9998,1.7041,445.0,35.1192,0.4474,0.6182,624,964,466,823,174.7324
12,238.7243,3,1216.8868,557.1452,13013.0,0.0,163.3339,0.8656,1.8851,466.0,32.7995,0.5962,0.747,964,1313,466,823,174.7324
12,238.7243,4,1578.434,555.4453,12806.0,52.0,143.1021,0.7789,1.4049,479.0,23.7079,0.7081,0.8291,1313,1657,466,823,174.7324
12,239.1248,1,427.2879,510.7746,9993.0,869.0,145.8331,0.7789,1.6901,447.0,54.2477,0.3635,0.5332,280,624,466,823,174.7324
12,239.1248,2,863.6937,546.1376,11617.0,584.0,166.7727,0.9949,2.069,446.0,28.1177,0.563,0.7204,624,964,466,823,174.7324
12,239.1248,3,1208.5318,553.2032,13828.0,22.0,166.1812,0.8287,1.7865,464.0,32.4886,0.6173,0.7634,964,1313,466,823,174.7324
12,239.1248,4,1567.2043,562.9606,14590.0,46.0,164.6089,0.6859,1.6466,478.0,29.2986,0.6359,0.7774,1313,1657,466,823,174.7324
12,239.5254,1,446.3684,521.0457,11437.0,676.0,153.9522,0.6944,1.7881,449.0,53.3505,0.4124,0.5839,280,624,466,823,174.7324
12,239.5254,2,854.9354,551.8499,12307.0,498.0,165.4484,0.999,1.9633,448.0,26.3526,0.627,0.7708,624,964,466,823,174.7324
12,239.5254,3,1200.0879,548.265,13687.0,171.0,158.0206,0.754,1.6949,460.0,30.2654,0.641,0.7812,964,1313,466,823,174.7324
12,239.5254,4,1557.4528,565.1227,16118.0,23.0,197.224,0.6042,2.0727,480.0,30.1366,0.6263,0.7702,1313,1657,466,823,174.7324
12,239.9259,1,452.667,535.9214,12081.0,527.0,155.303,0.782,1.8292,450.0,32.3185,0.6022,0.7517,280,624,466,823,174.7324
12,239.9259,2,845.2826,562.4208,13176.0,417.0,186.4446,0.9927,2.3351,449.0,27.2607,0.6527,0.7899,624,964,466,823,174.7324
12,239.9259,3,1201.4633,552.5104,13647.0,112.0,163.6311,0.7541,1.7804,461.0,21.7004,0.7816,0.8774,964,1313,466,823,174.7324
12,239.9259,4,1544.2843,570.126,17759.0,0.0,198.4937,0.7028,1.9466,468.0,24.9041,0.6864,0.8141,1313,1657,466,823,174.7324
12,240.3264,1,459.6108,532.4637,11345.0,426.0,150.556,0.7565,1.8053,453.0,22.1771,0.7113,0.8313,280,624,466,823,174.7324
12,240.3264,2,836.4916,562.1007,13244.0,369.0,170.8761,0.9701,2.0145,451.0,31.6436,0.6206,0.7659,624,964,466,823,174.7324
12,240.3264,3,1206.8689,559.0728,13703.0,12.0,169.5152,0.7722,1.8728,465.0,27.5845,0.683,0.8116,964,1313,466,823,174.7324
12,240.3264,4,1552.6852,576.4576,18814.0,45.0,190.2699,0.6316,1.7484,491.0,26.1199,0.6577,0.7935,1313,1657,466,823,174.7324
12,240.727,1,467.0742,515.3826,10061.0,458.0,137.9354,0.7558,1.5582,452.0,22.9567,0.6988,0.8227,280,624,466,823,174.7324
12,240.727,2,831.3245,558.0077,14839.0,760.0,177.6082,0.9482,1.9817,448.0,26.4041,0.6575,0.7934,624,964,466,823,174.7324
12,240.727,3,1209.4532,556.792,13527.0,24.0,170.9823,0.7638,1.9501,464.0,19.0538,0.7953,0.886,964,1313,466,823,174.7324
12,240.727,4,1560.0112,573.3246,17527.0,0.0,156.561,0.6507,1.2471,491.0,29.6394,0.5881,0.7407,1313,1657,466,823,174.7324
12,241.1275,1,462.3456,531.2294,10451.0,475.0,132.3491,0.7972,1.5651,451.0,24.9794,0.6939,0.8193,280,624,466,823,174.7324
12,241.1275,2,834.0908,534.0479,14069.0,1222.0,179.5204,0.8573,2.008,443.0,31.7259,0.5932,0.7446,624,964,466,823,174.7324
12,241.1275,3,1208.8033,556.8543,14156.0,49.0,163.2769,0.7966,1.739,463.0,25.176,0.7124,0.8321,964,1313,466,823,174.7324
12,241.1275,4,1544.0288,567.0704,16203.0,0.0,144.9243,0.7275,1.1973,478.0,38.5157,0.4921,0.6597,1313,1657,466,823,174.7324
12,241.5281,1,472.7731,537.8595,9619.0,278.0,130.9127,0.9159,1.6756,454.0,30.5958,0.5487,0.7086,280,624,466,823,174.7324
12,241.5281,2,847.6195,536.5671,13295.0,1105.0,177.7777,0.811,2.1393,442.0,41.3125,0.5913,0.7432,624,964,466,823,174.7324
12,241.5281,3,1210.2818,558.2282,12925.0,0.0,154.8318,0.8161,1.7333,466.0,17.2198,0.8111,0.8957,964,1313,466,823,174.7324
12,241.5281,4,1511.2675,567.2796,16568.0,0.0,172.1987,0.7177,1.5922,474.0,37.585,0.4572,0.6275,1313,1657,466,823,174.7324
12,241.9286,1,481.8984,537.0116,9616.0,434.0,131.12,0.9934,1.6923,451.0,29.8396,0.5795,0.7338,280,624,466,823,174.7324
12,241.9286,2,857.5791,555.0583,13532.0,711.0,179.7531,0.8973,2.1436,450.0,38.6318,0.5116,0.6769,624,964,466,823,174.7324
12,241.9286,3,1216.1722,552.4886,12069.0,139.0,141.1558,0.9384,1.4806,461.0,28.0205,0.6199,0.7654,964,1313,466,823,174.7324
12,241.9286,4,1489.7806,560.0786,15932.0,0.0,191.5776,0.5656,2.0384,477.0,39.904,0.4722,0.6415,1313,1657,466,823,174.7324
12,242.3292,1,491.7094,531.536,9974.0,648.0,140.7933,0.9851,1.7337,447.0,25.4366,0.6469,0.7856,280,624,466,823,174.7324
12,242.3292,2,865.895,553.0808,13139.0,680.0,178.285,0.8986,2.1607,451.0,26.2148,0.6643,0.7983,624,964,466,823,174.7324
12,242.3292,3,1224.5455,543.0603,10681.0,73.0,140.106,0.9234,1.5611,463.0,22.8041,0.6727,0.8043,964,1313,466,823,174.7324
12,242.3292,4,1452.8566,557.7365,16739.0,0.0,185.479,0.5665,1.8313,475.0,41.1579,0.4053,0.5768,1313,1657,466,823,174.7324
12,242.7297,1,496.2342,523.6375,9764.0,695.0,144.1646,0.9233,1.7756,446.0,21.7582,0.7125,0.8321,280,624,466,823,174.7324
12,242.7297,2,871.3604,545.4426,12499.0,777.0,177.8569,0.8842,2.2563,448.0,17.4761,0.7808,0.8769,624,964,466,823,174.7324
12,242.7297,3,1220.3885,551.4586,11438.0,56.0,144.6871,0.9092,1.6147,463.0,16.6856,0.7531,0.8592,964,1313,466,823,174.7324
12,242.7297,4,1429.2675,563.7043,16667.0,0.0,189.6254,0.5318,1.9368,477.0,39.8008,0.4526,0.6232,1313,1657,466,823,174.7324
12,243.1302,1,487.7207,512.0647,10780.0,835.0,171.296,0.5814,2.2188,449.0,36.6385,0.5273,0.6905,280,624,466,823,174.7324
12,243.1302,2,872.527,549.6257,12526.0,647.0,184.3701,0.9037,2.4168,450.0,22.2711,0.7512,0.8579,624,964,466,823,174.7324
12,243.1302,3,1219.5217,552.498,11738.0,101.0,150.2099,0.857,1.7799,462.0,13.744,0.8046,0.8917,964,1313,466,823,174.7324
12,243.1302,4,1409.0736,562.6705,14645.0,0.0,164.8472,0.6031,1.664,478.0,30.9617,0.5569,0.7154,1313,1657,466,823,174.7324
12,243.5308,1,458.0348,500.0782,12352.0,1553.0,196.0118,0.3999,2.4492,446.0,39.9082,0.5653,0.7223,280,624,466,823,174.7324
12,243.5308,2,876.8998,548.618,12439.0,627.0,178.5379,0.9035,2.2996,451.0,19.7666,0.7443,0.8534,624,964,466,823,174.7324
12,243.5308,3,1221.2679,551.8238,11937.0,82.0,153.7103,0.8644,1.81,463.0,18.5151,0.7614,0.8645,964,1313,466,823,174.7324
12,243.5308,4,1403.194,570.6712,13067.0,0.0,157.7967,0.6312,1.8226,479.0,23.306,0.6206,0.7659,1313,1657,466,823,174.7324
12,243.9313,1,411.0206,503.3451,12942.0,1617.0,192.0294,0.3977,2.4033,443.0,58.8405,0.3454,0.5135,280,624,466,823,174.7324
12,243.9313,2,877.0778,546.8932,12480.0,627.0,178.3165,0.896,2.2286,451.0,20.5014,0.7489,0.8565,624,964,466,823,174.7324
12,243.9313,3,1220.1738,552.0166,12414.0,86.0,151.2112,0.8761,1.6927,462.0,16.3985,0.8007,0.8893,964,1313,466,823,174.7324
12,243.9313,4,1404.858,565.3782,11821.0,0.0,151.109,0.8847,1.8069,473.0,24.823,0.5888,0.7412,1313,1657,466,823,174.7324
12,244.3319,1,363.3258,508.906,12201.0,1444.0,162.268,0.5467,1.8879,441.0,64.4541,0.2833,0.4416,280,624,466,823,174.7324
12,244.3319,2,882.4137,546.2417,11946.0,593.0,172.8913,0.9207,2.1892,451.0,24.1174,0.6973,0.8217,624,964,466,823,174.7324
12,244.3319,3,1214.9305,549.7011,12912.0,49.0,149.7468,0.8614,1.5575,463.0,25.3247,0.6607,0.7957,964,1313,466,823,174.7324
12,244.3319,4,1407.7678,551.1368,8879.0,0.0,147.2963,0.8942,1.9132,478.0,24.2961,0.628,0.7715,1313,1657,466,823,174.7324
12,244.7324,1,348.1556,517.5379,11384.0,1148.0,149.5449,0.6484,1.7721,445.0,36.7459,0.5908,0.7428,280,624,466,823,174.7324
12,244.7324,2,880.6058,551.4643,12140.0,540.0,175.9836,0.9057,2.2659,452.0,18.6683,0.7785,0.8754,624,964,466,823,174.7324
12,244.7324,3,1212.2136,550.2951,13165.0,113.0,145.4837,0.8402,1.45,462.0,20.459,0.7602,0.8637,964,1313,466,823,174.7324
12,244.7324,4,1417.6988,557.6691,9836.0,0.0,145.8002,0.893,1.9129,475.0,24.3517,0.6178,0.7638,1313,1657,466,823,174.7324
12,245.133,1,353.6323,522.1706,11380.0,913.0,143.9783,0.6122,1.7274,447.0,23.3353,0.713,0.8325,280,624,466,823,174.7324
12,245.133,2,879.2789,549.6934,12372.0,535.0,173.5545,0.9137,2.1266,451.0,17.8807,0.7908,0.8832,624,964,466,823,174.7324
12,245.133,3,1217.535,548.8554,13329.0,243.0,145.7278,0.9277,1.377,458.0,25.7293,0.7104,0.8307,964,1313,466,823,174.7324
12,245.133,4,1425.9769,548.9341,10851.0,0.0,162.423,0.8074,2.0836,471.0,27.3291,0.5792,0.7335,1313,1657,466,823,174.7324
12,245.5335,1,343.538,517.4916,9429.0,739.0,114.2644,0.7229,1.2687,448.0,36.4802,0.556,0.7147,280,624,466,823,174.7324
12,245.5335,2,877.8603,548.8842,12413.0,639.0,177.3245,0.8901,2.2856,450.0,18.6395,0.7668,0.868,624,964,466,823,174.7324
12,245.5335,3,1224.1277,557.1021,12904.0,12.0,137.5596,0.9082,1.3755,475.0,28.1774,0.6585,0.7941,964,1313,466,823,174.7324
12,245.5335,4,1431.9146,560.1402,12381.0,0.0,172.9793,0.7108,2.2095,473.0,23.2251,0.6567,0.7928,1313,1657,466,823,174.7324
12,245.9341,1,342.7433,516.2981,10672.0,849.0,130.142,0.7255,1.3511,447.0,29.1997,0.6306,0.7735,280,624,466,823,174.7324
12,245.9341,2,881.7301,546.2952,12121.0,643.0,177.9424,0.8906,2.3017,449.0,21.7264,0.7543,0.8599,624,964,466,823,174.7324
12,245.9341,3,1226.0803,555.171,12360.0,82.0,133.0849,0.9591,1.3432,469.0,21.7746,0.7544,0.86,964,1313,466,823,174.7324
12,245.9341,4,1428.1357,560.0527,13122.0,0.0,175.8899,0.7268,2.2429,469.0,13.5426,0.7909,0.8833,1313,1657,466,823,174.7324
12,246.3346,1,358.2532,525.813,12836.0,765.0,162.929,0.5781,1.8097,449.0,36.0264,0.5791,0.7335,280,624,466,823,174.7324
12,246.3346,2,886.0384,551.4564,12086.0,558.0,173.1714,0.8928,2.1803,451.0,25.6697,0.7069,0.8283,624,964,466,823,174.7324
12,246.3346,3,1230.4563,555.8757,12618.0,21.0,135.9606,0.9888,1.3641,470.0,19.7018,0.752,0.8584,964,1313,466,823,174.7324
12,246.3346,4,1426.1909,568.4703,12090.0,0.0,170.2424,0.7982,2.1773,474.0,25.9995,0.5881,0.7406,1313,1657,466,823,174.7324
12,246.7351,1,366.5428,517.825,13305.0,960.0,174.7462,0.5294,1.9645,448.0,28.4588,0.6701,0.8025,280,624,466,823,174.7324
12,246.7351,2,893.6967,544.2395,11505.0,742.0,161.1712,0.9514,2.0226,446.0,31.7386,0.6246,0.7689,624,964,466,823,174.7324
12,246.7351,3,1232.5399,552.6439,12630.0,163.0,137.4475,0.9902,1.3877,472.0,18.4731,0.7509,0.8577,964,1313,466,823,174.7324
12,246.7351,4,1419.0783,560.9849,11278.0,0.0,170.9519,0.8347,2.2843,473.0,25.8364,0.6475,0.786,1313,1657,466,823,174.7324
12,247.1357,1,370.8091,517.1122,13391.0,1082.0,169.4912,0.4849,1.908,447.0,26.2819,0.7073,0.8286,280,624,466,823,174.7324
12,247.1357,2,895.2143,554.7755,12212.0,489.0,156.9231,0.9748,1.8506,451.0,22.7726,0.6811,0.8103,624,964,466,823,174.7324
12,247.1357,3,1232.603,555.22,12812.0,172.0,141.2237,0.9766,1.459,478.0,15.4757,0.8553,0.922,964,1313,466,823,174.7324
12,247.1357,4,1414.1587,564.6319,9711.0,0.0,140.6524,0.9535,1.8138,479.0,32.0315,0.563,0.7204,1313,1657,466,823,174.7324
12,247.5362,1,357.704,521.5035,12573.0,1122.0,151.0992,0.607,1.6985,446.0,28.6641,0.5894,0.7416,280,624,466,823,174.7324
12,247.5362,2,901.479,547.4696,11422.0,400.0,151.38,0.9605,1.8495,464.0,23.7685,0.6862,0.8139,624,964,466,823,174.7324
12,247.5362,3,1232.5067,560.2685,12574.0,0.0,139.4932,0.9313,1.4672,481.0,16.7825,0.7725,0.8717,964,1313,466,823,174.7324
12,247.5362,4,1421.2972,548.8967,10880.0,0.0,147.3516,0.9295,1.6954,470.0,32.2691,0.5045,0.6707,1313,1657,466,823,174.7324
12,247.9368,1,345.5028,523.8234,10878.0,867.0,139.3138,0.6807,1.67,447.0,28.1931,0.5948,0.7459,280,624,466,823,174.7324
12,247.9368,2,899.121,537.3402,11962.0,514.0,157.3626,0.9847,1.6892,450.0,21.6417,0.7446,0.8536,624,964,466,823,174.7324
12,247.9368,3,1231.5168,555.2479,12604.0,20.0,135.1882,0.9488,1.3564,477.0,16.629,0.7945,0.8855,964,1313,466,823,174.7324
12,247.9368,4,1439.5381,547.5211,11458.0,0.0,150.2129,0.7793,1.6859,474.0,37.8182,0.5149,0.6797,1313,1657,466,823,174.7324
12,248.3373,1,330.514,525.514,10036.0,1152.0,132.6867,0.8955,1.7233,441.0,31.7553,0.5218,0.6858,280,624,466,823,174.7324
12,248.3373,2,893.6867,548.7121,12650.0,423.0,148.0406,0.9285,1.6119,461.0,19.7779,0.7364,0.8482,624,964,466,823,174.7324
12,248.3373,3,1227.0588,540.8315,12526.0,204.0,143.5613,0.9847,1.3968,464.0,19.9641,0.7496,0.8569,964,1313,466,823,174.7324
12,248.3373,4,1461.4153,557.7494,12775.0,0.0,168.8441,0.7025,1.9435,477.0,43.6554,0.4195,0.5911,1313,1657,466,823,174.7324
12,248.7379,1,329.0102,534.2245,9917.0,911.0,137.4008,0.9168,1.8622,446.0,27.7621,0.6054,0.7542,280,624,466,823,174.7324
12,248.7379,2,893.5455,546.3612,12942.0,543.0,153.5216,0.9606,1.6197,449.0,17.5439,0.7708,0.8706,624,964,466,823,174.7324
12,248.7379,3,1219.5639,546.5177,12751.0,119.0,134.4092,0.9613,1.2428,465.0,21.8241,0.7275,0.8423,964,1313,466,823,174.7324
12,248.7379,4,1490.4949,559.1437,14266.0,0.0,180.0679,0.6474,2.0259,478.0,42.2765,0.4382,0.6094,1313,1657,466,823,174.7324
12,249.1384,1,333.7115,538.5044,10344.0,980.0,151.8089,0.9233,2.083,443.0,17.0927,0.7379,0.8492,280,624,466,823,174.7324
12,249.1384,2,894.4178,546.8387,14147.0,475.0,152.7871,0.9816,1.434,451.0,19.2143,0.7252,0.8407,624,964,466,823,174.7324
12,249.1384,3,1215.0181,550.7491,13170.0,103.0,134.7006,0.9507,1.2348,461.0,19.5378,0.7603,0.8639,964,1313,466,823,174.7324
12,249.1384,4,1517.9749,554.8272,14547.0,0.0,181.1598,0.6754,1.943,473.0,43.4481,0.4618,0.6319,1313,1657,466,823,174.7324
12,249.539,1,331.1559,539.5597,9946.0,786.0,149.4666,0.9654,2.0505,447.0,16.4029,0.7682,0.8689,280,624,466,823,174.7324
12,249.539,2,896.0744,545.1716,13576.0,365.0,152.0339,0.9777,1.4758,453.0,16.2753,0.8289,0.9065,624,964,466,823,174.7324
12,249.539,3,1213.3848,546.4992,12576.0,173.0,138.1403,0.9097,1.3202,460.0,18.1567,0.7593,0.8632,964,1313,466,823,174.7324
12,249.539,4,1540.538,561.3449,15024.0,0.0,176.1472,0.7206,1.8152,478.0,48.3089,0.435,0.6063,1313,1657,466,823,174.7324
12,249.9395,1,330.6177,539.9922,10346.0,766.0,129.1859,0.9272,1.6975,447.0,19.89,0.7104,0.8307,280,624,466,823,174.7324
12,249.9395,2,896.896,549.0171,14219.0,399.0,155.0789,0.998,1.4803,451.0,14.3623,0.8251,0.9042,624,964,466,823,174.7324
12,249.9395,3,1212.1547,546.3894,12818.0,174.0,143.3976,0.8462,1.4183,461.0,21.4146,0.7528,0.8589,964,1313,466,823,174.7324
12,249.9395,4,1553.1574,580.7815,14762.0,0.0,187.3036,0.7296,2.1458,483.0,43.0308,0.5075,0.6733,1313,1657,466,823,174.7324
12,250.34,1,331.5976,523.4517,9475.0,723.0,126.116,0.9566,1.481,448.0,24.9059,0.6029,0.7522,280,624,466,823,174.7324
12,250.34,2,897.6791,547.9213,14343.0,397.0,149.9232,0.9917,1.4213,463.0,10.9608,0.8695,0.9302,624,964,466,823,174.7324
12,250.34,3,1214.2716,552.3834,13338.0,97.0,144.9987,0.876,1.4306,461.0,18.0526,0.8051,0.892,964,1313,466,823,174.7324
12,250.34,4,1562.9667,577.5754,14840.0,0.0,198.1185,0.8342,2.3197,474.0,28.8495,0.6678,0.8008,1313,1657,466,823,174.7324
12,250.7406,1,335.1085,541.837,10331.0,583.0,127.3143,0.9177,1.5659,449.0,23.0199,0.6315,0.7741,280,624,466,823,174.7324
12,250.7406,2,896.936,542.813,14383.0,513.0,156.1987,0.9914,1.4889,460.0,14.4218,0.8066,0.8929,624,964,466,823,174.7324
12,250.7406,3,1216.7147,553.4985,13258.0,58.0,143.5725,0.8741,1.4134,462.0,15.4479,0.8288,0.9064,964,1313,466,823,174.7324
12,250.7406,4,1563.7432,570.6198,14386.0,10.0,174.4569,0.6805,1.9286,478.0,32.5935,0.5994,0.7495,1313,1657,466,823,174.7324
12,251.1411,1,339.6806,518.5117,8744.0,653.0,128.2921,0.9638,1.5995,446.0,23.6864,0.6437,0.7832,280,624,466,823,174.7324
12,251.1411,2,897.2207,548.2104,15092.0,410.0,169.1928,0.9994,1.5832,451.0,12.7847,0.8491,0.9184,624,964,466,823,174.7324
12,251.1411,3,1218.3811,547.8537,12879.0,50.0,138.5599,0.8902,1.298,462.0,21.7171,0.7371,0.8487,964,1313,466,823,174.7324
12,251.1411,4,1569.9112,558.3467,14283.0,66.0,155.2172,0.7884,1.5864,467.0,31.302,0.5945,0.7457,1313,1657,466,823,174.7324
12,251.5417,1,337.9875,510.0972,7981.0,652.0,118.8384,0.9903,1.4126,448.0,16.9769,0.7909,0.8832,280,624,466,823,174.7324
12,251.5417,2,892.4479,550.7101,15758.0,348.0,155.557,0.9969,1.3374,453.0,18.5086,0.7461,0.8546,624,964,466,823,174.7324
12,251.5417,3,1213.95,545.0423,13256.0,122.0,135.309,0.8935,1.1666,461.0,18.3736,0.8029,0.8907,964,1313,466,823,174.7324
12,251.5417,4,1561.1288,571.2426,17825.0,55.0,187.1298,0.9876,1.6657,478.0,41.0731,0.4956,0.6628,1313,1657,466,823,174.7324
12,251.9422,1,340.2766,526.5976,9273.0,745.0,118.2197,0.9922,1.4121,446.0,20.9537,0.7242,0.84,280,624,466,823,174.7324
12,251.9422,2,887.466,546.0315,14740.0,289.0,149.4019,0.9475,1.3255,458.0,18.4535,0.7403,0.8507,624,964,466,823,174.7324
12,251.9422,3,1214.5097,546.875,13956.0,53.0,135.2367,0.8511,1.1125,462.0,17.0375,0.8151,0.8981,964,1313,466,823,174.7324
12,251.9422,4,1540.7531,586.4355,17891.0,0.0,200.3856,0.7966,1.9318,492.0,44.6404,0.4637,0.6336,1313,1657,466,823,174.7324
12,252.3428,1,346.1801,518.7498,9294.0,751.0,129.096,0.9554,1.5445,447.0,26.6496,0.618,0.7639,280,624,466,823,174.7324
12,252.3428,2,884.6991,538.8908,14484.0,529.0,153.386,0.9252,1.3746,449.0,20.0635,0.7337,0.8464,624,964,466,823,174.7324
12,252.3428,3,1214.8789,548.2188,14902.0,39.0,136.6917,0.6901,1.0981,464.0,20.5964,0.7746,0.873,964,1313,466,823,174.7324
12,252.3428,4,1514.7185,589.6811,18674.0,0.0,209.4143,0.9165,1.9521,470.0,49.2768,0.4341,0.6054,1313,1657,466,823,174.7324
12,252.7433,1,356.5478,517.7508,9491.0,678.0,135.1548,0.8628,1.6494,449.0,28.7849,0.6677,0.8007,280,624,466,823,174.7324
12,252.7433,2,890.7206,541.4889,15222.0,480.0,153.7115,0.9993,1.3075,449.0,23.1653,0.69,0.8165,624,964,466,823,174.7324
12,252.7433,3,1206.868,542.9008,14943.0,127.0,163.301,0.5609,1.5067,460.0,27.8043,0.6519,0.7893,964,1313,466,823,174.7324
12,252.7433,4,1497.9727,595.7062,17594.0,0.0,195.5879,0.9495,1.9121,483.0,37.7018,0.5406,0.7018,1313,1657,466,823,174.7324
12,253.1439,1,370.112,532.123,11289.0,861.0,149.493,0.9069,1.7851,447.0,33.7041,0.5526,0.7118,280,624,466,823,174.7324
12,253.1439,2,883.8025,541.3497,14382.0,442.0,143.3883,0.9513,1.2439,450.0,22.2146,0.697,0.8214,624,964,466,823,174.7324
12,253.1439,3,1197.0717,542.7015,15522.0,86.0,176.2722,0.5334,1.6883,462.0,25.259,0.6604,0.7955,964,1313,466,823,174.7324
12,253.1439,4,1480.5916,587.7653,16602.0,0.0,213.7713,0.711,2.3872,484.0,40.92,0.4881,0.656,1313,1657,466,823,174.7324
12,253.5444,1,380.7526,529.8955,11339.0,840.0,141.6884,0.8644,1.6282,446.0,33.7509,0.548,0.708,280,624,466,823,174.7324
12,253.5444,2,883.2631,541.7151,16032.0,577.0,146.789,0.9809,1.1606,448.0,21.2043,0.7035,0.8259,624,964,466,823,174.7324
12,253.5444,3,1189.9209,549.0797,16341.0,43.0,187.3218,0.546,1.8331,464.0,22.3134,0.7287,0.843,964,1313,466,823,174.7324
12,253.5444,4,1475.6571,567.0782,15100.0,0.0,186.3481,0.6035,2.0189,483.0,39.7866,0.5093,0.6748,1313,1657,466,823,174.7324
12,253.9449,1,390.6775,541.0714,11616.0,500.0,145.5872,0.831,1.7427,452.0,36.9894,0.5318,0.6943,280,624,466,823,174.7324
12,253.9449,2,884.7632,543.3213,15557.0,416.0,156.4715,0.9434,1.3522,451.0,20.3647,0.7385,0.8496,624,964,466,823,174.7324
12,253.9449,3,1189.2155,551.6166,16597.0,102.0,188.4373,0.5776,1.8888,461.0,20.3041,0.7218,0.8384,964,1313,466,823,174.7324
12,253.9449,4,1485.5818,549.6781,13086.0,0.0,141.027,0.8418,1.2974,473.0,36.4311,0.5396,0.701,1313,1657,466,823,174.7324
12,254.3455,1,405.39,524.5944,12014.0,1138.0,151.5604,0.7926,1.7425,444.0,33.6882,0.5396,0.701,280,624,466,823,174.7324
12,254.3455,2,888.8852,545.2835,16757.0,326.0,165.1331,0.995,1.3507,452.0,20.19,0.7606,0.864,624,964,466,823,174.7324
12,254.3455,3,1189.9167,549.4039,15616.0,62.0,174.2303,0.6109,1.6939,462.0,19.5875,0.7441,0.8533,964,1313,466,823,174.7324
12,254.3455,4,1493.165,551.2847,12021.0,0.0,157.0769,0.5346,1.8586,479.0,38.6899,0.47,0.6394,1313,1657,466,823,174.7324
12,254.746,1,426.8997,521.6451,12447.0,885.0,163.9824,0.6688,1.88,450.0,45.8708,0.4852,0.6534,280,624,466,823,174.7324
12,254.746,2,885.0286,548.591,16568.0,364.0,158.0689,0.9843,1.2931,451.0,17.0312,0.7751,0.8733,624,964,466,823,174.7324
12,254.746,3,1193.2786,555.6982,15240.0,9.0,156.1534,0.7268,1.4183,465.0,23.6257,0.6912,0.8174,964,1313,466,823,174.7324
12,254.746,4,1483.8372,541.0046,13663.0,0.0,200.1012,0.5598,2.3837,473.0,34.3117,0.573,0.7285,1313,1657,466,823,174.7324
12,255.1466,1,448.5282,529.0986,13039.0,950.0,168.9851,0.7074,1.9283,449.0,47.0717,0.446,0.6169,280,624,466,823,174.7324
12,255.1466,2,885.6552,552.5844,17481.0,304.0,166.9684,0.9686,1.3915,453.0,15.9719,0.765,0.8669,624,964,466,823,174.7324
12,255.1466,3,1200.9469,559.4696,15537.0,0.0,155.3578,0.7848,1.3687,466.0,22.3732,0.7107,0.8309,964,1313,466,823,174.7324
12,255.1466,4,1463.9511,548.3652,14519.0,0.0,188.0414,0.5735,2.0634,475.0,44.8851,0.4946,0.6618,1313,1657,466,823,174.7324
12,255.5471,1,461.8304,528.4709,13187.0,932.0,171.0488,0.7387,1.878,449.0,31.6816,0.652,0.7894,280,624,466,823,174.7324
12,255.5471,2,888.2924,553.0884,18481.0,183.0,169.558,0.993,1.3435,463.0,18.741,0.7484,0.8561,624,964,466,823,174.7324
12,255.5471,3,1208.0393,555.9768,15631.0,0.0,152.009,0.6858,1.278,469.0,19.9297,0.727,0.8419,964,1313,466,823,174.7324
12,255.5471,4,1444.8715,556.5523,13987.0,0.0,179.353,0.6757,2.0594,475.0,40.0109,0.5116,0.6769,1313,1657,466,823,174.7324
12,255.9477,1,469.9134,526.3178,12480.0,763.0,169.7714,0.6254,2.1113,450.0,31.2748,0.6553,0.7918,280,624,466,823,174.7324
12,255.9477,2,882.63,549.5393,17207.0,218.0,162.4086,0.9996,1.3009,455.0,16.0727,0.78,0.8764,624,964,466,823,174.7324
12,255.9477,3,1214.58,557.1558,15897.0,33.0,151.3052,0.8048,1.2747,466.0,21.1297,0.7327,0.8457,964,1313,466,823,174.7324
12,255.9477,4,1433.6756,565.9476,14591.0,0.0,174.2196,0.7559,1.9102,474.0,30.9261,0.5954,0.7464,1313,1657,466,823,174.7324
12,256.3482,1,475.7449,528.3789,12189.0,771.0,164.7865,0.6749,2.0615,450.0,30.5161,0.6521,0.7894,280,624,466,823,174.7324
12,256.3482,2,880.0741,546.7167,16774.0,354.0,162.1264,0.9989,1.317,452.0,14.1483,0.8121,0.8963,624,964,466,823,174.7324
12,256.3482,3,1222.144,557.8319,15382.0,31.0,148.7124,0.9986,1.2375,464.0,26.1669,0.6561,0.7924,964,1313,466,823,174.7324
12,256.3482,4,1431.9643,563.0145,13357.0,0.0,174.2015,0.7191,2.0077,476.0,15.2297,0.8382,0.912,1313,1657,466,823,174.7324
12,256.7487,1,480.6498,537.0355,12113.0,395.0,171.5424,0.6143,2.2372,456.0,30.8035,0.6228,0.7676,280,624,466,823,174.7324
12,256.7487,2,878.633,553.4948,17075.0,202.0,158.8982,0.9824,1.292,459.0,15.9569,0.7803,0.8766,624,964,466,823,174.7324
12,256.7487,3,1225.3561,562.6381,14737.0,0.0,145.4641,0.9089,1.3198,478.0,18.2766,0.7802,0.8765,964,1313,466,823,174.7324
12,256.7487,4,1429.727,565.1291,13382.0,0.0,178.27,0.7697,2.1152,470.0,23.6924,0.6876,0.8149,1313,1657,466,823,174.7324
12,257.1493,1,491.1309,523.4336,11419.0,844.0,170.9236,0.6666,2.2342,444.0,20.2939,0.7822,0.8778,280,624,466,823,174.7324
12,257.1493,2,871.8345,546.1249,15833.0,404.0,158.6072,0.9901,1.3625,450.0,19.1297,0.7345,0.8469,624,964,466,823,174.7324
12,257.1493,3,1223.8252,553.4593,14625.0,117.0,144.9986,0.9796,1.2469,461.0,21.4527,0.7545,0.8601,964,1313,466,823,174.7324
12,257.1493,4,1428.9446,565.1441,14517.0,0.0,174.4492,0.7748,1.8899,475.0,18.7733,0.7642,0.8663,1313,1657,466,823,174.7324
12,257.5498,1,488.6931,534.1997,11835.0,598.0,171.2539,0.6269,2.2923,449.0,24.7761,0.6979,0.8221,280,624,466,823,174.7324
12,257.5498,2,870.2043,540.6259,15722.0,497.0,159.288,0.99,1.3424,449.0,16.375,0.7854,0.8798,624,964,466,823,174.7324
12,257.5498,3,1222.1569,555.1642,13817.0,25.0,141.2831,0.8543,1.316,477.0,17.834,0.7852,0.8797,964,1313,466,823,174.7324
12,257.5498,4,1428.0112,560.4945,12958.0,0.0,168.5133,0.7529,1.9512,477.0,17.4462,0.7873,0.881,1313,1657,466,823,174.7324
12,257.9504,1,496.5491,538.3323,11690.0,571.0,173.1496,0.6522,2.3256,449.0,30.2354,0.6145,0.7612,280,624,466,823,174.7324
12,257.9504,2,874.3766,545.2011,16780.0,519.0,163.0976,0.8383,1.3688,451.0,22.3102,0.6481,0.7865,624,964,466,823,174.7324
12,257.9504,3,1223.3581,547.292,13117.0,44.0,133.9397,0.9986,1.1662,463.0,23.3014,0.7245,0.8403,964,1313,466,823,174.7324
12,257.9504,4,1422.8929,556.9484,12845.0,0.0,174.4522,0.7843,2.0505,470.0,23.2227,0.7171,0.8353,1313,1657,466,823,174.7324
12,258.3509,1,499.1601,544.9815,11561.0,396.0,173.0086,0.672,2.3727,453.0,25.9868,0.6647,0.7986,280,624,466,823,174.7324
12,258.3509,2,868.4376,546.054,16904.0,524.0,170.6538,0.7034,1.5497,453.0,25.0685,0.626,0.77,624,964,466,823,174.7324
12,258.3509,3,1215.4176,537.5734,12585.0,152.0,158.496,0.727,1.6345,460.0,32.5041,0.5935,0.7449,964,1313,466,823,174.7324
12,258.3509,4,1417.166,567.2498,14426.0,0.0,167.2226,0.8259,1.8262,471.0,33.969,0.5569,0.7154,1313,1657,466,823,174.7324
12,258.7515,1,509.115,532.3097,11157.0,753.0,167.374,0.7373,2.196,443.0,30.2668,0.6241,0.7686,280,624,466,823,174.7324
12,258.7515,2,872.0037,544.1919,15506.0,608.0,177.8023,0.6934,1.84,452.0,20.4911,0.6946,0.8198,624,964,466,823,174.7324
12,258.7515,3,1198.9405,531.4295,12262.0,84.0,164.157,0.549,1.8136,462.0,34.0925,0.6088,0.7569,964,1313,466,823,174.7324
12,258.7515,4,1406.5829,564.1202,12013.0,0.0,154.8844,0.8563,1.8222,470.0,29.0492,0.5877,0.7403,1313,1657,466,823,174.7324
12,259.152,1,512.8358,528.3019,10298.0,545.0,151.7599,0.7299,1.9759,449.0,23.1984,0.7524,0.8587,280,624,466,823,174.7324
12,259.152,2,876.7107,548.2518,16158.0,694.0,158.5025,0.8908,1.3705,450.0,25.6131,0.5423,0.7032,624,964,466,823,174.7324
12,259.152,3,1180.3064,531.1576,12878.0,27.0,164.8619,0.5022,1.7489,464.0,36.414,0.5839,0.7373,964,1313,466,823,174.7324
12,259.152,4,1404.7528,565.4676,10189.0,0.0,142.1981,0.9252,1.7514,480.0,30.8812,0.6045,0.7535,1313,1657,466,823,174.7324
12,259.5526,1,514.1053,536.5376,9892.0,546.0,142.434,0.8125,1.9299,448.0,28.4716,0.6674,0.8005,280,624,466,823,174.7324
12,259.5526,2,874.8252,546.0098,15249.0,514.0,170.4211,0.7813,1.6778,453.0,21.9459,0.6328,0.7751,624,964,466,823,174.7324
12,259.5526,3,1167.8624,540.2063,14364.0,129.0,176.9855,0.5119,1.9584,461.0,32.3474,0.6236,0.7682,964,1313,466,823,174.7324
12,259.5526,4,1407.9911,566.1377,11512.0,0.0,142.7589,0.9735,1.5506,479.0,28.6074,0.558,0.7163,1313,1657,466,823,174.7324
12,259.9531,1,522.0423,540.8705,8847.0,297.0,129.9227,0.8141,1.8666,463.0,32.7824,0.5637,0.721,280,624,466,823,174.7324
12,259.9531,2,868.5348,546.4207,15527.0,509.0,180.5691,0.7293,1.8436,453.0,23.1002,0.6471,0.7857,624,964,466,823,174.7324
12,259.9531,3,1144.0678,541.0909,15442.0,101.0,179.4914,0.4876,1.8738,462.0,35.7445,0.5016,0.6681,964,1313,466,823,174.7324
12,259.9531,4,1423.127,555.8841,11919.0,0.0,150.1388,0.8969,1.6339,474.0,28.0926,0.5873,0.74,1313,1657,466,823,174.7324
12,260.3536,1,529.4694,530.6428,9082.0,547.0,129.3194,0.9437,1.6919,448.0,28.579,0.6397,0.7803,280,624,466,823,174.7324
12,260.3536,2,856.8579,546.2855,15559.0,528.0,181.4048,0.7352,1.8591,452.0,20.4566,0.6968,0.8213,624,964,466,823,174.7324
12,260.3536,3,1130.0999,541.6591,15549.0,40.0,180.1538,0.5173,1.8576,463.0,28.877,0.6093,0.7573,964,1313,466,823,174.7324
12,260.3536,4,1432.468,559.7683,12138.0,0.0,162.1397,0.8332,1.8201,479.0,26.4596,0.683,0.8117,1313,1657,466,823,174.7324
12,260.7542,1,530.8967,538.4632,9663.0,324.0,127.8991,0.8852,1.5872,467.0,28.5679,0.6199,0.7653,280,624,466,823,174.7324
12,260.7542,2,867.0187,542.5435,16435.0,445.0,155.5617,0.7672,1.295,450.0,28.2705,0.6081,0.7563,624,964,466,823,174.7324
12,260.7542,3,1117.1236,542.1888,15263.0,119.0,177.0907,0.5375,1.8601,461.0,23.039,0.6816,0.8107,964,1313,466,823,174.7324
12,260.7542,4,1440.3748,575.8738,12555.0,0.0,158.7856,0.9315,1.7898,479.0,26.0505,0.6104,0.7581,1313,1657,466,823,174.7324
12,261.1547,1,517.7634,542.9111,11140.0,376.0,139.8205,0.8088,1.708,465.0,28.3408,0.6079,0.7561,280,624,466,823,174.7324
12,261.1547,2,874.956,542.1534,14607.0,363.0,141.4194,0.9927,1.2071,452.0,28.4098,0.6017,0.7513,624,964,466,823,174.7324
12,261.1547,3,1088.9287,527.5154,13897.0,126.0,170.5506,0.5958,1.6757,461.0,27.2501,0.5964,0.7472,964,1313,466,823,174.7324
12,261.1547,4,1452.8667,579.3658,13028.0,0.0,163.1205,0.9947,1.8523,474.0,32.5177,0.5086,0.6743,1313,1657,466,823,174.7324
12,261.5553,1,515.9385,537.1957,11449.0,542.0,154.4004,0.8072,1.8329,447.0,26.5463,0.6277,0.7713,280,624,466,823,174.7324
12,261.5553,2,872.0771,540.5237,14580.0,519.0,156.3929,0.8825,1.463,449.0,25.8882,0.6169,0.7631,624,964,466,823,174.7324
12,261.5553,3,1080.1946,547.9084,16562.0,14.0,181.7727,0.5706,1.8365,465.0,29.8234,0.5791,0.7334,964,1313,466,823,174.7324
12,261.5553,4,1461.6215,583.1059,13933.0,0.0,180.543,0.9629,2.099,473.0,27.407,0.6299,0.773,1313,1657,466,823,174.7324
12,261.9558,1,509.4553,540.4837,12171.0,514.0,150.9606,0.6947,1.7666,463.0,17.8169,0.7636,0.866,280,624,466,823,174.7324
12,261.9558,2,864.9334,544.3016,14869.0,497.0,164.0383,0.8358,1.6074,450.0,21.0816,0.6945,0.8197,624,964,466,823,174.7324
12,261.9558,3,1077.3806,535.833,14269.0,190.0,168.6061,0.5838,1.8308,460.0,22.1796,0.6955,0.8204,964,1313,466,823,174.7324
12,261.9558,4,1462.4843,576.0819,14655.0,0.0,193.2069,0.7728,2.2775,475.0,36.658,0.536,0.6979,1313,1657,466,823,174.7324
12,262.3564,1,504.6986,542.7763,12008.0,305.0,163.6142,0.6443,2.0362,465.0,23.8907,0.6668,0.8001,280,624,466,823,174.7324
12,262.3564,2,856.7882,541.0394,14969.0,578.0,156.1986,0.8606,1.437,448.0,22.6355,0.6726,0.8043,624,964,466,823,174.7324
12,262.3564,3,1077.5698,538.4002,13934.0,290.0,157.8286,0.6393,1.6826,459.0,16.0508,0.7556,0.8608,964,1313,466,823,174.7324
12,262.3564,4,1464.0586,572.3254,16210.0,93.0,228.8475,0.7672,2.8596,463.0,29.8542,0.6092,0.7572,1313,1657,466,823,174.7324
12,262.7569,1,503.754,542.79,12607.0,328.0,169.502,0.663,2.0404,463.0,17.531,0.7645,0.8665,280,624,466,823,174.7324
12,262.7569,2,851.7999,541.8354,14492.0,629.0,164.8942,0.8664,1.6654,447.0,22.1124,0.7053,0.8272,624,964,466,823,174.7324
12,262.7569,3,1067.5282,537.377,13931.0,102.0,165.7685,0.656,1.7821,462.0,23.4759,0.6759,0.8066,964,1313,466,823,174.7324
12,262.7569,4,1440.9656,563.4543,13049.0,0.0,195.6614,0.6605,2.5177,480.0,47.8241,0.4387,0.6099,1313,1657,466,823,174.7324
12,263.1575,1,504.9352,538.3332,13091.0,552.0,165.7627,0.7403,1.8155,446.0,21.9788,0.7171,0.8352,280,624,466,823,174.7324
12,263.1575,2,845.7883,547.5748,14930.0,465.0,165.1416,0.9113,1.6118,450.0,22.4244,0.6964,0.821,624,964,466,823,174.7324
12,263.1575,3,1060.1972,533.6888,14092.0,126.0,173.7349,0.6028,1.797,461.0,17.8498,0.7548,0.8603,964,1313,466,823,174.7324
12,263.1575,4,1417.3035,551.8998,13428.0,0.0,181.5302,0.6966,2.1742,469.0,42.7582,0.4981,0.665,1313,1657,466,823,174.7324
12,263.558,1,503.9221,530.0778,12548.0,697.0,160.043,0.7093,1.7484,443.0,23.4979,0.6847,0.8128,280,624,466,823,174.7324
12,263.558,2,842.599,554.4738,15835.0,397.0,162.9247,0.9735,1.5287,450.0,19.5465,0.721,0.8379,624,964,466,823,174.7324
12,263.558,3,1062.421,546.2439,15013.0,48.0,181.3693,0.6153,1.8725,463.0,18.2676,0.747,0.8552,964,1313,466,823,174.7324
12,263.558,4,1396.426,548.4405,10561.0,0.0,143.9894,0.7284,1.7652,474.0,44.3934,0.4792,0.6479,1313,1657,466,823,174.7324
12,263.9585,1,507.5617,532.4994,12194.0,507.0,156.3783,0.7017,1.7259,448.0,23.5089,0.6847,0.8129,280,624,466,823,174.7324
12,263.9585,2,840.2639,542.9652,14813.0,437.0,161.6754,0.963,1.5219,449.0,17.0018,0.7612,0.8644,624,964,466,823,174.7324
12,263.9585,3,1061.0065,549.2377,15219.0,76.0,184.6398,0.6385,1.9582,462.0,15.2686,0.7972,0.8871,964,1313,466,823,174.7324
12,263.9585,4,1388.0215,559.2657,10409.0,0.0,141.0626,0.802,1.7571,476.0,31.2818,0.58,0.7342,1313,1657,466,823,174.7324
12,264.3591,1,505.3732,537.4636,12625.0,362.0,162.4313,0.6624,1.8339,455.0,22.4363,0.7046,0.8267,280,624,466,823,174.7324
12,264.3591,2,839.9609,549.7967,15345.0,443.0,155.3068,0.9807,1.4201,450.0,17.1303,0.7519,0.8584,624,964,466,823,174.7324
12,264.3591,3,1063.2482,542.2901,14216.0,196.0,179.0388,0.6103,1.97,460.0,21.2078,0.7523,0.8586,964,1313,466,823,174.7324
12,264.3591,4,1383.6539,563.9687,11839.0,0.0,142.9891,0.8472,1.6577,478.0,26.1039,0.633,0.7753,1313,1657,466,823,174.7324
12,264.7596,1,505.056,530.5062,11951.0,557.0,162.0727,0.6564,1.9139,453.0,19.5748,0.7365,0.8482,280,624,466,823,174.7324
12,264.7596,2,843.7811,553.5288,16147.0,334.0,165.0792,0.9906,1.5123,452.0,20.2613,0.728,0.8426,624,964,466,823,174.7324
12,264.7596,3,1067.5989,541.0336,13671.0,281.0,176.9211,0.6158,2.0698,459.0,19.6601,0.7212,0.838,964,1313,466,823,174.7324
12,264.7596,4,1383.4013,567.4567,11750.0,0.0,150.6399,0.817,1.8173,483.0,22.0894,0.7167,0.835,1313,1657,466,823,174.7324
12,265.1602,1,501.1933,536.8769,11712.0,450.0,159.609,0.635,1.9999,454.0,23.1356,0.6891,0.816,280,624,466,823,174.7324
12,265.1602,2,841.6904,553.4122,16294.0,391.0,171.0332,0.9429,1.5688,449.0,19.4091,0.7244,0.8402,624,964,466,823,174.7324
12,265.1602,3,1062.2924,540.0986,14060.0,200.0,171.7662,0.5978,1.8275,459.0,21.7059,0.6564,0.7925,964,1313,466,823,174.7324
12,265.1602,4,1387.4545,575.709,12386.0,0.0,164.5476,0.7715,1.9279,483.0,24.9935,0.6832,0.8118,1313,1657,466,823,174.7324
12,265.5607,1,515.0161,539.4075,10335.0,375.0,148.128,0.7098,1.9525,455.0,27.4982,0.541,0.7021,280,624,466,823,174.7324
12,265.5607,2,840.6695,554.0978,16211.0,323.0,168.7473,0.9594,1.5522,452.0,12.2788,0.8281,0.906,624,964,466,823,174.7324
12,265.5607,3,1049.5422,542.0713,14628.0,21.0,157.5073,0.5773,1.4165,464.0,26.9679,0.5635,0.7208,964,1313,466,823,174.7324
12,265.5607,4,1388.6512,579.8353,13645.0,0.0,164.9618,0.8552,1.8036,475.0,21.3938,0.6641,0.7981,1313,1657,466,823,174.7324
12,265.9613,1,536.824,516.0306,7488.0,388.0,128.4993,0.877,1.705,454.0,25.0209,0.6138,0.7607,280,624,466,823,174.7324
12,265.9613,2,840.4014,554.2149,15764.0,252.0,169.2624,0.9402,1.5862,454.0,13.0703,0.8283,0.9061,624,964,466,823,174.7324
12,265.9613,3,1052.7761,543.6102,12790.0,106.0,131.4794,0.8715,1.166,461.0,29.8131,0.5418,0.7028,964,1313,466,823,174.7324
12,265.9613,4,1390.0447,563.4986,12155.0,0.0,167.9304,0.7693,1.9809,485.0,19.4478,0.6917,0.8178,1313,1657,466,823,174.7324
12,266.3618,1,538.9603,526.2537,7552.0,371.0,127.5226,0.9065,1.8977,454.0,19.1048,0.7317,0.8451,280,624,466,823,174.7324
12,266.3618,2,845.4568,558.68,16987.0,547.0,174.5149,0.9866,1.5785,445.0,19.2049,0.7291,0.8433,624,964,466,823,174.7324
12,266.3618,3,1061.4384,544.39,13806.0,52.0,142.8856,0.7193,1.2983,462.0,25.9754,0.6413,0.7815,964,1313,466,823,174.7324
12,266.3618,4,1387.8675,563.6025,11950.0,0.0,165.056,0.8069,1.9185,489.0,17.387,0.7706,0.8704,1313,1657,466,823,174.7324
12,266.7623,1,528.6667,532.2836,8526.0,235.0,137.9746,0.7838,1.9169,457.0,27.4726,0.6123,0.7595,280,624,466,823,174.7324
12,266.7623,2,852.4016,550.4426,16761.0,316.0,164.9502,0.9411,1.4209,455.0,28.3074,0.6274,0.7711,624,964,466,823,174.7324
12,266.7623,3,1079.1791,544.1892,13253.0,48.0,134.3232,0.8993,1.194,462.0,31.0961,0.5708,0.7268,964,1313,466,823,174.7324
12,266.7623,4,1393.265,553.7979,12321.0,0.0,148.4373,0.7538,1.5324,486.0,32.6435,0.633,0.7752,1313,1657,466,823,174.7324
12,267.1629,1,522.9989,520.208,9452.0,680.0,145.3677,0.7739,1.9014,447.0,30.1133,0.5816,0.7355,280,624,466,823,174.7324
12,267.1629,2,856.7255,545.9962,17845.0,634.0,178.441,0.7375,1.5447,448.0,24.0757,0.6418,0.7818,624,964,466,823,174.7324
12,267.1629,3,1087.9666,548.6028,12905.0,0.0,135.3768,0.8962,1.2747,466.0,27.4237,0.6657,0.7993,964,1313,466,823,174.7324
12,267.1629,4,1401.4478,551.2452,11823.0,0.0,130.8873,0.913,1.2377,470.0,32.7921,0.5822,0.7359,1313,1657,466,823,174.7324
12,267.5634,1,523.9028,524.8008,9219.0,492.0,140.525,0.7973,1.916,451.0,16.8259,0.7912,0.8834,280,624,466,823,174.7324
12,267.5634,2,864.8614,550.0359,17451.0,386.0,187.918,0.7609,1.7459,455.0,25.5607,0.6468,0.7855,624,964,466,823,174.7324
12,267.5634,3,1101.026,549.3773,12763.0,0.0,136.9522,0.8304,1.3186,468.0,28.9599,0.597,0.7476,964,1313,466,823,174.7324
12,267.5634,4,1412.8895,546.8852,11616.0,0.0,133.3051,0.6719,1.2854,480.0,34.208,0.5576,0.716,1313,1657,466,823,174.7324
12,267.964,1,531.7343,531.1721,8733.0,476.0,136.0487,0.9222,1.8945,450.0,29.8579,0.5928,0.7443,280,624,466,823,174.7324
12,267.964,2,869.5284,554.06,17075.0,247.0,192.2668,0.7915,1.8602,457.0,18.073,0.7537,0.8596,624,964,466,823,174.7324
12,267.964,3,1115.7197,547.5812,12934.0,0.0,140.8375,0.7459,1.3741,467.0,26.5337,0.6386,0.7795,964,1313,466,823,174.7324
12,267.964,4,1434.2065,554.7083,15909.0,431.0,175.162,0.9997,1.5264,449.0,36.1622,0.4976,0.6645,1313,1657,466,823,174.7324
12,268.3645,1,524.4839,526.2083,8646.0,392.0,119.1338,0.9267,1.5049,452.0,29.6139,0.6093,0.7572,280,624,466,823,174.7324
12,268.3645,2,862.7058,544.482,17156.0,490.0,190.8408,0.8097,1.7277,449.0,22.0443,0.7156,0.8342,624,964,466,823,174.7324
12,268.3645,3,1129.2237,545.4169,14182.0,52.0,147.2742,0.6767,1.3808,463.0,28.2266,0.6004,0.7503,964,1313,466,823,174.7324
12,268.3645,4,1427.2647,574.6425,16795.0,0.0,175.4642,0.8723,1.5783,488.0,35.4204,0.5912,0.7431,1313,1657,466,823,174.7324
12,268.7651,1,522.737,521.4504,8545.0,396.0,112.3284,0.894,1.3386,452.0,26.8835,0.67,0.8024,280,624,466,823,174.7324
12,268.7651,2,870.1171,558.4196,18236.0,746.0,204.8073,0.8667,2.0011,445.0,43.1556,0.4054,0.577,624,964,466,823,174.7324
12,268.7651,3,1142.9867,541.9357,14795.0,0.0,159.3284,0.488,1.5803,466.0,29.9133,0.5715,0.7273,964,1313,466,823,174.7324
12,268.7651,4,1432.3259,585.6355,18182.0,0.0,179.3485,0.8928,1.6349,483.0,23.94,0.7262,0.8414,1313,1657,466,823,174.7324
12,269.1656,1,524.1824,527.948,9607.0,317.0,122.6073,0.8974,1.3929,454.0,27.1346,0.6576,0.7934,280,624,466,823,174.7324
12,269.1656,2,869.3383,565.1979,16295.0,0.0,177.4835,0.9055,1.6566,467.0,24.8492,0.7044,0.8266,624,964,466,823,174.7324
12,269.1656,3,1163.8346,544.8987,14333.0,8.0,146.6729,0.6437,1.3426,465.0,37.0121,0.5008,0.6674,964,1313,466,823,174.7324
12,269.1656,4,1435.4194,566.0356,17770.0,0.0,187.1669,0.6499,1.8132,479.0,30.1545,0.6184,0.7642,1313,1657,466,823,174.7324
12,269.5662,1,520.9852,530.0326,10553.0,374.0,129.3,0.89,1.3901,452.0,23.5576,0.7076,0.8288,280,624,466,823,174.7324
12,269.5662,2,865.1549,557.6532,19209.0,904.0,196.7241,0.9007,1.5479,450.0,32.5017,0.5783,0.7328,624,964,466,823,174.7324
12,269.5662,3,1181.6926,548.0094,14279.0,10.0,135.5287,0.6625,1.1482,465.0,31.1289,0.5662,0.7231,964,1313,466,823,174.7324
12,269.5662,4,1438.9933,554.1946,16443.0,0.0,205.644,0.5283,2.2504,473.0,26.3409,0.6166,0.7629,1313,1657,466,823,174.7324
12,269.9667,1,521.107,531.1719,11728.0,528.0,128.2628,0.8687,1.2772,458.0,23.3167,0.6921,0.818,280,624,466,823,174.7324
12,269.9667,2,868.2897,541.8723,18942.0,754.0,207.9471,0.641,1.9491,449.0,28.3512,0.5482,0.7082,624,964,466,823,174.7324
12,269.9667,3,1192.0112,551.6488,15006.0,7.0,133.2621,0.7744,1.0611,465.0,26.0718,0.6547,0.7913,964,1313,466,823,174.7324
12,269.9667,4,1433.9103,557.3902,15921.0,0.0,192.7161,0.5492,2.092,470.0,27.7049,0.5673,0.7239,1313,1657,466,823,174.7324
12,270.3672,1,517.4461,532.2177,11999.0,403.0,124.3812,0.9063,1.1603,464.0,19.9392,0.7507,0.8576,280,624,466,823,174.7324
12,270.3672,2,859.1302,535.6195,18636.0,959.0,224.2226,0.5516,2.2642,446.0,21.0218,0.7044,0.8265,624,964,466,823,174.7324
12,270.3672,3,1184.4346,552.6421,17346.0,1084.0,202.6996,0.9955,1.9663,437.0,37.4083,0.5405,0.7017,964,1313,466,823,174.7324
12,270.3672,4,1413.7343,568.1257,13578.0,0.0,170.0001,0.6794,1.9946,476.0,40.9325,0.3977,0.5691,1313,1657,466,823,174.7324
12,270.7678,1,514.2858,531.5664,12619.0,343.0,133.9076,0.9256,1.1925,451.0,21.2294,0.7213,0.8381,280,624,466,823,174.7324
12,270.7678,2,834.5302,529.9463,16466.0,1218.0,185.6401,0.79,1.6999,442.0,34.5512,0.5063,0.6722,624,964,466,823,174.7324
12,270.7678,3,1179.9487,574.0234,15784.0,0.0,169.5796,0.9515,1.6625,476.0,35.4021,0.6174,0.7634,964,1313,466,823,174.7324
12,270.7678,4,1380.4966,580.8333,14341.0,0.0,165.4863,0.9554,1.6757,489.0,44.5689,0.3745,0.5449,1313,1657,466,823,174.7324
12,271.1683,1,505.4657,536.5984,13177.0,359.0,138.4981,0.8775,1.2747,451.0,20.409,0.7348,0.8471,280,624,466,823,174.7324
12,271.1683,2,814.1148,554.4044,17601.0,146.0,209.6519,0.8272,2.0765,460.0,44.4632,0.4039,0.5754,624,964,466,823,174.7324
12,271.1683,3,1177.5626,549.8359,15875.0,383.0,180.8788,0.6851,1.8113,455.0,41.6541,0.4512,0.6219,964,1313,466,823,174.7324
12,271.1683,4,1375.7074,567.3822,14102.0,0.0,155.9011,0.9954,1.5258,489.0,29.0219,0.6021,0.7516,1313,1657,466,823,174.7324
12,271.5689,1,499.6085,535.5469,13388.0,442.0,134.3551,0.9864,1.1633,449.0,22.6602,0.711,0.8311,280,624,466,823,174.7324
12,271.5689,2,803.0738,570.0441,19166.0,150.0,204.3022,0.8579,1.9376,461.0,27.3041,0.5984,0.7488,624,964,466,823,174.7324
12,271.5689,3,1187.1217,541.9375,15338.0,330.0,164.8358,0.5704,1.6313,456.0,28.5256,0.5832,0.7367,964,1313,466,823,174.7324
12,271.5689,4,1403.5972,550.9819,12228.0,0.0,141.4049,0.827,1.3805,479.0,47.3241,0.4444,0.6153,1313,1657,466,823,174.7324
12,271.9694,1,494.5449,540.0926,13310.0,263.0,136.3034,0.9811,1.2209,453.0,21.5881,0.7251,0.8407,280,624,466,823,174.7324
12,271.9694,2,800.9054,566.0691,19118.0,225.0,191.5221,0.8321,1.7004,456.0,21.1378,0.6924,0.8183,624,964,466,823,174.7324
12,271.9694,3,1206.9184,548.54,14941.0,60.0,158.7804,0.7293,1.4726,463.0,33.8807,0.5269,0.6902,964,1313,466,823,174.7324
12,271.9694,4,1428.0181,545.8929,13464.0,0.0,166.5888,0.4941,1.8223,478.0,39.4011,0.5129,0.678,1313,1657,466,823,174.7324
12,272.37,1,489.0364,530.6776,12373.0,155.0,140.9691,0.8111,1.3422,460.0,19.6321,0.7524,0.8587,280,624,466,823,174.7324
12,272.37,2,800.7516,545.1791,17641.0,670.0,186.3985,0.7315,1.7153,446.0,27.6128,0.6186,0.7643,624,964,466,823,174.7324
12,272.37,3,1218.3609,548.9615,13825.0,0.0,147.8466,0.8017,1.3868,479.0,26.8911,0.6513,0.7888,964,1313,466,823,174.7324
12,272.37,4,1459.9824,543.0439,15756.0,0.0,190.8885,0.4172,1.9462,472.0,38.6023,0.4458,0.6167,1313,1657,466,823,174.7324
12,272.7705,1,482.5216,523.6844,15856.0,1818.0,200.0543,0.8039,1.9026,426.0,27.7469,0.6338,0.7759,280,624,466,823,174.7324
12,272.7705,2,804.3747,546.2933,18784.0,1306.0,220.1071,0.7677,2.1848,442.0,24.1875,0.6358,0.7774,624,964,466,823,174.7324
12,272.7705,3,1209.9152,545.369,13514.0,159.0,154.2042,0.8509,1.4691,459.0,35.5716,0.5755,0.7305,964,1313,466,823,174.7324
12,272.7705,4,1480.3843,564.0719,18119.0,0.0,185.0128,0.6001,1.6762,477.0,38.8219,0.46,0.6301,1313,1657,466,823,174.7324
12,273.1711,1,452.6114,539.7422,17462.0,538.0,221.9163,0.7348,2.2988,457.0,52.483,0.3589,0.5282,280,624,466,823,174.7324
12,273.1711,2,787.0652,553.4718,17527.0,343.0,224.6277,0.5977,2.4915,454.0,32.7948,0.5272,0.6904,624,964,466,823,174.7324
12,273.1711,3,1192.8323,539.7943,14232.0,153.0,177.6851,0.5925,1.8871,460.0,31.8209,0.5936,0.745,964,1313,466,823,174.7324
12,273.1711,4,1487.2824,584.1635,18317.0,0.0,182.4611,0.7882,1.5921,489.0,36.1402,0.5432,0.704,1313,1657,466,823,174.7324
12,273.5716,1,418.1766,549.4732,15755.0,181.0,179.4136,0.7483,1.7201,465.0,51.3899,0.3827,0.5535,280,624,466,823,174.7324
12,273.5716,2,776.7303,532.9799,16295.0,1706.0,152.1429,0.8792,1.2776,435.0,40.45,0.393,0.5642,624,964,466,823,174.7324
12,273.5716,3,1162.1047,534.3684,13645.0,82.0,178.7629,0.5968,1.9613,462.0,47.3895,0.4605,0.6306,964,1313,466,823,174.7324
12,273.5716,4,1487.0603,604.3084,18969.0,0.0,187.0524,0.9167,1.6269,492.0,33.3514,0.5845,0.7378,1313,1657,466,823,174.7324
12,273.9721,1,400.0888,536.2171,15818.0,971.0,162.8195,0.8449,1.4473,440.0,36.7757,0.5336,0.6959,280,624,466,823,174.7324
12,273.9721,2,774.1074,536.7633,13851.0,409.0,149.7131,0.8408,1.4594,452.0,26.0601,0.58,0.7342,624,964,466,823,174.7324
12,273.9721,3,1129.3747,541.6045,15041.0,40.0,174.8384,0.6132,1.7828,464.0,48.2727,0.4108,0.5824,964,1313,466,823,174.7324
12,273.9721,4,1482.5111,600.5917,19654.0,0.0,206.0583,0.8902,1.8332,492.0,27.7344,0.7083,0.8292,1313,1657,466,823,174.7324
12,274.3727,1,399.1401,527.2895,14602.0,611.0,170.3667,0.6164,1.6919,451.0,21.6951,0.7201,0.8373,280,624,466,823,174.7324
12,274.3727,2,760.3123,535.9187,12871.0,501.0,153.3199,0.9257,1.558,449.0,29.6054,0.535,0.697,624,964,466,823,174.7324
12,274.3727,3,1110.0562,540.0222,15653.0,104.0,183.2396,0.4927,1.9855,462.0,33.1084,0.5737,0.7291,964,1313,466,823,174.7324
12,274.3727,4,1501.0603,576.9256,18533.0,14.0,183.5569,0.8286,1.5741,469.0,37.5509,0.5807,0.7348,1313,1657,466,823,174.7324
12,274.7732,1,406.4906,522.0489,15059.0,923.0,195.8813,0.4749,2.1982,446.0,30.648,0.5997,0.7497,280,624,466,823,174.7324
12,274.7732,2,778.0709,533.6875,12975.0,838.0,139.2643,0.7739,1.3736,446.0,32.1676,0.4773,0.6462,624,964,466,823,174.7324
12,274.7732,3,1087.823,535.6162,14668.0,372.0,174.5817,0.5462,1.9151,457.0,29.024,0.5735,0.7289,964,1313,466,823,174.7324
12,274.7732,4,1502.1717,571.3205,17966.0,213.0,179.0211,0.8715,1.5509,458.0,24.4046,0.6992,0.823,1313,1657,466,823,174.7324
12,275.1738,1,400.6906,520.1563,15051.0,1021.0,193.8329,0.4111,2.3205,448.0,22.8845,0.7086,0.8294,280,624,466,823,174.7324
12,275.1738,2,813.301,524.0263,12837.0,948.0,158.4681,0.6848,1.8268,447.0,46.0809,0.3092,0.4723,624,964,466,823,174.7324
12,275.1738,3,1060.7058,555.7097,16680.0,306.0,168.4601,0.921,1.6162,459.0,43.2057,0.3612,0.5308,964,1313,466,823,174.7324
12,275.1738,4,1497.9773,591.9885,20148.0,0.0,194.0977,0.803,1.7202,481.0,42.0815,0.4198,0.5913,1313,1657,466,823,174.7324
12,275.5743,1,372.6803,526.5535,15459.0,1362.0,175.0528,0.6969,1.7066,438.0,39.5909,0.4343,0.6056,280,624,466,823,174.7324
12,275.5743,2,857.4641,537.9999,13726.0,1102.0,171.6625,0.9522,1.9704,444.0,58.3906,0.1864,0.3143,624,964,466,823,174.7324
12,275.5743,3,1037.5552,563.2705,15204.0,80.0,164.9776,0.8147,1.6708,462.0,34.2523,0.455,0.6255,964,1313,466,823,174.7324
12,275.5743,4,1475.2422,576.2365,18352.0,0.0,220.9631,0.655,2.3104,474.0,39.355,0.4668,0.6365,1313,1657,466,823,174.7324
12,275.9749,1,353.3419,540.0291,13909.0,850.0,163.0791,0.7083,1.763,445.0,39.4663,0.4562,0.6265,280,624,466,823,174.7324
12,275.9749,2,878.2116,568.8832,12404.0,269.0,187.064,0.9587,2.6105,455.0,43.4425,0.405,0.5765,624,964,466,823,174.7324
12,275.9749,3,1039.9353,544.0658,13546.0,421.0,155.3095,0.8224,1.6822,456.0,32.9456,0.5194,0.6837,964,1313,466,823,174.7324
12,275.9749,4,1445.0345,558.5832,17141.0,0.0,208.1402,0.4925,2.23,475.0,34.6388,0.5496,0.7093,1313,1657,466,823,174.7324
12,276.3754,1,344.4268,522.1551,11751.0,1013.0,146.3398,0.7,1.6302,445.0,30.2081,0.6082,0.7564,280,624,466,823,174.7324
12,276.3754,2,871.7944,566.8959,13416.0,226.0,169.4815,0.9622,1.9439,457.0,35.8515,0.5186,0.683,624,964,466,823,174.7324
12,276.3754,3,1048.0792,543.2996,12086.0,360.0,147.58,0.8183,1.742,457.0,19.8502,0.6638,0.7979,964,1313,466,823,174.7324
12,276.3754,4,1420.7758,565.1851,15944.0,0.0,170.6135,0.6872,1.6855,474.0,40.227,0.4015,0.5729,1313,1657,466,823,174.7324
12,276.776,1,339.8414,505.8717,9896.0,1241.0,141.6874,0.7017,1.7108,442.0,20.5447,0.7272,0.8421,280,624,466,823,174.7324
12,276.776,2,856.7697,552.4492,13093.0,422.0,169.7482,0.8587,2.0103,454.0,40.1928,0.4914,0.6589,624,964,466,823,174.7324
12,276.776,3,1035.2459,541.9039,11499.0,630.0,147.1568,0.8821,1.8188,452.0,24.9825,0.5712,0.7271,964,1313,466,823,174.7324
12,276.776,4,1403.2568,581.7958,13068.0,0.0,175.5774,0.7139,2.2101,487.0,39.3243,0.459,0.6292,1313,1657,466,823,174.7324
12,277.1765,1,336.7368,504.3728,9458.0,1473.0,134.5732,0.7595,1.6567,438.0,14.8321,0.7995,0.8886,280,624,466,823,174.7324
12,277.1765,2,848.4117,530.7803,13034.0,871.0,164.2692,0.7879,1.8265,448.0,32.6502,0.5578,0.7161,624,964,466,823,174.7324
12,277.1765,3,1029.224,540.5129,10375.0,579.0,152.737,0.9127,2.1388,450.0,22.3259,0.6547,0.7914,964,1313,466,823,174.7324
12,277.1765,4,1386.716,589.5696,13611.0,0.0,165.9887,0.8666,1.9375,488.0,30.9269,0.511,0.6763,1313,1657,466,823,174.7324
12,277.577,1,333.6223,515.3354,10507.0,1255.0,149.6468,0.8304,1.8225,437.0,27.1823,0.67,0.8024,280,624,466,823,174.7324
12,277.577,2,856.0992,537.6906,14847.0,1803.0,184.8063,0.9331,2.0207,441.0,41.1217,0.5188,0.6832,624,964,466,823,174.7324
12,277.577,3,1031.0382,550.886,10072.0,117.0,148.5019,0.9144,2.0414,461.0,22.8027,0.6211,0.7663,964,1313,466,823,174.7324
12,277.577,4,1379.6118,565.5806,13976.0,0.0,167.5209,0.9335,1.7421,488.0,24.6362,0.6943,0.8196,1313,1657,466,823,174.7324
12,277.9776,1,338.993,517.0993,10247.0,840.0,153.8724,0.7269,1.9479,446.0,20.58,0.7315,0.8449,280,624,466,823,174.7324
12,277.9776,2,870.8156,554.1765,14031.0,831.0,194.2021,0.9492,2.5368,442.0,51.5528,0.3627,0.5323,624,964,466,823,174.7324
12,277.9776,3,1037.7372,545.2305,9200.0,474.0,127.6523,0.9819,1.8874,453.0,36.2323,0.4661,0.6358,964,1313,466,823,174.7324
12,277.9776,4,1408.4202,565.8625,15742.0,0.0,160.037,0.8998,1.4487,477.0,48.4483,0.4241,0.5956,1313,1657,466,823,174.7324
12,278.3781,1,342.3595,511.8056,10568.0,1230.0,151.3142,0.7357,1.903,442.0,20.7809,0.775,0.8732,280,624,466,823,174.7324
12,278.3781,2,877.8923,570.7002,13860.0,352.0,187.8661,0.9518,2.2847,453.0,27.7293,0.5856,0.7387,624,964,466,823,174.7324
12,278.3781,3,1049.6313,511.5089,6948.0,348.0,114.1142,0.9934,1.4641,455.0,30.1951,0.4811,0.6496,964,1313,466,823,174.7324
12,278.3781,4,1482.3291,547.975,18247.0,25.0,224.5656,0.4842,2.268,466.0,58.0091,0.2162,0.3556,1313,1657,466,823,174.7324
12,278.7787,1,337.5496,501.4883,8938.0,1103.0,135.821,0.7272,1.6087,443.0,20.6572,0.7776,0.8749,280,624,466,823,174.7324
12,278.7787,2,870.8219,569.005,14275.0,214.0,181.1334,0.9484,2.0488,457.0,28.1282,0.6322,0.7747,624,964,466,823,174.7324
12,278.7787,3,1072.9398,521.6425,8836.0,131.0,121.7607,0.9127,1.3679,460.0,42.5167,0.4477,0.6185,964,1313,466,823,174.7324
12,278.7787,4,1510.2547,552.3449,20894.0,426.0,236.1377,0.4043,2.1706,453.0,35.3992,0.493,0.6604,1313,1657,466,823,174.7324
12,279.1792,1,334.2238,510.0628,9391.0,967.0,128.5613,0.9239,1.4251,444.0,18.9274,0.7528,0.859,280,624,466,823,174.7324
12,279.1792,2,868.1764,564.3917,15993.0,605.0,209.7102,0.9988,2.2992,448.0,32.7128,0.5911,0.743,624,964,466,823,174.7324
12,279.1792,3,1094.6713,529.2609,11000.0,189.0,150.4934,0.824,1.716,460.0,45.0429,0.4757,0.6447,964,1313,466,823,174.7324
12,279.1792,4,1505.9471,570.1421,18606.0,15.0,223.5935,0.5812,2.3451,469.0,33.3971,0.552,0.7113,1313,1657,466,823,174.7324
12,279.5798,1,338.868,514.1477,9444.0,745.0,130.8569,0.9332,1.4411,446.0,14.338,0.8491,0.9184,280,624,466,823,174.7324
12,279.5798,2,853.9957,562.6645,14085.0,210.0,176.4982,0.9681,1.9591,457.0,38.6012,0.5448,0.7053,624,964,466,823,174.7324
12,279.5798,3,1116.2923,541.0306,13816.0,542.0,166.3266,0.8866,1.7763,455.0,44.7624,0.4325,0.6038,964,1313,466,823,174.7324
12,279.5798,4,1517.5258,563.7057,17667.0,0.0,235.6898,0.5671,2.6357,471.0,22.1564,0.6668,0.8001,1313,1657,466,823,174.7324
12,279.9803,1,345.3659,532.1545,10876.0,967.0,132.4928,0.9299,1.5262,443.0,19.5513,0.7093,0.8299,280,624,466,823,174.7324
12,279.9803,2,846.2906,556.4625,14709.0,380.0,169.5822,0.9676,1.7139,453.0,29.1832,0.7075,0.8287,624,964,466,823,174.7324
12,279.9803,3,1128.2988,554.8085,13312.0,109.0,162.7723,0.8983,1.8317,461.0,40.0234,0.4676,0.6372,964,1313,466,823,174.7324
12,279.9803,4,1529.4466,552.8494,16369.0,441.0,225.8464,0.6215,2.4674,452.0,31.0754,0.609,0.757,1313,1657,466,823,174.7324
12,280.3808,1,346.0929,527.5304,10385.0,1016.0,130.2633,0.9927,1.5025,442.0,24.7979,0.6455,0.7845,280,624,466,823,174.7324
12,280.3808,2,843.6615,544.2343,13933.0,615.0,168.092,0.8981,1.7824,450.0,27.9243,0.6631,0.7974,624,964,466,823,174.7324
12,280.3808,3,1143.2915,549.8688,12421.0,137.0,141.723,0.9919,1.4961,459.0,36.3828,0.5641,0.7213,964,1313,466,823,174.7324
12,280.3808,4,1562.4909,570.8843,19755.0,56.0,175.3861,0.9138,1.3152,479.0,55.6819,0.2895,0.4491,1313,1657,466,823,174.7324
12,280.7814,1,353.3407,527.2974,10384.0,842.0,125.6972,0.9915,1.435,444.0,26.8464,0.5958,0.7467,280,624,466,823,174.7324
12,280.7814,2,847.6817,528.9151,13985.0,1113.0,168.6797,0.7697,1.6948,443.0,28.4073,0.669,0.8017,624,964,466,823,174.7324
12,280.7814,3,1148.5549,546.0539,12892.0,670.0,157.3463,0.9926,1.728,447.0,32.4426,0.5981,0.7485,964,1313,466,823,174.7324
12,280.7814,4,1543.4226,582.527,21832.0,0.0,214.0218,0.7616,1.7908,476.0,46.2946,0.4047,0.5762,1313,1657,466,823,174.7324
12,281.1819,1,362.6982,530.2509,10539.0,858.0,130.1738,1.0,1.5355,442.0,25.8695,0.6405,0.7809,280,624,466,823,174.7324
12,281.1819,2,866.5921,527.9291,13369.0,482.0,152.3818,0.7055,1.4362,451.0,42.9024,0.4894,0.6572,624,964,466,823,174.7324
12,281.1819,3,1147.9972,558.7153,11966.0,64.0,148.7482,0.9976,1.7102,462.0,27.3543,0.6407,0.781,964,1313,466,823,174.7324
12,281.1819,4,1486.2579,578.9115,18537.0,20.0,195.7452,0.8474,1.8825,466.0,59.4254,0.2486,0.3982,1313,1657,466,823,174.7324
12,281.5825,1,371.1225,533.0258,10837.0,937.0,128.4472,0.9925,1.5248,443.0,28.5777,0.619,0.7647,280,624,466,823,174.7324
12,281.5825,2,886.0218,539.9349,14623.0,738.0,148.4414,1.0,1.3193,448.0,39.0739,0.4669,0.6365,624,964,466,823,174.7324
12,281.5825,3,1152.9361,547.1078,11740.0,325.0,133.8557,0.9929,1.4768,456.0,29.3334,0.597,0.7477,964,1313,466,823,174.7324
12,281.5825,4,1444.9226,580.8368,19752.0,128.0,189.4921,0.9996,1.6345,460.0,45.8429,0.3984,0.5698,1313,1657,466,823,174.7324
12,281.983,1,382.3556,524.1198,10360.0,804.0,130.673,0.9776,1.4849,446.0,29.0795,0.61,0.7577,280,624,466,823,174.7324
12,281.983,2,892.048,547.733,16111.0,308.0,153.1397,1.0,1.2517,453.0,23.0817,0.6703,0.8026,624,964,466,823,174.7324
12,281.983,3,1160.6636,531.2588,10679.0,246.0,134.9157,0.9755,1.4754,457.0,23.7947,0.7384,0.8495,964,1313,466,823,174.7324
12,281.983,4,1454.6179,581.6866,18501.0,0.0,202.1156,0.8356,1.8837,475.0,34.8581,0.5253,0.6888,1313,1657,466,823,174.7324
12,282.3836,1,391.8717,532.013,11032.0,802.0,126.4846,0.9703,1.4102,446.0,34.8878,0.554,0.713,280,624,466,823,174.7324
12,282.3836,2,881.4232,548.0242,16406.0,272.0,159.9704,0.9153,1.3463,454.0,26.1658,0.6391,0.7798,624,964,466,823,174.7324
12,282.3836,3,1157.6172,542.8747,12282.0,65.0,152.5108,0.9234,1.6765,462.0,24.7535,0.7545,0.8601,964,1313,466,823,174.7324
12,282.3836,4,1490.7505,576.3057,20821.0,338.0,224.7408,0.7988,2.1027,455.0,42.6573,0.4468,0.6177,1313,1657,466,823,174.7324
12,282.7841,1,407.6092,524.1042,10646.0,873.0,131.1672,0.9472,1.4624,445.0,36.4308,0.5533,0.7124,280,624,466,823,174.7324
12,282.7841,2,870.4991,535.316,16365.0,568.0,158.3404,0.9074,1.2276,448.0,23.774,0.722,0.8385,624,964,466,823,174.7324
12,282.7841,3,1156.0733,541.9158,13320.0,314.0,160.6586,0.8572,1.7396,458.0,25.5442,0.7112,0.8313,964,1313,466,823,174.7324
12,282.7841,4,1524.8786,581.0384,22016.0,57.0,250.4255,0.7041,2.3476,465.0,47.436,0.3694,0.5395,1313,1657,466,823,174.7324
12,283.1847,1,421.7604,524.5508,11295.0,983.0,147.269,0.9092,1.7027,446.0,35.0789,0.6009,0.7507,280,624,466,823,174.7324
12,283.1847,2,862.8881,543.7945,16173.0,565.0,155.1391,0.9115,1.3004,448.0,21.5385,0.6747,0.8058,624,964,466,823,174.7324
12,283.1847,3,1150.7691,551.0299,13886.0,247.0,163.2414,0.8163,1.7999,458.0,16.938,0.791,0.8833,964,1313,466,823,174.7324
12,283.1847,4,1542.4424,589.7474,20954.0,24.0,228.8057,0.7957,2.1521,469.0,38.2917,0.517,0.6816,1313,1657,466,823,174.7324
12,283.5852,1,431.3516,536.7423,12383.0,767.0,155.3892,0.8506,1.7486,450.0,36.5389,0.559,0.7171,280,624,466,823,174.7324
12,283.5852,2,857.1995,542.2488,17004.0,418.0,160.772,0.9529,1.2946,452.0,22.3285,0.6774,0.8077,624,964,466,823,174.7324
12,283.5852,3,1152.9956,552.1051,13905.0,247.0,169.7279,0.808,1.9255,458.0,18.7843,0.7583,0.8625,964,1313,466,823,174.7324
12,283.5852,4,1565.4503,580.0941,21658.0,675.0,206.9689,0.95,1.5899,450.0,32.5505,0.5722,0.7279,1313,1657,466,823,174.7324
12,283.9857,1,441.5952,534.9786,12509.0,906.0,157.5453,0.7485,1.8456,449.0,27.9564,0.6885,0.8155,280,624,466,823,174.7324
12,283.9857,2,851.386,550.2432,17523.0,473.0,160.455,0.9612,1.3056,450.0,20.3429,0.6952,0.8202,624,964,466,823,174.7324
12,283.9857,3,1158.0756,545.937,13713.0,623.0,171.0335,0.8051,1.9669,451.0,22.0889,0.7584,0.8626,964,1313,466,823,174.7324
12,283.9857,4,1574.0601,593.626,20972.0,323.0,202.256,0.8639,1.8511,492.0,31.7335,0.5869,0.7397,1313,1657,466,823,174.7324
12,284.3863,1,460.1609,521.2001,12362.0,1148.0,168.4887,0.6584,2.044,445.0,35.7567,0.5925,0.7441,280,624,466,823,174.7324
12,284.3863,2,843.3416,551.3725,17828.0,418.0,169.8383,0.9652,1.4415,450.0,22.8627,0.6346,0.7764,624,964,466,823,174.7324
12,284.3863,3,1162.7076,551.6965,13549.0,112.0,174.7433,0.79,1.9579,462.0,30.6605,0.6673,0.8005,964,1313,466,823,174.7324
12,284.3863,4,1575.5283,593.3523,19746.0,150.0,188.1578,0.9362,1.668,490.0,27.7848,0.6364,0.7778,1313,1657,466,823,174.7324
12,284.7868,1,472.7366,527.6096,12640.0,979.0,166.6695,0.6942,2.0201,447.0,44.3304,0.5324,0.6948,280,624,466,823,174.7324
12,284.7868,2,834.6278,549.5962,16141.0,306.0,165.4355,0.9539,1.4526,452.0,25.3103,0.6252,0.7694,624,964,466,823,174.7324
12,284.7868,3,1171.616,552.2459,13447.0,306.0,171.5858,0.8044,2.0305,458.0,28.1246,0.636,0.7775,964,1313,466,823,174.7324
12,284.7868,4,1540.016,575.4347,17475.0,159.0,181.42,0.9069,1.6962,462.0,56.5805,0.2815,0.4393,1313,1657,466,823,174.7324
12,285.1874,1,484.4631,533.5029,11952.0,624.0,168.5372,0.6974,2.1512,453.0,35.5927,0.5677,0.7242,280,624,466,823,174.7324
12,285.1874,2,828.0426,561.4396,19300.0,619.0,192.0168,0.9391,1.75,448.0,23.9527,0.6362,0.7777,624,964,466,823,174.7324
12,285.1874,3,1176.5141,556.9088,13623.0,195.0,166.8675,0.8551,1.8889,462.0,26.0535,0.6883,0.8154,964,1313,466,823,174.7324
12,285.1874,4,1489.4286,578.1469,20724.0,419.0,210.5369,0.9837,1.8772,449.0,60.6882,0.2505,0.4006,1313,1657,466,823,174.7324
12,285.5879,1,493.3593,533.1969,11611.0,839.0,165.4707,0.7446,2.161,446.0,30.4201,0.6263,0.7702,280,624,466,823,174.7324
12,285.5879,2,818.8795,565.2844,17413.0,95.0,179.7245,0.986,1.6205,461.0,31.6232,0.5706,0.7266,624,964,466,823,174.7324
12,285.5879,3,1180.4511,559.423,13304.0,57.0,163.7147,0.8625,1.8633,463.0,22.0851,0.6975,0.8218,964,1313,466,823,174.7324
12,285.5879,4,1472.9166,604.7184,20547.0,0.0,209.8545,0.9705,1.8349,480.0,41.5074,0.4656,0.6354,1313,1657,466,823,174.7324
12,285.9885,1,504.2113,535.5727,10955.0,736.0,161.3341,0.7861,2.1269,448.0,35.7,0.5605,0.7183,280,624,466,823,174.7324
12,285.9885,2,810.4846,559.3493,18657.0,868.0,196.4915,0.9992,1.7751,440.0,24.9204,0.6284,0.7718,624,964,466,823,174.7324
12,285.9885,3,1181.6413,557.8057,13219.0,22.0,168.724,0.8456,1.9598,465.0,15.8839,0.7835,0.8786,964,1313,466,823,174.7324
12,285.9885,4,1466.2841,594.4746,22551.0,320.0,214.7122,0.9521,1.7259,452.0,33.1923,0.594,0.7453,1313,1657,466,823,174.7324
12,286.389,1,508.2087,541.8438,11351.0,521.0,163.9122,0.7476,2.1752,451.0,24.0637,0.6996,0.8233,280,624,466,823,174.7324
12,286.389,2,810.5437,544.7714,14749.0,212.0,173.116,0.908,1.6638,457.0,23.2903,0.6516,0.7891,624,964,466,823,174.7324
12,286.389,3,1181.4077,553.7344,13583.0,200.0,166.5276,0.8803,1.8547,461.0,21.1212,0.7585,0.8627,964,1313,466,823,174.7324
12,286.389,4,1492.1158,586.3402,24151.0,0.0,259.4229,0.7132,2.2415,473.0,37.4693,0.4459,0.6168,1313,1657,466,823,174.7324
12,286.7896,1,510.2184,541.7467,10993.0,437.0,155.3259,0.759,2.144,453.0,24.2251,0.6827,0.8114,280,624,466,823,174.7324
12,286.7896,2,828.7046,535.2062,16200.0,1611.0,176.9636,0.9462,1.6887,438.0,29.6616,0.58,0.7342,624,964,466,823,174.7324
12,286.7896,3,1181.9865,552.279,13902.0,268.0,171.4296,0.8416,1.9515,458.0,19.7052,0.7802,0.8766,964,1313,466,823,174.7324
12,286.7896,4,1533.8127,572.8688,19731.0,246.0,239.9334,0.6822,2.57,464.0,45.0352,0.3854,0.5564,1313,1657,466,823,174.7324
12,287.1901,1,520.5779,538.3015,10141.0,555.0,140.4068,0.8396,1.862,449.0,31.5275,0.5874,0.74,280,624,466,823,174.7324
12,287.1901,2,850.9351,533.5553,14029.0,765.0,149.5432,0.7651,1.3865,444.0,38.4094,0.5102,0.6756,624,964,466,823,174.7324
12,287.1901,3,1182.7878,545.1374,13664.0,316.0,173.7301,0.7729,1.9947,459.0,19.481,0.7665,0.8678,964,1313,466,823,174.7324
12,287.1901,4,1559.1542,573.0888,18702.0,840.0,224.5242,0.758,2.4762,459.0,39.9047,0.4561,0.6265,1313,1657,466,823,174.7324
12,287.5906,1,524.218,538.3841,9099.0,258.0,129.5209,0.859,1.7363,457.0,28.3978,0.6005,0.7504,280,624,466,823,174.7324
12,287.5906,2,876.1611,534.5439,16091.0,1061.0,156.9199,0.8319,1.3001,439.0,40.5047,0.4387,0.6098,624,964,466,823,174.7324
12,287.5906,3,1181.2958,551.3041,14336.0,162.0,172.3679,0.7648,1.9053,462.0,18.4418,0.7814,0.8773,964,1313,466,823,174.7324
12,287.5906,4,1581.9536,578.7219,15647.0,998.0,217.022,0.9155,2.7494,454.0,39.6277,0.4022,0.5736,1313,1657,466,823,174.7324
12,287.9912,1,531.7041,532.5003,7955.0,315.0,132.1118,0.8823,2.0011,455.0,27.5374,0.6293,0.7725,280,624,466,823,174.7324
12,287.9912,2,875.9235,555.7419,18154.0,1138.0,189.474,0.9378,1.7171,437.0,30.0497,0.6065,0.755,624,964,466,823,174.7324
12,287.9912,3,1182.3496,544.7502,13637.0,489.0,173.1772,0.7499,2.0043,456.0,19.5548,0.7788,0.8756,964,1313,466,823,174.7324
12,287.9912,4,1592.1314,594.3212,14256.0,402.0,242.6202,0.9413,3.6473,459.0,32.5596,0.4978,0.6647,1313,1657,466,823,174.7324
12,288.3917,1,536.9001,535.1114,8125.0,486.0,126.105,0.9743,1.8147,451.0,30.6357,0.578,0.7326,280,624,466,823,174.7324
12,288.3917,2,879.0773,571.4651,15260.0,0.0,188.0317,0.8077,1.988,469.0,34.8292,0.5575,0.7159,624,964,466,823,174.7324
12,288.3917,3,1182.6474,546.5493,13062.0,248.0,164.0736,0.7925,1.8923,460.0,24.4341,0.7122,0.8319,964,1313,466,823,174.7324
12,288.3917,4,1597.0922,595.5122,13749.0,611.0,207.0021,0.9153,2.9082,494.0,25.982,0.5934,0.7448,1313,1657,466,823,174.7324
12,288.7923,1,534.5822,537.1574,8852.0,434.0,131.8018,0.9628,1.776,452.0,21.7959,0.7107,0.8309,280,624,466,823,174.7324
12,288.7923,2,884.4064,561.0637,16838.0,779.0,192.9871,0.9747,1.8707,441.0,29.7714,0.6026,0.752,624,964,466,823,174.7324
12,288.7923,3,1187.1636,550.9633,13010.0,176.0,158.4976,0.8314,1.783,460.0,24.1036,0.6647,0.7986,964,1313,466,823,174.7324
12,288.7923,4,1575.315,564.9614,16586.0,943.0,179.262,0.8059,1.9923,491.0,54.8151,0.3157,0.4798,1313,1657,466,823,174.7324
12,289.1928,1,532.7281,539.7408,9174.0,243.0,126.1537,0.8984,1.625,466.0,24.3058,0.6512,0.7887,280,624,466,823,174.7324
12,289.1928,2,882.5241,563.4456,16941.0,92.0,186.122,0.9576,1.6819,467.0,24.9248,0.7206,0.8376,624,964,466,823,174.7324
12,289.1928,3,1194.4119,551.6175,13157.0,269.0,155.6472,0.8991,1.6958,460.0,23.1194,0.6582,0.7939,964,1313,466,823,174.7324
12,289.1928,4,1565.4032,577.5905,22837.0,688.0,204.8013,0.9998,1.5082,451.0,37.5912,0.5005,0.6671,1313,1657,466,823,174.7324
12,289.5934,1,528.549,539.9265,10209.0,279.0,129.0926,0.9164,1.5166,461.0,19.4998,0.726,0.8413,280,624,466,823,174.7324
12,289.5934,2,868.2778,544.0181,14237.0,817.0,180.6712,0.89,1.8771,445.0,42.1277,0.4135,0.5851,624,964,466,823,174.7324
12,289.5934,3,1192.7043,552.3527,13241.0,161.0,155.852,0.9376,1.6837,461.0,18.3108,0.7818,0.8776,964,1313,466,823,174.7324
12,289.5934,4,1530.1484,609.7598,22311.0,0.0,229.8473,0.8548,2.0638,484.0,53.697,0.3069,0.4696,1313,1657,466,823,174.7324
12,289.9939,1,517.4708,538.1845,10994.0,271.0,133.7071,0.8331,1.4893,460.0,29.4461,0.5797,0.734,280,624,466,823,174.7324
12,289.9939,2,824.7263,511.4918,13214.0,669.0,183.5999,0.4111,2.0423,449.0,50.4568,0.3339,0.5007,624,964,466,823,174.7324
12,289.9939,3,1191.5603,552.7392,12042.0,92.0,141.3697,0.9989,1.553,461.0,33.6557,0.6163,0.7626,964,1313,466,823,174.7324
12,289.9939,4,1482.8828,579.1562,18153.0,191.0,200.0377,0.928,1.9182,458.0,57.8808,0.3309,0.4973,1313,1657,466,823,174.7324
12,290.3944,1,512.6347,535.9743,12459.0,381.0,138.619,0.8184,1.3613,452.0,20.6816,0.7448,0.8537,280,624,466,823,174.7324
12,290.3944,2,787.5705,523.0445,16711.0,499.0,191.4181,0.474,1.8734,452.0,46.8913,0.3858,0.5568,624,964,466,823,174.7324
12,290.3944,3,1186.1123,543.3905,11500.0,198.0,141.958,0.998,1.5486,458.0,27.797,0.6931,0.8187,964,1313,466,823,174.7324
12,290.3944,4,1450.472,580.1062,21413.0,290.0,217.0329,0.8111,1.845,457.0,47.269,0.3488,0.5172,1313,1657,466,823,174.7324
12,290.795,1,503.6634,532.3816,12689.0,279.0,146.6347,0.7281,1.4279,454.0,27.1977,0.6311,0.7738,280,624,466,823,174.7324
12,290.795,2,764.2797,533.815,17532.0,685.0,193.9993,0.6386,1.8585,450.0,36.0663,0.4708,0.6402,624,964,466,823,174.7324
12,290.795,3,1179.5517,544.2459,11520.0,268.0,145.3777,0.9973,1.6439,456.0,25.0359,0.6928,0.8185,964,1313,466,823,174.7324
12,290.795,4,1478.9974,585.8144,21879.0,0.0,283.8947,0.5907,3.1085,478.0,50.5177,0.288,0.4472,1313,1657,466,823,174.7324
12,291.1955,1,492.7088,527.944,12504.0,463.0,141.5525,0.7317,1.3556,449.0,28.3569,0.6357,0.7773,280,624,466,823,174.7324
12,291.1955,2,749.3878,540.8837,20177.0,1420.0,183.5913,0.9168,1.3957,434.0,30.8957,0.5252,0.6887,624,964,466,823,174.7324
12,291.1955,3,1176.2653,548.7975,12249.0,166.0,154.9891,0.9355,1.7716,463.0,32.3735,0.6385,0.7793,964,1313,466,823,174.7324
12,291.1955,4,1541.276,567.1354,19609.0,636.0,232.7915,0.6788,2.4413,460.0,51.5928,0.2989,0.4602,1313,1657,466,823,174.7324
12,291.5961,1,486.1845,529.0893,12718.0,392.0,143.1569,0.6742,1.3773,452.0,19.166,0.7622,0.865,280,624,466,823,174.7324
12,291.5961,2,744.7342,559.8764,19664.0,408.0,204.3703,0.8414,1.8473,454.0,33.1706,0.5127,0.6779,624,964,466,823,174.7324
12,291.5961,3,1172.6518,544.4144,13675.0,290.0,169.0094,0.8021,1.8846,459.0,31.8198,0.5837,0.7372,964,1313,466,823,174.7324
12,291.5961,4,1560.6189,575.3865,17389.0,868.0,196.5524,0.6709,2.1973,487.0,43.1326,0.4221,0.5937,1313,1657,466,823,174.7324
12,291.9966,1,471.5331,529.3699,14216.0,636.0,162.0413,0.5359,1.6151,450.0,25.7677,0.6335,0.7756,280,624,466,823,174.7324
12,291.9966,2,738.9723,566.2993,18609.0,106.0,179.871,0.9433,1.5396,465.0,31.1557,0.5481,0.7081,624,964,466,823,174.7324
12,291.9966,3,1166.9587,545.9,13894.0,296.0,169.6872,0.7304,1.9202,460.0,22.8894,0.735,0.8473,964,1313,466,823,174.7324
12,291.9966,4,1581.004,595.2937,14717.0,204.0,200.235,0.871,2.6942,489.0,38.5204,0.4098,0.5813,1313,1657,466,823,174.7324
12,292.3972,1,473.3245,531.0258,14807.0,435.0,183.9204,0.4503,2.0139,455.0,25.0934,0.6484,0.7867,280,624,466,823,174.7324
12,292.3972,2,738.3622,551.5871,16450.0,461.0,170.3378,0.8465,1.6021,450.0,38.5976,0.4488,0.6195,624,964,466,823,174.7324
12,292.3972,3,1167.9199,551.8381,14973.0,312.0,171.5855,0.823,1.7634,459.0,26.074,0.6917,0.8178,964,1313,466,823,174.7324
12,292.3972,4,1594.8238,599.3523,14415.0,195.0,192.5167,0.9341,2.4165,493.0,31.9469,0.5579,0.7162,1313,1657,466,823,174.7324
12,292.7977,1,467.2266,526.6659,14410.0,809.0,180.6469,0.4408,2.0853,448.0,23.3861,0.6545,0.7912,280,624,466,823,174.7324
12,292.7977,2,752.5255,541.6497,18196.0,1357.0,182.1685,0.9376,1.5047,436.0,29.2341,0.5755,0.7306,624,964,466,823,174.7324
12,292.7977,3,1173.8738,549.8728,14322.0,279.0,165.099,0.8077,1.7809,460.0,23.8224,0.6912,0.8174,964,1313,466,823,174.7324
12,292.7977,4,1574.8958,574.7846,17072.0,196.0,171.8398,0.8201,1.6711,492.0,52.9044,0.3679,0.5379,1313,1657,466,823,174.7324
12,293.1983,1,485.1524,522.21,12664.0,612.0,171.8762,0.4473,2.0489,453.0,24.4047,0.6197,0.7652,280,624,466,823,174.7324
12,293.1983,2,769.9237,565.3533,18458.0,53.0,210.3324,0.6982,1.9203,467.0,47.4348,0.3762,0.5467,624,964,466,823,174.7324
12,293.1983,3,1181.1011,547.4183,13925.0,325.0,168.8961,0.7628,1.9043,459.0,24.1059,0.6863,0.814,964,1313,466,823,174.7324
12,293.1983,4,1550.9368,554.45,19376.0,1403.0,196.2644,0.9406,1.5764,440.0,46.5852,0.4397,0.6108,1313,1657,466,823,174.7324
12,293.5988,1,503.1287,522.1566,11476.0,751.0,153.4534,0.6081,1.8508,450.0,28.6387,0.5807,0.7347,280,624,466,823,174.7324
12,293.5988,2,790.8628,547.0939,17696.0,544.0,202.6867,0.7242,1.9738,449.0,32.884,0.56,0.718,624,964,466,823,174.7324
12,293.5988,3,1187.7895,541.9873,13577.0,370.0,169.9264,0.7406,1.9166,459.0,23.6054,0.7027,0.8254,964,1313,466,823,174.7324
12,293.5988,4,1524.7561,595.076,22789.0,67.0,216.3264,0.9859,1.8089,466.0,45.3495,0.4066,0.5782,1313,1657,466,823,174.7324
12,293.9993,1,517.3005,534.702,10807.0,528.0,138.9181,0.787,1.6342,453.0,32.4026,0.4656,0.6354,280,624,466,823,174.7324
12,293.9993,2,806.9782,535.8735,17146.0,752.0,192.4923,0.5836,1.8513,448.0,30.7223,0.5814,0.7353,624,964,466,823,174.7324
12,293.9993,3,1190.6344,553.1456,13648.0,153.0,165.8676,0.7822,1.9028,462.0,28.0737,0.6677,0.8007,964,1313,466,823,174.7324
12,293.9993,4,1512.2403,607.3662,19806.0,0.0,204.4511,0.9731,1.8258,488.0,38.6729,0.5569,0.7154,1313,1657,466,823,174.7324
12,294.3999,1,528.7964,535.535,9737.0,485.0,133.679,0.8215,1.6945,453.0,22.9293,0.6336,0.7757,280,624,466,823,174.7324
12,294.3999,2,821.2796,543.412,17794.0,583.0,198.3578,0.7698,1.9065,453.0,29.6599,0.5677,0.7243,624,964,466,823,174.7324
12,294.3999,3,1195.5659,558.8197,13912.0,95.0,162.3325,0.8221,1.8162,462.0,26.8115,0.6399,0.7804,964,1313,466,823,174.7324
12,294.3999,4,1498.8027,590.0763,22021.0,365.0,206.0992,0.9999,1.6091,451.0,36.2422,0.5718,0.7276,1313,1657,466,823,174.7324
12,294.8004,1,536.1645,512.4406,7495.0,550.0,125.0198,0.8669,1.6923,452.0,18.6811,0.7191,0.8366,280,624,466,823,174.7324
12,294.8004,2,832.6191,569.4579,20962.0,94.0,237.7041,0.8248,2.2532,462.0,39.6698,0.4335,0.6048,624,964,466,823,174.7324
12,294.8004,3,1200.1593,551.8381,13264.0,95.0,160.6864,0.8283,1.7613,462.0,19.7579,0.7205,0.8376,964,1313,466,823,174.7324
12,294.8004,4,1491.0014,592.9797,23657.0,319.0,215.9068,0.9991,1.7347,451.0,26.2118,0.6575,0.7934,1313,1657,466,823,174.7324
12,295.201,1,545.9156,509.5908,6224.0,593.0,123.0618,0.955,1.9082,449.0,22.9284,0.7011,0.8243,280,624,466,823,174.7324
12,295.201,2,836.2323,578.1695,20174.0,34.0,214.189,0.817,1.923,468.0,30.5214,0.5764,0.7313,624,964,466,823,174.7324
12,295.201,3,1200.1036,552.6466,13168.0,96.0,162.6138,0.8248,1.8715,462.0,13.2751,0.8626,0.9262,964,1313,466,823,174.7324
12,295.201,4,1495.3685,580.772,21498.0,0.0,225.6834,0.7886,2.0137,467.0,37.8541,0.4826,0.651,1313,1657,466,823,174.7324
12,295.6015,1,542.1971,531.5792,7757.0,548.0,124.7984,0.9218,1.9077,451.0,20.1198,0.7125,0.8321,280,624,466,823,174.7324
12,295.6015,2,841.2402,559.8548,17230.0,355.0,188.4901,0.8673,1.7931,452.0,32.022,0.5438,0.7045,624,964,466,823,174.7324
12,295.6015,3,1202.017,550.245,12667.0,143.0,150.9602,0.8934,1.6797,461.0,27.8838,0.6451,0.7843,964,1313,466,823,174.7324
12,295.6015,4,1521.7663,574.7267,21271.0,102.0,247.4152,0.6407,2.2819,462.0,36.4125,0.5141,0.679,1313,1657,466,823,174.7324
12,296.0021,1,528.1237,533.9274,8996.0,651.0,148.1078,0.8662,2.1693,446.0,30.3668,0.5538,0.7128,280,624,466,823,174.7324
12,296.0021,2,838.3875,546.6644,16052.0,379.0,166.6301,0.8187,1.4828,450.0,24.721,0.6483,0.7866,624,964,466,823,174.7324
12,296.0021,3,1203.3817,553.6458,12524.0,117.0,141.8281,0.982,1.4916,460.0,29.0353,0.6166,0.7628,964,1313,466,823,174.7324
12,296.0021,4,1544.185,581.2773,19015.0,0.0,199.6284,0.7993,1.78,472.0,41.185,0.4986,0.6654,1313,1657,466,823,174.7324
12,296.4026,1,521.5604,533.8508,9903.0,536.0,144.9907,0.8184,1.9787,451.0,27.163,0.6388,0.7796,280,624,466,823,174.7324
12,296.4026,2,837.8099,544.6398,15189.0,325.0,146.5113,0.9912,1.2397,451.0,25.7634,0.6206,0.7659,624,964,466,823,174.7324
12,296.4026,3,1199.0878,551.4007,11893.0,232.0,140.3044,0.9992,1.5878,457.0,28.4795,0.6623,0.7968,964,1313,466,823,174.7324
12,296.4026,4,1557.5073,575.9165,18040.0,48.0,170.832,0.9653,1.4591,479.0,36.5698,0.474,0.6432,1313,1657,466,823,174.7324
12,296.8032,1,526.6634,528.0906,8942.0,671.0,132.648,0.8894,1.8273,446.0,28.5231,0.638,0.779,280,624,466,823,174.7324
12,296.8032,2,834.8436,535.5797,17175.0,1271.0,184.3969,0.7303,1.6505,437.0,33.6815,0.5455,0.7059,624,964,466,823,174.7324
12,296.8032,3,1190.357,545.8965,12165.0,242.0,145.3588,0.9964,1.5877,457.0,26.0783,0.6496,0.7876,964,1313,466,823,174.7324
12,296.8032,4,1543.0148,567.6253,18059.0,0.0,210.5402,0.6025,2.1687,471.0,37.7997,0.4486,0.6194,1313,1657,466,823,174.7324
12,297.2037,1,529.6976,536.3747,8059.0,333.0,127.4336,0.9224,1.9261,454.0,32.2993,0.6101,0.7578,280,624,466,823,174.7324
12,297.2037,2,821.0438,562.102,17058.0,70.0,186.223,0.8972,1.7395,463.0,43.5165,0.4539,0.6244,624,964,466,823,174.7324
12,297.2037,3,1185.4413,545.3711,12002.0,146.0,154.3535,0.9592,1.7326,462.0,33.4705,0.6299,0.773,964,1313,466,823,174.7324
12,297.2037,4,1494.8736,555.1777,17262.0,0.0,229.8242,0.5386,2.5042,471.0,49.9634,0.3733,0.5437,1313,1657,466,823,174.7324
12,297.6042,1,540.4876,533.834,7843.0,723.0,137.8406,0.9797,2.271,443.0,32.2757,0.533,0.6954,280,624,466,823,174.7324
12,297.6042,2,807.8375,590.3223,18718.0,0.0,192.4878,0.9811,1.7645,467.0,38.6447,0.4719,0.6412,624,964,466,823,174.7324
12,297.6042,3,1178.1169,548.3189,13975.0,157.0,169.4424,0.8927,1.7316,463.0,30.8052,0.6166,0.7628,964,1313,466,823,174.7324
12,297.6042,4,1458.3001,575.6958,20969.0,0.0,246.3275,0.6351,2.375,473.0,51.5183,0.3161,0.4803,1313,1657,466,823,174.7324
12,298.0048,1,533.3422,536.1618,8339.0,404.0,128.8373,0.9718,1.8567,451.0,25.4802,0.6218,0.7668,280,624,466,823,174.7324
12,298.0048,2,802.7199,574.5126,16892.0,49.0,180.6542,0.984,1.6968,464.0,26.5691,0.6411,0.7813,624,964,466,823,174.7324
12,298.0048,3,1166.9734,545.0817,14058.0,280.0,172.8423,0.7328,1.9017,460.0,28.1545,0.6096,0.7575,964,1313,466,823,174.7324
12,298.0048,4,1431.4067,582.1595,19011.0,0.0,218.5436,0.6371,2.1866,477.0,37.7048,0.4813,0.6499,1313,1657,466,823,174.7324
12,298.4053,1,533.9498,547.0732,8985.0,305.0,127.57,0.9141,1.7964,468.0,24.3176,0.6521,0.7894,280,624,466,823,174.7324
12,298.4053,2,789.9504,546.6827,16869.0,521.0,176.7945,0.7599,1.5811,451.0,37.0299,0.4707,0.6401,624,964,466,823,174.7324
12,298.4053,3,1164.1438,546.4985,14339.0,343.0,176.4845,0.7509,1.9328,459.0,16.0745,0.7936,0.885,964,1313,466,823,174.7324
12,298.4053,4,1428.3043,580.8626,16447.0,0.0,212.3841,0.5885,2.535,473.0,22.4137,0.6444,0.7837,1313,1657,466,823,174.7324
12,298.8059,1,536.6868,542.3202,8840.0,212.0,128.0937,0.936,1.7581,468.0,20.5601,0.7023,0.8251,280,624,466,823,174.7324
12,298.8059,2,784.311,534.5206,16403.0,715.0,184.2818,0.5857,1.8284,450.0,28.2746,0.6001,0.7501,624,964,466,823,174.7324
12,298.8059,3,1163.9973,552.028,14809.0,331.0,173.2911,0.7876,1.8912,458.0,23.3011,0.6811,0.8103,964,1313,466,823,174.7324
12,298.8059,4,1424.438,583.4665,16057.0,0.0,186.4368,0.9072,1.9707,473.0,34.8119,0.4244,0.5959,1313,1657,466,823,174.7324
12,299.2064,1,538.9097,522.354,8554.0,367.0,124.8991,0.9969,1.551,461.0,29.8333,0.5907,0.7427,280,624,466,823,174.7324
12,299.2064,2,792.0815,543.0523,18242.0,584.0,192.7272,0.5866,1.833,452.0,27.364,0.6033,0.7525,624,964,466,823,174.7324
12,299.2064,3,1170.6476,551.0942,14101.0,414.0,166.9225,0.7828,1.9045,458.0,22.2555,0.7054,0.8273,964,1313,466,823,174.7324
12,299.2064,4,1436.5151,569.9035,15593.0,0.0,220.8785,0.6405,2.64,477.0,35.5343,0.4843,0.6526,1313,1657,466,823,174.7324
12,299.607,1,532.6211,515.0926,9402.0,482.0,126.5267,0.8849,1.3624,455.0,20.4479,0.7349,0.8472,280,624,466,823,174.7324
12,299.607,2,815.8182,545.3861,18159.0,507.0,205.5601,0.5778,2.114,453.0,31.5043,0.4975,0.6644,624,964,466,823,174.7324
12,299.607,3,1184.1438,550.8942,13666.0,222.0,160.2938,0.8276,1.7424,461.0,29.9877,0.5603,0.7182,964,1313,466,823,174.7324
12,299.607,4,1446.3962,565.2781,17775.0,0.0,204.7903,0.6673,2.2222,469.0,36.4745,0.5364,0.6983,1313,1657,466,823,174.7324
12,300.0075,1,527.2497,522.7938,11169.0,555.0,138.3469,0.7397,1.4341,450.0,15.8326,0.7872,0.8809,280,624,466,823,174.7324
12,300.0075,2,840.3776,543.2526,17155.0,528.0,198.4873,0.617,1.9571,452.0,31.6642,0.4983,0.6652,624,964,466,823,174.7324
12,300.0075,3,1190.9737,547.4771,13256.0,113.0,165.5973,0.7463,1.8729,466.0,22.3715,0.7116,0.8315,964,1313,466,823,174.7324
12,300.0075,4,1440.6399,583.1339,15694.0,0.0,211.0624,0.7256,2.4945,480.0,36.0549,0.4918,0.6594,1313,1657,466,823,174.7324
12,300.4081,1,520.8276,530.6337,12972.0,404.0,142.953,0.7494,1.3675,453.0,24.4947,0.6626,0.7971,280,624,466,823,174.7324
12,300.4081,2,860.5573,548.8575,16584.0,391.0,185.4178,0.6801,1.8137,454.0,30.739,0.5296,0.6924,624,964,466,823,174.7324
12,300.4081,3,1195.5772,540.2406,13073.0,289.0,166.6576,0.7223,1.9099,459.0,25.2281,0.6995,0.8232,964,1313,466,823,174.7324
12,300.4081,4,1430.3104,576.7491,15115.0,0.0,219.8142,0.6449,2.7229,477.0,19.1415,0.7518,0.8583,1313,1657,466,823,174.7324
12,300.8086,1,509.3219,533.2325,13641.0,285.0,144.3753,0.7789,1.2989,454.0,28.3387,0.6309,0.7737,280,624,466,823,174.7324
12,300.8086,2,867.3756,547.1161,16092.0,580.0,176.0853,0.7936,1.6958,452.0,21.0358,0.6575,0.7934,624,964,466,823,174.7324
12,300.8086,3,1202.3665,541.2091,12544.0,122.0,157.9461,0.7533,1.7754,461.0,29.1006,0.6538,0.7906,964,1313,466,823,174.7324
12,300.8086,4,1422.3147,558.3099,15639.0,108.0,192.3894,0.6816,2.1053,462.0,36.3453,0.5178,0.6823,1313,1657,466,823,174.7324
12,301.2091,1,501.013,531.5732,13155.0,181.0,144.4152,0.7282,1.3277,456.0,20.797,0.7386,0.8497,280,624,466,823,174.7324
12,301.2091,2,859.0835,543.869,15646.0,659.0,177.5151,0.7678,1.8291,451.0,20.2531,0.6757,0.8065,624,964,466,823,174.7324
12,301.2091,3,1205.3316,546.9611,12656.0,54.0,158.1151,0.7542,1.7975,463.0,23.8196,0.7244,0.8402,964,1313,466,823,174.7324
12,301.2091,4,1409.1226,560.9759,12718.0,0.0,158.3103,0.6508,1.8365,477.0,37.5965,0.4538,0.6243,1313,1657,466,823,174.7324
12,301.6097,1,495.9911,526.1095,13312.0,487.0,150.0729,0.6574,1.4274,450.0,19.6901,0.7557,0.8608,280,624,466,823,174.7324
12,301.6097,2,867.3549,534.6885,14083.0,623.0,162.443,0.7103,1.6687,451.0,19.3196,0.713,0.8325,624,964,466,823,174.7324
12,301.6097,3,1210.183,544.0629,12489.0,187.0,154.7173,0.8092,1.7338,460.0,23.3415,0.7327,0.8457,964,1313,466,823,174.7324
12,301.6097,4,1393.2265,580.6654,12351.0,0.0,141.5536,0.8786,1.6349,477.0,36.9618,0.3831,0.554,1313,1657,466,823,174.7324
12,302.0102,1,495.7426,530.0452,13761.0,348.0,158.2081,0.6331,1.5549,457.0,18.6694,0.7778,0.875,280,624,466,823,174.7324
12,302.0102,2,881.4605,542.2232,13462.0,553.0,154.2056,0.8321,1.6598,452.0,27.8164,0.5314,0.694,624,964,466,823,174.7324
12,302.0102,3,1213.9147,551.7921,12883.0,45.0,156.206,0.8359,1.7255,463.0,25.4625,0.7199,0.8371,964,1313,466,823,174.7324
12,302.0102,4,1374.5019,565.2319,10144.0,0.0,145.6862,0.8627,1.7621,487.0,26.584,0.6172,0.7633,1313,1657,466,823,174.7324
12,302.4108,1,487.7436,536.7772,13941.0,257.0,151.99,0.689,1.4546,456.0,23.1947,0.7151,0.8339,280,624,466,823,174.7324
12,302.4108,2,885.8864,552.5834,12619.0,424.0,154.6825,0.8397,1.7217,454.0,24.0658,0.6149,0.7616,624,964,466,823,174.7324
12,302.4108,3,1215.334,553.9134,12836.0,70.0,162.3079,0.856,1.8721,462.0,24.6229,0.7355,0.8476,964,1313,466,823,174.7324
12,302.4108,4,1385.1164,570.5772,11617.0,0.0,172.1227,0.7925,2.0506,484.0,24.6721,0.6826,0.8114,1313,1657,466,823,174.7324
12,302.8113,1,486.1177,530.4314,14043.0,381.0,160.7297,0.6839,1.5507,452.0,14.7642,0.8235,0.9032,280,624,466,823,174.7324
12,302.8113,2,886.7577,553.3043,13324.0,438.0,167.5189,0.8686,1.9155,454.0,19.0912,0.7068,0.8282,624,964,466,823,174.7324
12,302.8113,3,1213.3854,549.7159,12204.0,129.0,155.526,0.9002,1.8081,461.0,19.5464,0.8013,0.8897,964,1313,466,823,174.7324
12,302.8113,4,1387.2846,577.4256,13824.0,68.0,197.2958,0.8911,2.4345,462.0,25.3224,0.6348,0.7766,1313,1657,466,823,174.7324
12,303.2119,1,482.491,533.1666,14164.0,447.0,148.3874,0.7163,1.3521,452.0,18.0936,0.785,0.8796,280,624,466,823,174.7324
12,303.2119,2,888.1832,535.8988,12011.0,336.0,159.3381,0.8621,1.7188,456.0,18.6161,0.7336,0.8463,624,964,466,823,174.7324
12,303.2119,3,1206.2283,549.6043,11766.0,186.0,150.1946,0.9129,1.8233,460.0,27.7537,0.6593,0.7947,964,1313,466,823,174.7324
12,303.2119,4,1391.6713,574.2629,13374.0,188.0,216.1459,0.9118,2.8856,458.0,24.1952,0.6421,0.782,1313,1657,466,823,174.7324
12,303.6124,1,479.8702,534.7835,14350.0,446.0,164.3765,0.6343,1.6388,453.0,21.0629,0.7142,0.8333,280,624,466,823,174.7324
12,303.6124,2,887.1604,546.4852,14525.0,621.0,149.914,0.9533,1.4103,449.0,24.5989,0.6863,0.814,624,964,466,823,174.7324
12,303.6124,3,1209.8146,536.2013,11378.0,348.0,150.9318,0.9572,1.7356,457.0,24.3217,0.6773,0.8076,964,1313,466,823,174.7324
12,303.6124,4,1387.7412,578.0898,11088.0,0.0,161.1729,0.7941,2.168,480.0,32.8438,0.5135,0.6785,1313,1657,466,823,174.7324
12,304.0129,1,470.7864,525.73,14384.0,926.0,172.9417,0.6385,1.7524,439.0,19.7841,0.7352,0.8474,280,624,466,823,174.7324
12,304.0129,2,890.6459,546.2094,13919.0,335.0,148.0438,0.9448,1.4328,460.0,21.217,0.7128,0.8323,624,964,466,823,174.7324
12,304.0129,3,1209.7388,538.5027,11409.0,289.0,145.0986,0.9699,1.6267,458.0,14.884,0.8171,0.8994,964,1313,466,823,174.7324
12,304.0129,4,1385.7365,539.3289,7289.0,0.0,135.3006,0.9138,2.0607,476.0,33.2806,0.4597,0.6298,1313,1657,466,823,174.7324
12,304.4135,1,464.1758,542.2258,15664.0,277.0,210.7956,0.6638,2.2851,456.0,40.5619,0.4873,0.6553,280,624,466,823,174.7324
12,304.4135,2,894.6968,546.0906,14736.0,337.0,151.7325,0.9771,1.3733,462.0,19.7267,0.7307,0.8444,624,964,466,823,174.7324
12,304.4135,3,1208.1702,533.4644,10746.0,226.0,138.662,0.9586,1.5461,460.0,16.7659,0.8036,0.8911,964,1313,466,823,174.7324
12,304.4135,4,1396.6187,536.4454,6818.0,0.0,128.492,0.9528,2.2808,472.0,30.0478,0.503,0.6693,1313,1657,466,823,174.7324
12,304.814,1,445.4702,569.5298,18810.0,549.0,204.379,0.9992,1.831,447.0,45.3015,0.3809,0.5517,280,624,466,823,174.7324
12,304.814,2,894.2668,551.0613,15134.0,352.0,155.5211,0.9775,1.4507,464.0,15.629,0.8347,0.9099,624,964,466,823,174.7324
12,304.814,3,1202.8065,538.7256,11492.0,68.0,148.5253,0.907,1.6354,463.0,21.6509,0.7553,0.8606,964,1313,466,823,174.7324
12,304.814,4,1409.3019,531.5777,7111.0,0.0,121.5847,0.7938,1.6246,477.0,27.1292,0.5334,0.6957,1313,1657,466,823,174.7324
12,305.2146,1,445.927,554.8273,17296.0,179.0,231.4721,0.5871,2.6557,464.0,47.4621,0.3426,0.5103,280,624,466,823,174.7324
12,305.2146,2,895.0553,557.3245,16135.0,172.0,167.9717,0.9889,1.5288,463.0,18.7556,0.7838,0.8788,624,964,466,823,174.7324
12,305.2146,3,1202.3408,537.2407,11442.0,52.0,154.7666,0.8039,1.7592,464.0,19.1234,0.818,0.8999,964,1313,466,823,174.7324
12,305.2146,4,1413.672,544.2839,10457.0,0.0,131.6019,0.991,1.4355,473.0,29.6248,0.5294,0.6923,1313,1657,466,823,174.7324
12,305.6151,1,431.5182,535.7277,17735.0,718.0,206.971,0.5908,2.0323,444.0,34.3348,0.5878,0.7404,280,624,466,823,174.7324
12,305.6151,2,894.052,559.3159,16786.0,126.0,171.8752,0.9813,1.5365,463.0,15.4375,0.8315,0.908,624,964,466,823,174.7324
12,305.6151,3,1203.3226,545.6603,12698.0,78.0,161.9451,0.8104,1.8231,463.0,21.4415,0.7892,0.8822,964,1313,466,823,174.7324
12,305.6151,4,1427.161,545.4319,10240.0,0.0,141.605,0.8569,1.612,475.0,30.8893,0.6128,0.7599,1313,1657,466,823,174.7324
12,306.0157,1,436.063,529.6846,16007.0,532.0,234.9925,0.4287,3.0365,453.0,30.722,0.5532,0.7123,280,624,466,823,174.7324
12,306.0157,2,889.4309,556.5584,17226.0,147.0,171.0017,0.9512,1.5077,466.0,15.077,0.8227,0.9027,624,964,466,823,174.7324
12,306.0157,3,1202.7531,547.161,13295.0,241.0,162.0854,0.8173,1.8132,463.0,14.4549,0.8329,0.9089,964,1313,466,823,174.7324
12,306.0157,4,1442.5238,547.2397,11492.0,0.0,146.8226,0.8123,1.6043,474.0,30.1883,0.615,0.7616,1313,1657,466,823,174.7324
12,306.4162,1,413.8362,516.6261,14965.0,1492.0,218.9988,0.4217,2.876,440.0,32.9803,0.5759,0.7309,280,624,466,823,174.7324
12,306.4162,2,879.9581,555.0738,17495.0,218.0,179.4596,0.9219,1.5678,456.0,21.9888,0.6874,0.8147,624,964,466,823,174.7324
12,306.4162,3,1204.5747,549.4092,12952.0,92.0,163.7115,0.8273,1.8523,462.0,9.8543,0.8989,0.9468,964,1313,466,823,174.7324
12,306.4162,4,1454.2977,549.4513,12588.0,0.0,167.5942,0.7539,1.8767,472.0,32.059,0.6148,0.7615,1313,1657,466,823,174.7324
12,306.8168,1,371.4367,503.231,10869.0,1006.0,152.4856,0.3166,1.9683,447.0,42.0645,0.3783,0.5489,280,624,466,823,174.7324
12,306.8168,2,872.5396,549.2622,17221.0,279.0,180.0428,0.8837,1.5718,455.0,19.7786,0.7431,0.8526,624,964,466,823,174.7324
12,306.8168,3,1205.2293,554.6732,13332.0,75.0,163.8025,0.8325,1.869,463.0,12.8977,0.8406,0.9134,964,1313,466,823,174.7324
12,306.8168,4,1470.5436,553.5842,13684.0,0.0,164.8682,0.6728,1.7535,476.0,33.9695,0.559,0.7171,1313,1657,466,823,174.7324
12,307.2173,1,313.9849,481.8088,3452.0,770.0,71.5777,0.2649,1.5979,464.0,47.2171,0.2755,0.432,280,624,466,823,174.7324
12,307.2173,2,868.3723,550.6644,17970.0,442.0,167.9175,0.9653,1.3699,451.0,23.0192,0.6847,0.8129,624,964,466,823,174.7324
12,307.2173,3,1208.3379,559.1563,13498.0,11.0,162.0229,0.8489,1.8147,465.0,21.0004,0.7393,0.8501,964,1313,466,823,174.7324
12,307.2173,4,1487.3604,553.6783,14204.0,20.0,173.6831,0.7446,1.9394,466.0,32.9219,0.6063,0.7549,1313,1657,466,823,174.7324
12,307.6178,1,339.8726,496.5473,7181.0,919.0,102.4607,0.5323,1.187,446.0,46.6013,0.3037,0.4659,280,624,466,823,174.7324
12,307.6178,2,857.6764,544.1401,16167.0,514.0,162.323,0.8774,1.4166,450.0,24.0526,0.6551,0.7916,624,964,466,823,174.7324
12,307.6178,3,1212.0692,558.018,12879.0,0.0,161.1561,0.8524,1.8351,466.0,23.0412,0.7023,0.8251,964,1313,466,823,174.7324
12,307.6178,4,1504.3334,560.016,13775.0,0.0,169.7215,0.6783,1.8304,479.0,44.9684,0.4799,0.6486,1313,1657,466,823,174.7324
12,308.0184,1,382.1373,503.8172,8085.0,792.0,121.7064,0.7847,1.45,445.0,62.1732,0.2447,0.3932,280,624,466,823,174.7324
12,308.0184,2,854.871,551.4156,18119.0,497.0,160.0131,0.9311,1.2476,451.0,18.8957,0.7424,0.8521,624,964,466,823,174.7324
12,308.0184,3,1209.9967,555.4851,13015.0,0.0,163.3196,0.8477,1.8645,466.0,21.5938,0.7317,0.8451,964,1313,466,823,174.7324
12,308.0184,4,1522.052,563.2156,14597.0,17.0,183.3584,0.798,1.9892,465.0,38.0455,0.5407,0.7019,1313,1657,466,823,174.7324
12,308.4189,1,416.6877,519.7407,9966.0,661.0,125.7055,0.9715,1.3432,447.0,60.9538,0.2905,0.4502,280,624,466,823,174.7324
12,308.4189,2,848.1007,552.6353,18116.0,343.0,172.2463,0.8668,1.4651,455.0,20.3163,0.6899,0.8165,624,964,466,823,174.7324
12,308.4189,3,1205.5328,555.8662,13195.0,12.0,164.2085,0.8845,1.8411,465.0,19.3522,0.7694,0.8697,964,1313,466,823,174.7324
12,308.4189,4,1539.028,574.8625,14619.0,0.0,162.5819,0.8944,1.6162,475.0,36.9441,0.5069,0.6728,1313,1657,466,823,174.7324
12,308.8195,1,438.5051,522.5557,9271.0,360.0,121.8314,0.9997,1.3674,452.0,41.1778,0.4886,0.6564,280,624,466,823,174.7324
12,308.8195,2,839.4216,557.2423,17026.0,121.0,187.4254,0.8313,1.8538,461.0,25.5113,0.6206,0.7659,624,964,466,823,174.7324
12,308.8195,3,1201.2581,547.0406,14804.0,1192.0,184.714,0.9222,2.0374,442.0,28.2141,0.6304,0.7733,964,1313,466,823,174.7324
12,308.8195,4,1554.0367,573.6157,14458.0,0.0,171.1501,0.8833,1.8234,475.0,34.905,0.5893,0.7416,1313,1657,466,823,174.7324
12,309.22,1,455.1289,526.3675,10919.0,830.0,139.8352,0.9104,1.6218,447.0,40.4239,0.4836,0.6519,280,624,466,823,174.7324
12,309.22,2,827.1777,556.6454,17227.0,376.0,205.1624,0.7654,2.1999,455.0,25.4785,0.6037,0.7529,624,964,466,823,174.7324
12,309.22,3,1203.1662,574.7162,16598.0,418.0,217.6126,0.9999,2.4767,462.0,36.9401,0.5058,0.6718,964,1313,466,823,174.7324
12,309.22,4,1564.9083,573.929,14617.0,0.0,170.1778,0.8149,1.8403,480.0,35.845,0.5645,0.7217,1313,1657,466,823,174.7324
12,309.6206,1,461.2819,512.927,11895.0,1190.0,167.0831,0.5441,2.0148,448.0,38.8162,0.5139,0.6789,280,624,466,823,174.7324
12,309.6206,2,820.828,533.2562,14457.0,818.0,179.6848,0.6635,1.9766,449.0,31.4923,0.5518,0.7111,624,964,466,823,174.7324
12,309.6206,3,1209.3174,571.8458,12944.0,0.0,202.3686,0.8419,2.8134,467.0,47.976,0.365,0.5348,964,1313,466,823,174.7324
12,309.6206,4,1573.221,567.2555,14119.0,46.0,170.4762,0.7375,1.8247,482.0,24.116,0.6817,0.8108,1313,1657,466,823,174.7324
12,310.0211,1,443.4232,507.8026,12552.0,1474.0,178.4959,0.5265,2.1087,441.0,38.1192,0.5668,0.7235,280,624,466,823,174.7324
12,310.0211,2,831.6114,519.6744,14196.0,712.0,180.8242,0.5122,2.0317,451.0,25.9712,0.6075,0.7558,624,964,466,823,174.7324
12,310.0211,3,1224.7546,550.4713,11968.0,249.0,160.7986,0.939,1.9651,456.0,41.9492,0.5121,0.6773,964,1313,466,823,174.7324
12,310.0211,4,1572.4668,561.9184,13843.0,25.0,161.3652,0.8129,1.7179,477.0,21.575,0.7459,0.8544,1313,1657,466,823,174.7324
12,310.4217,1,416.2191,511.6677,13026.0,1748.0,180.8997,0.653,2.0981,438.0,46.3472,0.4702,0.6396,280,624,466,823,174.7324
12,310.4217,2,848.1438,535.8182,15033.0,521.0,175.1578,0.6471,1.8561,454.0,39.7324,0.4276,0.5991,624,964,466,823,174.7324
12,310.4217,3,1232.1336,537.5236,9065.0,349.0,125.9985,0.999,1.5462,458.0,42.9676,0.4951,0.6623,964,1313,466,823,174.7324
12,310.4217,4,1570.2548,563.4235,14835.0,64.0,167.1779,0.7631,1.7378,477.0,24.4754,0.712,0.8318,1313,1657,466,823,174.7324
12,310.8222,1,401.3547,505.4749,13159.0,1936.0,188.509,0.5204,2.3198,437.0,27.4564,0.6989,0.8228,280,624,466,823,174.7324
12,310.8222,2,873.5174,558.4549,14701.0,391.0,168.6261,0.8603,1.8078,455.0,39.3448,0.3853,0.5563,624,964,466,823,174.7324
12,310.8222,3,1236.4133,528.8737,9976.0,538.0,149.7023,0.8374,1.758,450.0,38.5659,0.532,0.6945,964,1313,466,823,174.7324
12,310.8222,4,1576.3991,561.6176,14610.0,189.0,152.1537,0.8024,1.468,477.0,24.555,0.6779,0.808,1313,1657,466,823,174.7324
12,311.2227,1,382.122,508.8524,12866.0,1639.0,183.3359,0.5404,2.1725,439.0,42.2963,0.5602,0.7181,280,624,466,823,174.7324
12,311.2227,2,889.4657,553.1153,13114.0,316.0,157.8971,0.8858,1.7226,465.0,24.7553,0.5918,0.7436,624,964,466,823,174.7324
12,311.2227,3,1214.5021,538.4853,12546.0,42.0,126.8051,0.3006,1.0862,463.0,49.343,0.4138,0.5854,964,1313,466,823,174.7324
12,311.2227,4,1582.8465,568.6452,15306.0,65.0,142.5779,0.879,1.2408,479.0,29.3023,0.6116,0.759,1313,1657,466,823,174.7324
12,311.6233,1,371.0034,520.3528,11687.0,925.0,138.7209,0.7257,1.5194,445.0,43.125,0.496,0.6631,280,624,466,823,174.7324
12,311.6233,2,893.6463,552.6213,12473.0,182.0,152.9096,0.8863,1.6816,467.0,18.7104,0.6996,0.8232,624,964,466,823,174.7324
12,311.6233,3,1192.4335,540.6098,14661.0,165.0,168.514,0.5324,1.7402,465.0,42.1726,0.458,0.6282,964,1313,466,823,174.7324
12,311.6233,4,1585.7275,561.5786,14753.0,52.0,148.2306,0.852,1.2698,491.0,24.5192,0.7162,0.8346,1313,1657,466,823,174.7324
12,312.0238,1,355.1939,511.3615,8902.0,839.0,124.2183,0.9982,1.4259,446.0,33.0169,0.596,0.7469,280,624,466,823,174.7324
12,312.0238,2,892.7169,551.106,13494.0,435.0,155.8904,0.9473,1.6236,452.0,22.4341,0.6906,0.817,624,964,466,823,174.7324
12,312.0238,3,1187.9528,538.1661,15204.0,546.0,179.427,0.6076,1.8854,454.0,27.2693,0.6318,0.7744,964,1313,466,823,174.7324
12,312.0238,4,1585.3112,569.6865,18334.0,43.0,166.9178,0.982,1.2699,491.0,22.4386,0.7386,0.8496,1313,1657,466,823,174.7324
12,312.4244,1,359.7594,510.6829,9269.0,1061.0,126.1177,0.8038,1.5238,445.0,28.441,0.6557,0.792,280,624,466,823,174.7324
12,312.4244,2,891.3426,551.2489,14351.0,258.0,157.7068,0.9268,1.5247,456.0,16.8962,0.8033,0.8909,624,964,466,823,174.7324
12,312.4244,3,1212.1063,530.3276,13218.0,591.0,169.3159,0.7363,1.7406,448.0,38.4547,0.5233,0.6871,964,1313,466,823,174.7324
12,312.4244,4,1564.3065,579.6703,20616.0,441.0,182.2262,0.9735,1.4258,479.0,35.0913,0.5368,0.6986,1313,1657,466,823,174.7324
12,312.8249,1,390.0308,504.8318,10609.0,1213.0,157.4604,0.547,1.9513,447.0,48.2907,0.4724,0.6417,280,624,466,823,174.7324
12,312.8249,2,889.2213,548.3805,14065.0,234.0,157.7604,0.9334,1.5359,457.0,15.4073,0.8217,0.9021,624,964,466,823,174.7324
12,312.8249,3,1221.4597,567.5185,15764.0,495.0,161.804,0.9334,1.6432,474.0,44.0087,0.4192,0.5907,964,1313,466,823,174.7324
12,312.8249,4,1531.2664,591.5385,18948.0,0.0,188.7984,0.8756,1.6299,493.0,39.5255,0.473,0.6423,1313,1657,466,823,174.7324
12,313.2255,1,428.1977,514.0245,12343.0,1121.0,162.2259,0.5894,1.784,448.0,62.0579,0.3182,0.4828,280,624,466,823,174.7324
12,313.2255,2,887.039,546.5172,15570.0,445.0,158.2061,0.9924,1.3622,451.0,24.8969,0.6954,0.8203,624,964,466,823,174.7324
12,313.2255,3,1228.4366,574.8132,16281.0,518.0,172.6776,0.9215,1.8172,479.0,25.0928,0.6727,0.8043,964,1313,466,823,174.7324
12,313.2255,4,1512.3096,579.1668,16995.0,0.0,191.1524,0.6929,1.8698,489.0,39.8225,0.4933,0.6607,1313,1657,466,823,174.7324
12,313.626,1,463.2285,520.4039,12685.0,1540.0,176.7481,0.6204,2.1883,444.0,56.1039,0.3666,0.5365,280,624,466,823,174.7324
12,313.626,2,882.1104,544.3803,15142.0,344.0,159.4608,0.9593,1.4105,453.0,20.1104,0.73,0.8439,624,964,466,823,174.7324
12,313.626,3,1226.7082,563.7923,17221.0,1258.0,209.3806,0.9958,2.0717,433.0,24.1519,0.7256,0.841,964,1313,466,823,174.7324
12,313.626,4,1489.8964,557.234,16616.0,219.0,203.8707,0.7022,2.2099,460.0,37.7056,0.4866,0.6547,1313,1657,466,823,174.7324
12,314.0265,1,496.1611,519.9515,10526.0,559.0,153.2956,0.5504,2.01,450.0,61.0688,0.2988,0.4601,280,624,466,823,174.7324
12,314.0265,2,877.7487,548.4831,15793.0,453.0,164.7606,0.9113,1.475,451.0,18.9884,0.7605,0.8639,624,964,466,823,174.7324
12,314.0265,3,1215.514,583.3192,15124.0,0.0,190.2592,0.8457,2.0898,479.0,38.1197,0.5083,0.674,964,1313,466,823,174.7324
12,314.0265,4,1494.6213,570.8656,18856.0,0.0,223.7511,0.7361,2.362,472.0,26.6658,0.647,0.7857,1313,1657,466,823,174.7324
12,314.4271,1,525.2347,535.2054,8088.0,515.0,123.6742,0.9434,1.886,449.0,52.3082,0.2922,0.4522,280,624,466,823,174.7324
12,314.4271,2,870.2414,544.5272,16094.0,425.0,165.5128,0.7351,1.4938,454.0,24.1241,0.6588,0.7943,624,964,466,823,174.7324
12,314.4271,3,1215.2597,558.5222,10479.0,193.0,159.603,0.9111,2.2926,459.0,41.3084,0.4143,0.5859,964,1313,466,823,174.7324
12,314.4271,4,1520.7099,580.7345,18377.0,38.0,244.6117,0.4422,2.7992,492.0,46.9626,0.3579,0.5271,1313,1657,466,823,174.7324
12,314.8276,1,541.4943,533.5802,7316.0,371.0,132.0224,0.9653,2.1677,454.0,32.1011,0.5517,0.7111,280,624,466,823,174.7324
12,314.8276,2,876.0256,546.1047,16136.0,499.0,164.2145,0.8363,1.4644,452.0,20.8057,0.7007,0.824,624,964,466,823,174.7324
12,314.8276,3,1239.8363,515.5004,9549.0,1878.0,184.817,0.9934,2.7292,414.0,32.0472,0.4113,0.5829,964,1313,466,823,174.7324
12,314.8276,4,1539.097,574.2392,18941.0,18.0,205.5881,0.6093,2.0278,476.0,36.4833,0.4934,0.6608,1313,1657,466,823,174.7324
12,315.2282,1,532.1905,535.1385,8986.0,557.0,137.9438,0.9131,1.9509,449.0,33.0272,0.5651,0.7221,280,624,466,823,174.7324
12,315.2282,2,873.1932,554.4077,16920.0,310.0,182.7469,0.8389,1.7137,457.0,22.1939,0.6907,0.817,624,964,466,823,174.7324
12,315.2282,3,1231.7681,560.4023,12035.0,444.0,200.1147,0.9663,2.6976,452.0,45.5069,0.5005,0.6671,964,1313,466,823,174.7324
12,315.2282,4,1550.4271,561.1959,16431.0,0.0,171.7835,0.5121,1.6763,478.0,29.5593,0.6072,0.7556,1313,1657,466,823,174.7324
12,315.6287,1,521.3693,537.464,9753.0,444.0,136.8213,0.8048,1.8557,454.0,34.5204,0.5311,0.6937,280,624,466,823,174.7324
12,315.6287,2,863.3947,559.1053,17813.0,159.0,207.4471,0.7664,2.0285,459.0,26.4504,0.6248,0.7691,624,964,466,823,174.7324
12,315.6287,3,1224.0079,582.3061,12683.0,91.0,215.3832,0.936,3.1013,462.0,33.9158,0.6426,0.7824,964,1313,466,823,174.7324
12,315.6287,4,1570.9091,544.9954,10996.0,0.0,146.1204,0.6269,1.6567,478.0,32.9677,0.5279,0.691,1313,1657,466,823,174.7324
12,316.0293,1,521.9854,531.8375,9342.0,495.0,137.6656,0.8472,1.8995,454.0,18.1673,0.7632,0.8657,280,624,466,823,174.7324
12,316.0293,2,852.6692,546.8485,16777.0,683.0,183.3046,0.7815,1.7321,448.0,34.1807,0.5651,0.7221,624,964,466,823,174.7324
12,316.0293,3,1229.233,546.7954,11889.0,926.0,176.2026,0.979,2.203,437.0,41.4318,0.5357,0.6976,964,1313,466,823,174.7324
12,316.0293,4,1583.5604,557.2341,9784.0,62.0,118.3085,0.9303,1.4187,482.0,32.1622,0.428,0.5994,1313,1657,466,823,174.7324
12,316.4298,1,525.4561,537.2974,9376.0,412.0,133.7797,0.8989,1.7632,454.0,28.5064,0.6349,0.7767,280,624,466,823,174.7324
12,316.4298,2,849.477,540.3514,17691.0,733.0,184.6658,0.667,1.6183,449.0,19.06,0.7488,0.8564,624,964,466,823,174.7324
12,316.4298,3,1234.4093,548.7603,12718.0,925.0,179.0614,0.974,1.9929,435.0,41.192,0.5127,0.6779,964,1313,466,823,174.7324
12,316.4298,4,1601.4689,549.1657,10197.0,458.0,138.8174,0.9521,1.8212,476.0,22.691,0.5687,0.7251,1313,1657,466,823,174.7324
12,316.8304,1,528.1737,542.4922,9287.0,329.0,131.6252,0.8666,1.7864,464.0,19.4116,0.7632,0.8657,280,624,466,823,174.7324
12,316.8304,2,848.7093,538.9667,16891.0,615.0,186.0148,0.6513,1.7287,451.0,19.5729,0.7127,0.8322,624,964,466,823,174.7324
12,316.8304,3,1231.7874,556.0721,14687.0,257.0,159.9256,0.9903,1.5617,477.0,34.205,0.6016,0.7512,964,1313,466,823,174.7324
12,316.8304,4,1596.1513,554.1122,11044.0,17.0,151.1262,0.9659,1.7581,470.0,21.2595,0.6249,0.7692,1313,1657,466,823,174.7324
12,317.2309,1,533.5896,538.0586,8862.0,378.0,135.2758,0.9018,1.8995,454.0,22.5046,0.6872,0.8146,280,624,466,823,174.7324
12,317.2309,2,853.8432,544.0559,16926.0,377.0,194.2322,0.6337,1.8904,454.0,18.6521,0.7218,0.8384,624,964,466,823,174.7324
12,317.2309,3,1206.8883,538.247,15258.0,455.0,210.6955,0.6893,2.2281,451.0,44.1179,0.4759,0.6448,964,1313,466,823,174.7324
12,317.2309,4,1584.3066,567.5416,14815.0,57.0,170.9007,0.9147,1.6221,474.0,27.7274,0.5911,0.743,1313,1657,466,823,174.7324
12,317.6314,1,531.2297,545.2184,8960.0,271.0,125.462,0.9353,1.7235,467.0,23.8862,0.6556,0.7919,280,624,466,823,174.7324
12,317.6314,2,839.1247,548.3583,17210.0,309.0,205.1634,0.6864,2.1706,456.0,23.7812,0.6207,0.7659,624,964,466,823,174.7324
12,317.6314,3,1167.1004,532.2569,15961.0,185.0,220.4572,0.4256,2.5367,460.0,44.7173,0.4153,0.5869,964,1313,466,823,174.7324
12,317.6314,4,1571.7484,579.204,14796.0,0.0,175.3497,0.8742,1.7406,477.0,23.0082,0.6449,0.7841,1313,1657,466,823,174.7324
12,318.032,1,532.6481,546.9995,8591.0,238.0,124.1906,0.9329,1.7895,468.0,19.0792,0.7367,0.8484,280,624,466,823,174.7324
12,318.032,2,832.766,544.2808,17484.0,438.0,177.4763,0.7807,1.5554,454.0,25.9625,0.6181,0.764,624,964,466,823,174.7324
12,318.032,3,1119.2678,530.0116,14962.0,263.0,201.141,0.4641,2.2908,458.0,48.4491,0.3756,0.5461,964,1313,466,823,174.7324
12,318.032,4,1562.654,569.2076,15336.0,0.0,178.7989,0.7652,1.786,478.0,26.7955,0.6233,0.768,1313,1657,466,823,174.7324
12,318.4325,1,538.5292,544.6565,8071.0,284.0,125.1648,0.9401,1.9161,468.0,21.5307,0.6923,0.8181,280,624,466,823,174.7324
12,318.4325,2,825.6415,540.6961,15396.0,405.0,160.1418,0.7549,1.4426,452.0,21.0878,0.705,0.827,624,964,466,823,174.7324
12,318.4325,3,1083.7697,548.8831,17394.0,154.0,183.7319,0.7671,1.738,462.0,43.1037,0.3342,0.501,964,1313,466,823,174.7324
12,318.4325,4,1563.5884,568.1173,15474.0,0.0,178.2017,0.8721,1.8068,471.0,28.5656,0.6561,0.7923,1313,1657,466,823,174.7324
12,318.8331,1,542.5698,542.5374,7663.0,219.0,125.5501,0.959,1.9776,469.0,23.0641,0.6742,0.8054,280,624,466,823,174.7324
12,318.8331,2,823.285,552.3372,17756.0,394.0,156.7267,0.9333,1.2539,452.0,20.5424,0.6955,0.8204,624,964,466,823,174.7324
12,318.8331,3,1054.6034,560.4716,17524.0,213.0,191.3912,0.7489,1.863,472.0,40.4008,0.4316,0.603,964,1313,466,823,174.7324
12,318.8331,4,1571.9264,564.8503,14873.0,460.0,180.5437,0.64,2.0083,483.0,31.1541,0.5912,0.7431,1313,1657,466,823,174.7324
12,319.2336,1,546.9237,543.4185,7809.0,396.0,126.0126,0.9955,1.9765,468.0,27.8002,0.5854,0.7385,280,624,466,823,174.7324
12,319.2336,2,823.6112,558.5598,16408.0,94.0,161.5462,0.967,1.4198,463.0,23.331,0.6892,0.816,624,964,466,823,174.7324
12,319.2336,3,1045.3384,558.519,17093.0,187.0,160.5364,1.0,1.3108,456.0,30.6309,0.565,0.722,964,1313,466,823,174.7324
12,319.2336,4,1580.0224,565.688,14926.0,547.0,159.7221,0.8341,1.6686,479.0,29.2046,0.599,0.7492,1313,1657,466,823,174.7324
12,319.6342,1,543.9679,547.2556,8126.0,192.0,130.0344,0.9971,1.9624,468.0,21.5785,0.6784,0.8084,280,624,466,823,174.7324
12,319.6342,2,820.0911,553.422,16110.0,179.0,161.3023,0.9867,1.4058,457.0,17.4329,0.75,0.8571,624,964,466,823,174.7324
12,319.6342,3,1064.6164,532.8239,15849.0,757.0,201.4404,0.6118,2.0844,448.0,39.3653,0.4436,0.6145,964,1313,466,823,174.7324
12,319.6342,4,1580.5655,581.0348,14498.0,56.0,170.1989,0.7603,1.8467,483.0,23.7939,0.612,0.7593,1313,1657,466,823,174.7324
12,320.0347,1,542.828,535.7952,8321.0,214.0,134.8433,0.9887,1.9369,468.0,22.3505,0.6788,0.8087,280,624,466,823,174.7324
12,320.0347,2,816.1856,542.7519,14831.0,403.0,154.7823,0.973,1.4002,450.0,21.529,0.7084,0.8293,624,964,466,823,174.7324
12,320.0347,3,1092.3411,539.4296,15979.0,238.0,242.1277,0.4655,3.1075,458.0,43.6021,0.4224,0.5939,964,1313,466,823,174.7324
12,320.0347,4,1579.6163,570.5,13116.0,0.0,180.2559,0.8437,2.0858,479.0,27.3024,0.6004,0.7503,1313,1657,466,823,174.7324
12,320.4353,1,541.2381,530.4001,8615.0,295.0,130.3192,0.9901,1.7006,467.0,17.3406,0.7686,0.8692,280,624,466,823,174.7324
12,320.4353,2,816.7627,549.5521,16210.0,405.0,160.2827,0.9669,1.3911,451.0,13.6688,0.8126,0.8966,624,964,466,823,174.7324
12,320.4353,3,1149.9402,533.2292,16233.0,183.0,195.9974,0.3751,2.0478,460.0,45.4403,0.3465,0.5147,964,1313,466,823,174.7324
12,320.4353,4,1568.768,565.9949,13635.0,0.0,145.4423,0.9119,1.4143,478.0,34.311,0.4915,0.659,1313,1657,466,823,174.7324
12,320.8358,1,534.923,544.0436,9777.0,208.0,133.0297,0.9889,1.6803,467.0,20.0387,0.726,0.8412,280,624,466,823,174.7324
12,320.8358,2,816.9344,552.4297,15933.0,253.0,160.6358,0.987,1.4217,455.0,16.0214,0.7833,0.8785,624,964,466,823,174.7324
12,320.8358,3,1165.0634,541.8587,15831.0,215.0,169.647,0.4131,1.6822,460.0,30.4385,0.5297,0.6926,964,1313,466,823,174.7324
12,320.8358,4,1548.5945,531.3814,7435.0,0.0,108.5539,0.8902,1.217,475.0,34.1105,0.3596,0.529,1313,1657,466,823,174.7324
12,321.2363,1,533.1495,537.2354,12517.0,1555.0,194.8416,0.9999,2.2643,423.0,27.1958,0.6115,0.7589,280,624,466,823,174.7324
12,321.2363,2,816.5764,548.9604,15780.0,279.0,159.1917,0.9946,1.3948,454.0,14.1097,0.8001,0.889,624,964,466,823,174.7324
12,321.2363,3,1183.9384,541.8643,15327.0,50.0,170.0234,0.4677,1.6702,465.0,28.2433,0.5865,0.7394,964,1313,466,823,174.7324
12,321.2363,4,1523.3488,540.8846,11897.0,0.0,182.5346,0.7119,2.2048,471.0,51.5191,0.3701,0.5402,1313,1657,466,823,174.7324
12,321.6369,1,540.8671,561.2009,11551.0,0.0,181.3097,0.9885,2.3167,468.0,30.4546,0.5948,0.7459,280,624,466,823,174.7324
12,321.6369,2,814.0813,549.871,15625.0,288.0,152.8929,0.9982,1.3153,453.0,16.1603,0.7662,0.8676,624,964,466,823,174.7324
12,321.6369,3,1201.6294,539.8565,14071.0,72.0,154.2695,0.565,1.4632,463.0,23.9611,0.6203,0.7656,964,1313,466,823,174.7324
12,321.6369,4,1481.5261,543.8921,13973.0,0.0,178.7628,0.6337,1.9716,467.0,54.2888,0.3091,0.4722,1313,1657,466,823,174.7324
12,322.0374,1,525.6346,558.6087,13721.0,67.0,168.5793,0.9134,1.7067,469.0,34.5502,0.5826,0.7362,280,624,466,823,174.7324
12,322.0374,2,814.5925,549.492,15322.0,267.0,157.1515,0.9655,1.4279,454.0,16.1526,0.7486,0.8562,624,964,466,823,174.7324
12,322.0374,3,1212.0481,538.478,13834.0,178.0,146.9211,0.8415,1.3221,460.0,22.3614,0.675,0.8059,964,1313,466,823,174.7324
12,322.0374,4,1458.3205,549.0586,14145.0,0.0,177.8416,0.6029,1.9569,475.0,47.3913,0.4659,0.6357,1313,1657,466,823,174.7324
12,322.438,1,498.8031,537.4501,11709.0,425.0,183.4985,0.641,2.4898,453.0,49.8476,0.3113,0.4748,280,624,466,823,174.7324
12,322.438,2,810.8205,542.0137,14984.0,240.0,165.077,0.9163,1.502,454.0,13.9066,0.7916,0.8837,624,964,466,823,174.7324
12,322.438,3,1218.5699,544.6941,13361.0,56.0,149.398,0.8571,1.426,463.0,22.5266,0.729,0.8432,964,1313,466,823,174.7324
12,322.438,4,1444.6428,560.2255,13617.0,0.0,178.959,0.7197,2.1336,473.0,36.6896,0.5303,0.693,1313,1657,466,823,174.7324
12,322.8385,1,519.7032,507.7574,8982.0,951.0,150.5008,0.6947,2.0484,446.0,29.3385,0.5861,0.7391,280,624,466,823,174.7324
12,322.8385,2,807.148,551.3998,16293.0,395.0,162.0023,0.9193,1.44,450.0,17.8273,0.7232,0.8393,624,964,466,823,174.7324
12,322.8385,3,1210.8706,541.7045,13520.0,127.0,155.8038,0.8272,1.526,462.0,22.6284,0.699,0.8228,964,1313,466,823,174.7324
12,322.8385,4,1436.8361,559.6641,12189.0,0.0,161.1361,0.7708,1.9369,475.0,30.569,0.5985,0.7488,1313,1657,466,823,174.7324
12,323.2391,1,516.1083,537.8805,8307.0,274.0,121.0328,0.8492,1.823,457.0,36.7502,0.3987,0.5701,280,624,466,823,174.7324
12,323.2391,2,799.6955,536.3634,14534.0,366.0,161.1732,0.9215,1.4706,451.0,12.2731,0.7924,0.8842,624,964,466,823,174.7324
12,323.2391,3,1200.7378,544.3272,13785.0,85.0,165.6069,0.7084,1.7964,463.0,27.0682,0.6327,0.775,964,1313,466,823,174.7324
12,323.2391,4,1429.9578,562.8217,12975.0,0.0,168.2854,0.788,2.0897,471.0,23.702,0.6866,0.8142,1313,1657,466,823,174.7324
12,323.6396,1,534.6291,508.4038,6401.0,712.0,119.5162,0.894,1.9152,446.0,28.9635,0.5147,0.6796,280,624,466,823,174.7324
12,323.6396,2,794.4177,543.9083,15709.0,340.0,160.282,0.9991,1.3705,451.0,16.2908,0.7477,0.8557,624,964,466,823,174.7324
12,323.6396,3,1193.2095,548.698,14985.0,95.0,156.7801,0.7452,1.485,462.0,21.4829,0.7005,0.8238,964,1313,466,823,174.7324
12,323.6396,4,1424.6949,556.6818,12010.0,0.0,166.9165,0.7286,2.022,475.0,27.6147,0.6291,0.7723,1313,1657,466,823,174.7324
12,324.0402,1,531.9254,509.8003,7054.0,658.0,132.7949,0.8588,1.9805,450.0,22.2109,0.7397,0.8504,280,624,466,823,174.7324
12,324.0402,2,793.4818,545.5955,15820.0,216.0,161.304,0.9914,1.376,456.0,14.5963,0.8283,0.9061,624,964,466,823,174.7324
12,324.0402,3,1197.3055,544.2435,13776.0,0.0,156.1365,0.6419,1.5556,466.0,19.0778,0.7566,0.8614,964,1313,466,823,174.7324
12,324.0402,4,1414.2764,551.2437,12029.0,0.0,179.0448,0.6836,2.3378,472.0,23.123,0.7114,0.8314,1313,1657,466,823,174.7324
12,324.4407,1,512.1482,533.5423,9971.0,587.0,148.9544,0.7802,2.0751,450.0,28.5363,0.6281,0.7716,280,624,466,823,174.7324
12,324.4407,2,793.2908,542.394,16638.0,308.0,168.4391,0.9673,1.3738,456.0,14.529,0.7896,0.8824,624,964,466,823,174.7324
12,324.4407,3,1200.2126,549.9912,14132.0,45.0,152.5571,0.7002,1.4838,464.0,22.1749,0.701,0.8242,964,1313,466,823,174.7324
12,324.4407,4,1411.9575,559.7123,12987.0,0.0,161.5805,0.7232,1.8693,473.0,31.1599,0.5828,0.7364,1313,1657,466,823,174.7324
12,324.8412,1,513.7321,531.6494,10002.0,449.0,135.5456,0.7333,1.7853,452.0,27.7271,0.6247,0.769,280,624,466,823,174.7324
12,324.8412,2,791.8781,545.0272,16364.0,405.0,185.6975,0.6897,1.8519,455.0,23.9661,0.6121,0.7593,624,964,466,823,174.7324
12,324.8412,3,1207.2592,549.1179,15084.0,47.0,142.6026,0.7444,1.1744,463.0,22.8789,0.66,0.7952,964,1313,466,823,174.7324
12,324.8412,4,1398.4228,563.2605,10215.0,0.0,144.0949,0.8019,1.8831,481.0,34.9424,0.4907,0.6583,1313,1657,466,823,174.7324
12,325.2418,1,526.7176,529.8457,7266.0,410.0,122.9661,0.8864,2.0365,452.0,38.2524,0.4675,0.6371,280,624,466,823,174.7324
12,325.2418,2,798.1188,527.0579,16636.0,1122.0,201.0682,0.5973,1.9561,445.0,22.3029,0.6905,0.8169,624,964,466,823,174.7324
12,325.2418,3,1205.7527,550.4261,14634.0,28.0,148.0094,0.6974,1.3298,464.0,17.2877,0.7771,0.8746,964,1313,466,823,174.7324
12,325.2418,4,1388.879,555.0416,8073.0,23.0,164.5459,0.9817,2.8073,466.0,36.0039,0.4543,0.6248,1313,1657,466,823,174.7324
12,325.6423,1,550.0778,521.2546,6527.0,764.0,139.7254,0.993,2.58,444.0,40.853,0.4302,0.6016,280,624,466,823,174.7324
12,325.6423,2,818.8438,531.0376,16342.0,726.0,196.7733,0.5054,2.0622,450.0,33.0272,0.4999,0.6666,624,964,466,823,174.7324
12,325.6423,3,1202.9999,543.0386,14513.0,229.0,149.1328,0.7466,1.3003,460.0,22.0654,0.7215,0.8382,964,1313,466,823,174.7324
12,325.6423,4,1393.7775,587.656,10625.0,0.0,153.111,0.9747,2.0561,489.0,25.7314,0.5301,0.6929,1313,1657,466,823,174.7324
12,326.0429,1,541.9483,536.878,7277.0,158.0,123.6035,0.9361,1.9137,463.0,35.6588,0.5305,0.6933,280,624,466,823,174.7324
12,326.0429,2,847.281,544.2889,17026.0,532.0,181.0146,0.6484,1.708,452.0,38.9415,0.3859,0.5569,624,964,466,823,174.7324
12,326.0429,3,1199.5496,550.4312,15833.0,108.0,158.2389,0.7748,1.3802,461.0,19.9597,0.7489,0.8565,964,1313,466,823,174.7324
12,326.0429,4,1402.7401,588.1421,10644.0,0.0,159.6774,0.9601,2.2053,487.0,24.9351,0.5401,0.7014,1313,1657,466,823,174.7324
12,326.4434,1,533.6308,535.2055,8521.0,326.0,131.1012,0.9064,1.8723,455.0,33.2068,0.5417,0.7027,280,624,466,823,174.7324
12,326.4434,2,865.9331,548.3881,16458.0,308.0,181.0594,0.7575,1.7304,457.0,25.9744,0.5913,0.7432,624,964,466,823,174.7324
12,326.4434,3,1192.0242,548.0881,14612.0,28.0,158.9272,0.6268,1.4955,464.0,24.489,0.6653,0.799,964,1313,466,823,174.7324
12,326.4434,4,1411.5972,581.4515,11553.0,0.0,169.759,0.9188,2.2203,480.0,24.6086,0.5903,0.7424,1313,1657,466,823,174.7324
12,326.844,1,528.1922,531.0224,8805.0,602.0,123.8066,0.9603,1.6449,449.0,27.2611,0.6298,0.7728,280,624,466,823,174.7324
12,326.844,2,872.2675,548.4598,16606.0,295.0,185.2381,0.8256,1.7109,456.0,17.911,0.7536,0.8595,624,964,466,823,174.7324
12,326.844,3,1190.5833,547.7531,14881.0,117.0,160.8301,0.6394,1.4993,462.0,17.1153,0.7796,0.8761,964,1313,466,823,174.7324
12,326.844,4,1417.6822,576.6003,13970.0,0.0,194.2079,0.8468,2.2999,478.0,30.3377,0.5782,0.7328,1313,1657,466,823,174.7324
12,327.2445,1,528.2965,537.3204,7950.0,212.0,124.5731,0.8263,1.8663,467.0,31.2447,0.5799,0.7341,280,624,466,823,174.7324
12,327.2445,2,870.3906,540.8496,15034.0,398.0,167.6862,0.7627,1.5934,454.0,22.8637,0.7001,0.8236,624,964,466,823,174.7324
12,327.2445,3,1190.6285,540.5418,14824.0,155.0,164.1714,0.6527,1.4986,466.0,15.3101,0.8238,0.9034,964,1313,466,823,174.7324
12,327.2445,4,1410.0437,560.4453,12934.0,0.0,180.885,0.6939,2.16,476.0,29.8926,0.5733,0.7288,1313,1657,466,823,174.7324
12,327.645,1,538.1586,541.1946,8234.0,294.0,123.0229,0.946,1.7837,465.0,30.8365,0.5348,0.6969,280,624,466,823,174.7324
12,327.645,2,868.0748,541.2545,15640.0,503.0,158.4765,0.756,1.405,450.0,20.1345,0.7138,0.833,624,964,466,823,174.7324
12,327.645,3,1191.0984,548.3241,14759.0,30.0,169.1335,0.6127,1.7222,464.0,16.5344,0.8025,0.8904,964,1313,466,823,174.7324
12,327.645,4,1396.6984,555.2092,11535.0,0.0,130.6993,0.7413,1.3244,476.0,36.9654,0.4959,0.663,1313,1657,466,823,174.7324
12,328.0456,1,540.6143,539.7592,7936.0,343.0,122.2216,0.9829,1.8343,466.0,25.5692,0.6393,0.78,280,624,466,823,174.7324
12,328.0456,2,872.9937,548.4512,16395.0,117.0,166.5131,0.8108,1.4483,460.0,25.0956,0.6741,0.8053,624,964,466,823,174.7324
12,328.0456,3,1197.69,544.3689,13922.0,213.0,164.1898,0.6795,1.7649,460.0,25.0796,0.648,0.7864,964,1313,466,823,174.7324
12,328.0456,4,1387.1603,544.4945,12118.0,0.0,124.362,0.2347,1.0699,480.0,29.7184,0.5923,0.7439,1313,1657,466,823,174.7324
12,328.4461,1,540.4439,546.8301,7724.0,495.0,122.0587,0.9779,1.9985,468.0,25.9657,0.6091,0.7571,280,624,466,823,174.7324
12,328.4461,2,874.195,549.3617,16156.0,151.0,159.8814,0.8876,1.3556,458.0,14.5085,0.8114,0.8959,624,964,466,823,174.7324
12,328.4461,3,1212.937,543.3104,12946.0,30.0,155.2427,0.7768,1.6431,464.0,31.1546,0.5566,0.7151,964,1313,466,823,174.7324
12,328.4461,4,1405.4095,551.2545,14326.0,0.0,152.7245,0.5108,1.3936,478.0,33.1054,0.5288,0.6918,1313,1657,466,823,174.7324
12,328.8467,1,539.9069,557.8908,8006.0,327.0,122.5317,0.9521,1.9652,479.0,27.5481,0.5918,0.7435,280,624,466,823,174.7324
12,328.8467,2,871.085,541.5197,15605.0,235.0,148.2179,0.9933,1.1896,455.0,21.2974,0.7057,0.8275,624,964,466,823,174.7324
12,328.8467,3,1218.0328,549.4518,13827.0,40.0,144.7849,0.8124,1.3834,464.0,21.7712,0.6859,0.8137,964,1313,466,823,174.7324
12,328.8467,4,1426.8143,561.4839,13854.0,0.0,144.1594,0.7147,1.3155,481.0,35.0852,0.4947,0.662,1313,1657,466,823,174.7324
12,329.2472,1,540.5184,559.7431,7626.0,0.0,127.8007,0.9394,1.9319,479.0,19.5938,0.6762,0.8068,280,624,466,823,174.7324
12,329.2472,2,869.3831,546.9333,15344.0,351.0,148.6678,0.984,1.2645,451.0,18.2603,0.7579,0.8623,624,964,466,823,174.7324
12,329.2472,3,1218.0995,552.5381,13894.0,0.0,153.1907,0.7837,1.5504,466.0,18.4906,0.7322,0.8454,964,1313,466,823,174.7324
12,329.2472,4,1441.552,570.0241,14575.0,0.0,150.8611,0.8459,1.4033,477.0,28.8623,0.5764,0.7313,1313,1657,466,823,174.7324
12,329.6478,1,537.9815,551.7578,8535.0,157.0,134.2122,0.9248,1.8753,479.0,22.6734,0.6805,0.8099,280,624,466,823,174.7324
12,329.6478,2,868.1055,553.4009,16158.0,148.0,155.8749,0.9939,1.3145,458.0,20.3715,0.699,0.8229,624,964,466,823,174.7324
12,329.6478,3,1212.7937,551.4357,14366.0,65.0,158.1392,0.8311,1.5682,463.0,21.0511,0.7138,0.833,964,1313,466,823,174.7324
12,329.6478,4,1449.2517,564.888,13800.0,0.0,156.8453,0.8083,1.5588,477.0,14.7789,0.793,0.8846,1313,1657,466,823,174.7324
12,330.0483,1,541.2163,560.3384,9962.0,261.0,162.6431,0.9901,2.3609,465.0,27.7385,0.6186,0.7643,280,624,466,823,174.7324
12,330.0483,2,864.8865,551.1309,15360.0,166.0,155.8919,0.9841,1.3863,457.0,14.097,0.7886,0.8818,624,964,466,823,174.7324
12,330.0483,3,1209.4534,545.706,14067.0,23.0,157.4561,0.8233,1.5343,464.0,18.8793,0.757,0.8617,964,1313,466,823,174.7324
12,330.0483,4,1452.4842,563.627,15403.0,15.0,169.1363,0.7309,1.6351,470.0,23.3745,0.6612,0.7961,1313,1657,466,823,174.7324
12,330.4489,1,531.3794,574.0671,8430.0,0.0,145.4145,0.8917,2.2684,493.0,35.2905,0.4766,0.6455,280,624,466,823,174.7324
12,330.4489,2,864.3597,550.5671,15520.0,193.0,157.1933,0.9519,1.3925,456.0,14.1218,0.7967,0.8869,624,964,466,823,174.7324
12,330.4489,3,1217.7463,540.9605,13250.0,32.0,138.4459,0.959,1.1873,465.0,28.3524,0.6311,0.7738,964,1313,466,823,174.7324
12,330.4489,4,1467.1357,565.6866,16504.0,0.0,186.7622,0.6266,1.8565,473.0,28.4608,0.6068,0.7553,1313,1657,466,823,174.7324
12,330.8494,1,539.6789,541.799,10422.0,1694.0,198.9002,0.9948,3.2848,423.0,42.3773,0.3758,0.5463,280,624,466,823,174.7324
12,330.8494,2,862.799,550.3077,15176.0,177.0,157.696,0.9435,1.4247,457.0,12.9872,0.8018,0.89,624,964,466,823,174.7324
12,330.8494,3,1218.444,544.2349,13003.0,40.0,128.2029,0.9993,1.0764,463.0,29.89,0.6646,0.7985,964,1313,466,823,174.7324
12,330.8494,4,1480.2425,564.4857,17376.0,0.0,186.5675,0.5315,1.7499,478.0,25.1672,0.6536,0.7905,1313,1657,466,823,174.7324
12,331.2499,1,515.564,549.0778,10334.0,83.0,168.593,0.7315,2.4176,467.0,47.2388,0.3079,0.4708,280,624,466,823,174.7324
12,331.2499,2,860.2817,544.9528,14882.0,304.0,159.328,0.9552,1.4533,453.0,10.3604,0.8777,0.9349,624,964,466,823,174.7324
12,331.2499,3,1213.0306,545.7464,13843.0,6.0,136.3711,0.7976,1.1676,467.0,25.7909,0.6665,0.7999,964,1313,466,823,174.7324
12,331.2499,4,1490.4338,567.0457,16945.0,0.0,179.1907,0.5721,1.6677,475.0,24.0773,0.6588,0.7943,1313,1657,466,823,174.7324
12,331.6505,1,512.7158,548.5165,9083.0,239.0,140.0584,0.8122,2.0892,455.0,36.0928,0.5186,0.683,280,624,466,823,174.7324
12,331.6505,2,857.4718,550.0797,15247.0,226.0,149.6023,0.9988,1.2982,455.0,18.1306,0.7179,0.8358,624,964,466,823,174.7324
12,331.6505,3,1201.3405,553.3987,13975.0,22.0,138.9748,0.939,1.2406,464.0,29.8685,0.6218,0.7668,964,1313,466,823,174.7324
12,331.6505,4,1498.8236,578.3575,18388.0,0.0,171.433,0.5965,1.4612,488.0,25.9857,0.6258,0.7698,1313,1657,466,823,174.7324
12,332.051,1,534.3661,513.1598,5531.0,443.0,102.8034,0.993,1.7034,451.0,42.4891,0.3342,0.501,280,624,466,823,174.7324
12,332.051,2,861.4744,548.0103,15195.0,298.0,152.0808,0.9502,1.3407,453.0,17.1689,0.727,0.8419,624,964,466,823,174.7324
12,332.051,3,1188.1229,552.4113,13625.0,31.0,133.5254,0.9954,1.1821,463.0,29.2771,0.6033,0.7526,964,1313,466,823,174.7324
12,332.051,4,1498.5311,579.2031,16512.0,0.0,155.7997,0.8009,1.3355,485.0,23.2305,0.6417,0.7817,1313,1657,466,823,174.7324
12,332.4516,1,522.1611,496.9203,7189.0,764.0,122.2012,0.5656,1.5926,450.0,37.4936,0.468,0.6376,280,624,466,823,174.7324
12,332.4516,2,859.1413,547.6048,15257.0,333.0,158.6981,0.9142,1.45,453.0,16.7251,0.7654,0.8671,624,964,466,823,174.7324
12,332.4516,3,1184.3928,554.5106,13789.0,0.0,137.3918,0.9595,1.2247,468.0,20.5922,0.7733,0.8722,964,1313,466,823,174.7324
12,332.4516,4,1501.7777,577.5428,16681.0,0.0,148.1477,0.8304,1.1666,490.0,26.9454,0.6024,0.7519,1313,1657,466,823,174.7324
12,332.8521,1,495.5897,503.2512,10025.0,1153.0,159.2843,0.5721,1.9826,446.0,44.3817,0.4531,0.6237,280,624,466,823,174.7324
12,332.8521,2,856.9065,551.7089,15611.0,195.0,162.084,0.8808,1.4821,457.0,18.7887,0.7417,0.8517,624,964,466,823,174.7324
12,332.8521,3,1179.7724,556.6996,14592.0,0.0,142.5593,0.9078,1.2565,466.0,21.0423,0.7289,0.8432,964,1313,466,823,174.7324
12,332.8521,4,1495.2217,573.2675,16223.0,0.0,158.2344,0.7647,1.4155,483.0,23.306,0.6604,0.7955,1313,1657,466,823,174.7324
12,333.2527,1,467.6418,508.6305,10809.0,955.0,157.4179,0.6238,1.8694,448.0,44.8043,0.441,0.6121,280,624,466,823,174.7324
12,333.2527,2,853.6291,550.2909,15721.0,397.0,168.0856,0.8336,1.6163,452.0,18.6161,0.7209,0.8378,624,964,466,823,174.7324
12,333.2527,3,1184.8672,553.262,14523.0,7.0,143.0866,0.8564,1.2417,465.0,19.2291,0.7531,0.8591,964,1313,466,823,174.7324
12,333.2527,4,1482.0279,564.4051,16464.0,0.0,179.1722,0.6066,1.7335,482.0,23.29,0.6561,0.7924,1313,1657,466,823,174.7324
12,333.6532,1,461.8633,502.9315,10401.0,666.0,157.2151,0.401,1.8523,451.0,25.6954,0.7313,0.8448,280,624,466,823,174.7324
12,333.6532,2,845.6683,539.4963,15572.0,484.0,161.2822,0.7784,1.4265,450.0,18.6993,0.7017,0.8247,624,964,466,823,174.7324
12,333.6532,3,1189.6264,558.9448,15368.0,0.0,152.026,0.8071,1.3454,467.0,23.2935,0.7045,0.8266,964,1313,466,823,174.7324
12,333.6532,4,1473.3425,562.7421,17009.0,0.0,195.009,0.5727,1.9442,478.0,20.4377,0.7154,0.8341,1313,1657,466,823,174.7324
12,334.0538,1,452.9602,504.5362,9386.0,533.0,134.9367,0.395,1.5889,450.0,24.6547,0.749,0.8565,280,624,466,823,174.7324
12,334.0538,2,836.3471,548.649,18063.0,1046.0,183.0427,0.9147,1.4742,439.0,22.4917,0.6468,0.7856,624,964,466,823,174.7324
12,334.0538,3,1197.6317,553.9186,17539.0,760.0,166.6745,0.9951,1.3136,441.0,27.2042,0.6386,0.7794,964,1313,466,823,174.7324
12,334.0538,4,1457.7379,562.0291,16056.0,0.0,204.368,0.4848,2.3229,481.0,25.166,0.6062,0.7548,1313,1657,466,823,174.7324
12,334.4543,1,447.8972,505.4009,7947.0,721.0,110.3877,0.9382,1.2336,445.0,30.7931,0.6587,0.7942,280,624,466,823,174.7324
12,334.4543,2,823.4729,567.599,19293.0,196.0,209.828,0.869,1.9394,458.0,37.0294,0.4779,0.6467,624,964,466,823,174.7324
12,334.4543,3,1187.1169,577.2745,18308.0,26.0,189.1248,0.9865,1.6976,464.0,30.6476,0.5486,0.7085,964,1313,466,823,174.7324
12,334.4543,4,1452.8766,570.8951,16972.0,0.0,189.554,0.5928,1.9454,474.0,27.1764,0.5615,0.7192,1313,1657,466,823,174.7324
12,334.8548,1,449.7056,508.321,8812.0,885.0,123.6753,0.9142,1.4119,446.0,28.0233,0.7208,0.8378,280,624,466,823,174.7324
12,334.8548,2,812.838,577.9409,18325.0,0.0,184.966,0.9992,1.6182,466.0,32.835,0.4995,0.6662,624,964,466,823,174.7324
12,334.8548,3,1200.873,560.4189,16910.0,58.0,191.0434,0.7877,1.8121,463.0,31.7432,0.5416,0.7027,964,1313,466,823,174.7324
12,334.8548,4,1432.3511,566.3952,15702.0,0.0,206.5415,0.5576,2.3436,477.0,26.4382,0.5734,0.7288,1313,1657,466,823,174.7324
12,335.2554,1,455.1805,522.9589,11235.0,788.0,143.9572,0.7104,1.6617,451.0,33.3769,0.6053,0.7541,280,624,466,823,174.7324
12,335.2554,2,811.9946,557.2455,16874.0,208.0,190.629,0.9156,1.7549,456.0,24.7867,0.6285,0.7718,624,964,466,823,174.7324
12,335.2554,3,1191.2478,543.0987,15418.0,741.0,166.2493,0.7781,1.5721,445.0,34.3,0.5718,0.7276,964,1313,466,823,174.7324
12,335.2554,4,1424.3173,574.9175,16457.0,0.0,201.9551,0.6006,2.1484,487.0,27.1549,0.6067,0.7552,1313,1657,466,823,174.7324
12,335.6559,1,464.0799,517.3355,11895.0,1081.0,167.318,0.6644,2.0414,446.0,28.9575,0.6651,0.7989,280,624,466,823,174.7324
12,335.6559,2,808.6787,542.4191,16062.0,728.0,179.7802,0.7836,1.7778,447.0,29.6087,0.5485,0.7085,624,964,466,823,174.7324
12,335.6559,3,1204.735,552.8525,17066.0,736.0,167.3208,0.9383,1.4025,439.0,29.7983,0.5538,0.7128,964,1313,466,823,174.7324
12,335.6559,4,1413.9291,575.8636,16541.0,0.0,201.7547,0.6592,2.0953,488.0,20.785,0.6981,0.8222,1313,1657,466,823,174.7324
12,336.0565,1,469.7068,524.6962,12321.0,964.0,176.2362,0.6172,2.2547,448.0,32.304,0.6672,0.8004,280,624,466,823,174.7324
12,336.0565,2,808.0252,540.9146,16974.0,1278.0,185.5005,0.7091,1.8441,440.0,22.3246,0.6426,0.7824,624,964,466,823,174.7324
12,336.0565,3,1213.2511,557.8441,16526.0,276.0,170.5548,0.8602,1.5761,479.0,27.287,0.6697,0.8022,964,1313,466,823,174.7324
12,336.0565,4,1408.6442,574.1004,16241.0,0.0,201.9246,0.6783,2.2133,489.0,20.2178,0.7297,0.8438,1313,1657,466,823,174.7324
12,336.457,1,490.228,531.786,12103.0,837.0,160.7272,0.6638,2.0105,448.0,44.8132,0.4434,0.6144,280,624,466,823,174.7324
12,336.457,2,832.2777,546.4318,18049.0,979.0,215.0779,0.7598,2.2202,443.0,40.8798,0.3971,0.5685,624,964,466,823,174.7324
12,336.457,3,1211.4256,547.842,15246.0,532.0,186.5346,0.8805,1.7951,453.0,27.4845,0.6543,0.791,964,1313,466,823,174.7324
12,336.457,4,1405.1393,575.186,17802.0,0.0,172.1437,0.9687,1.4069,470.0,31.4422,0.5434,0.7042,1313,1657,466,823,174.7324
12,336.8576,1,513.4353,535.589,9877.0,585.0,150.8196,0.8182,2.0932,450.0,45.2534,0.3864,0.5574,280,624,466,823,174.7324
12,336.8576,2,853.9874,569.7059,18128.0,0.0,212.2309,0.7124,2.1877,468.0,46.5389,0.3592,0.5286,624,964,466,823,174.7324
12,336.8576,3,1211.5403,535.7545,10686.0,56.0,155.5953,0.7847,1.929,463.0,29.8446,0.6121,0.7594,964,1313,466,823,174.7324
12,336.8576,4,1403.685,573.3821,15824.0,0.0,154.2624,0.8097,1.3367,490.0,19.3722,0.7473,0.8554,1313,1657,466,823,174.7324
12,337.2581,1,524.0681,533.4426,10104.0,411.0,147.6676,0.8918,1.8961,454.0,26.6388,0.6296,0.7727,280,624,466,823,174.7324
12,337.2581,2,865.5654,571.0651,18119.0,677.0,197.2219,0.9601,1.8283,446.0,34.278,0.4582,0.6284,624,964,466,823,174.7324
12,337.2581,3,1225.4028,528.7649,8933.0,235.0,136.0856,0.8883,1.7764,458.0,23.0638,0.6415,0.7816,964,1313,466,823,174.7324
12,337.2581,4,1422.3709,547.1589,15051.0,0.0,200.9185,0.6259,2.0232,471.0,35.9543,0.4948,0.662,1313,1657,466,823,174.7324
12,337.6586,1,523.7469,530.9713,9202.0,553.0,143.7984,0.827,2.0415,449.0,18.6804,0.7589,0.8629,280,624,466,823,174.7324
12,337.6586,2,851.0836,555.0444,15296.0,389.0,191.7614,0.7337,2.1561,452.0,31.8956,0.4911,0.6587,624,964,466,823,174.7324
12,337.6586,3,1236.2251,545.0334,9968.0,140.0,163.2695,0.9951,2.3601,461.0,32.7954,0.5175,0.6821,964,1313,466,823,174.7324
12,337.6586,4,1466.7615,543.2314,15234.0,0.0,207.9486,0.444,2.3264,477.0,46.2671,0.4079,0.5794,1313,1657,466,823,174.7324
12,338.0592,1,527.9049,529.3472,8411.0,477.0,132.5466,0.8783,1.9114,452.0,26.0474,0.6905,0.8169,280,624,466,823,174.7324
12,338.0592,2,851.1756,555.9767,13539.0,411.0,173.0311,0.8284,2.0947,453.0,25.6188,0.5775,0.7322,624,964,466,823,174.7324
12,338.0592,3,1232.6491,541.6818,10014.0,250.0,157.4363,0.9943,1.9113,456.0,24.867,0.715,0.8339,964,1313,466,823,174.7324
12,338.0592,4,1511.4533,547.7094,18471.0,51.0,221.5727,0.3025,2.3157,480.0,41.2564,0.382,0.5528,1313,1657,466,823,174.7324
12,338.4597,1,534.4652,537.7096,8026.0,256.0,133.2767,0.9189,1.9942,456.0,31.7722,0.5677,0.7242,280,624,466,823,174.7324
12,338.4597,2,866.8186,542.9809,15192.0,1683.0,189.3409,0.9456,2.3095,442.0,31.215,0.4758,0.6448,624,964,466,823,174.7324
12,338.4597,3,1217.3669,536.1179,10394.0,235.0,146.0974,0.9873,1.6965,457.0,35.579,0.5735,0.7289,964,1313,466,823,174.7324
12,338.4597,4,1537.6889,553.0594,17426.0,56.0,196.8025,0.3797,2.0069,478.0,29.5676,0.5399,0.7012,1313,1657,466,823,174.7324
12,338.8603,1,539.0227,538.6733,7520.0,338.0,133.3879,0.947,2.1443,453.0,22.4709,0.7184,0.8361,280,624,466,823,174.7324
12,338.8603,2,870.4686,567.3473,13310.0,115.0,164.3046,0.9567,1.7607,461.0,36.8202,0.4203,0.5919,624,964,466,823,174.7324
12,338.8603,3,1217.0335,532.5744,9747.0,210.0,137.2621,0.9607,1.6474,458.0,35.493,0.6205,0.7658,964,1313,466,823,174.7324
12,338.8603,4,1544.4113,568.2544,18328.0,47.0,197.2767,0.477,1.9171,485.0,29.8698,0.5744,0.7297,1313,1657,466,823,174.7324
12,339.2608,1,538.9327,542.4459,8085.0,408.0,137.563,0.9545,2.1981,452.0,19.8157,0.7376,0.849,280,624,466,823,174.7324
12,339.2608,2,880.8982,574.9821,12735.0,272.0,169.1022,0.9831,1.9928,455.0,29.5589,0.5118,0.6771,624,964,466,823,174.7324
12,339.2608,3,1201.4223,534.373,10191.0,244.0,130.4662,0.998,1.4772,456.0,32.4285,0.5644,0.7215,964,1313,466,823,174.7324
12,339.2608,4,1554.7114,575.893,19504.0,45.0,188.7921,0.622,1.6447,486.0,23.7161,0.6557,0.7921,1313,1657,466,823,174.7324
12,339.6614,1,532.084,546.4228,8205.0,223.0,133.6457,0.922,2.0624,457.0,25.5115,0.6254,0.7696,280,624,466,823,174.7324
12,339.6614,2,883.1778,553.5978,13724.0,984.0,197.7708,0.9847,2.3137,441.0,27.1325,0.5908,0.7427,624,964,466,823,174.7324
12,339.6614,3,1191.2224,550.0225,11306.0,68.0,153.9305,0.9697,1.8252,462.0,32.2908,0.5587,0.7168,964,1313,466,823,174.7324
12,339.6614,4,1545.5988,572.0998,16758.0,0.0,178.9945,0.6952,1.6515,493.0,17.145,0.7713,0.8709,1313,1657,466,823,174.7324
12,340.0619,1,531.7358,550.277,8343.0,200.0,121.1892,0.8915,1.7771,474.0,23.5951,0.6749,0.8059,280,624,466,823,174.7324
12,340.0619,2,867.309,564.9117,14503.0,541.0,188.8702,0.9646,2.4405,447.0,31.1736,0.5285,0.6915,624,964,466,823,174.7324
12,340.0619,3,1175.3541,536.0514,11323.0,439.0,153.5528,0.8675,1.8323,454.0,29.5776,0.6247,0.769,964,1313,466,823,174.7324
12,340.0619,4,1535.7342,577.5798,16872.0,0.0,177.5827,0.7211,1.6715,485.0,22.3413,0.7018,0.8248,1313,1657,466,823,174.7324
12,340.4625,1,537.264,545.5137,8037.0,167.0,123.6974,0.9027,1.7739,481.0,25.0213,0.6555,0.7919,280,624,466,823,174.7324
12,340.4625,2,856.9105,566.2153,14219.0,269.0,175.4329,0.978,1.9137,454.0,36.0199,0.496,0.6631,624,964,466,823,174.7324
12,340.4625,3,1164.2981,547.7793,11589.0,179.0,134.1051,0.9576,1.4939,458.0,33.0044,0.5279,0.691,964,1313,466,823,174.7324
12,340.4625,4,1524.8902,580.4117,16392.0,0.0,170.0845,0.7283,1.6233,489.0,23.2275,0.6739,0.8052,1313,1657,466,823,174.7324
12,340.863,1,535.519,541.1712,8491.0,486.0,144.7594,0.9059,2.1622,450.0,21.869,0.7081,0.8291,280,624,466,823,174.7324
12,340.863,2,843.6606,541.7328,12056.0,970.0,159.2224,0.9902,1.9012,438.0,38.8647,0.4585,0.6287,624,964,466,823,174.7324
12,340.863,3,1155.8604,545.9852,11769.0,226.0,146.3054,0.9651,1.7038,459.0,33.8802,0.5496,0.7093,964,1313,466,823,174.7324
12,340.863,4,1512.8579,575.999,16575.0,0.0,177.7791,0.7169,1.708,488.0,25.9819,0.6184,0.7642,1313,1657,466,823,174.7324
12,341.2635,1,529.369,538.7852,11376.0,1972.0,191.14,0.9937,2.9259,421.0,36.0812,0.4709,0.6403,280,624,466,823,174.7324
12,341.2635,2,838.1036,535.2564,14047.0,1729.0,192.8035,0.9848,2.2003,428.0,29.6023,0.643,0.7827,624,964,466,823,174.7324
12,341.2635,3,1167.361,532.0185,12550.0,317.0,183.9604,0.8373,2.0025,459.0,39.1022,0.5696,0.7258,964,1313,466,823,174.7324
12,341.2635,4,1500.3816,580.1353,18217.0,0.0,195.7263,0.8338,1.7898,474.0,30.2035,0.569,0.7253,1313,1657,466,823,174.7324
12,341.6641,1,512.4364,574.7426,10568.0,0.0,156.3592,0.7186,2.055,495.0,50.5208,0.3078,0.4707,280,624,466,823,174.7324
12,341.6641,2,827.3718,580.321,13291.0,0.0,180.0267,0.9746,2.0506,467.0,36.824,0.5366,0.6984,624,964,466,823,174.7324
12,341.6641,3,1184.343,541.5593,13089.0,337.0,173.5749,0.7752,2.036,457.0,44.232,0.5093,0.6749,964,1313,466,823,174.7324
12,341.6641,4,1482.9409,562.774,16667.0,0.0,217.8642,0.7303,2.4631,468.0,27.1397,0.6279,0.7714,1313,1657,466,823,174.7324
12,342.0646,1,520.2764,548.4586,10249.0,518.0,187.6347,0.8522,2.7733,449.0,34.8526,0.4781,0.6469,280,624,466,823,174.7324
12,342.0646,2,828.3584,570.1882,14393.0,237.0,198.4104,0.962,2.3403,456.0,41.653,0.4711,0.6405,624,964,466,823,174.7324
12,342.0646,3,1197.5217,554.3643,12957.0,84.0,165.0872,0.8288,1.9384,463.0,37.9927,0.5093,0.6749,964,1313,466,823,174.7324
12,342.0646,4,1511.9865,560.135,17680.0,28.0,236.1651,0.4454,2.7233,477.0,36.4577,0.4753,0.6444,1313,1657,466,823,174.7324
12,342.4652,1,512.9687,538.6757,12351.0,1709.0,184.8518,0.9184,2.5694,423.0,35.5248,0.5108,0.6762,280,624,466,823,174.7324
12,342.4652,2,829.4048,529.3776,13730.0,1203.0,178.3853,0.7595,1.9559,444.0,48.5196,0.4292,0.6006,624,964,466,823,174.7324
12,342.4652,3,1210.5273,557.0593,12117.0,167.0,161.5887,0.8695,2.032,460.0,27.1788,0.5851,0.7382,964,1313,466,823,174.7324
12,342.4652,4,1545.166,553.4004,16162.0,191.0,188.2436,0.5184,2.0084,470.0,34.8925,0.4803,0.6489,1313,1657,466,823,174.7324
12,342.8657,1,510.7025,555.9534,9159.0,0.0,132.7266,0.6358,1.8409,488.0,35.053,0.4738,0.643,280,624,466,823,174.7324
12,342.8657,2,822.8189,519.7777,13631.0,1257.0,179.8078,0.6881,1.9018,442.0,27.5448,0.6809,0.8101,624,964,466,823,174.7324
12,342.8657,3,1221.306,559.771,11946.0,29.0,140.6697,0.9752,1.5673,464.0,33.2504,0.529,0.6919,964,1313,466,823,174.7324
12,342.8657,4,1572.1592,565.432,14639.0,52.0,155.2279,0.6817,1.5731,476.0,35.7774,0.4415,0.6126,1313,1657,466,823,174.7324
12,343.2663,1,526.5882,544.4618,9381.0,336.0,143.526,0.8377,2.0866,453.0,31.8832,0.5026,0.6689,280,624,466,823,174.7324
12,343.2663,2,811.7282,545.6076,14876.0,1077.0,190.9352,0.9268,2.1347,446.0,41.8138,0.4645,0.6344,624,964,466,823,174.7324
12,343.2663,3,1227.8666,530.929,9636.0,337.0,145.0994,0.9988,1.7834,456.0,29.5026,0.6113,0.7588,964,1313,466,823,174.7324
12,343.2663,4,1572.0569,558.4847,14598.0,15.0,166.9089,0.7439,1.604,470.0,21.0309,0.6845,0.8127,1313,1657,466,823,174.7324
12,343.6668,1,535.9701,508.2629,6193.0,444.0,113.8519,0.8869,1.6347,452.0,34.0419,0.5299,0.6927,280,624,466,823,174.7324
12,343.6668,2,805.3556,570.1834,15669.0,272.0,205.4171,0.8359,2.3175,457.0,39.5132,0.5029,0.6692,624,964,466,823,174.7324
12,343.6668,3,1234.5613,534.2372,9809.0,305.0,140.9842,0.9947,1.7174,457.0,20.1017,0.7452,0.854,964,1313,466,823,174.7324
12,343.6668,4,1570.1736,553.3871,14157.0,585.0,174.7644,0.5853,1.8418,486.0,22.6774,0.6697,0.8022,1313,1657,466,823,174.7324
12,344.0674,1,537.833,515.1512,5383.0,524.0,118.4404,0.9977,2.3097,448.0,31.9656,0.5509,0.7104,280,624,466,823,174.7324
12,344.0674,2,797.6262,547.1003,14442.0,993.0,177.2292,0.9413,1.9048,440.0,42.972,0.4916,0.6592,624,964,466,823,174.7324
12,344.0674,3,1231.2918,540.6424,10304.0,145.0,138.6319,0.9993,1.6292,462.0,18.8539,0.7955,0.8861,964,1313,466,823,174.7324
12,344.0674,4,1568.7376,561.6601,14854.0,45.0,171.229,0.6815,1.7573,481.0,18.6132,0.6925,0.8183,1313,1657,466,823,174.7324
12,344.4679,1,529.5202,502.2228,5723.0,474.0,104.7123,0.9984,1.4248,448.0,30.5521,0.5133,0.6784,280,624,466,823,174.7324
12,344.4679,2,791.3187,541.4749,14015.0,1095.0,148.3358,0.9924,1.4397,440.0,32.2158,0.5532,0.7124,624,964,466,823,174.7324
12,344.4679,3,1222.4256,536.9112,10871.0,336.0,149.7823,0.9981,1.7233,454.0,25.9292,0.6717,0.8036,964,1313,466,823,174.7324
12,344.4679,4,1566.266,568.7903,15609.0,0.0,167.4586,0.8083,1.5366,476.0,22.6905,0.7537,0.8595,1313,1657,466,823,174.7324
12,344.8684,1,519.2139,507.2333,6527.0,368.0,100.0683,0.9757,1.2347,452.0,26.4807,0.5823,0.736,280,624,466,823,174.7324
12,344.8684,2,808.1754,537.1742,12729.0,1027.0,170.1097,0.9924,1.9248,441.0,27.8837,0.5344,0.6965,624,964,466,823,174.7324
12,344.8684,3,1217.6559,560.5121,12277.0,144.0,165.7689,0.993,1.9473,461.0,26.0969,0.6941,0.8194,964,1313,466,823,174.7324
12,344.8684,4,1572.0734,572.6808,15713.0,46.0,165.5213,0.7477,1.5615,491.0,23.8834,0.7074,0.8286,1313,1657,466,823,174.7324
12,345.269,1,508.7617,503.9354,7651.0,575.0,115.2555,0.7734,1.3768,448.0,23.0155,0.6619,0.7966,280,624,466,823,174.7324
12,345.269,2,813.7654,531.3027,12059.0,1095.0,140.4208,0.9324,1.5406,442.0,22.7771,0.6529,0.79,624,964,466,823,174.7324
12,345.269,3,1207.635,553.4661,12228.0,106.0,172.8914,0.9023,2.1449,462.0,34.4209,0.5634,0.7208,964,1313,466,823,174.7324
12,345.269,4,1564.7163,571.9296,15963.0,0.0,144.3749,0.9508,1.1857,484.0,27.788,0.6325,0.7749,1313,1657,466,823,174.7324
12,345.6695,1,496.5374,510.529,8431.0,615.0,119.9957,0.9107,1.3922,447.0,28.4113,0.6481,0.7865,280,624,466,823,174.7324
12,345.6695,2,816.618,530.5911,12644.0,1039.0,170.5134,0.8676,1.9637,445.0,30.9703,0.6061,0.7547,624,964,466,823,174.7324
12,345.6695,3,1206.2686,542.5312,12260.0,132.0,156.9722,0.8045,1.7673,462.0,29.4524,0.6248,0.7691,964,1313,466,823,174.7324
12,345.6695,4,1556.8153,560.9085,15829.0,0.0,167.2994,0.5511,1.5101,478.0,29.4815,0.6078,0.7561,1313,1657,466,823,174.7324
12,346.0701,1,482.3968,519.904,9860.0,864.0,140.0878,0.9831,1.6543,443.0,37.2319,0.5823,0.736,280,624,466,823,174.7324
12,346.0701,2,803.594,531.2915,14537.0,1465.0,183.4161,0.8616,1.9273,440.0,34.7205,0.5903,0.7424,624,964,466,823,174.7324
12,346.0701,3,1215.7487,544.2434,11315.0,32.0,144.2874,0.8633,1.6488,464.0,34.0875,0.6327,0.7751,964,1313,466,823,174.7324
12,346.0701,4,1545.6605,550.056,15778.0,0.0,188.0752,0.4879,1.8467,479.0,23.5476,0.6916,0.8177,1313,1657,466,823,174.7324
12,346.4706,1,478.2959,533.7847,11597.0,773.0,159.0822,0.8976,1.9266,446.0,33.2937,0.6335,0.7756,280,624,466,823,174.7324
12,346.4706,2,799.4359,535.6421,14569.0,933.0,196.5889,0.729,2.2828,448.0,36.7469,0.6179,0.7638,624,964,466,823,174.7324
12,346.4706,3,1221.4912,550.1971,11296.0,6.0,142.2315,0.8866,1.6424,465.0,34.4414,0.5992,0.7494,964,1313,466,823,174.7324
12,346.4706,4,1529.5358,556.3637,17270.0,0.0,194.8639,0.5121,1.8424,482.0,28.3722,0.6386,0.7795,1313,1657,466,823,174.7324
12,346.8712,1,474.4893,529.5748,11829.0,654.0,163.084,0.7856,1.9398,450.0,27.0488,0.6726,0.8042,280,624,466,823,174.7324
12,346.8712,2,788.6919,530.4689,14250.0,1281.0,182.9243,0.723,2.0638,442.0,30.1879,0.6515,0.789,624,964,466,823,174.7324
12,346.8712,3,1228.2056,551.6061,11789.0,11.0,135.3691,0.9746,1.4309,465.0,27.9095,0.6361,0.7776,964,1313,466,823,174.7324
12,346.8712,4,1511.7373,564.8844,17795.0,0.0,192.4581,0.5583,1.801,482.0,29.2589,0.577,0.7318,1313,1657,466,823,174.7324
12,347.2717,1,474.6688,524.415,11511.0,673.0,169.1227,0.6815,2.1286,451.0,24.4816,0.6915,0.8177,280,624,466,823,174.7324
12,347.2717,2,776.6839,530.3321,14322.0,1273.0,176.921,0.7809,1.8942,443.0,31.9778,0.6101,0.7578,624,964,466,823,174.7324
12,347.2717,3,1224.5765,555.015,12537.0,16.0,137.6685,0.9636,1.389,465.0,21.0427,0.7447,0.8537,964,1313,466,823,174.7324
12,347.2717,4,1506.9432,585.1295,18247.0,0.0,196.1445,0.571,1.9396,485.0,26.116,0.638,0.779,1313,1657,466,823,174.7324
12,347.6723,1,482.8387,533.7644,11913.0,745.0,173.7179,0.6848,2.3729,448.0,34.9398,0.561,0.7188,280,624,466,823,174.7324
12,347.6723,2,769.1874,542.5326,14731.0,1109.0,187.8257,0.8065,2.1514,445.0,31.1666,0.6465,0.7853,624,964,466,823,174.7324
12,347.6723,3,1228.7622,562.5649,14351.0,30.0,160.3149,0.997,1.5808,464.0,28.2115,0.659,0.7945,964,1313,466,823,174.7324
12,347.6723,4,1495.0504,573.089,16756.0,0.0,188.8492,0.6813,1.8438,481.0,20.0655,0.6794,0.8091,1313,1657,466,823,174.7324
12,348.0728,1,499.8611,536.8937,11503.0,692.0,167.1349,0.7961,2.2327,451.0,39.0727,0.4992,0.666,280,624,466,823,174.7324
12,348.0728,2,772.2295,543.9311,14157.0,761.0,181.5799,0.8093,2.0382,449.0,18.3454,0.8349,0.91,624,964,466,823,174.7324
12,348.0728,3,1221.7203,569.4489,14567.0,0.0,170.2419,0.8767,1.7713,468.0,35.8423,0.5743,0.7296,964,1313,466,823,174.7324
12,348.0728,4,1493.094,571.9079,15865.0,0.0,181.7675,0.6729,1.8062,487.0,13.1222,0.8348,0.91,1313,1657,466,823,174.7324
12,348.4733,1,496.6091,539.0104,11574.0,412.0,168.6311,0.6834,2.2454,455.0,30.0803,0.6166,0.7628,280,624,466,823,174.7324
12,348.4733,2,775.2112,544.2417,14070.0,945.0,176.9726,0.8952,2.0103,443.0,29.7098,0.6642,0.7982,624,964,466,823,174.7324
12,348.4733,3,1211.587,556.3093,14340.0,156.0,158.8104,0.832,1.6389,461.0,35.763,0.5506,0.7102,964,1313,466,823,174.7324
12,348.4733,4,1497.582,554.7444,14066.0,0.0,175.0571,0.6616,1.7168,483.0,17.1658,0.7556,0.8608,1313,1657,466,823,174.7324
12,348.8739,1,504.7299,535.6429,10769.0,403.0,162.4671,0.7169,2.1935,455.0,30.7759,0.6464,0.7852,280,624,466,823,174.7324
12,348.8739,2,774.5126,554.1289,14162.0,514.0,158.4336,0.9984,1.6502,450.0,35.8693,0.5403,0.7015,624,964,466,823,174.7324
12,348.8739,3,1211.3101,555.0182,14791.0,15.0,150.78,0.8783,1.3877,465.0,21.2028,0.6997,0.8233,964,1313,466,823,174.7324
12,348.8739,4,1502.5286,567.0704,14865.0,0.0,166.0101,0.7063,1.5989,484.0,14.9088,0.7776,0.8749,1313,1657,466,823,174.7324
12,349.2744,1,511.7985,537.7102,10049.0,429.0,146.9482,0.8019,2.0206,453.0,34.8529,0.5711,0.727,280,624,466,823,174.7324
12,349.2744,2,780.4389,547.6246,12745.0,533.0,156.6519,0.9213,1.776,451.0,33.6483,0.5262,0.6896,624,964,466,823,174.7324
12,349.2744,3,1213.3193,552.9125,13342.0,0.0,151.0405,0.8236,1.5141,466.0,16.7779,0.7845,0.8793,964,1313,466,823,174.7324
12,349.2744,4,1509.7584,568.7547,16663.0,0.0,182.2349,0.8548,1.6909,469.0,22.2504,0.6813,0.8105,1313,1657,466,823,174.7324
12,349.675,1,526.9333,540.625,9579.0,474.0,146.4774,0.8865,2.0329,451.0,33.061,0.5537,0.7128,280,624,466,823,174.7324
12,349.675,2,795.3069,539.8351,13357.0,915.0,166.8724,0.8486,1.8574,447.0,35.4837,0.5283,0.6914,624,964,466,823,174.7324
12,349.675,3,1214.2323,541.805,12464.0,308.0,141.4382,0.9072,1.4029,456.0,25.3081,0.6888,0.8157,964,1313,466,823,174.7324
12,349.675,4,1513.6363,578.4774,15782.0,0.0,183.6587,0.8484,1.7655,482.0,23.5438,0.7415,0.8515,1313,1657,466,823,174.7324
12,350.0755,1,522.0182,541.0621,9672.0,267.0,147.8465,0.797,2.0534,456.0,28.4537,0.6458,0.7848,280,624,466,823,174.7324
12,350.0755,2,815.952,538.1914,14080.0,961.0,170.2986,0.8347,1.8298,447.0,38.9576,0.5212,0.6852,624,964,466,823,174.7324
12,350.0755,3,1217.095,551.8265,14048.0,131.0,146.5637,0.9153,1.4094,462.0,23.5007,0.706,0.8277,964,1313,466,823,174.7324
12,350.0755,4,1518.2913,578.1234,15931.0,0.0,166.6667,0.9993,1.5214,480.0,28.4026,0.6338,0.7758,1313,1657,466,823,174.7324
12,350.4761,1,526.8624,539.0718,8975.0,384.0,147.6553,0.8508,2.1996,454.0,25.6525,0.6857,0.8135,280,624,466,823,174.7324
12,350.4761,2,829.6479,549.4666,14092.0,723.0,171.3214,0.8651,1.921,450.0,39.9567,0.4982,0.6651,624,964,466,823,174.7324
12,350.4761,3,1218.9469,550.5204,13754.0,178.0,150.3596,0.9336,1.4761,461.0,19.984,0.7423,0.8521,964,1313,466,823,174.7324
12,350.4761,4,1527.5611,561.9187,15320.0,0.0,154.2486,0.7774,1.3452,473.0,34.3184,0.6197,0.7652,1313,1657,466,823,174.7324
12,350.8766,1,533.3892,539.9086,8753.0,542.0,139.831,0.943,2.0548,449.0,33.8867,0.5479,0.7079,280,624,466,823,174.7324
12,350.8766,2,842.4788,554.3865,14084.0,740.0,177.8296,0.9124,2.0313,449.0,36.4959,0.5327,0.6951,624,964,466,823,174.7324
12,350.8766,3,1220.2703,558.4615,13208.0,0.0,150.0074,0.8851,1.5718,466.0,24.3561,0.7114,0.8314,964,1313,466,823,174.7324
12,350.8766,4,1525.6127,569.173,18307.0,0.0,194.2735,0.9548,1.637,466.0,30.1904,0.6422,0.7821,1313,1657,466,823,174.7324
12,351.2771,1,537.32,548.5832,8124.0,453.0,141.9264,0.971,2.3671,450.0,31.6954,0.5729,0.7284,280,624,466,823,174.7324
12,351.2771,2,851.968,558.4472,13488.0,466.0,177.6897,0.9331,2.0661,452.0,29.1024,0.6083,0.7564,624,964,466,823,174.7324
12,351.2771,3,1222.9038,555.1178,12653.0,0.0,153.6504,0.8999,1.678,466.0,18.6307,0.7522,0.8586,964,1313,466,823,174.7324
12,351.2771,4,1525.6401,601.2726,18003.0,0.0,189.3674,0.8155,1.6968,505.0,38.2475,0.5623,0.7199,1313,1657,466,823,174.7324
12,351.6777,1,538.53,548.3927,8757.0,393.0,142.2215,0.9457,2.0718,452.0,25.6958,0.5966,0.7473,280,624,466,823,174.7324
12,351.6777,2,853.822,559.8718,13192.0,316.0,178.1462,0.9346,2.0955,456.0,20.062,0.7509,0.8577,624,964,466,823,174.7324
12,351.6777,3,1222.3748,552.3506,12681.0,48.0,151.1739,0.8982,1.6226,464.0,16.6975,0.7944,0.8855,964,1313,466,823,174.7324
12,351.6777,4,1516.9872,617.1738,20519.0,0.0,217.4175,0.9132,1.9205,492.0,30.2589,0.6773,0.8076,1313,1657,466,823,174.7324
12,352.0782,1,533.3592,549.5805,8799.0,266.0,126.2478,0.9068,1.733,465.0,17.7639,0.7197,0.837,280,624,466,823,174.7324
12,352.0782,2,851.1844,559.0371,13453.0,334.0,182.649,0.9073,2.2088,456.0,20.4946,0.769,0.8694,624,964,466,823,174.7324
12,352.0782,3,1222.469,547.6695,12174.0,178.0,151.5937,0.9072,1.692,459.0,18.8367,0.7672,0.8682,964,1313,466,823,174.7324
12,352.0782,4,1513.7419,608.5037,19523.0,0.0,221.0608,0.8508,2.1588,494.0,27.9753,0.6817,0.8107,1313,1657,466,823,174.7324
12,352.4788,1,533.6108,544.6602,8390.0,343.0,123.716,0.9255,1.7887,466.0,21.6045,0.6872,0.8146,280,624,466,823,174.7324
12,352.4788,2,847.4919,556.2445,13369.0,350.0,182.2649,0.8778,2.1871,456.0,21.8111,0.7286,0.843,624,964,466,823,174.7324
12,352.4788,3,1221.4474,548.6044,12476.0,98.0,154.9675,0.8944,1.7351,462.0,16.6679,0.8157,0.8985,964,1313,466,823,174.7324
12,352.4788,4,1517.9608,588.1127,20192.0,0.0,216.8685,0.7023,2.0564,476.0,35.1257,0.5756,0.7307,1313,1657,466,823,174.7324
12,352.8793,1,538.28,548.5754,8240.0,279.0,124.3016,0.9513,1.8324,468.0,22.8212,0.6719,0.8037,280,624,466,823,174.7324
12,352.8793,2,844.5693,557.387,14025.0,336.0,187.8125,0.8751,2.1987,456.0,22.3058,0.7468,0.8551,624,964,466,823,174.7324
12,352.8793,3,1218.5245,557.639,12768.0,0.0,156.7723,0.8672,1.7464,466.0,21.9516,0.7538,0.8596,964,1313,466,823,174.7324
12,352.8793,4,1521.9088,561.1251,18196.0,0.0,230.981,0.4826,2.4942,473.0,32.6726,0.5489,0.7088,1313,1657,466,823,174.7324
12,353.2799,1,545.6603,531.3461,8165.0,708.0,130.946,0.9726,1.983,467.0,24.8207,0.6319,0.7744,280,624,466,823,174.7324
12,353.2799,2,841.9119,556.6438,14370.0,580.0,185.9381,0.8578,2.1731,452.0,24.3242,0.713,0.8325,624,964,466,823,174.7324
12,353.2799,3,1215.2026,542.7158,12167.0,193.0,145.7585,0.9117,1.5418,465.0,26.9857,0.6455,0.7846,964,1313,466,823,174.7324
12,353.2799,4,1534.4757,560.4976,16550.0,0.0,197.9468,0.46,2.1308,477.0,28.6892,0.6222,0.7671,1313,1657,466,823,174.7324
12,353.6804,1,542.2405,537.6286,7899.0,0.0,128.7267,0.9519,1.7691,468.0,19.0588,0.7151,0.8339,280,624,466,823,174.7324
12,353.6804,2,840.8614,542.7625,13861.0,915.0,178.0864,0.8715,1.9637,447.0,26.7685,0.727,0.8419,624,964,466,823,174.7324
12,353.6804,3,1207.8561,542.306,11776.0,252.0,138.8613,0.9604,1.4067,456.0,29.4878,0.6634,0.7976,964,1313,466,823,174.7324
12,353.6804,4,1540.8561,557.1975,13755.0,0.0,159.6341,0.5875,1.7899,474.0,28.7882,0.6097,0.7575,1313,1657,466,823,174.7324
12,354.081,1,540.8812,538.1705,9152.0,277.0,124.0427,0.9958,1.5699,468.0,25.5151,0.6427,0.7825,280,624,466,823,174.7324
12,354.081,2,841.856,547.6844,14156.0,807.0,183.0116,0.8719,2.0411,447.0,17.0037,0.8244,0.9037,624,964,466,823,174.7324
12,354.081,3,1216.1999,533.9393,12179.0,593.0,137.9417,0.9491,1.269,448.0,28.3512,0.6802,0.8097,964,1313,466,823,174.7324
12,354.081,4,1560.6343,557.968,11719.0,0.0,140.517,0.837,1.5919,474.0,31.2648,0.4553,0.6257,1313,1657,466,823,174.7324
12,354.4815,1,536.3816,529.0758,9404.0,286.0,124.5824,0.9762,1.459,465.0,21.3361,0.6654,0.7991,280,624,466,823,174.7324
12,354.4815,2,839.4237,559.6645,14420.0,536.0,188.8089,0.8989,2.2215,452.0,26.2535,0.6794,0.8091,624,964,466,823,174.7324
12,354.4815,3,1220.9672,552.7824,14686.0,127.0,150.423,0.9834,1.3027,459.0,32.9708,0.614,0.7608,964,1313,466,823,174.7324
12,354.4815,4,1573.4854,574.7013,11749.0,0.0,145.2179,0.8595,1.6847,482.0,34.0024,0.4733,0.6425,1313,1657,466,823,174.7324
12,354.882,1,531.5219,528.1558,10800.0,399.0,130.1154,0.9671,1.364,460.0,22.4198,0.6837,0.8121,280,624,466,823,174.7324
12,354.882,2,841.2473,557.4313,14182.0,539.0,183.3009,0.9031,2.1411,451.0,21.0889,0.7318,0.8451,624,964,466,823,174.7324
12,354.882,3,1196.4678,534.18,13914.0,242.0,181.6867,0.5722,1.9451,457.0,39.8371,0.4567,0.6271,964,1313,466,823,174.7324
12,354.882,4,1584.6874,576.4588,11443.0,0.0,157.2479,0.9127,1.8542,485.0,24.9814,0.6399,0.7804,1313,1657,466,823,174.7324
12,355.2826,1,526.4646,532.577,12058.0,314.0,145.1107,0.8088,1.5099,464.0,24.6885,0.6555,0.7919,280,624,466,823,174.7324
12,355.2826,2,837.1753,554.4347,14362.0,580.0,192.3106,0.8488,2.2796,452.0,26.9777,0.6495,0.7875,624,964,466,823,174.7324
12,355.2826,3,1154.3385,526.3361,16017.0,368.0,234.0032,0.3562,2.8909,457.0,46.0143,0.3903,0.5614,964,1313,466,823,174.7324
12,355.2826,4,1578.0722,582.4949,13333.0,0.0,171.3513,0.8962,1.854,487.0,24.7463,0.6902,0.8167,1313,1657,466,823,174.7324
12,355.6831,1,520.3704,528.9154,12616.0,435.0,152.938,0.7353,1.5551,453.0,19.3791,0.7399,0.8505,280,624,466,823,174.7324
12,355.6831,2,834.3869,548.4365,14116.0,742.0,186.4004,0.8594,2.1456,448.0,23.4984,0.6921,0.818,624,964,466,823,174.7324
12,355.6831,3,1088.5107,526.2529,16118.0,249.0,220.6709,0.3614,2.5434,459.0,52.9396,0.2867,0.4456,964,1313,466,823,174.7324
12,355.6831,4,1569.8016,590.6783,14604.0,0.0,182.2172,0.8874,1.8933,486.0,26.5958,0.6575,0.7934,1313,1657,466,823,174.7324
12,356.0837,1,518.6321,523.3341,12665.0,574.0,147.5404,0.7337,1.417,448.0,18.7027,0.8024,0.8904,280,624,466,823,174.7324
12,356.0837,2,834.1889,551.4572,14371.0,642.0,185.3272,0.8772,2.0632,450.0,19.0067,0.7881,0.8815,624,964,466,823,174.7324
12,356.0837,3,1066.608,532.3133,14361.0,236.0,174.0951,0.4717,1.8953,459.0,37.3226,0.478,0.6468,964,1313,466,823,174.7324
12,356.0837,4,1561.5997,595.6078,15349.0,0.0,186.7778,0.8755,1.8653,491.0,24.7759,0.7138,0.833,1313,1657,466,823,174.7324
12,356.4842,1,516.2315,535.5812,13688.0,307.0,144.8567,0.781,1.3526,452.0,18.052,0.7617,0.8647,280,624,466,823,174.7324
12,356.4842,2,833.51,548.7543,14185.0,683.0,170.4904,0.9057,1.819,449.0,27.214,0.6591,0.7945,624,964,466,823,174.7324
12,356.4842,3,1055.379,539.5382,13635.0,335.0,158.6493,0.664,1.698,457.0,28.3937,0.5744,0.7297,964,1313,466,823,174.7324
12,356.4842,4,1546.8873,598.2994,15562.0,0.0,184.886,0.8499,1.8875,493.0,32.833,0.6092,0.7571,1313,1657,466,823,174.7324
12,356.8848,1,509.9741,531.6511,13036.0,212.0,134.8947,0.8574,1.1663,455.0,21.0717,0.7094,0.83,280,624,466,823,174.7324
12,356.8848,2,834.556,552.0986,14561.0,579.0,162.8599,0.9709,1.6548,450.0,27.0611,0.6393,0.78,624,964,466,823,174.7324
12,356.8848,3,1052.6986,534.4561,12994.0,264.0,165.3659,0.6564,1.8877,458.0,19.7328,0.6927,0.8184,964,1313,466,823,174.7324
12,356.8848,4,1532.9749,602.4837,16474.0,0.0,184.8233,0.9246,1.8147,491.0,33.3605,0.5518,0.7112,1313,1657,466,823,174.7324
12,357.2853,1,504.3961,531.1096,12470.0,169.0,126.0244,0.9877,1.0812,460.0,20.512,0.7587,0.8628,280,624,466,823,174.7324
12,357.2853,2,825.5945,546.112,13278.0,593.0,157.6521,0.9989,1.6761,447.0,29.3444,0.6361,0.7776,624,964,466,823,174.7324
12,357.2853,3,1062.1041,533.5579,13319.0,241.0,166.7918,0.6594,1.8245,459.0,24.6488,0.6482,0.7865,964,1313,466,823,174.7324
12,357.2853,4,1519.3193,606.6544,16637.0,0.0,195.3821,0.9242,1.8421,498.0,31.2496,0.6413,0.7814,1313,1657,466,823,174.7324
12,357.6859,1,507.6727,532.8645,12579.0,269.0,130.1096,0.9401,1.1646,453.0,18.8244,0.7511,0.8578,280,624,466,823,174.7324
12,357.6859,2,821.7813,555.2151,13903.0,376.0,167.2778,0.9808,1.8063,452.0,29.788,0.6281,0.7716,624,964,466,823,174.7324
12,357.6859,3,1083.7599,539.4146,13175.0,162.0,159.7643,0.6894,1.6919,460.0,34.2631,0.5475,0.7076,964,1313,466,823,174.7324
12,357.6859,4,1512.3971,619.9436,19569.0,0.0,224.6295,0.9366,2.1223,493.0,29.6792,0.6733,0.8048,1313,1657,466,823,174.7324
12,358.0864,1,506.4553,533.3519,12462.0,297.0,132.5416,0.914,1.2107,454.0,18.0198,0.7617,0.8647,280,624,466,823,174.7324
12,358.0864,2,811.2048,554.8946,14037.0,408.0,167.9445,0.9841,1.7885,451.0,28.1549,0.6318,0.7744,624,964,466,823,174.7324
12,358.0864,3,1097.0936,546.1952,13051.0,107.0,136.607,0.8959,1.3248,460.0,31.0853,0.573,0.7285,964,1313,466,823,174.7324
12,358.0864,4,1505.2445,598.1011,17054.0,0.0,196.5466,0.9331,2.0058,479.0,38.7204,0.5576,0.7159,1313,1657,466,823,174.7324
12,358.4869,1,506.1398,534.9365,12037.0,179.0,147.6393,0.7229,1.6028,465.0,23.1276,0.6644,0.7984,280,624,466,823,174.7324
12,358.4869,2,806.9097,550.4882,13699.0,561.0,171.8328,0.9446,1.9319,449.0,25.0876,0.6552,0.7917,624,964,466,823,174.7324
12,358.4869,3,1114.6257,541.8669,12340.0,132.0,130.9947,0.8282,1.2748,461.0,34.0519,0.5078,0.6735,964,1313,466,823,174.7324
12,358.4869,4,1516.218,545.8937,15791.0,297.0,188.5007,0.5347,1.7279,456.0,45.2148,0.4473,0.6181,1313,1657,466,823,174.7324
12,358.8875,1,510.9987,539.1294,12079.0,291.0,152.3446,0.7506,1.7164,456.0,17.9954,0.7479,0.8558,280,624,466,823,174.7324
12,358.8875,2,799.1556,548.9201,14991.0,847.0,177.3701,0.9208,1.8395,444.0,25.485,0.6705,0.8028,624,964,466,823,174.7324
12,358.8875,3,1136.2918,545.0785,13577.0,101.0,135.4127,0.9244,1.1926,460.0,40.6165,0.4317,0.6031,964,1313,466,823,174.7324
12,358.8875,4,1529.6687,559.6526,20688.0,779.0,183.1495,0.9785,1.3373,445.0,39.6185,0.5145,0.6795,1313,1657,466,823,174.7324
12,359.288,1,513.1319,533.0463,11147.0,586.0,149.285,0.7528,1.803,452.0,20.0834,0.7307,0.8444,280,624,466,823,174.7324
12,359.288,2,792.8719,548.4061,14688.0,739.0,183.8696,0.8589,1.99,448.0,25.3829,0.7014,0.8245,624,964,466,823,174.7324
12,359.288,3,1153.8258,562.5107,15280.0,32.0,145.0136,0.9443,1.2683,463.0,35.2755,0.506,0.672,964,1313,466,823,174.7324
12,359.288,4,1534.123,596.5949,18825.0,0.0,195.523,0.8428,1.7559,492.0,47.997,0.417,0.5886,1313,1657,466,823,174.7324
12,359.6886,1,519.3632,536.9834,10446.0,537.0,140.4683,0.8205,1.7421,452.0,28.0361,0.5631,0.7205,280,624,466,823,174.7324
12,359.6886,2,790.8156,546.9853,14450.0,856.0,180.6764,0.8542,1.975,446.0,17.8925,0.8111,0.8957,624,964,466,823,174.7324
12,359.6886,3,1171.2777,560.5488,15069.0,7.0,143.2289,0.9055,1.2251,466.0,29.2675,0.5876,0.7403,964,1313,466,823,174.7324
12,359.6886,4,1535.6843,613.2712,22296.0,0.0,202.6204,0.9904,1.5307,493.0,32.6647,0.59,0.7422,1313,1657,466,823,174.7324
12,360.0891,1,535.5893,526.9177,8809.0,543.0,137.284,0.8829,1.8883,450.0,24.1966,0.6193,0.7649,280,624,466,823,174.7324
12,360.0891,2,787.884,535.4413,13737.0,1016.0,175.7514,0.9036,1.9087,445.0,23.4763,0.737,0.8486,624,964,466,823,174.7324
12,360.0891,3,1185.813,538.8911,13094.0,15.0,141.2359,0.8936,1.201,464.0,19.5938,0.7283,0.8428,964,1313,466,823,174.7324
12,360.0891,4,1543.0527,575.59,17855.0,0.0,162.8775,0.9895,1.2885,473.0,42.006,0.509,0.6746,1313,1657,466,823,174.7324
12,360.4897,1,535.2836,526.8315,8558.0,332.0,138.3672,0.879,1.8513,455.0,16.534,0.777,0.8745,280,624,466,823,174.7324
12,360.4897,2,785.8814,552.8253,14364.0,682.0,181.496,0.8758,2.0433,451.0,24.4182,0.6838,0.8122,624,964,466,823,174.7324
12,360.4897,3,1192.3151,549.9468,16097.0,46.0,159.9835,0.6144,1.389,463.0,20.7373,0.7002,0.8237,964,1313,466,823,174.7324
12,360.4897,4,1513.93,548.5807,16006.0,0.0,201.7221,0.4758,2.1867,478.0,45.3644,0.4175,0.5891,1313,1657,466,823,174.7324
12,360.8902,1,535.7286,521.0491,7856.0,481.0,130.8084,0.8925,1.8941,452.0,17.9202,0.761,0.8643,280,624,466,823,174.7324
12,360.8902,2,789.3598,546.4505,13970.0,747.0,178.5298,0.8771,1.9313,450.0,19.7539,0.7437,0.853,624,964,466,823,174.7324
12,360.8902,3,1193.4105,549.7748,16137.0,188.0,167.8201,0.6423,1.562,463.0,18.0049,0.7327,0.8458,964,1313,466,823,174.7324
12,360.8902,4,1473.0326,551.5102,16796.0,0.0,208.355,0.5294,2.2457,473.0,44.0569,0.3876,0.5586,1313,1657,466,823,174.7324
12,361.2907,1,536.5145,512.5514,6923.0,505.0,121.8216,0.9269,1.7327,452.0,17.4185,0.7763,0.8741,280,624,466,823,174.7324
12,361.2907,2,786.3698,540.9185,14125.0,1038.0,179.5295,0.8416,2.0127,445.0,18.6593,0.8039,0.8913,624,964,466,823,174.7324
12,361.2907,3,1188.4947,543.7002,15268.0,301.0,165.1483,0.7011,1.5464,459.0,21.8612,0.7099,0.8303,964,1313,466,823,174.7324
12,361.2907,4,1429.9605,555.172,16573.0,0.0,194.3698,0.5221,1.9819,477.0,47.5554,0.3619,0.5315,1313,1657,466,823,174.7324
12,361.6913,1,539.5943,522.5544,6963.0,490.0,126.0237,0.9416,1.9686,451.0,18.1642,0.7651,0.8669,280,624,466,823,174.7324
12,361.6913,2,782.1914,537.7333,14040.0,1029.0,179.8011,0.8215,1.9689,446.0,22.5666,0.7364,0.8482,624,964,466,823,174.7324
12,361.6913,3,1187.9735,545.4769,15784.0,435.0,162.991,0.6663,1.5158,458.0,15.5742,0.7995,0.8886,964,1313,466,823,174.7324
12,361.6913,4,1421.4518,568.1851,14368.0,0.0,164.9555,0.6317,1.8169,479.0,31.4974,0.5214,0.6854,1313,1657,466,823,174.7324
12,362.0918,1,532.5834,537.8341,8161.0,453.0,128.136,0.9577,1.9038,453.0,23.6602,0.6591,0.7945,280,624,466,823,174.7324
12,362.0918,2,773.7754,546.3728,14545.0,901.0,183.1149,0.8462,2.034,447.0,34.184,0.6032,0.7525,624,964,466,823,174.7324
12,362.0918,3,1188.0873,566.363,18145.0,1153.0,207.2726,0.9891,2.0907,438.0,39.6403,0.4391,0.6102,964,1313,466,823,174.7324
12,362.0918,4,1400.913,560.1341,13223.0,0.0,152.9528,0.7185,1.6341,474.0,27.1572,0.5724,0.7281,1313,1657,466,823,174.7324
12,362.4924,1,532.0594,529.3393,8237.0,404.0,120.5441,0.9523,1.6515,452.0,22.8352,0.6665,0.7999,280,624,466,823,174.7324
12,362.4924,2,762.4445,547.6048,14348.0,874.0,184.0347,0.8623,2.0706,448.0,31.3146,0.6104,0.758,624,964,466,823,174.7324
12,362.4924,3,1183.7011,598.9952,16586.0,0.0,197.6047,0.6785,2.2258,488.0,48.7502,0.3113,0.4748,964,1313,466,823,174.7324
12,362.4924,4,1383.4532,540.9522,10047.0,0.0,157.515,0.7505,1.9645,474.0,20.5226,0.6854,0.8133,1313,1657,466,823,174.7324
12,362.8929,1,530.764,519.5288,7243.0,596.0,112.4803,0.9967,1.5418,449.0,26.9293,0.5885,0.741,280,624,466,823,174.7324
12,362.8929,2,754.7417,542.9858,14044.0,946.0,179.6252,0.8908,2.0046,447.0,27.5411,0.6782,0.8083,624,964,466,823,174.7324
12,362.8929,3,1204.664,571.7231,15722.0,150.0,177.4828,0.8078,1.8755,479.0,34.8348,0.4935,0.6609,964,1313,466,823,174.7324
12,362.8929,4,1390.1023,557.6112,11120.0,0.0,147.8263,0.831,1.7879,476.0,16.3991,0.7443,0.8534,1313,1657,466,823,174.7324
