paso,t,s,cx,cy,area,above,largo,vert,elong,cabeza,me,iou,dice,gx0,gx1,g_agua,g_fondo,escala
12,0.0,1,375.6734,625.4344,10965.0,631.0,202.4455,0.3498,2.3651,576.0,,,,248,600,586,927,175.6321
12,0.0,2,826.6834,638.0179,8666.0,611.0,105.3564,0.3787,1.4386,573.0,,,,600,948,586,927,175.6321
12,0.0,3,1178.0212,688.7324,13534.0,92.0,221.8581,0.8299,3.2796,582.0,,,,948,1304,586,927,175.6321
12,0.0,4,1530.6696,701.9473,15385.0,0.0,173.0018,0.9987,1.6205,605.0,,,,1304,1656,586,927,175.6321
12,0.4005,1,450.2948,603.7577,13377.0,2962.0,255.4554,0.3101,3.4802,533.0,55.1457,0.2862,0.445,248,600,586,927,175.6321
12,0.4005,2,813.6897,624.2786,8795.0,1250.0,127.1002,0.5074,1.8563,556.0,41.9287,0.3548,0.5238,600,948,586,927,175.6321
12,0.4005,3,1185.3977,678.9677,12363.0,720.0,212.3897,0.8496,3.0472,566.0,37.0243,0.6191,0.7647,948,1304,586,927,175.6321
12,0.4005,4,1535.8663,688.0073,15810.0,0.0,175.4049,0.8155,1.6608,595.0,44.4806,0.4885,0.6563,1304,1656,586,927,175.6321
12,0.8011,1,473.1017,626.8763,13676.0,2145.0,239.2367,0.4193,3.2764,551.0,59.0885,0.2693,0.4244,248,600,586,927,175.6321
12,0.8011,2,800.415,620.6258,11655.0,1536.0,196.1769,0.3893,2.513,554.0,41.7757,0.4077,0.5793,600,948,586,927,175.6321
12,0.8011,3,1218.6628,663.7019,8937.0,1182.0,205.1855,0.9634,3.3009,552.0,46.8513,0.3954,0.5668,948,1304,586,927,175.6321
12,0.8011,4,1516.192,675.7137,13777.0,0.0,151.6129,0.9713,1.3978,589.0,60.5726,0.4157,0.5873,1304,1656,586,927,175.6321
12,1.2016,1,495.9941,621.5718,10304.0,2252.0,205.6268,0.6618,2.7578,526.0,46.0689,0.4135,0.5851,248,600,586,927,175.6321
12,1.2016,2,764.5429,619.0628,15008.0,1618.0,253.9207,0.241,3.2352,556.0,48.1311,0.3875,0.5585,600,948,586,927,175.6321
12,1.2016,3,1190.3864,703.4464,11378.0,216.0,206.5476,0.9831,3.0896,576.0,47.8,0.2968,0.4578,948,1304,586,927,175.6321
12,1.2016,4,1482.6147,682.1347,16197.0,208.0,235.4142,0.6234,2.6391,578.0,61.5445,0.2786,0.4358,1304,1656,586,927,175.6321
12,1.6022,1,488.8778,654.3842,10017.0,1598.0,222.9488,0.7507,3.9721,555.0,44.308,0.3131,0.4768,248,600,586,927,175.6321
12,1.6022,2,738.005,621.3297,13942.0,2044.0,219.7595,0.4322,2.6742,540.0,49.6901,0.4454,0.6163,600,948,586,927,175.6321
12,1.6022,3,1187.6572,712.0374,13832.0,155.0,198.9424,0.9818,2.6545,594.0,44.8716,0.4072,0.5787,948,1304,586,927,175.6321
12,1.6022,4,1425.0171,669.0667,16126.0,554.0,260.7627,0.5518,2.8429,568.0,68.5912,0.1947,0.326,1304,1656,586,927,175.6321
12,2.0027,1,488.8161,650.4801,9348.0,1883.0,207.0402,0.8514,4.1436,536.0,41.0457,0.3145,0.4785,248,600,586,927,175.6321
12,2.0027,2,734.5316,644.2391,14397.0,1453.0,230.4862,0.5568,2.7012,553.0,52.4916,0.4153,0.5868,600,948,586,927,175.6321
12,2.0027,3,1204.4104,678.7681,13421.0,271.0,176.3346,0.9733,2.0665,595.0,42.5511,0.4815,0.65,948,1304,586,927,175.6321
12,2.0027,4,1404.3829,680.6909,13243.0,219.0,225.3657,0.6525,3.1019,578.0,59.7111,0.3352,0.5021,1304,1656,586,927,175.6321
12,2.4033,1,502.7373,621.3286,10954.0,3455.0,220.4199,0.9333,3.3711,512.0,34.2669,0.5442,0.7049,248,600,586,927,175.6321
12,2.4033,2,733.5954,639.8799,11037.0,486.0,188.0545,0.4515,2.8444,571.0,36.0761,0.5984,0.7488,600,948,586,927,175.6321
12,2.4033,3,1205.4705,663.569,16575.0,1034.0,204.1008,0.8028,2.0754,552.0,53.0602,0.3884,0.5595,948,1304,586,927,175.6321
12,2.4033,4,1384.1304,688.402,10937.0,592.0,198.5747,0.7452,3.8396,606.0,48.8744,0.358,0.5273,1304,1656,586,927,175.6321
12,2.8038,1,465.9363,666.3894,10349.0,1258.0,176.7031,0.9936,2.7444,557.0,45.0703,0.278,0.4351,248,600,586,927,175.6321
12,2.8038,2,746.0294,625.3178,9744.0,924.0,145.3434,0.3518,2.1211,565.0,44.5521,0.3511,0.5197,600,948,586,927,175.6321
12,2.8038,3,1165.8042,687.3159,14804.0,136.0,232.5168,0.7172,2.9947,579.0,70.1306,0.1623,0.2793,948,1304,586,927,175.6321
12,2.8038,4,1376.5245,706.2471,11148.0,148.0,190.0388,0.8984,3.2386,604.0,47.4332,0.3769,0.5474,1304,1656,586,927,175.6321
12,3.2044,1,430.0124,609.5066,12267.0,4666.0,215.1686,0.9146,2.9087,506.0,53.6453,0.159,0.2743,248,600,586,927,175.6321
12,3.2044,2,723.6096,621.1061,10605.0,2572.0,155.243,0.9305,1.8847,527.0,38.8337,0.3601,0.5296,600,948,586,927,175.6321
12,3.2044,3,1104.9978,648.9768,14371.0,1480.0,234.156,0.6075,2.6948,548.0,62.1909,0.298,0.4592,948,1304,586,927,175.6321
12,3.2044,4,1352.5452,696.3104,9633.0,426.0,176.967,0.9461,3.4957,604.0,48.1827,0.3641,0.5339,1304,1656,586,927,175.6321
12,3.6049,1,403.6085,647.9049,13357.0,2153.0,234.4146,0.7965,3.2156,558.0,63.7964,0.1759,0.2992,248,600,586,927,175.6321
12,3.6049,2,721.2561,644.9062,9671.0,732.0,172.0049,0.8031,2.5127,569.0,47.7948,0.2205,0.3613,600,948,586,927,175.6321
12,3.6049,3,1069.123,674.7343,15724.0,854.0,242.3309,0.7471,2.6577,557.0,70.8842,0.147,0.2563,948,1304,586,927,175.6321
12,3.6049,4,1349.182,702.6643,11349.0,199.0,166.5562,0.9761,2.6368,609.0,37.5834,0.5146,0.6795,1304,1656,586,927,175.6321
12,4.0054,1,369.7799,622.1754,12147.0,3427.0,230.2999,0.7659,3.3442,515.0,55.2428,0.3334,0.5001,248,600,586,927,175.6321
12,4.0054,2,756.8646,633.118,11557.0,1170.0,226.134,0.5408,3.6661,568.0,51.6474,0.4129,0.5845,600,948,586,927,175.6321
12,4.0054,3,1072.3482,707.5585,14565.0,5.0,240.2291,0.8175,3.4266,595.0,50.97,0.3712,0.5415,948,1304,586,927,175.6321
12,4.0054,4,1366.0795,700.8276,14781.0,463.0,169.331,0.9725,1.8862,601.0,54.6711,0.3973,0.5686,1304,1656,586,927,175.6321
12,4.406,1,356.8295,651.2792,12464.0,2541.0,237.6023,0.8752,3.2827,525.0,62.4439,0.2936,0.4539,248,600,586,927,175.6321
12,4.406,2,806.2586,629.1208,12264.0,1204.0,224.6046,0.4347,3.3427,564.0,62.5791,0.3201,0.485,600,948,586,927,175.6321
12,4.406,3,1048.6781,662.8835,12661.0,1348.0,210.5572,0.8556,2.9672,549.0,45.4136,0.3974,0.5688,948,1304,586,927,175.6321
12,4.406,4,1358.5228,683.1753,13844.0,776.0,179.2222,0.9304,2.1996,607.0,37.2106,0.5653,0.7223,1304,1656,586,927,175.6321
12,4.8065,1,353.8117,661.806,11690.0,1780.0,201.6556,0.9285,2.8274,550.0,41.9456,0.4715,0.6408,248,600,586,927,175.6321
12,4.8065,2,829.2774,630.9388,10799.0,710.0,185.318,0.3793,2.892,567.0,47.442,0.4904,0.6581,600,948,586,927,175.6321
12,4.8065,3,1035.8848,689.8106,11198.0,714.0,164.9945,0.9105,2.9413,594.0,45.6519,0.2479,0.3973,948,1304,586,927,175.6321
12,4.8065,4,1359.4503,708.8321,17117.0,6.0,223.8329,0.9911,2.3236,603.0,42.3305,0.4971,0.6641,1304,1656,586,927,175.6321
12,5.2071,1,346.0871,606.473,8764.0,2931.0,150.5517,0.9788,2.1911,526.0,45.8722,0.3006,0.4623,248,600,586,927,175.6321
12,5.2071,2,846.0947,625.8992,8651.0,689.0,143.5685,0.4383,2.1201,563.0,42.3615,0.5653,0.7223,600,948,586,927,175.6321
12,5.2071,3,1019.7363,671.8325,10368.0,216.0,169.5253,0.9984,2.2643,594.0,35.2009,0.363,0.5326,948,1304,586,927,175.6321
12,5.2071,4,1400.5503,695.4173,15903.0,349.0,198.503,0.9231,2.1011,571.0,62.3955,0.242,0.3897,1304,1656,586,927,175.6321
12,5.6076,1,378.5964,621.4743,11299.0,2822.0,199.2256,0.8096,2.4515,527.0,53.1133,0.2412,0.3887,248,600,586,927,175.6321
12,5.6076,2,852.399,629.4932,7579.0,917.0,117.272,0.8481,1.525,557.0,54.0005,0.4026,0.5741,600,948,586,927,175.6321
12,5.6076,3,1058.2223,631.4953,8854.0,1578.0,165.3701,0.969,2.5344,541.0,43.0212,0.2135,0.3519,948,1304,586,927,175.6321
12,5.6076,4,1449.6358,688.8162,16693.0,397.0,235.4974,0.7788,2.631,571.0,66.4389,0.1367,0.2405,1304,1656,586,927,175.6321
12,6.0082,1,390.8158,652.0299,12093.0,2098.0,205.3116,0.9999,2.6333,535.0,51.0997,0.2949,0.4555,248,600,586,927,175.6321
12,6.0082,2,872.0082,631.5422,8032.0,528.0,100.4782,1.0,1.0888,588.0,51.578,0.3225,0.4877,600,948,586,927,175.6321
12,6.0082,3,1080.382,667.0291,12147.0,748.0,206.6683,0.9988,2.5765,563.0,51.5274,0.2805,0.4382,948,1304,586,927,175.6321
12,6.0082,4,1500.7303,701.2376,19197.0,15.0,247.9363,0.799,2.4626,585.0,65.9746,0.1839,0.3107,1304,1656,586,927,175.6321
12,6.4087,1,394.1976,627.7242,12694.0,3346.0,238.6819,0.8047,3.4666,535.0,52.6471,0.3359,0.5028,248,600,586,927,175.6321
12,6.4087,2,850.8662,621.9158,9862.0,797.0,161.6804,0.3272,2.1596,570.0,44.2038,0.4334,0.6047,600,948,586,927,175.6321
12,6.4087,3,1086.9173,714.776,12996.0,139.0,215.8794,0.9952,3.3062,578.0,41.4463,0.3976,0.569,948,1304,586,927,175.6321
12,6.4087,4,1509.8587,701.134,16128.0,329.0,224.7398,0.7943,2.6148,574.0,41.9467,0.5527,0.7119,1304,1656,586,927,175.6321
12,6.8092,1,365.1155,613.4156,12845.0,4316.0,232.8414,0.7994,3.4465,504.0,54.2029,0.4206,0.5921,248,600,586,927,175.6321
12,6.8092,2,846.643,632.8789,9254.0,393.0,121.6294,0.2267,1.5254,579.0,37.6983,0.5474,0.7075,600,948,586,927,175.6321
12,6.8092,3,1100.4255,679.1076,11554.0,436.0,213.6499,0.949,3.2972,572.0,41.8244,0.4034,0.5749,948,1304,586,927,175.6321
12,6.8092,4,1534.4445,702.6771,13326.0,404.0,195.8578,0.8319,3.0462,614.0,55.6917,0.3278,0.4938,1304,1656,586,927,175.6321
12,7.2098,1,354.2934,647.6533,11493.0,2275.0,217.0929,0.8705,3.1232,535.0,65.5174,0.2814,0.4391,248,600,586,927,175.6321
12,7.2098,2,841.2409,632.3597,10731.0,1111.0,179.9285,0.5227,2.1431,555.0,56.6519,0.3708,0.541,600,948,586,927,175.6321
12,7.2098,3,1120.9313,666.1943,13133.0,1564.0,230.5872,0.8814,3.553,546.0,49.4162,0.3692,0.5393,948,1304,586,927,175.6321
12,7.2098,4,1552.9042,712.4418,13288.0,292.0,231.4383,0.9727,3.0542,575.0,38.4692,0.4927,0.6602,1304,1656,586,927,175.6321
12,7.6103,1,348.312,632.1493,11300.0,2812.0,171.2127,0.9513,1.9569,525.0,43.5922,0.4645,0.6343,248,600,586,927,175.6321
12,7.6103,2,825.8735,638.1707,12355.0,1633.0,203.6908,0.5781,2.4654,542.0,32.6962,0.6387,0.7795,600,948,586,927,175.6321
12,7.6103,3,1128.667,704.3708,12476.0,94.0,238.2147,0.8756,3.4647,581.0,65.2,0.2792,0.4365,948,1304,586,927,175.6321
12,7.6103,4,1555.3989,705.4793,12017.0,189.0,250.0154,0.9555,3.9205,577.0,28.4704,0.606,0.7546,1304,1656,586,927,175.6321
12,8.0109,1,352.2658,634.8829,12677.0,2700.0,184.1627,0.9658,1.8193,532.0,48.8111,0.3815,0.5523,248,600,586,927,175.6321
12,8.0109,2,840.7849,659.6158,13740.0,1329.0,187.3985,0.7106,2.6091,588.0,60.0796,0.3178,0.4823,600,948,586,927,175.6321
12,8.0109,3,1130.51,708.1416,11930.0,0.0,237.699,0.8953,3.9427,588.0,36.4556,0.609,0.757,948,1304,586,927,175.6321
12,8.0109,4,1541.1417,702.9779,12967.0,189.0,191.4215,0.8774,2.8892,614.0,47.8035,0.4451,0.616,1304,1656,586,927,175.6321
12,8.4114,1,389.4839,631.5155,13187.0,2402.0,216.6522,0.6463,2.7927,535.0,61.1055,0.1847,0.3118,248,600,586,927,175.6321
12,8.4114,2,846.3658,687.4969,14356.0,443.0,216.8368,0.8924,2.9317,589.0,52.809,0.3791,0.5498,600,948,586,927,175.6321
12,8.4114,3,1174.4934,644.2518,12305.0,2481.0,232.7429,0.7926,3.8308,527.0,59.4054,0.2959,0.4566,948,1304,586,927,175.6321
12,8.4114,4,1530.7235,699.114,14845.0,202.0,174.019,0.8089,2.0957,613.0,47.456,0.4858,0.654,1304,1656,586,927,175.6321
12,8.812,1,444.6094,629.726,14360.0,2563.0,235.3084,0.5791,2.7667,529.0,68.0331,0.1734,0.2955,248,600,586,927,175.6321
12,8.812,2,851.5648,686.2401,14330.0,650.0,206.6565,0.9894,2.459,561.0,40.4775,0.5043,0.6705,600,948,586,927,175.6321
12,8.812,3,1176.5544,712.9589,13907.0,66.0,242.7615,0.9415,3.5884,582.0,69.6332,0.1364,0.2401,948,1304,586,927,175.6321
12,8.812,4,1542.6935,705.3092,18628.0,471.0,185.5076,0.9015,1.7119,609.0,44.3239,0.5482,0.7082,1304,1656,586,927,175.6321
12,9.2125,1,468.5093,653.3606,13906.0,1493.0,253.6175,0.5893,3.6578,561.0,63.7354,0.2035,0.3382,248,600,586,927,175.6321
12,9.2125,2,861.8597,660.5515,14011.0,1630.0,176.9075,0.9988,1.8225,541.0,41.2067,0.5468,0.707,600,948,586,927,175.6321
12,9.2125,3,1196.8771,697.9491,12796.0,183.0,205.1841,0.9252,3.0177,596.0,35.1641,0.5409,0.702,948,1304,586,927,175.6321
12,9.2125,4,1530.4538,718.2646,19601.0,40.0,215.404,0.8817,2.1552,614.0,37.5245,0.5892,0.7415,1304,1656,586,927,175.6321
12,9.6131,1,480.055,644.9339,11357.0,1901.0,198.1528,0.6581,2.779,537.0,42.9605,0.4295,0.601,248,600,586,927,175.6321
12,9.6131,2,863.4094,669.0314,14945.0,1034.0,178.7167,0.9375,1.8649,585.0,33.3705,0.6133,0.7603,600,948,586,927,175.6321
12,9.6131,3,1214.7845,665.4494,12418.0,1807.0,203.0398,0.9957,2.4549,534.0,60.7036,0.3713,0.5415,948,1304,586,927,175.6321
12,9.6131,4,1526.839,708.7492,19122.0,244.0,199.5171,0.9204,1.8966,606.0,42.4954,0.5152,0.6801,1304,1656,586,927,175.6321
12,10.0136,1,519.3416,632.8882,9664.0,2282.0,212.1609,0.8669,3.649,531.0,38.8885,0.3614,0.5309,248,600,586,927,175.6321
12,10.0136,2,844.0243,698.173,16032.0,117.0,227.0292,0.8532,2.7581,589.0,49.0779,0.4351,0.6064,600,948,586,927,175.6321
12,10.0136,3,1232.1911,705.3648,16717.0,78.0,193.9964,0.9842,2.1043,602.0,60.8901,0.313,0.4768,948,1304,586,927,175.6321
12,10.0136,4,1511.7918,704.0052,19722.0,308.0,213.2559,0.9282,1.8023,573.0,43.4019,0.524,0.6877,1304,1656,586,927,175.6321
12,10.4141,1,483.093,662.2036,11312.0,1297.0,235.2398,0.7331,4.1706,562.0,47.9471,0.4188,0.5904,248,600,586,927,175.6321
12,10.4141,2,837.5177,684.1362,13736.0,578.0,207.3054,0.9599,2.5857,567.0,43.8741,0.4904,0.6581,600,948,586,927,175.6321
12,10.4141,3,1220.8999,694.3362,17038.0,176.0,203.5115,0.9504,2.121,602.0,45.6994,0.4676,0.6372,948,1304,586,927,175.6321
12,10.4141,4,1504.6077,713.9395,21181.0,99.0,233.9687,0.8877,1.9607,581.0,37.7608,0.6009,0.7507,1304,1656,586,927,175.6321
12,10.8147,1,510.8633,630.4928,8942.0,2135.0,182.1267,0.8053,2.756,532.0,43.7291,0.4408,0.6119,248,600,586,927,175.6321
12,10.8147,2,834.7446,662.2851,11766.0,1258.0,209.0934,0.7545,3.4883,562.0,45.5357,0.384,0.5549,600,948,586,927,175.6321
12,10.8147,3,1203.9264,669.1758,16903.0,2462.0,212.2003,0.9983,2.0833,526.0,51.6057,0.4281,0.5995,948,1304,586,927,175.6321
12,10.8147,4,1509.5307,703.2819,18300.0,29.0,235.9968,0.752,2.2873,585.0,40.3766,0.5867,0.7395,1304,1656,586,927,175.6321
12,11.2152,1,534.6143,636.2755,10385.0,2812.0,128.7301,0.9265,2.0888,574.0,54.8899,0.2718,0.4275,248,600,586,927,175.6321
12,11.2152,2,854.2554,673.7003,11400.0,844.0,146.3531,0.6905,1.8834,598.0,57.8592,0.1723,0.294,600,948,586,927,175.6321
12,11.2152,3,1189.8671,715.5053,18619.0,0.0,247.5974,0.8748,2.5306,601.0,51.4415,0.4145,0.5861,948,1304,586,927,175.6321
12,11.2152,4,1527.8032,698.3691,16556.0,541.0,228.124,0.9043,2.4766,568.0,47.3457,0.506,0.672,1304,1656,586,927,175.6321
12,11.6158,1,537.9023,645.3403,10418.0,1152.0,147.4556,0.9891,1.8839,576.0,43.5999,0.4461,0.6169,248,600,586,927,175.6321
12,11.6158,2,871.891,682.1079,9848.0,235.0,148.3282,0.9779,1.9672,588.0,36.9842,0.4198,0.5913,600,948,586,927,175.6321
12,11.6158,3,1177.2138,701.1143,16954.0,237.0,209.7022,0.9305,2.323,598.0,44.6752,0.4655,0.6353,948,1304,586,927,175.6321
12,11.6158,4,1553.8565,717.8811,14129.0,339.0,191.9695,0.9328,2.615,615.0,61.6683,0.2985,0.4598,1304,1656,586,927,175.6321
12,12.0163,1,497.3606,617.7819,11954.0,3225.0,196.0333,0.7887,2.433,518.0,61.5159,0.2484,0.398,248,600,586,927,175.6321
12,12.0163,2,863.0704,667.957,10733.0,477.0,163.9726,0.9973,2.0244,571.0,40.4768,0.3665,0.5364,600,948,586,927,175.6321
12,12.0163,3,1169.3476,682.0656,15904.0,1422.0,207.2572,1.0,2.113,539.0,44.9919,0.4922,0.6597,948,1304,586,927,175.6321
12,12.0163,4,1536.783,730.2831,16178.0,0.0,219.8551,0.9425,2.7364,612.0,46.0792,0.4848,0.6531,1304,1656,586,927,175.6321
12,12.4169,1,442.2982,635.8405,15836.0,3146.0,254.2794,0.6377,2.8334,533.0,71.1515,0.11,0.1982,248,600,586,927,175.6321
12,12.4169,2,841.0811,633.6078,8486.0,1108.0,142.8158,0.9982,1.8093,550.0,41.1364,0.3092,0.4723,600,948,586,927,175.6321
12,12.4169,3,1161.7201,719.7345,18157.0,5.0,236.2053,0.967,2.6586,596.0,48.1683,0.4714,0.6407,948,1304,586,927,175.6321
12,12.4169,4,1531.4528,693.937,16295.0,641.0,201.0836,0.9608,1.8318,562.0,53.8552,0.3932,0.5645,1304,1656,586,927,175.6321
12,12.8174,1,411.9331,643.3193,16255.0,3295.0,202.3346,0.9432,1.7775,527.0,55.6228,0.3586,0.5279,248,600,586,927,175.6321
12,12.8174,2,815.6949,636.316,10671.0,1653.0,188.2431,0.8452,2.6778,548.0,51.8346,0.3322,0.4987,600,948,586,927,175.6321
12,12.8174,3,1155.6732,704.2187,15319.0,70.0,202.0609,0.9901,2.3425,582.0,43.0264,0.4685,0.6381,948,1304,586,927,175.6321
12,12.8174,4,1529.7785,714.5613,17550.0,183.0,216.92,0.8409,2.5268,614.0,37.7141,0.5673,0.7239,1304,1656,586,927,175.6321
12,13.218,1,422.2561,653.0731,16196.0,2821.0,193.2449,0.9983,2.0943,527.0,37.9083,0.4965,0.6636,248,600,586,927,175.6321
12,13.218,2,782.886,648.4478,12179.0,663.0,212.7451,0.5931,3.0802,572.0,64.3587,0.2513,0.4017,600,948,586,927,175.6321
12,13.218,3,1132.3316,661.0251,13843.0,1483.0,207.4993,0.9325,2.5982,538.0,57.9116,0.3224,0.4876,948,1304,586,927,175.6321
12,13.218,4,1530.3583,712.4925,17625.0,261.0,196.4471,0.8768,2.1616,615.0,34.0421,0.6054,0.7542,1304,1656,586,927,175.6321
12,13.6185,1,429.9983,666.5356,16433.0,1595.0,223.2929,0.7905,2.686,559.0,43.1543,0.3829,0.5538,248,600,586,927,175.6321
12,13.6185,2,764.9613,650.5728,12380.0,1090.0,209.7315,0.6877,3.2151,567.0,50.4797,0.4668,0.6365,600,948,586,927,175.6321
12,13.6185,3,1108.5164,705.4449,17074.0,0.0,250.0215,0.8328,3.1009,591.0,63.6791,0.2048,0.34,948,1304,586,927,175.6321
12,13.6185,4,1534.6062,716.182,19349.0,70.0,208.3595,0.9712,1.9324,609.0,36.2789,0.5548,0.7137,1304,1656,586,927,175.6321
12,14.019,1,452.3405,641.4524,15385.0,2553.0,236.0466,0.5451,3.1886,540.0,46.0484,0.3625,0.5321,248,600,586,927,175.6321
12,14.019,2,745.2923,647.0607,10644.0,599.0,165.5492,0.6584,2.2569,571.0,42.6123,0.5208,0.6849,600,948,586,927,175.6321
12,14.019,3,1075.0151,668.5792,14991.0,1583.0,222.2435,0.8189,2.7724,546.0,47.494,0.3961,0.5675,948,1304,586,927,175.6321
12,14.019,4,1503.9353,705.8597,16969.0,0.0,230.1108,0.7658,2.5807,587.0,59.3665,0.3124,0.4761,1304,1656,586,927,175.6321
12,14.4196,1,495.1213,631.3582,14583.0,3627.0,214.7056,0.8223,2.4999,512.0,55.1339,0.2839,0.4422,248,600,586,927,175.6321
12,14.4196,2,726.8072,654.3873,9806.0,512.0,130.2759,0.8776,1.685,575.0,57.7571,0.4006,0.572,600,948,586,927,175.6321
12,14.4196,3,1048.4313,681.5107,15040.0,975.0,215.6952,0.8539,2.9626,592.0,59.5651,0.2373,0.3835,948,1304,586,927,175.6321
12,14.4196,4,1489.2567,713.078,17029.0,0.0,222.4587,0.786,2.6194,600.0,35.1589,0.5145,0.6794,1304,1656,586,927,175.6321
12,14.8201,1,506.0399,680.69,10492.0,734.0,184.5454,0.7703,3.094,579.0,52.5989,0.194,0.325,248,600,586,927,175.6321
12,14.8201,2,715.1467,653.6533,11700.0,935.0,147.9364,0.9503,1.5356,555.0,32.7911,0.5771,0.7319,600,948,586,927,175.6321
12,14.8201,3,1051.9166,725.9979,14289.0,25.0,217.7301,0.9499,3.108,594.0,39.1484,0.4325,0.6038,948,1304,586,927,175.6321
12,14.8201,4,1506.1967,681.0054,13027.0,286.0,217.3056,0.6747,3.0074,576.0,40.0581,0.412,0.5836,1304,1656,586,927,175.6321
12,15.2207,1,531.3544,614.2689,7103.0,2020.0,174.5362,0.881,3.0874,532.0,48.4795,0.2221,0.3635,248,600,586,927,175.6321
12,15.2207,2,717.6145,667.1805,11363.0,113.0,137.9972,0.7586,1.6542,586.0,51.2358,0.3653,0.5351,600,948,586,927,175.6321
12,15.2207,3,1043.1582,679.0571,12589.0,985.0,203.9023,0.88,2.974,562.0,43.4869,0.3377,0.5049,948,1304,586,927,175.6321
12,15.2207,4,1530.2658,701.8919,12391.0,152.0,206.0557,0.9709,2.9638,579.0,52.1941,0.2136,0.352,1304,1656,586,927,175.6321
12,15.6212,1,511.9641,629.1026,7884.0,2151.0,174.8858,0.9739,3.0697,537.0,35.4643,0.4147,0.5862,248,600,586,927,175.6321
12,15.6212,2,733.1401,656.2316,13402.0,638.0,167.1433,0.8653,1.7996,569.0,58.5516,0.3255,0.4912,600,948,586,927,175.6321
12,15.6212,3,1039.2669,695.2886,12025.0,442.0,216.9298,0.8904,3.4488,570.0,43.4239,0.3947,0.566,948,1304,586,927,175.6321
12,15.6212,4,1516.8189,702.1818,12863.0,11.0,212.8215,0.9801,2.6582,585.0,46.5153,0.2582,0.4105,1304,1656,586,927,175.6321
12,16.0218,1,493.0865,629.0772,8992.0,1730.0,165.7609,0.8859,2.3994,547.0,44.9113,0.194,0.325,248,600,586,927,175.6321
12,16.0218,2,760.474,649.244,15752.0,1201.0,233.9644,0.5364,3.0442,566.0,54.2061,0.3545,0.5234,600,948,586,927,175.6321
12,16.0218,3,1031.2823,700.08,11949.0,488.0,226.1335,0.9568,3.5079,567.0,35.926,0.4979,0.6648,948,1304,586,927,175.6321
12,16.0218,4,1510.0481,673.1095,11341.0,534.0,188.9632,0.9989,2.2273,565.0,45.0062,0.2762,0.4328,1304,1656,586,927,175.6321
12,16.4223,1,451.8966,620.665,11446.0,3561.0,203.8159,0.9713,2.7643,511.0,52.9349,0.1859,0.3135,248,600,586,927,175.6321
12,16.4223,2,772.4605,651.4277,14450.0,547.0,206.6568,0.4099,2.9186,573.0,37.2954,0.5442,0.7049,600,948,586,927,175.6321
12,16.4223,3,1029.0422,711.2104,11263.0,0.0,211.4334,0.9403,3.7617,589.0,31.0745,0.5966,0.7474,948,1304,586,927,175.6321
12,16.4223,4,1479.3334,697.0994,13949.0,277.0,212.9938,0.9808,2.6432,575.0,45.0114,0.3419,0.5095,1304,1656,586,927,175.6321
12,16.8228,1,433.0385,656.4764,11541.0,1354.0,207.7716,0.9034,2.9191,560.0,52.5166,0.2728,0.4287,248,600,586,927,175.6321
12,16.8228,2,742.1787,640.0676,11122.0,918.0,180.2006,0.4387,2.9076,564.0,37.8522,0.4331,0.6044,600,948,586,927,175.6321
12,16.8228,3,1019.7245,649.7595,8652.0,300.0,165.0304,0.9396,2.2446,576.0,44.7209,0.3277,0.4936,948,1304,586,927,175.6321
12,16.8228,4,1461.594,728.6768,14693.0,0.0,205.5558,0.9921,2.5067,598.0,40.3457,0.4016,0.5731,1304,1656,586,927,175.6321
12,17.2234,1,406.8386,634.0001,13688.0,3687.0,240.736,0.8201,3.4799,524.0,47.7913,0.3623,0.5319,248,600,586,927,175.6321
12,17.2234,2,695.9426,615.271,6306.0,806.0,101.1678,0.6654,1.31,568.0,43.8862,0.3289,0.495,600,948,586,927,175.6321
12,17.2234,3,1063.2571,648.4941,9271.0,353.0,160.2076,0.8089,2.2834,577.0,48.6376,0.2071,0.3431,948,1304,586,927,175.6321
12,17.2234,4,1459.6831,704.8838,14325.0,230.0,212.7239,0.99,2.5592,575.0,38.8423,0.419,0.5905,1304,1656,586,927,175.6321
12,17.6239,1,361.0495,620.0459,12796.0,4174.0,240.0179,0.8622,3.5161,502.0,70.0424,0.1929,0.3234,248,600,586,927,175.6321
12,17.6239,2,725.8156,614.4865,10497.0,1362.0,182.3343,0.2371,2.5451,564.0,53.8134,0.3896,0.5607,600,948,586,927,175.6321
12,17.6239,3,1099.5667,651.7521,11091.0,174.0,202.0459,0.6145,3.0843,581.0,60.8512,0.2418,0.3895,948,1304,586,927,175.6321
12,17.6239,4,1431.0138,687.4667,14387.0,967.0,237.2911,0.937,2.9745,557.0,45.2142,0.3253,0.4909,1304,1656,586,927,175.6321
12,18.0245,1,354.6877,656.3988,12160.0,1670.0,208.9822,0.7746,3.4175,567.0,59.5785,0.3096,0.4728,248,600,586,927,175.6321
12,18.0245,2,754.3876,621.2684,12123.0,815.0,199.4679,0.196,2.8404,573.0,50.6407,0.4575,0.6278,600,948,586,927,175.6321
12,18.0245,3,1135.5838,658.8519,11994.0,168.0,182.3934,0.6652,2.547,581.0,58.3541,0.2583,0.4106,948,1304,586,927,175.6321
12,18.0245,4,1421.3185,720.8916,13943.0,0.0,229.5978,0.9517,2.9847,592.0,48.7292,0.3565,0.5256,1304,1656,586,927,175.6321
12,18.425,1,360.0514,623.4465,12955.0,3830.0,182.0798,0.9944,1.9061,510.0,58.4754,0.3404,0.5079,248,600,586,927,175.6321
12,18.425,2,744.7555,624.6533,11162.0,1566.0,179.2726,0.5682,2.437,548.0,42.4632,0.4999,0.6666,600,948,586,927,175.6321
12,18.425,3,1164.4776,663.7684,11630.0,0.0,203.4349,0.675,3.1478,587.0,54.6638,0.3602,0.5296,948,1304,586,927,175.6321
12,18.425,4,1420.6765,716.5854,12660.0,0.0,218.9512,0.9255,3.0952,599.0,31.218,0.583,0.7366,1304,1656,586,927,175.6321
12,18.8256,1,381.3012,662.2817,14854.0,1674.0,202.8128,0.9459,2.3267,550.0,54.9169,0.4067,0.5782,248,600,586,927,175.6321
12,18.8256,2,755.5404,646.9803,10555.0,1245.0,161.2504,0.9798,2.0674,552.0,48.8335,0.3019,0.4638,600,948,586,927,175.6321
12,18.8256,3,1178.9726,675.3308,12398.0,636.0,225.2227,0.7757,3.3884,565.0,61.7085,0.3975,0.5689,948,1304,586,927,175.6321
12,18.8256,4,1427.6498,680.0716,10697.0,0.0,157.5736,0.832,2.1231,589.0,56.0534,0.363,0.5327,1304,1656,586,927,175.6321
12,19.2261,1,403.5541,656.2665,13434.0,2013.0,225.5608,0.8002,3.2983,549.0,47.9992,0.4322,0.6036,248,600,586,927,175.6321
12,19.2261,2,778.0948,652.5568,11585.0,1550.0,202.5082,0.8488,3.0271,546.0,45.9227,0.3193,0.484,600,948,586,927,175.6321
12,19.2261,3,1185.1861,706.3027,13112.0,317.0,238.9485,0.9126,3.5972,572.0,61.555,0.2947,0.4552,948,1304,586,927,175.6321
12,19.2261,4,1428.8704,660.0601,13770.0,1478.0,183.289,0.9746,1.8066,545.0,37.6067,0.4982,0.6651,1304,1656,586,927,175.6321
12,19.6267,1,375.8894,638.0314,13243.0,2837.0,208.7632,0.7719,2.7471,526.0,47.4046,0.3176,0.4821,248,600,586,927,175.6321
12,19.6267,2,764.3039,648.5026,12963.0,1993.0,226.3587,0.9329,2.986,536.0,36.7025,0.5256,0.689,600,948,586,927,175.6321
12,19.6267,3,1193.2015,707.9125,12942.0,183.0,240.9703,0.938,3.6655,577.0,27.1208,0.6424,0.7823,948,1304,586,927,175.6321
12,19.6267,4,1429.6056,713.0836,17442.0,0.0,206.9323,0.9956,2.054,592.0,55.7057,0.3245,0.4899,1304,1656,586,927,175.6321
12,20.0272,1,341.6651,660.8307,12844.0,2367.0,227.876,0.9577,3.2638,528.0,48.9546,0.255,0.4064,248,600,586,927,175.6321
12,20.0272,2,743.3071,661.1094,13593.0,2337.0,249.5196,0.931,3.3947,533.0,54.2574,0.3217,0.4867,600,948,586,927,175.6321
12,20.0272,3,1202.3014,683.6964,10881.0,135.0,215.9561,0.8953,3.4719,581.0,35.5207,0.6135,0.7604,948,1304,586,927,175.6321
12,20.0272,4,1433.8111,730.135,18510.0,0.0,215.8818,0.9238,2.0648,613.0,46.5967,0.4284,0.5999,1304,1656,586,927,175.6321
12,20.4277,1,326.7832,645.053,11859.0,2776.0,210.9854,0.9977,2.8934,522.0,31.5865,0.5384,0.6999,248,600,586,927,175.6321
12,20.4277,2,724.0993,667.3929,12935.0,1680.0,222.0896,0.9394,3.353,544.0,50.7779,0.3315,0.498,600,948,586,927,175.6321
12,20.4277,3,1208.7319,687.7887,12720.0,956.0,181.7971,0.8795,2.751,600.0,48.0033,0.5006,0.6672,948,1304,586,927,175.6321
12,20.4277,4,1473.2748,681.884,17360.0,502.0,228.2413,0.7629,2.3053,570.0,52.9923,0.3381,0.5053,1304,1656,586,927,175.6321
12,20.8283,1,335.9961,636.3189,12332.0,3336.0,204.8109,0.9991,2.8571,518.0,31.5023,0.5442,0.7048,248,600,586,927,175.6321
12,20.8283,2,714.3266,669.7778,12369.0,1813.0,240.5183,0.9368,4.0865,547.0,34.5077,0.5566,0.7151,600,948,586,927,175.6321
12,20.8283,3,1211.9564,706.3509,12605.0,48.0,214.616,0.8867,3.2518,596.0,43.8386,0.5129,0.6781,948,1304,586,927,175.6321
12,20.8283,4,1500.9282,693.5797,16704.0,0.0,235.6523,0.606,2.7458,595.0,54.1005,0.3351,0.502,1304,1656,586,927,175.6321
12,21.2288,1,364.4583,632.8935,10861.0,2308.0,191.8966,0.9202,2.6214,545.0,50.3934,0.2834,0.4417,248,600,586,927,175.6321
12,21.2288,2,705.2665,669.2277,12495.0,1085.0,209.3709,0.8744,3.0236,563.0,37.9817,0.5612,0.719,600,948,586,927,175.6321
12,21.2288,3,1211.809,714.6019,13458.0,163.0,221.2349,0.9573,3.277,580.0,36.53,0.5724,0.7281,948,1304,586,927,175.6321
12,21.2288,4,1509.8083,698.1624,14374.0,0.0,226.7029,0.7532,3.015,591.0,37.7456,0.5201,0.6843,1304,1656,586,927,175.6321
12,21.6294,1,412.4134,621.8298,11967.0,2959.0,238.6403,0.628,3.862,540.0,65.1294,0.1922,0.3225,248,600,586,927,175.6321
12,21.6294,2,699.0352,668.983,11724.0,835.0,187.2909,0.9034,2.5516,565.0,32.1392,0.6659,0.7995,600,948,586,927,175.6321
12,21.6294,3,1221.703,674.1331,13634.0,2355.0,224.9278,0.9863,3.1431,541.0,42.8531,0.4641,0.634,948,1304,586,927,175.6321
12,21.6294,4,1513.4919,697.9261,14144.0,6.0,214.2637,0.7653,2.9447,611.0,28.9344,0.6944,0.8196,1304,1656,586,927,175.6321
12,22.0299,1,466.3683,623.7803,13818.0,4163.0,254.384,0.8086,3.7332,508.0,70.5654,0.1211,0.2161,248,600,586,927,175.6321
12,22.0299,2,693.385,675.708,12293.0,637.0,158.3351,0.9552,1.9813,584.0,36.4582,0.555,0.7138,600,948,586,927,175.6321
12,22.0299,3,1224.5701,708.2832,11841.0,124.0,205.5174,0.9395,3.0227,601.0,42.0837,0.4914,0.659,948,1304,586,927,175.6321
12,22.0299,4,1522.8153,707.3266,14610.0,0.0,217.3569,0.7753,2.641,613.0,39.6142,0.5761,0.731,1304,1656,586,927,175.6321
12,22.4305,1,471.4639,662.5345,12845.0,1770.0,246.9119,0.7904,3.622,556.0,66.0797,0.2459,0.3947,248,600,586,927,175.6321
12,22.4305,2,698.6546,652.8501,13640.0,1687.0,159.349,0.8248,1.9978,583.0,35.1785,0.5296,0.6925,600,948,586,927,175.6321
12,22.4305,3,1242.2997,667.7996,14379.0,1291.0,176.1259,0.9793,2.1375,593.0,43.4427,0.4217,0.5932,948,1304,586,927,175.6321
12,22.4305,4,1533.6217,695.6686,13447.0,793.0,186.4529,0.7878,2.9077,614.0,51.9037,0.4683,0.6378,1304,1656,586,927,175.6321
12,22.831,1,481.3673,649.6424,12229.0,1951.0,233.6152,0.6961,3.8305,550.0,32.9468,0.5876,0.7402,248,600,586,927,175.6321
12,22.831,2,703.7833,656.333,15968.0,2159.0,201.1429,0.9602,1.9938,538.0,37.507,0.6245,0.7688,600,948,586,927,175.6321
12,22.831,3,1232.2752,684.2121,17248.0,819.0,171.3279,0.948,1.668,600.0,34.4993,0.6009,0.7507,948,1304,586,927,175.6321
12,22.831,4,1549.6317,719.8373,15667.0,57.0,186.2309,0.9121,2.0737,616.0,47.0245,0.4302,0.6016,1304,1656,586,927,175.6321
12,23.2316,1,515.0868,617.4699,10723.0,3114.0,213.0699,0.7732,2.9771,513.0,51.1196,0.4214,0.5929,248,600,586,927,175.6321
12,23.2316,2,717.4534,677.3454,14702.0,794.0,220.8854,0.7646,2.9309,567.0,42.1655,0.4699,0.6393,600,948,586,927,175.6321
12,23.2316,3,1200.1872,719.1961,18263.0,26.0,215.9311,0.9849,2.2673,600.0,55.2204,0.3632,0.5329,948,1304,586,927,175.6321
12,23.2316,4,1537.5978,711.1508,16235.0,66.0,221.6787,0.9156,2.6843,615.0,43.6034,0.5433,0.7041,1304,1656,586,927,175.6321
12,23.6321,1,515.1744,669.4601,12141.0,1985.0,230.654,0.9068,3.2131,537.0,58.3911,0.2182,0.3583,248,600,586,927,175.6321
12,23.6321,2,727.3999,678.6245,14810.0,707.0,196.0323,0.8789,2.339,565.0,37.7075,0.4838,0.6521,600,948,586,927,175.6321
12,23.6321,3,1192.5,701.2552,14962.0,417.0,208.2867,0.985,2.6416,571.0,48.8444,0.4348,0.6061,948,1304,586,927,175.6321
12,23.6321,4,1533.0083,702.9691,19762.0,647.0,207.9716,0.9837,1.7509,561.0,37.7164,0.6249,0.7691,1304,1656,586,927,175.6321
12,24.0326,1,522.1112,676.9079,13927.0,760.0,190.5171,0.9797,2.4222,579.0,44.2017,0.3817,0.5526,248,600,586,927,175.6321
12,24.0326,2,740.0026,665.4522,12351.0,190.0,170.6728,0.8424,2.0667,588.0,40.5978,0.4825,0.6509,600,948,586,927,175.6321
12,24.0326,3,1201.3372,674.0315,17016.0,1476.0,203.8802,0.9839,1.9021,556.0,37.1304,0.5514,0.7108,948,1304,586,927,175.6321
12,24.0326,4,1531.1761,715.9246,20638.0,123.0,217.4796,0.9798,1.7933,580.0,36.1205,0.5924,0.744,1304,1656,586,927,175.6321
12,24.4332,1,509.403,616.2387,10137.0,2744.0,154.5862,0.9793,1.7122,521.0,55.0143,0.3327,0.4993,248,600,586,927,175.6321
12,24.4332,2,735.3258,659.0191,13775.0,388.0,162.2229,0.5377,1.8604,577.0,56.8512,0.3189,0.4836,600,948,586,927,175.6321
12,24.4332,3,1199.0451,709.2149,18521.0,241.0,236.3765,0.9204,2.706,576.0,38.6806,0.4958,0.6629,948,1304,586,927,175.6321
12,24.4332,4,1519.0508,703.6925,22689.0,820.0,218.4509,0.9848,1.6793,563.0,42.9333,0.5193,0.6836,1304,1656,586,927,175.6321
12,24.8337,1,489.1704,650.7637,14540.0,1585.0,195.6567,0.8201,2.1733,551.0,57.5514,0.2553,0.4067,248,600,586,927,175.6321
12,24.8337,2,758.4886,627.4201,11823.0,1295.0,215.6737,0.4266,3.1772,556.0,44.9813,0.3943,0.5656,600,948,586,927,175.6321
12,24.8337,3,1216.1593,682.4144,15175.0,961.0,195.3467,0.8211,2.4044,596.0,38.2454,0.5059,0.6719,948,1304,586,927,175.6321
12,24.8337,4,1510.0204,705.2931,19709.0,272.0,227.2608,0.8795,2.0217,573.0,32.1727,0.6425,0.7823,1304,1656,586,927,175.6321
12,25.2343,1,442.7822,643.5376,14460.0,2451.0,244.0574,0.6464,3.3123,546.0,61.8699,0.2136,0.3521,248,600,586,927,175.6321
12,25.2343,2,809.6912,641.5405,15021.0,1593.0,216.1582,0.5943,2.209,544.0,73.8239,0.1664,0.2853,600,948,586,927,175.6321
12,25.2343,3,1218.7171,691.0975,12652.0,1007.0,167.0218,0.9069,2.3111,598.0,36.1748,0.4771,0.646,948,1304,586,927,175.6321
12,25.2343,4,1512.093,706.7976,20634.0,401.0,223.4863,0.9377,1.8688,570.0,24.0189,0.7693,0.8696,1304,1656,586,927,175.6321
12,25.6348,1,369.8887,618.712,15135.0,4617.0,227.8216,0.8535,2.3325,502.0,71.3889,0.1326,0.2341,248,600,586,927,175.6321
12,25.6348,2,837.9585,672.583,17035.0,1434.0,202.7116,0.9275,1.9082,545.0,63.3173,0.2619,0.4151,600,948,586,927,175.6321
12,25.6348,3,1229.8685,690.1783,10507.0,519.0,195.8395,0.9421,3.5135,597.0,39.0816,0.5339,0.6961,948,1304,586,927,175.6321
12,25.6348,4,1526.3754,707.2118,19053.0,387.0,224.7693,0.9286,2.0447,570.0,46.2904,0.4687,0.6382,1304,1656,586,927,175.6321
12,26.0354,1,358.704,668.5469,13790.0,1875.0,226.7589,0.8659,3.0058,547.0,54.2537,0.2388,0.3855,248,600,586,927,175.6321
12,26.0354,2,854.0341,694.7744,16206.0,75.0,201.2083,0.95,2.1543,590.0,45.0695,0.4557,0.6261,600,948,586,927,175.6321
12,26.0354,3,1234.0684,691.0628,10630.0,794.0,223.309,0.9853,3.6633,560.0,30.7765,0.6402,0.7806,948,1304,586,927,175.6321
12,26.0354,4,1539.5267,714.1521,18812.0,157.0,203.4694,0.893,1.9077,613.0,34.9381,0.6124,0.7596,1304,1656,586,927,175.6321
12,26.4359,1,350.74,633.3197,10944.0,2842.0,204.3282,0.9025,2.7991,520.0,37.0126,0.4877,0.6556,248,600,586,927,175.6321
12,26.4359,2,864.3974,682.4195,14666.0,723.0,195.341,0.9389,2.4035,590.0,36.1293,0.6146,0.7613,600,948,586,927,175.6321
12,26.4359,3,1222.4213,691.9757,12764.0,306.0,189.6217,0.9225,2.597,598.0,43.7503,0.4578,0.6281,948,1304,586,927,175.6321
12,26.4359,4,1536.9679,718.7363,16516.0,208.0,190.6875,0.9178,2.2182,616.0,38.1708,0.5284,0.6914,1304,1656,586,927,175.6321
12,26.8365,1,344.2618,636.2281,13036.0,3620.0,223.5236,0.9762,3.0963,514.0,34.1529,0.486,0.6541,248,600,586,927,175.6321
12,26.8365,2,850.6576,656.1395,14102.0,684.0,205.7032,0.7685,2.3228,570.0,51.9332,0.3347,0.5015,600,948,586,927,175.6321
12,26.8365,3,1229.1691,669.0731,14922.0,1478.0,158.9539,0.973,1.949,599.0,45.5559,0.4379,0.609,948,1304,586,927,175.6321
12,26.8365,4,1522.7803,723.0212,17703.0,0.0,225.5349,0.9366,2.4939,614.0,53.627,0.4021,0.5735,1304,1656,586,927,175.6321
12,27.237,1,352.4775,649.334,12846.0,2470.0,233.6934,0.9129,3.3766,538.0,38.0023,0.5316,0.6942,248,600,586,927,175.6321
12,27.237,2,793.263,655.8098,12469.0,407.0,186.0858,0.7142,2.3151,571.0,78.3467,0.166,0.2847,600,948,586,927,175.6321
12,27.237,3,1222.865,673.2709,19310.0,2105.0,158.8441,0.9625,1.3567,595.0,33.7785,0.6069,0.7554,948,1304,586,927,175.6321
12,27.237,4,1516.4869,705.3459,18968.0,393.0,199.1513,0.9739,1.6516,569.0,45.5687,0.4994,0.6661,1304,1656,586,927,175.6321
12,27.6375,1,353.3286,635.26,12454.0,3266.0,217.9164,0.8722,3.1745,522.0,34.1235,0.6612,0.796,248,600,586,927,175.6321
12,27.6375,2,750.4563,670.1384,12880.0,173.0,139.7138,0.9863,1.4031,580.0,66.6049,0.2806,0.4383,600,948,586,927,175.6321
12,27.6375,3,1183.814,689.3264,15999.0,532.0,227.6213,0.8867,2.7679,568.0,58.2289,0.2663,0.4206,948,1304,586,927,175.6321
12,27.6375,4,1511.0113,696.1463,20265.0,486.0,205.8853,0.9809,1.5386,565.0,35.709,0.6139,0.7607,1304,1656,586,927,175.6321
12,28.0381,1,340.9492,636.0671,13353.0,3780.0,215.6448,0.9795,2.6453,506.0,49.7488,0.4617,0.6318,248,600,586,927,175.6321
12,28.0381,2,721.2061,665.0988,13394.0,219.0,158.7186,0.8804,1.6758,584.0,42.3799,0.4455,0.6164,600,948,586,927,175.6321
12,28.0381,3,1131.6782,662.5027,15899.0,1312.0,221.9754,0.7558,2.6414,551.0,63.4519,0.253,0.4038,948,1304,586,927,175.6321
12,28.0381,4,1487.6842,736.0936,18808.0,0.0,231.5427,0.7962,2.4241,612.0,57.5762,0.2531,0.4039,1304,1656,586,927,175.6321
12,28.4386,1,330.3243,664.376,13276.0,1890.0,183.1731,0.9726,2.4719,573.0,47.5642,0.4,0.5714,248,600,586,927,175.6321
12,28.4386,2,711.8092,664.0816,14699.0,232.0,173.9381,0.8333,1.7231,580.0,31.1542,0.6335,0.7756,600,948,586,927,175.6321
12,28.4386,3,1083.8782,676.6868,17182.0,1047.0,233.8959,0.7634,2.42,559.0,66.422,0.1411,0.2473,948,1304,586,927,175.6321
12,28.4386,4,1457.7661,710.7091,13406.0,8.0,219.5974,0.8901,3.2736,587.0,50.1187,0.3806,0.5513,1304,1656,586,927,175.6321
12,28.8392,1,333.4111,669.1111,14482.0,1619.0,202.8541,0.9523,2.6084,571.0,36.2784,0.6021,0.7516,248,600,586,927,175.6321
12,28.8392,2,711.8157,664.9957,15363.0,254.0,181.5743,0.6953,1.77,578.0,45.2106,0.3756,0.5461,600,948,586,927,175.6321
12,28.8392,3,1052.4172,686.6934,16081.0,1052.0,226.2531,0.8771,2.4576,555.0,50.8514,0.2886,0.4479,948,1304,586,927,175.6321
12,28.8392,4,1446.3614,670.7762,12769.0,285.0,234.6882,0.6667,3.4007,577.0,42.6894,0.4097,0.5812,1304,1656,586,927,175.6321
12,29.2397,1,346.5063,662.5085,13441.0,1640.0,147.902,0.9243,1.5942,571.0,44.0418,0.516,0.6807,248,600,586,927,175.6321
12,29.2397,2,696.6155,664.4169,16074.0,483.0,212.0664,0.598,2.3113,575.0,33.3818,0.5736,0.729,600,948,586,927,175.6321
12,29.2397,3,1026.3992,706.5602,15079.0,196.0,175.6981,0.9698,1.938,591.0,39.5654,0.3387,0.506,948,1304,586,927,175.6321
12,29.2397,4,1400.6496,669.0829,12570.0,543.0,219.2907,0.6468,3.2467,568.0,66.1392,0.1753,0.2983,1304,1656,586,927,175.6321
12,29.6403,1,351.2798,648.1245,10398.0,1664.0,145.5488,0.9503,1.8048,554.0,30.9652,0.5306,0.6933,248,600,586,927,175.6321
12,29.6403,2,701.9409,664.2781,17078.0,567.0,251.9165,0.5667,2.7639,575.0,26.6947,0.6516,0.789,600,948,586,927,175.6321
12,29.6403,3,1032.2985,680.1742,10970.0,448.0,163.3511,0.9292,2.1838,572.0,37.5335,0.3015,0.4634,948,1304,586,927,175.6321
12,29.6403,4,1388.1122,690.4844,11757.0,496.0,228.758,0.854,3.7226,569.0,47.2291,0.3648,0.5346,1304,1656,586,927,175.6321
12,30.0408,1,346.884,600.948,6096.0,2041.0,109.7557,0.8405,1.6174,548.0,37.6852,0.3456,0.5136,248,600,586,927,175.6321
12,30.0408,2,765.4922,633.1009,13700.0,735.0,246.4058,0.3868,3.6168,573.0,49.6909,0.3858,0.5568,600,948,586,927,175.6321
12,30.0408,3,1065.744,665.5535,11076.0,1202.0,165.9416,0.993,2.4328,550.0,41.2129,0.171,0.292,948,1304,586,927,175.6321
12,30.0408,4,1390.9306,736.173,13226.0,0.0,222.4919,0.9054,3.0269,609.0,51.3591,0.2536,0.4046,1304,1656,586,927,175.6321
12,30.4413,1,361.007,622.1819,10785.0,3158.0,170.256,0.8857,2.3057,518.0,39.8787,0.3516,0.5202,248,600,586,927,175.6321
12,30.4413,2,822.761,637.1093,14392.0,646.0,196.2613,0.3784,2.2516,573.0,57.3315,0.3144,0.4784,600,948,586,927,175.6321
12,30.4413,3,1106.4949,663.8987,13096.0,1225.0,218.9231,0.9639,2.7865,551.0,55.2055,0.1911,0.3209,948,1304,586,927,175.6321
12,30.4413,4,1368.6916,722.0104,14745.0,0.0,183.1803,0.9796,1.9738,609.0,37.2787,0.3999,0.5714,1304,1656,586,927,175.6321
12,30.8419,1,377.0248,631.131,9993.0,1450.0,189.8563,0.6912,2.8328,564.0,48.9167,0.293,0.4532,248,600,586,927,175.6321
12,30.8419,2,827.8562,656.6039,13986.0,6.0,191.1593,0.4642,2.2797,586.0,47.112,0.4333,0.6046,600,948,586,927,175.6321
12,30.8419,3,1136.7603,670.5613,13514.0,1083.0,235.4335,0.867,3.4911,570.0,57.9579,0.2552,0.4067,948,1304,586,927,175.6321
12,30.8419,4,1356.11,644.6297,6556.0,701.0,160.2118,0.9355,2.9088,569.0,40.9946,0.2071,0.3432,1304,1656,586,927,175.6321
12,31.2424,1,421.4232,607.8008,10974.0,3122.0,204.292,0.6199,3.0215,529.0,46.1274,0.3822,0.5531,248,600,586,927,175.6321
12,31.2424,2,831.9887,664.9139,13855.0,106.0,171.5231,0.7247,1.8194,583.0,43.8387,0.4711,0.6405,600,948,586,927,175.6321
12,31.2424,3,1177.6895,665.7755,13862.0,2037.0,248.4769,0.8812,3.6561,547.0,70.6979,0.1851,0.3123,948,1304,586,927,175.6321
12,31.2424,4,1363.632,681.8253,8791.0,0.0,137.3642,0.9148,2.0839,596.0,34.98,0.2682,0.423,1304,1656,586,927,175.6321
12,31.643,1,448.8404,630.1618,13142.0,3656.0,213.6199,0.9012,3.0341,517.0,57.5264,0.2141,0.3526,248,600,586,927,175.6321
12,31.643,2,844.9163,663.7271,13792.0,825.0,160.0694,0.9199,1.727,587.0,38.3838,0.5353,0.6974,600,948,586,927,175.6321
12,31.643,3,1185.3827,713.0094,13283.0,138.0,240.9312,0.9277,3.8181,580.0,59.572,0.2702,0.4255,948,1304,586,927,175.6321
12,31.643,4,1405.3337,662.798,9530.0,54.0,167.8512,0.8291,2.3007,583.0,45.4825,0.1341,0.2364,1304,1656,586,927,175.6321
12,32.0435,1,464.7412,650.8687,11714.0,1731.0,248.8414,0.7564,4.311,557.0,56.5554,0.3579,0.5271,248,600,586,927,175.6321
12,32.0435,2,839.5707,674.4889,13642.0,22.0,168.9898,0.9612,1.7998,584.0,39.4412,0.5633,0.7206,600,948,586,927,175.6321
12,32.0435,3,1189.2285,720.9205,13029.0,21.0,246.7393,0.9206,4.1018,585.0,32.2793,0.5952,0.7463,948,1304,586,927,175.6321
12,32.0435,4,1443.0863,685.9734,12544.0,58.0,182.181,0.9162,2.1897,582.0,48.8416,0.1799,0.305,1304,1656,586,927,175.6321
12,32.4441,1,482.3016,630.684,13139.0,3217.0,231.3498,0.6502,3.6662,529.0,40.3624,0.5254,0.6889,248,600,586,927,175.6321
12,32.4441,2,821.0557,671.443,13336.0,0.0,173.3597,0.8132,2.0319,588.0,47.7459,0.4964,0.6635,600,948,586,927,175.6321
12,32.4441,3,1199.9566,679.0409,13678.0,1174.0,211.4643,0.9237,3.0069,576.0,38.0722,0.5452,0.7057,948,1304,586,927,175.6321
12,32.4441,4,1482.0436,706.7322,13587.0,0.0,185.4828,0.8588,2.1717,597.0,41.5211,0.3563,0.5254,1304,1656,586,927,175.6321
12,32.8446,1,501.2372,631.3309,11979.0,2929.0,222.0571,0.7919,3.2224,518.0,58.1394,0.3445,0.5125,248,600,586,927,175.6321
12,32.8446,2,806.8516,665.2099,12989.0,324.0,155.1939,0.976,1.6602,576.0,41.1144,0.5173,0.6819,600,948,586,927,175.6321
12,32.8446,3,1188.4543,693.6647,13458.0,200.0,217.7526,0.8986,3.002,578.0,28.4907,0.6011,0.7509,948,1304,586,927,175.6321
12,32.8446,4,1500.6232,682.2747,12743.0,0.0,193.7297,0.8125,2.4308,587.0,39.31,0.4318,0.6031,1304,1656,586,927,175.6321
12,33.2452,1,496.5868,677.9939,12366.0,1086.0,225.2169,0.8101,3.3307,561.0,55.7384,0.2977,0.4588,248,600,586,927,175.6321
12,33.2452,2,797.0696,672.2631,12458.0,104.0,149.2837,0.9535,1.6569,580.0,29.9052,0.6569,0.7929,600,948,586,927,175.6321
12,33.2452,3,1194.0327,679.8139,12711.0,25.0,199.7663,0.7936,2.7887,585.0,37.6177,0.5868,0.7396,948,1304,586,927,175.6321
12,33.2452,4,1453.9527,653.4865,12340.0,1031.0,220.1586,0.7157,3.0484,558.0,49.436,0.3642,0.5339,1304,1656,586,927,175.6321
12,33.6457,1,506.5597,644.9959,12698.0,2601.0,200.2946,0.8928,2.6061,530.0,51.5418,0.3855,0.5565,248,600,586,927,175.6321
12,33.6457,2,793.6015,669.1713,13899.0,24.0,164.1707,0.7905,1.7343,585.0,37.435,0.5489,0.7087,600,948,586,927,175.6321
12,33.6457,3,1187.9237,670.059,12635.0,905.0,192.3933,0.8053,2.8174,586.0,33.5641,0.6124,0.7596,948,1304,586,927,175.6321
12,33.6457,4,1438.9094,678.3474,14132.0,638.0,238.9104,0.7981,3.1047,563.0,59.464,0.3107,0.4741,1304,1656,586,927,175.6321
12,34.0462,1,513.1766,636.4093,13529.0,3488.0,203.196,0.9865,2.2435,510.0,44.3509,0.4449,0.6158,248,600,586,927,175.6321
12,34.0462,2,791.2645,653.2484,13644.0,93.0,235.7036,0.4294,3.1164,582.0,45.3644,0.3947,0.566,600,948,586,927,175.6321
12,34.0462,3,1195.8454,671.2468,11205.0,995.0,163.6662,0.982,2.2839,578.0,38.2765,0.4787,0.6475,948,1304,586,927,175.6321
12,34.0462,4,1446.5953,714.1753,13210.0,0.0,224.3052,0.8897,2.9477,595.0,45.149,0.4049,0.5764,1304,1656,586,927,175.6321
12,34.4468,1,515.4353,671.3238,16055.0,1644.0,223.1995,0.974,2.3312,544.0,44.8394,0.4041,0.5756,248,600,586,927,175.6321
12,34.4468,2,796.3822,639.1219,14371.0,0.0,252.6825,0.0222,3.3153,586.0,45.5267,0.3639,0.5336,600,948,586,927,175.6321
12,34.4468,3,1203.6547,661.2569,12179.0,1862.0,220.7787,0.9999,3.3507,547.0,33.5779,0.5699,0.7261,948,1304,586,927,175.6321
12,34.4468,4,1448.2383,734.5647,14444.0,0.0,205.0755,0.997,2.4583,601.0,42.1564,0.3479,0.5162,1304,1656,586,927,175.6321
12,34.8473,1,493.8945,634.2946,13791.0,2925.0,195.76,0.9095,2.1232,525.0,54.7305,0.3032,0.4653,248,600,586,927,175.6321
12,34.8473,2,792.7219,618.7598,13734.0,76.0,276.7282,0.0432,4.3636,583.0,34.609,0.535,0.697,600,948,586,927,175.6321
12,34.8473,3,1188.4925,702.0471,11369.0,122.0,215.4279,1.0,3.321,585.0,46.2152,0.4258,0.5972,948,1304,586,927,175.6321
12,34.8473,4,1454.9778,690.2374,14951.0,0.0,205.7717,0.77,2.5497,587.0,42.1484,0.3917,0.5629,1304,1656,586,927,175.6321
12,35.2479,1,464.5431,645.4079,16534.0,3287.0,224.1382,0.8818,2.4248,519.0,57.0105,0.2992,0.4605,248,600,586,927,175.6321
12,35.2479,2,832.0586,638.4603,13032.0,1685.0,207.3902,0.6299,2.3906,537.0,62.3542,0.1603,0.2763,600,948,586,927,175.6321
12,35.2479,3,1182.0492,705.4305,12651.0,5.0,221.2055,0.971,3.3491,586.0,41.7443,0.4985,0.6654,948,1304,586,927,175.6321
12,35.2479,4,1461.5643,679.6889,13223.0,0.0,195.0985,0.7396,2.5971,589.0,33.7538,0.5602,0.7181,1304,1656,586,927,175.6321
12,35.6484,1,436.9529,668.1233,17037.0,2056.0,222.8162,0.9922,2.1927,534.0,56.201,0.3376,0.5048,248,600,586,927,175.6321
12,35.6484,2,844.4397,677.8891,10603.0,520.0,171.3525,0.6094,2.8273,609.0,61.331,0.1585,0.2737,600,948,586,927,175.6321
12,35.6484,3,1176.9498,683.0767,12387.0,14.0,198.7766,0.8518,2.8416,585.0,43.69,0.463,0.633,948,1304,586,927,175.6321
12,35.6484,4,1461.5739,714.1764,13876.0,0.0,216.8929,0.8355,2.9685,602.0,48.5669,0.3754,0.5459,1304,1656,586,927,175.6321
12,36.049,1,441.0605,661.4109,17331.0,2551.0,214.5396,0.9404,2.2049,532.0,40.5361,0.443,0.614,248,600,586,927,175.6321
12,36.049,2,841.5868,700.2429,12542.0,200.0,163.0941,0.8605,2.0166,588.0,35.1207,0.4235,0.595,600,948,586,927,175.6321
12,36.049,3,1189.2579,693.372,12272.0,99.0,221.3317,0.8893,3.3907,582.0,57.0961,0.4304,0.6018,948,1304,586,927,175.6321
12,36.049,4,1461.8718,727.1816,12785.0,0.0,193.0472,0.9982,2.3471,609.0,48.0117,0.3377,0.5049,1304,1656,586,927,175.6321
12,36.4495,1,467.5859,665.7274,18061.0,2228.0,223.144,0.9482,2.1424,538.0,49.8776,0.3543,0.5232,248,600,586,927,175.6321
12,36.4495,2,846.547,660.9182,8657.0,302.0,150.7947,0.7825,2.5405,574.0,45.0461,0.2497,0.3996,600,948,586,927,175.6321
12,36.4495,3,1202.1945,691.2222,11960.0,78.0,198.8402,0.914,2.9084,582.0,39.0239,0.5368,0.6986,948,1304,586,927,175.6321
12,36.4495,4,1465.9959,705.3383,14734.0,0.0,214.777,0.82,2.6413,595.0,42.7468,0.4028,0.5743,1304,1656,586,927,175.6321
12,36.8501,1,477.9007,678.3041,16079.0,1155.0,215.1095,0.9704,2.3377,551.0,32.7011,0.5926,0.7442,248,600,586,927,175.6321
12,36.8501,2,856.0912,638.8667,8817.0,418.0,132.1922,0.5728,1.8207,573.0,42.1425,0.2885,0.4478,600,948,586,927,175.6321
12,36.8501,3,1211.9507,685.7844,15119.0,760.0,201.2036,0.9933,2.3623,569.0,44.1356,0.5021,0.6685,948,1304,586,927,175.6321
12,36.8501,4,1443.1556,659.1827,12669.0,94.0,235.918,0.5396,3.7287,583.0,45.4511,0.4181,0.5896,1304,1656,586,927,175.6321
12,37.2506,1,475.5622,645.9528,14037.0,2008.0,251.8227,0.7043,3.5451,553.0,60.3986,0.2223,0.3637,248,600,586,927,175.6321
12,37.2506,2,833.0544,628.5419,8830.0,772.0,138.221,0.6934,1.7891,567.0,40.046,0.4348,0.6061,600,948,586,927,175.6321
12,37.2506,3,1222.5455,681.9351,13122.0,14.0,170.3612,0.94,2.0336,585.0,33.4402,0.5592,0.7173,948,1304,586,927,175.6321
12,37.2506,4,1404.4982,673.2446,13064.0,645.0,216.0613,0.7563,2.9385,564.0,68.0421,0.1832,0.3096,1304,1656,586,927,175.6321
12,37.6511,1,414.7319,617.434,14616.0,3677.0,255.3404,0.5048,3.484,534.0,56.065,0.2916,0.4515,248,600,586,927,175.6321
12,37.6511,2,807.7209,649.13,10018.0,290.0,151.6866,0.798,2.0543,576.0,56.0296,0.2918,0.4518,600,948,586,927,175.6321
12,37.6511,3,1224.019,682.2141,12236.0,23.0,176.8573,0.9165,2.3331,585.0,31.716,0.6047,0.7537,948,1304,586,927,175.6321
12,37.6511,4,1395.1684,710.6672,12294.0,14.0,224.9506,0.8763,3.3821,589.0,53.3994,0.2599,0.4126,1304,1656,586,927,175.6321
12,38.0517,1,402.4497,661.3553,14652.0,1866.0,221.6377,0.8367,2.6968,549.0,58.8451,0.1756,0.2988,248,600,586,927,175.6321
12,38.0517,2,784.9315,659.3,12668.0,1206.0,201.4329,0.8639,2.6857,551.0,51.5768,0.3119,0.4755,600,948,586,927,175.6321
12,38.0517,3,1208.4972,695.1933,13028.0,0.0,181.3236,0.9191,2.3499,586.0,35.4621,0.5731,0.7286,948,1304,586,927,175.6321
12,38.0517,4,1385.967,725.7854,13336.0,0.0,194.5743,0.9734,2.3393,592.0,33.7143,0.4566,0.6269,1304,1656,586,927,175.6321
12,38.4522,1,387.1462,652.8827,13589.0,2391.0,160.6835,0.9911,1.8704,543.0,37.9094,0.4197,0.5913,248,600,586,927,175.6321
12,38.4522,2,751.0092,668.3439,11818.0,828.0,172.3268,0.9347,2.2352,562.0,53.6389,0.2155,0.3546,600,948,586,927,175.6321
12,38.4522,3,1215.5846,670.4737,10171.0,276.0,167.8332,0.974,2.267,576.0,31.7611,0.5797,0.7339,948,1304,586,927,175.6321
12,38.4522,4,1376.9835,670.7583,11405.0,728.0,181.9393,0.9993,2.435,558.0,38.3143,0.3786,0.5492,1304,1656,586,927,175.6321
12,38.8528,1,371.4736,602.4862,8360.0,2907.0,147.1586,0.9563,1.8644,524.0,34.2477,0.4282,0.5997,248,600,586,927,175.6321
12,38.8528,2,729.5945,660.4783,12263.0,773.0,186.1462,0.7305,2.5561,573.0,38.7904,0.448,0.6188,600,948,586,927,175.6321
12,38.8528,3,1216.8356,674.7395,10690.0,681.0,190.1255,0.9983,2.8091,562.0,29.3786,0.6258,0.7699,948,1304,586,927,175.6321
12,38.8528,4,1382.217,701.3291,11280.0,0.0,176.3712,0.935,2.2872,604.0,38.6195,0.3898,0.5609,1304,1656,586,927,175.6321
12,39.2533,1,368.1406,634.1564,12151.0,3148.0,204.4105,0.9962,2.8505,521.0,44.3397,0.4468,0.6176,248,600,586,927,175.6321
12,39.2533,2,726.4832,645.7755,11454.0,605.0,189.0505,0.6801,2.5311,572.0,30.9599,0.6451,0.7842,600,948,586,927,175.6321
12,39.2533,3,1208.749,699.8969,12573.0,134.0,218.929,0.993,3.2129,578.0,38.2479,0.5207,0.6848,948,1304,586,927,175.6321
12,39.2533,4,1388.3252,702.9169,11576.0,0.0,203.4816,0.9612,2.7984,594.0,29.9391,0.5608,0.7186,1304,1656,586,927,175.6321
12,39.6539,1,389.4942,640.7358,12491.0,2330.0,211.7205,0.872,2.9406,545.0,49.2277,0.3578,0.5271,248,600,586,927,175.6321
12,39.6539,2,734.8401,650.5684,11594.0,790.0,185.884,0.8001,2.4605,569.0,39.6761,0.578,0.7326,600,948,586,927,175.6321
12,39.6539,3,1197.0705,696.3028,12685.0,49.0,216.9455,0.9519,3.1418,583.0,42.8535,0.514,0.679,948,1304,586,927,175.6321
12,39.6539,4,1402.6462,698.2404,13828.0,0.0,212.1154,0.8144,2.7525,589.0,49.1776,0.2676,0.4222,1304,1656,586,927,175.6321
12,40.0544,1,433.8543,615.8865,13243.0,4708.0,223.5936,0.9901,2.9249,498.0,57.4184,0.2546,0.4058,248,600,586,927,175.6321
12,40.0544,2,738.2257,657.6707,10966.0,647.0,156.3101,0.9474,1.9881,569.0,45.7107,0.5142,0.6792,600,948,586,927,175.6321
12,40.0544,3,1201.7801,671.5573,10619.0,139.0,156.3885,0.9358,1.9423,580.0,39.7546,0.5937,0.745,948,1304,586,927,175.6321
12,40.0544,4,1405.5163,687.5546,12156.0,163.0,225.9622,0.7741,3.9464,580.0,31.6328,0.5461,0.7064,1304,1656,586,927,175.6321
12,40.4549,1,445.4277,654.0357,15054.0,3169.0,237.1242,0.9804,2.9,533.0,49.4593,0.4071,0.5786,248,600,586,927,175.6321
12,40.4549,2,729.6122,647.6924,12621.0,802.0,177.1604,0.6924,2.0931,566.0,57.8763,0.3385,0.5058,600,948,586,927,175.6321
12,40.4549,3,1216.9395,675.7573,12652.0,116.0,174.6209,0.9726,1.9669,582.0,47.0279,0.5036,0.6698,948,1304,586,927,175.6321
12,40.4549,4,1373.7623,673.8575,10163.0,615.0,209.797,0.8328,3.2225,565.0,62.7803,0.2369,0.3831,1304,1656,586,927,175.6321
12,40.8555,1,450.054,644.9648,14734.0,3969.0,243.2917,0.8964,3.5197,520.0,36.5207,0.5282,0.6913,248,600,586,927,175.6321
12,40.8555,2,738.7583,651.2801,14486.0,630.0,190.209,0.6949,2.1585,574.0,33.5308,0.6327,0.775,600,948,586,927,175.6321
12,40.8555,3,1228.3049,692.156,14722.0,80.0,193.1073,0.9208,2.3265,602.0,49.6661,0.4778,0.6466,948,1304,586,927,175.6321
12,40.8555,4,1362.2535,708.0715,10689.0,252.0,180.545,0.8586,2.8299,607.0,58.9255,0.2167,0.3562,1304,1656,586,927,175.6321
12,41.256,1,461.3499,645.4012,14886.0,3784.0,233.0924,0.9546,3.0752,512.0,41.2648,0.4834,0.6518,248,600,586,927,175.6321
12,41.256,2,772.7922,676.3933,14299.0,661.0,196.1709,0.9379,2.3803,573.0,42.8751,0.4701,0.6396,600,948,586,927,175.6321
12,41.256,3,1232.0114,687.181,17748.0,175.0,178.7481,0.9987,1.6702,600.0,38.4078,0.5601,0.718,948,1304,586,927,175.6321
12,41.256,4,1359.2034,722.9423,11802.0,16.0,188.3474,0.9073,2.838,608.0,33.9637,0.5236,0.6873,1304,1656,586,927,175.6321
12,41.6566,1,464.4398,670.318,14128.0,1837.0,244.4957,0.8239,3.7396,555.0,42.6345,0.4153,0.5869,248,600,586,927,175.6321
12,41.6566,2,776.9963,682.7815,13412.0,327.0,211.5224,0.8604,2.8638,572.0,36.8002,0.5818,0.7356,600,948,586,927,175.6321
12,41.6566,3,1201.5682,673.3914,16734.0,219.0,246.3794,0.6023,3.084,580.0,48.7397,0.3884,0.5595,948,1304,586,927,175.6321
12,41.6566,4,1359.3075,694.4117,12904.0,351.0,159.361,0.9019,2.0557,608.0,46.2146,0.488,0.656,1304,1656,586,927,175.6321
12,42.0571,1,487.1455,631.1348,12482.0,3243.0,234.6816,0.748,3.8152,518.0,45.8625,0.41,0.5815,248,600,586,927,175.6321
12,42.0571,2,763.0205,660.5088,13392.0,956.0,160.9906,0.8708,1.7765,565.0,52.3268,0.3165,0.4808,600,948,586,927,175.6321
12,42.0571,3,1142.6132,656.3491,15032.0,487.0,242.69,0.568,3.3245,575.0,61.2703,0.2716,0.4272,948,1304,586,927,175.6321
12,42.0571,4,1367.4563,683.298,14200.0,0.0,163.1464,0.9179,1.6152,609.0,47.3187,0.4494,0.6201,1304,1656,586,927,175.6321
12,42.4577,1,514.8682,662.4263,10740.0,2318.0,239.0711,0.9396,4.3303,522.0,67.9668,0.1203,0.2147,248,600,586,927,175.6321
12,42.4577,2,785.0869,648.9747,13934.0,1715.0,204.353,0.7503,2.4211,541.0,54.6373,0.3269,0.4927,600,948,586,927,175.6321
12,42.4577,3,1089.3368,664.8764,14651.0,494.0,234.3726,0.6214,3.2021,572.0,65.5038,0.1834,0.3099,948,1304,586,927,175.6321
12,42.4577,4,1406.2001,696.1226,16262.0,25.0,179.3275,0.9245,1.6537,585.0,58.8442,0.312,0.4756,1304,1656,586,927,175.6321
12,42.8582,1,518.7962,697.1076,10984.0,1163.0,240.3249,0.963,4.59,551.0,40.8302,0.39,0.5611,248,600,586,927,175.6321
12,42.8582,2,825.4633,669.8869,14922.0,968.0,229.1588,0.6916,2.8109,562.0,66.7424,0.1283,0.2275,600,948,586,927,175.6321
12,42.8582,3,1052.6548,673.304,11512.0,224.0,182.8223,0.7581,2.4207,577.0,52.6238,0.2718,0.4275,948,1304,586,927,175.6321
12,42.8582,4,1439.8047,685.7078,15711.0,506.0,188.1584,0.9982,1.7771,566.0,61.1159,0.3342,0.5009,1304,1656,586,927,175.6321
12,43.2588,1,530.4735,630.7608,9841.0,3023.0,214.9412,0.9729,3.9388,515.0,52.7763,0.3127,0.4764,248,600,586,927,175.6321
12,43.2588,2,857.3564,671.8424,12853.0,1416.0,168.9927,0.7828,2.2294,590.0,54.1769,0.3245,0.49,600,948,586,927,175.6321
12,43.2588,3,1026.9567,660.3565,9538.0,1130.0,161.4062,0.9731,2.3861,554.0,38.0323,0.3746,0.5451,948,1304,586,927,175.6321
12,43.2588,4,1451.6142,707.5331,18692.0,0.0,203.9728,0.9883,1.8871,588.0,44.2347,0.4937,0.661,1304,1656,586,927,175.6321
12,43.6593,1,518.8257,645.9536,10694.0,2283.0,200.0302,0.9956,3.4927,534.0,41.8132,0.4105,0.582,248,600,586,927,175.6321
12,43.6593,2,875.6681,686.3995,12497.0,734.0,179.1707,0.9305,2.3643,590.0,39.7675,0.4671,0.6368,600,948,586,927,175.6321
12,43.6593,3,1036.944,688.9377,11886.0,814.0,203.2729,0.9907,3.3306,559.0,34.7765,0.3909,0.5621,948,1304,586,927,175.6321
12,43.6593,4,1461.0498,704.5667,18043.0,0.0,228.5921,0.8234,2.5297,589.0,43.0395,0.4672,0.6368,1304,1656,586,927,175.6321
12,44.0598,1,483.5686,642.3952,11391.0,2189.0,213.0567,0.9063,3.1401,543.0,53.8037,0.2294,0.3732,248,600,586,927,175.6321
12,44.0598,2,865.5197,686.5261,12957.0,269.0,182.1845,0.9576,2.2364,590.0,42.2873,0.5408,0.702,600,948,586,927,175.6321
12,44.0598,3,1035.8496,720.4154,12456.0,0.0,188.0022,0.9984,2.6746,596.0,34.3624,0.3466,0.5147,948,1304,586,927,175.6321
12,44.0598,4,1472.8871,696.79,16738.0,0.0,210.1962,0.687,2.3272,598.0,33.4982,0.574,0.7294,1304,1656,586,927,175.6321
12,44.4604,1,445.3069,617.4831,12915.0,4152.0,204.0152,0.9404,2.518,502.0,52.711,0.2745,0.4308,248,600,586,927,175.6321
12,44.4604,2,837.0193,654.0546,12498.0,1132.0,168.8046,0.8854,1.9337,553.0,63.3667,0.2507,0.4009,600,948,586,927,175.6321
12,44.4604,3,1041.188,679.2735,10935.0,461.0,177.2067,0.9299,2.491,572.0,35.6734,0.3442,0.5121,948,1304,586,927,175.6321
12,44.4604,4,1473.1609,685.7467,14431.0,0.0,201.9288,0.6311,2.5266,600.0,24.8923,0.6311,0.7738,1304,1656,586,927,175.6321
12,44.8609,1,422.2541,645.8289,13196.0,2721.0,244.1741,0.7913,3.6297,545.0,61.604,0.2281,0.3714,248,600,586,927,175.6321
12,44.8609,2,805.9003,641.8678,14346.0,1739.0,210.363,0.7837,2.5005,537.0,55.5646,0.3313,0.4978,600,948,586,927,175.6321
12,44.8609,3,1064.5078,652.3619,9957.0,274.0,167.3046,0.769,2.4477,578.0,41.2165,0.3618,0.5313,948,1304,586,927,175.6321
12,44.8609,4,1471.2017,680.0136,11607.0,0.0,159.474,0.6517,2.1218,598.0,32.0157,0.5445,0.705,1304,1656,586,927,175.6321
12,45.2615,1,394.7323,624.1213,13151.0,3723.0,248.9144,0.7158,3.7815,522.0,43.134,0.5036,0.6698,248,600,586,927,175.6321
12,45.2615,2,799.5519,670.7156,16176.0,636.0,238.1369,0.7072,2.8636,571.0,47.337,0.4425,0.6135,600,948,586,927,175.6321
12,45.2615,3,1094.8021,664.3337,12817.0,570.0,200.5901,0.8488,2.4882,573.0,56.1535,0.3002,0.4618,948,1304,586,927,175.6321
12,45.2615,4,1490.2024,668.7031,12821.0,0.0,172.987,0.5923,2.0257,589.0,29.6762,0.5637,0.721,1304,1656,586,927,175.6321
12,45.662,1,368.5437,624.5694,13010.0,3905.0,238.588,0.8438,3.3517,505.0,58.2803,0.3678,0.5377,248,600,586,927,175.6321
12,45.662,2,782.7845,654.5777,15604.0,1298.0,215.4779,0.6545,2.4769,552.0,37.8641,0.5554,0.7142,600,948,586,927,175.6321
12,45.662,3,1134.7436,659.5339,15939.0,579.0,210.2501,0.8127,2.3902,569.0,62.3664,0.2836,0.4419,948,1304,586,927,175.6321
12,45.662,4,1494.248,671.2849,13336.0,0.0,231.1169,0.4931,3.3773,599.0,44.8124,0.4719,0.6412,1304,1656,586,927,175.6321
12,46.0626,1,370.7262,672.3023,13086.0,1302.0,232.0133,0.8816,3.3062,554.0,61.9186,0.3156,0.4798,248,600,586,927,175.6321
12,46.0626,2,739.4583,643.9742,14620.0,1841.0,236.2051,0.612,2.9751,551.0,51.6169,0.3691,0.5392,600,948,586,927,175.6321
12,46.0626,3,1150.7058,672.2009,13513.0,88.0,206.0658,0.792,2.661,581.0,44.4595,0.4594,0.6296,948,1304,586,927,175.6321
12,46.0626,4,1508.8691,679.2294,12082.0,0.0,208.2878,0.5475,3.1972,597.0,47.382,0.492,0.6595,1304,1656,586,927,175.6321
12,46.4631,1,369.5174,637.452,13167.0,3378.0,186.1091,0.9593,2.2965,522.0,62.455,0.3531,0.5219,248,600,586,927,175.6321
12,46.4631,2,724.422,664.0473,14312.0,1566.0,218.2932,0.7409,2.8901,550.0,50.8511,0.3109,0.4743,600,948,586,927,175.6321
12,46.4631,3,1171.1578,656.7021,10426.0,214.0,141.5614,0.8894,1.7253,577.0,51.2535,0.4724,0.6416,948,1304,586,927,175.6321
12,46.4631,4,1529.5703,679.9539,11983.0,0.0,186.7471,0.7177,2.5003,590.0,44.9455,0.4805,0.6491,1304,1656,586,927,175.6321
12,46.8637,1,369.1994,631.6078,13125.0,3091.0,173.5176,0.9589,1.7311,522.0,36.5388,0.5177,0.6822,248,600,586,927,175.6321
12,46.8637,2,691.2311,655.6927,10675.0,2074.0,151.5063,0.8631,2.3879,581.0,46.2976,0.2999,0.4614,600,948,586,927,175.6321
12,46.8637,3,1188.7428,660.6729,12013.0,119.0,162.8614,0.7925,1.8408,579.0,53.2058,0.4037,0.5752,948,1304,586,927,175.6321
12,46.8637,4,1534.1589,697.053,12419.0,111.0,192.6447,0.7212,2.9564,612.0,47.9478,0.4767,0.6456,1304,1656,586,927,175.6321
12,47.2642,1,387.6812,645.4011,13780.0,2282.0,188.4258,0.9138,2.1218,537.0,57.5007,0.261,0.414,248,600,586,927,175.6321
12,47.2642,2,681.6595,681.8452,10546.0,1254.0,220.6538,0.9811,4.1599,552.0,35.7642,0.3862,0.5572,600,948,586,927,175.6321
12,47.2642,3,1221.4987,672.7482,13088.0,110.0,150.3484,0.9287,1.6057,601.0,61.1963,0.3407,0.5083,948,1304,586,927,175.6321
12,47.2642,4,1539.8396,719.855,13638.0,102.0,190.5819,0.7621,2.6503,623.0,53.7749,0.4249,0.5964,1304,1656,586,927,175.6321
12,47.6647,1,436.5605,639.0079,15062.0,3231.0,217.6632,0.8339,2.6723,521.0,69.9397,0.1405,0.2463,248,600,586,927,175.6321
12,47.6647,2,685.6466,683.2534,12216.0,821.0,195.3113,0.9526,2.8705,579.0,42.393,0.4428,0.6138,600,948,586,927,175.6321
12,47.6647,3,1195.5186,649.5676,14563.0,40.0,241.6771,0.4844,3.0799,584.0,55.6723,0.312,0.4756,948,1304,586,927,175.6321
12,47.6647,4,1547.5509,727.018,15185.0,0.0,205.9564,0.9508,2.1365,594.0,40.5563,0.4806,0.6492,1304,1656,586,927,175.6321
12,48.0653,1,482.9519,658.0973,15511.0,2028.0,225.6885,0.7722,2.6492,547.0,66.4226,0.1443,0.2522,248,600,586,927,175.6321
12,48.0653,2,695.2742,669.3523,12963.0,617.0,167.8913,0.956,1.9725,582.0,44.0295,0.4699,0.6393,600,948,586,927,175.6321
12,48.0653,3,1151.7574,658.1756,14063.0,300.0,216.9735,0.6348,2.7605,577.0,62.605,0.3253,0.4909,948,1304,586,927,175.6321
12,48.0653,4,1540.9609,700.5058,13466.0,574.0,219.6379,0.9094,2.8887,565.0,37.4189,0.4754,0.6444,1304,1656,586,927,175.6321
12,48.4658,1,495.4644,661.7789,13384.0,1769.0,218.8237,0.7594,3.1768,546.0,37.4957,0.4914,0.6589,248,600,586,927,175.6321
12,48.4658,2,694.3465,652.6451,13305.0,1246.0,165.2945,0.9366,1.6391,550.0,38.6627,0.5296,0.6925,600,948,586,927,175.6321
12,48.4658,3,1119.5014,673.5768,14027.0,118.0,213.0761,0.7017,2.8832,581.0,64.1019,0.3005,0.4621,948,1304,586,927,175.6321
12,48.4658,4,1545.3113,707.7271,13957.0,378.0,190.1774,0.8246,2.7344,614.0,29.9296,0.6543,0.791,1304,1656,586,927,175.6321
12,48.8664,1,518.3187,632.6219,10996.0,3035.0,211.0785,0.8993,3.1453,510.0,37.2697,0.4395,0.6106,248,600,586,927,175.6321
12,48.8664,2,711.6813,664.0598,16145.0,1174.0,218.1262,0.766,2.5637,556.0,53.3368,0.3736,0.544,600,948,586,927,175.6321
12,48.8664,3,1075.7704,662.267,14750.0,1026.0,210.3086,0.7585,2.5651,561.0,58.9906,0.2954,0.4561,948,1304,586,927,175.6321
12,48.8664,4,1552.7873,712.6852,12222.0,27.0,182.6691,0.8768,2.8713,612.0,34.2703,0.499,0.6658,1304,1656,586,927,175.6321
12,49.2669,1,516.5397,689.9822,10128.0,473.0,222.8548,0.8611,3.8787,571.0,58.6651,0.2083,0.3447,248,600,586,927,175.6321
12,49.2669,2,759.7653,656.3674,15060.0,894.0,237.4464,0.6228,2.8305,563.0,60.7347,0.271,0.4265,600,948,586,927,175.6321
12,49.2669,3,1050.1611,687.3692,15529.0,425.0,203.9173,0.8451,2.4715,593.0,58.9931,0.2799,0.4374,948,1304,586,927,175.6321
12,49.2669,4,1545.4144,708.5029,12774.0,0.0,163.4622,0.9416,1.7327,601.0,40.8475,0.5304,0.6932,1304,1656,586,927,175.6321
12,49.6675,1,526.8436,649.6579,10480.0,2038.0,197.9844,0.9252,3.1103,539.0,53.5044,0.3748,0.5452,248,600,586,927,175.6321
12,49.6675,2,812.5703,658.9998,16292.0,1114.0,240.6573,0.595,2.6849,559.0,63.6958,0.2267,0.3695,600,948,586,927,175.6321
12,49.6675,3,1037.2318,703.3033,15103.0,198.0,214.6628,0.8719,2.8671,596.0,45.0397,0.4589,0.6291,948,1304,586,927,175.6321
12,49.6675,4,1531.7906,716.8211,14812.0,0.0,170.1173,0.9958,1.7021,598.0,37.7436,0.4521,0.6227,1304,1656,586,927,175.6321
12,50.068,1,535.2917,643.0204,9983.0,2797.0,135.7807,0.9009,2.5016,578.0,49.6975,0.4013,0.5727,248,600,586,927,175.6321
12,50.068,2,830.0289,675.219,13199.0,1060.0,180.2017,0.6333,2.6509,588.0,56.112,0.2975,0.4586,600,948,586,927,175.6321
12,50.068,3,1010.2267,669.4605,14658.0,1544.0,165.869,0.9972,1.8426,595.0,44.7599,0.44,0.6111,948,1304,586,927,175.6321
12,50.068,4,1502.1969,688.8508,13111.0,0.0,163.2776,0.9451,1.7095,594.0,47.6451,0.2711,0.4266,1304,1656,586,927,175.6321
12,50.4685,1,547.1442,659.714,9319.0,1600.0,161.5823,0.9672,2.7699,580.0,38.1499,0.47,0.6394,248,600,586,927,175.6321
12,50.4685,2,869.4524,673.3798,12687.0,1265.0,172.2932,0.8748,2.3497,589.0,47.8504,0.3588,0.5282,600,948,586,927,175.6321
12,50.4685,3,1012.6972,688.8988,16692.0,580.0,193.277,0.9986,1.9962,596.0,31.1802,0.6755,0.8063,948,1304,586,927,175.6321
12,50.4685,4,1494.2819,687.3149,12934.0,0.0,171.553,0.951,1.8294,587.0,36.2516,0.4926,0.6601,1304,1656,586,927,175.6321
12,50.8691,1,546.7718,656.3788,10870.0,2627.0,164.2283,0.9787,2.7933,576.0,22.0053,0.715,0.8338,248,600,586,927,175.6321
12,50.8691,2,871.5191,688.9027,12742.0,343.0,182.6534,0.9223,2.4612,590.0,35.7195,0.5445,0.7051,600,948,586,927,175.6321
12,50.8691,3,1028.1054,706.5114,17544.0,0.0,214.8375,0.9179,2.2131,597.0,39.0521,0.4696,0.6391,948,1304,586,927,175.6321
12,50.8691,4,1478.6186,698.0677,12534.0,0.0,171.5707,0.9483,2.0856,597.0,41.3689,0.4443,0.6153,1304,1656,586,927,175.6321
12,51.2696,1,539.6545,674.9638,11524.0,1516.0,180.5646,0.9687,2.7742,580.0,29.2465,0.6252,0.7694,248,600,586,927,175.6321
12,51.2696,2,865.7063,655.849,13130.0,1226.0,157.4872,0.9082,1.7767,587.0,55.0435,0.4299,0.6013,600,948,586,927,175.6321
12,51.2696,3,1070.747,658.9339,14932.0,1207.0,233.5003,0.6835,3.0888,562.0,49.1775,0.3842,0.5551,948,1304,586,927,175.6321
12,51.2696,4,1460.7331,702.8425,13968.0,0.0,206.2981,0.861,2.5944,600.0,37.155,0.4805,0.6491,1304,1656,586,927,175.6321
12,51.6702,1,519.6918,645.6186,12899.0,1810.0,202.8675,0.934,2.3954,545.0,54.1565,0.3127,0.4764,248,600,586,927,175.6321
12,51.6702,2,859.4519,664.0503,16529.0,1941.0,195.5713,0.9959,1.8226,534.0,32.8058,0.6123,0.7596,600,948,586,927,175.6321
12,51.6702,3,1159.6873,649.9897,16059.0,1826.0,239.278,0.6509,2.4477,545.0,68.178,0.0413,0.0794,948,1304,586,927,175.6321
12,51.6702,4,1450.3868,695.8936,12910.0,0.0,223.316,0.8409,2.897,595.0,34.4074,0.547,0.7072,1304,1656,586,927,175.6321
12,52.0707,1,470.8459,610.6134,11517.0,3284.0,198.1619,0.7307,2.5854,518.0,62.2173,0.2272,0.3702,248,600,586,927,175.6321
12,52.0707,2,869.8997,692.4384,17258.0,335.0,197.8286,0.9893,1.9776,590.0,43.5165,0.4974,0.6643,600,948,586,927,175.6321
12,52.0707,3,1196.485,700.2077,17560.0,0.0,233.112,0.7853,2.7356,595.0,65.1158,0.1379,0.2423,948,1304,586,927,175.6321
12,52.0707,4,1461.072,676.4816,13985.0,0.0,221.575,0.6594,2.9643,589.0,36.8079,0.4786,0.6474,1304,1656,586,927,175.6321
12,52.4713,1,419.0518,627.28,15303.0,2893.0,278.8282,0.5028,3.5567,538.0,64.9902,0.1257,0.2233,248,600,586,927,175.6321
12,52.4713,2,857.4986,703.4465,16212.0,62.0,226.0676,0.9768,2.7423,589.0,42.5447,0.5068,0.6727,600,948,586,927,175.6321
12,52.4713,3,1210.8174,705.1375,15369.0,417.0,174.114,0.9594,1.6969,597.0,37.0246,0.4407,0.6118,948,1304,586,927,175.6321
12,52.4713,4,1492.5474,665.6838,12968.0,0.0,227.4768,0.4693,3.2423,598.0,49.5629,0.4262,0.5977,1304,1656,586,927,175.6321
12,52.8718,1,386.2341,627.3588,15303.0,4205.0,222.59,0.8209,2.2249,507.0,54.0922,0.3475,0.5157,248,600,586,927,175.6321
12,52.8718,2,841.2201,682.6916,15189.0,661.0,235.0441,0.8851,2.9424,566.0,49.2685,0.4131,0.5846,600,948,586,927,175.6321
12,52.8718,3,1216.8218,670.8174,11553.0,1219.0,213.3816,0.9539,2.9558,552.0,26.75,0.5871,0.7398,948,1304,586,927,175.6321
12,52.8718,4,1507.0046,669.9088,11673.0,0.0,203.2943,0.5064,3.1245,596.0,44.6241,0.5344,0.6966,1304,1656,586,927,175.6321
12,53.2724,1,366.3276,644.6892,15129.0,3111.0,213.4372,0.7754,2.9358,569.0,46.4967,0.4088,0.5803,248,600,586,927,175.6321
12,53.2724,2,839.2638,666.8947,13963.0,1590.0,205.144,0.8402,2.5556,546.0,35.8738,0.5057,0.6717,600,948,586,927,175.6321
12,53.2724,3,1226.4263,680.4033,10622.0,943.0,218.5594,0.9808,3.7617,555.0,34.1612,0.5406,0.7018,948,1304,586,927,175.6321
12,53.2724,4,1534.7097,674.6271,12021.0,597.0,200.5298,0.7948,2.6864,564.0,59.7348,0.3078,0.4708,1304,1656,586,927,175.6321
12,53.6729,1,377.629,651.4867,15018.0,2694.0,184.6585,0.9907,1.8693,532.0,45.9955,0.3861,0.5571,248,600,586,927,175.6321
12,53.6729,2,851.374,688.385,12739.0,391.0,181.9064,0.7909,2.3896,588.0,46.7988,0.3582,0.5275,600,948,586,927,175.6321
12,53.6729,3,1225.5933,720.4305,12256.0,0.0,210.4261,0.9998,3.1317,600.0,38.2674,0.4403,0.6114,948,1304,586,927,175.6321
12,53.6729,4,1546.0639,715.9638,12090.0,0.0,169.8558,0.7977,2.5097,628.0,65.7404,0.2329,0.3778,1304,1656,586,927,175.6321
12,54.0734,1,410.4938,654.0016,15387.0,2551.0,190.372,0.9898,2.1062,526.0,63.1518,0.2437,0.3918,248,600,586,927,175.6321
12,54.0734,2,863.9554,688.3637,12369.0,519.0,176.3465,0.9567,2.1687,571.0,33.7902,0.4768,0.6457,600,948,586,927,175.6321
12,54.0734,3,1214.111,691.0706,12077.0,486.0,199.6642,0.9905,2.9006,567.0,44.4495,0.3782,0.5488,948,1304,586,927,175.6321
12,54.0734,4,1555.3697,735.8334,13316.0,0.0,201.0504,0.9101,2.723,616.0,43.6779,0.4652,0.635,1304,1656,586,927,175.6321
12,54.474,1,430.6485,671.9934,16602.0,1774.0,204.331,0.9968,2.1773,543.0,41.2496,0.4612,0.6313,248,600,586,927,175.6321
12,54.474,2,873.8602,647.9219,8109.0,890.0,156.1116,0.9348,2.5517,556.0,29.2779,0.494,0.6613,600,948,586,927,175.6321
12,54.474,3,1188.3313,666.5611,11637.0,651.0,197.0008,0.927,2.7564,567.0,42.5624,0.3629,0.5325,948,1304,586,927,175.6321
12,54.474,4,1550.373,712.9194,15307.0,274.0,181.1096,0.8697,2.0926,616.0,42.4171,0.508,0.6737,1304,1656,586,927,175.6321
12,54.8745,1,426.0611,655.4536,16150.0,2549.0,244.1808,0.7626,3.0803,545.0,48.529,0.3218,0.4869,248,600,586,927,175.6321
12,54.8745,2,871.7496,636.4954,8617.0,1185.0,157.575,0.9635,2.2974,549.0,35.8145,0.441,0.6121,600,948,586,927,175.6321
12,54.8745,3,1157.4699,671.1176,12965.0,148.0,247.1578,0.7517,3.7655,581.0,57.7915,0.2928,0.453,948,1304,586,927,175.6321
12,54.8745,4,1534.8184,725.0832,14159.0,0.0,223.7161,0.8736,3.1739,602.0,39.3691,0.5071,0.673,1304,1656,586,927,175.6321
12,55.2751,1,382.9647,629.153,15827.0,4338.0,232.4775,0.8341,2.4572,506.0,55.1415,0.2732,0.4292,248,600,586,927,175.6321
12,55.2751,2,836.95,644.4775,10385.0,916.0,169.9341,0.8704,2.2736,554.0,48.2813,0.1979,0.3304,600,948,586,927,175.6321
12,55.2751,3,1106.0081,656.0538,13314.0,1288.0,231.2052,0.7118,3.3932,555.0,66.3514,0.2605,0.4133,948,1304,586,927,175.6321
12,55.2751,4,1530.6772,719.6056,15838.0,0.0,182.0189,0.9596,1.7222,608.0,42.3513,0.4279,0.5993,1304,1656,586,927,175.6321
12,55.6756,1,363.8901,663.1997,15143.0,2042.0,224.1451,0.8272,2.5718,541.0,48.6079,0.265,0.4189,248,600,586,927,175.6321
12,55.6756,2,806.9669,648.4499,13143.0,2527.0,203.5934,0.9958,2.5515,531.0,53.0275,0.2375,0.3839,600,948,586,927,175.6321
12,55.6756,3,1074.9743,679.5525,14663.0,1157.0,222.0969,0.9507,2.8991,552.0,59.1798,0.2179,0.3579,948,1304,586,927,175.6321
12,55.6756,4,1510.51,696.719,15172.0,0.0,168.4219,0.8685,1.712,596.0,44.8243,0.3667,0.5367,1304,1656,586,927,175.6321
12,56.0762,1,354.954,640.1936,12845.0,3226.0,215.3005,0.8892,2.9301,520.0,26.0417,0.6015,0.7512,248,600,586,927,175.6321
12,56.0762,2,782.8499,691.9708,13415.0,487.0,200.4279,0.9319,2.789,568.0,43.1413,0.3584,0.5277,600,948,586,927,175.6321
12,56.0762,3,1067.7539,727.4425,14709.0,0.0,229.9125,0.9499,3.2559,589.0,46.7664,0.3316,0.4981,948,1304,586,927,175.6321
12,56.0762,4,1503.1281,689.127,12883.0,0.0,177.8872,0.7857,2.1377,600.0,26.9655,0.6392,0.7799,1304,1656,586,927,175.6321
12,56.4767,1,327.3075,620.831,9385.0,2836.0,203.2461,0.9649,3.1763,515.0,32.204,0.5225,0.6864,248,600,586,927,175.6321
12,56.4767,2,780.8076,687.3133,14061.0,643.0,222.269,0.8848,2.9833,569.0,29.8619,0.5856,0.7387,600,948,586,927,175.6321
12,56.4767,3,1044.6682,691.2591,13082.0,880.0,229.9644,0.9057,3.5158,556.0,39.1627,0.4398,0.6109,948,1304,586,927,175.6321
12,56.4767,4,1506.406,697.8671,15087.0,0.0,196.9023,0.8618,2.4456,587.0,32.6364,0.584,0.7374,1304,1656,586,927,175.6321
12,56.8773,1,333.4431,647.0501,11919.0,2431.0,190.505,0.9949,2.5792,529.0,30.9313,0.4989,0.6657,248,600,586,927,175.6321
12,56.8773,2,788.1761,669.7429,13343.0,1389.0,216.676,0.8325,3.1287,561.0,31.8746,0.5752,0.7303,600,948,586,927,175.6321
12,56.8773,3,1039.9401,683.156,12680.0,656.0,198.649,0.8641,2.9571,568.0,29.5151,0.5964,0.7471,948,1304,586,927,175.6321
12,56.8773,4,1514.3912,703.562,13243.0,0.0,201.3073,0.8037,2.7326,592.0,35.6321,0.5226,0.6865,1304,1656,586,927,175.6321
12,57.2778,1,346.4043,622.9522,12467.0,4236.0,228.9109,0.9942,3.3996,506.0,34.5029,0.4733,0.6425,248,600,586,927,175.6321
12,57.2778,2,810.0066,667.172,12973.0,1058.0,238.0688,0.752,3.5161,566.0,57.9945,0.3272,0.4931,600,948,586,927,175.6321
12,57.2778,3,1031.8576,688.9621,15270.0,616.0,219.4089,0.9669,2.7543,571.0,35.1035,0.5077,0.6735,948,1304,586,927,175.6321
12,57.2778,4,1531.436,698.545,12590.0,104.0,215.3696,0.7937,3.0552,581.0,37.8722,0.5527,0.712,1304,1656,586,927,175.6321
12,57.6783,1,351.0031,649.351,12883.0,2463.0,231.8229,0.9108,3.3878,547.0,45.688,0.471,0.6404,248,600,586,927,175.6321
12,57.6783,2,839.5148,665.5509,10854.0,748.0,203.7293,0.7605,3.2729,565.0,65.6601,0.2868,0.4458,600,948,586,927,175.6321
12,57.6783,3,1021.3307,695.7436,12437.0,293.0,202.3136,0.9417,2.9691,575.0,34.8763,0.5367,0.6985,948,1304,586,927,175.6321
12,57.6783,4,1543.2595,709.8435,12955.0,134.0,225.856,0.9058,3.5297,579.0,38.905,0.4711,0.6404,1304,1656,586,927,175.6321
12,58.0789,1,354.2644,637.9382,13145.0,3296.0,208.2516,0.8654,2.922,518.0,37.5623,0.5476,0.7077,248,600,586,927,175.6321
12,58.0789,2,856.9484,664.5425,10194.0,573.0,174.5784,0.8398,2.6165,571.0,48.4034,0.511,0.6764,600,948,586,927,175.6321
12,58.0789,3,1004.9731,671.9322,10932.0,31.0,165.8744,0.9915,2.1921,596.0,39.1384,0.4624,0.6324,948,1304,586,927,175.6321
12,58.0789,4,1538.882,712.7495,12661.0,0.0,190.5356,0.8306,2.9083,612.0,28.968,0.6535,0.7904,1304,1656,586,927,175.6321
12,58.4794,1,343.205,642.2114,12486.0,2975.0,209.9893,0.9407,2.744,517.0,44.6321,0.4671,0.6367,248,600,586,927,175.6321
12,58.4794,2,855.3337,675.989,10897.0,226.0,180.0392,0.8893,2.5398,578.0,35.7167,0.5913,0.7432,600,948,586,927,175.6321
12,58.4794,3,1045.6472,637.9945,11790.0,335.0,220.6403,0.4839,3.0111,578.0,54.6691,0.3117,0.4753,948,1304,586,927,175.6321
12,58.4794,4,1541.2428,693.7725,14134.0,320.0,168.5142,0.7832,2.0035,615.0,34.8443,0.6514,0.7889,1304,1656,586,927,175.6321
12,58.88,1,339.8796,661.4121,13652.0,1986.0,180.2258,0.9101,2.3842,573.0,37.4938,0.4881,0.656,248,600,586,927,175.6321
12,58.88,2,842.2056,696.3063,14804.0,214.0,214.2927,0.9492,2.5951,577.0,40.2078,0.4694,0.6389,600,948,586,927,175.6321
12,58.88,3,1111.3121,654.226,14273.0,405.0,183.5967,0.6839,1.8589,574.0,69.7835,0.127,0.2254,948,1304,586,927,175.6321
12,58.88,4,1537.5421,712.0969,15316.0,71.0,238.0717,0.8974,2.9222,582.0,41.5899,0.5472,0.7074,1304,1656,586,927,175.6321
12,59.2805,1,352.2338,633.7584,14459.0,3804.0,199.4017,0.9913,2.1641,510.0,45.9047,0.4581,0.6284,248,600,586,927,175.6321
12,59.2805,2,830.0568,685.7065,12299.0,578.0,187.4943,0.9894,2.503,566.0,46.3682,0.4433,0.6142,600,948,586,927,175.6321
12,59.2805,3,1180.0236,684.0744,18409.0,38.0,216.9956,0.731,2.0182,584.0,70.5902,0.0871,0.1603,948,1304,586,927,175.6321
12,59.2805,4,1538.5653,744.372,17050.0,0.0,221.0666,0.9621,2.6025,615.0,40.9042,0.4817,0.6502,1304,1656,586,927,175.6321
12,59.6811,1,350.5783,665.1122,16406.0,2631.0,233.2622,0.9483,2.5541,535.0,35.132,0.5398,0.7011,248,600,586,927,175.6321
12,59.6811,2,828.5915,654.9309,10428.0,538.0,142.7682,0.9839,1.7041,567.0,46.1211,0.5049,0.671,600,948,586,927,175.6321
12,59.6811,3,1186.4013,706.2279,17839.0,0.0,223.4518,0.822,2.496,600.0,42.0551,0.5022,0.6686,948,1304,586,927,175.6321
12,59.6811,4,1549.0801,700.0712,12331.0,843.0,165.2933,0.8246,2.494,615.0,46.7705,0.3713,0.5415,1304,1656,586,927,175.6321
12,60.0816,1,355.0537,656.3885,13466.0,2186.0,211.6986,0.8791,2.6675,542.0,36.5706,0.531,0.6936,248,600,586,927,175.6321
12,60.0816,2,827.9849,662.2875,10851.0,413.0,154.1303,1.0,1.806,569.0,32.043,0.6425,0.7824,600,948,586,927,175.6321
12,60.0816,3,1200.5435,700.3485,14833.0,121.0,191.3452,0.9458,2.1874,581.0,38.5097,0.4793,0.648,948,1304,586,927,175.6321
12,60.0816,4,1561.8478,723.6061,10211.0,233.0,192.7446,0.9406,3.5178,615.0,50.4034,0.2979,0.4591,1304,1656,586,927,175.6321
12,60.4821,1,344.3357,646.0381,11036.0,2588.0,145.2303,0.8311,2.3846,579.0,38.2649,0.4165,0.588,248,600,586,927,175.6321
12,60.4821,2,830.8471,663.103,13465.0,656.0,202.7931,0.7132,2.568,567.0,51.9313,0.3756,0.5461,600,948,586,927,175.6321
12,60.4821,3,1206.8895,679.8343,11517.0,107.0,154.206,0.9426,1.878,581.0,30.8083,0.5354,0.6974,948,1304,586,927,175.6321
12,60.4821,4,1560.5208,730.4112,10546.0,5.0,205.6531,0.9545,3.7342,613.0,34.4402,0.5933,0.7447,1304,1656,586,927,175.6321
12,60.8827,1,314.546,630.2076,9177.0,2229.0,151.9725,0.9966,2.2646,570.0,30.7459,0.4872,0.6552,248,600,586,927,175.6321
12,60.8827,2,808.1736,643.1087,15278.0,521.0,229.5249,0.4674,2.6899,576.0,41.8328,0.4754,0.6444,600,948,586,927,175.6321
12,60.8827,3,1207.5384,681.0489,11096.0,78.0,183.1133,0.9074,2.7757,582.0,29.9585,0.5723,0.728,948,1304,586,927,175.6321
12,60.8827,4,1548.91,710.7915,12927.0,428.0,232.0952,0.9482,3.2136,569.0,46.7058,0.3704,0.5405,1304,1656,586,927,175.6321
12,61.2832,1,327.0536,639.8408,12559.0,3354.0,221.869,0.9999,3.3634,514.0,31.0357,0.5662,0.723,248,600,586,927,175.6321
12,61.2832,2,787.7458,637.6007,14806.0,1024.0,245.7367,0.4617,3.3913,567.0,30.7799,0.6416,0.7817,600,948,586,927,175.6321
12,61.2832,3,1196.7183,704.4451,11812.0,0.0,188.5523,0.8921,2.846,591.0,26.907,0.608,0.7562,948,1304,586,927,175.6321
12,61.2832,4,1544.1375,707.1909,11941.0,51.0,207.4376,0.9472,2.9958,584.0,29.1002,0.6611,0.796,1304,1656,586,927,175.6321
12,61.6838,1,329.658,659.9649,14086.0,2887.0,238.9416,0.9781,3.4136,527.0,33.8155,0.5391,0.7005,248,600,586,927,175.6321
12,61.6838,2,762.728,638.1754,15403.0,1316.0,252.9916,0.4833,3.3711,563.0,40.4107,0.4939,0.6613,600,948,586,927,175.6321
12,61.6838,3,1183.7729,702.2802,14011.0,30.0,205.0802,0.9039,2.834,585.0,32.5064,0.5515,0.7109,948,1304,586,927,175.6321
12,61.6838,4,1550.0632,703.6781,12823.0,511.0,212.7315,0.9649,2.7423,569.0,23.6632,0.6143,0.7611,1304,1656,586,927,175.6321
12,62.0843,1,340.7183,656.3939,12668.0,2413.0,218.3535,0.9352,3.1087,537.0,33.419,0.5703,0.7263,248,600,586,927,175.6321
12,62.0843,2,738.2597,648.8056,14834.0,1059.0,208.9095,0.5794,2.6943,568.0,47.2691,0.4181,0.5897,600,948,586,927,175.6321
12,62.0843,3,1183.9262,686.7992,13462.0,507.0,229.489,0.8588,3.2674,569.0,31.8999,0.6227,0.7675,948,1304,586,927,175.6321
12,62.0843,4,1551.045,715.4449,12987.0,65.0,228.95,0.9798,3.5225,582.0,34.651,0.5385,0.7,1304,1656,586,927,175.6321
12,62.4849,1,338.3351,637.6653,13524.0,3829.0,219.4362,0.973,2.7983,506.0,34.3168,0.5734,0.7288,248,600,586,927,175.6321
12,62.4849,2,731.2403,656.4061,13200.0,284.0,196.5261,0.6009,2.6155,584.0,34.7262,0.5433,0.7041,600,948,586,927,175.6321
12,62.4849,3,1189.9065,695.2486,12851.0,265.0,228.1647,0.8454,3.3257,575.0,42.2574,0.5633,0.7206,948,1304,586,927,175.6321
12,62.4849,4,1550.6654,701.4311,13395.0,437.0,226.1252,0.9901,3.0018,571.0,34.7677,0.5979,0.7484,1304,1656,586,927,175.6321
12,62.8854,1,325.7437,665.6414,12898.0,1954.0,168.2363,0.9833,2.2517,574.0,51.1098,0.3293,0.4955,248,600,586,927,175.6321
12,62.8854,2,728.7198,651.5861,13264.0,1209.0,157.4158,0.9892,1.5162,550.0,40.7413,0.4568,0.6271,600,948,586,927,175.6321
12,62.8854,3,1208.9289,689.6702,12384.0,897.0,224.422,0.9412,3.5108,558.0,45.0543,0.4679,0.6375,948,1304,586,927,175.6321
12,62.8854,4,1545.5666,695.1788,13078.0,454.0,226.4392,0.9478,3.3614,569.0,26.5936,0.6467,0.7855,1304,1656,586,927,175.6321
12,63.286,1,338.5153,648.6681,14906.0,2250.0,182.2742,0.9796,1.7302,542.0,47.9261,0.4215,0.593,248,600,586,927,175.6321
12,63.286,2,734.1413,662.1359,13746.0,1122.0,180.9625,0.8357,2.135,557.0,44.8439,0.4118,0.5833,600,948,586,927,175.6321
12,63.286,3,1227.1318,680.9734,11355.0,272.0,196.9928,0.9747,2.799,576.0,33.9784,0.5575,0.7159,948,1304,586,927,175.6321
12,63.286,4,1537.5197,706.8218,13990.0,185.0,213.0183,0.9795,2.7629,579.0,36.1656,0.5307,0.6934,1304,1656,586,927,175.6321
12,63.6865,1,363.998,638.7624,15972.0,3645.0,203.004,0.9621,2.2117,513.0,51.344,0.4546,0.625,248,600,586,927,175.6321
12,63.6865,2,764.4143,655.8247,14288.0,981.0,189.8659,0.7763,2.1286,556.0,55.6918,0.3228,0.4881,600,948,586,927,175.6321
12,63.6865,3,1227.8823,677.4183,11325.0,600.0,181.0718,0.9977,2.3083,565.0,34.5595,0.5937,0.7451,948,1304,586,927,175.6321
12,63.6865,4,1526.2697,686.3706,14903.0,882.0,218.2267,0.9804,2.7772,560.0,35.1359,0.5509,0.7104,1304,1656,586,927,175.6321
12,64.087,1,379.3443,666.6346,18946.0,2231.0,230.2614,0.8576,2.1795,539.0,46.7356,0.3857,0.5567,248,600,586,927,175.6321
12,64.087,2,789.6606,670.7842,14915.0,966.0,192.9995,0.957,2.0939,552.0,56.5424,0.3536,0.5224,600,948,586,927,175.6321
12,64.087,3,1236.8061,664.5196,15598.0,2154.0,149.6713,0.9564,1.67,596.0,41.2806,0.477,0.6459,948,1304,586,927,175.6321
12,64.087,4,1537.3385,707.6789,15035.0,555.0,235.289,0.9735,3.116,566.0,36.4874,0.5351,0.6972,1304,1656,586,927,175.6321
12,64.4876,1,387.7325,663.3217,17458.0,2433.0,202.7956,0.9987,1.8439,534.0,37.6977,0.4821,0.6506,248,600,586,927,175.6321
12,64.4876,2,800.9188,694.3013,16031.0,372.0,215.5741,0.9589,2.5344,570.0,45.3408,0.5084,0.6741,600,948,586,927,175.6321
12,64.4876,3,1223.0793,672.0807,19696.0,506.0,208.8468,0.7501,1.7743,567.0,47.7648,0.4026,0.5741,948,1304,586,927,175.6321
12,64.4876,4,1542.314,702.2135,13651.0,575.0,253.3897,0.9767,3.8466,566.0,28.8403,0.639,0.7798,1304,1656,586,927,175.6321
12,64.8881,1,375.5252,650.2503,16779.0,3142.0,217.5748,0.9059,2.1485,532.0,38.8069,0.447,0.6179,248,600,586,927,175.6321
12,64.8881,2,813.5793,677.6198,15408.0,843.0,210.2197,0.9517,2.4932,555.0,34.8087,0.6044,0.7535,600,948,586,927,175.6321
12,64.8881,3,1176.6019,671.4318,17923.0,937.0,212.6137,0.8013,2.0654,562.0,51.401,0.3365,0.5035,948,1304,586,927,175.6321
12,64.8881,4,1542.179,714.9003,14292.0,70.0,230.2576,0.9809,3.0823,584.0,27.5604,0.6571,0.793,1304,1656,586,927,175.6321
12,65.2887,1,364.2625,649.4611,15934.0,3272.0,224.0963,0.9112,2.29,521.0,37.629,0.5062,0.6721,248,600,586,927,175.6321
12,65.2887,2,824.1753,673.3857,16530.0,1721.0,201.5512,0.9967,2.0301,533.0,40.2219,0.5126,0.6778,600,948,586,927,175.6321
12,65.2887,3,1119.4215,663.1232,17424.0,1645.0,244.5289,0.7118,3.1323,547.0,62.5307,0.1984,0.3311,948,1304,586,927,175.6321
12,65.2887,4,1541.2687,692.4402,13534.0,716.0,233.3436,0.9468,3.5485,565.0,26.8033,0.6658,0.7994,1304,1656,586,927,175.6321
12,65.6892,1,340.5604,659.0335,17657.0,3256.0,221.5052,0.9921,2.0967,526.0,42.0049,0.4328,0.6041,248,600,586,927,175.6321
12,65.6892,2,843.6703,685.3303,18145.0,766.0,204.9637,0.9894,1.9377,557.0,41.5049,0.466,0.6358,600,948,586,927,175.6321
12,65.6892,3,1058.2634,668.5341,16578.0,1534.0,212.6928,0.8719,1.9936,541.0,64.4151,0.1118,0.2011,948,1304,586,927,175.6321
12,65.6892,4,1541.381,691.1728,12549.0,119.0,222.0264,0.9278,3.2796,581.0,28.0411,0.6821,0.811,1304,1656,586,927,175.6321
12,66.0898,1,345.682,659.6264,16968.0,3053.0,221.2269,0.9872,2.0928,528.0,24.2839,0.6987,0.8226,248,600,586,927,175.6321
12,66.0898,2,838.7071,696.6873,15480.0,214.0,220.2858,0.9604,2.6732,576.0,34.3783,0.561,0.7188,600,948,586,927,175.6321
12,66.0898,3,1023.3251,697.9154,16412.0,288.0,196.7018,0.9755,2.0053,589.0,49.3924,0.3071,0.4699,948,1304,586,927,175.6321
12,66.0898,4,1550.3707,702.7288,13203.0,400.0,222.8386,0.9364,3.169,571.0,41.5602,0.5527,0.7119,1304,1656,586,927,175.6321
12,66.4903,1,346.9722,663.3444,17062.0,2847.0,201.8653,0.927,2.185,568.0,25.7808,0.6729,0.8045,248,600,586,927,175.6321
12,66.4903,2,835.0065,674.7003,13861.0,1047.0,221.5979,0.8956,2.9485,556.0,38.0128,0.4847,0.6529,600,948,586,927,175.6321
12,66.4903,3,1029.8112,666.2736,14425.0,464.0,201.8023,0.8641,2.1344,570.0,44.9703,0.3915,0.5627,948,1304,586,927,175.6321
12,66.4903,4,1553.3906,717.6544,13340.0,105.0,191.6847,0.8926,2.7,613.0,38.0332,0.5226,0.6864,1304,1656,586,927,175.6321
12,66.8909,1,354.7814,646.279,14920.0,2133.0,195.2322,0.8605,2.104,560.0,47.3683,0.4001,0.5715,248,600,586,927,175.6321
12,66.8909,2,851.2911,661.0991,12448.0,1140.0,167.4924,0.862,1.9495,548.0,41.8382,0.338,0.5052,600,948,586,927,175.6321
12,66.8909,3,1090.5961,651.5034,17458.0,1781.0,259.9129,0.6656,3.5236,546.0,57.1251,0.2616,0.4147,948,1304,586,927,175.6321
12,66.8909,4,1556.5724,710.7377,14626.0,410.0,183.4084,0.9267,2.362,613.0,32.7647,0.6281,0.7716,1304,1656,586,927,175.6321
12,67.2914,1,394.7647,621.7826,13686.0,2937.0,208.011,0.6122,2.5222,528.0,48.3582,0.3981,0.5695,248,600,586,927,175.6321
12,67.2914,2,868.3735,662.7769,9670.0,1550.0,140.0552,0.9051,2.697,584.0,38.677,0.3539,0.5227,600,948,586,927,175.6321
12,67.2914,3,1152.5952,662.4001,19271.0,1506.0,259.9472,0.6341,2.7377,559.0,63.1254,0.1077,0.1945,948,1304,586,927,175.6321
12,67.2914,4,1552.9208,723.3476,16829.0,33.0,200.1428,0.9636,2.2306,613.0,32.1811,0.6216,0.7667,1304,1656,586,927,175.6321
12,67.6919,1,414.569,652.009,16437.0,1825.0,276.1258,0.6599,3.4658,540.0,61.044,0.2596,0.4122,248,600,586,927,175.6321
12,67.6919,2,871.0588,686.1861,11507.0,547.0,182.381,0.9587,2.3944,583.0,36.9509,0.4244,0.5959,600,948,586,927,175.6321
12,67.6919,3,1184.2799,675.7502,18830.0,1877.0,216.5406,0.8552,1.9998,549.0,46.1517,0.3476,0.5159,948,1304,586,927,175.6321
12,67.6919,4,1550.1379,719.0056,17768.0,76.0,191.0395,0.8884,1.8965,616.0,33.9711,0.6191,0.7647,1304,1656,586,927,175.6321
12,68.0925,1,440.8619,667.0529,17253.0,1687.0,257.5872,0.6888,3.31,556.0,52.6952,0.3188,0.4835,248,600,586,927,175.6321
12,68.0925,2,860.9866,697.8643,11175.0,140.0,217.4867,0.9265,3.7722,590.0,35.3834,0.5731,0.7286,600,948,586,927,175.6321
12,68.0925,3,1215.4225,680.6781,18182.0,1790.0,222.8416,0.9819,2.1216,547.0,43.363,0.4032,0.5747,948,1304,586,927,175.6321
12,68.0925,4,1534.1403,716.2132,16595.0,72.0,216.3399,0.8816,2.5552,583.0,41.8983,0.4951,0.6623,1304,1656,586,927,175.6321
12,68.493,1,471.2513,636.2254,15104.0,3193.0,219.733,0.7509,2.3573,516.0,39.0986,0.4695,0.639,248,600,586,927,175.6321
12,68.493,2,860.5581,673.71,11525.0,765.0,182.268,0.9619,2.4134,562.0,41.6971,0.528,0.6911,600,948,586,927,175.6321
12,68.493,3,1226.7767,696.7551,19611.0,729.0,207.7281,0.939,1.9903,601.0,33.7313,0.5592,0.7173,948,1304,586,927,175.6321
12,68.493,4,1540.2437,687.9811,12854.0,535.0,214.8047,0.8883,2.8398,568.0,31.3325,0.5931,0.7446,1304,1656,586,927,175.6321
12,68.8936,1,488.5701,661.5035,14286.0,2030.0,229.6812,0.7798,2.8625,541.0,50.1492,0.2737,0.4298,248,600,586,927,175.6321
12,68.8936,2,875.8066,643.9411,11693.0,1789.0,170.9181,1.0,1.8374,535.0,37.8672,0.5207,0.6848,600,948,586,927,175.6321
12,68.8936,3,1213.9094,680.7869,18183.0,666.0,192.3636,0.9967,1.5049,561.0,37.3018,0.4948,0.6621,948,1304,586,927,175.6321
12,68.8936,4,1552.5619,711.91,11996.0,143.0,186.9807,0.9081,2.9831,613.0,54.8202,0.3177,0.4822,1304,1656,586,927,175.6321
12,69.2941,1,507.6654,663.2704,12060.0,1784.0,217.2781,0.8273,3.1273,544.0,34.9515,0.4612,0.6313,248,600,586,927,175.6321
12,69.2941,2,877.4894,668.0619,13238.0,729.0,167.8144,0.9792,1.9038,584.0,44.8569,0.565,0.7221,600,948,586,927,175.6321
12,69.2941,3,1195.3323,670.0136,19872.0,1718.0,199.4144,0.9833,1.5988,548.0,37.4201,0.5519,0.7113,948,1304,586,927,175.6321
12,69.2941,4,1563.0531,732.4495,11347.0,81.0,183.9539,0.9157,2.6752,629.0,42.6843,0.4384,0.6096,1304,1656,586,927,175.6321
12,69.6947,1,532.2788,647.1595,10923.0,2386.0,211.2587,0.9396,2.9728,526.0,31.9115,0.4751,0.6441,248,600,586,927,175.6321
12,69.6947,2,864.2081,685.5656,15860.0,233.0,187.0016,0.9606,1.9317,585.0,47.6201,0.4196,0.5912,600,948,586,927,175.6321
12,69.6947,3,1165.6207,693.2565,17938.0,0.0,227.5384,0.9327,2.2169,588.0,45.0477,0.3947,0.566,948,1304,586,927,175.6321
12,69.6947,4,1557.3008,719.6565,13142.0,309.0,190.0255,0.9089,2.788,615.0,34.2489,0.5733,0.7288,1304,1656,586,927,175.6321
12,70.0952,1,535.5416,679.3026,9751.0,1247.0,147.7088,0.9152,2.5396,606.0,36.2223,0.3986,0.57,248,600,586,927,175.6321
12,70.0952,2,837.4832,666.5109,14288.0,1141.0,193.2096,0.9181,2.093,552.0,50.5006,0.4091,0.5807,600,948,586,927,175.6321
12,70.0952,3,1128.7339,669.4917,15507.0,1272.0,213.1164,0.915,2.517,549.0,58.0119,0.3446,0.5125,948,1304,586,927,175.6321
12,70.0952,4,1547.122,712.639,15071.0,288.0,194.9923,0.9323,2.5322,616.0,39.0372,0.5077,0.6734,1304,1656,586,927,175.6321
12,70.4958,1,536.2402,632.2439,8860.0,1924.0,182.5105,0.9813,2.7253,539.0,40.9697,0.3628,0.5325,248,600,586,927,175.6321
12,70.4958,2,809.6552,648.1814,14076.0,1228.0,224.5551,0.66,2.9493,558.0,53.5848,0.3296,0.4958,600,948,586,927,175.6321
12,70.4958,3,1089.9199,684.6423,18492.0,1071.0,212.2245,1.0,2.0512,553.0,53.3268,0.3302,0.4964,948,1304,586,927,175.6321
12,70.4958,4,1537.778,717.6399,15132.0,0.0,208.3969,0.8535,2.6062,615.0,36.0135,0.5702,0.7263,1304,1656,586,927,175.6321
12,70.8963,1,533.4387,623.4595,8552.0,2934.0,221.9301,0.9597,4.7069,518.0,27.4446,0.5341,0.6963,248,600,586,927,175.6321
12,70.8963,2,761.4502,658.3871,17787.0,1681.0,236.3084,0.7081,2.3318,541.0,61.0072,0.2095,0.3464,600,948,586,927,175.6321
12,70.8963,3,1069.6035,692.9915,19127.0,266.0,234.1764,0.8806,2.2421,575.0,39.4365,0.4665,0.6362,948,1304,586,927,175.6321
12,70.8963,4,1530.8055,722.5195,18357.0,0.0,209.932,0.9618,2.1146,605.0,47.1099,0.3959,0.5672,1304,1656,586,927,175.6321
12,71.2968,1,519.1015,664.7478,10296.0,1366.0,233.6712,0.8626,4.0604,553.0,41.4609,0.4528,0.6233,248,600,586,927,175.6321
12,71.2968,2,742.4302,676.1496,17639.0,788.0,184.1378,0.9967,1.5479,562.0,49.986,0.3506,0.5192,600,948,586,927,175.6321
12,71.2968,3,1059.7984,668.6216,15950.0,1507.0,219.0984,0.8326,2.4361,546.0,38.3762,0.5514,0.7108,948,1304,586,927,175.6321
12,71.2968,4,1537.5658,716.4398,14433.0,0.0,180.9554,0.963,2.1232,608.0,36.5643,0.5739,0.7292,1304,1656,586,927,175.6321
12,71.6974,1,526.03,660.0926,11073.0,1745.0,210.5599,0.9138,3.0031,540.0,31.344,0.5551,0.7139,248,600,586,927,175.6321
12,71.6974,2,738.5472,690.8855,16788.0,463.0,204.1109,0.9124,2.23,573.0,42.2873,0.4152,0.5867,600,948,586,927,175.6321
12,71.6974,3,1038.4512,675.5616,14937.0,1192.0,194.5231,0.8198,2.5331,591.0,47.3513,0.3593,0.5286,948,1304,586,927,175.6321
12,71.6974,4,1543.6234,700.9325,14508.0,0.0,164.5624,0.9908,1.6436,594.0,35.0175,0.5117,0.677,1304,1656,586,927,175.6321
12,72.0979,1,532.654,658.6666,11049.0,2402.0,217.6395,0.97,3.1932,527.0,36.9302,0.561,0.7187,248,600,586,927,175.6321
12,72.0979,2,761.1245,681.0723,16065.0,269.0,220.3249,0.7291,2.7314,578.0,42.1837,0.4498,0.6205,600,948,586,927,175.6321
12,72.0979,3,1014.9253,699.1955,14933.0,549.0,181.2029,0.9765,2.1884,592.0,44.4485,0.3621,0.5317,948,1304,586,927,175.6321
12,72.0979,4,1550.3302,688.5623,11497.0,83.0,153.8432,0.9977,1.8232,583.0,29.2904,0.5537,0.7127,1304,1656,586,927,175.6321
12,72.4985,1,539.7942,677.0989,10578.0,1221.0,213.7804,0.9634,3.1344,557.0,32.9752,0.5235,0.6872,248,600,586,927,175.6321
12,72.4985,2,795.5979,661.9504,12745.0,360.0,201.4109,0.6113,2.9892,576.0,46.1195,0.3685,0.5386,600,948,586,927,175.6321
12,72.4985,3,1015.8301,668.5768,15365.0,0.0,185.4143,0.8953,1.7869,594.0,38.0604,0.4857,0.6538,948,1304,586,927,175.6321
12,72.4985,4,1547.7002,717.6906,12264.0,0.0,174.1875,0.9968,2.3465,603.0,32.3806,0.4727,0.642,1304,1656,586,927,175.6321
12,72.899,1,534.2541,650.5381,9243.0,2261.0,210.9062,0.9618,4.0437,535.0,44.2855,0.3065,0.4692,248,600,586,927,175.6321
12,72.899,2,831.8367,661.1089,11554.0,263.0,136.7612,0.794,1.56,576.0,44.7124,0.286,0.4448,600,948,586,927,175.6321
12,72.899,3,1071.2068,658.8965,14316.0,313.0,228.2877,0.643,2.8638,577.0,57.8144,0.2872,0.4462,948,1304,586,927,175.6321
12,72.899,4,1529.5889,708.5684,11338.0,0.0,186.1378,0.9811,2.3701,604.0,43.1115,0.3491,0.5175,1304,1656,586,927,175.6321
12,73.2996,1,532.8011,628.3814,8692.0,2477.0,225.3848,0.9487,4.4518,523.0,23.5225,0.6436,0.7832,248,600,586,927,175.6321
12,73.2996,2,864.923,671.1766,8588.0,100.0,110.0173,0.9815,1.5804,605.0,38.7096,0.2556,0.4071,600,948,586,927,175.6321
12,73.2996,3,1122.5908,654.4704,16132.0,989.0,229.312,0.5395,2.8005,583.0,54.1212,0.3094,0.4726,948,1304,586,927,175.6321
12,73.2996,4,1509.8996,706.1367,15439.0,436.0,209.7323,0.9978,2.3406,568.0,43.9867,0.3809,0.5517,1304,1656,586,927,175.6321
12,73.7001,1,530.6097,654.0997,9109.0,1591.0,211.465,0.9683,4.0762,549.0,30.6723,0.5691,0.7254,248,600,586,927,175.6321
12,73.7001,2,884.5655,637.1175,11431.0,3144.0,194.2407,0.9666,2.338,548.0,39.798,0.3432,0.511,600,948,586,927,175.6321
12,73.7001,3,1146.0616,690.0113,17549.0,72.0,213.8564,0.769,2.262,583.0,53.1706,0.2889,0.4483,948,1304,586,927,175.6321
12,73.7001,4,1490.6637,687.7034,13422.0,335.0,202.2234,0.9973,2.4468,571.0,38.2671,0.4501,0.6208,1304,1656,586,927,175.6321
12,74.1006,1,521.1746,639.9012,10122.0,1806.0,194.9734,0.9595,3.0975,544.0,45.6661,0.2997,0.4611,248,600,586,927,175.6321
12,74.1006,2,876.2082,646.3051,10017.0,267.0,156.8885,0.9163,2.0668,576.0,39.0144,0.4053,0.5768,600,948,586,927,175.6321
12,74.1006,3,1168.7323,698.6585,20147.0,0.0,266.1821,0.6666,2.9365,602.0,43.8086,0.4446,0.6155,948,1304,586,927,175.6321
12,74.1006,4,1477.2317,702.6735,14272.0,0.0,236.3386,0.8875,3.1994,591.0,40.7586,0.4453,0.6162,1304,1656,586,927,175.6321
12,74.5012,1,500.2462,621.8941,11468.0,3668.0,208.2104,0.9584,3.1513,509.0,37.1889,0.4502,0.6208,248,600,586,927,175.6321
12,74.5012,2,847.2411,648.2213,12917.0,1230.0,174.8197,0.8291,2.0627,561.0,42.9104,0.3894,0.5606,600,948,586,927,175.6321
12,74.5012,3,1175.6574,690.1952,19717.0,853.0,246.0876,0.734,2.7581,595.0,30.173,0.596,0.7468,948,1304,586,927,175.6321
12,74.5012,4,1468.8726,719.6106,13971.0,0.0,202.0818,0.9587,2.4966,602.0,32.6782,0.6034,0.7527,1304,1656,586,927,175.6321
12,74.9017,1,475.3863,655.4098,13035.0,2019.0,219.7688,0.9003,2.9953,547.0,53.3615,0.2377,0.384,248,600,586,927,175.6321
12,74.9017,2,812.7406,640.6309,12725.0,1226.0,175.6984,0.6005,2.1553,567.0,42.7846,0.3603,0.5298,600,948,586,927,175.6321
12,74.9017,3,1187.2181,674.6057,18655.0,1242.0,230.1,0.8058,2.1239,563.0,30.4194,0.6178,0.7637,948,1304,586,927,175.6321
12,74.9017,4,1467.3499,723.1327,15000.0,0.0,200.4779,0.9773,2.3347,601.0,41.011,0.4295,0.6009,1304,1656,586,927,175.6321
12,75.3023,1,448.8998,629.375,12450.0,3245.0,216.0181,0.8919,3.158,519.0,44.349,0.3892,0.5603,248,600,586,927,175.6321
12,75.3023,2,779.8948,627.729,11681.0,594.0,169.318,0.4117,1.9241,573.0,47.1175,0.4705,0.6399,600,948,586,927,175.6321
12,75.3023,3,1193.5832,697.7081,18934.0,80.0,220.544,0.8153,2.2458,600.0,39.561,0.5095,0.675,948,1304,586,927,175.6321
12,75.3023,4,1465.2527,689.5536,14763.0,0.0,213.0544,0.7647,2.637,587.0,40.0343,0.451,0.6216,1304,1656,586,927,175.6321
12,75.7028,1,412.3239,628.0828,14991.0,4959.0,263.5818,0.8796,3.8462,511.0,55.7495,0.2562,0.4079,248,600,586,927,175.6321
12,75.7028,2,751.8125,637.9771,13139.0,1127.0,167.9414,0.6289,1.7965,567.0,48.458,0.4319,0.6032,600,948,586,927,175.6321
12,75.7028,3,1190.7306,712.1147,19329.0,0.0,222.4212,0.9084,2.2004,601.0,30.0328,0.6489,0.7871,948,1304,586,927,175.6321
12,75.7028,4,1442.0179,674.3513,14166.0,650.0,232.7313,0.7873,3.1442,565.0,46.8057,0.3788,0.5494,1304,1656,586,927,175.6321
12,76.1034,1,394.031,653.5104,14268.0,2682.0,254.8518,0.8199,3.5409,541.0,56.5222,0.3144,0.4783,248,600,586,927,175.6321
12,76.1034,2,725.4505,640.3529,13441.0,1723.0,197.1849,0.7158,2.5341,550.0,53.0742,0.4233,0.5948,600,948,586,927,175.6321
12,76.1034,3,1197.8766,690.4658,17038.0,306.0,217.0103,0.771,2.4845,599.0,32.8763,0.5614,0.7191,948,1304,586,927,175.6321
12,76.1034,4,1433.859,714.0011,13175.0,0.0,180.6496,0.9716,2.0943,600.0,49.3259,0.2948,0.4554,1304,1656,586,927,175.6321
12,76.5039,1,360.9895,627.1137,13444.0,4228.0,241.2267,0.8708,3.5176,503.0,55.6793,0.3735,0.5439,248,600,586,927,175.6321
12,76.5039,2,717.3252,662.7059,13415.0,1106.0,203.1509,0.7781,2.7173,560.0,52.6776,0.3909,0.562,600,948,586,927,175.6321
12,76.5039,3,1208.2182,677.9955,18565.0,1591.0,199.3662,0.9609,1.7199,550.0,37.415,0.5369,0.6987,948,1304,586,927,175.6321
12,76.5039,4,1428.4461,713.4822,13319.0,0.0,182.1044,0.997,2.2068,590.0,32.1985,0.5615,0.7192,1304,1656,586,927,175.6321
12,76.9045,1,349.6955,658.4035,13602.0,2636.0,239.9106,0.9318,3.2973,528.0,54.1364,0.3246,0.4901,248,600,586,927,175.6321
12,76.9045,2,709.0704,666.2791,12805.0,1055.0,196.72,0.7529,2.8755,579.0,34.6578,0.5902,0.7423,600,948,586,927,175.6321
12,76.9045,3,1212.3275,702.0554,18983.0,757.0,214.4429,0.9068,2.259,602.0,37.6201,0.5439,0.7046,948,1304,586,927,175.6321
12,76.9045,4,1427.6188,695.8394,14335.0,361.0,188.3505,0.9992,2.1624,571.0,29.5353,0.5796,0.7339,1304,1656,586,927,175.6321
12,77.305,1,344.9296,671.9928,12750.0,1734.0,205.2757,0.9768,2.9344,553.0,38.2525,0.4991,0.6659,248,600,586,927,175.6321
12,77.305,2,703.542,672.0927,13300.0,1413.0,223.741,0.9103,2.8235,543.0,35.1769,0.5517,0.7111,600,948,586,927,175.6321
12,77.305,3,1207.4903,710.3238,19570.0,97.0,231.3513,0.9675,2.346,594.0,26.7442,0.6684,0.8012,948,1304,586,927,175.6321
12,77.305,4,1426.4926,690.1424,12981.0,443.0,213.4532,0.9998,2.8055,567.0,29.2603,0.5892,0.7415,1304,1656,586,927,175.6321
12,77.7055,1,347.079,620.471,10446.0,3021.0,179.8022,0.9626,2.4541,535.0,45.196,0.3519,0.5206,248,600,586,927,175.6321
12,77.7055,2,696.6494,669.5122,14175.0,1131.0,188.0625,0.7911,2.2645,578.0,35.3126,0.5432,0.704,600,948,586,927,175.6321
12,77.7055,3,1206.9328,696.6872,16474.0,0.0,209.945,0.8103,2.2943,602.0,38.577,0.5312,0.6938,948,1304,586,927,175.6321
12,77.7055,4,1439.5835,722.178,14193.0,0.0,219.5567,0.9059,2.8123,604.0,45.5984,0.4078,0.5794,1304,1656,586,927,175.6321
12,78.1061,1,380.8252,624.2045,11216.0,2762.0,203.9709,0.7727,3.0571,537.0,54.5581,0.279,0.4362,248,600,586,927,175.6321
12,78.1061,2,694.4045,680.3685,14023.0,1031.0,206.3308,0.9137,2.643,563.0,33.7993,0.5465,0.7067,600,948,586,927,175.6321
12,78.1061,3,1203.3788,676.8503,17546.0,813.0,196.8769,0.9282,1.9411,582.0,36.2215,0.5353,0.6973,948,1304,586,927,175.6321
12,78.1061,4,1440.3088,711.6613,13707.0,0.0,220.043,0.8994,2.991,594.0,30.0345,0.6319,0.7744,1304,1656,586,927,175.6321
12,78.5066,1,414.8125,632.3022,13041.0,3246.0,226.2276,0.8251,3.263,523.0,62.2266,0.2396,0.3865,248,600,586,927,175.6321
12,78.5066,2,692.607,671.7075,13509.0,1292.0,191.3035,0.9682,2.0912,555.0,29.9186,0.584,0.7374,600,948,586,927,175.6321
12,78.5066,3,1204.5893,693.2131,15515.0,0.0,200.94,0.8034,2.3422,591.0,32.6629,0.5584,0.7166,948,1304,586,927,175.6321
12,78.5066,4,1456.8934,673.2171,14630.0,6.0,203.1388,0.8649,2.1585,586.0,54.0186,0.3778,0.5484,1304,1656,586,927,175.6321
12,78.9072,1,432.3432,649.6967,14133.0,2725.0,220.6719,0.9195,2.7303,530.0,52.3263,0.3482,0.5165,248,600,586,927,175.6321
12,78.9072,2,697.476,652.7672,10076.0,954.0,170.4217,0.9183,2.4764,565.0,29.4714,0.4927,0.6602,600,948,586,927,175.6321
12,78.9072,3,1193.3713,699.0491,16247.0,9.0,190.3869,0.9144,2.0353,586.0,28.4247,0.6011,0.7508,948,1304,586,927,175.6321
12,78.9072,4,1461.2425,684.2891,14468.0,0.0,225.3368,0.7031,2.9721,595.0,37.6832,0.4871,0.6551,1304,1656,586,927,175.6321
12,79.3077,1,436.7345,670.8324,14256.0,2004.0,221.5038,0.951,2.9406,548.0,50.4615,0.2913,0.4512,248,600,586,927,175.6321
12,79.3077,2,695.254,655.4306,11080.0,1367.0,176.5831,0.997,2.2184,552.0,32.6465,0.4914,0.659,600,948,586,927,175.6321
12,79.3077,3,1199.9632,687.2272,13459.0,0.0,191.4168,0.8306,2.4759,586.0,32.4552,0.6162,0.7625,948,1304,586,927,175.6321
12,79.3077,4,1450.9109,686.8163,14808.0,0.0,206.416,0.7129,2.5482,591.0,31.7571,0.5903,0.7424,1304,1656,586,927,175.6321
12,79.7083,1,412.4552,633.8935,13687.0,3185.0,227.0029,0.8262,3.1851,534.0,50.9803,0.3551,0.5241,248,600,586,927,175.6321
12,79.7083,2,711.5607,651.8979,10389.0,830.0,146.1079,0.9641,1.8753,563.0,33.9908,0.4528,0.6233,600,948,586,927,175.6321
12,79.7083,3,1217.0004,678.8186,11472.0,92.0,160.7054,0.9237,2.1427,582.0,31.8132,0.5361,0.698,948,1304,586,927,175.6321
12,79.7083,4,1414.7124,670.4682,13766.0,0.0,207.02,0.4795,2.8051,592.0,48.8613,0.3982,0.5695,1304,1656,586,927,175.6321
12,80.1088,1,389.7231,639.8072,15375.0,4399.0,268.2176,0.9032,3.7344,512.0,54.0591,0.3427,0.5105,248,600,586,927,175.6321
12,80.1088,2,732.1518,660.3269,11927.0,1226.0,177.4226,0.9889,2.2723,557.0,44.1836,0.3723,0.5426,600,948,586,927,175.6321
12,80.1088,3,1222.7365,680.3792,12326.0,387.0,181.4516,0.9999,2.2787,572.0,32.5476,0.562,0.7196,948,1304,586,927,175.6321
12,80.1088,4,1402.1389,674.9658,10714.0,0.0,155.4087,0.7875,2.3181,591.0,48.3692,0.3406,0.5081,1304,1656,586,927,175.6321
12,80.5094,1,377.4407,658.5292,13643.0,2476.0,246.691,0.8705,3.496,538.0,53.1016,0.373,0.5433,248,600,586,927,175.6321
12,80.5094,2,757.0778,659.8537,13237.0,1376.0,216.0443,0.8642,2.9634,560.0,46.0092,0.4163,0.5878,600,948,586,927,175.6321
12,80.5094,3,1222.4733,682.4304,14941.0,829.0,206.6567,0.9882,2.4685,583.0,30.8324,0.5617,0.7193,948,1304,586,927,175.6321
12,80.5094,4,1377.591,678.1935,9158.0,0.0,140.4434,0.8966,2.0871,591.0,35.201,0.4021,0.5736,1304,1656,586,927,175.6321
12,80.9099,1,364.771,657.7459,13146.0,2505.0,221.4659,0.9801,3.0934,528.0,44.8543,0.4386,0.6097,248,600,586,927,175.6321
12,80.9099,2,752.0404,651.6318,14043.0,2381.0,235.7764,0.783,3.4259,547.0,31.7793,0.5861,0.7391,600,948,586,927,175.6321
12,80.9099,3,1219.9203,696.9104,12454.0,5.0,199.0029,0.9529,2.7184,586.0,25.7008,0.6265,0.7704,948,1304,586,927,175.6321
12,80.9099,4,1374.5092,696.258,11033.0,0.0,181.2754,0.8614,2.7399,594.0,39.8342,0.4414,0.6125,1304,1656,586,927,175.6321
12,81.3104,1,366.8119,663.1131,15399.0,3194.0,230.1983,0.989,3.0194,524.0,33.621,0.5621,0.7197,248,600,586,927,175.6321
12,81.3104,2,728.8189,644.2993,13641.0,1669.0,220.0453,0.6934,2.9656,555.0,51.984,0.4044,0.5759,600,948,586,927,175.6321
12,81.3104,3,1208.5326,700.475,13258.0,0.0,208.077,0.9155,2.8307,587.0,31.5636,0.6103,0.758,948,1304,586,927,175.6321
12,81.3104,4,1368.4624,698.2706,11392.0,0.0,189.2341,0.8789,2.7487,591.0,25.4356,0.648,0.7864,1304,1656,586,927,175.6321
12,81.711,1,370.8893,658.7679,15005.0,3111.0,246.5987,0.903,3.4007,535.0,36.6896,0.4941,0.6614,248,600,586,927,175.6321
12,81.711,2,704.4513,648.9406,12619.0,2334.0,226.1987,0.8655,3.1899,526.0,57.0267,0.3539,0.5228,600,948,586,927,175.6321
12,81.711,3,1209.3901,684.0134,14002.0,685.0,178.8836,0.9054,2.2151,595.0,33.9965,0.5852,0.7383,948,1304,586,927,175.6321
12,81.711,4,1369.2668,691.0529,11289.0,0.0,176.5191,0.8929,2.4252,589.0,29.4452,0.5672,0.7239,1304,1656,586,927,175.6321
12,82.1115,1,370.3854,648.4781,13825.0,3402.0,244.7611,0.8545,3.8396,527.0,32.2372,0.6277,0.7713,248,600,586,927,175.6321
12,82.1115,2,689.4726,681.5401,12007.0,854.0,216.4345,0.9496,3.3239,562.0,57.1235,0.289,0.4485,600,948,586,927,175.6321
12,82.1115,3,1210.9016,676.6336,13339.0,696.0,150.7154,1.0,1.6815,591.0,39.3709,0.5217,0.6857,948,1304,586,927,175.6321
12,82.1115,4,1363.6469,680.0595,11756.0,0.0,140.2843,0.846,1.5731,608.0,34.3291,0.5371,0.6988,1304,1656,586,927,175.6321
12,82.5121,1,363.5215,635.9898,14582.0,4452.0,250.7655,0.9024,3.658,498.0,34.4229,0.5571,0.7155,248,600,586,927,175.6321
12,82.5121,2,695.0501,694.8804,12219.0,379.0,217.9036,0.9054,3.3712,572.0,31.7678,0.625,0.7693,600,948,586,927,175.6321
12,82.5121,3,1212.1502,667.2303,14465.0,88.0,171.5851,0.9546,1.5848,582.0,32.5302,0.5642,0.7214,948,1304,586,927,175.6321
12,82.5121,4,1377.2952,680.2742,14025.0,0.0,147.3266,0.8502,1.3712,600.0,39.4879,0.4569,0.6272,1304,1656,586,927,175.6321
12,82.9126,1,353.0083,668.2333,13999.0,2441.0,237.6,0.9149,3.3696,538.0,49.5176,0.3285,0.4946,248,600,586,927,175.6321
12,82.9126,2,699.6254,677.7674,13055.0,632.0,186.1058,0.9317,2.4589,579.0,40.8778,0.5379,0.6995,600,948,586,927,175.6321
12,82.9126,3,1211.1706,686.896,17169.0,15.0,196.9859,0.8299,1.9664,600.0,31.6941,0.6593,0.7947,948,1304,586,927,175.6321
12,82.9126,4,1409.8933,683.6597,14351.0,78.0,157.9275,0.9386,1.5662,582.0,51.0357,0.3703,0.5405,1304,1656,586,927,175.6321
12,83.3132,1,351.2795,669.118,12732.0,1860.0,215.3063,0.8806,3.2569,547.0,28.4625,0.6103,0.758,248,600,586,927,175.6321
12,83.3132,2,701.4955,654.9261,10671.0,529.0,138.0561,0.8909,1.6433,582.0,44.536,0.4616,0.6316,600,948,586,927,175.6321
12,83.3132,3,1204.57,693.6269,19508.0,279.0,199.0372,0.9898,1.7421,573.0,37.9398,0.545,0.7055,948,1304,586,927,175.6321
12,83.3132,4,1435.2451,690.0781,17133.0,0.0,208.5453,0.746,2.1292,597.0,47.1466,0.3916,0.5628,1304,1656,586,927,175.6321
12,83.7137,1,348.8702,625.6605,12391.0,3754.0,201.0996,0.9305,2.5383,510.0,37.8929,0.5019,0.6684,248,600,586,927,175.6321
12,83.7137,2,690.2366,642.7911,10358.0,402.0,116.1764,0.6533,1.2059,584.0,35.4672,0.5426,0.7035,600,948,586,927,175.6321
12,83.7137,3,1179.5246,703.8938,15949.0,0.0,181.0161,0.9999,1.8761,593.0,40.362,0.4851,0.6533,948,1304,586,927,175.6321
12,83.7137,4,1467.4687,697.4278,16944.0,0.0,206.8131,0.7619,2.1517,592.0,53.1302,0.3369,0.504,1304,1656,586,927,175.6321
12,84.1142,1,336.2144,650.4994,11982.0,1929.0,162.5878,0.9103,2.2255,574.0,51.705,0.3474,0.5157,248,600,586,927,175.6321
12,84.1142,2,685.7823,644.0089,13125.0,483.0,134.2481,0.5874,1.1851,577.0,32.912,0.5816,0.7354,600,948,586,927,175.6321
12,84.1142,3,1172.3848,690.3432,15252.0,0.0,176.8784,0.8961,1.8147,588.0,35.4422,0.5247,0.6882,948,1304,586,927,175.6321
12,84.1142,4,1508.8944,703.8614,17196.0,0.0,171.0508,0.8786,1.6071,610.0,48.036,0.3748,0.5452,1304,1656,586,927,175.6321
12,84.5148,1,343.5389,644.6992,12932.0,2047.0,144.4865,0.9996,1.5202,570.0,43.091,0.4458,0.6167,248,600,586,927,175.6321
12,84.5148,2,690.5817,656.8645,16535.0,660.0,176.1653,0.8279,1.5318,563.0,35.5884,0.5768,0.7316,600,948,586,927,175.6321
12,84.5148,3,1148.3376,653.5351,15443.0,45.0,221.5202,0.546,2.5488,584.0,43.0393,0.4723,0.6416,948,1304,586,927,175.6321
12,84.5148,4,1527.9679,703.8501,17335.0,0.0,200.2051,0.8802,1.9997,592.0,39.1468,0.5219,0.6858,1304,1656,586,927,175.6321
12,84.9153,1,363.7359,625.9064,15123.0,4160.0,201.9622,0.9716,2.0485,502.0,36.7701,0.4962,0.6633,248,600,586,927,175.6321
12,84.9153,2,719.7717,676.4764,15497.0,466.0,180.9375,0.9887,1.7877,571.0,55.857,0.3441,0.512,600,948,586,927,175.6321
12,84.9153,3,1093.1623,664.4685,19233.0,373.0,218.7796,0.5416,2.0477,580.0,56.5806,0.2483,0.3978,948,1304,586,927,175.6321
12,84.9153,4,1538.6463,714.6011,15138.0,0.0,188.6408,0.8357,2.1748,609.0,33.6818,0.5612,0.7189,1304,1656,586,927,175.6321
12,85.3159,1,364.8455,680.0105,17819.0,1362.0,221.5128,0.8947,2.4432,559.0,55.3797,0.3165,0.4808,248,600,586,927,175.6321
12,85.3159,2,744.3554,672.7033,16059.0,1077.0,214.9181,0.7844,2.5306,566.0,43.2546,0.4395,0.6107,600,948,586,927,175.6321
12,85.3159,3,1049.4364,680.8534,18229.0,294.0,192.3301,0.8094,1.8755,586.0,47.2975,0.2851,0.4438,948,1304,586,927,175.6321
12,85.3159,4,1528.9591,697.6805,15774.0,0.0,195.0562,0.8992,2.2092,591.0,44.4842,0.4386,0.6097,1304,1656,586,927,175.6321
12,85.7164,1,396.0984,652.2248,15724.0,2703.0,203.8598,0.9487,2.2578,527.0,45.1555,0.4228,0.5943,248,600,586,927,175.6321
12,85.7164,2,743.6801,672.8308,14472.0,656.0,210.7826,0.7486,2.8209,573.0,33.0223,0.5755,0.7305,600,948,586,927,175.6321
12,85.7164,3,1034.0129,696.7583,17422.0,93.0,191.7135,0.9107,1.9116,581.0,33.2939,0.5204,0.6845,948,1304,586,927,175.6321
12,85.7164,4,1506.4157,676.5398,15924.0,0.0,179.4529,0.6471,1.8015,597.0,43.5642,0.4113,0.5829,1304,1656,586,927,175.6321
12,86.117,1,412.7773,647.9361,15749.0,2712.0,188.5412,0.9823,1.9739,528.0,43.2623,0.5309,0.6935,248,600,586,927,175.6321
12,86.117,2,732.9987,686.9641,14310.0,217.0,230.8095,0.6984,3.2421,580.0,43.1617,0.4366,0.6078,600,948,586,927,175.6321
12,86.117,3,1039.6038,700.6196,15720.0,11.0,166.6384,0.936,1.4586,589.0,36.9513,0.4852,0.6534,948,1304,586,927,175.6321
12,86.117,4,1496.0903,694.4565,14727.0,0.0,179.8581,0.7977,1.955,599.0,29.8411,0.5622,0.7197,1304,1656,586,927,175.6321
12,86.5175,1,413.765,662.5891,17001.0,2202.0,245.6216,0.8541,2.725,553.0,47.3141,0.3445,0.5125,248,600,586,927,175.6321
12,86.5175,2,714.933,689.7598,15319.0,602.0,233.1811,0.8446,3.0118,570.0,42.5174,0.4546,0.6251,600,948,586,927,175.6321
12,86.5175,3,1044.9021,681.3744,12971.0,322.0,152.184,0.9625,1.7227,573.0,31.1661,0.3893,0.5605,948,1304,586,927,175.6321
12,86.5175,4,1494.658,707.1825,14739.0,0.0,186.8401,0.8727,2.1799,601.0,27.2471,0.6906,0.817,1304,1656,586,927,175.6321
12,86.9181,1,382.258,633.5922,15534.0,3692.0,224.085,0.8137,2.2434,515.0,50.0172,0.3329,0.4995,248,600,586,927,175.6321
12,86.9181,2,701.49,690.143,13660.0,480.0,195.0994,0.8375,2.5116,582.0,36.9889,0.5101,0.6756,600,948,586,927,175.6321
12,86.9181,3,1081.4496,681.7108,14155.0,696.0,183.5405,0.9856,2.2049,564.0,35.0562,0.3026,0.4646,948,1304,586,927,175.6321
12,86.9181,4,1510.6843,688.447,14126.0,0.0,154.3372,0.98,1.5159,601.0,46.6904,0.4127,0.5842,1304,1656,586,927,175.6321
12,87.3186,1,366.7326,665.9589,15879.0,2302.0,220.8644,0.7935,2.9365,569.0,51.2278,0.2874,0.4464,248,600,586,927,175.6321
12,87.3186,2,678.3572,681.9881,11810.0,186.0,173.1871,0.9375,2.2977,584.0,41.0715,0.4684,0.638,600,948,586,927,175.6321
12,87.3186,3,1112.1769,681.9139,11608.0,203.0,170.7022,0.9586,2.268,577.0,39.8363,0.2829,0.441,948,1304,586,927,175.6321
12,87.3186,4,1499.2153,663.9273,13283.0,0.0,198.1786,0.5998,2.3853,589.0,39.724,0.4803,0.6489,1304,1656,586,927,175.6321
12,87.7191,1,352.0518,657.0724,16981.0,2539.0,191.3295,0.9487,1.948,567.0,37.6536,0.4936,0.661,248,600,586,927,175.6321
12,87.7191,2,676.3316,687.1357,13496.0,862.0,175.5626,0.9654,2.2474,584.0,29.3721,0.6069,0.7554,600,948,586,927,175.6321
12,87.7191,3,1146.6878,665.084,11209.0,333.0,162.5423,0.945,2.0824,577.0,46.7556,0.3046,0.467,948,1304,586,927,175.6321
12,87.7191,4,1463.5391,664.7041,13683.0,0.0,230.6457,0.4634,3.2955,592.0,55.6832,0.3551,0.5241,1304,1656,586,927,175.6321
12,88.1197,1,369.4865,661.9176,17803.0,2650.0,219.6502,0.8738,2.2863,537.0,46.8463,0.362,0.5316,248,600,586,927,175.6321
12,88.1197,2,692.5568,679.6563,14976.0,494.0,188.7201,0.8987,2.1278,580.0,49.3501,0.3104,0.4737,600,948,586,927,175.6321
12,88.1197,3,1158.4156,670.7711,12950.0,681.0,176.185,0.9401,2.1487,565.0,32.5851,0.6093,0.7572,948,1304,586,927,175.6321
12,88.1197,4,1398.8602,669.5999,13970.0,0.0,191.195,0.6553,2.121,589.0,68.8425,0.1671,0.2864,1304,1656,586,927,175.6321
12,88.5202,1,407.1857,663.0787,16357.0,1731.0,220.0041,0.8257,2.3896,544.0,55.8126,0.2704,0.4257,248,600,586,927,175.6321
12,88.5202,2,709.9471,677.7482,14203.0,381.0,218.2727,0.7988,2.8098,571.0,41.4571,0.4583,0.6285,600,948,586,927,175.6321
12,88.5202,3,1159.9772,697.7156,13472.0,52.0,182.6956,0.9859,2.3128,583.0,38.2369,0.5017,0.6682,948,1304,586,927,175.6321
12,88.5202,4,1381.7444,705.5858,15700.0,0.0,193.754,0.799,2.2476,605.0,52.7086,0.3012,0.463,1304,1656,586,927,175.6321
12,88.9208,1,435.2581,648.4337,15676.0,2442.0,196.7397,0.8462,2.0293,527.0,43.2356,0.436,0.6072,248,600,586,927,175.6321
12,88.9208,2,727.4501,677.4551,14040.0,363.0,188.9858,0.8635,2.2385,571.0,40.7928,0.5087,0.6744,600,948,586,927,175.6321
12,88.9208,3,1166.2694,700.8094,12600.0,70.0,182.352,0.9944,2.4028,582.0,24.2499,0.654,0.7908,948,1304,586,927,175.6321
12,88.9208,4,1377.1188,700.0729,15028.0,575.0,196.0152,0.9791,1.9239,564.0,37.276,0.4132,0.5848,1304,1656,586,927,175.6321
12,89.3213,1,452.15,658.4642,16670.0,1878.0,200.309,0.9049,1.976,535.0,36.8978,0.4924,0.6599,248,600,586,927,175.6321
12,89.3213,2,739.9667,670.0078,13253.0,267.0,160.2999,0.9788,1.7365,575.0,35.7534,0.5279,0.691,600,948,586,927,175.6321
12,89.3213,3,1172.7066,690.0913,13046.0,535.0,193.8123,0.9969,2.5885,566.0,24.6383,0.6594,0.7947,948,1304,586,927,175.6321
12,89.3213,4,1396.267,698.5897,14298.0,0.0,214.4478,0.689,2.8234,598.0,45.3812,0.3247,0.4902,1304,1656,586,927,175.6321
12,89.7219,1,455.5994,661.5174,15797.0,1693.0,217.726,0.8742,2.5052,553.0,48.7265,0.3216,0.4867,248,600,586,927,175.6321
12,89.7219,2,752.1922,664.5561,14618.0,1080.0,181.9825,0.8864,2.0336,564.0,38.6337,0.4736,0.6427,600,948,586,927,175.6321
12,89.7219,3,1178.1597,693.8713,14549.0,1109.0,221.4354,0.9976,3.0014,570.0,23.8854,0.6493,0.7874,948,1304,586,927,175.6321
12,89.7219,4,1415.2169,704.6656,14433.0,0.0,204.3921,0.8597,2.4605,594.0,39.2556,0.4662,0.6359,1304,1656,586,927,175.6321
12,90.1224,1,428.3478,638.0039,16056.0,3655.0,225.6154,0.8352,2.6589,517.0,41.1283,0.5,0.6666,248,600,586,927,175.6321
12,90.1224,2,748.4638,662.7755,14288.0,1099.0,193.3295,0.7533,2.458,563.0,30.311,0.5841,0.7374,600,948,586,927,175.6321
12,90.1224,3,1177.3937,707.1852,14395.0,170.0,203.2334,0.9905,2.5942,578.0,24.5649,0.63,0.773,948,1304,586,927,175.6321
12,90.1224,4,1421.0737,673.2329,14546.0,0.0,212.6564,0.5993,2.567,593.0,42.7058,0.4216,0.5931,1304,1656,586,927,175.6321
12,90.523,1,399.4391,657.5632,18305.0,2869.0,227.602,0.893,2.0402,530.0,53.6709,0.3171,0.4815,248,600,586,927,175.6321
12,90.523,2,732.7985,679.075,15408.0,875.0,189.1343,0.9345,2.2093,569.0,42.7499,0.3903,0.5614,600,948,586,927,175.6321
12,90.523,3,1181.9083,701.5464,13385.0,258.0,208.0876,0.9979,2.8503,575.0,23.5177,0.6857,0.8135,948,1304,586,927,175.6321
12,90.523,4,1419.1497,681.5845,15512.0,40.0,186.7579,0.7545,2.022,583.0,36.4243,0.5256,0.6891,1304,1656,586,927,175.6321
12,90.9235,1,395.3381,664.5468,16731.0,2214.0,260.4005,0.7341,3.15,551.0,33.565,0.5034,0.6697,248,600,586,927,175.6321
12,90.9235,2,723.6108,693.3104,14844.0,181.0,217.8594,0.7567,2.9065,583.0,41.8667,0.4226,0.5941,600,948,586,927,175.6321
12,90.9235,3,1181.9507,706.4619,13771.0,107.0,202.4873,0.9832,2.6824,581.0,25.426,0.6723,0.804,948,1304,586,927,175.6321
12,90.9235,4,1401.4646,707.2831,16433.0,0.0,181.0682,0.9716,1.7833,598.0,44.8136,0.4198,0.5914,1304,1656,586,927,175.6321
12,91.324,1,375.0697,633.1647,16248.0,4573.0,238.9967,0.8538,2.5479,508.0,32.5055,0.5412,0.7023,248,600,586,927,175.6321
12,91.324,2,701.2381,691.7217,13958.0,626.0,219.2857,0.8859,3.1129,581.0,42.7648,0.4415,0.6126,600,948,586,927,175.6321
12,91.324,3,1181.9169,703.4992,14807.0,211.0,213.6644,0.9752,2.6235,581.0,23.394,0.6847,0.8129,948,1304,586,927,175.6321
12,91.324,4,1397.835,706.3645,18107.0,63.0,187.5605,0.9952,1.633,583.0,29.6169,0.5758,0.7308,1304,1656,586,927,175.6321
12,91.7246,1,357.278,670.0051,15372.0,2283.0,205.311,0.7864,2.6859,571.0,47.7346,0.2712,0.4266,248,600,586,927,175.6321
12,91.7246,2,681.6103,680.0986,13522.0,966.0,178.5272,0.9411,2.1079,581.0,35.7766,0.5132,0.6783,600,948,586,927,175.6321
12,91.7246,3,1183.2935,697.8652,13863.0,113.0,208.9393,0.9038,2.9176,581.0,27.9491,0.5943,0.7455,948,1304,586,927,175.6321
12,91.7246,4,1397.9635,694.625,17571.0,153.0,187.5713,0.884,1.709,578.0,28.2456,0.6125,0.7597,1304,1656,586,927,175.6321
12,92.1251,1,350.5818,666.2328,13497.0,2008.0,204.4852,0.9087,2.473,541.0,25.4894,0.602,0.7515,248,600,586,927,175.6321
12,92.1251,2,682.1017,685.0513,14728.0,313.0,177.1166,0.9752,1.9232,585.0,31.4736,0.6019,0.7515,600,948,586,927,175.6321
12,92.1251,3,1175.5566,699.609,13774.0,0.0,206.4292,0.8716,2.8033,587.0,23.854,0.646,0.785,948,1304,586,927,175.6321
12,92.1251,4,1413.5982,685.4678,16449.0,59.0,213.7567,0.7516,2.3939,583.0,39.5957,0.4597,0.6299,1304,1656,586,927,175.6321
12,92.5257,1,332.7171,650.6966,12737.0,2938.0,221.5275,0.971,2.8547,517.0,27.6812,0.5917,0.7435,248,600,586,927,175.6321
12,92.5257,2,693.2365,683.0935,15302.0,146.0,172.1592,0.9479,1.7378,586.0,36.0843,0.5027,0.6691,600,948,586,927,175.6321
12,92.5257,3,1182.414,681.25,13059.0,83.0,202.9632,0.8091,2.8367,583.0,24.7412,0.7053,0.8272,948,1304,586,927,175.6321
12,92.5257,4,1438.283,689.0846,17253.0,93.0,247.2167,0.6325,3.1163,582.0,45.2937,0.4241,0.5956,1304,1656,586,927,175.6321
12,92.9262,1,325.4915,662.9104,12223.0,1947.0,214.0614,0.9694,2.8288,535.0,27.9824,0.576,0.7309,248,600,586,927,175.6321
12,92.9262,2,697.0466,662.1512,15229.0,1133.0,223.71,0.6413,2.8065,567.0,37.3556,0.5171,0.6817,600,948,586,927,175.6321
12,92.9262,3,1190.0596,677.8412,12590.0,7.0,188.5283,0.7545,2.5243,585.0,27.5295,0.6969,0.8214,948,1304,586,927,175.6321
12,92.9262,4,1499.0821,679.6577,17839.0,953.0,209.728,0.8135,1.8202,554.0,57.6722,0.2313,0.3756,1304,1656,586,927,175.6321
12,93.3268,1,330.6336,647.5948,12526.0,2875.0,229.807,0.9712,3.1784,519.0,27.0525,0.6153,0.7618,248,600,586,927,175.6321
12,93.3268,2,740.4908,631.7236,14131.0,540.0,239.74,0.3347,3.3354,572.0,47.974,0.382,0.5529,600,948,586,927,175.6321
12,93.3268,3,1201.5418,684.0578,11952.0,0.0,168.8033,0.8531,2.2511,586.0,40.9499,0.5315,0.6941,948,1304,586,927,175.6321
12,93.3268,4,1522.0379,720.6192,19399.0,17.0,217.343,0.8644,2.2635,611.0,55.5243,0.2924,0.4524,1304,1656,586,927,175.6321
12,93.7273,1,332.8288,670.8667,12774.0,1767.0,200.9391,0.9303,2.8748,571.0,28.8624,0.6054,0.7542,248,600,586,927,175.6321
12,93.7273,2,800.0759,638.4533,14402.0,702.0,244.9273,0.3469,3.557,572.0,56.5556,0.2544,0.4056,600,948,586,927,175.6321
12,93.7273,3,1214.5611,691.757,11769.0,0.0,161.5197,0.827,2.271,600.0,34.1268,0.5243,0.6879,948,1304,586,927,175.6321
12,93.7273,4,1536.7362,730.9853,20177.0,0.0,213.3474,0.9519,1.8727,614.0,34.0638,0.5651,0.7221,1304,1656,586,927,175.6321
12,94.1278,1,334.1814,662.4674,14761.0,2055.0,186.1123,0.9514,2.229,566.0,36.5049,0.5298,0.6926,248,600,586,927,175.6321
12,94.1278,2,837.7,641.8463,11648.0,529.0,159.9304,0.5142,2.0214,570.0,51.1739,0.3499,0.5184,600,948,586,927,175.6321
12,94.1278,3,1223.7052,680.9292,11804.0,0.0,153.9579,0.9102,2.0054,600.0,29.8551,0.5742,0.7295,948,1304,586,927,175.6321
12,94.1278,4,1527.3277,703.5634,17809.0,264.0,192.444,0.9548,1.6829,575.0,39.8056,0.4947,0.662,1304,1656,586,927,175.6321
12,94.5284,1,338.8466,654.2804,15756.0,3307.0,206.6963,0.9982,2.0921,519.0,30.3587,0.6331,0.7754,248,600,586,927,175.6321
12,94.5284,2,840.7299,653.8749,10223.0,846.0,132.9129,0.9257,2.0203,561.0,36.6879,0.4118,0.5833,600,948,586,927,175.6321
12,94.5284,3,1229.5826,670.2999,11093.0,26.0,140.9968,0.9801,1.7174,600.0,32.6669,0.6164,0.7627,948,1304,586,927,175.6321
12,94.5284,4,1530.1726,706.5937,19590.0,348.0,207.4441,0.941,1.7286,571.0,29.5596,0.6569,0.793,1304,1656,586,927,175.6321
12,94.9289,1,335.3937,671.0543,16244.0,1805.0,195.1725,0.9664,2.2136,573.0,30.696,0.6347,0.7766,248,600,586,927,175.6321
12,94.9289,2,868.2386,646.7016,7310.0,395.0,121.194,0.9523,1.9796,572.0,29.0302,0.4685,0.6381,600,948,586,927,175.6321
12,94.9289,3,1220.7881,675.4863,16655.0,75.0,179.4692,0.9982,1.5144,584.0,29.1024,0.637,0.7782,948,1304,586,927,175.6321
12,94.9289,4,1542.2221,715.4796,21010.0,0.0,201.1672,0.9787,1.6907,610.0,42.4293,0.5413,0.7024,1304,1656,586,927,175.6321
12,95.3295,1,342.0867,653.8002,17015.0,2836.0,202.2639,0.9904,1.924,527.0,36.2676,0.5706,0.7266,248,600,586,927,175.6321
12,95.3295,2,860.2786,649.6331,8349.0,343.0,117.5424,0.9973,1.5232,571.0,34.9848,0.4229,0.5944,600,948,586,927,175.6321
12,95.3295,3,1213.4391,684.6634,17613.0,178.0,184.9211,0.9083,1.611,578.0,37.4419,0.5814,0.7353,948,1304,586,927,175.6321
12,95.3295,4,1530.256,703.8971,21198.0,398.0,195.6828,0.9878,1.4672,569.0,38.1158,0.5846,0.7379,1304,1656,586,927,175.6321
12,95.73,1,348.7302,659.5906,17410.0,2568.0,203.116,0.9808,1.8622,536.0,32.2623,0.5912,0.7431,248,600,586,927,175.6321
12,95.73,2,832.0178,646.1092,9083.0,318.0,131.2827,0.9804,1.5262,574.0,42.0065,0.318,0.4826,600,948,586,927,175.6321
12,95.73,3,1194.4596,686.1268,18709.0,751.0,191.7621,0.8752,1.7972,589.0,34.5813,0.5193,0.6836,948,1304,586,927,175.6321
12,95.73,4,1513.3046,703.9042,21472.0,227.0,202.2016,0.9931,1.4971,576.0,35.5126,0.5354,0.6974,1304,1656,586,927,175.6321
12,96.1306,1,354.4827,665.3722,14554.0,1749.0,225.2187,0.8442,2.9447,551.0,38.1194,0.4912,0.6588,248,600,586,927,175.6321
12,96.1306,2,805.3212,654.704,14603.0,2413.0,206.295,0.9711,2.3957,552.0,48.2258,0.3248,0.4903,600,948,586,927,175.6321
12,96.1306,3,1176.105,680.6823,19113.0,1242.0,213.3725,0.8661,2.0207,567.0,32.8118,0.5757,0.7307,948,1304,586,927,175.6321
12,96.1306,4,1481.1235,710.2899,19860.0,314.0,203.518,0.9786,1.8285,572.0,49.1803,0.377,0.5475,1304,1656,586,927,175.6321
12,96.5311,1,341.2777,648.6902,13991.0,3026.0,220.5643,0.9409,2.3614,518.0,33.5405,0.5314,0.694,248,600,586,927,175.6321
12,96.5311,2,776.5228,655.1781,13214.0,1352.0,189.276,0.9008,2.3406,556.0,48.3749,0.3251,0.4907,600,948,586,927,175.6321
12,96.5311,3,1169.1735,694.0324,16343.0,0.0,228.2287,0.6453,2.9263,592.0,32.1979,0.5189,0.6833,948,1304,586,927,175.6321
12,96.5311,4,1464.6435,719.0995,21156.0,46.0,210.5954,0.941,1.9024,583.0,35.7174,0.5358,0.6977,1304,1656,586,927,175.6321
12,96.9317,1,327.389,676.5761,13315.0,2181.0,200.8088,0.967,2.5865,573.0,46.3752,0.3447,0.5127,248,600,586,927,175.6321
12,96.9317,2,749.767,665.3879,12935.0,638.0,198.4815,0.7728,2.5533,571.0,46.2219,0.3426,0.5104,600,948,586,927,175.6321
12,96.9317,3,1180.574,681.2429,13156.0,250.0,173.0679,0.8129,2.1799,580.0,38.4544,0.4858,0.6539,948,1304,586,927,175.6321
12,96.9317,4,1454.319,709.2815,18436.0,109.0,200.2154,0.9425,1.9081,581.0,33.5541,0.5555,0.7142,1304,1656,586,927,175.6321
12,97.3322,1,332.0801,681.1018,13115.0,1506.0,182.1725,0.935,2.4026,571.0,35.6472,0.4793,0.6481,248,600,586,927,175.6321
12,97.3322,2,718.2732,644.5081,12764.0,958.0,187.2101,0.5992,2.3737,564.0,47.4504,0.4223,0.5938,600,948,586,927,175.6321
12,97.3322,3,1208.8825,662.6041,10835.0,315.0,148.804,0.9545,1.9333,576.0,35.1972,0.3865,0.5575,948,1304,586,927,175.6321
12,97.3322,4,1454.4988,689.2697,14626.0,0.0,178.5474,0.7949,1.956,597.0,30.7686,0.5837,0.7372,1304,1656,586,927,175.6321
12,97.7327,1,326.7047,648.519,12428.0,3070.0,163.0899,0.921,2.2797,571.0,29.6255,0.5301,0.6929,248,600,586,927,175.6321
12,97.7327,2,691.1173,640.1518,9945.0,618.0,136.6246,0.7466,1.6653,568.0,45.3138,0.4479,0.6187,600,948,586,927,175.6321
12,97.7327,3,1221.1521,688.3125,11337.0,319.0,177.5472,0.9997,2.6721,573.0,35.2689,0.4079,0.5795,948,1304,586,927,175.6321
12,97.7327,4,1444.6987,697.21,15446.0,0.0,184.4195,0.868,2.0044,597.0,27.3403,0.6452,0.7843,1304,1656,586,927,175.6321
12,98.1333,1,326.1093,686.6713,12250.0,1355.0,173.8628,0.9334,2.7948,586.0,34.4797,0.443,0.614,248,600,586,927,175.6321
12,98.1333,2,684.626,648.3262,8557.0,461.0,114.4578,0.9702,1.686,583.0,50.3759,0.3622,0.5318,600,948,586,927,175.6321
12,98.1333,3,1221.5537,700.8215,12627.0,41.0,194.5338,0.9895,2.6216,583.0,34.0418,0.5239,0.6876,948,1304,586,927,175.6321
12,98.1333,4,1438.4411,698.9891,16191.0,94.0,208.2926,0.8822,2.3758,585.0,31.5189,0.5772,0.7319,1304,1656,586,927,175.6321
12,98.5338,1,328.6245,657.4861,12508.0,2535.0,162.4825,0.9285,2.2325,572.0,36.8863,0.439,0.6101,248,600,586,927,175.6321
12,98.5338,2,671.0526,644.1602,10184.0,857.0,122.679,0.9414,1.396,580.0,37.1326,0.4796,0.6483,600,948,586,927,175.6321
12,98.5338,3,1210.4289,699.7959,15206.0,276.0,210.4196,1.0,2.5886,578.0,32.339,0.5428,0.7036,948,1304,586,927,175.6321
12,98.5338,4,1448.1756,686.3204,16288.0,0.0,197.601,0.7238,2.102,598.0,26.0126,0.6079,0.7561,1304,1656,586,927,175.6321
12,98.9344,1,321.6142,672.7797,12253.0,1660.0,154.9043,0.9856,2.0046,575.0,29.7394,0.5213,0.6854,248,600,586,927,175.6321
12,98.9344,2,699.9244,638.6044,13685.0,1138.0,189.6026,0.5156,2.1609,566.0,43.1648,0.427,0.5984,600,948,586,927,175.6321
12,98.9344,3,1206.7568,682.9614,12345.0,709.0,155.7319,1.0,1.9,588.0,31.67,0.5543,0.7132,948,1304,586,927,175.6321
12,98.9344,4,1452.4744,693.6732,14197.0,0.0,155.1123,0.9348,1.5025,600.0,40.3528,0.4372,0.6084,1304,1656,586,927,175.6321
12,99.3349,1,328.2438,661.6754,12795.0,2162.0,200.1072,0.9978,2.7676,535.0,32.1467,0.4937,0.6611,248,600,586,927,175.6321
12,99.3349,2,753.6253,629.6096,13839.0,762.0,213.2615,0.3453,2.7616,572.0,51.6596,0.3156,0.4798,600,948,586,927,175.6321
12,99.3349,3,1203.1683,651.7746,12302.0,1414.0,162.3952,0.9817,1.9921,569.0,27.9697,0.6279,0.7715,948,1304,586,927,175.6321
12,99.3349,4,1463.9678,679.1646,16413.0,0.0,201.5762,0.5835,2.2156,589.0,47.4921,0.3594,0.5287,1304,1656,586,927,175.6321
12,99.7355,1,326.9429,653.5914,14115.0,3514.0,230.1609,0.9994,3.35,511.0,25.4083,0.6216,0.7666,248,600,586,927,175.6321
12,99.7355,2,802.7092,636.8029,14171.0,792.0,215.1387,0.3998,2.7886,567.0,57.3926,0.3021,0.464,600,948,586,927,175.6321
12,99.7355,3,1193.7637,664.512,11853.0,166.0,177.6047,0.7956,2.3072,580.0,36.0623,0.4696,0.639,948,1304,586,927,175.6321
12,99.7355,4,1451.8765,676.757,16201.0,134.0,182.3262,0.7816,1.813,579.0,39.3617,0.5057,0.6717,1304,1656,586,927,175.6321
12,100.136,1,331.3343,660.8291,11059.0,1332.0,204.2738,0.9887,2.9981,551.0,31.1071,0.4879,0.6558,248,600,586,927,175.6321
12,100.136,2,843.7357,655.8682,12565.0,476.0,168.1492,0.6193,2.1564,583.0,61.0695,0.2345,0.3799,600,948,586,927,175.6321
12,100.136,3,1161.6039,649.9675,12796.0,426.0,208.3372,0.6154,2.7195,575.0,49.0805,0.457,0.6273,948,1304,586,927,175.6321
12,100.136,4,1444.1478,711.9227,18157.0,0.0,204.004,0.9512,1.9756,607.0,43.8855,0.4372,0.6084,1304,1656,586,927,175.6321
12,100.5366,1,343.3154,636.2458,11715.0,2929.0,219.8,0.9839,3.2391,521.0,30.8458,0.6228,0.7675,248,600,586,927,175.6321
12,100.5366,2,867.211,671.7636,12420.0,381.0,150.1716,0.9826,1.8282,590.0,50.5975,0.3156,0.4798,600,948,586,927,175.6321
12,100.5366,3,1130.3151,658.8843,17526.0,1846.0,206.3012,0.947,2.0808,568.0,55.128,0.2664,0.4207,948,1304,586,927,175.6321
12,100.5366,4,1442.1478,726.1816,18744.0,0.0,212.0231,0.9926,1.9839,596.0,29.0144,0.6367,0.778,1304,1656,586,927,175.6321
12,100.9371,1,356.4022,643.8002,12464.0,2522.0,212.4303,0.953,2.9195,534.0,37.815,0.4843,0.6525,248,600,586,927,175.6321
12,100.9371,2,889.1386,666.2151,12058.0,1289.0,195.9441,0.9356,2.225,558.0,33.9761,0.4846,0.6528,600,948,586,927,175.6321
12,100.9371,3,1095.4332,672.6831,13638.0,269.0,213.8213,0.8141,2.8316,577.0,54.3628,0.3136,0.4775,948,1304,586,927,175.6321
12,100.9371,4,1448.7838,712.4641,16108.0,0.0,175.7755,0.916,1.7462,612.0,39.7656,0.471,0.6404,1304,1656,586,927,175.6321
12,101.3376,1,374.1704,648.6628,12634.0,2278.0,207.4096,0.8662,2.9724,545.0,40.9364,0.444,0.6149,248,600,586,927,175.6321
12,101.3376,2,891.1584,653.2812,10486.0,529.0,164.0231,0.9961,2.1651,588.0,30.0508,0.6331,0.7754,600,948,586,927,175.6321
12,101.3376,3,1072.4135,670.9665,13975.0,577.0,210.4856,0.7673,2.7814,574.0,44.1268,0.4827,0.6511,948,1304,586,927,175.6321
12,101.3376,4,1465.3566,680.9369,17300.0,0.0,212.4027,0.4293,2.3946,598.0,42.8003,0.4454,0.6163,1304,1656,586,927,175.6321
12,101.7382,1,405.0966,629.2056,13177.0,3324.0,207.9361,0.8886,2.4349,519.0,48.4462,0.3719,0.5422,248,600,586,927,175.6321
12,101.7382,2,882.2107,671.1334,13463.0,501.0,167.0567,0.9899,1.8461,588.0,33.9033,0.6044,0.7534,600,948,586,927,175.6321
12,101.7382,3,1043.9074,659.0652,11865.0,364.0,172.9926,0.7694,2.2113,575.0,51.4571,0.383,0.5539,948,1304,586,927,175.6321
12,101.7382,4,1483.7294,669.6623,15494.0,0.0,179.6454,0.4183,1.965,597.0,36.2231,0.4832,0.6515,1304,1656,586,927,175.6321
12,102.1387,1,414.2629,650.945,14361.0,2831.0,224.6841,0.9867,2.6803,542.0,54.2325,0.3177,0.4822,248,600,586,927,175.6321
12,102.1387,2,873.3001,675.4181,14474.0,77.0,178.2118,0.9832,1.8204,588.0,37.7004,0.6165,0.7628,600,948,586,927,175.6321
12,102.1387,3,1035.3364,665.2796,11690.0,550.0,172.5503,0.8736,2.2922,568.0,39.1806,0.5441,0.7047,948,1304,586,927,175.6321
12,102.1387,4,1516.7719,683.1904,13452.0,0.0,161.8996,0.6557,1.8585,600.0,45.3962,0.3363,0.5033,1304,1656,586,927,175.6321
12,102.5393,1,400.9338,661.0454,15112.0,2732.0,243.4225,0.862,3.2952,539.0,45.8381,0.4573,0.6276,248,600,586,927,175.6321
12,102.5393,2,857.1944,689.6453,17886.0,669.0,205.44,0.9769,2.016,567.0,36.2297,0.531,0.6936,600,948,586,927,175.6321
12,102.5393,3,1037.5372,680.5486,11935.0,49.0,153.5829,0.98,1.8044,588.0,33.8706,0.5288,0.6918,948,1304,586,927,175.6321
12,102.5393,4,1523.633,690.7932,12099.0,0.0,132.4887,0.9922,1.3833,600.0,34.332,0.4547,0.6252,1304,1656,586,927,175.6321
12,102.9398,1,370.7678,634.7122,14258.0,4214.0,250.0596,0.9136,3.5362,505.0,51.2893,0.363,0.5327,248,600,586,927,175.6321
12,102.9398,2,843.4772,676.7603,15510.0,583.0,223.5846,0.7704,2.7536,569.0,38.8733,0.463,0.633,600,948,586,927,175.6321
12,102.9398,3,1039.7766,670.3957,10401.0,113.0,139.391,0.9179,1.7489,580.0,31.5259,0.4222,0.5938,948,1304,586,927,175.6321
12,102.9398,4,1514.3145,688.6813,12164.0,0.0,140.9454,0.9945,1.4572,601.0,31.3432,0.4346,0.6059,1304,1656,586,927,175.6321
12,103.3404,1,360.6874,674.149,14307.0,2075.0,248.2875,0.8904,3.6436,541.0,55.0571,0.3024,0.4644,248,600,586,927,175.6321
12,103.3404,2,822.7799,660.1024,13862.0,383.0,207.6112,0.5642,2.6806,573.0,40.3598,0.4721,0.6414,600,948,586,927,175.6321
12,103.3404,3,1059.8308,659.7979,10686.0,365.0,146.5036,0.9816,1.7608,575.0,31.813,0.4271,0.5986,948,1304,586,927,175.6321
12,103.3404,4,1493.8758,691.6172,14181.0,0.0,169.424,0.897,1.7177,599.0,36.1147,0.4566,0.6269,1304,1656,586,927,175.6321
12,103.7409,1,353.4637,656.4128,13057.0,2419.0,225.6647,0.8825,3.2468,528.0,32.3363,0.5986,0.7489,248,600,586,927,175.6321
12,103.7409,2,780.7866,644.6022,11468.0,683.0,158.5193,0.6838,2.0749,564.0,43.5604,0.3896,0.5608,600,948,586,927,175.6321
12,103.7409,3,1074.8937,655.8258,10483.0,182.0,164.8221,0.8707,2.0945,580.0,38.6018,0.5013,0.6679,948,1304,586,927,175.6321
12,103.7409,4,1483.1096,679.7759,16742.0,0.0,220.4046,0.8057,2.1,589.0,33.4625,0.5293,0.6922,1304,1656,586,927,175.6321
12,104.1414,1,339.9185,657.5124,13233.0,2895.0,238.9601,0.9529,3.4328,517.0,45.6526,0.4443,0.6152,248,600,586,927,175.6321
12,104.1414,2,743.7154,637.0141,8573.0,723.0,102.0051,0.9974,1.1617,564.0,41.0738,0.3123,0.4759,600,948,586,927,175.6321
12,104.1414,3,1081.885,677.2162,13513.0,532.0,185.5567,0.9555,2.3638,568.0,27.4242,0.6558,0.7921,948,1304,586,927,175.6321
12,104.1414,4,1475.8749,681.5613,15634.0,0.0,184.7746,0.7157,2.0372,591.0,34.3163,0.5553,0.714,1304,1656,586,927,175.6321
12,104.542,1,330.9789,684.3561,12532.0,1242.0,221.3425,0.9795,3.2607,553.0,40.9435,0.436,0.6073,248,600,586,927,175.6321
12,104.542,2,744.7089,619.2959,11885.0,1672.0,181.616,0.4405,2.2026,566.0,45.9096,0.3849,0.5559,600,948,586,927,175.6321
12,104.542,3,1086.4141,699.0439,13665.0,208.0,193.3355,0.9511,2.494,577.0,29.0755,0.6043,0.7533,948,1304,586,927,175.6321
12,104.542,4,1465.8767,689.8542,14508.0,0.0,196.5392,0.7839,2.4048,590.0,38.471,0.5208,0.6849,1304,1656,586,927,175.6321
12,104.9425,1,332.4668,651.441,12886.0,3054.0,213.6555,0.9971,3.0289,520.0,34.341,0.5221,0.686,248,600,586,927,175.6321
12,104.9425,2,770.0869,634.1723,12683.0,1602.0,205.3218,0.617,2.8302,552.0,58.974,0.3538,0.5227,600,948,586,927,175.6321
12,104.9425,3,1081.4452,703.4083,13764.0,68.0,199.8265,0.9943,2.5737,582.0,29.7429,0.5737,0.7291,948,1304,586,927,175.6321
12,104.9425,4,1458.8341,701.9718,14603.0,0.0,186.7296,0.8374,2.1111,606.0,35.7622,0.5207,0.6848,1304,1656,586,927,175.6321
12,105.3431,1,343.9648,645.3319,11532.0,2108.0,190.0284,0.9919,2.5674,540.0,39.3246,0.3824,0.5533,248,600,586,927,175.6321
12,105.3431,2,783.1614,657.5027,13256.0,1059.0,208.28,0.7474,2.9844,563.0,52.2372,0.3684,0.5384,600,948,586,927,175.6321
12,105.3431,3,1076.2213,701.328,14047.0,201.0,222.7001,0.9815,2.9578,577.0,33.4245,0.5128,0.6779,948,1304,586,927,175.6321
12,105.3431,4,1443.634,692.4154,14453.0,141.0,195.2525,0.9101,2.263,578.0,31.1739,0.5832,0.7367,1304,1656,586,927,175.6321
12,105.7436,1,362.6088,627.635,11849.0,3204.0,207.8238,0.9922,2.9227,513.0,36.4922,0.4975,0.6645,248,600,586,927,175.6321
12,105.7436,2,801.8081,661.2246,12865.0,629.0,204.0291,0.7586,2.6654,565.0,43.9844,0.5139,0.6789,600,948,586,927,175.6321
12,105.7436,3,1081.6077,689.1554,13004.0,0.0,183.3699,0.8828,2.3879,592.0,31.9755,0.5833,0.7368,948,1304,586,927,175.6321
12,105.7436,4,1451.7014,696.4349,16393.0,0.0,196.4041,0.8411,2.1326,588.0,32.4793,0.5902,0.7423,1304,1656,586,927,175.6321
12,106.1442,1,363.974,656.091,14102.0,2733.0,228.2496,0.9839,3.0991,529.0,35.2701,0.5833,0.7369,248,600,586,927,175.6321
12,106.1442,2,807.3724,667.3253,13397.0,490.0,192.3225,0.7805,2.3316,575.0,33.4102,0.5915,0.7434,600,948,586,927,175.6321
12,106.1442,3,1098.8734,661.4124,13612.0,136.0,203.0702,0.6527,2.5667,582.0,35.2038,0.5227,0.6865,948,1304,586,927,175.6321
12,106.1442,4,1450.2724,698.5001,15618.0,0.0,184.0392,0.7354,1.9519,600.0,29.7213,0.6439,0.7834,1304,1656,586,927,175.6321
12,106.5447,1,367.872,650.0327,12642.0,2164.0,225.9563,0.9476,3.2141,533.0,27.5582,0.6624,0.7969,248,600,586,927,175.6321
12,106.5447,2,823.2742,656.3911,13217.0,743.0,187.0257,0.6865,2.365,568.0,39.574,0.5089,0.6745,600,948,586,927,175.6321
12,106.5447,3,1124.2881,652.8891,13460.0,432.0,199.2276,0.6395,2.4694,576.0,40.8024,0.4822,0.6506,948,1304,586,927,175.6321
12,106.5447,4,1447.7204,694.0172,16597.0,0.0,176.0119,0.8685,1.6889,594.0,30.3505,0.6328,0.7751,1304,1656,586,927,175.6321
12,106.9453,1,367.5098,641.0111,14288.0,3573.0,235.8278,0.9997,3.018,506.0,38.6498,0.5116,0.6769,248,600,586,927,175.6321
12,106.9453,2,844.7827,660.0547,12747.0,809.0,154.0263,0.6729,1.9807,586.0,52.1685,0.4083,0.5799,600,948,586,927,175.6321
12,106.9453,3,1144.0068,673.2752,14015.0,241.0,195.2859,0.8425,2.4393,579.0,53.9999,0.3829,0.5538,948,1304,586,927,175.6321
12,106.9453,4,1454.7816,689.7787,17903.0,0.0,210.6208,0.5258,2.32,597.0,39.8214,0.4805,0.6491,1304,1656,586,927,175.6321
12,107.3458,1,358.7676,669.3406,14336.0,1979.0,222.431,0.998,2.8958,540.0,32.9721,0.5986,0.7489,248,600,586,927,175.6321
12,107.3458,2,867.0485,662.9605,14201.0,443.0,145.5423,0.9561,1.3112,578.0,43.7619,0.4256,0.5971,600,948,586,927,175.6321
12,107.3458,3,1154.2799,695.0922,13872.0,0.0,204.5028,0.8206,2.6594,591.0,50.5737,0.4182,0.5897,948,1304,586,927,175.6321
12,107.3458,4,1447.374,693.726,15152.0,0.0,156.3191,0.8645,1.4409,594.0,39.1195,0.4477,0.6185,1304,1656,586,927,175.6321
12,107.7463,1,387.629,649.557,14060.0,2573.0,208.6583,0.9677,2.6338,538.0,48.9245,0.3499,0.5184,248,600,586,927,175.6321
12,107.7463,2,865.4966,669.6837,14929.0,634.0,196.272,0.793,2.1504,571.0,36.1578,0.5119,0.6772,600,948,586,927,175.6321
12,107.7463,3,1158.1801,695.9845,15598.0,289.0,240.5039,0.9257,3.026,582.0,34.655,0.5318,0.6943,948,1304,586,927,175.6321
12,107.7463,4,1458.6242,692.0292,17899.0,316.0,168.56,0.968,1.4697,575.0,36.9266,0.4646,0.6344,1304,1656,586,927,175.6321
12,108.1469,1,410.9163,631.2434,12731.0,3375.0,218.9546,0.9283,3.0977,521.0,45.3973,0.4358,0.6071,248,600,586,927,175.6321
12,108.1469,2,854.6627,653.8054,14478.0,890.0,213.3833,0.6766,2.546,561.0,29.7947,0.6066,0.7551,600,948,586,927,175.6321
12,108.1469,3,1161.4402,686.4697,13814.0,0.0,205.3791,0.7793,2.7214,589.0,34.1389,0.543,0.7039,948,1304,586,927,175.6321
12,108.1469,4,1457.0476,701.6071,17252.0,0.0,181.7444,0.8824,1.7289,598.0,35.3835,0.4572,0.6275,1304,1656,586,927,175.6321
12,108.5474,1,418.0779,661.2951,14409.0,2394.0,237.8415,0.9786,3.1555,526.0,42.7166,0.4961,0.6632,248,600,586,927,175.6321
12,108.5474,2,845.2877,658.8371,14608.0,659.0,207.2867,0.6746,2.4371,569.0,26.0568,0.6745,0.8056,600,948,586,927,175.6321
12,108.5474,3,1163.5851,666.2864,14053.0,870.0,192.608,0.7551,2.4353,587.0,27.8842,0.6153,0.7618,948,1304,586,927,175.6321
12,108.5474,4,1437.319,690.8046,16030.0,0.0,207.0058,0.6291,2.4198,600.0,32.1799,0.4592,0.6293,1304,1656,586,927,175.6321
12,108.948,1,415.4194,667.4063,15535.0,2277.0,242.367,0.9457,3.0562,542.0,47.7119,0.3647,0.5345,248,600,586,927,175.6321
12,108.948,2,828.5202,657.0876,13590.0,567.0,215.3643,0.6952,2.8208,569.0,31.4135,0.6173,0.7634,600,948,586,927,175.6321
12,108.948,3,1181.4043,661.2794,11894.0,37.0,169.5652,0.6346,2.153,584.0,37.6644,0.4883,0.6562,948,1304,586,927,175.6321
12,108.948,4,1442.6709,658.617,12895.0,10.0,218.4289,0.5663,3.0987,586.0,30.5691,0.5701,0.7262,1304,1656,586,927,175.6321
12,109.3485,1,398.7857,663.4159,16433.0,2965.0,245.6155,0.8759,3.1327,536.0,45.5269,0.445,0.6159,248,600,586,927,175.6321
12,109.3485,2,812.1964,651.6825,13070.0,390.0,197.4157,0.6198,2.4977,574.0,30.0179,0.6326,0.7749,600,948,586,927,175.6321
12,109.3485,3,1207.1662,669.888,11762.0,113.0,159.0219,0.9171,1.9519,582.0,55.9062,0.3666,0.5365,948,1304,586,927,175.6321
12,109.3485,4,1489.916,656.8952,11515.0,0.0,201.2202,0.4251,2.7882,600.0,52.371,0.2771,0.434,1304,1656,586,927,175.6321
12,109.7491,1,370.0674,637.9529,13448.0,3500.0,241.7555,0.8459,3.7608,519.0,51.023,0.3946,0.5659,248,600,586,927,175.6321
12,109.7491,2,791.5429,664.3014,12784.0,587.0,151.884,0.9134,1.6264,567.0,39.7226,0.4263,0.5977,600,948,586,927,175.6321
12,109.7491,3,1229.7818,689.0558,11336.0,98.0,159.496,0.9252,2.2643,600.0,51.652,0.3569,0.5261,948,1304,586,927,175.6321
12,109.7491,4,1508.805,672.9662,10635.0,0.0,145.0174,0.6654,1.948,595.0,43.5752,0.3697,0.5398,1304,1656,586,927,175.6321
12,110.1496,1,350.0993,652.9906,13874.0,3274.0,244.833,0.9589,3.4696,514.0,52.0097,0.3314,0.4978,248,600,586,927,175.6321
12,110.1496,2,778.8081,645.7179,10959.0,1098.0,148.8381,0.9935,1.6665,559.0,33.144,0.5666,0.7233,600,948,586,927,175.6321
12,110.1496,3,1232.9033,687.9202,12571.0,207.0,167.2298,0.9706,2.1124,601.0,27.4092,0.6095,0.7574,948,1304,586,927,175.6321
12,110.1496,4,1542.2555,669.3457,8789.0,110.0,130.9562,0.9984,1.8447,581.0,42.1487,0.3157,0.4799,1304,1656,586,927,175.6321
12,110.5502,1,343.8129,682.6651,13038.0,1307.0,224.4776,0.9767,3.1963,554.0,43.5748,0.4214,0.5929,248,600,586,927,175.6321
12,110.5502,2,787.758,649.4747,12192.0,997.0,182.1641,0.8697,2.0282,566.0,40.075,0.5004,0.667,600,948,586,927,175.6321
12,110.5502,3,1228.1063,684.08,12960.0,214.0,178.0443,0.9906,2.113,598.0,29.8741,0.6327,0.7751,948,1304,586,927,175.6321
12,110.5502,4,1535.9841,670.387,10456.0,23.0,155.7493,0.9782,1.8131,584.0,41.0399,0.3561,0.5252,1304,1656,586,927,175.6321
12,110.9507,1,346.5941,638.178,11590.0,2422.0,191.109,0.998,2.588,531.0,46.0353,0.3779,0.5486,248,600,586,927,175.6321
12,110.9507,2,807.6754,649.4057,12201.0,1524.0,204.9892,0.7461,3.0873,550.0,50.7849,0.4372,0.6085,600,948,586,927,175.6321
12,110.9507,3,1215.2116,687.5273,16739.0,938.0,182.236,0.9323,1.9209,592.0,36.5873,0.5536,0.7127,948,1304,586,927,175.6321
12,110.9507,4,1505.4359,681.3625,11546.0,0.0,169.9407,0.8819,2.0663,595.0,47.3592,0.3167,0.481,1304,1656,586,927,175.6321
12,111.3512,1,360.9951,628.3147,12344.0,3508.0,217.745,0.9944,2.9797,507.0,34.1816,0.5555,0.7142,248,600,586,927,175.6321
12,111.3512,2,835.048,660.3241,12509.0,1485.0,211.4155,0.8482,3.1442,549.0,59.3627,0.2933,0.4536,600,948,586,927,175.6321
12,111.3512,3,1212.4051,681.6132,15092.0,961.0,185.9291,0.9701,2.0688,580.0,28.127,0.6618,0.7965,948,1304,586,927,175.6321
12,111.3512,4,1474.9496,660.0015,13822.0,558.0,202.0933,0.8843,2.3951,573.0,36.8272,0.4709,0.6403,1304,1656,586,927,175.6321
12,111.7518,1,368.2349,665.3572,12327.0,1481.0,219.6972,0.9642,3.1071,551.0,48.7643,0.3618,0.5314,248,600,586,927,175.6321
12,111.7518,2,853.4268,672.3596,12700.0,603.0,180.8771,0.8721,2.2391,566.0,46.7825,0.4301,0.6015,600,948,586,927,175.6321
12,111.7518,3,1209.9884,679.9164,14715.0,544.0,173.1512,0.7875,2.0028,602.0,29.4031,0.5753,0.7304,948,1304,586,927,175.6321
12,111.7518,4,1471.101,681.6263,13359.0,0.0,154.7976,0.8741,1.606,592.0,36.0367,0.463,0.6329,1304,1656,586,927,175.6321
12,112.1523,1,391.3682,659.6674,13880.0,2485.0,218.5165,0.9568,2.9254,528.0,42.8883,0.3897,0.5608,248,600,586,927,175.6321
12,112.1523,2,856.8381,661.0438,12511.0,1160.0,183.9384,0.8997,2.285,556.0,25.1161,0.7113,0.8313,600,948,586,927,175.6321
12,112.1523,3,1211.1878,668.0574,12910.0,17.0,152.9541,0.825,1.5794,587.0,43.2739,0.4039,0.5753,948,1304,586,927,175.6321
12,112.1523,4,1458.0786,679.1968,11402.0,7.0,176.9828,0.8802,2.2998,586.0,32.6016,0.5313,0.6939,1304,1656,586,927,175.6321
12,112.5529,1,404.4144,638.9301,14545.0,4033.0,222.1651,0.9904,2.7467,511.0,40.9959,0.481,0.6496,248,600,586,927,175.6321
12,112.5529,2,858.5436,660.9802,12556.0,1005.0,187.084,0.8373,2.2505,560.0,28.8721,0.6785,0.8085,600,948,586,927,175.6321
12,112.5529,3,1184.4665,644.2403,14645.0,149.0,234.9621,0.3892,3.0225,581.0,44.8845,0.4048,0.5763,948,1304,586,927,175.6321
12,112.5529,4,1444.539,675.9845,10788.0,13.0,158.2449,0.9583,1.822,586.0,31.0011,0.598,0.7484,1304,1656,586,927,175.6321
12,112.9534,1,408.4634,672.1109,14325.0,1780.0,234.9924,0.9653,3.0276,549.0,46.9628,0.3844,0.5553,248,600,586,927,175.6321
12,112.9534,2,851.9455,667.8013,11451.0,576.0,183.3105,0.8017,2.5911,572.0,31.6464,0.6351,0.7769,600,948,586,927,175.6321
12,112.9534,3,1123.3445,645.9842,14313.0,271.0,212.5493,0.4423,2.6076,578.0,55.6931,0.301,0.4627,948,1304,586,927,175.6321
12,112.9534,4,1436.2409,672.1666,10588.0,169.0,160.8042,1.0,1.9319,578.0,24.7229,0.6779,0.808,1304,1656,586,927,175.6321
12,113.354,1,387.0034,643.2587,14152.0,3292.0,235.8309,0.8937,3.2617,524.0,47.1214,0.4103,0.5819,248,600,586,927,175.6321
12,113.354,2,862.3002,655.497,10398.0,664.0,157.4992,0.9175,2.0843,568.0,30.3176,0.5665,0.7232,600,948,586,927,175.6321
12,113.354,3,1068.1731,656.6257,13088.0,118.0,175.535,0.6181,2.1393,581.0,57.0443,0.2153,0.3544,948,1304,586,927,175.6321
12,113.354,4,1434.2207,699.2603,12216.0,0.0,180.3413,0.9935,2.2816,590.0,31.2154,0.5939,0.7452,1304,1656,586,927,175.6321
12,113.7545,1,367.027,648.0829,14105.0,3366.0,232.3397,0.896,3.3129,520.0,44.3614,0.4279,0.5994,248,600,586,927,175.6321
12,113.7545,2,869.4531,643.6391,6802.0,982.0,132.763,0.9852,2.5039,557.0,33.1245,0.4363,0.6076,600,948,586,927,175.6321
12,113.7545,3,1033.3157,667.0195,8571.0,239.0,125.5781,0.9639,1.9217,578.0,41.3301,0.3078,0.4707,948,1304,586,927,175.6321
12,113.7545,4,1430.0013,702.4441,11379.0,0.0,184.5186,0.9844,2.388,596.0,23.8222,0.7295,0.8436,1304,1656,586,927,175.6321
12,114.155,1,351.2247,661.2119,13519.0,2775.0,242.7567,0.9379,3.7157,526.0,48.8237,0.387,0.558,248,600,586,927,175.6321
12,114.155,2,870.1973,616.7471,7581.0,1469.0,149.2685,0.85,2.1943,542.0,34.9817,0.3272,0.4931,600,948,586,927,175.6321
12,114.155,3,1018.432,655.2627,7815.0,291.0,128.9524,0.9712,2.0469,575.0,23.1233,0.5045,0.6707,948,1304,586,927,175.6321
12,114.155,4,1429.1261,713.2257,13884.0,0.0,207.1756,0.983,2.4967,604.0,31.7486,0.6795,0.8092,1304,1656,586,927,175.6321
12,114.5556,1,336.0905,664.871,13466.0,2547.0,233.8589,0.9961,3.3894,529.0,41.3983,0.4413,0.6123,248,600,586,927,175.6321
12,114.5556,2,843.9395,644.1248,12294.0,2082.0,197.6958,0.9982,2.5251,538.0,53.1762,0.2528,0.4035,600,948,586,927,175.6321
12,114.5556,3,1029.8611,667.7057,10537.0,347.0,163.9631,0.9062,2.3751,575.0,34.3055,0.4954,0.6626,948,1304,586,927,175.6321
12,114.5556,4,1426.7991,702.3515,14743.0,56.0,204.5165,0.955,2.3414,585.0,33.0194,0.6111,0.7586,1304,1656,586,927,175.6321
12,114.9561,1,340.4981,675.7723,13472.0,1517.0,207.3701,0.9998,2.677,550.0,28.4668,0.5921,0.7438,248,600,586,927,175.6321
12,114.9561,2,823.3352,695.8799,12228.0,142.0,201.1599,0.9993,2.6134,579.0,49.2375,0.3289,0.495,600,948,586,927,175.6321
12,114.9561,3,1047.7279,689.7585,11856.0,7.0,166.1749,0.9165,2.157,587.0,31.8945,0.549,0.7089,948,1304,586,927,175.6321
12,114.9561,4,1424.1019,695.7363,12955.0,0.0,190.8509,0.8636,2.3321,593.0,36.8652,0.5493,0.7091,1304,1656,586,927,175.6321
12,115.3567,1,358.387,659.7399,13505.0,2163.0,193.5926,0.9892,2.5604,537.0,40.6704,0.4056,0.5772,248,600,586,927,175.6321
12,115.3567,2,816.7388,693.2768,13686.0,621.0,204.6695,0.9942,2.6478,562.0,29.9274,0.617,0.7631,600,948,586,927,175.6321
12,115.3567,3,1052.3787,676.5123,13889.0,850.0,197.5953,0.9992,2.5739,561.0,33.8249,0.4846,0.6529,948,1304,586,927,175.6321
12,115.3567,4,1424.3559,692.4813,12701.0,0.0,166.7572,0.8307,1.9181,596.0,26.1444,0.6596,0.7949,1304,1656,586,927,175.6321
12,115.7572,1,374.8884,635.4454,13437.0,3739.0,228.1379,0.9989,3.043,511.0,38.9687,0.4666,0.6363,248,600,586,927,175.6321
12,115.7572,2,828.3324,661.7892,12277.0,1449.0,185.8548,0.9977,2.4407,540.0,32.92,0.5096,0.6751,600,948,586,927,175.6321
12,115.7572,3,1058.8473,663.7378,15248.0,483.0,187.7818,0.9953,1.8651,576.0,31.2681,0.5579,0.7162,948,1304,586,927,175.6321
12,115.7572,4,1423.9317,696.6664,12761.0,0.0,170.1493,0.8717,2.0066,600.0,27.0575,0.6849,0.813,1304,1656,586,927,175.6321
12,116.1578,1,380.6676,671.1496,13593.0,1629.0,218.9894,0.9952,2.9068,546.0,36.2805,0.5332,0.6955,248,600,586,927,175.6321
12,116.1578,2,825.024,666.7173,12338.0,464.0,190.5719,0.8716,2.5571,573.0,44.6291,0.3732,0.5436,600,948,586,927,175.6321
12,116.1578,3,1075.7358,675.7657,13524.0,205.0,192.7903,0.9462,2.2949,578.0,37.9558,0.4943,0.6616,948,1304,586,927,175.6321
12,116.1578,4,1426.3099,710.0591,14310.0,0.0,169.7022,0.9744,1.8025,601.0,34.7738,0.5765,0.7313,1304,1656,586,927,175.6321
12,116.5583,1,400.3085,637.0072,12190.0,2814.0,218.0327,0.9264,3.1597,525.0,40.5422,0.4585,0.6287,248,600,586,927,175.6321
12,116.5583,2,811.2371,663.6324,12392.0,773.0,215.281,0.7248,3.2654,568.0,37.7124,0.5193,0.6836,600,948,586,927,175.6321
12,116.5583,3,1077.7305,670.476,12492.0,53.0,184.9561,0.8748,2.1951,583.0,23.9031,0.7028,0.8255,948,1304,586,927,175.6321
12,116.5583,4,1428.4239,707.613,14595.0,0.0,172.1215,0.9269,1.8491,599.0,37.8416,0.4989,0.6657,1304,1656,586,927,175.6321
12,116.9589,1,418.3818,637.7003,13383.0,3093.0,226.0981,0.8867,3.0343,528.0,41.4027,0.4952,0.6624,248,600,586,927,175.6321
12,116.9589,2,782.545,644.4588,13441.0,1423.0,207.8418,0.7316,2.6862,548.0,43.729,0.4409,0.612,600,948,586,927,175.6321
12,116.9589,3,1074.5435,659.3424,12626.0,106.0,187.8622,0.7186,2.4191,581.0,32.1463,0.6239,0.7684,948,1304,586,927,175.6321
12,116.9589,4,1451.1247,681.5532,14919.0,0.0,186.3288,0.6863,2.0761,596.0,37.4528,0.5322,0.6947,1304,1656,586,927,175.6321
12,117.3594,1,431.8184,647.6915,12455.0,2282.0,228.1563,0.8134,3.5489,549.0,50.6436,0.4137,0.5853,248,600,586,927,175.6321
12,117.3594,2,756.5384,647.6591,14144.0,2075.0,217.7974,0.8454,2.816,534.0,49.901,0.3977,0.5691,600,948,586,927,175.6321
12,117.3594,3,1044.7469,647.5707,9518.0,176.0,142.5,0.7053,1.8707,578.0,44.573,0.447,0.6179,948,1304,586,927,175.6321
12,117.3594,4,1467.2924,683.8504,13133.0,0.0,159.2338,0.6574,1.8804,599.0,34.9752,0.4676,0.6372,1304,1656,586,927,175.6321
12,117.7599,1,455.6062,641.952,14055.0,3601.0,244.4756,0.849,3.644,523.0,48.1821,0.4025,0.574,248,600,586,927,175.6321
12,117.7599,2,748.3934,677.4639,13444.0,213.0,214.9185,0.7585,2.8901,578.0,51.0513,0.364,0.5337,600,948,586,927,175.6321
12,117.7599,3,1028.1749,656.1772,8350.0,22.0,113.8286,0.7858,1.6062,594.0,49.5176,0.402,0.5734,948,1304,586,927,175.6321
12,117.7599,4,1492.1481,680.1061,14136.0,0.0,186.191,0.7243,2.2024,598.0,36.5171,0.4796,0.6483,1304,1656,586,927,175.6321
12,118.1605,1,465.9639,663.853,14261.0,2464.0,246.6774,0.909,3.8145,537.0,42.8409,0.4315,0.6028,248,600,586,927,175.6321
12,118.1605,2,737.9418,666.7959,15197.0,1646.0,217.0077,0.8873,2.642,559.0,39.1432,0.5077,0.6734,600,948,586,927,175.6321
12,118.1605,3,1026.7717,645.2335,10945.0,206.0,154.8639,0.4819,1.9144,582.0,41.2909,0.3727,0.543,948,1304,586,927,175.6321
12,118.1605,4,1505.1702,694.9401,13397.0,0.0,164.8004,0.864,1.7149,599.0,37.7597,0.4406,0.6117,1304,1656,586,927,175.6321
12,118.561,1,462.7923,670.9411,12917.0,1642.0,240.7082,0.8112,3.8606,560.0,32.1479,0.5757,0.7307,248,600,586,927,175.6321
12,118.561,2,734.2064,655.2528,13316.0,1730.0,217.3743,0.7724,3.0982,547.0,29.8162,0.6393,0.78,600,948,586,927,175.6321
12,118.561,3,1081.4181,635.946,13754.0,99.0,230.0608,0.2878,2.9959,582.0,50.9527,0.305,0.4675,948,1304,586,927,175.6321
12,118.561,4,1517.5535,708.6288,14050.0,0.0,177.0161,0.9661,1.9786,595.0,30.5729,0.5555,0.7142,1304,1656,586,927,175.6321
12,118.9616,1,466.5383,641.8084,13160.0,2919.0,235.7338,0.7633,3.7594,528.0,36.9457,0.4948,0.662,248,600,586,927,175.6321
12,118.9616,2,733.4759,670.5129,13528.0,1050.0,199.213,0.8351,2.6437,564.0,33.4375,0.5689,0.7252,600,948,586,927,175.6321
12,118.9616,3,1128.39,644.686,14768.0,70.0,204.6764,0.3564,2.4778,583.0,49.7077,0.3792,0.5499,948,1304,586,927,175.6321
12,118.9616,4,1517.4986,714.4847,13999.0,0.0,180.7574,0.9634,2.0406,599.0,20.9084,0.723,0.8392,1304,1656,586,927,175.6321
12,119.3621,1,472.4616,653.0425,13006.0,2482.0,219.6452,0.9285,3.0606,530.0,46.5773,0.3981,0.5695,248,600,586,927,175.6321
12,119.3621,2,731.4903,680.2842,12730.0,354.0,184.2258,0.9119,2.3838,573.0,31.9768,0.5697,0.7259,600,948,586,927,175.6321
12,119.3621,3,1126.9578,651.8092,13565.0,75.0,182.9838,0.4834,2.146,582.0,30.3513,0.6245,0.7689,948,1304,586,927,175.6321
12,119.3621,4,1521.1999,694.138,15653.0,0.0,194.5487,0.9939,2.0428,586.0,28.6206,0.6069,0.7554,1304,1656,586,927,175.6321
12,119.7627,1,467.5905,677.5951,13757.0,1032.0,216.7656,0.9841,2.7859,563.0,47.8769,0.2751,0.4315,248,600,586,927,175.6321
12,119.7627,2,728.0103,682.3611,14593.0,952.0,194.9685,0.9996,2.2628,558.0,36.8339,0.4772,0.646,600,948,586,927,175.6321
12,119.7627,3,1125.217,669.7683,13528.0,6.0,177.1614,0.7175,2.0148,586.0,36.1555,0.5312,0.6938,948,1304,586,927,175.6321
12,119.7627,4,1518.836,703.2623,13030.0,0.0,165.0305,0.99,1.8509,597.0,23.4065,0.6653,0.799,1304,1656,586,927,175.6321
12,120.1632,1,445.6578,644.5632,13423.0,2439.0,208.3814,0.8975,2.8064,534.0,46.042,0.3772,0.5478,248,600,586,927,175.6321
12,120.1632,2,734.0106,672.4263,13371.0,609.0,186.894,0.8735,2.2536,571.0,39.167,0.4871,0.6551,600,948,586,927,175.6321
12,120.1632,3,1125.4261,683.2385,14547.0,0.0,203.9409,0.6761,2.525,592.0,29.6072,0.6115,0.7589,948,1304,586,927,175.6321
12,120.1632,4,1518.5944,707.0923,12975.0,0.0,179.9396,0.9993,2.1774,592.0,25.93,0.6788,0.8087,1304,1656,586,927,175.6321
12,120.5638,1,415.7427,638.3815,13754.0,2834.0,216.6472,0.7977,2.9999,545.0,49.2537,0.3841,0.555,248,600,586,927,175.6321
12,120.5638,2,745.5862,649.8829,12286.0,827.0,193.227,0.7274,2.2853,571.0,35.1963,0.524,0.6877,600,948,586,927,175.6321
12,120.5638,3,1133.0044,683.0108,15510.0,12.0,209.0009,0.7324,2.6432,585.0,29.9132,0.5829,0.7365,948,1304,586,927,175.6321
12,120.5638,4,1512.3168,709.2698,15211.0,0.0,193.2382,0.9996,2.0097,590.0,26.5489,0.69,0.8166,1304,1656,586,927,175.6321
12,120.9643,1,395.1788,641.0663,12798.0,2089.0,203.1141,0.7322,2.8157,550.0,51.3093,0.4198,0.5914,248,600,586,927,175.6321
12,120.9643,2,768.8312,652.9232,12681.0,639.0,202.1387,0.6805,2.499,568.0,54.3773,0.3982,0.5696,600,948,586,927,175.6321
12,120.9643,3,1143.3722,674.1563,14342.0,54.0,190.2836,0.6787,2.4259,584.0,28.1642,0.5832,0.7367,948,1304,586,927,175.6321
12,120.9643,4,1496.3442,701.7181,12936.0,0.0,174.8862,0.9984,1.9924,597.0,39.8651,0.4536,0.6241,1304,1656,586,927,175.6321
12,121.3648,1,377.7281,633.4223,12458.0,2389.0,195.8707,0.7202,2.7422,546.0,34.9714,0.6414,0.7815,248,600,586,927,175.6321
12,121.3648,2,802.3896,657.1291,12661.0,924.0,186.2351,0.7621,2.4213,559.0,57.7456,0.3514,0.52,600,948,586,927,175.6321
12,121.3648,3,1166.7243,680.2535,14099.0,54.0,198.9156,0.7855,2.6066,583.0,38.9613,0.4127,0.5842,948,1304,586,927,175.6321
12,121.3648,4,1478.8593,692.8357,15094.0,0.0,196.7726,0.8063,2.3239,593.0,42.4472,0.4008,0.5722,1304,1656,586,927,175.6321
12,121.7654,1,369.7813,645.4718,12533.0,1914.0,191.2724,0.8167,2.5489,551.0,42.4796,0.5126,0.6778,248,600,586,927,175.6321
12,121.7654,2,835.8506,664.7947,12083.0,701.0,184.0582,0.7485,2.5603,566.0,65.8992,0.2578,0.4099,600,948,586,927,175.6321
12,121.7654,3,1180.8452,701.0914,13976.0,0.0,178.4557,0.7956,2.1456,601.0,48.8066,0.3393,0.5067,948,1304,586,927,175.6321
12,121.7654,4,1444.1925,667.4215,13011.0,0.0,188.9141,0.5955,2.3345,592.0,51.5686,0.3949,0.5662,1304,1656,586,927,175.6321
12,122.1659,1,360.4699,647.7365,12021.0,1707.0,197.4376,0.7776,2.9315,554.0,32.3018,0.6228,0.7675,248,600,586,927,175.6321
12,122.1659,2,864.0565,656.9185,11479.0,1516.0,192.1196,0.9301,2.6542,546.0,54.275,0.3719,0.5421,600,948,586,927,175.6321
12,122.1659,3,1197.3752,704.0934,12692.0,24.0,192.4234,0.9217,2.8323,589.0,39.2841,0.4329,0.6042,948,1304,586,927,175.6321
12,122.1659,4,1415.2586,677.52,12289.0,0.0,148.2544,0.6853,1.7539,593.0,53.8515,0.3299,0.4961,1304,1656,586,927,175.6321
12,122.5665,1,356.4781,641.668,11285.0,1661.0,172.431,0.7552,2.3972,554.0,24.6902,0.7501,0.8572,248,600,586,927,175.6321
12,122.5665,2,862.8008,690.3541,11714.0,28.0,181.5011,0.8461,2.5124,590.0,48.2039,0.4109,0.5824,600,948,586,927,175.6321
12,122.5665,3,1210.4401,679.7861,12809.0,356.0,188.4905,0.9647,2.127,571.0,33.5877,0.5445,0.7051,948,1304,586,927,175.6321
12,122.5665,4,1383.773,675.2397,10215.0,0.0,119.2307,0.9495,1.2658,593.0,45.3732,0.3399,0.5074,1304,1656,586,927,175.6321
12,122.967,1,348.151,645.09,10664.0,1361.0,166.1409,0.8005,2.389,556.0,34.9373,0.6033,0.7526,248,600,586,927,175.6321
12,122.967,2,865.1246,689.7467,12379.0,344.0,201.7535,0.9106,2.7862,571.0,29.1727,0.6507,0.7884,600,948,586,927,175.6321
12,122.967,3,1191.1844,703.8324,12248.0,0.0,161.233,0.9912,2.0134,594.0,36.7045,0.5211,0.6852,948,1304,586,927,175.6321
12,122.967,4,1379.9951,663.6327,11948.0,0.0,148.8794,0.5779,1.548,598.0,34.4442,0.5094,0.675,1304,1656,586,927,175.6321
12,123.3676,1,343.1822,655.173,10021.0,1170.0,142.319,0.8069,2.1129,572.0,31.7899,0.5616,0.7193,248,600,586,927,175.6321
12,123.3676,2,858.0198,663.4473,12098.0,1210.0,186.1638,0.902,2.6465,559.0,48.9579,0.4281,0.5996,600,948,586,927,175.6321
12,123.3676,3,1189.8653,664.5844,14101.0,1072.0,201.4625,0.9821,2.3589,565.0,36.201,0.5024,0.6688,948,1304,586,927,175.6321
12,123.3676,4,1417.1512,663.3573,13894.0,0.0,204.0019,0.5171,2.4737,590.0,48.7744,0.3706,0.5407,1304,1656,586,927,175.6321
12,123.7681,1,331.4973,632.9927,8890.0,1771.0,125.2627,0.9569,1.6097,553.0,36.6766,0.5084,0.6741,248,600,586,927,175.6321
12,123.7681,2,851.5812,664.8887,10952.0,734.0,175.3166,0.8404,2.653,567.0,29.0201,0.5847,0.738,600,948,586,927,175.6321
12,123.7681,3,1176.8075,675.0717,12526.0,0.0,169.4643,0.7835,2.1008,589.0,43.2106,0.4291,0.6005,948,1304,586,927,175.6321
12,123.7681,4,1465.3631,666.0177,15173.0,0.0,220.3222,0.4595,2.6484,593.0,56.433,0.2964,0.4572,1304,1656,586,927,175.6321
12,124.1687,1,330.5445,634.5889,9736.0,1783.0,142.3896,0.9465,1.809,551.0,30.3333,0.6392,0.7799,248,600,586,927,175.6321
12,124.1687,2,854.6513,666.6935,8564.0,269.0,134.0966,0.8357,2.1951,583.0,32.5328,0.5153,0.6802,600,948,586,927,175.6321
12,124.1687,3,1140.2076,644.1646,12942.0,114.0,210.4299,0.4852,2.7977,582.0,46.7212,0.4862,0.6543,948,1304,586,927,175.6321
12,124.1687,4,1512.0095,675.6447,14877.0,37.0,193.2029,0.5848,2.1287,585.0,57.5831,0.2627,0.416,1304,1656,586,927,175.6321
12,124.5692,1,336.1898,657.0185,11335.0,1129.0,155.6607,0.8862,2.0749,573.0,27.8472,0.6577,0.7935,248,600,586,927,175.6321
12,124.5692,2,870.0605,649.0375,9859.0,596.0,127.424,0.917,1.5291,572.0,36.4585,0.3455,0.5136,600,948,586,927,175.6321
12,124.5692,3,1100.4082,646.7766,12941.0,333.0,193.0639,0.549,2.4958,578.0,55.4002,0.3732,0.5435,948,1304,586,927,175.6321
12,124.5692,4,1532.9118,706.5865,15607.0,0.0,174.1578,0.8165,1.8869,615.0,54.3402,0.3052,0.4677,1304,1656,586,927,175.6321
12,124.9697,1,332.1078,642.2405,10195.0,1499.0,133.6774,0.9373,1.6861,574.0,33.2716,0.5486,0.7085,248,600,586,927,175.6321
12,124.9697,2,847.619,629.2613,10309.0,1493.0,181.5891,0.8192,2.6028,544.0,37.3516,0.4229,0.5944,600,948,586,927,175.6321
12,124.9697,3,1067.3576,668.4152,13129.0,428.0,196.7633,0.7756,2.5712,572.0,66.568,0.2223,0.3638,948,1304,586,927,175.6321
12,124.9697,4,1549.0636,707.4587,16083.0,0.0,179.5307,0.9883,1.8085,607.0,35.8921,0.5055,0.6715,1304,1656,586,927,175.6321
12,125.3703,1,333.9651,622.7862,8807.0,1931.0,101.2124,0.9995,1.1221,571.0,34.841,0.5323,0.6948,248,600,586,927,175.6321
12,125.3703,2,811.7907,647.3068,11494.0,1301.0,183.5919,0.8372,2.4347,554.0,55.4033,0.2069,0.3429,600,948,586,927,175.6321
12,125.3703,3,1055.9917,687.7489,13317.0,122.0,195.083,0.795,2.5924,580.0,43.9289,0.456,0.6263,948,1304,586,927,175.6321
12,125.3703,4,1550.2275,702.3812,14571.0,0.0,177.8128,0.953,1.9235,605.0,31.4816,0.6038,0.753,1304,1656,586,927,175.6321
12,125.7708,1,347.0745,611.2334,9101.0,2180.0,137.8568,0.3639,1.7765,562.0,32.4725,0.5228,0.6866,248,600,586,927,175.6321
12,125.7708,2,778.0535,661.8775,13189.0,1220.0,222.9309,0.7983,3.2,557.0,62.3585,0.2059,0.3414,600,948,586,927,175.6321
12,125.7708,3,1054.4359,691.8614,15171.0,617.0,211.7934,0.9802,2.6457,571.0,42.9315,0.4411,0.6122,948,1304,586,927,175.6321
12,125.7708,4,1551.4083,695.1977,13531.0,0.0,173.2087,0.9541,1.9386,605.0,18.2034,0.7722,0.8715,1304,1656,586,927,175.6321
12,126.1714,1,370.0487,617.4216,10436.0,2079.0,132.7993,0.4294,1.4122,559.0,38.8081,0.5179,0.6824,248,600,586,927,175.6321
12,126.1714,2,748.8475,659.1171,13965.0,1361.0,210.9251,0.8096,2.8459,558.0,49.9579,0.3893,0.5604,600,948,586,927,175.6321
12,126.1714,3,1047.7226,685.0833,12541.0,0.0,187.3635,0.8199,2.4122,592.0,37.9732,0.4701,0.6395,948,1304,586,927,175.6321
12,126.1714,4,1559.2408,707.7215,13977.0,0.0,169.3438,0.9993,1.9392,604.0,26.8225,0.5953,0.7463,1304,1656,586,927,175.6321
12,126.5719,1,389.2813,620.4155,12898.0,2416.0,195.0411,0.2838,2.5929,564.0,33.2877,0.5235,0.6872,248,600,586,927,175.6321
12,126.5719,2,739.6675,666.5293,12754.0,550.0,186.6391,0.7974,2.4488,572.0,36.3458,0.5293,0.6922,600,948,586,927,175.6321
12,126.5719,3,1033.3478,658.8762,13605.0,1258.0,184.0934,0.9804,2.0589,553.0,43.0837,0.4711,0.6405,948,1304,586,927,175.6321
12,126.5719,4,1562.9846,706.9158,11747.0,0.0,152.3059,0.9698,1.8957,615.0,32.7841,0.5633,0.7206,1304,1656,586,927,175.6321
12,126.9725,1,420.1557,617.2991,12444.0,1912.0,187.5138,0.3024,2.3925,563.0,42.6468,0.4446,0.6155,248,600,586,927,175.6321
12,126.9725,2,727.4357,666.4327,12239.0,321.0,166.3841,0.8557,1.9763,573.0,35.285,0.5722,0.7279,600,948,586,927,175.6321
12,126.9725,3,1028.415,679.6266,11611.0,0.0,162.0562,0.8083,2.0335,594.0,42.4811,0.4961,0.6632,948,1304,586,927,175.6321
12,126.9725,4,1563.0601,712.6196,12742.0,0.0,180.8714,0.9823,2.3522,588.0,23.266,0.665,0.7988,1304,1656,586,927,175.6321
12,127.373,1,438.3739,628.1259,13605.0,1280.0,194.4797,0.3302,2.5349,569.0,34.9054,0.5336,0.6959,248,600,586,927,175.6321
12,127.373,2,725.0738,667.4561,12676.0,744.0,153.7045,0.9853,1.715,564.0,35.8634,0.5411,0.7022,600,948,586,927,175.6321
12,127.373,3,1028.4265,680.7622,14261.0,578.0,203.7244,0.9522,2.3815,567.0,35.2089,0.5765,0.7314,948,1304,586,927,175.6321
12,127.373,4,1551.607,709.0235,12103.0,0.0,170.8951,0.8848,2.0735,603.0,35.6808,0.498,0.6648,1304,1656,586,927,175.6321
12,127.7735,1,446.4436,628.9942,12402.0,1505.0,155.0476,0.5992,1.6558,558.0,37.5437,0.5083,0.674,248,600,586,927,175.6321
12,127.7735,2,731.1687,663.683,12884.0,630.0,144.7951,0.9688,1.545,570.0,25.5954,0.6583,0.794,600,948,586,927,175.6321
12,127.7735,3,1023.4244,694.1738,14164.0,0.0,186.9059,0.872,2.1759,595.0,30.2098,0.643,0.7827,948,1304,586,927,175.6321
12,127.7735,4,1543.1163,694.219,12629.0,0.0,155.5519,0.9089,1.6652,603.0,40.2044,0.5235,0.6872,1304,1656,586,927,175.6321
12,128.1741,1,448.2347,643.4567,12011.0,921.0,129.3139,0.75,1.2903,565.0,36.0928,0.5519,0.7113,248,600,586,927,175.6321
12,128.1741,2,730.4276,645.8548,13057.0,1041.0,158.6907,0.7515,1.7406,560.0,35.8525,0.5343,0.6965,600,948,586,927,175.6321
12,128.1741,3,1042.2237,688.063,13134.0,131.0,179.8432,0.9036,2.1561,591.0,36.9414,0.4902,0.6579,948,1304,586,927,175.6321
12,128.1741,4,1532.507,697.5359,13517.0,0.0,152.648,0.9999,1.4921,598.0,33.4853,0.5713,0.7271,1304,1656,586,927,175.6321
12,128.5746,1,449.8399,629.0976,13655.0,3204.0,182.1154,0.991,1.9284,525.0,37.3118,0.5284,0.6914,248,600,586,927,175.6321
12,128.5746,2,712.7825,643.4,12322.0,627.0,126.9956,0.7927,1.1808,574.0,43.4095,0.4396,0.6107,600,948,586,927,175.6321
12,128.5746,3,1046.8791,693.2484,12236.0,0.0,150.2001,0.9608,1.6119,596.0,28.4027,0.6045,0.7535,948,1304,586,927,175.6321
12,128.5746,4,1533.0022,699.643,13832.0,0.0,156.0165,0.8997,1.5591,606.0,29.3066,0.5778,0.7324,1304,1656,586,927,175.6321
12,128.9752,1,445.1488,661.2303,13010.0,853.0,156.7524,0.9991,1.6657,565.0,40.8618,0.5552,0.714,248,600,586,927,175.6321
12,128.9752,2,716.4381,643.3334,15560.0,1218.0,211.6007,0.4892,2.5012,560.0,39.3478,0.4215,0.593,600,948,586,927,175.6321
12,128.9752,3,1040.447,655.7082,10977.0,192.0,155.8682,0.8178,1.8089,579.0,33.6564,0.4205,0.592,948,1304,586,927,175.6321
12,128.9752,4,1529.3731,694.2916,14602.0,0.0,188.6462,0.7417,2.0883,600.0,30.0214,0.5997,0.7497,1304,1656,586,927,175.6321
12,129.3757,1,440.9564,657.0619,14985.0,1869.0,184.0145,0.9956,1.9559,542.0,32.054,0.6171,0.7632,248,600,586,927,175.6321
12,129.3757,2,778.5065,635.3807,14638.0,793.0,245.7364,0.359,3.2931,564.0,52.722,0.2707,0.4261,600,948,586,927,175.6321
12,129.3757,3,1065.7617,645.9625,11475.0,423.0,158.8093,0.773,1.7244,574.0,29.2727,0.5273,0.6905,948,1304,586,927,175.6321
12,129.3757,4,1527.4627,679.75,14462.0,0.0,190.7632,0.6415,2.1251,596.0,25.3384,0.68,0.8095,1304,1656,586,927,175.6321
12,129.7763,1,433.1863,646.6509,11930.0,1358.0,147.9911,0.9692,1.62,550.0,35.1909,0.5633,0.7206,248,600,586,927,175.6321
12,129.7763,2,825.6769,647.5473,15109.0,638.0,197.1171,0.4906,2.2306,564.0,53.8373,0.2826,0.4407,600,948,586,927,175.6321
12,129.7763,3,1077.1816,669.5932,12354.0,54.0,194.112,0.7272,2.5783,584.0,43.7895,0.3899,0.5611,948,1304,586,927,175.6321
12,129.7763,4,1524.2704,680.4593,14484.0,0.0,183.2437,0.627,2.0172,598.0,20.9526,0.741,0.8512,1304,1656,586,927,175.6321
12,130.1768,1,424.9265,639.7525,14281.0,1719.0,211.9753,0.5262,2.784,561.0,49.2444,0.35,0.5185,248,600,586,927,175.6321
12,130.1768,2,838.8322,665.5395,13093.0,369.0,179.9443,0.5639,2.3683,589.0,44.594,0.4059,0.5774,600,948,586,927,175.6321
12,130.1768,3,1109.8903,669.9359,13956.0,897.0,205.7665,0.968,2.4283,558.0,44.157,0.3868,0.5578,948,1304,586,927,175.6321
12,130.1768,4,1524.4539,686.6576,13436.0,0.0,152.1769,0.8574,1.526,597.0,31.0792,0.5475,0.7076,1304,1656,586,927,175.6321
12,130.5774,1,444.4165,616.2005,13461.0,2168.0,229.1869,0.3164,3.2316,562.0,33.8392,0.5437,0.7044,248,600,586,927,175.6321
12,130.5774,2,853.4627,678.4887,11861.0,756.0,156.4787,0.7977,2.1609,586.0,37.0808,0.4268,0.5983,600,948,586,927,175.6321
12,130.5774,3,1122.5208,688.359,13467.0,0.0,198.2914,0.8421,2.555,589.0,42.8085,0.4343,0.6056,948,1304,586,927,175.6321
12,130.5774,4,1536.252,690.3853,13484.0,0.0,138.0223,0.9895,1.2767,598.0,31.2176,0.6033,0.7526,1304,1656,586,927,175.6321
12,130.9779,1,470.9328,625.0456,14236.0,1913.0,204.7045,0.4332,2.4738,553.0,43.391,0.4334,0.6047,248,600,586,927,175.6321
12,130.9779,2,852.4105,652.0167,11007.0,1052.0,167.4187,0.9183,2.3255,565.0,35.7184,0.4543,0.6248,600,948,586,927,175.6321
12,130.9779,3,1145.9629,672.698,15287.0,756.0,213.128,0.9512,2.3131,567.0,39.2969,0.4836,0.6519,948,1304,586,927,175.6321
12,130.9779,4,1545.7986,692.3962,13768.0,0.0,144.263,0.8803,1.4437,611.0,35.4876,0.5583,0.7166,1304,1656,586,927,175.6321
12,131.3784,1,477.337,646.4884,13280.0,850.0,210.8318,0.4755,2.9819,566.0,41.9842,0.452,0.6226,248,600,586,927,175.6321
12,131.3784,2,845.6791,662.7885,11385.0,429.0,187.1093,0.8543,2.8301,574.0,34.9091,0.5203,0.6844,600,948,586,927,175.6321
12,131.3784,3,1155.1472,696.4277,13978.0,106.0,199.8213,0.953,2.5469,581.0,40.7942,0.4982,0.6651,948,1304,586,927,175.6321
12,131.3784,4,1557.6622,708.9809,14089.0,0.0,154.5602,0.9179,1.5462,614.0,36.6031,0.5391,0.7006,1304,1656,586,927,175.6321
12,131.779,1,470.4143,646.7058,12314.0,1522.0,173.5465,0.6051,2.4676,560.0,36.1407,0.4985,0.6653,248,600,586,927,175.6321
12,131.779,2,836.3595,666.6366,11697.0,354.0,200.6859,0.7685,2.9054,572.0,33.4826,0.5825,0.7362,600,948,586,927,175.6321
12,131.779,3,1156.6285,701.0846,13570.0,36.0,198.8149,0.9406,2.5061,585.0,20.8314,0.743,0.8525,948,1304,586,927,175.6321
12,131.779,4,1553.5793,706.2031,13993.0,0.0,160.5915,0.9107,1.5513,597.0,28.1984,0.6431,0.7828,1304,1656,586,927,175.6321
12,132.1795,1,481.1446,642.0328,11213.0,1908.0,178.929,0.7546,2.7478,550.0,34.0442,0.4681,0.6377,248,600,586,927,175.6321
12,132.1795,2,837.9147,664.6423,12710.0,745.0,172.1796,0.9297,2.0739,565.0,40.8761,0.5257,0.6891,600,948,586,927,175.6321
12,132.1795,3,1152.3887,692.9986,15520.0,53.0,218.8246,0.9215,2.7102,584.0,31.3684,0.645,0.7842,948,1304,586,927,175.6321
12,132.1795,4,1528.1274,690.4585,15396.0,0.0,148.2475,0.9007,1.1862,598.0,46.2137,0.3807,0.5514,1304,1656,586,927,175.6321
12,132.5801,1,492.0815,663.0222,11458.0,1028.0,207.1523,0.6996,3.3792,561.0,40.2114,0.35,0.5185,248,600,586,927,175.6321
12,132.5801,2,848.0248,664.7197,11607.0,209.0,147.0923,0.9307,1.667,580.0,31.7873,0.5932,0.7447,600,948,586,927,175.6321
12,132.5801,3,1147.0191,679.5579,13004.0,0.0,194.7215,0.6927,2.5587,591.0,41.6926,0.4622,0.6322,948,1304,586,927,175.6321
12,132.5801,4,1509.8221,686.1352,12423.0,0.0,152.6486,0.8578,1.6068,599.0,26.8041,0.5601,0.718,1304,1656,586,927,175.6321
12,132.9806,1,481.8752,674.2807,10955.0,733.0,188.4287,0.8443,3.0199,566.0,34.1333,0.4341,0.6054,248,600,586,927,175.6321
12,132.9806,2,850.7676,656.7831,10884.0,606.0,140.2077,0.9928,1.5667,568.0,39.3322,0.5739,0.7293,600,948,586,927,175.6321
12,132.9806,3,1165.1266,658.8211,14513.0,920.0,190.7926,0.8185,2.1453,566.0,40.2922,0.5218,0.6858,948,1304,586,927,175.6321
12,132.9806,4,1519.5091,697.5025,13484.0,0.0,156.8142,0.958,1.6062,597.0,24.0974,0.6203,0.7657,1304,1656,586,927,175.6321
12,133.3812,1,496.6018,626.1412,9009.0,1889.0,144.3323,0.9804,1.9902,549.0,44.9343,0.2679,0.4226,248,600,586,927,175.6321
12,133.3812,2,861.1244,644.9871,11330.0,679.0,127.1546,0.818,1.1917,573.0,36.5179,0.6229,0.7676,600,948,586,927,175.6321
12,133.3812,3,1184.2609,682.2311,13746.0,0.0,197.3556,0.9056,2.47,586.0,56.6707,0.3606,0.53,948,1304,586,927,175.6321
12,133.3812,4,1518.0842,688.4626,12585.0,0.0,153.9112,0.9115,1.5968,595.0,22.8607,0.6718,0.8037,1304,1656,586,927,175.6321
12,133.7817,1,474.2023,618.91,8976.0,1720.0,119.2502,0.8698,1.3254,558.0,43.0644,0.4359,0.6072,248,600,586,927,175.6321
12,133.7817,2,852.6647,641.4412,14508.0,395.0,202.1552,0.3931,2.3691,577.0,38.3878,0.4576,0.6278,600,948,586,927,175.6321
12,133.7817,3,1195.6661,697.8794,12716.0,0.0,178.3374,0.8823,2.2841,593.0,40.0143,0.478,0.6468,948,1304,586,927,175.6321
12,133.7817,4,1523.5953,684.3859,12665.0,0.0,146.5179,0.8007,1.4982,595.0,23.4271,0.6784,0.8084,1304,1656,586,927,175.6321
12,134.1823,1,457.6747,619.9945,10733.0,2304.0,143.5562,0.829,1.6385,553.0,34.4154,0.5678,0.7243,248,600,586,927,175.6321
12,134.1823,2,819.0426,632.4545,14886.0,921.0,243.5642,0.4346,3.0914,567.0,35.6978,0.5667,0.7234,600,948,586,927,175.6321
12,134.1823,3,1208.3709,680.0272,11770.0,0.0,154.3554,0.9738,1.7815,593.0,33.8398,0.5403,0.7015,948,1304,586,927,175.6321
12,134.1823,4,1528.5427,688.4662,12931.0,0.0,173.6965,0.8787,2.0665,593.0,32.4051,0.5932,0.7446,1304,1656,586,927,175.6321
12,134.5828,1,447.0551,622.558,12560.0,3183.0,187.7093,0.7371,2.2276,545.0,36.2801,0.5878,0.7404,248,600,586,927,175.6321
12,134.5828,2,774.1451,642.3274,14726.0,703.0,203.4618,0.5271,2.431,572.0,50.6517,0.3382,0.5054,600,948,586,927,175.6321
12,134.5828,3,1195.5184,661.8294,12801.0,23.0,185.9168,0.6356,2.2146,585.0,50.8851,0.4,0.5714,948,1304,586,927,175.6321
12,134.5828,4,1532.567,697.8328,12923.0,0.0,170.7467,0.8551,2.0636,598.0,23.5292,0.6883,0.8153,1304,1656,586,927,175.6321
12,134.9833,1,428.692,626.7186,12918.0,2722.0,211.0776,0.5791,2.9028,553.0,49.6697,0.4392,0.6103,248,600,586,927,175.6321
12,134.9833,2,754.2418,665.203,14008.0,146.0,150.719,0.8055,1.5234,584.0,47.7788,0.3685,0.5385,600,948,586,927,175.6321
12,134.9833,3,1175.4488,641.9319,12868.0,486.0,198.5968,0.5204,2.4909,575.0,37.2105,0.5577,0.716,948,1304,586,927,175.6321
12,134.9833,4,1523.5159,697.2618,13277.0,0.0,161.3753,0.9462,1.7867,594.0,33.8913,0.5522,0.7115,1304,1656,586,927,175.6321
12,135.3839,1,399.9979,619.2981,12208.0,2638.0,194.4113,0.5214,2.6237,554.0,46.0912,0.5064,0.6724,248,600,586,927,175.6321
12,135.3839,2,751.4791,674.1837,14929.0,281.0,160.5937,0.9984,1.5248,574.0,36.4778,0.5188,0.6832,600,948,586,927,175.6321
12,135.3839,3,1142.7466,653.7395,13788.0,129.0,197.8923,0.5559,2.4348,581.0,58.3554,0.3544,0.5233,948,1304,586,927,175.6321
12,135.3839,4,1515.8857,693.0323,12856.0,0.0,156.5735,0.9845,1.6576,596.0,26.7892,0.6578,0.7936,1304,1656,586,927,175.6321
12,135.7844,1,377.9253,625.1235,12322.0,2334.0,182.1063,0.6177,2.4031,550.0,47.837,0.4714,0.6408,248,600,586,927,175.6321
12,135.7844,2,747.8513,677.2165,13968.0,141.0,164.3109,0.9502,1.7426,579.0,28.8345,0.6061,0.7547,600,948,586,927,175.6321
12,135.7844,3,1108.5454,663.8653,13790.0,169.0,194.1535,0.6483,2.4054,580.0,54.9598,0.3391,0.5065,948,1304,586,927,175.6321
12,135.7844,4,1512.9544,696.344,12654.0,0.0,152.2392,0.9964,1.6561,597.0,21.8037,0.6936,0.8191,1304,1656,586,927,175.6321
12,136.185,1,362.4204,632.3168,11662.0,1865.0,168.2627,0.7192,2.1502,556.0,42.3215,0.5185,0.6829,248,600,586,927,175.6321
12,136.185,2,746.5775,663.4435,14733.0,569.0,169.8664,0.8295,1.7232,573.0,29.7708,0.6037,0.7529,600,948,586,927,175.6321
12,136.185,3,1077.9331,663.9232,12687.0,90.0,172.5551,0.7305,2.0657,582.0,44.0842,0.4201,0.5916,948,1304,586,927,175.6321
12,136.185,4,1513.9604,699.5785,13324.0,0.0,160.6661,0.986,1.7456,595.0,24.6071,0.6518,0.7892,1304,1656,586,927,175.6321
12,136.5855,1,352.1862,622.4462,9941.0,1857.0,141.0871,0.6611,1.7491,555.0,31.2373,0.6887,0.8156,248,600,586,927,175.6321
12,136.5855,2,740.802,667.8784,15397.0,515.0,189.1233,0.7195,2.0315,576.0,25.0354,0.6682,0.8011,600,948,586,927,175.6321
12,136.5855,3,1054.147,661.353,10564.0,189.0,139.2617,0.8956,1.7231,578.0,38.7293,0.4579,0.6282,948,1304,586,927,175.6321
12,136.5855,4,1507.4591,695.3224,13938.0,0.0,167.9014,0.943,1.7029,592.0,27.0613,0.6473,0.7859,1304,1656,586,927,175.6321
12,136.9861,1,349.1508,631.6961,9955.0,1670.0,137.276,0.7981,1.7215,555.0,36.3798,0.5858,0.7388,248,600,586,927,175.6321
12,136.9861,2,738.0051,664.8382,15201.0,349.0,202.2875,0.6737,2.3195,577.0,25.6003,0.6606,0.7956,600,948,586,927,175.6321
12,136.9861,3,1043.059,672.8222,10437.0,22.0,140.768,0.9272,1.7795,584.0,25.8905,0.5649,0.722,948,1304,586,927,175.6321
12,136.9861,4,1506.0559,688.3744,13567.0,0.0,175.913,0.8622,1.9424,594.0,24.0863,0.703,0.8256,1304,1656,586,927,175.6321
12,137.3866,1,349.5617,629.5905,9126.0,1725.0,120.4982,0.7869,1.4712,557.0,24.5222,0.6996,0.8232,248,600,586,927,175.6321
12,137.3866,2,734.6176,676.4139,16040.0,188.0,202.5734,0.7485,2.2367,580.0,22.2963,0.6917,0.8178,600,948,586,927,175.6321
12,137.3866,3,1042.8238,671.5532,10503.0,29.0,138.305,0.9686,1.6706,584.0,30.9753,0.5143,0.6793,948,1304,586,927,175.6321
12,137.3866,4,1507.2264,681.6608,14091.0,0.0,195.0756,0.7474,2.2404,593.0,26.4185,0.6525,0.7897,1304,1656,586,927,175.6321
12,137.7871,1,352.124,629.8435,9256.0,1532.0,118.965,0.7985,1.4128,561.0,19.9936,0.7397,0.8504,248,600,586,927,175.6321
12,137.7871,2,733.9657,671.0533,15118.0,176.0,171.0349,0.8323,1.7507,585.0,30.833,0.5625,0.72,600,948,586,927,175.6321
12,137.7871,3,1059.7908,643.2388,11202.0,92.0,182.6408,0.5706,2.3853,583.0,43.0069,0.4503,0.621,948,1304,586,927,175.6321
12,137.7871,4,1513.4374,687.9855,13867.0,0.0,181.8742,0.7388,2.0386,597.0,19.8517,0.8142,0.8976,1304,1656,586,927,175.6321
12,138.1877,1,351.3796,626.7659,11184.0,2246.0,144.5611,0.901,1.4514,548.0,30.7853,0.6164,0.7627,248,600,586,927,175.6321
12,138.1877,2,722.471,668.25,14103.0,165.0,152.141,0.9001,1.4902,578.0,39.006,0.481,0.6495,600,948,586,927,175.6321
12,138.1877,3,1088.1678,645.1289,12351.0,51.0,184.6497,0.5148,2.2817,583.0,44.6163,0.4868,0.6549,948,1304,586,927,175.6321
12,138.1877,4,1518.0926,693.8492,13641.0,0.0,167.6884,0.8272,1.8298,596.0,25.3423,0.7131,0.8326,1304,1656,586,927,175.6321
12,138.5882,1,349.4216,641.6285,11840.0,1331.0,153.9654,0.8537,1.7823,573.0,33.1786,0.6132,0.7603,248,600,586,927,175.6321
12,138.5882,2,727.4867,675.2316,14786.0,86.0,148.0917,0.905,1.373,582.0,21.9427,0.711,0.8311,600,948,586,927,175.6321
12,138.5882,3,1115.5759,652.884,12160.0,0.0,170.5029,0.5552,2.0578,587.0,45.5629,0.451,0.6216,948,1304,586,927,175.6321
12,138.5882,4,1519.9298,705.1411,14825.0,0.0,154.8087,0.9515,1.4906,599.0,27.5848,0.6304,0.7733,1304,1656,586,927,175.6321
12,138.9888,1,356.46,646.6212,13523.0,1760.0,166.1031,0.7867,1.8957,574.0,28.6373,0.6461,0.785,248,600,586,927,175.6321
12,138.9888,2,722.5871,675.4943,15861.0,512.0,159.6286,0.9996,1.4848,567.0,31.1866,0.5601,0.718,600,948,586,927,175.6321
12,138.9888,3,1137.912,663.7128,10819.0,0.0,141.6326,0.8089,1.6081,589.0,48.0315,0.4226,0.5941,948,1304,586,927,175.6321
12,138.9888,4,1532.9901,699.0367,14603.0,0.0,159.6483,0.9983,1.4746,596.0,34.4457,0.5573,0.7157,1304,1656,586,927,175.6321
12,139.3893,1,370.2986,644.6239,12734.0,1560.0,133.2509,0.9901,1.2536,566.0,34.4043,0.5375,0.6992,248,600,586,927,175.6321
12,139.3893,2,731.5976,668.7636,15567.0,288.0,175.5616,0.7928,1.7645,577.0,35.8556,0.5099,0.6754,600,948,586,927,175.6321
12,139.3893,3,1151.5979,669.3747,11920.0,42.0,147.1091,0.911,1.6522,585.0,48.5671,0.4489,0.6196,948,1304,586,927,175.6321
12,139.3893,4,1533.9963,698.1378,14788.0,0.0,165.7797,0.8524,1.6577,594.0,32.4179,0.5833,0.7368,1304,1656,586,927,175.6321
12,139.7899,1,382.1663,623.795,12033.0,2167.0,155.3096,0.7624,1.6134,545.0,39.1264,0.4753,0.6443,248,600,586,927,175.6321
12,139.7899,2,741.4579,666.8276,16738.0,665.0,222.6707,0.6243,2.6064,572.0,30.9503,0.5553,0.7141,600,948,586,927,175.6321
12,139.7899,3,1152.0591,665.4914,13833.0,20.0,185.091,0.6493,2.1844,586.0,39.1097,0.5111,0.6765,948,1304,586,927,175.6321
12,139.7899,4,1541.5174,698.4669,13779.0,0.0,155.5205,0.8208,1.7,612.0,27.5476,0.6082,0.7564,1304,1656,586,927,175.6321
12,140.1904,1,416.9741,646.8483,15897.0,1155.0,211.1061,0.623,2.341,562.0,53.3352,0.256,0.4076,248,600,586,927,175.6321
12,140.1904,2,742.2948,662.5323,15829.0,572.0,215.6444,0.6124,2.4786,575.0,21.6662,0.7292,0.8434,600,948,586,927,175.6321
12,140.1904,3,1134.6545,660.9164,14216.0,24.0,189.2124,0.6082,2.1902,584.0,37.1351,0.5618,0.7195,948,1304,586,927,175.6321
12,140.1904,4,1550.1077,696.6732,13386.0,0.0,145.68,0.956,1.5443,611.0,34.1575,0.5506,0.7102,1304,1656,586,927,175.6321
12,140.591,1,439.6195,646.0779,15131.0,1493.0,219.3603,0.6169,2.7645,558.0,42.6259,0.4798,0.6484,248,600,586,927,175.6321
12,140.591,2,731.5832,662.9043,15053.0,402.0,197.9833,0.6093,2.2774,578.0,28.8088,0.5955,0.7465,600,948,586,927,175.6321
12,140.591,3,1114.2404,672.73,14936.0,16.0,204.4037,0.6106,2.4953,585.0,43.7609,0.4597,0.6299,948,1304,586,927,175.6321
12,140.591,4,1564.2581,686.1826,12346.0,0.0,153.5982,0.9962,1.6891,606.0,31.9989,0.5936,0.745,1304,1656,586,927,175.6321
12,140.9915,1,465.2838,633.4029,15231.0,2997.0,183.4609,0.8041,1.9825,535.0,42.0567,0.4546,0.6251,248,600,586,927,175.6321
12,140.9915,2,733.968,663.5352,16102.0,761.0,191.0685,0.7395,1.9054,561.0,22.5613,0.6772,0.8075,600,948,586,927,175.6321
12,140.9915,3,1090.8888,672.5174,14134.0,46.0,196.2022,0.6767,2.4292,584.0,42.8634,0.4823,0.6507,948,1304,586,927,175.6321
12,140.9915,4,1562.7227,702.7077,13504.0,0.0,162.045,0.9978,1.8136,614.0,24.0608,0.7022,0.8251,1304,1656,586,927,175.6321
12,141.392,1,473.4983,649.1472,13525.0,882.0,202.5391,0.5288,2.779,566.0,42.3605,0.4356,0.6068,248,600,586,927,175.6321
12,141.392,2,738.409,682.5687,15297.0,60.0,179.1621,0.8563,1.8333,585.0,33.185,0.5664,0.7232,600,948,586,927,175.6321
12,141.392,3,1065.8823,667.9073,13028.0,74.0,188.3198,0.7126,2.3951,583.0,42.7333,0.4843,0.6525,948,1304,586,927,175.6321
12,141.392,4,1557.6275,700.7963,13870.0,0.0,152.5457,0.9716,1.6008,615.0,22.5385,0.7052,0.8271,1304,1656,586,927,175.6321
12,141.7926,1,487.4024,644.0494,12968.0,1856.0,173.4666,0.6731,2.2014,558.0,34.7974,0.4911,0.6587,248,600,586,927,175.6321
12,141.7926,2,741.0338,680.5632,15687.0,253.0,177.7712,0.9931,1.7657,574.0,30.9224,0.5967,0.7474,600,948,586,927,175.6321
12,141.7926,3,1044.9699,663.476,12041.0,219.0,175.9136,0.7654,2.266,579.0,39.4092,0.5364,0.6982,948,1304,586,927,175.6321
12,141.7926,4,1553.1363,695.7692,13620.0,0.0,163.2958,0.8291,1.8411,605.0,27.7629,0.6091,0.7571,1304,1656,586,927,175.6321
12,142.1931,1,491.5807,645.7927,11991.0,1409.0,188.5751,0.6568,2.803,564.0,35.2714,0.5046,0.6707,248,600,586,927,175.6321
12,142.1931,2,746.529,665.9867,14843.0,843.0,180.6338,0.9526,1.8072,564.0,33.4287,0.5994,0.7495,600,948,586,927,175.6321
12,142.1931,3,1036.5054,676.4682,11984.0,226.0,173.5668,0.8445,2.3272,577.0,35.1484,0.5261,0.6894,948,1304,586,927,175.6321
12,142.1931,4,1551.3734,694.6958,14272.0,0.0,164.7505,0.803,1.7572,612.0,23.8202,0.6966,0.8212,1304,1656,586,927,175.6321
12,142.5937,1,497.5933,656.5716,11049.0,1206.0,183.0767,0.7593,2.7622,555.0,36.0963,0.469,0.6385,248,600,586,927,175.6321
12,142.5937,2,763.3588,663.1024,14684.0,555.0,179.8705,0.9036,1.7562,570.0,32.9092,0.6041,0.7532,600,948,586,927,175.6321
12,142.5937,3,1035.5612,689.7276,12059.0,6.0,180.4932,0.8128,2.4677,587.0,28.4558,0.6273,0.771,948,1304,586,927,175.6321
12,142.5937,4,1554.2819,700.7137,14260.0,0.0,155.7556,0.9556,1.5697,614.0,32.3564,0.5787,0.7331,1304,1656,586,927,175.6321
12,142.9942,1,521.1839,641.7012,8704.0,1227.0,145.4736,0.8208,2.478,573.0,32.7582,0.4714,0.6407,248,600,586,927,175.6321
12,142.9942,2,783.5032,661.8677,14729.0,409.0,193.0265,0.6293,2.2983,575.0,42.3745,0.4757,0.6447,600,948,586,927,175.6321
12,142.9942,3,1030.2455,694.732,13698.0,536.0,199.0996,0.9713,2.6754,569.0,36.9045,0.4717,0.641,948,1304,586,927,175.6321
12,142.9942,4,1549.774,703.1091,15064.0,0.0,156.3332,0.9523,1.5669,614.0,32.8709,0.5547,0.7136,1304,1656,586,927,175.6321
12,143.3948,1,524.1263,634.6475,7039.0,1200.0,124.818,0.9468,1.999,560.0,30.7917,0.5067,0.6726,248,600,586,927,175.6321
12,143.3948,2,805.4746,655.0971,16105.0,598.0,197.9431,0.548,2.0476,565.0,41.6964,0.4527,0.6232,600,948,586,927,175.6321
12,143.3948,3,1030.762,696.2579,13801.0,109.0,186.5537,0.8927,2.1235,581.0,32.2544,0.5571,0.7156,948,1304,586,927,175.6321
12,143.3948,4,1543.0952,701.3849,14732.0,0.0,167.667,0.7658,1.7428,609.0,38.4903,0.512,0.6773,1304,1656,586,927,175.6321
12,143.7953,1,520.9485,609.1865,7083.0,1896.0,125.5463,0.9953,1.7327,549.0,28.4646,0.5249,0.6884,248,600,586,927,175.6321
12,143.7953,2,824.8938,672.7253,16438.0,81.0,205.8273,0.626,2.2844,583.0,41.8203,0.4358,0.6071,600,948,586,927,175.6321
12,143.7953,3,1037.8988,683.9338,12364.0,7.0,185.1093,0.8806,2.4363,586.0,33.5682,0.5414,0.7025,948,1304,586,927,175.6321
12,143.7953,4,1529.7848,696.8376,14589.0,0.0,172.8866,0.8105,1.8186,599.0,33.3752,0.5987,0.749,1304,1656,586,927,175.6321
12,144.1959,1,499.2397,610.8856,9505.0,2439.0,149.3265,0.7563,1.9095,549.0,40.1253,0.4557,0.6261,248,600,586,927,175.6321
12,144.1959,2,836.7883,676.7273,16133.0,748.0,213.2704,0.7704,2.2989,561.0,38.2351,0.5589,0.7171,600,948,586,927,175.6321
12,144.1959,3,1037.8082,665.3051,10288.0,0.0,152.6156,0.9179,1.9517,595.0,29.6341,0.6232,0.7679,948,1304,586,927,175.6321
12,144.1959,4,1522.3985,686.7724,13726.0,0.0,167.7268,0.7621,1.8662,597.0,28.2112,0.6727,0.8043,1304,1656,586,927,175.6321
12,144.5964,1,469.3876,616.0023,10986.0,2533.0,163.0902,0.6496,2.0242,553.0,48.4241,0.3984,0.5698,248,600,586,927,175.6321
12,144.5964,2,840.6941,684.3701,14543.0,128.0,203.9755,0.7571,2.5179,580.0,28.0337,0.6157,0.7622,600,948,586,927,175.6321
12,144.5964,3,1039.6761,652.0966,9670.0,46.0,137.1784,0.7123,1.6215,583.0,45.7239,0.4575,0.6278,948,1304,586,927,175.6321
12,144.5964,4,1526.3142,686.4118,14819.0,0.0,167.2995,0.7418,1.7333,594.0,21.4371,0.7034,0.8259,1304,1656,586,927,175.6321
12,144.9969,1,439.4066,614.006,12915.0,3709.0,193.7684,0.5675,2.4143,546.0,47.2307,0.4499,0.6206,248,600,586,927,175.6321
12,144.9969,2,842.9237,666.5569,11567.0,636.0,190.8421,0.7521,2.8671,572.0,34.2508,0.5383,0.6999,600,948,586,927,175.6321
12,144.9969,3,1055.2312,644.742,12585.0,0.0,190.3856,0.3288,2.4429,586.0,39.0123,0.4449,0.6159,948,1304,586,927,175.6321
12,144.9969,4,1538.5122,686.3286,14256.0,0.0,173.0912,0.889,1.8197,588.0,35.5036,0.5178,0.6823,1304,1656,586,927,175.6321
12,145.3975,1,412.6341,618.1888,12849.0,3092.0,191.9756,0.5558,2.4173,550.0,51.4458,0.4265,0.598,248,600,586,927,175.6321
12,145.3975,2,859.2991,652.1196,9271.0,437.0,129.8326,0.7625,1.8244,572.0,33.2941,0.4845,0.6527,600,948,586,927,175.6321
12,145.3975,3,1086.9168,649.0435,12304.0,119.0,163.999,0.5926,1.8144,581.0,47.7082,0.4239,0.5954,948,1304,586,927,175.6321
12,145.3975,4,1551.359,700.2763,14677.0,165.0,176.4825,0.9579,1.8593,577.0,36.714,0.5048,0.6709,1304,1656,586,927,175.6321
12,145.798,1,390.4233,618.6566,12379.0,2910.0,181.7844,0.5469,2.3815,550.0,44.2953,0.5246,0.6882,248,600,586,927,175.6321
12,145.798,2,880.0172,649.5611,8464.0,380.0,119.2595,0.9415,1.5587,573.0,36.5842,0.3904,0.5616,600,948,586,927,175.6321
12,145.798,3,1112.4575,665.5773,13754.0,0.0,186.2726,0.4995,2.1853,591.0,45.677,0.4073,0.5789,948,1304,586,927,175.6321
12,145.798,4,1556.1261,713.7542,13435.0,0.0,165.5857,0.9774,1.9517,614.0,34.5837,0.5454,0.7058,1304,1656,586,927,175.6321
12,146.1986,1,375.0964,621.8253,11965.0,2444.0,166.6777,0.601,1.9898,552.0,38.829,0.5567,0.7152,248,600,586,927,175.6321
12,146.1986,2,847.8407,628.1466,8335.0,386.0,130.3437,0.6065,1.6139,574.0,43.6982,0.3389,0.5062,600,948,586,927,175.6321
12,146.1986,3,1133.3256,670.8768,14656.0,54.0,189.403,0.6658,2.0827,583.0,40.2811,0.5121,0.6773,948,1304,586,927,175.6321
12,146.1986,4,1537.9094,700.8538,13792.0,0.0,167.6025,0.7357,1.8958,615.0,43.2276,0.4256,0.5971,1304,1656,586,927,175.6321
12,146.5991,1,366.8496,625.4786,11585.0,2035.0,161.2005,0.5886,1.9975,555.0,33.1075,0.622,0.767,248,600,586,927,175.6321
12,146.5991,2,808.789,636.2861,11065.0,612.0,147.882,0.6264,1.7115,573.0,54.4852,0.2909,0.4507,600,948,586,927,175.6321
12,146.5991,3,1147.9412,678.8244,16645.0,111.0,194.3483,0.7476,1.8103,582.0,37.5747,0.5529,0.7121,948,1304,586,927,175.6321
12,146.5991,4,1529.3935,682.3757,13382.0,0.0,158.5273,0.673,1.6064,596.0,36.6801,0.5753,0.7304,1304,1656,586,927,175.6321
12,146.9997,1,363.0251,627.1416,11142.0,2217.0,145.8261,0.5952,1.801,553.0,30.1718,0.6193,0.7649,248,600,586,927,175.6321
12,146.9997,2,771.0035,633.1146,11767.0,1238.0,178.1232,0.5734,2.3766,560.0,50.8386,0.3571,0.5263,600,948,586,927,175.6321
12,146.9997,3,1165.0258,690.6738,17078.0,152.0,194.2893,0.8223,1.9345,596.0,43.0694,0.4817,0.6502,948,1304,586,927,175.6321
12,146.9997,4,1529.1234,680.6888,13716.0,0.0,140.6671,0.6403,1.2662,592.0,26.6617,0.6686,0.8014,1304,1656,586,927,175.6321
12,147.4002,1,354.503,629.0718,11468.0,1970.0,164.1473,0.7465,2.078,549.0,34.0729,0.593,0.7445,248,600,586,927,175.6321
12,147.4002,2,739.6256,641.6197,11826.0,837.0,145.1948,0.7163,1.6332,570.0,50.7927,0.317,0.4814,600,948,586,927,175.6321
12,147.4002,3,1175.9984,704.405,18572.0,32.0,217.8595,0.7896,2.1294,602.0,34.7406,0.542,0.703,948,1304,586,927,175.6321
12,147.4002,4,1538.2872,689.5495,16228.0,0.0,150.4028,0.8838,1.1963,592.0,33.3245,0.5817,0.7356,1304,1656,586,927,175.6321
12,147.8007,1,353.1995,640.7593,12475.0,1917.0,186.7573,0.8037,2.3565,542.0,33.0621,0.6087,0.7568,248,600,586,927,175.6321
12,147.8007,2,706.7839,662.3064,12779.0,919.0,170.8639,0.9278,2.0024,560.0,48.6157,0.2708,0.4262,600,948,586,927,175.6321
12,147.8007,3,1182.4275,705.1861,16526.0,0.0,221.3997,0.6855,2.5058,602.0,28.4025,0.6394,0.78,948,1304,586,927,175.6321
12,147.8007,4,1527.1992,693.4153,18229.0,0.0,162.9234,0.9676,1.2446,603.0,30.0818,0.6151,0.7617,1304,1656,586,927,175.6321
12,148.2013,1,353.709,651.8874,12596.0,1310.0,167.9712,0.7654,2.076,574.0,28.4964,0.6245,0.7689,248,600,586,927,175.6321
12,148.2013,2,693.2552,666.9598,12942.0,1182.0,186.9204,0.9829,2.3649,561.0,35.8866,0.4355,0.6067,600,948,586,927,175.6321
12,148.2013,3,1201.2021,685.6862,16163.0,449.0,181.1843,0.8458,2.148,572.0,41.1698,0.4269,0.5984,948,1304,586,927,175.6321
12,148.2013,4,1521.4752,707.4654,19324.0,0.0,177.7172,0.9607,1.4401,605.0,27.0911,0.6544,0.7911,1304,1656,586,927,175.6321
12,148.6018,1,356.9395,631.5474,10949.0,1997.0,132.1309,0.9075,1.3755,554.0,45.1542,0.4264,0.5978,248,600,586,927,175.6321
12,148.6018,2,701.9362,671.0811,14839.0,1084.0,180.8098,0.9713,1.897,572.0,30.6138,0.5536,0.7126,600,948,586,927,175.6321
12,148.6018,3,1216.9759,678.1469,11083.0,76.0,167.4641,0.8232,2.2496,599.0,35.7568,0.5231,0.6869,948,1304,586,927,175.6321
12,148.6018,4,1513.2052,715.617,19290.0,0.0,193.4704,0.9048,1.7978,610.0,30.8055,0.5909,0.7428,1304,1656,586,927,175.6321
12,149.0024,1,368.0631,623.5178,10657.0,1963.0,145.2654,0.704,1.6015,554.0,34.2892,0.5867,0.7395,248,600,586,927,175.6321
12,149.0024,2,718.8125,672.1301,12395.0,577.0,161.8954,0.9196,1.8906,573.0,35.4404,0.4472,0.618,600,948,586,927,175.6321
12,149.0024,3,1216.8177,699.5994,12323.0,0.0,172.3564,0.9191,2.2687,601.0,27.0813,0.5995,0.7496,948,1304,586,927,175.6321
12,149.0024,4,1510.3871,707.4734,19583.0,0.0,207.0205,0.7998,1.8048,589.0,30.0465,0.6242,0.7686,1304,1656,586,927,175.6321
12,149.4029,1,371.2968,634.1634,11637.0,1376.0,147.4112,0.6888,1.6346,569.0,25.6538,0.6779,0.808,248,600,586,927,175.6321
12,149.4029,2,736.8937,648.8921,12006.0,572.0,186.1088,0.7549,2.0903,575.0,40.5858,0.4863,0.6544,600,948,586,927,175.6321
12,149.4029,3,1216.5881,700.1244,14738.0,139.0,204.5902,0.9766,2.3049,581.0,22.3534,0.7214,0.8382,948,1304,586,927,175.6321
12,149.4029,4,1506.5981,699.9454,16985.0,0.0,179.4747,0.7905,1.6216,591.0,34.0845,0.5538,0.7128,1304,1656,586,927,175.6321
12,149.8035,1,381.7762,634.9847,14498.0,2439.0,182.5454,0.7064,1.9113,541.0,40.9318,0.4396,0.6108,248,600,586,927,175.6321
12,149.8035,2,766.1536,641.9762,11996.0,658.0,177.0681,0.6033,2.2445,570.0,48.8774,0.4551,0.6255,600,948,586,927,175.6321
12,149.8035,3,1210.823,686.547,12380.0,0.0,190.9823,0.7715,2.3682,603.0,43.3486,0.4431,0.6141,948,1304,586,927,175.6321
12,149.8035,4,1507.639,695.5524,16923.0,13.0,158.299,0.9998,1.2443,586.0,27.3552,0.5924,0.744,1304,1656,586,927,175.6321
12,150.204,1,421.4852,649.5113,16266.0,1360.0,224.8744,0.6074,2.5445,561.0,60.229,0.2394,0.3863,248,600,586,927,175.6321
12,150.204,2,794.2456,644.5255,10630.0,391.0,145.6368,0.6078,1.808,571.0,52.7937,0.3845,0.5555,600,948,586,927,175.6321
12,150.204,3,1208.9453,672.7555,12372.0,77.0,152.4535,0.8959,1.7463,597.0,43.6495,0.5039,0.6702,948,1304,586,927,175.6321
12,150.204,4,1505.6037,694.1044,18020.0,85.0,183.5532,0.7874,1.5852,582.0,32.6008,0.5751,0.7302,1304,1656,586,927,175.6321
12,150.6046,1,454.0553,658.9044,15836.0,1298.0,199.2143,0.65,2.2506,562.0,45.3697,0.3734,0.5438,248,600,586,927,175.6321
12,150.6046,2,833.4446,636.5447,9459.0,200.0,141.1925,0.5281,1.7723,577.0,55.2935,0.37,0.5402,600,948,586,927,175.6321
12,150.6046,3,1205.621,664.117,11153.0,25.0,123.176,0.955,1.2108,592.0,35.7094,0.5733,0.7288,948,1304,586,927,175.6321
12,150.6046,4,1509.7266,697.2013,18030.0,242.0,183.0916,0.9157,1.6307,574.0,26.6319,0.6488,0.787,1304,1656,586,927,175.6321
12,151.0051,1,482.5599,625.0561,13148.0,2572.0,176.7634,0.4524,2.1591,553.0,42.1255,0.4242,0.5957,248,600,586,927,175.6321
12,151.0051,2,850.9901,646.2112,10623.0,651.0,120.2834,0.674,1.2777,574.0,51.3264,0.3835,0.5544,600,948,586,927,175.6321
12,151.0051,3,1198.3655,666.9644,12836.0,7.0,148.8927,0.7173,1.4641,592.0,37.6754,0.5186,0.683,948,1304,586,927,175.6321
12,151.0051,4,1507.6245,706.5222,21872.0,297.0,206.4673,0.9133,1.6091,572.0,38.5295,0.4644,0.6343,1304,1656,586,927,175.6321
12,151.4056,1,493.6894,634.4132,13866.0,2769.0,180.9233,0.8491,2.0899,534.0,41.288,0.4026,0.5741,248,600,586,927,175.6321
12,151.4056,2,840.8633,638.9984,12469.0,526.0,176.919,0.5063,2.0855,572.0,43.6809,0.3442,0.5121,600,948,586,927,175.6321
12,151.4056,3,1180.2073,678.1391,14461.0,259.0,162.5006,1.0,1.5879,575.0,46.6628,0.4864,0.6544,948,1304,586,927,175.6321
12,151.4056,4,1494.3606,693.4341,19407.0,615.0,189.2125,0.9925,1.572,561.0,37.6524,0.5006,0.6672,1304,1656,586,927,175.6321
12,151.8062,1,489.5525,649.3745,11275.0,996.0,155.1918,0.6898,2.0967,565.0,31.6513,0.5159,0.6806,248,600,586,927,175.6321
12,151.8062,2,805.21,638.0772,14176.0,535.0,184.18,0.4902,1.9868,575.0,45.1975,0.4525,0.6231,600,948,586,927,175.6321
12,151.8062,3,1168.0306,698.7501,15224.0,0.0,177.6745,0.9919,1.8378,599.0,36.0991,0.5946,0.7458,948,1304,586,927,175.6321
12,151.8062,4,1469.0171,703.3033,16153.0,0.0,178.0598,0.9813,1.6898,592.0,40.4598,0.4473,0.6181,1304,1656,586,927,175.6321
12,152.2067,1,516.128,612.5464,7763.0,1653.0,138.4203,0.7403,1.9762,558.0,29.646,0.5394,0.7008,248,600,586,927,175.6321
12,152.2067,2,774.0981,638.8497,14743.0,957.0,196.2028,0.4985,2.2874,565.0,38.6956,0.4833,0.6517,600,948,586,927,175.6321
12,152.2067,3,1161.8471,701.0359,15759.0,8.0,199.7988,0.9949,2.1514,586.0,30.8826,0.6623,0.7968,948,1304,586,927,175.6321
12,152.2067,4,1456.2249,721.0746,18037.0,0.0,188.4323,0.9958,1.6955,601.0,36.8183,0.5407,0.7019,1304,1656,586,927,175.6321
12,152.6073,1,507.2447,649.1049,9011.0,1421.0,178.5981,0.879,3.1396,549.0,42.0879,0.3401,0.5076,248,600,586,927,175.6321
12,152.6073,2,763.5938,648.6199,14075.0,763.0,189.5325,0.567,2.3569,567.0,35.3978,0.5261,0.6895,600,948,586,927,175.6321
12,152.6073,3,1153.8689,698.7961,15688.0,71.0,179.5654,0.9959,1.8088,582.0,28.5816,0.6808,0.8101,948,1304,586,927,175.6321
12,152.6073,4,1440.8279,708.8442,16280.0,0.0,172.4204,0.959,1.6621,595.0,38.7987,0.4942,0.6615,1304,1656,586,927,175.6321
12,153.0078,1,528.9185,630.1701,7730.0,1379.0,152.9512,0.9948,2.4419,552.0,35.8565,0.3506,0.5192,248,600,586,927,175.6321
12,153.0078,2,746.0471,660.702,12354.0,419.0,158.567,0.7696,1.7911,573.0,39.0912,0.4434,0.6144,600,948,586,927,175.6321
12,153.0078,3,1157.1347,674.9212,14861.0,254.0,161.786,0.9939,1.5419,578.0,30.0412,0.6262,0.7701,948,1304,586,927,175.6321
12,153.0078,4,1430.1227,694.8212,17261.0,345.0,182.2706,0.9526,1.7611,571.0,33.2405,0.5783,0.7328,1304,1656,586,927,175.6321
12,153.4084,1,502.8334,622.2126,11227.0,2490.0,156.174,0.9769,1.7935,534.0,43.0389,0.383,0.5539,248,600,586,927,175.6321
12,153.4084,2,712.4457,662.2365,11930.0,509.0,133.8413,0.9078,1.429,575.0,35.5929,0.3858,0.5567,600,948,586,927,175.6321
12,153.4084,3,1160.9115,693.6509,17254.0,15.0,191.0841,0.9188,1.9156,585.0,38.3008,0.5472,0.7073,948,1304,586,927,175.6321
12,153.4084,4,1434.6892,698.6451,16408.0,0.0,209.8249,0.6712,2.3729,598.0,34.6777,0.4862,0.6543,1304,1656,586,927,175.6321
12,153.8089,1,475.8737,632.5495,9912.0,1454.0,163.8722,0.8244,2.2616,554.0,44.7124,0.3467,0.5149,248,600,586,927,175.6321
12,153.8089,2,707.7014,661.4189,14063.0,588.0,184.2307,0.593,2.1422,574.0,41.9062,0.364,0.5338,600,948,586,927,175.6321
12,153.8089,3,1137.4418,691.7866,16503.0,0.0,223.4519,0.7469,2.6378,588.0,39.2524,0.4883,0.6562,948,1304,586,927,175.6321
12,153.8089,4,1462.9691,669.1204,13479.0,124.0,178.3589,0.7565,1.9381,580.0,38.1092,0.4616,0.6316,1304,1656,586,927,175.6321
12,154.2095,1,436.1334,611.8743,11256.0,2758.0,164.2906,0.6267,1.979,549.0,48.1746,0.398,0.5693,248,600,586,927,175.6321
12,154.2095,2,726.0712,643.8494,12577.0,420.0,182.0847,0.6456,2.1055,576.0,37.3275,0.5137,0.6788,600,948,586,927,175.6321
12,154.2095,3,1104.2336,662.5444,13770.0,162.0,184.0912,0.6466,2.2327,580.0,43.5019,0.4384,0.6096,948,1304,586,927,175.6321
12,154.2095,4,1481.3244,679.0567,14401.0,0.0,196.3109,0.5033,2.3656,601.0,39.9677,0.4519,0.6225,1304,1656,586,927,175.6321
12,154.61,1,400.9492,613.7473,11879.0,3384.0,170.1415,0.568,2.0961,547.0,49.266,0.3877,0.5587,248,600,586,927,175.6321
12,154.61,2,735.204,659.1088,12498.0,700.0,154.4925,0.945,1.6809,562.0,41.2016,0.4709,0.6403,600,948,586,927,175.6321
12,154.61,3,1066.5093,649.0001,12159.0,779.0,149.9121,0.8304,1.7002,567.0,42.3248,0.3511,0.5197,948,1304,586,927,175.6321
12,154.61,4,1510.817,687.4011,14943.0,0.0,186.3935,0.6826,1.8421,595.0,43.2916,0.403,0.5745,1304,1656,586,927,175.6321
12,155.0105,1,383.7495,625.6614,12312.0,2630.0,170.081,0.6566,2.0676,552.0,45.3378,0.4508,0.6215,248,600,586,927,175.6321
12,155.0105,2,737.9692,666.2956,13246.0,491.0,156.046,0.9716,1.6175,568.0,38.3279,0.5608,0.7186,600,948,586,927,175.6321
12,155.0105,3,1035.0404,673.4336,11098.0,50.0,139.7905,0.9965,1.689,583.0,39.7809,0.3086,0.4717,948,1304,586,927,175.6321
12,155.0105,4,1536.9302,687.1517,13733.0,9.0,138.8071,0.7873,1.4108,608.0,43.9764,0.3905,0.5617,1304,1656,586,927,175.6321
12,155.4111,1,369.3102,626.7496,12645.0,3085.0,163.5613,0.8433,1.9305,542.0,39.3332,0.5058,0.6718,248,600,586,927,175.6321
12,155.4111,2,730.6672,660.4204,12808.0,920.0,151.7059,0.9971,1.5749,556.0,30.7958,0.626,0.77,600,948,586,927,175.6321
12,155.4111,3,1025.4788,672.9117,10680.0,15.0,157.5519,0.9858,1.9411,590.0,27.0627,0.5917,0.7435,948,1304,586,927,175.6321
12,155.4111,4,1548.4035,699.8485,14354.0,0.0,146.1232,0.9934,1.4169,608.0,37.6857,0.5163,0.681,1304,1656,586,927,175.6321
12,155.8116,1,361.4732,642.3242,12503.0,1718.0,175.0115,0.8047,2.1741,551.0,38.7447,0.5225,0.6863,248,600,586,927,175.6321
12,155.8116,2,721.1079,648.6587,12035.0,802.0,139.2674,0.92,1.3731,560.0,38.8972,0.5675,0.7241,600,948,586,927,175.6321
12,155.8116,3,1040.7215,656.135,11098.0,0.0,172.628,0.7472,2.1018,588.0,34.6888,0.5466,0.7069,948,1304,586,927,175.6321
12,155.8116,4,1549.0871,696.9332,15422.0,0.0,158.9079,0.9904,1.471,609.0,29.7954,0.6245,0.7689,1304,1656,586,927,175.6321
12,156.2122,1,361.5006,636.8978,12337.0,2093.0,157.1615,0.8848,1.8061,552.0,30.0342,0.6745,0.8056,248,600,586,927,175.6321
12,156.2122,2,715.686,650.2155,15581.0,1010.0,185.137,0.6541,1.9233,555.0,33.4557,0.5393,0.7007,600,948,586,927,175.6321
12,156.2122,3,1068.2838,644.7793,12311.0,10.0,185.6685,0.4925,2.287,585.0,40.7676,0.5217,0.6857,948,1304,586,927,175.6321
12,156.2122,4,1539.1566,698.4467,14801.0,0.0,156.5141,0.9462,1.4874,607.0,29.6065,0.6373,0.7785,1304,1656,586,927,175.6321
12,156.6127,1,363.3689,618.2527,9480.0,2199.0,132.9039,0.9157,1.599,549.0,33.7725,0.5828,0.7364,248,600,586,927,175.6321
12,156.6127,2,727.2357,652.0522,16766.0,407.0,221.4819,0.4377,2.5221,575.0,33.8564,0.5398,0.7011,600,948,586,927,175.6321
12,156.6127,3,1091.9583,648.9407,11754.0,0.0,166.4968,0.4629,1.9526,590.0,41.1283,0.5179,0.6824,948,1304,586,927,175.6321
12,156.6127,4,1530.0796,693.3823,14722.0,0.0,146.2409,0.9755,1.3241,605.0,25.0804,0.6488,0.787,1304,1656,586,927,175.6321
12,157.0133,1,362.6575,613.0909,8458.0,2219.0,123.9062,0.9659,1.5125,548.0,29.3081,0.6418,0.7818,248,600,586,927,175.6321
12,157.0133,2,747.4642,646.7594,16176.0,1202.0,240.1646,0.4726,3.307,559.0,34.9183,0.5389,0.7004,600,948,586,927,175.6321
12,157.0133,3,1108.7487,664.351,11586.0,0.0,147.5606,0.7368,1.6397,591.0,43.5355,0.4617,0.6317,948,1304,586,927,175.6321
12,157.0133,4,1533.1336,692.7294,14957.0,0.0,157.8994,0.9454,1.4279,590.0,30.1069,0.5664,0.7232,1304,1656,586,927,175.6321
12,157.4138,1,372.9787,614.1007,8512.0,1943.0,126.9709,0.9047,1.503,551.0,30.717,0.6721,0.8039,248,600,586,927,175.6321
12,157.4138,2,800.1561,642.2939,16580.0,293.0,227.292,0.3198,2.6451,579.0,48.2243,0.3511,0.5197,600,948,586,927,175.6321
12,157.4138,3,1120.2579,671.3205,11348.0,0.0,140.5806,0.978,1.4983,587.0,37.4971,0.5314,0.694,948,1304,586,927,175.6321
12,157.4138,4,1537.2182,697.7415,14184.0,0.0,154.2743,0.808,1.577,615.0,29.3279,0.6543,0.7911,1304,1656,586,927,175.6321
12,157.8143,1,383.981,613.1475,10088.0,2499.0,147.5494,0.7586,1.754,550.0,34.4396,0.661,0.7959,248,600,586,927,175.6321
12,157.8143,2,825.2838,643.2551,13907.0,278.0,181.6713,0.3387,2.1036,576.0,37.7407,0.5464,0.7067,600,948,586,927,175.6321
12,157.8143,3,1129.1116,671.0691,14131.0,118.0,166.0263,0.8068,1.6491,580.0,42.2061,0.5024,0.6688,948,1304,586,927,175.6321
12,157.8143,4,1538.1781,698.0385,14621.0,0.0,158.3331,0.8417,1.6489,612.0,21.7124,0.7178,0.8357,1304,1656,586,927,175.6321
12,158.2149,1,395.7427,626.6639,11954.0,2297.0,161.1358,0.7833,1.7767,553.0,36.8217,0.5803,0.7344,248,600,586,927,175.6321
12,158.2149,2,842.0655,654.4761,12090.0,630.0,127.3852,0.7927,1.3735,568.0,38.6433,0.3857,0.5567,600,948,586,927,175.6321
12,158.2149,3,1114.8761,678.6701,14671.0,0.0,183.0228,0.78,1.9977,590.0,35.6374,0.5643,0.7215,948,1304,586,927,175.6321
12,158.2149,4,1538.5222,696.3905,14352.0,0.0,158.5646,0.9069,1.6573,608.0,23.4503,0.7045,0.8266,1304,1656,586,927,175.6321
12,158.6154,1,408.1267,624.6124,12113.0,2254.0,175.4099,0.6731,2.2447,552.0,36.6426,0.6073,0.7556,248,600,586,927,175.6321
12,158.6154,2,859.4172,659.4515,9077.0,416.0,121.1303,0.9976,1.489,574.0,29.3927,0.428,0.5994,600,948,586,927,175.6321
12,158.6154,3,1117.8165,686.865,15768.0,60.0,184.542,0.767,1.9866,583.0,30.7562,0.5556,0.7143,948,1304,586,927,175.6321
12,158.6154,4,1541.1806,697.7932,14877.0,0.0,152.2725,0.9488,1.4391,608.0,20.1902,0.7397,0.8504,1304,1656,586,927,175.6321
12,159.016,1,417.8327,628.4425,12335.0,2378.0,169.9346,0.7074,2.0616,554.0,29.8499,0.6232,0.7678,248,600,586,927,175.6321
12,159.016,2,855.2455,648.8756,8531.0,231.0,127.0621,0.771,1.7424,576.0,29.2552,0.4818,0.6503,600,948,586,927,175.6321
12,159.016,3,1103.018,689.1524,14073.0,106.0,169.4788,0.9329,1.991,581.0,34.6089,0.4699,0.6393,948,1304,586,927,175.6321
12,159.016,4,1538.3761,689.1783,14535.0,0.0,151.5849,0.9031,1.4489,604.0,22.5821,0.7156,0.8342,1304,1656,586,927,175.6321
12,159.4165,1,428.0256,629.0534,12678.0,2438.0,186.9793,0.6164,2.5061,552.0,29.8221,0.6544,0.7911,248,600,586,927,175.6321
12,159.4165,2,854.3003,648.554,9469.0,644.0,139.4506,0.8937,1.8598,565.0,27.9249,0.6046,0.7536,600,948,586,927,175.6321
12,159.4165,3,1083.2734,682.9077,12712.0,0.0,135.758,0.9699,1.406,588.0,31.4295,0.499,0.6658,948,1304,586,927,175.6321
12,159.4165,4,1544.1942,698.1231,14176.0,0.0,145.6216,0.8228,1.4956,613.0,29.4509,0.614,0.7608,1304,1656,586,927,175.6321
12,159.8171,1,441.769,631.3152,12600.0,2230.0,175.9495,0.7648,2.1724,544.0,38.3237,0.5331,0.6955,248,600,586,927,175.6321
12,159.8171,2,854.3673,656.135,9235.0,367.0,131.8811,0.9954,1.6409,572.0,24.6686,0.6254,0.7696,600,948,586,927,175.6321
12,159.8171,3,1071.4324,670.9854,13607.0,671.0,159.8494,0.9997,1.7221,566.0,27.4761,0.5669,0.7236,948,1304,586,927,175.6321
12,159.8171,4,1540.1665,702.8372,13479.0,0.0,162.3826,0.7842,1.841,602.0,29.3092,0.5603,0.7182,1304,1656,586,927,175.6321
12,160.2176,1,441.0019,649.3811,12261.0,1516.0,150.6306,0.9706,1.6844,554.0,39.6603,0.4666,0.6363,248,600,586,927,175.6321
12,160.2176,2,849.4628,657.258,10095.0,331.0,127.7961,0.9049,1.465,575.0,33.1492,0.4818,0.6503,600,948,586,927,175.6321
12,160.2176,3,1071.7029,690.4534,13233.0,0.0,166.074,0.9253,2.0687,590.0,31.3902,0.49,0.6577,948,1304,586,927,175.6321
12,160.2176,4,1536.7913,703.2656,13553.0,0.0,159.6384,0.8364,1.7867,599.0,28.8281,0.5681,0.7245,1304,1656,586,927,175.6321
12,160.6182,1,446.71,645.1176,12642.0,2131.0,169.7504,0.9347,2.0326,551.0,38.0639,0.4927,0.6602,248,600,586,927,175.6321
12,160.6182,2,834.1484,654.8434,11063.0,538.0,157.6339,0.8101,1.9654,570.0,39.3339,0.4888,0.6567,600,948,586,927,175.6321
12,160.6182,3,1066.255,667.0312,13033.0,245.0,201.6021,0.7669,2.5172,577.0,36.3837,0.5683,0.7247,948,1304,586,927,175.6321
12,160.6182,4,1537.2524,682.8678,13519.0,0.0,159.2813,0.9241,1.7329,591.0,29.2869,0.58,0.7342,1304,1656,586,927,175.6321
12,161.0187,1,432.708,632.5321,12943.0,2596.0,174.7253,0.7422,2.1027,549.0,36.7139,0.5335,0.6958,248,600,586,927,175.6321
12,161.0187,2,818.8828,656.3429,11023.0,383.0,163.5594,0.8487,1.9816,573.0,39.644,0.5368,0.6986,600,948,586,927,175.6321
12,161.0187,3,1058.0528,683.7107,13209.0,0.0,190.3192,0.778,2.3919,588.0,44.2204,0.474,0.6432,948,1304,586,927,175.6321
12,161.0187,4,1542.4335,690.608,13744.0,0.0,152.1661,0.8691,1.5382,589.0,30.5782,0.6244,0.7688,1304,1656,586,927,175.6321
12,161.4192,1,407.6691,626.5674,12797.0,2588.0,177.1773,0.6285,2.1526,552.0,42.8726,0.4701,0.6395,248,600,586,927,175.6321
12,161.4192,2,807.8415,671.1459,12189.0,242.0,180.0277,0.9114,2.2054,576.0,36.9964,0.546,0.7064,600,948,586,927,175.6321
12,161.4192,3,1038.2862,675.0057,12072.0,112.0,172.8984,0.8746,2.1613,580.0,34.6797,0.5355,0.6975,948,1304,586,927,175.6321
12,161.4192,4,1545.1164,701.6443,14675.0,0.0,143.5621,0.8606,1.3346,611.0,24.5616,0.6644,0.7983,1304,1656,586,927,175.6321
12,161.8198,1,390.2647,631.3567,12891.0,2723.0,168.4636,0.8207,1.9376,545.0,38.8751,0.4998,0.6665,248,600,586,927,175.6321
12,161.8198,2,790.1715,671.6937,13687.0,857.0,191.5011,0.95,2.2993,565.0,35.3058,0.5389,0.7003,600,948,586,927,175.6321
12,161.8198,3,1029.0193,662.8392,9820.0,66.0,132.7256,0.9574,1.6665,587.0,36.4417,0.5078,0.6736,948,1304,586,927,175.6321
12,161.8198,4,1536.8197,701.4833,15762.0,0.0,177.5602,0.9711,1.7429,597.0,33.9531,0.5502,0.7099,1304,1656,586,927,175.6321
12,162.2203,1,378.9387,635.4023,12648.0,1989.0,171.5184,0.7033,2.0574,557.0,34.6489,0.5753,0.7304,248,600,586,927,175.6321
12,162.2203,2,781.6938,670.3122,11984.0,451.0,188.9455,0.9254,2.4652,569.0,35.4912,0.5416,0.7027,600,948,586,927,175.6321
12,162.2203,3,1032.7836,641.8785,10380.0,54.0,155.3424,0.5779,1.8925,583.0,43.7397,0.4446,0.6155,948,1304,586,927,175.6321
12,162.2203,4,1530.546,696.8659,14208.0,0.0,168.143,0.8993,1.735,598.0,23.7549,0.6892,0.816,1304,1656,586,927,175.6321
12,162.6209,1,371.3737,636.3139,12561.0,2632.0,174.8362,0.7703,2.2015,548.0,32.3248,0.6189,0.7646,248,600,586,927,175.6321
12,162.6209,2,764.8419,678.6568,12490.0,238.0,173.9798,0.9243,2.1558,576.0,53.8577,0.3332,0.4999,600,948,586,927,175.6321
12,162.6209,3,1054.572,649.3912,11418.0,53.0,155.9942,0.623,1.7645,583.0,45.5654,0.4777,0.6466,948,1304,586,927,175.6321
12,162.6209,4,1529.9999,689.6707,14335.0,0.0,165.5262,0.8501,1.586,595.0,17.6636,0.7844,0.8792,1304,1656,586,927,175.6321
12,163.0214,1,364.7982,637.9885,12271.0,2298.0,171.2408,0.7862,2.202,552.0,26.9646,0.705,0.827,248,600,586,927,175.6321
12,163.0214,2,755.957,670.3634,13525.0,562.0,193.5851,0.8706,2.4043,576.0,36.0373,0.5501,0.7097,600,948,586,927,175.6321
12,163.0214,3,1081.2928,667.4682,12498.0,0.0,141.7121,0.9687,1.3827,588.0,50.3061,0.4041,0.5756,948,1304,586,927,175.6321
12,163.0214,4,1535.3805,690.6912,13593.0,0.0,175.1752,0.8822,1.9704,587.0,25.5783,0.6862,0.8139,1304,1656,586,927,175.6321
12,163.422,1,362.149,634.1836,12017.0,2169.0,164.7325,0.7414,2.0336,554.0,25.7577,0.7143,0.8333,248,600,586,927,175.6321
12,163.422,2,755.664,666.8522,13237.0,414.0,212.5433,0.7546,2.896,575.0,35.5672,0.5613,0.719,600,948,586,927,175.6321
12,163.422,3,1107.2118,686.5396,14897.0,46.0,163.9275,0.9998,1.6348,582.0,45.5,0.4492,0.6199,948,1304,586,927,175.6321
12,163.422,4,1552.0011,706.9051,13347.0,0.0,166.0938,0.9209,1.8752,596.0,42.2534,0.4413,0.6124,1304,1656,586,927,175.6321
12,163.8225,1,360.7697,637.2374,11964.0,1765.0,164.104,0.7036,2.0672,558.0,25.2292,0.7102,0.8306,248,600,586,927,175.6321
12,163.8225,2,763.9659,660.779,13359.0,520.0,199.5312,0.6852,2.6497,572.0,30.4228,0.6135,0.7605,600,948,586,927,175.6321
12,163.8225,3,1127.7558,691.1861,14391.0,0.0,161.5606,0.9904,1.6831,589.0,34.2694,0.5173,0.6818,948,1304,586,927,175.6321
12,163.8225,4,1558.1976,715.0055,12648.0,0.0,159.6625,0.9839,1.8088,597.0,31.5811,0.5506,0.7101,1304,1656,586,927,175.6321
12,164.2231,1,362.0212,633.7854,12216.0,2104.0,173.8919,0.7145,2.2023,554.0,24.7603,0.7084,0.8293,248,600,586,927,175.6321
12,164.2231,2,798.8184,646.7137,12740.0,1000.0,178.1482,0.6786,2.2169,562.0,44.8976,0.4196,0.5911,600,948,586,927,175.6321
12,164.2231,3,1130.5409,678.2117,14301.0,78.0,153.1899,0.9462,1.5065,582.0,32.9937,0.5018,0.6683,948,1304,586,927,175.6321
12,164.2231,4,1551.3341,697.3028,13445.0,0.0,156.7383,1.0,1.5954,591.0,32.5665,0.5426,0.7035,1304,1656,586,927,175.6321
12,164.6236,1,371.0403,627.1189,12013.0,2502.0,160.7907,0.7146,1.9801,547.0,32.9646,0.5989,0.7491,248,600,586,927,175.6321
12,164.6236,2,846.2523,633.5474,10381.0,699.0,136.2704,0.5325,1.4862,561.0,59.9965,0.3046,0.4669,600,948,586,927,175.6321
12,164.6236,3,1140.6475,675.5942,15139.0,0.0,174.7559,0.6851,1.7865,588.0,32.3227,0.541,0.7022,948,1304,586,927,175.6321
12,164.6236,4,1551.283,689.419,13314.0,64.0,162.5266,0.9241,1.7421,583.0,29.0455,0.6194,0.765,1304,1656,586,927,175.6321
12,165.0241,1,362.2909,620.595,10287.0,2094.0,134.6322,0.9538,1.4459,549.0,34.3652,0.6107,0.7583,248,600,586,927,175.6321
12,165.0241,2,872.7414,649.9855,12119.0,596.0,131.2,0.9043,1.235,576.0,48.58,0.3976,0.569,600,948,586,927,175.6321
12,165.0241,3,1144.7756,681.1328,15489.0,0.0,186.0231,0.6846,2.0118,591.0,22.463,0.6908,0.8171,948,1304,586,927,175.6321
12,165.0241,4,1555.9067,695.4514,12905.0,0.0,151.1964,0.9185,1.5582,598.0,24.1086,0.6608,0.7958,1304,1656,586,927,175.6321
12,165.4247,1,374.5495,633.3203,10384.0,2117.0,143.5738,0.9932,1.7184,547.0,28.8718,0.6422,0.7822,248,600,586,927,175.6321
12,165.4247,2,870.9956,662.878,15120.0,467.0,161.3634,0.9878,1.4244,573.0,29.5306,0.6345,0.7764,600,948,586,927,175.6321
12,165.4247,3,1145.6098,680.316,15096.0,0.0,187.5098,0.6472,2.1918,593.0,22.1508,0.7306,0.8443,948,1304,586,927,175.6321
12,165.4247,4,1537.1129,702.4973,13747.0,0.0,164.8766,0.9539,1.7555,602.0,35.9024,0.4871,0.6551,1304,1656,586,927,175.6321
12,165.8252,1,378.5685,630.0736,10182.0,1900.0,138.7053,0.9784,1.6564,552.0,34.3751,0.5809,0.7349,248,600,586,927,175.6321
12,165.8252,2,850.3012,681.9954,15222.0,237.0,168.4872,0.9606,1.61,588.0,43.2872,0.4676,0.6373,600,948,586,927,175.6321
12,165.8252,3,1145.5632,673.2428,13244.0,91.0,161.1655,0.7664,1.8729,582.0,31.8893,0.5551,0.7139,948,1304,586,927,175.6321
12,165.8252,4,1532.8287,704.7027,15620.0,0.0,168.5015,0.9362,1.5698,593.0,28.8361,0.6164,0.7627,1304,1656,586,927,175.6321
12,166.2258,1,389.4032,636.1482,11430.0,2140.0,146.1311,0.8843,1.6908,553.0,32.3854,0.6379,0.7789,248,600,586,927,175.6321
12,166.2258,2,847.7566,665.6709,14357.0,726.0,184.239,0.8891,2.0258,567.0,46.9096,0.3942,0.5655,600,948,586,927,175.6321
12,166.2258,3,1162.3551,682.2687,14506.0,87.0,156.6373,0.9774,1.605,582.0,31.0474,0.5126,0.6778,948,1304,586,927,175.6321
12,166.2258,4,1523.5634,689.1817,14410.0,0.0,175.3723,0.8297,1.8807,593.0,35.0159,0.5523,0.7116,1304,1656,586,927,175.6321
12,166.6263,1,401.3424,639.5658,12864.0,2281.0,152.7944,0.9179,1.6723,550.0,32.1578,0.5642,0.7214,248,600,586,927,175.6321
12,166.6263,2,847.4964,657.6186,12944.0,1105.0,182.2077,0.734,2.2592,555.0,38.969,0.4987,0.6655,600,948,586,927,175.6321
12,166.6263,3,1170.3959,690.3798,13500.0,0.0,158.4963,0.9969,1.6293,596.0,30.4974,0.5386,0.7001,948,1304,586,927,175.6321
12,166.6263,4,1519.9436,694.0594,14754.0,0.0,175.0158,0.7367,1.8571,595.0,29.4731,0.589,0.7413,1304,1656,586,927,175.6321
12,167.0269,1,406.7671,639.6423,13351.0,2360.0,170.5328,0.8737,1.7947,552.0,34.6849,0.5759,0.7309,248,600,586,927,175.6321
12,167.0269,2,857.2823,672.6461,11571.0,772.0,168.9568,0.8746,2.3566,568.0,41.7856,0.4193,0.5909,600,948,586,927,175.6321
12,167.0269,3,1171.2117,673.0611,14201.0,203.0,193.262,0.7797,2.2561,579.0,40.9255,0.4674,0.637,948,1304,586,927,175.6321
12,167.0269,4,1531.9212,696.4356,13837.0,0.0,164.6995,0.6762,1.7795,612.0,31.6872,0.5649,0.722,1304,1656,586,927,175.6321
12,167.4274,1,417.7386,632.5682,12395.0,2279.0,170.2637,0.7581,2.0426,555.0,32.7065,0.5954,0.7464,248,600,586,927,175.6321
12,167.4274,2,861.3426,694.6045,12727.0,147.0,166.4424,0.8723,1.9033,587.0,32.1396,0.4914,0.659,600,948,586,927,175.6321
12,167.4274,3,1137.6954,654.1992,13787.0,519.0,213.3919,0.5999,2.8249,574.0,47.0262,0.4312,0.6025,948,1304,586,927,175.6321
12,167.4274,4,1538.3082,693.765,13960.0,0.0,151.1052,0.726,1.553,613.0,25.3091,0.6708,0.803,1304,1656,586,927,175.6321
12,167.828,1,429.9086,628.6394,12541.0,2465.0,179.0395,0.7247,2.2315,551.0,30.098,0.6702,0.8025,248,600,586,927,175.6321
12,167.828,2,850.4688,686.2689,12754.0,514.0,172.7488,0.9268,1.9676,568.0,32.0237,0.5169,0.6815,600,948,586,927,175.6321
12,167.828,3,1086.7181,655.637,13557.0,274.0,178.0879,0.6666,2.0988,578.0,64.4013,0.2299,0.3739,948,1304,586,927,175.6321
12,167.828,4,1545.9328,703.2748,14883.0,0.0,161.3597,0.9172,1.6188,605.0,30.3181,0.6213,0.7664,1304,1656,586,927,175.6321
12,168.2285,1,437.4012,639.2069,12945.0,1937.0,178.0163,0.7523,2.0041,557.0,35.6181,0.585,0.7382,248,600,586,927,175.6321
12,168.2285,2,849.9601,671.9383,11875.0,521.0,193.7195,0.7699,2.8944,571.0,31.2621,0.4928,0.6603,600,948,586,927,175.6321
12,168.2285,3,1043.7559,663.3564,12165.0,168.0,164.5971,0.7708,2.0073,580.0,57.5478,0.2397,0.3867,948,1304,586,927,175.6321
12,168.2285,4,1548.5656,716.6033,16265.0,0.0,179.1603,0.939,1.8373,615.0,33.2907,0.6393,0.78,1304,1656,586,927,175.6321
12,168.629,1,444.9349,639.9948,12851.0,2008.0,180.0465,0.7717,2.2758,554.0,28.6913,0.6532,0.7902,248,600,586,927,175.6321
12,168.629,2,861.5882,660.869,9891.0,572.0,174.4266,0.7142,2.8336,587.0,37.9856,0.4928,0.6602,600,948,586,927,175.6321
12,168.629,3,1028.2644,678.8133,12382.0,208.0,156.0916,0.905,1.8967,579.0,32.6148,0.5064,0.6723,948,1304,586,927,175.6321
12,168.629,4,1541.036,706.382,15735.0,0.0,171.6858,0.8795,1.7105,614.0,31.5603,0.6296,0.7727,1304,1656,586,927,175.6321
12,169.0296,1,448.6459,646.0263,13735.0,1772.0,184.7314,0.7724,2.0497,558.0,24.0402,0.7055,0.8274,248,600,586,927,175.6321
12,169.0296,2,869.965,671.5605,11630.0,133.0,154.9849,0.9029,1.885,590.0,37.7511,0.4476,0.6184,600,948,586,927,175.6321
12,169.0296,3,1033.8526,676.267,13553.0,127.0,174.5183,0.8138,2.0581,581.0,29.0848,0.5742,0.7295,948,1304,586,927,175.6321
12,169.0296,4,1538.2503,700.4686,15987.0,0.0,160.9341,0.9048,1.514,610.0,25.902,0.7175,0.8355,1304,1656,586,927,175.6321
12,169.4301,1,456.6424,636.5903,12970.0,2187.0,184.1221,0.6695,2.2268,556.0,26.7817,0.6581,0.7938,248,600,586,927,175.6321
12,169.4301,2,861.9205,659.7256,11876.0,559.0,149.514,0.9996,1.582,567.0,35.3672,0.5487,0.7086,600,948,586,927,175.6321
12,169.4301,3,1044.7371,678.8156,14053.0,57.0,187.3366,0.7268,2.3003,583.0,26.9799,0.6127,0.7598,948,1304,586,927,175.6321
12,169.4301,4,1540.0389,699.6587,15196.0,0.0,157.2869,0.8838,1.4995,614.0,19.3869,0.7733,0.8721,1304,1656,586,927,175.6321
12,169.8307,1,465.7462,635.9646,12430.0,2045.0,182.0242,0.7032,2.3264,553.0,31.6157,0.6494,0.7874,248,600,586,927,175.6321
12,169.8307,2,858.8508,649.7769,11208.0,395.0,129.8849,0.9903,1.2835,578.0,25.709,0.7111,0.8311,600,948,586,927,175.6321
12,169.8307,3,1053.5571,670.1251,13697.0,84.0,177.5259,0.7119,2.0632,582.0,29.19,0.5912,0.7431,948,1304,586,927,175.6321
12,169.8307,4,1539.2364,703.8659,15615.0,0.0,159.5527,0.9042,1.5175,614.0,12.0353,0.884,0.9384,1304,1656,586,927,175.6321
12,170.2312,1,466.7293,646.3419,12768.0,1811.0,189.1914,0.7581,2.593,550.0,32.8279,0.639,0.7797,248,600,586,927,175.6321
12,170.2312,2,850.8891,655.2922,13015.0,511.0,151.5832,0.9394,1.4782,571.0,30.1915,0.6358,0.7774,600,948,586,927,175.6321
12,170.2312,3,1037.3765,657.7284,13234.0,108.0,146.9586,0.7942,1.3208,580.0,29.1638,0.5775,0.7322,948,1304,586,927,175.6321
12,170.2312,4,1541.7738,702.7463,15514.0,0.0,157.1787,0.9449,1.4282,615.0,16.8864,0.7786,0.8755,1304,1656,586,927,175.6321
12,170.6318,1,475.8931,641.0588,12833.0,2598.0,206.7848,0.8041,2.9594,535.0,30.8254,0.6103,0.758,248,600,586,927,175.6321
12,170.6318,2,839.3498,667.5537,15431.0,530.0,180.6502,0.9015,1.7605,566.0,37.0054,0.5324,0.6949,600,948,586,927,175.6321
12,170.6318,3,1046.7884,664.9333,13770.0,96.0,146.1363,0.9822,1.3079,580.0,30.8094,0.5546,0.7135,948,1304,586,927,175.6321
12,170.6318,4,1543.1441,700.1773,15305.0,0.0,156.5011,0.9993,1.4449,609.0,17.5987,0.7985,0.888,1304,1656,586,927,175.6321
12,171.0323,1,482.1921,652.9842,11764.0,1572.0,183.2531,0.9777,2.5492,549.0,46.4127,0.3898,0.561,248,600,586,927,175.6321
12,171.0323,2,829.3081,676.3958,17090.0,560.0,186.722,0.9648,1.7783,565.0,41.0202,0.4668,0.6365,600,948,586,927,175.6321
12,171.0323,3,1067.5665,671.898,13195.0,0.0,150.303,0.9616,1.4569,588.0,37.5625,0.5088,0.6744,948,1304,586,927,175.6321
12,171.0323,4,1539.5769,695.0796,15314.0,101.0,171.9541,0.9623,1.4994,581.0,20.1859,0.7301,0.844,1304,1656,586,927,175.6321
12,171.4328,1,465.912,647.2391,13697.0,2283.0,195.3579,0.8753,2.3376,553.0,46.6934,0.3621,0.5316,248,600,586,927,175.6321
12,171.4328,2,823.998,679.3675,16551.0,159.0,208.2958,0.7796,2.3223,580.0,36.468,0.5189,0.6833,600,948,586,927,175.6321
12,171.4328,3,1086.8937,671.7826,12950.0,0.0,150.3425,0.8888,1.5338,586.0,33.6305,0.537,0.6988,948,1304,586,927,175.6321
12,171.4328,4,1565.6871,692.3948,12107.0,0.0,165.431,0.9962,1.9328,615.0,37.7565,0.5052,0.6712,1304,1656,586,927,175.6321
12,171.8334,1,436.2507,625.9815,13652.0,3731.0,208.1751,0.89,2.5432,523.0,48.1041,0.4004,0.5718,248,600,586,927,175.6321
12,171.8334,2,827.267,667.8777,14608.0,693.0,204.1517,0.7801,2.4675,570.0,25.494,0.6749,0.8059,600,948,586,927,175.6321
12,171.8334,3,1101.4569,667.0929,13623.0,64.0,159.3076,0.7486,1.6213,582.0,30.2354,0.5755,0.7306,948,1304,586,927,175.6321
12,171.8334,4,1555.4585,701.3211,12822.0,0.0,154.6655,0.9217,1.6881,615.0,32.2435,0.6124,0.7596,1304,1656,586,927,175.6321
12,172.2339,1,403.7809,631.2861,16296.0,3892.0,207.4403,0.7947,2.2561,543.0,52.4645,0.3486,0.517,248,600,586,927,175.6321
12,172.2339,2,840.9949,657.438,13145.0,915.0,191.9393,0.6841,2.5975,567.0,32.9194,0.5388,0.7003,600,948,586,927,175.6321
12,172.2339,3,1118.9472,671.0737,14347.0,0.0,172.5115,0.6896,1.8146,587.0,31.6601,0.592,0.7437,948,1304,586,927,175.6321
12,172.2339,4,1540.5211,694.5381,14509.0,195.0,174.5259,0.9215,1.8602,577.0,37.9421,0.4825,0.6509,1304,1656,586,927,175.6321
12,172.6345,1,383.9966,638.2002,14719.0,3065.0,220.0131,0.7991,2.7189,534.0,45.2628,0.5195,0.6838,248,600,586,927,175.6321
12,172.6345,2,856.512,661.9837,9544.0,379.0,127.9589,0.8464,1.7164,573.0,43.5153,0.3033,0.4654,600,948,586,927,175.6321
12,172.6345,3,1139.9051,676.562,14440.0,0.0,164.7243,0.7928,1.6336,595.0,38.1384,0.5079,0.6736,948,1304,586,927,175.6321
12,172.6345,4,1538.0204,709.114,14286.0,0.0,195.1594,0.8465,2.4224,588.0,35.1053,0.5251,0.6886,1304,1656,586,927,175.6321
12,173.035,1,373.0009,637.3717,14770.0,3719.0,217.7308,0.8949,2.857,516.0,37.4454,0.5466,0.7068,248,600,586,927,175.6321
12,173.035,2,885.9535,640.6499,6521.0,551.0,132.1429,0.9812,2.1662,568.0,35.5136,0.4077,0.5793,600,948,586,927,175.6321
12,173.035,3,1148.8446,693.7923,15758.0,0.0,171.9605,0.8948,1.6803,589.0,30.273,0.587,0.7398,948,1304,586,927,175.6321
12,173.035,4,1544.9657,715.7286,14143.0,0.0,173.256,0.9055,1.8591,605.0,30.2402,0.5456,0.706,1304,1656,586,927,175.6321
12,173.4356,1,371.45,663.8365,12854.0,1390.0,200.4255,0.8149,2.7919,555.0,43.2218,0.4556,0.626,248,600,586,927,175.6321
12,173.4356,2,876.9922,639.2695,7828.0,351.0,124.6385,0.9361,1.5423,571.0,28.4035,0.5808,0.7348,600,948,586,927,175.6321
12,173.4356,3,1161.5772,687.0288,15823.0,162.0,171.3611,1.0,1.6081,578.0,30.828,0.5994,0.7495,948,1304,586,927,175.6321
12,173.4356,4,1541.3468,687.5897,13687.0,0.0,143.0968,0.9199,1.2912,594.0,40.7075,0.3883,0.5594,1304,1656,586,927,175.6321
12,173.8361,1,358.9389,634.6898,11984.0,2333.0,159.1973,0.8027,1.8999,547.0,41.8198,0.483,0.6514,248,600,586,927,175.6321
12,173.8361,2,855.2351,640.8742,8481.0,475.0,128.8067,0.9364,1.6106,570.0,37.1477,0.4294,0.6008,600,948,586,927,175.6321
12,173.8361,3,1159.2081,690.9018,14647.0,0.0,164.3537,0.9989,1.6337,589.0,20.934,0.7459,0.8545,948,1304,586,927,175.6321
12,173.8361,4,1497.0567,662.2201,11158.0,0.0,144.8154,0.6495,1.6937,593.0,44.8728,0.2888,0.4481,1304,1656,586,927,175.6321
12,174.2367,1,349.0924,626.2937,10921.0,1988.0,150.3304,0.7222,1.8123,553.0,29.3686,0.6382,0.7791,248,600,586,927,175.6321
12,174.2367,2,826.1387,644.3157,10629.0,777.0,152.8711,0.9165,1.847,566.0,46.6663,0.3765,0.547,600,948,586,927,175.6321
12,174.2367,3,1159.218,687.1815,16934.0,337.0,186.0563,0.9959,1.7528,576.0,22.7672,0.7146,0.8335,948,1304,586,927,175.6321
12,174.2367,4,1448.4945,674.82,12774.0,0.0,154.2485,0.7832,1.645,590.0,48.118,0.21,0.3471,1304,1656,586,927,175.6321
12,174.6372,1,349.6521,644.2171,12899.0,1941.0,180.294,0.9012,2.1507,550.0,39.984,0.5161,0.6809,248,600,586,927,175.6321
12,174.6372,2,795.6334,659.477,12563.0,720.0,183.9008,0.9251,2.2164,565.0,53.4992,0.3219,0.487,600,948,586,927,175.6321
12,174.6372,3,1161.0793,691.7466,15416.0,0.0,165.9175,0.9982,1.6055,589.0,27.1154,0.6597,0.795,948,1304,586,927,175.6321
12,174.6372,4,1416.1493,673.6805,12490.0,0.0,171.4716,0.6573,2.196,592.0,48.0706,0.3294,0.4956,1304,1656,586,927,175.6321
12,175.0377,1,351.3533,663.1382,12833.0,1251.0,183.5581,0.8663,2.3941,557.0,32.007,0.588,0.7406,248,600,586,927,175.6321
12,175.0377,2,786.4093,684.1464,12276.0,371.0,175.4619,0.9811,2.2167,570.0,42.6803,0.4331,0.6045,600,948,586,927,175.6321
12,175.0377,3,1155.3355,685.8726,16057.0,0.0,174.5982,0.8545,1.6445,589.0,31.0731,0.5676,0.7242,948,1304,586,927,175.6321
12,175.0377,4,1383.3979,668.3037,11229.0,81.0,160.9754,0.7851,2.1136,582.0,40.7326,0.3893,0.5604,1304,1656,586,927,175.6321
12,175.4383,1,352.149,637.5267,11706.0,1915.0,161.7566,0.8239,2.0725,553.0,41.3022,0.4851,0.6532,248,600,586,927,175.6321
12,175.4383,2,766.7158,671.4788,15536.0,1323.0,203.22,0.9711,2.4543,556.0,36.4088,0.4554,0.6258,600,948,586,927,175.6321
12,175.4383,3,1157.4584,673.4349,17671.0,182.0,236.4585,0.5732,2.8116,581.0,34.8618,0.5183,0.6828,948,1304,586,927,175.6321
12,175.4383,4,1372.8014,682.7296,11053.0,0.0,144.841,0.8676,1.85,591.0,40.7032,0.4365,0.6078,1304,1656,586,927,175.6321
12,175.8388,1,343.955,604.2296,7348.0,2087.0,118.6375,0.845,1.5163,550.0,37.9953,0.5417,0.7027,248,600,586,927,175.6321
12,175.8388,2,768.7111,677.5443,14561.0,629.0,190.1117,0.8895,2.2258,572.0,34.0444,0.5019,0.6684,600,948,586,927,175.6321
12,175.8388,3,1135.8154,662.3922,15283.0,242.0,204.9732,0.5482,2.5382,578.0,37.7183,0.5045,0.6707,948,1304,586,927,175.6321
12,175.8388,4,1363.5669,686.9354,10586.0,0.0,136.0342,0.879,1.6706,594.0,27.416,0.5645,0.7217,1304,1656,586,927,175.6321
12,176.2394,1,345.2012,625.4178,8729.0,1873.0,125.1933,0.9893,1.6204,550.0,27.6832,0.5728,0.7284,248,600,586,927,175.6321
12,176.2394,2,787.5835,655.7879,13293.0,796.0,208.268,0.6389,2.872,572.0,39.8722,0.4722,0.6415,600,948,586,927,175.6321
12,176.2394,3,1091.456,649.323,12909.0,305.0,168.7475,0.5722,2.0085,577.0,42.6387,0.3859,0.5569,948,1304,586,927,175.6321
12,176.2394,4,1376.2424,675.2354,12228.0,0.0,146.2645,0.7106,1.522,596.0,42.648,0.3652,0.535,1304,1656,586,927,175.6321
12,176.6399,1,337.6063,614.5499,8563.0,2227.0,140.5054,0.951,1.857,545.0,28.0673,0.6078,0.7561,248,600,586,927,175.6321
12,176.6399,2,818.8686,644.1979,12211.0,458.0,188.3073,0.4778,2.6388,576.0,45.1632,0.4093,0.5809,600,948,586,927,175.6321
12,176.6399,3,1065.7299,661.3588,13402.0,156.0,180.113,0.6173,2.2992,580.0,47.4701,0.3514,0.52,948,1304,586,927,175.6321
12,176.6399,4,1406.5547,679.1956,13592.0,0.0,137.4063,0.9433,1.2385,592.0,45.4999,0.3547,0.5236,1304,1656,586,927,175.6321
12,177.0405,1,351.7846,637.3201,11126.0,2148.0,147.4984,0.9463,1.7527,548.0,36.3621,0.4993,0.6661,248,600,586,927,175.6321
12,177.0405,2,840.3038,654.0772,12069.0,631.0,158.4,0.7411,1.9553,570.0,42.6545,0.4526,0.6231,600,948,586,927,175.6321
12,177.0405,3,1035.9934,668.021,12067.0,166.0,160.813,0.8383,1.9623,580.0,42.1714,0.3701,0.5403,948,1304,586,927,175.6321
12,177.0405,4,1435.0319,687.3689,13574.0,0.0,142.3747,0.9955,1.3436,595.0,44.7402,0.3946,0.5659,1304,1656,586,927,175.6321
12,177.441,1,371.7749,624.8157,11363.0,2555.0,162.6378,0.841,1.9363,547.0,38.5958,0.4787,0.6474,248,600,586,927,175.6321
12,177.441,2,857.7802,650.8264,10481.0,765.0,165.799,0.7686,2.1944,560.0,40.6953,0.5443,0.7049,600,948,586,927,175.6321
12,177.441,3,1023.5924,675.9259,10433.0,327.0,143.5399,0.9787,1.9898,575.0,33.5542,0.4933,0.6607,948,1304,586,927,175.6321
12,177.441,4,1463.2031,696.1252,14588.0,0.0,140.8108,0.9375,1.251,600.0,46.0415,0.3648,0.5346,1304,1656,586,927,175.6321
12,177.8416,1,389.33,624.7626,11176.0,2182.0,154.005,0.7941,1.7885,551.0,44.1041,0.4906,0.6582,248,600,586,927,175.6321
12,177.8416,2,864.7107,666.5233,11568.0,331.0,156.9107,0.9429,1.8754,575.0,44.7766,0.451,0.6216,600,948,586,927,175.6321
12,177.8416,3,1017.5567,654.7764,8315.0,176.0,134.1469,0.94,1.8979,578.0,19.4867,0.6362,0.7777,948,1304,586,927,175.6321
12,177.8416,4,1493.7581,689.691,16601.0,0.0,189.7849,0.5981,1.9005,595.0,37.5439,0.4552,0.6256,1304,1656,586,927,175.6321
12,178.2421,1,411.4199,628.9762,12580.0,2616.0,168.2247,0.7833,1.9767,547.0,42.3178,0.4782,0.647,248,600,586,927,175.6321
12,178.2421,2,869.6747,678.9681,13217.0,292.0,162.5093,0.921,1.934,589.0,33.0429,0.5838,0.7372,600,948,586,927,175.6321
12,178.2421,3,1014.9294,640.6895,6554.0,113.0,112.7594,0.9972,1.6055,580.0,25.4211,0.569,0.7253,948,1304,586,927,175.6321
12,178.2421,4,1510.483,689.9019,16877.0,0.0,181.3922,0.5645,1.7956,597.0,33.634,0.5162,0.6809,1304,1656,586,927,175.6321
12,178.6426,1,426.0398,628.1563,12110.0,2478.0,176.7256,0.6968,2.2599,552.0,41.3723,0.5493,0.7091,248,600,586,927,175.6321
12,178.6426,2,870.9991,670.4452,14434.0,1014.0,160.3957,0.9619,1.6806,574.0,25.742,0.6864,0.8141,600,948,586,927,175.6321
12,178.6426,3,1021.3802,649.3374,8796.0,169.0,128.0199,0.9537,1.6028,579.0,25.1104,0.5768,0.7316,948,1304,586,927,175.6321
12,178.6426,4,1516.6357,687.5672,15023.0,0.0,164.0852,0.5976,1.7047,602.0,27.5167,0.598,0.7484,1304,1656,586,927,175.6321
12,179.0432,1,440.6249,636.3029,13498.0,2256.0,181.5644,0.7891,1.9571,554.0,39.4775,0.5409,0.702,248,600,586,927,175.6321
12,179.0432,2,870.5787,668.9853,14377.0,344.0,157.0294,0.9818,1.5151,582.0,25.6737,0.6976,0.8218,600,948,586,927,175.6321
12,179.0432,3,1037.9901,655.7053,9955.0,117.0,135.4123,0.8595,1.5952,581.0,31.6777,0.5434,0.7042,948,1304,586,927,175.6321
12,179.0432,4,1517.0969,690.3553,15370.0,0.0,154.3157,0.5837,1.4577,599.0,21.2105,0.6975,0.8218,1304,1656,586,927,175.6321
12,179.4437,1,451.9357,634.7076,12649.0,1970.0,167.781,0.7554,1.9575,554.0,35.2566,0.5788,0.7332,248,600,586,927,175.6321
12,179.4437,2,861.9157,675.7441,14610.0,185.0,167.4594,0.9947,1.6559,585.0,32.8508,0.5651,0.7221,600,948,586,927,175.6321
12,179.4437,3,1056.1709,660.4444,11508.0,231.0,157.5651,0.8062,1.9133,579.0,35.0329,0.4917,0.6593,948,1304,586,927,175.6321
12,179.4437,4,1518.0993,693.1422,15925.0,0.0,154.2121,0.8243,1.2616,595.0,24.8819,0.6255,0.7696,1304,1656,586,927,175.6321
12,179.8443,1,457.6473,636.4836,12589.0,1737.0,173.7804,0.6924,2.0839,561.0,25.229,0.7468,0.8551,248,600,586,927,175.6321
12,179.8443,2,848.4114,678.8376,14306.0,273.0,167.1036,0.9757,1.7597,575.0,32.2121,0.6141,0.7609,600,948,586,927,175.6321
12,179.8443,3,1075.9095,659.8408,11653.0,116.0,156.5746,0.8337,1.8012,582.0,41.5995,0.464,0.6339,948,1304,586,927,175.6321
12,179.8443,4,1518.5259,696.4515,16084.0,0.0,151.7602,0.9517,1.2017,590.0,26.1042,0.6036,0.7528,1304,1656,586,927,175.6321
12,180.2448,1,465.6051,637.5738,12594.0,2052.0,179.2182,0.6952,2.2342,556.0,27.0409,0.6593,0.7947,248,600,586,927,175.6321
12,180.2448,2,830.2039,665.1,13781.0,367.0,158.3288,0.9768,1.581,574.0,36.6433,0.5315,0.6941,600,948,586,927,175.6321
12,180.2448,3,1093.7423,664.2021,12392.0,96.0,173.3859,0.7603,2.1168,582.0,39.1095,0.5345,0.6966,948,1304,586,927,175.6321
12,180.2448,4,1511.4135,693.8825,15246.0,0.0,170.936,0.6023,1.7962,600.0,31.0861,0.5544,0.7133,1304,1656,586,927,175.6321
12,180.6454,1,471.088,640.4497,12848.0,2232.0,190.0114,0.7335,2.559,551.0,32.0116,0.6182,0.7641,248,600,586,927,175.6321
12,180.6454,2,826.948,654.9038,14658.0,715.0,203.415,0.5421,2.3751,567.0,49.0239,0.3994,0.5708,600,948,586,927,175.6321
12,180.6454,3,1112.4424,662.7743,13055.0,81.0,188.6284,0.6996,2.3459,583.0,40.6193,0.5411,0.7022,948,1304,586,927,175.6321
12,180.6454,4,1516.95,687.2942,15110.0,0.0,177.4769,0.5897,1.8052,597.0,21.0793,0.7375,0.8489,1304,1656,586,927,175.6321
12,181.0459,1,484.6322,641.3298,12114.0,1823.0,177.3688,0.761,2.3548,553.0,38.5435,0.5209,0.685,248,600,586,927,175.6321
12,181.0459,2,821.7778,649.3125,14667.0,641.0,192.0836,0.4833,2.2852,572.0,31.8616,0.604,0.7531,600,948,586,927,175.6321
12,181.0459,3,1139.4523,651.1996,13439.0,770.0,176.5471,0.6415,2.1196,581.0,42.6769,0.4756,0.6446,948,1304,586,927,175.6321
12,181.0459,4,1526.4483,691.7071,15822.0,0.0,160.0995,0.715,1.4616,608.0,31.6616,0.6017,0.7513,1304,1656,586,927,175.6321
12,181.4464,1,487.6366,649.7163,12230.0,1908.0,189.7362,0.8795,2.6604,544.0,37.5057,0.5434,0.7042,248,600,586,927,175.6321
12,181.4464,2,832.6529,656.356,12810.0,538.0,179.4292,0.566,2.3456,571.0,41.1597,0.4619,0.6319,600,948,586,927,175.6321
12,181.4464,3,1161.9392,656.1567,14091.0,886.0,170.872,0.7263,1.9759,583.0,46.3745,0.4515,0.6221,948,1304,586,927,175.6321
12,181.4464,4,1532.7975,702.8419,17604.0,0.0,152.8869,0.9393,1.2321,611.0,27.488,0.6301,0.7731,1304,1656,586,927,175.6321
12,181.847,1,481.9209,668.3843,12812.0,1468.0,187.6303,0.9452,2.5862,553.0,33.1227,0.5468,0.707,248,600,586,927,175.6321
12,181.847,2,838.4086,663.6301,10637.0,340.0,141.5569,0.7273,1.9148,573.0,33.0301,0.4906,0.6583,600,948,586,927,175.6321
12,181.847,3,1179.1638,669.8753,12827.0,47.0,164.8203,0.7663,1.9034,587.0,39.0527,0.4622,0.6322,948,1304,586,927,175.6321
12,181.847,4,1536.897,697.3864,18090.0,0.0,156.1653,0.9553,1.2073,609.0,18.835,0.7712,0.8708,1304,1656,586,927,175.6321
12,182.2475,1,478.3247,648.7329,12240.0,1940.0,159.3906,0.9545,1.8932,550.0,44.9372,0.382,0.5529,248,600,586,927,175.6321
12,182.2475,2,867.7068,643.4697,8362.0,403.0,121.854,0.9926,1.4785,574.0,33.2151,0.4183,0.5898,600,948,586,927,175.6321
12,182.2475,3,1191.952,671.9343,12449.0,26.0,164.2879,0.8384,1.937,584.0,32.5583,0.5755,0.7306,948,1304,586,927,175.6321
12,182.2475,4,1517.6186,692.9885,17535.0,0.0,189.244,0.7383,1.7076,593.0,31.7454,0.5695,0.7257,1304,1656,586,927,175.6321
12,182.6481,1,448.9091,626.8768,12440.0,2702.0,156.8091,0.7308,1.7338,548.0,46.6726,0.3634,0.5331,248,600,586,927,175.6321
12,182.6481,2,852.4852,636.9076,7059.0,319.0,110.3814,0.9606,1.4678,574.0,30.6069,0.5252,0.6887,600,948,586,927,175.6321
12,182.6481,3,1198.3406,678.0497,12930.0,0.0,169.5632,0.877,1.9636,589.0,25.483,0.7391,0.85,948,1304,586,927,175.6321
12,182.6481,4,1499.6307,689.4271,15070.0,0.0,183.4656,0.6505,1.9995,590.0,30.84,0.5819,0.7357,1304,1656,586,927,175.6321
12,183.0486,1,421.4635,627.105,12709.0,2496.0,162.2316,0.7622,1.8351,546.0,48.719,0.4208,0.5923,248,600,586,927,175.6321
12,183.0486,2,838.7731,638.6065,9262.0,512.0,127.4921,0.9034,1.4549,572.0,38.5496,0.4917,0.6593,600,948,586,927,175.6321
12,183.0486,3,1205.4311,671.2089,11296.0,0.0,167.9053,0.8391,2.1254,588.0,25.5346,0.7281,0.8426,948,1304,586,927,175.6321
12,183.0486,4,1477.5878,678.0952,13846.0,339.0,172.3887,0.7677,1.9665,573.0,33.5322,0.4957,0.6628,1304,1656,586,927,175.6321
12,183.4492,1,400.652,633.8329,13105.0,2569.0,162.3292,0.8722,1.7933,545.0,41.6792,0.4831,0.6514,248,600,586,927,175.6321
12,183.4492,2,815.9102,645.4735,11813.0,902.0,162.7184,0.7708,1.9369,567.0,44.6747,0.4234,0.5949,600,948,586,927,175.6321
12,183.4492,3,1209.6214,655.3134,11703.0,886.0,139.291,0.8994,1.5659,585.0,31.227,0.5734,0.7289,948,1304,586,927,175.6321
12,183.4492,4,1451.4752,677.7853,12565.0,343.0,164.053,0.8751,1.9678,571.0,36.9417,0.3717,0.542,1304,1656,586,927,175.6321
12,183.8497,1,392.6127,638.7713,13035.0,2598.0,173.5406,0.8036,2.0962,548.0,31.8692,0.6184,0.7642,248,600,586,927,175.6321
12,183.8497,2,798.2192,649.1153,12455.0,568.0,170.6917,0.6587,2.0683,571.0,41.5968,0.4797,0.6483,600,948,586,927,175.6321
12,183.8497,3,1217.1989,651.592,11305.0,869.0,123.4963,0.9832,1.2539,584.0,34.3937,0.6207,0.766,948,1304,586,927,175.6321
12,183.8497,4,1426.896,679.0236,13409.0,326.0,195.6778,0.7746,2.4876,576.0,38.48,0.3972,0.5686,1304,1656,586,927,175.6321
12,184.2503,1,391.4507,636.6494,12895.0,2528.0,171.6237,0.8191,2.0548,548.0,20.9085,0.7668,0.868,248,600,586,927,175.6321
12,184.2503,2,785.3939,656.8252,13189.0,1018.0,186.7424,0.81,2.3087,562.0,35.2199,0.5139,0.6789,600,948,586,927,175.6321
12,184.2503,3,1218.4492,663.5028,13826.0,0.0,140.4564,0.961,1.2118,591.0,27.9248,0.6013,0.751,948,1304,586,927,175.6321
12,184.2503,4,1396.95,676.3836,12434.0,881.0,224.691,0.8159,3.4429,559.0,54.8855,0.3067,0.4695,1304,1656,586,927,175.6321
12,184.6508,1,390.0607,642.1879,12718.0,2007.0,152.4224,0.979,1.6569,550.0,34.1894,0.603,0.7524,248,600,586,927,175.6321
12,184.6508,2,767.2284,646.789,12253.0,906.0,179.4067,0.7233,2.2387,563.0,30.4527,0.6203,0.7657,600,948,586,927,175.6321
12,184.6508,3,1204.9233,674.0631,16746.0,0.0,154.4483,0.7957,1.2693,587.0,29.0664,0.6638,0.7979,948,1304,586,927,175.6321
12,184.6508,4,1384.1345,710.0804,13164.0,505.0,226.088,0.895,3.5825,569.0,54.7058,0.2131,0.3514,1304,1656,586,927,175.6321
12,185.0513,1,384.5861,643.7908,11780.0,1862.0,148.9171,0.9761,1.7544,552.0,33.2885,0.5799,0.7341,248,600,586,927,175.6321
12,185.0513,2,761.4651,655.5513,12846.0,446.0,163.6323,0.7102,1.8829,571.0,30.3784,0.672,0.8039,600,948,586,927,175.6321
12,185.0513,3,1186.92,653.5596,16143.0,241.0,225.7403,0.5407,2.5671,579.0,36.503,0.4988,0.6656,948,1304,586,927,175.6321
12,185.0513,4,1359.414,703.4783,12486.0,444.0,225.9821,0.9571,3.3219,568.0,36.6468,0.4406,0.6117,1304,1656,586,927,175.6321
12,185.4519,1,395.5063,642.2039,12478.0,2273.0,151.8038,0.8833,1.7292,548.0,33.8221,0.5366,0.6984,248,600,586,927,175.6321
12,185.4519,2,757.7125,661.0485,13924.0,1746.0,171.4594,0.9761,2.0301,547.0,46.2568,0.3959,0.5672,600,948,586,927,175.6321
12,185.4519,3,1141.4644,665.6439,16847.0,967.0,216.5737,0.7868,2.2587,565.0,50.2569,0.3268,0.4926,948,1304,586,927,175.6321
12,185.4519,4,1358.1158,692.6422,11943.0,891.0,233.6017,0.9611,3.9174,557.0,27.7407,0.5977,0.7482,1304,1656,586,927,175.6321
12,185.8524,1,409.9469,635.2724,12740.0,2498.0,172.0457,0.8194,2.0726,548.0,31.8512,0.5947,0.7458,248,600,586,927,175.6321
12,185.8524,2,769.3686,685.5801,14581.0,328.0,190.0835,0.8461,2.3416,577.0,46.8965,0.3584,0.5277,600,948,586,927,175.6321
12,185.8524,3,1094.2981,665.7745,16154.0,684.0,182.6901,0.8185,1.8395,566.0,51.2441,0.2539,0.405,948,1304,586,927,175.6321
12,185.8524,4,1357.5169,695.282,11984.0,675.0,214.0959,0.9384,3.3851,566.0,24.0655,0.6818,0.8108,1304,1656,586,927,175.6321
12,186.253,1,422.2904,638.8512,13262.0,2450.0,172.6643,0.8369,2.0488,545.0,37.8706,0.5498,0.7095,248,600,586,927,175.6321
12,186.253,2,784.8365,686.7882,14529.0,184.0,211.4257,0.7875,2.8068,579.0,45.0352,0.4498,0.6205,600,948,586,927,175.6321
12,186.253,3,1064.0803,668.201,16739.0,451.0,199.5195,0.7204,2.1558,571.0,42.7439,0.396,0.5674,948,1304,586,927,175.6321
12,186.253,4,1345.1572,690.4367,12321.0,677.0,216.1093,0.9795,2.8608,563.0,31.9573,0.5536,0.7127,1304,1656,586,927,175.6321
12,186.6535,1,432.3865,642.5304,13735.0,2308.0,178.06,0.8314,2.0777,551.0,33.361,0.6072,0.7556,248,600,586,927,175.6321
12,186.6535,2,805.0628,666.3691,12834.0,551.0,199.0115,0.71,2.7073,574.0,38.7236,0.4983,0.6651,600,948,586,927,175.6321
12,186.6535,3,1037.114,678.0951,12330.0,204.0,166.8022,0.7849,2.1525,577.0,38.4529,0.4059,0.5775,948,1304,586,927,175.6321
12,186.6535,4,1345.8499,697.2948,11967.0,907.0,158.799,0.9524,2.4858,607.0,28.9014,0.6016,0.7512,1304,1656,586,927,175.6321
12,187.0541,1,438.3318,641.6948,13616.0,2283.0,182.9524,0.74,2.1806,555.0,24.4403,0.7358,0.8478,248,600,586,927,175.6321
12,187.0541,2,834.7508,646.6609,10928.0,256.0,162.4002,0.5557,2.1326,576.0,47.5157,0.4219,0.5935,600,948,586,927,175.6321
12,187.0541,3,1013.3418,681.7495,9660.0,313.0,122.5998,0.9888,2.0921,574.0,37.6494,0.3275,0.4934,948,1304,586,927,175.6321
12,187.0541,4,1336.0308,704.4216,11288.0,430.0,178.7306,0.9816,2.8468,603.0,30.9215,0.5467,0.7069,1304,1656,586,927,175.6321
12,187.4546,1,447.0952,636.4623,12666.0,2420.0,176.4875,0.7456,2.1587,552.0,28.8016,0.6681,0.801,248,600,586,927,175.6321
12,187.4546,2,859.7997,652.7257,9529.0,280.0,113.2765,0.837,1.3432,577.0,54.7019,0.3774,0.548,600,948,586,927,175.6321
12,187.4546,3,1010.6588,662.312,7898.0,202.0,127.4837,0.9733,1.932,577.0,22.8571,0.4882,0.6561,948,1304,586,927,175.6321
12,187.4546,4,1344.8374,701.5895,14835.0,484.0,214.0286,0.9961,2.4939,568.0,34.1057,0.5577,0.7161,1304,1656,586,927,175.6321
12,187.8552,1,452.4888,637.3724,13356.0,2341.0,187.2032,0.7123,2.242,554.0,27.2327,0.6811,0.8103,248,600,586,927,175.6321
12,187.8552,2,876.9445,644.261,9800.0,637.0,133.8863,0.8078,1.546,571.0,41.3129,0.4533,0.6238,600,948,586,927,175.6321
12,187.8552,3,1017.5096,679.3793,11070.0,143.0,160.169,0.9986,2.1771,580.0,27.7636,0.4953,0.6625,948,1304,586,927,175.6321
12,187.8552,4,1348.5019,690.2294,15458.0,573.0,199.0258,0.9966,2.0895,566.0,32.3227,0.5706,0.7266,1304,1656,586,927,175.6321
12,188.2557,1,460.6966,635.2511,12450.0,1980.0,181.5549,0.7228,2.2528,556.0,29.2613,0.6636,0.7978,248,600,586,927,175.6321
12,188.2557,2,858.5905,641.7939,12331.0,509.0,172.1823,0.6132,1.8561,575.0,37.7534,0.4906,0.6583,600,948,586,927,175.6321
12,188.2557,3,1020.0424,682.803,11152.0,123.0,172.3767,0.9747,2.3025,580.0,31.1488,0.4679,0.6375,948,1304,586,927,175.6321
12,188.2557,4,1356.8259,692.254,19304.0,235.0,199.78,0.9782,1.6356,575.0,33.2076,0.5646,0.7217,1304,1656,586,927,175.6321
12,188.6562,1,458.7495,644.0145,12947.0,1544.0,191.5683,0.653,2.5621,562.0,26.1882,0.7035,0.8259,248,600,586,927,175.6321
12,188.6562,2,825.4665,638.7903,14467.0,1118.0,207.7744,0.4809,2.5086,563.0,42.6005,0.4639,0.6338,600,948,586,927,175.6321
12,188.6562,3,1039.4345,681.732,13380.0,422.0,192.9389,0.9701,2.2812,569.0,32.8245,0.53,0.6928,948,1304,586,927,175.6321
12,188.6562,4,1401.7272,698.4388,18930.0,327.0,203.109,0.9841,1.778,573.0,52.3128,0.3167,0.481,1304,1656,586,927,175.6321
12,189.0568,1,460.7351,640.7971,12635.0,1759.0,197.2028,0.6298,2.669,559.0,25.856,0.682,0.811,248,600,586,927,175.6321
12,189.0568,2,769.5442,633.3015,16035.0,868.0,217.7027,0.3707,2.467,565.0,51.1234,0.3189,0.4836,600,948,586,927,175.6321
12,189.0568,3,1046.9567,689.83,12503.0,22.0,172.3051,0.9866,2.0865,584.0,27.1798,0.6189,0.7646,948,1304,586,927,175.6321
12,189.0568,4,1436.4135,690.0104,18790.0,209.0,227.7923,0.7317,2.4073,577.0,49.849,0.2984,0.4597,1304,1656,586,927,175.6321
12,189.4573,1,473.6068,631.9409,12666.0,2693.0,204.5326,0.7081,2.9842,543.0,35.1111,0.5673,0.7239,248,600,586,927,175.6321
12,189.4573,2,760.3034,653.336,14627.0,676.0,180.1876,0.6429,1.9004,572.0,37.4914,0.4508,0.6214,600,948,586,927,175.6321
12,189.4573,3,1050.9721,665.134,14077.0,1033.0,197.4336,0.9646,2.2652,558.0,33.011,0.5618,0.7194,948,1304,586,927,175.6321
12,189.4573,4,1479.7962,687.8522,18192.0,463.0,213.6323,0.8062,2.002,569.0,52.6359,0.3103,0.4736,1304,1656,586,927,175.6321
12,189.8579,1,489.4772,639.3323,11018.0,1862.0,180.2266,0.7199,2.747,554.0,44.4239,0.4274,0.5989,248,600,586,927,175.6321
12,189.8579,2,746.9351,657.7646,13862.0,695.0,150.3424,0.8636,1.4871,564.0,31.6224,0.5033,0.6696,600,948,586,927,175.6321
12,189.8579,3,1053.0521,689.0899,12232.0,0.0,157.9878,1.0,1.9199,592.0,35.3378,0.5452,0.7057,948,1304,586,927,175.6321
12,189.8579,4,1517.8611,709.0913,21239.0,261.0,214.7157,0.9506,1.7522,574.0,48.3744,0.3559,0.525,1304,1656,586,927,175.6321
12,190.2584,1,509.3409,640.3551,8866.0,1044.0,153.0838,0.707,2.5653,560.0,48.7465,0.4067,0.5783,248,600,586,927,175.6321
12,190.2584,2,745.8561,653.8358,12465.0,884.0,131.775,0.8841,1.2756,564.0,29.5997,0.5049,0.671,600,948,586,927,175.6321
12,190.2584,3,1062.1991,659.9721,12149.0,53.0,195.8321,0.78,2.4928,585.0,42.2072,0.4599,0.63,948,1304,586,927,175.6321
12,190.2584,4,1526.2683,710.2655,20040.0,54.0,187.6115,0.924,1.6136,601.0,32.231,0.617,0.7631,1304,1656,586,927,175.6321
12,190.659,1,522.4744,642.2589,9893.0,2018.0,191.0646,0.9015,3.2968,531.0,50.5278,0.3727,0.543,248,600,586,927,175.6321
12,190.659,2,769.0844,644.6703,12175.0,623.0,168.8277,0.5961,2.0027,573.0,39.7482,0.4258,0.5972,600,948,586,927,175.6321
12,190.659,3,1098.1804,639.4433,13474.0,335.0,201.3374,0.4604,2.3848,579.0,46.171,0.4617,0.6318,948,1304,586,927,175.6321
12,190.659,4,1524.8156,696.5008,20290.0,91.0,190.0047,0.9127,1.5344,582.0,34.2076,0.5433,0.704,1304,1656,586,927,175.6321
12,191.0595,1,519.6092,682.2552,9921.0,583.0,194.5846,0.8848,3.3336,566.0,48.2385,0.349,0.5174,248,600,586,927,175.6321
12,191.0595,2,798.5686,657.5321,13055.0,495.0,173.749,0.614,2.0793,573.0,48.1607,0.3052,0.4676,600,948,586,927,175.6321
12,191.0595,3,1131.6995,653.3139,14156.0,0.0,194.3116,0.4467,2.2897,595.0,60.2742,0.3661,0.536,948,1304,586,927,175.6321
12,191.0595,4,1482.5823,684.5111,16465.0,350.0,227.6222,0.8088,2.5713,571.0,62.0262,0.2603,0.4131,1304,1656,586,927,175.6321
12,191.46,1,523.3927,671.1086,10237.0,1120.0,198.589,0.9161,3.4338,559.0,38.2595,0.4643,0.6342,248,600,586,927,175.6321
12,191.46,2,836.3586,654.5306,12978.0,878.0,181.8311,0.7152,2.3515,565.0,50.7996,0.3345,0.5014,600,948,586,927,175.6321
12,191.46,3,1165.4587,653.1329,13985.0,920.0,185.1734,0.7343,2.243,582.0,54.2001,0.3935,0.5648,948,1304,586,927,175.6321
12,191.46,4,1424.4128,701.9593,20682.0,287.0,207.1105,0.9934,1.6671,572.0,61.7231,0.2013,0.3352,1304,1656,586,927,175.6321
12,191.8606,1,514.6173,643.7684,8918.0,1223.0,166.3628,0.9036,2.7358,557.0,45.8873,0.3958,0.5672,248,600,586,927,175.6321
12,191.8606,2,863.1156,667.383,11197.0,556.0,163.3667,0.8872,2.1298,568.0,52.1181,0.3564,0.5255,600,948,586,927,175.6321
12,191.8606,3,1189.4162,657.0752,12689.0,910.0,142.2822,0.8079,1.6274,583.0,46.029,0.4317,0.6031,948,1304,586,927,175.6321
12,191.8606,4,1410.2028,716.3445,20331.0,66.0,221.2565,0.9688,2.0528,582.0,34.7784,0.5117,0.677,1304,1656,586,927,175.6321
12,192.2611,1,505.1933,622.8764,7927.0,1462.0,127.9369,0.996,1.721,555.0,41.4983,0.4342,0.6055,248,600,586,927,175.6321
12,192.2611,2,871.7171,651.0419,9112.0,255.0,122.3755,0.8229,1.5365,578.0,32.4934,0.5785,0.733,600,948,586,927,175.6321
12,192.2611,3,1210.65,646.1968,9531.0,864.0,115.0092,0.8998,1.3521,589.0,43.3663,0.4931,0.6605,948,1304,586,927,175.6321
12,192.2611,4,1409.6467,706.2019,18949.0,297.0,201.5435,0.9504,1.898,576.0,29.8066,0.6289,0.7722,1304,1656,586,927,175.6321
12,192.6617,1,489.2863,622.8544,9154.0,1835.0,149.0155,0.9985,1.9147,544.0,35.0296,0.5274,0.6906,248,600,586,927,175.6321
12,192.6617,2,872.7066,641.5785,9779.0,538.0,115.7297,0.8012,1.2628,583.0,32.3389,0.6185,0.7643,600,948,586,927,175.6321
12,192.6617,3,1230.4784,658.8731,9474.0,143.0,113.4566,0.9996,1.4438,596.0,37.6136,0.449,0.6197,948,1304,586,927,175.6321
12,192.6617,4,1401.6981,696.8272,19801.0,645.0,199.4179,0.9822,1.6389,561.0,28.8346,0.5993,0.7495,1304,1656,586,927,175.6321
12,193.0622,1,483.026,625.8146,10059.0,1831.0,148.1304,0.9716,1.7667,541.0,33.3065,0.616,0.7624,248,600,586,927,175.6321
12,193.0622,2,850.8709,645.4519,12057.0,645.0,145.5217,0.7733,1.4303,564.0,43.2146,0.5046,0.6707,600,948,586,927,175.6321
12,193.0622,3,1231.9625,658.4932,11694.0,41.0,131.8846,0.8853,1.282,586.0,29.6271,0.5683,0.7248,948,1304,586,927,175.6321
12,193.0622,4,1395.9917,693.6586,18616.0,591.0,206.9599,0.9988,1.8516,562.0,25.7785,0.6412,0.7814,1304,1656,586,927,175.6321
12,193.4628,1,475.8996,639.1564,12842.0,2620.0,187.637,0.9996,2.3621,526.0,33.3866,0.6178,0.7637,248,600,586,927,175.6321
12,193.4628,2,824.1777,667.184,13003.0,184.0,157.3439,0.8806,1.7261,577.0,42.0513,0.4651,0.6349,600,948,586,927,175.6321
12,193.4628,3,1221.647,656.7395,14259.0,18.0,155.1232,0.7056,1.5035,586.0,31.2384,0.6029,0.7523,948,1304,586,927,175.6321
12,193.4628,4,1399.0982,696.5092,19853.0,407.0,215.8647,0.927,1.9088,570.0,29.2625,0.5913,0.7431,1304,1656,586,927,175.6321
12,193.8633,1,469.0978,674.5622,14033.0,1090.0,190.0301,0.9659,2.2354,562.0,39.0741,0.5115,0.6768,248,600,586,927,175.6321
12,193.8633,2,818.2201,664.8523,14260.0,640.0,182.5609,0.8179,2.0351,566.0,28.1893,0.6691,0.8017,600,948,586,927,175.6321
12,193.8633,3,1194.3212,668.7515,14702.0,0.0,149.7009,0.7769,1.2838,590.0,40.2177,0.4781,0.6469,948,1304,586,927,175.6321
12,193.8633,4,1403.7515,696.4126,17788.0,542.0,207.7626,0.9703,2.1542,566.0,22.8532,0.6901,0.8166,1304,1656,586,927,175.6321
12,194.2639,1,473.2249,652.7724,13216.0,2117.0,213.5617,0.8259,3.0511,550.0,38.7977,0.5029,0.6692,248,600,586,927,175.6321
12,194.2639,2,815.4172,663.7717,14043.0,557.0,176.0419,0.725,2.0445,569.0,31.718,0.5782,0.7327,600,948,586,927,175.6321
12,194.2639,3,1175.8147,678.2529,14629.0,0.0,157.7255,0.8209,1.4952,591.0,36.1565,0.5711,0.727,948,1304,586,927,175.6321
12,194.2639,4,1396.6522,692.0192,17327.0,319.0,205.6828,0.9493,1.9327,570.0,34.7624,0.4819,0.6504,1304,1656,586,927,175.6321
12,194.6644,1,481.2996,638.8499,12524.0,2298.0,185.7047,0.7045,2.5194,546.0,35.3112,0.522,0.6859,248,600,586,927,175.6321
12,194.6644,2,819.3146,662.0325,12538.0,905.0,179.2691,0.7417,2.4821,564.0,31.2835,0.5671,0.7238,600,948,586,927,175.6321
12,194.6644,3,1160.9852,672.9609,13799.0,6.0,163.4045,0.7999,1.6921,585.0,30.4271,0.6196,0.7652,948,1304,586,927,175.6321
12,194.6644,4,1411.3016,681.8483,17599.0,490.0,184.9521,0.9069,1.6418,566.0,29.7126,0.6051,0.754,1304,1656,586,927,175.6321
12,195.0649,1,497.6231,643.2628,11492.0,2069.0,192.344,0.8378,2.955,536.0,39.2945,0.4639,0.6337,248,600,586,927,175.6321
12,195.0649,2,833.0774,660.2317,10533.0,529.0,157.1785,0.8094,2.31,571.0,38.7707,0.4297,0.6011,600,948,586,927,175.6321
12,195.0649,3,1156.8303,677.9543,14776.0,34.0,178.0155,0.7306,1.8974,583.0,28.2171,0.6311,0.7738,948,1304,586,927,175.6321
12,195.0649,4,1410.5525,701.019,20083.0,545.0,207.3703,0.9769,1.8458,570.0,28.5625,0.6304,0.7733,1304,1656,586,927,175.6321
12,195.4655,1,501.7847,664.2324,11323.0,1608.0,198.751,0.9311,3.2106,546.0,40.5891,0.4584,0.6286,248,600,586,927,175.6321
12,195.4655,2,855.5192,669.6829,9093.0,513.0,150.8732,0.9924,2.3684,566.0,38.2779,0.3222,0.4874,600,948,586,927,175.6321
12,195.4655,3,1146.7755,684.4745,15500.0,54.0,172.2508,0.8205,1.7135,583.0,29.3621,0.6303,0.7732,948,1304,586,927,175.6321
12,195.4655,4,1417.4975,707.018,19679.0,224.0,215.74,0.9395,2.0138,575.0,34.7175,0.5394,0.7008,1304,1656,586,927,175.6321
12,195.866,1,510.6715,654.9126,12477.0,1518.0,189.3931,0.9999,2.2944,551.0,34.8527,0.5052,0.6713,248,600,586,927,175.6321
12,195.866,2,852.8349,646.1753,11281.0,471.0,182.9954,0.7479,2.4921,574.0,40.781,0.3223,0.4875,600,948,586,927,175.6321
12,195.866,3,1140.7667,681.6445,16290.0,310.0,195.2996,0.8244,2.0334,573.0,25.5988,0.682,0.8109,948,1304,586,927,175.6321
12,195.866,4,1443.8606,699.7986,18819.0,377.0,212.183,0.9435,2.1136,570.0,39.458,0.4484,0.6192,1304,1656,586,927,175.6321
12,196.2666,1,480.1561,638.5391,12235.0,1922.0,161.3948,0.8449,1.912,553.0,48.8459,0.3212,0.4862,248,600,586,927,175.6321
12,196.2666,2,810.6518,633.7342,11905.0,1073.0,190.4597,0.5201,2.6697,562.0,49.9465,0.3829,0.5538,600,948,586,927,175.6321
12,196.2666,3,1129.3768,692.7714,15610.0,43.0,186.7466,0.9087,1.9496,583.0,35.7218,0.5631,0.7205,948,1304,586,927,175.6321
12,196.2666,4,1475.2104,706.2815,21938.0,275.0,211.9771,0.975,1.7121,575.0,38.722,0.4561,0.6264,1304,1656,586,927,175.6321
12,196.6671,1,440.7651,618.7451,13107.0,3517.0,170.1182,0.8472,1.8224,522.0,50.402,0.3345,0.5013,248,600,586,927,175.6321
12,196.6671,2,766.6144,636.8619,13603.0,1257.0,197.1624,0.5586,2.4585,561.0,59.9889,0.2982,0.4594,600,948,586,927,175.6321
12,196.6671,3,1114.2083,695.6366,16651.0,15.0,186.8079,0.9501,1.7857,586.0,34.6992,0.5772,0.7319,948,1304,586,927,175.6321
12,196.6671,4,1478.2927,708.3888,20191.0,137.0,199.66,0.9893,1.6833,579.0,30.7075,0.6042,0.7533,1304,1656,586,927,175.6321
12,197.0677,1,420.4802,641.9644,13859.0,3081.0,188.3486,0.9881,2.2931,529.0,50.6051,0.3762,0.5468,248,600,586,927,175.6321
12,197.0677,2,743.9814,643.7407,12919.0,822.0,188.8997,0.6179,2.3589,569.0,49.6993,0.4468,0.6177,600,948,586,927,175.6321
12,197.0677,3,1109.9573,692.8898,16345.0,16.0,199.4175,0.8855,2.1402,585.0,23.843,0.6876,0.8149,948,1304,586,927,175.6321
12,197.0677,4,1469.1722,707.8634,19816.0,257.0,205.2041,0.9638,1.8829,575.0,34.5261,0.5448,0.7053,1304,1656,586,927,175.6321
12,197.4682,1,412.3554,666.7864,14188.0,1488.0,190.3324,0.9248,2.2693,562.0,46.9673,0.4192,0.5907,248,600,586,927,175.6321
12,197.4682,2,728.6018,651.2194,12509.0,709.0,182.0527,0.6912,2.2969,570.0,42.6542,0.5245,0.6881,600,948,586,927,175.6321
12,197.4682,3,1106.5128,679.5286,16454.0,79.0,189.0986,0.7092,1.9442,582.0,31.637,0.5547,0.7136,948,1304,586,927,175.6321
12,197.4682,4,1445.587,706.1641,18083.0,65.0,195.4169,0.9426,1.9284,582.0,51.1269,0.3448,0.5128,1304,1656,586,927,175.6321
12,197.8688,1,429.0885,646.7035,13129.0,2128.0,194.6873,0.8468,2.5403,548.0,36.9981,0.5338,0.6961,248,600,586,927,175.6321
12,197.8688,2,714.7956,655.9278,12906.0,904.0,170.3587,0.8085,1.9742,562.0,37.1226,0.5447,0.7053,600,948,586,927,175.6321
12,197.8688,3,1095.0911,661.6176,16179.0,189.0,195.6974,0.5233,2.2527,580.0,34.3787,0.4999,0.6666,948,1304,586,927,175.6321
12,197.8688,4,1410.7466,693.6514,18550.0,563.0,226.3727,0.8348,2.2669,565.0,53.9039,0.2903,0.45,1304,1656,586,927,175.6321
12,198.2693,1,441.685,628.8822,12612.0,2743.0,184.783,0.777,2.3524,545.0,37.4106,0.5191,0.6834,248,600,586,927,175.6321
12,198.2693,2,705.6019,655.3136,12084.0,552.0,155.4877,0.787,1.7836,573.0,29.2484,0.6653,0.799,600,948,586,927,175.6321
12,198.2693,3,1061.291,657.0726,13724.0,249.0,174.3212,0.5691,2.0673,579.0,36.8936,0.4508,0.6215,948,1304,586,927,175.6321
12,198.2693,4,1387.1409,716.7705,19033.0,36.0,208.9387,0.9199,2.1527,607.0,46.605,0.3619,0.5315,1304,1656,586,927,175.6321
12,198.6698,1,462.2972,632.9201,12253.0,2358.0,173.1905,0.7486,2.1537,552.0,44.9529,0.4651,0.6349,248,600,586,927,175.6321
12,198.6698,2,703.1373,658.3248,13484.0,827.0,161.4289,0.7797,1.7451,568.0,25.0003,0.6919,0.8179,600,948,586,927,175.6321
12,198.6698,3,1044.721,664.1611,12270.0,231.0,154.5806,0.7483,1.8294,578.0,33.6561,0.4737,0.6428,948,1304,586,927,175.6321
12,198.6698,4,1375.8049,699.0942,18038.0,275.0,186.7231,0.9987,1.6231,573.0,33.9403,0.5073,0.6731,1304,1656,586,927,175.6321
12,199.0704,1,478.2579,636.7281,11866.0,1733.0,168.4776,0.7541,2.0942,559.0,43.3475,0.4949,0.6621,248,600,586,927,175.6321
12,199.0704,2,701.8893,649.0008,13190.0,713.0,151.7768,0.6702,1.5842,581.0,29.6751,0.6416,0.7817,600,948,586,927,175.6321
12,199.0704,3,1036.0685,669.3303,12154.0,201.0,170.2652,0.7893,2.1161,578.0,29.0271,0.5984,0.7488,948,1304,586,927,175.6321
12,199.0704,4,1387.3727,683.8234,18212.0,337.0,189.754,0.9044,1.6672,573.0,34.0346,0.4946,0.6618,1304,1656,586,927,175.6321
12,199.4709,1,489.2481,648.8072,11988.0,1752.0,174.4202,0.8478,2.3261,553.0,37.4848,0.5226,0.6864,248,600,586,927,175.6321
12,199.4709,2,705.4728,650.3711,15947.0,775.0,164.3514,0.8124,1.3566,563.0,30.1622,0.6509,0.7886,600,948,586,927,175.6321
12,199.4709,3,1037.7937,687.0627,12920.0,73.0,173.0366,0.8049,2.1904,594.0,28.4511,0.6011,0.7509,948,1304,586,927,175.6321
12,199.4709,4,1415.3508,705.8226,18893.0,181.0,194.8609,0.9993,1.7732,579.0,40.3456,0.4561,0.6265,1304,1656,586,927,175.6321
12,199.8715,1,492.5475,654.095,12035.0,1410.0,169.7597,0.8054,2.2143,565.0,28.2998,0.6271,0.7708,248,600,586,927,175.6321
12,199.8715,2,727.817,666.5086,15646.0,697.0,172.4787,0.9562,1.6619,567.0,39.2622,0.502,0.6684,600,948,586,927,175.6321
12,199.8715,3,1042.0001,695.2181,15513.0,188.0,187.8568,0.924,1.8959,577.0,26.1034,0.6184,0.7642,948,1304,586,927,175.6321
12,199.8715,4,1427.0967,704.1071,18017.0,312.0,189.5847,0.969,1.7985,573.0,38.313,0.5089,0.6745,1304,1656,586,927,175.6321
12,200.272,1,494.7799,639.9146,11411.0,2117.0,171.3978,0.8316,2.2866,552.0,27.8834,0.6702,0.8025,248,600,586,927,175.6321
12,200.272,2,747.118,681.358,16596.0,141.0,181.9191,0.7939,1.8147,584.0,33.1924,0.5333,0.6956,600,948,586,927,175.6321
12,200.272,3,1037.5021,691.4833,12942.0,26.0,188.0885,0.8838,2.4633,585.0,23.8198,0.596,0.7469,948,1304,586,927,175.6321
12,200.272,4,1461.2931,701.9869,19217.0,455.0,198.9485,0.9828,1.8252,567.0,47.0795,0.3303,0.4965,1304,1656,586,927,175.6321
12,200.6726,1,493.775,644.69,12063.0,1799.0,177.7192,0.791,2.3593,559.0,23.2436,0.7467,0.855,248,600,586,927,175.6321
12,200.6726,2,762.0371,660.006,14986.0,1084.0,182.7388,0.868,1.925,561.0,34.9425,0.5293,0.6922,600,948,586,927,175.6321
12,200.6726,3,1037.5039,672.7519,14169.0,796.0,184.2277,0.913,2.1414,561.0,33.3531,0.5163,0.681,948,1304,586,927,175.6321
12,200.6726,4,1489.7482,716.5935,21926.0,24.0,224.2025,0.89,2.0097,586.0,47.0126,0.3644,0.5342,1304,1656,586,927,175.6321
12,201.0731,1,494.7892,639.8653,11345.0,1482.0,177.561,0.6941,2.4479,561.0,28.1814,0.6658,0.7994,248,600,586,927,175.6321
12,201.0731,2,766.4147,675.6581,14790.0,950.0,196.0875,0.9258,2.3643,566.0,27.0424,0.676,0.8067,600,948,586,927,175.6321
12,201.0731,3,1021.7454,676.5303,10888.0,64.0,150.3853,0.8706,2.0195,594.0,38.4494,0.4724,0.6417,948,1304,586,927,175.6321
12,201.0731,4,1479.4799,694.9028,17350.0,21.0,200.1291,0.8413,1.985,585.0,30.678,0.5849,0.7381,1304,1656,586,927,175.6321
12,201.4736,1,498.3663,641.032,11064.0,1380.0,170.9674,0.7091,2.4389,560.0,28.495,0.6655,0.7991,248,600,586,927,175.6321
12,201.4736,2,756.9259,675.2698,15337.0,513.0,223.5494,0.752,2.8271,571.0,39.1352,0.4687,0.6382,600,948,586,927,175.6321
12,201.4736,3,1012.5322,667.0353,11174.0,75.0,136.3651,0.9876,1.5237,588.0,36.717,0.4571,0.6274,948,1304,586,927,175.6321
12,201.4736,4,1472.0945,692.953,17686.0,415.0,197.8492,0.887,1.8413,569.0,29.7852,0.6159,0.7623,1304,1656,586,927,175.6321
12,201.8742,1,502.8389,650.3548,11007.0,1351.0,183.8836,0.7977,2.7924,554.0,37.8442,0.5592,0.7173,248,600,586,927,175.6321
12,201.8742,2,752.2916,661.0958,15366.0,770.0,215.1983,0.6935,2.6041,573.0,33.0774,0.5709,0.7268,600,948,586,927,175.6321
12,201.8742,3,1028.4544,641.7419,11640.0,369.0,174.7126,0.6169,1.9906,574.0,34.9377,0.5332,0.6955,948,1304,586,927,175.6321
12,201.8742,4,1445.7102,708.5198,18433.0,180.0,191.4513,0.9974,1.8475,577.0,49.2126,0.4008,0.5723,1304,1656,586,927,175.6321
12,202.2747,1,510.4077,653.3882,10734.0,1194.0,181.1048,0.7969,2.7471,559.0,28.2053,0.6295,0.7726,248,600,586,927,175.6321
12,202.2747,2,743.2296,646.1926,14446.0,1055.0,208.5533,0.5366,2.849,566.0,32.1155,0.5718,0.7276,600,948,586,927,175.6321
12,202.2747,3,1053.4955,658.2137,12533.0,0.0,171.85,0.5781,1.982,588.0,48.5433,0.3925,0.5637,948,1304,586,927,175.6321
12,202.2747,4,1430.9481,705.6325,19206.0,281.0,200.3664,0.9973,1.7497,573.0,35.3186,0.5703,0.7264,1304,1656,586,927,175.6321
12,202.6753,1,518.9535,644.4278,9841.0,1270.0,155.2836,0.8313,2.2743,559.0,29.4271,0.6117,0.7591,248,600,586,927,175.6321
12,202.6753,2,717.8406,644.4408,9023.0,820.0,122.2143,0.8279,1.8572,563.0,42.3716,0.3343,0.5011,600,948,586,927,175.6321
12,202.6753,3,1079.3263,665.5186,13811.0,60.0,179.0966,0.6365,1.9934,584.0,45.5343,0.4371,0.6083,948,1304,586,927,175.6321
12,202.6753,4,1416.4908,704.5128,20102.0,223.0,198.3839,0.9285,1.7202,577.0,29.1425,0.5903,0.7423,1304,1656,586,927,175.6321
12,203.0758,1,526.8053,642.8253,8690.0,1427.0,157.9472,0.8709,2.7059,547.0,37.4214,0.5369,0.6987,248,600,586,927,175.6321
12,203.0758,2,674.343,613.3279,6661.0,1127.0,105.2479,0.7504,1.3177,560.0,34.757,0.3553,0.5244,600,948,586,927,175.6321
12,203.0758,3,1107.6972,672.653,14451.0,63.0,177.8821,0.7719,1.8642,583.0,44.3747,0.4389,0.61,948,1304,586,927,175.6321
12,203.0758,4,1443.0512,701.1118,19228.0,5.0,217.8207,0.8318,2.1563,586.0,44.4152,0.3674,0.5374,1304,1656,586,927,175.6321
12,203.4764,1,528.9284,673.3779,8293.0,560.0,120.4889,0.8863,2.0174,594.0,39.9657,0.3731,0.5435,248,600,586,927,175.6321
12,203.4764,2,697.3522,636.9073,11369.0,2259.0,167.6517,0.9892,2.1288,531.0,40.6831,0.3041,0.4663,600,948,586,927,175.6321
12,203.4764,3,1118.9656,685.3923,16017.0,0.0,186.3869,0.7392,1.9494,588.0,32.3003,0.5546,0.7135,948,1304,586,927,175.6321
12,203.4764,4,1484.8448,698.4896,19758.0,302.0,209.0009,0.8311,1.8258,574.0,48.8541,0.3263,0.4921,1304,1656,586,927,175.6321
12,203.8769,1,539.3949,647.6009,8023.0,1043.0,141.8794,0.9637,2.3551,561.0,27.8713,0.5738,0.7292,248,600,586,927,175.6321
12,203.8769,2,721.8965,678.3012,12092.0,243.0,168.2941,1.0,2.0608,577.0,44.8903,0.332,0.4985,600,948,586,927,175.6321
12,203.8769,3,1127.9611,674.409,15398.0,143.0,195.4334,0.6964,2.1366,579.0,22.7326,0.6691,0.8017,948,1304,586,927,175.6321
12,203.8769,4,1512.6122,700.8094,19933.0,336.0,206.8294,0.9034,1.8342,572.0,43.1489,0.4468,0.6177,1304,1656,586,927,175.6321
12,204.2775,1,531.5842,634.954,8036.0,1139.0,129.3798,0.9212,1.8965,559.0,33.6426,0.5425,0.7034,248,600,586,927,175.6321
12,204.2775,2,729.0445,690.2999,13922.0,535.0,206.4924,1.0,2.5537,568.0,38.5696,0.4977,0.6646,600,948,586,927,175.6321
12,204.2775,3,1134.0762,682.2573,16173.0,0.0,211.7088,0.6153,2.4376,588.0,25.6841,0.6576,0.7934,948,1304,586,927,175.6321
12,204.2775,4,1529.5927,710.2467,19785.0,191.0,207.9848,0.9337,1.8604,576.0,36.2768,0.5489,0.7087,1304,1656,586,927,175.6321
12,204.678,1,525.1357,647.7324,8469.0,774.0,123.6975,0.8296,1.8563,580.0,24.9603,0.654,0.7908,248,600,586,927,175.6321
12,204.678,2,738.1482,686.8742,13736.0,292.0,200.6583,0.8773,2.4892,578.0,46.8856,0.4027,0.5742,600,948,586,927,175.6321
12,204.678,3,1149.833,675.946,17470.0,305.0,190.2253,0.7609,1.7882,575.0,32.0327,0.5656,0.7225,948,1304,586,927,175.6321
12,204.678,4,1538.315,699.3232,18417.0,416.0,177.4202,0.8921,1.6385,608.0,24.9879,0.6644,0.7983,1304,1656,586,927,175.6321
12,205.0785,1,528.8494,640.4889,8855.0,1025.0,116.1138,0.8432,1.5707,580.0,28.8118,0.5778,0.7324,248,600,586,927,175.6321
12,205.0785,2,749.3226,675.7269,13078.0,500.0,187.8509,0.8462,2.4419,570.0,35.4094,0.5293,0.6922,600,948,586,927,175.6321
12,205.0785,3,1158.8183,690.471,16475.0,0.0,208.0721,0.6445,2.3952,595.0,36.7818,0.4972,0.6642,948,1304,586,927,175.6321
12,205.0785,4,1522.9709,708.118,18362.0,0.0,180.0713,0.9935,1.5024,590.0,33.3931,0.5442,0.7049,1304,1656,586,927,175.6321
12,205.4791,1,518.7191,623.9066,8608.0,1290.0,118.0808,0.716,1.341,559.0,38.9745,0.4841,0.6524,248,600,586,927,175.6321
12,205.4791,2,731.375,641.5401,14175.0,2422.0,182.5312,0.8362,2.1108,549.0,37.6003,0.5238,0.6875,600,948,586,927,175.6321
12,205.4791,3,1171.8874,687.3976,16477.0,765.0,173.4834,0.888,1.6996,580.0,35.4518,0.4537,0.6242,948,1304,586,927,175.6321
12,205.4791,4,1502.5287,697.6213,16629.0,132.0,173.4686,0.858,1.6359,582.0,46.1392,0.4289,0.6003,1304,1656,586,927,175.6321
12,205.8796,1,512.3715,633.122,8961.0,891.0,117.9882,0.544,1.4074,570.0,22.2959,0.7031,0.8257,248,600,586,927,175.6321
12,205.8796,2,707.3256,650.0773,11459.0,614.0,165.98,0.687,2.1827,570.0,57.0524,0.3232,0.4885,600,948,586,927,175.6321
12,205.8796,3,1190.5817,682.6811,13901.0,0.0,160.2835,0.8859,1.7045,587.0,28.1539,0.4996,0.6663,948,1304,586,927,175.6321
12,205.8796,4,1469.3065,693.1911,17542.0,226.0,182.4513,0.9784,1.6392,577.0,46.7149,0.3722,0.5424,1304,1656,586,927,175.6321
12,206.2802,1,509.5982,627.3185,8855.0,1080.0,114.7775,0.4926,1.2649,566.0,27.5593,0.6164,0.7627,248,600,586,927,175.6321
12,206.2802,2,677.7256,652.5783,10116.0,694.0,131.0182,0.9442,1.6752,583.0,54.4794,0.322,0.4871,600,948,586,927,175.6321
12,206.2802,3,1210.2036,674.1991,11358.0,622.0,122.6228,0.9997,1.4755,585.0,34.3425,0.3799,0.5506,948,1304,586,927,175.6321
12,206.2802,4,1443.1678,718.9281,19429.0,0.0,205.1358,0.9464,1.9429,602.0,49.1723,0.3511,0.5198,1304,1656,586,927,175.6321
12,206.6807,1,500.6613,624.1965,9992.0,1313.0,134.9062,0.4357,1.5466,563.0,30.5888,0.6113,0.7587,248,600,586,927,175.6321
12,206.6807,2,687.3082,636.8431,11788.0,683.0,162.3429,0.5238,1.8935,569.0,43.9167,0.4233,0.5948,600,948,586,927,175.6321
12,206.6807,3,1203.5408,640.4049,10671.0,267.0,171.195,0.6064,2.1525,578.0,37.4731,0.4178,0.5893,948,1304,586,927,175.6321
12,206.6807,4,1418.0331,732.2869,18584.0,0.0,228.1663,0.7906,2.4288,615.0,46.7334,0.389,0.5601,1304,1656,586,927,175.6321
12,207.0813,1,486.0154,627.228,12001.0,1636.0,174.9622,0.4071,2.1813,565.0,36.3827,0.5419,0.7029,248,600,586,927,175.6321
12,207.0813,2,742.8396,630.0766,13936.0,586.0,215.286,0.3122,2.7681,575.0,52.4527,0.3258,0.4914,600,948,586,927,175.6321
12,207.0813,3,1166.8309,645.4923,12372.0,177.0,184.7926,0.537,2.3266,581.0,55.3305,0.3585,0.5278,948,1304,586,927,175.6321
12,207.0813,4,1396.6038,719.476,17786.0,0.0,220.2712,0.7873,2.3353,608.0,33.7438,0.576,0.7309,1304,1656,586,927,175.6321
12,207.4818,1,482.9615,633.6422,12279.0,1500.0,174.1243,0.459,2.2757,564.0,26.0596,0.6422,0.7821,248,600,586,927,175.6321
12,207.4818,2,805.4928,631.5045,15539.0,820.0,227.2643,0.3039,2.6917,566.0,55.8964,0.3067,0.4695,600,948,586,927,175.6321
12,207.4818,3,1115.7219,648.3815,12534.0,259.0,175.7475,0.578,2.1489,579.0,61.2362,0.2449,0.3934,948,1304,586,927,175.6321
12,207.4818,4,1393.8483,704.6528,16389.0,16.0,208.8632,0.7179,2.568,607.0,32.1028,0.5907,0.7427,1304,1656,586,927,175.6321
12,207.8824,1,501.9768,636.1889,11014.0,1452.0,160.2515,0.6437,2.1369,561.0,37.6132,0.4826,0.651,248,600,586,927,175.6321
12,207.8824,2,839.1603,650.2502,13827.0,700.0,160.1885,0.7173,1.6109,562.0,52.9023,0.3186,0.4832,600,948,586,927,175.6321
12,207.8824,3,1063.4494,649.7046,12263.0,397.0,171.3313,0.7012,2.0376,577.0,60.0941,0.2499,0.3999,948,1304,586,927,175.6321
12,207.8824,4,1375.5406,703.1913,18759.0,278.0,181.4828,0.9197,1.5967,606.0,38.9319,0.4675,0.6371,1304,1656,586,927,175.6321
12,208.2829,1,509.5557,641.2445,10883.0,1425.0,150.58,0.7271,1.9865,561.0,26.7868,0.6081,0.7563,248,600,586,927,175.6321
12,208.2829,2,861.5699,674.9929,14700.0,576.0,156.8171,0.9026,1.6539,589.0,41.3743,0.4418,0.6129,600,948,586,927,175.6321
12,208.2829,3,1053.9826,662.2319,12309.0,253.0,161.7586,0.7944,1.9091,578.0,39.0165,0.5147,0.6796,948,1304,586,927,175.6321
12,208.2829,4,1375.0286,718.4807,19478.0,0.0,191.2915,0.9862,1.6278,608.0,33.3654,0.5562,0.7148,1304,1656,586,927,175.6321
12,208.6834,1,511.0423,644.9016,9997.0,1173.0,146.2473,0.7795,2.0548,562.0,26.3628,0.5987,0.7489,248,600,586,927,175.6321
12,208.6834,2,861.5112,675.7162,13471.0,228.0,154.0584,0.9942,1.6272,588.0,28.3493,0.6172,0.7633,600,948,586,927,175.6321
12,208.6834,3,1041.4173,670.9798,12116.0,119.0,165.3453,0.822,2.092,581.0,34.3152,0.545,0.7055,948,1304,586,927,175.6321
12,208.6834,4,1416.9749,701.8304,16263.0,0.0,192.2059,0.8793,1.9879,591.0,57.5224,0.2841,0.4425,1304,1656,586,927,175.6321
12,209.084,1,510.2644,636.9149,8885.0,1371.0,139.021,0.8711,2.0424,558.0,26.1306,0.5961,0.747,248,600,586,927,175.6321
12,209.084,2,854.1856,667.7377,14114.0,797.0,172.8937,0.9966,1.7756,572.0,27.6741,0.6127,0.7598,600,948,586,927,175.6321
12,209.084,3,1028.392,662.6396,11763.0,355.0,164.4291,0.887,2.0458,576.0,30.0039,0.6152,0.7618,948,1304,586,927,175.6321
12,209.084,4,1464.578,686.8977,18930.0,493.0,204.2589,0.7802,1.8003,569.0,52.9556,0.295,0.4556,1304,1656,586,927,175.6321
12,209.4845,1,509.1614,632.335,8923.0,1378.0,147.1199,0.8942,2.1288,557.0,20.0359,0.75,0.8571,248,600,586,927,175.6321
12,209.4845,2,838.8351,660.8773,14552.0,813.0,179.8798,0.8788,1.8434,573.0,35.3879,0.5648,0.7219,600,948,586,927,175.6321
12,209.4845,3,1029.5544,667.8808,11471.0,229.0,159.0867,0.8677,2.0061,578.0,20.952,0.7643,0.8664,948,1304,586,927,175.6321
12,209.4845,4,1506.3693,701.4546,21386.0,259.0,223.724,0.8054,1.9161,576.0,55.8277,0.2867,0.4457,1304,1656,586,927,175.6321
12,209.8851,1,508.8719,642.158,9452.0,1472.0,169.0753,0.9654,2.6108,551.0,28.5941,0.6354,0.777,248,600,586,927,175.6321
12,209.8851,2,813.101,650.8873,13624.0,653.0,183.6743,0.7108,2.148,572.0,45.9351,0.4189,0.5905,600,948,586,927,175.6321
12,209.8851,3,1019.335,681.2537,12847.0,42.0,174.1358,0.9644,2.0726,583.0,37.6824,0.4666,0.6363,948,1304,586,927,175.6321
12,209.8851,4,1525.1824,722.9715,19587.0,0.0,218.9455,0.8794,2.1436,614.0,43.8973,0.4634,0.6333,1304,1656,586,927,175.6321
12,210.2856,1,502.862,657.1245,13822.0,2079.0,241.619,0.9896,3.0734,548.0,33.687,0.5577,0.7161,248,600,586,927,175.6321
12,210.2856,2,757.1759,630.0788,13879.0,1609.0,207.2853,0.5535,2.6113,548.0,54.3008,0.3047,0.4671,600,948,586,927,175.6321
12,210.2856,3,1018.7773,693.3106,13128.0,92.0,176.6749,0.9279,2.1612,593.0,26.2825,0.682,0.8109,948,1304,586,927,175.6321
12,210.2856,4,1516.1238,710.069,18048.0,15.0,190.3986,0.875,1.9041,610.0,32.3709,0.6063,0.7549,1304,1656,586,927,175.6321
12,210.6862,1,496.016,646.0394,11839.0,2086.0,190.0221,0.9809,2.5436,543.0,26.4233,0.6661,0.7996,248,600,586,927,175.6321
12,210.6862,2,715.9982,641.8781,14525.0,1761.0,194.7358,0.6817,2.1139,544.0,57.1103,0.2527,0.4034,600,948,586,927,175.6321
12,210.6862,3,1020.2065,676.7811,15828.0,1136.0,195.1693,0.9996,2.0161,555.0,37.9755,0.4959,0.663,948,1304,586,927,175.6321
12,210.6862,4,1507.4879,688.0636,15357.0,0.0,179.3352,0.7003,1.791,594.0,40.2402,0.4686,0.6382,1304,1656,586,927,175.6321
12,211.0867,1,493.4521,650.4177,11438.0,1349.0,171.2756,0.9925,2.1231,553.0,25.1146,0.6924,0.8182,248,600,586,927,175.6321
12,211.0867,2,708.8054,669.6545,11928.0,723.0,171.3017,0.7252,2.4719,578.0,44.5565,0.3561,0.5252,600,948,586,927,175.6321
12,211.0867,3,1027.3884,674.1269,13006.0,0.0,157.3664,0.9713,1.6176,595.0,32.394,0.5651,0.7221,948,1304,586,927,175.6321
12,211.0867,4,1495.0936,693.2093,15796.0,0.0,142.239,0.9755,1.1802,595.0,32.4525,0.5523,0.7116,1304,1656,586,927,175.6321
12,211.4873,1,482.3769,623.4461,10837.0,1966.0,158.3331,0.7707,1.916,556.0,40.8646,0.4383,0.6095,248,600,586,927,175.6321
12,211.4873,2,693.8336,655.0263,10924.0,1370.0,163.7807,0.9037,2.3716,549.0,30.3361,0.4842,0.6525,600,948,586,927,175.6321
12,211.4873,3,1045.1369,672.2893,14817.0,515.0,182.818,0.9296,1.8626,572.0,39.3001,0.4731,0.6423,948,1304,586,927,175.6321
12,211.4873,4,1483.3826,689.5486,17050.0,0.0,202.1193,0.7591,2.0749,589.0,44.0224,0.3957,0.567,1304,1656,586,927,175.6321
12,211.8878,1,448.7863,607.0833,10435.0,2723.0,168.8996,0.4964,2.2183,554.0,42.102,0.4617,0.6317,248,600,586,927,175.6321
12,211.8878,2,686.3403,646.9314,11480.0,1873.0,183.2328,0.917,2.5526,537.0,25.2502,0.6343,0.7762,600,948,586,927,175.6321
12,211.8878,3,1070.4673,662.5314,14089.0,0.0,159.1868,0.6977,1.5359,588.0,39.6513,0.4292,0.6006,948,1304,586,927,175.6321
12,211.8878,4,1456.714,706.9965,17928.0,0.0,184.23,0.9507,1.7277,596.0,48.7383,0.3758,0.5463,1304,1656,586,927,175.6321
12,212.2883,1,421.2613,621.6318,12109.0,2707.0,176.3242,0.7308,2.1425,550.0,53.8038,0.3843,0.5553,248,600,586,927,175.6321
12,212.2883,2,686.941,678.0087,12756.0,783.0,198.1989,0.9372,2.7019,564.0,40.459,0.5045,0.6707,600,948,586,927,175.6321
12,212.2883,3,1100.9575,646.709,15588.0,80.0,208.4315,0.4486,2.3559,583.0,34.1995,0.5013,0.6679,948,1304,586,927,175.6321
12,212.2883,4,1440.977,724.2788,20451.0,0.0,210.7162,0.8098,1.9394,601.0,41.9512,0.3841,0.555,1304,1656,586,927,175.6321
12,212.6889,1,403.012,627.9966,12808.0,2860.0,173.0856,0.7162,2.0753,549.0,43.2712,0.508,0.6738,248,600,586,927,175.6321
12,212.6889,2,687.3404,681.12,13654.0,745.0,194.8544,0.9573,2.4162,565.0,27.2637,0.6558,0.7921,600,948,586,927,175.6321
12,212.6889,3,1140.1463,647.8669,17432.0,906.0,195.1218,0.4669,2.092,585.0,35.6578,0.4157,0.5873,948,1304,586,927,175.6321
12,212.6889,4,1452.4227,689.3686,15838.0,0.0,209.7109,0.6432,2.3123,593.0,35.1467,0.4898,0.6576,1304,1656,586,927,175.6321
12,213.0894,1,394.8212,631.5191,12783.0,2739.0,171.307,0.8013,2.0071,550.0,33.8863,0.6258,0.7698,248,600,586,927,175.6321
12,213.0894,2,692.9924,668.3464,12712.0,845.0,163.8598,0.9259,2.0607,579.0,30.5734,0.5826,0.7363,600,948,586,927,175.6321
12,213.0894,3,1146.8138,655.8287,16592.0,941.0,190.4666,0.4996,2.1728,583.0,27.9026,0.6095,0.7574,948,1304,586,927,175.6321
12,213.0894,4,1474.0957,663.7086,14855.0,0.0,200.3679,0.4408,2.3675,595.0,35.5444,0.5142,0.6792,1304,1656,586,927,175.6321
12,213.49,1,389.103,656.5959,13825.0,1443.0,194.8884,0.8001,2.393,556.0,46.6283,0.4548,0.6252,248,600,586,927,175.6321
12,213.49,2,681.5565,649.0614,11277.0,1056.0,131.012,0.8361,1.5343,583.0,33.4,0.5496,0.7093,600,948,586,927,175.6321
12,213.49,3,1160.6961,657.5764,15386.0,829.0,174.0901,0.5435,2.0013,585.0,29.2637,0.5767,0.7315,948,1304,586,927,175.6321
12,213.49,4,1498.6129,671.6309,15067.0,117.0,198.0473,0.5998,2.2952,582.0,38.1282,0.4452,0.6161,1304,1656,586,927,175.6321
12,213.8905,1,384.0749,665.7774,15994.0,2615.0,220.5309,0.983,2.6289,535.0,44.8,0.4288,0.6002,248,600,586,927,175.6321
12,213.8905,2,680.7502,642.1922,14597.0,1296.0,164.9692,0.7461,1.4706,556.0,38.93,0.5147,0.6796,600,948,586,927,175.6321
12,213.8905,3,1185.0699,662.078,13312.0,0.0,165.7556,0.6056,1.8635,587.0,32.3844,0.4944,0.6616,948,1304,586,927,175.6321
12,213.8905,4,1531.9324,692.1317,13807.0,0.0,160.7694,0.7631,1.6814,593.0,54.8079,0.25,0.3999,1304,1656,586,927,175.6321
12,214.2911,1,381.4717,660.348,15379.0,2365.0,199.6826,0.9495,2.3809,558.0,31.6312,0.5911,0.743,248,600,586,927,175.6321
12,214.2911,2,725.3788,654.0731,15020.0,435.0,190.7884,0.6157,2.08,574.0,56.0892,0.2712,0.4266,600,948,586,927,175.6321
12,214.2911,3,1186.7326,671.3112,12618.0,0.0,162.4848,0.7256,1.9434,587.0,27.3203,0.5975,0.748,948,1304,586,927,175.6321
12,214.2911,4,1538.66,704.2253,15214.0,0.0,163.5623,0.9399,1.641,598.0,29.0913,0.5569,0.7154,1304,1656,586,927,175.6321
12,214.6916,1,383.0605,647.9861,12555.0,2165.0,169.1026,0.9577,2.0591,547.0,43.1903,0.4183,0.5898,248,600,586,927,175.6321
12,214.6916,2,762.4675,655.1838,15267.0,691.0,204.3257,0.6015,2.1612,565.0,50.6569,0.3776,0.5482,600,948,586,927,175.6321
12,214.6916,3,1194.9873,674.1222,12157.0,0.0,158.5698,0.7817,1.9421,588.0,21.8486,0.6522,0.7895,948,1304,586,927,175.6321
12,214.6916,4,1517.5723,702.6605,15563.0,0.0,175.0675,0.9118,1.6805,592.0,37.3077,0.4601,0.6303,1304,1656,586,927,175.6321
12,215.0921,1,406.431,618.3689,11960.0,2818.0,165.9594,0.729,1.9225,543.0,46.4394,0.4109,0.5825,248,600,586,927,175.6321
12,215.0921,2,789.7942,652.6957,14695.0,1043.0,150.093,0.9997,1.3515,557.0,49.1691,0.3501,0.5186,600,948,586,927,175.6321
12,215.0921,3,1197.9762,668.7866,10931.0,11.0,138.8527,0.8292,1.6391,585.0,29.9371,0.6033,0.7526,948,1304,586,927,175.6321
12,215.0921,4,1496.5809,705.5011,15012.0,0.0,175.0645,0.9094,1.7874,597.0,43.4203,0.4191,0.5906,1304,1656,586,927,175.6321
12,215.4927,1,424.3319,620.5667,11610.0,2461.0,168.3051,0.7131,2.0221,552.0,45.0741,0.5268,0.69,248,600,586,927,175.6321
12,215.4927,2,794.6695,661.323,16665.0,845.0,210.9565,0.6567,2.3709,568.0,40.8788,0.4012,0.5726,600,948,586,927,175.6321
12,215.4927,3,1198.5392,653.0399,10009.0,869.0,127.4881,0.9563,1.6091,581.0,28.3641,0.5052,0.6713,948,1304,586,927,175.6321
12,215.4927,4,1474.7642,690.0384,16421.0,0.0,195.8113,0.7967,2.0253,596.0,45.1759,0.3502,0.5188,1304,1656,586,927,175.6321
12,215.8932,1,436.0327,635.0514,12819.0,2054.0,184.1409,0.7108,2.3703,553.0,46.9477,0.5109,0.6762,248,600,586,927,175.6321
12,215.8932,2,773.7738,658.953,15439.0,1205.0,207.3607,0.6912,2.4642,557.0,38.3586,0.4474,0.6182,600,948,586,927,175.6321
12,215.8932,3,1194.0644,645.8442,10520.0,973.0,147.4174,0.9586,1.8646,580.0,29.3093,0.5632,0.7205,948,1304,586,927,175.6321
12,215.8932,4,1451.5485,681.7719,14457.0,0.0,178.702,0.5985,2.0254,599.0,33.0114,0.5185,0.6829,1304,1656,586,927,175.6321
12,216.2938,1,453.5698,642.3723,12944.0,1851.0,180.4346,0.7631,2.2687,554.0,45.3243,0.4628,0.6328,248,600,586,927,175.6321
12,216.2938,2,737.9063,657.4071,17042.0,1913.0,200.236,0.8257,1.9602,539.0,46.1664,0.3572,0.5264,600,948,586,927,175.6321
12,216.2938,3,1170.6868,658.8427,11420.0,86.0,143.8498,0.8036,1.6572,582.0,43.1046,0.3869,0.5579,948,1304,586,927,175.6321
12,216.2938,4,1436.1598,679.7106,13066.0,0.0,148.4254,0.6679,1.4779,597.0,34.0872,0.5784,0.7329,1304,1656,586,927,175.6321
12,216.6943,1,469.4399,643.4799,13260.0,1964.0,170.8155,0.7735,2.0032,556.0,39.3385,0.5328,0.6952,248,600,586,927,175.6321
12,216.6943,2,707.9674,675.1625,16831.0,925.0,200.2824,0.7984,2.1663,582.0,47.5426,0.3174,0.4819,600,948,586,927,175.6321
12,216.6943,3,1129.2419,646.0538,12396.0,460.0,179.0255,0.6347,2.1739,576.0,55.4648,0.358,0.5273,948,1304,586,927,175.6321
12,216.6943,4,1430.5698,688.7871,14640.0,0.0,144.3359,0.7355,1.3597,598.0,30.7091,0.5743,0.7296,1304,1656,586,927,175.6321
12,217.0949,1,478.6599,649.2166,12134.0,1539.0,169.6648,0.839,2.1401,559.0,35.8154,0.5695,0.7257,248,600,586,927,175.6321
12,217.0949,2,698.0419,696.5462,15866.0,354.0,198.8843,0.8466,2.2599,582.0,35.126,0.4944,0.6617,600,948,586,927,175.6321
12,217.0949,3,1092.2883,653.6192,13049.0,267.0,174.2235,0.6611,1.9817,579.0,58.0406,0.3068,0.4696,948,1304,586,927,175.6321
12,217.0949,4,1428.3097,684.1788,13767.0,0.0,151.6181,0.8695,1.5002,596.0,35.0687,0.4717,0.641,1304,1656,586,927,175.6321
12,217.4954,1,488.0222,657.8749,13038.0,1615.0,203.3102,0.8622,2.7935,551.0,38.4494,0.5545,0.7134,248,600,586,927,175.6321
12,217.4954,2,690.2112,682.8449,17101.0,895.0,183.0784,0.9411,1.5878,565.0,35.4896,0.5145,0.6795,600,948,586,927,175.6321
12,217.4954,3,1061.8612,654.7318,12522.0,324.0,170.5806,0.6849,2.034,578.0,45.7603,0.4012,0.5726,948,1304,586,927,175.6321
12,217.4954,4,1401.4694,671.4127,14608.0,0.0,183.3377,0.5285,1.9611,590.0,42.8029,0.4641,0.6339,1304,1656,586,927,175.6321
12,217.896,1,486.716,661.4108,12051.0,1193.0,179.4682,0.8852,2.4436,557.0,28.066,0.6489,0.787,248,600,586,927,175.6321
12,217.896,2,696.8293,665.749,13619.0,693.0,160.6722,0.7478,1.6889,571.0,32.7608,0.5126,0.6778,600,948,586,927,175.6321
12,217.896,3,1041.586,663.3417,12542.0,453.0,163.6281,0.8195,2.0151,575.0,48.1486,0.4192,0.5907,948,1304,586,927,175.6321
12,217.896,4,1379.1772,693.6439,16585.0,0.0,148.9507,0.9196,1.2498,608.0,44.0116,0.3526,0.5214,1304,1656,586,927,175.6321
12,218.2965,1,486.8768,636.5935,14601.0,3710.0,212.9013,0.9744,2.5866,512.0,44.4041,0.3555,0.5245,248,600,586,927,175.6321
12,218.2965,2,696.166,675.4597,13718.0,628.0,159.7621,0.8359,1.7146,581.0,25.1622,0.641,0.7812,600,948,586,927,175.6321
12,218.2965,3,1035.3333,673.5598,11614.0,111.0,167.8483,0.8046,2.2785,582.0,33.0115,0.5818,0.7356,948,1304,586,927,175.6321
12,218.2965,4,1402.5054,677.3757,14091.0,0.0,165.508,0.5864,1.6571,599.0,38.2639,0.457,0.6273,1304,1656,586,927,175.6321
12,218.697,1,469.3574,673.0532,12996.0,530.0,177.3966,0.9578,2.1657,571.0,46.5847,0.3308,0.4972,248,600,586,927,175.6321
12,218.697,2,694.7014,693.5142,14161.0,52.0,187.4281,0.839,2.1106,585.0,33.8009,0.5204,0.6845,600,948,586,927,175.6321
12,218.697,3,1027.9722,673.1171,12115.0,133.0,166.8201,0.8564,2.105,581.0,25.0167,0.6633,0.7976,948,1304,586,927,175.6321
12,218.697,4,1417.717,673.4516,14838.0,0.0,182.2817,0.4898,2.0094,592.0,24.0459,0.6352,0.7769,1304,1656,586,927,175.6321
12,219.0976,1,451.1323,641.8157,12535.0,2348.0,178.3754,0.8908,2.202,543.0,39.3365,0.4796,0.6483,248,600,586,927,175.6321
12,219.0976,2,688.0323,688.4567,15799.0,547.0,208.3178,0.902,2.2741,569.0,23.834,0.7213,0.8381,600,948,586,927,175.6321
12,219.0976,3,1027.8781,666.1604,12342.0,383.0,164.7202,0.8847,2.0031,574.0,24.2173,0.688,0.8151,948,1304,586,927,175.6321
12,219.0976,4,1450.5733,653.654,13095.0,0.0,198.6145,0.4892,2.2981,590.0,32.7857,0.5371,0.6989,1304,1656,586,927,175.6321
12,219.4981,1,427.5178,621.7745,13008.0,3307.0,178.8134,0.6952,2.0942,546.0,42.6297,0.4829,0.6513,248,600,586,927,175.6321
12,219.4981,2,687.0229,675.7345,14859.0,508.0,184.0043,0.8875,2.0051,582.0,27.4492,0.676,0.8067,600,948,586,927,175.6321
12,219.4981,3,1028.2061,674.6837,11516.0,40.0,159.4628,0.7892,2.0919,583.0,24.3507,0.6547,0.7913,948,1304,586,927,175.6321
12,219.4981,4,1473.1953,669.2509,15118.0,0.0,215.6276,0.4643,2.5564,598.0,42.0856,0.455,0.6254,1304,1656,586,927,175.6321
12,219.8987,1,403.1608,619.9839,14384.0,4297.0,192.8437,0.843,2.0384,525.0,42.5679,0.4891,0.6569,248,600,586,927,175.6321
12,219.8987,2,689.5423,661.5807,14093.0,545.0,152.3704,0.8846,1.4408,575.0,44.2316,0.4395,0.6107,600,948,586,927,175.6321
12,219.8987,3,1024.8447,674.3394,9517.0,163.0,125.4513,0.9995,1.678,579.0,36.2104,0.4261,0.5975,948,1304,586,927,175.6321
12,219.8987,4,1509.1277,679.065,14703.0,0.0,191.7517,0.5896,2.2728,593.0,47.6445,0.35,0.5185,1304,1656,586,927,175.6321
12,220.2992,1,385.8807,650.5589,15421.0,2342.0,218.5485,0.8331,2.4878,565.0,60.7399,0.3027,0.4648,248,600,586,927,175.6321
12,220.2992,2,717.7083,638.0037,15263.0,691.0,232.5843,0.4123,2.8499,570.0,41.475,0.4505,0.6212,600,948,586,927,175.6321
12,220.2992,3,1015.0696,637.39,6836.0,148.0,118.7224,0.9968,1.5496,580.0,24.4109,0.5382,0.6998,948,1304,586,927,175.6321
12,220.2992,4,1547.9771,695.7582,11161.0,0.0,127.0301,0.8771,1.5126,611.0,48.9128,0.2605,0.4133,1304,1656,586,927,175.6321
12,220.6998,1,378.7163,673.2095,13054.0,844.0,181.5249,0.9058,2.2387,564.0,41.889,0.4682,0.6378,248,600,586,927,175.6321
12,220.6998,2,780.9325,638.3494,16289.0,593.0,242.1692,0.3588,2.9854,572.0,52.8459,0.2888,0.4482,600,948,586,927,175.6321
12,220.6998,3,1011.0591,643.6245,7411.0,250.0,123.9605,0.9788,1.7253,577.0,20.6621,0.6852,0.8132,948,1304,586,927,175.6321
12,220.6998,4,1563.1648,667.1109,9237.0,0.0,139.867,0.9748,1.679,597.0,33.3273,0.5187,0.6831,1304,1656,586,927,175.6321
12,221.1003,1,377.024,635.6055,11644.0,2514.0,167.1663,0.8886,2.1663,542.0,52.3818,0.296,0.4568,248,600,586,927,175.6321
12,221.1003,2,817.3469,645.513,14162.0,410.0,189.2809,0.4175,2.3874,576.0,47.6718,0.3683,0.5383,600,948,586,927,175.6321
12,221.1003,3,1005.3017,641.4074,7455.0,324.0,129.6307,0.9917,1.826,575.0,21.8528,0.6974,0.8217,948,1304,586,927,175.6321
12,221.1003,4,1556.5817,666.5294,11042.0,42.0,146.6307,0.9693,1.566,583.0,26.5346,0.6557,0.7921,1304,1656,586,927,175.6321
12,221.5009,1,400.5171,619.7328,10656.0,1995.0,161.8269,0.6071,2.0885,557.0,48.5237,0.3979,0.5693,248,600,586,927,175.6321
12,221.5009,2,833.4474,653.196,12119.0,546.0,164.7364,0.5917,2.0754,569.0,34.0098,0.462,0.632,600,948,586,927,175.6321
12,221.5009,3,1014.3496,646.2712,8765.0,146.0,136.707,0.9398,1.7072,580.0,23.2691,0.6123,0.7596,948,1304,586,927,175.6321
12,221.5009,4,1550.9627,676.902,10888.0,0.0,148.6522,0.9673,1.6478,593.0,22.0267,0.7403,0.8508,1304,1656,586,927,175.6321
12,221.9014,1,420.6242,632.3529,12043.0,1913.0,156.8398,0.8684,1.7584,548.0,44.5416,0.4337,0.605,248,600,586,927,175.6321
12,221.9014,2,847.8204,641.7745,10974.0,736.0,173.2579,0.6191,2.2813,565.0,23.7796,0.6844,0.8126,600,948,586,927,175.6321
12,221.9014,3,1035.1105,646.4601,9745.0,276.0,147.1882,0.7975,1.8553,578.0,36.3095,0.4949,0.6621,948,1304,586,927,175.6321
12,221.9014,4,1543.3923,689.9214,12320.0,0.0,158.3902,0.9957,1.7826,590.0,31.0466,0.6127,0.7598,1304,1656,586,927,175.6321
12,222.3019,1,439.6319,635.0031,11565.0,1398.0,172.939,0.7622,2.1405,562.0,44.7179,0.5153,0.6801,248,600,586,927,175.6321
12,222.3019,2,841.0991,652.1179,11287.0,483.0,158.4704,0.7208,1.9167,568.0,26.0397,0.6326,0.775,600,948,586,927,175.6321
12,222.3019,3,1065.7134,639.244,10310.0,244.0,164.6703,0.5841,2.1552,580.0,47.1214,0.4182,0.5898,948,1304,586,927,175.6321
12,222.3019,4,1539.709,692.4286,12101.0,0.0,153.607,0.9915,1.7917,590.0,29.1502,0.6171,0.7632,1304,1656,586,927,175.6321
12,222.7025,1,450.8418,642.0138,12988.0,1997.0,175.7547,0.7729,2.1753,555.0,39.501,0.5605,0.7184,248,600,586,927,175.6321
12,222.7025,2,843.8288,663.1845,12521.0,528.0,161.6114,0.7739,1.8383,566.0,29.4366,0.6077,0.756,600,948,586,927,175.6321
12,222.7025,3,1092.7399,645.0192,12024.0,282.0,174.4031,0.6048,2.097,579.0,45.8017,0.4362,0.6074,948,1304,586,927,175.6321
12,222.7025,4,1530.4195,688.8535,12093.0,0.0,155.269,0.9724,1.8006,590.0,30.1081,0.5593,0.7174,1304,1656,586,927,175.6321
12,223.103,1,458.7942,644.2696,12703.0,1776.0,170.9149,0.739,2.0883,559.0,27.3088,0.7048,0.8268,248,600,586,927,175.6321
12,223.103,2,846.7675,666.6645,14071.0,947.0,175.0531,0.8355,1.8984,554.0,26.4018,0.6264,0.7703,600,948,586,927,175.6321
12,223.103,3,1114.8321,651.9737,12753.0,86.0,179.7961,0.6315,2.1637,582.0,46.7947,0.4678,0.6374,948,1304,586,927,175.6321
12,223.103,4,1517.0826,678.8306,12156.0,0.0,188.753,0.899,2.4254,588.0,33.5475,0.5258,0.6892,1304,1656,586,927,175.6321
12,223.5036,1,468.0057,645.1595,12360.0,1494.0,176.4493,0.7358,2.32,558.0,30.756,0.6159,0.7623,248,600,586,927,175.6321
12,223.5036,2,846.8676,671.3175,14775.0,1193.0,170.0867,0.7482,2.0918,587.0,28.3146,0.6152,0.7618,600,948,586,927,175.6321
12,223.5036,3,1132.4917,657.4763,13566.0,690.0,182.3636,0.6578,2.2899,582.0,38.712,0.4981,0.665,948,1304,586,927,175.6321
12,223.5036,4,1492.8588,675.1017,12575.0,0.0,183.9839,0.7641,2.2426,591.0,44.7948,0.4335,0.6048,1304,1656,586,927,175.6321
12,223.9041,1,472.3329,644.2582,11798.0,1417.0,175.0294,0.7752,2.2977,559.0,23.9096,0.7389,0.8498,248,600,586,927,175.6321
12,223.9041,2,860.1282,676.6145,15744.0,448.0,167.2975,0.9038,1.6337,588.0,33.5852,0.5379,0.6995,600,948,586,927,175.6321
12,223.9041,3,1143.4905,654.6007,13520.0,760.0,173.6652,0.665,2.0801,580.0,25.3537,0.6956,0.8205,948,1304,586,927,175.6321
12,223.9041,4,1462.4157,672.3639,13480.0,0.0,179.3782,0.7045,2.0305,586.0,51.4303,0.3962,0.5675,1304,1656,586,927,175.6321
12,224.3047,1,471.5905,647.9944,12161.0,1463.0,178.7082,0.7527,2.3171,561.0,20.2601,0.766,0.8675,248,600,586,927,175.6321
12,224.3047,2,846.9945,677.4313,16222.0,448.0,178.3595,0.9084,1.7694,574.0,38.8535,0.4302,0.6016,600,948,586,927,175.6321
12,224.3047,3,1158.7683,652.4901,13425.0,714.0,174.9853,0.6168,2.1106,585.0,31.9531,0.6396,0.7802,948,1304,586,927,175.6321
12,224.3047,4,1435.7591,670.2433,13561.0,0.0,179.4241,0.679,2.1133,586.0,48.6493,0.4502,0.6209,1304,1656,586,927,175.6321
12,224.7052,1,473.7303,645.1563,12080.0,1363.0,177.4199,0.7287,2.2663,561.0,16.1145,0.8018,0.89,248,600,586,927,175.6321
12,224.7052,2,823.5022,664.7438,15578.0,986.0,208.5364,0.7446,2.4172,567.0,39.2364,0.493,0.6604,600,948,586,927,175.6321
12,224.7052,3,1174.0603,664.5305,12768.0,36.0,167.0611,0.6855,1.9915,584.0,38.9693,0.4918,0.6593,948,1304,586,927,175.6321
12,224.7052,4,1416.6438,672.1124,12993.0,339.0,178.3007,0.7624,2.2081,573.0,43.9054,0.4625,0.6325,1304,1656,586,927,175.6321
12,225.1057,1,481.1025,645.5036,11830.0,1487.0,184.1668,0.7432,2.5162,558.0,24.9804,0.6883,0.8154,248,600,586,927,175.6321
12,225.1057,2,797.7694,662.8338,16022.0,775.0,220.3439,0.6761,2.6318,570.0,40.0243,0.4732,0.6424,600,948,586,927,175.6321
12,225.1057,3,1192.2795,664.4974,11775.0,109.0,164.8339,0.7633,2.0613,581.0,36.5055,0.5167,0.6813,948,1304,586,927,175.6321
12,225.1057,4,1404.2785,681.547,12558.0,321.0,177.5895,0.8313,2.319,573.0,30.6405,0.5765,0.7314,1304,1656,586,927,175.6321
12,225.5063,1,484.3121,647.0114,12227.0,1658.0,180.6205,0.7579,2.4016,559.0,23.3449,0.7175,0.8355,248,600,586,927,175.6321
12,225.5063,2,769.025,656.9417,16410.0,1161.0,223.918,0.5958,2.6679,560.0,44.293,0.4131,0.5847,600,948,586,927,175.6321
12,225.5063,3,1197.7423,678.9721,12639.0,123.0,165.474,0.8463,2.0502,581.0,32.7186,0.571,0.727,948,1304,586,927,175.6321
12,225.5063,4,1411.4034,690.6612,13016.0,47.0,175.341,0.7984,2.2097,585.0,30.3222,0.575,0.7302,1304,1656,586,927,175.6321
12,225.9068,1,490.6524,650.7972,11952.0,1395.0,181.6674,0.8181,2.4493,558.0,31.5884,0.605,0.7539,248,600,586,927,175.6321
12,225.9068,2,739.004,658.7062,17093.0,1306.0,219.9713,0.6342,2.3555,553.0,42.9871,0.4158,0.5874,600,948,586,927,175.6321
12,225.9068,3,1200.7737,674.8878,11940.0,0.0,162.1032,0.8216,2.0046,587.0,23.0291,0.7308,0.8445,948,1304,586,927,175.6321
12,225.9068,4,1414.5806,687.2843,12140.0,0.0,172.6696,0.7372,2.2241,588.0,25.2879,0.6778,0.808,1304,1656,586,927,175.6321
12,226.3074,1,489.7492,658.952,11840.0,1107.0,187.4285,0.7527,2.7557,562.0,25.8934,0.6897,0.8163,248,600,586,927,175.6321
12,226.3074,2,719.6726,674.5026,16221.0,884.0,207.7883,0.723,2.4595,581.0,40.1553,0.4407,0.6118,600,948,586,927,175.6321
12,226.3074,3,1201.5793,674.7761,12405.0,8.0,149.2981,0.8659,1.6794,585.0,27.5639,0.6545,0.7912,948,1304,586,927,175.6321
12,226.3074,4,1413.9087,684.1316,11889.0,0.0,162.708,0.7654,2.0553,592.0,28.0863,0.6545,0.7912,1304,1656,586,927,175.6321
12,226.7079,1,501.3627,643.9586,11237.0,1543.0,178.5135,0.7049,2.5739,558.0,26.2552,0.6765,0.807,248,600,586,927,175.6321
12,226.7079,2,702.727,689.8025,14721.0,72.0,204.6626,0.7942,2.4661,583.0,36.0904,0.4665,0.6362,600,948,586,927,175.6321
12,226.7079,3,1207.2706,659.8312,11508.0,768.0,132.4853,0.8951,1.4884,584.0,26.2449,0.6251,0.7693,948,1304,586,927,175.6321
12,226.7079,4,1410.8591,687.2812,11227.0,0.0,161.6331,0.7925,2.1324,596.0,22.1313,0.6968,0.8213,1304,1656,586,927,175.6321
12,227.1085,1,510.6516,646.2296,10218.0,1077.0,164.6685,0.7684,2.4829,559.0,40.6658,0.5001,0.6668,248,600,586,927,175.6321
12,227.1085,2,693.8446,686.2094,14865.0,903.0,216.0816,0.9211,2.6944,562.0,28.2209,0.5784,0.7329,600,948,586,927,175.6321
12,227.1085,3,1218.3712,676.8147,11925.0,0.0,141.5498,0.8434,1.5634,599.0,33.1646,0.5134,0.6784,948,1304,586,927,175.6321
12,227.1085,4,1407.459,684.8586,11861.0,0.0,182.0142,0.842,2.3968,591.0,22.4005,0.7066,0.828,1304,1656,586,927,175.6321
12,227.509,1,519.5587,665.8424,8656.0,576.0,135.6277,0.8334,2.2566,587.0,44.6034,0.398,0.5694,248,600,586,927,175.6321
12,227.509,2,691.7545,684.1785,11913.0,455.0,182.7597,0.8761,2.5809,571.0,27.3045,0.5941,0.7454,600,948,586,927,175.6321
12,227.509,3,1214.8917,668.999,13926.0,807.0,154.3906,0.7746,1.6567,602.0,24.1504,0.6447,0.784,948,1304,586,927,175.6321
12,227.509,4,1403.4612,681.7245,12373.0,0.0,176.1234,0.7731,2.1447,594.0,24.807,0.678,0.8081,1304,1656,586,927,175.6321
12,227.9096,1,527.1114,666.8402,9198.0,875.0,163.0849,0.9089,2.8089,562.0,29.8235,0.5563,0.7149,248,600,586,927,175.6321
12,227.9096,2,692.9578,674.1297,10735.0,396.0,160.8308,0.8847,2.3704,581.0,24.8816,0.6128,0.7599,600,948,586,927,175.6321
12,227.9096,3,1200.5142,681.0973,13838.0,0.0,160.7632,0.775,1.6931,592.0,30.2507,0.557,0.7155,948,1304,586,927,175.6321
12,227.9096,4,1400.9094,682.4398,13225.0,0.0,173.278,0.7467,2.0077,592.0,24.3127,0.6807,0.81,1304,1656,586,927,175.6321
12,228.3101,1,535.5405,652.7737,8843.0,1349.0,164.745,0.9361,2.8517,550.0,26.6863,0.6154,0.7619,248,600,586,927,175.6321
12,228.3101,2,681.9656,664.8493,10275.0,424.0,125.2967,0.99,1.5239,582.0,39.1153,0.3336,0.5003,600,948,586,927,175.6321
12,228.3101,3,1192.6081,668.2563,15079.0,747.0,172.5304,0.6814,1.8364,590.0,27.3147,0.627,0.7708,948,1304,586,927,175.6321
12,228.3101,4,1393.1055,680.4555,13373.0,0.0,145.9268,0.7896,1.4194,595.0,29.7672,0.5899,0.7421,1304,1656,586,927,175.6321
12,228.7106,1,547.452,644.5294,8595.0,1763.0,186.702,0.9803,3.3974,539.0,34.7872,0.5373,0.699,248,600,586,927,175.6321
12,228.7106,2,692.4608,625.9232,10879.0,1225.0,178.7201,0.5806,2.1666,563.0,36.0139,0.4985,0.6653,600,948,586,927,175.6321
12,228.7106,3,1179.3435,666.871,14522.0,0.0,189.2601,0.5078,2.2034,588.0,35.3378,0.5156,0.6804,948,1304,586,927,175.6321
12,228.7106,4,1390.9428,679.3298,13281.0,0.0,138.3233,0.9672,1.2792,589.0,31.0764,0.5753,0.7304,1304,1656,586,927,175.6321
12,229.1112,1,541.6136,651.7849,10163.0,1800.0,148.3219,0.9526,2.2464,580.0,26.0597,0.6456,0.7846,248,600,586,927,175.6321
12,229.1112,2,702.6527,657.796,13848.0,894.0,196.2205,0.8618,2.2339,574.0,44.9134,0.4338,0.6051,600,948,586,927,175.6321
12,229.1112,3,1180.2445,656.3739,14096.0,722.0,163.5792,0.5639,1.8745,584.0,24.8332,0.6264,0.7703,948,1304,586,927,175.6321
12,229.1112,4,1399.4995,684.2291,14529.0,0.0,159.0375,0.7333,1.523,599.0,27.4283,0.6553,0.7917,1304,1656,586,927,175.6321
12,229.5117,1,529.3341,659.4821,10488.0,1092.0,155.6609,0.8741,2.2495,580.0,34.8143,0.5428,0.7037,248,600,586,927,175.6321
12,229.5117,2,721.0027,672.8036,13852.0,226.0,209.6754,0.8157,2.4669,577.0,45.8658,0.4529,0.6235,600,948,586,927,175.6321
12,229.5117,3,1189.3846,666.426,12708.0,8.0,155.8481,0.6622,1.7771,585.0,26.9145,0.5776,0.7323,948,1304,586,927,175.6321
12,229.5117,4,1418.9265,691.9685,15718.0,0.0,145.7001,0.9554,1.2408,596.0,32.8973,0.5223,0.6862,1304,1656,586,927,175.6321
12,229.9123,1,530.0176,647.8887,12041.0,2166.0,183.031,0.9861,2.2233,532.0,28.8533,0.6211,0.7663,248,600,586,927,175.6321
12,229.9123,2,731.7907,662.2561,13954.0,656.0,174.717,0.7377,2.0428,569.0,37.5111,0.5512,0.7107,600,948,586,927,175.6321
12,229.9123,3,1209.3466,664.4042,12233.0,266.0,173.0867,0.792,2.0105,575.0,32.0852,0.5945,0.7457,948,1304,586,927,175.6321
12,229.9123,4,1435.672,696.0745,17429.0,159.0,170.1882,0.9773,1.4676,580.0,32.1062,0.5291,0.692,1304,1656,586,927,175.6321
12,230.3128,1,529.9692,657.2702,11315.0,1307.0,154.819,0.9412,2.0982,580.0,29.0339,0.6317,0.7743,248,600,586,927,175.6321
12,230.3128,2,743.9934,648.3357,9898.0,444.0,119.46,0.8273,1.3796,570.0,38.7353,0.5402,0.7015,600,948,586,927,175.6321
12,230.3128,3,1201.3752,682.9951,12937.0,0.0,173.3432,0.7631,2.1221,597.0,22.9596,0.7341,0.8466,948,1304,586,927,175.6321
12,230.3128,4,1443.6931,695.2108,14958.0,0.0,152.9423,0.8041,1.419,610.0,32.6006,0.5777,0.7323,1304,1656,586,927,175.6321
12,230.7134,1,532.259,644.8849,11808.0,1402.0,153.9595,0.9037,1.6949,558.0,34.1765,0.4933,0.6606,248,600,586,927,175.6321
12,230.7134,2,744.5703,640.6753,15064.0,1030.0,174.7066,0.6262,1.7043,560.0,41.1888,0.3944,0.5657,600,948,586,927,175.6321
12,230.7134,3,1195.832,681.8049,12960.0,9.0,170.5756,0.7147,2.0552,599.0,24.3304,0.6903,0.8168,948,1304,586,927,175.6321
12,230.7134,4,1452.0835,696.0716,16054.0,0.0,160.3696,0.8549,1.4216,599.0,26.4936,0.6784,0.8084,1304,1656,586,927,175.6321
12,231.1139,1,517.2507,641.6994,15634.0,2494.0,171.6784,0.9772,1.4805,532.0,36.3025,0.5019,0.6684,248,600,586,927,175.6321
12,231.1139,2,737.8381,662.4167,15187.0,871.0,177.7275,0.7469,1.8636,568.0,34.0216,0.5396,0.7009,600,948,586,927,175.6321
12,231.1139,3,1192.3787,689.2971,16554.0,834.0,186.6953,0.9543,2.0338,581.0,33.302,0.5147,0.6796,948,1304,586,927,175.6321
12,231.1139,4,1451.4721,682.9682,16188.0,0.0,194.4971,0.724,2.0072,592.0,30.0655,0.5795,0.7338,1304,1656,586,927,175.6321
12,231.5145,1,507.1552,670.0897,17126.0,1777.0,210.0301,0.9063,2.154,550.0,34.5387,0.5091,0.6747,248,600,586,927,175.6321
12,231.5145,2,731.3531,651.5343,13349.0,610.0,191.068,0.6673,2.2206,570.0,28.7435,0.6068,0.7553,600,948,586,927,175.6321
12,231.5145,3,1187.6284,690.9938,13445.0,0.0,189.1143,0.6902,2.3694,596.0,36.7691,0.4459,0.6168,948,1304,586,927,175.6321
12,231.5145,4,1454.2558,676.3255,16132.0,0.0,201.8002,0.5459,2.2429,597.0,27.8835,0.6246,0.7689,1304,1656,586,927,175.6321
12,231.915,1,508.3446,657.4505,12796.0,1595.0,212.5866,0.7872,2.8855,549.0,29.9228,0.5566,0.7151,248,600,586,927,175.6321
12,231.915,2,730.5968,655.0711,12878.0,1044.0,171.4639,0.7402,2.0818,562.0,22.7378,0.6649,0.7987,600,948,586,927,175.6321
12,231.915,3,1193.7455,674.1976,15774.0,1864.0,192.9162,0.9678,2.2573,559.0,38.83,0.4067,0.5782,948,1304,586,927,175.6321
12,231.915,4,1454.0244,678.57,16003.0,0.0,190.9729,0.494,2.0943,595.0,26.7265,0.6757,0.8065,1304,1656,586,927,175.6321
12,232.3155,1,525.6878,632.6735,11919.0,3016.0,215.6989,0.9264,3.0918,518.0,32.8318,0.5188,0.6831,248,600,586,927,175.6321
12,232.3155,2,719.7344,648.2586,11967.0,1010.0,172.5185,0.7313,2.2929,562.0,24.4024,0.6321,0.7746,600,948,586,927,175.6321
12,232.3155,3,1191.7517,691.9148,12880.0,0.0,173.9293,0.7644,2.2316,591.0,35.9072,0.4266,0.5981,948,1304,586,927,175.6321
12,232.3155,4,1447.8586,676.3589,13665.0,0.0,160.6346,0.5555,1.7664,592.0,27.9792,0.6479,0.7864,1304,1656,586,927,175.6321
12,232.7161,1,535.4943,672.0666,10985.0,1210.0,163.1876,0.9365,2.3282,580.0,41.4977,0.333,0.4997,248,600,586,927,175.6321
12,232.7161,2,711.9447,657.8213,11029.0,607.0,153.3635,0.7728,2.0739,569.0,30.2429,0.5027,0.6691,600,948,586,927,175.6321
12,232.7161,3,1222.9797,664.9498,11985.0,805.0,150.5769,0.9973,1.7107,580.0,41.1406,0.3813,0.5521,948,1304,586,927,175.6321
12,232.7161,4,1435.9244,683.0986,12553.0,57.0,150.9093,0.7059,1.8433,584.0,31.7875,0.4882,0.6561,1304,1656,586,927,175.6321
12,233.1166,1,536.6225,670.1979,11982.0,914.0,173.9821,0.9462,2.1857,580.0,26.2578,0.6336,0.7757,248,600,586,927,175.6321
12,233.1166,2,698.0082,667.1055,10544.0,349.0,135.7856,0.8379,1.8465,580.0,29.5491,0.4935,0.6608,600,948,586,927,175.6321
12,233.1166,3,1217.6622,639.262,8034.0,700.0,118.5043,0.9971,1.5636,584.0,27.5519,0.5917,0.7435,948,1304,586,927,175.6321
12,233.1166,4,1420.6915,698.9122,11319.0,0.0,153.2056,0.9555,2.015,595.0,36.7558,0.3718,0.5421,1304,1656,586,927,175.6321
12,233.5172,1,521.7218,654.756,14668.0,1574.0,174.2588,0.998,1.6571,547.0,40.2339,0.5368,0.6986,248,600,586,927,175.6321
12,233.5172,2,689.4555,662.7169,11822.0,636.0,132.8009,0.8306,1.5041,570.0,34.5609,0.4161,0.5877,600,948,586,927,175.6321
12,233.5172,3,1209.0106,650.5248,9270.0,129.0,135.0361,0.8891,1.6549,580.0,30.4715,0.5254,0.6889,948,1304,586,927,175.6321
12,233.5172,4,1407.7718,711.6984,12193.0,0.0,163.9291,0.8715,2.0652,604.0,35.2686,0.4154,0.5869,1304,1656,586,927,175.6321
12,233.9177,1,499.3478,648.5336,15168.0,2022.0,185.4041,0.9299,1.9221,540.0,46.232,0.3659,0.5358,248,600,586,927,175.6321
12,233.9177,2,701.9296,630.2891,11166.0,1122.0,171.3317,0.5833,2.1546,567.0,33.7321,0.5281,0.6911,600,948,586,927,175.6321
12,233.9177,3,1183.6949,651.4954,11048.0,105.0,161.2356,0.7254,1.9968,582.0,44.9327,0.4591,0.6293,948,1304,586,927,175.6321
12,233.9177,4,1399.4715,708.1682,12786.0,0.0,172.2492,0.8395,2.0659,608.0,23.6045,0.6553,0.7918,1304,1656,586,927,175.6321
12,234.3183,1,467.7765,644.2686,17673.0,2910.0,202.8834,0.9592,1.8143,521.0,44.3835,0.4437,0.6147,248,600,586,927,175.6321
12,234.3183,2,722.6912,637.3481,11886.0,850.0,176.6741,0.572,2.2217,570.0,41.5449,0.4653,0.6351,600,948,586,927,175.6321
12,234.3183,3,1147.0849,649.3686,12730.0,432.0,178.79,0.6384,2.1744,576.0,56.7887,0.3695,0.5397,948,1304,586,927,175.6321
12,234.3183,4,1393.1317,687.2168,12031.0,0.0,156.6775,0.8374,1.7446,607.0,27.3473,0.6321,0.7745,1304,1656,586,927,175.6321
12,234.7188,1,469.9598,670.8406,18134.0,796.0,244.4688,0.6461,2.7547,570.0,41.1402,0.4476,0.6184,248,600,586,927,175.6321
12,234.7188,2,742.074,643.4641,12914.0,1045.0,182.724,0.6833,2.1715,560.0,42.1829,0.5029,0.6693,600,948,586,927,175.6321
12,234.7188,3,1109.8334,652.4038,12745.0,455.0,174.3161,0.6983,2.1038,576.0,56.1856,0.3465,0.5147,948,1304,586,927,175.6321
12,234.7188,4,1394.3214,673.7243,14035.0,0.0,168.4691,0.7253,1.7671,588.0,41.3616,0.4038,0.5753,1304,1656,586,927,175.6321
12,235.1193,1,495.5632,638.6153,12564.0,1797.0,225.0708,0.6501,3.2037,549.0,31.846,0.551,0.7105,248,600,586,927,175.6321
12,235.1193,2,763.2704,651.4333,13028.0,1147.0,202.756,0.8073,2.5856,568.0,49.2048,0.4558,0.6262,600,948,586,927,175.6321
12,235.1193,3,1089.0998,660.1512,13069.0,195.0,172.7331,0.7095,2.0608,580.0,44.2956,0.4509,0.6215,948,1304,586,927,175.6321
12,235.1193,4,1412.3888,664.69,14353.0,0.0,207.5844,0.4988,2.391,596.0,35.373,0.5187,0.6831,1304,1656,586,927,175.6321
12,235.5199,1,527.1858,630.2367,11250.0,3033.0,218.1931,0.9215,3.3204,516.0,49.8212,0.3261,0.4918,248,600,586,927,175.6321
12,235.5199,2,779.1441,671.8505,13830.0,261.0,200.5699,0.7026,2.5934,578.0,52.0019,0.4216,0.5931,600,948,586,927,175.6321
12,235.5199,3,1076.3493,661.0309,12599.0,197.0,166.4063,0.7291,1.9743,579.0,35.1497,0.5762,0.7311,948,1304,586,927,175.6321
12,235.5199,4,1446.5666,667.1112,14512.0,0.0,206.2603,0.4831,2.5609,590.0,46.5846,0.4263,0.5977,1304,1656,586,927,175.6321
12,235.9204,1,530.4059,669.849,8084.0,1098.0,189.1693,0.968,3.9804,553.0,34.5209,0.3816,0.5524,248,600,586,927,175.6321
12,235.9204,2,793.7759,658.147,13045.0,537.0,195.209,0.624,2.5762,574.0,36.0217,0.5732,0.7287,600,948,586,927,175.6321
12,235.9204,3,1068.0498,666.05,12644.0,203.0,163.8578,0.7559,2.0012,579.0,31.2997,0.6385,0.7794,948,1304,586,927,175.6321
12,235.9204,4,1484.3153,671.8141,14584.0,0.0,198.4733,0.5301,2.3925,587.0,47.9802,0.341,0.5086,1304,1656,586,927,175.6321
12,236.321,1,536.1822,629.8648,8176.0,1863.0,188.9591,0.9682,3.5069,535.0,31.1225,0.5259,0.6893,248,600,586,927,175.6321
12,236.321,2,801.7681,649.2751,12336.0,504.0,166.1337,0.5864,2.067,572.0,39.7864,0.5345,0.6967,600,948,586,927,175.6321
12,236.321,3,1054.2479,667.043,11177.0,222.0,142.9082,0.9249,1.729,577.0,38.2008,0.5171,0.6817,948,1304,586,927,175.6321
12,236.321,4,1521.0139,676.3908,13497.0,0.0,164.5579,0.6182,1.8074,589.0,47.3058,0.3433,0.5111,1304,1656,586,927,175.6321
12,236.7215,1,533.0559,633.8616,9027.0,2475.0,211.5903,0.9638,4.2658,527.0,22.2558,0.6881,0.8152,248,600,586,927,175.6321
12,236.7215,2,838.3837,643.5758,9911.0,287.0,126.3762,0.6016,1.4448,574.0,51.152,0.3623,0.5319,600,948,586,927,175.6321
12,236.7215,3,1032.9373,648.5209,9296.0,255.0,149.2499,0.8901,1.936,578.0,35.7077,0.448,0.6188,948,1304,586,927,175.6321
12,236.7215,4,1529.1186,696.5142,13453.0,0.0,178.0753,0.8557,2.1349,587.0,44.0528,0.4451,0.616,1304,1656,586,927,175.6321
12,237.1221,1,528.4362,684.4722,9877.0,619.0,213.6114,0.924,3.9018,565.0,45.8716,0.341,0.5086,248,600,586,927,175.6321
12,237.1221,2,849.8518,645.0626,14045.0,721.0,153.8414,0.4899,1.4279,570.0,39.2042,0.4735,0.6427,600,948,586,927,175.6321
12,237.1221,3,1058.3322,641.2892,10323.0,183.0,174.3155,0.6276,2.3314,580.0,42.1409,0.5165,0.6812,948,1304,586,927,175.6321
12,237.1221,4,1530.4941,710.8557,14340.0,0.0,162.3953,0.8495,1.7923,612.0,30.2039,0.5425,0.7034,1304,1656,586,927,175.6321
12,237.5226,1,530.2762,666.2236,11227.0,1704.0,209.8915,0.9321,3.2399,541.0,30.1365,0.5728,0.7284,248,600,586,927,175.6321
12,237.5226,2,827.628,640.8395,13767.0,815.0,217.2067,0.552,2.7587,569.0,42.0784,0.4225,0.5941,600,948,586,927,175.6321
12,237.5226,3,1095.5554,643.732,12081.0,250.0,182.4585,0.5456,2.288,579.0,56.2308,0.3673,0.5373,948,1304,586,927,175.6321
12,237.5226,4,1532.7806,696.3411,13798.0,0.0,166.0067,0.9068,1.7613,594.0,36.1749,0.5121,0.6773,1304,1656,586,927,175.6321
12,237.9232,1,537.1975,664.4412,10415.0,1887.0,161.1206,0.93,2.7918,577.0,30.2602,0.6204,0.7657,248,600,586,927,175.6321
12,237.9232,2,784.4106,642.6285,14963.0,949.0,217.7111,0.5172,2.6328,563.0,50.7764,0.3481,0.5164,600,948,586,927,175.6321
12,237.9232,3,1133.9973,644.1565,13139.0,1025.0,178.4905,0.6696,2.1453,576.0,50.042,0.3515,0.5201,948,1304,586,927,175.6321
12,237.9232,4,1518.3548,690.3793,13570.0,0.0,160.5377,0.8251,1.7452,595.0,33.7943,0.5472,0.7073,1304,1656,586,927,175.6321
12,238.3237,1,536.1802,678.1371,11517.0,1088.0,164.3307,0.9375,2.1818,588.0,28.1444,0.5785,0.733,248,600,586,927,175.6321
12,238.3237,2,750.7767,649.5189,15776.0,699.0,214.8155,0.5044,2.5542,573.0,44.7236,0.3894,0.5605,600,948,586,927,175.6321
12,238.3237,3,1149.0064,649.4928,13453.0,728.0,185.1928,0.5972,2.363,582.0,39.8684,0.5817,0.7356,948,1304,586,927,175.6321
12,238.3237,4,1509.1458,691.4179,14114.0,0.0,173.8052,0.7881,1.9185,593.0,24.6509,0.6653,0.799,1304,1656,586,927,175.6321
12,238.7242,1,533.9062,657.5932,11432.0,1764.0,163.3317,0.9198,2.3254,578.0,24.856,0.6348,0.7766,248,600,586,927,175.6321
12,238.7242,2,735.1967,663.9267,15927.0,765.0,186.7895,0.741,2.0114,571.0,38.7919,0.4652,0.635,600,948,586,927,175.6321
12,238.7242,3,1165.4241,654.9968,13578.0,728.0,168.933,0.685,1.9597,583.0,37.811,0.5339,0.6962,948,1304,586,927,175.6321
12,238.7242,4,1504.341,702.1578,15033.0,0.0,157.6487,0.9395,1.5101,599.0,33.2676,0.54,0.7013,1304,1656,586,927,175.6321
12,239.1248,1,539.5024,660.3414,11694.0,2515.0,225.0783,0.9863,3.3375,527.0,28.3259,0.5881,0.7406,248,600,586,927,175.6321
12,239.1248,2,724.7644,672.2674,15676.0,408.0,214.9805,0.5835,2.6529,583.0,36.3004,0.548,0.708,600,948,586,927,175.6321
12,239.1248,3,1178.2105,659.6956,13313.0,620.0,164.5787,0.701,1.9586,584.0,32.8782,0.5683,0.7247,948,1304,586,927,175.6321
12,239.1248,4,1502.5463,699.3294,14212.0,0.0,177.1116,0.8683,1.9539,598.0,28.2907,0.6072,0.7556,1304,1656,586,927,175.6321
12,239.5253,1,534.3816,693.2218,10688.0,379.0,160.4512,0.9131,2.1482,601.0,32.1205,0.4533,0.6238,248,600,586,927,175.6321
12,239.5253,2,708.7404,676.4968,14197.0,93.0,207.546,0.6899,2.5657,583.0,31.5181,0.5712,0.7271,600,948,586,927,175.6321
12,239.5253,3,1189.421,670.4711,12060.0,0.0,156.9294,0.7527,1.8753,587.0,36.6295,0.5185,0.6829,948,1304,586,927,175.6321
12,239.5253,4,1490.3893,705.7236,13728.0,0.0,166.6503,0.9149,1.7659,602.0,30.5508,0.6343,0.7762,1304,1656,586,927,175.6321
12,239.9259,1,519.8284,643.1748,9130.0,1700.0,202.1831,0.8891,3.4743,534.0,51.789,0.1792,0.304,248,600,586,927,175.6321
12,239.9259,2,702.5317,669.3876,16523.0,1454.0,187.5821,0.979,1.8507,552.0,42.1958,0.4268,0.5983,600,948,586,927,175.6321
12,239.9259,3,1200.1929,671.7248,11942.0,28.0,155.8569,0.8648,1.901,584.0,36.1118,0.5692,0.7254,948,1304,586,927,175.6321
12,239.9259,4,1478.7704,693.2895,12620.0,0.0,141.5805,0.9929,1.4547,600.0,40.6799,0.4811,0.6496,1304,1656,586,927,175.6321
12,240.3264,1,526.4118,620.1515,8553.0,2522.0,183.0946,0.9842,3.268,522.0,37.1804,0.4473,0.6181,248,600,586,927,175.6321
12,240.3264,2,702.3412,668.7793,14638.0,427.0,178.6278,0.7951,2.021,583.0,33.6678,0.5585,0.7167,600,948,586,927,175.6321
12,240.3264,3,1206.3599,681.2229,11777.0,0.0,155.0593,0.8568,2.0061,587.0,32.706,0.5837,0.7371,948,1304,586,927,175.6321
12,240.3264,4,1472.0659,683.9338,12555.0,0.0,167.4468,0.7955,2.0227,593.0,38.0381,0.4582,0.6284,1304,1656,586,927,175.6321
12,240.727,1,511.4837,645.8929,10951.0,1428.0,179.0124,0.916,2.5121,556.0,43.0945,0.3353,0.5023,248,600,586,927,175.6321
12,240.727,2,692.9696,664.899,14096.0,749.0,148.9894,0.9333,1.399,567.0,38.1529,0.4559,0.6263,600,948,586,927,175.6321
12,240.727,3,1210.1752,672.6045,11209.0,13.0,149.6693,0.8916,1.8447,585.0,21.3609,0.7381,0.8493,948,1304,586,927,175.6321
12,240.727,4,1440.4946,672.7604,13230.0,0.0,199.0884,0.6667,2.5941,588.0,46.4622,0.4189,0.5905,1304,1656,586,927,175.6321
12,241.1275,1,474.5324,624.7776,11423.0,2193.0,165.204,0.8008,2.0476,546.0,47.9519,0.3622,0.5318,248,600,586,927,175.6321
12,241.1275,2,701.8407,647.9535,14649.0,706.0,197.0504,0.5524,2.108,568.0,38.0083,0.4769,0.6458,600,948,586,927,175.6321
12,241.1275,3,1211.4964,672.2344,11364.0,0.0,147.323,0.8902,1.7362,586.0,20.2457,0.7539,0.8597,948,1304,586,927,175.6321
12,241.1275,4,1412.6398,680.9928,12894.0,0.0,182.1387,0.7216,2.3126,592.0,48.7017,0.3538,0.5227,1304,1656,586,927,175.6321
12,241.5281,1,453.058,624.5234,12095.0,2672.0,162.1115,0.8721,1.8459,535.0,42.9204,0.4622,0.6322,248,600,586,927,175.6321
12,241.5281,2,733.6536,647.038,15818.0,777.0,207.3366,0.5085,2.3564,567.0,43.4481,0.4445,0.6155,600,948,586,927,175.6321
12,241.5281,3,1214.3947,671.0616,11816.0,0.0,140.1338,0.8966,1.5901,588.0,19.3729,0.7619,0.8649,948,1304,586,927,175.6321
12,241.5281,4,1388.0754,680.8859,12474.0,0.0,177.6327,0.7478,2.2963,589.0,45.2869,0.4241,0.5956,1304,1656,586,927,175.6321
12,241.9286,1,438.5522,641.7277,13127.0,1722.0,179.4481,0.7724,2.0701,555.0,44.5784,0.4427,0.6137,248,600,586,927,175.6321
12,241.9286,2,785.7852,641.8384,15511.0,917.0,230.3126,0.448,2.8936,560.0,53.2321,0.2929,0.4531,600,948,586,927,175.6321
12,241.9286,3,1221.3371,655.3714,11633.0,690.0,123.8837,0.9757,1.3309,585.0,31.1048,0.5852,0.7384,948,1304,586,927,175.6321
12,241.9286,4,1357.6215,683.0327,10868.0,21.0,137.0989,0.8435,1.7282,603.0,44.659,0.3486,0.517,1304,1656,586,927,175.6321
12,242.3291,1,419.6759,648.4345,14779.0,2840.0,216.7855,0.9242,2.7684,535.0,48.3945,0.444,0.615,248,600,586,927,175.6321
12,242.3291,2,821.2088,652.3163,14522.0,563.0,202.048,0.5577,2.3824,568.0,50.5895,0.3356,0.5026,600,948,586,927,175.6321
12,242.3291,3,1224.9526,665.1181,13604.0,698.0,147.2351,0.7839,1.4691,600.0,21.8617,0.7091,0.8298,948,1304,586,927,175.6321
12,242.3291,4,1345.7048,687.6538,12390.0,54.0,171.534,1.0,2.0263,583.0,34.281,0.4858,0.6539,1304,1656,586,927,175.6321
12,242.7297,1,410.9821,672.3199,12914.0,764.0,192.3422,0.9213,2.4069,558.0,44.7018,0.446,0.6168,248,600,586,927,175.6321
12,242.7297,2,841.5282,673.0393,14468.0,0.0,169.6995,0.7586,1.8423,588.0,39.9752,0.4214,0.593,600,948,586,927,175.6321
12,242.7297,3,1223.8016,659.7934,14592.0,722.0,144.7249,0.9548,1.3058,591.0,22.2582,0.7186,0.8363,948,1304,586,927,175.6321
12,242.7297,4,1345.7954,699.0871,13058.0,0.0,164.0296,0.9814,1.8383,607.0,24.1692,0.7063,0.8279,1304,1656,586,927,175.6321
12,243.1302,1,402.8938,646.5554,12329.0,1863.0,193.1748,0.9338,2.4846,550.0,53.217,0.3612,0.5308,248,600,586,927,175.6321
12,243.1302,2,850.5607,677.9354,15171.0,349.0,158.2716,0.9661,1.5316,579.0,34.9992,0.4543,0.6248,600,948,586,927,175.6321
12,243.1302,3,1218.7753,662.455,14148.0,0.0,134.533,0.7278,1.1808,587.0,22.8534,0.6719,0.8038,948,1304,586,927,175.6321
12,243.1302,4,1356.2882,697.1935,11984.0,0.0,152.8378,0.8462,1.7951,605.0,32.725,0.5337,0.696,1304,1656,586,927,175.6321
12,243.5308,1,427.0298,629.939,11139.0,1825.0,155.5612,0.8145,1.8984,550.0,45.5453,0.4656,0.6353,248,600,586,927,175.6321
12,243.5308,2,846.7946,677.6737,15443.0,527.0,175.0861,0.9988,1.7536,572.0,27.9703,0.5956,0.7466,600,948,586,927,175.6321
12,243.5308,3,1211.2962,666.2077,16297.0,10.0,151.4137,0.6535,1.3118,586.0,24.7373,0.6865,0.8141,948,1304,586,927,175.6321
12,243.5308,4,1353.3795,683.7841,11279.0,0.0,138.0479,0.8225,1.5743,603.0,24.2775,0.6571,0.7931,1304,1656,586,927,175.6321
12,243.9313,1,443.7982,637.2789,12505.0,2086.0,169.5031,0.8155,2.0615,550.0,40.2656,0.4835,0.6518,248,600,586,927,175.6321
12,243.9313,2,837.495,687.1418,14785.0,162.0,179.5432,0.9944,1.8938,585.0,31.4351,0.6041,0.7532,600,948,586,927,175.6321
12,243.9313,3,1193.1287,683.1002,16461.0,0.0,165.0259,0.7012,1.4873,589.0,29.3522,0.5961,0.7469,948,1304,586,927,175.6321
12,243.9313,4,1350.4252,694.9642,12075.0,0.0,143.8818,0.9716,1.568,606.0,28.3736,0.601,0.7508,1304,1656,586,927,175.6321
12,244.3319,1,461.8374,631.3428,12045.0,1989.0,173.372,0.8396,2.0747,549.0,37.4264,0.5656,0.7225,248,600,586,927,175.6321
12,244.3319,2,827.6376,677.9469,15036.0,812.0,188.309,0.9945,2.0011,566.0,31.0612,0.6059,0.7546,600,948,586,927,175.6321
12,244.3319,3,1170.1827,675.8382,15240.0,80.0,151.129,0.9058,1.3731,581.0,38.2357,0.5002,0.6669,948,1304,586,927,175.6321
12,244.3319,4,1356.6872,696.6531,13917.0,7.0,155.1315,0.949,1.6314,607.0,25.9505,0.666,0.7996,1304,1656,586,927,175.6321
12,244.7324,1,463.7429,646.9406,12840.0,1800.0,172.4975,0.8657,2.105,555.0,30.8167,0.6771,0.8075,248,600,586,927,175.6321
12,244.7324,2,820.0101,663.8685,12809.0,609.0,153.5787,0.9841,1.6223,564.0,31.1123,0.5932,0.7447,600,948,586,927,175.6321
12,244.7324,3,1152.2071,671.7222,15365.0,0.0,167.6904,0.6788,1.6711,589.0,43.6643,0.4321,0.6034,948,1304,586,927,175.6321
12,244.7324,4,1364.9711,676.6624,14060.0,57.0,163.8128,0.9999,1.501,582.0,30.0142,0.5847,0.738,1304,1656,586,927,175.6321
12,245.1329,1,467.9961,647.1476,13038.0,1811.0,179.7455,0.8196,2.2518,553.0,27.4172,0.6624,0.7969,248,600,586,927,175.6321
12,245.1329,2,809.2367,652.7098,13438.0,549.0,167.3201,0.7578,1.7779,569.0,33.6986,0.5675,0.7241,600,948,586,927,175.6321
12,245.1329,3,1137.3609,665.7002,16873.0,559.0,198.6892,0.6035,2.2317,583.0,27.4397,0.5716,0.7274,948,1304,586,927,175.6321
12,245.1329,4,1417.7597,687.2551,13836.0,0.0,153.1072,0.8468,1.541,595.0,53.5103,0.2645,0.4183,1304,1656,586,927,175.6321
12,245.5335,1,475.083,649.9588,12388.0,1721.0,177.2734,0.8666,2.3202,551.0,30.9003,0.612,0.7593,248,600,586,927,175.6321
12,245.5335,2,799.5634,662.5629,16465.0,368.0,213.9451,0.5916,2.4137,573.0,37.2708,0.4861,0.6542,600,948,586,927,175.6321
12,245.5335,3,1153.9071,655.556,14913.0,0.0,204.5474,0.4188,2.422,586.0,27.9993,0.5919,0.7437,948,1304,586,927,175.6321
12,245.5335,4,1422.601,685.5241,12930.0,0.0,135.7185,0.9986,1.3426,591.0,28.1728,0.6048,0.7537,1304,1656,586,927,175.6321
12,245.934,1,479.5217,653.2225,12321.0,1345.0,182.197,0.7978,2.418,562.0,31.7639,0.6279,0.7715,248,600,586,927,175.6321
12,245.934,2,779.985,667.0249,17883.0,820.0,233.1206,0.6637,2.4957,570.0,35.0825,0.5246,0.6882,600,948,586,927,175.6321
12,245.934,3,1172.1653,659.619,14552.0,46.0,170.4575,0.5211,1.8828,583.0,35.0142,0.4995,0.6662,948,1304,586,927,175.6321
12,245.934,4,1417.4666,690.6995,15064.0,28.0,151.0534,0.9978,1.3879,584.0,26.5297,0.6065,0.7551,1304,1656,586,927,175.6321
12,246.3346,1,482.7352,651.1496,11810.0,1415.0,186.8395,0.8139,2.5971,558.0,24.271,0.7317,0.8451,248,600,586,927,175.6321
12,246.3346,2,763.9417,671.1011,16008.0,695.0,206.7208,0.7751,2.3042,568.0,34.5934,0.5342,0.6964,600,948,586,927,175.6321
12,246.3346,3,1187.3276,668.8632,12664.0,0.0,155.7708,0.6766,1.816,586.0,31.9565,0.487,0.655,948,1304,586,927,175.6321
12,246.3346,4,1412.6786,690.4825,14147.0,0.0,152.729,0.9375,1.4579,595.0,25.5459,0.6374,0.7785,1304,1656,586,927,175.6321
12,246.7351,1,488.496,649.9457,11757.0,1559.0,189.307,0.8075,2.7476,552.0,22.5457,0.7488,0.8564,248,600,586,927,175.6321
12,246.7351,2,758.9494,678.1353,17124.0,414.0,206.1875,0.7668,2.2652,571.0,27.1663,0.6461,0.785,600,948,586,927,175.6321
12,246.7351,3,1201.8543,671.9189,11741.0,0.0,151.2241,0.7664,1.8313,587.0,24.6959,0.5892,0.7415,948,1304,586,927,175.6321
12,246.7351,4,1408.6102,692.1521,13953.0,0.0,158.633,0.8992,1.5584,598.0,18.1715,0.7873,0.881,1304,1656,586,927,175.6321
12,247.1357,1,491.5173,662.9183,12353.0,1200.0,200.5737,0.8109,2.978,561.0,34.8816,0.5833,0.7368,248,600,586,927,175.6321
12,247.1357,2,756.3403,684.1552,15575.0,127.0,175.973,0.833,1.8193,586.0,28.8676,0.6048,0.7537,600,948,586,927,175.6321
12,247.1357,3,1206.7787,673.6733,11306.0,24.0,153.1736,0.8073,1.9306,585.0,20.797,0.6645,0.7985,948,1304,586,927,175.6321
12,247.1357,4,1401.7855,692.8531,13825.0,0.0,160.3095,0.91,1.6368,595.0,21.8093,0.6904,0.8168,1304,1656,586,927,175.6321
12,247.5362,1,491.0439,663.3695,12555.0,992.0,200.6229,0.7308,2.9652,565.0,26.4232,0.6545,0.7912,248,600,586,927,175.6321
12,247.5362,2,747.5722,674.8365,17105.0,679.0,178.7839,0.8667,1.7745,572.0,31.6979,0.531,0.6936,600,948,586,927,175.6321
12,247.5362,3,1207.77,676.9846,11212.0,0.0,160.9454,0.8517,2.0747,589.0,21.8024,0.7327,0.8457,948,1304,586,927,175.6321
12,247.5362,4,1391.271,683.6153,13113.0,0.0,158.3477,0.8611,1.6512,593.0,26.2896,0.6067,0.7552,1304,1656,586,927,175.6321
12,247.9368,1,492.6148,653.2622,11552.0,1051.0,193.9056,0.6977,2.9694,561.0,23.7174,0.6898,0.8164,248,600,586,927,175.6321
12,247.9368,2,747.1109,669.3523,13682.0,619.0,166.4665,0.7935,1.9434,569.0,30.3408,0.5206,0.6848,600,948,586,927,175.6321
12,247.9368,3,1210.4768,667.3264,10457.0,0.0,161.4531,0.8545,2.0358,587.0,16.7067,0.7816,0.8774,948,1304,586,927,175.6321
12,247.9368,4,1384.1891,691.3677,13725.0,0.0,166.0487,0.8689,1.7683,591.0,25.1304,0.6354,0.777,1304,1656,586,927,175.6321
12,248.3373,1,490.5168,657.4651,11562.0,909.0,190.8498,0.7063,2.9304,564.0,23.2977,0.6983,0.8224,248,600,586,927,175.6321
12,248.3373,2,725.9611,670.7957,13368.0,584.0,130.6924,0.9994,1.2433,573.0,33.7153,0.4134,0.585,600,948,586,927,175.6321
12,248.3373,3,1215.0893,651.8969,9198.0,116.0,142.0175,0.917,1.8288,580.0,32.9194,0.6404,0.7808,948,1304,586,927,175.6321
12,248.3373,4,1374.1346,695.8342,13486.0,0.0,167.5588,0.8631,1.8186,601.0,28.1664,0.5868,0.7396,1304,1656,586,927,175.6321
12,248.7378,1,486.4784,658.4794,12260.0,1080.0,192.485,0.7384,2.8083,559.0,22.2354,0.6808,0.8101,248,600,586,927,175.6321
12,248.7378,2,707.2865,641.9496,12875.0,1027.0,170.6876,0.6655,1.8908,565.0,32.9199,0.4555,0.6259,600,948,586,927,175.6321
12,248.7378,3,1218.2985,660.8646,9796.0,751.0,124.746,0.9974,1.6267,587.0,28.7879,0.5433,0.7041,948,1304,586,927,175.6321
12,248.7378,4,1362.2591,675.8642,11865.0,0.0,147.8943,0.9069,1.4713,609.0,29.1682,0.5904,0.7425,1304,1656,586,927,175.6321
12,249.1384,1,488.6797,670.6535,12371.0,1018.0,205.1711,0.8592,3.0844,564.0,36.2676,0.5176,0.6821,248,600,586,927,175.6321
12,249.1384,2,727.6899,633.5577,12475.0,864.0,184.3181,0.4674,2.2895,568.0,35.3942,0.5568,0.7153,600,948,586,927,175.6321
12,249.1384,3,1211.5469,649.6089,10113.0,765.0,139.419,0.9878,1.7402,581.0,29.3293,0.6065,0.755,948,1304,586,927,175.6321
12,249.1384,4,1363.9438,670.7524,12160.0,0.0,135.4562,0.9427,1.2834,594.0,32.4862,0.6377,0.7788,1304,1656,586,927,175.6321
12,249.5389,1,481.4111,666.6061,10862.0,897.0,180.2941,0.917,2.7107,557.0,37.2966,0.4668,0.6365,248,600,586,927,175.6321
12,249.5389,2,745.2337,651.0425,11137.0,347.0,128.9956,0.8305,1.3731,572.0,44.8632,0.3785,0.5491,600,948,586,927,175.6321
12,249.5389,3,1202.2655,646.6107,9912.0,758.0,136.5949,0.9253,1.711,583.0,28.7699,0.6364,0.7778,948,1304,586,927,175.6321
12,249.5389,4,1382.0575,648.7212,12256.0,0.0,188.688,0.4035,2.2111,595.0,33.0208,0.5446,0.7052,1304,1656,586,927,175.6321
12,249.9395,1,479.247,623.1724,10381.0,2139.0,139.7756,0.9187,1.5548,551.0,46.078,0.3561,0.5252,248,600,586,927,175.6321
12,249.9395,2,749.653,656.4337,13819.0,639.0,152.5001,0.7971,1.5442,572.0,39.8958,0.4694,0.6389,600,948,586,927,175.6321
12,249.9395,3,1188.1077,671.0744,10549.0,10.0,142.3713,0.9668,1.7389,585.0,34.5784,0.456,0.6264,948,1304,586,927,175.6321
12,249.9395,4,1403.0207,654.6628,13945.0,0.0,206.3233,0.3639,2.539,593.0,29.4391,0.5924,0.744,1304,1656,586,927,175.6321
12,250.34,1,445.7616,619.6942,16361.0,5815.0,226.0021,0.8922,2.407,515.0,43.6045,0.4163,0.5878,248,600,586,927,175.6321
12,250.34,2,748.1101,656.0742,14551.0,808.0,191.4096,0.6396,2.2967,567.0,34.5504,0.5102,0.6756,600,948,586,927,175.6321
12,250.34,3,1174.4215,673.8178,11819.0,113.0,157.0976,0.8906,1.9391,581.0,36.4102,0.4976,0.6645,948,1304,586,927,175.6321
12,250.34,4,1436.7677,663.7834,14652.0,0.0,198.0735,0.444,2.3397,594.0,40.3861,0.4003,0.5717,1304,1656,586,927,175.6321
12,250.7406,1,420.2064,653.9768,12997.0,1237.0,185.5928,0.819,2.2277,565.0,64.3889,0.1948,0.326,248,600,586,927,175.6321
12,250.7406,2,726.3755,654.361,13234.0,676.0,164.5671,0.6764,1.8876,569.0,34.7123,0.4937,0.661,600,948,586,927,175.6321
12,250.7406,3,1144.9449,650.3723,12058.0,266.0,184.0665,0.6829,2.328,579.0,47.8471,0.4366,0.6078,948,1304,586,927,175.6321
12,250.7406,4,1479.0954,656.0934,12542.0,0.0,184.3998,0.4878,2.1652,595.0,41.8345,0.4408,0.6119,1304,1656,586,927,175.6321
12,251.1411,1,408.0903,652.4216,14293.0,2572.0,209.9897,0.9966,2.5592,530.0,48.0896,0.3958,0.5671,248,600,586,927,175.6321
12,251.1411,2,710.5919,668.5685,12168.0,493.0,140.1422,0.8649,1.6108,570.0,34.4613,0.4547,0.6251,600,948,586,927,175.6321
12,251.1411,3,1114.4312,656.0058,13207.0,384.0,171.79,0.7064,2.0069,577.0,56.1622,0.3575,0.5267,948,1304,586,927,175.6321
12,251.1411,4,1497.6824,676.0038,14240.0,0.0,179.1205,0.5567,2.0493,593.0,38.1229,0.4672,0.6368,1304,1656,586,927,175.6321
12,251.5417,1,408.4424,652.4825,13614.0,2161.0,167.6589,0.9359,2.0147,557.0,37.6207,0.5056,0.6716,248,600,586,927,175.6321
12,251.5417,2,687.2681,667.9736,11814.0,444.0,134.0305,0.9993,1.4279,572.0,33.3644,0.4128,0.5844,600,948,586,927,175.6321
12,251.5417,3,1085.6911,659.629,13403.0,408.0,175.5999,0.751,2.0596,576.0,47.4334,0.4015,0.5729,948,1304,586,927,175.6321
12,251.5417,4,1521.7862,680.0023,13317.0,0.0,156.2056,0.7538,1.6642,591.0,42.3478,0.3931,0.5644,1304,1656,586,927,175.6321
12,251.9422,1,420.1921,634.869,11027.0,1544.0,162.9896,0.8056,2.089,556.0,35.8023,0.493,0.6604,248,600,586,927,175.6321
12,251.9422,2,682.834,638.0956,9699.0,394.0,136.9605,0.7627,1.5058,575.0,30.9998,0.5718,0.7276,600,948,586,927,175.6321
12,251.9422,3,1068.903,666.5241,13159.0,235.0,172.1761,0.7478,2.0813,579.0,42.8967,0.4824,0.6509,948,1304,586,927,175.6321
12,251.9422,4,1549.5352,696.1942,10912.0,0.0,149.2295,0.9575,2.021,594.0,38.8379,0.389,0.5601,1304,1656,586,927,175.6321
12,252.3427,1,440.8954,630.0599,11537.0,1969.0,145.0158,0.8198,1.6476,553.0,38.3298,0.501,0.6675,248,600,586,927,175.6321
12,252.3427,2,697.8843,640.9949,11496.0,374.0,177.7424,0.624,2.1133,576.0,35.4078,0.583,0.7366,600,948,586,927,175.6321
12,252.3427,3,1053.6569,663.5102,12203.0,235.0,162.4531,0.8042,1.9672,579.0,35.1771,0.5556,0.7143,948,1304,586,927,175.6321
12,252.3427,4,1559.3978,670.5099,10215.0,0.0,144.0264,0.987,1.6735,592.0,35.003,0.5045,0.6706,1304,1656,586,927,175.6321
12,252.7433,1,456.9644,631.255,11466.0,1432.0,166.7754,0.7325,1.996,561.0,40.7067,0.5678,0.7243,248,600,586,927,175.6321
12,252.7433,2,709.766,654.8044,12891.0,462.0,180.157,0.6318,2.1626,575.0,32.597,0.6152,0.7618,600,948,586,927,175.6321
12,252.7433,3,1047.713,683.2156,13094.0,246.0,181.9291,0.9146,2.3451,579.0,40.9479,0.5006,0.6672,948,1304,586,927,175.6321
12,252.7433,4,1550.8772,665.498,9803.0,0.0,144.3148,0.9021,1.7438,590.0,26.5304,0.6648,0.7987,1304,1656,586,927,175.6321
12,253.1438,1,457.7938,637.4057,12007.0,1949.0,155.8865,0.8395,1.823,554.0,30.4915,0.628,0.7715,248,600,586,927,175.6321
12,253.1438,2,714.6807,663.1491,12419.0,460.0,152.2698,0.8347,1.7339,571.0,32.4743,0.5382,0.6998,600,948,586,927,175.6321
12,253.1438,3,1039.6978,687.9458,13810.0,318.0,187.3756,0.9025,2.1973,573.0,37.7479,0.5503,0.7099,948,1304,586,927,175.6321
12,253.1438,4,1536.4613,670.2505,10572.0,0.0,149.236,0.8978,1.8313,591.0,32.824,0.5601,0.718,1304,1656,586,927,175.6321
12,253.5444,1,462.6204,648.0676,12857.0,1507.0,164.5624,0.7894,1.9225,560.0,27.7885,0.6266,0.7704,248,600,586,927,175.6321
12,253.5444,2,719.008,664.8764,12469.0,484.0,138.3372,0.9719,1.4596,569.0,29.9101,0.5828,0.7364,600,948,586,927,175.6321
12,253.5444,3,1038.0423,679.6494,14092.0,539.0,194.5914,0.9739,2.2131,571.0,34.6637,0.5468,0.707,948,1304,586,927,175.6321
12,253.5444,4,1513.0855,670.6375,12140.0,0.0,163.9148,0.7254,1.9146,593.0,44.3199,0.4465,0.6174,1304,1656,586,927,175.6321
12,253.9449,1,465.8998,645.3541,12710.0,1954.0,187.3558,0.8403,2.3994,549.0,26.1375,0.6956,0.8205,248,600,586,927,175.6321
12,253.9449,2,711.3965,660.9364,13076.0,416.0,137.908,0.9953,1.3131,571.0,27.7146,0.648,0.7864,600,948,586,927,175.6321
12,253.9449,3,1034.4009,665.8599,13390.0,692.0,181.5177,0.946,2.1279,571.0,25.0305,0.7397,0.8504,948,1304,586,927,175.6321
12,253.9449,4,1485.7026,670.3962,12530.0,0.0,170.7015,0.7096,2.009,592.0,48.7125,0.4392,0.6104,1304,1656,586,927,175.6321
12,254.3455,1,474.0195,646.8963,13111.0,2172.0,177.7906,0.9318,2.1875,541.0,30.8007,0.5772,0.732,248,600,586,927,175.6321
12,254.3455,2,692.2149,656.659,16386.0,839.0,147.7669,0.9541,1.1183,563.0,37.2134,0.5176,0.6821,600,948,586,927,175.6321
12,254.3455,3,1032.1819,665.9973,11586.0,115.0,151.2919,0.837,1.7489,580.0,29.7235,0.5304,0.6931,948,1304,586,927,175.6321
12,254.3455,4,1462.2104,692.1508,13770.0,53.0,164.8572,0.9769,1.8195,583.0,48.6304,0.3573,0.5265,1304,1656,586,927,175.6321
12,254.746,1,473.564,655.3115,13384.0,1848.0,215.6995,0.8721,2.7769,557.0,34.063,0.5492,0.709,248,600,586,927,175.6321
12,254.746,2,698.0748,665.1087,17804.0,498.0,211.6691,0.5128,2.1905,572.0,35.9291,0.4693,0.6388,600,948,586,927,175.6321
12,254.746,3,1014.5177,654.5023,10650.0,204.0,115.3348,0.995,1.1711,592.0,33.2708,0.4886,0.6564,948,1304,586,927,175.6321
12,254.746,4,1442.3541,701.6446,13439.0,0.0,164.2771,0.9904,1.8068,599.0,38.8332,0.4434,0.6144,1304,1656,586,927,175.6321
12,255.1465,1,476.684,647.5819,13148.0,2027.0,195.7052,0.7524,2.5299,557.0,28.3449,0.6756,0.8064,248,600,586,927,175.6321
12,255.1465,2,715.3308,654.6501,17109.0,656.0,224.8603,0.4643,2.6646,567.0,31.0022,0.5407,0.7019,600,948,586,927,175.6321
12,255.1465,3,1025.6425,644.7555,12481.0,95.0,167.5394,0.4335,1.817,582.0,35.124,0.5294,0.6923,948,1304,586,927,175.6321
12,255.1465,4,1433.3978,700.2073,14986.0,0.0,184.2109,0.9446,1.9638,592.0,32.1432,0.5881,0.7406,1304,1656,586,927,175.6321
12,255.5471,1,484.8295,639.2329,12407.0,2364.0,198.7429,0.7657,2.8392,539.0,34.7143,0.5748,0.73,248,600,586,927,175.6321
12,255.5471,2,748.5256,652.3875,15058.0,364.0,200.2615,0.479,2.349,576.0,41.7627,0.4353,0.6065,600,948,586,927,175.6321
12,255.5471,3,1068.2871,642.8275,14930.0,33.0,217.1683,0.3918,2.5429,584.0,43.5682,0.4121,0.5836,948,1304,586,927,175.6321
12,255.5471,4,1426.5481,692.5971,14792.0,0.0,202.7975,0.9584,1.8601,592.0,27.9678,0.6374,0.7786,1304,1656,586,927,175.6321
12,255.9476,1,500.176,651.744,12302.0,2559.0,224.5954,0.919,3.7054,528.0,47.1796,0.3702,0.5404,248,600,586,927,175.6321
12,255.9476,2,778.8713,663.0698,17788.0,250.0,221.3208,0.4587,2.5916,579.0,43.7702,0.3648,0.5346,600,948,586,927,175.6321
12,255.9476,3,1135.3952,642.9437,16244.0,746.0,205.4735,0.3842,2.3804,586.0,48.416,0.2743,0.4305,948,1304,586,927,175.6321
12,255.9476,4,1426.0762,685.5399,14370.0,0.0,197.2437,0.8226,2.1872,589.0,23.7857,0.6594,0.7947,1304,1656,586,927,175.6321
12,256.3482,1,509.1282,668.0952,11766.0,1187.0,207.4377,0.8646,3.1307,561.0,37.026,0.4755,0.6445,248,600,586,927,175.6321
12,256.3482,2,810.24,671.5947,17254.0,391.0,200.4668,0.5204,2.2214,576.0,39.9901,0.4139,0.5855,600,948,586,927,175.6321
12,256.3482,3,1165.2412,646.6874,14969.0,800.0,187.9091,0.3904,2.2431,584.0,38.8537,0.4488,0.6195,948,1304,586,927,175.6321
12,256.3482,4,1436.1906,678.4829,14311.0,0.0,205.9861,0.7258,2.5037,589.0,28.9413,0.5965,0.7473,1304,1656,586,927,175.6321
12,256.7487,1,511.1908,660.2589,11663.0,1298.0,194.161,0.8132,2.9514,551.0,25.3518,0.6708,0.8029,248,600,586,927,175.6321
12,256.7487,2,829.9197,656.5809,13442.0,602.0,177.2762,0.5191,2.181,572.0,29.2378,0.553,0.7121,600,948,586,927,175.6321
12,256.7487,3,1180.0954,658.2402,12333.0,0.0,149.8087,0.5556,1.7627,586.0,34.732,0.4674,0.637,948,1304,586,927,175.6321
12,256.7487,4,1457.7429,676.9643,13394.0,0.0,202.9426,0.7247,2.6566,590.0,38.5072,0.4835,0.6519,1304,1656,586,927,175.6321
12,257.1493,1,527.6954,660.9913,11620.0,2308.0,207.556,0.9543,3.3402,526.0,47.4233,0.3641,0.5339,248,600,586,927,175.6321
12,257.1493,2,842.0721,645.8022,11840.0,547.0,157.4493,0.4909,1.9117,572.0,23.2603,0.6553,0.7918,600,948,586,927,175.6321
12,257.1493,3,1190.1137,664.8359,11012.0,0.0,142.039,0.7654,1.7647,586.0,27.1146,0.5203,0.6844,948,1304,586,927,175.6321
12,257.1493,4,1485.1603,677.3962,13154.0,0.0,176.1365,0.788,2.0486,588.0,45.6266,0.3586,0.5279,1304,1656,586,927,175.6321
12,257.5498,1,541.6329,683.6275,9776.0,1005.0,158.0018,0.9505,2.6572,598.0,44.7563,0.3714,0.5416,248,600,586,927,175.6321
12,257.5498,2,845.7042,647.1052,10700.0,306.0,133.4999,0.5867,1.5819,576.0,28.5014,0.5496,0.7093,600,948,586,927,175.6321
12,257.5498,3,1192.4403,664.9986,11065.0,0.0,145.0711,0.7544,1.7555,587.0,23.0545,0.6554,0.7919,948,1304,586,927,175.6321
12,257.5498,4,1501.1436,696.167,14848.0,66.0,182.6756,0.9553,2.025,582.0,41.1645,0.4233,0.5948,1304,1656,586,927,175.6321
12,257.9504,1,536.996,663.2967,9477.0,1618.0,151.0207,0.9339,2.8311,578.0,31.7473,0.5161,0.6808,248,600,586,927,175.6321
12,257.9504,2,868.7724,641.9608,10003.0,643.0,138.975,0.8658,1.7259,568.0,28.7805,0.5518,0.7112,600,948,586,927,175.6321
12,257.9504,3,1197.52,649.7264,10242.0,7.0,150.7145,0.7427,1.8119,585.0,26.8481,0.7062,0.8278,948,1304,586,927,175.6321
12,257.9504,4,1500.9607,703.3027,14148.0,0.0,194.4688,0.9196,2.3365,593.0,30.3326,0.6044,0.7534,1304,1656,586,927,175.6321
12,258.3509,1,549.8312,640.5735,9962.0,2403.0,212.0049,0.9945,3.4659,524.0,28.5398,0.5841,0.7375,248,600,586,927,175.6321
12,258.3509,2,858.9336,644.696,9485.0,625.0,140.6743,0.8302,1.8751,569.0,23.1155,0.6768,0.8073,600,948,586,927,175.6321
12,258.3509,3,1191.2352,654.5951,13040.0,903.0,157.9881,0.8687,1.7859,580.0,20.1816,0.7232,0.8394,948,1304,586,927,175.6321
12,258.3509,4,1485.7781,702.2204,13728.0,0.0,189.4327,0.8508,2.3566,592.0,41.1427,0.4804,0.649,1304,1656,586,927,175.6321
12,258.7514,1,540.4746,692.082,10183.0,381.0,158.099,0.9361,2.3745,604.0,37.5474,0.4646,0.6344,248,600,586,927,175.6321
12,258.7514,2,855.113,635.9321,8867.0,535.0,131.7482,0.8007,1.6783,570.0,25.2832,0.662,0.7966,600,948,586,927,175.6321
12,258.7514,3,1186.4736,659.9501,12182.0,733.0,147.4192,0.8996,1.6695,586.0,19.1333,0.7989,0.8882,948,1304,586,927,175.6321
12,258.7514,4,1471.4297,695.0221,14501.0,0.0,188.8601,0.7692,2.1979,594.0,35.0979,0.5295,0.6924,1304,1656,586,927,175.6321
12,259.152,1,535.9543,643.4528,10657.0,1954.0,178.8474,0.9901,2.6598,542.0,45.0276,0.3162,0.4804,248,600,586,927,175.6321
12,259.152,2,850.9061,648.4587,8668.0,370.0,111.0721,0.9539,1.2944,571.0,28.697,0.6021,0.7516,600,948,586,927,175.6321
12,259.152,3,1190.2842,657.7183,11654.0,890.0,155.2943,0.9999,1.8746,580.0,30.668,0.6212,0.7663,948,1304,586,927,175.6321
12,259.152,4,1469.0385,690.3875,13550.0,0.0,181.3777,0.7668,2.1039,597.0,16.8371,0.8095,0.8947,1304,1656,586,927,175.6321
12,259.5525,1,515.6083,654.3332,9958.0,1082.0,165.1433,0.8289,2.5023,558.0,36.4105,0.3853,0.5563,248,600,586,927,175.6321
12,259.5525,2,849.9507,649.4584,10335.0,881.0,154.175,0.9962,1.9165,558.0,30.2723,0.5807,0.7347,600,948,586,927,175.6321
12,259.5525,3,1181.5241,660.749,10445.0,140.0,156.8061,0.9847,1.9349,580.0,28.5628,0.618,0.7639,948,1304,586,927,175.6321
12,259.5525,4,1477.4233,685.2369,14029.0,0.0,185.1022,0.7218,2.1574,596.0,27.2393,0.6402,0.7807,1304,1656,586,927,175.6321
12,259.9531,1,515.53,640.9509,9403.0,1280.0,148.7941,0.9564,2.0157,555.0,25.7264,0.557,0.7155,248,600,586,927,175.6321
12,259.9531,2,841.006,646.2968,10477.0,784.0,140.9957,0.9735,1.6501,560.0,33.1591,0.5509,0.7105,600,948,586,927,175.6321
12,259.9531,3,1165.2146,654.4818,10029.0,102.0,140.3409,0.942,1.6822,582.0,35.1941,0.5805,0.7346,948,1304,586,927,175.6321
12,259.9531,4,1487.0355,686.0731,15163.0,0.0,198.3406,0.7395,2.241,589.0,31.911,0.604,0.7531,1304,1656,586,927,175.6321
12,260.3536,1,518.3409,628.4506,7377.0,1166.0,129.6053,0.9712,1.9458,558.0,25.1904,0.5998,0.7498,248,600,586,927,175.6321
12,260.3536,2,831.6245,643.8063,9246.0,530.0,125.5395,0.9992,1.4146,569.0,31.184,0.5835,0.737,600,948,586,927,175.6321
12,260.3536,3,1146.9502,655.1879,11609.0,181.0,156.2001,0.7873,1.8307,580.0,45.9174,0.4759,0.6449,948,1304,586,927,175.6321
12,260.3536,4,1514.0238,684.1502,14345.0,153.0,207.4859,0.7794,2.5709,579.0,56.1369,0.3139,0.4778,1304,1656,586,927,175.6321
12,260.7542,1,513.8038,630.5583,7840.0,1085.0,134.0324,0.9913,1.9435,558.0,22.4248,0.6863,0.814,248,600,586,927,175.6321
12,260.7542,2,829.161,656.4356,13072.0,875.0,152.2869,0.9082,1.6043,563.0,33.4845,0.5548,0.7137,600,948,586,927,175.6321
12,260.7542,3,1123.0104,655.8147,12469.0,332.0,175.2973,0.7779,2.0767,578.0,48.9421,0.4528,0.6234,948,1304,586,927,175.6321
12,260.7542,4,1553.1068,707.5665,11770.0,0.0,152.1693,0.9305,1.9829,613.0,63.8762,0.186,0.3136,1304,1656,586,927,175.6321
12,261.1547,1,507.67,632.446,8860.0,1213.0,136.1678,0.9992,1.7664,556.0,22.0402,0.7299,0.8438,248,600,586,927,175.6321
12,261.1547,2,825.5144,663.2544,13098.0,675.0,188.0036,0.931,1.9013,572.0,35.8199,0.55,0.7097,600,948,586,927,175.6321
12,261.1547,3,1099.925,659.6719,13045.0,193.0,163.202,0.7546,1.8553,579.0,45.7353,0.462,0.632,948,1304,586,927,175.6321
12,261.1547,4,1556.3653,696.033,12361.0,0.0,148.102,0.9742,1.6407,611.0,34.4504,0.5336,0.6959,1304,1656,586,927,175.6321
12,261.5553,1,501.0004,628.0541,9738.0,1596.0,137.8717,0.9397,1.6656,554.0,27.9607,0.6555,0.7919,248,600,586,927,175.6321
12,261.5553,2,823.3636,675.7214,14410.0,677.0,190.7888,0.9131,2.2347,565.0,37.5878,0.5497,0.7095,600,948,586,927,175.6321
12,261.5553,3,1079.1593,665.3168,12846.0,178.0,171.1599,0.8047,2.0117,580.0,42.8302,0.4499,0.6206,948,1304,586,927,175.6321
12,261.5553,4,1544.3451,697.5446,13116.0,0.0,153.9377,0.9996,1.6421,609.0,31.157,0.639,0.7798,1304,1656,586,927,175.6321
12,261.9558,1,487.0949,627.518,9746.0,1423.0,138.1014,0.9116,1.6095,558.0,31.4043,0.6316,0.7742,248,600,586,927,175.6321
12,261.9558,2,831.1172,672.3405,13714.0,400.0,187.8543,0.8724,2.2672,573.0,31.8013,0.6087,0.7568,600,948,586,927,175.6321
12,261.9558,3,1057.543,667.2394,13079.0,484.0,159.6514,0.8715,1.8472,574.0,44.7309,0.4277,0.5991,948,1304,586,927,175.6321
12,261.9558,4,1535.9491,701.4941,13842.0,0.0,168.3754,0.9637,1.782,601.0,32.0324,0.6511,0.7887,1304,1656,586,927,175.6321
12,262.3563,1,479.3374,642.2062,10400.0,1210.0,147.8625,0.9558,1.8016,557.0,28.6554,0.6232,0.7679,248,600,586,927,175.6321
12,262.3563,2,844.3012,663.1116,12460.0,447.0,177.5358,0.7746,2.2703,572.0,39.1836,0.5437,0.7044,600,948,586,927,175.6321
12,262.3563,3,1039.5118,667.9447,12086.0,251.0,161.3383,0.8644,1.9744,579.0,36.4302,0.5122,0.6774,948,1304,586,927,175.6321
12,262.3563,4,1528.2932,696.2679,13072.0,0.0,161.0762,0.9892,1.7221,598.0,22.9549,0.7417,0.8517,1304,1656,586,927,175.6321
12,262.7569,1,463.9105,636.3307,11380.0,1772.0,156.2358,0.979,1.7978,554.0,31.0094,0.6024,0.7519,248,600,586,927,175.6321
12,262.7569,2,860.2321,666.6716,11764.0,521.0,139.143,0.769,1.6884,586.0,45.0245,0.4355,0.6068,600,948,586,927,175.6321
12,262.7569,3,1028.34,665.05,11369.0,442.0,160.9001,0.9021,2.0667,574.0,31.7143,0.5875,0.7401,948,1304,586,927,175.6321
12,262.7569,4,1523.9376,696.2223,12923.0,0.0,147.6046,0.9827,1.5579,608.0,26.9963,0.6543,0.791,1304,1656,586,927,175.6321
12,263.1574,1,458.7108,637.0228,11859.0,1758.0,150.2335,0.8458,1.6804,556.0,31.5345,0.6002,0.7501,248,600,586,927,175.6321
12,263.1574,2,879.0182,665.6821,11168.0,295.0,134.9499,0.8775,1.4957,590.0,35.4079,0.5209,0.685,600,948,586,927,175.6321
12,263.1574,3,1024.5315,670.3051,10921.0,199.0,157.6816,0.9049,2.0821,580.0,24.6516,0.6677,0.8007,948,1304,586,927,175.6321
12,263.1574,4,1525.468,697.6202,13593.0,0.0,154.0329,0.9984,1.5708,600.0,21.3869,0.7189,0.8365,1304,1656,586,927,175.6321
12,263.558,1,447.5819,637.2238,12145.0,1727.0,148.4535,0.8573,1.6064,555.0,30.0043,0.6261,0.77,248,600,586,927,175.6321
12,263.558,2,874.6006,669.74,14419.0,826.0,176.6459,0.9988,1.7717,561.0,27.0593,0.6748,0.8058,600,948,586,927,175.6321
12,263.558,3,1018.6264,670.4612,9874.0,182.0,153.5246,0.9597,2.1611,578.0,32.4782,0.5654,0.7224,948,1304,586,927,175.6321
12,263.558,4,1509.3371,695.3528,13858.0,0.0,154.4903,0.9434,1.5291,599.0,38.4957,0.529,0.692,1304,1656,586,927,175.6321
12,263.9585,1,440.3886,635.7444,11747.0,2021.0,156.5003,0.9938,1.8614,545.0,32.4922,0.6285,0.7719,248,600,586,927,175.6321
12,263.9585,2,863.4767,679.7981,13542.0,0.0,162.3459,0.9906,1.6351,589.0,34.7194,0.5952,0.7463,600,948,586,927,175.6321
12,263.9585,3,1012.8595,640.8499,8921.0,348.0,142.0514,0.8707,1.7817,575.0,32.1306,0.4437,0.6146,948,1304,586,927,175.6321
12,263.9585,4,1496.1924,694.7475,14291.0,0.0,164.6404,0.8681,1.6656,596.0,35.6182,0.5405,0.7017,1304,1656,586,927,175.6321
12,264.3591,1,441.4198,633.9007,12661.0,2085.0,180.5053,0.8378,2.1652,554.0,43.5718,0.5004,0.667,248,600,586,927,175.6321
12,264.3591,2,855.0649,691.0687,15943.0,92.0,191.0888,0.9559,1.8471,586.0,37.3783,0.5688,0.7251,600,948,586,927,175.6321
12,264.3591,3,1028.6938,638.3709,8811.0,341.0,141.1268,0.7508,1.8115,575.0,27.2439,0.5995,0.7496,948,1304,586,927,175.6321
12,264.3591,4,1480.9211,701.5753,14941.0,0.0,171.6819,0.9593,1.7844,591.0,36.6595,0.499,0.6658,1304,1656,586,927,175.6321
12,264.7596,1,449.663,646.5476,12477.0,1638.0,179.2948,0.8103,2.309,554.0,35.8398,0.5958,0.7467,248,600,586,927,175.6321
12,264.7596,2,850.3102,678.432,16574.0,172.0,206.8078,0.7364,2.2855,578.0,34.5068,0.55,0.7097,600,948,586,927,175.6321
12,264.7596,3,1050.2036,634.2491,8899.0,199.0,139.7816,0.6604,1.7106,580.0,40.6171,0.54,0.7013,948,1304,586,927,175.6321
12,264.7596,4,1467.2684,699.4397,13001.0,0.0,161.8562,0.8791,1.7537,596.0,32.0197,0.5955,0.7465,1304,1656,586,927,175.6321
12,265.1602,1,464.6407,643.5605,12463.0,1901.0,171.2717,0.8677,2.1227,551.0,32.5444,0.5641,0.7213,248,600,586,927,175.6321
12,265.1602,2,824.4873,646.6211,13652.0,383.0,201.7826,0.599,2.3851,576.0,33.0988,0.5599,0.7179,600,948,586,927,175.6321
12,265.1602,3,1064.7313,646.6007,12123.0,897.0,172.9436,0.8263,2.0213,568.0,34.9531,0.5298,0.6926,948,1304,586,927,175.6321
12,265.1602,4,1461.4159,699.3124,13588.0,0.0,149.2584,1.0,1.4697,599.0,38.5649,0.5151,0.68,1304,1656,586,927,175.6321
12,265.5607,1,470.1129,651.5586,12815.0,1689.0,178.1959,0.8597,2.256,555.0,27.5571,0.6757,0.8065,248,600,586,927,175.6321
12,265.5607,2,805.8992,648.4553,15415.0,560.0,217.849,0.5729,2.7342,572.0,34.3245,0.5755,0.7306,600,948,586,927,175.6321
12,265.5607,3,1079.6886,655.3669,12585.0,150.0,197.3011,0.6563,2.5571,581.0,45.5124,0.5022,0.6686,948,1304,586,927,175.6321
12,265.5607,4,1454.7046,692.2263,13016.0,0.0,157.9105,0.8544,1.697,598.0,41.3504,0.5111,0.6764,1304,1656,586,927,175.6321
12,265.9612,1,474.9856,649.4378,11858.0,1476.0,172.7115,0.8501,2.2263,558.0,25.4667,0.7057,0.8275,248,600,586,927,175.6321
12,265.9612,2,776.0186,664.2286,14879.0,484.0,229.4498,0.6433,2.9449,569.0,55.1981,0.3208,0.4858,600,948,586,927,175.6321
12,265.9612,3,1113.3382,647.0258,13491.0,958.0,183.9951,0.5771,2.3276,580.0,39.9694,0.4426,0.6136,948,1304,586,927,175.6321
12,265.9612,4,1447.4808,693.6972,12652.0,0.0,150.1481,0.8441,1.6145,597.0,29.8431,0.6215,0.7666,1304,1656,586,927,175.6321
12,266.3618,1,474.7206,648.0858,11655.0,1345.0,165.2897,0.8575,2.135,561.0,18.8558,0.766,0.8675,248,600,586,927,175.6321
12,266.3618,2,755.7997,679.9223,15058.0,227.0,219.0452,0.6976,2.6373,581.0,41.8039,0.4223,0.5938,600,948,586,927,175.6321
12,266.3618,3,1145.0624,641.2111,13036.0,727.0,186.3139,0.5211,2.3172,582.0,46.1399,0.4658,0.6356,948,1304,586,927,175.6321
12,266.3618,4,1444.8802,702.4499,12246.0,0.0,151.1825,0.9826,1.7324,599.0,30.5464,0.5755,0.7306,1304,1656,586,927,175.6321
12,266.7623,1,480.7499,657.2018,12426.0,1700.0,198.1726,0.937,2.7564,555.0,35.2155,0.5565,0.7151,248,600,586,927,175.6321
12,266.7623,2,737.0091,675.9928,13715.0,394.0,168.5916,0.8401,1.981,582.0,35.1217,0.4812,0.6498,600,948,586,927,175.6321
12,266.7623,3,1171.777,648.2736,12723.0,813.0,162.6918,0.6605,1.9627,583.0,49.206,0.4051,0.5766,948,1304,586,927,175.6321
12,266.7623,4,1435.4866,689.925,12924.0,0.0,163.6746,0.9702,1.8109,588.0,28.9614,0.5763,0.7312,1304,1656,586,927,175.6321
12,267.1629,1,482.4505,662.9311,14698.0,2417.0,213.7031,0.9982,2.7492,538.0,32.9098,0.5228,0.6866,248,600,586,927,175.6321
12,267.1629,2,719.3256,682.1556,12870.0,22.0,138.1713,0.9486,1.3974,585.0,33.8296,0.461,0.6311,600,948,586,927,175.6321
12,267.1629,3,1186.9289,660.4827,11777.0,68.0,158.4052,0.7354,1.9769,583.0,39.1642,0.4757,0.6447,948,1304,586,927,175.6321
12,267.1629,4,1435.0763,685.0713,12613.0,0.0,162.4516,0.85,1.8147,594.0,27.4062,0.6339,0.776,1304,1656,586,927,175.6321
12,267.5634,1,472.3446,669.1506,15342.0,1982.0,220.1881,0.9992,2.5946,545.0,30.3858,0.6274,0.771,248,600,586,927,175.6321
12,267.5634,2,714.5348,667.2426,14069.0,628.0,151.9618,0.9162,1.4011,569.0,30.6853,0.5575,0.7159,600,948,586,927,175.6321
12,267.5634,3,1192.4295,661.8926,11541.0,21.0,159.6347,0.7611,1.9635,584.0,23.6108,0.7251,0.8406,948,1304,586,927,175.6321
12,267.5634,4,1433.844,686.0419,12244.0,0.0,156.5956,0.8814,1.779,595.0,28.2459,0.6803,0.8098,1304,1656,586,927,175.6321
12,267.964,1,463.2587,662.1355,12514.0,1423.0,184.7114,0.9339,2.42,555.0,43.3818,0.4616,0.6316,248,600,586,927,175.6321
12,267.964,2,719.0347,637.1557,11899.0,528.0,189.6074,0.5349,2.3471,574.0,36.3895,0.518,0.6825,600,948,586,927,175.6321
12,267.964,3,1188.6301,669.1608,11939.0,0.0,169.0961,0.6917,2.1864,589.0,21.4839,0.7654,0.8671,948,1304,586,927,175.6321
12,267.964,4,1427.8839,691.8128,11882.0,0.0,155.023,0.9998,1.7752,592.0,38.524,0.5121,0.6774,1304,1656,586,927,175.6321
12,268.3645,1,465.5187,640.742,12585.0,2154.0,195.0267,0.6966,2.6991,552.0,44.8251,0.43,0.6014,248,600,586,927,175.6321
12,268.3645,2,728.6667,650.2378,12951.0,655.0,163.2663,0.7233,1.775,564.0,31.9802,0.5956,0.7466,600,948,586,927,175.6321
12,268.3645,3,1192.5882,669.7899,12754.0,11.0,171.388,0.7496,2.09,585.0,23.444,0.73,0.844,948,1304,586,927,175.6321
12,268.3645,4,1428.6138,697.4345,12901.0,0.0,157.4577,0.9797,1.6528,599.0,31.4531,0.647,0.7857,1304,1656,586,927,175.6321
12,268.765,1,471.9914,631.8532,11978.0,1911.0,184.0578,0.6244,2.4755,556.0,30.96,0.5928,0.7444,248,600,586,927,175.6321
12,268.765,2,739.3511,663.1475,12507.0,274.0,145.0495,0.9123,1.5013,576.0,44.4925,0.4195,0.5911,600,948,586,927,175.6321
12,268.765,3,1198.0711,660.6794,11352.0,84.0,150.7825,0.7579,1.8186,582.0,29.5248,0.674,0.8053,948,1304,586,927,175.6321
12,268.765,4,1426.0008,685.8615,14292.0,0.0,191.0156,0.8571,2.0271,588.0,35.3227,0.5251,0.6886,1304,1656,586,927,175.6321
12,269.1656,1,481.9058,636.7594,11159.0,1418.0,169.0639,0.6908,2.3099,562.0,39.3902,0.5727,0.7283,248,600,586,927,175.6321
12,269.1656,2,746.9129,657.7164,14290.0,564.0,177.0295,0.7191,1.877,574.0,31.6407,0.5416,0.7026,600,948,586,927,175.6321
12,269.1656,3,1205.1522,673.8034,11723.0,0.0,147.6046,0.8666,1.7236,589.0,36.8172,0.5573,0.7158,948,1304,586,927,175.6321
12,269.1656,4,1414.2252,671.6086,12039.0,0.0,161.4297,0.7644,1.8477,592.0,28.6662,0.5944,0.7456,1304,1656,586,927,175.6321
12,269.5661,1,487.4154,650.3005,10981.0,929.0,173.7838,0.7536,2.5054,564.0,38.0628,0.5211,0.6852,248,600,586,927,175.6321
12,269.5661,2,751.4659,651.845,13823.0,838.0,185.1045,0.6281,2.2363,569.0,26.1484,0.6523,0.7896,600,948,586,927,175.6321
12,269.5661,3,1206.8177,677.3603,11268.0,0.0,146.5015,0.8575,1.7629,589.0,21.1135,0.6979,0.8221,948,1304,586,927,175.6321
12,269.5661,4,1413.4496,679.6497,11548.0,0.0,139.7139,0.9371,1.4948,593.0,26.5438,0.6278,0.7714,1304,1656,586,927,175.6321
12,269.9667,1,491.9607,648.8106,11386.0,1159.0,172.2609,0.7513,2.4137,562.0,21.1845,0.728,0.8426,248,600,586,927,175.6321
12,269.9667,2,747.9599,653.5912,13673.0,683.0,177.1528,0.6266,2.0696,572.0,24.8717,0.6637,0.7979,600,948,586,927,175.6321
12,269.9667,3,1210.8686,669.6426,11398.0,72.0,138.1057,0.915,1.5236,585.0,23.5058,0.6827,0.8114,948,1304,586,927,175.6321
12,269.9667,4,1407.933,682.5372,12654.0,14.0,151.1606,0.9819,1.616,587.0,27.9369,0.5942,0.7455,1304,1656,586,927,175.6321
12,270.3672,1,494.8453,643.9424,11484.0,1295.0,169.9731,0.6673,2.3119,563.0,20.9755,0.7372,0.8487,248,600,586,927,175.6321
12,270.3672,2,739.1127,655.2442,13366.0,1034.0,180.8839,0.6804,2.2438,562.0,25.4812,0.6388,0.7796,600,948,586,927,175.6321
12,270.3672,3,1217.8531,668.4983,11837.0,19.0,129.6027,0.9855,1.3089,584.0,24.8412,0.6636,0.7978,948,1304,586,927,175.6321
12,270.3672,4,1402.6027,680.1498,12108.0,0.0,157.8254,0.8897,1.7734,593.0,29.957,0.5958,0.7467,1304,1656,586,927,175.6321
12,270.7678,1,502.1813,640.273,10525.0,1069.0,166.031,0.7003,2.3517,563.0,27.15,0.6817,0.8108,248,600,586,927,175.6321
12,270.7678,2,731.8931,655.6516,12791.0,1108.0,179.4005,0.7285,2.3083,560.0,26.2708,0.6317,0.7742,600,948,586,927,175.6321
12,270.7678,3,1221.1024,671.7184,12301.0,0.0,137.4028,0.8948,1.386,599.0,20.5424,0.7663,0.8677,948,1304,586,927,175.6321
12,270.7678,4,1401.407,687.4748,11812.0,0.0,154.7138,0.9214,1.7791,597.0,25.5279,0.7076,0.8288,1304,1656,586,927,175.6321
12,271.1683,1,503.2281,653.2798,10276.0,792.0,166.4093,0.7441,2.5146,566.0,34.119,0.5788,0.7332,248,600,586,927,175.6321
12,271.1683,2,719.7355,659.861,13127.0,1006.0,185.602,0.7426,2.4156,563.0,31.9122,0.5352,0.6973,600,948,586,927,175.6321
12,271.1683,3,1222.923,668.0925,14342.0,560.0,141.2608,0.9761,1.2628,592.0,22.6702,0.6622,0.7968,948,1304,586,927,175.6321
12,271.1683,4,1397.0011,682.843,11811.0,0.0,154.0251,0.9762,1.6909,595.0,21.598,0.7479,0.8558,1304,1656,586,927,175.6321
12,271.5689,1,504.4054,650.1792,10361.0,973.0,172.7139,0.7797,2.5951,563.0,15.9984,0.8076,0.8935,248,600,586,927,175.6321
12,271.5689,2,709.9826,660.1712,12615.0,850.0,184.2548,0.7792,2.3089,566.0,31.3359,0.616,0.7624,600,948,586,927,175.6321
12,271.5689,3,1218.3189,660.3675,15608.0,716.0,140.7683,0.9962,1.173,594.0,22.531,0.7294,0.8435,948,1304,586,927,175.6321
12,271.5689,4,1390.9105,686.4584,11162.0,0.0,146.2646,1.0,1.6528,597.0,25.4014,0.6636,0.7978,1304,1656,586,927,175.6321
12,271.9694,1,500.6414,654.5483,11064.0,790.0,175.6786,0.708,2.536,568.0,27.0331,0.6505,0.7882,248,600,586,927,175.6321
12,271.9694,2,696.5036,658.1385,11835.0,662.0,163.6234,0.7829,2.022,569.0,33.9094,0.5721,0.7279,600,948,586,927,175.6321
12,271.9694,3,1206.1689,668.4922,14946.0,0.0,138.4157,0.8441,1.1278,587.0,30.2693,0.6069,0.7554,948,1304,586,927,175.6321
12,271.9694,4,1388.0207,685.6749,10697.0,0.0,144.1814,0.9975,1.686,598.0,21.3212,0.7455,0.8542,1304,1656,586,927,175.6321
12,272.3699,1,503.1848,657.2943,13226.0,2327.0,209.9807,0.9244,2.9936,542.0,40.9126,0.4319,0.6032,248,600,586,927,175.6321
12,272.3699,2,683.8952,666.6727,11086.0,609.0,144.0264,0.8993,1.8287,580.0,40.0446,0.4909,0.6585,600,948,586,927,175.6321
12,272.3699,3,1182.2395,662.631,16391.0,825.0,173.0779,0.6328,1.6334,586.0,37.6765,0.4775,0.6464,948,1304,586,927,175.6321
12,272.3699,4,1382.1116,686.61,10939.0,0.0,144.7467,0.9999,1.6545,597.0,18.1509,0.7559,0.861,1304,1656,586,927,175.6321
12,272.7705,1,496.8141,675.1483,11548.0,587.0,207.2833,0.7537,3.3092,567.0,43.6865,0.4324,0.6038,248,600,586,927,175.6321
12,272.7705,2,677.4745,652.1321,10370.0,551.0,130.6457,0.9946,1.4973,580.0,35.9379,0.5077,0.6735,600,948,586,927,175.6321
12,272.7705,3,1167.5756,656.7861,15876.0,866.0,189.4848,0.5625,2.0054,584.0,24.3686,0.6459,0.7848,948,1304,586,927,175.6321
12,272.7705,4,1374.3818,688.9419,11008.0,0.0,145.8051,0.9941,1.6817,599.0,20.2258,0.7227,0.839,1304,1656,586,927,175.6321
12,273.171,1,511.712,640.2982,11354.0,1970.0,186.7549,0.8058,2.6989,537.0,42.2163,0.4895,0.6572,248,600,586,927,175.6321
12,273.171,2,694.6798,649.8564,11330.0,527.0,122.4045,0.9978,1.2231,578.0,41.8712,0.485,0.6532,600,948,586,927,175.6321
12,273.171,3,1166.4511,654.8046,15494.0,863.0,189.931,0.4715,2.1623,586.0,19.5694,0.7301,0.844,948,1304,586,927,175.6321
12,273.171,4,1365.8075,689.1586,11971.0,0.0,164.1202,0.9865,1.8814,589.0,24.9203,0.6509,0.7885,1304,1656,586,927,175.6321
12,273.5716,1,506.499,670.9081,11271.0,527.0,178.3192,0.775,2.5207,571.0,38.7619,0.4787,0.6474,248,600,586,927,175.6321
12,273.5716,2,712.0784,647.1423,11692.0,297.0,124.4788,0.8759,1.1476,575.0,36.0296,0.5757,0.7307,600,948,586,927,175.6321
12,273.5716,3,1175.0975,658.9788,15243.0,825.0,174.1066,0.5889,1.9055,585.0,26.6808,0.6071,0.7555,948,1304,586,927,175.6321
12,273.5716,4,1366.2649,684.2503,13264.0,0.0,184.8557,0.9613,2.2156,591.0,26.9925,0.6234,0.768,1304,1656,586,927,175.6321
12,273.9721,1,510.3574,662.9246,10302.0,549.0,172.9767,0.7976,2.5402,569.0,24.1918,0.6625,0.797,248,600,586,927,175.6321
12,273.9721,2,730.5266,644.2853,14155.0,466.0,177.7212,0.4504,1.8798,573.0,33.5152,0.5723,0.728,600,948,586,927,175.6321
12,273.9721,3,1191.4097,662.6785,14080.0,785.0,148.2733,0.7313,1.5686,586.0,27.6766,0.5669,0.7236,948,1304,586,927,175.6321
12,273.9721,4,1372.1227,674.5441,10598.0,0.0,130.7871,0.9668,1.4472,595.0,29.2118,0.4989,0.6657,1304,1656,586,927,175.6321
12,274.3727,1,513.2776,628.4396,9938.0,2630.0,161.0111,0.9749,2.3838,529.0,45.4869,0.3393,0.5067,248,600,586,927,175.6321
12,274.3727,2,745.7729,662.46,16805.0,551.0,203.2785,0.5008,2.3276,574.0,36.5142,0.4937,0.661,600,948,586,927,175.6321
12,274.3727,3,1205.0053,675.5099,11201.0,0.0,144.3296,0.87,1.7585,587.0,27.814,0.4954,0.6626,948,1304,586,927,175.6321
12,274.3727,4,1378.6908,669.5336,10697.0,0.0,144.1095,0.9349,1.6473,592.0,30.9408,0.593,0.7445,1304,1656,586,927,175.6321
12,274.7732,1,504.6058,660.2741,10017.0,660.0,145.2934,0.9974,1.9046,569.0,34.4723,0.3968,0.5682,248,600,586,927,175.6321
12,274.7732,2,782.752,649.8542,14953.0,405.0,206.7913,0.5144,2.529,575.0,42.7011,0.4129,0.5845,600,948,586,927,175.6321
12,274.7732,3,1224.0214,667.8498,10483.0,118.0,170.1376,0.9916,2.2574,581.0,28.8199,0.5448,0.7053,948,1304,586,927,175.6321
12,274.7732,4,1376.8454,668.7681,11214.0,0.0,167.0042,0.8185,2.0266,593.0,35.5615,0.5608,0.7186,1304,1656,586,927,175.6321
12,275.1738,1,496.4399,653.9598,10719.0,954.0,153.9015,0.9898,1.8897,558.0,26.9373,0.6253,0.7695,248,600,586,927,175.6321
12,275.1738,2,804.589,658.6512,15835.0,505.0,212.3671,0.4912,2.4803,571.0,37.4116,0.4747,0.6438,600,948,586,927,175.6321
12,275.1738,3,1222.1754,658.9901,9035.0,17.0,141.6093,0.9938,1.6881,584.0,22.7768,0.688,0.8151,948,1304,586,927,175.6321
12,275.1738,4,1383.6636,676.9027,12433.0,0.0,151.3191,0.7714,1.6498,594.0,27.2432,0.6528,0.79,1304,1656,586,927,175.6321
12,275.5743,1,491.9132,621.4411,10641.0,2611.0,173.9574,1.0,2.2198,532.0,30.9076,0.6023,0.7518,248,600,586,927,175.6321
12,275.5743,2,824.4796,653.8561,15093.0,1125.0,185.5499,0.622,2.0613,565.0,36.2399,0.494,0.6613,600,948,586,927,175.6321
12,275.5743,3,1208.2028,645.2289,9257.0,836.0,152.7854,0.9881,2.0293,585.0,25.1515,0.5546,0.7135,948,1304,586,927,175.6321
12,275.5743,4,1388.6923,679.5627,10989.0,0.0,128.1084,0.859,1.3692,598.0,22.9985,0.7258,0.8411,1304,1656,586,927,175.6321
12,275.9748,1,473.7313,648.633,11150.0,1081.0,182.7237,0.9182,2.3972,562.0,48.727,0.3622,0.5318,248,600,586,927,175.6321
12,275.9748,2,837.414,666.031,13126.0,18.0,168.3898,0.5454,2.1328,585.0,34.1002,0.5117,0.677,600,948,586,927,175.6321
12,275.9748,3,1204.5575,661.2846,9877.0,114.0,133.2855,0.9981,1.5814,584.0,27.2702,0.6091,0.7571,948,1304,586,927,175.6321
12,275.9748,4,1396.3205,669.0632,12791.0,0.0,159.5696,0.5894,1.7983,590.0,39.2908,0.4074,0.579,1304,1656,586,927,175.6321
12,276.3754,1,446.8809,659.7045,11411.0,745.0,178.2733,0.9151,2.2136,560.0,49.9092,0.3581,0.5274,248,600,586,927,175.6321
12,276.3754,2,839.9215,685.2813,12096.0,280.0,163.093,0.693,2.2573,586.0,39.0747,0.3972,0.5686,600,948,586,927,175.6321
12,276.3754,3,1191.5584,657.3215,11107.0,807.0,149.8008,0.995,1.8434,584.0,30.8076,0.5377,0.6994,948,1304,586,927,175.6321
12,276.3754,4,1428.6702,664.328,14443.0,0.0,175.6644,0.4082,1.8675,596.0,40.1947,0.4182,0.5898,1304,1656,586,927,175.6321
12,276.7759,1,428.3773,628.0798,14017.0,3690.0,189.9068,0.9937,2.1621,514.0,43.6426,0.4302,0.6016,248,600,586,927,175.6321
12,276.7759,2,860.3758,674.3342,11995.0,512.0,183.1914,0.8909,2.6652,571.0,31.4442,0.4797,0.6484,600,948,586,927,175.6321
12,276.7759,3,1182.8226,675.6679,11047.0,36.0,143.7678,0.975,1.7155,583.0,30.7048,0.543,0.7038,948,1304,586,927,175.6321
12,276.7759,4,1465.7099,670.0318,14896.0,0.0,184.898,0.4128,2.0492,597.0,43.3489,0.3948,0.5661,1304,1656,586,927,175.6321
12,277.1765,1,423.3674,644.3012,13586.0,2088.0,171.6615,0.7906,1.9426,559.0,41.6841,0.4717,0.641,248,600,586,927,175.6321
12,277.1765,2,837.4012,681.0459,11134.0,138.0,201.8756,0.7666,3.0834,579.0,34.522,0.4118,0.5833,600,948,586,927,175.6321
12,277.1765,3,1167.7574,659.8191,11415.0,197.0,156.2999,0.8422,1.8984,579.0,37.791,0.504,0.6702,948,1304,586,927,175.6321
12,277.1765,4,1499.1834,673.1095,15014.0,0.0,184.6608,0.4437,2.0391,598.0,38.5319,0.4584,0.6286,1304,1656,586,927,175.6321
12,277.577,1,408.3067,633.4093,13265.0,2754.0,187.7922,0.6683,2.3139,551.0,35.041,0.5931,0.7446,248,600,586,927,175.6321
12,277.577,2,834.5649,675.2229,12120.0,328.0,184.4862,0.8094,2.6018,575.0,30.9238,0.5181,0.6825,600,948,586,927,175.6321
12,277.577,3,1153.8569,662.2223,12266.0,219.0,153.5545,0.7991,1.7864,579.0,37.2625,0.5458,0.7061,948,1304,586,927,175.6321
12,277.577,4,1525.0071,681.0401,14011.0,0.0,150.8592,0.6197,1.5479,600.0,40.6507,0.4356,0.6069,1304,1656,586,927,175.6321
12,277.9776,1,392.844,624.0156,13068.0,2968.0,180.8607,0.6207,2.2058,551.0,38.2415,0.561,0.7188,248,600,586,927,175.6321
12,277.9776,2,823.7919,670.8621,11294.0,301.0,175.8753,0.7544,2.4862,577.0,29.2599,0.5359,0.6979,600,948,586,927,175.6321
12,277.9776,3,1132.9724,658.0982,12277.0,268.0,168.8612,0.7809,2.009,578.0,39.4339,0.5282,0.6913,948,1304,586,927,175.6321
12,277.9776,4,1533.7794,690.4906,13260.0,0.0,143.9754,0.9137,1.5305,599.0,30.0019,0.5055,0.6716,1304,1656,586,927,175.6321
12,278.3781,1,379.1507,628.6678,12716.0,2453.0,163.3612,0.6649,1.888,554.0,39.1738,0.516,0.6807,248,600,586,927,175.6321
12,278.3781,2,816.019,672.8099,12704.0,905.0,201.1432,0.8968,2.8327,559.0,31.0174,0.5678,0.7243,600,948,586,927,175.6321
12,278.3781,3,1113.6144,667.1939,13747.0,205.0,184.4963,0.7538,2.1616,580.0,44.5247,0.4492,0.62,948,1304,586,927,175.6321
12,278.3781,4,1522.5257,674.3266,11620.0,0.0,144.7833,0.9275,1.4403,598.0,39.8329,0.4794,0.6481,1304,1656,586,927,175.6321
12,278.7786,1,372.096,633.6758,13277.0,2890.0,172.4869,0.8653,2.0463,545.0,36.9139,0.5818,0.7356,248,600,586,927,175.6321
12,278.7786,2,804.941,693.7556,13825.0,255.0,173.8404,0.9984,1.9847,575.0,30.1256,0.4817,0.6502,600,948,586,927,175.6321
12,278.7786,3,1087.0597,659.2857,13106.0,182.0,177.4035,0.7199,2.0943,580.0,41.549,0.4979,0.6648,948,1304,586,927,175.6321
12,278.7786,4,1497.7125,681.774,12279.0,0.0,150.4132,0.9505,1.5609,598.0,45.4889,0.4617,0.6317,1304,1656,586,927,175.6321
12,279.1792,1,365.1949,652.6878,13118.0,1174.0,179.041,0.8309,2.1255,557.0,40.7848,0.5019,0.6684,248,600,586,927,175.6321
12,279.1792,2,801.9905,682.1061,13992.0,246.0,168.7809,0.982,1.8389,574.0,31.9643,0.5003,0.6669,600,948,586,927,175.6321
12,279.1792,3,1067.4528,662.7704,13126.0,298.0,174.0247,0.7172,2.0869,578.0,42.2244,0.49,0.6577,948,1304,586,927,175.6321
12,279.1792,4,1479.9196,686.0508,13058.0,0.0,137.3867,0.9575,1.322,599.0,42.9817,0.4598,0.63,1304,1656,586,927,175.6321
12,279.5797,1,365.4904,640.7823,12137.0,2064.0,152.5825,0.9627,1.7519,546.0,44.6176,0.4862,0.6543,248,600,586,927,175.6321
12,279.5797,2,786.4508,663.5617,12567.0,709.0,156.6275,0.9137,1.8692,568.0,38.1871,0.3988,0.5702,600,948,586,927,175.6321
12,279.5797,3,1051.7605,664.6373,12713.0,250.0,164.6585,0.7889,1.9421,579.0,36.2534,0.5345,0.6966,948,1304,586,927,175.6321
12,279.5797,4,1457.7104,690.209,12466.0,0.0,147.6483,0.9998,1.6145,597.0,40.8038,0.4229,0.5944,1304,1656,586,927,175.6321
12,279.9803,1,370.7433,620.3196,8879.0,1780.0,121.1183,0.9998,1.4211,552.0,31.176,0.5889,0.7412,248,600,586,927,175.6321
12,279.9803,2,739.6904,629.6197,12628.0,2204.0,192.0314,0.7754,2.4046,547.0,45.341,0.3347,0.5015,600,948,586,927,175.6321
12,279.9803,3,1043.1634,666.6366,12464.0,360.0,167.1114,0.7985,2.1114,576.0,32.1727,0.6339,0.7759,948,1304,586,927,175.6321
12,279.9803,4,1438.0931,680.3343,11629.0,0.0,152.7731,0.8876,1.7685,598.0,33.6433,0.5121,0.6773,1304,1656,586,927,175.6321
12,280.3808,1,379.8435,626.3644,10248.0,2070.0,142.5981,0.9524,1.7366,550.0,36.1605,0.5851,0.7382,248,600,586,927,175.6321
12,280.3808,2,716.0109,655.1603,12431.0,1275.0,161.5574,0.9692,1.8907,552.0,49.6939,0.2917,0.4517,600,948,586,927,175.6321
12,280.3808,3,1033.5921,663.795,11283.0,208.0,152.9528,0.8247,1.9332,579.0,30.5915,0.6508,0.7885,948,1304,586,927,175.6321
12,280.3808,4,1417.6488,679.1898,11954.0,0.0,162.4828,0.8305,1.9221,598.0,41.0905,0.4822,0.6506,1304,1656,586,927,175.6321
12,280.7814,1,395.9456,632.3827,11155.0,1999.0,143.3519,0.9375,1.6184,550.0,41.2995,0.5084,0.6741,248,600,586,927,175.6321
12,280.7814,2,702.5124,678.0224,12371.0,441.0,169.6525,0.9909,2.0656,570.0,30.2601,0.5609,0.7187,600,948,586,927,175.6321
12,280.7814,3,1026.1906,668.4048,10926.0,64.0,151.0523,0.8256,1.9394,582.0,25.9896,0.6433,0.7829,948,1304,586,927,175.6321
12,280.7814,4,1404.2124,684.346,12557.0,0.0,160.3152,0.8318,1.8561,595.0,35.3719,0.5281,0.6912,1304,1656,586,927,175.6321
12,281.1819,1,410.7084,642.9551,12625.0,1829.0,154.4643,0.8967,1.7333,554.0,34.8247,0.5579,0.7162,248,600,586,927,175.6321
12,281.1819,2,706.4482,686.4624,12631.0,140.0,179.019,0.9514,2.1457,580.0,30.9379,0.6014,0.7511,600,948,586,927,175.6321
12,281.1819,3,1025.3184,668.1394,11995.0,296.0,152.7007,0.897,1.8089,576.0,19.4211,0.7723,0.8715,948,1304,586,927,175.6321
12,281.1819,4,1398.3186,688.8042,12502.0,0.0,151.1487,0.9138,1.7058,591.0,26.9832,0.6135,0.7604,1304,1656,586,927,175.6321
12,281.5825,1,416.102,632.5008,11884.0,1947.0,156.2546,0.8674,1.7892,556.0,29.8817,0.6575,0.7933,248,600,586,927,175.6321
12,281.5825,2,703.4032,679.0075,16489.0,1984.0,237.3134,0.9618,2.5956,558.0,30.9092,0.5582,0.7165,600,948,586,927,175.6321
12,281.5825,3,1025.0292,664.0451,11543.0,50.0,142.0747,0.8551,1.5562,583.0,20.3589,0.7451,0.8539,948,1304,586,927,175.6321
12,281.5825,4,1400.4623,688.7263,12733.0,0.0,144.0505,0.9597,1.5061,592.0,24.5735,0.6755,0.8063,1304,1656,586,927,175.6321
12,281.983,1,422.8244,641.8456,13173.0,1984.0,160.8455,0.9043,1.7547,552.0,30.1125,0.6306,0.7734,248,600,586,927,175.6321
12,281.983,2,719.7655,679.797,13924.0,832.0,212.0339,0.8253,2.9606,565.0,34.6226,0.4995,0.6662,600,948,586,927,175.6321
12,281.983,3,1026.0964,664.601,12156.0,33.0,141.5597,0.8185,1.4618,583.0,20.5735,0.7047,0.8268,948,1304,586,927,175.6321
12,281.983,4,1403.4763,684.608,12027.0,0.0,138.7055,0.9947,1.4282,597.0,23.0098,0.6642,0.7982,1304,1656,586,927,175.6321
12,282.3835,1,430.0661,643.8749,12593.0,1606.0,161.0607,0.8569,1.8298,557.0,30.7446,0.6277,0.7712,248,600,586,927,175.6321
12,282.3835,2,705.9185,663.0969,13076.0,970.0,192.1871,0.8217,2.4354,562.0,35.3297,0.5533,0.7124,600,948,586,927,175.6321
12,282.3835,3,1028.866,662.9141,13161.0,27.0,139.8068,0.7968,1.279,584.0,22.537,0.719,0.8365,948,1304,586,927,175.6321
12,282.3835,4,1412.8189,683.6604,11813.0,0.0,143.4722,0.9704,1.5702,597.0,26.5047,0.6449,0.7841,1304,1656,586,927,175.6321
12,282.7841,1,434.193,648.0986,12909.0,1600.0,160.9301,0.8375,1.8361,558.0,21.3899,0.7837,0.8788,248,600,586,927,175.6321
12,282.7841,2,689.8936,660.457,11208.0,574.0,155.9791,0.8485,1.9271,570.0,41.3729,0.4985,0.6653,600,948,586,927,175.6321
12,282.7841,3,1039.5434,661.7034,13724.0,26.0,139.0156,0.8652,1.164,584.0,28.0937,0.6341,0.7761,948,1304,586,927,175.6321
12,282.7841,4,1419.7029,685.9413,12424.0,0.0,159.1162,0.8405,1.8176,599.0,25.7923,0.6549,0.7914,1304,1656,586,927,175.6321
12,283.1846,1,437.099,643.672,12741.0,1778.0,160.5585,0.8291,1.8508,556.0,24.619,0.7065,0.828,248,600,586,927,175.6321
12,283.1846,2,673.5288,649.3756,9880.0,821.0,126.1174,0.9942,1.4772,562.0,40.718,0.4513,0.622,600,948,586,927,175.6321
12,283.1846,3,1055.9439,679.6452,16373.0,61.0,174.7335,0.9573,1.6187,583.0,34.1033,0.5216,0.6856,948,1304,586,927,175.6321
12,283.1846,4,1427.5514,683.2335,12864.0,0.0,163.7189,0.7766,1.8468,600.0,22.3513,0.6896,0.8163,1304,1656,586,927,175.6321
12,283.5852,1,439.3329,645.0746,12850.0,1574.0,157.7656,0.8418,1.7335,557.0,21.2837,0.7355,0.8476,248,600,586,927,175.6321
12,283.5852,2,667.728,645.7424,9250.0,456.0,107.4908,0.9796,1.1908,583.0,33.6976,0.5685,0.7249,600,948,586,927,175.6321
12,283.5852,3,1078.2792,684.4265,15375.0,0.0,161.3305,0.8746,1.5465,592.0,39.4276,0.4879,0.6558,948,1304,586,927,175.6321
12,283.5852,4,1433.2949,677.9563,12942.0,0.0,168.6634,0.7138,1.8869,598.0,20.0968,0.6887,0.8156,1304,1656,586,927,175.6321
12,283.9857,1,440.9387,649.3333,12555.0,1322.0,161.0458,0.8195,1.8909,561.0,23.2005,0.7099,0.8303,248,600,586,927,175.6321
12,283.9857,2,695.4405,633.5239,13878.0,453.0,185.7453,0.3819,1.9384,576.0,37.544,0.4364,0.6077,600,948,586,927,175.6321
12,283.9857,3,1092.7211,681.1996,17306.0,652.0,198.9712,0.9047,2.0058,563.0,34.2291,0.5119,0.6772,948,1304,586,927,175.6321
12,283.9857,4,1432.873,678.0106,11852.0,0.0,152.0717,0.7917,1.7078,599.0,21.0674,0.7118,0.8317,1304,1656,586,927,175.6321
12,284.3863,1,441.9317,646.8803,12553.0,1387.0,165.9211,0.7959,1.9614,562.0,16.8805,0.8056,0.8923,248,600,586,927,175.6321
12,284.3863,2,750.3322,637.6751,13641.0,339.0,200.1452,0.3651,2.4811,575.0,50.9286,0.3115,0.475,600,948,586,927,175.6321
12,284.3863,3,1105.9064,691.6599,15217.0,0.0,175.889,0.7958,1.7835,598.0,39.0529,0.4983,0.6652,948,1304,586,927,175.6321
12,284.3863,4,1431.8256,681.7024,12657.0,0.0,158.5246,1.0,1.6752,589.0,33.2968,0.5554,0.7142,1304,1656,586,927,175.6321
12,284.7868,1,442.5532,646.5458,12423.0,1369.0,166.9759,0.7865,1.9994,561.0,12.8774,0.8804,0.9364,248,600,586,927,175.6321
12,284.7868,2,802.0691,646.6183,14317.0,244.0,200.4281,0.4545,2.3912,577.0,53.9831,0.2719,0.4275,600,948,586,927,175.6321
12,284.7868,3,1116.7949,692.7492,17370.0,284.0,208.6448,0.9203,2.1834,573.0,29.6042,0.5575,0.7159,948,1304,586,927,175.6321
12,284.7868,4,1434.1044,687.6296,12682.0,0.0,149.3029,0.9955,1.5748,592.0,27.9543,0.6989,0.8228,1304,1656,586,927,175.6321
12,285.1874,1,441.095,647.3254,12503.0,1299.0,167.1769,0.8012,2.0253,562.0,20.2349,0.7514,0.8581,248,600,586,927,175.6321
12,285.1874,2,830.7334,655.7949,14464.0,578.0,183.3141,0.5627,2.1328,587.0,48.1634,0.3746,0.5451,600,948,586,927,175.6321
12,285.1874,3,1129.7746,669.1648,15952.0,0.0,222.7484,0.5328,2.6402,594.0,38.8246,0.418,0.5895,948,1304,586,927,175.6321
12,285.1874,4,1440.8986,700.2123,13861.0,0.0,156.4,0.9949,1.6723,595.0,29.8877,0.6419,0.7819,1304,1656,586,927,175.6321
12,285.5879,1,440.6261,651.1184,12565.0,1169.0,167.0289,0.7629,2.0317,563.0,19.6211,0.7671,0.8682,248,600,586,927,175.6321
12,285.5879,2,844.8072,673.4546,16128.0,194.0,165.0312,0.7911,1.4983,590.0,36.5038,0.5009,0.6674,600,948,586,927,175.6321
12,285.5879,3,1143.9419,655.4157,16631.0,1487.0,187.9923,0.7422,1.9129,567.0,38.4301,0.4561,0.6265,948,1304,586,927,175.6321
12,285.5879,4,1453.6276,692.7605,12915.0,0.0,157.7824,0.9319,1.7074,598.0,35.8355,0.5582,0.7165,1304,1656,586,927,175.6321
12,285.9884,1,438.6327,648.7116,12330.0,1043.0,166.2938,0.7704,2.0163,564.0,20.4999,0.7676,0.8685,248,600,586,927,175.6321
12,285.9884,2,854.2903,673.056,14684.0,271.0,149.8236,0.9824,1.4314,586.0,28.1088,0.5753,0.7304,600,948,586,927,175.6321
12,285.9884,3,1148.0675,665.6311,14248.0,789.0,157.6989,0.6586,1.7416,590.0,34.6633,0.4769,0.6458,948,1304,586,927,175.6321
12,285.9884,4,1466.3234,689.2587,13601.0,0.0,165.8652,0.8443,1.7645,598.0,38.0425,0.5588,0.7169,1304,1656,586,927,175.6321
12,286.389,1,439.1848,646.0431,12102.0,1878.0,149.8615,1.0,1.6951,544.0,39.5793,0.4725,0.6418,248,600,586,927,175.6321
12,286.389,2,855.201,670.952,13365.0,180.0,148.311,0.9752,1.4694,588.0,19.6747,0.7143,0.8333,600,948,586,927,175.6321
12,286.389,3,1185.3922,666.1045,12083.0,54.0,143.504,0.769,1.625,583.0,39.1295,0.32,0.4848,948,1304,586,927,175.6321
12,286.389,4,1474.0994,687.1974,13120.0,0.0,159.7379,0.8917,1.6191,597.0,33.714,0.5885,0.7409,1304,1656,586,927,175.6321
12,286.7895,1,437.7397,662.8911,13554.0,1429.0,175.0118,0.9845,2.0331,557.0,34.2573,0.5984,0.7488,248,600,586,927,175.6321
12,286.7895,2,849.1635,670.7464,13064.0,175.0,155.3358,0.993,1.5698,587.0,21.3137,0.7263,0.8414,600,948,586,927,175.6321
12,286.7895,3,1164.7087,642.257,11742.0,56.0,186.6964,0.4871,2.3695,583.0,42.8736,0.4635,0.6335,948,1304,586,927,175.6321
12,286.7895,4,1482.945,692.6318,12706.0,0.0,141.033,1.0,1.4478,602.0,33.5713,0.5861,0.739,1304,1656,586,927,175.6321
12,287.1901,1,432.1131,665.9529,12665.0,1023.0,176.6183,0.9763,2.1332,558.0,28.7001,0.6952,0.8202,248,600,586,927,175.6321
12,287.1901,2,844.4122,676.042,13863.0,59.0,166.4124,0.9501,1.6896,589.0,19.7402,0.7567,0.8615,600,948,586,927,175.6321
12,287.1901,3,1115.833,645.941,13142.0,320.0,188.7081,0.5272,2.322,578.0,58.2974,0.2956,0.4563,948,1304,586,927,175.6321
12,287.1901,4,1494.1769,689.8869,13152.0,0.0,152.482,0.8484,1.6309,600.0,30.9365,0.6392,0.7799,1304,1656,586,927,175.6321
12,287.5906,1,432.8387,640.4777,15825.0,3795.0,231.53,0.9927,2.7208,516.0,36.1378,0.5354,0.6974,248,600,586,927,175.6321
12,287.5906,2,840.4218,669.3805,14250.0,351.0,199.0638,0.8699,2.1642,574.0,23.703,0.6967,0.8213,600,948,586,927,175.6321
12,287.5906,3,1071.3356,654.5325,13065.0,471.0,171.9554,0.6968,2.0363,575.0,57.9996,0.254,0.4052,948,1304,586,927,175.6321
12,287.5906,4,1505.8514,688.5469,13598.0,0.0,161.5055,0.7836,1.7357,603.0,31.2515,0.6003,0.7502,1304,1656,586,927,175.6321
12,287.9912,1,425.7213,656.6856,10949.0,739.0,175.5027,0.999,2.1145,564.0,40.0878,0.5056,0.6716,248,600,586,927,175.6321
12,287.9912,2,831.1871,671.1412,14607.0,280.0,185.9468,0.7292,2.122,575.0,30.2291,0.6008,0.7506,600,948,586,927,175.6321
12,287.9912,3,1052.8655,654.1329,12036.0,176.0,163.3626,0.658,1.9481,580.0,38.7563,0.5346,0.6967,948,1304,586,927,175.6321
12,287.9912,4,1510.831,690.9551,13281.0,0.0,162.0152,0.8089,1.7739,601.0,26.0379,0.6773,0.8076,1304,1656,586,927,175.6321
12,288.3917,1,425.2774,656.304,11978.0,1322.0,165.2318,0.9986,2.0144,552.0,33.317,0.6185,0.7643,248,600,586,927,175.6321
12,288.3917,2,827.8174,665.3053,11800.0,103.0,130.1897,0.6658,1.3836,583.0,35.8681,0.5054,0.6714,600,948,586,927,175.6321
12,288.3917,3,1047.8552,659.9674,11958.0,201.0,163.3165,0.6832,2.0745,579.0,29.7795,0.6495,0.7875,948,1304,586,927,175.6321
12,288.3917,4,1515.7256,698.1174,13091.0,0.0,157.4476,0.8935,1.6936,603.0,26.3671,0.6537,0.7906,1304,1656,586,927,175.6321
12,288.7922,1,420.4297,633.9489,15814.0,4300.0,240.7727,0.9991,2.9025,502.0,35.4415,0.5892,0.7415,248,600,586,927,175.6321
12,288.7922,2,813.1211,657.5511,10407.0,126.0,109.7788,0.9994,1.1209,583.0,32.5446,0.4993,0.666,600,948,586,927,175.6321
12,288.7922,3,1043.8011,660.0067,11747.0,79.0,152.3292,0.7169,1.8131,582.0,29.5856,0.6113,0.7587,948,1304,586,927,175.6321
12,288.7922,4,1515.4555,697.2911,16210.0,222.0,201.9735,0.9968,2.0422,576.0,30.6731,0.5961,0.7469,1304,1656,586,927,175.6321
12,289.1928,1,412.5754,679.0486,13733.0,1264.0,222.6384,0.9971,2.9047,572.0,43.0654,0.4606,0.6307,248,600,586,927,175.6321
12,289.1928,2,811.9574,646.289,11092.0,827.0,159.4952,0.9994,1.7064,564.0,26.6672,0.6434,0.783,600,948,586,927,175.6321
12,289.1928,3,1032.8837,666.4649,12240.0,193.0,152.6872,0.8332,1.768,579.0,30.7336,0.5782,0.7327,948,1304,586,927,175.6321
12,289.1928,4,1501.9303,706.8639,12920.0,0.0,151.7021,0.9374,1.5815,612.0,36.1004,0.5194,0.6837,1304,1656,586,927,175.6321
12,289.5933,1,424.4023,674.5525,14325.0,1554.0,218.7292,0.9997,2.8667,544.0,32.9321,0.5878,0.7404,248,600,586,927,175.6321
12,289.5933,2,812.1631,642.4677,11111.0,438.0,166.9122,0.6522,2.0428,575.0,41.9933,0.5208,0.6849,600,948,586,927,175.6321
12,289.5933,3,1032.793,679.5975,13781.0,48.0,161.1843,0.8108,1.7806,584.0,26.8758,0.6332,0.7754,948,1304,586,927,175.6321
12,289.5933,4,1503.3201,700.6239,13927.0,0.0,160.781,0.9798,1.6713,593.0,39.746,0.5111,0.6764,1304,1656,586,927,175.6321
12,289.9939,1,430.4728,642.837,14543.0,3133.0,207.9399,0.9892,2.4842,516.0,35.3558,0.5835,0.7369,248,600,586,927,175.6321
12,289.9939,2,826.4999,641.8103,12376.0,267.0,169.7154,0.6005,1.9378,579.0,32.2915,0.6187,0.7644,600,948,586,927,175.6321
12,289.9939,3,1038.4145,678.2949,14640.0,91.0,167.2178,0.78,1.7707,582.0,25.1843,0.6775,0.8078,948,1304,586,927,175.6321
12,289.9939,4,1501.1807,694.5494,13106.0,0.0,158.3724,0.8966,1.724,592.0,34.452,0.5657,0.7226,1304,1656,586,927,175.6321
12,290.3944,1,435.6298,661.9407,13310.0,1173.0,202.4347,0.9329,2.5124,562.0,38.3316,0.5217,0.6857,248,600,586,927,175.6321
12,290.3944,2,838.2737,647.0979,12449.0,1180.0,164.5656,0.7913,1.9451,560.0,37.9208,0.5242,0.6879,600,948,586,927,175.6321
12,290.3944,3,1043.0151,661.79,13614.0,41.0,169.0187,0.6544,1.867,584.0,27.5385,0.6079,0.7561,948,1304,586,927,175.6321
12,290.3944,4,1495.0611,695.2884,12706.0,0.0,152.9704,0.8463,1.6513,599.0,28.1314,0.6495,0.7875,1304,1656,586,927,175.6321
12,290.795,1,448.3912,652.9318,13019.0,1902.0,199.7379,0.8495,2.7165,550.0,37.4616,0.5432,0.704,248,600,586,927,175.6321
12,290.795,2,849.7353,666.0034,11470.0,145.0,149.4727,0.7943,1.7811,579.0,47.1292,0.4216,0.5932,600,948,586,927,175.6321
12,290.795,3,1045.8568,667.7512,10710.0,216.0,138.4335,0.9373,1.7471,578.0,33.2705,0.511,0.6764,948,1304,586,927,175.6321
12,290.795,4,1493.5881,692.0044,13076.0,0.0,168.6955,0.8721,1.9166,593.0,21.9261,0.7722,0.8715,1304,1656,586,927,175.6321
12,291.1955,1,462.6622,642.6338,13198.0,2321.0,182.0178,0.9069,2.2,534.0,36.5506,0.5385,0.7,248,600,586,927,175.6321
12,291.1955,2,860.9049,668.2398,11256.0,281.0,143.5218,0.9946,1.648,573.0,40.6681,0.4735,0.6427,600,948,586,927,175.6321
12,291.1955,3,1022.4846,664.1033,9825.0,285.0,120.9057,0.9721,1.3337,576.0,31.3593,0.3477,0.516,948,1304,586,927,175.6321
12,291.1955,4,1495.2828,699.0664,13154.0,0.0,161.6892,0.8498,1.7911,598.0,18.5344,0.7944,0.8854,1304,1656,586,927,175.6321
12,291.5961,1,472.8852,653.5964,11714.0,1359.0,165.6156,0.9607,2.0454,552.0,43.9009,0.3855,0.5565,248,600,586,927,175.6321
12,291.5961,2,862.2793,660.5743,11798.0,363.0,153.6295,0.895,1.7196,578.0,37.9553,0.5158,0.6806,600,948,586,927,175.6321
12,291.5961,3,1030.5557,653.2468,9017.0,195.0,120.774,0.8501,1.4906,579.0,25.3612,0.4907,0.6583,948,1304,586,927,175.6321
12,291.5961,4,1498.061,695.9058,16204.0,0.0,190.4562,0.8203,2.0068,594.0,32.153,0.5639,0.7212,1304,1656,586,927,175.6321
12,291.9966,1,449.7837,640.2348,13687.0,2167.0,194.6058,0.752,2.4241,553.0,45.1586,0.3871,0.5582,248,600,586,927,175.6321
12,291.9966,2,854.962,658.6437,12989.0,642.0,173.833,0.6928,2.0289,569.0,29.784,0.5972,0.7478,600,948,586,927,175.6321
12,291.9966,3,1050.7197,642.2683,8353.0,174.0,118.1494,0.9351,1.4089,579.0,33.595,0.4251,0.5965,948,1304,586,927,175.6321
12,291.9966,4,1480.0845,690.3757,12727.0,0.0,155.4452,0.9281,1.6678,592.0,43.6055,0.4063,0.5778,1304,1656,586,927,175.6321
12,292.3971,1,421.5519,625.203,12229.0,2327.0,160.7718,0.7204,1.8599,548.0,44.342,0.4733,0.6425,248,600,586,927,175.6321
12,292.3971,2,841.5716,650.3713,12882.0,508.0,171.0611,0.6354,1.8283,573.0,30.8672,0.559,0.7171,600,948,586,927,175.6321
12,292.3971,3,1073.2251,637.7537,10928.0,295.0,170.2091,0.5571,2.1863,579.0,48.7996,0.4804,0.649,948,1304,586,927,175.6321
12,292.3971,4,1456.684,687.7474,13560.0,0.0,155.9016,0.9007,1.6312,594.0,45.6081,0.4092,0.5807,1304,1656,586,927,175.6321
12,292.7977,1,403.094,633.3678,13098.0,2558.0,171.2132,0.8283,2.0158,542.0,41.4018,0.4637,0.6336,248,600,586,927,175.6321
12,292.7977,2,827.6854,656.0046,13199.0,487.0,174.7393,0.6203,2.0053,574.0,30.8783,0.5732,0.7287,600,948,586,927,175.6321
12,292.7977,3,1096.7354,652.3783,12505.0,246.0,181.225,0.6644,2.1987,579.0,49.6357,0.4088,0.5804,948,1304,586,927,175.6321
12,292.7977,4,1437.3571,689.7585,12785.0,0.0,162.1007,0.8958,1.769,590.0,30.7855,0.5434,0.7041,1304,1656,586,927,175.6321
12,293.1982,1,391.2242,638.3114,12899.0,1765.0,167.9857,0.7838,1.9658,554.0,36.0158,0.567,0.7237,248,600,586,927,175.6321
12,293.1982,2,814.4738,652.7549,13009.0,422.0,163.5322,0.6786,1.7887,574.0,26.7251,0.6585,0.7941,600,948,586,927,175.6321
12,293.1982,3,1117.238,652.3362,12622.0,109.0,176.5767,0.5705,2.18,583.0,40.5809,0.5531,0.7122,948,1304,586,927,175.6321
12,293.1982,4,1429.7563,691.8057,13349.0,0.0,174.3859,0.8805,1.9674,589.0,29.6612,0.5706,0.7266,1304,1656,586,927,175.6321
12,293.5988,1,387.575,634.5153,15846.0,4430.0,217.5381,0.9955,2.6685,502.0,44.2703,0.4594,0.6296,248,600,586,927,175.6321
12,293.5988,2,809.3791,661.6677,12604.0,329.0,146.3234,0.8315,1.5687,574.0,34.0838,0.5501,0.7098,600,948,586,927,175.6321
12,293.5988,3,1144.5181,647.2414,13282.0,630.0,178.9288,0.5983,2.1486,583.0,42.2027,0.4732,0.6424,948,1304,586,927,175.6321
12,293.5988,4,1420.1618,686.558,12525.0,0.0,164.2535,0.8387,1.8592,591.0,22.7143,0.6712,0.8033,1304,1656,586,927,175.6321
12,293.9993,1,393.6184,678.4346,13520.0,454.0,182.7832,0.9009,2.0916,572.0,46.6266,0.378,0.5486,248,600,586,927,175.6321
12,293.9993,2,803.244,661.7251,11315.0,379.0,135.7895,0.9978,1.5145,574.0,34.1593,0.5278,0.6909,600,948,586,927,175.6321
12,293.9993,3,1162.9829,655.8043,13655.0,665.0,167.0993,0.6381,1.9393,587.0,41.3457,0.4771,0.646,948,1304,586,927,175.6321
12,293.9993,4,1419.3174,688.0145,12657.0,0.0,154.9293,0.9172,1.7603,591.0,25.1991,0.6706,0.8028,1304,1656,586,927,175.6321
12,294.3999,1,387.1597,647.6104,14537.0,3007.0,209.7464,0.9846,2.5203,529.0,44.2378,0.3966,0.568,248,600,586,927,175.6321
12,294.3999,2,806.0072,665.0797,13037.0,315.0,159.8619,0.7757,1.8102,578.0,40.913,0.4878,0.6557,600,948,586,927,175.6321
12,294.3999,3,1183.0481,653.3762,12985.0,672.0,167.7255,0.7045,2.0314,584.0,36.5409,0.5568,0.7153,948,1304,586,927,175.6321
12,294.3999,4,1412.9374,695.0504,12271.0,0.0,152.998,0.9994,1.7019,597.0,28.7687,0.6003,0.7502,1304,1656,586,927,175.6321
12,294.8004,1,389.9691,647.8828,13061.0,1969.0,187.0185,0.9167,2.3552,556.0,38.2908,0.5453,0.7058,248,600,586,927,175.6321
12,294.8004,2,813.8056,662.4493,12904.0,167.0,166.7654,0.7356,1.9299,580.0,31.2163,0.6565,0.7926,600,948,586,927,175.6321
12,294.8004,3,1191.2079,671.0383,11890.0,8.0,157.7284,0.7981,1.9048,585.0,36.5373,0.5194,0.6837,948,1304,586,927,175.6321
12,294.8004,4,1406.2964,692.319,12406.0,0.0,160.0894,0.984,1.7964,594.0,22.0148,0.7263,0.8414,1304,1656,586,927,175.6321
12,295.201,1,409.5699,642.4838,12745.0,1839.0,184.6104,0.7561,2.3868,556.0,44.1867,0.4618,0.6319,248,600,586,927,175.6321
12,295.201,2,822.727,666.9064,12141.0,222.0,140.8517,0.9927,1.4937,577.0,38.0343,0.4988,0.6656,600,948,586,927,175.6321
12,295.201,3,1197.2401,675.2353,12144.0,0.0,161.0832,0.8228,2.0003,587.0,29.0938,0.6277,0.7712,948,1304,586,927,175.6321
12,295.201,4,1404.6063,698.1724,13221.0,0.0,169.5271,0.9613,1.9395,590.0,21.6052,0.7255,0.8409,1304,1656,586,927,175.6321
12,295.6015,1,431.3884,634.4959,12074.0,1921.0,158.9728,0.7862,1.8825,555.0,37.8107,0.5183,0.6827,248,600,586,927,175.6321
12,295.6015,2,821.4748,661.0139,12465.0,440.0,159.8888,0.8076,1.7927,574.0,42.207,0.4777,0.6466,600,948,586,927,175.6321
12,295.6015,3,1201.176,675.1346,11957.0,0.0,158.1957,0.8236,1.9477,589.0,16.6885,0.7845,0.8792,948,1304,586,927,175.6321
12,295.6015,4,1414.3874,683.4171,12992.0,70.0,185.3889,0.9161,2.147,582.0,34.2869,0.5538,0.7129,1304,1656,586,927,175.6321
12,296.002,1,443.9764,641.7107,12689.0,1771.0,162.5618,0.8571,1.8419,556.0,35.9084,0.5495,0.7093,248,600,586,927,175.6321
12,296.002,2,815.9414,652.8596,12742.0,368.0,178.9212,0.6567,2.0203,576.0,25.1468,0.705,0.827,600,948,586,927,175.6321
12,296.002,3,1197.5301,676.6003,12668.0,0.0,162.3007,0.8226,1.9442,588.0,19.8867,0.7152,0.8339,948,1304,586,927,175.6321
12,296.002,4,1430.1193,694.4559,12859.0,0.0,164.4823,0.7693,1.8998,601.0,36.9123,0.4959,0.663,1304,1656,586,927,175.6321
12,296.4026,1,453.0339,657.1301,13644.0,1282.0,172.8676,0.8651,1.9837,561.0,35.175,0.5585,0.7167,248,600,586,927,175.6321
12,296.4026,2,811.5144,663.7004,13169.0,341.0,160.937,0.7753,1.7915,575.0,28.4771,0.6592,0.7946,600,948,586,927,175.6321
12,296.4026,3,1198.0964,658.0694,12475.0,786.0,150.1315,0.817,1.7338,584.0,24.048,0.6587,0.7943,948,1304,586,927,175.6321
12,296.4026,4,1435.6062,686.3388,13107.0,0.0,155.3059,0.8911,1.6607,590.0,29.5384,0.6482,0.7866,1304,1656,586,927,175.6321
12,296.8031,1,456.736,648.3409,12723.0,1757.0,172.8002,0.8917,2.1193,550.0,28.9376,0.6721,0.8039,248,600,586,927,175.6321
12,296.8031,2,810.422,666.8315,11663.0,357.0,135.3969,0.9777,1.4896,572.0,34.2567,0.5344,0.6966,600,948,586,927,175.6321
12,296.8031,3,1212.3226,667.1823,11896.0,0.0,136.9589,0.9387,1.4779,586.0,29.8029,0.5339,0.6962,948,1304,586,927,175.6321
12,296.8031,4,1436.2211,694.4368,13886.0,0.0,158.326,0.9945,1.5966,589.0,26.8637,0.6461,0.785,1304,1656,586,927,175.6321
12,297.2037,1,453.977,653.3713,13406.0,1515.0,180.6254,0.8301,2.1932,559.0,25.5337,0.7226,0.839,248,600,586,927,175.6321
12,297.2037,2,814.2321,666.6331,11696.0,333.0,150.0082,0.9243,1.7027,575.0,36.3519,0.5541,0.713,600,948,586,927,175.6321
12,297.2037,3,1216.3163,673.6923,13893.0,799.0,146.7008,0.908,1.5539,591.0,30.0532,0.5533,0.7124,948,1304,586,927,175.6321
12,297.2037,4,1445.4918,689.9905,16134.0,181.0,178.4872,0.9994,1.7244,581.0,33.9425,0.5537,0.7128,1304,1656,586,927,175.6321
12,297.6042,1,455.8472,645.6212,13167.0,2082.0,172.517,0.8723,2.0304,550.0,29.8906,0.6429,0.7827,248,600,586,927,175.6321
12,297.6042,2,823.508,663.8351,12509.0,226.0,161.7294,0.7673,1.8606,579.0,36.9682,0.5751,0.7303,600,948,586,927,175.6321
12,297.6042,3,1219.695,669.5751,14393.0,784.0,151.8732,0.8328,1.5382,601.0,23.5153,0.679,0.8088,948,1304,586,927,175.6321
12,297.6042,4,1454.1184,666.9166,12359.0,0.0,174.9271,0.7188,2.0249,599.0,40.5699,0.4876,0.6555,1304,1656,586,927,175.6321
12,298.0048,1,456.5414,654.7544,12746.0,1416.0,166.5061,0.918,1.9229,559.0,25.989,0.7193,0.8367,248,600,586,927,175.6321
12,298.0048,2,836.8757,666.6214,12132.0,186.0,148.5652,0.8762,1.634,578.0,37.3251,0.5301,0.6929,600,948,586,927,175.6321
12,298.0048,3,1203.4449,663.8324,15168.0,828.0,158.5526,0.7202,1.5167,590.0,34.7041,0.5529,0.7121,948,1304,586,927,175.6321
12,298.0048,4,1459.0155,690.0318,13578.0,0.0,155.5337,0.9498,1.6427,592.0,35.6033,0.5394,0.7008,1304,1656,586,927,175.6321
12,298.4053,1,457.3534,653.4242,12930.0,1451.0,174.5325,0.8349,2.1132,560.0,28.2497,0.6842,0.8125,248,600,586,927,175.6321
12,298.4053,2,837.4502,669.0636,10803.0,246.0,138.1478,0.9915,1.6394,578.0,36.15,0.5713,0.7272,600,948,586,927,175.6321
12,298.4053,3,1187.7458,662.1082,14880.0,840.0,153.7234,0.6599,1.4696,588.0,26.858,0.6038,0.7529,948,1304,586,927,175.6321
12,298.4053,4,1471.191,697.8995,13846.0,0.0,156.806,0.9962,1.608,595.0,32.4883,0.5448,0.7054,1304,1656,586,927,175.6321
12,298.8058,1,460.2727,645.364,13276.0,1681.0,172.9095,0.827,1.9592,559.0,24.126,0.7206,0.8376,248,600,586,927,175.6321
12,298.8058,2,841.4389,650.0236,12153.0,504.0,169.3473,0.6832,1.9817,574.0,35.1909,0.4983,0.6652,600,948,586,927,175.6321
12,298.8058,3,1185.1257,659.0046,14862.0,820.0,158.9876,0.5864,1.5346,586.0,19.9261,0.7567,0.8615,948,1304,586,927,175.6321
12,298.8058,4,1478.0276,693.116,13203.0,0.0,160.7001,0.9934,1.6594,592.0,26.4526,0.7044,0.8266,1304,1656,586,927,175.6321
12,299.2064,1,465.0673,649.1968,12962.0,1687.0,171.0842,0.8049,2.0187,559.0,28.612,0.6953,0.8203,248,600,586,927,175.6321
12,299.2064,2,834.7765,657.7338,11282.0,256.0,138.9264,0.8927,1.5289,574.0,35.4481,0.5494,0.7092,600,948,586,927,175.6321
12,299.2064,3,1179.1847,668.4052,16742.0,827.0,170.5447,0.6064,1.6275,590.0,21.0624,0.7013,0.8245,948,1304,586,927,175.6321
12,299.2064,4,1486.6808,695.8149,15246.0,128.0,198.9114,0.9463,2.0647,580.0,36.9518,0.5548,0.7136,1304,1656,586,927,175.6321
12,299.6069,1,471.5649,655.2909,12918.0,1438.0,179.2175,0.8348,2.2798,559.0,31.5841,0.6208,0.7661,248,600,586,927,175.6321
12,299.6069,2,831.6283,652.3345,11508.0,876.0,174.5733,0.9608,2.1794,562.0,43.0829,0.473,0.6422,600,948,586,927,175.6321
12,299.6069,3,1179.148,665.0016,16395.0,821.0,182.5829,0.5718,1.8391,588.0,21.5642,0.6967,0.8213,948,1304,586,927,175.6321
12,299.6069,4,1498.1487,695.5017,13783.0,0.0,196.809,0.8673,2.4356,590.0,28.7753,0.6091,0.757,1304,1656,586,927,175.6321
12,300.0075,1,473.6872,657.727,12658.0,1208.0,176.2528,0.855,2.1954,562.0,22.1678,0.7629,0.8655,248,600,586,927,175.6321
12,300.0075,2,831.5601,670.1785,12592.0,282.0,167.7259,0.8726,1.979,576.0,37.0446,0.6405,0.7808,600,948,586,927,175.6321
12,300.0075,3,1175.5642,663.1628,16396.0,797.0,180.0809,0.6283,1.8246,584.0,19.4755,0.7339,0.8465,948,1304,586,927,175.6321
12,300.0075,4,1499.4272,698.8572,13161.0,0.0,175.544,0.9183,2.077,594.0,25.0577,0.6666,0.8,1304,1656,586,927,175.6321
12,300.408,1,472.9764,656.3491,12429.0,1094.0,178.0835,0.8034,2.3179,563.0,21.417,0.7514,0.8581,248,600,586,927,175.6321
12,300.408,2,824.9243,669.4804,12086.0,120.0,159.2187,0.902,1.858,580.0,23.2704,0.704,0.8263,600,948,586,927,175.6321
12,300.408,3,1179.226,661.1589,15525.0,783.0,181.8135,0.5918,2.0061,587.0,18.8604,0.7155,0.8342,948,1304,586,927,175.6321
12,300.408,4,1499.1857,697.1431,12715.0,0.0,166.6484,0.9764,1.9362,592.0,25.4738,0.6766,0.8071,1304,1656,586,927,175.6321
12,300.8086,1,468.539,658.4579,12254.0,1132.0,167.8332,0.9161,2.0541,560.0,29.9235,0.625,0.7692,248,600,586,927,175.6321
12,300.8086,2,820.9638,666.5151,11376.0,183.0,145.6214,0.9952,1.662,578.0,30.5713,0.6162,0.7625,600,948,586,927,175.6321
12,300.8086,3,1188.7945,661.0104,13744.0,816.0,150.0252,0.6373,1.65,588.0,26.3104,0.5949,0.746,948,1304,586,927,175.6321
12,300.8086,4,1496.6111,698.2358,12216.0,0.0,160.9295,0.938,1.8481,603.0,26.8416,0.6702,0.8025,1304,1656,586,927,175.6321
12,301.2091,1,468.0257,644.8148,14628.0,3262.0,200.0676,0.9787,2.51,520.0,43.0616,0.4384,0.6096,248,600,586,927,175.6321
12,301.2091,2,817.1369,665.6373,11703.0,426.0,151.6401,0.9944,1.7317,573.0,28.4907,0.6361,0.7776,600,948,586,927,175.6321
12,301.2091,3,1204.0746,672.3143,12469.0,59.0,140.2058,0.8945,1.5689,582.0,27.7413,0.4831,0.6515,948,1304,586,927,175.6321
12,301.2091,4,1471.5342,697.9947,13302.0,0.0,162.4202,1.0,1.7899,588.0,50.043,0.382,0.5528,1304,1656,586,927,175.6321
12,301.6097,1,459.2884,662.9458,12675.0,941.0,175.5598,0.8683,2.1091,566.0,40.0835,0.4124,0.584,248,600,586,927,175.6321
12,301.6097,2,817.1382,671.0235,12657.0,303.0,164.333,0.9267,1.8576,575.0,30.0705,0.6374,0.7786,600,948,586,927,175.6321
12,301.6097,3,1212.2959,674.5963,11256.0,0.0,149.8606,0.9096,1.8181,589.0,22.3301,0.6259,0.7699,948,1304,586,927,175.6321
12,301.6097,4,1443.6863,699.649,13143.0,0.0,159.992,0.9749,1.7042,601.0,49.3929,0.3731,0.5434,1304,1656,586,927,175.6321
12,302.0102,1,451.512,650.5587,12564.0,1349.0,169.9012,0.8616,2.0178,557.0,29.9337,0.6274,0.771,248,600,586,927,175.6321
12,302.0102,2,813.9063,674.9857,13171.0,214.0,168.1829,0.9146,1.8706,578.0,26.7872,0.6794,0.8091,600,948,586,927,175.6321
12,302.0102,3,1215.6068,671.2018,9944.0,0.0,133.8202,0.9093,1.7007,587.0,20.2742,0.6415,0.7816,948,1304,586,927,175.6321
12,302.0102,4,1419.8817,695.7255,15149.0,184.0,193.4453,0.9983,1.9874,579.0,47.3763,0.3485,0.5169,1304,1656,586,927,175.6321
12,302.4107,1,448.2576,627.002,12358.0,2490.0,165.3601,0.7282,1.9652,550.0,37.2975,0.564,0.7212,248,600,586,927,175.6321
12,302.4107,2,815.5731,676.8275,13112.0,413.0,182.8126,0.9802,2.0732,572.0,30.4084,0.6246,0.7689,600,948,586,927,175.6321
12,302.4107,3,1215.204,665.86,9849.0,67.0,142.0754,0.9362,1.8663,582.0,19.0457,0.7125,0.8321,948,1304,586,927,175.6321
12,302.4107,4,1391.7964,694.4936,11793.0,0.0,164.9349,0.9999,1.8826,602.0,39.7769,0.4486,0.6193,1304,1656,586,927,175.6321
12,302.8113,1,446.2054,639.7992,12539.0,1575.0,164.9046,0.7666,1.9663,559.0,32.7007,0.6242,0.7686,248,600,586,927,175.6321
12,302.8113,2,822.0361,681.8869,12594.0,405.0,170.8397,0.9998,2.1169,569.0,33.5355,0.5672,0.7239,600,948,586,927,175.6321
12,302.8113,3,1215.1397,663.8065,9471.0,7.0,127.408,0.9405,1.6292,585.0,21.1715,0.6906,0.817,948,1304,586,927,175.6321
12,302.8113,4,1382.7666,684.7701,11335.0,0.0,163.7701,1.0,1.9663,591.0,28.7846,0.6262,0.7701,1304,1656,586,927,175.6321
12,303.2118,1,444.8114,642.7046,12646.0,1490.0,173.1569,0.7492,2.0358,558.0,23.5485,0.7164,0.8348,248,600,586,927,175.6321
12,303.2118,2,806.5364,682.3209,12607.0,176.0,160.2756,0.9984,1.8136,578.0,39.494,0.5353,0.6974,600,948,586,927,175.6321
12,303.2118,3,1212.8421,654.2924,10356.0,827.0,127.4561,0.9676,1.622,584.0,25.2915,0.5458,0.7062,948,1304,586,927,175.6321
12,303.2118,4,1391.3758,692.6411,12508.0,0.0,150.9189,0.9895,1.6328,593.0,24.4825,0.6825,0.8113,1304,1656,586,927,175.6321
12,303.6124,1,445.9184,638.7225,12916.0,1950.0,171.1341,0.7829,1.9772,555.0,25.329,0.7304,0.8442,248,600,586,927,175.6321
12,303.6124,2,789.5515,681.5577,13339.0,237.0,166.0037,0.9245,1.849,576.0,44.7779,0.4561,0.6265,600,948,586,927,175.6321
12,303.6124,3,1201.2188,667.9423,9958.0,0.0,136.955,0.9424,1.6689,589.0,28.8064,0.5263,0.6897,948,1304,586,927,175.6321
12,303.6124,4,1391.0874,674.9626,11528.0,0.0,167.5826,0.8571,2.0546,598.0,37.4982,0.5241,0.6877,1304,1656,586,927,175.6321
12,304.0129,1,446.9713,642.5038,13572.0,1820.0,184.4061,0.7606,2.0841,558.0,25.5095,0.6956,0.8204,248,600,586,927,175.6321
12,304.0129,2,776.4628,667.2722,13075.0,120.0,175.0613,0.7292,2.0191,580.0,40.2845,0.4911,0.6587,600,948,586,927,175.6321
12,304.0129,3,1193.2796,668.7911,12384.0,744.0,156.9785,0.9066,1.9464,586.0,26.8651,0.592,0.7437,948,1304,586,927,175.6321
12,304.0129,4,1397.5878,675.0363,11957.0,0.0,133.1056,0.7911,1.426,590.0,33.9309,0.5364,0.6982,1304,1656,586,927,175.6321
12,304.4135,1,443.3092,637.7205,13377.0,1919.0,178.2515,0.7069,1.9741,559.0,22.4376,0.744,0.8532,248,600,586,927,175.6321
12,304.4135,2,769.8103,659.2116,13261.0,624.0,158.3222,0.8877,1.6636,569.0,39.6284,0.5398,0.7012,600,948,586,927,175.6321
12,304.4135,3,1186.6105,663.0945,11328.0,725.0,137.6127,0.9389,1.6081,587.0,27.3863,0.6648,0.7987,948,1304,586,927,175.6321
12,304.4135,4,1389.5809,665.5898,11409.0,0.0,146.0782,0.5769,1.6656,596.0,38.6596,0.4368,0.608,1304,1656,586,927,175.6321
12,304.814,1,434.9505,628.9649,12830.0,2233.0,179.0878,0.6665,2.093,554.0,24.7651,0.7397,0.8504,248,600,586,927,175.6321
12,304.814,2,770.2119,657.7381,11039.0,514.0,148.396,0.8883,1.8188,568.0,26.6445,0.6986,0.8226,600,948,586,927,175.6321
12,304.814,3,1183.4991,654.6077,11202.0,894.0,139.2889,0.9999,1.6739,581.0,26.2188,0.6431,0.7828,948,1304,586,927,175.6321
12,304.814,4,1429.7207,660.7613,13894.0,0.0,189.501,0.3881,2.2596,597.0,47.0636,0.3471,0.5154,1304,1656,586,927,175.6321
12,305.2146,1,426.0772,631.9376,12941.0,2092.0,183.5899,0.6429,2.2165,556.0,27.5645,0.7053,0.8272,248,600,586,927,175.6321
12,305.2146,2,775.4609,670.3285,12140.0,455.0,163.773,0.9147,2.0027,569.0,37.5479,0.5774,0.7321,600,948,586,927,175.6321
12,305.2146,3,1181.1237,668.9049,10523.0,0.0,133.0998,0.9676,1.5433,586.0,30.0727,0.5624,0.7199,948,1304,586,927,175.6321
12,305.2146,4,1478.2617,663.2977,13979.0,0.0,183.9728,0.4449,2.131,595.0,50.6138,0.314,0.478,1304,1656,586,927,175.6321
12,305.6151,1,410.8056,631.0216,12622.0,2097.0,171.0097,0.7079,2.0164,554.0,32.6769,0.6196,0.7651,248,600,586,927,175.6321
12,305.6151,2,780.4196,677.907,12737.0,167.0,170.9496,0.9358,2.0294,578.0,30.4121,0.6622,0.7968,600,948,586,927,175.6321
12,305.6151,3,1171.5004,664.7437,10969.0,31.0,147.7195,0.8958,1.7435,584.0,31.0364,0.6125,0.7597,948,1304,586,927,175.6321
12,305.6151,4,1510.9277,673.6627,12955.0,0.0,157.045,0.6674,1.8296,594.0,46.0609,0.3518,0.5205,1304,1656,586,927,175.6321
12,306.0156,1,399.0336,640.2731,13513.0,2519.0,177.2181,0.7679,2.1587,551.0,35.5371,0.5618,0.7194,248,600,586,927,175.6321
12,306.0156,2,784.8412,686.9047,13176.0,119.0,167.7908,0.99,1.8556,580.0,27.016,0.6424,0.7822,600,948,586,927,175.6321
12,306.0156,3,1157.9793,667.4555,12318.0,110.0,167.5396,0.9075,1.9651,581.0,38.0117,0.5336,0.6958,948,1304,586,927,175.6321
12,306.0156,4,1537.7138,689.9763,12769.0,0.0,141.399,0.971,1.528,591.0,37.7934,0.3991,0.5705,1304,1656,586,927,175.6321
12,306.4162,1,385.0131,637.1924,12993.0,2434.0,174.0616,0.7543,2.0199,552.0,35.2987,0.5646,0.7217,248,600,586,927,175.6321
12,306.4162,2,786.5773,674.9943,12512.0,248.0,171.9088,0.992,2.0387,575.0,32.4184,0.6185,0.7643,600,948,586,927,175.6321
12,306.4162,3,1139.433,660.359,12135.0,137.0,156.82,0.8031,1.8074,581.0,35.559,0.5843,0.7376,948,1304,586,927,175.6321
12,306.4162,4,1526.6928,683.0266,11802.0,0.0,142.35,0.9587,1.4991,597.0,39.2902,0.4002,0.5716,1304,1656,586,927,175.6321
12,306.8167,1,377.9951,629.8771,14491.0,4473.0,213.6212,0.9605,2.7867,507.0,43.3873,0.4692,0.6387,248,600,586,927,175.6321
12,306.8167,2,779.3012,659.6218,12873.0,991.0,186.2621,0.9099,2.2874,565.0,33.1027,0.6289,0.7722,600,948,586,927,175.6321
12,306.8167,3,1125.0622,665.6103,12883.0,226.0,172.0781,0.8384,2.0259,579.0,39.7875,0.5083,0.674,948,1304,586,927,175.6321
12,306.8167,4,1494.5906,681.0418,12377.0,0.0,147.1278,0.8955,1.5638,594.0,44.6883,0.3415,0.5091,1304,1656,586,927,175.6321
12,307.2173,1,377.3469,673.6046,13234.0,499.0,204.4263,0.7168,2.7405,569.0,56.7985,0.2924,0.4525,248,600,586,927,175.6321
12,307.2173,2,776.9419,655.378,13411.0,1151.0,182.0137,0.7932,2.2148,559.0,30.878,0.6241,0.7685,600,948,586,927,175.6321
12,307.2173,3,1108.6852,664.2941,12522.0,30.0,164.4666,0.7961,1.9032,584.0,38.8707,0.5591,0.7172,948,1304,586,927,175.6321
12,307.2173,4,1469.802,681.7676,13368.0,0.0,163.2664,0.7969,1.8167,590.0,40.6392,0.4396,0.6107,1304,1656,586,927,175.6321
12,307.6178,1,357.1208,658.7383,13662.0,1695.0,172.9354,0.9973,1.9775,550.0,49.1689,0.3692,0.5393,248,600,586,927,175.6321
12,307.6178,2,764.3355,668.2789,12812.0,972.0,166.025,0.9979,1.9624,556.0,45.3019,0.4149,0.5865,600,948,586,927,175.6321
12,307.6178,3,1096.8551,671.7103,13082.0,132.0,174.8321,0.8212,2.0775,581.0,34.1319,0.5603,0.7182,948,1304,586,927,175.6321
12,307.6178,4,1446.643,677.1169,12977.0,0.0,168.8771,0.7438,1.9118,592.0,45.8109,0.4447,0.6156,1304,1656,586,927,175.6321
12,308.0184,1,354.0734,625.1811,9297.0,1709.0,140.4546,0.9288,1.8231,550.0,38.0651,0.5081,0.6738,248,600,586,927,175.6321
12,308.0184,2,757.7568,681.051,13945.0,173.0,191.3136,0.8339,2.3389,579.0,52.8377,0.3721,0.5424,600,948,586,927,175.6321
12,308.0184,3,1085.3203,676.8075,13664.0,105.0,174.3183,0.8555,1.9798,582.0,32.6788,0.5646,0.7217,948,1304,586,927,175.6321
12,308.0184,4,1416.8601,672.5489,13195.0,6.0,188.1719,0.7895,2.2497,586.0,45.9763,0.4188,0.5904,1304,1656,586,927,175.6321
12,308.4189,1,371.1351,618.2898,11979.0,3218.0,172.4982,0.9271,1.8174,530.0,32.6429,0.6011,0.7509,248,600,586,927,175.6321
12,308.4189,2,753.117,680.9648,13997.0,266.0,192.792,0.8695,2.36,576.0,29.9785,0.6589,0.7944,600,948,586,927,175.6321
12,308.4189,3,1070.9721,665.0003,12639.0,234.0,160.3451,0.8129,1.8413,579.0,33.2582,0.5684,0.7248,948,1304,586,927,175.6321
12,308.4189,4,1394.0709,684.4281,12968.0,0.0,176.1256,0.8099,2.1274,591.0,47.8276,0.3799,0.5506,1304,1656,586,927,175.6321
12,308.8195,1,374.3428,654.996,11863.0,1110.0,155.9879,0.946,1.8519,571.0,47.5518,0.4439,0.6149,248,600,586,927,175.6321
12,308.8195,2,753.6289,672.3968,13247.0,342.0,172.8409,0.9144,2.0755,573.0,30.7023,0.6266,0.7704,600,948,586,927,175.6321
12,308.8195,3,1058.6164,669.1949,13000.0,276.0,161.0884,0.8539,1.8801,578.0,35.5074,0.5489,0.7088,948,1304,586,927,175.6321
12,308.8195,4,1379.2309,679.918,12048.0,0.0,163.8299,0.8532,2.0459,587.0,35.0051,0.5466,0.7068,1304,1656,586,927,175.6321
12,309.22,1,389.8501,658.7371,12105.0,865.0,170.494,0.9619,2.1443,561.0,35.7175,0.5174,0.682,248,600,586,927,175.6321
12,309.22,2,752.3948,674.0303,12862.0,703.0,165.4668,0.9832,2.0138,561.0,30.9201,0.6043,0.7534,600,948,586,927,175.6321
12,309.22,3,1042.1178,666.6498,11952.0,242.0,158.8876,0.8674,1.8987,579.0,33.8433,0.5255,0.6889,948,1304,586,927,175.6321
12,309.22,4,1364.0235,677.5573,12017.0,0.0,147.8088,0.9287,1.6037,588.0,31.494,0.5302,0.693,1304,1656,586,927,175.6321
12,309.6205,1,398.085,638.3306,10883.0,1735.0,140.7398,0.9621,1.619,550.0,37.2597,0.508,0.6737,248,600,586,927,175.6321
12,309.6205,2,752.8499,665.8369,11857.0,309.0,148.1965,0.9712,1.6425,574.0,38.2802,0.5356,0.6976,600,948,586,927,175.6321
12,309.6205,3,1040.0839,672.7974,12381.0,59.0,165.3622,0.8411,2.0245,583.0,23.9972,0.7226,0.8389,948,1304,586,927,175.6321
12,309.6205,4,1359.843,675.0179,12314.0,0.0,143.8059,0.9664,1.4747,589.0,21.5839,0.71,0.8304,1304,1656,586,927,175.6321
12,310.0211,1,405.8633,632.8779,11110.0,1731.0,147.0568,0.8939,1.6536,554.0,29.9336,0.6542,0.791,248,600,586,927,175.6321
12,310.0211,2,752.2637,664.4143,12657.0,631.0,160.2628,0.9705,1.8515,566.0,23.228,0.7321,0.8453,600,948,586,927,175.6321
12,310.0211,3,1039.5336,664.4933,11697.0,170.0,166.6375,0.877,2.0576,579.0,18.4859,0.7996,0.8886,948,1304,586,927,175.6321
12,310.0211,4,1375.9473,678.644,12201.0,0.0,139.0463,0.9335,1.4264,592.0,34.3772,0.5188,0.6832,1304,1656,586,927,175.6321
12,310.4216,1,415.1446,634.2401,12107.0,2005.0,147.8021,0.8438,1.6489,552.0,32.0335,0.6006,0.7505,248,600,586,927,175.6321
12,310.4216,2,750.4091,664.3948,12546.0,518.0,158.5673,0.9525,1.784,566.0,21.027,0.7789,0.8757,600,948,586,927,175.6321
12,310.4216,3,1029.5628,671.346,11391.0,245.0,158.8898,0.9941,1.9168,577.0,37.8741,0.4858,0.6539,948,1304,586,927,175.6321
12,310.4216,4,1410.1588,672.0225,14778.0,54.0,177.3532,0.7,1.8682,584.0,46.7643,0.3835,0.5544,1304,1656,586,927,175.6321
12,310.8222,1,427.1602,638.7553,12585.0,1921.0,146.4106,0.8979,1.5446,553.0,35.9798,0.5411,0.7023,248,600,586,927,175.6321
12,310.8222,2,750.1295,668.2557,11886.0,366.0,162.0217,0.973,1.969,573.0,22.4699,0.743,0.8526,600,948,586,927,175.6321
12,310.8222,3,1031.6725,655.1745,9504.0,89.0,137.6862,0.8025,1.7506,582.0,31.1162,0.5011,0.6676,948,1304,586,927,175.6321
12,310.8222,4,1447.8459,676.4138,17739.0,45.0,223.4276,0.5604,2.3769,584.0,48.7965,0.3427,0.5104,1304,1656,586,927,175.6321
12,311.2227,1,439.6761,642.3176,12354.0,1588.0,153.4576,0.8353,1.709,559.0,33.4022,0.5775,0.7322,248,600,586,927,175.6321
12,311.2227,2,743.6137,667.8685,11577.0,304.0,154.9437,0.9709,1.8246,574.0,24.6437,0.7302,0.8441,600,948,586,927,175.6321
12,311.2227,3,1058.6329,636.1434,9743.0,237.0,153.92,0.5997,1.9895,579.0,37.3567,0.5047,0.6709,948,1304,586,927,175.6321
12,311.2227,4,1485.9303,678.6069,18024.0,0.0,203.8911,0.5194,2.0536,596.0,43.8499,0.3934,0.5647,1304,1656,586,927,175.6321
12,311.6233,1,448.7975,645.5866,12713.0,1552.0,156.0721,0.8482,1.7573,559.0,30.0371,0.6354,0.777,248,600,586,927,175.6321
12,311.6233,2,736.7561,674.5509,12367.0,281.0,161.1598,0.985,1.8674,575.0,28.467,0.6697,0.8022,600,948,586,927,175.6321
12,311.6233,3,1085.6626,644.5973,12386.0,479.0,179.1641,0.6214,2.1925,576.0,49.5307,0.4038,0.5753,948,1304,586,927,175.6321
12,311.6233,4,1508.3728,666.1275,14323.0,0.0,165.4317,0.4978,1.8128,592.0,36.5302,0.4817,0.6502,1304,1656,586,927,175.6321
12,312.0238,1,455.698,649.1543,12988.0,1522.0,157.5897,0.9008,1.7312,558.0,28.2209,0.6282,0.7716,248,600,586,927,175.6321
12,312.0238,2,733.9908,674.0954,12550.0,351.0,170.3839,0.9119,2.0589,574.0,31.7458,0.6214,0.7665,600,948,586,927,175.6321
12,312.0238,3,1117.4918,644.1017,13480.0,811.0,179.5717,0.6042,2.1533,584.0,49.3553,0.384,0.5549,948,1304,586,927,175.6321
12,312.0238,4,1524.8279,672.457,11771.0,232.0,151.7502,0.8992,2.02,577.0,40.0158,0.4132,0.5847,1304,1656,586,927,175.6321
12,312.4243,1,458.0651,643.3361,12075.0,1488.0,153.7256,0.8293,1.7358,560.0,20.2142,0.7503,0.8574,248,600,586,927,175.6321
12,312.4243,2,730.9487,680.6368,12696.0,183.0,179.395,0.8806,2.2013,578.0,26.4757,0.7314,0.8449,600,948,586,927,175.6321
12,312.4243,3,1138.3865,644.288,13621.0,802.0,176.9305,0.5363,2.119,585.0,39.9363,0.5467,0.7069,948,1304,586,927,175.6321
12,312.4243,4,1533.5138,690.4491,11276.0,0.0,140.8549,0.9998,1.6428,598.0,32.462,0.4354,0.6067,1304,1656,586,927,175.6321
12,312.8249,1,457.0495,649.7699,13124.0,1513.0,162.3429,0.9042,1.8011,558.0,23.3038,0.6884,0.8154,248,600,586,927,175.6321
12,312.8249,2,726.0991,682.7299,12907.0,187.0,190.7917,0.8916,2.3764,578.0,25.2358,0.7379,0.8492,600,948,586,927,175.6321
12,312.8249,3,1156.4182,648.4299,13750.0,795.0,171.8137,0.5818,2.0169,585.0,38.046,0.5451,0.7056,948,1304,586,927,175.6321
12,312.8249,4,1514.8467,675.7706,12064.0,0.0,155.8726,0.8489,1.7643,596.0,38.2419,0.4255,0.597,1304,1656,586,927,175.6321
12,313.2254,1,455.0796,643.7593,12167.0,1557.0,155.2929,0.8771,1.7642,560.0,20.0408,0.7496,0.8569,248,600,586,927,175.6321
12,313.2254,2,718.8091,674.9256,13662.0,1053.0,206.0127,0.968,2.5557,570.0,31.4336,0.5991,0.7493,600,948,586,927,175.6321
12,313.2254,3,1172.4298,650.8966,13863.0,783.0,166.6001,0.6011,1.9487,586.0,36.8754,0.579,0.7334,948,1304,586,927,175.6321
12,313.2254,4,1484.038,659.0171,12749.0,0.0,186.8205,0.6004,2.1141,592.0,43.5179,0.4551,0.6255,1304,1656,586,927,175.6321
12,313.626,1,453.3836,642.4414,12201.0,1354.0,154.3464,0.874,1.7423,560.0,21.1485,0.764,0.8662,248,600,586,927,175.6321
12,313.626,2,719.3424,685.3408,13252.0,409.0,200.5464,0.9497,2.6646,573.0,22.8692,0.7305,0.8442,600,948,586,927,175.6321
12,313.626,3,1184.4568,667.45,12810.0,0.0,164.3304,0.7254,1.929,587.0,33.2307,0.5231,0.6869,948,1304,586,927,175.6321
12,313.626,4,1450.7678,663.9797,13381.0,0.0,190.3503,0.5166,2.3399,593.0,52.2963,0.3799,0.5506,1304,1656,586,927,175.6321
12,314.0265,1,452.1396,639.2473,11879.0,1498.0,166.1879,0.9308,1.9063,558.0,17.4323,0.8263,0.9049,248,600,586,927,175.6321
12,314.0265,2,717.3496,666.5896,14052.0,1213.0,208.5061,0.8385,2.4489,567.0,36.95,0.5858,0.7388,600,948,586,927,175.6321
12,314.0265,3,1190.1299,677.3259,12934.0,0.0,165.6097,0.7988,1.9954,586.0,32.2135,0.6103,0.758,948,1304,586,927,175.6321
12,314.0265,4,1412.5369,667.2887,12877.0,0.0,182.6251,0.5913,2.3049,591.0,53.399,0.3303,0.4965,1304,1656,586,927,175.6321
12,314.4271,1,447.6197,645.4034,12453.0,1333.0,160.3074,0.8428,1.7892,561.0,26.5368,0.6895,0.8162,248,600,586,927,175.6321
12,314.4271,2,737.2962,668.1405,15153.0,1369.0,221.0593,0.7124,3.082,555.0,41.8636,0.4775,0.6463,600,948,586,927,175.6321
12,314.4271,3,1202.8058,669.5984,11784.0,0.0,157.4668,0.8362,1.8929,586.0,31.7737,0.598,0.7484,948,1304,586,927,175.6321
12,314.4271,4,1383.2193,674.4954,11670.0,0.0,158.4123,0.744,2.0047,590.0,49.8721,0.3479,0.5162,1304,1656,586,927,175.6321
12,314.8276,1,444.1388,650.4822,12841.0,1378.0,161.3245,0.9122,1.7424,560.0,23.7745,0.7006,0.8239,248,600,586,927,175.6321
12,314.8276,2,730.9384,666.4763,12458.0,452.0,179.3385,0.7095,2.353,572.0,37.8086,0.4897,0.6574,600,948,586,927,175.6321
12,314.8276,3,1210.2338,682.5262,11809.0,0.0,153.2815,0.9023,1.8519,590.0,30.4522,0.5952,0.7462,948,1304,586,927,175.6321
12,314.8276,4,1355.4151,681.3313,9270.0,0.0,129.2794,0.9437,1.7567,595.0,48.4403,0.3303,0.4966,1304,1656,586,927,175.6321
12,315.2282,1,442.4614,655.1377,13249.0,1295.0,161.7524,0.9011,1.8326,559.0,22.262,0.7227,0.839,248,600,586,927,175.6321
12,315.2282,2,710.7569,656.3927,13828.0,1588.0,153.8217,0.9709,1.5688,563.0,39.0814,0.4345,0.6058,600,948,586,927,175.6321
12,315.2282,3,1214.5386,679.2206,11954.0,0.0,160.9944,0.9344,1.9834,586.0,21.3532,0.7252,0.8407,948,1304,586,927,175.6321
12,315.2282,4,1354.52,670.9827,10506.0,0.0,127.5304,0.878,1.3992,595.0,33.3782,0.5089,0.6746,1304,1656,586,927,175.6321
12,315.6287,1,441.177,653.5443,12297.0,1254.0,153.3494,0.9189,1.7728,558.0,23.4912,0.7049,0.8269,248,600,586,927,175.6321
12,315.6287,2,691.7463,645.504,10174.0,842.0,150.9435,0.9826,1.8364,565.0,31.6788,0.5539,0.7129,600,948,586,927,175.6321
12,315.6287,3,1211.7507,685.0114,12095.0,0.0,157.5591,0.8964,1.9457,587.0,21.4275,0.7027,0.8254,948,1304,586,927,175.6321
12,315.6287,4,1389.8862,667.4514,11091.0,0.0,124.7223,0.6508,1.2213,597.0,48.6261,0.308,0.4709,1304,1656,586,927,175.6321
12,316.0292,1,434.4026,653.9761,12676.0,1312.0,156.118,0.9357,1.7725,560.0,26.9521,0.6488,0.787,248,600,586,927,175.6321
12,316.0292,2,706.1217,651.7727,11432.0,410.0,182.9111,0.737,2.2941,575.0,44.0695,0.4826,0.651,600,948,586,927,175.6321
12,316.0292,3,1212.1893,683.5441,12687.0,176.0,166.6011,0.9655,2.0534,580.0,26.9047,0.6233,0.768,948,1304,586,927,175.6321
12,316.0292,4,1425.2135,675.5693,11501.0,0.0,123.4346,0.9976,1.2171,596.0,50.2992,0.3241,0.4896,1304,1656,586,927,175.6321
12,316.4298,1,428.3644,661.6227,12806.0,1031.0,161.4576,0.9054,1.9327,562.0,27.9107,0.646,0.7849,248,600,586,927,175.6321
12,316.4298,2,721.1942,649.8467,12710.0,762.0,192.6232,0.6138,2.5248,568.0,32.9184,0.5808,0.7348,600,948,586,927,175.6321
12,316.4298,3,1211.2192,687.4419,11656.0,0.0,157.9603,0.9027,2.115,591.0,26.7567,0.6615,0.7963,948,1304,586,927,175.6321
12,316.4298,4,1457.1987,673.7248,12675.0,0.0,147.4072,0.5976,1.5261,598.0,46.6413,0.3882,0.5593,1304,1656,586,927,175.6321
12,316.8303,1,425.5405,654.203,12209.0,1086.0,158.1483,0.8975,1.8764,561.0,27.671,0.6572,0.7931,248,600,586,927,175.6321
12,316.8303,2,739.4513,639.0436,12330.0,708.0,177.1647,0.5609,2.1405,570.0,33.9642,0.5665,0.7232,600,948,586,927,175.6321
12,316.8303,3,1216.9278,672.0021,11183.0,0.0,151.1378,0.9674,1.7635,587.0,32.4552,0.574,0.7294,948,1304,586,927,175.6321
12,316.8303,4,1489.9224,674.0791,13768.0,0.0,168.3419,0.519,1.7971,600.0,48.0217,0.3961,0.5675,1304,1656,586,927,175.6321
12,317.2309,1,422.193,655.3321,12174.0,1445.0,156.5723,0.9954,1.8346,549.0,31.9351,0.5644,0.7216,248,600,586,927,175.6321
12,317.2309,2,767.7612,643.5972,12265.0,741.0,157.738,0.7314,1.7306,569.0,47.1792,0.436,0.6073,600,948,586,927,175.6321
12,317.2309,3,1205.7427,653.4016,9914.0,688.0,146.7092,0.9951,1.9394,582.0,29.3195,0.5724,0.7281,948,1304,586,927,175.6321
12,317.2309,4,1516.379,677.7747,14491.0,0.0,160.094,0.5621,1.6099,598.0,41.0694,0.4369,0.6082,1304,1656,586,927,175.6321
12,317.6314,1,417.561,659.4436,12075.0,1253.0,160.7089,0.9999,1.9231,555.0,30.1818,0.6212,0.7664,248,600,586,927,175.6321
12,317.6314,2,791.4887,666.1118,13332.0,263.0,179.7849,0.7314,2.1333,574.0,58.3554,0.3127,0.4765,600,948,586,927,175.6321
12,317.6314,3,1198.8486,641.7714,9618.0,782.0,128.7613,0.8643,1.6216,581.0,31.1714,0.5688,0.7252,948,1304,586,927,175.6321
12,317.6314,4,1538.5616,686.6062,13318.0,0.0,140.8726,0.771,1.3863,599.0,42.9637,0.4416,0.6126,1304,1656,586,927,175.6321
12,318.032,1,413.4619,660.6981,13261.0,1513.0,171.1062,0.9939,2.004,552.0,29.4727,0.6576,0.7934,248,600,586,927,175.6321
12,318.032,2,823.8872,669.6492,12335.0,150.0,155.3949,0.8977,1.8621,584.0,54.6893,0.3537,0.5225,600,948,586,927,175.6321
12,318.032,3,1178.874,648.8282,11128.0,66.0,156.9955,0.6736,1.8609,582.0,43.4204,0.4619,0.6319,948,1304,586,927,175.6321
12,318.032,4,1550.0965,703.0969,12296.0,0.0,148.8942,0.9432,1.698,597.0,35.8516,0.479,0.6477,1304,1656,586,927,175.6321
12,318.4325,1,408.8156,643.276,13071.0,1925.0,169.2755,0.8482,1.9619,553.0,37.8139,0.5336,0.6959,248,600,586,927,175.6321
12,318.4325,2,851.9008,658.529,13391.0,818.0,170.6245,0.7473,1.8604,567.0,49.4731,0.3313,0.4977,600,948,586,927,175.6321
12,318.4325,3,1163.4075,659.6236,11753.0,54.0,153.6633,0.8212,1.7744,583.0,38.2888,0.54,0.7013,948,1304,586,927,175.6321
12,318.4325,4,1554.841,691.6747,12927.0,0.0,148.5318,0.9729,1.4887,593.0,30.9217,0.568,0.7245,1304,1656,586,927,175.6321
12,318.8331,1,401.5211,636.9123,13227.0,2267.0,175.7513,0.7263,2.0883,553.0,32.5253,0.602,0.7515,248,600,586,927,175.6321
12,318.8331,2,846.5168,639.5936,13451.0,355.0,190.4348,0.4773,2.1056,574.0,33.7068,0.5358,0.6977,600,948,586,927,175.6321
12,318.8331,3,1155.1144,662.2003,12519.0,134.0,167.6682,0.7048,2.0285,581.0,29.6034,0.6484,0.7867,948,1304,586,927,175.6321
12,318.8331,4,1535.5008,696.4491,13772.0,0.0,153.0354,0.9237,1.5144,602.0,33.9728,0.5084,0.6741,1304,1656,586,927,175.6321
12,319.2336,1,387.1549,636.642,13031.0,2166.0,172.2415,0.7564,2.0826,553.0,37.0986,0.5647,0.7218,248,600,586,927,175.6321
12,319.2336,2,836.1834,651.3345,14521.0,900.0,198.9419,0.6967,2.2385,568.0,31.471,0.5948,0.746,600,948,586,927,175.6321
12,319.2336,3,1138.0782,655.8742,14250.0,295.0,213.4663,0.6862,2.4739,578.0,38.5467,0.5764,0.7313,948,1304,586,927,175.6321
12,319.2336,4,1531.2805,693.9139,14346.0,0.0,163.2657,0.9702,1.5882,591.0,19.3576,0.731,0.8446,1304,1656,586,927,175.6321
12,319.6341,1,376.588,641.8981,12798.0,1521.0,175.3458,0.7696,2.1458,557.0,32.8653,0.6413,0.7814,248,600,586,927,175.6321
12,319.6341,2,818.213,656.5403,14269.0,580.0,190.3127,0.5844,2.3244,572.0,37.4061,0.5268,0.69,600,948,586,927,175.6321
12,319.6341,3,1104.3514,648.035,12017.0,381.0,164.315,0.621,2.006,576.0,47.9869,0.4443,0.6152,948,1304,586,927,175.6321
12,319.6341,4,1528.2118,693.9785,13962.0,0.0,157.5343,0.8973,1.5664,608.0,18.8394,0.7512,0.8579,1304,1656,586,927,175.6321
12,320.0347,1,366.4128,643.398,15380.0,3688.0,224.1137,0.9756,2.9079,510.0,45.8332,0.4256,0.5971,248,600,586,927,175.6321
12,320.0347,2,782.3084,649.2285,14432.0,1338.0,205.7287,0.6834,2.5074,563.0,42.9934,0.3975,0.5689,600,948,586,927,175.6321
12,320.0347,3,1087.5211,667.4501,13440.0,202.0,158.4224,0.8933,1.7207,579.0,44.7138,0.3967,0.5681,948,1304,586,927,175.6321
12,320.0347,4,1532.0991,698.5729,13263.0,0.0,157.76,0.8659,1.7116,609.0,21.749,0.7416,0.8516,1304,1656,586,927,175.6321
12,320.4352,1,361.7832,672.1815,13158.0,713.0,190.8896,0.873,2.382,568.0,42.7021,0.4341,0.6054,248,600,586,927,175.6321
12,320.4352,2,755.6128,646.9385,14103.0,783.0,202.8665,0.6149,2.5485,569.0,43.6544,0.487,0.655,600,948,586,927,175.6321
12,320.4352,3,1072.175,683.308,12998.0,37.0,172.5324,0.9211,2.115,584.0,36.7024,0.4581,0.6283,948,1304,586,927,175.6321
12,320.4352,4,1538.7892,699.6484,13628.0,0.0,159.8155,0.8525,1.7092,615.0,20.1939,0.7354,0.8475,1304,1656,586,927,175.6321
12,320.8358,1,357.4175,657.0418,16396.0,3390.0,227.1056,0.9948,2.6845,528.0,39.8534,0.4577,0.628,248,600,586,927,175.6321
12,320.8358,2,733.5977,648.7673,13639.0,794.0,193.6451,0.616,2.3306,569.0,37.5827,0.5214,0.6854,600,948,586,927,175.6321
12,320.8358,3,1054.4078,684.6285,12728.0,84.0,161.3926,0.9649,1.8812,582.0,27.6578,0.5579,0.7162,948,1304,586,927,175.6321
12,320.8358,4,1544.7085,689.6719,12649.0,0.0,155.4788,0.9307,1.7403,604.0,20.8043,0.7538,0.8596,1304,1656,586,927,175.6321
12,321.2363,1,361.3964,652.7653,12439.0,1552.0,163.1747,0.9716,1.9335,555.0,29.8297,0.6292,0.7724,248,600,586,927,175.6321
12,321.2363,2,706.9787,646.6617,12056.0,1129.0,172.0294,0.7126,2.2619,561.0,42.8553,0.4422,0.6132,600,948,586,927,175.6321
12,321.2363,3,1047.6735,675.1011,11294.0,158.0,148.3013,0.9568,1.8643,581.0,35.4913,0.4806,0.6492,948,1304,586,927,175.6321
12,321.2363,4,1548.6139,690.6003,12350.0,0.0,152.0936,0.9914,1.6838,605.0,22.8682,0.6791,0.8089,1304,1656,586,927,175.6321
12,321.6369,1,365.0088,634.1495,10957.0,1790.0,155.0791,0.9697,1.8316,553.0,33.8622,0.5505,0.7101,248,600,586,927,175.6321
12,321.6369,2,684.0025,660.311,10611.0,541.0,131.6336,0.9193,1.5903,571.0,45.8198,0.3675,0.5375,600,948,586,927,175.6321
12,321.6369,3,1062.2279,643.2167,11489.0,374.0,195.3999,0.582,2.7326,577.0,43.3945,0.4067,0.5782,948,1304,586,927,175.6321
12,321.6369,4,1548.3677,688.0748,12508.0,0.0,158.3448,0.9926,1.764,603.0,23.7096,0.6898,0.8164,1304,1656,586,927,175.6321
12,322.0374,1,380.7874,633.7039,10291.0,1808.0,131.4018,0.8787,1.5385,555.0,39.9303,0.4714,0.6407,248,600,586,927,175.6321
12,322.0374,2,675.1901,648.9851,11201.0,948.0,127.7876,0.9948,1.423,575.0,35.3304,0.5359,0.6979,600,948,586,927,175.6321
12,322.0374,3,1107.5221,638.8008,13260.0,840.0,181.922,0.4909,2.2524,581.0,52.8465,0.3353,0.5022,948,1304,586,927,175.6321
12,322.0374,4,1548.4922,685.202,12304.0,0.0,176.5659,0.9221,2.0496,604.0,27.2474,0.6627,0.7971,1304,1656,586,927,175.6321
12,322.4379,1,401.6507,632.0221,11490.0,1971.0,156.5838,0.8872,1.8388,552.0,38.7398,0.4946,0.6619,248,600,586,927,175.6321
12,322.4379,2,686.1538,644.9666,12057.0,729.0,123.9468,0.8491,1.1046,566.0,35.0421,0.5566,0.7151,600,948,586,927,175.6321
12,322.4379,3,1142.8138,648.5316,13808.0,1143.0,181.0939,0.7019,2.1778,572.0,53.803,0.358,0.5273,948,1304,586,927,175.6321
12,322.4379,4,1548.1979,695.3183,13143.0,0.0,174.594,0.9062,2.0652,594.0,22.137,0.7099,0.8304,1304,1656,586,927,175.6321
12,322.8385,1,414.4615,644.538,12899.0,1963.0,155.1489,0.8209,1.7085,555.0,39.7175,0.5234,0.6871,248,600,586,927,175.6321
12,322.8385,2,711.4984,645.8968,13426.0,706.0,136.3694,0.9993,1.1527,566.0,46.8941,0.4263,0.5977,600,948,586,927,175.6321
12,322.8385,3,1152.0228,667.5735,14390.0,644.0,180.999,0.7536,2.0661,587.0,39.7343,0.4993,0.666,948,1304,586,927,175.6321
12,322.8385,4,1544.8212,683.5983,12674.0,0.0,169.1739,0.8479,1.846,588.0,27.46,0.6684,0.8013,1304,1656,586,927,175.6321
12,323.239,1,427.0002,641.122,12474.0,1783.0,157.9066,0.7667,1.8115,559.0,30.5584,0.6565,0.7927,248,600,586,927,175.6321
12,323.239,2,741.6242,654.8801,13953.0,329.0,159.4117,0.6003,1.6784,576.0,42.1521,0.4203,0.5918,600,948,586,927,175.6321
12,323.239,3,1160.2675,660.6705,13857.0,900.0,180.5029,0.727,2.1583,580.0,23.6221,0.748,0.8558,948,1304,586,927,175.6321
12,323.239,4,1544.744,688.1404,12725.0,0.0,161.5703,0.9376,1.7492,589.0,28.3646,0.6554,0.7918,1304,1656,586,927,175.6321
12,323.6396,1,434.5373,639.9758,13259.0,2143.0,164.3682,0.8274,1.8182,554.0,29.3117,0.6362,0.7777,248,600,586,927,175.6321
12,323.6396,2,772.5134,648.3537,14579.0,294.0,191.5294,0.4444,2.2605,577.0,40.1813,0.4336,0.6049,600,948,586,927,175.6321
12,323.6396,3,1178.1714,652.3876,13163.0,1058.0,160.9305,0.7691,1.8806,575.0,36.1354,0.5686,0.7249,948,1304,586,927,175.6321
12,323.6396,4,1543.3698,691.3369,12532.0,0.0,155.613,0.8482,1.7612,608.0,35.2666,0.579,0.7333,1304,1656,586,927,175.6321
12,324.0401,1,442.0992,640.13,12790.0,1900.0,163.5376,0.7907,1.8618,557.0,30.0108,0.6127,0.7599,248,600,586,927,175.6321
12,324.0401,2,800.453,651.2963,15597.0,549.0,204.3511,0.4183,2.373,573.0,39.2998,0.4762,0.6451,600,948,586,927,175.6321
12,324.0401,3,1191.6469,671.2484,14375.0,1307.0,176.0393,0.9469,2.072,566.0,38.2168,0.4736,0.6428,948,1304,586,927,175.6321
12,324.0401,4,1542.1295,696.6988,12982.0,0.0,162.5006,0.85,1.8449,604.0,20.4528,0.8144,0.8977,1304,1656,586,927,175.6321
12,324.4407,1,448.4981,643.3384,12816.0,1672.0,166.2669,0.7616,1.9176,560.0,28.0135,0.6531,0.7901,248,600,586,927,175.6321
12,324.4407,2,824.8332,656.8913,13925.0,452.0,168.2855,0.51,1.9748,576.0,41.3355,0.4196,0.5912,600,948,586,927,175.6321
12,324.4407,3,1198.3566,685.6249,12574.0,667.0,161.0745,0.9935,1.9827,588.0,33.5073,0.5181,0.6825,948,1304,586,927,175.6321
12,324.4407,4,1542.6857,698.3462,13263.0,0.0,175.1048,0.8892,1.9967,591.0,19.6721,0.7849,0.8795,1304,1656,586,927,175.6321
12,324.8412,1,450.7142,648.5821,13095.0,1505.0,165.2722,0.8076,1.868,561.0,22.8471,0.7331,0.846,248,600,586,927,175.6321
12,324.8412,2,849.6666,660.7101,11737.0,428.0,146.0695,0.714,1.7759,573.0,34.0515,0.4458,0.6167,600,948,586,927,175.6321
12,324.8412,3,1203.2955,679.7568,12564.0,148.0,212.4065,0.8994,2.9315,580.0,36.6485,0.4208,0.5923,948,1304,586,927,175.6321
12,324.8412,4,1538.6502,697.7307,14841.0,0.0,200.2738,0.9057,2.1431,589.0,26.2717,0.6313,0.774,1304,1656,586,927,175.6321
12,325.2418,1,457.3502,648.084,12717.0,1498.0,163.6778,0.8197,1.8721,560.0,26.584,0.6395,0.7801,248,600,586,927,175.6321
12,325.2418,2,865.5466,661.5086,9645.0,276.0,131.3973,0.8411,1.7577,577.0,26.2269,0.5473,0.7074,600,948,586,927,175.6321
12,325.2418,3,1169.0395,651.1702,12225.0,244.0,191.3547,0.6123,2.4973,579.0,45.8909,0.4317,0.6031,948,1304,586,927,175.6321
12,325.2418,4,1542.1881,690.4848,12970.0,0.0,192.4223,0.8137,2.2248,600.0,30.6853,0.5741,0.7294,1304,1656,586,927,175.6321
12,325.6423,1,459.3651,644.1911,12603.0,1438.0,162.0125,0.7909,1.8239,561.0,19.6574,0.7581,0.8624,248,600,586,927,175.6321
12,325.6423,2,862.3152,643.6823,7862.0,348.0,124.9684,0.9156,1.8096,574.0,30.9461,0.5274,0.6906,600,948,586,927,175.6321
12,325.6423,3,1123.359,644.324,12820.0,812.0,190.2337,0.6376,2.3238,568.0,61.1302,0.3253,0.4909,948,1304,586,927,175.6321
12,325.6423,4,1540.6783,682.3605,12526.0,0.0,181.9535,0.8091,2.1887,587.0,28.6054,0.6394,0.78,1304,1656,586,927,175.6321
12,326.0428,1,467.1096,642.2448,12358.0,1663.0,166.7981,0.7811,1.9644,560.0,25.8261,0.6852,0.8132,248,600,586,927,175.6321
12,326.0428,2,850.3113,651.1312,9222.0,374.0,128.6478,0.9967,1.5698,572.0,35.5247,0.5319,0.6945,600,948,586,927,175.6321
12,326.0428,3,1100.729,661.8584,13681.0,685.0,184.2089,0.7981,2.1862,567.0,47.795,0.4057,0.5772,948,1304,586,927,175.6321
12,326.0428,4,1541.9109,691.3487,12154.0,0.0,152.7255,0.8986,1.7254,601.0,24.7157,0.6628,0.7972,1304,1656,586,927,175.6321
12,326.4434,1,473.6457,646.7473,12479.0,1763.0,164.7377,0.7782,1.9599,559.0,27.6647,0.6508,0.7885,248,600,586,927,175.6321
12,326.4434,2,834.5935,650.1271,9596.0,617.0,137.8901,0.9991,1.7309,564.0,35.0187,0.5349,0.697,600,948,586,927,175.6321
12,326.4434,3,1099.6781,672.7949,14055.0,93.0,179.3451,0.7049,2.1655,582.0,29.64,0.6579,0.7936,948,1304,586,927,175.6321
12,326.4434,4,1539.556,694.3103,12586.0,0.0,148.8178,0.935,1.6193,597.0,43.4483,0.4373,0.6085,1304,1656,586,927,175.6321
12,326.8439,1,479.1777,643.8219,12264.0,1763.0,170.8832,0.8051,2.093,557.0,30.4151,0.6152,0.7618,248,600,586,927,175.6321
12,326.8439,2,818.7334,660.8233,11073.0,348.0,150.0426,0.9997,1.7417,573.0,36.8325,0.4898,0.6575,600,948,586,927,175.6321
12,326.8439,3,1095.6106,667.0911,12542.0,131.0,156.5093,0.7728,1.7713,580.0,31.253,0.647,0.7857,948,1304,586,927,175.6321
12,326.8439,4,1545.9615,692.8447,11937.0,0.0,156.4059,0.9216,1.9315,596.0,33.576,0.5378,0.6994,1304,1656,586,927,175.6321
12,327.2445,1,485.5825,653.5951,12085.0,1241.0,166.9685,0.8304,2.0614,561.0,32.1019,0.6004,0.7503,248,600,586,927,175.6321
12,327.2445,2,797.5465,662.7294,10900.0,213.0,144.1046,0.9887,1.6581,578.0,39.3352,0.4693,0.6388,600,948,586,927,175.6321
12,327.2445,3,1081.4016,655.8232,10444.0,381.0,144.5932,0.9732,1.7485,573.0,37.3574,0.5328,0.6952,948,1304,586,927,175.6321
12,327.2445,4,1552.0827,688.5427,11902.0,0.0,147.5614,0.9233,1.6091,599.0,27.466,0.614,0.7609,1304,1656,586,927,175.6321
12,327.645,1,484.1253,655.4625,12629.0,1562.0,173.744,0.8237,2.2203,560.0,18.9104,0.7618,0.8648,248,600,586,927,175.6321
12,327.645,2,786.644,667.8519,12771.0,468.0,158.5022,0.926,1.7181,570.0,35.8391,0.5643,0.7215,600,948,586,927,175.6321
12,327.645,3,1077.6501,661.7906,10827.0,83.0,139.3042,0.8397,1.6292,582.0,36.0308,0.5103,0.6758,948,1304,586,927,175.6321
12,327.645,4,1536.8338,690.8546,13277.0,0.0,151.2969,0.836,1.5616,597.0,34.959,0.5242,0.6879,1304,1656,586,927,175.6321
12,328.0456,1,486.0563,649.8539,11934.0,1304.0,165.1956,0.8073,2.0595,560.0,15.652,0.8384,0.9121,248,600,586,927,175.6321
12,328.0456,2,775.6771,671.487,13718.0,784.0,191.4723,0.939,2.2231,563.0,30.8316,0.5963,0.7471,600,948,586,927,175.6321
12,328.0456,3,1080.6087,654.2988,11707.0,302.0,168.7608,0.8203,2.0761,577.0,27.3799,0.6303,0.7732,948,1304,586,927,175.6321
12,328.0456,4,1526.5206,694.5879,13737.0,0.0,145.6453,0.8918,1.4823,603.0,30.186,0.6405,0.7809,1304,1656,586,927,175.6321
12,328.4461,1,483.2383,648.6703,11865.0,1254.0,168.7771,0.7716,2.1875,562.0,20.5447,0.7071,0.8284,248,600,586,927,175.6321
12,328.4461,2,775.8696,676.8285,13837.0,159.0,179.1916,0.8723,2.0487,580.0,28.8233,0.6428,0.7826,600,948,586,927,175.6321
12,328.4461,3,1097.1646,658.5436,12786.0,374.0,181.8613,0.7331,2.2404,576.0,40.6545,0.514,0.679,948,1304,586,927,175.6321
12,328.4461,4,1521.8005,689.7609,13189.0,0.0,139.8594,0.9881,1.3338,601.0,37.0641,0.5745,0.7298,1304,1656,586,927,175.6321
12,328.8467,1,485.8889,647.2807,11776.0,1267.0,164.2647,0.8077,2.033,561.0,20.0356,0.7215,0.8382,248,600,586,927,175.6321
12,328.8467,2,775.1721,668.7802,12523.0,205.0,167.9503,0.9529,1.9255,577.0,29.1154,0.6317,0.7743,600,948,586,927,175.6321
12,328.8467,3,1128.939,649.8266,13792.0,1114.0,189.5134,0.6634,2.3652,574.0,43.625,0.4368,0.608,948,1304,586,927,175.6321
12,328.8467,4,1512.558,680.7463,12600.0,0.0,159.386,0.7698,1.7886,597.0,29.0293,0.6722,0.804,1304,1656,586,927,175.6321
12,329.2472,1,488.0575,647.854,11635.0,1312.0,162.0923,0.8047,2.0521,560.0,21.25,0.7156,0.8342,248,600,586,927,175.6321
12,329.2472,2,778.4131,670.3017,11811.0,352.0,155.1626,0.9986,1.8651,573.0,34.3872,0.6018,0.7514,600,948,586,927,175.6321
12,329.2472,3,1147.407,656.6757,14809.0,840.0,197.8069,0.6824,2.4013,580.0,48.0942,0.4763,0.6453,948,1304,586,927,175.6321
12,329.2472,4,1496.8682,674.3668,13995.0,0.0,174.5243,0.6363,1.8623,596.0,36.8826,0.6083,0.7565,1304,1656,586,927,175.6321
12,329.6477,1,488.2527,647.2261,11688.0,1339.0,164.598,0.8093,2.0539,560.0,18.5087,0.7725,0.8717,248,600,586,927,175.6321
12,329.6477,2,783.485,670.0174,12704.0,566.0,156.7973,0.9106,1.8112,571.0,37.8699,0.5563,0.7149,600,948,586,927,175.6321
12,329.6477,3,1167.0268,660.4565,13373.0,662.0,181.5337,0.6659,2.2737,587.0,41.086,0.4891,0.6569,948,1304,586,927,175.6321
12,329.6477,4,1477.2823,676.5877,13705.0,0.0,167.2001,0.7224,1.8051,594.0,37.9463,0.5328,0.6952,1304,1656,586,927,175.6321
12,330.0483,1,490.203,651.9704,11758.0,1063.0,168.3832,0.799,2.1501,563.0,23.8498,0.7266,0.8417,248,600,586,927,175.6321
12,330.0483,2,783.4772,662.8761,13588.0,781.0,163.8927,0.7806,1.8954,564.0,26.2523,0.6548,0.7914,600,948,586,927,175.6321
12,330.0483,3,1179.3583,666.8639,12608.0,0.0,169.664,0.6764,2.0716,588.0,36.2303,0.5569,0.7154,948,1304,586,927,175.6321
12,330.0483,4,1465.9606,693.0764,14783.0,0.0,152.5883,0.9211,1.4515,594.0,36.3145,0.5291,0.692,1304,1656,586,927,175.6321
12,330.4488,1,490.2896,658.6993,12371.0,968.0,175.2274,0.7862,2.2467,565.0,19.9486,0.7487,0.8563,248,600,586,927,175.6321
12,330.4488,2,771.8562,658.2687,13231.0,531.0,157.1151,0.7996,1.6667,572.0,29.4059,0.6663,0.7997,600,948,586,927,175.6321
12,330.4488,3,1190.6653,670.9429,11878.0,0.0,168.1384,0.762,2.1025,587.0,33.4152,0.5714,0.7273,948,1304,586,927,175.6321
12,330.4488,4,1462.6289,694.8807,13650.0,0.0,148.496,0.9872,1.5447,593.0,25.9144,0.6369,0.7782,1304,1656,586,927,175.6321
12,330.8494,1,492.5911,643.9551,11552.0,1328.0,167.7332,0.8198,2.101,560.0,25.6477,0.6766,0.8071,248,600,586,927,175.6321
12,330.8494,2,750.567,658.9442,13900.0,697.0,166.7713,0.8195,1.7858,567.0,39.893,0.484,0.6523,600,948,586,927,175.6321
12,330.8494,3,1200.5595,677.7458,12136.0,0.0,155.0891,0.8483,1.8938,586.0,37.2289,0.5667,0.7234,948,1304,586,927,175.6321
12,330.8494,4,1475.9937,694.8664,13905.0,0.0,152.065,0.9766,1.6061,591.0,32.7072,0.5249,0.6884,1304,1656,586,927,175.6321
12,331.2499,1,496.6098,637.5832,11196.0,1549.0,167.2719,0.8295,2.1146,558.0,22.4782,0.7458,0.8544,248,600,586,927,175.6321
12,331.2499,2,726.0172,651.1682,16065.0,1189.0,182.186,0.6951,1.7451,556.0,38.6262,0.5195,0.6838,600,948,586,927,175.6321
12,331.2499,3,1210.0124,680.2361,11386.0,0.0,157.6625,0.8851,2.0247,589.0,34.3903,0.5792,0.7335,948,1304,586,927,175.6321
12,331.2499,4,1493.1219,694.5115,13617.0,0.0,156.124,0.8325,1.6591,598.0,43.3703,0.4313,0.6026,1304,1656,586,927,175.6321
12,331.6505,1,499.0964,640.3989,11250.0,1482.0,160.5832,0.798,1.9802,561.0,21.1423,0.7494,0.8567,248,600,586,927,175.6321
12,331.6505,2,711.2582,662.2424,17797.0,1411.0,182.6062,0.8932,1.5689,550.0,34.6274,0.5627,0.7202,600,948,586,927,175.6321
12,331.6505,3,1218.4539,679.4822,11059.0,0.0,152.6803,0.9265,1.9306,590.0,24.6009,0.6537,0.7906,948,1304,586,927,175.6321
12,331.6505,4,1519.1104,694.765,13964.0,0.0,159.4507,0.8151,1.7378,598.0,44.5909,0.4088,0.5803,1304,1656,586,927,175.6321
12,332.051,1,505.3584,646.803,11392.0,1387.0,159.3501,0.7914,2.0158,561.0,24.1873,0.6852,0.8132,248,600,586,927,175.6321
12,332.051,2,706.8435,678.4354,17545.0,329.0,204.8037,0.7487,2.0567,579.0,33.7322,0.5949,0.746,600,948,586,927,175.6321
12,332.051,3,1226.8232,669.3779,10443.0,22.0,162.9672,0.9707,2.1392,584.0,25.9574,0.7058,0.8276,948,1304,586,927,175.6321
12,332.051,4,1543.7338,694.0224,13293.0,0.0,154.1599,0.9056,1.6537,595.0,41.0739,0.4112,0.5827,1304,1656,586,927,175.6321
12,332.4515,1,508.1427,647.2434,11008.0,1203.0,157.6158,0.8176,2.02,563.0,22.0434,0.7341,0.8467,248,600,586,927,175.6321
12,332.4515,2,710.3129,680.9133,16959.0,414.0,182.0249,0.8443,1.7045,579.0,24.5572,0.6588,0.7943,600,948,586,927,175.6321
12,332.4515,3,1227.8288,676.2195,10713.0,10.0,139.5135,0.9767,1.8209,585.0,27.653,0.6195,0.7651,948,1304,586,927,175.6321
12,332.4515,4,1563.7243,696.0671,11039.0,0.0,151.0529,0.9694,1.8204,599.0,34.9561,0.5055,0.6715,1304,1656,586,927,175.6321
12,332.8521,1,508.9604,645.1949,10618.0,1224.0,154.2565,0.8112,2.0084,562.0,17.58,0.7809,0.877,248,600,586,927,175.6321
12,332.8521,2,712.4409,669.4142,15776.0,1069.0,189.9345,0.8442,2.0468,565.0,31.3938,0.5596,0.7176,600,948,586,927,175.6321
12,332.8521,3,1232.933,659.2188,9970.0,700.0,127.7896,0.9912,1.7827,596.0,29.8083,0.5879,0.7405,948,1304,586,927,175.6321
12,332.8521,4,1554.5909,684.6204,11526.0,0.0,149.6699,0.9969,1.6518,600.0,30.1237,0.6215,0.7666,1304,1656,586,927,175.6321
12,333.2526,1,507.7365,647.6471,10840.0,1092.0,157.3196,0.8246,2.0142,564.0,15.3789,0.8189,0.9005,248,600,586,927,175.6321
12,333.2526,2,714.5186,656.7103,13006.0,567.0,181.0619,0.6778,2.2097,574.0,26.2084,0.6157,0.7621,600,948,586,927,175.6321
12,333.2526,3,1234.5171,669.7631,11847.0,686.0,154.0613,0.9824,1.9786,600.0,23.6148,0.6848,0.8129,948,1304,586,927,175.6321
12,333.2526,4,1551.4032,689.2989,11614.0,0.0,147.0682,0.9827,1.6714,600.0,23.1501,0.7033,0.8258,1304,1656,586,927,175.6321
12,333.6532,1,506.4456,649.4073,11060.0,986.0,159.1447,0.8051,2.0332,565.0,18.4777,0.7718,0.8712,248,600,586,927,175.6321
12,333.6532,2,709.7992,654.3929,11106.0,449.0,139.6307,0.7877,1.6778,572.0,28.0151,0.6103,0.758,600,948,586,927,175.6321
12,333.6532,3,1229.066,671.116,13445.0,708.0,143.9356,0.943,1.498,601.0,26.0581,0.7021,0.825,948,1304,586,927,175.6321
12,333.6532,4,1546.4984,694.9398,12586.0,0.0,152.8921,0.9994,1.6845,602.0,22.1534,0.6971,0.8215,1304,1656,586,927,175.6321
12,334.0537,1,498.3641,651.8787,11155.0,1055.0,158.6881,0.8399,2.0412,565.0,22.8706,0.6706,0.8028,248,600,586,927,175.6321
12,334.0537,2,697.4314,657.1342,10035.0,491.0,126.2548,0.836,1.5329,574.0,31.3283,0.4967,0.6637,600,948,586,927,175.6321
12,334.0537,3,1209.3751,672.5535,15557.0,700.0,150.0108,0.9332,1.4407,587.0,33.7695,0.5567,0.7153,948,1304,586,927,175.6321
12,334.0537,4,1547.1745,699.2012,12133.0,0.0,157.6598,0.9943,1.8574,602.0,17.2678,0.7827,0.8781,1304,1656,586,927,175.6321
12,334.4543,1,498.1367,647.4145,9777.0,992.0,140.361,0.9436,1.8124,562.0,30.8104,0.552,0.7114,248,600,586,927,175.6321
12,334.4543,2,676.2533,660.4128,11632.0,506.0,117.8765,0.984,1.1979,578.0,28.204,0.446,0.6169,600,948,586,927,175.6321
12,334.4543,3,1194.5641,673.0893,15054.0,679.0,156.5125,0.7468,1.5792,590.0,30.2401,0.5872,0.7399,948,1304,586,927,175.6321
12,334.4543,4,1544.3412,699.0986,13123.0,0.0,168.409,0.935,1.9337,600.0,27.2793,0.6077,0.756,1304,1656,586,927,175.6321
12,334.8548,1,487.8374,630.3216,11987.0,2407.0,158.725,0.9859,1.749,537.0,39.1535,0.4862,0.6543,248,600,586,927,175.6321
12,334.8548,2,679.4507,654.229,11938.0,608.0,138.7215,0.7475,1.4734,574.0,28.5887,0.5836,0.737,600,948,586,927,175.6321
12,334.8548,3,1190.159,666.8466,14831.0,672.0,165.1149,0.6679,1.763,587.0,27.8421,0.6401,0.7806,948,1304,586,927,175.6321
12,334.8548,4,1544.8763,699.9277,12226.0,0.0,163.6562,0.9425,1.9623,602.0,22.8945,0.6854,0.8134,1304,1656,586,927,175.6321
12,335.2554,1,477.0486,662.0911,11571.0,568.0,152.9808,0.9744,1.7799,572.0,43.1328,0.4371,0.6083,248,600,586,927,175.6321
12,335.2554,2,688.5716,641.4489,11877.0,834.0,163.2879,0.6235,1.9464,566.0,26.5519,0.662,0.7966,600,948,586,927,175.6321
12,335.2554,3,1185.5928,664.9985,14874.0,670.0,167.0845,0.6435,1.8051,587.0,18.4077,0.7608,0.8642,948,1304,586,927,175.6321
12,335.2554,4,1547.2377,703.5954,12538.0,0.0,161.8498,0.937,1.8641,605.0,21.8521,0.6747,0.8058,1304,1656,586,927,175.6321
12,335.6559,1,461.6184,659.9545,11453.0,687.0,156.0382,0.987,1.838,565.0,33.3623,0.5716,0.7274,248,600,586,927,175.6321
12,335.6559,2,694.4077,658.5157,12440.0,462.0,162.1966,0.7172,1.8569,574.0,29.6796,0.5933,0.7447,600,948,586,927,175.6321
12,335.6559,3,1190.7177,667.1768,12531.0,0.0,159.7827,0.7279,1.8541,587.0,26.8855,0.581,0.735,948,1304,586,927,175.6321
12,335.6559,4,1542.0508,701.2809,12784.0,0.0,161.0284,0.9238,1.8338,603.0,20.2978,0.7007,0.824,1304,1656,586,927,175.6321
12,336.0564,1,454.7825,656.8649,11904.0,1084.0,147.872,0.9888,1.6756,557.0,28.3332,0.6602,0.7953,248,600,586,927,175.6321
12,336.0564,2,698.6484,664.6502,12056.0,520.0,146.8172,0.9674,1.6393,571.0,30.8204,0.547,0.7071,600,948,586,927,175.6321
12,336.0564,3,1196.5136,676.9859,12297.0,0.0,159.4829,0.7777,1.9464,591.0,30.0702,0.5938,0.7451,948,1304,586,927,175.6321
12,336.0564,4,1543.2943,699.7314,12408.0,0.0,155.4517,0.9195,1.7459,605.0,15.8855,0.7996,0.8886,1304,1656,586,927,175.6321
12,336.457,1,445.514,646.1841,10820.0,986.0,138.1461,0.9946,1.5734,560.0,31.6313,0.6291,0.7723,248,600,586,927,175.6321
12,336.457,2,699.6545,659.3295,12451.0,584.0,152.196,0.9629,1.6371,571.0,32.1973,0.5662,0.7231,600,948,586,927,175.6321
12,336.457,3,1198.7922,683.0532,12648.0,0.0,163.5035,0.7911,2.0252,590.0,23.8755,0.6814,0.8105,948,1304,586,927,175.6321
12,336.457,4,1543.9987,698.8159,12414.0,0.0,156.4377,0.9393,1.7477,602.0,12.3581,0.8355,0.9104,1304,1656,586,927,175.6321
12,336.8575,1,442.8246,646.2404,11305.0,1053.0,151.3564,0.9333,1.7661,561.0,28.1,0.6789,0.8088,248,600,586,927,175.6321
12,336.8575,2,701.7517,662.5348,13417.0,748.0,161.7056,0.853,1.7506,567.0,26.2316,0.6134,0.7604,600,948,586,927,175.6321
12,336.8575,3,1202.8905,681.5348,12396.0,0.0,160.4379,0.8682,1.9581,587.0,26.2257,0.6412,0.7813,948,1304,586,927,175.6321
12,336.8575,4,1546.1804,700.7981,12569.0,0.0,158.5188,0.9768,1.756,601.0,18.0611,0.77,0.87,1304,1656,586,927,175.6321
12,337.2581,1,435.5637,633.4832,12327.0,2064.0,164.3752,0.9401,1.7853,543.0,26.5872,0.7083,0.8292,248,600,586,927,175.6321
12,337.2581,2,697.5918,667.1774,13288.0,763.0,170.1239,0.848,1.9115,568.0,18.4512,0.7639,0.8661,600,948,586,927,175.6321
12,337.2581,3,1207.5151,674.6651,11370.0,35.0,151.1965,0.8888,1.897,584.0,26.1258,0.6382,0.7792,948,1304,586,927,175.6321
12,337.2581,4,1547.8974,702.7511,12228.0,0.0,153.6716,0.9742,1.7122,614.0,16.659,0.7748,0.8731,1304,1656,586,927,175.6321
12,337.6586,1,426.0853,660.6386,13086.0,872.0,181.5322,0.9326,2.1382,567.0,45.9456,0.4937,0.6611,248,600,586,927,175.6321
12,337.6586,2,688.6376,663.7305,12989.0,707.0,162.7581,0.8608,1.8077,570.0,26.2262,0.6117,0.7591,600,948,586,927,175.6321
12,337.6586,3,1206.2326,667.3767,12457.0,662.0,163.6595,0.9455,2.019,587.0,25.7028,0.5776,0.7323,948,1304,586,927,175.6321
12,337.6586,4,1546.2678,687.7442,13407.0,32.0,198.1852,0.999,2.2408,584.0,25.6291,0.6569,0.7929,1304,1656,586,927,175.6321
12,338.0592,1,417.5692,672.6379,12032.0,421.0,173.2297,0.9987,2.0585,572.0,42.2594,0.5388,0.7003,248,600,586,927,175.6321
12,338.0592,2,678.3011,664.0384,11951.0,351.0,140.4536,0.8573,1.5143,583.0,29.6521,0.5778,0.7324,600,948,586,927,175.6321
12,338.0592,3,1204.5732,657.5298,10850.0,645.0,138.3358,0.9829,1.6194,585.0,24.1899,0.6914,0.8175,948,1304,586,927,175.6321
12,338.0592,4,1547.7399,711.0568,13903.0,0.0,167.0876,0.9141,1.8659,608.0,30.409,0.5883,0.7408,1304,1656,586,927,175.6321
12,338.4597,1,419.6746,657.3438,14385.0,1947.0,184.0393,0.948,2.1554,550.0,37.0794,0.5593,0.7173,248,600,586,927,175.6321
12,338.4597,2,676.9679,643.0425,11376.0,368.0,148.2091,0.7384,1.599,578.0,35.8271,0.4906,0.6583,600,948,586,927,175.6321
12,338.4597,3,1206.985,657.145,10713.0,734.0,137.0535,0.9859,1.6571,582.0,26.1396,0.6875,0.8148,948,1304,586,927,175.6321
12,338.4597,4,1544.4437,691.7059,13512.0,0.0,161.933,0.8637,1.7651,596.0,37.4562,0.5371,0.6989,1304,1656,586,927,175.6321
12,338.8603,1,417.5151,639.6782,12872.0,1946.0,180.6667,0.7918,2.2765,555.0,31.8493,0.5971,0.7477,248,600,586,927,175.6321
12,338.8603,2,700.9507,639.1758,13223.0,506.0,199.4419,0.4337,2.5068,570.0,32.4373,0.559,0.7171,600,948,586,927,175.6321
12,338.8603,3,1198.1172,657.1037,10911.0,677.0,139.1557,0.962,1.6683,586.0,25.8932,0.6887,0.8157,948,1304,586,927,175.6321
12,338.8603,4,1544.9927,690.0036,12877.0,0.0,141.6363,0.9433,1.4321,594.0,29.9561,0.5997,0.7498,1304,1656,586,927,175.6321
12,339.2608,1,429.7178,628.9955,11866.0,2334.0,163.7404,0.6908,2.0435,551.0,33.3682,0.6213,0.7664,248,600,586,927,175.6321
12,339.2608,2,735.0358,641.6537,13510.0,412.0,192.4337,0.4906,2.3115,573.0,45.2931,0.415,0.5866,600,948,586,927,175.6321
12,339.2608,3,1190.2191,679.7692,11098.0,0.0,141.5611,0.9752,1.6686,592.0,30.6733,0.5575,0.7159,948,1304,586,927,175.6321
12,339.2608,4,1548.8815,698.8848,12500.0,0.0,135.4413,0.9633,1.3669,603.0,32.6186,0.5603,0.7182,1304,1656,586,927,175.6321
12,339.6613,1,447.5027,636.2022,12322.0,1888.0,164.8912,0.7709,1.916,555.0,43.3757,0.4554,0.6258,248,600,586,927,175.6321
12,339.6613,2,776.9474,646.573,16221.0,282.0,218.7887,0.4138,2.5304,578.0,44.0061,0.3567,0.5258,600,948,586,927,175.6321
12,339.6613,3,1182.627,667.6273,10978.0,62.0,165.9855,0.9237,2.076,582.0,29.7766,0.6299,0.773,948,1304,586,927,175.6321
12,339.6613,4,1533.7801,671.0335,11826.0,0.0,140.2478,0.7843,1.4184,596.0,31.6335,0.5402,0.7015,1304,1656,586,927,175.6321
12,340.0619,1,463.3644,639.1269,12829.0,2158.0,181.2173,0.8034,2.1283,553.0,37.7387,0.5289,0.6919,248,600,586,927,175.6321
12,340.0619,2,791.1022,656.5331,16294.0,445.0,196.0602,0.4305,2.2756,575.0,35.9425,0.4919,0.6594,600,948,586,927,175.6321
12,340.0619,3,1169.8726,664.3644,10747.0,140.0,137.5044,0.934,1.6482,580.0,35.0546,0.5614,0.7191,948,1304,586,927,175.6321
12,340.0619,4,1479.1168,664.6822,12247.0,72.0,168.4485,0.7154,1.9943,582.0,52.416,0.2145,0.3532,1304,1656,586,927,175.6321
12,340.4624,1,478.271,639.0848,11941.0,1960.0,164.9769,0.774,2.0187,555.0,39.5759,0.5462,0.7065,248,600,586,927,175.6321
12,340.4624,2,810.4218,651.5052,13825.0,494.0,182.5694,0.402,2.3034,575.0,28.2994,0.5805,0.7346,600,948,586,927,175.6321
12,340.4624,3,1157.0473,661.6296,11033.0,43.0,157.5535,0.857,1.907,583.0,36.6767,0.5635,0.7208,948,1304,586,927,175.6321
12,340.4624,4,1430.9457,672.1235,12761.0,0.0,173.1844,0.6134,2.2071,600.0,57.3611,0.1978,0.3303,1304,1656,586,927,175.6321
12,340.863,1,487.2709,645.6685,12172.0,1611.0,167.6274,0.7796,2.0664,561.0,35.8003,0.5763,0.7312,248,600,586,927,175.6321
12,340.863,2,838.8842,643.3884,11487.0,317.0,147.2532,0.4393,1.7274,578.0,33.7831,0.5004,0.667,600,948,586,927,175.6321
12,340.863,3,1143.4593,672.4256,12626.0,41.0,152.0802,0.9045,1.7203,584.0,38.5251,0.4998,0.6665,948,1304,586,927,175.6321
12,340.863,4,1380.2731,665.9931,10672.0,0.0,160.0533,0.6532,2.0982,596.0,50.6822,0.2914,0.4513,1304,1656,586,927,175.6321
12,341.2635,1,491.3799,644.185,11611.0,1457.0,165.3163,0.7613,2.1009,562.0,26.9949,0.6678,0.8008,248,600,586,927,175.6321
12,341.2635,2,847.9311,651.2442,10745.0,801.0,135.9593,0.9328,1.712,566.0,35.7571,0.4283,0.5998,600,948,586,927,175.6321
12,341.2635,3,1129.0061,670.1047,12439.0,110.0,167.0979,0.8484,1.988,581.0,35.6729,0.5547,0.7136,948,1304,586,927,175.6321
12,341.2635,4,1358.895,674.6462,10820.0,0.0,123.8306,0.9771,1.3165,593.0,38.2936,0.427,0.5985,1304,1656,586,927,175.6321
12,341.6641,1,498.2674,644.7625,11427.0,1557.0,162.1978,0.7599,2.109,561.0,26.2555,0.6816,0.8107,248,600,586,927,175.6321
12,341.6641,2,867.9337,649.0033,8376.0,217.0,142.3656,0.9172,2.0376,577.0,28.8736,0.5626,0.72,600,948,586,927,175.6321
12,341.6641,3,1116.2613,672.7193,14199.0,103.0,191.6154,0.8685,2.2071,582.0,39.4061,0.5292,0.6921,948,1304,586,927,175.6321
12,341.6641,4,1370.7543,669.013,10023.0,0.0,117.4203,0.9968,1.2386,597.0,31.7784,0.5445,0.7051,1304,1656,586,927,175.6321
12,342.0646,1,502.6459,650.1093,11283.0,1202.0,162.796,0.8185,2.1534,562.0,29.8456,0.636,0.7775,248,600,586,927,175.6321
12,342.0646,2,846.5834,660.8041,11074.0,321.0,181.5978,0.8344,2.3184,574.0,43.7851,0.4749,0.644,600,948,586,927,175.6321
12,342.0646,3,1091.7288,661.8975,12863.0,135.0,169.326,0.755,1.9589,581.0,40.3674,0.51,0.6755,948,1304,586,927,175.6321
12,342.0646,4,1388.0048,676.7248,10934.0,0.0,127.8866,0.9456,1.3587,597.0,37.3207,0.485,0.6532,1304,1656,586,927,175.6321
12,342.4651,1,503.1532,650.9047,10986.0,1111.0,159.7124,0.8222,2.0977,562.0,15.6342,0.8111,0.8957,248,600,586,927,175.6321
12,342.4651,2,828.5892,659.2647,12759.0,395.0,204.382,0.8854,2.352,577.0,46.2526,0.5014,0.6679,600,948,586,927,175.6321
12,342.4651,3,1079.4472,666.9506,13420.0,182.0,179.2137,0.7308,2.1823,580.0,35.1612,0.5667,0.7234,948,1304,586,927,175.6321
12,342.4651,4,1413.3674,677.714,12030.0,0.0,142.2856,0.7552,1.5268,598.0,41.725,0.4718,0.6411,1304,1656,586,927,175.6321
12,342.8657,1,499.2769,649.96,11364.0,1197.0,166.2576,0.8028,2.1798,561.0,24.4098,0.6937,0.8191,248,600,586,927,175.6321
12,342.8657,2,813.3025,675.3911,12679.0,42.0,174.2351,0.8024,2.1,585.0,28.0138,0.631,0.7737,600,948,586,927,175.6321
12,342.8657,3,1066.2595,665.0091,13285.0,200.0,169.7607,0.7276,2.0115,580.0,33.2332,0.6068,0.7553,948,1304,586,927,175.6321
12,342.8657,4,1447.869,677.0381,12980.0,0.0,165.6446,0.6667,1.8743,598.0,49.3188,0.3415,0.5091,1304,1656,586,927,175.6321
12,343.2662,1,495.6616,650.789,11372.0,1274.0,163.3722,0.7824,2.1609,562.0,17.7206,0.7782,0.8753,248,600,586,927,175.6321
12,343.2662,2,810.0473,666.2582,11123.0,231.0,132.7096,0.9602,1.5182,578.0,38.8644,0.5085,0.6741,600,948,586,927,175.6321
12,343.2662,3,1047.0037,663.1052,12308.0,240.0,161.3107,0.8054,1.9186,578.0,38.0993,0.4962,0.6633,948,1304,586,927,175.6321
12,343.2662,4,1483.8521,688.0691,15638.0,0.0,183.6775,0.7468,1.9343,595.0,47.9576,0.3166,0.4809,1304,1656,586,927,175.6321
12,343.6668,1,496.239,650.036,11364.0,1240.0,163.7767,0.8071,2.1799,561.0,13.6346,0.8085,0.8941,248,600,586,927,175.6321
12,343.6668,2,813.8669,659.5029,10699.0,264.0,119.8142,0.9953,1.297,577.0,29.0783,0.6507,0.7884,600,948,586,927,175.6321
12,343.6668,3,1045.6177,687.6082,13985.0,77.0,183.0667,0.9386,2.2526,583.0,42.5982,0.4872,0.6552,948,1304,586,927,175.6321
12,343.6668,4,1502.3491,700.0249,16445.0,0.0,176.5184,0.7951,1.6776,602.0,40.8914,0.4889,0.6567,1304,1656,586,927,175.6321
12,344.0673,1,493.5304,655.4586,11354.0,966.0,162.4295,0.8239,2.1234,564.0,18.9518,0.7414,0.8515,248,600,586,927,175.6321
12,344.0673,2,810.4105,653.5805,11629.0,400.0,134.0399,0.8962,1.3818,574.0,25.9287,0.6884,0.8155,600,948,586,927,175.6321
12,344.0673,3,1043.5461,692.8767,13807.0,168.0,193.7074,0.8728,2.3341,578.0,36.1782,0.5833,0.7368,948,1304,586,927,175.6321
12,344.0673,4,1521.7985,696.1512,14772.0,0.0,164.0001,0.7977,1.674,598.0,31.9358,0.5221,0.686,1304,1656,586,927,175.6321
12,344.4679,1,493.8244,658.05,11370.0,932.0,161.618,0.8409,2.1223,564.0,21.4131,0.7109,0.831,248,600,586,927,175.6321
12,344.4679,2,805.0876,653.7161,13474.0,378.0,167.5676,0.6868,1.809,575.0,32.9938,0.5895,0.7417,600,948,586,927,175.6321
12,344.4679,3,1039.6788,689.1503,14640.0,552.0,213.3304,0.9548,2.7671,574.0,34.3015,0.5325,0.695,948,1304,586,927,175.6321
12,344.4679,4,1532.9659,695.9151,13222.0,0.0,156.5296,0.7875,1.7085,601.0,27.846,0.5666,0.7234,1304,1656,586,927,175.6321
12,344.8684,1,495.8422,656.6819,11267.0,925.0,163.4677,0.8384,2.1655,563.0,15.8317,0.8062,0.8927,248,600,586,927,175.6321
12,344.8684,2,798.6855,654.5657,14997.0,731.0,197.2457,0.6941,2.1549,570.0,25.2509,0.6676,0.8007,600,948,586,927,175.6321
12,344.8684,3,1034.7418,684.6925,12528.0,62.0,177.4128,0.8634,2.2474,583.0,29.4726,0.5966,0.7473,948,1304,586,927,175.6321
12,344.8684,4,1541.2463,697.3228,12293.0,0.0,155.0701,0.879,1.753,602.0,23.8087,0.6164,0.7627,1304,1656,586,927,175.6321
12,345.269,1,494.3797,660.0524,11538.0,1035.0,163.9505,0.8471,2.1706,562.0,12.0521,0.8568,0.9229,248,600,586,927,175.6321
12,345.269,2,785.988,656.6382,15445.0,591.0,200.6086,0.5815,2.2952,570.0,29.4543,0.6108,0.7584,600,948,586,927,175.6321
12,345.269,3,1040.3514,682.6303,12919.0,27.0,166.7693,0.8592,2.0181,584.0,24.0069,0.666,0.7995,948,1304,586,927,175.6321
12,345.269,4,1552.3724,694.7294,12907.0,0.0,144.8366,0.9707,1.4548,599.0,26.5852,0.5694,0.7256,1304,1656,586,927,175.6321
12,345.6695,1,492.139,655.0457,11688.0,1154.0,167.8594,0.8368,2.189,559.0,25.7687,0.6832,0.8118,248,600,586,927,175.6321
12,345.6695,2,766.1868,659.8826,15211.0,538.0,200.245,0.5941,2.336,573.0,34.7036,0.5313,0.694,600,948,586,927,175.6321
12,345.6695,3,1039.4895,668.6204,14779.0,1003.0,175.5794,0.9666,1.8274,560.0,28.7941,0.6183,0.7642,948,1304,586,927,175.6321
12,345.6695,4,1553.5507,688.0172,12097.0,0.0,138.7173,0.9986,1.4178,600.0,27.1663,0.6185,0.7643,1304,1656,586,927,175.6321
12,346.07,1,484.8379,649.1317,12138.0,1152.0,182.4135,0.7052,2.5231,563.0,37.3712,0.5576,0.7159,248,600,586,927,175.6321
12,346.07,2,747.901,656.2459,15510.0,846.0,197.4963,0.6264,2.1927,569.0,29.1239,0.5971,0.7477,600,948,586,927,175.6321
12,346.07,3,1038.4509,680.446,12246.0,0.0,163.1896,0.9236,1.8926,594.0,37.967,0.4533,0.6239,948,1304,586,927,175.6321
12,346.07,4,1552.1038,697.2539,12680.0,0.0,157.6228,0.9817,1.7579,598.0,25.4936,0.6853,0.8133,1304,1656,586,927,175.6321
12,346.4706,1,480.2965,644.3652,12644.0,1909.0,175.1099,0.7031,2.2106,558.0,30.6342,0.597,0.7476,248,600,586,927,175.6321
12,346.4706,2,723.4798,655.1683,15524.0,1082.0,183.6913,0.6951,1.9972,563.0,36.3296,0.4596,0.6298,600,948,586,927,175.6321
12,346.4706,3,1051.0149,667.3456,14263.0,0.0,200.705,0.5443,2.4616,591.0,38.6776,0.4749,0.6439,948,1304,586,927,175.6321
12,346.4706,4,1542.5466,682.6631,12524.0,0.0,159.092,0.9694,1.6646,596.0,29.56,0.6443,0.7837,1304,1656,586,927,175.6321
12,346.8711,1,492.5066,635.525,11266.0,1736.0,167.3117,0.7321,2.1742,557.0,31.5535,0.6139,0.7608,248,600,586,927,175.6321
12,346.8711,2,705.1761,669.392,15778.0,682.0,166.4433,0.8489,1.574,571.0,31.6374,0.4946,0.6619,600,948,586,927,175.6321
12,346.8711,3,1079.4663,647.8544,10455.0,67.0,145.0296,0.5312,1.811,582.0,40.5678,0.4758,0.6448,948,1304,586,927,175.6321
12,346.8711,4,1518.8135,684.1396,13780.0,0.0,142.603,0.9962,1.2992,594.0,42.6703,0.4708,0.6402,1304,1656,586,927,175.6321
12,347.2717,1,500.8644,642.5753,11380.0,1678.0,158.1027,0.8467,1.9773,557.0,35.1941,0.5722,0.7279,248,600,586,927,175.6321
12,347.2717,2,707.9503,674.8119,14998.0,391.0,172.0249,0.7104,1.8003,580.0,27.6638,0.5786,0.733,600,948,586,927,175.6321
12,347.2717,3,1124.8464,643.9716,7989.0,153.0,117.4714,0.9218,1.437,578.0,39.4946,0.3345,0.5013,948,1304,586,927,175.6321
12,347.2717,4,1503.1086,697.6709,14310.0,0.0,149.1647,0.9892,1.3972,592.0,33.552,0.5157,0.6805,1304,1656,586,927,175.6321
12,347.6722,1,503.826,637.603,10743.0,1267.0,161.9038,0.767,2.1067,563.0,25.9364,0.6847,0.8128,248,600,586,927,175.6321
12,347.6722,2,716.5715,680.2375,15261.0,292.0,172.8233,0.8292,1.7193,577.0,22.5232,0.6619,0.7965,600,948,586,927,175.6321
12,347.6722,3,1120.8628,656.5903,10536.0,59.0,153.7249,0.9213,1.8291,583.0,36.5988,0.623,0.7677,948,1304,586,927,175.6321
12,347.6722,4,1494.0142,698.1898,14134.0,0.0,152.7013,0.9721,1.4212,606.0,30.6603,0.5936,0.745,1304,1656,586,927,175.6321
12,348.0728,1,501.8631,644.8202,11244.0,1462.0,159.1302,0.7734,2.0629,561.0,18.0426,0.7783,0.8753,248,600,586,927,175.6321
12,348.0728,2,725.2552,682.5879,15040.0,199.0,183.0604,0.7841,2.0579,583.0,28.8787,0.5749,0.7301,600,948,586,927,175.6321
12,348.0728,3,1117.3224,665.6919,11535.0,94.0,143.1265,0.9619,1.6129,582.0,22.7024,0.7189,0.8365,948,1304,586,927,175.6321
12,348.0728,4,1486.0958,700.3818,14920.0,0.0,165.0724,0.9727,1.4588,602.0,28.3324,0.6551,0.7916,1304,1656,586,927,175.6321
12,348.4733,1,504.1317,643.5466,10826.0,1401.0,157.5561,0.7696,2.0882,562.0,19.6946,0.7041,0.8264,248,600,586,927,175.6321
12,348.4733,2,739.077,689.3476,15629.0,42.0,187.2266,0.8353,2.015,585.0,32.1427,0.5754,0.7304,600,948,586,927,175.6321
12,348.4733,3,1118.5497,667.702,11918.0,142.0,151.596,0.9447,1.771,580.0,21.7465,0.7349,0.8472,948,1304,586,927,175.6321
12,348.4733,4,1479.89,694.7074,14556.0,0.0,163.827,0.9974,1.6464,590.0,32.2786,0.5649,0.7219,1304,1656,586,927,175.6321
12,348.8739,1,506.7996,639.8962,10566.0,1390.0,154.6672,0.7569,2.0342,562.0,18.1381,0.7361,0.848,248,600,586,927,175.6321
12,348.8739,2,752.617,698.6105,15952.0,43.0,178.2121,0.9622,1.8081,585.0,30.3345,0.5997,0.7498,600,948,586,927,175.6321
12,348.8739,3,1121.946,680.3457,11714.0,0.0,152.5216,0.9549,1.8083,587.0,22.7058,0.7661,0.8676,948,1304,586,927,175.6321
12,348.8739,4,1479.329,698.3765,14153.0,0.0,149.4517,0.9938,1.4333,599.0,28.4641,0.6428,0.7825,1304,1656,586,927,175.6321
12,349.2744,1,508.7206,645.9975,10899.0,1256.0,158.3309,0.7827,2.1088,563.0,21.5573,0.7132,0.8326,248,600,586,927,175.6321
12,349.2744,2,768.039,704.7754,15110.0,0.0,183.8082,0.9784,1.9054,597.0,34.2701,0.5521,0.7114,600,948,586,927,175.6321
12,349.2744,3,1120.2719,687.1369,12311.0,0.0,155.206,0.9539,1.8471,586.0,22.1038,0.704,0.8263,948,1304,586,927,175.6321
12,349.2744,4,1478.6219,693.1033,14408.0,0.0,150.4875,0.8662,1.3979,601.0,25.7442,0.6473,0.7859,1304,1656,586,927,175.6321
12,349.6749,1,512.5762,648.3387,10327.0,1100.0,153.5876,0.8152,2.0921,562.0,24.0451,0.6662,0.7997,248,600,586,927,175.6321
12,349.6749,2,777.1286,700.5941,15425.0,0.0,179.051,0.9797,1.8306,595.0,34.2183,0.585,0.7382,600,948,586,927,175.6321
12,349.6749,3,1121.2498,670.4923,11203.0,108.0,149.2925,0.9682,1.8109,581.0,25.9695,0.6866,0.8142,948,1304,586,927,175.6321
12,349.6749,4,1487.3099,684.533,14252.0,0.0,154.1953,0.8763,1.4198,592.0,25.3292,0.6463,0.7851,1304,1656,586,927,175.6321
12,350.0755,1,514.6954,650.6599,10589.0,1246.0,158.582,0.8391,2.2156,560.0,18.4577,0.7338,0.8464,248,600,586,927,175.6321
12,350.0755,2,791.0475,684.4306,16427.0,501.0,188.6658,0.9455,1.9386,569.0,32.2207,0.608,0.7562,600,948,586,927,175.6321
12,350.0755,3,1126.3732,673.7299,11593.0,108.0,152.2938,0.9775,1.8303,582.0,26.0874,0.6741,0.8053,948,1304,586,927,175.6321
12,350.0755,4,1499.3273,691.6492,15091.0,0.0,171.0672,0.725,1.6931,600.0,34.7077,0.5573,0.7157,1304,1656,586,927,175.6321
12,350.476,1,513.0856,649.6496,10907.0,1018.0,162.7448,0.7967,2.1937,565.0,20.4236,0.7289,0.8432,248,600,586,927,175.6321
12,350.476,2,800.3831,667.0091,14864.0,675.0,167.9304,0.8515,1.7302,564.0,28.324,0.6225,0.7673,600,948,586,927,175.6321
12,350.476,3,1126.6215,676.7757,12160.0,0.0,159.6245,0.8914,1.8946,587.0,29.8649,0.6323,0.7747,948,1304,586,927,175.6321
12,350.476,4,1510.4077,696.3889,15685.0,0.0,167.8988,0.8738,1.5554,595.0,34.1494,0.6099,0.7577,1304,1656,586,927,175.6321
12,350.8766,1,515.1688,646.3675,10220.0,1125.0,154.196,0.8143,2.1008,564.0,20.6665,0.7323,0.8455,248,600,586,927,175.6321
12,350.8766,2,815.1871,669.1124,16945.0,534.0,181.2653,0.768,1.716,568.0,33.4295,0.533,0.6953,600,948,586,927,175.6321
12,350.8766,3,1127.7112,685.5101,13134.0,0.0,171.057,0.9076,2.0473,587.0,21.818,0.7765,0.8742,948,1304,586,927,175.6321
12,350.8766,4,1522.6362,700.295,14828.0,0.0,146.1297,0.9764,1.3179,603.0,30.4513,0.6012,0.751,1304,1656,586,927,175.6321
12,351.2771,1,511.9657,647.2384,10138.0,1097.0,153.3571,0.8285,2.1229,563.0,20.9299,0.7015,0.8245,248,600,586,927,175.6321
12,351.2771,2,825.4188,670.1556,17151.0,211.0,207.6215,0.5743,2.158,578.0,28.4617,0.6085,0.7566,600,948,586,927,175.6321
12,351.2771,3,1126.5747,684.5295,15006.0,284.0,204.7605,0.8417,2.6544,578.0,30.7365,0.629,0.7723,948,1304,586,927,175.6321
12,351.2771,4,1533.3225,700.3297,15420.0,0.0,147.1749,0.9922,1.2668,603.0,34.1762,0.5894,0.7417,1304,1656,586,927,175.6321
12,351.6777,1,516.1416,649.4128,10009.0,1002.0,152.9246,0.8485,2.1243,563.0,24.0559,0.6826,0.8113,248,600,586,927,175.6321
12,351.6777,2,827.5437,663.7839,14610.0,440.0,191.1749,0.6215,2.2163,574.0,20.4361,0.7218,0.8384,600,948,586,927,175.6321
12,351.6777,3,1113.4334,659.5397,12566.0,113.0,170.5352,0.715,1.996,582.0,36.3763,0.5699,0.726,948,1304,586,927,175.6321
12,351.6777,4,1539.546,694.3543,15810.0,0.0,151.2903,0.9388,1.3296,595.0,30.0385,0.5939,0.7452,1304,1656,586,927,175.6321
12,352.0782,1,522.037,650.4991,10076.0,1100.0,155.1307,0.8716,2.1827,561.0,21.807,0.6952,0.8202,248,600,586,927,175.6321
12,352.0782,2,835.3503,660.6916,14123.0,542.0,192.4903,0.6113,2.3165,572.0,21.7474,0.7184,0.8361,600,948,586,927,175.6321
12,352.0782,3,1100.4615,657.3279,12923.0,159.0,169.7281,0.6862,1.9629,581.0,28.9016,0.6919,0.8179,948,1304,586,927,175.6321
12,352.0782,4,1553.8948,695.277,14735.0,0.0,142.4084,0.9263,1.2767,610.0,28.445,0.6046,0.7536,1304,1656,586,927,175.6321
12,352.4788,1,522.7085,650.6543,10152.0,1040.0,154.3149,0.8822,2.1233,562.0,18.1185,0.7587,0.8628,248,600,586,927,175.6321
12,352.4788,2,847.4365,663.5064,13861.0,691.0,182.3954,0.7188,2.1432,567.0,31.2254,0.5351,0.6971,600,948,586,927,175.6321
12,352.4788,3,1094.6362,664.6116,13413.0,189.0,180.739,0.729,2.1588,580.0,28.5454,0.6825,0.8113,948,1304,586,927,175.6321
12,352.4788,4,1551.7392,691.7451,13632.0,0.0,143.496,0.9218,1.4176,605.0,30.7961,0.5838,0.7372,1304,1656,586,927,175.6321
12,352.8793,1,523.3231,650.247,9883.0,974.0,151.2914,0.884,2.0922,563.0,12.9327,0.8337,0.9093,248,600,586,927,175.6321
12,352.8793,2,868.9049,666.4427,12326.0,655.0,151.9761,0.7999,1.7522,585.0,36.5531,0.4746,0.6437,600,948,586,927,175.6321
12,352.8793,3,1088.4985,672.5898,14023.0,178.0,181.9828,0.7512,2.189,580.0,29.3233,0.641,0.7812,948,1304,586,927,175.6321
12,352.8793,4,1560.104,682.2756,11503.0,0.0,147.8933,0.9447,1.7193,603.0,29.3531,0.6396,0.7802,1304,1656,586,927,175.6321
12,353.2798,1,523.2977,648.2266,9641.0,1015.0,148.1684,0.8865,2.056,562.0,15.5274,0.8001,0.889,248,600,586,927,175.6321
12,353.2798,2,879.289,676.5622,12664.0,165.0,148.9626,0.9426,1.5985,590.0,29.7939,0.5514,0.7108,600,948,586,927,175.6321
12,353.2798,3,1077.2565,669.6066,13452.0,164.0,173.1393,0.7552,2.0424,580.0,30.5501,0.5895,0.7418,948,1304,586,927,175.6321
12,353.2798,4,1567.8715,695.2861,9955.0,0.0,132.8015,0.9809,1.8398,615.0,33.9392,0.53,0.6928,1304,1656,586,927,175.6321
12,353.6804,1,521.6574,649.0711,9949.0,1027.0,149.722,0.8868,2.0479,564.0,16.6405,0.7741,0.8727,248,600,586,927,175.6321
12,353.6804,2,851.5055,672.7811,14023.0,143.0,157.1073,0.9422,1.5082,586.0,42.3998,0.3985,0.5699,600,948,586,927,175.6321
12,353.6804,3,1063.6757,664.2392,12628.0,355.0,171.0854,0.777,2.1158,576.0,34.0866,0.5963,0.7471,948,1304,586,927,175.6321
12,353.6804,4,1583.4506,695.9028,6993.0,0.0,133.8695,0.998,2.4163,615.0,31.6674,0.4603,0.6304,1304,1656,586,927,175.6321
12,354.0809,1,516.8033,647.9348,9771.0,1067.0,152.2529,0.854,2.2088,562.0,21.1159,0.6772,0.8075,248,600,586,927,175.6321
12,354.0809,2,831.9862,667.6818,14129.0,657.0,161.6449,0.8999,1.7011,564.0,39.2285,0.5353,0.6974,600,948,586,927,175.6321
12,354.0809,3,1054.0531,674.5811,13273.0,49.0,171.0442,0.8089,2.0087,583.0,38.4957,0.5126,0.6777,948,1304,586,927,175.6321
12,354.0809,4,1572.1303,678.3803,9185.0,0.0,151.9227,0.9967,1.9274,595.0,33.9985,0.585,0.7382,1304,1656,586,927,175.6321
12,354.4815,1,516.8294,655.6937,10212.0,957.0,152.1725,0.8438,2.1597,564.0,19.2822,0.7115,0.8314,248,600,586,927,175.6321
12,354.4815,2,812.2217,664.1166,12444.0,520.0,140.6056,0.9963,1.4702,566.0,39.2915,0.4706,0.64,600,948,586,927,175.6321
12,354.4815,3,1043.073,667.7151,12097.0,118.0,159.9871,0.7972,1.9237,581.0,29.0095,0.5839,0.7373,948,1304,586,927,175.6321
12,354.4815,4,1548.4538,697.8195,13760.0,0.0,144.1119,0.9024,1.3624,602.0,47.9973,0.3996,0.571,1304,1656,586,927,175.6321
12,354.882,1,518.2394,653.4139,10302.0,855.0,155.907,0.8202,2.1529,566.0,21.3866,0.6996,0.8232,248,600,586,927,175.6321
12,354.882,2,803.5433,664.4489,15685.0,994.0,163.4094,0.9829,1.5843,558.0,32.3116,0.5616,0.7193,600,948,586,927,175.6321
12,354.882,3,1039.0677,670.1141,12471.0,70.0,162.3276,0.7852,1.9972,582.0,22.5059,0.7098,0.8303,948,1304,586,927,175.6321
12,354.882,4,1530.3874,688.7437,14314.0,0.0,149.4353,0.9126,1.3409,605.0,37.1006,0.5255,0.689,1304,1656,586,927,175.6321
12,355.2826,1,514.908,652.3374,10680.0,920.0,159.8734,0.8194,2.1626,565.0,19.807,0.7319,0.8452,248,600,586,927,175.6321
12,355.2826,2,794.5289,685.6596,18162.0,371.0,175.1214,0.9972,1.5853,572.0,30.1551,0.5737,0.7291,600,948,586,927,175.6321
12,355.2826,3,1039.7484,676.5371,12814.0,47.0,174.1033,0.8258,2.1839,583.0,25.7738,0.6929,0.8186,948,1304,586,927,175.6321
12,355.2826,4,1513.4245,693.4778,13737.0,0.0,153.8073,0.9129,1.5094,603.0,35.5244,0.5269,0.6902,1304,1656,586,927,175.6321
12,355.6831,1,509.6571,649.8367,10905.0,931.0,165.4378,0.7943,2.2318,566.0,23.6452,0.6708,0.803,248,600,586,927,175.6321
12,355.6831,2,794.9763,688.1522,14865.0,0.0,159.6835,0.9893,1.4935,588.0,27.5595,0.6202,0.7656,600,948,586,927,175.6321
12,355.6831,3,1037.1511,678.3616,12062.0,93.0,167.3961,0.9353,2.1509,582.0,30.8803,0.5832,0.7368,948,1304,586,927,175.6321
12,355.6831,4,1502.2029,697.7119,13409.0,0.0,151.9926,0.9601,1.5384,606.0,29.6002,0.6007,0.7505,1304,1656,586,927,175.6321
12,356.0836,1,500.8087,655.9294,11281.0,997.0,158.7652,0.8249,2.1103,564.0,23.1925,0.6651,0.7989,248,600,586,927,175.6321
12,356.0836,2,792.0224,683.6845,15878.0,148.0,177.7073,0.9627,1.7483,582.0,23.2169,0.674,0.8053,600,948,586,927,175.6321
12,356.0836,3,1028.9836,661.6664,11659.0,730.0,161.5424,0.9817,2.0014,564.0,32.8095,0.4686,0.6382,948,1304,586,927,175.6321
12,356.0836,4,1495.3548,701.1782,15843.0,0.0,182.4011,0.9991,1.8571,588.0,31.8762,0.5503,0.71,1304,1656,586,927,175.6321
12,356.4842,1,505.2961,638.609,9093.0,1060.0,139.7547,0.9505,1.8403,562.0,34.588,0.528,0.6911,248,600,586,927,175.6321
12,356.4842,2,804.7162,665.2697,16411.0,185.0,199.6277,0.643,2.0752,579.0,34.4363,0.5167,0.6813,600,948,586,927,175.6321
12,356.4842,3,1044.6117,647.411,10210.0,52.0,166.823,0.7178,2.2055,584.0,35.2466,0.5217,0.6857,948,1304,586,927,175.6321
12,356.4842,4,1472.9684,708.1203,14641.0,0.0,158.484,0.9895,1.5487,605.0,31.2923,0.537,0.6987,1304,1656,586,927,175.6321
12,356.8847,1,502.9092,646.7375,10846.0,1399.0,163.1392,0.9992,2.0449,555.0,28.4841,0.6479,0.7863,248,600,586,927,175.6321
12,356.8847,2,804.21,664.2448,16791.0,350.0,219.6831,0.4564,2.5877,576.0,31.6406,0.5445,0.7051,600,948,586,927,175.6321
12,356.8847,3,1069.4852,645.2625,11880.0,540.0,187.2055,0.6835,2.4087,574.0,40.5493,0.521,0.6851,948,1304,586,927,175.6321
12,356.8847,4,1480.7974,692.497,13874.0,0.0,156.7412,0.969,1.5494,594.0,30.1431,0.6129,0.76,1304,1656,586,927,175.6321
12,357.2853,1,495.8917,638.7525,9838.0,1158.0,126.618,0.9982,1.441,560.0,28.9751,0.6066,0.7552,248,600,586,927,175.6321
12,357.2853,2,816.5248,660.8314,15542.0,468.0,176.877,0.5177,1.9232,572.0,29.0148,0.5899,0.7421,600,948,586,927,175.6321
12,357.2853,3,1106.9397,643.9152,11668.0,83.0,170.6373,0.5992,2.0349,583.0,55.5505,0.3787,0.5493,948,1304,586,927,175.6321
12,357.2853,4,1482.6585,690.7752,13721.0,0.0,155.61,0.8743,1.5313,601.0,20.8627,0.7626,0.8653,1304,1656,586,927,175.6321
12,357.6858,1,483.7178,628.8412,9713.0,1374.0,133.5743,0.9947,1.5036,556.0,27.892,0.6475,0.786,248,600,586,927,175.6321
12,357.6858,2,847.7525,659.0446,11844.0,395.0,141.3689,0.619,1.8169,576.0,31.5001,0.4431,0.6141,600,948,586,927,175.6321
12,357.6858,3,1128.305,656.0346,13866.0,880.0,177.0243,0.742,2.0614,580.0,44.8927,0.4416,0.6127,948,1304,586,927,175.6321
12,357.6858,4,1483.5286,694.3414,13861.0,0.0,160.1658,0.8868,1.6143,598.0,15.728,0.8595,0.9244,1304,1656,586,927,175.6321
12,358.0864,1,472.3574,634.9117,10523.0,1417.0,156.3696,0.998,1.8698,556.0,30.4937,0.6685,0.8013,248,600,586,927,175.6321
12,358.0864,2,863.161,654.2791,9769.0,329.0,124.5344,0.8311,1.6173,574.0,27.4455,0.5008,0.6674,600,948,586,927,175.6321
12,358.0864,3,1149.7402,653.2597,13616.0,671.0,173.3608,0.6466,2.0189,586.0,41.2458,0.5557,0.7144,948,1304,586,927,175.6321
12,358.0864,4,1480.9737,701.9584,16285.0,0.0,209.594,0.8372,2.3553,601.0,34.7519,0.5422,0.7032,1304,1656,586,927,175.6321
12,358.4869,1,458.9094,633.0771,10576.0,1566.0,139.6433,0.9932,1.5571,554.0,33.8024,0.5974,0.748,248,600,586,927,175.6321
12,358.4869,2,874.9331,656.5755,7142.0,114.0,115.512,0.9496,1.7695,581.0,28.4593,0.4768,0.6457,600,948,586,927,175.6321
12,358.4869,3,1165.3591,652.1985,13291.0,701.0,161.6422,0.6165,1.8454,588.0,37.0189,0.5785,0.733,948,1304,586,927,175.6321
12,358.4869,4,1482.1636,707.6692,14749.0,0.0,173.8931,0.8726,1.781,607.0,30.3831,0.5645,0.7217,1304,1656,586,927,175.6321
12,358.8875,1,450.0516,633.9718,11152.0,1645.0,146.6858,0.9359,1.6274,557.0,30.4703,0.6418,0.7818,248,600,586,927,175.6321
12,358.8875,2,869.5732,651.0404,8449.0,118.0,102.6997,0.9319,1.3335,580.0,30.795,0.4486,0.6193,600,948,586,927,175.6321
12,358.8875,3,1184.0555,652.5412,12443.0,672.0,154.0279,0.6696,1.8217,585.0,39.4626,0.5227,0.6866,948,1304,586,927,175.6321
12,358.8875,4,1479.9409,697.673,14232.0,0.0,146.1798,0.9563,1.3923,603.0,41.9685,0.4665,0.6362,1304,1656,586,927,175.6321
12,359.288,1,441.1716,646.1042,12520.0,1639.0,146.0556,0.9573,1.5606,557.0,32.3718,0.594,0.7453,248,600,586,927,175.6321
12,359.288,2,846.4801,642.9735,8873.0,559.0,132.4203,0.9998,1.6231,566.0,37.6798,0.4088,0.5803,600,948,586,927,175.6321
12,359.288,3,1191.6821,673.1657,12565.0,0.0,152.4686,0.8062,1.7664,589.0,35.3187,0.4901,0.6578,948,1304,586,927,175.6321
12,359.288,4,1490.4139,682.617,14082.0,0.0,175.2061,0.6543,1.9954,593.0,39.8222,0.4463,0.6172,1304,1656,586,927,175.6321
12,359.6885,1,434.2573,643.108,12170.0,1355.0,144.1434,0.9094,1.5242,560.0,23.5866,0.728,0.8426,248,600,586,927,175.6321
12,359.6885,2,834.974,661.6966,11066.0,495.0,147.9162,0.9947,1.7573,568.0,34.1315,0.5531,0.7123,600,948,586,927,175.6321
12,359.6885,3,1205.9678,668.87,11031.0,32.0,149.8013,0.8493,1.8589,584.0,29.6039,0.587,0.7398,948,1304,586,927,175.6321
12,359.6885,4,1512.148,680.6645,14238.0,0.0,164.1148,0.5577,1.8192,598.0,43.2601,0.4381,0.6093,1304,1656,586,927,175.6321
12,360.0891,1,433.0589,642.3999,12202.0,1685.0,147.0962,0.8989,1.6036,556.0,19.1622,0.8,0.8889,248,600,586,927,175.6321
12,360.0891,2,821.6043,665.7533,11530.0,390.0,155.6045,0.9624,1.8199,572.0,30.3355,0.5846,0.7378,600,948,586,927,175.6321
12,360.0891,3,1214.2437,664.2651,11812.0,705.0,136.9257,0.9447,1.6122,584.0,30.6229,0.5462,0.7065,948,1304,586,927,175.6321
12,360.0891,4,1538.2585,691.6709,12257.0,0.0,133.2222,0.9038,1.4202,601.0,47.4654,0.3799,0.5507,1304,1656,586,927,175.6321
12,360.4896,1,424.9426,646.9827,11808.0,1506.0,144.3796,0.9849,1.6483,556.0,37.0608,0.5253,0.6888,248,600,586,927,175.6321
12,360.4896,2,814.7107,670.7398,12899.0,702.0,170.0833,0.9741,1.9562,562.0,30.7664,0.6218,0.7668,600,948,586,927,175.6321
12,360.4896,3,1219.0725,664.5232,11036.0,688.0,135.4182,0.9887,1.6434,585.0,26.1538,0.6726,0.8043,948,1304,586,927,175.6321
12,360.4896,4,1558.2122,713.2894,9501.0,0.0,138.1586,0.9639,1.97,615.0,41.225,0.3837,0.5546,1304,1656,586,927,175.6321
12,360.8902,1,437.853,636.6915,12709.0,2113.0,158.0353,0.8418,1.7502,554.0,37.2177,0.5467,0.7069,248,600,586,927,175.6321
12,360.8902,2,809.0125,676.6704,13319.0,391.0,174.8878,0.8844,2.0696,572.0,30.907,0.5687,0.7251,600,948,586,927,175.6321
12,360.8902,3,1231.6391,666.4364,11379.0,693.0,138.5425,0.9693,1.6607,596.0,33.0016,0.523,0.6868,948,1304,586,927,175.6321
12,360.8902,4,1557.3669,699.0457,11637.0,0.0,156.8552,0.9932,2.0345,611.0,34.1122,0.5448,0.7054,1304,1656,586,927,175.6321
12,361.2907,1,453.1752,634.1055,12154.0,2154.0,158.6033,0.8401,1.8256,551.0,37.4521,0.5475,0.7076,248,600,586,927,175.6321
12,361.2907,2,809.5223,664.109,12979.0,488.0,205.0468,0.8617,2.4653,574.0,25.0463,0.6943,0.8196,600,948,586,927,175.6321
12,361.2907,3,1233.1093,661.202,11455.0,650.0,129.8915,0.9859,1.4286,600.0,22.2428,0.7209,0.8378,948,1304,586,927,175.6321
12,361.2907,4,1560.4493,697.5559,11323.0,0.0,163.3448,0.9832,2.2052,610.0,25.1757,0.6576,0.7935,1304,1656,586,927,175.6321
12,361.6913,1,460.1812,645.319,12983.0,1932.0,171.9867,0.8614,2.0396,553.0,34.3139,0.5991,0.7493,248,600,586,927,175.6321
12,361.6913,2,815.6846,664.8684,12557.0,442.0,177.4098,0.8061,2.2281,574.0,26.8198,0.7217,0.8383,600,948,586,927,175.6321
12,361.6913,3,1229.6736,661.1315,12712.0,684.0,134.3871,0.9981,1.3292,598.0,24.6129,0.6809,0.8102,948,1304,586,927,175.6321
12,361.6913,4,1558.9957,698.0693,10804.0,0.0,161.1274,0.9207,2.2748,604.0,25.7635,0.6601,0.7952,1304,1656,586,927,175.6321
12,362.0918,1,467.0184,651.0775,12793.0,1589.0,172.7364,0.8512,2.0613,558.0,30.0477,0.607,0.7554,248,600,586,927,175.6321
12,362.0918,2,825.2672,666.5847,12196.0,283.0,155.7516,0.821,1.8654,576.0,36.1435,0.5904,0.7425,600,948,586,927,175.6321
12,362.0918,3,1223.7275,670.0513,14091.0,0.0,136.7312,0.9642,1.1304,599.0,28.5021,0.6218,0.7668,948,1304,586,927,175.6321
12,362.0918,4,1556.2962,696.143,10970.0,0.0,170.0558,0.9223,2.2775,601.0,26.3524,0.6281,0.7716,1304,1656,586,927,175.6321
12,362.4924,1,470.0616,647.278,12813.0,1935.0,173.6903,0.7699,2.1373,557.0,28.5087,0.6322,0.7747,248,600,586,927,175.6321
12,362.4924,2,841.3514,666.6784,12033.0,375.0,154.4751,0.8069,1.8926,574.0,46.9594,0.4346,0.6059,600,948,586,927,175.6321
12,362.4924,3,1207.7862,671.813,14895.0,0.0,142.2729,0.6939,1.2082,588.0,31.4492,0.5803,0.7344,948,1304,586,927,175.6321
12,362.4924,4,1561.3903,686.9779,11290.0,0.0,157.5924,0.9397,1.9432,606.0,30.7257,0.5726,0.7282,1304,1656,586,927,175.6321
12,362.8929,1,482.6629,638.5675,12047.0,1964.0,167.9237,0.748,2.1051,556.0,32.4719,0.5876,0.7402,248,600,586,927,175.6321
12,362.8929,2,865.1121,662.9448,10503.0,581.0,131.9292,0.8189,1.7993,589.0,53.5047,0.3519,0.5206,600,948,586,927,175.6321
12,362.8929,3,1183.3213,665.4966,12656.0,0.0,142.6447,0.786,1.4039,586.0,35.9295,0.5299,0.6928,948,1304,586,927,175.6321
12,362.8929,4,1554.3709,697.5646,11763.0,0.0,132.788,0.9577,1.5225,604.0,41.3936,0.4439,0.6148,1304,1656,586,927,175.6321
12,363.2934,1,490.1793,643.3442,11545.0,1509.0,165.3986,0.7556,2.0968,561.0,32.7824,0.606,0.7547,248,600,586,927,175.6321
12,363.2934,2,880.6294,656.8876,11264.0,162.0,133.7254,0.9999,1.3972,585.0,36.4527,0.5068,0.6727,600,948,586,927,175.6321
12,363.2934,3,1158.1534,666.7492,12550.0,0.0,139.2184,0.7843,1.3789,587.0,41.0381,0.4659,0.6356,948,1304,586,927,175.6321
12,363.2934,4,1552.0441,693.883,11725.0,0.0,134.3401,0.9575,1.4811,598.0,27.463,0.6149,0.7615,1304,1656,586,927,175.6321
12,363.694,1,496.3273,651.7832,11914.0,1575.0,171.1321,0.7831,2.3339,558.0,29.129,0.6188,0.7645,248,600,586,927,175.6321
12,363.694,2,864.5403,663.318,12959.0,143.0,144.8231,0.8618,1.4552,585.0,34.1062,0.5766,0.7315,600,948,586,927,175.6321
12,363.694,3,1131.6359,668.0865,12920.0,11.0,144.0595,0.7827,1.4765,585.0,38.349,0.45,0.6207,948,1304,586,927,175.6321
12,363.694,4,1561.3655,697.022,12095.0,0.0,137.6107,0.936,1.5035,615.0,27.1979,0.6052,0.7541,1304,1656,586,927,175.6321
12,364.0945,1,504.8258,646.7141,10930.0,1303.0,160.5213,0.8306,2.1205,562.0,31.3732,0.6069,0.7554,248,600,586,927,175.6321
12,364.0945,2,845.9209,659.8778,13256.0,277.0,161.6375,0.7314,1.7388,574.0,35.2354,0.5514,0.7108,600,948,586,927,175.6321
12,364.0945,3,1113.7927,663.4961,12998.0,17.0,147.5214,0.6729,1.4924,584.0,35.9809,0.4821,0.6506,948,1304,586,927,175.6321
12,364.0945,4,1557.0067,699.937,13069.0,0.0,148.602,0.9226,1.5913,615.0,23.8271,0.6767,0.8072,1304,1656,586,927,175.6321
12,364.4951,1,511.6975,649.2158,10729.0,1110.0,162.0878,0.8263,2.2015,564.0,25.9094,0.6503,0.7881,248,600,586,927,175.6321
12,364.4951,2,827.0767,660.3427,13394.0,154.0,165.4375,0.7065,1.791,579.0,36.8246,0.5052,0.6713,600,948,586,927,175.6321
12,364.4951,3,1083.6269,668.6755,14250.0,5.0,153.5193,0.6938,1.4812,585.0,38.4417,0.4258,0.5973,948,1304,586,927,175.6321
12,364.4951,4,1547.9452,700.2769,15082.0,0.0,159.9559,0.8665,1.4806,614.0,29.2336,0.6257,0.7698,1304,1656,586,927,175.6321
12,364.8956,1,517.1127,646.9125,10402.0,1071.0,163.2183,0.8447,2.2382,564.0,23.1146,0.6977,0.8219,248,600,586,927,175.6321
12,364.8956,2,806.8013,665.9809,14285.0,306.0,176.7737,0.8,1.8852,574.0,34.4367,0.4923,0.6598,600,948,586,927,175.6321
12,364.8956,3,1061.6357,665.4943,16205.0,75.0,176.0006,0.5697,1.6406,583.0,30.9662,0.5405,0.7018,948,1304,586,927,175.6321
12,364.8956,4,1533.264,705.1036,15897.0,0.0,170.2782,0.787,1.7746,608.0,26.4074,0.5866,0.7394,1304,1656,586,927,175.6321
12,365.2962,1,514.5439,654.9463,10612.0,987.0,162.8335,0.8645,2.2265,564.0,15.8653,0.805,0.892,248,600,586,927,175.6321
12,365.2962,2,792.4793,673.937,15088.0,199.0,177.1113,0.7598,1.8496,577.0,32.6566,0.5585,0.7167,600,948,586,927,175.6321
12,365.2962,3,1058.4452,666.4205,15518.0,71.0,182.0223,0.6378,1.8973,582.0,25.3891,0.6407,0.781,948,1304,586,927,175.6321
12,365.2962,4,1533.1983,704.5353,14671.0,0.0,164.8064,0.7094,1.7456,615.0,21.5531,0.6667,0.8001,1304,1656,586,927,175.6321
12,365.6967,1,515.4832,648.1614,10404.0,956.0,164.3975,0.8219,2.246,565.0,16.9702,0.7705,0.8704,248,600,586,927,175.6321
12,365.6967,2,782.2341,672.8226,14811.0,80.0,178.0014,0.7586,1.8652,582.0,25.6726,0.6413,0.7814,600,948,586,927,175.6321
12,365.6967,3,1045.9752,669.5576,13767.0,15.0,164.3417,0.6328,1.8615,585.0,27.3125,0.5823,0.736,948,1304,586,927,175.6321
12,365.6967,4,1534.5424,694.2042,14047.0,0.0,155.7971,0.7886,1.5689,603.0,22.5098,0.6786,0.8086,1304,1656,586,927,175.6321
12,366.0972,1,506.588,656.5108,11227.0,884.0,168.5629,0.8707,2.2225,565.0,22.2297,0.6992,0.823,248,600,586,927,175.6321
12,366.0972,2,774.8301,677.0229,15082.0,39.0,178.3942,0.7959,1.8409,584.0,22.876,0.6871,0.8145,600,948,586,927,175.6321
12,366.0972,3,1035.4857,666.6825,12685.0,145.0,147.06,0.8099,1.6604,581.0,27.6936,0.5391,0.7005,948,1304,586,927,175.6321
12,366.0972,4,1537.8757,693.3099,14131.0,0.0,152.8389,0.8594,1.4891,600.0,19.8845,0.7107,0.8309,1304,1656,586,927,175.6321
12,366.4978,1,505.0407,653.26,12808.0,2572.0,201.5244,0.9377,2.8314,541.0,33.2619,0.5517,0.7111,248,600,586,927,175.6321
12,366.4978,2,771.3161,685.0581,15375.0,0.0,177.3308,0.8606,1.7868,587.0,22.1351,0.6936,0.8191,600,948,586,927,175.6321
12,366.4978,3,1022.357,673.9656,10822.0,51.0,141.4888,0.9016,1.7976,583.0,30.7936,0.4493,0.62,948,1304,586,927,175.6321
12,366.4978,4,1543.6331,697.3995,13798.0,0.0,155.7944,0.8476,1.5652,606.0,23.42,0.668,0.801,1304,1656,586,927,175.6321
12,366.8983,1,492.708,667.0264,11741.0,693.0,190.0543,0.8024,2.7185,566.0,41.9407,0.4282,0.5996,248,600,586,927,175.6321
12,366.8983,2,768.9507,694.3009,16406.0,28.0,179.8465,0.9628,1.7162,588.0,23.0145,0.6839,0.8122,600,948,586,927,175.6321
12,366.8983,3,1015.8631,679.3802,10451.0,0.0,134.7854,0.9561,1.727,586.0,22.6893,0.5814,0.7353,948,1304,586,927,175.6321
12,366.8983,4,1548.0116,700.4448,13354.0,0.0,153.6795,0.8682,1.5935,606.0,19.4849,0.7218,0.8384,1304,1656,586,927,175.6321
12,367.2989,1,503.5484,643.7068,13479.0,3058.0,203.4879,0.9118,2.7068,532.0,40.5622,0.5032,0.6695,248,600,586,927,175.6321
12,367.2989,2,771.9006,674.2631,14052.0,45.0,164.4919,0.9932,1.5835,583.0,29.231,0.6225,0.7674,600,948,586,927,175.6321
12,367.2989,3,1020.0548,668.6535,10458.0,66.0,154.0984,0.9159,1.9739,583.0,26.7715,0.5022,0.6686,948,1304,586,927,175.6321
12,367.2989,4,1549.2235,683.2629,12026.0,0.0,154.1738,0.8372,1.6914,600.0,20.9288,0.7032,0.8258,1304,1656,586,927,175.6321
12,367.6994,1,499.656,664.1758,11441.0,369.0,186.1716,0.7136,2.6155,572.0,48.394,0.3617,0.5312,248,600,586,927,175.6321
12,367.6994,2,780.7369,663.6845,14866.0,369.0,187.4319,0.6754,2.0836,575.0,40.6833,0.4693,0.6388,600,948,586,927,175.6321
12,367.6994,3,1030.9499,664.6354,9587.0,52.0,125.9135,0.9145,1.6159,583.0,25.8865,0.5364,0.6982,948,1304,586,927,175.6321
12,367.6994,4,1552.7035,691.0506,11651.0,0.0,147.2991,0.9295,1.6828,601.0,20.5587,0.6864,0.814,1304,1656,586,927,175.6321
12,368.1,1,504.3124,665.4603,11374.0,823.0,182.1209,0.8169,2.6096,561.0,30.6494,0.5775,0.7321,248,600,586,927,175.6321
12,368.1,2,807.4102,645.0497,15281.0,369.0,219.445,0.3777,2.6847,577.0,36.2857,0.5139,0.6789,600,948,586,927,175.6321
12,368.1,3,1019.0887,664.5883,9637.0,110.0,121.9731,0.9819,1.5781,581.0,26.1936,0.5203,0.6845,948,1304,586,927,175.6321
12,368.1,4,1552.3535,684.7714,11385.0,0.0,141.9383,0.997,1.5233,601.0,24.1218,0.6752,0.8061,1304,1656,586,927,175.6321
12,368.5005,1,506.6125,661.0119,11072.0,765.0,165.1321,0.7712,2.2736,566.0,22.2684,0.7117,0.8316,248,600,586,927,175.6321
12,368.5005,2,838.4615,650.132,12586.0,495.0,159.912,0.5502,1.9008,571.0,44.0139,0.3703,0.5405,600,948,586,927,175.6321
12,368.5005,3,1018.5071,644.2063,7736.0,0.0,116.2145,0.9627,1.3873,588.0,21.8427,0.6307,0.7735,948,1304,586,927,175.6321
12,368.5005,4,1549.1017,693.0393,11962.0,0.0,143.5208,0.9831,1.5712,599.0,30.124,0.6233,0.768,1304,1656,586,927,175.6321
12,368.9011,1,509.8471,656.9808,10530.0,702.0,164.7715,0.7608,2.3423,566.0,10.8972,0.8797,0.936,248,600,586,927,175.6321
12,368.9011,2,858.0567,658.3948,10798.0,486.0,125.4957,0.8503,1.6212,574.0,30.9489,0.4453,0.6162,600,948,586,927,175.6321
12,368.9011,3,1024.9508,650.1835,9860.0,29.0,142.4165,0.7707,1.7395,584.0,25.6634,0.6646,0.7985,948,1304,586,927,175.6321
12,368.9011,4,1541.5304,694.1324,12074.0,0.0,145.0478,0.9478,1.5848,603.0,29.2527,0.6115,0.7589,1304,1656,586,927,175.6321
12,369.3016,1,511.6532,658.7169,10834.0,488.0,172.5698,0.7144,2.422,569.0,22.5315,0.695,0.8201,248,600,586,927,175.6321
12,369.3016,2,855.8277,647.7562,8851.0,448.0,121.6172,0.7488,1.6505,571.0,23.9549,0.5409,0.702,600,948,586,927,175.6321
12,369.3016,3,1039.3545,644.2437,10174.0,66.0,148.8479,0.7699,1.6932,582.0,25.5621,0.6702,0.8025,948,1304,586,927,175.6321
12,369.3016,4,1536.4565,685.3816,11812.0,0.0,158.5134,0.9811,1.7828,596.0,24.8646,0.6779,0.808,1304,1656,586,927,175.6321
12,369.7021,1,507.3985,657.3465,11257.0,833.0,172.8934,0.7762,2.3559,566.0,21.863,0.7202,0.8374,248,600,586,927,175.6321
12,369.7021,2,858.5967,643.8156,9031.0,540.0,135.3191,0.8261,1.8751,569.0,23.4623,0.6608,0.7958,600,948,586,927,175.6321
12,369.7021,3,1050.397,653.4801,11322.0,0.0,171.9242,0.716,2.0791,588.0,37.4477,0.598,0.7484,948,1304,586,927,175.6321
12,369.7021,4,1537.4933,688.2722,11519.0,0.0,143.4808,0.988,1.5749,600.0,21.3605,0.7675,0.8685,1304,1656,586,927,175.6321
12,370.1027,1,501.8816,654.635,10739.0,578.0,165.6747,0.7584,2.254,570.0,25.9911,0.684,0.8123,248,600,586,927,175.6321
12,370.1027,2,861.5396,647.6755,9301.0,674.0,155.5481,0.8744,2.1768,566.0,25.323,0.6804,0.8098,600,948,586,927,175.6321
12,370.1027,3,1061.3611,663.18,12333.0,246.0,177.3541,0.8715,2.1418,579.0,34.4356,0.5835,0.737,948,1304,586,927,175.6321
12,370.1027,4,1535.7267,699.3799,12227.0,0.0,145.3302,0.998,1.5331,602.0,23.4315,0.7125,0.8321,1304,1656,586,927,175.6321
12,370.5032,1,496.8455,644.4044,10024.0,970.0,148.8381,0.8691,2.0035,560.0,40.1435,0.4788,0.6476,248,600,586,927,175.6321
12,370.5032,2,855.1101,657.3219,10620.0,239.0,171.8167,0.8079,2.2854,578.0,30.5082,0.6506,0.7883,600,948,586,927,175.6321
12,370.5032,3,1087.0811,656.9497,12732.0,184.0,201.3096,0.7021,2.5941,580.0,43.4758,0.5013,0.6678,948,1304,586,927,175.6321
12,370.5032,4,1533.2006,700.2704,14274.0,0.0,164.3936,0.9824,1.7098,598.0,26.4497,0.6747,0.8058,1304,1656,586,927,175.6321
12,370.9038,1,497.1106,636.9639,9401.0,948.0,139.7071,0.9958,1.6908,561.0,29.9226,0.5294,0.6923,248,600,586,927,175.6321
12,370.9038,2,847.2814,661.503,12140.0,594.0,183.8575,0.8093,2.3738,572.0,28.1015,0.6251,0.7693,600,948,586,927,175.6321
12,370.9038,3,1123.12,649.8259,13661.0,700.0,200.4233,0.6344,2.5467,585.0,52.0871,0.3923,0.5635,948,1304,586,927,175.6321
12,370.9038,4,1538.2014,696.42,13123.0,0.0,171.2209,0.9547,1.8961,596.0,35.1318,0.6236,0.7682,1304,1656,586,927,175.6321
12,371.3043,1,492.2288,640.6875,9499.0,695.0,135.7179,0.8817,1.6275,567.0,27.8129,0.6421,0.782,248,600,586,927,175.6321
12,371.3043,2,849.8882,657.1572,12164.0,822.0,186.389,0.8029,2.4377,565.0,19.8013,0.7823,0.8779,600,948,586,927,175.6321
12,371.3043,3,1159.309,655.6108,13614.0,538.0,208.6729,0.6548,2.6959,576.0,55.6924,0.3289,0.495,948,1304,586,927,175.6321
12,371.3043,4,1534.9128,693.2234,12677.0,0.0,164.6936,0.9358,1.9029,597.0,25.7827,0.6679,0.8009,1304,1656,586,927,175.6321
12,371.7049,1,475.6091,632.6955,14150.0,3322.0,203.2603,0.9736,2.2494,520.0,39.0861,0.5126,0.6777,248,600,586,927,175.6321
12,371.7049,2,861.0658,668.6612,11428.0,645.0,175.1645,0.8401,2.3027,566.0,42.4657,0.5431,0.7039,600,948,586,927,175.6321
12,371.7049,3,1194.7668,666.0551,10937.0,0.0,143.0399,0.7643,1.7799,588.0,60.6562,0.2488,0.3985,948,1304,586,927,175.6321
12,371.7049,4,1530.9921,698.4002,13032.0,0.0,159.8425,0.9982,1.8077,596.0,27.0183,0.6323,0.7747,1304,1656,586,927,175.6321
