paso,t,s,cx,cy,area,above,largo,vert,elong,cabeza,me,iou,dice,gx0,gx1,g_agua,g_fondo,escala
12,0.0,1,436.8739,615.7667,4750.0,1936.0,76.0112,0.1161,1.4227,580.0,,,,297,643,614,932,182.033
12,0.0,2,861.9087,709.243,14375.0,1123.0,232.2061,0.9929,3.3242,578.0,,,,643,990,614,932,182.033
12,0.0,3,1216.8423,656.0117,11991.0,1575.0,219.5389,0.5324,3.256,585.0,,,,990,1335,614,932,182.033
12,0.0,4,1438.3691,692.0504,13009.0,1752.0,246.8765,0.7862,3.9434,574.0,,,,1335,1681,614,932,182.033
12,0.4005,1,420.9602,613.1071,7066.0,3655.0,161.4988,0.0343,2.8262,582.0,41.1337,0.3872,0.5582,297,643,614,932,182.033
12,0.4005,2,860.7107,697.4919,12765.0,1434.0,224.3904,0.9989,3.0904,572.0,28.9341,0.6549,0.7915,643,990,614,932,182.033
12,0.4005,3,1134.6012,652.5369,16025.0,2039.0,257.2157,0.3519,3.0297,587.0,69.7823,0.1887,0.3175,990,1335,614,932,182.033
12,0.4005,4,1435.3093,695.4542,13449.0,1556.0,223.1337,0.8424,2.8129,579.0,38.1746,0.5342,0.6964,1335,1681,614,932,182.033
12,0.8011,1,459.6553,615.9469,10915.0,5023.0,220.3929,0.0871,3.4087,574.0,49.2702,0.4528,0.6233,297,643,614,932,182.033
12,0.8011,2,860.9779,696.323,14715.0,2171.0,229.2883,0.9983,2.8421,558.0,37.2372,0.5279,0.691,643,990,614,932,182.033
12,0.8011,3,1111.3206,656.2198,11329.0,1176.0,197.4712,0.3704,2.9078,587.0,49.2285,0.4425,0.6135,990,1335,614,932,182.033
12,0.8011,4,1443.0822,705.4702,14701.0,882.0,221.2656,0.8303,2.9628,608.0,42.1326,0.4445,0.6154,1335,1681,614,932,182.033
12,1.2016,1,493.4393,616.534,11417.0,5626.0,224.7178,0.0699,3.4433,582.0,47.48,0.5253,0.6888,297,643,614,932,182.033
12,1.2016,2,849.0198,712.7404,15066.0,1399.0,227.1924,0.9969,2.9315,572.0,40.4382,0.4784,0.6472,643,990,614,932,182.033
12,1.2016,3,1103.1789,671.0505,9187.0,947.0,128.7409,0.3345,2.1947,622.0,38.0216,0.4086,0.5801,990,1335,614,932,182.033
12,1.2016,4,1453.7805,688.2235,15143.0,1770.0,192.9284,0.9709,1.9328,567.0,52.262,0.3986,0.57,1335,1681,614,932,182.033
12,1.6022,1,517.8896,616.4598,11831.0,5512.0,214.0148,0.1623,3.0343,566.0,34.7304,0.6109,0.7584,297,643,614,932,182.033
12,1.6022,2,839.1252,706.4843,14230.0,1179.0,243.7855,0.9843,2.8848,586.0,33.1581,0.5993,0.7495,643,990,614,932,182.033
12,1.6022,3,1058.5077,647.61,6815.0,1455.0,117.93,0.668,2.1786,608.0,34.4736,0.4204,0.5919,990,1335,614,932,182.033
12,1.6022,4,1475.9436,715.5043,17239.0,581.0,211.3792,0.9849,2.2805,592.0,55.9524,0.3732,0.5435,1335,1681,614,932,182.033
12,2.0027,1,536.198,625.0015,9412.0,2901.0,194.7116,0.1687,2.9976,577.0,38.2751,0.5676,0.7242,297,643,614,932,182.033
12,2.0027,2,847.9163,667.7435,14377.0,2724.0,246.2359,0.7656,3.3517,566.0,59.4883,0.2471,0.3963,643,990,614,932,182.033
12,2.0027,3,1086.0891,671.3667,8718.0,1517.0,143.9118,0.9961,2.5234,572.0,37.1636,0.3437,0.5116,990,1335,614,932,182.033
12,2.0027,4,1500.4268,728.949,17929.0,716.0,233.4985,0.9833,2.6331,588.0,49.9615,0.4141,0.5856,1335,1681,614,932,182.033
12,2.4033,1,532.8895,612.5415,9469.0,4946.0,178.4752,0.1769,2.7988,568.0,35.7987,0.5881,0.7406,297,643,614,932,182.033
12,2.4033,2,858.5897,687.4753,13160.0,1614.0,246.5921,0.7414,3.9796,578.0,60.2971,0.3393,0.5067,643,990,614,932,182.033
12,2.4033,3,1085.994,675.1655,11181.0,2294.0,208.8206,0.9968,3.1861,557.0,36.6836,0.3834,0.5543,990,1335,614,932,182.033
12,2.4033,4,1510.8247,711.3341,18264.0,1242.0,212.9846,0.9471,2.2592,590.0,45.8075,0.4047,0.5762,1335,1681,614,932,182.033
12,2.8038,1,541.3748,620.4585,8325.0,3509.0,162.0916,0.2991,2.6534,568.0,32.4604,0.5708,0.7268,297,643,614,932,182.033
12,2.8038,2,896.889,682.7784,11448.0,1726.0,214.3354,0.8666,3.324,569.0,67.2443,0.281,0.4387,643,990,614,932,182.033
12,2.8038,3,1093.4832,675.7619,12477.0,2840.0,240.3768,0.9922,3.6609,548.0,34.3205,0.5741,0.7294,990,1335,614,932,182.033
12,2.8038,4,1543.2977,696.8274,17747.0,1323.0,256.9785,0.6441,2.9944,587.0,52.1746,0.3077,0.4706,1335,1681,614,932,182.033
12,3.2044,1,528.132,631.6229,7582.0,2072.0,132.8156,0.3738,2.5266,583.0,37.7721,0.4606,0.6307,297,643,614,932,182.033
12,3.2044,2,904.3405,699.9903,11883.0,1554.0,165.1075,0.8943,2.4653,609.0,47.7803,0.3804,0.5511,643,990,614,932,182.033
12,3.2044,3,1099.745,736.412,12759.0,437.0,238.1129,0.9991,3.6379,596.0,41.5633,0.4288,0.6003,990,1335,614,932,182.033
12,3.2044,4,1557.7868,704.6208,16466.0,1215.0,253.8742,0.7446,3.0042,584.0,46.0333,0.4463,0.6172,1335,1681,614,932,182.033
12,3.6049,1,537.1877,621.476,5525.0,1705.0,86.3189,0.0,1.7031,586.0,40.7329,0.3528,0.5216,297,643,614,932,182.033
12,3.6049,2,914.207,686.0795,13016.0,1843.0,213.6586,0.9815,2.1962,565.0,38.2845,0.5009,0.6675,643,990,614,932,182.033
12,3.6049,3,1107.4366,680.5652,10977.0,1783.0,220.7042,0.9993,3.4568,564.0,42.1105,0.4252,0.5967,990,1335,614,932,182.033
12,3.6049,4,1574.001,721.8137,15251.0,363.0,241.1782,0.7254,3.3762,617.0,54.6231,0.3731,0.5435,1335,1681,614,932,182.033
12,4.0054,1,547.0354,614.1748,6180.0,2986.0,106.0621,0.9557,1.7964,555.0,34.4058,0.446,0.6168,297,643,614,932,182.033
12,4.0054,2,899.533,692.219,15977.0,1268.0,188.3151,0.9797,1.7071,575.0,52.7693,0.3574,0.5266,643,990,614,932,182.033
12,4.0054,3,1119.9062,673.0921,12956.0,2364.0,226.9213,0.973,3.0064,559.0,37.3212,0.4788,0.6476,990,1335,614,932,182.033
12,4.0054,4,1583.1096,714.4375,14374.0,1249.0,244.5677,0.8978,3.5644,583.0,38.5553,0.4791,0.6478,1335,1681,614,932,182.033
12,4.406,1,535.4574,637.2134,9060.0,1576.0,145.158,0.4852,1.8679,576.0,49.0359,0.3109,0.4743,297,643,614,932,182.033
12,4.406,2,855.4016,689.4601,16265.0,2107.0,212.2118,0.9219,2.349,563.0,66.0628,0.2223,0.3637,643,990,614,932,182.033
12,4.406,3,1153.3131,708.1676,11976.0,437.0,244.5273,0.8558,3.7997,600.0,67.9559,0.1329,0.2346,990,1335,614,932,182.033
12,4.406,4,1588.6904,709.1346,13935.0,1695.0,247.2199,0.9355,3.5085,571.0,25.7129,0.6626,0.7971,1335,1681,614,932,182.033
12,4.8065,1,531.7821,630.0432,11113.0,3714.0,166.8003,0.609,2.0308,574.0,52.9045,0.3843,0.5552,297,643,614,932,182.033
12,4.8065,2,813.1643,697.1424,17714.0,1487.0,224.7273,0.805,2.2451,577.0,60.0143,0.2586,0.411,643,990,614,932,182.033
12,4.8065,3,1211.8601,648.9427,13132.0,3640.0,219.5123,0.6942,3.3999,561.0,59.5012,0.1903,0.3198,990,1335,614,932,182.033
12,4.8065,4,1581.5962,736.6734,13997.0,255.0,234.9573,0.9385,3.2653,603.0,32.552,0.5677,0.7243,1335,1681,614,932,182.033
12,5.2071,1,518.5318,625.6484,11160.0,3252.0,199.6471,0.195,3.0556,580.0,43.5698,0.4964,0.6635,297,643,614,932,182.033
12,5.2071,2,773.0072,686.6592,17468.0,2457.0,244.703,0.7958,2.6324,565.0,58.7458,0.2795,0.4369,643,990,614,932,182.033
12,5.2071,3,1240.7195,684.4577,9941.0,970.0,188.1835,0.7867,3.061,588.0,69.3399,0.1217,0.2171,990,1335,614,932,182.033
12,5.2071,4,1579.8565,705.6319,13900.0,1412.0,207.4451,0.9927,2.6027,580.0,44.3064,0.3799,0.5507,1335,1681,614,932,182.033
12,5.6076,1,544.246,623.8431,7041.0,2188.0,103.8756,0.7439,1.6299,573.0,37.3145,0.4754,0.6445,297,643,614,932,182.033
12,5.6076,2,750.0787,697.2456,14811.0,1974.0,243.572,0.8961,2.9535,569.0,49.7769,0.368,0.538,643,990,614,932,182.033
12,5.6076,3,1263.8125,660.1259,11037.0,2807.0,136.957,0.8185,2.164,614.0,54.0162,0.3001,0.4616,990,1335,614,932,182.033
12,5.6076,4,1556.0207,702.1759,11626.0,599.0,200.8126,0.9998,2.5848,596.0,42.8941,0.3494,0.5179,1335,1681,614,932,182.033
12,6.0082,1,540.2892,622.1251,4309.0,1567.0,41.4748,0.7545,1.4469,560.0,37.2485,0.2349,0.3804,297,643,614,932,182.033
12,6.0082,2,736.6002,694.084,11411.0,2131.0,220.3258,0.9675,3.3594,557.0,41.451,0.414,0.5855,643,990,614,932,182.033
12,6.0082,3,1262.8182,672.3071,16436.0,2396.0,179.2234,0.9972,1.4882,572.0,46.308,0.4219,0.5935,990,1335,614,932,182.033
12,6.0082,4,1535.2187,704.7287,14208.0,1062.0,211.5353,0.9367,2.6098,595.0,46.1106,0.3312,0.4976,1335,1681,614,932,182.033
12,6.4087,1,563.3246,612.8211,3700.0,1914.0,83.4206,0.0965,1.4166,584.0,38.1958,0.1636,0.2812,297,643,614,932,182.033
12,6.4087,2,738.9483,711.8214,12448.0,1317.0,244.2538,0.9434,4.169,584.0,34.6777,0.5263,0.6896,643,990,614,932,182.033
12,6.4087,3,1220.069,689.7738,14484.0,1062.0,209.7235,0.8501,2.5234,586.0,72.8273,0.1768,0.3005,990,1335,614,932,182.033
12,6.4087,4,1514.2293,696.8387,14063.0,1197.0,215.7763,0.8338,2.9962,584.0,43.8834,0.3802,0.5509,1335,1681,614,932,182.033
12,6.8092,1,512.2895,613.7541,8898.0,4446.0,188.4075,0.1532,2.9887,574.0,52.1948,0.2921,0.4521,297,643,614,932,182.033
12,6.8092,2,733.656,690.3102,12409.0,1715.0,208.0015,0.9608,2.7634,579.0,38.468,0.5165,0.6812,643,990,614,932,182.033
12,6.8092,3,1132.6332,656.8858,14751.0,2538.0,237.0066,0.528,2.5234,559.0,72.5426,0.1257,0.2234,990,1335,614,932,182.033
12,6.8092,4,1494.2791,707.955,13800.0,1140.0,211.761,0.9385,2.8911,581.0,43.8956,0.3776,0.5482,1335,1681,614,932,182.033
12,7.2098,1,477.1952,616.6758,11584.0,5022.0,210.4967,0.1196,2.9436,570.0,46.0908,0.5064,0.6723,297,643,614,932,182.033
12,7.2098,2,719.4598,670.03,12573.0,2454.0,182.2148,0.98,2.0159,561.0,42.6505,0.4675,0.6372,643,990,614,932,182.033
12,7.2098,3,1106.0493,694.6875,14157.0,1487.0,225.3312,0.6538,3.201,608.0,66.754,0.085,0.1566,990,1335,614,932,182.033
12,7.2098,4,1470.348,720.3135,12683.0,447.0,193.2207,0.9781,2.6093,596.0,39.7801,0.3357,0.5027,1335,1681,614,932,182.033
12,7.6103,1,467.8674,624.414,9580.0,3342.0,141.8111,0.7037,1.7877,548.0,52.3514,0.3659,0.5358,297,643,614,932,182.033
12,7.6103,2,726.7848,684.8821,17055.0,1580.0,197.9806,0.8913,1.8084,575.0,45.2161,0.4694,0.6389,643,990,614,932,182.033
12,7.6103,3,1093.0852,710.8162,11104.0,1033.0,193.5621,0.7772,3.4086,607.0,42.3616,0.3609,0.5304,990,1335,614,932,182.033
12,7.6103,4,1451.6083,715.5587,13189.0,869.0,182.9483,0.9901,2.4682,594.0,31.4301,0.4329,0.6042,1335,1681,614,932,182.033
12,8.0109,1,460.01,627.7894,5977.0,1685.0,87.3042,0.9894,1.1915,568.0,37.813,0.4009,0.5723,297,643,614,932,182.033
12,8.0109,2,771.5868,686.6679,17898.0,1609.0,223.8934,0.7869,2.307,576.0,57.2532,0.2907,0.4505,643,990,614,932,182.033
12,8.0109,3,1067.1246,685.7686,7627.0,988.0,116.6309,0.8685,2.2008,618.0,35.4407,0.4219,0.5935,990,1335,614,932,182.033
12,8.0109,4,1441.5038,691.4486,12950.0,1278.0,198.7994,0.8649,2.6505,592.0,31.2924,0.4847,0.6529,1335,1681,614,932,182.033
12,8.4114,1,438.8561,613.3072,4635.0,2314.0,90.9588,0.7149,1.5836,570.0,32.7412,0.4723,0.6415,297,643,614,932,182.033
12,8.4114,2,814.84,690.557,18154.0,1871.0,242.0866,0.7567,2.4652,573.0,61.5917,0.2522,0.4028,643,990,614,932,182.033
12,8.4114,3,1072.0521,702.5032,9064.0,694.0,152.9972,0.9635,2.2775,605.0,32.2294,0.4116,0.5832,990,1335,614,932,182.033
12,8.4114,4,1438.7547,681.1187,12184.0,1259.0,220.7635,0.7589,3.2876,592.0,34.4924,0.5466,0.7069,1335,1681,614,932,182.033
12,8.812,1,458.6808,616.8495,8735.0,3857.0,141.1346,0.5131,1.7526,551.0,43.8977,0.3759,0.5464,297,643,614,932,182.033
12,8.812,2,864.1057,694.2857,16401.0,1842.0,236.1067,0.7842,2.3966,570.0,61.5604,0.1914,0.3213,643,990,614,932,182.033
12,8.812,3,1071.2037,664.0136,8242.0,1091.0,156.7897,0.8889,2.3467,592.0,40.2369,0.2486,0.3982,990,1335,614,932,182.033
12,8.812,4,1429.8027,686.6448,10820.0,924.0,194.8922,0.7457,3.1173,593.0,42.8494,0.5459,0.7062,1335,1681,614,932,182.033
12,9.2125,1,459.118,631.2611,10675.0,2563.0,191.3418,0.324,2.4441,571.0,47.5647,0.4285,0.5999,297,643,614,932,182.033
12,9.2125,2,893.2862,701.5532,15783.0,1996.0,238.363,0.9233,2.7352,572.0,50.508,0.3288,0.4949,643,990,614,932,182.033
12,9.2125,3,1120.1045,649.9737,9990.0,1875.0,192.0732,0.6651,2.9401,585.0,55.0273,0.2182,0.3583,990,1335,614,932,182.033
12,9.2125,4,1421.2059,691.4109,11142.0,922.0,165.5113,0.719,2.5958,611.0,38.0116,0.5168,0.6814,1335,1681,614,932,182.033
12,9.6131,1,466.4329,619.7849,11518.0,4984.0,238.5755,0.2111,3.9586,578.0,42.0824,0.5277,0.6908,297,643,614,932,182.033
12,9.6131,2,908.7878,693.4962,13043.0,1630.0,218.1151,0.9665,2.7227,573.0,33.5113,0.5634,0.7207,643,990,614,932,182.033
12,9.6131,3,1170.4003,654.5569,11981.0,1861.0,231.6068,0.5185,3.5049,589.0,71.8664,0.1938,0.3247,990,1335,614,932,182.033
12,9.6131,4,1424.7565,700.2253,11037.0,433.0,163.5314,0.7069,2.5626,614.0,29.8597,0.5601,0.7181,1335,1681,614,932,182.033
12,10.0136,1,518.3167,616.5693,10772.0,4498.0,209.6825,0.1285,3.3404,578.0,53.6397,0.3894,0.5605,297,643,614,932,182.033
12,10.0136,2,917.8945,688.4719,14086.0,2225.0,218.5536,0.9882,2.5225,564.0,31.1873,0.6297,0.7728,643,990,614,932,182.033
12,10.0136,3,1211.4395,661.2358,10645.0,1003.0,202.5183,0.434,3.455,592.0,76.6809,0.2131,0.3514,990,1335,614,932,182.033
12,10.0136,4,1431.033,688.1331,11936.0,712.0,172.06,0.7197,2.393,612.0,38.1773,0.5276,0.6907,1335,1681,614,932,182.033
12,10.4141,1,541.0511,621.3776,7553.0,2541.0,145.4663,0.18,2.6144,583.0,40.0169,0.5189,0.6832,297,643,614,932,182.033
12,10.4141,2,910.7715,709.0295,12833.0,1171.0,239.5206,0.9121,3.3064,589.0,36.7328,0.5467,0.7069,643,990,614,932,182.033
12,10.4141,3,1237.7165,673.0623,9580.0,586.0,162.6571,0.6315,2.5256,598.0,54.8199,0.345,0.513,990,1335,614,932,182.033
12,10.4141,4,1453.9417,691.015,12925.0,735.0,142.841,0.9157,1.3787,598.0,50.7344,0.3225,0.4878,1335,1681,614,932,182.033
12,10.8147,1,545.088,616.1694,8152.0,3514.0,147.9227,0.3802,2.3947,560.0,32.1052,0.608,0.7562,297,643,614,932,182.033
12,10.8147,2,907.3197,693.2725,11020.0,1629.0,221.3653,0.9385,3.7028,575.0,30.5744,0.5624,0.7199,643,990,614,932,182.033
12,10.8147,3,1236.0394,675.4137,10789.0,1120.0,166.5985,0.5893,2.8357,614.0,44.3518,0.4551,0.6256,990,1335,614,932,182.033
12,10.8147,4,1485.4957,676.9203,12828.0,599.0,140.5885,0.9069,1.3635,600.0,53.4269,0.3372,0.5043,1335,1681,614,932,182.033
12,11.2152,1,543.5856,631.5013,7452.0,1411.0,127.9867,0.3571,2.5384,597.0,45.7838,0.3726,0.5429,297,643,614,932,182.033
12,11.2152,2,911.5549,675.1031,8565.0,2011.0,191.1858,0.9881,3.768,560.0,36.3759,0.4067,0.5782,643,990,614,932,182.033
12,11.2152,3,1252.5527,703.9954,10023.0,0.0,167.1513,0.7689,2.5503,615.0,55.4978,0.2973,0.4583,990,1335,614,932,182.033
12,11.2152,4,1503.7768,677.4873,14867.0,1241.0,191.1352,0.6481,2.1386,591.0,41.8338,0.4904,0.6581,1335,1681,614,932,182.033
12,11.6158,1,549.6041,626.7508,6857.0,1896.0,109.5072,0.347,2.1168,596.0,37.4875,0.4673,0.6369,297,643,614,932,182.033
12,11.6158,2,906.2578,692.6668,11995.0,1278.0,206.8471,0.9974,2.8111,579.0,37.636,0.4156,0.5872,643,990,614,932,182.033
12,11.6158,3,1263.6436,678.8122,14756.0,2127.0,167.7877,0.8847,1.9423,614.0,39.1946,0.4142,0.5857,990,1335,614,932,182.033
12,11.6158,4,1541.1932,674.2173,15934.0,1511.0,227.5364,0.5396,2.415,580.0,53.3099,0.3965,0.5678,1335,1681,614,932,182.033
12,12.0163,1,543.158,620.9201,6860.0,2823.0,101.3574,0.3868,1.7796,595.0,32.2253,0.518,0.6825,297,643,614,932,182.033
12,12.0163,2,888.9112,692.9916,13271.0,1792.0,219.4782,0.9919,3.0417,567.0,42.7752,0.4343,0.6056,643,990,614,932,182.033
12,12.0163,3,1253.8478,682.5614,18536.0,1463.0,184.0092,0.9903,1.3269,571.0,40.8596,0.4713,0.6407,990,1335,614,932,182.033
12,12.0163,4,1548.7239,698.2998,17749.0,940.0,251.5649,0.6427,2.7512,589.0,55.6577,0.4091,0.5806,1335,1681,614,932,182.033
12,12.4169,1,539.3724,621.3778,5535.0,2219.0,79.7366,0.0461,1.1673,585.0,38.5985,0.4192,0.5907,297,643,614,932,182.033
12,12.4169,2,865.7423,697.6717,15750.0,2360.0,222.8721,0.9992,2.6595,567.0,42.2596,0.3962,0.5676,643,990,614,932,182.033
12,12.4169,3,1211.6393,689.2079,16261.0,1494.0,239.7883,0.7788,2.8067,578.0,61.7089,0.2323,0.377,990,1335,614,932,182.033
12,12.4169,4,1550.0416,712.9336,16870.0,304.0,257.0404,0.6112,3.4051,614.0,35.3119,0.6179,0.7639,1335,1681,614,932,182.033
12,12.8174,1,533.1507,613.875,5440.0,2655.0,101.1348,0.0939,1.8468,581.0,36.3884,0.3935,0.5647,297,643,614,932,182.033
12,12.8174,2,839.1061,698.1097,14781.0,1615.0,220.6766,0.9614,2.7545,585.0,44.3329,0.3846,0.5556,643,990,614,932,182.033
12,12.8174,3,1149.985,679.049,16378.0,1971.0,265.8985,0.536,3.529,577.0,62.8979,0.2037,0.3384,990,1335,614,932,182.033
12,12.8174,4,1557.4817,704.4843,15268.0,665.0,237.5865,0.6527,3.4369,618.0,29.8681,0.6374,0.7785,1335,1681,614,932,182.033
12,13.2179,1,498.8844,620.8714,11250.0,4316.0,219.7695,0.067,3.4242,583.0,43.2933,0.3455,0.5136,297,643,614,932,182.033
12,13.2179,2,800.5303,665.5202,14078.0,3032.0,257.0605,0.7841,3.8408,557.0,60.9813,0.2179,0.3579,643,990,614,932,182.033
12,13.2179,3,1094.4485,681.1351,13925.0,2404.0,196.3356,0.6694,3.0013,609.0,64.0711,0.1078,0.1947,990,1335,614,932,182.033
12,13.2179,4,1564.8861,711.9483,15249.0,319.0,230.5685,0.6716,3.0552,620.0,32.3835,0.5748,0.73,1335,1681,614,932,182.033
12,13.6185,1,472.3564,617.5661,12475.0,5173.0,272.4012,0.0853,4.6206,580.0,34.2427,0.6486,0.7868,297,643,614,932,182.033
12,13.6185,2,760.946,679.6208,14830.0,2985.0,245.5826,0.923,3.2041,551.0,65.8958,0.1914,0.3213,643,990,614,932,182.033
12,13.6185,3,1082.6906,717.3124,11314.0,899.0,212.0386,0.8664,3.383,609.0,52.3682,0.216,0.3552,990,1335,614,932,182.033
12,13.6185,4,1566.6962,705.9716,14736.0,465.0,223.7059,0.6986,3.0234,618.0,25.814,0.6762,0.8068,1335,1681,614,932,182.033
12,14.019,1,438.0211,621.3099,12729.0,4243.0,229.0171,0.1492,3.2528,568.0,36.4524,0.5864,0.7392,297,643,614,932,182.033
12,14.019,2,748.9753,714.8828,13177.0,1365.0,238.8617,0.9342,3.8062,583.0,55.2877,0.3011,0.4629,643,990,614,932,182.033
12,14.019,3,1054.3528,695.7481,9104.0,2252.0,145.7538,0.9607,3.3284,624.0,40.9567,0.3337,0.5004,990,1335,614,932,182.033
12,14.019,4,1578.2804,700.1003,14751.0,785.0,217.2996,0.7304,2.7567,598.0,33.121,0.6068,0.7553,1335,1681,614,932,182.033
12,14.4196,1,439.2206,618.4683,10849.0,4219.0,207.7249,0.0954,3.2948,572.0,26.8818,0.702,0.8249,297,643,614,932,182.033
12,14.4196,2,729.542,674.7108,11150.0,2426.0,233.619,0.9618,3.8195,556.0,34.3807,0.5757,0.7307,643,990,614,932,182.033
12,14.4196,3,1048.2412,715.4641,10137.0,1112.0,202.3406,0.9868,3.7025,609.0,35.169,0.5129,0.678,990,1335,614,932,182.033
12,14.4196,4,1578.1486,693.3219,13316.0,1033.0,189.4655,0.7901,2.3077,593.0,30.5937,0.6453,0.7844,1335,1681,614,932,182.033
12,14.8201,1,429.3672,616.6807,10834.0,4691.0,186.0992,0.2045,2.4558,557.0,30.3595,0.6705,0.8027,297,643,614,932,182.033
12,14.8201,2,728.3641,698.046,12365.0,2430.0,251.1695,0.9729,4.2552,559.0,39.0362,0.5244,0.688,643,990,614,932,182.033
12,14.8201,3,1043.6407,690.9267,9525.0,1201.0,183.4275,0.9695,3.1885,606.0,31.2293,0.5823,0.736,990,1335,614,932,182.033
12,14.8201,4,1578.3842,699.7714,13203.0,595.0,177.3184,0.7419,2.191,598.0,22.5032,0.7334,0.8462,1335,1681,614,932,182.033
12,15.2207,1,435.9089,620.9864,9496.0,2820.0,168.1246,0.2155,2.266,563.0,31.748,0.642,0.782,297,643,614,932,182.033
12,15.2207,2,720.3627,711.6566,11596.0,1069.0,202.7602,0.9651,3.4506,599.0,33.4819,0.5263,0.6896,643,990,614,932,182.033
12,15.2207,3,1048.2183,669.1852,9901.0,1960.0,134.2977,0.9997,1.9669,606.0,47.699,0.4408,0.6119,990,1335,614,932,182.033
12,15.2207,4,1568.8104,699.3463,12188.0,594.0,173.9013,0.8592,2.2439,598.0,28.347,0.5924,0.744,1335,1681,614,932,182.033
12,15.6212,1,455.0643,618.4973,6405.0,2361.0,127.1979,0.0164,2.3453,584.0,46.263,0.4147,0.5863,297,643,614,932,182.033
12,15.6212,2,720.6923,673.019,13795.0,2974.0,202.068,1.0,2.2521,553.0,41.1334,0.526,0.6894,643,990,614,932,182.033
12,15.6212,3,1057.4324,668.6537,13986.0,1616.0,188.9428,0.8198,1.7407,584.0,45.6872,0.4293,0.6007,990,1335,614,932,182.033
12,15.6212,4,1558.8735,682.9576,11076.0,1107.0,182.1466,0.9602,2.2914,583.0,37.7147,0.4425,0.6135,1335,1681,614,932,182.033
12,16.0218,1,447.953,624.2779,5894.0,2566.0,89.0117,0.2355,1.305,585.0,34.8634,0.3846,0.5555,297,643,614,932,182.033
12,16.0218,2,739.1515,691.0587,16432.0,1296.0,191.5438,0.991,1.794,583.0,53.439,0.3753,0.5458,643,990,614,932,182.033
12,16.0218,3,1110.7438,671.6118,14866.0,1886.0,243.1044,0.6538,2.9669,570.0,66.5068,0.2044,0.3395,990,1335,614,932,182.033
12,16.0218,4,1539.2133,685.1351,13115.0,1757.0,215.2137,0.9996,2.7874,566.0,43.2913,0.3797,0.5505,1335,1681,614,932,182.033
12,16.4223,1,474.2993,620.6185,7467.0,2905.0,135.9715,0.1739,2.0926,580.0,46.1778,0.3482,0.5166,297,643,614,932,182.033
12,16.4223,2,788.2634,696.8075,18305.0,2116.0,201.3479,0.9995,1.8998,564.0,64.8962,0.2283,0.3717,643,990,614,932,182.033
12,16.4223,3,1175.7537,691.5884,17284.0,1045.0,246.3011,0.6922,2.7918,585.0,67.5425,0.0828,0.1529,990,1335,614,932,182.033
12,16.4223,4,1517.6388,727.4109,15580.0,997.0,249.6942,0.9949,3.2901,584.0,49.2976,0.2737,0.4298,1335,1681,614,932,182.033
12,16.8228,1,479.2321,627.7276,9014.0,2924.0,146.0288,0.4421,2.0211,572.0,31.986,0.6056,0.7543,297,643,614,932,182.033
12,16.8228,2,818.1375,709.1141,19793.0,1570.0,217.8846,0.9344,1.982,570.0,55.0651,0.3046,0.467,643,990,614,932,182.033
12,16.8228,3,1207.1516,694.4915,17470.0,1977.0,251.5821,0.7384,3.2166,593.0,48.9526,0.2892,0.4487,990,1335,614,932,182.033
12,16.8228,4,1493.8716,729.35,14774.0,899.0,227.1042,0.9988,3.0788,590.0,40.5177,0.4051,0.5766,1335,1681,614,932,182.033
12,17.2234,1,478.9709,630.6863,10362.0,3263.0,187.8544,0.4216,2.7985,567.0,29.4796,0.6436,0.7831,297,643,614,932,182.033
12,17.2234,2,859.161,706.6787,19626.0,1267.0,223.6608,0.9308,2.1977,584.0,49.9905,0.3422,0.51,643,990,614,932,182.033
12,17.2234,3,1239.6331,686.3904,14209.0,2702.0,172.4509,0.761,2.5297,611.0,50.4509,0.3055,0.4681,990,1335,614,932,182.033
12,17.2234,4,1484.7658,717.4182,14434.0,926.0,215.6855,0.9596,2.7654,594.0,34.6276,0.5056,0.6717,1335,1681,614,932,182.033
12,17.6239,1,485.3549,625.2436,10299.0,3620.0,180.8831,0.6149,2.5386,548.0,32.598,0.5916,0.7434,297,643,614,932,182.033
12,17.6239,2,885.9485,691.6497,15810.0,2304.0,222.6514,0.9102,2.2351,561.0,52.5927,0.3035,0.4656,643,990,614,932,182.033
12,17.6239,3,1247.508,718.1311,10809.0,1117.0,165.754,0.9378,3.0586,610.0,33.979,0.3224,0.4876,990,1335,614,932,182.033
12,17.6239,4,1478.4014,698.2025,13516.0,646.0,223.2896,0.8264,3.0239,601.0,35.3237,0.5154,0.6802,1335,1681,614,932,182.033
12,18.0245,1,499.0044,642.9775,10969.0,1658.0,218.2069,0.3486,3.4384,585.0,56.1779,0.351,0.5197,297,643,614,932,182.033
12,18.0245,2,886.301,728.142,13746.0,527.0,223.0123,0.8435,3.2687,601.0,44.3972,0.3441,0.512,643,990,614,932,182.033
12,18.0245,3,1260.2361,711.4178,11071.0,1123.0,221.7986,0.9693,3.9204,585.0,34.6667,0.4898,0.6575,990,1335,614,932,182.033
12,18.0245,4,1483.0349,688.0073,13037.0,720.0,226.2896,0.7371,3.1946,601.0,26.0412,0.713,0.8324,1335,1681,614,932,182.033
12,18.425,1,528.5788,627.7709,10064.0,3098.0,183.3058,0.2958,2.878,580.0,44.9941,0.5632,0.7206,297,643,614,932,182.033
12,18.425,2,907.9767,678.6947,11630.0,2076.0,211.3354,0.9219,3.2445,560.0,38.8405,0.3995,0.5709,643,990,614,932,182.033
12,18.425,3,1247.1865,673.6037,15101.0,3546.0,208.5297,0.9309,3.0553,599.0,36.4429,0.4014,0.5729,990,1335,614,932,182.033
12,18.425,4,1486.4897,696.3249,14177.0,764.0,223.8638,0.7522,3.0175,597.0,27.9681,0.6758,0.8066,1335,1681,614,932,182.033
12,18.8256,1,531.981,628.6211,9036.0,2893.0,151.8058,0.3144,2.407,580.0,28.0254,0.7037,0.8261,297,643,614,932,182.033
12,18.8256,2,905.0897,686.0622,10259.0,1823.0,247.3358,0.9342,4.5172,563.0,36.6156,0.5142,0.6792,643,990,614,932,182.033
12,18.8256,3,1252.9035,667.2907,12056.0,2024.0,151.4344,0.7889,2.0722,611.0,45.2293,0.3956,0.5669,990,1335,614,932,182.033
12,18.8256,4,1495.3637,696.273,13905.0,787.0,226.8753,0.7385,3.221,597.0,26.8708,0.6761,0.8068,1335,1681,614,932,182.033
12,19.2261,1,534.8836,641.3421,8653.0,1940.0,148.5052,0.5181,2.3609,583.0,43.7496,0.45,0.6207,297,643,614,932,182.033
12,19.2261,2,889.2474,722.7208,10781.0,550.0,234.0954,0.9582,4.0941,592.0,41.554,0.4594,0.6296,643,990,614,932,182.033
12,19.2261,3,1271.7783,676.4481,13146.0,2006.0,150.0402,0.9376,1.9113,614.0,52.2858,0.4112,0.5828,990,1335,614,932,182.033
12,19.2261,4,1514.4923,692.4498,14599.0,1207.0,247.2347,0.7158,3.503,595.0,38.9848,0.5251,0.6886,1335,1681,614,932,182.033
12,19.6266,1,550.1378,646.2511,10112.0,2173.0,164.7722,0.7711,2.3055,563.0,52.4839,0.3663,0.5362,297,643,614,932,182.033
12,19.6266,2,894.6947,672.1939,12606.0,2854.0,241.8801,0.894,4.1212,545.0,53.4638,0.3171,0.4815,643,990,614,932,182.033
12,19.6266,3,1270.6803,658.1749,12598.0,1102.0,160.0968,0.5618,1.5647,595.0,38.3057,0.4528,0.6234,990,1335,614,932,182.033
12,19.6266,4,1533.4318,691.4612,14793.0,1245.0,248.2905,0.6979,3.5545,590.0,44.0462,0.5026,0.669,1335,1681,614,932,182.033
12,20.0272,1,541.8933,668.5316,10019.0,934.0,180.3442,0.6701,2.8171,581.0,43.7198,0.4424,0.6134,297,643,614,932,182.033
12,20.0272,2,883.1421,708.8323,12557.0,1227.0,236.4466,0.86,3.6547,585.0,51.0857,0.4285,0.5999,643,990,614,932,182.033
12,20.0272,3,1234.6435,656.9969,15373.0,1379.0,249.1676,0.3847,3.0471,583.0,49.5183,0.4465,0.6174,990,1335,614,932,182.033
12,20.0272,4,1541.8971,702.8811,14410.0,402.0,249.0457,0.6907,3.6148,604.0,43.8623,0.5281,0.6912,1335,1681,614,932,182.033
12,20.4277,1,551.8106,654.7711,10616.0,1836.0,185.7329,0.6847,2.666,570.0,35.8514,0.595,0.7461,297,643,614,932,182.033
12,20.4277,2,899.4813,703.2867,11239.0,1426.0,235.5818,0.9264,4.2654,578.0,32.1902,0.5419,0.7029,643,990,614,932,182.033
12,20.4277,3,1182.6836,677.3084,15915.0,1503.0,243.3196,0.6002,3.145,582.0,68.7542,0.2022,0.3364,990,1335,614,932,182.033
12,20.4277,4,1544.6391,700.3527,13914.0,620.0,245.8045,0.7046,3.8218,600.0,27.1874,0.6914,0.8175,1335,1681,614,932,182.033
12,20.8283,1,541.7847,654.2654,9849.0,1856.0,159.4119,0.6691,2.4863,572.0,29.0568,0.6551,0.7916,297,643,614,932,182.033
12,20.8283,2,907.7978,686.1601,11101.0,2297.0,212.6277,0.9438,3.3199,556.0,39.6462,0.4865,0.6545,643,990,614,932,182.033
12,20.8283,3,1157.9529,697.0464,16943.0,1117.0,268.7172,0.6529,3.4127,587.0,61.6533,0.2834,0.4417,990,1335,614,932,182.033
12,20.8283,4,1559.0419,691.0354,13107.0,680.0,222.4415,0.6615,3.3304,600.0,31.9103,0.6531,0.7901,1335,1681,614,932,182.033
12,21.2288,1,543.914,666.3761,10173.0,1651.0,200.1185,0.7422,3.3699,567.0,39.8194,0.4522,0.6228,297,643,614,932,182.033
12,21.2288,2,922.1422,702.6675,11801.0,1468.0,179.9712,0.9278,2.5198,613.0,52.9536,0.358,0.5272,643,990,614,932,182.033
12,21.2288,3,1115.0311,674.7922,14673.0,2275.0,236.7657,0.7321,2.7521,562.0,47.9948,0.3705,0.5407,990,1335,614,932,182.033
12,21.2288,4,1558.6103,696.0083,14194.0,987.0,233.9172,0.6955,3.4195,594.0,33.406,0.6338,0.7759,1335,1681,614,932,182.033
12,21.6294,1,547.9724,679.0884,10277.0,1605.0,214.3383,0.8096,3.7176,570.0,37.4549,0.4979,0.6648,297,643,614,932,182.033
12,21.6294,2,918.9571,725.7899,11520.0,801.0,200.0902,0.9493,3.2075,614.0,30.9512,0.59,0.7422,643,990,614,932,182.033
12,21.6294,3,1088.5735,697.1187,14174.0,1885.0,198.7699,0.789,2.5869,608.0,52.6567,0.2309,0.3752,990,1335,614,932,182.033
12,21.6294,4,1552.0733,704.0699,14384.0,765.0,241.7693,0.7259,3.6195,597.0,27.5089,0.6922,0.8181,1335,1681,614,932,182.033
12,22.0299,1,557.5175,679.4546,9345.0,1617.0,160.8409,0.7574,3.1805,609.0,38.3758,0.474,0.6432,297,643,614,932,182.033
12,22.0299,2,918.5638,700.2807,12399.0,1806.0,212.02,0.9831,2.8008,572.0,42.8446,0.454,0.6244,643,990,614,932,182.033
12,22.0299,3,1078.1145,740.7141,13576.0,85.0,207.4659,0.9019,2.6733,617.0,40.6413,0.3373,0.5044,990,1335,614,932,182.033
12,22.0299,4,1574.9947,691.2554,12569.0,836.0,200.9333,0.7005,2.7716,592.0,38.8639,0.529,0.6919,1335,1681,614,932,182.033
12,22.4305,1,553.9029,700.417,11396.0,1182.0,205.1162,0.8556,3.4851,597.0,39.6626,0.4476,0.6184,297,643,614,932,182.033
12,22.4305,2,918.5009,704.244,12736.0,1315.0,187.1183,0.913,2.7372,612.0,27.3731,0.6377,0.7788,643,990,614,932,182.033
12,22.4305,3,1074.5275,691.2276,10833.0,1280.0,168.3437,0.882,2.2544,580.0,46.4908,0.266,0.4202,990,1335,614,932,182.033
12,22.4305,4,1588.8868,705.5572,12448.0,643.0,178.4449,0.761,2.6917,620.0,58.9406,0.367,0.5369,1335,1681,614,932,182.033
12,22.831,1,542.0468,695.473,10313.0,678.0,183.0106,0.7833,3.1051,606.0,46.6642,0.4073,0.5788,297,643,614,932,182.033
12,22.831,2,914.9486,712.5729,12125.0,602.0,212.1694,0.9652,3.0957,598.0,30.265,0.6381,0.7791,643,990,614,932,182.033
12,22.831,3,1072.5641,694.374,11651.0,1268.0,169.0662,0.9995,2.1293,587.0,34.6948,0.3642,0.5339,990,1335,614,932,182.033
12,22.831,4,1602.7881,710.2607,14033.0,1024.0,172.517,0.8972,2.2442,620.0,38.7736,0.4961,0.6632,1335,1681,614,932,182.033
12,23.2315,1,574.433,631.4438,7846.0,2625.0,174.2435,0.883,2.9026,541.0,47.4014,0.333,0.4996,297,643,614,932,182.033
12,23.2315,2,910.3421,676.7987,9640.0,1828.0,195.3752,0.9532,3.2534,569.0,43.6822,0.3426,0.5104,643,990,614,932,182.033
12,23.2315,3,1055.2958,663.4932,6517.0,817.0,141.0606,0.9742,2.4215,590.0,26.2227,0.447,0.6178,990,1335,614,932,182.033
12,23.2315,4,1598.3271,716.0739,15459.0,651.0,182.9942,0.9514,2.1987,620.0,34.7619,0.5609,0.7187,1335,1681,614,932,182.033
12,23.6321,1,571.3621,653.6953,7410.0,1910.0,191.6027,0.9426,4.1303,558.0,36.7055,0.4527,0.6232,297,643,614,932,182.033
12,23.6321,2,919.9596,658.0594,7632.0,1925.0,199.0708,0.9861,3.9267,561.0,32.3123,0.5371,0.6988,643,990,614,932,182.033
12,23.6321,3,1073.0975,637.4721,7140.0,1591.0,124.2537,0.6759,1.7562,588.0,42.2149,0.3656,0.5354,990,1335,614,932,182.033
12,23.6321,4,1588.5408,706.956,15928.0,923.0,209.8572,0.9328,2.3485,587.0,46.7348,0.4126,0.5841,1335,1681,614,932,182.033
12,24.0326,1,540.1691,682.4519,9908.0,947.0,201.6409,0.8306,3.5024,581.0,46.7908,0.322,0.4871,297,643,614,932,182.033
12,24.0326,2,917.0439,685.3944,10925.0,492.0,195.7482,0.9965,2.5114,596.0,40.0101,0.4134,0.585,643,990,614,932,182.033
12,24.0326,3,1119.0973,640.8465,9911.0,2182.0,180.4281,0.5525,2.6591,584.0,60.9344,0.2612,0.4142,990,1335,614,932,182.033
12,24.0326,4,1563.2698,686.4201,14067.0,1180.0,191.0434,0.897,2.2487,578.0,52.8201,0.4549,0.6254,1335,1681,614,932,182.033
12,24.4332,1,531.2776,616.4679,5698.0,2904.0,115.6965,0.695,1.7099,576.0,55.9227,0.1301,0.2302,297,643,614,932,182.033
12,24.4332,2,883.8713,658.5686,12731.0,2585.0,214.9947,0.9483,2.7481,556.0,47.4219,0.3297,0.4959,643,990,614,932,182.033
12,24.4332,3,1180.0415,636.0363,11953.0,2929.0,198.9544,0.4626,2.8581,589.0,67.0522,0.2001,0.3334,990,1335,614,932,182.033
12,24.4332,4,1538.3715,695.403,17007.0,1203.0,227.4789,0.7619,2.6694,585.0,51.1846,0.3751,0.5456,1335,1681,614,932,182.033
12,24.8337,1,482.0254,618.7713,11169.0,4832.0,215.2451,0.1831,3.3946,580.0,62.9072,0.2623,0.4156,297,643,614,932,182.033
12,24.8337,2,846.1355,679.7079,13982.0,1967.0,222.9022,0.9662,2.6447,566.0,56.5519,0.2487,0.3983,643,990,614,932,182.033
12,24.8337,3,1194.5583,659.8035,13962.0,2467.0,200.2444,0.705,2.5761,586.0,58.0013,0.3342,0.5009,990,1335,614,932,182.033
12,24.8337,4,1516.0252,705.1966,17997.0,929.0,267.3508,0.6713,3.3423,593.0,49.8924,0.3965,0.5678,1335,1681,614,932,182.033
12,25.2343,1,441.8314,625.2246,11732.0,4079.0,193.1347,0.2537,2.664,580.0,53.8648,0.4161,0.5877,297,643,614,932,182.033
12,25.2343,2,823.9818,706.1818,15455.0,1690.0,225.8213,0.9887,2.705,571.0,52.6913,0.3394,0.5068,643,990,614,932,182.033
12,25.2343,3,1214.8451,669.055,13613.0,2488.0,211.0447,0.7418,2.9207,578.0,51.6293,0.3821,0.5529,990,1335,614,932,182.033
12,25.2343,4,1472.8061,684.3332,17780.0,1795.0,263.2697,0.6008,3.0044,577.0,48.7546,0.3945,0.5658,1335,1681,614,932,182.033
12,25.6348,1,438.3085,626.6864,11775.0,3986.0,193.688,0.3621,2.679,568.0,30.5503,0.7106,0.8308,297,643,614,932,182.033
12,25.6348,2,802.1025,703.6889,16407.0,1865.0,228.3067,0.9939,2.6644,569.0,39.6025,0.4855,0.6536,643,990,614,932,182.033
12,25.6348,3,1225.6788,693.7426,11475.0,716.0,209.628,0.7843,3.3479,597.0,42.9742,0.3806,0.5513,990,1335,614,932,182.033
12,25.6348,4,1455.5952,702.1187,16154.0,1227.0,254.9227,0.6782,3.1101,586.0,53.7206,0.3336,0.5003,1335,1681,614,932,182.033
12,26.0353,1,439.0407,626.0222,10502.0,3556.0,162.6922,0.2549,2.3088,577.0,28.5073,0.7301,0.844,297,643,614,932,182.033
12,26.0353,2,801.0618,709.7145,15725.0,1589.0,222.8407,0.9998,2.6805,570.0,30.7614,0.5663,0.7231,643,990,614,932,182.033
12,26.0353,3,1241.2195,687.1825,10934.0,666.0,168.2294,0.8427,2.408,597.0,33.4359,0.5392,0.7006,990,1335,614,932,182.033
12,26.0353,4,1441.8963,719.906,14985.0,632.0,236.9805,0.7886,3.5433,612.0,40.9998,0.3986,0.57,1335,1681,614,932,182.033
12,26.4359,1,423.7907,628.7434,11578.0,3714.0,176.907,0.3866,2.3808,571.0,38.9345,0.5757,0.7307,297,643,614,932,182.033
12,26.4359,2,795.77,687.8292,16977.0,2693.0,218.8659,0.999,2.4224,560.0,31.3143,0.528,0.6911,643,990,614,932,182.033
12,26.4359,3,1244.615,658.5132,16682.0,5042.0,179.578,0.9881,1.9542,571.0,39.1649,0.4206,0.5922,990,1335,614,932,182.033
12,26.4359,4,1431.4654,699.3841,14593.0,1461.0,206.393,0.9194,2.2909,574.0,37.5921,0.4749,0.644,1335,1681,614,932,182.033
12,26.8364,1,430.3812,633.8682,12696.0,3439.0,191.531,0.372,2.4531,569.0,24.9564,0.737,0.8486,297,643,614,932,182.033
12,26.8364,2,794.7711,706.9745,16104.0,1687.0,238.1972,0.9987,2.8204,570.0,32.353,0.5479,0.7079,643,990,614,932,182.033
12,26.8364,3,1248.5252,667.3942,13236.0,1818.0,147.4903,0.8006,1.7125,610.0,30.7837,0.5127,0.6779,990,1335,614,932,182.033
12,26.8364,4,1420.1503,700.9688,14966.0,1218.0,198.9661,0.8227,2.454,615.0,30.8934,0.5977,0.7482,1335,1681,614,932,182.033
12,27.237,1,436.7152,635.2075,12691.0,3150.0,204.6493,0.4215,2.6631,561.0,26.2773,0.7309,0.8445,297,643,614,932,182.033
12,27.237,2,793.2568,681.9375,15660.0,2883.0,232.5856,0.9625,2.751,560.0,34.2839,0.5812,0.7352,643,990,614,932,182.033
12,27.237,3,1241.6315,652.0798,14721.0,1502.0,193.303,0.3822,1.8705,590.0,40.4222,0.4187,0.5903,990,1335,614,932,182.033
12,27.237,4,1424.8791,720.4706,15953.0,336.0,203.6595,0.9655,2.3648,615.0,41.9563,0.5142,0.6792,1335,1681,614,932,182.033
12,27.6375,1,427.8902,646.8941,12754.0,2434.0,205.5177,0.5467,2.5635,562.0,41.594,0.5264,0.6897,297,643,614,932,182.033
12,27.6375,2,778.8805,688.837,16082.0,2595.0,242.9169,0.9247,2.9587,567.0,36.2217,0.5727,0.7283,643,990,614,932,182.033
12,27.6375,3,1183.4657,660.9877,15019.0,1575.0,198.4598,0.5361,2.1658,591.0,54.3672,0.279,0.4363,990,1335,614,932,182.033
12,27.6375,4,1432.8432,704.2175,15496.0,768.0,199.7959,0.9891,1.9939,589.0,39.951,0.5461,0.7064,1335,1681,614,932,182.033
12,28.0381,1,411.4855,654.1138,10762.0,2038.0,155.0223,0.7076,2.1421,592.0,44.7254,0.4605,0.6306,297,643,614,932,182.033
12,28.0381,2,761.8097,684.8156,15285.0,3318.0,248.2804,0.9423,3.4621,554.0,39.8034,0.5292,0.6921,643,990,614,932,182.033
12,28.0381,3,1129.0646,674.9124,17573.0,1637.0,254.6343,0.5126,3.0779,587.0,59.5964,0.1963,0.3282,990,1335,614,932,182.033
12,28.0381,4,1445.677,693.1905,15316.0,1421.0,188.9769,0.9905,1.9014,570.0,38.1115,0.5528,0.712,1335,1681,614,932,182.033
12,28.4386,1,404.2371,639.8421,9970.0,2966.0,136.1807,0.9162,1.4389,559.0,35.9442,0.5432,0.704,297,643,614,932,182.033
12,28.4386,2,752.1651,708.9337,14821.0,2063.0,245.366,0.9679,3.2729,573.0,45.8555,0.468,0.6376,643,990,614,932,182.033
12,28.4386,3,1107.4089,689.485,14464.0,1270.0,236.8879,0.688,3.0104,582.0,52.4031,0.3235,0.4889,990,1335,614,932,182.033
12,28.4386,4,1456.9249,712.7297,16029.0,595.0,209.8057,0.995,2.2792,592.0,42.092,0.5132,0.6783,1335,1681,614,932,182.033
12,28.8392,1,429.5722,647.8444,11590.0,2637.0,159.6471,0.8037,1.6535,563.0,52.8313,0.4364,0.6076,297,643,614,932,182.033
12,28.8392,2,741.0384,697.5635,14570.0,2555.0,264.7923,0.9584,3.9257,556.0,35.3344,0.5537,0.7127,643,990,614,932,182.033
12,28.8392,3,1094.1912,691.1468,11734.0,1437.0,182.0368,0.7179,2.8558,608.0,39.0142,0.4678,0.6375,990,1335,614,932,182.033
12,28.8392,4,1468.5958,715.7101,15428.0,366.0,192.7099,0.9978,2.0783,598.0,39.5225,0.5987,0.749,1335,1681,614,932,182.033
12,29.2397,1,457.0177,653.5881,10829.0,2191.0,157.9769,0.9395,1.7956,567.0,49.011,0.4513,0.622,297,643,614,932,182.033
12,29.2397,2,732.5793,701.9861,12047.0,1707.0,233.7969,0.9572,3.8645,571.0,37.4041,0.5603,0.7182,643,990,614,932,182.033
12,29.2397,3,1064.1334,695.7975,8623.0,879.0,134.4481,0.9428,2.1364,608.0,37.3914,0.345,0.513,990,1335,614,932,182.033
12,29.2397,4,1485.1775,711.0446,14337.0,244.0,180.1961,0.9998,1.9699,602.0,40.572,0.5401,0.7014,1335,1681,614,932,182.033
12,29.6402,1,471.8352,656.8743,13146.0,2707.0,191.5652,0.788,2.1652,558.0,45.5901,0.5432,0.704,297,643,614,932,182.033
12,29.6402,2,727.0131,696.3452,12507.0,2603.0,247.3218,0.9781,4.2486,552.0,32.7986,0.5427,0.7036,643,990,614,932,182.033
12,29.6402,3,1047.9859,650.7717,6457.0,1325.0,147.4111,0.9996,2.4637,579.0,29.5278,0.4182,0.5898,990,1335,614,932,182.033
12,29.6402,4,1500.4011,697.2502,16173.0,1040.0,204.6151,0.8169,2.2141,594.0,40.5312,0.4878,0.6557,1335,1681,614,932,182.033
12,30.0408,1,478.6374,666.1074,14569.0,2551.0,221.932,0.7432,2.6808,561.0,26.7832,0.6815,0.8106,297,643,614,932,182.033
12,30.0408,2,721.3272,701.7005,11428.0,1925.0,242.4158,0.9819,4.0907,567.0,30.2067,0.6056,0.7544,643,990,614,932,182.033
12,30.0408,3,1072.5253,647.6898,8736.0,1778.0,147.3691,0.9124,2.0189,575.0,37.9791,0.3713,0.5416,990,1335,614,932,182.033
12,30.0408,4,1528.6948,684.8734,17100.0,744.0,237.4243,0.4983,2.7784,599.0,46.9333,0.3885,0.5596,1335,1681,614,932,182.033
12,30.4413,1,471.3344,654.1423,13854.0,2898.0,242.9985,0.5098,3.6436,578.0,42.5281,0.5067,0.6726,297,643,614,932,182.033
12,30.4413,2,723.9972,710.3843,11692.0,1459.0,251.5752,0.9706,4.4018,577.0,24.2909,0.6711,0.8032,643,990,614,932,182.033
12,30.4413,3,1117.6382,650.4012,10889.0,2254.0,183.1694,0.8129,2.3075,571.0,56.5326,0.2083,0.3448,990,1335,614,932,182.033
12,30.4413,4,1554.7963,679.7743,16378.0,661.0,232.4927,0.4751,2.6111,600.0,41.0436,0.5393,0.7007,1335,1681,614,932,182.033
12,30.8419,1,424.9353,619.8865,7711.0,3042.0,107.8388,0.3044,1.6791,581.0,48.2143,0.3004,0.462,297,643,614,932,182.033
12,30.8419,2,720.6218,690.3387,11585.0,2534.0,228.8687,0.9829,3.9458,555.0,32.2938,0.5309,0.6936,643,990,614,932,182.033
12,30.8419,3,1166.2058,654.7037,13481.0,2861.0,213.1208,0.689,3.0686,568.0,65.4036,0.1807,0.306,990,1335,614,932,182.033
12,30.8419,4,1560.5631,687.7968,15476.0,767.0,204.5306,0.5454,2.476,598.0,33.9115,0.6049,0.7538,1335,1681,614,932,182.033
12,31.2424,1,383.2249,606.0698,2993.0,1916.0,64.0124,0.3757,1.7258,591.0,41.1234,0.2571,0.409,297,643,614,932,182.033
12,31.2424,2,721.6438,689.1994,11505.0,1493.0,204.0556,0.9842,2.8181,577.0,27.0404,0.5587,0.7168,643,990,614,932,182.033
12,31.2424,3,1205.0065,674.848,12886.0,1763.0,210.4689,0.7531,3.0727,578.0,69.0154,0.1407,0.2467,990,1335,614,932,182.033
12,31.2424,4,1567.0027,691.8283,14012.0,383.0,200.0551,0.5723,2.5807,604.0,30.6006,0.5643,0.7214,1335,1681,614,932,182.033
12,31.643,1,396.9876,621.2812,4676.0,1932.0,84.9102,0.8968,1.2673,579.0,34.4617,0.4481,0.6189,297,643,614,932,182.033
12,31.643,2,729.4371,672.3596,11660.0,2069.0,198.1626,0.9978,2.5752,564.0,29.4903,0.5841,0.7375,643,990,614,932,182.033
12,31.643,3,1228.8788,687.5474,11678.0,905.0,201.7528,0.7471,3.1127,593.0,60.5422,0.3029,0.4649,990,1335,614,932,182.033
12,31.643,4,1572.9121,700.4042,14261.0,889.0,193.6139,0.7207,2.4411,593.0,31.866,0.4949,0.6621,1335,1681,614,932,182.033
12,32.0435,1,423.4249,636.0387,8767.0,2660.0,119.8284,0.9128,1.4261,570.0,46.7477,0.3547,0.5237,297,643,614,932,182.033
12,32.0435,2,754.7494,664.9,12242.0,2078.0,208.5885,0.8804,2.6827,566.0,46.695,0.3323,0.4988,643,990,614,932,182.033
12,32.0435,3,1249.5963,679.5697,11552.0,1427.0,177.7685,0.9526,2.5073,581.0,53.0902,0.379,0.5496,990,1335,614,932,182.033
12,32.0435,4,1575.6864,711.5705,15021.0,1126.0,216.7357,0.7955,2.7942,585.0,33.3704,0.5304,0.6932,1335,1681,614,932,182.033
12,32.444,1,434.6813,658.7524,10698.0,1855.0,165.3546,0.8764,2.0406,570.0,38.4561,0.5375,0.6992,297,643,614,932,182.033
12,32.444,2,782.2284,673.2661,13556.0,2557.0,233.0807,0.8883,3.1607,559.0,52.9247,0.3286,0.4946,643,990,614,932,182.033
12,32.444,3,1246.3301,677.8478,13470.0,919.0,162.0788,0.7997,1.6768,591.0,41.4888,0.4655,0.6353,990,1335,614,932,182.033
12,32.444,4,1583.8054,723.2799,14916.0,814.0,237.1567,0.8441,3.255,591.0,29.8286,0.5574,0.7158,1335,1681,614,932,182.033
12,32.8446,1,425.2254,655.6589,10345.0,2384.0,169.8537,0.9768,2.3997,560.0,34.879,0.5915,0.7433,297,643,614,932,182.033
12,32.8446,2,818.3357,684.5453,15486.0,2201.0,237.8318,0.9005,2.8826,562.0,59.1156,0.2468,0.3959,643,990,614,932,182.033
12,32.8446,3,1241.0417,674.3548,13177.0,970.0,130.676,0.8783,1.0796,590.0,31.5853,0.5773,0.732,990,1335,614,932,182.033
12,32.8446,4,1591.6383,714.6255,14812.0,1401.0,250.6365,0.9064,3.3814,577.0,27.551,0.6167,0.7629,1335,1681,614,932,182.033
12,33.2451,1,422.568,661.6452,10688.0,2216.0,182.4259,0.9925,2.5904,557.0,23.232,0.749,0.8565,297,643,614,932,182.033
12,33.2451,2,842.9015,688.8178,15520.0,2314.0,254.6317,0.8618,3.4426,564.0,54.734,0.335,0.5019,643,990,614,932,182.033
12,33.2451,3,1231.6461,653.196,15438.0,1361.0,203.2215,0.2934,2.3021,590.0,43.1187,0.4014,0.5728,990,1335,614,932,182.033
12,33.2451,4,1588.5304,716.5688,14097.0,1189.0,248.2512,0.8875,3.5553,582.0,18.8897,0.7684,0.869,1335,1681,614,932,182.033
12,33.6457,1,425.3651,663.2736,11400.0,2431.0,189.088,0.9709,2.6426,562.0,25.0386,0.7344,0.8469,297,643,614,932,182.033
12,33.6457,2,864.6487,687.7634,14918.0,2665.0,249.35,0.8982,3.6197,558.0,44.9312,0.4262,0.5977,643,990,614,932,182.033
12,33.6457,3,1165.1506,658.8108,15349.0,1888.0,212.1691,0.5419,2.5387,587.0,53.5069,0.2326,0.3774,990,1335,614,932,182.033
12,33.6457,4,1577.79,718.948,13588.0,235.0,232.6965,0.7697,3.5167,606.0,39.4692,0.5002,0.6669,1335,1681,614,932,182.033
12,34.0462,1,428.1209,647.3682,11658.0,3361.0,195.4642,0.7053,2.7473,572.0,51.3153,0.4332,0.6045,297,643,614,932,182.033
12,34.0462,2,875.5063,696.7531,14123.0,1632.0,238.1631,0.9031,3.5953,574.0,42.1807,0.5234,0.6872,643,990,614,932,182.033
12,34.0462,3,1118.0847,672.8371,16232.0,1407.0,243.5052,0.5466,2.8059,586.0,58.4935,0.2348,0.3804,990,1335,614,932,182.033
12,34.0462,4,1565.9964,715.6617,14684.0,340.0,231.8985,0.7874,3.1003,602.0,37.7808,0.5204,0.6846,1335,1681,614,932,182.033
12,34.4468,1,411.0661,630.6611,7639.0,2620.0,115.9219,0.4477,1.6252,578.0,47.2525,0.4646,0.6344,297,643,614,932,182.033
12,34.4468,2,879.4032,709.3435,13712.0,1446.0,224.8249,0.9789,3.2571,578.0,37.3371,0.477,0.6459,643,990,614,932,182.033
12,34.4468,3,1112.5471,678.7857,13077.0,1339.0,225.43,0.6141,3.313,587.0,33.6548,0.542,0.703,990,1335,614,932,182.033
12,34.4468,4,1572.0467,698.9378,14076.0,582.0,202.5551,0.7558,2.4146,598.0,38.827,0.5774,0.7321,1335,1681,614,932,182.033
12,34.8473,1,391.9103,635.3743,7225.0,2217.0,100.726,0.6386,1.3458,590.0,43.045,0.4636,0.6335,297,643,614,932,182.033
12,34.8473,2,880.6985,690.9741,14768.0,2400.0,229.3897,0.9997,2.9323,558.0,27.3316,0.646,0.7849,643,990,614,932,182.033
12,34.8473,3,1097.717,666.1298,9826.0,1347.0,149.4974,0.6845,2.2752,586.0,31.8695,0.5347,0.6969,990,1335,614,932,182.033
12,34.8473,4,1573.7834,704.46,14132.0,241.0,201.0088,0.7191,2.7001,616.0,30.55,0.6312,0.7739,1335,1681,614,932,182.033
12,35.2479,1,414.3518,636.06,8187.0,2613.0,119.1519,0.5736,1.4945,577.0,49.089,0.3735,0.5439,297,643,614,932,182.033
12,35.2479,2,866.584,695.5036,14314.0,1840.0,245.1973,0.9984,3.2348,565.0,37.5245,0.5234,0.6872,643,990,614,932,182.033
12,35.2479,3,1050.7071,645.8593,5766.0,944.0,104.9092,0.9628,1.4463,590.0,36.674,0.3695,0.5396,990,1335,614,932,182.033
12,35.2479,4,1581.3385,692.6628,15827.0,1368.0,198.9514,0.9257,1.9294,582.0,37.5285,0.5615,0.7192,1335,1681,614,932,182.033
12,35.6484,1,455.6689,639.9792,10344.0,3043.0,139.9787,0.9984,1.5329,555.0,64.7079,0.2489,0.3986,297,643,614,932,182.033
12,35.6484,2,857.6028,702.7922,14245.0,1421.0,229.3261,0.9627,3.1454,574.0,45.1262,0.4045,0.576,643,990,614,932,182.033
12,35.6484,3,1085.7342,647.1014,8547.0,1545.0,148.6479,0.7297,2.136,586.0,48.9665,0.2359,0.3818,990,1335,614,932,182.033
12,35.6484,4,1585.2769,709.5785,15889.0,564.0,190.0944,0.8637,2.1361,618.0,33.8344,0.5953,0.7463,1335,1681,614,932,182.033
12,36.0489,1,479.0494,667.4716,12006.0,1842.0,160.2838,0.9937,1.8438,568.0,54.5886,0.375,0.5454,297,643,614,932,182.033
12,36.0489,2,829.6031,698.279,16395.0,2891.0,235.2934,0.9997,2.9545,555.0,45.5018,0.3961,0.5674,643,990,614,932,182.033
12,36.0489,3,1131.8251,654.8475,10882.0,1402.0,155.9988,0.6162,1.8997,592.0,60.8738,0.2206,0.3614,990,1335,614,932,182.033
12,36.0489,4,1585.1062,710.1017,16456.0,614.0,189.4572,0.9016,2.0021,617.0,23.333,0.7198,0.8371,1335,1681,614,932,182.033
12,36.4495,1,496.2317,668.3234,12828.0,2316.0,178.2323,0.9758,2.0867,561.0,38.6871,0.5549,0.7138,297,643,614,932,182.033
12,36.4495,2,819.2134,716.5627,16105.0,1203.0,233.8746,0.9993,2.8338,578.0,40.2402,0.4972,0.6642,643,990,614,932,182.033
12,36.4495,3,1173.933,655.0473,11174.0,2149.0,196.6265,0.8188,2.7174,569.0,58.3108,0.284,0.4424,990,1335,614,932,182.033
12,36.4495,4,1578.7831,709.5079,15797.0,308.0,176.7,0.913,1.7856,614.0,29.5375,0.6231,0.7678,1335,1681,614,932,182.033
12,36.85,1,499.3927,674.8982,14126.0,2035.0,206.7675,0.8232,2.5201,568.0,39.4255,0.5172,0.6818,297,643,614,932,182.033
12,36.85,2,802.317,694.2306,14612.0,1863.0,222.6897,1.0,2.7488,571.0,41.2096,0.5126,0.6778,643,990,614,932,182.033
12,36.85,3,1199.2377,687.1636,11901.0,892.0,209.5366,0.7685,2.9416,588.0,68.632,0.1891,0.318,990,1335,614,932,182.033
12,36.85,4,1570.7861,702.8572,14463.0,489.0,159.3895,0.9923,1.642,606.0,25.529,0.6771,0.8075,1335,1681,614,932,182.033
12,37.2506,1,491.7747,653.2746,13956.0,3198.0,230.4327,0.5978,3.1036,574.0,42.7833,0.4996,0.6663,297,643,614,932,182.033
12,37.2506,2,800.4415,672.133,14393.0,2532.0,213.1308,0.9691,2.4792,572.0,35.9889,0.5861,0.739,643,990,614,932,182.033
12,37.2506,3,1229.0376,688.491,11768.0,1116.0,198.7239,0.9709,2.5483,579.0,55.2241,0.3369,0.504,990,1335,614,932,182.033
12,37.2506,4,1560.7254,694.0067,14438.0,945.0,173.814,0.97,1.8308,584.0,39.8742,0.4868,0.6548,1335,1681,614,932,182.033
12,37.6511,1,442.586,623.77,10039.0,3559.0,183.8044,0.2608,2.919,576.0,48.6398,0.3459,0.514,297,643,614,932,182.033
12,37.6511,2,811.3407,682.3995,13463.0,1856.0,238.8804,0.758,3.5601,581.0,46.5921,0.4016,0.5731,643,990,614,932,182.033
12,37.6511,3,1238.8849,678.8069,13612.0,2369.0,207.3172,0.9321,2.5257,572.0,43.779,0.3533,0.5221,990,1335,614,932,182.033
12,37.6511,4,1544.9159,709.8582,14301.0,126.0,178.8834,0.9255,2.0232,606.0,46.2209,0.469,0.6385,1335,1681,614,932,182.033
12,38.0517,1,416.0916,628.2033,8918.0,3172.0,123.7552,0.5285,1.7064,571.0,39.0187,0.4103,0.5818,297,643,614,932,182.033
12,38.0517,2,852.399,665.0353,14810.0,2945.0,253.7397,0.7773,3.5025,553.0,54.8372,0.344,0.5119,643,990,614,932,182.033
12,38.0517,3,1199.2603,662.6772,13087.0,2477.0,233.6363,0.7434,3.3129,575.0,49.8303,0.3076,0.4705,990,1335,614,932,182.033
12,38.0517,4,1526.0872,696.1624,16334.0,1213.0,214.838,0.8114,2.3366,581.0,37.899,0.525,0.6885,1335,1681,614,932,182.033
12,38.4522,1,422.8248,649.557,13308.0,3346.0,165.09,0.8887,1.8275,565.0,40.4778,0.4264,0.5979,297,643,614,932,182.033
12,38.4522,2,867.5352,697.1728,13781.0,1776.0,258.0049,0.8499,3.7303,568.0,67.3883,0.2257,0.3683,643,990,614,932,182.033
12,38.4522,3,1146.6586,664.0841,14693.0,3460.0,252.0862,0.7307,3.6895,559.0,69.3743,0.1522,0.2641,990,1335,614,932,182.033
12,38.4522,4,1513.6516,698.2757,16152.0,492.0,217.9746,0.6589,2.5346,602.0,39.5335,0.4831,0.6515,1335,1681,614,932,182.033
12,38.8527,1,413.9065,662.1665,11076.0,1516.0,183.5815,0.7099,2.6165,571.0,43.1955,0.4096,0.5811,297,643,614,932,182.033
12,38.8527,2,880.6037,701.7506,13439.0,1594.0,250.7115,0.9133,3.7202,576.0,34.5417,0.5603,0.7182,643,990,614,932,182.033
12,38.8527,3,1102.7516,673.6593,12654.0,2599.0,237.7011,0.8348,3.7425,552.0,70.6883,0.1154,0.207,990,1335,614,932,182.033
12,38.8527,4,1493.4413,695.1121,20647.0,2416.0,261.8653,0.9164,2.4931,578.0,46.1172,0.3891,0.5602,1335,1681,614,932,182.033
12,39.2533,1,406.1025,657.7601,10373.0,2366.0,150.8891,0.9157,2.0745,567.0,37.027,0.4743,0.6434,297,643,614,932,182.033
12,39.2533,2,880.8988,703.0353,12811.0,1025.0,233.0052,0.8526,3.4493,590.0,30.3621,0.672,0.8038,643,990,614,932,182.033
12,39.2533,3,1076.1795,692.8035,12009.0,1959.0,237.2033,0.9361,3.7339,561.0,57.7634,0.2363,0.3823,990,1335,614,932,182.033
12,39.2533,4,1482.2123,699.3096,19321.0,591.0,263.8481,0.5925,3.0689,598.0,45.9563,0.3806,0.5514,1335,1681,614,932,182.033
12,39.6538,1,408.1361,628.772,7332.0,2376.0,114.6277,0.825,1.4497,574.0,44.0899,0.2975,0.4586,297,643,614,932,182.033
12,39.6538,2,896.2461,673.1709,11940.0,2445.0,218.5603,0.8552,3.1834,553.0,45.5796,0.4601,0.6302,643,990,614,932,182.033
12,39.6538,3,1067.3026,712.5062,10310.0,791.0,226.2516,0.9367,4.001,590.0,42.4605,0.4009,0.5723,990,1335,614,932,182.033
12,39.6538,4,1464.4712,678.098,16960.0,1563.0,237.1951,0.5714,2.74,586.0,33.7061,0.6305,0.7734,1335,1681,614,932,182.033
12,40.0544,1,449.2886,631.102,7796.0,2635.0,112.1614,0.8877,1.3423,572.0,50.9978,0.2943,0.4548,297,643,614,932,182.033
12,40.0544,2,921.8364,698.2018,10055.0,1204.0,151.2184,0.8951,2.4415,617.0,61.622,0.2128,0.3509,643,990,614,932,182.033
12,40.0544,3,1054.4421,664.038,8190.0,1258.0,157.9704,0.985,2.8231,602.0,38.1703,0.4357,0.6069,990,1335,614,932,182.033
12,40.0544,4,1457.9956,675.1327,16529.0,1701.0,217.5343,0.5961,2.5211,587.0,26.0707,0.6863,0.8139,1335,1681,614,932,182.033
12,40.4549,1,473.3611,640.3258,9615.0,2576.0,144.7013,0.8792,1.7242,563.0,51.9587,0.336,0.503,297,643,614,932,182.033
12,40.4549,2,933.1981,698.7994,10800.0,1036.0,176.526,0.9649,2.8591,616.0,37.86,0.5579,0.7162,643,990,614,932,182.033
12,40.4549,3,1062.0401,652.6967,8499.0,1570.0,155.0703,0.914,2.2308,577.0,34.1938,0.4431,0.6141,990,1335,614,932,182.033
12,40.4549,4,1448.0505,679.8881,15957.0,1905.0,218.9172,0.7409,2.4245,571.0,35.5039,0.5544,0.7133,1335,1681,614,932,182.033
12,40.8555,1,495.8837,646.6585,9807.0,2619.0,169.5121,0.9903,2.3698,554.0,43.9766,0.4481,0.6189,297,643,614,932,182.033
12,40.8555,2,926.6665,687.6024,12542.0,1509.0,168.7978,0.9661,2.1953,607.0,35.1578,0.6248,0.7691,643,990,614,932,182.033
12,40.8555,3,1093.1828,656.2589,10589.0,1860.0,171.6844,0.8522,2.2487,571.0,45.4235,0.3468,0.515,990,1335,614,932,182.033
12,40.8555,4,1450.8163,711.906,15962.0,351.0,253.1194,0.7071,3.4842,611.0,48.7779,0.357,0.5262,1335,1681,614,932,182.033
12,41.256,1,510.0167,649.7097,9122.0,1987.0,161.013,0.8975,2.2569,577.0,40.9041,0.532,0.6945,297,643,614,932,182.033
12,41.256,2,910.3091,697.535,14259.0,1198.0,168.635,0.9285,1.8944,614.0,43.1649,0.5009,0.6674,643,990,614,932,182.033
12,41.256,3,1117.4804,668.3395,12476.0,2383.0,218.6262,0.9296,3.0614,553.0,54.5262,0.3128,0.4766,990,1335,614,932,182.033
12,41.256,4,1453.4371,712.2763,15656.0,1455.0,250.0128,0.8523,3.2287,577.0,34.5736,0.5064,0.6723,1335,1681,614,932,182.033
12,41.6566,1,526.9493,631.0501,10857.0,3507.0,175.7021,0.38,2.4398,577.0,52.9891,0.3575,0.5268,297,643,614,932,182.033
12,41.6566,2,895.9726,693.909,15382.0,1638.0,195.0118,0.9938,1.9478,569.0,37.4292,0.5735,0.7289,643,990,614,932,182.033
12,41.6566,3,1134.9112,712.7317,13892.0,546.0,223.8178,0.92,2.8734,592.0,57.2906,0.2673,0.4219,990,1335,614,932,182.033
12,41.6566,4,1438.1384,684.4134,14034.0,1429.0,212.4072,0.6929,2.7773,587.0,34.0155,0.5237,0.6874,1335,1681,614,932,182.033
12,42.0571,1,549.3707,641.2837,8597.0,2105.0,148.0711,0.679,2.3688,575.0,59.4319,0.3727,0.543,297,643,614,932,182.033
12,42.0571,2,882.4013,678.7362,14698.0,1514.0,166.6654,0.9896,1.5314,573.0,41.2598,0.4589,0.6291,643,990,614,932,182.033
12,42.0571,3,1152.586,703.0621,13429.0,1296.0,221.042,0.9119,3.1725,581.0,39.4168,0.4341,0.6054,990,1335,614,932,182.033
12,42.0571,4,1422.1634,679.9369,11039.0,928.0,160.8914,0.7978,2.012,591.0,34.7971,0.496,0.6631,1335,1681,614,932,182.033
12,42.4576,1,558.6509,643.3307,9734.0,2441.0,152.203,0.8418,2.1126,561.0,36.5564,0.5717,0.7275,297,643,614,932,182.033
12,42.4576,2,845.6049,679.2233,16421.0,1580.0,211.2914,0.737,2.3081,574.0,52.1569,0.3319,0.4983,643,990,614,932,182.033
12,42.4576,3,1195.4122,659.5128,14346.0,3121.0,231.2076,0.7697,2.9703,557.0,47.8412,0.326,0.4917,990,1335,614,932,182.033
12,42.4576,4,1407.4362,681.2434,10993.0,1027.0,136.7618,0.8768,1.7003,611.0,37.228,0.4687,0.6383,1335,1681,614,932,182.033
12,42.8582,1,552.9346,658.2899,10100.0,1702.0,141.7898,0.7834,2.0474,592.0,40.2159,0.5004,0.667,297,643,614,932,182.033
12,42.8582,2,807.3644,683.563,18959.0,2571.0,249.5002,0.7129,2.6173,567.0,53.72,0.2866,0.4456,643,990,614,932,182.033
12,42.8582,3,1201.3932,695.482,13275.0,1274.0,230.6998,0.8202,3.5197,583.0,60.6577,0.287,0.446,990,1335,614,932,182.033
12,42.8582,4,1413.6425,676.289,12929.0,1009.0,142.6942,0.9245,1.2025,593.0,30.3174,0.5884,0.7409,1335,1681,614,932,182.033
12,43.2587,1,550.2297,669.8738,10969.0,1552.0,167.863,0.8178,2.4313,593.0,30.3567,0.6016,0.7512,297,643,614,932,182.033
12,43.2587,2,782.6993,687.9386,18708.0,2439.0,232.7645,0.8316,2.0355,560.0,48.0174,0.4119,0.5834,643,990,614,932,182.033
12,43.2587,3,1224.3906,690.7777,12756.0,1234.0,211.1789,0.7757,3.0921,586.0,43.8205,0.4377,0.6089,990,1335,614,932,182.033
12,43.2587,4,1439.5988,668.3428,13713.0,718.0,164.1321,0.4532,1.6644,599.0,43.5964,0.3972,0.5686,1335,1681,614,932,182.033
12,43.6593,1,553.7554,658.3776,12146.0,2595.0,191.6012,0.9222,2.3242,554.0,30.7742,0.6699,0.8023,297,643,614,932,182.033
12,43.6593,2,764.344,692.2724,18923.0,2588.0,232.3218,0.8779,2.1069,566.0,37.1449,0.4725,0.6418,643,990,614,932,182.033
12,43.6593,3,1242.0375,685.2632,11322.0,1333.0,205.2894,0.7839,2.9602,578.0,47.7363,0.4804,0.6491,990,1335,614,932,182.033
12,43.6593,4,1464.7817,669.0064,14931.0,1159.0,175.2457,0.5844,1.6673,594.0,41.2991,0.5103,0.6757,1335,1681,614,932,182.033
12,44.0598,1,558.1578,670.5755,11955.0,1700.0,172.8898,0.7625,2.2894,596.0,30.8012,0.638,0.779,297,643,614,932,182.033
12,44.0598,2,757.956,703.7286,19621.0,1603.0,215.4994,0.982,1.7462,573.0,33.3455,0.5498,0.7095,643,990,614,932,182.033
12,44.0598,3,1262.7916,703.4097,11635.0,1841.0,179.4898,0.9085,2.991,613.0,62.5938,0.2505,0.4007,990,1335,614,932,182.033
12,44.0598,4,1502.3759,672.8127,19328.0,2169.0,204.6274,0.6899,1.7969,586.0,42.9616,0.4301,0.6015,1335,1681,614,932,182.033
12,44.4604,1,560.4674,683.1595,10694.0,1544.0,152.7993,0.8395,2.2784,608.0,40.298,0.4882,0.6561,297,643,614,932,182.033
12,44.4604,2,766.6457,700.5329,19056.0,1579.0,197.3099,0.9657,1.7691,585.0,36.6425,0.4887,0.6565,643,990,614,932,182.033
12,44.4604,3,1271.5799,740.6943,11571.0,229.0,210.6649,0.9661,3.6158,616.0,47.3216,0.3623,0.5318,990,1335,614,932,182.033
12,44.4604,4,1520.5731,690.2302,17460.0,578.0,216.2863,0.5957,2.1359,595.0,43.9425,0.4132,0.5848,1335,1681,614,932,182.033
12,44.8609,1,571.5849,654.2602,10147.0,2529.0,165.4332,0.9558,1.9277,565.0,43.6371,0.3698,0.5399,297,643,614,932,182.033
12,44.8609,2,806.7574,676.1682,17565.0,1570.0,253.2642,0.4982,2.833,575.0,49.8845,0.2984,0.4597,643,990,614,932,182.033
12,44.8609,3,1259.6368,692.4967,13927.0,1079.0,181.2873,0.9973,1.8303,583.0,63.4528,0.2818,0.4396,990,1335,614,932,182.033
12,44.8609,4,1539.5532,699.7445,15724.0,154.0,174.456,0.8087,1.7275,606.0,42.0793,0.4552,0.6257,1335,1681,614,932,182.033
12,45.2614,1,523.0561,663.0913,12174.0,2287.0,174.2855,0.8075,2.1884,578.0,66.6157,0.1458,0.2545,297,643,614,932,182.033
12,45.2614,2,863.064,671.979,15163.0,2154.0,238.2517,0.6736,2.5344,564.0,62.2512,0.1838,0.3105,643,990,614,932,182.033
12,45.2614,3,1211.8934,654.7595,11997.0,1586.0,160.3025,0.6146,1.6513,584.0,66.5947,0.2135,0.3519,990,1335,614,932,182.033
12,45.2614,4,1545.256,687.046,13705.0,779.0,142.6628,0.8469,1.3247,590.0,36.2578,0.5142,0.6792,1335,1681,614,932,182.033
12,45.662,1,482.9011,638.0514,13159.0,4298.0,207.4984,0.5009,2.7319,571.0,49.9772,0.3605,0.53,297,643,614,932,182.033
12,45.662,2,884.3444,708.3444,15939.0,1613.0,234.7455,0.8739,2.6442,576.0,55.0318,0.2287,0.3723,643,990,614,932,182.033
12,45.662,3,1171.2977,663.6313,17048.0,1652.0,271.0946,0.3956,3.6863,590.0,55.6677,0.2608,0.4137,990,1335,614,932,182.033
12,45.662,4,1559.8923,673.8882,14441.0,969.0,161.2755,0.6307,1.493,594.0,27.159,0.6063,0.7549,1335,1681,614,932,182.033
12,46.0625,1,428.0703,639.0788,11257.0,3057.0,166.6496,0.5563,2.1997,574.0,63.4232,0.2099,0.3469,297,643,614,932,182.033
12,46.0625,2,910.0342,704.8477,12224.0,1386.0,182.5227,0.8754,2.6502,612.0,34.5909,0.4827,0.6511,643,990,614,932,182.033
12,46.0625,3,1120.9753,659.2693,14685.0,1279.0,238.3471,0.3747,3.1115,593.0,47.7286,0.3895,0.5607,990,1335,614,932,182.033
12,46.0625,4,1564.555,682.8709,15959.0,446.0,200.0121,0.4896,2.066,601.0,33.2303,0.5945,0.7457,1335,1681,614,932,182.033
12,46.4631,1,413.8698,645.076,9266.0,2468.0,122.7239,0.9224,1.5425,571.0,38.9891,0.4322,0.6035,297,643,614,932,182.033
12,46.4631,2,924.5644,701.4302,12432.0,1772.0,230.1193,0.9869,3.1951,568.0,33.2858,0.521,0.6851,643,990,614,932,182.033
12,46.4631,3,1093.2998,671.0578,11877.0,1025.0,166.1969,0.5988,2.034,590.0,43.5502,0.3581,0.5274,990,1335,614,932,182.033
12,46.4631,4,1562.189,682.7404,15476.0,574.0,185.3106,0.5569,1.8571,599.0,23.4851,0.7195,0.8368,1335,1681,614,932,182.033
12,46.8636,1,416.1889,650.2867,8798.0,1976.0,114.9269,0.9456,1.7771,578.0,26.5409,0.5595,0.7176,297,643,614,932,182.033
12,46.8636,2,921.4118,703.9151,11969.0,1719.0,190.793,0.93,3.1069,608.0,22.8611,0.7077,0.8288,643,990,614,932,182.033
12,46.8636,3,1082.8503,683.4836,8556.0,897.0,120.2506,0.7366,1.9148,616.0,39.4492,0.3618,0.5314,990,1335,614,932,182.033
12,46.8636,4,1563.4804,681.2822,14542.0,321.0,185.0368,0.5241,1.9724,604.0,21.3331,0.7294,0.8436,1335,1681,614,932,182.033
12,47.2642,1,393.4371,619.1526,5695.0,2697.0,94.1255,0.3778,1.239,581.0,36.0103,0.3812,0.552,297,643,614,932,182.033
12,47.2642,2,918.1291,707.9002,12199.0,1195.0,193.5789,0.9418,2.652,614.0,36.3849,0.5539,0.7129,643,990,614,932,182.033
12,47.2642,3,1076.3704,691.7233,7786.0,1029.0,133.2305,0.9583,2.9659,607.0,31.7765,0.3348,0.5017,990,1335,614,932,182.033
12,47.2642,4,1564.8878,689.5042,15809.0,1032.0,177.8438,0.8537,1.5903,586.0,34.9896,0.5702,0.7263,1335,1681,614,932,182.033
12,47.6647,1,422.5991,619.0755,9147.0,3779.0,166.1303,0.2885,2.4952,579.0,46.7395,0.4253,0.5968,297,643,614,932,182.033
12,47.6647,2,904.2075,699.0702,12237.0,1771.0,230.2522,0.9374,3.4785,566.0,40.9329,0.468,0.6376,643,990,614,932,182.033
12,47.6647,3,1072.8243,666.5135,8755.0,1558.0,155.4071,0.9841,2.4354,570.0,31.86,0.3762,0.5468,990,1335,614,932,182.033
12,47.6647,4,1563.079,699.2457,15800.0,284.0,198.8291,0.6141,2.1749,617.0,39.0695,0.5186,0.683,1335,1681,614,932,182.033
12,48.0653,1,470.2339,624.6933,10758.0,3855.0,183.9741,0.3485,2.5705,577.0,57.7739,0.3327,0.4993,297,643,614,932,182.033
12,48.0653,2,900.0251,715.025,10978.0,938.0,179.1881,0.907,2.8616,620.0,26.4494,0.6147,0.7614,643,990,614,932,182.033
12,48.0653,3,1084.7137,664.7709,11344.0,1983.0,195.5248,0.9743,2.8343,561.0,37.7892,0.3626,0.5322,990,1335,614,932,182.033
12,48.0653,4,1564.0396,689.5107,16261.0,1090.0,186.2736,0.8033,1.763,587.0,33.8656,0.5867,0.7395,1335,1681,614,932,182.033
12,48.4658,1,521.9903,632.5625,10692.0,3048.0,168.8228,0.3123,2.3218,580.0,63.71,0.2849,0.4434,297,643,614,932,182.033
12,48.4658,2,909.3914,683.9912,9556.0,1814.0,199.9232,0.9727,3.5679,564.0,35.2747,0.4451,0.6161,643,990,614,932,182.033
12,48.4658,3,1118.4151,670.4589,11573.0,1567.0,199.0379,0.8526,2.8008,585.0,50.7724,0.2919,0.4519,990,1335,614,932,182.033
12,48.4658,4,1563.977,686.216,16010.0,630.0,181.6166,0.6065,1.8258,601.0,31.1537,0.628,0.7715,1335,1681,614,932,182.033
12,48.8663,1,546.0633,639.6277,8416.0,2241.0,143.2162,0.6414,2.4366,571.0,58.6197,0.3157,0.4799,297,643,614,932,182.033
12,48.8663,2,913.492,680.6078,9161.0,1583.0,216.2482,0.9803,4.27,571.0,27.0507,0.5987,0.7489,643,990,614,932,182.033
12,48.8663,3,1158.1117,677.9308,12333.0,1503.0,217.869,0.7472,3.2146,587.0,62.8868,0.2044,0.3394,990,1335,614,932,182.033
12,48.8663,4,1555.3534,686.2158,15860.0,758.0,202.6905,0.5188,2.3977,599.0,32.6259,0.5785,0.733,1335,1681,614,932,182.033
12,49.2669,1,554.0847,650.8836,10144.0,2346.0,165.0989,0.8773,2.3965,560.0,42.8128,0.4171,0.5887,297,643,614,932,182.033
12,49.2669,2,909.9847,711.5147,11468.0,457.0,211.3724,0.9999,2.9609,596.0,37.3643,0.4761,0.6451,643,990,614,932,182.033
12,49.2669,3,1204.2528,675.3268,12071.0,1394.0,215.8394,0.6906,3.421,586.0,67.9879,0.1986,0.3313,990,1335,614,932,182.033
12,49.2669,4,1558.8849,682.0816,15503.0,1213.0,201.3848,0.6643,2.1714,584.0,29.3593,0.642,0.782,1335,1681,614,932,182.033
12,49.6674,1,547.0098,678.8076,11894.0,1643.0,190.2762,0.9359,2.5201,568.0,44.6145,0.4419,0.6129,297,643,614,932,182.033
12,49.6674,2,893.6355,667.7469,12237.0,2457.0,208.696,0.9885,2.8006,547.0,49.666,0.3574,0.5266,643,990,614,932,182.033
12,49.6674,3,1239.2921,684.042,11358.0,795.0,180.0837,0.7821,2.499,592.0,64.4275,0.2415,0.389,990,1335,614,932,182.033
12,49.6674,4,1556.3296,700.1056,16133.0,243.0,220.4366,0.5779,2.6321,605.0,32.6085,0.6172,0.7633,1335,1681,614,932,182.033
12,50.068,1,554.6996,668.5621,11978.0,2285.0,177.3727,0.9875,2.1303,563.0,35.2689,0.5595,0.7176,297,643,614,932,182.033
12,50.068,2,882.2221,700.5454,14029.0,1255.0,213.3151,0.9994,2.7665,579.0,38.5799,0.4648,0.6346,643,990,614,932,182.033
12,50.068,3,1258.344,685.4021,9875.0,1006.0,143.2013,0.8217,2.227,611.0,52.7918,0.383,0.5539,990,1335,614,932,182.033
12,50.068,4,1559.6191,694.9547,15540.0,344.0,213.301,0.5997,2.5874,603.0,24.0337,0.714,0.8331,1335,1681,614,932,182.033
12,50.4685,1,555.1195,635.515,10303.0,3459.0,165.3504,0.8688,2.2399,544.0,47.0539,0.4412,0.6123,297,643,614,932,182.033
12,50.4685,2,860.2534,699.6122,14003.0,1273.0,208.7242,0.9753,2.7354,577.0,37.8713,0.4282,0.5996,643,990,614,932,182.033
12,50.4685,3,1259.3116,706.5738,9997.0,0.0,153.4452,0.8013,2.3087,614.0,31.4583,0.5095,0.675,990,1335,614,932,182.033
12,50.4685,4,1555.4739,692.1924,15543.0,500.0,207.6536,0.593,2.4716,602.0,20.7885,0.7906,0.8831,1335,1681,614,932,182.033
12,50.8691,1,534.8474,669.1835,11409.0,1367.0,177.6207,0.6641,2.5526,601.0,44.5711,0.4424,0.6134,297,643,614,932,182.033
12,50.8691,2,823.5425,673.6745,14691.0,3044.0,233.8717,0.9224,2.956,556.0,53.4617,0.2616,0.4147,643,990,614,932,182.033
12,50.8691,3,1255.3315,699.4824,13663.0,1029.0,175.7799,0.8433,2.3267,613.0,29.3897,0.6282,0.7717,990,1335,614,932,182.033
12,50.8691,4,1553.2414,690.5383,15268.0,543.0,206.0006,0.6045,2.4042,598.0,20.7906,0.7539,0.8597,1335,1681,614,932,182.033
12,51.2696,1,536.4929,665.4827,13345.0,2342.0,207.3141,0.8357,2.5492,566.0,60.2108,0.2403,0.3875,297,643,614,932,182.033
12,51.2696,2,796.05,702.4792,16040.0,1744.0,249.4807,0.9356,3.2512,576.0,60.0191,0.2257,0.3682,643,990,614,932,182.033
12,51.2696,3,1253.9056,682.909,16414.0,1329.0,158.7673,0.8992,1.3086,602.0,42.415,0.4517,0.6223,990,1335,614,932,182.033
12,51.2696,4,1544.837,695.6349,15298.0,422.0,206.3655,0.6259,2.4147,600.0,18.935,0.8012,0.8896,1335,1681,614,932,182.033
12,51.6702,1,504.1061,641.0088,13879.0,4304.0,218.4173,0.609,2.7591,556.0,45.8317,0.4267,0.5981,297,643,614,932,182.033
12,51.6702,2,764.1989,683.6198,15935.0,3560.0,248.2286,0.9585,3.0807,554.0,47.6518,0.3886,0.5597,643,990,614,932,182.033
12,51.6702,3,1216.5561,675.4526,14626.0,1364.0,208.2143,0.6263,2.5936,583.0,53.2304,0.296,0.4568,990,1335,614,932,182.033
12,51.6702,4,1539.2218,698.545,15475.0,392.0,202.0679,0.661,2.3779,603.0,22.7795,0.7089,0.8296,1335,1681,614,932,182.033
12,52.0707,1,440.0979,636.8988,13267.0,4019.0,202.9135,0.5785,2.5324,555.0,68.7154,0.179,0.3036,297,643,614,932,182.033
12,52.0707,2,752.1174,709.3215,15393.0,1906.0,241.0716,0.9582,3.2053,577.0,42.3067,0.4528,0.6233,643,990,614,932,182.033
12,52.0707,3,1163.7994,676.3938,17328.0,1497.0,257.835,0.5199,3.2071,584.0,59.7463,0.2238,0.3658,990,1335,614,932,182.033
12,52.0707,4,1532.5734,694.0805,15033.0,438.0,200.0696,0.6279,2.3688,602.0,24.6754,0.7023,0.8251,1335,1681,614,932,182.033
12,52.4712,1,409.5244,652.2952,13521.0,3816.0,216.7171,0.9255,2.5131,532.0,60.515,0.2239,0.3658,297,643,614,932,182.033
12,52.4712,2,737.1543,686.267,14518.0,3011.0,243.4261,0.9833,3.2573,548.0,36.6624,0.4899,0.6576,643,990,614,932,182.033
12,52.4712,3,1112.119,673.064,13711.0,1474.0,227.8851,0.5649,3.0069,584.0,55.4583,0.2652,0.4193,990,1335,614,932,182.033
12,52.4712,4,1521.523,692.1982,15127.0,350.0,196.9807,0.5601,2.2944,604.0,29.1872,0.6156,0.7621,1335,1681,614,932,182.033
12,52.8718,1,397.5366,691.5124,13894.0,2083.0,208.6366,0.9107,2.987,592.0,50.9644,0.3276,0.4935,297,643,614,932,182.033
12,52.8718,2,731.9013,710.5067,13015.0,1738.0,235.9391,0.9587,3.6865,570.0,42.5947,0.4589,0.6291,643,990,614,932,182.033
12,52.8718,3,1087.1871,684.5931,9031.0,683.0,127.4862,0.6534,2.0034,618.0,44.5943,0.2808,0.4385,990,1335,614,932,182.033
12,52.8718,4,1528.0721,679.1895,15780.0,929.0,208.9283,0.5011,2.5782,598.0,32.7099,0.5978,0.7482,1335,1681,614,932,182.033
12,53.2723,1,401.2158,692.838,12708.0,1615.0,204.3666,0.8369,3.2019,591.0,37.4259,0.5096,0.6751,297,643,614,932,182.033
12,53.2723,2,725.2046,690.8333,12223.0,2462.0,243.2335,0.9671,3.8429,558.0,29.0477,0.6493,0.7874,643,990,614,932,182.033
12,53.2723,3,1044.2614,643.2419,4266.0,963.0,57.0655,0.9344,1.3624,644.0,37.2237,0.3167,0.481,990,1335,614,932,182.033
12,53.2723,4,1551.8821,670.905,14713.0,830.0,205.3456,0.4371,2.5145,598.0,37.9464,0.5214,0.6854,1335,1681,614,932,182.033
12,53.6729,1,388.5394,652.4917,12913.0,3964.0,217.0844,0.9964,2.7751,522.0,42.3458,0.4931,0.6605,297,643,614,932,182.033
12,53.6729,2,719.3142,707.7465,12746.0,2116.0,241.2769,0.9836,3.5093,563.0,34.278,0.5327,0.6951,643,990,614,932,182.033
12,53.6729,3,1059.0462,669.7627,8098.0,1051.0,138.0205,0.9821,2.0983,584.0,34.9023,0.3569,0.526,990,1335,614,932,182.033
12,53.6729,4,1559.5469,676.3039,14377.0,709.0,199.1623,0.4905,2.4715,599.0,28.8483,0.6834,0.8119,1335,1681,614,932,182.033
12,54.0734,1,388.2477,704.6846,14927.0,1567.0,217.0163,0.9586,2.7474,591.0,47.6013,0.4534,0.6239,297,643,614,932,182.033
12,54.0734,2,713.2834,702.9636,12213.0,2154.0,237.8544,0.9879,3.3883,563.0,21.8429,0.6887,0.8157,643,990,614,932,182.033
12,54.0734,3,1075.9268,676.4631,9407.0,975.0,159.1111,0.9977,2.2099,592.0,31.923,0.4538,0.6243,990,1335,614,932,182.033
12,54.0734,4,1563.6707,675.1662,13521.0,519.0,187.2925,0.5121,2.3555,602.0,23.2251,0.6871,0.8145,1335,1681,614,932,182.033
12,54.474,1,385.1967,690.8003,15254.0,1575.0,200.8885,0.9674,2.177,591.0,36.4138,0.6172,0.7633,297,643,614,932,182.033
12,54.474,2,721.4506,711.7064,13596.0,1931.0,232.5698,0.9815,3.225,571.0,27.4753,0.5867,0.7395,643,990,614,932,182.033
12,54.474,3,1103.2645,667.32,9994.0,1324.0,167.8262,0.9166,2.137,588.0,41.3104,0.3741,0.5445,990,1335,614,932,182.033
12,54.474,4,1576.9967,664.2475,11679.0,892.0,162.8259,0.6504,1.8737,594.0,26.9147,0.697,0.8214,1335,1681,614,932,182.033
12,54.8745,1,396.0642,645.3511,14866.0,4586.0,204.0576,0.8072,2.0215,529.0,53.3183,0.4191,0.5906,297,643,614,932,182.033
12,54.8745,2,736.6288,707.5569,12123.0,1229.0,220.9654,0.9494,3.4282,582.0,39.683,0.4244,0.5959,643,990,614,932,182.033
12,54.8745,3,1134.8036,666.0918,11040.0,1436.0,173.1044,0.76,2.3978,587.0,54.7925,0.2851,0.4438,990,1335,614,932,182.033
12,54.8745,4,1572.2383,671.9536,11125.0,974.0,152.1694,0.8227,1.7976,591.0,27.1188,0.6285,0.7719,1335,1681,614,932,182.033
12,55.275,1,413.1122,675.9469,14530.0,1991.0,220.1538,0.8305,2.6093,571.0,65.5445,0.2704,0.4256,297,643,614,932,182.033
12,55.275,2,741.3206,675.9765,13243.0,3503.0,229.0907,0.922,3.3402,543.0,41.0299,0.418,0.5895,643,990,614,932,182.033
12,55.275,3,1163.4139,677.7958,12338.0,1197.0,203.6196,0.7641,2.809,590.0,56.4736,0.2988,0.4601,990,1335,614,932,182.033
12,55.275,4,1566.1133,664.7739,11867.0,1992.0,187.9533,0.9055,2.3491,570.0,34.7032,0.5541,0.7131,1335,1681,614,932,182.033
12,55.6756,1,424.2545,684.9966,15078.0,2492.0,232.2333,0.8023,3.1152,575.0,40.8715,0.57,0.7261,297,643,614,932,182.033
12,55.6756,2,733.1485,708.629,14098.0,1752.0,248.1801,0.9356,3.5543,575.0,49.0256,0.3352,0.5021,643,990,614,932,182.033
12,55.6756,3,1177.5954,687.57,12606.0,1034.0,224.331,0.7243,3.3691,592.0,49.1158,0.4469,0.6177,990,1335,614,932,182.033
12,55.6756,4,1544.1264,682.0254,12780.0,1429.0,210.328,0.9106,2.6604,582.0,34.537,0.5234,0.6871,1335,1681,614,932,182.033
12,56.0761,1,489.1228,622.0678,11438.0,4598.0,258.7999,0.3429,4.7763,561.0,55.9344,0.2364,0.3823,297,643,614,932,182.033
12,56.0761,2,718.5219,698.6944,12872.0,1987.0,181.1839,0.9487,2.5153,603.0,37.8779,0.4969,0.6639,643,990,614,932,182.033
12,56.0761,3,1200.2136,678.6934,12365.0,1182.0,219.4005,0.6565,3.3851,590.0,39.2324,0.5251,0.6886,990,1335,614,932,182.033
12,56.0761,4,1525.6252,693.443,12393.0,973.0,192.3752,1.0,2.2852,591.0,34.8288,0.5247,0.6883,1335,1681,614,932,182.033
12,56.4767,1,551.0227,643.9704,11691.0,3620.0,211.627,0.867,2.838,526.0,62.8855,0.0805,0.1491,297,643,614,932,182.033
12,56.4767,2,716.9516,691.0503,14812.0,2110.0,212.1573,0.9953,2.2717,563.0,31.5387,0.6172,0.7633,643,990,614,932,182.033
12,56.4767,3,1228.1396,655.6852,15132.0,4590.0,174.0653,0.9724,1.5752,565.0,49.7398,0.309,0.4721,990,1335,614,932,182.033
12,56.4767,4,1496.8428,660.3008,15581.0,4485.0,240.415,0.9568,2.8948,534.0,44.2143,0.3788,0.5495,1335,1681,614,932,182.033
12,56.8772,1,538.4089,725.8874,8787.0,0.0,161.4335,0.8136,2.8262,631.0,54.8993,0.0835,0.1542,297,643,614,932,182.033
12,56.8772,2,727.0028,696.4417,16783.0,2412.0,214.4212,0.9969,2.072,561.0,27.4908,0.644,0.7835,643,990,614,932,182.033
12,56.8772,3,1249.682,690.7103,12017.0,942.0,159.2896,0.8007,2.1072,612.0,47.9892,0.339,0.5064,990,1335,614,932,182.033
12,56.8772,4,1473.7523,714.7504,16844.0,1763.0,252.1221,0.9344,3.1995,575.0,57.7436,0.1543,0.2673,1335,1681,614,932,182.033
12,57.2778,1,571.1934,691.0527,8660.0,900.0,155.6894,0.8632,2.738,617.0,28.4245,0.4781,0.6469,297,643,614,932,182.033
12,57.2778,2,731.8529,705.9553,20094.0,2015.0,211.7259,1.0,1.8579,570.0,32.618,0.5702,0.7263,643,990,614,932,182.033
12,57.2778,3,1268.6921,690.8503,11065.0,700.0,146.8,0.9418,1.8888,612.0,41.1365,0.3972,0.5686,990,1335,614,932,182.033
12,57.2778,4,1450.6647,725.8009,15420.0,624.0,217.5818,0.9991,2.624,598.0,42.5263,0.3592,0.5286,1335,1681,614,932,182.033
12,57.6783,1,584.5928,618.0479,5450.0,2343.0,145.4546,0.9304,2.9558,549.0,50.7759,0.1764,0.2999,297,643,614,932,182.033
12,57.6783,2,749.7134,701.7474,17995.0,2366.0,219.8463,0.9435,2.3182,570.0,36.7315,0.491,0.6586,643,990,614,932,182.033
12,57.6783,3,1268.9068,661.736,11636.0,822.0,134.4747,0.4572,1.2748,597.0,38.2654,0.447,0.6179,990,1335,614,932,182.033
12,57.6783,4,1453.3872,672.1159,13963.0,2297.0,216.8449,0.8981,2.8119,567.0,37.2431,0.4093,0.5809,1335,1681,614,932,182.033
12,58.0789,1,554.3942,608.7354,4566.0,2614.0,104.4885,0.345,1.7927,573.0,41.9392,0.1869,0.3149,297,643,614,932,182.033
12,58.0789,2,753.4595,693.4632,17069.0,2240.0,232.1139,0.9204,2.3713,569.0,28.4784,0.6401,0.7806,643,990,614,932,182.033
12,58.0789,3,1242.6236,659.4956,18114.0,1670.0,218.6494,0.296,2.0336,586.0,37.6421,0.525,0.6885,990,1335,614,932,182.033
12,58.0789,4,1485.9911,671.1987,14415.0,2429.0,249.0911,0.7615,3.2723,574.0,53.1522,0.354,0.5229,1335,1681,614,932,182.033
12,58.4794,1,504.1253,622.591,10096.0,3970.0,167.6422,0.5128,2.1848,564.0,64.7511,0.1451,0.2534,297,643,614,932,182.033
12,58.4794,2,753.9501,696.7315,15515.0,1521.0,227.8991,0.7802,2.7507,581.0,31.4271,0.6064,0.755,643,990,614,932,182.033
12,58.4794,3,1175.3143,669.2032,16081.0,1071.0,207.8443,0.4758,2.3423,595.0,55.2088,0.2382,0.3848,990,1335,614,932,182.033
12,58.4794,4,1528.0891,674.4591,16515.0,3370.0,274.3184,0.8486,3.8948,553.0,64.5264,0.2444,0.3928,1335,1681,614,932,182.033
12,58.8799,1,488.7985,641.8722,10639.0,2741.0,150.5928,0.8734,1.6571,561.0,44.2298,0.441,0.6121,297,643,614,932,182.033
12,58.8799,2,736.9391,684.7712,12782.0,2692.0,241.6824,0.9373,3.3897,549.0,41.1291,0.4072,0.5787,643,990,614,932,182.033
12,58.8799,3,1125.5929,664.1046,15479.0,1434.0,207.7198,0.4962,2.386,591.0,48.2259,0.3554,0.5244,990,1335,614,932,182.033
12,58.8799,4,1559.0745,692.4701,16466.0,2871.0,264.2224,0.8977,3.6889,560.0,64.7911,0.2351,0.3806,1335,1681,614,932,182.033
12,59.2805,1,458.057,642.348,9363.0,2388.0,137.8027,0.9704,1.6453,568.0,41.7684,0.4418,0.6128,297,643,614,932,182.033
12,59.2805,2,722.9449,711.0814,9458.0,1547.0,133.525,0.9383,2.5883,634.0,39.2967,0.302,0.4638,643,990,614,932,182.033
12,59.2805,3,1100.2417,673.5813,14259.0,1292.0,191.5505,0.6373,2.1792,586.0,44.8644,0.4006,0.572,990,1335,614,932,182.033
12,59.2805,4,1572.5796,703.0004,15841.0,2121.0,251.9627,0.9415,3.4236,568.0,41.3244,0.4669,0.6366,1335,1681,614,932,182.033
12,59.681,1,437.4361,660.1275,11838.0,2719.0,186.5524,0.9959,2.3363,557.0,46.7635,0.4218,0.5934,297,643,614,932,182.033
12,59.681,2,713.819,705.2964,9401.0,1428.0,157.7291,0.9535,3.1987,627.0,24.0508,0.5865,0.7394,643,990,614,932,182.033
12,59.681,3,1092.019,701.0632,13729.0,1026.0,195.5807,0.7189,2.695,608.0,44.9521,0.3527,0.5214,990,1335,614,932,182.033
12,59.681,4,1579.4817,707.2573,16702.0,2245.0,242.5655,0.9902,3.0329,568.0,32.7138,0.5393,0.7007,1335,1681,614,932,182.033
12,60.0816,1,418.187,662.9014,11005.0,2087.0,187.821,0.962,2.3866,561.0,45.2064,0.4448,0.6157,297,643,614,932,182.033
12,60.0816,2,718.1235,657.4141,8290.0,1929.0,191.3853,0.9828,3.2959,566.0,35.1485,0.3758,0.5463,643,990,614,932,182.033
12,60.0816,3,1084.0716,718.9638,12940.0,941.0,214.4404,0.8315,3.3588,607.0,35.8073,0.4363,0.6075,990,1335,614,932,182.033
12,60.0816,4,1572.5261,705.1587,14348.0,641.0,234.1938,0.8934,3.0093,601.0,39.4951,0.4844,0.6526,1335,1681,614,932,182.033
12,60.4821,1,413.5435,663.1217,12173.0,2966.0,197.1437,0.9834,2.7502,549.0,35.6268,0.5765,0.7314,297,643,614,932,182.033
12,60.4821,2,726.4264,658.7048,10346.0,2410.0,196.0562,0.9996,2.8183,558.0,30.5399,0.5487,0.7086,643,990,614,932,182.033
12,60.4821,3,1067.2248,705.9598,10809.0,1284.0,176.7096,0.8848,3.0258,608.0,28.1765,0.525,0.6885,990,1335,614,932,182.033
12,60.4821,4,1573.4235,685.9081,14379.0,2207.0,243.6886,0.8687,3.5585,569.0,33.626,0.5991,0.7493,1335,1681,614,932,182.033
12,60.8827,1,410.369,675.4952,11544.0,2227.0,188.8576,0.9743,2.7792,560.0,27.0376,0.6357,0.7772,297,643,614,932,182.033
12,60.8827,2,739.1586,679.1158,12660.0,1917.0,212.9501,0.9906,2.8172,567.0,37.5788,0.4867,0.6547,643,990,614,932,182.033
12,60.8827,3,1059.9937,712.6506,9439.0,971.0,177.3767,0.9314,3.4913,607.0,29.4983,0.4932,0.6606,990,1335,614,932,182.033
12,60.8827,4,1587.9667,687.4139,14241.0,2359.0,238.0753,0.8934,3.3672,561.0,41.2248,0.5311,0.6937,1335,1681,614,932,182.033
12,61.2832,1,405.3405,650.5768,12754.0,4327.0,221.5125,0.9791,3.2166,529.0,30.8891,0.624,0.7685,297,643,614,932,182.033
12,61.2832,2,753.6972,703.5482,14476.0,1601.0,241.4525,0.9561,3.2245,578.0,46.0922,0.424,0.5955,643,990,614,932,182.033
12,61.2832,3,1044.0056,705.6741,9464.0,682.0,176.8781,0.9731,3.0208,608.0,27.9149,0.5142,0.6792,990,1335,614,932,182.033
12,61.2832,4,1596.6397,710.4872,13118.0,506.0,220.0078,0.9037,3.1061,600.0,49.8192,0.4091,0.5806,1335,1681,614,932,182.033
12,61.6837,1,411.9215,688.243,13454.0,2370.0,225.1937,0.9836,3.3356,550.0,36.3529,0.5701,0.7262,297,643,614,932,182.033
12,61.6837,2,743.1138,698.0094,15040.0,2371.0,238.1492,0.9688,3.102,562.0,29.6643,0.6269,0.7707,643,990,614,932,182.033
12,61.6837,3,1043.6057,674.0565,10183.0,1472.0,151.7865,0.9858,2.0712,605.0,34.0971,0.5655,0.7225,990,1335,614,932,182.033
12,61.6837,4,1606.5772,696.1861,13003.0,1568.0,156.8145,0.905,2.1061,615.0,40.0366,0.5223,0.6862,1335,1681,614,932,182.033
12,62.0843,1,407.0973,703.0626,12798.0,1070.0,189.9667,0.9911,2.4923,591.0,43.1488,0.4122,0.5837,297,643,614,932,182.033
12,62.0843,2,736.8332,693.6543,13204.0,2105.0,233.1612,0.9388,3.4429,560.0,36.9826,0.5169,0.6816,643,990,614,932,182.033
12,62.0843,3,1045.0965,681.6825,10896.0,1917.0,149.3335,1.0,2.2516,605.0,34.549,0.6375,0.7786,990,1335,614,932,182.033
12,62.0843,4,1618.8469,696.3506,15033.0,1638.0,162.9416,0.9957,1.7957,615.0,41.157,0.4947,0.6619,1335,1681,614,932,182.033
12,62.4848,1,438.2032,629.9213,9915.0,3593.0,188.1114,0.6155,2.8077,566.0,53.8683,0.2646,0.4185,297,643,614,932,182.033
12,62.4848,2,727.751,706.156,13073.0,2177.0,251.2889,0.9758,4.0102,560.0,39.628,0.5108,0.6762,643,990,614,932,182.033
12,62.4848,3,1042.5616,711.7287,11764.0,687.0,186.3625,0.9974,2.6774,608.0,40.5874,0.5029,0.6692,990,1335,614,932,182.033
12,62.4848,4,1608.8793,713.1586,17897.0,1138.0,188.0991,1.0,1.9214,619.0,34.6893,0.6077,0.756,1335,1681,614,932,182.033
12,62.8854,1,509.5837,628.8683,11572.0,3792.0,206.0632,0.4063,2.758,566.0,73.348,0.158,0.2729,297,643,614,932,182.033
12,62.8854,2,715.7966,707.4219,10919.0,1729.0,244.4431,0.9852,4.384,570.0,36.1379,0.4941,0.6614,643,990,614,932,182.033
12,62.8854,3,1058.9655,725.0972,12037.0,44.0,188.4429,0.9309,2.5926,614.0,40.0642,0.4224,0.5939,990,1335,614,932,182.033
12,62.8854,4,1608.4449,720.3421,19083.0,504.0,201.7639,0.9943,1.9205,613.0,30.8881,0.6342,0.7761,1335,1681,614,932,182.033
12,63.2859,1,539.0995,637.0557,10815.0,3152.0,191.7263,0.7654,2.9858,542.0,65.0204,0.2601,0.4128,297,643,614,932,182.033
12,63.2859,2,720.2344,715.2687,10755.0,1013.0,190.8021,0.9508,3.3875,605.0,29.1305,0.616,0.7624,643,990,614,932,182.033
12,63.2859,3,1077.5923,688.9499,9691.0,1354.0,180.0878,0.8943,3.1909,580.0,47.8011,0.1713,0.2924,990,1335,614,932,182.033
12,63.2859,4,1594.704,688.3466,17435.0,1885.0,211.6415,0.8462,2.0393,566.0,42.3842,0.5442,0.7048,1335,1681,614,932,182.033
12,63.6865,1,544.1042,671.8053,9626.0,1021.0,182.5693,0.7784,3.0799,581.0,60.0179,0.2641,0.4178,297,643,614,932,182.033
12,63.6865,2,725.487,698.0395,13205.0,1386.0,171.09,0.9555,2.1304,607.0,41.4521,0.4759,0.6449,643,990,614,932,182.033
12,63.6865,3,1061.9395,652.9535,6759.0,946.0,128.3563,0.8837,1.8947,588.0,26.6366,0.4911,0.6587,990,1335,614,932,182.033
12,63.6865,4,1575.3874,697.5593,18747.0,1766.0,216.6215,0.9509,2.0369,564.0,43.0501,0.575,0.7302,1335,1681,614,932,182.033
12,64.087,1,557.1971,664.8599,11144.0,2484.0,204.9985,0.9261,3.2829,558.0,42.3798,0.4656,0.6353,297,643,614,932,182.033
12,64.087,2,724.8319,684.1843,14326.0,1770.0,146.8931,0.9364,1.5421,609.0,35.0088,0.5407,0.7019,643,990,614,932,182.033
12,64.087,3,1064.4692,654.7134,7948.0,1168.0,128.8252,0.9625,1.6614,588.0,30.8273,0.5187,0.6831,990,1335,614,932,182.033
12,64.087,4,1559.4038,732.6685,19259.0,238.0,225.5859,0.958,2.2513,602.0,49.8164,0.4481,0.6188,1335,1681,614,932,182.033
12,64.4876,1,555.088,687.3636,9486.0,564.0,157.1473,0.8348,2.4703,608.0,40.1941,0.4652,0.635,297,643,614,932,182.033
12,64.4876,2,729.1545,695.432,19046.0,2303.0,213.9201,0.998,1.8721,566.0,34.0025,0.6025,0.7519,643,990,614,932,182.033
12,64.4876,3,1094.559,649.3382,9567.0,1530.0,153.0967,0.7484,1.9302,586.0,45.7227,0.3804,0.5512,990,1335,614,932,182.033
12,64.4876,4,1545.7495,709.3147,17789.0,1118.0,225.9165,0.8551,2.4058,590.0,40.4367,0.5142,0.6792,1335,1681,614,932,182.033
12,64.8881,1,559.231,668.5949,11686.0,2670.0,189.1175,0.9619,2.6557,570.0,36.7735,0.5044,0.6706,297,643,614,932,182.033
12,64.8881,2,736.1922,711.9459,21452.0,911.0,219.8124,0.9981,1.7942,587.0,34.9815,0.5667,0.7234,643,990,614,932,182.033
12,64.8881,3,1132.0253,656.1712,11641.0,1820.0,184.3365,0.6337,2.4683,588.0,56.3582,0.2938,0.4542,990,1335,614,932,182.033
12,64.8881,4,1517.9332,669.4873,16631.0,1450.0,226.5838,0.544,2.5566,586.0,42.8158,0.4441,0.615,1335,1681,614,932,182.033
12,65.2886,1,564.2406,652.2586,8777.0,1832.0,153.6422,0.8512,2.3671,579.0,36.5906,0.4905,0.6582,297,643,614,932,182.033
12,65.2886,2,774.0225,697.3218,19124.0,2186.0,206.5656,0.9925,1.8986,559.0,51.3283,0.3524,0.5212,643,990,614,932,182.033
12,65.2886,3,1160.7404,676.4194,12259.0,811.0,176.9125,0.714,2.1945,593.0,60.7098,0.2715,0.4271,990,1335,614,932,182.033
12,65.2886,4,1500.1851,681.2372,17466.0,1611.0,223.2183,0.7397,2.3326,578.0,45.2781,0.4722,0.6415,1335,1681,614,932,182.033
12,65.6892,1,567.366,636.7561,4792.0,1318.0,88.4169,0.9877,1.7536,594.0,39.2307,0.389,0.5601,297,643,614,932,182.033
12,65.6892,2,798.9667,710.1274,20558.0,1035.0,210.9683,0.965,1.8546,583.0,45.8044,0.3976,0.569,643,990,614,932,182.033
12,65.6892,3,1187.4226,680.0347,11844.0,782.0,211.5462,0.662,3.2511,598.0,53.2967,0.362,0.5316,990,1335,614,932,182.033
12,65.6892,4,1487.7734,702.5015,16264.0,332.0,231.9692,0.7037,2.735,600.0,49.0048,0.4102,0.5817,1335,1681,614,932,182.033
12,66.0897,1,561.297,618.6693,4714.0,2233.0,83.2967,0.1105,1.4169,579.0,31.8757,0.2862,0.445,297,643,614,932,182.033
12,66.0897,2,821.854,696.6737,19175.0,1823.0,204.9307,0.9667,1.8913,566.0,41.0146,0.4762,0.6452,643,990,614,932,182.033
12,66.0897,3,1220.963,669.8076,11583.0,966.0,194.6076,0.603,2.8808,593.0,48.0237,0.4563,0.6266,990,1335,614,932,182.033
12,66.0897,4,1485.0278,718.3386,16790.0,360.0,200.1751,0.986,2.0915,599.0,47.5928,0.3793,0.5499,1335,1681,614,932,182.033
12,66.4903,1,536.8673,626.2948,8657.0,3103.0,139.2459,0.5809,1.8075,574.0,42.2977,0.3388,0.5062,297,643,614,932,182.033
12,66.4903,2,826.9385,715.8854,19371.0,719.0,207.7964,0.9616,1.8403,594.0,32.8114,0.5974,0.748,643,990,614,932,182.033
12,66.4903,3,1239.1782,679.6354,10592.0,732.0,159.1492,0.7935,2.2484,595.0,50.3648,0.3725,0.5428,990,1335,614,932,182.033
12,66.4903,4,1475.5762,684.7304,13051.0,952.0,153.1535,0.9753,1.5916,588.0,35.4069,0.4948,0.662,1335,1681,614,932,182.033
12,66.8908,1,503.4209,631.2698,10706.0,3410.0,159.249,0.529,1.9095,575.0,52.4831,0.3853,0.5563,297,643,614,932,182.033
12,66.8908,2,816.7211,698.8341,18072.0,1129.0,212.6756,0.8521,2.1656,588.0,30.5933,0.6173,0.7633,643,990,614,932,182.033
12,66.8908,3,1256.4499,693.1515,9897.0,663.0,140.967,0.8489,2.0816,609.0,44.2333,0.4026,0.5741,990,1335,614,932,182.033
12,66.8908,4,1486.3863,672.3534,13114.0,1412.0,144.3604,0.9847,1.3949,579.0,30.4534,0.571,0.7269,1335,1681,614,932,182.033
12,67.2914,1,487.7599,631.891,10989.0,3477.0,166.8153,0.5191,2.1372,571.0,35.04,0.6021,0.7516,297,643,614,932,182.033
12,67.2914,2,777.1287,679.3121,18556.0,3468.0,246.3789,0.8016,2.4213,549.0,56.0337,0.2576,0.4097,643,990,614,932,182.033
12,67.2914,3,1280.0684,689.1415,8688.0,555.0,131.7296,0.9365,2.1053,614.0,37.5912,0.4716,0.6409,990,1335,614,932,182.033
12,67.2914,4,1502.3776,681.8928,16576.0,1830.0,194.0591,0.8603,1.8659,569.0,47.1781,0.4148,0.5863,1335,1681,614,932,182.033
12,67.6919,1,468.2553,631.3988,6342.0,1967.0,98.6998,0.9884,1.2915,575.0,44.4292,0.3885,0.5596,297,643,614,932,182.033
12,67.6919,2,750.2887,712.8696,16862.0,1402.0,223.9071,0.8246,2.6958,606.0,53.1837,0.2508,0.401,643,990,614,932,182.033
12,67.6919,3,1287.4244,680.4591,7524.0,0.0,124.3905,0.9413,1.8454,614.0,32.3037,0.5679,0.7244,990,1335,614,932,182.033
12,67.6919,4,1539.9494,696.2455,20196.0,1885.0,232.4992,0.8481,1.9547,573.0,61.6294,0.2906,0.4503,1335,1681,614,932,182.033
12,68.0924,1,461.5677,644.1506,9898.0,2984.0,149.7458,0.9889,1.9578,561.0,36.9773,0.5236,0.6873,297,643,614,932,182.033
12,68.0924,2,733.8199,724.2024,18514.0,1118.0,220.7838,0.9411,2.3005,608.0,32.6227,0.5535,0.7126,643,990,614,932,182.033
12,68.0924,3,1278.3412,673.9402,11290.0,713.0,128.1601,0.9611,1.3467,614.0,32.1757,0.5867,0.7396,990,1335,614,932,182.033
12,68.0924,4,1560.2128,705.1918,17475.0,810.0,243.1148,0.7085,2.8764,598.0,43.958,0.4669,0.6366,1335,1681,614,932,182.033
12,68.493,1,455.5325,654.1544,9136.0,1730.0,156.0221,0.9624,2.028,572.0,30.785,0.6365,0.7779,297,643,614,932,182.033
12,68.493,2,736.6195,695.4374,18293.0,2584.0,194.0045,0.8555,1.9919,600.0,33.678,0.5832,0.7367,643,990,614,932,182.033
12,68.493,3,1260.9607,687.533,16402.0,771.0,151.7285,0.9834,1.1922,608.0,40.6461,0.5283,0.6913,990,1335,614,932,182.033
12,68.493,4,1574.4297,689.7624,15078.0,763.0,221.5644,0.6389,2.6726,596.0,29.4844,0.6473,0.7859,1335,1681,614,932,182.033
12,68.8935,1,458.68,650.0426,10938.0,2827.0,175.2747,0.9984,2.2696,550.0,33.0781,0.6616,0.7964,297,643,614,932,182.033
12,68.8935,2,743.2309,715.7742,18352.0,721.0,220.1594,0.8919,2.2893,608.0,31.0279,0.583,0.7366,643,990,614,932,182.033
12,68.8935,3,1220.2095,687.2828,14772.0,716.0,186.2159,0.6637,2.0698,597.0,51.0455,0.3408,0.5083,990,1335,614,932,182.033
12,68.8935,4,1573.5967,701.6995,14526.0,485.0,204.3293,0.6863,2.5965,602.0,26.1439,0.6423,0.7822,1335,1681,614,932,182.033
12,69.2941,1,465.3541,662.1382,9990.0,1748.0,166.9789,0.9992,2.2321,570.0,27.8748,0.6938,0.8192,297,643,614,932,182.033
12,69.2941,2,746.7041,705.8286,20659.0,1005.0,198.0862,0.9637,1.7235,594.0,38.8297,0.4412,0.6122,643,990,614,932,182.033
12,69.2941,3,1172.701,674.1199,15307.0,1130.0,215.0773,0.5319,2.6204,593.0,49.0966,0.374,0.5444,990,1335,614,932,182.033
12,69.2941,4,1576.0863,686.0302,12804.0,631.0,179.4884,0.6451,2.291,600.0,31.7563,0.5894,0.7417,1335,1681,614,932,182.033
12,69.6946,1,460.643,640.0156,12052.0,3715.0,200.6836,0.5602,2.698,575.0,58.6717,0.312,0.4756,297,643,614,932,182.033
12,69.6946,2,778.6776,685.4069,17678.0,2262.0,207.2234,0.8798,2.096,559.0,44.6741,0.4319,0.6033,643,990,614,932,182.033
12,69.6946,3,1125.6072,669.1684,15607.0,1245.0,205.5275,0.4983,2.3683,594.0,49.5397,0.3255,0.4912,990,1335,614,932,182.033
12,69.6946,4,1569.5366,684.2984,13712.0,703.0,184.1718,0.7018,2.2211,600.0,23.8866,0.6438,0.7833,1335,1681,614,932,182.033
12,70.0952,1,425.6792,626.8452,10986.0,3692.0,176.1505,0.3318,2.4099,577.0,45.8795,0.4498,0.6205,297,643,614,932,182.033
12,70.0952,2,807.1489,708.8106,19341.0,920.0,232.9906,0.7884,2.4327,593.0,55.1071,0.3118,0.4754,643,990,614,932,182.033
12,70.0952,3,1091.4719,680.8763,15138.0,1173.0,175.6406,0.8052,1.7689,589.0,43.0393,0.3526,0.5214,990,1335,614,932,182.033
12,70.0952,4,1568.673,676.9419,18148.0,3063.0,192.3602,0.8947,1.6468,580.0,34.9831,0.4954,0.6626,1335,1681,614,932,182.033
12,70.4957,1,417.1667,638.4544,10855.0,2986.0,171.3247,0.5748,2.3072,570.0,44.2504,0.5095,0.6751,297,643,614,932,182.033
12,70.4957,2,854.9015,695.3807,18652.0,1779.0,233.6903,0.7573,2.3483,570.0,54.5057,0.2835,0.4418,643,990,614,932,182.033
12,70.4957,3,1098.7104,680.3544,14146.0,1382.0,180.2138,0.7995,2.1427,592.0,24.9387,0.6067,0.7552,990,1335,614,932,182.033
12,70.4957,4,1572.7761,697.4656,14488.0,571.0,205.749,0.7662,2.554,597.0,38.9661,0.4739,0.6431,1335,1681,614,932,182.033
12,70.8963,1,400.8891,636.2455,10533.0,2993.0,146.6562,0.689,1.7649,564.0,34.9678,0.6392,0.7799,297,643,614,932,182.033
12,70.8963,2,876.7905,711.4267,16317.0,1389.0,210.1767,0.7671,2.72,612.0,47.0356,0.367,0.537,643,990,614,932,182.033
12,70.8963,3,1097.5662,678.9294,11583.0,1216.0,151.1107,0.7593,2.0042,592.0,23.5847,0.6255,0.7696,990,1335,614,932,182.033
12,70.8963,4,1571.5046,707.0214,15132.0,582.0,196.8497,0.9627,2.1851,600.0,36.3166,0.4899,0.6577,1335,1681,614,932,182.033
12,71.2968,1,415.0058,653.0073,12827.0,2610.0,185.8379,0.782,2.1219,559.0,38.9768,0.5298,0.6926,297,643,614,932,182.033
12,71.2968,2,902.0362,712.4589,15303.0,1278.0,235.4953,0.9427,2.8478,584.0,34.9842,0.4851,0.6533,643,990,614,932,182.033
12,71.2968,3,1078.2492,665.7687,7893.0,1004.0,126.7423,0.8955,2.077,588.0,30.0026,0.4498,0.6205,990,1335,614,932,182.033
12,71.2968,4,1569.4713,698.3344,13041.0,689.0,179.0422,0.9794,2.0516,594.0,33.3124,0.5692,0.7254,1335,1681,614,932,182.033
12,71.6973,1,425.7452,663.1512,13660.0,2155.0,183.8583,0.7572,2.1198,590.0,28.2907,0.6652,0.799,297,643,614,932,182.033
12,71.6973,2,913.7602,686.8057,12993.0,2465.0,171.8215,0.8753,2.4053,608.0,34.0496,0.5357,0.6977,643,990,614,932,182.033
12,71.6973,3,1054.3395,652.0106,6995.0,1153.0,133.4413,0.9942,1.8449,588.0,33.2857,0.4303,0.6017,990,1335,614,932,182.033
12,71.6973,4,1571.5155,676.5332,11378.0,1056.0,176.7426,0.9526,2.04,585.0,24.529,0.7056,0.8274,1335,1681,614,932,182.033
12,72.0979,1,431.0394,644.1091,11371.0,3249.0,153.9954,0.8218,1.7658,554.0,51.4841,0.3752,0.5456,297,643,614,932,182.033
12,72.0979,2,916.7494,718.1472,11970.0,1107.0,192.7485,0.9267,2.9049,616.0,38.8611,0.4525,0.6231,643,990,614,932,182.033
12,72.0979,3,1072.4537,651.2526,8897.0,1350.0,139.0126,0.819,1.7027,590.0,40.2392,0.4739,0.6431,990,1335,614,932,182.033
12,72.0979,4,1565.4749,692.3949,11280.0,432.0,146.4533,0.9988,1.6622,598.0,28.2155,0.5982,0.7486,1335,1681,614,932,182.033
12,72.4984,1,453.1798,655.3145,12268.0,2570.0,166.1128,0.9493,1.855,560.0,52.9297,0.4001,0.5715,297,643,614,932,182.033
12,72.4984,2,926.561,704.7755,10785.0,1421.0,233.0486,0.9787,3.9974,577.0,26.368,0.5894,0.7416,643,990,614,932,182.033
12,72.4984,3,1104.333,651.4763,9549.0,1215.0,153.4512,0.6675,1.9903,592.0,52.1775,0.3905,0.5616,990,1335,614,932,182.033
12,72.4984,4,1550.4643,683.716,12785.0,1480.0,189.6797,0.9996,2.3458,578.0,33.2684,0.5026,0.6689,1335,1681,614,932,182.033
12,72.899,1,468.7305,679.615,14588.0,1862.0,200.8039,0.8325,2.2375,572.0,42.8005,0.4461,0.617,297,643,614,932,182.033
12,72.899,2,926.0317,685.9729,10155.0,1897.0,235.1701,0.9714,3.8236,568.0,25.4267,0.6484,0.7867,643,990,614,932,182.033
12,72.899,3,1133.6038,666.4497,13304.0,1776.0,209.5556,0.711,2.7805,575.0,60.2081,0.3037,0.4659,990,1335,614,932,182.033
12,72.899,4,1530.402,688.3363,11765.0,809.0,178.176,0.9855,2.2063,590.0,36.9172,0.5068,0.6727,1335,1681,614,932,182.033
12,73.2995,1,477.3629,669.2971,13685.0,2966.0,193.1201,0.8679,2.3779,572.0,40.0125,0.532,0.6945,297,643,614,932,182.033
12,73.2995,2,907.57,722.27,10774.0,480.0,225.9615,0.9598,3.9187,598.0,40.6678,0.444,0.6149,643,990,614,932,182.033
12,73.2995,3,1169.6362,671.6937,13179.0,1325.0,228.4403,0.633,3.2643,591.0,65.7763,0.2871,0.4461,990,1335,614,932,182.033
12,73.2995,4,1519.262,699.0562,15081.0,1061.0,205.7583,0.9364,2.1644,591.0,43.6611,0.4656,0.6354,1335,1681,614,932,182.033
12,73.7001,1,514.9461,629.6828,11049.0,4355.0,211.1875,0.409,3.4535,565.0,50.0353,0.299,0.4603,297,643,614,932,182.033
12,73.7001,2,910.1838,686.3942,10481.0,1598.0,204.5344,0.9818,3.3547,564.0,43.8121,0.3833,0.5542,643,990,614,932,182.033
12,73.7001,3,1217.573,668.5994,12116.0,1007.0,183.6495,0.6284,2.4608,592.0,67.4632,0.2483,0.3978,990,1335,614,932,182.033
12,73.7001,4,1515.9533,703.3054,14131.0,878.0,197.5393,0.9447,2.3185,592.0,29.4518,0.6526,0.7898,1335,1681,614,932,182.033
12,74.1006,1,557.8069,641.3776,6115.0,1664.0,119.0702,0.8608,2.2686,575.0,51.726,0.165,0.2833,297,643,614,932,182.033
12,74.1006,2,913.7186,677.5216,11395.0,1700.0,202.0263,0.9982,2.7096,562.0,20.6573,0.6977,0.8219,643,990,614,932,182.033
12,74.1006,3,1249.7344,674.274,10482.0,808.0,150.3709,0.8724,1.9143,594.0,57.7484,0.3303,0.4966,990,1335,614,932,182.033
12,74.1006,4,1499.4945,682.5445,11924.0,1361.0,161.1657,0.9248,1.9232,582.0,36.2349,0.4689,0.6384,1335,1681,614,932,182.033
12,74.5011,1,576.3276,624.1775,5391.0,2257.0,128.9402,0.9133,2.5617,563.0,27.8161,0.5578,0.7161,297,643,614,932,182.033
12,74.5011,2,897.6372,694.5881,11721.0,1359.0,218.6304,0.9837,3.1483,576.0,34.9489,0.509,0.6746,643,990,614,932,182.033
12,74.5011,3,1268.5257,681.3458,9011.0,565.0,130.9253,0.9124,1.9201,613.0,46.638,0.4416,0.6126,990,1335,614,932,182.033
12,74.5011,4,1475.9709,672.2695,10352.0,925.0,150.0255,0.9988,1.7221,589.0,32.3891,0.4924,0.6599,1335,1681,614,932,182.033
12,74.9017,1,544.9439,656.088,10653.0,2012.0,183.3514,0.7525,2.7167,573.0,46.2607,0.3971,0.5684,297,643,614,932,182.033
12,74.9017,2,892.5049,668.9992,13307.0,2945.0,227.0737,0.9995,2.9978,553.0,37.7444,0.5541,0.713,643,990,614,932,182.033
12,74.9017,3,1279.8073,686.4625,9062.0,16.0,130.1715,0.9523,1.6954,613.0,28.3994,0.6004,0.7503,990,1335,614,932,182.033
12,74.9017,4,1467.1418,669.2815,12947.0,1438.0,207.8649,0.7226,2.6452,591.0,42.9397,0.4516,0.6222,1335,1681,614,932,182.033
12,75.3022,1,538.9494,654.0159,10476.0,2199.0,171.6318,0.8083,2.3922,567.0,27.242,0.6789,0.8087,297,643,614,932,182.033
12,75.3022,2,875.2333,702.6912,13947.0,1198.0,207.2802,0.9999,2.544,584.0,41.8274,0.4371,0.6084,643,990,614,932,182.033
12,75.3022,3,1263.5048,673.8653,11818.0,803.0,143.4444,0.9988,1.405,593.0,35.9649,0.5213,0.6853,990,1335,614,932,182.033
12,75.3022,4,1457.0213,679.1507,14187.0,1570.0,216.218,0.6509,3.0233,586.0,37.6027,0.5703,0.7264,1335,1681,614,932,182.033
12,75.7028,1,553.6728,651.8734,10081.0,2403.0,148.7156,0.9963,1.8193,561.0,43.1386,0.4588,0.629,297,643,614,932,182.033
12,75.7028,2,862.0758,692.1296,15665.0,2598.0,232.3799,0.9632,2.7723,562.0,39.7098,0.4948,0.662,643,990,614,932,182.033
12,75.7028,3,1249.562,689.2821,16248.0,525.0,152.7146,0.8252,1.3033,608.0,45.5149,0.4472,0.618,990,1335,614,932,182.033
12,75.7028,4,1438.7011,678.783,12971.0,1169.0,178.9637,0.7644,2.2094,592.0,42.4028,0.4546,0.625,1335,1681,614,932,182.033
12,76.1033,1,560.1029,643.5937,9685.0,2783.0,157.3552,0.7976,2.2135,554.0,43.1033,0.4172,0.5888,297,643,614,932,182.033
12,76.1033,2,850.8389,714.307,16244.0,1402.0,241.7006,0.9318,2.9739,583.0,33.6321,0.5417,0.7027,643,990,614,932,182.033
12,76.1033,3,1209.2354,687.5695,15699.0,976.0,186.3346,0.737,1.9466,588.0,50.7525,0.332,0.4985,990,1335,614,932,182.033
12,76.1033,4,1419.7449,679.6667,14189.0,2543.0,199.1798,0.9125,2.3716,577.0,39.6437,0.4705,0.6399,1335,1681,614,932,182.033
12,76.5039,1,563.315,674.1747,12212.0,1971.0,176.4655,0.9401,2.2974,590.0,55.2831,0.287,0.446,297,643,614,932,182.033
12,76.5039,2,854.3076,691.6432,15637.0,1947.0,235.3583,0.884,3.0619,569.0,30.7435,0.6167,0.7629,643,990,614,932,182.033
12,76.5039,3,1161.4638,671.6355,16460.0,1399.0,202.2578,0.5309,2.1442,591.0,49.5891,0.3541,0.523,990,1335,614,932,182.033
12,76.5039,4,1426.6356,703.017,14619.0,612.0,204.3827,0.7947,2.4455,605.0,42.3392,0.4673,0.637,1335,1681,614,932,182.033
12,76.9044,1,558.5321,677.0362,13921.0,1905.0,194.4898,0.9834,2.1745,580.0,40.4274,0.4728,0.642,297,643,614,932,182.033
12,76.9044,2,865.6684,681.4122,13931.0,1946.0,237.2635,0.8166,3.4068,566.0,40.379,0.522,0.6859,643,990,614,932,182.033
12,76.9044,3,1108.3378,665.8605,14542.0,1649.0,194.9392,0.5581,2.2339,588.0,50.6117,0.2982,0.4595,990,1335,614,932,182.033
12,76.9044,4,1441.6537,706.5039,15450.0,531.0,210.8209,0.8091,2.4227,600.0,36.0596,0.5825,0.7362,1335,1681,614,932,182.033
12,77.305,1,500.0204,624.9401,11829.0,4384.0,223.8095,0.4566,3.3131,556.0,62.5908,0.2437,0.3918,297,643,614,932,182.033
12,77.305,2,879.8542,702.7432,12479.0,1295.0,242.2048,0.8544,3.858,583.0,55.3154,0.3503,0.5189,643,990,614,932,182.033
12,77.305,3,1091.8847,683.1501,14018.0,1070.0,169.9925,0.7223,2.0102,594.0,40.5021,0.4155,0.587,990,1335,614,932,182.033
12,77.305,4,1450.2916,699.406,16884.0,1057.0,214.412,0.7935,2.3433,589.0,37.5631,0.5334,0.6957,1335,1681,614,932,182.033
12,77.7055,1,438.454,639.9906,12700.0,2662.0,233.5755,0.3793,3.4261,575.0,68.545,0.1414,0.2478,297,643,614,932,182.033
12,77.7055,2,894.9437,698.4521,11046.0,1593.0,235.1894,0.9028,4.2068,571.0,47.1753,0.4485,0.6193,643,990,614,932,182.033
12,77.7055,3,1084.6775,681.6497,12910.0,1043.0,178.3065,0.7287,2.2753,592.0,22.0555,0.6625,0.797,990,1335,614,932,182.033
12,77.7055,4,1463.2114,685.3846,15664.0,831.0,207.2808,0.6727,2.3612,596.0,36.4479,0.5239,0.6876,1335,1681,614,932,182.033
12,78.106,1,400.8907,631.9911,9787.0,3372.0,172.9949,0.8802,2.4231,536.0,50.1345,0.3003,0.4619,297,643,614,932,182.033
12,78.106,2,902.5651,708.8997,11826.0,1540.0,247.3239,0.9489,3.8306,572.0,36.6346,0.5132,0.6783,643,990,614,932,182.033
12,78.106,3,1079.5859,678.835,11595.0,816.0,179.441,0.7358,2.4807,606.0,21.2356,0.7249,0.8405,990,1335,614,932,182.033
12,78.106,4,1459.5703,675.8732,15110.0,1117.0,213.7362,0.5547,2.438,591.0,31.4766,0.6264,0.7703,1335,1681,614,932,182.033
12,78.5066,1,401.0664,663.861,9663.0,1133.0,157.6496,0.8613,2.2943,577.0,42.9621,0.3541,0.523,297,643,614,932,182.033
12,78.5066,2,906.2791,721.461,11806.0,601.0,233.8997,0.969,3.928,592.0,33.7131,0.5389,0.7004,643,990,614,932,182.033
12,78.5066,3,1072.1868,675.8909,10831.0,874.0,150.7562,0.8052,1.955,607.0,29.5213,0.6107,0.7583,990,1335,614,932,182.033
12,78.5066,4,1448.9074,677.1578,15297.0,1143.0,197.671,0.6208,2.1123,591.0,30.2002,0.6054,0.7542,1335,1681,614,932,182.033
12,78.9071,1,389.6405,641.4806,10718.0,3111.0,165.0604,0.9997,1.758,549.0,39.8224,0.4078,0.5794,297,643,614,932,182.033
12,78.9071,2,904.2766,679.5665,11000.0,2099.0,208.8921,0.9922,3.3101,556.0,42.3377,0.3885,0.5596,643,990,614,932,182.033
12,78.9071,3,1061.5054,666.1129,11067.0,1128.0,127.9354,0.9097,1.3305,608.0,29.4093,0.6104,0.7581,990,1335,614,932,182.033
12,78.9071,4,1445.3448,684.6548,16486.0,1112.0,189.2053,0.6523,1.8437,592.0,22.3091,0.687,0.8145,1335,1681,614,932,182.033
12,79.3077,1,409.8056,661.2252,11100.0,2057.0,146.9027,0.9428,1.7921,578.0,33.9496,0.4869,0.655,297,643,614,932,182.033
12,79.3077,2,877.32,694.7387,12593.0,1530.0,193.9042,0.9942,2.6409,583.0,45.4686,0.3101,0.4734,643,990,614,932,182.033
12,79.3077,3,1068.7576,671.1661,13157.0,1199.0,162.0476,0.6673,1.6869,594.0,35.8579,0.543,0.7038,990,1335,614,932,182.033
12,79.3077,4,1452.9236,695.0604,16344.0,713.0,208.194,0.6705,2.2608,595.0,29.8261,0.6141,0.7609,1335,1681,614,932,182.033
12,79.7082,1,446.523,634.1224,10453.0,3739.0,198.8351,0.6628,2.9975,568.0,48.108,0.3445,0.5124,297,643,614,932,182.033
12,79.7082,2,849.179,682.6976,13551.0,1397.0,203.3181,0.9006,2.592,583.0,49.77,0.2776,0.4345,643,990,614,932,182.033
12,79.7082,3,1095.3617,656.9582,14058.0,1147.0,225.3312,0.4369,2.8063,594.0,37.5332,0.5136,0.6787,990,1335,614,932,182.033
12,79.7082,4,1451.5506,682.7723,14106.0,899.0,156.5088,0.9998,1.4008,594.0,36.7674,0.4571,0.6274,1335,1681,614,932,182.033
12,80.1088,1,486.2463,640.4987,11910.0,3208.0,181.0479,0.6223,2.2372,574.0,67.1064,0.2379,0.3843,297,643,614,932,182.033
12,80.1088,2,804.7347,670.5912,14763.0,3458.0,237.7944,0.8844,3.121,556.0,61.8851,0.2523,0.403,643,990,614,932,182.033
12,80.1088,3,1137.7895,655.1252,15740.0,1486.0,258.9098,0.3716,3.4157,591.0,41.0878,0.509,0.6746,990,1335,614,932,182.033
12,80.1088,4,1470.1896,671.4436,14087.0,823.0,164.6991,0.6364,1.6314,597.0,39.0804,0.4824,0.6508,1335,1681,614,932,182.033
12,80.5093,1,525.7781,644.2806,11464.0,3101.0,192.9905,0.6418,2.884,567.0,60.9099,0.2998,0.4613,297,643,614,932,182.033
12,80.5093,2,779.0156,699.2341,16891.0,1982.0,242.0178,0.9098,2.9629,574.0,58.8054,0.266,0.4202,643,990,614,932,182.033
12,80.5093,3,1190.8358,659.1314,16440.0,1405.0,248.3928,0.3561,2.8979,585.0,49.0918,0.3654,0.5352,990,1335,614,932,182.033
12,80.5093,4,1493.7791,670.9338,15760.0,801.0,185.7223,0.4355,1.8939,599.0,39.0426,0.5186,0.683,1335,1681,614,932,182.033
12,80.9098,1,542.5972,647.9833,10415.0,2519.0,177.2218,0.7679,2.695,565.0,52.5231,0.455,0.6254,297,643,614,932,182.033
12,80.9098,2,766.827,707.7754,14818.0,1692.0,255.1563,0.9336,3.7739,578.0,42.3307,0.4852,0.6534,643,990,614,932,182.033
12,80.9098,3,1219.5541,685.5731,18045.0,1182.0,201.4778,0.6494,1.9745,609.0,49.4798,0.3191,0.4839,990,1335,614,932,182.033
12,80.9098,4,1515.0459,672.6186,15782.0,924.0,180.0199,0.535,1.8137,598.0,32.1384,0.5496,0.7093,1335,1681,614,932,182.033
12,81.3104,1,554.5131,664.7744,10015.0,1755.0,160.1961,0.9355,2.2271,573.0,49.4659,0.3728,0.5431,297,643,614,932,182.033
12,81.3104,2,749.5884,686.244,14535.0,2937.0,241.8231,0.9442,3.4002,553.0,39.621,0.5067,0.6726,643,990,614,932,182.033
12,81.3104,3,1244.9093,710.3068,18564.0,289.0,191.836,0.9149,1.7141,613.0,46.3493,0.3999,0.5713,990,1335,614,932,182.033
12,81.3104,4,1537.9252,680.2776,16907.0,664.0,186.447,0.5416,1.8368,601.0,35.4591,0.5318,0.6944,1335,1681,614,932,182.033
12,81.7109,1,561.8215,643.935,9586.0,2276.0,160.3508,0.8211,2.0595,573.0,46.7279,0.3686,0.5386,297,643,614,932,182.033
12,81.7109,2,735.6528,708.6032,13432.0,1613.0,241.5827,0.9676,3.8714,580.0,46.6993,0.3999,0.5713,643,990,614,932,182.033
12,81.7109,3,1248.9089,685.8134,18131.0,1115.0,188.6038,0.782,1.6426,593.0,37.5797,0.508,0.6737,990,1335,614,932,182.033
12,81.7109,4,1556.2965,677.2474,15738.0,1010.0,186.9115,0.6369,1.8741,595.0,33.5533,0.5624,0.7199,1335,1681,614,932,182.033
12,82.1115,1,531.809,640.6792,11934.0,3134.0,186.7059,0.6271,2.3057,564.0,46.8845,0.4243,0.5958,297,643,614,932,182.033
12,82.1115,2,719.5686,676.386,11247.0,2028.0,217.7933,0.9856,3.33,564.0,34.4398,0.5539,0.7129,643,990,614,932,182.033
12,82.1115,3,1208.3002,661.4361,15528.0,1221.0,209.2649,0.456,2.2499,595.0,44.5582,0.4031,0.5746,990,1335,614,932,182.033
12,82.1115,4,1571.3718,695.6159,17648.0,1199.0,201.3686,0.8357,1.8964,586.0,47.1377,0.4673,0.637,1335,1681,614,932,182.033
12,82.512,1,482.3746,645.9882,12276.0,3272.0,182.7445,0.8928,2.1512,548.0,70.6134,0.2232,0.365,297,643,614,932,182.033
12,82.512,2,729.6898,704.2365,12958.0,1148.0,193.2754,0.9994,2.4875,591.0,28.5024,0.5992,0.7493,643,990,614,932,182.033
12,82.512,3,1157.7391,661.4167,15621.0,1574.0,215.7548,0.4962,2.4216,590.0,48.9991,0.3639,0.5336,990,1335,614,932,182.033
12,82.512,4,1574.785,719.8585,17299.0,264.0,215.1165,0.7562,2.4692,615.0,37.127,0.5362,0.6981,1335,1681,614,932,182.033
12,82.9126,1,459.6023,665.6356,12644.0,1697.0,209.9933,0.6944,2.8585,579.0,56.5803,0.3546,0.5235,297,643,614,932,182.033
12,82.9126,2,751.209,670.8892,10928.0,1354.0,166.5059,0.986,2.0579,585.0,42.9076,0.3552,0.5242,643,990,614,932,182.033
12,82.9126,3,1124.832,668.7771,14368.0,1369.0,197.3757,0.526,2.4811,593.0,43.4763,0.3768,0.5474,990,1335,614,932,182.033
12,82.9126,4,1579.0261,721.589,16592.0,282.0,217.9858,0.8153,2.5007,606.0,23.884,0.6695,0.802,1335,1681,614,932,182.033
12,83.3131,1,431.1745,647.7482,12353.0,3564.0,172.0595,0.8814,2.4137,549.0,43.4406,0.4372,0.6084,297,643,614,932,182.033
12,83.3131,2,786.4398,661.3131,13132.0,2807.0,216.4509,0.8531,2.6877,555.0,49.9111,0.3356,0.5025,643,990,614,932,182.033
12,83.3131,3,1096.6795,676.3245,13733.0,1340.0,176.4425,0.8427,1.9779,586.0,40.3793,0.369,0.5391,990,1335,614,932,182.033
12,83.3131,4,1579.3899,721.0274,17542.0,604.0,219.0704,0.9226,2.3479,599.0,29.2131,0.6434,0.783,1335,1681,614,932,182.033
12,83.7137,1,411.4685,664.1945,10293.0,1597.0,142.9466,0.981,1.7716,579.0,43.7121,0.3077,0.4705,297,643,614,932,182.033
12,83.7137,2,803.9953,681.5116,15053.0,1939.0,234.3124,0.8826,2.7165,563.0,52.4563,0.4052,0.5767,643,990,614,932,182.033
12,83.7137,3,1104.9036,675.3752,14331.0,1823.0,194.7928,0.7443,2.3704,584.0,26.4059,0.5851,0.7382,990,1335,614,932,182.033
12,83.7137,4,1584.1879,709.3217,14583.0,319.0,197.9105,0.7584,2.3818,604.0,32.681,0.6155,0.762,1335,1681,614,932,182.033
12,84.1142,1,390.2215,660.333,13771.0,3830.0,200.24,0.997,2.3775,559.0,37.8852,0.4139,0.5855,297,643,614,932,182.033
12,84.1142,2,800.5793,717.6469,15067.0,792.0,228.4133,0.9643,2.8467,585.0,43.7753,0.4745,0.6436,643,990,614,932,182.033
12,84.1142,3,1110.6005,684.696,13056.0,1138.0,195.9234,0.6872,2.6369,583.0,26.444,0.5717,0.7275,990,1335,614,932,182.033
12,84.1142,4,1585.8059,703.3322,15398.0,818.0,186.5321,0.8678,2.0025,596.0,32.0396,0.6114,0.7588,1335,1681,614,932,182.033
12,84.5147,1,404.5549,652.6711,10006.0,1982.0,153.8546,0.9996,1.8228,568.0,41.0024,0.4303,0.6017,297,643,614,932,182.033
12,84.5147,2,800.2758,696.9174,14392.0,1591.0,230.0806,0.9664,3.0229,569.0,29.897,0.6421,0.782,643,990,614,932,182.033
12,84.5147,3,1092.0227,677.061,11982.0,1804.0,187.5254,0.8611,2.6279,564.0,34.476,0.4634,0.6333,990,1335,614,932,182.033
12,84.5147,4,1598.8534,692.172,17113.0,1739.0,190.3352,1.0,1.795,591.0,40.0848,0.4836,0.652,1335,1681,614,932,182.033
12,84.9153,1,428.4157,650.6272,11542.0,2630.0,159.58,0.8136,1.8487,579.0,43.9016,0.4763,0.6453,297,643,614,932,182.033
12,84.9153,2,805.9159,696.3789,16223.0,2692.0,240.7234,0.975,2.8695,559.0,26.6375,0.67,0.8024,643,990,614,932,182.033
12,84.9153,3,1074.2833,690.0076,10235.0,1758.0,160.2555,0.9179,3.0499,608.0,38.6998,0.3289,0.495,990,1335,614,932,182.033
12,84.9153,4,1601.1293,697.21,13887.0,514.0,161.9658,0.9621,1.6042,597.0,28.1803,0.6106,0.7583,1335,1681,614,932,182.033
12,85.3158,1,468.6518,634.9611,11689.0,3668.0,197.2305,0.5449,2.6835,570.0,56.3981,0.3437,0.5116,297,643,614,932,182.033
12,85.3158,2,802.4494,715.7023,14986.0,785.0,222.9708,0.9567,2.7887,591.0,30.5953,0.6271,0.7708,643,990,614,932,182.033
12,85.3158,3,1066.0738,729.2733,10692.0,721.0,228.0172,0.9823,4.327,587.0,37.3612,0.3212,0.4863,990,1335,614,932,182.033
12,85.3158,4,1599.7085,697.5468,15755.0,897.0,172.7917,0.9684,1.6362,596.0,27.8827,0.6797,0.8093,1335,1681,614,932,182.033
12,85.7164,1,512.1197,645.4534,11320.0,2861.0,160.8934,0.674,2.0211,575.0,71.2139,0.2234,0.3652,297,643,614,932,182.033
12,85.7164,2,814.5082,673.4676,14220.0,2576.0,219.352,0.9249,2.8018,556.0,33.9556,0.5484,0.7083,643,990,614,932,182.033
12,85.7164,3,1047.8528,712.9875,10571.0,748.0,206.7965,0.9678,3.4686,606.0,26.8879,0.5677,0.7243,990,1335,614,932,182.033
12,85.7164,4,1584.982,696.5085,15553.0,699.0,181.6059,0.8287,1.8466,597.0,32.0334,0.5932,0.7447,1335,1681,614,932,182.033
12,86.1169,1,556.289,642.847,8736.0,2378.0,118.3226,0.9877,1.3811,571.0,59.5411,0.2909,0.4506,297,643,614,932,182.033
12,86.1169,2,819.6167,706.3749,15824.0,1783.0,238.6193,0.9354,2.9519,576.0,40.9042,0.4621,0.6321,643,990,614,932,182.033
12,86.1169,3,1047.156,678.2493,11188.0,1956.0,193.5891,0.9997,2.7002,563.0,42.3919,0.4501,0.6208,990,1335,614,932,182.033
12,86.1169,4,1575.018,702.7731,15979.0,533.0,195.8375,0.7123,2.1875,601.0,31.5996,0.5954,0.7464,1335,1681,614,932,182.033
12,86.5175,1,567.3936,637.776,9017.0,2439.0,131.6863,0.8115,1.4847,574.0,37.8966,0.558,0.7163,297,643,614,932,182.033
12,86.5175,2,833.3587,698.368,14447.0,1462.0,238.3612,0.9003,3.2345,578.0,36.6913,0.5589,0.7171,643,990,614,932,182.033
12,86.5175,3,1048.8754,698.8126,11726.0,835.0,164.2169,0.9923,2.2027,606.0,31.3586,0.6158,0.7622,990,1335,614,932,182.033
12,86.5175,4,1568.7438,701.1616,15774.0,521.0,207.1338,0.7011,2.3943,601.0,23.1573,0.6918,0.8178,1335,1681,614,932,182.033
12,86.918,1,541.6894,644.4565,12584.0,2993.0,148.6964,0.928,1.3695,565.0,48.4625,0.4739,0.643,297,643,614,932,182.033
12,86.918,2,848.4131,694.5845,16813.0,2838.0,241.8467,0.9556,3.0105,558.0,34.9803,0.5145,0.6794,643,990,614,932,182.033
12,86.918,3,1050.9037,683.9978,13268.0,958.0,162.6256,0.9999,1.7673,607.0,26.2683,0.642,0.7819,990,1335,614,932,182.033
12,86.918,4,1564.94,701.8089,16048.0,408.0,213.5472,0.669,2.4989,602.0,16.7919,0.8035,0.891,1335,1681,614,932,182.033
12,87.3185,1,506.6727,665.841,13566.0,1883.0,167.2168,0.9661,1.6622,573.0,62.7978,0.3277,0.4937,297,643,614,932,182.033
12,87.3185,2,847.9951,726.632,14828.0,756.0,233.864,0.9791,3.0434,587.0,37.8472,0.5128,0.6779,643,990,614,932,182.033
12,87.3185,3,1073.4593,672.7075,14808.0,1160.0,198.6667,0.6951,2.0272,587.0,38.5719,0.4973,0.6643,990,1335,614,932,182.033
12,87.3185,4,1567.4851,702.7175,15450.0,137.0,212.795,0.5988,2.6263,618.0,20.4047,0.7244,0.8402,1335,1681,614,932,182.033
12,87.7191,1,483.7542,675.4495,15002.0,1629.0,188.7842,0.8253,1.9706,578.0,40.9687,0.489,0.6568,297,643,614,932,182.033
12,87.7191,2,857.9053,693.459,14059.0,1762.0,238.762,0.885,3.6437,569.0,39.9714,0.4534,0.6239,643,990,614,932,182.033
12,87.7191,3,1119.7321,671.6713,15500.0,1312.0,221.9051,0.5974,2.5734,581.0,54.3129,0.327,0.4929,990,1335,614,932,182.033
12,87.7191,4,1568.8437,698.6684,15098.0,407.0,200.8209,0.6369,2.4436,617.0,20.788,0.7293,0.8435,1335,1681,614,932,182.033
12,88.1196,1,458.6278,645.9175,14134.0,3667.0,200.6167,0.6295,2.3917,567.0,45.3739,0.4703,0.6397,297,643,614,932,182.033
12,88.1196,2,870.0119,690.0324,15339.0,2614.0,240.8657,0.9324,3.1532,552.0,35.9831,0.5493,0.7091,643,990,614,932,182.033
12,88.1196,3,1155.872,704.1602,17438.0,866.0,202.5774,0.9367,1.9784,588.0,56.6364,0.2573,0.4093,990,1335,614,932,182.033
12,88.1196,4,1568.0932,698.8503,14980.0,392.0,199.4739,0.6433,2.4122,618.0,13.9376,0.8139,0.8974,1335,1681,614,932,182.033
12,88.5202,1,434.4064,646.1868,9704.0,2043.0,159.0184,0.6422,2.3431,576.0,41.898,0.4634,0.6334,297,643,614,932,182.033
12,88.5202,2,860.6237,735.8687,13768.0,310.0,245.5389,0.9207,3.5804,600.0,45.849,0.4454,0.6163,643,990,614,932,182.033
12,88.5202,3,1175.0563,715.4141,17833.0,501.0,196.6513,0.9644,1.8799,600.0,42.0985,0.4305,0.6019,990,1335,614,932,182.033
12,88.5202,4,1564.9391,703.8467,16102.0,464.0,199.4655,0.7378,2.2219,602.0,23.2382,0.691,0.8173,1335,1681,614,932,182.033
12,88.9207,1,405.7483,646.9511,7111.0,2113.0,107.0457,0.8671,1.7523,591.0,39.975,0.2596,0.4121,297,643,614,932,182.033
12,88.9207,2,866.7006,706.3995,12998.0,1103.0,241.4896,0.8537,4.0203,580.0,39.5354,0.4721,0.6414,643,990,614,932,182.033
12,88.9207,3,1167.2186,683.6527,16817.0,1258.0,213.7911,0.6628,2.3317,591.0,36.267,0.4837,0.652,990,1335,614,932,182.033
12,88.9207,4,1570.702,708.1293,16518.0,301.0,204.1387,0.771,2.1738,605.0,25.1101,0.6776,0.8078,1335,1681,614,932,182.033
12,89.3213,1,380.1408,630.7134,6749.0,2193.0,99.9676,0.9994,1.2584,574.0,29.2915,0.4696,0.6391,297,643,614,932,182.033
12,89.3213,2,885.9313,680.8414,14358.0,2792.0,235.5876,0.9122,3.2322,545.0,36.2018,0.5235,0.6872,643,990,614,932,182.033
12,89.3213,3,1134.0124,667.9847,16241.0,1508.0,229.8288,0.4346,2.802,591.0,37.7781,0.4742,0.6434,990,1335,614,932,182.033
12,89.3213,4,1565.6734,706.4649,16370.0,519.0,199.26,0.7754,2.2145,603.0,24.3504,0.6821,0.811,1335,1681,614,932,182.033
12,89.7218,1,404.6397,634.404,9872.0,3291.0,150.2121,0.9972,1.8712,549.0,44.2454,0.4014,0.5729,297,643,614,932,182.033
12,89.7218,2,876.4738,731.4429,13171.0,374.0,244.4397,0.8761,3.8682,599.0,51.5319,0.4236,0.5951,643,990,614,932,182.033
12,89.7218,3,1109.2017,673.1058,14449.0,1251.0,197.6437,0.5552,2.4239,591.0,39.4986,0.4262,0.5977,990,1335,614,932,182.033
12,89.7218,4,1568.6401,702.0999,16428.0,466.0,197.1057,0.6958,2.12,616.0,20.2454,0.7452,0.854,1335,1681,614,932,182.033
12,90.1224,1,427.6641,668.4118,12081.0,2011.0,184.2172,0.99,2.3241,564.0,50.6883,0.4099,0.5814,297,643,614,932,182.033
12,90.1224,2,882.4939,707.1773,13647.0,1197.0,239.4655,0.8976,3.6509,581.0,33.4333,0.6046,0.7536,643,990,614,932,182.033
12,90.1224,3,1087.5314,685.2014,12733.0,898.0,156.3976,0.7621,1.7845,590.0,37.3224,0.3883,0.5593,990,1335,614,932,182.033
12,90.1224,4,1569.488,704.3461,15874.0,319.0,196.345,0.6778,2.2298,615.0,16.6685,0.789,0.8821,1335,1681,614,932,182.033
12,90.5229,1,444.0607,670.1854,12351.0,2146.0,200.9505,0.9971,2.5508,559.0,45.2651,0.4879,0.6559,297,643,614,932,182.033
12,90.5229,2,878.9375,682.3119,13668.0,2676.0,253.0012,0.9019,3.7912,553.0,47.5728,0.4214,0.5929,643,990,614,932,182.033
12,90.5229,3,1081.6655,699.4928,9340.0,499.0,120.0919,0.8322,1.7391,616.0,31.83,0.4054,0.5769,990,1335,614,932,182.033
12,90.5229,4,1575.1263,707.9322,16142.0,385.0,194.6215,0.7265,2.2075,617.0,28.9544,0.6357,0.7773,1335,1681,614,932,182.033
12,90.9234,1,459.1963,664.375,13127.0,2982.0,206.1265,0.9358,2.7012,554.0,44.0448,0.4803,0.649,297,643,614,932,182.033
12,90.9234,2,868.2655,708.7414,13316.0,779.0,234.7502,0.7666,3.4758,590.0,42.8675,0.4304,0.6018,643,990,614,932,182.033
12,90.9234,3,1062.5756,696.3935,6650.0,514.0,114.0057,0.9388,2.3317,617.0,26.1559,0.3949,0.5662,990,1335,614,932,182.033
12,90.9234,4,1581.0166,708.0453,16277.0,388.0,196.936,0.722,2.1771,617.0,22.7142,0.6944,0.8196,1335,1681,614,932,182.033
12,91.324,1,480.756,634.9002,13693.0,5335.0,208.801,0.9884,2.6024,519.0,52.4471,0.3606,0.5301,297,643,614,932,182.033
12,91.324,2,879.9725,699.6919,12582.0,1156.0,227.2755,0.8448,3.6717,585.0,32.0552,0.5488,0.7087,643,990,614,932,182.033
12,91.324,3,1041.5434,646.856,3903.0,775.0,49.661,0.5545,1.3909,601.0,27.9137,0.3435,0.5113,990,1335,614,932,182.033
12,91.324,4,1573.9434,702.3685,15885.0,464.0,205.851,0.6496,2.3884,604.0,31.5155,0.6039,0.7531,1335,1681,614,932,182.033
12,91.7245,1,477.3446,669.0375,15434.0,3446.0,230.208,0.9427,2.7684,558.0,43.3109,0.469,0.6385,297,643,614,932,182.033
12,91.7245,2,894.9276,683.9959,12649.0,2329.0,236.4822,0.8646,3.5811,557.0,39.8369,0.4998,0.6665,643,990,614,932,182.033
12,91.7245,3,1057.1241,633.9139,5804.0,1449.0,111.6124,0.7675,1.5599,588.0,35.9411,0.3851,0.5561,990,1335,614,932,182.033
12,91.7245,4,1567.4797,702.7297,16648.0,841.0,207.5122,0.6491,2.5143,616.0,23.5976,0.6482,0.7865,1335,1681,614,932,182.033
12,92.1251,1,451.1932,648.8984,15859.0,5516.0,245.8532,0.8005,2.9834,538.0,48.2833,0.4326,0.6039,297,643,614,932,182.033
12,92.1251,2,904.7206,711.0739,10937.0,1004.0,215.9845,0.898,3.5322,585.0,52.5039,0.3341,0.5009,643,990,614,932,182.033
12,92.1251,3,1091.7881,641.3961,9733.0,1698.0,184.9199,0.4432,2.7434,593.0,57.4024,0.301,0.4628,990,1335,614,932,182.033
12,92.1251,4,1568.3903,717.688,16739.0,125.0,217.5498,0.7313,2.547,615.0,33.5487,0.5785,0.733,1335,1681,614,932,182.033
12,92.5256,1,415.6053,637.1538,14798.0,5619.0,230.3343,0.8552,3.0765,520.0,57.8538,0.3351,0.5019,297,643,614,932,182.033
12,92.5256,2,911.5936,716.8186,10903.0,972.0,227.0873,0.9394,3.5929,587.0,36.4327,0.5474,0.7075,643,990,614,932,182.033
12,92.5256,3,1152.2605,646.1466,12017.0,1842.0,215.4465,0.4097,2.9239,592.0,71.6597,0.2281,0.3715,990,1335,614,932,182.033
12,92.5256,4,1579.8274,707.4918,16333.0,653.0,200.0588,0.7141,2.2808,619.0,26.275,0.6345,0.7764,1335,1681,614,932,182.033
12,92.9262,1,400.3716,687.2912,14135.0,2504.0,212.8105,0.9975,2.9178,563.0,57.709,0.2495,0.3994,297,643,614,932,182.033
12,92.9262,2,918.2427,709.5502,9731.0,721.0,203.6949,0.9902,3.8458,590.0,39.9416,0.4443,0.6152,643,990,614,932,182.033
12,92.9262,3,1205.7457,654.4065,11706.0,1050.0,183.1222,0.4125,2.4774,595.0,71.0995,0.2273,0.3704,990,1335,614,932,182.033
12,92.9262,4,1579.054,700.3586,16414.0,922.0,195.542,0.7607,2.099,595.0,28.3693,0.6556,0.792,1335,1681,614,932,182.033
12,93.3267,1,401.3976,681.5836,14667.0,3080.0,215.7973,0.9988,2.8034,550.0,32.4999,0.5686,0.7249,297,643,614,932,182.033
12,93.3267,2,907.1724,675.8708,11380.0,1815.0,203.0544,0.9982,2.6325,564.0,45.046,0.3573,0.5265,643,990,614,932,182.033
12,93.3267,3,1239.5804,667.1416,9965.0,770.0,146.1061,0.725,1.991,595.0,59.396,0.2916,0.4516,990,1335,614,932,182.033
12,93.3267,4,1577.6433,703.5955,16221.0,422.0,207.2814,0.7272,2.2897,602.0,27.9437,0.6746,0.8057,1335,1681,614,932,182.033
12,93.7272,1,411.214,655.224,16113.0,5541.0,237.2646,0.99,3.002,524.0,35.5502,0.5074,0.6732,297,643,614,932,182.033
12,93.7272,2,878.0652,693.9545,12962.0,1459.0,214.0841,0.9954,2.6934,575.0,46.8783,0.3234,0.4888,643,990,614,932,182.033
12,93.7272,3,1259.0274,671.9368,8930.0,721.0,137.6137,0.9063,1.9216,594.0,45.7393,0.4412,0.6122,990,1335,614,932,182.033
12,93.7272,4,1573.5766,700.2823,15334.0,763.0,205.7902,0.6913,2.4977,598.0,28.8396,0.6511,0.7887,1335,1681,614,932,182.033
12,94.1278,1,422.9666,707.8899,15266.0,1590.0,227.6385,0.9932,2.9265,568.0,47.6814,0.3954,0.5667,297,643,614,932,182.033
12,94.1278,2,860.6228,700.8252,15373.0,1799.0,236.4267,0.9912,3.0377,574.0,47.7206,0.4033,0.5748,643,990,614,932,182.033
12,94.1278,3,1256.635,680.8409,10334.0,373.0,133.9684,0.8274,1.6745,600.0,29.0537,0.6061,0.7548,990,1335,614,932,182.033
12,94.1278,4,1573.0779,697.4667,14953.0,680.0,189.7911,0.6629,2.233,600.0,23.7456,0.718,0.8359,1335,1681,614,932,182.033
12,94.5283,1,427.0546,684.0004,13526.0,2095.0,232.2078,0.952,3.2191,569.0,47.1307,0.4174,0.589,297,643,614,932,182.033
12,94.5283,2,840.7778,703.5273,16485.0,2130.0,235.7328,0.9999,2.6575,569.0,44.9647,0.4752,0.6443,643,990,614,932,182.033
12,94.5283,3,1243.8647,688.7381,11029.0,0.0,156.0052,0.6453,2.1026,614.0,32.196,0.5682,0.7246,990,1335,614,932,182.033
12,94.5283,4,1578.2191,694.8142,14453.0,531.0,182.4637,0.7352,2.1207,602.0,22.7744,0.6691,0.8017,1335,1681,614,932,182.033
12,94.9289,1,420.3817,639.4051,13800.0,5553.0,200.7135,0.7863,2.5249,543.0,50.1114,0.4,0.5714,297,643,614,932,182.033
12,94.9289,2,817.5203,701.4672,17216.0,2334.0,230.1136,0.9889,2.7042,572.0,39.3009,0.4724,0.6416,643,990,614,932,182.033
12,94.9289,3,1252.3231,674.9198,11815.0,443.0,146.0113,0.6724,1.6141,612.0,30.491,0.5777,0.7324,990,1335,614,932,182.033
12,94.9289,4,1580.6508,692.3237,13785.0,723.0,176.6366,0.7859,2.0509,597.0,22.6854,0.6837,0.8122,1335,1681,614,932,182.033
12,95.3294,1,396.3041,648.6122,10773.0,2741.0,158.4876,0.8404,1.9706,558.0,58.1479,0.3322,0.4988,297,643,614,932,182.033
12,95.3294,2,817.6074,701.989,15201.0,1466.0,213.1974,0.9634,2.5983,572.0,28.5826,0.5943,0.7455,643,990,614,932,182.033
12,95.3294,3,1237.6719,674.5636,18454.0,2682.0,189.9072,0.9089,1.555,580.0,36.3618,0.5007,0.6673,990,1335,614,932,182.033
12,95.3294,4,1586.8593,683.2645,12121.0,602.0,162.4049,0.8707,1.8497,599.0,19.4421,0.7272,0.842,1335,1681,614,932,182.033
12,95.73,1,380.1831,662.7327,11906.0,2818.0,170.5192,0.9111,2.4636,587.0,54.8698,0.358,0.5273,297,643,614,932,182.033
12,95.73,2,821.2669,715.2723,16033.0,1627.0,230.4343,0.984,2.7616,575.0,24.3158,0.6599,0.7951,643,990,614,932,182.033
12,95.73,3,1195.1342,676.6703,14915.0,552.0,153.7552,0.7779,1.3627,602.0,50.6816,0.2852,0.4438,990,1335,614,932,182.033
12,95.73,4,1586.1064,691.9243,11019.0,358.0,141.328,0.9451,1.6795,604.0,23.6005,0.6627,0.7971,1335,1681,614,932,182.033
12,96.1305,1,385.8052,711.9194,14213.0,800.0,213.3539,0.9733,2.7905,589.0,39.973,0.4677,0.6373,297,643,614,932,182.033
12,96.1305,2,813.303,716.4056,16074.0,1468.0,229.3258,0.974,2.8968,586.0,38.8019,0.4422,0.6133,643,990,614,932,182.033
12,96.1305,3,1164.4077,684.248,16953.0,1135.0,190.8112,0.6803,1.9708,596.0,38.101,0.4193,0.5908,990,1335,614,932,182.033
12,96.1305,4,1582.4174,691.0646,11399.0,594.0,151.3707,0.9955,1.737,598.0,24.0924,0.6521,0.7895,1335,1681,614,932,182.033
12,96.5311,1,400.7639,678.0364,15885.0,3300.0,216.9661,0.9605,2.4537,555.0,47.3333,0.3461,0.5143,297,643,614,932,182.033
12,96.5311,2,790.7238,695.1123,16677.0,2397.0,241.1927,0.9062,2.9896,569.0,46.8033,0.4153,0.5869,643,990,614,932,182.033
12,96.5311,3,1134.7339,670.3355,15108.0,1494.0,215.4846,0.4717,2.8076,590.0,37.8641,0.4402,0.6113,990,1335,614,932,182.033
12,96.5311,4,1573.4185,678.0605,11876.0,1018.0,147.1444,0.9171,1.633,592.0,33.7881,0.4777,0.6465,1335,1681,614,932,182.033
12,96.9316,1,428.4514,646.6705,13321.0,3676.0,199.8636,0.7757,2.3847,551.0,48.2889,0.367,0.5369,297,643,614,932,182.033
12,96.9316,2,766.3766,698.3204,16532.0,2381.0,248.9183,0.916,3.2444,566.0,51.9265,0.3585,0.5278,643,990,614,932,182.033
12,96.9316,3,1106.1894,674.3282,12601.0,991.0,155.6794,0.5846,1.8559,595.0,43.2974,0.3356,0.5025,990,1335,614,932,182.033
12,96.9316,4,1548.4778,671.0048,12242.0,1042.0,164.4843,0.7358,1.8866,595.0,39.9325,0.4508,0.6214,1335,1681,614,932,182.033
12,97.3321,1,441.8907,668.8177,12849.0,1990.0,231.084,0.6794,3.4441,575.0,53.0526,0.3395,0.5069,297,643,614,932,182.033
12,97.3321,2,749.855,713.2405,14338.0,1588.0,233.1645,0.9781,3.0547,576.0,43.5041,0.4264,0.5979,643,990,614,932,182.033
12,97.3321,3,1066.422,679.4119,8080.0,816.0,124.9007,0.9385,1.9268,592.0,36.9037,0.3083,0.4714,990,1335,614,932,182.033
12,97.3321,4,1519.4371,671.3389,13196.0,1210.0,186.2032,0.6535,2.2507,593.0,46.5311,0.4106,0.5822,1335,1681,614,932,182.033
12,97.7327,1,480.9841,651.5897,12504.0,3391.0,225.3884,0.7254,3.5327,546.0,45.7567,0.3657,0.5356,297,643,614,932,182.033
12,97.7327,2,738.5321,693.8746,14998.0,2695.0,229.9746,0.9943,2.9538,559.0,30.8154,0.597,0.7477,643,990,614,932,182.033
12,97.7327,3,1053.4133,693.4997,5149.0,817.0,82.5764,0.9997,2.4083,627.0,33.2737,0.3098,0.4731,990,1335,614,932,182.033
12,97.7327,4,1490.6582,672.425,14509.0,1703.0,197.6023,0.6754,2.2949,589.0,46.3668,0.4212,0.5927,1335,1681,614,932,182.033
12,98.1332,1,537.2798,647.0747,11784.0,3183.0,206.4469,0.6778,3.1498,553.0,63.2579,0.1336,0.2357,297,643,614,932,182.033
12,98.1332,2,741.9174,708.344,14062.0,999.0,244.3076,0.9871,3.1979,587.0,27.6821,0.6397,0.7802,643,990,614,932,182.033
12,98.1332,3,1046.1443,637.6839,4283.0,919.0,71.9937,0.9853,1.0836,591.0,29.0455,0.3024,0.4644,990,1335,614,932,182.033
12,98.1332,4,1467.9418,680.1172,14490.0,1143.0,196.6715,0.6603,2.3782,594.0,45.8006,0.3936,0.5649,1335,1681,614,932,182.033
12,98.5338,1,562.9029,676.7403,8845.0,1951.0,132.3724,0.8371,2.6295,613.0,58.7938,0.0954,0.1741,297,643,614,932,182.033
12,98.5338,2,748.4725,698.543,14321.0,1832.0,224.6892,0.9319,3.0272,576.0,36.9641,0.5035,0.6698,643,990,614,932,182.033
12,98.5338,3,1068.0983,643.0561,7791.0,1399.0,146.6077,0.6528,2.1714,590.0,45.7368,0.2838,0.4421,990,1335,614,932,182.033
12,98.5338,4,1444.0904,677.2851,13674.0,1461.0,189.0831,0.7172,2.3447,589.0,36.0598,0.4742,0.6433,1335,1681,614,932,182.033
12,98.9343,1,580.1224,713.34,7385.0,457.0,151.9834,0.9429,3.0522,632.0,47.8948,0.2611,0.414,297,643,614,932,182.033
12,98.9343,2,748.9492,703.5705,15007.0,2037.0,237.2736,0.9367,3.2371,566.0,21.0919,0.7411,0.8513,643,990,614,932,182.033
12,98.9343,3,1116.5481,643.5716,10285.0,1988.0,194.2285,0.5242,2.8583,589.0,60.2194,0.2513,0.4016,990,1335,614,932,182.033
12,98.9343,4,1429.2222,680.5204,11793.0,860.0,167.0649,0.739,2.1591,596.0,37.6401,0.5085,0.6742,1335,1681,614,932,182.033
12,99.3349,1,579.8489,669.3265,6313.0,1144.0,122.0116,1.0,2.4668,619.0,51.2582,0.2656,0.4198,297,643,614,932,182.033
12,99.3349,2,740.8748,697.2892,13458.0,1984.0,234.6072,0.9318,3.5059,565.0,31.6132,0.6134,0.7604,643,990,614,932,182.033
12,99.3349,3,1171.7871,652.8402,12581.0,1375.0,206.8795,0.4503,2.6322,596.0,73.2375,0.2051,0.3404,990,1335,614,932,182.033
12,99.3349,4,1419.396,687.5448,11521.0,931.0,154.0459,0.8741,1.9562,594.0,30.0052,0.5142,0.6792,1335,1681,614,932,182.033
12,99.7354,1,557.5247,624.8765,9817.0,4154.0,175.7981,0.9965,2.4775,532.0,52.6954,0.2636,0.4172,297,643,614,932,182.033
12,99.7354,2,724.8362,694.6992,12884.0,2251.0,244.8126,0.9723,3.8276,561.0,40.4433,0.4525,0.623,643,990,614,932,182.033
12,99.7354,3,1216.9591,662.4225,11613.0,828.0,164.3459,0.5586,2.0533,597.0,63.7473,0.2501,0.4001,990,1335,614,932,182.033
12,99.7354,4,1412.3947,684.9389,14687.0,1531.0,181.9735,0.9914,1.8694,580.0,28.4117,0.5541,0.7131,1335,1681,614,932,182.033
12,100.136,1,528.2845,666.7828,13441.0,2744.0,208.6857,0.9794,2.533,555.0,56.119,0.3204,0.4853,297,643,614,932,182.033
12,100.136,2,719.0237,724.537,11361.0,756.0,213.4918,0.9634,3.4732,590.0,36.6426,0.47,0.6395,643,990,614,932,182.033
12,100.136,3,1238.2188,674.1056,10587.0,609.0,145.4123,0.7304,1.941,598.0,50.3014,0.3778,0.5484,990,1335,614,932,182.033
12,100.136,4,1428.7067,697.8902,17336.0,813.0,198.575,0.8404,1.8844,594.0,36.9154,0.478,0.6468,1335,1681,614,932,182.033
12,100.5365,1,511.5969,689.0417,13526.0,1585.0,209.7541,0.9372,2.5789,581.0,44.2004,0.5113,0.6767,297,643,614,932,182.033
12,100.5365,2,716.7712,690.1489,11814.0,1410.0,159.1648,0.9299,2.1357,605.0,34.3778,0.5709,0.7268,643,990,614,932,182.033
12,100.5365,3,1252.3516,672.5787,8623.0,478.0,125.3861,0.8172,1.7229,600.0,38.8309,0.5121,0.6774,990,1335,614,932,182.033
12,100.5365,4,1446.2401,698.687,18133.0,416.0,202.6778,0.8013,1.8292,601.0,36.679,0.5398,0.7011,1335,1681,614,932,182.033
12,100.937,1,520.5112,658.2955,12507.0,3236.0,223.7138,0.8635,3.2209,564.0,34.6183,0.5955,0.7464,297,643,614,932,182.033
12,100.937,2,721.427,674.2348,14615.0,2360.0,200.8213,0.9932,2.0352,561.0,36.7149,0.5603,0.7182,643,990,614,932,182.033
12,100.937,3,1264.0656,674.9379,9211.0,412.0,116.9587,0.8816,1.4292,603.0,33.1434,0.5383,0.6999,990,1335,614,932,182.033
12,100.937,4,1470.8517,699.5247,15457.0,350.0,161.9632,0.9609,1.5248,600.0,37.6861,0.4678,0.6374,1335,1681,614,932,182.033
12,101.3376,1,527.3056,670.5229,11772.0,1666.0,189.1347,0.7176,2.4832,582.0,48.9458,0.3898,0.5609,297,643,614,932,182.033
12,101.3376,2,724.424,697.3986,18387.0,1102.0,179.3128,0.9982,1.4815,606.0,34.9182,0.546,0.7063,643,990,614,932,182.033
12,101.3376,3,1258.8125,675.9193,11398.0,598.0,143.2399,0.6738,1.7367,614.0,33.5353,0.5761,0.731,990,1335,614,932,182.033
12,101.3376,4,1491.6225,689.4123,14430.0,580.0,148.7186,0.8635,1.3872,595.0,36.596,0.4955,0.6627,1335,1681,614,932,182.033
12,101.7381,1,569.5314,651.3878,7173.0,1641.0,139.9197,0.8631,2.5718,571.0,61.5952,0.2476,0.3969,297,643,614,932,182.033
12,101.7381,2,749.1587,697.8215,19372.0,698.0,192.3225,0.9273,1.6779,596.0,34.092,0.5103,0.6758,643,990,614,932,182.033
12,101.7381,3,1248.8991,681.7618,12559.0,321.0,149.1787,0.6629,1.6899,612.0,31.7786,0.6026,0.752,990,1335,614,932,182.033
12,101.7381,4,1507.5646,692.9603,16166.0,861.0,164.7691,0.7575,1.5651,594.0,33.8612,0.5266,0.6899,1335,1681,614,932,182.033
12,102.1387,1,585.8826,660.1013,7342.0,1577.0,171.3549,0.9653,3.4128,563.0,48.3225,0.3706,0.5408,297,643,614,932,182.033
12,102.1387,2,794.538,677.9206,17318.0,1627.0,223.6801,0.6783,2.4148,568.0,51.7522,0.3034,0.4655,643,990,614,932,182.033
12,102.1387,3,1233.627,682.1266,12736.0,492.0,134.4011,0.6938,1.3183,608.0,29.4443,0.5793,0.7336,990,1335,614,932,182.033
12,102.1387,4,1518.5579,689.3941,16475.0,629.0,183.1831,0.653,1.801,599.0,26.8429,0.6575,0.7934,1335,1681,614,932,182.033
12,102.5392,1,578.2575,696.6821,8632.0,1017.0,156.256,0.9515,2.8765,619.0,37.4921,0.4928,0.6602,297,643,614,932,182.033
12,102.5392,2,830.5981,693.9827,17963.0,1323.0,224.3118,0.761,2.1323,575.0,55.7008,0.2696,0.4247,643,990,614,932,182.033
12,102.5392,3,1220.7881,673.5067,15317.0,654.0,205.3649,0.4624,2.3437,601.0,43.3923,0.432,0.6034,990,1335,614,932,182.033
12,102.5392,4,1526.8492,693.5542,18063.0,879.0,208.1483,0.6542,2.1482,596.0,27.4529,0.6472,0.7858,1335,1681,614,932,182.033
12,102.9398,1,567.4651,728.3024,10760.0,168.0,172.5005,0.9576,2.616,610.0,30.9228,0.5193,0.6836,297,643,614,932,182.033
12,102.9398,2,862.553,715.4185,19040.0,484.0,232.8732,0.8289,2.2735,597.0,49.8765,0.3256,0.4912,643,990,614,932,182.033
12,102.9398,3,1204.6105,675.4286,14388.0,953.0,212.3478,0.4861,2.806,597.0,25.1816,0.6404,0.7808,990,1335,614,932,182.033
12,102.9398,4,1526.8034,693.8493,18124.0,756.0,229.2,0.6118,2.5733,598.0,23.1042,0.7162,0.8346,1335,1681,614,932,182.033
12,103.3403,1,568.2981,675.9067,11160.0,1941.0,189.0779,0.9152,2.8106,566.0,50.3097,0.2961,0.4569,297,643,614,932,182.033
12,103.3403,2,882.7646,700.6159,18012.0,1268.0,203.3677,0.8375,2.1071,607.0,38.4193,0.5262,0.6895,643,990,614,932,182.033
12,103.3403,3,1220.2789,678.4889,12386.0,815.0,175.5894,0.5527,2.3127,598.0,29.9171,0.5327,0.6952,990,1335,614,932,182.033
12,103.3403,4,1515.1541,693.647,19550.0,734.0,250.2261,0.5321,2.9434,599.0,29.2622,0.5909,0.7428,1335,1681,614,932,182.033
12,103.7408,1,581.694,658.1343,11748.0,3723.0,216.9154,0.9738,3.3882,529.0,34.0893,0.5492,0.709,297,643,614,932,182.033
12,103.7408,2,895.6378,701.1042,17897.0,1183.0,189.6876,0.9052,1.7955,613.0,24.7497,0.6494,0.7874,643,990,614,932,182.033
12,103.7408,3,1260.479,662.2754,8862.0,835.0,142.7882,0.787,1.8962,597.0,26.5405,0.5323,0.6947,990,1335,614,932,182.033
12,103.7408,4,1494.262,686.2492,18213.0,735.0,245.4427,0.5517,2.8396,596.0,32.4871,0.5837,0.7371,1335,1681,614,932,182.033
12,104.1414,1,571.3107,723.7393,10372.0,351.0,176.5409,0.9361,2.6906,619.0,49.8302,0.3242,0.4897,297,643,614,932,182.033
12,104.1414,2,895.3473,708.2244,18181.0,632.0,215.4545,0.8651,2.2037,612.0,29.0166,0.627,0.7707,643,990,614,932,182.033
12,104.1414,3,1260.7108,672.1936,9380.0,1001.0,150.4348,0.8344,2.1002,589.0,22.5589,0.683,0.8116,990,1335,614,932,182.033
12,104.1414,4,1476.5045,700.5757,18398.0,377.0,214.5409,0.6986,2.164,600.0,35.9778,0.5016,0.6681,1335,1681,614,932,182.033
12,104.5419,1,567.0177,720.8869,15058.0,742.0,215.8379,0.9992,2.7233,597.0,36.4839,0.4569,0.6272,297,643,614,932,182.033
12,104.5419,2,894.9975,707.7263,16984.0,940.0,201.6292,0.9695,1.9767,588.0,27.3537,0.636,0.7775,643,990,614,932,182.033
12,104.5419,3,1256.2473,690.2117,10533.0,566.0,184.9837,0.8347,2.6061,599.0,30.2204,0.6154,0.7619,990,1335,614,932,182.033
12,104.5419,4,1461.8458,690.767,16641.0,544.0,161.3784,0.9962,1.3472,600.0,39.778,0.455,0.6254,1335,1681,614,932,182.033
12,104.9425,1,552.579,640.5017,12114.0,3730.0,164.5856,0.861,1.8015,540.0,53.0613,0.3148,0.4788,297,643,614,932,182.033
12,104.9425,2,887.1417,700.3267,15149.0,943.0,209.7377,0.7848,2.4347,592.0,33.7457,0.4985,0.6654,643,990,614,932,182.033
12,104.9425,3,1239.2732,719.4689,11328.0,259.0,168.2723,0.8827,2.5558,613.0,26.475,0.6175,0.7636,990,1335,614,932,182.033
12,104.9425,4,1467.077,677.6374,15058.0,795.0,169.7087,0.5983,1.6381,598.0,32.9769,0.5407,0.7019,1335,1681,614,932,182.033
12,105.343,1,529.3562,652.2782,15602.0,4170.0,181.975,0.9762,1.7927,542.0,50.4564,0.3893,0.5605,297,643,614,932,182.033
12,105.343,2,881.0302,700.8388,14086.0,978.0,215.3051,0.7104,2.8083,592.0,25.5779,0.6185,0.7643,643,990,614,932,182.033
12,105.343,3,1253.4248,687.14,10725.0,790.0,144.4061,0.9987,1.8052,591.0,36.425,0.3858,0.5567,990,1335,614,932,182.033
12,105.343,4,1484.6888,673.0509,16201.0,913.0,190.2669,0.4892,1.88,597.0,29.6813,0.5818,0.7356,1335,1681,614,932,182.033
12,105.7436,1,527.8121,692.1087,17692.0,1643.0,206.0917,0.9073,2.018,577.0,39.3844,0.5071,0.673,297,643,614,932,182.033
12,105.7436,2,887.4577,684.7388,11306.0,727.0,200.2392,0.6979,2.8412,594.0,19.4813,0.7154,0.8341,643,990,614,932,182.033
12,105.7436,3,1241.0641,675.4085,9603.0,786.0,136.804,0.9983,1.713,592.0,32.1455,0.5047,0.6708,990,1335,614,932,182.033
12,105.7436,4,1505.0074,680.6722,17213.0,698.0,185.2348,0.51,1.7601,600.0,34.5695,0.5113,0.6767,1335,1681,614,932,182.033
12,106.1441,1,534.4849,677.6354,16102.0,2230.0,215.7446,0.8478,2.2733,566.0,25.4444,0.6946,0.8198,297,643,614,932,182.033
12,106.1441,2,867.3376,704.0763,12149.0,500.0,178.7555,0.7771,2.5915,599.0,23.4003,0.6193,0.7649,643,990,614,932,182.033
12,106.1441,3,1221.0176,688.9896,11006.0,616.0,149.8187,0.9896,1.8367,597.0,33.4078,0.4729,0.6421,990,1335,614,932,182.033
12,106.1441,4,1526.7872,684.8789,18674.0,579.0,199.3935,0.5228,1.8545,602.0,28.4123,0.6081,0.7563,1335,1681,614,932,182.033
12,106.5447,1,530.828,669.422,14302.0,2890.0,213.4418,0.8202,2.5704,544.0,37.446,0.485,0.6532,297,643,614,932,182.033
12,106.5447,2,884.671,686.7913,10423.0,634.0,149.3593,0.8563,2.0156,594.0,32.8113,0.4512,0.6218,643,990,614,932,182.033
12,106.5447,3,1208.2983,695.5235,12148.0,560.0,187.5014,0.9335,2.3882,599.0,31.2808,0.5594,0.7175,990,1335,614,932,182.033
12,106.5447,4,1549.6053,681.6902,17399.0,847.0,194.0064,0.522,1.9062,597.0,30.7449,0.5396,0.701,1335,1681,614,932,182.033
12,106.9452,1,556.4113,701.0766,11686.0,1135.0,169.9567,0.895,2.4141,613.0,49.252,0.2206,0.3614,297,643,614,932,182.033
12,106.9452,2,883.2493,670.2178,9878.0,1048.0,136.241,0.9878,1.5654,586.0,34.1913,0.4504,0.6211,643,990,614,932,182.033
12,106.9452,3,1207.9007,674.0151,11934.0,1020.0,209.0607,0.6958,3.0419,595.0,39.4214,0.4854,0.6535,990,1335,614,932,182.033
12,106.9452,4,1564.5746,683.0033,16771.0,645.0,185.4775,0.5897,1.7652,602.0,30.2452,0.592,0.7438,1335,1681,614,932,182.033
12,107.3457,1,578.4052,696.1469,12442.0,974.0,205.2518,1.0,2.7371,596.0,41.9803,0.4074,0.5789,297,643,614,932,182.033
12,107.3457,2,869.9731,672.9425,9629.0,658.0,138.0155,0.9744,1.6499,593.0,34.2063,0.5266,0.6899,643,990,614,932,182.033
12,107.3457,3,1226.1946,666.3355,11179.0,685.0,159.7508,0.5538,2.0326,599.0,39.33,0.5053,0.6714,990,1335,614,932,182.033
12,107.3457,4,1573.262,697.4425,16829.0,431.0,188.8842,0.6741,1.8953,604.0,30.9401,0.6021,0.7516,1335,1681,614,932,182.033
12,107.7463,1,529.7798,636.8948,13197.0,4241.0,220.795,0.6234,2.7914,556.0,59.4325,0.2436,0.3917,297,643,614,932,182.033
12,107.7463,2,856.8224,695.5818,11496.0,611.0,154.6423,0.9994,1.8774,593.0,36.8462,0.5142,0.6792,643,990,614,932,182.033
12,107.7463,3,1249.5108,675.2089,9543.0,567.0,141.4583,0.7847,1.959,597.0,49.4373,0.3938,0.5651,990,1335,614,932,182.033
12,107.7463,4,1579.9056,703.7299,16319.0,500.0,183.0957,0.7479,1.9058,602.0,24.9804,0.6534,0.7904,1335,1681,614,932,182.033
12,108.1468,1,430.3218,625.4009,13296.0,4998.0,216.7611,0.511,2.8256,541.0,69.3739,0.0797,0.1477,297,643,614,932,182.033
12,108.1468,2,844.822,698.0922,12794.0,950.0,168.0545,0.9998,2.0443,588.0,30.44,0.5879,0.7405,643,990,614,932,182.033
12,108.1468,3,1272.0839,678.0314,7612.0,526.0,119.8191,0.9536,1.9139,601.0,48.7442,0.3786,0.5492,990,1335,614,932,182.033
12,108.1468,4,1590.3548,696.3463,15268.0,516.0,177.8192,0.7856,1.8222,602.0,20.9673,0.6829,0.8116,1335,1681,614,932,182.033
12,108.5474,1,402.4876,670.9641,12425.0,2528.0,176.3187,0.8,2.3535,591.0,61.2842,0.116,0.2079,297,643,614,932,182.033
12,108.5474,2,836.0204,696.3943,12685.0,1053.0,180.1003,0.9536,2.253,585.0,28.3525,0.6077,0.756,643,990,614,932,182.033
12,108.5474,3,1285.3596,682.042,7425.0,410.0,128.5309,0.9649,2.2145,614.0,38.9719,0.4438,0.6148,990,1335,614,932,182.033
12,108.5474,4,1594.1554,693.3141,14015.0,478.0,176.5871,0.7985,1.9334,602.0,21.7211,0.7416,0.8516,1335,1681,614,932,182.033
12,108.9479,1,396.3327,699.8006,11634.0,1336.0,199.7207,0.9035,3.1875,589.0,34.8592,0.4452,0.6161,297,643,614,932,182.033
12,108.9479,2,833.5284,693.42,12661.0,719.0,181.9022,0.9406,2.1603,594.0,26.1149,0.6823,0.8112,643,990,614,932,182.033
12,108.9479,3,1277.7799,653.6201,9800.0,781.0,124.6498,0.5326,1.2932,606.0,41.4956,0.4237,0.5952,990,1335,614,932,182.033
12,108.9479,4,1594.3511,702.062,14139.0,375.0,171.9738,0.7788,1.9018,605.0,21.1661,0.7278,0.8424,1335,1681,614,932,182.033
12,109.3485,1,384.8685,666.6899,14559.0,3156.0,172.8894,0.9708,1.9385,586.0,39.6696,0.4497,0.6204,297,643,614,932,182.033
12,109.3485,2,828.7243,702.8006,14777.0,1274.0,205.9681,0.9367,2.5049,588.0,26.3233,0.6789,0.8087,643,990,614,932,182.033
12,109.3485,3,1253.6955,663.3396,14426.0,896.0,169.2586,0.4842,1.6638,595.0,41.9829,0.5086,0.6742,990,1335,614,932,182.033
12,109.3485,4,1600.1411,700.8731,14416.0,685.0,166.129,0.87,1.7936,599.0,26.7642,0.6388,0.7796,1335,1681,614,932,182.033
12,109.749,1,397.1942,636.9727,13823.0,4726.0,179.7716,0.795,1.7801,537.0,44.6495,0.4341,0.6054,297,643,614,932,182.033
12,109.749,2,831.5509,686.0534,15004.0,1723.0,211.9801,0.812,2.6566,579.0,32.4178,0.5708,0.7268,643,990,614,932,182.033
12,109.749,3,1224.2298,673.0635,17162.0,1198.0,195.7389,0.5619,1.932,589.0,40.2921,0.4657,0.6354,990,1335,614,932,182.033
12,109.749,4,1600.951,701.9513,13299.0,531.0,165.4127,0.8657,1.8674,601.0,19.7374,0.7431,0.8526,1335,1681,614,932,182.033
12,110.1495,1,430.9876,664.0401,16075.0,2832.0,182.5332,0.9847,1.6477,560.0,62.2777,0.3172,0.4816,297,643,614,932,182.033
12,110.1495,2,842.1142,688.7198,14559.0,1393.0,224.8853,0.7367,3.0674,584.0,40.0116,0.5569,0.7154,643,990,614,932,182.033
12,110.1495,3,1186.6689,675.9046,16948.0,1211.0,241.4919,0.495,3.0152,594.0,44.6215,0.4047,0.5762,990,1335,614,932,182.033
12,110.1495,4,1603.2377,706.9972,13205.0,424.0,168.0629,0.8843,1.9523,603.0,19.0029,0.7284,0.8429,1335,1681,614,932,182.033
12,110.5501,1,464.7844,689.4045,17687.0,1901.0,212.0417,0.9138,2.0312,580.0,49.3877,0.4143,0.5859,297,643,614,932,182.033
12,110.5501,2,860.3846,689.9456,13163.0,1047.0,225.2845,0.7153,3.3149,590.0,44.9732,0.4579,0.6282,643,990,614,932,182.033
12,110.5501,3,1137.0694,668.3325,15797.0,1475.0,218.4386,0.4248,2.7548,593.0,45.1291,0.3833,0.5542,990,1335,614,932,182.033
12,110.5501,4,1607.3793,699.7623,12888.0,666.0,168.1755,0.9537,1.9583,599.0,21.6829,0.695,0.8201,1335,1681,614,932,182.033
12,110.9506,1,478.1757,688.1422,15876.0,1501.0,199.2044,0.8562,2.0728,588.0,36.2243,0.5746,0.7299,297,643,614,932,182.033
12,110.9506,2,880.491,684.89,11877.0,1401.0,214.3116,0.7257,3.392,578.0,47.9105,0.4848,0.653,643,990,614,932,182.033
12,110.9506,3,1103.1203,672.7732,14245.0,1062.0,187.0653,0.5056,2.2217,595.0,42.03,0.3859,0.5569,990,1335,614,932,182.033
12,110.9506,4,1610.3421,707.1392,12395.0,562.0,167.3133,0.9527,2.0684,601.0,17.4247,0.7608,0.8641,1335,1681,614,932,182.033
12,111.3512,1,481.0859,659.5362,14665.0,3578.0,213.5481,0.871,2.6781,561.0,32.2569,0.54,0.7013,297,643,614,932,182.033
12,111.3512,2,903.4016,687.9124,9944.0,1326.0,151.7835,0.7325,2.6573,610.0,54.2823,0.3451,0.5131,643,990,614,932,182.033
12,111.3512,3,1093.5116,681.0283,12249.0,1084.0,180.2976,0.6802,2.4334,591.0,30.8266,0.5154,0.6802,990,1335,614,932,182.033
12,111.3512,4,1614.6946,709.1772,12901.0,410.0,170.429,0.9741,2.0292,602.0,21.5058,0.6523,0.7895,1335,1681,614,932,182.033
12,111.7517,1,463.7052,639.1571,9219.0,2177.0,138.8763,0.8008,1.5929,572.0,30.1152,0.5072,0.673,297,643,614,932,182.033
12,111.7517,2,922.5112,687.7198,10766.0,1552.0,147.1824,0.8796,2.2053,617.0,40.046,0.4359,0.6071,643,990,614,932,182.033
12,111.7517,3,1096.9005,681.8819,9686.0,1056.0,133.7898,0.8501,1.9928,589.0,28.2672,0.5098,0.6754,990,1335,614,932,182.033
12,111.7517,4,1610.7286,702.4623,13362.0,706.0,171.5086,0.9892,2.0105,598.0,20.9551,0.7475,0.8555,1335,1681,614,932,182.033
12,112.1523,1,446.9044,616.7776,5743.0,2557.0,86.9285,0.9857,1.1089,566.0,32.1925,0.4659,0.6356,297,643,614,932,182.033
12,112.1523,2,918.5937,704.6861,12445.0,1071.0,183.9164,0.89,2.6119,612.0,27.817,0.6376,0.7787,643,990,614,932,182.033
12,112.1523,3,1081.0532,681.8085,7955.0,610.0,117.2126,0.8917,2.0,599.0,27.4228,0.4605,0.6306,990,1335,614,932,182.033
12,112.1523,4,1604.7499,704.5121,12524.0,540.0,160.1782,0.9925,1.8868,599.0,23.9038,0.7081,0.8291,1335,1681,614,932,182.033
12,112.5528,1,450.8707,650.315,10669.0,2332.0,146.3908,0.9209,1.7443,569.0,43.4854,0.4002,0.5717,297,643,614,932,182.033
12,112.5528,2,912.087,715.511,13395.0,841.0,210.1621,0.9329,2.751,594.0,24.3972,0.6972,0.8216,643,990,614,932,182.033
12,112.5528,3,1068.5118,671.4304,7472.0,1003.0,116.0914,0.9476,1.8191,591.0,26.1494,0.4928,0.6603,990,1335,614,932,182.033
12,112.5528,4,1597.2679,692.9753,11999.0,659.0,145.0867,0.9895,1.6082,597.0,28.9599,0.5789,0.7333,1335,1681,614,932,182.033
12,112.9534,1,453.2026,650.1865,10813.0,2433.0,169.44,0.9034,2.1276,569.0,36.9272,0.5958,0.7467,297,643,614,932,182.033
12,112.9534,2,909.9146,702.6357,11785.0,1300.0,212.6663,0.9092,3.1806,579.0,24.7998,0.6417,0.7817,643,990,614,932,182.033
12,112.9534,3,1075.7386,642.3883,7724.0,1401.0,129.3848,0.6474,1.7653,590.0,41.1955,0.2936,0.4539,990,1335,614,932,182.033
12,112.9534,4,1583.0446,685.3186,11623.0,629.0,145.5387,0.9564,1.6389,599.0,32.2096,0.5185,0.6829,1335,1681,614,932,182.033
12,113.3539,1,468.5655,656.5393,11690.0,2387.0,203.2441,0.7956,2.8172,574.0,44.8038,0.52,0.6842,297,643,614,932,182.033
12,113.3539,2,907.3332,709.9956,10306.0,1184.0,205.6496,0.9688,3.5173,582.0,27.1971,0.5283,0.6913,643,990,614,932,182.033
12,113.3539,3,1117.7732,649.6954,10142.0,1298.0,163.5501,0.5752,2.0434,596.0,58.0602,0.2766,0.4333,990,1335,614,932,182.033
12,113.3539,4,1568.0113,688.5395,11761.0,714.0,158.9967,0.925,1.9188,595.0,34.7288,0.5123,0.6775,1335,1681,614,932,182.033
12,113.7544,1,484.3188,658.4227,12467.0,2543.0,214.0633,0.7041,3.1507,567.0,44.6328,0.5115,0.6768,297,643,614,932,182.033
12,113.7544,2,918.0728,666.6321,7725.0,1167.0,178.8476,0.9973,3.149,579.0,32.9391,0.4667,0.6363,643,990,614,932,182.033
12,113.7544,3,1171.7421,652.2254,12469.0,1461.0,205.4666,0.4368,2.7614,595.0,66.5236,0.2696,0.4247,990,1335,614,932,182.033
12,113.7544,4,1544.2556,688.5669,12293.0,796.0,158.2035,0.9199,1.8549,595.0,38.0245,0.4046,0.5761,1335,1681,614,932,182.033
12,114.155,1,510.6413,660.6421,12199.0,2188.0,201.594,0.6705,3.0449,577.0,53.0773,0.3853,0.5563,297,643,614,932,182.033
12,114.155,2,912.114,667.9535,10457.0,1778.0,189.0037,0.9999,2.8186,567.0,30.2056,0.6335,0.7756,643,990,614,932,182.033
12,114.155,3,1218.5019,660.0236,11555.0,719.0,168.024,0.4994,2.1303,598.0,66.6321,0.2589,0.4113,990,1335,614,932,182.033
12,114.155,4,1519.3359,688.661,13501.0,1159.0,172.3166,0.8197,2.0325,593.0,39.1461,0.4074,0.579,1335,1681,614,932,182.033
12,114.5555,1,536.7618,665.0885,10993.0,1673.0,181.0444,0.8077,2.6529,572.0,53.4755,0.3291,0.4952,297,643,614,932,182.033
12,114.5555,2,899.5691,706.1262,14482.0,1126.0,221.0926,0.9922,2.8162,583.0,37.5504,0.4968,0.6638,643,990,614,932,182.033
12,114.5555,3,1251.1308,672.7297,9625.0,722.0,138.7756,0.8393,1.8497,595.0,54.2749,0.3373,0.5044,990,1335,614,932,182.033
12,114.5555,4,1490.0705,675.7656,13406.0,1035.0,164.0084,0.728,1.7574,595.0,41.6084,0.4125,0.5841,1335,1681,614,932,182.033
12,114.9561,1,550.6629,677.9975,9923.0,1627.0,182.2668,0.9515,3.0534,562.0,44.9398,0.3672,0.5372,297,643,614,932,182.033
12,114.9561,2,884.0519,697.1965,13171.0,1390.0,222.3684,0.9088,3.3645,581.0,39.6335,0.4637,0.6336,643,990,614,932,182.033
12,114.9561,3,1263.2543,681.2225,9559.0,768.0,138.8153,0.9878,1.9436,594.0,48.768,0.4204,0.592,990,1335,614,932,182.033
12,114.9561,4,1468.5832,682.4665,13939.0,1415.0,163.4199,0.8281,1.7688,588.0,35.9947,0.4437,0.6147,1335,1681,614,932,182.033
12,115.3566,1,560.4752,684.5197,10258.0,1354.0,187.5266,0.9232,3.0291,576.0,27.7427,0.575,0.7302,297,643,614,932,182.033
12,115.3566,2,885.771,698.1697,14069.0,1827.0,237.0338,0.8831,3.2946,567.0,31.289,0.6357,0.7773,643,990,614,932,182.033
12,115.3566,3,1273.0424,677.773,9060.0,413.0,118.0638,0.9619,1.5269,613.0,29.7241,0.5908,0.7428,990,1335,614,932,182.033
12,115.3566,4,1454.4225,692.4435,13381.0,995.0,172.713,0.8342,2.057,592.0,35.4207,0.4751,0.6441,1335,1681,614,932,182.033
12,115.7572,1,558.0981,683.0811,10808.0,1538.0,204.6045,0.8891,3.4356,567.0,23.2326,0.6515,0.7889,297,643,614,932,182.033
12,115.7572,2,892.1613,721.2319,12548.0,1095.0,241.7476,0.9206,4.0174,583.0,56.4647,0.3563,0.5254,643,990,614,932,182.033
12,115.7572,3,1264.1951,672.0389,13706.0,821.0,159.1668,0.9954,1.4065,597.0,37.3715,0.5405,0.7017,990,1335,614,932,182.033
12,115.7572,4,1442.9944,695.9859,13292.0,819.0,199.0624,0.8318,2.5123,597.0,28.0466,0.5794,0.7337,1335,1681,614,932,182.033
12,116.1577,1,560.0183,683.1686,10718.0,1435.0,196.5559,0.8764,3.1974,574.0,20.2588,0.7178,0.8357,297,643,614,932,182.033
12,116.1577,2,911.1892,721.2786,10009.0,494.0,208.4461,0.9612,3.7755,596.0,36.5892,0.4629,0.6329,643,990,614,932,182.033
12,116.1577,3,1207.8761,675.3067,15510.0,837.0,168.3747,0.7837,1.5018,593.0,60.254,0.2339,0.3792,990,1335,614,932,182.033
12,116.1577,4,1433.8221,683.5344,12594.0,1144.0,179.0395,0.7866,2.3971,591.0,29.731,0.5971,0.7477,1335,1681,614,932,182.033
12,116.5582,1,560.6678,682.422,10205.0,1270.0,203.0611,0.8587,3.4347,570.0,21.831,0.7033,0.8258,297,643,614,932,182.033
12,116.5582,2,900.2141,695.1564,11800.0,1810.0,223.0394,0.9799,3.6693,564.0,43.8543,0.3727,0.543,643,990,614,932,182.033
12,116.5582,3,1166.6815,675.3757,14718.0,876.0,178.6756,0.6567,1.9364,597.0,45.2365,0.3762,0.5467,990,1335,614,932,182.033
12,116.5582,4,1424.0181,681.2909,12735.0,963.0,177.2751,0.7737,2.1983,595.0,28.2292,0.6507,0.7884,1335,1681,614,932,182.033
12,116.9588,1,562.9009,695.9675,11093.0,1583.0,211.604,0.9367,3.6469,566.0,33.3858,0.5274,0.6906,297,643,614,932,182.033
12,116.9588,2,874.9779,708.6248,12329.0,740.0,189.0424,0.9529,2.781,592.0,47.4245,0.3186,0.4832,643,990,614,932,182.033
12,116.9588,3,1130.3168,662.9032,14746.0,1414.0,195.6987,0.3724,2.358,596.0,41.4531,0.3946,0.5659,990,1335,614,932,182.033
12,116.9588,4,1422.8593,689.9776,11965.0,799.0,163.343,0.8053,2.1174,596.0,27.9258,0.6286,0.772,1335,1681,614,932,182.033
12,117.3593,1,572.7628,689.6961,9854.0,1299.0,206.4862,0.9397,3.6645,572.0,27.6056,0.5963,0.7471,297,643,614,932,182.033
12,117.3593,2,862.3946,693.0063,13064.0,1113.0,172.7255,0.993,2.0435,580.0,42.0569,0.3967,0.568,643,990,614,932,182.033
12,117.3593,3,1098.4147,663.7696,12568.0,1343.0,162.5056,0.5404,1.8964,592.0,40.4576,0.4039,0.5754,990,1335,614,932,182.033
12,117.3593,4,1413.2457,688.8942,12504.0,1315.0,182.9772,0.8777,2.4464,586.0,29.0414,0.598,0.7485,1335,1681,614,932,182.033
12,117.7599,1,574.515,684.2691,10492.0,1225.0,173.5681,0.9545,2.6026,595.0,30.329,0.6094,0.7573,297,643,614,932,182.033
12,117.7599,2,847.0348,693.2758,13695.0,1234.0,192.0271,0.9927,2.323,577.0,42.769,0.4333,0.6047,643,990,614,932,182.033
12,117.7599,3,1083.4912,672.5927,10718.0,1087.0,141.6987,0.7186,1.8293,592.0,32.5961,0.4733,0.6425,990,1335,614,932,182.033
12,117.7599,4,1421.9547,705.4578,13880.0,471.0,197.1263,0.754,2.5409,602.0,32.068,0.5814,0.7353,1335,1681,614,932,182.033
12,118.1604,1,573.2977,665.2152,10410.0,2074.0,152.7711,0.9997,1.9052,576.0,38.3971,0.5426,0.7035,297,643,614,932,182.033
12,118.1604,2,824.3257,715.3845,14661.0,675.0,199.7619,0.9953,2.3852,590.0,43.2815,0.4536,0.6241,643,990,614,932,182.033
12,118.1604,3,1053.2145,653.3875,6211.0,854.0,125.7938,0.9321,2.0285,592.0,28.1602,0.4919,0.6595,990,1335,614,932,182.033
12,118.1604,4,1434.4624,703.5311,15858.0,885.0,209.3701,0.7521,2.473,595.0,33.2768,0.5366,0.6984,1335,1681,614,932,182.033
12,118.561,1,565.7277,649.4143,9918.0,2064.0,129.0787,0.9635,1.4059,579.0,31.0532,0.6187,0.7645,297,643,614,932,182.033
12,118.561,2,816.366,702.5409,15383.0,1746.0,214.2279,0.9941,2.668,568.0,37.8673,0.529,0.692,643,990,614,932,182.033
12,118.561,3,1045.5274,649.6372,5140.0,659.0,110.3529,0.9528,1.8618,597.0,27.786,0.6172,0.7633,990,1335,614,932,182.033
12,118.561,4,1437.6514,683.2154,14892.0,1254.0,201.5442,0.7113,2.3216,589.0,33.6812,0.5671,0.7238,1335,1681,614,932,182.033
12,118.9615,1,556.7695,651.9746,11670.0,2167.0,131.5336,0.9965,1.2147,577.0,29.6945,0.6862,0.8139,297,643,614,932,182.033
12,118.9615,2,814.7403,685.9686,15208.0,1745.0,230.6833,0.9424,2.7648,569.0,31.1147,0.6053,0.7541,643,990,614,932,182.033
12,118.9615,3,1055.2338,644.3811,6895.0,1174.0,104.2896,0.9121,1.3242,591.0,31.7062,0.4713,0.6406,990,1335,614,932,182.033
12,118.9615,4,1445.0423,691.1571,15403.0,911.0,209.5007,0.6346,2.4945,594.0,22.7346,0.6811,0.8103,1335,1681,614,932,182.033
12,119.3621,1,541.2726,668.1272,14877.0,2097.0,163.6919,0.9527,1.5018,573.0,35.4772,0.5948,0.7459,297,643,614,932,182.033
12,119.3621,2,809.435,725.3948,15505.0,763.0,223.5252,0.9825,2.6293,589.0,35.5619,0.5777,0.7323,643,990,614,932,182.033
12,119.3621,3,1085.9414,652.695,8876.0,1084.0,132.3102,0.7767,1.5726,594.0,47.0431,0.3488,0.5172,990,1335,614,932,182.033
12,119.3621,4,1444.4196,701.2774,16097.0,337.0,207.9659,0.7273,2.3119,614.0,27.9647,0.5867,0.7396,1335,1681,614,932,182.033
12,119.7626,1,531.1133,675.4641,15083.0,1694.0,170.4707,0.9175,1.6189,582.0,25.046,0.7125,0.8321,297,643,614,932,182.033
12,119.7626,2,815.3728,713.445,14932.0,613.0,206.3265,0.9175,2.4018,592.0,30.4748,0.622,0.767,643,990,614,932,182.033
12,119.7626,3,1132.0735,649.5926,10561.0,1239.0,170.4882,0.5111,2.1783,597.0,60.9844,0.3121,0.4757,990,1335,614,932,182.033
12,119.7626,4,1434.2881,681.6092,15226.0,909.0,180.1054,0.8042,1.6575,589.0,28.4775,0.6099,0.7577,1335,1681,614,932,182.033
12,120.1631,1,518.5228,677.7111,16329.0,2166.0,179.4643,0.9675,1.6671,568.0,27.2524,0.6584,0.794,297,643,614,932,182.033
12,120.1631,2,824.0164,698.8281,14367.0,1289.0,195.5928,0.9364,2.3995,579.0,30.7171,0.5833,0.7368,643,990,614,932,182.033
12,120.1631,3,1178.0822,656.1097,12248.0,1379.0,189.727,0.5138,2.4469,596.0,64.6854,0.285,0.4436,990,1335,614,932,182.033
12,120.1631,4,1443.4616,694.508,17323.0,687.0,193.2451,0.7213,1.834,594.0,25.0605,0.6641,0.7982,1335,1681,614,932,182.033
12,120.5637,1,510.715,686.0012,16279.0,1799.0,189.003,0.9494,1.884,572.0,20.4891,0.7714,0.871,297,643,614,932,182.033
12,120.5637,2,828.2503,716.3299,14490.0,495.0,192.6679,0.986,2.2477,596.0,33.3101,0.5592,0.7173,643,990,614,932,182.033
12,120.5637,3,1218.635,664.7536,11930.0,1236.0,171.8747,0.6608,2.1785,592.0,61.9825,0.2713,0.4268,990,1335,614,932,182.033
12,120.5637,4,1456.1582,697.2712,16627.0,365.0,190.0287,0.7647,1.898,600.0,25.0425,0.6751,0.8061,1335,1681,614,932,182.033
12,120.9642,1,507.2441,690.3529,16154.0,1485.0,189.2575,0.9504,1.906,580.0,22.3634,0.7176,0.8356,297,643,614,932,182.033
12,120.9642,2,836.9493,708.2052,14899.0,774.0,206.4487,0.9746,2.4791,587.0,27.2805,0.646,0.7849,643,990,614,932,182.033
12,120.9642,3,1250.3757,677.3873,10166.0,695.0,144.2449,0.8451,1.9137,597.0,55.203,0.3047,0.4671,990,1335,614,932,182.033
12,120.9642,4,1470.2241,698.7498,16777.0,560.0,192.105,0.7801,1.9393,598.0,29.4211,0.6319,0.7745,1335,1681,614,932,182.033
12,121.3648,1,501.5234,680.7398,16369.0,2166.0,191.1452,0.8532,1.9596,567.0,29.1877,0.6214,0.7665,297,643,614,932,182.033
12,121.3648,2,845.3008,691.8559,16066.0,2193.0,221.3254,0.9797,2.5626,559.0,29.8493,0.6102,0.758,643,990,614,932,182.033
12,121.3648,3,1268.0837,685.988,8594.0,660.0,133.1613,0.9701,1.9955,597.0,43.4738,0.4196,0.5912,990,1335,614,932,182.033
12,121.3648,4,1481.5732,697.101,17413.0,704.0,210.1215,0.6801,2.3057,598.0,32.6062,0.5729,0.7285,1335,1681,614,932,182.033
12,121.7653,1,505.7358,683.7741,15291.0,1654.0,178.3666,0.9056,1.8653,581.0,30.4699,0.6096,0.7575,297,643,614,932,182.033
12,121.7653,2,838.6324,725.4605,16095.0,680.0,218.822,0.9794,2.5658,590.0,35.3507,0.5499,0.7096,643,990,614,932,182.033
12,121.7653,3,1279.22,683.676,7876.0,349.0,123.8883,0.9671,1.9718,614.0,38.5201,0.5042,0.6704,990,1335,614,932,182.033
12,121.7653,4,1489.2882,691.7973,17164.0,1010.0,205.049,0.7268,2.1427,586.0,23.7985,0.6925,0.8183,1335,1681,614,932,182.033
12,122.1659,1,522.2063,682.5629,15334.0,1712.0,173.3809,0.9935,1.6642,577.0,33.4709,0.5637,0.721,297,643,614,932,182.033
12,122.1659,2,835.5088,702.8954,14738.0,1397.0,222.2391,0.983,2.7976,574.0,32.5715,0.6062,0.7548,643,990,614,932,182.033
12,122.1659,3,1277.8233,676.4825,9983.0,626.0,116.5887,0.9991,1.3424,611.0,33.1755,0.5104,0.6758,990,1335,614,932,182.033
12,122.1659,4,1475.4492,700.9163,18685.0,735.0,198.7425,0.8545,1.9286,588.0,31.8657,0.5385,0.7,1335,1681,614,932,182.033
12,122.5664,1,534.9088,673.1476,14947.0,1961.0,182.4018,0.8546,1.8786,579.0,34.7822,0.5361,0.698,297,643,614,932,182.033
12,122.5664,2,835.2562,701.614,16869.0,2418.0,231.818,0.9865,2.663,557.0,30.8805,0.6222,0.7671,643,990,614,932,182.033
12,122.5664,3,1263.2459,672.7415,12971.0,559.0,138.0966,0.7476,1.2463,601.0,36.9967,0.5045,0.6706,990,1335,614,932,182.033
12,122.5664,4,1480.3772,704.4665,16783.0,195.0,181.1538,0.8649,1.7286,604.0,24.1651,0.6942,0.8195,1335,1681,614,932,182.033
12,122.9669,1,519.9247,647.8615,13765.0,2796.0,229.8144,0.5225,3.0102,578.0,36.4096,0.5125,0.6777,297,643,614,932,182.033
12,122.9669,2,821.5739,723.2696,14944.0,618.0,213.1259,0.9884,2.5615,593.0,32.6972,0.5448,0.7054,643,990,614,932,182.033
12,122.9669,3,1233.5107,666.2277,15605.0,922.0,192.5228,0.4127,1.9965,597.0,39.6303,0.4672,0.6368,990,1335,614,932,182.033
12,122.9669,4,1477.8912,692.3582,16749.0,830.0,175.0973,0.8467,1.5962,592.0,29.8347,0.6432,0.7829,1335,1681,614,932,182.033
12,123.3675,1,495.0601,637.9936,12613.0,3076.0,214.5828,0.4268,2.9018,579.0,32.0482,0.6277,0.7712,297,643,614,932,182.033
12,123.3675,2,816.1252,704.534,16774.0,1423.0,222.8379,0.9254,2.6282,583.0,42.9806,0.3956,0.5669,643,990,614,932,182.033
12,123.3675,3,1172.7151,662.3936,16193.0,1408.0,208.4226,0.4114,2.3157,593.0,47.6517,0.3137,0.4776,990,1335,614,932,182.033
12,123.3675,4,1479.6733,692.1322,15747.0,572.0,176.7678,0.7326,1.7426,600.0,21.9973,0.6995,0.8232,1335,1681,614,932,182.033
12,123.768,1,469.6221,643.3236,10224.0,2453.0,142.3799,0.5639,1.8621,574.0,39.3186,0.4217,0.5932,297,643,614,932,182.033
12,123.768,2,790.6158,678.106,15009.0,2442.0,253.754,0.7885,3.4419,569.0,48.9454,0.3858,0.5568,643,990,614,932,182.033
12,123.768,3,1125.9847,660.6097,14660.0,1397.0,192.0042,0.429,2.2552,594.0,44.4108,0.3637,0.5334,990,1335,614,932,182.033
12,123.768,4,1480.1577,693.6708,15329.0,371.0,187.5535,0.6791,2.019,604.0,22.7121,0.6929,0.8186,1335,1681,614,932,182.033
12,124.1686,1,440.0691,649.3051,9776.0,2285.0,113.1919,0.7577,1.2747,583.0,40.6552,0.3141,0.478,297,643,614,932,182.033
12,124.1686,2,763.2711,689.8779,14494.0,1676.0,225.3705,0.8327,3.0132,573.0,59.5024,0.3067,0.4694,643,990,614,932,182.033
12,124.1686,3,1097.7206,671.8715,13219.0,1032.0,168.6738,0.5894,1.9748,595.0,40.0829,0.3638,0.5335,990,1335,614,932,182.033
12,124.1686,4,1475.0231,693.3038,16594.0,674.0,200.0087,0.6636,2.1027,595.0,16.1985,0.797,0.887,1335,1681,614,932,182.033
12,124.5691,1,450.2527,634.2831,10349.0,3014.0,182.6196,0.5304,2.6383,571.0,44.212,0.4108,0.5824,297,643,614,932,182.033
12,124.5691,2,740.9387,698.827,13414.0,1808.0,232.0903,0.909,3.3318,569.0,50.5181,0.3967,0.568,643,990,614,932,182.033
12,124.5691,3,1080.0296,679.8622,10046.0,1008.0,140.1128,0.8579,1.8858,591.0,29.5912,0.4414,0.6124,990,1335,614,932,182.033
12,124.5691,4,1471.7987,692.7345,16910.0,639.0,203.672,0.6493,2.1902,598.0,21.3586,0.7114,0.8314,1335,1681,614,932,182.033
12,124.9697,1,493.9681,644.8673,12104.0,2282.0,193.4107,0.513,2.5561,571.0,63.1824,0.2395,0.3864,297,643,614,932,182.033
12,124.9697,2,723.183,703.1807,12729.0,1874.0,232.2193,0.9743,3.5219,569.0,39.5369,0.4724,0.6417,643,990,614,932,182.033
12,124.9697,3,1066.7864,674.3618,7219.0,846.0,127.4801,0.9612,2.2908,592.0,25.9025,0.4707,0.6401,990,1335,614,932,182.033
12,124.9697,4,1470.2656,696.6447,17119.0,472.0,216.2093,0.6129,2.3719,602.0,21.7844,0.7245,0.8402,1335,1681,614,932,182.033
12,125.3702,1,529.7803,655.5794,12250.0,2009.0,200.4029,0.6514,2.798,564.0,63.0834,0.2367,0.3828,297,643,614,932,182.033
12,125.3702,2,719.0845,710.4893,11758.0,1764.0,262.8687,0.9783,4.6419,568.0,28.0543,0.6283,0.7718,643,990,614,932,182.033
12,125.3702,3,1061.9699,665.1671,7348.0,898.0,133.5903,0.9432,2.2448,592.0,17.5734,0.6761,0.8068,990,1335,614,932,182.033
12,125.3702,4,1463.6427,695.7478,17310.0,598.0,213.2768,0.6414,2.3522,600.0,21.9317,0.7253,0.8408,1335,1681,614,932,182.033
12,125.7708,1,547.6536,675.1569,11652.0,1745.0,199.3992,0.8553,2.8104,560.0,53.9406,0.316,0.4803,297,643,614,932,182.033
12,125.7708,2,724.351,706.6946,11483.0,1392.0,221.0015,0.9455,3.4983,577.0,30.307,0.5944,0.7456,643,990,614,932,182.033
12,125.7708,3,1064.0724,649.1366,7952.0,1296.0,131.321,0.8489,1.7342,589.0,32.8959,0.4312,0.6026,990,1335,614,932,182.033
12,125.7708,4,1454.8424,679.986,16519.0,987.0,206.1142,0.581,2.0573,591.0,24.6668,0.7017,0.8247,1335,1681,614,932,182.033
12,126.1713,1,554.5995,697.9639,12256.0,1607.0,207.015,0.9816,3.0791,567.0,38.6524,0.3976,0.569,297,643,614,932,182.033
12,126.1713,2,733.447,700.5428,11983.0,1581.0,216.1251,0.9374,3.3652,576.0,30.9021,0.559,0.7171,643,990,614,932,182.033
12,126.1713,3,1091.5352,656.805,9736.0,1150.0,144.8785,0.8101,1.7281,589.0,45.5544,0.3877,0.5588,990,1335,614,932,182.033
12,126.1713,4,1453.0883,686.6992,16718.0,675.0,201.509,0.5658,2.0424,598.0,21.4919,0.7415,0.8516,1335,1681,614,932,182.033
12,126.5718,1,560.6888,701.5879,13299.0,1349.0,206.17,0.9846,2.5819,576.0,30.743,0.5897,0.7419,297,643,614,932,182.033
12,126.5718,2,734.8151,703.6695,12029.0,1660.0,229.7696,0.9325,3.8389,576.0,20.1027,0.783,0.8783,643,990,614,932,182.033
12,126.5718,3,1111.1089,673.0184,10722.0,1017.0,160.7406,0.882,2.0041,582.0,47.8891,0.3955,0.5668,990,1335,614,932,182.033
12,126.5718,4,1454.2433,691.5598,16521.0,371.0,214.9901,0.5681,2.3042,603.0,20.9843,0.7337,0.8464,1335,1681,614,932,182.033
12,126.9724,1,551.9577,707.6956,13997.0,1453.0,205.407,0.984,2.7264,576.0,26.7529,0.6234,0.768,297,643,614,932,182.033
12,126.9724,2,725.4685,664.1243,10747.0,2221.0,202.4728,0.9571,2.861,561.0,29.9897,0.5822,0.736,643,990,614,932,182.033
12,126.9724,3,1137.4312,680.8642,10799.0,563.0,166.323,0.8567,2.1062,595.0,47.3842,0.3749,0.5453,990,1335,614,932,182.033
12,126.9724,4,1460.7407,693.8322,15675.0,362.0,174.0386,0.6526,1.6783,602.0,26.9779,0.6009,0.7507,1335,1681,614,932,182.033
12,127.3729,1,550.7425,684.1173,13283.0,1958.0,197.6698,0.9586,2.5188,563.0,29.0129,0.5722,0.7279,297,643,614,932,182.033
12,127.3729,2,723.4977,705.9427,11779.0,1381.0,230.4037,0.9744,3.8317,580.0,32.8631,0.4786,0.6473,643,990,614,932,182.033
12,127.3729,3,1166.5763,668.2901,12090.0,1168.0,202.9066,0.6668,2.7863,595.0,43.7702,0.475,0.6441,990,1335,614,932,182.033
12,127.3729,4,1459.5231,685.5883,13478.0,759.0,129.9685,0.9917,1.1418,597.0,33.4655,0.4785,0.6473,1335,1681,614,932,182.033
12,127.7735,1,558.7914,690.1267,14030.0,1590.0,181.8958,0.9993,2.1056,588.0,34.0143,0.5095,0.6751,297,643,614,932,182.033
12,127.7735,2,720.1782,679.8263,10242.0,1703.0,215.8572,0.9753,3.4859,564.0,26.2479,0.6381,0.7791,643,990,614,932,182.033
12,127.7735,3,1198.1958,663.5253,13026.0,1687.0,179.651,0.6305,2.2443,590.0,50.999,0.3987,0.5701,990,1335,614,932,182.033
12,127.7735,4,1464.1809,679.4283,14933.0,647.0,146.9007,0.7007,1.2343,599.0,29.9437,0.5552,0.714,1335,1681,614,932,182.033
12,128.174,1,557.3547,687.2673,14050.0,2307.0,206.3732,0.9949,2.5404,576.0,22.6885,0.6626,0.7971,297,643,614,932,182.033
12,128.174,2,726.8534,687.2193,12470.0,2127.0,206.1713,1.0,2.9612,564.0,32.5753,0.5109,0.6763,643,990,614,932,182.033
12,128.174,3,1230.3758,675.6383,11884.0,576.0,165.1425,0.6744,2.06,600.0,56.8577,0.2724,0.4282,990,1335,614,932,182.033
12,128.174,4,1478.8427,688.7321,15996.0,474.0,165.7269,0.6555,1.5036,601.0,31.9572,0.5691,0.7254,1335,1681,614,932,182.033
12,128.5746,1,563.9318,666.9795,11504.0,2044.0,153.4879,0.9756,1.7468,575.0,33.4483,0.5354,0.6974,297,643,614,932,182.033
12,128.5746,2,730.3784,708.8013,15118.0,1527.0,224.5037,0.9748,2.8195,577.0,36.3821,0.4636,0.6335,643,990,614,932,182.033
12,128.5746,3,1254.7041,679.4953,9673.0,544.0,135.8134,0.8643,1.7934,599.0,43.4654,0.4342,0.6055,990,1335,614,932,182.033
12,128.5746,4,1495.7324,679.3208,16059.0,973.0,165.0785,0.5817,1.491,595.0,30.1396,0.5759,0.7309,1335,1681,614,932,182.033
12,128.9751,1,562.2496,648.547,10665.0,2392.0,140.8975,0.9553,1.5003,565.0,34.3616,0.5582,0.7165,297,643,614,932,182.033
12,128.9751,2,735.3702,709.9027,14650.0,1479.0,237.9088,0.9711,3.2174,576.0,23.9503,0.6757,0.8064,643,990,614,932,182.033
12,128.9751,3,1270.9568,686.1397,9094.0,598.0,128.8334,0.9609,1.8923,598.0,40.4542,0.4567,0.6271,990,1335,614,932,182.033
12,128.9751,4,1508.9999,678.3872,16623.0,840.0,169.6186,0.5196,1.5319,597.0,29.0031,0.6036,0.7528,1335,1681,614,932,182.033
12,129.3756,1,557.9136,666.9891,13529.0,2033.0,162.8523,0.9729,1.6256,572.0,32.7352,0.5724,0.728,297,643,614,932,182.033
12,129.3756,2,738.2774,692.4223,13535.0,2373.0,245.8645,0.9226,3.753,561.0,30.5785,0.5818,0.7356,643,990,614,932,182.033
12,129.3756,3,1270.3357,677.6068,10098.0,520.0,118.1582,0.9372,1.3866,614.0,29.224,0.5865,0.7394,990,1335,614,932,182.033
12,129.3756,4,1532.0001,687.9111,17564.0,525.0,178.5946,0.5672,1.6586,602.0,35.1074,0.4992,0.666,1335,1681,614,932,182.033
12,129.7762,1,546.0107,665.7113,16331.0,2936.0,208.1704,0.8657,1.9509,565.0,33.5026,0.5639,0.7212,297,643,614,932,182.033
12,129.7762,2,733.946,699.4344,12363.0,1623.0,219.9453,0.9224,3.0909,573.0,30.6245,0.6351,0.7768,643,990,614,932,182.033
12,129.7762,3,1257.9525,678.6708,12569.0,389.0,121.3894,0.9617,1.0725,608.0,36.1461,0.5385,0.7,990,1335,614,932,182.033
12,129.7762,4,1551.9627,687.2323,17931.0,474.0,188.0881,0.5329,1.7595,603.0,27.4929,0.5966,0.7474,1335,1681,614,932,182.033
12,130.1767,1,508.3581,662.5051,15499.0,2919.0,213.3304,0.7461,2.3624,578.0,52.3737,0.3619,0.5314,297,643,614,932,182.033
12,130.1767,2,719.7518,704.6539,13848.0,2187.0,237.4587,0.9858,3.0085,565.0,41.0651,0.4511,0.6217,643,990,614,932,182.033
12,130.1767,3,1227.3336,665.177,13868.0,920.0,171.5974,0.495,1.7336,595.0,40.771,0.4176,0.5892,990,1335,614,932,182.033
12,130.1767,4,1561.0554,686.2306,17246.0,702.0,182.8036,0.5394,1.7085,600.0,21.016,0.7417,0.8517,1335,1681,614,932,182.033
12,130.5773,1,482.9332,652.4358,14511.0,3641.0,198.7569,0.6992,2.3425,563.0,35.1678,0.5463,0.7066,297,643,614,932,182.033
12,130.5773,2,715.7575,721.0753,13120.0,1448.0,200.8753,0.966,2.99,605.0,33.7295,0.5468,0.707,643,990,614,932,182.033
12,130.5773,3,1182.0473,663.1336,14486.0,1082.0,182.5239,0.5039,1.9909,596.0,48.1685,0.3935,0.5648,990,1335,614,932,182.033
12,130.5773,4,1566.1206,683.6813,16814.0,961.0,184.5808,0.5579,1.798,596.0,21.4849,0.7203,0.8374,1335,1681,614,932,182.033
12,130.9778,1,443.0572,635.1309,9753.0,2638.0,135.2868,0.6894,1.5363,574.0,41.633,0.406,0.5776,297,643,614,932,182.033
12,130.9778,2,721.2634,708.3057,14402.0,2067.0,194.1657,0.9466,2.6372,600.0,31.4829,0.5851,0.7382,643,990,614,932,182.033
12,130.9778,3,1136.0087,663.7504,15672.0,1080.0,201.87,0.4339,2.2729,598.0,47.7452,0.3725,0.5428,990,1335,614,932,182.033
12,130.9778,4,1571.5164,681.1069,15909.0,580.0,189.1193,0.582,1.9352,602.0,23.8642,0.6967,0.8213,1335,1681,614,932,182.033
12,131.3784,1,421.3359,629.5834,11209.0,3966.0,156.0924,0.9649,1.7511,546.0,36.0389,0.5212,0.6852,297,643,614,932,182.033
12,131.3784,2,736.1899,716.8647,15047.0,1469.0,213.0157,0.868,3.1055,603.0,33.9767,0.4945,0.6618,643,990,614,932,182.033
12,131.3784,3,1109.349,672.283,14555.0,1135.0,185.8838,0.54,2.1773,596.0,41.4746,0.4119,0.5835,990,1335,614,932,182.033
12,131.3784,4,1573.8301,685.3651,15938.0,602.0,187.9513,0.6442,1.867,601.0,15.7784,0.8113,0.8958,1335,1681,614,932,182.033
12,131.7789,1,430.0197,670.7703,13113.0,2023.0,181.1428,0.9837,2.0851,562.0,38.5622,0.5332,0.6955,297,643,614,932,182.033
12,131.7789,2,740.4937,707.813,13466.0,1383.0,217.7074,0.9022,2.9713,583.0,31.6726,0.5402,0.7015,643,990,614,932,182.033
12,131.7789,3,1077.5792,675.7365,10994.0,826.0,146.309,0.7828,1.8808,596.0,39.6001,0.3821,0.553,990,1335,614,932,182.033
12,131.7789,4,1580.5912,690.3452,14527.0,593.0,171.0551,0.6512,1.8485,601.0,24.5607,0.6224,0.7672,1335,1681,614,932,182.033
12,132.1795,1,440.9544,695.3836,13888.0,1261.0,208.9536,0.9903,2.5131,576.0,40.1022,0.5306,0.6933,297,643,614,932,182.033
12,132.1795,2,734.388,692.8068,11442.0,1993.0,231.2874,0.955,3.7848,557.0,31.1859,0.5083,0.674,643,990,614,932,182.033
12,132.1795,3,1065.0595,678.0742,7902.0,846.0,124.5498,0.9183,1.9571,595.0,28.135,0.4657,0.6355,990,1335,614,932,182.033
12,132.1795,4,1587.2137,692.1157,14634.0,765.0,167.3261,0.7799,1.769,598.0,21.8588,0.7033,0.8258,1335,1681,614,932,182.033
12,132.58,1,459.691,683.6625,14273.0,2122.0,194.0213,0.9029,2.3686,577.0,43.2178,0.5026,0.6689,297,643,614,932,182.033
12,132.58,2,720.1856,692.7863,10304.0,1861.0,206.8348,0.9938,3.7069,565.0,32.2419,0.4286,0.6,643,990,614,932,182.033
12,132.58,3,1057.026,654.6983,6814.0,647.0,121.177,0.9249,1.8732,594.0,24.9237,0.5596,0.7176,990,1335,614,932,182.033
12,132.58,4,1588.6908,703.28,14571.0,453.0,169.1538,0.8333,1.8253,603.0,22.6508,0.667,0.8002,1335,1681,614,932,182.033
12,132.9805,1,496.211,636.6595,13285.0,4440.0,180.2452,0.7389,1.8159,553.0,48.8253,0.3198,0.4847,297,643,614,932,182.033
12,132.9805,2,715.5429,684.7046,11294.0,1309.0,200.9987,0.9956,2.684,578.0,25.6788,0.5605,0.7184,643,990,614,932,182.033
12,132.9805,3,1070.2216,654.0014,6535.0,678.0,119.7922,0.9496,1.6802,595.0,26.3645,0.5926,0.7442,990,1335,614,932,182.033
12,132.9805,4,1594.648,693.8543,12481.0,760.0,156.9491,0.8839,1.8689,596.0,29.1561,0.598,0.7484,1335,1681,614,932,182.033
12,133.3811,1,515.8124,667.285,12616.0,1277.0,201.0352,0.6086,2.7597,589.0,69.8593,0.226,0.3686,297,643,614,932,182.033
12,133.3811,2,738.0296,690.4378,12785.0,1832.0,203.3205,0.9997,2.769,572.0,37.8264,0.4113,0.5828,643,990,614,932,182.033
12,133.3811,3,1082.6754,656.7563,7964.0,827.0,121.124,0.9337,1.5272,593.0,30.5355,0.532,0.6945,990,1335,614,932,182.033
12,133.3811,4,1597.7196,687.9598,10933.0,650.0,135.0804,0.9705,1.5665,599.0,27.3072,0.6017,0.7513,1335,1681,614,932,182.033
12,133.7816,1,539.9969,669.3865,12066.0,2290.0,207.8274,0.8092,3.2731,562.0,50.8443,0.4161,0.5876,297,643,614,932,182.033
12,133.7816,2,757.9153,666.3253,13251.0,2388.0,205.2163,0.9689,2.3701,561.0,41.7184,0.3965,0.5678,643,990,614,932,182.033
12,133.7816,3,1113.3741,657.1957,10299.0,1212.0,148.6786,0.771,1.7161,594.0,47.0584,0.3902,0.5614,990,1335,614,932,182.033
12,133.7816,4,1594.9379,681.878,11211.0,864.0,141.0573,0.9575,1.5863,596.0,30.9418,0.5317,0.6943,1335,1681,614,932,182.033
12,134.1822,1,559.0724,657.7064,11448.0,3000.0,201.6963,0.9023,3.1382,540.0,39.4348,0.5174,0.682,297,643,614,932,182.033
12,134.1822,2,772.2896,709.1605,16351.0,1497.0,228.2587,1.0,2.5517,575.0,44.4218,0.4325,0.6038,643,990,614,932,182.033
12,134.1822,3,1152.7374,656.1666,12629.0,1673.0,195.2147,0.5582,2.4358,591.0,59.8422,0.3445,0.5125,990,1335,614,932,182.033
12,134.1822,4,1554.5797,663.4602,12554.0,1324.0,195.4176,0.6697,2.3781,594.0,49.0386,0.3034,0.4656,1335,1681,614,932,182.033
12,134.5827,1,550.3352,693.7944,12240.0,1521.0,214.3913,0.9282,3.073,569.0,47.6596,0.4061,0.5777,297,643,614,932,182.033
12,134.5827,2,775.1782,695.4466,15239.0,2173.0,251.3944,0.9844,3.2397,569.0,32.5661,0.5955,0.7465,643,990,614,932,182.033
12,134.5827,3,1203.5043,659.1169,12041.0,1138.0,181.7986,0.4977,2.4101,596.0,66.0403,0.2503,0.4004,990,1335,614,932,182.033
12,134.5827,4,1485.3477,657.3259,12722.0,1522.0,189.5803,0.5963,2.271,591.0,65.9582,0.1636,0.2811,1335,1681,614,932,182.033
12,134.9833,1,552.5645,708.7557,14178.0,1205.0,217.1619,0.9922,2.8065,579.0,37.9176,0.502,0.6684,297,643,614,932,182.033
12,134.9833,2,770.388,694.4837,16580.0,2000.0,238.012,0.9307,2.766,573.0,32.0838,0.6288,0.7721,643,990,614,932,182.033
12,134.9833,3,1233.0649,670.5449,10992.0,696.0,151.6907,0.6788,1.9072,598.0,54.3167,0.3199,0.4848,990,1335,614,932,182.033
12,134.9833,4,1460.6235,675.6225,14176.0,1353.0,190.5909,0.6308,2.3442,592.0,47.161,0.3567,0.5258,1335,1681,614,932,182.033
12,135.3838,1,541.653,693.6898,14249.0,1343.0,183.9923,0.9998,2.0137,586.0,43.8071,0.4453,0.6162,297,643,614,932,182.033
12,135.3838,2,760.0672,695.0872,14974.0,1702.0,244.18,0.886,3.041,577.0,35.2837,0.5827,0.7363,643,990,614,932,182.033
12,135.3838,3,1244.5867,665.3902,9609.0,639.0,134.4938,0.6783,1.7206,599.0,26.0257,0.7135,0.8328,990,1335,614,932,182.033
12,135.3838,4,1429.5069,675.2852,11674.0,1167.0,164.8434,0.7622,2.169,591.0,45.7228,0.3781,0.5487,1335,1681,614,932,182.033
12,135.7843,1,534.2829,663.403,11443.0,1926.0,145.7724,0.9797,1.5876,579.0,44.5464,0.4353,0.6066,297,643,614,932,182.033
12,135.7843,2,745.1731,702.9183,14618.0,2271.0,244.7657,0.9251,3.5465,564.0,44.3065,0.4492,0.6199,643,990,614,932,182.033
12,135.7843,3,1252.7591,671.1027,10612.0,663.0,125.4975,0.8411,1.3793,597.0,34.1143,0.5603,0.7182,990,1335,614,932,182.033
12,135.7843,4,1410.095,681.1743,14354.0,1913.0,185.439,0.9984,2.1115,577.0,43.8252,0.3497,0.5182,1335,1681,614,932,182.033
12,136.1849,1,515.347,635.5856,10032.0,2969.0,151.7424,0.5075,1.8898,576.0,44.2793,0.4489,0.6196,297,643,614,932,182.033
12,136.1849,2,731.1771,712.4526,12776.0,1575.0,232.001,0.9553,3.488,570.0,42.6998,0.4064,0.5779,643,990,614,932,182.033
12,136.1849,3,1264.1524,668.2577,9979.0,468.0,114.4816,0.8382,1.2345,611.0,34.4212,0.5586,0.7168,990,1335,614,932,182.033
12,136.1849,4,1420.3455,687.3047,16119.0,794.0,171.7791,0.9633,1.5601,595.0,35.6949,0.4919,0.6595,1335,1681,614,932,182.033
12,136.5854,1,466.9079,641.4734,13382.0,2813.0,192.0905,0.3878,2.292,577.0,55.3701,0.2889,0.4483,297,643,614,932,182.033
12,136.5854,2,722.6665,712.9181,11351.0,1843.0,246.1855,0.9775,4.0768,566.0,34.9257,0.5207,0.6848,643,990,614,932,182.033
12,136.5854,3,1252.3584,670.257,13708.0,549.0,137.5526,0.6022,1.1623,600.0,35.5551,0.5291,0.692,990,1335,614,932,182.033
12,136.5854,4,1442.4466,691.3317,15202.0,320.0,166.0736,0.9118,1.5947,603.0,42.4866,0.4261,0.5976,1335,1681,614,932,182.033
12,136.986,1,444.4532,657.6488,16744.0,3231.0,189.1521,0.7353,1.7195,569.0,44.8526,0.437,0.6082,297,643,614,932,182.033
12,136.986,2,723.1902,712.9609,12426.0,1806.0,231.9511,0.9782,3.5897,570.0,16.0111,0.7792,0.8759,643,990,614,932,182.033
12,136.986,3,1213.7229,664.5495,13232.0,904.0,154.5339,0.4385,1.5159,596.0,44.3611,0.3993,0.5707,990,1335,614,932,182.033
12,136.986,4,1469.166,677.3413,14317.0,829.0,146.3052,0.8019,1.2934,590.0,43.2502,0.4395,0.6107,1335,1681,614,932,182.033
12,137.3865,1,426.5075,682.0778,19885.0,2857.0,219.6497,0.875,1.9326,580.0,42.9484,0.4593,0.6295,297,643,614,932,182.033
12,137.3865,2,737.2147,711.5509,12989.0,1844.0,236.5301,0.9504,3.5655,569.0,34.612,0.4532,0.6237,643,990,614,932,182.033
12,137.3865,3,1171.6959,664.0521,14158.0,899.0,186.5023,0.5525,1.989,599.0,46.4571,0.3744,0.5448,990,1335,614,932,182.033
12,137.3865,4,1487.6516,683.8253,14707.0,839.0,139.443,0.9035,1.2158,591.0,34.6575,0.5323,0.6947,1335,1681,614,932,182.033
12,137.7871,1,427.4975,692.1681,19716.0,2751.0,210.3825,0.988,1.8501,573.0,29.185,0.6051,0.754,297,643,614,932,182.033
12,137.7871,2,734.7069,713.8626,12199.0,1314.0,228.8241,0.9422,3.7351,580.0,25.7796,0.6307,0.7735,643,990,614,932,182.033
12,137.7871,3,1130.6182,665.6244,15558.0,1341.0,195.2204,0.438,2.1919,594.0,46.0876,0.3765,0.547,990,1335,614,932,182.033
12,137.7871,4,1509.1961,692.748,15147.0,510.0,141.4079,0.9918,1.2021,600.0,34.168,0.4905,0.6582,1335,1681,614,932,182.033
12,138.1876,1,439.2327,678.4213,17740.0,2398.0,206.8221,0.7945,2.0877,574.0,31.2204,0.556,0.7147,297,643,614,932,182.033
12,138.1876,2,726.532,702.4911,10262.0,1496.0,217.2152,0.973,3.7894,569.0,27.0038,0.6389,0.7797,643,990,614,932,182.033
12,138.1876,3,1100.7276,672.3906,13335.0,947.0,174.627,0.5389,2.0936,597.0,42.0797,0.3934,0.5646,990,1335,614,932,182.033
12,138.1876,4,1522.0892,680.4424,17819.0,748.0,180.0059,0.4992,1.6362,599.0,31.4939,0.5129,0.678,1335,1681,614,932,182.033
12,138.5882,1,447.8529,673.421,18687.0,3391.0,214.1309,0.7642,2.0288,572.0,32.3186,0.545,0.7055,297,643,614,932,182.033
12,138.5882,2,718.9411,708.1585,10764.0,1174.0,219.8073,0.9667,3.8953,582.0,25.7236,0.5608,0.7186,643,990,614,932,182.033
12,138.5882,3,1087.426,677.4543,10818.0,1084.0,146.2788,0.7669,1.9166,592.0,28.7216,0.4813,0.6499,990,1335,614,932,182.033
12,138.5882,4,1543.1812,674.8663,17672.0,1268.0,182.2432,0.5073,1.6324,593.0,33.362,0.5313,0.6939,1335,1681,614,932,182.033
12,138.9887,1,448.2018,657.9563,15647.0,4306.0,202.5678,0.731,2.2338,569.0,29.241,0.5713,0.7272,297,643,614,932,182.033
12,138.9887,2,718.3481,719.2691,11756.0,1248.0,236.9631,0.979,3.9412,580.0,22.9099,0.7018,0.8248,643,990,614,932,182.033
12,138.9887,3,1086.5091,681.445,9370.0,848.0,136.6084,0.8531,2.0779,594.0,25.0354,0.561,0.7187,990,1335,614,932,182.033
12,138.9887,4,1566.547,691.6053,19221.0,1609.0,210.1783,0.8404,1.9213,581.0,44.5642,0.4081,0.5797,1335,1681,614,932,182.033
12,139.3892,1,432.5783,646.8019,12842.0,3140.0,165.0585,0.6258,1.986,573.0,31.7755,0.5399,0.7012,297,643,614,932,182.033
12,139.3892,2,728.7427,706.3058,11975.0,1256.0,185.3966,0.8832,2.9304,610.0,35.086,0.4591,0.6293,643,990,614,932,182.033
12,139.3892,3,1065.3657,664.0894,7370.0,700.0,131.7697,0.9104,2.1619,594.0,20.317,0.6582,0.7939,990,1335,614,932,182.033
12,139.3892,4,1570.4865,716.7744,18341.0,385.0,213.5215,0.7397,2.1237,618.0,40.419,0.4873,0.6552,1335,1681,614,932,182.033
12,139.7898,1,403.7588,624.5971,6639.0,2515.0,109.92,0.915,1.4144,573.0,40.6372,0.4521,0.6227,297,643,614,932,182.033
12,139.7898,2,722.7617,698.6561,13789.0,1677.0,167.5413,0.9378,2.1525,608.0,35.7852,0.4859,0.654,643,990,614,932,182.033
12,139.7898,3,1068.1465,667.9567,8084.0,953.0,126.2597,0.9542,1.769,587.0,25.8623,0.6038,0.7529,990,1335,614,932,182.033
12,139.7898,4,1577.215,705.3858,16062.0,565.0,206.4301,0.7349,2.3598,600.0,27.9517,0.5987,0.7489,1335,1681,614,932,182.033
12,140.1903,1,401.5364,637.0975,8865.0,2464.0,117.0621,0.9908,1.2811,573.0,27.8475,0.6401,0.7806,297,643,614,932,182.033
12,140.1903,2,723.4043,705.1658,18140.0,2004.0,216.6948,1.0,2.0101,569.0,27.0983,0.6366,0.778,643,990,614,932,182.033
12,140.1903,3,1078.6545,659.5315,7497.0,614.0,117.7988,0.9969,1.4863,596.0,28.3409,0.4829,0.6513,990,1335,614,932,182.033
12,140.1903,4,1586.048,684.3257,13527.0,1124.0,168.2717,0.7623,1.9164,590.0,32.763,0.5644,0.7216,1335,1681,614,932,182.033
12,140.5909,1,408.04,662.451,11758.0,2028.0,170.56,0.9141,2.1416,570.0,44.5184,0.4122,0.5838,297,643,614,932,182.033
12,140.5909,2,731.2606,708.2146,19402.0,2066.0,223.0039,0.9811,2.0403,572.0,24.6802,0.6861,0.8139,643,990,614,932,182.033
12,140.5909,3,1109.985,650.9403,9059.0,1245.0,135.0349,0.7989,1.5701,594.0,47.8807,0.3886,0.5597,990,1335,614,932,182.033
12,140.5909,4,1591.0321,685.3936,10690.0,516.0,137.3601,0.871,1.6767,599.0,32.388,0.5607,0.7185,1335,1681,614,932,182.033
12,140.9914,1,429.093,670.3137,12495.0,1946.0,176.5788,0.9989,2.0896,567.0,47.7489,0.4415,0.6125,297,643,614,932,182.033
12,140.9914,2,740.0533,713.2039,19850.0,1165.0,209.7018,0.9529,1.9897,606.0,26.5648,0.6432,0.7828,643,990,614,932,182.033
12,140.9914,3,1147.5634,656.7791,11573.0,1385.0,166.1119,0.6169,1.9998,595.0,58.234,0.3261,0.4919,990,1335,614,932,182.033
12,140.9914,4,1601.2688,667.2738,10135.0,876.0,138.9618,0.9877,1.5454,592.0,28.9562,0.5546,0.7135,1335,1681,614,932,182.033
12,141.392,1,447.5265,659.9262,13880.0,3236.0,190.4561,0.9514,2.2924,556.0,42.4989,0.4926,0.66,297,643,614,932,182.033
12,141.392,2,755.5001,691.745,18827.0,1420.0,194.2233,0.9601,1.7034,576.0,36.8661,0.5185,0.6829,643,990,614,932,182.033
12,141.392,3,1188.3122,660.2031,12503.0,1095.0,185.6469,0.5505,2.2159,598.0,62.0999,0.329,0.4951,990,1335,614,932,182.033
12,141.392,4,1572.787,690.5869,15773.0,1584.0,206.5889,1.0,2.1663,579.0,46.3291,0.3329,0.4995,1335,1681,614,932,182.033
12,141.7925,1,456.1401,677.0681,14771.0,2488.0,207.45,0.8176,2.5021,570.0,37.1528,0.536,0.6979,297,643,614,932,182.033
12,141.7925,2,783.0118,686.6375,17811.0,980.0,210.2535,0.6456,2.1457,593.0,42.5302,0.3896,0.5607,643,990,614,932,182.033
12,141.7925,3,1226.4081,666.5631,11795.0,865.0,165.0855,0.5881,2.1047,597.0,57.7474,0.3116,0.4752,990,1335,614,932,182.033
12,141.7925,4,1526.5431,674.3024,16884.0,1574.0,187.2475,0.9534,1.8268,589.0,46.3345,0.281,0.4387,1335,1681,614,932,182.033
12,142.193,1,444.5288,657.4082,14413.0,3801.0,220.4906,0.7322,2.9496,561.0,30.9727,0.6147,0.7614,297,643,614,932,182.033
12,142.193,2,817.2219,676.0185,15820.0,1595.0,216.9937,0.698,2.2506,568.0,44.5611,0.4191,0.5907,643,990,614,932,182.033
12,142.193,3,1253.4244,665.8973,8648.0,683.0,123.3391,0.8605,1.6284,597.0,51.7348,0.3933,0.5646,990,1335,614,932,182.033
12,142.193,4,1502.1949,704.057,13456.0,423.0,167.1448,0.9529,1.8337,599.0,42.0589,0.3155,0.4796,1335,1681,614,932,182.033
12,142.5936,1,411.6044,645.4298,13633.0,3797.0,198.5103,0.7453,2.4915,541.0,54.8475,0.3881,0.5592,297,643,614,932,182.033
12,142.5936,2,847.7423,702.4576,20923.0,1176.0,214.9639,0.8772,1.8063,579.0,47.9738,0.3377,0.5049,643,990,614,932,182.033
12,142.5936,3,1266.8921,672.6949,8900.0,523.0,114.2098,0.9415,1.4153,599.0,36.8617,0.5109,0.6763,990,1335,614,932,182.033
12,142.5936,4,1472.4068,679.3109,11853.0,827.0,164.5803,0.977,1.759,598.0,41.0569,0.4341,0.6054,1335,1681,614,932,182.033
12,142.9941,1,394.0181,671.1263,13504.0,3042.0,220.8745,0.967,3.0175,542.0,54.3423,0.3108,0.4743,297,643,614,932,182.033
12,142.9941,2,852.3796,723.4728,20513.0,843.0,224.5724,0.954,2.0489,586.0,31.2298,0.5896,0.7418,643,990,614,932,182.033
12,142.9941,3,1270.5904,660.8885,9543.0,635.0,107.5894,0.982,1.0938,607.0,33.2437,0.5786,0.7331,990,1335,614,932,182.033
12,142.9941,4,1461.4366,666.4012,11491.0,818.0,152.3568,0.7836,1.6429,598.0,29.4764,0.6129,0.76,1335,1681,614,932,182.033
12,143.3947,1,397.0636,719.9602,13842.0,792.0,211.5299,0.9434,2.8543,592.0,39.6849,0.4751,0.6441,297,643,614,932,182.033
12,143.3947,2,867.9017,706.2157,19636.0,647.0,218.5604,0.8034,1.9708,590.0,31.2338,0.5812,0.7352,643,990,614,932,182.033
12,143.3947,3,1247.2834,666.3619,14599.0,728.0,176.9676,0.449,1.8135,598.0,39.4125,0.4721,0.6414,990,1335,614,932,182.033
12,143.3947,4,1455.8965,667.2454,10942.0,697.0,146.5397,0.8201,1.6254,598.0,18.0219,0.7746,0.873,1335,1681,614,932,182.033
12,143.7952,1,397.6139,716.6205,14229.0,871.0,208.1537,0.9557,2.7279,591.0,23.2528,0.7327,0.8457,297,643,614,932,182.033
12,143.7952,2,856.3445,705.5787,18165.0,818.0,201.2925,0.8486,1.8865,586.0,28.5579,0.6428,0.7826,643,990,614,932,182.033
12,143.7952,3,1196.2092,662.4991,14875.0,757.0,194.9552,0.4373,2.1404,600.0,45.209,0.3752,0.5456,990,1335,614,932,182.033
12,143.7952,4,1459.1961,666.4836,9973.0,910.0,146.314,0.9826,1.669,596.0,31.5869,0.5748,0.73,1335,1681,614,932,182.033
12,144.1958,1,395.3542,664.7653,12091.0,2778.0,167.5261,0.9436,2.0342,565.0,44.0046,0.406,0.5775,297,643,614,932,182.033
12,144.1958,2,863.4593,693.6676,18825.0,1443.0,212.6687,0.8424,1.8521,572.0,17.9659,0.7895,0.8823,643,990,614,932,182.033
12,144.1958,3,1152.3768,663.5868,16243.0,1123.0,215.495,0.4035,2.5092,596.0,44.1275,0.4238,0.5953,990,1335,614,932,182.033
12,144.1958,4,1458.2938,675.5298,14246.0,1572.0,174.3226,0.7129,1.8934,590.0,31.9336,0.554,0.713,1335,1681,614,932,182.033
12,144.5963,1,382.3869,637.4862,7464.0,2354.0,92.0081,0.7938,1.1452,591.0,43.3749,0.4587,0.6289,297,643,614,932,182.033
12,144.5963,2,872.8272,703.0257,18803.0,1233.0,248.1592,0.8269,2.3497,579.0,29.4316,0.648,0.7864,643,990,614,932,182.033
12,144.5963,3,1115.5647,660.8201,14508.0,1371.0,194.2166,0.4471,2.2457,594.0,39.5292,0.4553,0.6257,990,1335,614,932,182.033
12,144.5963,4,1447.4998,671.367,13317.0,1140.0,184.8922,0.6607,2.2521,593.0,33.5106,0.5356,0.6976,1335,1681,614,932,182.033
12,144.9969,1,389.6078,638.1904,11594.0,3481.0,150.8785,0.4422,1.5601,581.0,38.372,0.4577,0.628,297,643,614,932,182.033
12,144.9969,2,893.9233,705.3508,20409.0,1658.0,221.9641,0.968,1.8485,570.0,35.3744,0.5262,0.6896,643,990,614,932,182.033
12,144.9969,3,1100.1792,671.2668,12709.0,891.0,165.571,0.6191,1.9933,595.0,37.3499,0.4998,0.6665,990,1335,614,932,182.033
12,144.9969,4,1427.2646,671.2002,12245.0,1364.0,170.0797,0.7576,2.1224,589.0,34.4499,0.5213,0.6853,1335,1681,614,932,182.033
12,145.3974,1,429.6241,639.644,16753.0,4887.0,253.206,0.4383,2.901,571.0,45.6262,0.4061,0.5776,297,643,614,932,182.033
12,145.3974,2,903.7298,712.6856,21521.0,1299.0,223.0942,0.9793,1.7917,581.0,27.7407,0.6584,0.794,643,990,614,932,182.033
12,145.3974,3,1088.3674,680.989,10939.0,1022.0,142.5042,0.8416,1.9151,594.0,28.6427,0.4719,0.6412,990,1335,614,932,182.033
12,145.3974,4,1418.426,686.017,12861.0,931.0,161.4052,0.8419,1.9064,594.0,32.1213,0.5077,0.6735,1335,1681,614,932,182.033
12,145.7979,1,469.3076,656.354,13830.0,1951.0,184.2204,0.5839,2.0973,575.0,52.4164,0.3,0.4615,297,643,614,932,182.033
12,145.7979,2,891.5996,702.7713,17923.0,1294.0,211.3263,0.9121,1.9077,579.0,28.5292,0.6099,0.7577,643,990,614,932,182.033
12,145.7979,3,1073.4005,682.6127,7896.0,616.0,121.843,0.9158,1.9159,597.0,26.6277,0.4677,0.6373,990,1335,614,932,182.033
12,145.7979,4,1420.8432,687.8337,11899.0,868.0,160.9315,0.8578,2.0282,595.0,19.954,0.7102,0.8305,1335,1681,614,932,182.033
12,146.1985,1,480.7267,670.7596,15714.0,2417.0,173.2869,0.9136,1.6262,574.0,37.2358,0.497,0.664,297,643,614,932,182.033
12,146.1985,2,892.8425,696.8421,18047.0,1632.0,204.7492,0.9727,1.758,575.0,22.9345,0.6929,0.8186,643,990,614,932,182.033
12,146.1985,3,1050.6836,654.2526,6227.0,727.0,122.3536,0.9517,1.9244,595.0,25.8486,0.5467,0.7069,990,1335,614,932,182.033
12,146.1985,4,1421.8292,690.5075,13256.0,896.0,165.8809,0.8354,1.8812,594.0,22.4407,0.6509,0.7886,1335,1681,614,932,182.033
12,146.599,1,480.774,686.3598,16491.0,2024.0,195.2076,0.8974,2.0759,586.0,31.2266,0.6001,0.7501,297,643,614,932,182.033
12,146.599,2,893.5395,709.5854,18612.0,1026.0,207.0467,0.9981,1.8709,587.0,28.5008,0.6141,0.7609,643,990,614,932,182.033
12,146.599,3,1063.6193,682.2438,8424.0,493.0,125.7322,0.9291,1.7668,598.0,25.1996,0.5265,0.6898,990,1335,614,932,182.033
12,146.599,4,1429.8924,687.8187,13417.0,659.0,177.8132,0.7293,2.0708,599.0,26.8971,0.5862,0.7391,1335,1681,614,932,182.033
12,146.9996,1,483.0878,691.3601,15005.0,782.0,176.4022,0.8961,1.8094,596.0,28.6819,0.6274,0.7711,297,643,614,932,182.033
12,146.9996,2,887.259,700.3083,18585.0,1464.0,203.5834,0.9994,1.7109,570.0,27.5924,0.6428,0.7826,643,990,614,932,182.033
12,146.9996,3,1071.0398,670.8802,8789.0,700.0,141.6403,0.9999,1.7976,592.0,26.7703,0.4937,0.661,990,1335,614,932,182.033
12,146.9996,4,1439.4364,681.2437,14387.0,1102.0,191.2338,0.7192,2.1475,590.0,26.6399,0.6311,0.7738,1335,1681,614,932,182.033
12,147.4001,1,490.0847,687.0606,15077.0,1508.0,177.1905,1.0,1.794,586.0,32.8627,0.5867,0.7395,297,643,614,932,182.033
12,147.4001,2,878.0808,707.3746,18877.0,1113.0,202.0274,0.9996,1.787,581.0,29.7228,0.6248,0.7691,643,990,614,932,182.033
12,147.4001,3,1087.0752,659.2741,9168.0,1142.0,143.9128,0.8769,1.862,591.0,33.5351,0.5081,0.6738,990,1335,614,932,182.033
12,147.4001,4,1447.6287,686.8264,16115.0,714.0,208.5161,0.6264,2.2588,599.0,25.6643,0.6482,0.7866,1335,1681,614,932,182.033
12,147.8007,1,486.9679,672.3426,13612.0,1958.0,159.8369,0.9885,1.6293,579.0,25.8021,0.6924,0.8182,297,643,614,932,182.033
12,147.8007,2,864.9529,690.7163,17966.0,1389.0,192.6873,0.9924,1.7073,572.0,34.5114,0.5561,0.7147,643,990,614,932,182.033
12,147.8007,3,1132.0165,644.9808,10638.0,1890.0,183.4849,0.4928,2.5968,589.0,57.2617,0.3439,0.5118,990,1335,614,932,182.033
12,147.8007,4,1459.0019,687.6978,16341.0,730.0,200.6394,0.6256,2.142,598.0,24.9685,0.6621,0.7967,1335,1681,614,932,182.033
12,148.2012,1,476.238,660.262,14371.0,2738.0,181.2069,0.7051,1.9637,577.0,31.6998,0.5872,0.7399,297,643,614,932,182.033
12,148.2012,2,852.1064,701.8063,18827.0,1640.0,208.1387,0.9902,1.9141,571.0,27.9016,0.6347,0.7766,643,990,614,932,182.033
12,148.2012,3,1180.1758,656.0024,12463.0,1902.0,195.4599,0.5186,2.6955,591.0,65.5084,0.2052,0.3405,990,1335,614,932,182.033
12,148.2012,4,1468.7729,683.6571,16123.0,811.0,202.5395,0.592,2.2577,597.0,27.4721,0.6167,0.7629,1335,1681,614,932,182.033
12,148.6017,1,463.8343,647.4393,14708.0,3320.0,206.2472,0.4813,2.4868,575.0,33.6642,0.5505,0.7101,297,643,614,932,182.033
12,148.6017,2,840.5962,698.5951,20729.0,1204.0,205.0592,0.9891,1.7837,580.0,36.1954,0.5389,0.7004,643,990,614,932,182.033
12,148.6017,3,1227.2596,662.8665,11299.0,830.0,163.6225,0.5672,2.0806,597.0,64.2281,0.2363,0.3822,990,1335,614,932,182.033
12,148.6017,4,1479.2155,686.5007,16144.0,746.0,199.1449,0.5931,2.2299,598.0,21.0152,0.7091,0.8298,1335,1681,614,932,182.033
12,149.0023,1,455.7953,649.6782,13588.0,3086.0,177.2215,0.5449,2.1026,577.0,28.8106,0.6399,0.7804,297,643,614,932,182.033
12,149.0023,2,847.8691,702.7751,19196.0,1298.0,216.224,0.8887,1.9534,576.0,32.5399,0.5394,0.7008,643,990,614,932,182.033
12,149.0023,3,1250.4783,674.0644,9333.0,692.0,137.6426,0.838,1.8992,597.0,50.129,0.3836,0.5545,990,1335,614,932,182.033
12,149.0023,4,1471.4191,683.5529,14913.0,658.0,175.8064,0.6932,1.7912,596.0,27.06,0.6078,0.7561,1335,1681,614,932,182.033
12,149.4028,1,428.4752,655.393,9602.0,1798.0,118.0212,0.7224,1.3921,590.0,39.7508,0.366,0.5359,297,643,614,932,182.033
12,149.4028,2,868.6858,701.0195,19377.0,1735.0,204.2609,0.9999,1.7149,567.0,36.1175,0.5247,0.6883,643,990,614,932,182.033
12,149.4028,3,1264.9934,679.7789,9685.0,586.0,126.8181,0.9683,1.6085,598.0,35.7885,0.4893,0.6571,990,1335,614,932,182.033
12,149.4028,4,1475.8867,688.8371,15651.0,729.0,169.2825,0.7588,1.6286,594.0,19.8865,0.7291,0.8433,1335,1681,614,932,182.033
12,149.8034,1,401.814,646.5625,10465.0,3029.0,133.6266,0.5241,1.6028,581.0,32.8212,0.3502,0.5188,297,643,614,932,182.033
12,149.8034,2,871.8591,707.8752,19878.0,1310.0,217.5327,0.9916,1.8888,582.0,27.4363,0.6575,0.7934,643,990,614,932,182.033
12,149.8034,3,1263.0318,685.1352,11193.0,311.0,134.4429,0.7464,1.545,614.0,30.3752,0.5679,0.7244,990,1335,614,932,182.033
12,149.8034,4,1483.3669,687.9063,14951.0,457.0,173.5966,0.6997,1.7652,601.0,23.7232,0.6657,0.7993,1335,1681,614,932,182.033
12,150.2039,1,418.749,632.652,10613.0,3032.0,156.4102,0.4941,1.8464,578.0,31.6755,0.4999,0.6666,297,643,614,932,182.033
12,150.2039,2,878.5678,703.3568,19085.0,553.0,195.9829,0.9593,1.6226,601.0,26.5206,0.6548,0.7914,643,990,614,932,182.033
12,150.2039,3,1259.93,672.0444,12942.0,846.0,124.1831,0.8332,1.0643,597.0,33.1683,0.5541,0.7131,990,1335,614,932,182.033
12,150.2039,4,1491.8364,688.9013,15316.0,603.0,168.0848,0.688,1.6634,599.0,21.8168,0.708,0.829,1335,1681,614,932,182.033
12,150.6045,1,440.7027,644.8955,12675.0,2842.0,188.8898,0.5182,2.4169,578.0,43.199,0.4509,0.6215,297,643,614,932,182.033
12,150.6045,2,861.9811,684.1648,17976.0,1533.0,204.2006,0.7769,1.9797,575.0,40.2179,0.4506,0.6213,643,990,614,932,182.033
12,150.6045,3,1232.6307,685.1045,16358.0,1024.0,197.7211,0.8726,1.7853,585.0,49.4733,0.3542,0.5231,990,1335,614,932,182.033
12,150.6045,4,1495.2329,685.9072,16035.0,776.0,176.4239,0.6776,1.7149,596.0,21.1105,0.7179,0.8358,1335,1681,614,932,182.033
12,151.005,1,471.1465,650.1242,12678.0,2419.0,193.9677,0.579,2.5051,575.0,48.2939,0.3794,0.5501,297,643,614,932,182.033
12,151.005,2,841.8257,691.765,18871.0,1499.0,229.7197,0.7904,2.1469,571.0,43.4172,0.4405,0.6116,643,990,614,932,182.033
12,151.005,3,1178.2256,686.6264,16498.0,724.0,196.9281,0.8165,1.9695,595.0,60.8792,0.2545,0.4058,990,1335,614,932,182.033
12,151.005,4,1497.7719,687.5748,16082.0,870.0,175.2246,0.7361,1.6896,594.0,18.1192,0.773,0.872,1335,1681,614,932,182.033
12,151.4056,1,496.1234,655.328,13099.0,2155.0,190.611,0.5894,2.3976,579.0,43.0312,0.4536,0.6241,297,643,614,932,182.033
12,151.4056,2,810.2652,702.2854,21130.0,1561.0,227.5144,0.8661,2.0501,580.0,45.7319,0.398,0.5694,643,990,614,932,182.033
12,151.4056,3,1151.5448,690.2067,14798.0,833.0,191.1826,0.7451,2.2155,590.0,42.0244,0.4165,0.5881,990,1335,614,932,182.033
12,151.4056,4,1497.999,691.9903,16095.0,713.0,168.4576,0.7926,1.6008,594.0,18.5605,0.7531,0.8592,1335,1681,614,932,182.033
12,151.8061,1,511.9255,657.5246,12925.0,2127.0,172.0268,0.6201,1.9684,579.0,32.4661,0.5657,0.7226,297,643,614,932,182.033
12,151.8061,2,793.3459,711.8116,22354.0,552.0,207.6312,0.9789,1.7025,596.0,38.8725,0.4317,0.6031,643,990,614,932,182.033
12,151.8061,3,1121.6982,673.7469,14012.0,1532.0,166.512,0.7939,1.657,574.0,40.0716,0.4587,0.6289,990,1335,614,932,182.033
12,151.8061,4,1497.919,695.7991,15819.0,473.0,161.3921,0.8528,1.4934,599.0,19.8146,0.7372,0.8487,1335,1681,614,932,182.033
12,152.2066,1,523.1226,660.6241,13707.0,2085.0,173.7788,0.6607,1.863,579.0,31.5684,0.5995,0.7496,297,643,614,932,182.033
12,152.2066,2,815.9704,706.2847,20155.0,978.0,213.2675,0.8927,1.9363,584.0,38.2982,0.4729,0.6421,643,990,614,932,182.033
12,152.2066,3,1088.5461,683.6286,15483.0,911.0,177.9109,0.7259,1.8376,608.0,46.9195,0.3516,0.5203,990,1335,614,932,182.033
12,152.2066,4,1499.0391,697.3714,15023.0,386.0,148.8036,0.9358,1.347,601.0,18.4232,0.7367,0.8484,1335,1681,614,932,182.033
12,152.6072,1,525.4966,666.3704,15317.0,1944.0,165.9837,0.784,1.5088,579.0,25.3125,0.6767,0.8072,297,643,614,932,182.033
12,152.6072,2,844.5877,706.8572,20277.0,1728.0,216.4786,0.938,1.9492,572.0,43.3209,0.4515,0.6221,643,990,614,932,182.033
12,152.6072,3,1076.3018,675.8605,15254.0,1093.0,173.1756,0.8133,1.5765,597.0,41.2386,0.4614,0.6315,990,1335,614,932,182.033
12,152.6072,4,1503.6358,690.1905,14419.0,691.0,141.4718,0.9989,1.2522,595.0,24.3845,0.6537,0.7906,1335,1681,614,932,182.033
12,153.0077,1,519.1176,676.5267,16671.0,1770.0,164.1567,0.9316,1.3937,582.0,26.5777,0.6664,0.7998,297,643,614,932,182.033
12,153.0077,2,874.5157,706.9854,20197.0,1468.0,221.7899,0.919,1.8977,576.0,45.6177,0.4097,0.5812,643,990,614,932,182.033
12,153.0077,3,1095.049,671.7815,15626.0,1166.0,217.2861,0.5521,2.4076,597.0,28.8942,0.6021,0.7516,990,1335,614,932,182.033
12,153.0077,4,1510.9227,691.7872,15173.0,526.0,145.1858,0.963,1.2392,599.0,22.9534,0.682,0.811,1335,1681,614,932,182.033
12,153.4083,1,516.0918,683.7185,19273.0,2620.0,179.5576,0.9999,1.3802,569.0,27.7347,0.6329,0.7752,297,643,614,932,182.033
12,153.4083,2,889.8064,711.6249,22578.0,1633.0,225.6998,0.9532,1.7749,575.0,28.1016,0.616,0.7624,643,990,614,932,182.033
12,153.4083,3,1147.4791,655.7598,16358.0,1230.0,274.6391,0.3612,3.6578,595.0,38.0184,0.4319,0.6032,990,1335,614,932,182.033
12,153.4083,4,1518.8949,687.1129,16680.0,658.0,163.7232,0.6268,1.4515,600.0,24.326,0.6502,0.788,1335,1681,614,932,182.033
12,153.8088,1,511.9909,685.7066,17596.0,2266.0,195.7483,0.9231,1.8897,572.0,28.8739,0.6149,0.7616,297,643,614,932,182.033
12,153.8088,2,885.8883,703.1111,18286.0,1577.0,222.9166,0.8781,2.149,577.0,30.0393,0.5812,0.7352,643,990,614,932,182.033
12,153.8088,3,1195.762,656.5054,15038.0,912.0,249.9448,0.2895,3.4172,596.0,42.6122,0.4126,0.5842,990,1335,614,932,182.033
12,153.8088,4,1530.8888,678.767,17690.0,1054.0,169.1003,0.5817,1.4154,594.0,26.4463,0.6221,0.7671,1335,1681,614,932,182.033
12,154.2094,1,515.1017,688.9535,17329.0,1677.0,174.9762,0.9747,1.5891,581.0,30.3686,0.6008,0.7506,297,643,614,932,182.033
12,154.2094,2,889.6048,696.9698,17086.0,1751.0,211.7474,0.9092,2.0147,574.0,22.5458,0.6999,0.8235,643,990,614,932,182.033
12,154.2094,3,1219.7466,664.5754,12985.0,693.0,174.9562,0.3894,2.144,597.0,35.6415,0.4549,0.6253,990,1335,614,932,182.033
12,154.2094,4,1543.8897,683.5888,18582.0,617.0,190.7363,0.4616,1.7157,601.0,23.9839,0.6735,0.8049,1335,1681,614,932,182.033
12,154.6099,1,528.3248,679.798,16051.0,1904.0,164.0152,0.991,1.4408,576.0,23.6585,0.6964,0.821,297,643,614,932,182.033
12,154.6099,2,904.5938,707.1571,17783.0,822.0,197.5502,0.9027,1.9806,613.0,31.7406,0.5734,0.7289,643,990,614,932,182.033
12,154.6099,3,1234.3289,676.3364,13869.0,1062.0,176.1129,0.7051,1.95,586.0,38.2108,0.4508,0.6214,990,1335,614,932,182.033
12,154.6099,4,1550.9118,678.7888,17184.0,962.0,188.9834,0.495,1.7289,595.0,21.8907,0.6965,0.8211,1335,1681,614,932,182.033
12,155.0105,1,535.2353,681.9533,16035.0,1928.0,178.4974,0.986,1.7004,577.0,24.3212,0.681,0.8103,297,643,614,932,182.033
12,155.0105,2,904.9277,701.1861,17554.0,1451.0,198.4837,0.9925,1.6757,572.0,29.3652,0.6284,0.7718,643,990,614,932,182.033
12,155.0105,3,1235.6527,700.6639,13749.0,245.0,182.0339,0.6628,2.1482,614.0,36.7126,0.4762,0.6452,990,1335,614,932,182.033
12,155.0105,4,1553.9718,684.0213,17331.0,599.0,190.1528,0.4627,1.8181,602.0,21.5384,0.7109,0.831,1335,1681,614,932,182.033
12,155.411,1,540.8944,683.1569,17318.0,2155.0,184.8823,0.993,1.5963,570.0,18.9867,0.7803,0.8766,297,643,614,932,182.033
12,155.411,2,908.56,704.5404,19726.0,1034.0,195.556,0.9895,1.5717,583.0,30.2335,0.581,0.735,643,990,614,932,182.033
12,155.411,3,1256.7246,685.7443,12366.0,517.0,146.0876,0.8506,1.6423,613.0,34.7916,0.47,0.6395,990,1335,614,932,182.033
12,155.411,4,1562.6659,683.1477,16990.0,852.0,187.5486,0.5317,1.8229,599.0,19.3171,0.7657,0.8673,1335,1681,614,932,182.033
12,155.8115,1,552.3812,686.1878,16866.0,1491.0,173.6618,0.9967,1.5094,588.0,31.64,0.5974,0.748,297,643,614,932,182.033
12,155.8115,2,892.8564,714.6967,19005.0,783.0,212.4485,0.9829,1.9609,586.0,37.5784,0.5157,0.6805,643,990,614,932,182.033
12,155.8115,3,1258.2268,659.8652,10163.0,650.0,119.6509,0.2963,1.1653,600.0,34.8726,0.5058,0.6718,990,1335,614,932,182.033
12,155.8115,4,1570.4444,681.9871,16723.0,748.0,174.8601,0.6125,1.601,600.0,23.983,0.6677,0.8008,1335,1681,614,932,182.033
12,156.2121,1,546.53,686.3573,16077.0,1721.0,185.2776,0.9354,1.827,579.0,26.2189,0.6619,0.7965,297,643,614,932,182.033
12,156.2121,2,890.4329,705.1247,19097.0,942.0,208.1027,0.8816,1.9307,611.0,26.6832,0.6737,0.805,643,990,614,932,182.033
12,156.2121,3,1246.0945,663.7172,15157.0,851.0,192.1303,0.4119,1.9979,598.0,36.5707,0.5059,0.6719,990,1335,614,932,182.033
12,156.2121,4,1573.8375,681.7622,15881.0,573.0,173.8523,0.5791,1.7038,602.0,15.4817,0.825,0.9041,1335,1681,614,932,182.033
12,156.6126,1,525.1249,686.3211,18094.0,2130.0,186.9944,0.9984,1.6151,571.0,37.8541,0.4892,0.657,297,643,614,932,182.033
12,156.6126,2,886.4519,701.5788,18368.0,1194.0,205.6983,0.8974,1.8471,578.0,23.5761,0.7006,0.8239,643,990,614,932,182.033
12,156.6126,3,1219.2178,666.3138,17918.0,845.0,238.1001,0.3714,2.8578,599.0,34.3813,0.5061,0.672,990,1335,614,932,182.033
12,156.6126,4,1576.582,687.1387,15850.0,572.0,176.3281,0.6397,1.764,601.0,20.562,0.7275,0.8423,1335,1681,614,932,182.033
12,157.0132,1,510.6227,701.8645,17367.0,937.0,183.5534,0.9979,1.6715,590.0,29.1292,0.622,0.767,297,643,614,932,182.033
12,157.0132,2,892.0814,710.5328,18497.0,979.0,237.2327,0.8831,2.3011,586.0,27.548,0.6245,0.7689,643,990,614,932,182.033
12,157.0132,3,1158.8009,658.5062,16896.0,1132.0,241.3433,0.35,2.9175,598.0,40.3136,0.4214,0.5929,990,1335,614,932,182.033
12,157.0132,4,1578.2066,687.2017,15400.0,813.0,165.2123,0.6849,1.6248,598.0,16.6431,0.7859,0.8801,1335,1681,614,932,182.033
12,157.4137,1,502.4475,713.5042,17961.0,719.0,193.0546,0.9515,1.8547,594.0,29.9157,0.5806,0.7347,297,643,614,932,182.033
12,157.4137,2,905.2323,696.5651,17000.0,1893.0,212.6359,0.9401,2.0694,562.0,31.156,0.5998,0.7499,643,990,614,932,182.033
12,157.4137,3,1134.5236,664.6259,16206.0,1051.0,231.6739,0.43,2.8157,596.0,37.1919,0.5219,0.6859,990,1335,614,932,182.033
12,157.4137,4,1577.5349,689.4973,15063.0,513.0,166.7707,0.6669,1.6745,602.0,17.2966,0.7961,0.8865,1335,1681,614,932,182.033
12,157.8143,1,494.3291,686.131,18379.0,2768.0,206.0096,0.9586,1.9626,563.0,28.4388,0.6078,0.756,297,643,614,932,182.033
12,157.8143,2,914.6494,712.2333,14748.0,1219.0,198.5053,0.9038,2.4637,612.0,35.6666,0.5439,0.7045,643,990,614,932,182.033
12,157.8143,3,1124.5419,672.3462,16097.0,882.0,226.745,0.4495,2.7594,598.0,28.7258,0.6202,0.7656,990,1335,614,932,182.033
12,157.8143,4,1582.4647,688.2855,14944.0,723.0,167.6368,0.7496,1.6969,599.0,15.6052,0.7902,0.8828,1335,1681,614,932,182.033
12,158.2148,1,488.1498,668.632,15266.0,2679.0,174.6898,0.9889,1.6986,558.0,32.6674,0.5275,0.6907,297,643,614,932,182.033
12,158.2148,2,919.3727,714.3063,14334.0,1111.0,191.3267,0.925,2.343,611.0,20.193,0.7274,0.8422,643,990,614,932,182.033
12,158.2148,3,1127.2819,693.5287,16842.0,1352.0,193.3375,0.8342,2.0748,593.0,35.8571,0.4232,0.5947,990,1335,614,932,182.033
12,158.2148,4,1579.6186,694.0642,14828.0,461.0,172.9616,0.7074,1.9029,603.0,21.0096,0.7209,0.8378,1335,1681,614,932,182.033
12,158.6153,1,484.6493,691.1057,17306.0,1743.0,185.7159,0.996,1.7057,579.0,27.9865,0.6793,0.809,297,643,614,932,182.033
12,158.6153,2,918.7581,707.4537,14215.0,1414.0,229.0374,0.9761,2.6166,578.0,24.3342,0.6762,0.8068,643,990,614,932,182.033
12,158.6153,3,1113.7979,688.1193,13603.0,785.0,215.5936,0.604,3.1299,597.0,32.0245,0.4992,0.6659,990,1335,614,932,182.033
12,158.6153,4,1579.043,700.5292,14792.0,452.0,178.5526,0.7403,2.0516,603.0,19.7293,0.695,0.8201,1335,1681,614,932,182.033
12,159.0159,1,489.8251,697.6934,17637.0,1023.0,240.3493,0.687,2.7636,593.0,46.6878,0.3465,0.5147,297,643,614,932,182.033
12,159.0159,2,916.1357,713.9805,15178.0,1215.0,221.5287,0.9621,2.5498,582.0,23.4337,0.7111,0.8312,643,990,614,932,182.033
12,159.0159,3,1092.4649,665.3842,11512.0,1895.0,159.2693,0.9046,2.0363,574.0,36.9409,0.4003,0.5718,990,1335,614,932,182.033
12,159.0159,4,1580.2229,699.2153,14444.0,598.0,168.7816,0.7764,1.915,601.0,23.1805,0.6568,0.7929,1335,1681,614,932,182.033
12,159.4164,1,470.8513,656.9035,14523.0,3781.0,175.5806,0.8155,1.9273,566.0,45.5925,0.3739,0.5443,297,643,614,932,182.033
12,159.4164,2,913.5953,699.758,14919.0,1930.0,215.4904,0.9758,2.5025,569.0,25.189,0.6541,0.7909,643,990,614,932,182.033
12,159.4164,3,1098.2936,699.6248,10919.0,501.0,176.6011,0.8305,2.7891,601.0,34.6278,0.41,0.5815,990,1335,614,932,182.033
12,159.4164,4,1585.1651,688.8039,13470.0,931.0,162.3604,0.8733,1.8453,596.0,25.4313,0.6431,0.7828,1335,1681,614,932,182.033
12,159.817,1,435.9074,643.9456,8442.0,1829.0,115.3392,0.299,2.5825,593.0,36.0639,0.3294,0.4955,297,643,614,932,182.033
12,159.817,2,917.2748,710.3168,14653.0,909.0,188.3369,0.9175,2.14,614.0,25.0385,0.6716,0.8035,643,990,614,932,182.033
12,159.817,3,1071.1401,689.2582,8072.0,602.0,143.268,0.9787,2.5029,596.0,33.3202,0.3335,0.5002,990,1335,614,932,182.033
12,159.817,4,1581.9157,693.0649,13055.0,608.0,157.1329,0.8601,1.7714,599.0,19.7377,0.7235,0.8396,1335,1681,614,932,182.033
12,160.2175,1,439.736,627.9685,8253.0,2704.0,149.7167,0.5407,2.1422,573.0,34.9298,0.4356,0.6069,297,643,614,932,182.033
12,160.2175,2,911.3955,709.102,16156.0,1619.0,221.214,0.9661,2.3916,572.0,24.9809,0.6859,0.8137,643,990,614,932,182.033
12,160.2175,3,1075.27,644.3432,8867.0,1410.0,143.4918,0.5281,1.8937,591.0,41.1533,0.3241,0.4895,990,1335,614,932,182.033
12,160.2175,4,1587.337,681.2391,12307.0,936.0,150.064,0.9801,1.6044,593.0,29.1741,0.6116,0.759,1335,1681,614,932,182.033
12,160.6181,1,474.1613,636.6473,10097.0,2928.0,162.7279,0.6,2.1972,572.0,48.5438,0.3404,0.5079,297,643,614,932,182.033
12,160.6181,2,904.8049,706.0459,15728.0,1359.0,186.5424,0.8646,2.1194,615.0,22.9025,0.6844,0.8126,643,990,614,932,182.033
12,160.6181,3,1117.4523,648.1813,11115.0,1669.0,179.6427,0.5134,2.273,593.0,55.8183,0.3317,0.4981,990,1335,614,932,182.033
12,160.6181,4,1578.9218,686.6681,12354.0,814.0,147.7204,0.974,1.6,597.0,27.2224,0.6125,0.7597,1335,1681,614,932,182.033
12,161.0186,1,509.7962,641.0522,11165.0,3075.0,155.6553,0.8249,1.8301,562.0,54.5245,0.297,0.458,297,643,614,932,182.033
12,161.0186,2,906.8229,702.1016,16752.0,1396.0,211.9303,0.9623,1.9972,578.0,22.5176,0.7089,0.8297,643,990,614,932,182.033
12,161.0186,3,1169.6364,653.6292,12719.0,1378.0,188.0266,0.4269,2.3747,596.0,65.7473,0.2538,0.4049,990,1335,614,932,182.033
12,161.0186,4,1556.7731,672.0789,13759.0,1295.0,177.7205,0.6488,1.9905,594.0,43.4634,0.4223,0.5938,1335,1681,614,932,182.033
12,161.4192,1,529.0221,667.5115,12807.0,2235.0,197.3808,0.9217,2.4216,574.0,53.3741,0.3738,0.5441,297,643,614,932,182.033
12,161.4192,2,907.1949,710.0471,16678.0,890.0,197.0692,0.8897,2.1251,613.0,21.3899,0.7298,0.8438,643,990,614,932,182.033
12,161.4192,3,1206.691,662.2768,12607.0,881.0,175.8893,0.4741,2.1777,599.0,56.0521,0.3372,0.5043,990,1335,614,932,182.033
12,161.4192,4,1505.7827,664.7024,14807.0,1748.0,216.7388,0.5257,2.7219,591.0,56.6316,0.3174,0.4819,1335,1681,614,932,182.033
12,161.8197,1,536.2203,688.7793,12222.0,961.0,206.0938,0.8982,2.7754,584.0,47.5018,0.5445,0.7051,297,643,614,932,182.033
12,161.8197,2,903.9101,708.1028,16592.0,1550.0,213.8051,0.9549,2.094,576.0,27.3281,0.6249,0.7692,643,990,614,932,182.033
12,161.8197,3,1233.1769,661.8931,10747.0,702.0,146.6794,0.5489,1.8033,599.0,44.0784,0.4882,0.6561,990,1335,614,932,182.033
12,161.8197,4,1456.5359,666.3255,13662.0,1612.0,177.8664,0.6275,2.0752,591.0,57.9726,0.2633,0.4169,1335,1681,614,932,182.033
12,162.2202,1,537.8483,689.0785,13333.0,2269.0,212.4327,0.9678,3.1202,565.0,35.0241,0.5199,0.6841,297,643,614,932,182.033
12,162.2202,2,911.8159,714.007,17229.0,1495.0,190.7929,0.9544,1.9063,607.0,25.6282,0.6554,0.7918,643,990,614,932,182.033
12,162.2202,3,1243.472,675.2728,11090.0,497.0,146.9872,0.7459,1.8966,600.0,38.8157,0.5487,0.7086,990,1335,614,932,182.033
12,162.2202,4,1426.4169,676.5462,12187.0,1090.0,159.8875,0.7677,1.945,593.0,45.1627,0.3771,0.5476,1335,1681,614,932,182.033
12,162.6208,1,539.0991,672.8766,9605.0,1447.0,154.1468,0.9812,2.2595,582.0,34.7761,0.539,0.7005,297,643,614,932,182.033
12,162.6208,2,908.2743,714.9479,16835.0,602.0,202.5551,0.9009,2.1759,616.0,29.3342,0.6033,0.7526,643,990,614,932,182.033
12,162.6208,3,1264.852,674.4474,9316.0,387.0,127.9777,0.8936,1.6255,601.0,38.6844,0.5056,0.6717,990,1335,614,932,182.033
12,162.6208,4,1412.8129,679.0245,11612.0,1145.0,157.1318,0.8519,1.9239,591.0,31.8609,0.5147,0.6796,1335,1681,614,932,182.033
12,163.0213,1,520.9935,633.1218,11153.0,3532.0,179.904,0.5748,2.2566,567.0,44.8936,0.3384,0.5056,297,643,614,932,182.033
12,163.0213,2,893.7485,691.4267,16451.0,1982.0,203.5787,0.957,1.8919,561.0,41.8481,0.4704,0.6398,643,990,614,932,182.033
12,163.0213,3,1256.6718,673.6416,13769.0,1909.0,182.0321,0.9915,1.8426,575.0,40.1404,0.4875,0.6555,990,1335,614,932,182.033
12,163.0213,4,1409.5034,687.9901,11175.0,673.0,147.4669,0.8918,1.8573,597.0,27.2799,0.5998,0.7498,1335,1681,614,932,182.033
12,163.4219,1,475.1177,635.2823,12309.0,3657.0,174.4283,0.5611,2.007,575.0,57.1155,0.3355,0.5024,297,643,614,932,182.033
12,163.4219,2,902.6673,706.7075,19651.0,1093.0,201.5714,0.9944,1.6559,582.0,32.3182,0.569,0.7253,643,990,614,932,182.033
12,163.4219,3,1222.0369,683.6524,13091.0,512.0,143.8671,0.9649,1.3987,599.0,56.0038,0.2884,0.4477,990,1335,614,932,182.033
12,163.4219,4,1409.5573,679.8929,10973.0,723.0,143.2544,0.9037,1.6563,596.0,22.3427,0.6912,0.8174,1335,1681,614,932,182.033
12,163.8224,1,464.8128,661.425,14180.0,3029.0,194.7544,0.7798,2.2636,571.0,44.8341,0.4728,0.642,297,643,614,932,182.033
12,163.8224,2,897.0404,713.1472,19688.0,684.0,214.2495,0.8699,2.0561,613.0,27.4309,0.6424,0.7823,643,990,614,932,182.033
12,163.8224,3,1190.3991,685.6494,12830.0,633.0,146.5548,0.8524,1.5665,594.0,48.9126,0.3593,0.5287,990,1335,614,932,182.033
12,163.8224,4,1417.0127,680.2232,11786.0,773.0,149.4724,0.8627,1.6467,596.0,24.0327,0.6356,0.7772,1335,1681,614,932,182.033
12,164.223,1,452.0708,642.4376,14185.0,4194.0,193.9176,0.6381,2.3591,565.0,31.774,0.5971,0.7478,297,643,614,932,182.033
12,164.223,2,894.2126,700.4578,18998.0,1804.0,223.8989,0.9303,1.9969,572.0,23.1198,0.7135,0.8328,643,990,614,932,182.033
12,164.223,3,1156.5571,666.0073,14187.0,1152.0,173.3369,0.5228,1.9012,596.0,38.1875,0.3967,0.5681,990,1335,614,932,182.033
12,164.223,4,1420.3293,685.3561,12610.0,706.0,148.1747,0.8024,1.5613,596.0,21.1574,0.7021,0.825,1335,1681,614,932,182.033
12,164.6235,1,435.3664,647.5062,13508.0,3600.0,185.2295,0.633,2.1867,569.0,37.6648,0.5542,0.7132,297,643,614,932,182.033
12,164.6235,2,903.5556,712.1776,19165.0,1306.0,197.0901,0.9019,1.8766,612.0,24.3759,0.6416,0.7817,643,990,614,932,182.033
12,164.6235,3,1125.0231,661.4445,14647.0,1742.0,186.7906,0.4438,2.1482,589.0,40.2749,0.3963,0.5677,990,1335,614,932,182.033
12,164.6235,4,1426.3524,682.2481,13121.0,605.0,157.6867,0.7086,1.6418,599.0,22.8236,0.6661,0.7996,1335,1681,614,932,182.033
12,165.024,1,416.4993,654.4545,13198.0,2838.0,176.8353,0.764,2.0671,571.0,44.3029,0.4994,0.6661,297,643,614,932,182.033
12,165.024,2,902.7184,709.1317,18119.0,1517.0,186.2824,0.8865,1.7757,614.0,18.9073,0.7324,0.8455,643,990,614,932,182.033
12,165.024,3,1091.1499,675.9066,14898.0,1448.0,164.3006,0.8357,1.684,589.0,42.0055,0.3325,0.4991,990,1335,614,932,182.033
12,165.024,4,1429.4212,683.1735,13712.0,564.0,164.9639,0.6914,1.6603,599.0,20.2547,0.733,0.8459,1335,1681,614,932,182.033
12,165.4246,1,412.2649,669.1819,13209.0,2060.0,184.0682,0.7812,2.2945,574.0,32.856,0.5975,0.7481,297,643,614,932,182.033
12,165.4246,2,903.9841,714.6571,17454.0,1431.0,214.1286,0.9633,2.0251,576.0,16.9461,0.7619,0.8649,643,990,614,932,182.033
12,165.4246,3,1091.8092,690.6157,12389.0,717.0,165.3677,0.7665,2.1331,605.0,29.8297,0.5337,0.6959,990,1335,614,932,182.033
12,165.4246,4,1437.838,684.7467,14274.0,621.0,164.4243,0.655,1.6421,598.0,24.1355,0.6566,0.7927,1335,1681,614,932,182.033
12,165.8251,1,404.6605,664.8294,12796.0,1941.0,176.2102,0.8094,2.1249,576.0,20.6527,0.7965,0.8868,297,643,614,932,182.033
12,165.8251,2,898.72,714.4596,14420.0,806.0,197.9079,0.8082,2.4492,612.0,30.1677,0.5424,0.7033,643,990,614,932,182.033
12,165.8251,3,1081.8538,676.1007,9446.0,982.0,146.0456,0.7966,2.174,592.0,27.0178,0.494,0.6613,990,1335,614,932,182.033
12,165.8251,4,1443.1944,682.6386,14023.0,694.0,154.8131,0.6897,1.4655,597.0,19.9351,0.7102,0.8305,1335,1681,614,932,182.033
12,166.2257,1,403.992,670.035,12525.0,1746.0,174.5981,0.8506,2.1366,577.0,23.2065,0.7331,0.846,297,643,614,932,182.033
12,166.2257,2,911.1542,697.7478,11829.0,1433.0,209.6601,0.9293,3.0472,572.0,27.8753,0.5587,0.7169,643,990,614,932,182.033
12,166.2257,3,1068.2255,659.3129,7481.0,1108.0,135.8752,0.9562,2.2531,589.0,24.321,0.5502,0.7099,990,1335,614,932,182.033
12,166.2257,4,1452.9557,687.7066,14529.0,762.0,146.842,0.8148,1.2981,595.0,22.3079,0.6766,0.8071,1335,1681,614,932,182.033
12,166.6262,1,399.4583,649.3089,10176.0,2057.0,148.6883,0.9476,1.7476,574.0,32.9558,0.6169,0.7631,297,643,614,932,182.033
12,166.6262,2,920.2676,712.0397,10946.0,1097.0,216.8549,0.9665,3.3965,581.0,36.4332,0.4786,0.6474,643,990,614,932,182.033
12,166.6262,3,1062.8429,662.4169,7709.0,1038.0,149.025,0.9898,2.1938,586.0,28.9964,0.5432,0.704,990,1335,614,932,182.033
12,166.6262,4,1461.3282,685.0531,14462.0,625.0,140.1059,0.8433,1.184,599.0,20.9105,0.6994,0.8231,1335,1681,614,932,182.033
12,167.0268,1,407.245,642.4335,8568.0,1893.0,128.5646,0.9816,1.5212,577.0,23.4597,0.6987,0.8227,297,643,614,932,182.033
12,167.0268,2,918.277,726.8879,11236.0,756.0,234.3347,0.9626,4.0768,590.0,27.7522,0.6352,0.7769,643,990,614,932,182.033
12,167.0268,3,1081.0317,680.3015,9793.0,661.0,163.8704,0.9646,2.1966,594.0,37.5648,0.3582,0.5275,990,1335,614,932,182.033
12,167.0268,4,1473.9697,687.603,14747.0,689.0,133.3647,0.9453,1.0921,598.0,23.431,0.668,0.801,1335,1681,614,932,182.033
12,167.4273,1,408.7676,663.5241,10777.0,1982.0,134.6607,0.9659,1.6011,573.0,27.8032,0.6124,0.7596,297,643,614,932,182.033
12,167.4273,2,914.4339,707.8964,11011.0,1486.0,235.7391,0.9678,4.2014,572.0,34.5886,0.5587,0.7169,643,990,614,932,182.033
12,167.4273,3,1117.5799,664.9531,11249.0,1155.0,172.6336,0.7471,2.1821,592.0,49.2774,0.3227,0.488,990,1335,614,932,182.033
12,167.4273,4,1486.1669,684.3653,15391.0,867.0,142.1737,0.9955,1.1401,594.0,30.7997,0.5721,0.7279,1335,1681,614,932,182.033
12,167.8279,1,422.8783,653.818,10080.0,1843.0,142.2026,0.9987,1.6335,575.0,29.5062,0.5844,0.7377,297,643,614,932,182.033
12,167.8279,2,905.1564,700.7548,10615.0,1230.0,216.6009,0.9581,3.6607,579.0,40.6607,0.4446,0.6156,643,990,614,932,182.033
12,167.8279,3,1162.0588,654.9136,11858.0,1316.0,166.1881,0.5565,1.9078,593.0,54.8054,0.3462,0.5143,990,1335,614,932,182.033
12,167.8279,4,1505.8733,693.6207,15749.0,590.0,143.3998,0.99,1.1897,599.0,32.7797,0.5163,0.681,1335,1681,614,932,182.033
12,168.2284,1,429.6029,656.3235,10546.0,1911.0,153.9251,0.9591,1.8504,574.0,29.1594,0.679,0.8088,297,643,614,932,182.033
12,168.2284,2,901.5919,681.0175,11543.0,1701.0,227.9122,0.9447,3.5427,570.0,34.4796,0.5655,0.7224,643,990,614,932,182.033
12,168.2284,3,1197.516,658.1105,12472.0,1255.0,179.9991,0.4938,2.2433,594.0,52.9632,0.4005,0.572,990,1335,614,932,182.033
12,168.2284,4,1527.4846,694.8088,16211.0,568.0,147.1652,0.9993,1.2281,597.0,30.3553,0.5714,0.7273,1335,1681,614,932,182.033
12,168.6289,1,438.7863,666.8424,11738.0,2004.0,158.5108,0.9561,1.8915,569.0,34.2709,0.5883,0.7408,297,643,614,932,182.033
12,168.6289,2,892.1888,704.0024,12588.0,1372.0,226.6968,0.9373,3.6004,579.0,24.632,0.6954,0.8204,643,990,614,932,182.033
12,168.6289,3,1221.6295,672.6556,12706.0,901.0,169.2666,0.6532,2.03,595.0,52.4858,0.3582,0.5274,990,1335,614,932,182.033
12,168.6289,4,1544.1341,693.18,15606.0,573.0,163.043,0.8006,1.5591,601.0,34.2049,0.5258,0.6892,1335,1681,614,932,182.033
12,169.0295,1,448.487,678.5374,12367.0,1572.0,170.2353,0.9586,2.0605,575.0,35.6439,0.5607,0.7185,297,643,614,932,182.033
12,169.0295,2,884.683,709.1588,12892.0,830.0,186.9353,0.9984,2.3691,587.0,37.1251,0.4848,0.6531,643,990,614,932,182.033
12,169.0295,3,1248.2117,673.7039,10602.0,844.0,146.6328,0.7781,1.8909,594.0,40.2145,0.4654,0.6351,990,1335,614,932,182.033
12,169.0295,4,1555.7308,687.9323,17185.0,896.0,195.1519,0.629,2.012,597.0,32.7363,0.544,0.7046,1335,1681,614,932,182.033
12,169.43,1,464.1854,674.3678,15868.0,3365.0,215.5525,0.9699,2.4842,552.0,41.8485,0.5094,0.675,297,643,614,932,182.033
12,169.43,2,877.0196,708.7102,13742.0,775.0,191.5426,0.9984,2.3093,587.0,39.7989,0.4234,0.5949,643,990,614,932,182.033
12,169.43,3,1262.9075,672.1733,9698.0,727.0,129.3723,0.9401,1.5907,596.0,42.09,0.5004,0.667,990,1335,614,932,182.033
12,169.43,4,1557.83,681.7587,17869.0,1026.0,221.449,0.5462,2.3966,593.0,24.7176,0.6585,0.7941,1335,1681,614,932,182.033
12,169.8306,1,469.3519,696.9788,14383.0,1003.0,200.3898,0.9019,2.3695,585.0,37.1902,0.5464,0.7067,297,643,614,932,182.033
12,169.8306,2,861.8695,699.5047,14051.0,1289.0,208.5487,0.9825,2.5404,577.0,41.6595,0.4806,0.6492,643,990,614,932,182.033
12,169.8306,3,1278.1001,670.6672,9490.0,608.0,125.2958,0.9177,1.5136,612.0,33.3762,0.588,0.7406,990,1335,614,932,182.033
12,169.8306,4,1544.6279,686.0731,17665.0,851.0,197.906,0.6753,1.9659,595.0,31.5248,0.5877,0.7403,1335,1681,614,932,182.033
12,170.2311,1,481.5651,671.7487,16067.0,3741.0,195.899,0.9854,2.0841,570.0,38.9737,0.4812,0.6498,297,643,614,932,182.033
12,170.2311,2,850.5558,677.0628,14400.0,2403.0,217.9626,0.9901,2.5603,558.0,31.5356,0.6164,0.7627,643,990,614,932,182.033
12,170.2311,3,1267.6443,670.9236,12925.0,554.0,145.6724,0.6729,1.3179,602.0,35.0121,0.5258,0.6892,990,1335,614,932,182.033
12,170.2311,4,1544.074,695.2818,17440.0,466.0,211.0768,0.6537,2.2482,600.0,26.1976,0.6843,0.8126,1335,1681,614,932,182.033
12,170.6317,1,489.4655,671.1075,15220.0,3150.0,189.3425,0.9355,2.0605,561.0,35.4866,0.5271,0.6903,297,643,614,932,182.033
12,170.6317,2,851.1506,718.4968,14548.0,509.0,210.5318,0.9907,2.553,597.0,41.2408,0.5395,0.7009,643,990,614,932,182.033
12,170.6317,3,1244.3683,674.127,15977.0,693.0,186.6268,0.4961,1.8355,599.0,32.9859,0.5419,0.7029,990,1335,614,932,182.033
12,170.6317,4,1537.4819,697.2376,17666.0,580.0,217.3768,0.6261,2.406,602.0,24.5198,0.6792,0.8089,1335,1681,614,932,182.033
12,171.0322,1,506.853,682.3401,12096.0,966.0,185.367,0.9601,2.2148,584.0,45.9798,0.4769,0.6458,297,643,614,932,182.033
12,171.0322,2,862.4287,723.9911,14741.0,619.0,237.6586,0.9781,3.2454,594.0,35.2061,0.5807,0.7347,643,990,614,932,182.033
12,171.0322,3,1205.4146,668.8701,15486.0,1066.0,190.3862,0.5704,1.9608,593.0,43.5138,0.4352,0.6065,990,1335,614,932,182.033
12,171.0322,4,1524.0769,679.2703,18023.0,1301.0,239.2498,0.4936,2.8171,592.0,29.2053,0.6379,0.779,1335,1681,614,932,182.033
12,171.4327,1,514.1223,693.9125,14265.0,1365.0,203.6144,0.9929,2.3911,585.0,33.2259,0.6688,0.8016,297,643,614,932,182.033
12,171.4327,2,867.1867,692.6988,14790.0,1995.0,230.4875,0.9504,2.9487,560.0,37.2188,0.5583,0.7165,643,990,614,932,182.033
12,171.4327,3,1171.4026,671.3854,15238.0,845.0,212.0513,0.5366,2.4788,594.0,43.5656,0.4391,0.6102,990,1335,614,932,182.033
12,171.4327,4,1483.6744,666.585,17808.0,1074.0,227.6831,0.4199,2.4796,596.0,37.9946,0.4652,0.635,1335,1681,614,932,182.033
12,171.8333,1,510.9479,689.39,14614.0,1958.0,208.943,0.9516,2.5456,578.0,29.7685,0.661,0.7959,297,643,614,932,182.033
12,171.8333,2,861.0181,711.5961,15211.0,1057.0,219.4474,0.9492,2.5532,583.0,28.3118,0.6798,0.8094,643,990,614,932,182.033
12,171.8333,3,1151.5469,685.6433,16203.0,737.0,227.8886,0.5324,2.8336,596.0,42.5285,0.4411,0.6122,990,1335,614,932,182.033
12,171.8333,4,1460.3729,676.4308,15849.0,1041.0,210.1793,0.4787,2.4757,595.0,37.2217,0.4605,0.6306,1335,1681,614,932,182.033
12,172.2338,1,512.4965,671.9363,15472.0,3082.0,217.7528,0.8967,2.3982,556.0,35.6664,0.6119,0.7592,297,643,614,932,182.033
12,172.2338,2,864.5958,708.0187,15013.0,1399.0,210.8795,1.0,2.5678,581.0,35.5003,0.528,0.6911,643,990,614,932,182.033
12,172.2338,3,1130.9468,689.2432,15606.0,1018.0,216.2026,0.6622,2.6489,591.0,38.2039,0.4916,0.6592,990,1335,614,932,182.033
12,172.2338,4,1443.8161,677.7388,13520.0,1133.0,163.2472,0.6286,1.9267,591.0,30.9445,0.5056,0.6716,1335,1681,614,932,182.033
12,172.6344,1,507.0206,690.4034,14099.0,1355.0,182.8671,0.9631,1.9655,579.0,35.5633,0.6166,0.7628,297,643,614,932,182.033
12,172.6344,2,859.7833,700.7494,15863.0,1571.0,232.3754,0.9992,2.7281,568.0,31.3396,0.6094,0.7573,643,990,614,932,182.033
12,172.6344,3,1109.1052,690.5853,15224.0,1111.0,212.2947,0.6887,2.711,602.0,37.0963,0.4831,0.6514,990,1335,614,932,182.033
12,172.6344,4,1434.4574,687.8572,13676.0,1235.0,171.377,0.7717,2.0525,585.0,30.271,0.5001,0.6668,1335,1681,614,932,182.033
12,173.0349,1,513.14,680.7578,13387.0,1782.0,182.809,0.9699,2.1684,578.0,39.9147,0.4769,0.6459,297,643,614,932,182.033
12,173.0349,2,852.8347,700.6864,15538.0,1237.0,205.6036,0.9856,2.3303,574.0,31.8335,0.5679,0.7244,643,990,614,932,182.033
12,173.0349,3,1090.3416,696.5551,13202.0,954.0,196.0203,0.7179,2.7533,608.0,40.2361,0.4297,0.6011,990,1335,614,932,182.033
12,173.0349,4,1427.7516,698.1288,13812.0,661.0,188.8152,0.7772,2.3807,598.0,27.3159,0.5705,0.7265,1335,1681,614,932,182.033
12,173.4355,1,493.03,651.1453,12891.0,3249.0,166.8031,0.9024,1.8949,551.0,41.3587,0.4261,0.5976,297,643,614,932,182.033
12,173.4355,2,843.2095,706.9371,16111.0,1740.0,227.1578,0.9882,2.7167,565.0,36.8158,0.5355,0.6975,643,990,614,932,182.033
12,173.4355,3,1082.4027,713.071,11175.0,511.0,174.7813,0.8677,2.7189,602.0,33.7955,0.4328,0.6042,990,1335,614,932,182.033
12,173.4355,4,1431.4989,695.2489,13962.0,689.0,194.7712,0.7052,2.4253,597.0,26.8994,0.5803,0.7344,1335,1681,614,932,182.033
12,173.836,1,473.0411,651.0346,14014.0,3992.0,188.6277,0.9983,2.1458,539.0,40.0774,0.4936,0.6609,297,643,614,932,182.033
12,173.836,2,827.5912,709.9874,17250.0,1987.0,228.5476,1.0,2.6729,563.0,37.7355,0.5165,0.6812,643,990,614,932,182.033
12,173.836,3,1074.7034,703.9256,11051.0,1074.0,157.4757,0.9528,2.2764,607.0,27.8903,0.4835,0.6518,990,1335,614,932,182.033
12,173.836,4,1430.3864,677.8303,11246.0,952.0,139.9518,0.8317,1.5726,592.0,33.8955,0.5229,0.6867,1335,1681,614,932,182.033
12,174.2366,1,469.0657,686.9689,13597.0,1507.0,199.4469,0.9705,2.4096,571.0,45.6422,0.4598,0.63,297,643,614,932,182.033
12,174.2366,2,812.1864,725.2022,15264.0,624.0,207.4222,0.9925,2.5016,592.0,38.591,0.4854,0.6536,643,990,614,932,182.033
12,174.2366,3,1071.7126,708.2627,8991.0,427.0,163.0257,0.9325,2.9864,602.0,25.9088,0.4883,0.6562,990,1335,614,932,182.033
12,174.2366,4,1420.2603,675.1618,12534.0,776.0,134.5054,0.8067,1.2136,596.0,29.2898,0.5466,0.7068,1335,1681,614,932,182.033
12,174.6371,1,469.2071,702.1377,14410.0,1036.0,203.749,0.9243,2.432,581.0,31.9876,0.6197,0.7652,297,643,614,932,182.033
12,174.6371,2,802.1518,710.1299,14777.0,970.0,212.7124,0.9998,2.5787,586.0,27.7216,0.658,0.7937,643,990,614,932,182.033
12,174.6371,3,1067.2497,665.9069,8487.0,863.0,138.0921,0.9833,1.8869,591.0,27.8978,0.5034,0.6696,990,1335,614,932,182.033
12,174.6371,4,1426.3059,674.1372,14664.0,589.0,158.2075,0.3183,1.4197,601.0,31.2803,0.5199,0.6841,1335,1681,614,932,182.033
12,175.0376,1,457.1726,674.7565,15211.0,3324.0,200.5064,0.991,2.3579,551.0,47.1858,0.3964,0.5678,297,643,614,932,182.033
12,175.0376,2,796.1264,707.0976,14061.0,866.0,186.3655,0.9986,2.1382,584.0,29.6123,0.654,0.7908,643,990,614,932,182.033
12,175.0376,3,1079.3239,658.4549,9668.0,1102.0,142.627,0.828,1.7293,594.0,36.5211,0.4994,0.6662,990,1335,614,932,182.033
12,175.0376,4,1450.8275,680.2978,16308.0,971.0,149.958,0.5774,1.1615,594.0,34.2394,0.4746,0.6437,1335,1681,614,932,182.033
12,175.4382,1,457.2549,679.0347,12520.0,1353.0,173.4024,0.8597,2.1343,588.0,39.8582,0.4772,0.6461,297,643,614,932,182.033
12,175.4382,2,793.6972,712.6297,13723.0,488.0,184.1374,0.9783,2.1591,595.0,32.579,0.5907,0.7427,643,990,614,932,182.033
12,175.4382,3,1112.7124,659.3221,11304.0,1135.0,172.2585,0.6945,2.023,595.0,48.9014,0.4029,0.5744,990,1335,614,932,182.033
12,175.4382,4,1476.2397,678.0999,16023.0,743.0,182.5563,0.4976,1.7861,600.0,31.9035,0.5255,0.6889,1335,1681,614,932,182.033
12,175.8387,1,474.7722,655.5237,13497.0,2913.0,204.4371,0.595,2.6373,579.0,36.9221,0.5137,0.6787,297,643,614,932,182.033
12,175.8387,2,798.0735,704.1721,12917.0,667.0,170.6002,0.9994,1.9664,590.0,33.7471,0.5876,0.7402,643,990,614,932,182.033
12,175.8387,3,1145.4293,667.2566,12704.0,793.0,186.2128,0.6458,2.1152,599.0,56.587,0.345,0.513,990,1335,614,932,182.033
12,175.8387,4,1501.6092,673.4538,17383.0,884.0,193.2436,0.457,1.8603,599.0,35.8542,0.4982,0.665,1335,1681,614,932,182.033
12,176.2393,1,514.2834,639.4403,12122.0,2914.0,191.4026,0.4067,2.5142,580.0,45.122,0.4289,0.6003,297,643,614,932,182.033
12,176.2393,2,801.9661,705.7952,13047.0,548.0,192.3246,0.9916,2.3273,594.0,29.6565,0.633,0.7752,643,990,614,932,182.033
12,176.2393,3,1174.8421,674.6229,12121.0,680.0,150.5984,0.7686,1.6783,598.0,50.7117,0.3798,0.5505,990,1335,614,932,182.033
12,176.2393,4,1528.9188,692.8902,21152.0,2654.0,227.0532,0.9986,1.834,574.0,42.2729,0.358,0.5272,1335,1681,614,932,182.033
12,176.6398,1,544.0023,645.184,10104.0,2065.0,152.5841,0.6121,2.067,578.0,58.3205,0.3801,0.5508,297,643,614,932,182.033
12,176.6398,2,802.8077,704.5506,13245.0,821.0,180.4987,0.9987,2.1595,588.0,25.5176,0.6798,0.8094,643,990,614,932,182.033
12,176.6398,3,1206.6572,666.9579,10564.0,784.0,145.5127,0.6286,1.8663,596.0,47.7088,0.4058,0.5773,990,1335,614,932,182.033
12,176.6398,4,1557.6994,702.1265,20516.0,5.0,229.146,0.6376,2.116,614.0,45.4908,0.4154,0.587,1335,1681,614,932,182.033
12,177.0404,1,557.7812,665.5399,9615.0,1481.0,142.9656,0.8519,2.0465,578.0,44.3405,0.4189,0.5905,297,643,614,932,182.033
12,177.0404,2,802.9558,692.4533,15640.0,1934.0,205.1509,0.9363,2.3876,574.0,35.2978,0.5069,0.6728,643,990,614,932,182.033
12,177.0404,3,1233.1573,663.0761,12266.0,849.0,164.8808,0.5802,1.7655,590.0,45.6831,0.4638,0.6337,990,1335,614,932,182.033
12,177.0404,4,1557.3471,712.9407,18849.0,149.0,221.0171,0.6144,2.2586,620.0,25.8434,0.673,0.8045,1335,1681,614,932,182.033
12,177.4409,1,564.3985,663.6829,8603.0,1363.0,135.6052,0.9206,1.9944,583.0,31.5176,0.582,0.7358,297,643,614,932,182.033
12,177.4409,2,788.6479,688.7264,15854.0,2089.0,239.273,0.8844,3.0714,572.0,41.3661,0.4995,0.6662,643,990,614,932,182.033
12,177.4409,3,1236.3005,684.0383,15353.0,411.0,157.6713,0.7791,1.3963,607.0,36.3756,0.5103,0.6758,990,1335,614,932,182.033
12,177.4409,4,1566.031,699.5668,17818.0,504.0,202.4746,0.7362,1.9437,602.0,30.5977,0.5904,0.7425,1335,1681,614,932,182.033
12,177.8414,1,576.1886,646.8797,8485.0,2106.0,127.9461,0.9867,1.6197,581.0,36.9398,0.5192,0.6835,297,643,614,932,182.033
12,177.8414,2,783.483,715.0332,15082.0,854.0,221.9228,0.9152,2.8155,589.0,41.7657,0.489,0.6568,643,990,614,932,182.033
12,177.8414,3,1219.4734,680.0611,16094.0,1181.0,185.573,0.772,1.8182,584.0,39.4663,0.445,0.6159,990,1335,614,932,182.033
12,177.8414,4,1568.0677,688.4696,15515.0,639.0,181.706,0.6156,1.9621,606.0,25.8851,0.6658,0.7994,1335,1681,614,932,182.033
12,178.242,1,556.7884,648.848,10642.0,2152.0,139.3929,0.8541,1.4773,578.0,41.0001,0.4924,0.6599,297,643,614,932,182.033
12,178.242,2,770.4511,706.0919,15325.0,1652.0,230.8718,0.8541,3.1804,580.0,34.0991,0.5424,0.7033,643,990,614,932,182.033
12,178.242,3,1191.7734,686.9223,16323.0,843.0,193.9386,0.6086,2.1023,594.0,41.8445,0.4272,0.5987,990,1335,614,932,182.033
12,178.242,4,1570.23,689.6168,15684.0,471.0,156.1481,0.7114,1.3957,601.0,24.0673,0.6251,0.7693,1335,1681,614,932,182.033
12,178.6425,1,527.9663,654.7832,13391.0,2504.0,165.8232,0.5978,1.7272,582.0,43.7611,0.442,0.613,297,643,614,932,182.033
12,178.6425,2,753.4939,684.969,14176.0,2119.0,217.0449,0.8715,2.8639,560.0,36.4208,0.5164,0.6811,643,990,614,932,182.033
12,178.6425,3,1161.2935,668.1157,15235.0,1309.0,194.0491,0.5611,2.1127,593.0,39.1132,0.4915,0.659,990,1335,614,932,182.033
12,178.6425,4,1576.8968,685.8278,14350.0,517.0,149.3906,0.733,1.317,599.0,21.5281,0.6866,0.8142,1335,1681,614,932,182.033
12,179.0431,1,491.6077,644.2052,14136.0,3704.0,195.3379,0.5366,2.2264,573.0,45.2037,0.4398,0.611,297,643,614,932,182.033
12,179.0431,2,736.7609,705.9204,12858.0,1408.0,223.9379,0.9172,3.2563,577.0,48.7353,0.3473,0.5155,643,990,614,932,182.033
12,179.0431,3,1126.8273,670.3809,17262.0,1489.0,198.6904,0.5101,2.0121,595.0,41.7627,0.4259,0.5973,990,1335,614,932,182.033
12,179.0431,4,1585.7041,692.5972,15701.0,392.0,147.7611,0.8041,1.2558,607.0,29.2729,0.6218,0.7668,1335,1681,614,932,182.033
12,179.4436,1,448.5081,640.0999,13786.0,3716.0,183.6771,0.483,2.2368,574.0,49.3014,0.357,0.5262,297,643,614,932,182.033
12,179.4436,2,724.5557,712.9138,12794.0,981.0,215.4203,0.9478,2.9755,586.0,31.3904,0.5698,0.7259,643,990,614,932,182.033
12,179.4436,3,1104.7878,680.5561,13928.0,970.0,184.7685,0.6074,2.2427,595.0,37.6116,0.4359,0.6071,990,1335,614,932,182.033
12,179.4436,4,1589.8546,695.82,15908.0,386.0,152.6083,0.924,1.2897,609.0,22.4875,0.7178,0.8357,1335,1681,614,932,182.033
12,179.8442,1,417.6293,649.765,11081.0,2373.0,145.8668,0.739,1.7647,575.0,42.5447,0.3582,0.5274,297,643,614,932,182.033
12,179.8442,2,715.6507,688.8781,13850.0,2486.0,221.9933,0.9815,2.8876,559.0,30.4655,0.5838,0.7372,643,990,614,932,182.033
12,179.8442,3,1088.4979,691.1993,11788.0,543.0,160.7494,0.6811,2.1507,606.0,33.4082,0.4318,0.6032,990,1335,614,932,182.033
12,179.8442,4,1587.6699,697.8524,15404.0,383.0,159.6637,0.9912,1.3791,607.0,27.005,0.6481,0.7865,1335,1681,614,932,182.033
12,180.2447,1,394.4196,659.6574,9914.0,2524.0,129.5805,0.9913,1.6995,571.0,35.9429,0.417,0.5886,297,643,614,932,182.033
12,180.2447,2,714.2986,714.1904,13330.0,1748.0,234.8315,0.9888,3.2564,574.0,33.4691,0.5607,0.7185,643,990,614,932,182.033
12,180.2447,3,1088.8629,693.9151,10242.0,628.0,140.023,0.8312,2.0002,596.0,24.498,0.5378,0.6994,990,1335,614,932,182.033
12,180.2447,4,1587.6717,688.1491,15115.0,609.0,164.0043,0.7098,1.555,600.0,27.1845,0.6599,0.7951,1335,1681,614,932,182.033
12,180.6453,1,386.8449,668.6321,10941.0,2022.0,126.2462,0.9988,1.4652,574.0,27.0825,0.5348,0.6969,297,643,614,932,182.033
12,180.6453,2,716.6255,711.5152,13404.0,1443.0,197.1615,0.9559,2.6584,604.0,24.9305,0.6549,0.7915,643,990,614,932,182.033
12,180.6453,3,1069.053,665.1687,8301.0,671.0,138.7008,0.8578,1.987,597.0,21.0401,0.5705,0.7265,990,1335,614,932,182.033
12,180.6453,4,1577.0349,674.6754,13942.0,677.0,157.0926,0.5787,1.4687,599.0,29.4871,0.632,0.7745,1335,1681,614,932,182.033
12,181.0458,1,402.6462,644.1808,9645.0,2292.0,139.0223,0.9938,1.6182,569.0,29.5712,0.5627,0.7202,297,643,614,932,182.033
12,181.0458,2,721.1305,692.2721,16295.0,2408.0,214.651,0.9957,2.3039,562.0,29.5922,0.5989,0.7491,643,990,614,932,182.033
12,181.0458,3,1076.7068,674.8081,9024.0,1045.0,144.2476,0.9506,2.217,587.0,21.678,0.6021,0.7516,990,1335,614,932,182.033
12,181.0458,4,1566.8164,686.3091,16119.0,489.0,182.2588,0.6326,1.766,603.0,30.6109,0.6103,0.758,1335,1681,614,932,182.033
12,181.4463,1,411.4903,658.1768,11164.0,2163.0,143.4721,0.9223,1.6298,576.0,26.4153,0.6499,0.7878,297,643,614,932,182.033
12,181.4463,2,731.0259,715.9892,15757.0,994.0,215.2046,0.9219,2.5299,590.0,32.4843,0.5343,0.6965,643,990,614,932,182.033
12,181.4463,3,1063.9226,668.7851,7948.0,526.0,128.7376,0.9494,1.809,600.0,22.3108,0.6205,0.7658,990,1335,614,932,182.033
12,181.4463,4,1563.9208,691.7716,17485.0,519.0,204.1667,0.5717,2.0848,603.0,22.9611,0.7074,0.8287,1335,1681,614,932,182.033
12,181.8469,1,426.4599,641.304,10621.0,2791.0,165.9314,0.7448,2.0829,576.0,39.2611,0.5449,0.7054,297,643,614,932,182.033
12,181.8469,2,736.9205,695.4237,16015.0,2536.0,238.3365,0.9464,2.6221,560.0,29.3977,0.5809,0.7349,643,990,614,932,182.033
12,181.8469,3,1080.3937,677.3052,11462.0,1169.0,166.5608,0.9926,1.9634,586.0,31.9424,0.466,0.6358,990,1335,614,932,182.033
12,181.8469,4,1554.4914,679.8528,18452.0,791.0,238.2663,0.4166,2.652,598.0,30.9683,0.5937,0.7451,1335,1681,614,932,182.033
12,182.2474,1,453.4112,642.5978,11721.0,2866.0,167.3408,0.6148,1.9916,578.0,49.9289,0.481,0.6495,297,643,614,932,182.033
12,182.2474,2,739.9332,712.6622,15931.0,1508.0,236.6313,0.8918,2.9101,577.0,25.6122,0.6278,0.7714,643,990,614,932,182.033
12,182.2474,3,1108.5607,676.8402,11383.0,859.0,180.7368,0.8023,2.3646,596.0,44.272,0.3509,0.5195,990,1335,614,932,182.033
12,182.2474,4,1528.6101,674.562,17832.0,678.0,214.3362,0.5012,2.1345,600.0,33.6754,0.5537,0.7127,1335,1681,614,932,182.033
12,182.648,1,480.2339,648.8246,12124.0,2620.0,174.5111,0.6912,2.1056,577.0,50.9687,0.4145,0.586,297,643,614,932,182.033
12,182.648,2,730.6802,693.0966,14802.0,2079.0,226.5717,0.9533,2.6503,563.0,26.4039,0.5909,0.7428,643,990,614,932,182.033
12,182.648,3,1164.7219,654.6314,12704.0,1686.0,208.9746,0.5281,2.5518,593.0,58.0217,0.3111,0.4746,990,1335,614,932,182.033
12,182.648,4,1521.0123,688.653,18602.0,485.0,200.4925,0.603,1.8818,603.0,28.579,0.6059,0.7546,1335,1681,614,932,182.033
12,183.0485,1,497.8853,652.3361,12589.0,2547.0,190.153,0.6178,2.4342,579.0,43.1198,0.5413,0.7024,297,643,614,932,182.033
12,183.0485,2,726.247,707.7525,13937.0,1685.0,198.4523,0.9161,2.614,605.0,27.3933,0.6119,0.7592,643,990,614,932,182.033
12,183.0485,3,1219.4894,665.1907,11967.0,811.0,162.8222,0.5573,2.0422,597.0,66.808,0.1724,0.2941,990,1335,614,932,182.033
12,183.0485,4,1521.0402,703.6373,19494.0,737.0,220.9822,0.7537,2.1732,593.0,28.1745,0.6399,0.7804,1335,1681,614,932,182.033
12,183.4491,1,521.9038,650.7418,12222.0,2750.0,181.3672,0.6592,2.3238,574.0,46.5051,0.5074,0.6732,297,643,614,932,182.033
12,183.4491,2,723.3274,702.77,14320.0,1894.0,221.773,0.9817,2.6192,574.0,23.4415,0.7126,0.8322,643,990,614,932,182.033
12,183.4491,3,1254.8922,673.3148,8905.0,507.0,127.0918,0.8501,1.6872,599.0,53.1387,0.3121,0.4758,990,1335,614,932,182.033
12,183.4491,4,1516.4325,708.0608,19757.0,741.0,233.3847,0.8281,2.2318,594.0,26.5261,0.677,0.8074,1335,1681,614,932,182.033
12,183.8496,1,538.2944,656.0336,11473.0,2142.0,159.9573,0.7042,2.0174,579.0,46.5682,0.5174,0.6819,297,643,614,932,182.033
12,183.8496,2,723.6708,700.8823,15271.0,1615.0,189.1612,0.9283,2.2896,609.0,24.1482,0.704,0.8263,643,990,614,932,182.033
12,183.8496,3,1271.468,673.5817,9176.0,452.0,118.5794,0.9695,1.4734,606.0,37.4699,0.505,0.6711,990,1335,614,932,182.033
12,183.8496,4,1512.7285,706.5565,17453.0,263.0,175.5104,0.8514,1.5878,602.0,32.4318,0.5696,0.7258,1335,1681,614,932,182.033
12,184.2501,1,556.014,662.9063,9128.0,1647.0,143.9497,0.8945,2.1441,580.0,44.5766,0.4423,0.6134,297,643,614,932,182.033
12,184.2501,2,732.0447,699.5415,15777.0,1866.0,212.4461,0.9585,2.2492,571.0,28.419,0.6024,0.7519,643,990,614,932,182.033
12,184.2501,3,1263.3949,666.7943,11359.0,461.0,127.5001,0.9429,1.2158,608.0,34.716,0.5744,0.7297,990,1335,614,932,182.033
12,184.2501,4,1511.3904,698.9166,18966.0,957.0,189.9041,0.8555,1.6957,592.0,29.7631,0.6351,0.7768,1335,1681,614,932,182.033
12,184.6507,1,577.8566,655.8965,7128.0,1560.0,121.2177,0.9985,1.9171,585.0,43.9451,0.4034,0.5749,297,643,614,932,182.033
12,184.6507,2,736.9978,710.898,14968.0,1109.0,234.6935,0.8975,2.8761,587.0,26.0282,0.6373,0.7785,643,990,614,932,182.033
12,184.6507,3,1230.6588,680.6269,15614.0,1414.0,194.3668,0.8508,1.9226,587.0,50.8973,0.359,0.5283,990,1335,614,932,182.033
12,184.6507,4,1512.8191,707.0748,18316.0,211.0,207.6775,0.6688,2.0997,605.0,31.7635,0.596,0.7468,1335,1681,614,932,182.033
12,185.0512,1,567.6884,631.3395,9052.0,2875.0,146.5503,0.5982,1.7586,580.0,39.052,0.4506,0.6213,297,643,614,932,182.033
12,185.0512,2,734.09,698.0882,12590.0,1594.0,199.8626,0.9179,2.8034,577.0,26.3632,0.6036,0.7528,643,990,614,932,182.033
12,185.0512,3,1184.3558,679.7861,14865.0,788.0,160.3055,0.8587,1.5017,596.0,54.3821,0.2806,0.4382,990,1335,614,932,182.033
12,185.0512,4,1507.147,692.2062,16747.0,645.0,152.0055,0.9922,1.2279,596.0,38.7783,0.4507,0.6213,1335,1681,614,932,182.033
12,185.4518,1,537.7217,633.1796,11033.0,3009.0,185.6351,0.4392,2.3866,579.0,42.0326,0.492,0.6595,297,643,614,932,182.033
12,185.4518,2,718.1556,684.0554,10217.0,2063.0,226.3431,0.9795,4.084,557.0,34.7707,0.4285,0.5999,643,990,614,932,182.033
12,185.4518,3,1157.1608,675.4655,14064.0,941.0,173.8473,0.6188,1.9274,592.0,39.6337,0.4488,0.6195,990,1335,614,932,182.033
12,185.4518,4,1510.3282,678.7912,16345.0,1090.0,180.181,0.554,1.7774,595.0,31.4997,0.5012,0.6677,1335,1681,614,932,182.033
12,185.8523,1,502.265,637.0871,9473.0,2305.0,132.7586,0.6895,1.5021,577.0,41.7355,0.407,0.5786,297,643,614,932,182.033
12,185.8523,2,705.4994,675.5165,7465.0,1506.0,177.0218,0.9786,4.0366,604.0,32.4201,0.4983,0.6652,643,990,614,932,182.033
12,185.8523,3,1115.1098,664.3584,14662.0,1668.0,182.7913,0.5445,1.7722,579.0,39.6233,0.3865,0.5575,990,1335,614,932,182.033
12,185.8523,4,1537.1081,677.4017,17129.0,717.0,215.9806,0.4131,2.3391,600.0,34.3699,0.5221,0.686,1335,1681,614,932,182.033
12,186.2529,1,487.6993,637.5736,8161.0,2068.0,121.4914,0.9402,1.4257,577.0,38.3688,0.5319,0.6945,297,643,614,932,182.033
12,186.2529,2,719.3727,715.9514,10237.0,811.0,214.4716,0.9827,3.9916,587.0,29.0209,0.5369,0.6987,643,990,614,932,182.033
12,186.2529,3,1094.2288,674.3853,13941.0,1091.0,171.5057,0.6679,1.8351,596.0,38.9425,0.4418,0.6129,990,1335,614,932,182.033
12,186.2529,4,1571.0851,674.4961,16657.0,1508.0,178.7219,0.6931,1.6714,584.0,42.3325,0.4176,0.5891,1335,1681,614,932,182.033
12,186.6534,1,499.9512,650.0479,11178.0,2432.0,151.056,0.9504,1.6973,569.0,37.5976,0.5614,0.7191,297,643,614,932,182.033
12,186.6534,2,731.2323,691.003,13233.0,2112.0,220.0035,0.9883,2.9657,562.0,39.2257,0.3667,0.5366,643,990,614,932,182.033
12,186.6534,3,1084.1097,679.2943,12165.0,1012.0,160.5329,0.7541,1.9585,592.0,28.2037,0.5779,0.7325,990,1335,614,932,182.033
12,186.6534,4,1586.0731,721.8097,19220.0,368.0,215.4662,0.9319,2.0682,603.0,48.1171,0.3201,0.485,1335,1681,614,932,182.033
12,187.054,1,509.7733,673.4093,11855.0,1542.0,156.656,0.9703,1.8004,579.0,37.155,0.5714,0.7272,297,643,614,932,182.033
12,187.054,2,733.1372,698.9339,14810.0,1845.0,224.1673,0.9899,2.7867,573.0,28.2836,0.5822,0.7359,643,990,614,932,182.033
12,187.054,3,1075.5935,683.3518,8989.0,785.0,136.8213,0.918,2.1123,592.0,28.4678,0.465,0.6348,990,1335,614,932,182.033
12,187.054,4,1581.2214,745.597,17117.0,0.0,222.9034,0.8589,2.4648,620.0,35.378,0.5121,0.6773,1335,1681,614,932,182.033
12,187.4545,1,522.9715,663.2595,14297.0,3349.0,212.705,0.9905,2.4612,548.0,33.4633,0.598,0.7485,297,643,614,932,182.033
12,187.4545,2,734.6758,706.8311,14292.0,1332.0,232.1593,0.9541,3.1161,574.0,30.0427,0.5924,0.7441,643,990,614,932,182.033
12,187.4545,3,1056.6116,655.7546,6385.0,859.0,106.2544,0.9653,1.7874,612.0,25.5225,0.5269,0.6901,990,1335,614,932,182.033
12,187.4545,4,1602.7843,712.3179,15627.0,837.0,181.0148,0.8906,2.004,620.0,33.7657,0.5203,0.6845,1335,1681,614,932,182.033
12,187.855,1,519.7489,699.2808,13644.0,914.0,195.5656,0.9712,2.3189,585.0,36.9754,0.5926,0.7442,297,643,614,932,182.033
12,187.855,2,726.6784,702.7391,12045.0,1409.0,224.5928,0.9491,3.3836,575.0,32.2757,0.6149,0.7615,643,990,614,932,182.033
12,187.855,3,1073.3009,661.2518,7315.0,657.0,120.5687,0.9945,1.6001,601.0,27.7288,0.4519,0.6225,990,1335,614,932,182.033
12,187.855,4,1600.7702,695.8065,14041.0,499.0,161.6794,0.9552,1.624,599.0,35.8011,0.5467,0.7069,1335,1681,614,932,182.033
12,188.2556,1,525.5603,697.4442,14995.0,1956.0,224.4297,0.9972,2.7443,575.0,31.6384,0.6413,0.7815,297,643,614,932,182.033
12,188.2556,2,722.9308,710.3866,11905.0,1247.0,188.171,0.912,2.8044,607.0,26.936,0.7105,0.8307,643,990,614,932,182.033
12,188.2556,3,1099.6588,661.0449,10605.0,1110.0,163.5306,0.778,1.9839,594.0,41.8098,0.3881,0.5592,990,1335,614,932,182.033
12,188.2556,4,1602.132,686.6009,12135.0,367.0,133.3268,0.992,1.2522,602.0,30.2304,0.6231,0.7678,1335,1681,614,932,182.033
12,188.6561,1,511.121,677.8706,12551.0,1802.0,190.865,0.8434,2.4879,582.0,49.333,0.3851,0.5561,297,643,614,932,182.033
12,188.6561,2,715.7385,709.0378,14382.0,1615.0,196.2652,0.9631,2.4678,604.0,29.2387,0.5737,0.7291,643,990,614,932,182.033
12,188.6561,3,1137.1421,656.9547,11938.0,1230.0,187.1844,0.5242,2.4622,596.0,52.3982,0.3915,0.5627,990,1335,614,932,182.033
12,188.6561,4,1597.8744,682.7179,13025.0,335.0,139.6251,0.978,1.2341,605.0,22.5788,0.7274,0.8422,1335,1681,614,932,182.033
12,189.0567,1,509.2272,653.7634,13079.0,2946.0,171.015,0.7709,1.8046,576.0,34.4566,0.546,0.7064,297,643,614,932,182.033
12,189.0567,2,720.5698,699.6434,14812.0,2273.0,223.0978,0.9931,2.7389,567.0,26.6482,0.6647,0.7986,643,990,614,932,182.033
12,189.0567,3,1179.9502,663.1048,11827.0,1073.0,178.5101,0.5829,2.3727,593.0,60.438,0.2847,0.4432,990,1335,614,932,182.033
12,189.0567,4,1594.6673,690.1283,13873.0,176.0,135.8483,0.9933,1.1893,616.0,23.1426,0.7378,0.8491,1335,1681,614,932,182.033
12,189.4572,1,516.0587,663.4439,12734.0,1749.0,210.9519,0.6125,3.0363,581.0,45.2867,0.485,0.6532,297,643,614,932,182.033
12,189.4572,2,725.9573,698.2302,15132.0,2035.0,212.7313,0.986,2.3793,563.0,24.356,0.6791,0.8089,643,990,614,932,182.033
12,189.4572,3,1224.2482,665.6304,11716.0,747.0,154.6302,0.5517,1.7998,597.0,57.1275,0.2919,0.4519,990,1335,614,932,182.033
12,189.4572,4,1590.5775,691.9219,15360.0,381.0,150.8988,0.9436,1.2604,607.0,26.9746,0.6489,0.7871,1335,1681,614,932,182.033
12,189.8578,1,528.4765,673.0923,12585.0,1348.0,202.4831,0.7443,2.6996,576.0,44.8425,0.4694,0.6389,297,643,614,932,182.033
12,189.8578,2,735.1443,722.0448,15823.0,1202.0,200.1819,0.9073,2.4884,609.0,24.0873,0.6339,0.776,643,990,614,932,182.033
12,189.8578,3,1246.0819,667.4157,11921.0,641.0,149.1075,0.7405,1.5489,596.0,41.5375,0.4955,0.6627,990,1335,614,932,182.033
12,189.8578,4,1587.2185,684.1947,13917.0,393.0,137.6393,0.9331,1.1552,602.0,23.5817,0.6831,0.8117,1335,1681,614,932,182.033
12,190.2583,1,544.6116,682.6152,12374.0,1448.0,190.0727,0.9049,2.5716,580.0,44.5381,0.4494,0.6201,297,643,614,932,182.033
12,190.2583,2,732.3469,704.113,15854.0,2134.0,221.6262,0.9689,2.5206,564.0,27.0657,0.5894,0.7417,643,990,614,932,182.033
12,190.2583,3,1247.2828,687.8869,15425.0,394.0,139.089,0.8471,1.1649,606.0,29.2783,0.579,0.7333,990,1335,614,932,182.033
12,190.2583,4,1582.4087,697.6762,14978.0,116.0,152.7372,0.8797,1.3745,609.0,26.2302,0.6788,0.8087,1335,1681,614,932,182.033
12,190.6588,1,555.2346,688.095,10301.0,768.0,165.2044,0.9389,2.4757,597.0,41.9377,0.4755,0.6445,297,643,614,932,182.033
12,190.6588,2,728.8685,707.6054,16000.0,1730.0,224.0549,0.9682,2.4776,571.0,21.1171,0.7118,0.8316,643,990,614,932,182.033
12,190.6588,3,1229.9166,668.8586,16053.0,1036.0,207.0258,0.4279,2.2851,595.0,38.7639,0.4227,0.5943,990,1335,614,932,182.033
12,190.6588,4,1576.0779,690.5693,16312.0,757.0,179.7539,0.7656,1.7478,597.0,23.339,0.7098,0.8303,1335,1681,614,932,182.033
12,191.0594,1,564.8403,646.8763,11006.0,3119.0,183.0125,0.9032,2.2549,568.0,45.2481,0.4049,0.5764,297,643,614,932,182.033
12,191.0594,2,735.286,715.4877,15137.0,1306.0,221.1651,0.8887,2.9243,608.0,27.5028,0.6589,0.7944,643,990,614,932,182.033
12,191.0594,3,1169.0122,661.2395,15859.0,1182.0,204.9702,0.4514,2.2151,594.0,47.9044,0.2974,0.4585,990,1335,614,932,182.033
12,191.0594,4,1566.6782,680.2746,16191.0,830.0,190.5778,0.5554,1.9076,597.0,29.7372,0.6401,0.7805,1335,1681,614,932,182.033
12,191.4599,1,535.7828,641.0595,12966.0,3278.0,194.5189,0.5354,2.2052,580.0,46.8201,0.4566,0.6269,297,643,614,932,182.033
12,191.4599,2,733.8445,705.9978,13145.0,1470.0,181.0824,0.8177,2.4359,606.0,27.4373,0.6478,0.7862,643,990,614,932,182.033
12,191.4599,3,1133.7803,667.8224,15272.0,1320.0,198.1978,0.423,2.3407,596.0,40.5178,0.3995,0.5709,990,1335,614,932,182.033
12,191.4599,4,1564.1338,689.9986,17650.0,387.0,200.895,0.551,1.9885,604.0,28.701,0.6344,0.7763,1335,1681,614,932,182.033
12,191.8605,1,500.0258,638.5485,10537.0,2632.0,149.862,0.6562,1.6944,576.0,46.5623,0.4363,0.6075,297,643,614,932,182.033
12,191.8605,2,727.0999,716.7744,9600.0,957.0,143.3833,0.9237,2.4703,633.0,31.1166,0.4511,0.6218,643,990,614,932,182.033
12,191.8605,3,1104.1514,667.3253,13869.0,1374.0,168.4764,0.585,1.8129,592.0,35.6285,0.4424,0.6134,990,1335,614,932,182.033
12,191.8605,4,1559.6103,695.4286,17985.0,497.0,218.9425,0.6219,2.2644,598.0,26.9739,0.6866,0.8142,1335,1681,614,932,182.033
12,192.261,1,472.7133,639.7419,8999.0,2152.0,126.5878,0.9819,1.396,571.0,40.4257,0.4844,0.6526,297,643,614,932,182.033
12,192.261,2,717.8719,712.234,10121.0,1173.0,236.2192,0.9716,4.2885,578.0,25.4605,0.5871,0.7398,643,990,614,932,182.033
12,192.261,3,1088.5625,684.0055,10914.0,636.0,148.4089,0.7329,1.9695,598.0,36.2846,0.3969,0.5683,990,1335,614,932,182.033
12,192.261,4,1552.3561,700.2309,18178.0,283.0,205.0336,0.6652,2.0143,605.0,23.4608,0.7032,0.8257,1335,1681,614,932,182.033
12,192.6616,1,467.2645,660.0757,10987.0,1766.0,154.9388,1.0,1.7649,576.0,33.8905,0.6552,0.7917,297,643,614,932,182.033
12,192.6616,2,722.2351,718.1194,11895.0,1411.0,206.2712,0.9614,3.7064,607.0,24.8846,0.6137,0.7606,643,990,614,932,182.033
12,192.6616,3,1065.608,676.0418,7415.0,668.0,127.3883,0.932,2.159,593.0,29.4528,0.4317,0.6031,990,1335,614,932,182.033
12,192.6616,4,1547.2411,691.5264,17451.0,324.0,211.1245,0.5943,2.2006,605.0,18.7844,0.7709,0.8706,1335,1681,614,932,182.033
12,193.0621,1,470.4002,684.7599,12530.0,1278.0,162.9805,0.9993,1.8882,582.0,23.1493,0.7474,0.8555,297,643,614,932,182.033
12,193.0621,2,722.6893,704.1156,13213.0,1850.0,235.3374,0.9776,3.3018,569.0,27.3685,0.6084,0.7565,643,990,614,932,182.033
12,193.0621,3,1072.5257,679.405,7765.0,682.0,126.2493,0.9733,2.192,595.0,21.4836,0.5682,0.7246,990,1335,614,932,182.033
12,193.0621,4,1537.6286,679.9932,17534.0,821.0,223.1508,0.5343,2.4484,598.0,27.7181,0.6675,0.8006,1335,1681,614,932,182.033
12,193.4627,1,465.084,683.85,13424.0,1571.0,176.078,0.9449,2.0538,576.0,33.4308,0.5761,0.7311,297,643,614,932,182.033
12,193.4627,2,736.3801,697.0308,13882.0,1248.0,186.2451,0.8758,2.451,611.0,36.9103,0.4916,0.6592,643,990,614,932,182.033
12,193.4627,3,1068.1541,654.1612,6761.0,645.0,116.1097,0.9323,1.5938,596.0,25.8247,0.4662,0.636,990,1335,614,932,182.033
12,193.4627,4,1509.1601,673.7608,18293.0,782.0,214.3344,0.4473,2.2086,598.0,33.3069,0.5317,0.6943,1335,1681,614,932,182.033
12,193.8632,1,464.1713,674.5105,12833.0,1836.0,170.7086,0.9258,2.0186,573.0,24.5835,0.7048,0.8268,297,643,614,932,182.033
12,193.8632,2,733.7432,696.327,14384.0,1086.0,177.5864,0.8829,2.0632,609.0,26.1053,0.6649,0.7987,643,990,614,932,182.033
12,193.8632,3,1079.7548,656.8569,7413.0,650.0,116.2222,0.9841,1.4342,596.0,27.2728,0.559,0.7171,990,1335,614,932,182.033
12,193.8632,4,1494.307,679.0386,18767.0,707.0,222.894,0.4663,2.3291,598.0,28.5373,0.6439,0.7834,1335,1681,614,932,182.033
12,194.2637,1,465.7181,670.1535,12598.0,1634.0,173.7132,0.8665,2.0375,577.0,24.1856,0.7183,0.8361,297,643,614,932,182.033
12,194.2637,2,725.5759,690.8904,17076.0,2313.0,201.8432,0.997,1.8928,560.0,31.0703,0.5606,0.7184,643,990,614,932,182.033
12,194.2637,3,1098.2244,673.4194,9516.0,551.0,142.3228,0.9364,1.7774,598.0,40.4389,0.4104,0.582,990,1335,614,932,182.033
12,194.2637,4,1485.3657,688.7062,19174.0,653.0,228.3645,0.486,2.4367,600.0,29.2883,0.6059,0.7546,1335,1681,614,932,182.033
12,194.6643,1,466.2936,670.756,13802.0,1940.0,178.3591,0.782,2.0358,579.0,24.6434,0.6988,0.8227,297,643,614,932,182.033
12,194.6643,2,724.4152,715.3955,19782.0,1067.0,196.0827,0.9822,1.7354,612.0,27.0121,0.6407,0.781,643,990,614,932,182.033
12,194.6643,3,1124.4981,667.0882,10589.0,864.0,157.5913,0.8223,1.8784,596.0,43.3354,0.4572,0.6275,990,1335,614,932,182.033
12,194.6643,4,1469.1507,683.943,17521.0,573.0,225.1783,0.4679,2.495,601.0,25.5862,0.6566,0.7927,1335,1681,614,932,182.033
12,195.0648,1,473.9107,662.6563,13039.0,2251.0,193.1554,0.6846,2.5105,578.0,28.3832,0.681,0.8103,297,643,614,932,182.033
12,195.0648,2,742.3341,712.0734,19590.0,831.0,208.835,0.9231,1.9838,610.0,33.0831,0.5622,0.7198,643,990,614,932,182.033
12,195.0648,3,1144.3488,666.0274,11553.0,1224.0,164.4899,0.8052,1.9852,592.0,40.2812,0.5042,0.6704,990,1335,614,932,182.033
12,195.0648,4,1455.0629,681.1087,16244.0,961.0,203.2274,0.5312,2.2161,595.0,26.2185,0.6135,0.7605,1335,1681,614,932,182.033
12,195.4654,1,484.8947,662.6972,12954.0,1991.0,184.5315,0.6915,2.3158,580.0,36.5514,0.5893,0.7416,297,643,614,932,182.033
12,195.4654,2,764.515,694.8562,17092.0,1193.0,186.1417,0.9632,1.7382,577.0,44.9885,0.3875,0.5586,643,990,614,932,182.033
12,195.4654,3,1166.2041,681.2474,12307.0,577.0,188.8332,0.761,2.445,601.0,53.7122,0.368,0.5381,990,1335,614,932,182.033
12,195.4654,4,1448.3595,685.3451,15593.0,706.0,197.2066,0.5779,2.2219,598.0,20.7087,0.7262,0.8414,1335,1681,614,932,182.033
12,195.8659,1,499.6182,659.6067,13080.0,2319.0,187.7017,0.7072,2.2885,577.0,33.7606,0.6186,0.7644,297,643,614,932,182.033
12,195.8659,2,791.4862,702.8386,18562.0,763.0,178.1306,0.9659,1.56,587.0,42.687,0.424,0.5955,643,990,614,932,182.033
12,195.8659,3,1201.4043,664.8173,12060.0,1005.0,182.0575,0.6105,2.3467,597.0,43.5959,0.4692,0.6387,990,1335,614,932,182.033
12,195.8659,4,1444.8324,694.8962,15468.0,485.0,207.6897,0.5743,2.4921,602.0,23.8438,0.6552,0.7917,1335,1681,614,932,182.033
12,196.2665,1,515.1144,664.9492,12985.0,2264.0,185.8548,0.7255,2.3829,579.0,44.7154,0.5264,0.6897,297,643,614,932,182.033
12,196.2665,2,805.7529,711.303,16433.0,292.0,179.2808,0.9499,1.7395,600.0,34.7076,0.5163,0.681,643,990,614,932,182.033
12,196.2665,3,1224.8264,668.6218,12069.0,896.0,164.0511,0.6988,1.9615,596.0,49.6232,0.427,0.5984,990,1335,614,932,182.033
12,196.2665,4,1439.7357,689.4383,15181.0,769.0,200.9728,0.6291,2.353,596.0,17.199,0.7357,0.8477,1335,1681,614,932,182.033
12,196.667,1,532.6235,667.4374,11997.0,1783.0,179.5168,0.7472,2.3787,582.0,40.9732,0.4852,0.6534,297,643,614,932,182.033
12,196.667,2,820.221,694.0137,17275.0,1752.0,188.1533,0.997,1.8003,567.0,28.2118,0.6031,0.7524,643,990,614,932,182.033
12,196.667,3,1242.1277,679.1953,11004.0,440.0,155.9099,0.7198,2.0351,601.0,43.3979,0.4757,0.6447,990,1335,614,932,182.033
12,196.667,4,1434.2559,683.158,14135.0,995.0,179.7403,0.6693,2.0617,594.0,22.6018,0.6587,0.7942,1335,1681,614,932,182.033
12,197.0675,1,544.4441,671.2531,10816.0,1488.0,176.7171,0.8003,2.5847,580.0,40.6907,0.5272,0.6904,297,643,614,932,182.033
12,197.0675,2,815.353,704.0832,19735.0,1297.0,199.7385,0.9855,1.6634,573.0,24.1932,0.6833,0.8119,643,990,614,932,182.033
12,197.0675,3,1250.6418,683.9823,10480.0,540.0,142.7668,0.862,1.8238,599.0,34.186,0.5465,0.7068,990,1335,614,932,182.033
12,197.0675,4,1431.2536,685.6275,13411.0,751.0,177.4094,0.6648,2.182,597.0,20.0088,0.6837,0.8122,1335,1681,614,932,182.033
12,197.4681,1,556.3037,677.6194,10523.0,1319.0,168.3113,0.8715,2.441,579.0,36.4785,0.5106,0.676,297,643,614,932,182.033
12,197.4681,2,813.214,709.6445,19506.0,1279.0,207.8252,0.9991,1.8514,579.0,25.1441,0.6816,0.8106,643,990,614,932,182.033
12,197.4681,3,1258.4033,676.0538,10660.0,540.0,130.2848,0.9184,1.4163,599.0,28.0723,0.6267,0.7705,990,1335,614,932,182.033
12,197.4681,4,1424.7908,683.438,12887.0,1027.0,166.8109,0.7095,2.0096,592.0,22.5137,0.6539,0.7907,1335,1681,614,932,182.033
12,197.8686,1,562.4559,687.2554,9786.0,1025.0,165.1207,0.9014,2.5917,583.0,29.7632,0.5826,0.7362,297,643,614,932,182.033
12,197.8686,2,814.4483,712.972,20831.0,1478.0,214.2557,0.9954,1.8393,577.0,23.7517,0.6827,0.8114,643,990,614,932,182.033
12,197.8686,3,1256.4208,680.0755,12014.0,409.0,135.7766,0.9176,1.3754,601.0,20.7782,0.7463,0.8547,990,1335,614,932,182.033
12,197.8686,4,1426.7944,691.0847,13585.0,644.0,171.114,0.7255,2.0527,599.0,19.823,0.7123,0.832,1335,1681,614,932,182.033
12,198.2692,1,566.7775,671.2815,9960.0,1184.0,158.4407,0.9278,2.1373,583.0,18.7154,0.7356,0.8477,297,643,614,932,182.033
12,198.2692,2,810.0604,712.6488,20603.0,440.0,201.2697,0.9992,1.7482,597.0,30.2673,0.5798,0.734,643,990,614,932,182.033
12,198.2692,3,1258.1146,679.6022,13629.0,435.0,131.8086,0.9091,1.1382,608.0,26.039,0.6506,0.7883,990,1335,614,932,182.033
12,198.2692,4,1427.0503,694.4813,13523.0,484.0,183.844,0.6508,2.3252,602.0,20.4529,0.6639,0.798,1335,1681,614,932,182.033
12,198.6697,1,564.6705,672.721,9831.0,1325.0,152.3875,0.9346,2.1371,581.0,13.2196,0.8419,0.9142,297,643,614,932,182.033
12,198.6697,2,819.1751,698.7741,18321.0,1895.0,203.687,0.9541,1.9201,565.0,38.2356,0.4596,0.6297,643,990,614,932,182.033
12,198.6697,3,1235.9601,688.2821,14048.0,279.0,142.7357,0.9697,1.2361,605.0,36.9547,0.4846,0.6528,990,1335,614,932,182.033
12,198.6697,4,1424.734,686.8874,13322.0,776.0,175.0,0.7082,2.1006,597.0,22.7509,0.6164,0.7627,1335,1681,614,932,182.033
12,199.0703,1,566.7548,664.9664,9868.0,1496.0,150.466,0.9449,2.013,580.0,17.1707,0.7959,0.8863,297,643,614,932,182.033
12,199.0703,2,832.4889,710.6429,20119.0,1015.0,206.6925,0.9951,1.7351,582.0,36.7716,0.4895,0.6572,643,990,614,932,182.033
12,199.0703,3,1213.1085,676.6909,13943.0,630.0,162.3103,0.618,1.6429,599.0,34.7685,0.5027,0.6691,990,1335,614,932,182.033
12,199.0703,4,1433.3203,684.1665,14087.0,1112.0,175.2971,0.766,1.9468,587.0,25.3023,0.6247,0.769,1335,1681,614,932,182.033
12,199.4708,1,565.1133,673.76,10721.0,1398.0,143.4109,0.9714,1.731,582.0,22.0796,0.7074,0.8286,297,643,614,932,182.033
12,199.4708,2,834.4338,705.803,19192.0,900.0,205.5425,0.9956,1.8157,586.0,23.835,0.6953,0.8203,643,990,614,932,182.033
12,199.4708,3,1177.5193,686.5135,15497.0,1126.0,206.2206,0.8554,2.1997,587.0,48.9125,0.339,0.5063,990,1335,614,932,182.033
12,199.4708,4,1430.7073,687.5502,14741.0,895.0,176.2997,0.7725,1.8237,594.0,20.9044,0.6852,0.8132,1335,1681,614,932,182.033
12,199.8714,1,565.1413,670.0153,11105.0,1629.0,143.6128,0.9874,1.6554,580.0,17.5073,0.7855,0.8799,297,643,614,932,182.033
12,199.8714,2,823.2684,693.148,19003.0,1489.0,189.6609,0.9981,1.6025,568.0,30.9054,0.6268,0.7706,643,990,614,932,182.033
12,199.8714,3,1141.0909,695.2056,16611.0,586.0,214.8035,0.7399,2.4905,604.0,51.0924,0.3139,0.4778,990,1335,614,932,182.033
12,199.8714,4,1437.4523,689.6992,14836.0,719.0,176.065,0.728,1.8092,595.0,17.0263,0.7708,0.8705,1335,1681,614,932,182.033
12,200.2719,1,565.8314,662.2932,12302.0,2055.0,156.338,0.9737,1.6789,572.0,24.4616,0.6895,0.8163,297,643,614,932,182.033
12,200.2719,2,820.1118,717.2474,19066.0,288.0,199.7197,0.9963,1.725,602.0,32.2442,0.5889,0.7412,643,990,614,932,182.033
12,200.2719,3,1126.456,672.4006,14442.0,1441.0,189.4755,0.5847,2.2379,592.0,32.4537,0.5479,0.708,990,1335,614,932,182.033
12,200.2719,4,1436.893,683.2842,14608.0,813.0,172.4724,0.7171,1.7265,593.0,20.6221,0.687,0.8145,1335,1681,614,932,182.033
12,200.6724,1,546.8004,668.4937,11794.0,1721.0,169.8461,0.7842,2.2024,570.0,31.5113,0.5362,0.6981,297,643,614,932,182.033
12,200.6724,2,815.8548,702.3534,20034.0,1841.0,205.7478,0.9957,1.7737,563.0,28.9043,0.6235,0.7681,643,990,614,932,182.033
12,200.6724,3,1099.0587,658.9809,10584.0,1187.0,149.8114,0.5532,1.7866,591.0,34.6297,0.5391,0.7006,990,1335,614,932,182.033
12,200.6724,4,1438.5085,681.4215,15037.0,688.0,176.6226,0.6423,1.6561,595.0,19.8004,0.6917,0.8177,1335,1681,614,932,182.033
12,201.073,1,562.3239,674.0555,13891.0,2305.0,186.0933,0.9345,2.1906,564.0,37.4205,0.4506,0.6212,297,643,614,932,182.033
12,201.073,2,809.7974,708.9763,21577.0,1323.0,210.084,0.9957,1.7372,577.0,24.6271,0.6592,0.7946,643,990,614,932,182.033
12,201.073,3,1068.8164,665.0523,11113.0,1198.0,128.6673,0.7257,1.1634,594.0,42.6781,0.3925,0.5638,990,1335,614,932,182.033
12,201.073,4,1457.2827,689.6676,15078.0,582.0,151.5148,0.8435,1.3266,598.0,27.8393,0.6066,0.7552,1335,1681,614,932,182.033
12,201.4735,1,560.9185,715.347,10817.0,136.0,161.5864,0.9339,2.2133,615.0,42.7697,0.3576,0.5268,297,643,614,932,182.033
12,201.4735,2,810.5203,709.3027,19723.0,924.0,203.7402,0.9969,1.7882,587.0,22.1799,0.7214,0.8382,643,990,614,932,182.033
12,201.4735,3,1079.6894,655.3082,12474.0,1125.0,175.8319,0.4308,1.996,596.0,32.3305,0.5215,0.6855,990,1335,614,932,182.033
12,201.4735,4,1472.7158,691.485,15110.0,672.0,137.2031,0.9976,1.1357,597.0,30.8098,0.5538,0.7129,1335,1681,614,932,182.033
12,201.8741,1,567.2987,724.4123,11277.0,211.0,181.2623,0.9733,2.6231,604.0,28.2761,0.558,0.7163,297,643,614,932,182.033
12,201.8741,2,811.7031,702.181,19466.0,1373.0,191.138,0.9995,1.6851,571.0,29.2601,0.6154,0.7619,643,990,614,932,182.033
12,201.8741,3,1116.4737,649.4567,13957.0,1182.0,225.8226,0.3213,2.9317,598.0,31.9313,0.5305,0.6932,990,1335,614,932,182.033
12,201.8741,4,1490.1594,684.1468,14929.0,649.0,142.0137,0.9559,1.171,599.0,28.5463,0.6094,0.7573,1335,1681,614,932,182.033
12,202.2746,1,561.8974,692.3205,13346.0,900.0,183.6481,0.9405,2.1397,593.0,41.2537,0.3847,0.5557,297,643,614,932,182.033
12,202.2746,2,819.3605,712.0615,20522.0,998.0,209.5556,0.9436,1.7995,584.0,31.5956,0.5485,0.7085,643,990,614,932,182.033
12,202.2746,3,1163.7598,656.1252,14964.0,990.0,212.6958,0.3159,2.5846,599.0,42.5714,0.3955,0.5669,990,1335,614,932,182.033
12,202.2746,4,1510.3884,688.6451,16708.0,535.0,161.7532,0.6219,1.3991,602.0,31.4225,0.5403,0.7015,1335,1681,614,932,182.033
12,202.6752,1,532.0909,646.3062,13505.0,3315.0,197.2399,0.72,1.9873,572.0,36.0505,0.4778,0.6467,297,643,614,932,182.033
12,202.6752,2,836.9727,701.6841,19995.0,1704.0,222.3562,0.8733,2.1412,568.0,34.8556,0.5,0.6667,643,990,614,932,182.033
12,202.6752,3,1199.1474,662.0091,16226.0,993.0,219.3012,0.3478,2.3929,593.0,37.6734,0.4531,0.6236,990,1335,614,932,182.033
12,202.6752,4,1534.4524,682.1355,17661.0,736.0,184.221,0.4366,1.7227,600.0,28.7875,0.5786,0.733,1335,1681,614,932,182.033
12,203.0757,1,497.1133,640.0271,12921.0,3192.0,193.717,0.5222,2.2148,576.0,45.3322,0.4328,0.6042,297,643,614,932,182.033
12,203.0757,2,866.2316,702.567,19488.0,1171.0,227.769,0.7756,2.1542,584.0,39.4846,0.4322,0.6035,643,990,614,932,182.033
12,203.0757,3,1218.3881,682.5316,16226.0,503.0,203.2864,0.5381,2.2568,610.0,41.5335,0.428,0.5995,990,1335,614,932,182.033
12,203.0757,4,1551.8923,682.7273,17731.0,491.0,196.3963,0.4835,1.8765,603.0,32.2021,0.5409,0.702,1335,1681,614,932,182.033
12,203.4763,1,451.4996,627.7964,11927.0,4011.0,178.3052,0.559,2.1522,566.0,43.6671,0.4141,0.5857,297,643,614,932,182.033
12,203.4763,2,896.4757,690.9524,16837.0,1774.0,216.7592,0.9245,2.0219,568.0,39.9686,0.4682,0.6378,643,990,614,932,182.033
12,203.4763,3,1227.9925,692.0055,15956.0,320.0,155.2934,0.7765,1.3907,613.0,33.0402,0.4815,0.6501,990,1335,614,932,182.033
12,203.4763,4,1571.6492,685.0162,16838.0,497.0,180.1567,0.5806,1.6713,603.0,30.0916,0.5717,0.7275,1335,1681,614,932,182.033
12,203.8768,1,423.8585,639.9491,12868.0,3425.0,173.005,0.5589,2.012,569.0,50.1041,0.3806,0.5514,297,643,614,932,182.033
12,203.8768,2,915.1778,714.6427,16640.0,916.0,188.2422,0.9248,1.9399,617.0,40.5279,0.4513,0.6219,643,990,614,932,182.033
12,203.8768,3,1224.5782,675.8361,15591.0,892.0,192.1233,0.5651,2.04,597.0,38.1217,0.4241,0.5956,990,1335,614,932,182.033
12,203.8768,4,1582.9901,692.5703,16317.0,721.0,162.2541,0.7559,1.4441,599.0,26.9044,0.5998,0.7498,1335,1681,614,932,182.033
12,204.2773,1,423.6016,653.479,14020.0,3296.0,174.6448,0.8051,1.9983,568.0,34.7566,0.5531,0.7123,297,643,614,932,182.033
12,204.2773,2,914.9481,715.5732,15564.0,834.0,194.7316,0.9092,2.1381,616.0,14.9095,0.8394,0.9127,643,990,614,932,182.033
12,204.2773,3,1186.2368,660.0368,13873.0,1183.0,192.549,0.4603,2.2796,596.0,41.857,0.4535,0.624,990,1335,614,932,182.033
12,204.2773,4,1590.0739,694.4848,15765.0,562.0,160.8497,0.8155,1.4719,602.0,20.6043,0.7088,0.8296,1335,1681,614,932,182.033
12,204.6779,1,431.6664,674.6808,13709.0,1851.0,180.1668,0.8361,2.0813,573.0,27.9771,0.6521,0.7894,297,643,614,932,182.033
12,204.6779,2,907.4804,710.9099,14547.0,1059.0,190.7544,0.8707,2.3465,615.0,26.6112,0.63,0.773,643,990,614,932,182.033
12,204.6779,3,1147.9056,668.465,16618.0,1136.0,206.9334,0.4914,2.2638,596.0,45.4929,0.3502,0.5187,990,1335,614,932,182.033
12,204.6779,4,1591.7215,691.338,14773.0,659.0,162.4454,0.7708,1.6433,599.0,16.5,0.7605,0.864,1335,1681,614,932,182.033
12,205.0784,1,431.3141,667.0872,14720.0,2848.0,183.465,0.8658,2.092,570.0,20.552,0.7361,0.848,297,643,614,932,182.033
12,205.0784,2,909.3165,704.3548,13038.0,1446.0,180.841,0.8446,2.4097,610.0,20.7814,0.6955,0.8204,643,990,614,932,182.033
12,205.0784,3,1117.9494,676.8449,15637.0,957.0,189.9807,0.6009,2.0821,597.0,39.7669,0.4048,0.5763,990,1335,614,932,182.033
12,205.0784,4,1590.3513,699.8561,15134.0,514.0,166.9903,0.8312,1.7204,602.0,20.1203,0.7435,0.8529,1335,1681,614,932,182.033
12,205.479,1,432.7133,670.529,14899.0,3208.0,200.2156,0.9346,2.4628,573.0,28.9084,0.6675,0.8006,297,643,614,932,182.033
12,205.479,2,921.2345,713.7916,12020.0,1012.0,191.2653,0.9201,2.8102,612.0,34.4737,0.4883,0.6562,643,990,614,932,182.033
12,205.479,3,1115.5114,679.0688,14150.0,792.0,169.0102,0.6134,1.9298,600.0,23.4522,0.6594,0.7948,990,1335,614,932,182.033
12,205.479,4,1590.4073,695.0679,14195.0,422.0,168.1957,0.7793,1.8286,603.0,16.3485,0.7687,0.8692,1335,1681,614,932,182.033
12,205.8795,1,435.7928,693.5605,14335.0,1216.0,190.3409,0.9572,2.2129,578.0,30.2506,0.6361,0.7776,297,643,614,932,182.033
12,205.8795,2,927.2964,727.9535,10908.0,409.0,208.43,0.9701,3.1465,598.0,28.0266,0.5591,0.7172,643,990,614,932,182.033
12,205.8795,3,1097.6774,671.2732,9385.0,859.0,130.816,0.8773,1.7173,591.0,29.8114,0.466,0.6357,990,1335,614,932,182.033
12,205.8795,4,1587.9318,696.9098,13970.0,607.0,163.1827,0.8508,1.7589,600.0,19.6745,0.711,0.8311,1335,1681,614,932,182.033
12,206.2801,1,436.7034,688.1661,15968.0,3233.0,220.2262,0.9987,2.6533,556.0,39.1254,0.4759,0.6449,297,643,614,932,182.033
12,206.2801,2,914.6866,705.4216,9058.0,911.0,183.7093,0.9642,3.344,585.0,44.8344,0.337,0.5042,643,990,614,932,182.033
12,206.2801,3,1075.0935,654.6037,6790.0,582.0,122.4788,0.9819,1.6426,599.0,28.9939,0.4875,0.6555,990,1335,614,932,182.033
12,206.2801,4,1584.1071,700.0923,14275.0,337.0,170.8725,0.7598,1.9112,605.0,23.7833,0.6507,0.7884,1335,1681,614,932,182.033
12,206.6806,1,450.8412,678.7826,14009.0,1766.0,198.5949,0.8045,2.3869,582.0,47.6255,0.3706,0.5407,297,643,614,932,182.033
12,206.6806,2,911.2526,675.5088,9096.0,808.0,165.4408,0.9872,2.2767,590.0,36.8224,0.4416,0.6126,643,990,614,932,182.033
12,206.6806,3,1083.7097,664.2923,11418.0,735.0,168.1658,0.6351,1.9891,601.0,36.3442,0.415,0.5866,990,1335,614,932,182.033
12,206.6806,4,1584.5417,691.7228,13992.0,674.0,166.6628,0.8129,1.8442,600.0,24.851,0.6303,0.7732,1335,1681,614,932,182.033
12,207.0811,1,454.4943,655.4674,13663.0,3649.0,194.7652,0.7199,2.5312,571.0,40.1928,0.5046,0.6707,297,643,614,932,182.033
12,207.0811,2,903.0046,683.0496,10525.0,701.0,164.7113,0.9957,2.0438,591.0,32.8015,0.5848,0.738,643,990,614,932,182.033
12,207.0811,3,1106.1125,660.278,11550.0,992.0,181.3206,0.6177,2.2248,597.0,39.7463,0.5448,0.7053,990,1335,614,932,182.033
12,207.0811,4,1585.165,683.5435,13570.0,554.0,166.1484,0.8018,1.7763,602.0,16.0912,0.752,0.8584,1335,1681,614,932,182.033
12,207.4817,1,429.9313,632.3872,11318.0,3902.0,156.6769,0.4574,2.0113,572.0,41.1081,0.4948,0.662,297,643,614,932,182.033
12,207.4817,2,888.5289,677.9304,12096.0,1567.0,190.1513,0.9868,2.4671,573.0,32.8331,0.5779,0.7325,643,990,614,932,182.033
12,207.4817,3,1132.3476,665.129,11739.0,1138.0,180.1012,0.6134,2.3074,594.0,43.8215,0.4549,0.6254,990,1335,614,932,182.033
12,207.4817,4,1587.5772,694.8857,14214.0,782.0,158.1629,0.9349,1.611,597.0,26.2515,0.643,0.7827,1335,1681,614,932,182.033
12,207.8822,1,404.0118,639.8541,10335.0,3231.0,121.7271,0.8348,1.3599,573.0,48.0167,0.3893,0.5605,297,643,614,932,182.033
12,207.8822,2,880.9323,692.3066,13775.0,1248.0,206.7489,0.961,2.5729,580.0,27.7231,0.6936,0.8191,643,990,614,932,182.033
12,207.8822,3,1165.5459,659.4078,11723.0,939.0,174.1855,0.4924,2.1685,591.0,44.3746,0.419,0.5906,990,1335,614,932,182.033
12,207.8822,4,1588.4563,692.5499,14229.0,876.0,168.7869,0.9031,1.8226,597.0,19.3131,0.7083,0.8292,1335,1681,614,932,182.033
12,208.2828,1,391.1286,645.1269,10707.0,2793.0,113.3393,0.8682,1.0296,577.0,26.8574,0.5676,0.7242,297,643,614,932,182.033
12,208.2828,2,870.3635,714.4943,13378.0,368.0,212.7938,0.9336,2.7427,600.0,35.8297,0.593,0.7445,643,990,614,932,182.033
12,208.2828,3,1186.8665,674.8842,14028.0,837.0,150.7756,0.8782,1.3571,588.0,42.566,0.4143,0.5859,990,1335,614,932,182.033
12,208.2828,4,1579.7064,701.8761,14459.0,425.0,178.0442,0.8028,2.0799,604.0,27.3965,0.6,0.75,1335,1681,614,932,182.033
12,208.6833,1,410.7864,644.4243,12251.0,2988.0,136.7288,0.7167,1.2144,573.0,34.3706,0.5516,0.711,297,643,614,932,182.033
12,208.6833,2,865.8132,705.0827,14657.0,1470.0,226.1094,0.9742,3.0274,579.0,32.513,0.6049,0.7538,643,990,614,932,182.033
12,208.6833,3,1175.7035,695.4885,14906.0,425.0,157.296,0.9308,1.4778,602.0,31.4204,0.5153,0.6801,990,1335,614,932,182.033
12,208.6833,4,1569.1268,702.0629,15681.0,516.0,189.2416,0.8176,2.0783,602.0,24.9364,0.6158,0.7622,1335,1681,614,932,182.033
12,209.0839,1,439.4106,657.9831,13701.0,2221.0,169.9167,0.7333,1.7391,581.0,43.5059,0.485,0.6532,297,643,614,932,182.033
12,209.0839,2,856.8921,702.3631,13669.0,852.0,197.7446,0.8811,2.5136,590.0,39.815,0.4874,0.6554,643,990,614,932,182.033
12,209.0839,3,1144.5118,669.3049,14847.0,890.0,207.2328,0.6204,2.2892,599.0,35.2664,0.4853,0.6534,990,1335,614,932,182.033
12,209.0839,4,1563.062,681.0963,14232.0,950.0,181.4032,0.649,2.086,597.0,29.6083,0.5545,0.7134,1335,1681,614,932,182.033
12,209.4844,1,463.5243,665.8401,14127.0,1902.0,169.0982,0.7464,1.7262,579.0,37.7317,0.5001,0.6667,297,643,614,932,182.033
12,209.4844,2,854.9605,702.8763,13645.0,545.0,197.5882,0.8236,2.4975,599.0,26.1437,0.6699,0.8023,643,990,614,932,182.033
12,209.4844,3,1123.5783,666.2894,14545.0,1185.0,189.5534,0.4826,2.2329,596.0,36.8897,0.4949,0.6621,990,1335,614,932,182.033
12,209.4844,4,1572.5407,675.4302,13899.0,838.0,175.3531,0.6302,1.9725,596.0,25.7043,0.6491,0.7872,1335,1681,614,932,182.033
12,209.885,1,486.7804,660.9831,14800.0,2516.0,189.0816,0.7033,2.0517,570.0,35.5438,0.5339,0.6961,297,643,614,932,182.033
12,209.885,2,856.5684,698.6769,13700.0,1273.0,215.4748,0.876,2.9433,589.0,29.3096,0.6395,0.7801,643,990,614,932,182.033
12,209.885,3,1101.5146,674.0498,12302.0,1097.0,156.0153,0.6123,1.9317,594.0,35.5298,0.415,0.5866,990,1335,614,932,182.033
12,209.885,4,1576.2,683.1087,13786.0,538.0,176.7226,0.668,1.99,600.0,27.0189,0.6653,0.799,1335,1681,614,932,182.033
12,210.2855,1,494.3716,666.1851,15669.0,2065.0,189.4665,0.698,1.9158,572.0,19.6326,0.7461,0.8546,297,643,614,932,182.033
12,210.2855,2,866.3217,686.3712,13582.0,1180.0,206.634,0.7238,2.6797,587.0,41.5152,0.4859,0.654,643,990,614,932,182.033
12,210.2855,3,1085.7316,684.608,9882.0,562.0,135.258,0.9033,1.8761,599.0,35.5596,0.3827,0.5536,990,1335,614,932,182.033
12,210.2855,4,1575.8461,697.8708,14369.0,287.0,180.9782,0.6798,2.1044,605.0,29.9335,0.6308,0.7736,1335,1681,614,932,182.033
12,210.686,1,491.5104,669.6977,15394.0,1820.0,201.7954,0.6192,2.2548,581.0,20.7046,0.7462,0.8547,297,643,614,932,182.033
12,210.686,2,896.0899,679.5532,11237.0,1502.0,192.8733,0.8314,2.7577,570.0,60.0173,0.3354,0.5023,643,990,614,932,182.033
12,210.686,3,1072.9309,691.4835,7409.0,540.0,125.8802,0.9505,2.2085,596.0,26.3952,0.474,0.6431,990,1335,614,932,182.033
12,210.686,4,1574.894,692.9087,17033.0,1396.0,208.1055,0.7971,2.285,584.0,26.2712,0.6462,0.785,1335,1681,614,932,182.033
12,211.0866,1,480.0886,658.009,16984.0,5198.0,212.0795,0.9183,2.2057,546.0,38.7489,0.4152,0.5868,297,643,614,932,182.033
12,211.0866,2,923.1337,697.7542,10783.0,1106.0,154.1612,0.8918,2.1695,615.0,51.4846,0.322,0.4871,643,990,614,932,182.033
12,211.0866,3,1062.7764,655.5431,6504.0,716.0,122.3648,0.9522,2.0296,593.0,27.2044,0.5017,0.6682,990,1335,614,932,182.033
12,211.0866,4,1578.2524,713.2753,15806.0,84.0,205.7487,0.7332,2.2726,609.0,33.7025,0.5628,0.7202,1335,1681,614,932,182.033
12,211.4871,1,447.3982,639.3318,13672.0,3928.0,184.27,0.7487,1.994,570.0,42.7134,0.3609,0.5303,297,643,614,932,182.033
12,211.4871,2,925.5938,712.0647,12002.0,768.0,180.9016,0.9231,2.5827,610.0,26.6923,0.6403,0.7807,643,990,614,932,182.033
12,211.4871,3,1069.3092,654.1174,6728.0,583.0,109.33,0.9529,1.4386,598.0,22.3553,0.6726,0.8043,990,1335,614,932,182.033
12,211.4871,4,1593.3023,708.2093,14739.0,166.0,183.2227,0.8649,2.0046,609.0,34.156,0.5504,0.71,1335,1681,614,932,182.033
12,211.8877,1,431.7448,649.0504,14510.0,4203.0,183.7007,0.7199,2.17,564.0,33.9512,0.5494,0.7092,297,643,614,932,182.033
12,211.8877,2,910.5792,710.526,13257.0,1017.0,214.5856,0.9365,2.9269,586.0,31.939,0.5386,0.7001,643,990,614,932,182.033
12,211.8877,3,1078.1018,659.0726,7219.0,519.0,114.711,0.9998,1.4578,598.0,24.7209,0.62,0.7655,990,1335,614,932,182.033
12,211.8877,4,1604.7601,691.3331,13123.0,669.0,151.3372,0.9996,1.4805,596.0,38.1041,0.5113,0.6766,1335,1681,614,932,182.033
12,212.2882,1,395.355,641.2713,10028.0,2419.0,155.6793,0.8401,1.901,570.0,41.7185,0.3987,0.5701,297,643,614,932,182.033
12,212.2882,2,906.2185,704.8951,12085.0,1039.0,195.0391,0.9167,2.6715,585.0,25.6741,0.6722,0.804,643,990,614,932,182.033
12,212.2882,3,1090.3411,665.6894,9134.0,786.0,140.4952,0.9224,1.8137,594.0,32.5053,0.5277,0.6909,990,1335,614,932,182.033
12,212.2882,4,1604.34,675.4259,12475.0,751.0,142.7673,0.7769,1.325,601.0,35.1212,0.5896,0.7419,1335,1681,614,932,182.033
12,212.6888,1,386.458,665.4606,10250.0,2029.0,130.8787,0.9989,1.6183,576.0,37.5909,0.5064,0.6724,297,643,614,932,182.033
12,212.6888,2,906.7264,707.7772,10466.0,1034.0,197.3938,0.9603,3.2994,583.0,26.6151,0.5468,0.707,643,990,614,932,182.033
12,212.6888,3,1114.4716,662.5541,10532.0,1016.0,151.8465,0.7579,1.8648,596.0,45.3906,0.4375,0.6087,990,1335,614,932,182.033
12,212.6888,4,1585.8647,659.8514,15508.0,987.0,218.1863,0.4036,2.2304,595.0,34.8139,0.5197,0.6839,1335,1681,614,932,182.033
12,213.0893,1,396.6681,636.3347,9073.0,2554.0,145.5151,0.7475,1.8845,574.0,33.8048,0.4768,0.6458,297,643,614,932,182.033
12,213.0893,2,910.3446,698.4529,9932.0,939.0,187.5583,0.9727,3.1638,585.0,28.9996,0.5722,0.7279,643,990,614,932,182.033
12,213.0893,3,1148.5509,657.7709,11844.0,1297.0,174.8935,0.5857,2.1526,595.0,50.5862,0.4339,0.6052,990,1335,614,932,182.033
12,213.0893,4,1562.3622,671.6265,18495.0,730.0,225.914,0.4342,2.2605,599.0,38.132,0.531,0.6937,1335,1681,614,932,182.033
12,213.4898,1,421.6434,631.3116,9310.0,2775.0,151.361,0.6185,1.9279,575.0,41.4003,0.5209,0.685,297,643,614,932,182.033
12,213.4898,2,901.7232,688.4245,11033.0,1290.0,169.1736,0.9885,2.3809,578.0,37.6491,0.4815,0.65,643,990,614,932,182.033
12,213.4898,3,1180.6464,667.2647,12888.0,960.0,167.4143,0.6346,1.8758,599.0,53.9602,0.3521,0.5208,990,1335,614,932,182.033
12,213.4898,4,1538.4836,681.5399,17504.0,510.0,211.054,0.4824,2.2488,602.0,37.7869,0.5211,0.6852,1335,1681,614,932,182.033
12,213.8904,1,444.4464,645.6783,11181.0,2605.0,158.0963,0.7672,1.9046,573.0,49.9146,0.4053,0.5768,297,643,614,932,182.033
12,213.8904,2,888.1059,686.838,11139.0,605.0,174.9,0.9865,2.1964,591.0,38.7607,0.4376,0.6088,643,990,614,932,182.033
12,213.8904,3,1214.6967,665.6869,12174.0,834.0,169.8101,0.5702,2.0768,598.0,52.7134,0.3884,0.5595,990,1335,614,932,182.033
12,213.8904,4,1519.8318,675.1433,17068.0,685.0,214.1146,0.4449,2.2826,599.0,26.7538,0.6687,0.8015,1335,1681,614,932,182.033
12,214.2909,1,469.0727,650.3507,12044.0,2423.0,172.6816,0.6796,2.1078,578.0,49.1582,0.4532,0.6237,297,643,614,932,182.033
12,214.2909,2,875.8816,710.3824,13402.0,563.0,179.7944,0.9863,2.1774,595.0,40.3207,0.5047,0.6708,643,990,614,932,182.033
12,214.2909,3,1241.5468,669.8904,10607.0,569.0,140.5917,0.6741,1.7253,599.0,51.6619,0.3882,0.5593,990,1335,614,932,182.033
12,214.2909,4,1493.2655,670.7467,17376.0,795.0,220.4123,0.4415,2.3357,597.0,31.5394,0.583,0.7366,1335,1681,614,932,182.033
12,214.6915,1,495.3338,647.9815,12656.0,2809.0,185.3001,0.6322,2.282,578.0,48.0094,0.4905,0.6581,297,643,614,932,182.033
12,214.6915,2,861.6991,689.6064,14645.0,1726.0,191.9144,0.9976,2.228,570.0,37.8105,0.5241,0.6878,643,990,614,932,182.033
12,214.6915,3,1267.9327,678.4009,9813.0,460.0,128.7093,0.9693,1.5445,599.0,44.992,0.416,0.5876,990,1335,614,932,182.033
12,214.6915,4,1475.8266,676.3181,17673.0,556.0,227.5207,0.4071,2.5295,602.0,29.4654,0.6139,0.7608,1335,1681,614,932,182.033
12,215.092,1,516.9438,651.782,12421.0,2717.0,173.6131,0.6366,2.085,579.0,50.6476,0.4683,0.6379,297,643,614,932,182.033
12,215.092,2,842.7851,697.7194,14055.0,1243.0,196.8265,0.9532,2.3869,581.0,37.072,0.5363,0.6982,643,990,614,932,182.033
12,215.092,3,1270.7439,667.5283,9507.0,567.0,121.9613,0.9996,1.3426,597.0,30.5771,0.6275,0.7711,990,1335,614,932,182.033
12,215.092,4,1460.7434,678.4497,17747.0,1051.0,197.335,0.5507,1.9072,594.0,29.8295,0.5467,0.7069,1335,1681,614,932,182.033
12,215.4926,1,538.9174,654.719,10223.0,2140.0,153.3283,0.7567,2.0594,580.0,48.2643,0.4391,0.6102,297,643,614,932,182.033
12,215.4926,2,825.9651,717.6663,14515.0,278.0,201.9512,0.9456,2.3551,604.0,34.7382,0.529,0.6919,643,990,614,932,182.033
12,215.4926,3,1257.7821,676.4774,13696.0,514.0,129.9584,0.9677,1.0811,609.0,34.4468,0.5973,0.7479,990,1335,614,932,182.033
12,215.4926,4,1451.396,684.8525,16039.0,652.0,206.3284,0.5437,2.3301,600.0,26.8829,0.6357,0.7772,1335,1681,614,932,182.033
12,215.8931,1,562.6797,659.5386,9260.0,1745.0,126.5973,0.9834,1.6257,581.0,44.6534,0.3923,0.5636,297,643,614,932,182.033
12,215.8931,2,818.9845,715.8838,14419.0,371.0,203.2399,0.8855,2.5021,601.0,27.0392,0.6474,0.786,643,990,614,932,182.033
12,215.8931,3,1226.4272,683.2081,14732.0,512.0,165.4853,0.6529,1.6241,599.0,42.4136,0.3852,0.5562,990,1335,614,932,182.033
12,215.8931,4,1443.1538,677.1756,14592.0,983.0,189.835,0.5638,2.1449,595.0,24.5985,0.6481,0.7865,1335,1681,614,932,182.033
12,216.2937,1,570.0433,650.6816,9161.0,2099.0,131.2024,0.9055,1.597,582.0,35.2628,0.5385,0.7001,297,643,614,932,182.033
12,216.2937,2,811.2916,704.6032,13863.0,376.0,198.1562,0.7756,2.4982,602.0,30.5762,0.5902,0.7423,643,990,614,932,182.033
12,216.2937,3,1186.7146,669.7293,15188.0,932.0,170.6588,0.5935,1.6274,597.0,38.4947,0.4603,0.6304,990,1335,614,932,182.033
12,216.2937,4,1432.914,681.8352,14136.0,1141.0,170.7438,0.6916,1.8694,591.0,25.2473,0.5927,0.7443,1335,1681,614,932,182.033
12,216.6942,1,545.8159,639.8739,12036.0,2866.0,169.2439,0.5824,1.8784,574.0,38.5252,0.4875,0.6555,297,643,614,932,182.033
12,216.6942,2,804.8037,700.8406,13870.0,518.0,192.0468,0.782,2.3464,599.0,27.1575,0.673,0.8045,643,990,614,932,182.033
12,216.6942,3,1151.3088,677.6942,15478.0,579.0,197.5345,0.5365,2.2185,601.0,43.335,0.3953,0.5666,990,1335,614,932,182.033
12,216.6942,4,1432.8565,694.1682,15234.0,709.0,185.4606,0.7341,2.0706,599.0,24.8456,0.6613,0.7961,1335,1681,614,932,182.033
12,217.0947,1,511.5239,644.7937,13265.0,3213.0,181.7285,0.6345,2.0535,566.0,48.4735,0.397,0.5684,297,643,614,932,182.033
12,217.0947,2,796.5018,701.3345,13660.0,336.0,194.3051,0.7276,2.4447,603.0,23.8454,0.6441,0.7835,643,990,614,932,182.033
12,217.0947,3,1124.2061,674.4629,16067.0,1053.0,188.6183,0.5242,1.9785,595.0,36.5464,0.4807,0.6493,990,1335,614,932,182.033
12,217.0947,4,1429.3726,688.0579,13911.0,841.0,188.173,0.6906,2.3445,595.0,17.3099,0.7254,0.8408,1335,1681,614,932,182.033
12,217.4953,1,471.9063,655.696,14316.0,2626.0,184.5542,0.6523,2.0625,574.0,53.7634,0.2956,0.4563,297,643,614,932,182.033
12,217.4953,2,793.8844,700.1542,13448.0,571.0,184.8834,0.7912,2.3045,596.0,26.4534,0.6478,0.7863,643,990,614,932,182.033
12,217.4953,3,1105.7796,675.5019,14150.0,1059.0,172.7277,0.5983,1.9134,596.0,31.9177,0.5204,0.6845,990,1335,614,932,182.033
12,217.4953,4,1427.5142,680.6683,12172.0,930.0,168.855,0.6893,2.1568,593.0,18.9921,0.719,0.8366,1335,1681,614,932,182.033
12,217.8958,1,439.5453,655.128,14015.0,2847.0,176.4905,0.6682,1.9662,573.0,48.2368,0.3975,0.5688,297,643,614,932,182.033
12,217.8958,2,789.7823,702.2913,13273.0,476.0,178.447,0.8387,2.1291,598.0,21.6141,0.7402,0.8507,643,990,614,932,182.033
12,217.8958,3,1091.6376,686.8473,13455.0,759.0,174.3834,0.6633,2.0878,597.0,31.1013,0.5114,0.6768,990,1335,614,932,182.033
12,217.8958,4,1417.2707,676.6235,12082.0,1328.0,164.2151,0.8233,2.0877,580.0,25.3696,0.5645,0.7216,1335,1681,614,932,182.033
12,218.2964,1,416.5454,654.4853,12989.0,2812.0,165.3721,0.7108,1.8861,572.0,41.68,0.4883,0.6562,297,643,614,932,182.033
12,218.2964,2,789.8744,708.5408,13429.0,447.0,177.4657,0.9056,2.1055,598.0,24.6781,0.661,0.7959,643,990,614,932,182.033
12,218.2964,3,1079.4899,680.7611,10607.0,769.0,138.4231,0.7929,1.7529,596.0,25.5218,0.5402,0.7014,990,1335,614,932,182.033
12,218.2964,4,1420.3673,696.2298,12588.0,762.0,174.2532,0.8122,2.2788,594.0,26.1976,0.5941,0.7454,1335,1681,614,932,182.033
12,218.6969,1,401.1421,661.146,12968.0,2426.0,165.79,0.8696,1.8584,575.0,32.0986,0.5785,0.733,297,643,614,932,182.033
12,218.6969,2,798.6151,675.2002,11415.0,832.0,171.2575,0.9205,2.0434,590.0,29.4276,0.6419,0.7819,643,990,614,932,182.033
12,218.6969,3,1054.3284,651.65,6426.0,890.0,126.4465,0.9363,1.9906,591.0,25.6844,0.5531,0.7123,990,1335,614,932,182.033
12,218.6969,4,1427.0906,703.6723,11922.0,387.0,178.0024,0.758,2.5221,602.0,26.7233,0.6005,0.7504,1335,1681,614,932,182.033
12,219.0975,1,406.8396,671.7113,13353.0,1993.0,168.8172,0.8183,1.9282,579.0,25.1643,0.6979,0.8221,297,643,614,932,182.033
12,219.0975,2,814.4157,663.3461,13535.0,2644.0,189.1008,0.9893,2.1402,559.0,32.4404,0.569,0.7253,643,990,614,932,182.033
12,219.0975,3,1051.3396,663.265,5630.0,579.0,134.9743,0.9782,2.85,596.0,25.0408,0.5992,0.7493,990,1335,614,932,182.033
12,219.0975,4,1421.0647,683.1525,10199.0,837.0,147.5664,0.8318,2.087,591.0,37.8362,0.4391,0.6103,1335,1681,614,932,182.033
12,219.498,1,408.852,656.5008,14405.0,3316.0,180.7252,0.9021,2.0131,561.0,24.4461,0.6552,0.7917,297,643,614,932,182.033
12,219.498,2,811.659,698.3227,12241.0,210.0,178.4794,0.9282,2.0239,605.0,40.2432,0.5306,0.6934,643,990,614,932,182.033
12,219.498,3,1056.3825,646.5272,5778.0,803.0,105.7684,0.9919,1.4626,593.0,29.5358,0.4676,0.6373,990,1335,614,932,182.033
12,219.498,4,1405.5843,648.7009,6553.0,640.0,113.4133,0.8468,1.4936,597.0,31.6843,0.5091,0.6747,1335,1681,614,932,182.033
12,219.8985,1,411.6011,673.5505,13819.0,2040.0,175.0265,0.8911,1.9529,574.0,19.9091,0.7396,0.8503,297,643,614,932,182.033
12,219.8985,2,804.7502,701.0987,13985.0,792.0,188.0086,0.9684,2.1482,593.0,32.1178,0.6336,0.7757,643,990,614,932,182.033
12,219.8985,3,1069.2292,655.9042,8197.0,927.0,127.5713,0.9082,1.6239,593.0,31.6256,0.4577,0.628,990,1335,614,932,182.033
12,219.8985,4,1410.4005,652.4791,7571.0,814.0,108.0584,0.9995,1.239,594.0,26.3901,0.6406,0.7809,1335,1681,614,932,182.033
12,220.2991,1,409.4872,669.9771,13727.0,2281.0,181.9103,0.8754,2.12,573.0,19.7956,0.7753,0.8734,297,643,614,932,182.033
12,220.2991,2,815.6453,681.2113,16291.0,1728.0,222.9844,0.7778,2.6347,582.0,39.8808,0.4892,0.657,643,990,614,932,182.033
12,220.2991,3,1097.059,663.2988,9924.0,925.0,150.9347,0.7999,1.9388,595.0,47.0867,0.3598,0.5292,990,1335,614,932,182.033
12,220.2991,4,1428.3992,663.4326,10081.0,747.0,133.9968,0.9047,1.4295,596.0,37.6234,0.4725,0.6417,1335,1681,614,932,182.033
12,220.6996,1,411.2708,671.2284,13475.0,2206.0,178.9359,0.8504,2.1279,576.0,16.5928,0.8133,0.8971,297,643,614,932,182.033
12,220.6996,2,837.4929,674.4263,14976.0,1324.0,214.1596,0.6418,2.5844,583.0,45.9195,0.4691,0.6386,643,990,614,932,182.033
12,220.6996,3,1136.7371,657.3416,11915.0,1574.0,180.5783,0.5889,2.3475,592.0,55.4798,0.3461,0.5142,990,1335,614,932,182.033
12,220.6996,4,1447.0242,661.3968,10605.0,935.0,146.0985,0.8763,1.5866,593.0,34.8079,0.5774,0.7321,1335,1681,614,932,182.033
12,221.1002,1,413.8595,663.1719,14663.0,2941.0,175.6763,0.8702,1.918,573.0,18.22,0.7725,0.8716,297,643,614,932,182.033
12,221.1002,2,859.7645,691.723,15392.0,1492.0,232.3753,0.8158,3.0341,577.0,54.628,0.3729,0.5433,643,990,614,932,182.033
12,221.1002,3,1179.7692,664.7309,12871.0,1364.0,181.9805,0.6099,2.2146,596.0,59.4659,0.2636,0.4172,990,1335,614,932,182.033
12,221.1002,4,1459.0538,670.7606,10880.0,692.0,154.2378,0.8938,1.7358,597.0,31.2014,0.6502,0.788,1335,1681,614,932,182.033
12,221.5007,1,416.2896,659.7473,14387.0,3109.0,171.314,0.8994,1.8401,571.0,18.7402,0.7923,0.8841,297,643,614,932,182.033
12,221.5007,2,873.933,715.6981,14818.0,624.0,222.5105,0.9195,2.916,593.0,49.9665,0.3882,0.5593,643,990,614,932,182.033
12,221.5007,3,1205.9337,670.2137,12949.0,1085.0,174.428,0.5374,2.2389,595.0,50.7713,0.3798,0.5505,990,1335,614,932,182.033
12,221.5007,4,1468.144,676.8937,11580.0,775.0,163.4995,0.923,1.8481,589.0,26.0319,0.7285,0.8429,1335,1681,614,932,182.033
12,221.9013,1,411.449,658.3699,13356.0,3287.0,163.1232,0.8784,1.8412,570.0,21.6651,0.7655,0.8672,297,643,614,932,182.033
12,221.9013,2,883.5873,720.4569,14249.0,421.0,200.8151,0.9899,2.5251,597.0,31.6036,0.5397,0.7011,643,990,614,932,182.033
12,221.9013,3,1243.4273,672.0828,10706.0,513.0,144.1102,0.7324,1.8011,599.0,55.1995,0.3227,0.4879,990,1335,614,932,182.033
12,221.9013,4,1475.0134,691.173,13909.0,948.0,165.1556,0.9495,1.7792,596.0,34.8356,0.5088,0.6744,1335,1681,614,932,182.033
12,222.3018,1,397.8429,647.7976,11402.0,3169.0,140.5353,0.893,1.6127,569.0,32.7523,0.6072,0.7556,297,643,614,932,182.033
12,222.3018,2,868.4724,709.6056,13642.0,646.0,187.4888,0.9948,2.2446,594.0,38.1305,0.4585,0.6287,643,990,614,932,182.033
12,222.3018,3,1269.3749,678.525,9381.0,440.0,121.0102,0.9817,1.4894,600.0,45.6203,0.4077,0.5793,990,1335,614,932,182.033
12,222.3018,4,1476.277,683.0838,15176.0,1423.0,195.4836,0.7052,2.2212,590.0,32.6223,0.5261,0.6895,1335,1681,614,932,182.033
12,222.7024,1,375.714,648.8552,9163.0,2510.0,109.5895,0.9748,1.2974,585.0,43.0403,0.3835,0.5544,297,643,614,932,182.033
12,222.7024,2,850.3766,695.0303,14489.0,1016.0,190.6295,0.8642,2.2438,589.0,46.4858,0.3658,0.5356,643,990,614,932,182.033
12,222.7024,3,1274.8358,669.3675,9376.0,371.0,117.5458,0.9786,1.349,611.0,23.7234,0.7377,0.8491,990,1335,614,932,182.033
12,222.7024,4,1451.6564,673.8615,13627.0,1023.0,192.8069,0.604,2.4609,593.0,40.5807,0.4854,0.6535,1335,1681,614,932,182.033
12,223.1029,1,379.9365,641.7936,10419.0,3287.0,143.3059,0.5641,1.6608,580.0,31.0218,0.5477,0.7078,297,643,614,932,182.033
12,223.1029,2,825.7463,676.2156,13806.0,1280.0,172.2496,0.7876,1.9181,585.0,41.5347,0.4461,0.617,643,990,614,932,182.033
12,223.1029,3,1259.2083,674.703,13281.0,463.0,135.0323,0.9481,1.1502,604.0,36.1735,0.5616,0.7192,990,1335,614,932,182.033
12,223.1029,4,1424.7077,674.0858,11898.0,1138.0,158.3677,0.8013,1.9176,591.0,43.6461,0.4176,0.5891,1335,1681,614,932,182.033
12,223.5034,1,401.0229,635.0639,13522.0,3944.0,186.6663,0.4019,1.9592,574.0,29.0979,0.5729,0.7285,297,643,614,932,182.033
12,223.5034,2,802.7905,668.2007,13963.0,1225.0,178.0313,0.6871,1.9314,594.0,39.6825,0.573,0.7286,643,990,614,932,182.033
12,223.5034,3,1221.9495,676.6508,13200.0,529.0,154.8633,0.7662,1.5679,599.0,50.4492,0.3495,0.518,990,1335,614,932,182.033
12,223.5034,4,1415.1167,680.9479,13001.0,1631.0,173.1467,0.9363,2.1123,580.0,33.4956,0.5265,0.6898,1335,1681,614,932,182.033
12,223.904,1,422.613,647.3921,15236.0,3016.0,190.4104,0.4739,1.9022,579.0,38.2469,0.5049,0.671,297,643,614,932,182.033
12,223.904,2,784.957,668.9226,13754.0,1484.0,180.3146,0.6578,2.0836,587.0,40.849,0.5394,0.7008,643,990,614,932,182.033
12,223.904,3,1182.207,679.0864,13474.0,520.0,157.3593,0.7504,1.6218,599.0,49.6444,0.3292,0.4953,990,1335,614,932,182.033
12,223.904,4,1434.196,689.1502,17127.0,2407.0,207.8057,0.8705,2.1291,597.0,39.1968,0.4127,0.5843,1335,1681,614,932,182.033
12,224.3045,1,444.4853,651.3635,14821.0,2760.0,187.1631,0.4979,1.9824,579.0,36.013,0.5686,0.725,297,643,614,932,182.033
12,224.3045,2,768.6369,671.0959,13785.0,1245.0,170.7236,0.7174,1.8216,592.0,36.514,0.5858,0.7388,643,990,614,932,182.033
12,224.3045,3,1144.3215,673.0379,15754.0,690.0,195.1213,0.5013,2.111,601.0,39.9492,0.4484,0.6192,990,1335,614,932,182.033
12,224.3045,4,1435.0091,699.3858,15880.0,518.0,194.3299,0.8129,2.0847,601.0,28.3146,0.6295,0.7726,1335,1681,614,932,182.033
12,224.7051,1,454.5271,651.5329,14135.0,2769.0,185.7065,0.5797,2.0736,572.0,21.4579,0.7433,0.8527,297,643,614,932,182.033
12,224.7051,2,761.1974,674.1686,13432.0,1300.0,171.9508,0.7135,1.9907,589.0,29.3781,0.6531,0.7902,643,990,614,932,182.033
12,224.7051,3,1116.9511,674.0223,16186.0,1081.0,188.5212,0.5612,1.8626,597.0,36.0425,0.4739,0.643,990,1335,614,932,182.033
12,224.7051,4,1446.1189,697.9192,15814.0,542.0,196.1168,0.7423,2.1551,600.0,30.9958,0.5834,0.7369,1335,1681,614,932,182.033
12,225.1056,1,459.9721,667.9001,14967.0,1646.0,169.5394,0.6444,1.6705,583.0,30.537,0.5689,0.7252,297,643,614,932,182.033
12,225.1056,2,754.3968,670.5937,15612.0,3109.0,179.0012,0.8481,1.8565,577.0,33.5202,0.5479,0.708,643,990,614,932,182.033
12,225.1056,3,1104.825,685.7132,14942.0,661.0,189.0392,0.5815,2.1735,602.0,33.3834,0.54,0.7013,990,1335,614,932,182.033
12,225.1056,4,1441.9452,673.3895,12489.0,1001.0,151.6918,0.6279,1.4552,589.0,40.2887,0.4688,0.6384,1335,1681,614,932,182.033
12,225.5062,1,462.927,661.4865,14293.0,2212.0,162.6226,0.7515,1.6099,574.0,17.9404,0.7837,0.8787,297,643,614,932,182.033
12,225.5062,2,756.9185,695.1971,15272.0,1312.0,190.201,0.9159,2.1411,589.0,32.1194,0.5493,0.7091,643,990,614,932,182.033
12,225.5062,3,1099.1581,682.1508,13107.0,877.0,156.5533,0.7212,1.7845,596.0,26.7231,0.5694,0.7256,990,1335,614,932,182.033
12,225.5062,4,1448.0038,676.5581,12418.0,713.0,135.8782,0.8537,1.2597,596.0,25.0646,0.6397,0.7803,1335,1681,614,932,182.033
12,225.9067,1,459.4645,668.2611,13504.0,1794.0,141.8053,0.9757,1.3119,579.0,28.4694,0.6094,0.7573,297,643,614,932,182.033
12,225.9067,2,763.0006,691.015,15848.0,1434.0,203.8631,0.8302,2.3286,588.0,29.9724,0.6113,0.7587,643,990,614,932,182.033
12,225.9067,3,1093.5509,695.0273,12924.0,908.0,179.8269,0.854,2.404,594.0,31.6816,0.4807,0.6493,990,1335,614,932,182.033
12,225.9067,4,1455.5287,673.6842,14239.0,768.0,142.4228,0.3769,1.2098,597.0,29.5103,0.5651,0.7221,1335,1681,614,932,182.033
12,226.3072,1,452.0946,673.4396,13975.0,1904.0,145.512,0.9701,1.3519,583.0,27.3416,0.6215,0.7665,297,643,614,932,182.033
12,226.3072,2,760.9833,680.5076,14859.0,1513.0,193.1998,0.7431,2.2587,584.0,27.9178,0.6369,0.7782,643,990,614,932,182.033
12,226.3072,3,1072.6393,673.7756,8293.0,382.0,163.0199,0.7642,2.5123,600.0,24.6963,0.5945,0.7457,990,1335,614,932,182.033
12,226.3072,4,1479.4842,684.4644,15511.0,516.0,143.6406,0.5749,1.1814,602.0,36.1214,0.4897,0.6574,1335,1681,614,932,182.033
12,226.7078,1,442.6491,660.2424,14055.0,2734.0,153.7214,0.9057,1.4396,570.0,29.4733,0.6181,0.764,297,643,614,932,182.033
12,226.7078,2,755.0768,672.7327,13641.0,1349.0,188.3871,0.7114,2.3151,581.0,35.986,0.5313,0.6939,643,990,614,932,182.033
12,226.7078,3,1091.2548,674.9109,10367.0,2003.0,178.8663,0.9984,3.1257,561.0,35.7496,0.344,0.5119,990,1335,614,932,182.033
12,226.7078,4,1505.8051,685.2849,16235.0,661.0,148.2462,0.5719,1.2064,600.0,35.435,0.4728,0.642,1335,1681,614,932,182.033
12,227.1083,1,426.5676,671.1198,15752.0,1887.0,177.0337,0.7489,1.7476,592.0,32.9811,0.5706,0.7266,297,643,614,932,182.033
12,227.1083,2,752.1359,683.6082,12903.0,1022.0,178.6291,0.6868,2.2474,592.0,26.6944,0.6252,0.7694,643,990,614,932,182.033
12,227.1083,3,1067.2632,662.3587,6990.0,537.0,124.291,0.9845,1.798,596.0,25.0736,0.4958,0.6629,990,1335,614,932,182.033
12,227.1083,4,1527.5594,681.8226,16446.0,859.0,149.5127,0.4987,1.2134,597.0,31.7617,0.5317,0.6943,1335,1681,614,932,182.033
12,227.5089,1,407.6175,677.3767,17591.0,2000.0,173.3083,0.7945,1.52,593.0,34.3413,0.5329,0.6953,297,643,614,932,182.033
12,227.5089,2,752.7763,692.791,13269.0,782.0,188.6735,0.7275,2.352,592.0,22.0904,0.6628,0.7972,643,990,614,932,182.033
12,227.5089,3,1083.0619,665.4374,9186.0,822.0,138.7267,0.926,1.7444,593.0,32.7798,0.4669,0.6366,990,1335,614,932,182.033
12,227.5089,4,1552.9693,680.7893,17060.0,915.0,160.7915,0.4964,1.3596,596.0,33.0097,0.5322,0.6947,1335,1681,614,932,182.033
12,227.9094,1,413.7926,683.1687,18748.0,2552.0,194.5764,0.9373,1.7371,573.0,23.3647,0.6448,0.7841,297,643,614,932,182.033
12,227.9094,2,748.3505,684.6721,14415.0,1900.0,222.9328,0.848,2.5464,564.0,29.6386,0.5754,0.7305,643,990,614,932,182.033
12,227.9094,3,1113.9907,654.1236,10391.0,1184.0,147.4236,0.6902,1.6547,594.0,46.3893,0.4148,0.5864,990,1335,614,932,182.033
12,227.9094,4,1564.5644,685.7718,17094.0,662.0,164.4801,0.5675,1.3872,600.0,26.6778,0.6505,0.7883,1335,1681,614,932,182.033
12,228.31,1,417.0035,682.6939,16208.0,1651.0,199.8177,0.7223,2.1884,592.0,26.1132,0.6455,0.7846,297,643,614,932,182.033
12,228.31,2,754.2639,707.5569,14133.0,615.0,224.3877,0.7784,3.0168,596.0,24.6742,0.6308,0.7736,643,990,614,932,182.033
12,228.31,3,1143.2305,661.0275,12323.0,1121.0,177.4901,0.6,2.1391,596.0,54.0876,0.3991,0.5705,990,1335,614,932,182.033
12,228.31,4,1573.4169,689.1666,16809.0,519.0,167.477,0.6014,1.461,600.0,21.0982,0.738,0.8492,1335,1681,614,932,182.033
12,228.7105,1,417.2205,658.8756,15722.0,3669.0,170.581,0.8381,1.6876,569.0,32.5099,0.5565,0.7151,297,643,614,932,182.033
12,228.7105,2,739.0636,692.2067,14577.0,1930.0,208.2034,0.928,2.4216,570.0,34.1917,0.5029,0.6692,643,990,614,932,182.033
12,228.7105,3,1181.9164,655.8152,13260.0,1542.0,179.7764,0.5005,2.1947,599.0,49.3603,0.3981,0.5695,990,1335,614,932,182.033
12,228.7105,4,1582.8251,685.2987,15188.0,535.0,149.6863,0.6727,1.2623,598.0,26.4607,0.6301,0.7731,1335,1681,614,932,182.033
12,229.1111,1,402.3191,643.7228,12701.0,3432.0,140.1243,0.8213,1.3337,576.0,28.8998,0.5964,0.7472,297,643,614,932,182.033
12,229.1111,2,726.17,695.3234,16374.0,2530.0,219.0836,0.9735,2.4099,564.0,28.5861,0.5681,0.7246,643,990,614,932,182.033
12,229.1111,3,1205.6617,671.5748,13966.0,1042.0,175.8209,0.6666,1.9729,598.0,49.4734,0.376,0.5465,990,1335,614,932,182.033
12,229.1111,4,1592.1722,686.9809,14571.0,581.0,138.2012,0.956,1.1159,599.0,26.7795,0.6431,0.7828,1335,1681,614,932,182.033
12,229.5116,1,401.0103,637.8157,11858.0,3364.0,165.0346,0.5082,1.8456,578.0,35.9595,0.4617,0.6317,297,643,614,932,182.033
12,229.5116,2,723.0271,722.666,14861.0,893.0,200.299,0.941,2.5284,608.0,33.6863,0.5437,0.7044,643,990,614,932,182.033
12,229.5116,3,1231.9955,675.2512,11668.0,352.0,164.9674,0.6242,2.0742,603.0,47.6424,0.4212,0.5927,990,1335,614,932,182.033
12,229.5116,4,1602.1191,686.9034,14551.0,558.0,141.7792,0.7493,1.2011,600.0,27.7778,0.6191,0.7648,1335,1681,614,932,182.033
12,229.9121,1,434.9278,638.5916,14730.0,3878.0,216.9377,0.3175,2.5683,580.0,36.0329,0.5056,0.6717,297,643,614,932,182.033
12,229.9121,2,723.7081,709.5896,15414.0,1197.0,187.3288,0.9468,2.2012,610.0,28.4189,0.601,0.7508,643,990,614,932,182.033
12,229.9121,3,1245.375,678.4381,11054.0,487.0,141.6061,0.7611,1.6986,601.0,36.6107,0.5288,0.6918,990,1335,614,932,182.033
12,229.9121,4,1597.3768,687.0863,15635.0,552.0,156.6542,0.6919,1.3641,600.0,18.7139,0.7486,0.8562,1335,1681,614,932,182.033
12,230.3127,1,486.5224,641.666,14224.0,3280.0,203.742,0.3897,2.4499,578.0,47.9952,0.3519,0.5206,297,643,614,932,182.033
12,230.3127,2,732.014,696.1291,19455.0,2532.0,208.769,0.9968,1.8126,569.0,33.9299,0.5571,0.7156,643,990,614,932,182.033
12,230.3127,3,1261.5981,675.7831,9793.0,503.0,124.2485,0.9538,1.4632,600.0,39.7349,0.4868,0.6549,990,1335,614,932,182.033
12,230.3127,4,1588.3283,691.0223,15743.0,528.0,165.1126,0.7022,1.5353,600.0,21.3607,0.732,0.8452,1335,1681,614,932,182.033
12,230.7132,1,501.6959,655.7099,14718.0,2680.0,203.7124,0.4365,2.5264,582.0,35.8937,0.5072,0.6731,297,643,614,932,182.033
12,230.7132,2,751.8174,715.7976,21901.0,1290.0,223.6319,0.9534,1.9112,582.0,37.31,0.4682,0.6378,643,990,614,932,182.033
12,230.7132,3,1280.9163,671.5753,8938.0,394.0,124.1877,0.9465,1.5302,613.0,36.2701,0.5401,0.7014,990,1335,614,932,182.033
12,230.7132,4,1575.1666,693.1376,16025.0,506.0,166.7744,0.7258,1.5612,601.0,28.8711,0.6047,0.7537,1335,1681,614,932,182.033
12,231.1138,1,507.8845,659.3225,14678.0,2841.0,182.4114,0.423,2.1659,580.0,27.182,0.5935,0.7449,297,643,614,932,182.033
12,231.1138,2,770.3096,695.5734,19656.0,2164.0,197.9768,0.9965,1.7714,569.0,34.2733,0.5069,0.6728,643,990,614,932,182.033
12,231.1138,3,1263.5979,661.291,12366.0,601.0,145.0256,0.5465,1.3675,600.0,37.1983,0.5207,0.6848,990,1335,614,932,182.033
12,231.1138,4,1561.4075,689.5172,15243.0,638.0,161.2973,0.7557,1.5171,597.0,26.4995,0.6694,0.802,1335,1681,614,932,182.033
12,231.5143,1,531.7117,652.7192,12895.0,2345.0,168.1792,0.5271,1.9821,581.0,24.9476,0.6289,0.7722,297,643,614,932,182.033
12,231.5143,2,775.8252,698.4778,20789.0,2045.0,210.4074,0.9959,1.8107,566.0,27.3345,0.6491,0.7872,643,990,614,932,182.033
12,231.5143,3,1221.2587,666.659,13916.0,724.0,176.6398,0.4978,1.9165,600.0,48.5283,0.3678,0.5378,990,1335,614,932,182.033
12,231.5143,4,1549.7032,686.7235,14726.0,611.0,155.8294,0.7689,1.4703,598.0,29.9031,0.6365,0.7779,1335,1681,614,932,182.033
12,231.9149,1,553.8856,654.9487,11172.0,1394.0,146.1547,0.6781,1.5699,585.0,34.7822,0.5441,0.7048,297,643,614,932,182.033
12,231.9149,2,778.4881,705.7074,21613.0,1161.0,218.2033,0.8869,1.8933,589.0,30.8901,0.5448,0.7053,643,990,614,932,182.033
12,231.9149,3,1169.3389,663.9774,14838.0,964.0,194.4778,0.4796,2.2069,600.0,49.2457,0.3477,0.516,990,1335,614,932,182.033
12,231.9149,4,1541.8766,695.9846,15412.0,348.0,161.0964,0.7438,1.5375,603.0,23.965,0.6914,0.8176,1335,1681,614,932,182.033
12,232.3154,1,556.4126,659.9753,12879.0,2449.0,143.6263,0.9985,1.3691,571.0,29.5016,0.584,0.7373,297,643,614,932,182.033
12,232.3154,2,784.2556,692.9496,18952.0,1967.0,233.0197,0.7808,2.3674,575.0,29.4942,0.5468,0.707,643,990,614,932,182.033
12,232.3154,3,1131.955,666.4334,15763.0,907.0,203.821,0.4533,2.32,600.0,42.5977,0.4276,0.5991,990,1335,614,932,182.033
12,232.3154,4,1531.8782,687.9074,15814.0,685.0,165.6084,0.6552,1.5857,599.0,25.7916,0.6489,0.7871,1335,1681,614,932,182.033
12,232.7159,1,543.9651,674.2502,13719.0,1576.0,175.0742,0.8717,1.8965,578.0,42.506,0.4236,0.5951,297,643,614,932,182.033
12,232.7159,2,768.8372,687.0038,16429.0,2492.0,216.6301,0.8186,2.4125,561.0,40.2349,0.3849,0.5559,643,990,614,932,182.033
12,232.7159,3,1116.1335,670.9569,14543.0,912.0,189.6029,0.5051,2.2045,599.0,34.0814,0.5366,0.6984,990,1335,614,932,182.033
12,232.7159,4,1518.2424,679.5533,16150.0,861.0,180.4119,0.5681,1.7753,599.0,23.9551,0.6726,0.8043,1335,1681,614,932,182.033
12,233.1165,1,526.0011,687.546,14202.0,798.0,180.014,0.9212,1.8613,595.0,45.4201,0.4664,0.6362,297,643,614,932,182.033
12,233.1165,2,741.2606,711.1507,14720.0,1844.0,198.9206,0.8659,2.9278,609.0,48.5431,0.2299,0.3739,643,990,614,932,182.033
12,233.1165,3,1100.2003,675.3121,12878.0,751.0,170.6313,0.6104,2.0777,600.0,30.5787,0.5451,0.7056,990,1335,614,932,182.033
12,233.1165,4,1512.3367,688.8321,17131.0,780.0,196.433,0.6006,2.0216,597.0,25.8142,0.6488,0.787,1335,1681,614,932,182.033
12,233.517,1,504.5693,663.9539,15667.0,3187.0,195.6516,0.8272,1.9149,569.0,35.4672,0.5533,0.7124,297,643,614,932,182.033
12,233.517,2,721.0459,731.8445,13453.0,815.0,214.9447,0.9686,3.2052,607.0,38.424,0.3783,0.549,643,990,614,932,182.033
12,233.517,3,1092.1895,683.2851,11264.0,676.0,152.2524,0.6951,1.9841,598.0,26.3124,0.5274,0.6906,990,1335,614,932,182.033
12,233.517,4,1505.3435,691.0464,17617.0,577.0,205.5097,0.5956,2.1296,599.0,23.3179,0.6809,0.8102,1335,1681,614,932,182.033
12,233.9176,1,469.0776,657.0916,14826.0,2873.0,192.7113,0.7193,2.1011,577.0,50.1136,0.3457,0.5138,297,643,614,932,182.033
12,233.9176,2,734.7986,710.4337,18126.0,610.0,195.5904,0.9969,1.8349,611.0,45.7907,0.344,0.5119,643,990,614,932,182.033
12,233.9176,3,1077.3944,679.1383,8972.0,926.0,134.6577,0.9015,1.9919,592.0,25.7957,0.4721,0.6414,990,1335,614,932,182.033
12,233.9176,4,1500.4275,688.9324,17602.0,476.0,217.5453,0.5496,2.3717,601.0,18.798,0.7695,0.8698,1335,1681,614,932,182.033
12,234.3181,1,428.4999,661.9414,17704.0,3186.0,190.8362,0.689,1.8111,570.0,42.8768,0.3384,0.5056,297,643,614,932,182.033
12,234.3181,2,803.8317,686.822,16116.0,1318.0,195.3501,0.8184,2.1108,575.0,63.4503,0.1339,0.2362,643,990,614,932,182.033
12,234.3181,3,1073.9142,692.8756,8173.0,579.0,141.8448,0.9543,2.549,596.0,25.8873,0.5046,0.6707,990,1335,614,932,182.033
12,234.3181,4,1489.0419,678.5122,17178.0,1027.0,210.2463,0.4994,2.3344,595.0,29.3365,0.5792,0.7335,1335,1681,614,932,182.033
12,234.7187,1,417.9065,664.2373,16967.0,3667.0,167.7828,0.9391,1.5116,566.0,30.4782,0.5871,0.7398,297,643,614,932,182.033
12,234.7187,2,860.5006,683.5821,17549.0,1406.0,189.6849,0.7545,1.6355,577.0,58.4145,0.199,0.332,643,990,614,932,182.033
12,234.7187,3,1057.2856,645.7761,5627.0,844.0,116.2382,0.9463,1.8218,592.0,29.028,0.4289,0.6003,990,1335,614,932,182.033
12,234.7187,4,1473.9068,674.9581,17216.0,790.0,214.8345,0.4473,2.3285,597.0,28.5309,0.5897,0.7419,1335,1681,614,932,182.033
12,235.1192,1,407.3957,679.5781,16059.0,1940.0,175.2944,0.8471,1.7048,581.0,27.4255,0.6161,0.7624,297,643,614,932,182.033
12,235.1192,2,882.3899,710.8924,19207.0,415.0,216.0809,0.7286,2.1675,615.0,42.7974,0.4245,0.596,643,990,614,932,182.033
12,235.1192,3,1066.4984,652.8697,8012.0,1013.0,119.9718,0.9226,1.4491,592.0,29.6372,0.5072,0.6731,990,1335,614,932,182.033
12,235.1192,4,1464.4193,680.9642,17295.0,962.0,208.6556,0.5093,2.1848,595.0,26.6081,0.6078,0.756,1335,1681,614,932,182.033
12,235.5198,1,406.9956,690.9874,12977.0,968.0,149.3324,0.9749,1.6974,591.0,32.0045,0.4975,0.6644,297,643,614,932,182.033
12,235.5198,2,890.9514,709.0846,17876.0,314.0,204.9373,0.7855,2.0877,615.0,24.0355,0.6809,0.8101,643,990,614,932,182.033
12,235.5198,3,1096.3024,662.5543,9080.0,720.0,132.9354,0.9086,1.5799,596.0,47.5829,0.338,0.5053,990,1335,614,932,182.033
12,235.5198,4,1463.5656,683.3915,16960.0,744.0,204.6425,0.511,2.1998,599.0,16.9802,0.7874,0.881,1335,1681,614,932,182.033
12,235.9203,1,413.8796,664.405,15636.0,3449.0,165.3694,0.9033,1.6709,570.0,29.103,0.5005,0.6671,297,643,614,932,182.033
12,235.9203,2,886.8801,694.6963,16248.0,815.0,189.1121,0.6872,2.041,612.0,31.2266,0.6123,0.7595,643,990,614,932,182.033
12,235.9203,3,1134.5257,657.164,10747.0,1193.0,154.7693,0.6523,1.8752,595.0,57.7092,0.3201,0.485,990,1335,614,932,182.033
12,235.9203,4,1460.7605,684.877,17001.0,727.0,199.3467,0.5152,2.0862,599.0,12.6781,0.8447,0.9158,1335,1681,614,932,182.033
12,236.3208,1,440.2054,645.8867,11846.0,2894.0,198.106,0.6143,2.7721,575.0,41.1056,0.332,0.4985,297,643,614,932,182.033
12,236.3208,2,881.0115,693.4327,15515.0,455.0,192.1531,0.5873,2.1646,612.0,22.3442,0.6662,0.7997,643,990,614,932,182.033
12,236.3208,3,1180.9019,659.2188,12712.0,1570.0,182.52,0.5901,2.2056,588.0,62.7967,0.2807,0.4384,990,1335,614,932,182.033
12,236.3208,4,1460.9175,685.2525,16640.0,778.0,198.0155,0.5393,2.1257,598.0,17.7186,0.7539,0.8597,1335,1681,614,932,182.033
12,236.7214,1,485.7924,643.4283,12007.0,2920.0,167.5304,0.4937,2.0857,578.0,50.0191,0.2925,0.4526,297,643,614,932,182.033
12,236.7214,2,878.7909,683.0075,14192.0,921.0,185.8514,0.6225,2.1977,592.0,26.4387,0.5991,0.7493,643,990,614,932,182.033
12,236.7214,3,1203.8619,682.7212,13272.0,454.0,181.9039,0.6837,2.1787,603.0,56.2224,0.2955,0.4562,990,1335,614,932,182.033
12,236.7214,4,1452.8325,683.5278,16528.0,964.0,199.9588,0.6148,2.1016,592.0,21.1093,0.7308,0.8445,1335,1681,614,932,182.033
12,237.1219,1,527.8988,655.8124,11860.0,2284.0,163.7305,0.6309,2.1187,581.0,54.1849,0.2261,0.3689,297,643,614,932,182.033
12,237.1219,2,880.5794,699.7205,15242.0,1179.0,202.2334,0.9141,2.4127,588.0,38.1897,0.3788,0.5495,643,990,614,932,182.033
12,237.1219,3,1231.6133,674.3616,12094.0,571.0,160.8662,0.6672,1.9202,600.0,45.1515,0.4698,0.6393,990,1335,614,932,182.033
12,237.1219,4,1443.4048,690.5814,17129.0,376.0,200.1605,0.6722,1.9332,601.0,25.6732,0.6353,0.777,1335,1681,614,932,182.033
12,237.5225,1,552.4772,665.8416,9792.0,1462.0,143.9118,0.902,2.0343,577.0,49.9261,0.2968,0.4577,297,643,614,932,182.033
12,237.5225,2,873.855,712.5973,13846.0,48.0,171.2138,0.6429,2.0571,613.0,36.6926,0.5415,0.7026,643,990,614,932,182.033
12,237.5225,3,1235.4572,678.3859,14362.0,1784.0,188.5915,0.9638,2.0944,580.0,45.1435,0.4686,0.6381,990,1335,614,932,182.033
12,237.5225,4,1449.3011,695.7452,16791.0,549.0,170.5986,0.7657,1.5483,597.0,28.2796,0.6093,0.7573,1335,1681,614,932,182.033
12,237.923,1,574.1991,685.3276,8532.0,1006.0,154.796,0.9686,2.5663,579.0,36.228,0.4241,0.5956,297,643,614,932,182.033
12,237.923,2,883.3947,695.5138,12692.0,509.0,159.112,0.8277,1.8751,597.0,38.6062,0.4095,0.5811,643,990,614,932,182.033
12,237.923,3,1240.9296,694.2875,13623.0,0.0,192.9133,0.6599,2.4146,614.0,42.079,0.443,0.614,990,1335,614,932,182.033
12,237.923,4,1462.7342,673.9609,13723.0,729.0,135.0191,0.8981,1.1053,598.0,33.9562,0.4805,0.6491,1335,1681,614,932,182.033
12,238.3236,1,585.1847,694.5737,7807.0,631.0,153.7812,0.9644,2.7506,586.0,26.4619,0.5497,0.7095,297,643,614,932,182.033
12,238.3236,2,882.7426,667.9158,10789.0,1837.0,151.3234,0.9926,2.0075,580.0,39.6849,0.391,0.5622,643,990,614,932,182.033
12,238.3236,3,1250.727,686.8477,15519.0,374.0,131.3874,0.8503,1.0432,612.0,39.9908,0.4651,0.6349,990,1335,614,932,182.033
12,238.3236,4,1492.332,672.8295,15980.0,787.0,165.6149,0.4491,1.4714,598.0,34.9422,0.5085,0.6741,1335,1681,614,932,182.033
12,238.7241,1,590.8409,674.938,7083.0,943.0,145.2685,0.97,2.7323,582.0,28.1928,0.5879,0.7405,297,643,614,932,182.033
12,238.7241,2,877.4264,666.7531,10666.0,802.0,150.3817,0.8333,1.7264,594.0,41.2262,0.5156,0.6804,643,990,614,932,182.033
12,238.7241,3,1231.9791,669.1486,15825.0,937.0,194.7656,0.3792,2.0786,597.0,37.8228,0.4269,0.5983,990,1335,614,932,182.033
12,238.7241,4,1513.1056,687.2735,18422.0,499.0,194.1536,0.6406,1.7845,602.0,36.5899,0.5092,0.6748,1335,1681,614,932,182.033
12,239.1246,1,583.8624,674.132,7978.0,931.0,143.0302,0.9443,2.2833,583.0,25.7936,0.5997,0.7498,297,643,614,932,182.033
12,239.1246,2,861.4553,690.2726,13135.0,818.0,150.0307,0.9467,1.5985,593.0,29.1381,0.6338,0.7758,643,990,614,932,182.033
12,239.1246,3,1172.0905,661.3042,15098.0,1051.0,204.4136,0.4519,2.3302,596.0,48.8674,0.3072,0.47,990,1335,614,932,182.033
12,239.1246,4,1541.9232,691.6918,20917.0,1301.0,215.4899,0.7425,1.787,590.0,39.0452,0.492,0.6595,1335,1681,614,932,182.033
12,239.5252,1,580.3953,662.1253,7567.0,1064.0,159.1841,0.9184,2.654,582.0,18.4509,0.6915,0.8176,297,643,614,932,182.033
12,239.5252,2,854.9098,693.0313,12366.0,711.0,147.8027,0.9998,1.6568,596.0,27.5798,0.6707,0.8029,643,990,614,932,182.033
12,239.5252,3,1120.4141,662.9314,15589.0,1288.0,186.9129,0.4791,1.9465,596.0,46.8828,0.3153,0.4795,990,1335,614,932,182.033
12,239.5252,4,1554.2677,706.4034,19430.0,31.0,224.0203,0.5626,2.2347,619.0,33.9905,0.5316,0.6942,1335,1681,614,932,182.033
12,239.9257,1,581.8554,683.3717,8661.0,862.0,171.9582,0.9659,2.6978,587.0,26.1948,0.6122,0.7594,297,643,614,932,182.033
12,239.9257,2,849.5029,692.1547,12434.0,508.0,179.1645,0.9992,2.0872,599.0,34.4173,0.556,0.7147,643,990,614,932,182.033
12,239.9257,3,1096.9601,670.7129,12744.0,972.0,161.222,0.6012,1.8649,596.0,35.1288,0.4604,0.6305,990,1335,614,932,182.033
12,239.9257,4,1570.7395,693.5971,19197.0,1413.0,179.7053,0.942,1.3687,575.0,37.8274,0.4622,0.6322,1335,1681,614,932,182.033
12,240.3263,1,580.2403,705.2747,8774.0,428.0,132.5888,0.9517,2.0142,620.0,24.9253,0.5912,0.7431,297,643,614,932,182.033
12,240.3263,2,831.8503,716.7025,12923.0,25.0,159.3498,0.9979,1.7646,613.0,33.426,0.6278,0.7714,643,990,614,932,182.033
12,240.3263,3,1084.1093,678.6312,11664.0,1255.0,159.4119,0.9344,2.0696,589.0,33.4353,0.4171,0.5887,990,1335,614,932,182.033
12,240.3263,4,1576.8068,698.2192,17895.0,317.0,174.905,0.763,1.4646,615.0,24.8214,0.6709,0.803,1335,1681,614,932,182.033
12,240.7268,1,587.6536,660.6366,8827.0,2256.0,186.6761,0.9744,3.4198,558.0,29.3812,0.5129,0.678,297,643,614,932,182.033
12,240.7268,2,826.1129,707.0089,13522.0,461.0,163.52,0.9973,1.7829,598.0,37.5888,0.528,0.6911,643,990,614,932,182.033
12,240.7268,3,1090.6176,693.377,10595.0,389.0,146.126,0.7826,1.9725,607.0,29.3846,0.5551,0.7139,990,1335,614,932,182.033
12,240.7268,4,1585.0821,678.4918,15538.0,913.0,184.6346,0.6713,1.8341,595.0,42.3716,0.4334,0.6047,1335,1681,614,932,182.033
12,241.1274,1,582.9376,690.9624,8340.0,377.0,135.8639,0.972,1.9721,617.0,25.0593,0.6101,0.7578,297,643,614,932,182.033
12,241.1274,2,818.981,670.6386,11395.0,1041.0,150.0447,0.9742,1.6334,586.0,37.8236,0.5789,0.7333,643,990,614,932,182.033
12,241.1274,3,1079.3343,687.5863,9225.0,607.0,140.7663,0.877,2.1266,596.0,25.9693,0.5116,0.6769,990,1335,614,932,182.033
12,241.1274,4,1556.0537,669.6905,16024.0,910.0,196.7229,0.449,2.0635,597.0,35.2614,0.5225,0.6864,1335,1681,614,932,182.033
12,241.5279,1,579.1569,657.9492,5793.0,774.0,108.0012,0.9881,1.8553,612.0,37.7088,0.411,0.5826,297,643,614,932,182.033
12,241.5279,2,813.4093,690.8315,16887.0,1830.0,214.2906,0.9999,2.2197,576.0,34.0397,0.5531,0.7123,643,990,614,932,182.033
12,241.5279,3,1074.6306,675.8967,9069.0,1093.0,145.6875,0.9517,2.2353,584.0,24.5052,0.5459,0.7062,990,1335,614,932,182.033
12,241.5279,4,1539.2263,674.8957,17818.0,749.0,213.6268,0.4952,2.1036,599.0,30.1226,0.6063,0.7549,1335,1681,614,932,182.033
12,241.9285,1,564.8832,632.5138,8359.0,3160.0,151.1249,0.996,2.1311,552.0,32.6958,0.3853,0.5562,297,643,614,932,182.033
12,241.9285,2,802.186,711.8461,11769.0,61.0,168.6183,0.9785,1.8554,612.0,40.7246,0.4608,0.6309,643,990,614,932,182.033
12,241.9285,3,1087.0629,690.8694,9409.0,554.0,146.9969,0.9587,2.1569,601.0,24.5143,0.5258,0.6893,990,1335,614,932,182.033
12,241.9285,4,1524.1411,685.0772,19227.0,882.0,199.4166,0.6236,1.6969,597.0,29.5927,0.5848,0.738,1335,1681,614,932,182.033
12,242.329,1,562.0767,638.2246,8387.0,2125.0,128.5145,0.8405,1.5341,582.0,34.8958,0.4606,0.6307,297,643,614,932,182.033
12,242.329,2,791.5659,715.3272,14810.0,823.0,212.6006,1.0,2.5745,585.0,38.4375,0.5432,0.704,643,990,614,932,182.033
12,242.329,3,1091.5341,679.9009,9486.0,464.0,146.2004,0.9994,1.7431,595.0,28.4148,0.4688,0.6384,990,1335,614,932,182.033
12,242.329,4,1513.0918,696.5602,20640.0,1009.0,216.9724,0.7417,2.0303,589.0,32.9009,0.5954,0.7464,1335,1681,614,932,182.033
12,242.7295,1,533.8753,634.7475,10855.0,3408.0,153.8992,0.6516,1.7052,572.0,39.3097,0.4898,0.6575,297,643,614,932,182.033
12,242.7295,2,786.2686,708.1965,13239.0,670.0,181.219,0.9945,2.2302,590.0,31.6796,0.6486,0.7868,643,990,614,932,182.033
12,242.7295,3,1108.451,659.4666,9104.0,1086.0,138.2162,0.8973,1.7602,591.0,35.7733,0.4962,0.6633,990,1335,614,932,182.033
12,242.7295,4,1512.9323,713.1257,20419.0,292.0,229.127,0.6846,2.279,604.0,29.9601,0.6027,0.7521,1335,1681,614,932,182.033
12,243.1301,1,502.5324,633.1025,12210.0,4004.0,181.5565,0.5392,2.1739,570.0,50.2779,0.4307,0.602,297,643,614,932,182.033
12,243.1301,2,782.651,685.7087,15297.0,2434.0,211.7847,0.9997,2.5271,560.0,28.2761,0.6094,0.7573,643,990,614,932,182.033
12,243.1301,3,1142.8326,659.102,12416.0,1449.0,188.1868,0.6493,2.1703,596.0,53.3037,0.3618,0.5313,990,1335,614,932,182.033
12,243.1301,4,1490.9842,680.1623,18192.0,1226.0,235.3116,0.5859,2.5184,591.0,34.1723,0.5028,0.6692,1335,1681,614,932,182.033
12,243.5306,1,462.063,639.8232,14019.0,4120.0,183.1715,0.584,2.1091,571.0,57.8535,0.3138,0.4777,297,643,614,932,182.033
12,243.5306,2,779.4171,709.2974,13100.0,497.0,170.0403,0.9946,1.9783,599.0,32.0993,0.5839,0.7373,643,990,614,932,182.033
12,243.5306,3,1189.7772,662.6854,13090.0,1122.0,171.5801,0.5735,1.885,598.0,62.661,0.2894,0.4489,990,1335,614,932,182.033
12,243.5306,4,1475.6925,673.4892,19571.0,1422.0,226.3253,0.4724,2.1229,582.0,28.1467,0.6123,0.7595,1335,1681,614,932,182.033
12,243.9312,1,431.9035,643.0037,13425.0,3765.0,170.4469,0.7112,1.8841,572.0,47.7586,0.4412,0.6122,297,643,614,932,182.033
12,243.9312,2,783.39,676.5687,12908.0,1192.0,159.2634,0.9207,1.6817,587.0,32.6202,0.5499,0.7096,643,990,614,932,182.033
12,243.9312,3,1223.774,665.8028,11501.0,838.0,163.0227,0.627,2.0051,598.0,53.1355,0.3863,0.5574,990,1335,614,932,182.033
12,243.9312,4,1472.0284,695.2985,19403.0,425.0,245.5426,0.5111,2.6067,603.0,34.5025,0.5539,0.7129,1335,1681,614,932,182.033
12,244.3317,1,410.8485,652.1147,12904.0,2981.0,160.2403,0.7627,1.7417,573.0,42.6818,0.4708,0.6402,297,643,614,932,182.033
12,244.3317,2,798.4658,670.0324,12908.0,1613.0,184.0402,0.8892,2.0579,583.0,28.4852,0.6589,0.7944,643,990,614,932,182.033
12,244.3317,3,1237.5313,677.0478,12474.0,841.0,148.1349,0.8107,1.6438,596.0,40.4486,0.4748,0.6439,990,1335,614,932,182.033
12,244.3317,4,1471.8304,697.5889,19519.0,1003.0,229.1647,0.6754,2.1986,592.0,26.7279,0.6448,0.7841,1335,1681,614,932,182.033
12,244.7323,1,396.768,655.7215,11977.0,2532.0,154.4947,0.8552,1.7617,572.0,39.3906,0.5399,0.7012,297,643,614,932,182.033
12,244.7323,2,801.8152,695.6165,13964.0,836.0,195.5863,0.8846,2.3849,588.0,44.7706,0.5282,0.6913,643,990,614,932,182.033
12,244.7323,3,1251.4205,680.4482,11177.0,431.0,144.784,0.8001,1.7221,601.0,34.9395,0.5626,0.7201,990,1335,614,932,182.033
12,244.7323,4,1475.8896,708.0836,19425.0,387.0,233.6494,0.7067,2.5195,602.0,24.8151,0.6477,0.7862,1335,1681,614,932,182.033
12,245.1328,1,391.3969,664.766,12403.0,1974.0,165.6487,0.9024,1.919,572.0,29.8016,0.661,0.7959,297,643,614,932,182.033
12,245.1328,2,809.4951,699.5512,16527.0,1939.0,229.5917,0.9224,2.6852,573.0,27.0245,0.6338,0.7758,643,990,614,932,182.033
12,245.1328,3,1259.4077,676.9364,11081.0,429.0,132.4441,0.901,1.4251,601.0,28.927,0.6183,0.7641,990,1335,614,932,182.033
12,245.1328,4,1469.0062,694.5614,19179.0,996.0,203.9994,0.8347,1.7747,584.0,30.0697,0.5824,0.7361,1335,1681,614,932,182.033
12,245.5333,1,396.9066,672.2315,11988.0,1317.0,166.6624,0.8687,1.9758,581.0,23.6509,0.6943,0.8196,297,643,614,932,182.033
12,245.5333,2,809.9637,706.8844,14339.0,241.0,192.2301,0.7871,2.3,605.0,31.4007,0.5682,0.7247,643,990,614,932,182.033
12,245.5333,3,1257.8515,684.769,12906.0,231.0,136.7944,0.8745,1.3447,613.0,25.7296,0.6225,0.7673,990,1335,614,932,182.033
12,245.5333,4,1473.4286,700.0564,18324.0,279.0,192.2688,0.7256,1.7969,604.0,24.9535,0.6598,0.795,1335,1681,614,932,182.033
12,245.9339,1,401.5832,658.412,15351.0,4155.0,210.2586,0.9913,2.4881,543.0,31.8508,0.5436,0.7043,297,643,614,932,182.033
12,245.9339,2,821.8285,672.7136,14702.0,2086.0,199.9231,0.8317,2.2447,565.0,38.0649,0.4943,0.6615,643,990,614,932,182.033
12,245.9339,3,1245.6283,677.6751,13621.0,544.0,138.805,0.5356,1.2164,600.0,31.8544,0.5388,0.7003,990,1335,614,932,182.033
12,245.9339,4,1483.5364,695.6605,16701.0,541.0,150.9944,0.9698,1.2318,601.0,31.2136,0.5358,0.6977,1335,1681,614,932,182.033
12,246.3344,1,409.0755,691.258,12676.0,897.0,167.2516,0.9297,1.9743,590.0,33.5676,0.5115,0.6768,297,643,614,932,182.033
12,246.3344,2,823.7129,694.9115,14241.0,367.0,172.7524,0.8423,1.8642,602.0,32.3325,0.5673,0.7239,643,990,614,932,182.033
12,246.3344,3,1217.125,675.3163,14051.0,648.0,163.887,0.6099,1.6531,599.0,38.0683,0.4574,0.6277,990,1335,614,932,182.033
12,246.3344,4,1494.5434,669.4498,15793.0,1162.0,187.8037,0.6072,1.8379,593.0,30.9503,0.5021,0.6685,1335,1681,614,932,182.033
12,246.735,1,404.2109,688.6851,13212.0,1066.0,164.0979,0.9989,1.8283,593.0,33.5654,0.5264,0.6897,297,643,614,932,182.033
12,246.735,2,818.8807,711.7156,13884.0,653.0,181.8094,0.9473,2.1617,592.0,30.8573,0.5613,0.719,643,990,614,932,182.033
12,246.735,3,1179.6762,673.7042,15503.0,775.0,184.571,0.4848,1.9552,601.0,39.8135,0.4465,0.6173,990,1335,614,932,182.033
12,246.735,4,1534.6611,673.556,17939.0,903.0,217.7017,0.3946,2.2261,596.0,41.3427,0.4196,0.5912,1335,1681,614,932,182.033
12,247.1355,1,412.2951,660.0551,12411.0,2987.0,192.2514,0.6886,2.3907,572.0,40.2697,0.429,0.6004,297,643,614,932,182.033
12,247.1355,2,819.8096,700.8301,16173.0,1645.0,215.5429,0.9825,2.5444,576.0,29.099,0.6067,0.7552,643,990,614,932,182.033
12,247.1355,3,1134.8464,674.2216,16997.0,1045.0,196.5187,0.4962,2.0598,596.0,43.1898,0.3433,0.5111,990,1335,614,932,182.033
12,247.1355,4,1562.7952,688.485,18886.0,839.0,188.7683,0.5756,1.6459,595.0,43.0695,0.4129,0.5845,1335,1681,614,932,182.033
12,247.5361,1,446.8632,636.9719,15419.0,5706.0,207.4302,0.5854,2.145,569.0,45.4763,0.4022,0.5736,297,643,614,932,182.033
12,247.5361,2,811.9231,710.4521,13749.0,299.0,193.6929,0.9139,2.2973,602.0,36.1628,0.5556,0.7143,643,990,614,932,182.033
12,247.5361,3,1111.5911,679.2518,15490.0,792.0,187.3903,0.5203,2.0699,600.0,37.7845,0.4675,0.6372,990,1335,614,932,182.033
12,247.5361,4,1579.3284,700.1511,17624.0,743.0,184.2603,0.656,1.7816,619.0,33.8906,0.5273,0.6905,1335,1681,614,932,182.033
12,247.9366,1,483.8128,666.5009,13790.0,2553.0,182.7419,0.7531,2.2292,577.0,58.0597,0.226,0.3687,297,643,614,932,182.033
12,247.9366,2,811.8786,697.0198,14312.0,989.0,170.0408,0.9527,1.7724,589.0,35.3036,0.6018,0.7514,643,990,614,932,182.033
12,247.9366,3,1096.3983,675.5714,12062.0,891.0,153.1145,0.6339,1.8422,597.0,28.7903,0.5385,0.7001,990,1335,614,932,182.033
12,247.9366,4,1588.8962,703.5321,17231.0,628.0,175.0256,0.745,1.6481,618.0,23.6118,0.6669,0.8002,1335,1681,614,932,182.033
12,248.3372,1,524.4749,651.7449,11917.0,2542.0,182.2179,0.8067,2.2933,569.0,46.3672,0.3973,0.5687,297,643,614,932,182.033
12,248.3372,2,807.5437,692.4741,14798.0,1299.0,215.4812,0.9411,2.5731,586.0,27.9688,0.6646,0.7985,643,990,614,932,182.033
12,248.3372,3,1085.9358,683.2768,10475.0,732.0,134.0364,0.8561,1.7001,597.0,28.6453,0.4502,0.6208,990,1335,614,932,182.033
12,248.3372,4,1589.5618,701.7977,15934.0,311.0,175.3391,0.7172,1.7711,620.0,14.4929,0.839,0.9125,1335,1681,614,932,182.033
12,248.7377,1,533.2809,670.4377,12111.0,2212.0,189.6725,0.9469,2.5713,573.0,48.0027,0.4962,0.6633,297,643,614,932,182.033
12,248.7377,2,803.4187,716.4698,14852.0,577.0,200.557,0.9784,2.2903,593.0,29.6535,0.6707,0.8029,643,990,614,932,182.033
12,248.7377,3,1071.1105,686.2336,7602.0,663.0,127.6519,0.9249,2.1738,595.0,25.6069,0.4638,0.6337,990,1335,614,932,182.033
12,248.7377,4,1592.7404,700.0411,15803.0,425.0,170.0306,0.7588,1.6811,619.0,19.1535,0.7416,0.8516,1335,1681,614,932,182.033
12,249.1382,1,537.2548,694.1781,12553.0,1293.0,203.9417,0.9393,2.9037,576.0,43.6205,0.4556,0.626,297,643,614,932,182.033
12,249.1382,2,802.9877,702.0418,14285.0,631.0,191.3024,0.878,2.1883,595.0,35.2053,0.5602,0.7181,643,990,614,932,182.033
12,249.1382,3,1054.3597,660.1151,6345.0,748.0,130.3668,0.9888,2.4474,592.0,25.0144,0.5091,0.6747,990,1335,614,932,182.033
12,249.1382,4,1590.4435,697.7569,16034.0,698.0,165.9234,0.8481,1.5665,599.0,25.4873,0.6941,0.8194,1335,1681,614,932,182.033
12,249.5388,1,539.4024,697.8442,12146.0,1011.0,193.8842,0.9499,2.7561,582.0,23.1368,0.6748,0.8059,297,643,614,932,182.033
12,249.5388,2,812.7127,674.8372,14534.0,1636.0,198.8785,0.6873,2.3721,581.0,37.9225,0.508,0.6737,643,990,614,932,182.033
12,249.5388,3,1055.9343,659.0952,7288.0,669.0,121.6501,0.9611,1.8007,595.0,22.1068,0.5772,0.7319,990,1335,614,932,182.033
12,249.5388,4,1590.8383,692.2812,14858.0,675.0,172.0629,0.7393,1.8027,599.0,21.6302,0.7081,0.8291,1335,1681,614,932,182.033
12,249.9393,1,536.9631,691.2086,13286.0,1715.0,204.7219,0.9477,2.538,569.0,31.2185,0.5764,0.7313,297,643,614,932,182.033
12,249.9393,2,820.5464,670.5658,13327.0,1128.0,179.3692,0.6984,2.0698,587.0,29.1341,0.6245,0.7689,643,990,614,932,182.033
12,249.9393,3,1067.1782,663.2003,7903.0,576.0,121.6543,0.9876,1.525,598.0,26.2188,0.5275,0.6907,990,1335,614,932,182.033
12,249.9393,4,1592.4504,693.3789,14559.0,694.0,169.568,0.7753,1.7946,599.0,16.6816,0.8096,0.8948,1335,1681,614,932,182.033
12,250.3399,1,538.7014,678.0128,11835.0,1125.0,188.9385,0.8158,2.5035,586.0,31.3207,0.5899,0.7421,297,643,614,932,182.033
12,250.3399,2,827.6809,688.5126,13339.0,413.0,193.0966,0.6816,2.3355,600.0,44.2589,0.5071,0.6729,643,990,614,932,182.033
12,250.3399,3,1086.7771,659.3161,10022.0,1239.0,140.9195,0.8269,1.7099,592.0,37.9487,0.4651,0.6349,990,1335,614,932,182.033
12,250.3399,4,1596.5657,692.2217,13696.0,887.0,161.6054,0.8925,1.7614,595.0,25.911,0.6531,0.7902,1335,1681,614,932,182.033
12,250.7404,1,540.5954,665.9631,11511.0,1959.0,173.8453,0.8236,2.2882,576.0,32.1429,0.6288,0.7721,297,643,614,932,182.033
12,250.7404,2,829.2704,699.5664,13699.0,292.0,194.5559,0.7336,2.3228,603.0,28.0627,0.6839,0.8123,643,990,614,932,182.033
12,250.7404,3,1120.0301,659.5269,11850.0,1252.0,163.5073,0.71,1.7962,595.0,50.6255,0.3889,0.56,990,1335,614,932,182.033
12,250.7404,4,1602.2751,704.166,12394.0,579.0,184.8472,0.9275,2.4693,600.0,23.9726,0.5962,0.747,1335,1681,614,932,182.033
12,251.141,1,553.2711,653.615,9894.0,2301.0,121.9249,0.9771,1.3511,576.0,41.4606,0.4727,0.6419,297,643,614,932,182.033
12,251.141,2,826.3054,708.9493,14170.0,288.0,194.2456,0.7867,2.3208,603.0,20.5371,0.7216,0.8383,643,990,614,932,182.033
12,251.141,3,1154.7217,666.7871,12962.0,1080.0,177.4365,0.7127,1.9524,598.0,53.8017,0.3688,0.5389,990,1335,614,932,182.033
12,251.141,4,1608.9479,699.883,11681.0,517.0,167.3015,0.9697,2.1104,599.0,22.9217,0.5986,0.7489,1335,1681,614,932,182.033
12,251.5415,1,560.0001,645.6579,9405.0,2002.0,115.2815,0.9963,1.1821,579.0,25.1159,0.7058,0.8275,297,643,614,932,182.033
12,251.5415,2,823.1731,706.4502,13828.0,267.0,188.202,0.7694,2.2625,604.0,19.2924,0.7748,0.8731,643,990,614,932,182.033
12,251.5415,3,1193.8136,665.5866,13550.0,1428.0,186.4107,0.6477,2.1331,592.0,53.8494,0.3478,0.5161,990,1335,614,932,182.033
12,251.5415,4,1608.9,695.1158,11379.0,562.0,155.837,0.9781,1.9696,601.0,20.4514,0.671,0.8031,1335,1681,614,932,182.033
12,251.9421,1,546.8341,651.0166,11307.0,2057.0,148.6418,0.7543,1.6094,575.0,34.6419,0.5657,0.7226,297,643,614,932,182.033
12,251.9421,2,820.3602,701.7844,14132.0,478.0,191.0308,0.799,2.2179,599.0,22.0798,0.76,0.8637,643,990,614,932,182.033
12,251.9421,3,1231.037,671.6003,11495.0,796.0,154.4138,0.7035,1.924,597.0,60.4752,0.2915,0.4514,990,1335,614,932,182.033
12,251.9421,4,1598.224,700.5737,12792.0,555.0,165.1175,0.9773,1.9801,600.0,27.2097,0.5615,0.7192,1335,1681,614,932,182.033
12,252.3426,1,533.5302,660.7251,14813.0,1951.0,167.6791,0.7262,1.5403,577.0,28.9577,0.6444,0.7838,297,643,614,932,182.033
12,252.3426,2,818.1381,697.1165,13943.0,525.0,163.7724,0.8692,1.6106,596.0,34.2798,0.5719,0.7277,643,990,614,932,182.033
12,252.3426,3,1262.385,677.2997,9093.0,657.0,127.5991,0.947,1.7251,596.0,50.8399,0.3197,0.4846,990,1335,614,932,182.033
12,252.3426,4,1587.1089,693.8068,13185.0,984.0,166.2498,0.9764,1.9363,591.0,26.0665,0.594,0.7453,1335,1681,614,932,182.033
12,252.7431,1,517.5966,670.351,14682.0,1658.0,156.0216,0.8958,1.402,580.0,27.7416,0.6576,0.7934,297,643,614,932,182.033
12,252.7431,2,820.9766,686.309,12186.0,890.0,146.476,0.9814,1.5983,592.0,40.8337,0.4364,0.6077,643,990,614,932,182.033
12,252.7431,3,1268.595,676.7712,9730.0,522.0,121.6102,0.9744,1.421,598.0,26.5082,0.6021,0.7516,990,1335,614,932,182.033
12,252.7431,4,1573.5272,703.7889,13569.0,545.0,164.0422,0.9319,1.9392,601.0,26.1064,0.5904,0.7425,1335,1681,614,932,182.033
12,253.1437,1,501.6458,672.6624,15217.0,1802.0,152.2417,0.9319,1.3176,581.0,33.1698,0.5765,0.7314,297,643,614,932,182.033
12,253.1437,2,809.3081,672.2087,13864.0,984.0,168.3212,0.6826,1.8109,594.0,39.6093,0.4967,0.6637,643,990,614,932,182.033
12,253.1437,3,1259.9433,679.2064,11161.0,359.0,127.0803,0.9109,1.3101,602.0,31.5119,0.5828,0.7364,990,1335,614,932,182.033
12,253.1437,4,1565.7107,697.2893,13340.0,407.0,173.5935,0.8254,2.0063,603.0,27.0163,0.6018,0.7514,1335,1681,614,932,182.033
12,253.5442,1,486.9949,673.7606,14645.0,1729.0,145.1842,0.9748,1.2589,582.0,28.115,0.6332,0.7754,297,643,614,932,182.033
12,253.5442,2,795.0472,675.1808,14132.0,1312.0,167.8912,0.72,1.7625,590.0,35.6131,0.5581,0.7164,643,990,614,932,182.033
12,253.5442,3,1252.7596,674.6294,12121.0,389.0,121.9847,0.5651,1.095,606.0,28.9196,0.6237,0.7682,990,1335,614,932,182.033
12,253.5442,4,1560.133,695.5429,14855.0,605.0,174.372,0.7821,1.9132,601.0,22.568,0.7079,0.8289,1335,1681,614,932,182.033
12,253.9448,1,469.2699,673.0069,15145.0,1893.0,150.2908,0.9923,1.2856,577.0,29.7657,0.5776,0.7323,297,643,614,932,182.033
12,253.9448,2,777.4181,679.8,14460.0,1578.0,176.5432,0.8625,1.9601,585.0,39.7762,0.5241,0.6877,643,990,614,932,182.033
12,253.9448,3,1224.6307,676.9537,13152.0,536.0,146.8091,0.6778,1.3875,601.0,37.0684,0.4512,0.6218,990,1335,614,932,182.033
12,253.9448,4,1559.9743,685.2859,14384.0,1027.0,175.8834,0.7126,1.9996,593.0,22.6426,0.6859,0.8137,1335,1681,614,932,182.033
12,254.3453,1,461.3472,676.611,15612.0,2058.0,158.88,0.9906,1.4041,575.0,26.441,0.6255,0.7696,297,643,614,932,182.033
12,254.3453,2,762.2701,688.0245,13169.0,1050.0,170.889,0.9304,1.946,589.0,39.7718,0.5322,0.6947,643,990,614,932,182.033
12,254.3453,3,1194.9662,670.8234,14664.0,933.0,176.5808,0.5431,1.8789,596.0,40.2939,0.4445,0.6155,990,1335,614,932,182.033
12,254.3453,4,1570.0408,684.459,14571.0,781.0,183.9735,0.7276,2.0342,596.0,29.9993,0.6162,0.7625,1335,1681,614,932,182.033
12,254.7459,1,446.3444,676.6813,16085.0,1749.0,162.6421,0.8921,1.4139,582.0,24.9866,0.6459,0.7849,297,643,614,932,182.033
12,254.7459,2,745.2991,679.3119,14362.0,2097.0,167.9286,0.9697,1.6523,581.0,36.3069,0.5168,0.6814,643,990,614,932,182.033
12,254.7459,3,1156.139,669.6868,15941.0,1067.0,200.1086,0.4679,2.2268,597.0,39.6724,0.4431,0.6141,990,1335,614,932,182.033
12,254.7459,4,1572.2626,702.4902,15421.0,184.0,196.7198,0.7172,2.1653,609.0,30.8314,0.6187,0.7644,1335,1681,614,932,182.033
12,255.1464,1,438.4596,669.5748,15691.0,2209.0,163.9964,0.8935,1.437,576.0,21.6661,0.7335,0.8462,297,643,614,932,182.033
12,255.1464,2,761.5979,703.3293,16632.0,1382.0,195.7625,0.9943,2.0594,584.0,38.9756,0.4757,0.6447,643,990,614,932,182.033
12,255.1464,3,1117.8657,665.6446,15587.0,1339.0,192.867,0.468,2.0695,595.0,39.0466,0.4233,0.5948,990,1335,614,932,182.033
12,255.1464,4,1578.5871,705.8844,16856.0,1065.0,203.3601,0.9561,2.1721,594.0,38.2027,0.4908,0.6584,1335,1681,614,932,182.033
12,255.5469,1,430.8096,675.7966,16890.0,2268.0,210.1965,0.6951,2.2702,574.0,29.8854,0.5598,0.7178,297,643,614,932,182.033
12,255.5469,2,784.8451,715.8829,16153.0,305.0,186.8029,0.9703,1.9008,606.0,44.4095,0.4705,0.6399,643,990,614,932,182.033
12,255.5469,3,1098.8898,674.1445,13773.0,916.0,162.8561,0.6145,1.8025,599.0,36.336,0.4913,0.6589,990,1335,614,932,182.033
12,255.5469,4,1572.9753,720.0728,15806.0,344.0,211.077,0.8384,2.4419,602.0,30.2058,0.5953,0.7463,1335,1681,614,932,182.033
12,255.9475,1,436.0985,670.3251,14888.0,1722.0,199.2798,0.7277,2.2551,579.0,22.0414,0.6991,0.8229,297,643,614,932,182.033
12,255.9475,2,800.4889,706.2155,14134.0,221.0,160.9721,0.9702,1.6503,606.0,37.0111,0.4957,0.6629,643,990,614,932,182.033
12,255.9475,3,1092.899,680.3301,12044.0,643.0,153.2154,0.7102,1.9372,599.0,23.8281,0.5764,0.7313,990,1335,614,932,182.033
12,255.9475,4,1582.3733,711.9424,15713.0,411.0,195.9014,0.9295,2.237,601.0,26.7737,0.588,0.7406,1335,1681,614,932,182.033
12,256.348,1,443.3031,668.1978,15429.0,2039.0,203.4881,0.6374,2.3098,579.0,21.9422,0.6937,0.8191,297,643,614,932,182.033
12,256.348,2,811.6371,681.4053,16563.0,2284.0,197.3429,0.9138,1.9912,562.0,37.1717,0.4718,0.6411,643,990,614,932,182.033
12,256.348,3,1095.6275,679.4416,11691.0,848.0,148.7198,0.7825,1.8341,596.0,16.8181,0.7457,0.8544,990,1335,614,932,182.033
12,256.348,4,1583.4919,703.1754,12946.0,392.0,161.9352,0.9749,1.82,601.0,29.0889,0.6133,0.7603,1335,1681,614,932,182.033
12,256.7486,1,455.2393,661.5843,14411.0,2378.0,195.014,0.65,2.2704,575.0,25.3328,0.6394,0.78,297,643,614,932,182.033
12,256.7486,2,826.7938,691.8029,15100.0,408.0,179.7538,0.679,1.9409,604.0,41.8008,0.4236,0.5951,643,990,614,932,182.033
12,256.7486,3,1072.4134,654.1168,8264.0,849.0,136.6661,0.7697,1.8319,595.0,19.6049,0.6497,0.7877,990,1335,614,932,182.033
12,256.7486,4,1586.5658,660.5007,11360.0,1238.0,168.5874,0.7168,1.9998,590.0,41.4121,0.3932,0.5645,1335,1681,614,932,182.033
12,257.1491,1,476.9975,657.07,13193.0,2072.0,187.8448,0.6562,2.2337,577.0,35.2629,0.5625,0.72,297,643,614,932,182.033
12,257.1491,2,851.4053,691.5697,15373.0,724.0,198.8907,0.6295,2.2699,593.0,32.9989,0.5101,0.6755,643,990,614,932,182.033
12,257.1491,3,1079.0838,669.197,9082.0,778.0,139.1297,0.9023,1.9955,593.0,21.8091,0.6489,0.787,990,1335,614,932,182.033
12,257.1491,4,1540.5936,662.0654,13468.0,1064.0,188.1394,0.5225,2.1613,597.0,57.9206,0.2856,0.4443,1335,1681,614,932,182.033
12,257.5497,1,493.4203,664.5432,12551.0,1881.0,139.8501,0.8761,1.3922,579.0,37.774,0.4847,0.653,297,643,614,932,182.033
12,257.5497,2,874.2766,684.9001,16273.0,1253.0,208.4396,0.7481,2.2091,586.0,39.8672,0.4497,0.6204,643,990,614,932,182.033
12,257.5497,3,1074.9409,668.7014,7705.0,326.0,129.9854,0.9203,1.7459,601.0,19.5616,0.7076,0.8287,990,1335,614,932,182.033
12,257.5497,4,1491.5631,667.17,14530.0,1744.0,199.6091,0.5701,2.3407,587.0,57.9724,0.2815,0.4394,1335,1681,614,932,182.033
12,257.9502,1,498.6727,653.778,13049.0,2662.0,163.5926,0.6699,1.7652,579.0,37.9764,0.4701,0.6395,297,643,614,932,182.033
12,257.9502,2,890.6961,709.6506,14517.0,322.0,187.5877,0.6954,2.3803,616.0,44.0411,0.415,0.5866,643,990,614,932,182.033
12,257.9502,3,1083.4419,665.6644,8681.0,647.0,132.2248,0.9526,1.6155,594.0,28.627,0.5646,0.7217,990,1335,614,932,182.033
12,257.9502,4,1454.1297,670.9398,13631.0,1479.0,178.2895,0.6449,2.0945,588.0,48.3917,0.3318,0.4983,1335,1681,614,932,182.033
12,258.3508,1,475.0866,642.5945,15915.0,4017.0,201.8231,0.4907,2.2057,576.0,35.4161,0.4908,0.6584,297,643,614,932,182.033
12,258.3508,2,906.2039,694.8768,13596.0,688.0,158.268,0.7722,1.7935,618.0,28.9839,0.5709,0.7269,643,990,614,932,182.033
12,258.3508,3,1106.8,678.8384,12287.0,1335.0,179.4715,0.9399,2.1723,583.0,41.5903,0.3694,0.5395,990,1335,614,932,182.033
12,258.3508,4,1432.3771,682.9175,13636.0,1224.0,171.6891,0.8202,1.985,587.0,41.7853,0.4143,0.5859,1335,1681,614,932,182.033
12,258.7513,1,443.1736,642.0466,13786.0,3614.0,174.9995,0.5486,2.0769,574.0,39.3779,0.4636,0.6335,297,643,614,932,182.033
12,258.7513,2,909.0964,690.2517,12765.0,471.0,160.0226,0.8194,1.8668,615.0,17.0653,0.7684,0.869,643,990,614,932,182.033
12,258.7513,3,1137.2261,682.6888,10233.0,266.0,166.6319,0.807,2.1206,604.0,47.3615,0.3251,0.4907,990,1335,614,932,182.033
12,258.7513,4,1423.982,690.7289,11527.0,802.0,166.5107,0.842,2.2371,594.0,29.6417,0.5905,0.7425,1335,1681,614,932,182.033
12,259.1518,1,422.831,649.2322,12044.0,3049.0,134.9822,0.8151,1.535,574.0,34.2437,0.4519,0.6225,297,643,614,932,182.033
12,259.1518,2,913.209,696.9039,12191.0,408.0,149.7971,0.8698,1.7339,616.0,26.9276,0.6606,0.7956,643,990,614,932,182.033
12,259.1518,3,1175.2608,670.253,13186.0,1253.0,186.8788,0.6899,2.1636,594.0,48.6957,0.3539,0.5228,990,1335,614,932,182.033
12,259.1518,4,1408.4347,690.3152,11418.0,1289.0,169.6417,0.9024,2.3118,581.0,26.7502,0.5367,0.6985,1335,1681,614,932,182.033
12,259.5524,1,405.72,648.4448,8721.0,2299.0,110.3971,0.9988,1.4786,575.0,29.1963,0.4455,0.6164,297,643,614,932,182.033
12,259.5524,2,906.1496,699.5498,13495.0,375.0,173.1496,0.901,1.9617,609.0,28.6336,0.6362,0.7776,643,990,614,932,182.033
12,259.5524,3,1218.3001,666.585,13053.0,1183.0,175.3378,0.6828,2.0208,590.0,58.0893,0.2794,0.4368,990,1335,614,932,182.033
12,259.5524,4,1409.9567,701.034,11412.0,581.0,167.5656,0.8623,2.2172,597.0,25.3793,0.6173,0.7634,1335,1681,614,932,182.033
12,259.9529,1,387.399,633.4805,8226.0,2445.0,121.7607,0.745,1.5492,578.0,28.6301,0.4527,0.6232,297,643,614,932,182.033
12,259.9529,2,906.4819,699.3233,13272.0,485.0,173.4975,0.8417,2.1,613.0,15.459,0.8167,0.8991,643,990,614,932,182.033
12,259.9529,3,1229.3942,694.2655,12874.0,227.0,167.2421,0.8081,2.0583,607.0,48.6578,0.369,0.5391,990,1335,614,932,182.033
12,259.9529,4,1411.5393,707.1005,11923.0,307.0,171.8966,0.8331,2.306,604.0,17.6124,0.8029,0.8907,1335,1681,614,932,182.033
12,260.3535,1,414.8117,638.1973,10742.0,2802.0,150.3312,0.6235,1.6879,577.0,44.3227,0.453,0.6236,297,643,614,932,182.033
12,260.3535,2,902.0213,691.2949,13150.0,665.0,167.624,0.7867,2.0348,615.0,22.7403,0.7028,0.8254,643,990,614,932,182.033
12,260.3535,3,1254.3007,672.9336,10359.0,585.0,133.6502,0.8402,1.5567,598.0,35.1895,0.5446,0.7052,990,1335,614,932,182.033
12,260.3535,4,1412.5389,692.4078,12662.0,766.0,179.2763,0.8214,2.3208,596.0,25.0228,0.6607,0.7957,1335,1681,614,932,182.033
12,260.754,1,448.0387,641.7889,11911.0,3004.0,175.61,0.6175,2.1967,574.0,55.8891,0.3927,0.5639,297,643,614,932,182.033
12,260.754,2,906.5808,698.6018,12877.0,216.0,162.3873,0.7989,1.857,617.0,23.4313,0.6825,0.8113,643,990,614,932,182.033
12,260.754,3,1260.9888,675.6674,9967.0,439.0,131.4368,0.9276,1.5634,601.0,32.1914,0.5688,0.7252,990,1335,614,932,182.033
12,260.754,4,1409.8618,684.6723,16166.0,2707.0,202.7292,0.9949,2.1686,559.0,35.9168,0.4505,0.6212,1335,1681,614,932,182.033
12,261.1546,1,484.09,650.8159,13039.0,2675.0,180.436,0.6564,2.1105,574.0,63.426,0.3174,0.4818,297,643,614,932,182.033
12,261.1546,2,905.1868,688.6995,13328.0,887.0,162.1712,0.9647,1.5954,586.0,23.6039,0.6929,0.8186,643,990,614,932,182.033
12,261.1546,3,1273.8436,675.6134,10832.0,562.0,123.1943,0.985,1.3248,606.0,30.9163,0.5594,0.7174,990,1335,614,932,182.033
12,261.1546,4,1398.924,710.8166,15998.0,670.0,201.4873,0.9613,2.1747,599.0,38.2253,0.4458,0.6167,1335,1681,614,932,182.033
12,261.5551,1,516.7,657.9487,12377.0,2114.0,179.8432,0.7226,2.2342,577.0,60.3557,0.3219,0.487,297,643,614,932,182.033
12,261.5551,2,903.8525,675.1479,13144.0,1039.0,150.205,0.7827,1.4347,585.0,35.2086,0.5071,0.6729,643,990,614,932,182.033
12,261.5551,3,1258.4957,676.9253,13836.0,376.0,153.2172,0.647,1.4305,604.0,32.7397,0.5163,0.681,990,1335,614,932,182.033
12,261.5551,4,1392.7534,711.4194,14477.0,393.0,178.7194,0.9327,1.9755,612.0,24.2883,0.6409,0.7812,1335,1681,614,932,182.033
12,261.9556,1,535.2341,667.5149,11627.0,1858.0,166.4083,0.7865,2.1869,580.0,48.5162,0.4236,0.5952,297,643,614,932,182.033
12,261.9556,2,872.1187,667.6504,16846.0,1424.0,238.3593,0.4895,2.6655,575.0,40.8344,0.3866,0.5576,643,990,614,932,182.033
12,261.9556,3,1217.5406,673.5392,13405.0,502.0,155.5244,0.6147,1.5244,601.0,49.1769,0.3737,0.544,990,1335,614,932,182.033
12,261.9556,4,1401.0744,690.373,14730.0,943.0,167.8353,0.9998,1.6007,589.0,31.5684,0.5794,0.7337,1335,1681,614,932,182.033
12,262.3562,1,547.9635,661.5773,10579.0,1732.0,159.1601,0.7741,2.1205,582.0,28.0159,0.6504,0.7882,297,643,614,932,182.033
12,262.3562,2,816.9824,672.4807,18671.0,1240.0,257.8205,0.4721,2.763,584.0,53.6885,0.323,0.4883,643,990,614,932,182.033
12,262.3562,3,1176.9888,679.626,17245.0,2081.0,211.5215,0.8523,2.0375,590.0,50.6573,0.3079,0.4708,990,1335,614,932,182.033
12,262.3562,4,1423.716,675.3142,13372.0,982.0,154.4427,0.8131,1.4707,590.0,42.5096,0.3922,0.5634,1335,1681,614,932,182.033
12,262.7567,1,550.6421,663.4066,11057.0,2054.0,157.2121,0.8441,2.0076,576.0,24.5111,0.742,0.8519,297,643,614,932,182.033
12,262.7567,2,794.3248,691.9184,18191.0,1081.0,177.3495,0.9977,1.4465,582.0,51.579,0.3087,0.4718,643,990,614,932,182.033
12,262.7567,3,1137.4399,681.5739,16510.0,1247.0,201.0526,0.6811,2.2364,595.0,46.5743,0.328,0.494,990,1335,614,932,182.033
12,262.7567,4,1471.5235,664.8838,14875.0,992.0,154.9606,0.3958,1.3168,594.0,48.5312,0.3109,0.4744,1335,1681,614,932,182.033
12,263.1573,1,556.4497,661.601,11235.0,2010.0,134.5027,0.9211,1.4562,579.0,30.9581,0.6026,0.752,297,643,614,932,182.033
12,263.1573,2,790.3715,713.6101,19587.0,540.0,182.5046,0.967,1.5959,601.0,29.1321,0.5571,0.7155,643,990,614,932,182.033
12,263.1573,3,1114.6127,678.8583,16340.0,1492.0,195.9832,0.6036,2.0904,594.0,34.2391,0.4957,0.6628,990,1335,614,932,182.033
12,263.1573,4,1503.3262,673.0703,17291.0,1062.0,178.9403,0.5551,1.5499,592.0,38.4519,0.4698,0.6393,1335,1681,614,932,182.033
12,263.5578,1,557.7075,655.3843,10463.0,2081.0,122.2232,0.9933,1.2531,580.0,26.6047,0.6819,0.8109,297,643,614,932,182.033
12,263.5578,2,818.5487,693.2962,16509.0,799.0,223.5649,0.5956,2.7256,595.0,39.8162,0.3658,0.5357,643,990,614,932,182.033
12,263.5578,3,1090.8959,671.2772,12406.0,1192.0,162.2335,0.6382,1.9461,592.0,32.633,0.5015,0.668,990,1335,614,932,182.033
12,263.5578,4,1519.2972,689.3591,18813.0,341.0,184.9024,0.4936,1.6135,604.0,32.5176,0.553,0.7122,1335,1681,614,932,182.033
12,263.9584,1,545.6272,645.9611,11535.0,2348.0,151.2935,0.6748,1.6147,578.0,35.0783,0.5149,0.6798,297,643,614,932,182.033
12,263.9584,2,854.793,668.9369,15364.0,1422.0,215.4373,0.5405,2.399,576.0,38.0768,0.4603,0.6304,643,990,614,932,182.033
12,263.9584,3,1078.5705,678.8264,8726.0,753.0,128.9259,0.9081,1.8919,595.0,34.8252,0.4047,0.5762,990,1335,614,932,182.033
12,263.9584,4,1536.7016,683.5608,18248.0,546.0,197.413,0.449,1.885,602.0,24.3673,0.6412,0.7814,1335,1681,614,932,182.033
12,264.3589,1,514.5462,651.5438,12542.0,2219.0,159.5039,0.716,1.6726,577.0,47.9739,0.4221,0.5936,297,643,614,932,182.033
12,264.3589,2,888.1958,692.8167,16969.0,1503.0,188.792,0.8972,1.6041,575.0,53.8295,0.2633,0.4168,643,990,614,932,182.033
12,264.3589,3,1054.2384,648.658,5676.0,751.0,118.3817,0.9347,2.0802,595.0,26.0212,0.5433,0.7041,990,1335,614,932,182.033
12,264.3589,4,1538.7607,676.6467,18330.0,1065.0,198.5524,0.4251,1.8444,593.0,22.4883,0.6622,0.7968,1335,1681,614,932,182.033
12,264.7595,1,481.709,664.1684,14848.0,1872.0,168.7489,0.7675,1.5645,579.0,48.194,0.3726,0.5429,297,643,614,932,182.033
12,264.7595,2,918.0199,715.5404,17575.0,327.0,202.5221,0.9739,2.0199,613.0,41.7286,0.4271,0.5986,643,990,614,932,182.033
12,264.7595,3,1062.374,650.1667,7902.0,1354.0,122.143,0.9951,1.5565,583.0,25.3749,0.5065,0.6724,990,1335,614,932,182.033
12,264.7595,4,1552.5048,680.8574,17890.0,573.0,199.579,0.4671,1.907,602.0,27.5463,0.6355,0.7771,1335,1681,614,932,182.033
12,265.16,1,455.2968,671.3682,15935.0,1737.0,180.1387,0.7408,1.7105,585.0,40.5466,0.4587,0.6289,297,643,614,932,182.033
12,265.16,2,912.1449,702.6229,16082.0,1171.0,195.9797,0.9909,1.8146,581.0,24.0134,0.6921,0.818,643,990,614,932,182.033
12,265.16,3,1088.1246,679.5846,9749.0,351.0,146.5808,0.9216,1.7813,604.0,42.6841,0.2664,0.4207,990,1335,614,932,182.033
12,265.16,4,1562.5432,682.1663,16059.0,592.0,181.5404,0.4831,1.8644,602.0,25.5398,0.6599,0.7951,1335,1681,614,932,182.033
12,265.5605,1,427.5431,671.4185,17195.0,2232.0,172.6451,0.7837,1.4875,582.0,35.5569,0.4976,0.6645,297,643,614,932,182.033
12,265.5605,2,908.0756,690.808,18965.0,1846.0,199.674,0.9615,1.6367,572.0,24.3304,0.6684,0.8013,643,990,614,932,182.033
12,265.5605,3,1121.621,673.0386,11851.0,997.0,169.483,0.8349,2.016,595.0,44.9814,0.3811,0.5519,990,1335,614,932,182.033
12,265.5605,4,1580.4401,685.2702,15480.0,644.0,163.0193,0.6644,1.5785,601.0,27.8726,0.5523,0.7116,1335,1681,614,932,182.033
12,265.9611,1,415.2499,671.6384,17018.0,2412.0,168.1523,0.7619,1.5091,592.0,24.4425,0.6675,0.8006,297,643,614,932,182.033
12,265.9611,2,900.1604,706.8892,19025.0,528.0,182.8303,0.997,1.5844,609.0,31.9096,0.55,0.7097,643,990,614,932,182.033
12,265.9611,3,1172.4874,654.3014,12259.0,1506.0,174.5773,0.5047,2.072,594.0,54.9185,0.3002,0.4618,990,1335,614,932,182.033
12,265.9611,4,1584.3951,691.1781,14760.0,420.0,166.4477,0.689,1.7347,603.0,22.4975,0.6611,0.796,1335,1681,614,932,182.033
12,266.3616,1,408.2225,676.5756,16854.0,2090.0,165.4775,0.8206,1.4698,593.0,22.6707,0.6888,0.8157,297,643,614,932,182.033
12,266.3616,2,883.5198,701.9971,19864.0,1428.0,208.1107,0.9933,1.7403,571.0,29.302,0.584,0.7374,643,990,614,932,182.033
12,266.3616,3,1218.4771,664.6835,12054.0,939.0,171.4989,0.5951,2.1541,598.0,63.6445,0.2494,0.3993,990,1335,614,932,182.033
12,266.3616,4,1589.3428,692.5755,13709.0,460.0,158.2145,0.7331,1.7623,603.0,19.5727,0.6729,0.8045,1335,1681,614,932,182.033
12,266.7622,1,403.6849,672.0569,16026.0,2137.0,164.391,0.8156,1.5051,593.0,13.9482,0.8172,0.8994,297,643,614,932,182.033
12,266.7622,2,873.7275,701.8802,19371.0,1568.0,217.621,0.9908,1.9092,572.0,22.1743,0.6675,0.8006,643,990,614,932,182.033
12,266.7622,3,1246.5157,677.8643,9810.0,533.0,139.0571,0.7974,1.8537,600.0,53.1573,0.3152,0.4793,990,1335,614,932,182.033
12,266.7622,4,1599.8351,683.2336,11560.0,664.0,167.4262,0.907,2.0229,599.0,24.8009,0.6067,0.7552,1335,1681,614,932,182.033
12,267.1627,1,405.8133,671.5462,16079.0,2293.0,164.4932,0.8202,1.5349,592.0,11.0518,0.8534,0.9209,297,643,614,932,182.033
12,267.1627,2,864.3476,705.433,19255.0,1298.0,205.3288,0.9897,1.7541,584.0,23.916,0.6366,0.7779,643,990,614,932,182.033
12,267.1627,3,1270.9911,685.5686,9581.0,455.0,130.028,0.9768,1.738,600.0,43.2303,0.394,0.5653,990,1335,614,932,182.033
12,267.1627,4,1601.405,687.5206,10632.0,719.0,146.1526,0.909,1.8931,597.0,15.6348,0.7947,0.8856,1335,1681,614,932,182.033
12,267.5633,1,406.7198,675.0542,16435.0,2335.0,167.4069,0.8275,1.5753,590.0,13.7113,0.8026,0.8905,297,643,614,932,182.033
12,267.5633,2,856.7407,712.9063,19219.0,968.0,211.3501,0.9988,1.9332,584.0,32.7444,0.5743,0.7296,643,990,614,932,182.033
12,267.5633,3,1276.3948,677.1343,9145.0,442.0,118.1785,0.9732,1.503,613.0,28.7192,0.6402,0.7806,990,1335,614,932,182.033
12,267.5633,4,1609.007,682.598,11261.0,514.0,141.605,0.9648,1.6052,601.0,21.4658,0.6108,0.7584,1335,1681,614,932,182.033
12,267.9638,1,407.1333,671.975,15605.0,2166.0,170.2632,0.8013,1.6736,593.0,16.5215,0.78,0.8764,297,643,614,932,182.033
12,267.9638,2,854.901,700.6991,19112.0,795.0,205.5166,0.885,1.8816,592.0,35.3077,0.5394,0.7008,643,990,614,932,182.033
12,267.9638,3,1262.2486,676.1935,12240.0,373.0,131.1149,0.89,1.2593,610.0,42.2521,0.4938,0.6611,990,1335,614,932,182.033
12,267.9638,4,1604.2307,684.2124,10710.0,410.0,139.7976,0.9973,1.6135,602.0,25.8352,0.6744,0.8055,1335,1681,614,932,182.033
12,268.3643,1,406.2501,667.5104,14741.0,2252.0,167.2572,0.8008,1.6656,583.0,16.4502,0.7794,0.876,297,643,614,932,182.033
12,268.3643,2,854.8861,690.7023,16909.0,844.0,234.8911,0.5986,2.7878,595.0,35.6337,0.4713,0.6407,643,990,614,932,182.033
12,268.3643,3,1230.4914,683.2872,15544.0,1247.0,181.1926,0.9427,1.6628,581.0,49.8165,0.3547,0.5236,990,1335,614,932,182.033
12,268.3643,4,1594.2471,694.0301,12372.0,611.0,147.5545,0.9982,1.6939,599.0,30.9117,0.5759,0.7309,1335,1681,614,932,182.033
12,268.7649,1,400.4632,671.737,14838.0,2068.0,161.2996,0.8402,1.5981,590.0,20.6587,0.7162,0.8346,297,643,614,932,182.033
12,268.7649,2,862.5709,696.9316,12509.0,1011.0,177.4121,0.7777,2.4442,587.0,32.9075,0.4566,0.6269,643,990,614,932,182.033
12,268.7649,3,1205.0595,703.9095,14375.0,153.0,190.6488,0.8207,2.1784,611.0,48.1694,0.3512,0.5199,990,1335,614,932,182.033
12,268.7649,4,1575.0357,673.1843,11773.0,963.0,146.6105,0.8675,1.5807,594.0,34.8401,0.5002,0.6669,1335,1681,614,932,182.033
12,269.1654,1,393.5437,672.1051,16271.0,2683.0,158.5326,0.8622,1.5176,591.0,21.1106,0.662,0.7966,297,643,614,932,182.033
12,269.1654,2,898.8738,673.0547,8778.0,610.0,118.9373,0.874,1.5977,596.0,30.2841,0.3945,0.5658,643,990,614,932,182.033
12,269.1654,3,1168.5995,685.9815,14188.0,484.0,160.4515,0.7145,1.648,599.0,42.8637,0.3947,0.566,990,1335,614,932,182.033
12,269.1654,4,1544.2028,673.9436,13769.0,1054.0,164.1836,0.7402,1.6988,593.0,48.1997,0.3658,0.5357,1335,1681,614,932,182.033
12,269.566,1,387.6183,679.8653,14864.0,1687.0,158.5585,0.8908,1.546,592.0,19.0217,0.7166,0.8349,297,643,614,932,182.033
12,269.566,2,915.9192,651.9584,6462.0,535.0,102.7537,0.9365,1.3839,597.0,23.8466,0.5878,0.7404,643,990,614,932,182.033
12,269.566,3,1133.4283,671.4913,14345.0,1168.0,165.4448,0.7655,1.6158,582.0,44.7099,0.3686,0.5387,990,1335,614,932,182.033
12,269.566,4,1510.0362,676.2099,14242.0,1292.0,176.2251,0.754,1.9035,587.0,48.8982,0.3549,0.5239,1335,1681,614,932,182.033
12,269.9665,1,381.0768,685.0696,14775.0,1701.0,157.5802,0.934,1.5896,592.0,24.1882,0.6728,0.8044,297,643,614,932,182.033
12,269.9665,2,906.9877,663.5023,8240.0,457.0,117.8514,0.9974,1.4187,597.0,30.5706,0.5197,0.684,643,990,614,932,182.033
12,269.9665,3,1107.6784,694.4101,16540.0,602.0,174.102,0.789,1.6207,608.0,46.2629,0.3556,0.5247,990,1335,614,932,182.033
12,269.9665,4,1485.0862,686.8006,14541.0,1136.0,177.6566,0.7977,1.9511,594.0,43.0823,0.4056,0.5771,1335,1681,614,932,182.033
12,270.3671,1,385.0398,676.9077,14566.0,1919.0,157.4401,0.9255,1.5283,577.0,23.0471,0.6947,0.8199,297,643,614,932,182.033
12,270.3671,2,888.3157,674.1135,10667.0,676.0,131.5114,0.8464,1.4694,596.0,37.793,0.4459,0.6168,643,990,614,932,182.033
12,270.3671,3,1101.2509,711.6207,16432.0,239.0,227.806,0.6318,2.8068,608.0,36.2372,0.4931,0.6605,990,1335,614,932,182.033
12,270.3671,4,1461.0644,683.3697,14134.0,1252.0,174.2997,0.7511,1.9756,590.0,39.0127,0.4649,0.6347,1335,1681,614,932,182.033
12,270.7676,1,402.7075,643.5288,9686.0,2180.0,142.9739,0.8593,1.7036,575.0,35.2734,0.4796,0.6483,297,643,614,932,182.033
12,270.7676,2,861.9821,661.251,11492.0,951.0,159.6127,0.6528,1.8201,594.0,40.4851,0.4998,0.6665,643,990,614,932,182.033
12,270.7676,3,1086.0503,705.1083,15542.0,852.0,203.223,0.801,2.4785,608.0,35.3231,0.5212,0.6852,990,1335,614,932,182.033
12,270.7676,4,1441.7391,682.775,13719.0,1120.0,172.7255,0.8291,1.9268,592.0,33.578,0.4964,0.6635,1335,1681,614,932,182.033
12,271.1682,1,401.5755,622.9166,7934.0,2802.0,104.6631,0.7952,1.1727,577.0,33.6441,0.5059,0.6719,297,643,614,932,182.033
12,271.1682,2,844.4673,670.3336,13318.0,860.0,171.5165,0.6185,1.8985,596.0,45.8406,0.5098,0.6753,643,990,614,932,182.033
12,271.1682,3,1077.5599,698.3534,13659.0,781.0,171.2047,0.8704,2.042,609.0,28.5604,0.6061,0.7548,990,1335,614,932,182.033
12,271.1682,4,1434.2242,687.2138,13374.0,1165.0,176.9147,0.8061,2.1303,585.0,26.7171,0.6551,0.7916,1335,1681,614,932,182.033
12,271.5687,1,419.0933,638.491,9749.0,2470.0,138.8182,0.8131,1.5605,572.0,38.0883,0.4727,0.642,297,643,614,932,182.033
12,271.5687,2,821.0918,673.3329,13901.0,945.0,172.8631,0.6185,1.9231,595.0,42.8376,0.4998,0.6665,643,990,614,932,182.033
12,271.5687,3,1066.3262,689.0192,14340.0,1228.0,161.9299,0.9999,1.5519,589.0,28.2482,0.5906,0.7426,990,1335,614,932,182.033
12,271.5687,4,1430.69,695.8696,12566.0,733.0,168.8044,0.8252,2.1574,597.0,27.3712,0.6121,0.7594,1335,1681,614,932,182.033
12,271.9692,1,441.8402,652.2341,11514.0,2070.0,163.5678,0.7938,1.9046,579.0,56.8669,0.4163,0.5879,297,643,614,932,182.033
12,271.9692,2,804.7347,678.24,13236.0,590.0,150.3026,0.713,1.5111,596.0,36.5605,0.5331,0.6954,643,990,614,932,182.033
12,271.9692,3,1063.759,670.646,13270.0,1112.0,155.4921,0.9852,1.4354,599.0,22.0961,0.6961,0.8208,990,1335,614,932,182.033
12,271.9692,4,1420.9134,687.9002,12271.0,1170.0,164.395,0.9145,2.0788,586.0,27.1657,0.5893,0.7416,1335,1681,614,932,182.033
12,272.3698,1,467.7552,652.0553,12884.0,2806.0,160.8868,0.76,1.7308,576.0,48.4953,0.4603,0.6305,297,643,614,932,182.033
12,272.3698,2,797.4665,681.5757,12972.0,805.0,138.5935,0.8449,1.4001,591.0,37.3213,0.468,0.6376,643,990,614,932,182.033
12,272.3698,3,1086.899,656.5417,13689.0,1499.0,213.065,0.4761,2.5774,594.0,39.5238,0.4666,0.6363,990,1335,614,932,182.033
12,272.3698,4,1419.0319,692.5157,10989.0,945.0,144.361,0.93,1.9381,588.0,24.0048,0.6003,0.7502,1335,1681,614,932,182.033
12,272.7703,1,489.695,647.772,12851.0,3107.0,180.1184,0.633,2.1932,576.0,42.3733,0.5878,0.7404,297,643,614,932,182.033
12,272.7703,2,823.9803,668.9905,14496.0,812.0,177.663,0.6111,1.7753,595.0,38.8828,0.4241,0.5956,643,990,614,932,182.033
12,272.7703,3,1142.8913,649.6449,16297.0,1055.0,263.1451,0.2368,3.3565,600.0,38.9838,0.4459,0.6168,990,1335,614,932,182.033
12,272.7703,4,1405.2971,664.2434,8500.0,660.0,146.7313,0.9058,2.025,596.0,20.1427,0.6484,0.7867,1335,1681,614,932,182.033
12,273.1709,1,510.3198,651.9408,12893.0,2913.0,169.8281,0.7403,1.9324,570.0,50.9126,0.4987,0.6655,297,643,614,932,182.033
12,273.1709,2,872.1558,693.9466,18121.0,162.0,217.5606,0.6185,2.1181,608.0,61.1896,0.1971,0.3293,643,990,614,932,182.033
12,273.1709,3,1188.2201,653.3874,15309.0,1183.0,236.0715,0.2829,2.9547,596.0,40.1922,0.4433,0.6143,990,1335,614,932,182.033
12,273.1709,4,1409.7261,670.0862,9689.0,1059.0,163.1051,0.9134,2.284,587.0,17.9809,0.7687,0.8692,1335,1681,614,932,182.033
12,273.5714,1,525.4173,665.9284,12091.0,1831.0,167.8576,0.7656,2.0616,581.0,45.6371,0.4464,0.6173,297,643,614,932,182.033
12,273.5714,2,899.48,709.0029,18128.0,634.0,163.6762,0.8849,1.3942,616.0,37.1239,0.4625,0.6325,643,990,614,932,182.033
12,273.5714,3,1208.1482,664.4557,15130.0,873.0,204.9498,0.3545,2.3593,599.0,36.504,0.4949,0.6621,990,1335,614,932,182.033
12,273.5714,4,1408.7604,670.1861,9440.0,968.0,162.8281,0.9175,2.2458,586.0,16.1709,0.8314,0.9079,1335,1681,614,932,182.033
12,273.972,1,540.0207,668.4913,12275.0,1941.0,173.2358,0.847,2.1429,570.0,37.168,0.5449,0.7054,297,643,614,932,182.033
12,273.972,2,888.6507,687.8123,17265.0,1648.0,192.4849,0.8995,1.641,575.0,35.0933,0.4759,0.6449,643,990,614,932,182.033
12,273.972,3,1222.7708,674.9521,14806.0,759.0,193.5474,0.5368,2.1824,594.0,35.861,0.503,0.6694,990,1335,614,932,182.033
12,273.972,4,1415.5009,698.218,11804.0,503.0,169.8097,0.8498,2.2865,599.0,23.4845,0.6275,0.7711,1335,1681,614,932,182.033
12,274.3725,1,544.0053,670.6943,12229.0,1853.0,170.7247,0.799,2.1644,578.0,22.8095,0.7387,0.8497,297,643,614,932,182.033
12,274.3725,2,879.306,694.1206,16531.0,1216.0,203.4867,0.8155,2.2222,588.0,27.4338,0.5856,0.7387,643,990,614,932,182.033
12,274.3725,3,1233.1792,686.1466,14469.0,431.0,191.2136,0.588,2.3017,611.0,29.7268,0.5823,0.736,990,1335,614,932,182.033
12,274.3725,4,1425.3288,679.432,12936.0,2363.0,201.8879,0.938,2.8508,566.0,28.6519,0.4782,0.647,1335,1681,614,932,182.033
12,274.773,1,546.1925,668.0293,12094.0,1956.0,169.1096,0.7726,2.1468,579.0,20.4676,0.7727,0.8718,297,643,614,932,182.033
12,274.773,2,883.682,702.2822,14765.0,316.0,177.2288,0.7506,1.8455,602.0,29.2857,0.5589,0.717,643,990,614,932,182.033
12,274.773,3,1235.9878,706.7163,16349.0,770.0,198.6954,0.8875,2.1806,595.0,36.5271,0.464,0.6339,990,1335,614,932,182.033
12,274.773,4,1430.7557,704.2612,12812.0,440.0,193.2408,0.8464,2.6708,599.0,30.6292,0.5049,0.671,1335,1681,614,932,182.033
12,275.1736,1,550.3947,663.5629,12179.0,1968.0,159.952,0.7741,1.8723,581.0,19.7015,0.7621,0.865,297,643,614,932,182.033
12,275.1736,2,873.2203,701.102,14319.0,469.0,168.1146,0.8674,1.7817,598.0,24.7815,0.656,0.7923,643,990,614,932,182.033
12,275.1736,3,1239.3675,713.6097,15095.0,197.0,197.6732,0.7511,2.3203,614.0,27.1153,0.6197,0.7652,990,1335,614,932,182.033
12,275.1736,4,1420.8294,690.6388,11668.0,802.0,201.9114,0.8521,2.9155,596.0,24.1505,0.6536,0.7905,1335,1681,614,932,182.033
12,275.5741,1,551.0838,663.593,11602.0,2097.0,154.4896,0.7967,1.8687,578.0,22.0634,0.7304,0.8442,297,643,614,932,182.033
12,275.5741,2,867.4622,686.3735,12872.0,619.0,165.989,0.7327,2.0091,598.0,28.168,0.5834,0.7369,643,990,614,932,182.033
12,275.5741,3,1247.8185,704.6611,17112.0,1706.0,205.7521,0.9582,2.2794,577.0,35.7213,0.4885,0.6564,990,1335,614,932,182.033
12,275.5741,4,1415.9901,683.1881,12648.0,1267.0,164.2898,0.9202,1.8886,587.0,30.9327,0.61,0.7578,1335,1681,614,932,182.033
12,275.9747,1,559.8115,664.8461,11417.0,1845.0,144.9467,0.9269,1.6329,578.0,30.5131,0.5671,0.7237,297,643,614,932,182.033
12,275.9747,2,869.6868,679.65,12232.0,2054.0,166.6903,0.9718,2.2531,572.0,35.7928,0.462,0.632,643,990,614,932,182.033
12,275.9747,3,1251.7938,711.3019,13499.0,141.0,174.8194,0.7537,2.2558,620.0,28.85,0.6182,0.764,990,1335,614,932,182.033
12,275.9747,4,1403.0896,666.3581,10471.0,1240.0,133.6806,0.9799,1.4162,585.0,35.1842,0.5092,0.6748,1335,1681,614,932,182.033
12,276.3752,1,567.1971,676.261,12266.0,1452.0,147.9241,0.9874,1.5591,582.0,26.1246,0.6157,0.7622,297,643,614,932,182.033
12,276.3752,2,893.1898,689.1632,9544.0,45.0,135.0443,0.8952,1.7204,618.0,34.9229,0.3259,0.4916,643,990,614,932,182.033
12,276.3752,3,1258.2255,708.3105,13664.0,591.0,165.7255,0.959,1.6682,600.0,36.4302,0.4693,0.6388,990,1335,614,932,182.033
12,276.3752,4,1401.835,687.7712,12502.0,520.0,136.954,0.9497,1.4324,612.0,32.8555,0.5543,0.7133,1335,1681,614,932,182.033
12,276.7758,1,568.0724,674.4481,13835.0,1889.0,156.686,0.9999,1.5144,576.0,23.0216,0.6888,0.8158,297,643,614,932,182.033
12,276.7758,2,895.1009,699.6139,9977.0,304.0,151.0328,0.9522,2.0383,609.0,25.6032,0.5994,0.7496,643,990,614,932,182.033
12,276.7758,3,1256.3127,672.2888,12263.0,2228.0,184.5097,1.0,2.1511,571.0,34.8861,0.3773,0.5479,990,1335,614,932,182.033
12,276.7758,4,1412.6439,682.8612,14716.0,678.0,142.2598,0.9444,1.1646,594.0,35.2532,0.5491,0.7089,1335,1681,614,932,182.033
12,277.1763,1,555.5132,676.7101,14712.0,1399.0,161.1254,0.8885,1.4919,587.0,31.4013,0.5944,0.7456,297,643,614,932,182.033
12,277.1763,2,898.2697,692.9724,10849.0,411.0,143.7754,0.9756,1.7511,599.0,29.7752,0.4902,0.6579,643,990,614,932,182.033
12,277.1763,3,1258.7269,689.1157,10129.0,394.0,153.7645,0.9818,2.0945,602.0,28.5228,0.472,0.6413,990,1335,614,932,182.033
12,277.1763,4,1439.4744,681.7071,14330.0,769.0,130.0532,0.8759,1.0143,597.0,36.7842,0.4653,0.6351,1335,1681,614,932,182.033
12,277.5769,1,544.2268,668.7822,14562.0,1727.0,165.0984,0.802,1.5787,584.0,26.7922,0.6552,0.7917,297,643,614,932,182.033
12,277.5769,2,884.8332,671.8188,12564.0,1141.0,178.4761,0.8209,2.0671,590.0,34.1374,0.4938,0.6612,643,990,614,932,182.033
12,277.5769,3,1253.9298,685.7497,11381.0,929.0,153.0605,0.9591,1.9056,594.0,30.4273,0.5276,0.6907,990,1335,614,932,182.033
12,277.5769,4,1462.1377,676.5007,14892.0,829.0,154.4987,0.592,1.3654,595.0,35.9354,0.4855,0.6537,1335,1681,614,932,182.033
12,277.9774,1,528.6683,669.2584,14866.0,2169.0,170.991,0.7798,1.7188,580.0,27.7271,0.5979,0.7483,297,643,614,932,182.033
12,277.9774,2,861.0079,679.725,12966.0,868.0,189.629,0.7941,2.2638,590.0,51.1322,0.4364,0.6077,643,990,614,932,182.033
12,277.9774,3,1228.8883,663.1692,11418.0,1261.0,167.4425,0.7499,2.0497,594.0,40.1837,0.4468,0.6177,990,1335,614,932,182.033
12,277.9774,4,1494.0823,682.3243,16209.0,741.0,152.5527,0.657,1.2465,594.0,41.6071,0.4232,0.5947,1335,1681,614,932,182.033
12,278.3779,1,522.2853,665.925,14021.0,2033.0,167.0914,0.7836,1.7162,581.0,20.9956,0.7194,0.8368,297,643,614,932,182.033
12,278.3779,2,842.5721,679.1195,13988.0,1223.0,185.1442,0.8504,1.9355,577.0,42.9809,0.563,0.7204,643,990,614,932,182.033
12,278.3779,3,1191.9628,661.6917,12816.0,1546.0,178.4487,0.6389,2.1155,590.0,53.945,0.3572,0.5264,990,1335,614,932,182.033
12,278.3779,4,1522.9126,689.4443,17175.0,570.0,168.6439,0.7014,1.4347,596.0,38.3801,0.4668,0.6365,1335,1681,614,932,182.033
12,278.7785,1,514.5453,660.8997,13539.0,2325.0,172.8261,0.7041,1.9202,577.0,24.8535,0.6546,0.7912,297,643,614,932,182.033
12,278.7785,2,829.7225,690.6011,14090.0,570.0,178.2916,0.8927,1.9031,599.0,39.1951,0.5505,0.7101,643,990,614,932,182.033
12,278.7785,3,1151.0247,658.8672,12850.0,1660.0,185.4683,0.5885,2.2825,590.0,57.6318,0.3373,0.5045,990,1335,614,932,182.033
12,278.7785,4,1539.6288,691.2048,18064.0,347.0,183.119,0.5257,1.6323,603.0,28.9478,0.6111,0.7586,1335,1681,614,932,182.033
12,279.179,1,515.3677,661.4202,12913.0,2282.0,173.3989,0.6139,2.1251,582.0,21.9698,0.6972,0.8216,297,643,614,932,182.033
12,279.179,2,824.1626,705.6456,13301.0,153.0,154.8153,0.9529,1.5944,608.0,35.34,0.5787,0.7332,643,990,614,932,182.033
12,279.179,3,1122.0396,670.7882,13303.0,1578.0,179.283,0.6541,2.2553,589.0,53.7489,0.3381,0.5053,990,1335,614,932,182.033
12,279.179,4,1548.182,683.17,17559.0,750.0,182.7636,0.5079,1.6394,597.0,24.9577,0.6715,0.8035,1335,1681,614,932,182.033
12,279.5796,1,523.321,663.9547,13007.0,2297.0,172.5948,0.6513,2.1366,579.0,29.0723,0.5534,0.7125,297,643,614,932,182.033
12,279.5796,2,823.4728,697.7169,13319.0,499.0,163.2755,0.9549,1.779,596.0,39.5871,0.5158,0.6805,643,990,614,932,182.033
12,279.5796,3,1094.5995,674.7898,12004.0,968.0,165.9944,0.7017,2.0901,595.0,44.4661,0.3939,0.5651,990,1335,614,932,182.033
12,279.5796,4,1560.7765,685.5016,18572.0,537.0,191.5324,0.4352,1.7109,602.0,28.4256,0.6202,0.7656,1335,1681,614,932,182.033
12,279.9801,1,545.3126,662.6412,12293.0,1946.0,162.3169,0.6899,1.9663,581.0,34.5733,0.4848,0.653,297,643,614,932,182.033
12,279.9801,2,827.9466,690.7391,13981.0,424.0,173.106,0.7078,1.9319,601.0,33.4331,0.5475,0.7076,643,990,614,932,182.033
12,279.9801,3,1076.2465,672.3874,10767.0,1235.0,155.0912,0.8275,2.0697,588.0,37.3104,0.5126,0.6778,990,1335,614,932,182.033
12,279.9801,4,1567.8341,687.866,17853.0,643.0,178.9783,0.5584,1.5797,600.0,24.7111,0.6664,0.7998,1335,1681,614,932,182.033
12,280.3807,1,561.0231,675.7453,10686.0,1217.0,151.8361,0.8838,1.9866,581.0,35.6846,0.4205,0.592,297,643,614,932,182.033
12,280.3807,2,835.5452,685.3591,14434.0,556.0,173.0837,0.6854,1.8458,600.0,28.7719,0.6048,0.7538,643,990,614,932,182.033
12,280.3807,3,1074.9356,682.9633,11517.0,1089.0,169.0661,0.871,2.2429,585.0,30.1563,0.6222,0.7671,990,1335,614,932,182.033
12,280.3807,4,1572.6182,693.8233,17409.0,435.0,186.0732,0.5745,1.7827,604.0,24.4013,0.7063,0.8279,1335,1681,614,932,182.033
12,280.7812,1,574.8698,686.3982,10304.0,725.0,136.669,0.953,1.6606,602.0,27.0658,0.5632,0.7205,297,643,614,932,182.033
12,280.7812,2,847.4369,686.8937,13967.0,395.0,169.6129,0.6533,1.9232,603.0,30.7705,0.5791,0.7335,643,990,614,932,182.033
12,280.7812,3,1079.2137,700.7898,11696.0,380.0,174.464,0.7995,2.3858,603.0,26.9111,0.6384,0.7793,990,1335,614,932,182.033
12,280.7812,4,1575.1596,688.67,16346.0,501.0,180.9172,0.5888,1.7577,603.0,18.5444,0.7628,0.8655,1335,1681,614,932,182.033
12,281.1817,1,578.9866,676.0272,9259.0,861.0,143.644,0.9594,1.9024,597.0,17.2367,0.752,0.8585,297,643,614,932,182.033
12,281.1817,2,858.8294,687.9229,13016.0,623.0,160.4114,0.7541,1.8149,597.0,28.6806,0.5779,0.7325,643,990,614,932,182.033
12,281.1817,3,1068.9881,685.7079,11865.0,733.0,158.3107,0.8744,1.8749,596.0,30.1967,0.5585,0.7167,990,1335,614,932,182.033
12,281.1817,4,1581.3215,683.9987,15828.0,767.0,173.4429,0.6777,1.6436,598.0,21.771,0.7194,0.8368,1335,1681,614,932,182.033
12,281.5823,1,576.4505,666.1222,11750.0,2360.0,179.3255,0.9999,2.2653,556.0,24.6353,0.6806,0.8099,297,643,614,932,182.033
12,281.5823,2,870.9867,693.8889,12601.0,213.0,159.3464,0.7212,1.8666,606.0,31.3652,0.5757,0.7307,643,990,614,932,182.033
12,281.5823,3,1071.6493,666.215,11848.0,1906.0,136.5515,0.9965,1.3265,574.0,34.6167,0.5613,0.719,990,1335,614,932,182.033
12,281.5823,4,1584.6868,696.0139,15817.0,413.0,172.6688,0.7186,1.7354,603.0,23.5572,0.7274,0.8422,1335,1681,614,932,182.033
12,281.9828,1,566.915,686.1051,12536.0,757.0,159.8394,0.9775,1.716,597.0,36.1561,0.5401,0.7014,297,643,614,932,182.033
12,281.9828,2,883.4662,691.969,11790.0,475.0,147.7282,0.8428,1.7661,600.0,25.7973,0.5926,0.7442,643,990,614,932,182.033
12,281.9828,3,1069.4317,676.4897,12541.0,529.0,148.3434,0.8357,1.4921,607.0,28.2597,0.6352,0.7769,990,1335,614,932,182.033
12,281.9828,4,1585.4952,699.6463,15255.0,247.0,173.6126,0.7029,1.7982,607.0,18.4478,0.7377,0.8491,1335,1681,614,932,182.033
12,282.3834,1,547.2761,676.0655,14267.0,1654.0,178.6167,0.7936,1.8788,585.0,39.7958,0.4844,0.6527,297,643,614,932,182.033
12,282.3834,2,892.6566,688.5133,10294.0,393.0,131.4175,0.9121,1.6057,602.0,26.769,0.568,0.7245,643,990,614,932,182.033
12,282.3834,3,1085.5709,689.875,13855.0,571.0,136.686,0.9737,1.2417,604.0,26.5466,0.6091,0.7571,990,1335,614,932,182.033
12,282.3834,4,1585.2091,696.2503,14917.0,357.0,176.0477,0.7065,1.8423,604.0,14.0802,0.7935,0.8849,1335,1681,614,932,182.033
12,282.7839,1,524.8205,652.6819,14590.0,2867.0,192.9281,0.6213,2.0124,578.0,34.4716,0.5555,0.7143,297,643,614,932,182.033
12,282.7839,2,909.0715,680.7166,11346.0,868.0,166.2577,0.999,1.8855,594.0,31.0767,0.5397,0.701,643,990,614,932,182.033
12,282.7839,3,1107.1331,669.3872,13912.0,1165.0,178.0319,0.5426,2.0042,594.0,37.5731,0.4241,0.5956,990,1335,614,932,182.033
12,282.7839,4,1584.2893,694.4167,15300.0,820.0,168.2618,0.7657,1.7249,596.0,22.528,0.6769,0.8073,1335,1681,614,932,182.033
12,283.1845,1,490.1081,635.6493,10889.0,3062.0,148.798,0.6419,1.6218,572.0,35.5246,0.487,0.655,297,643,614,932,182.033
12,283.1845,2,899.8647,700.0168,10012.0,200.0,157.4824,0.9922,2.1831,604.0,26.037,0.633,0.7753,643,990,614,932,182.033
12,283.1845,3,1148.525,663.7212,14699.0,882.0,190.3391,0.4353,2.1336,599.0,38.3108,0.3841,0.555,990,1335,614,932,182.033
12,283.1845,4,1591.5758,685.2911,14308.0,939.0,170.2541,0.7984,1.7983,593.0,16.7407,0.7769,0.8744,1335,1681,614,932,182.033
12,283.585,1,480.0317,649.8028,11797.0,2733.0,134.5342,0.8206,1.3776,572.0,29.5894,0.5849,0.7381,297,643,614,932,182.033
12,283.585,2,903.3011,704.6851,11993.0,429.0,167.0324,0.9916,1.9927,598.0,24.0742,0.6776,0.8078,643,990,614,932,182.033
12,283.585,3,1191.1755,671.2172,16507.0,736.0,187.1936,0.4477,1.8673,599.0,40.7997,0.3622,0.5318,990,1335,614,932,182.033
12,283.585,4,1587.1346,698.8235,14553.0,516.0,168.0446,0.7872,1.8051,601.0,25.1973,0.6799,0.8095,1335,1681,614,932,182.033
12,283.9856,1,466.9322,656.5368,11102.0,2324.0,135.4561,0.9757,1.4645,575.0,28.9733,0.5648,0.7219,297,643,614,932,182.033
12,283.9856,2,896.7264,678.3002,13342.0,1873.0,203.555,1.0,2.4351,568.0,28.8845,0.6034,0.7526,643,990,614,932,182.033
12,283.9856,3,1216.9452,681.0254,16474.0,680.0,187.9591,0.5288,1.8772,597.0,35.6947,0.448,0.6188,990,1335,614,932,182.033
12,283.9856,4,1592.6936,693.6479,13847.0,532.0,161.8555,0.7808,1.8094,602.0,27.9868,0.64,0.7805,1335,1681,614,932,182.033
12,284.3861,1,461.6276,652.4191,11666.0,2407.0,149.9237,0.9983,1.5813,571.0,26.9827,0.705,0.827,297,643,614,932,182.033
12,284.3861,2,874.0484,711.844,13421.0,130.0,158.5361,0.9924,1.6715,608.0,42.2775,0.4434,0.6144,643,990,614,932,182.033
12,284.3861,3,1244.4582,695.1673,16343.0,308.0,170.7044,0.8206,1.5122,612.0,36.8917,0.4637,0.6336,990,1335,614,932,182.033
12,284.3861,4,1592.9713,690.9408,12844.0,716.0,152.0556,0.8691,1.7485,598.0,24.0337,0.6873,0.8147,1335,1681,614,932,182.033
12,284.7866,1,468.1952,674.6835,13288.0,1986.0,162.5476,0.996,1.7521,576.0,29.77,0.7089,0.8297,297,643,614,932,182.033
12,284.7866,2,858.3709,697.475,12576.0,435.0,168.8489,0.9083,1.9796,601.0,38.9959,0.4661,0.6358,643,990,614,932,182.033
12,284.7866,3,1263.1704,693.0319,15209.0,370.0,154.5092,0.929,1.3905,613.0,32.8221,0.5212,0.6852,990,1335,614,932,182.033
12,284.7866,4,1594.3686,685.5953,11941.0,537.0,151.0752,0.9541,1.6934,600.0,23.9972,0.6626,0.7971,1335,1681,614,932,182.033
12,285.1872,1,471.9558,678.3151,13262.0,1809.0,159.6812,0.9942,1.7087,580.0,22.407,0.7754,0.8735,297,643,614,932,182.033
12,285.1872,2,847.2661,679.2447,11939.0,1004.0,138.3426,0.9119,1.4515,593.0,33.9388,0.5214,0.6855,643,990,614,932,182.033
12,285.1872,3,1251.5282,690.0641,15848.0,1045.0,168.6113,0.9907,1.4943,587.0,29.5569,0.6274,0.771,990,1335,614,932,182.033
12,285.1872,4,1593.1832,682.826,11859.0,733.0,154.2974,0.98,1.6986,597.0,23.2791,0.7166,0.8349,1335,1681,614,932,182.033
12,285.5877,1,472.4815,673.9636,12959.0,1805.0,154.7431,0.9948,1.6408,581.0,23.1831,0.7606,0.864,297,643,614,932,182.033
12,285.5877,2,850.9817,681.337,11067.0,788.0,138.7908,0.8168,1.6231,595.0,19.278,0.6608,0.7958,643,990,614,932,182.033
12,285.5877,3,1235.1323,700.9987,14975.0,404.0,152.4808,0.9959,1.4512,606.0,35.4063,0.5153,0.6801,990,1335,614,932,182.033
12,285.5877,4,1584.1379,691.4074,12024.0,570.0,140.0713,0.9992,1.5167,600.0,28.2552,0.6076,0.7559,1335,1681,614,932,182.033
12,285.9883,1,471.9379,676.2731,12997.0,1625.0,153.2714,1.0,1.6098,582.0,18.459,0.8386,0.9122,297,643,614,932,182.033
12,285.9883,2,861.0494,685.3145,12881.0,1235.0,152.6785,1.0,1.6873,587.0,31.3899,0.4926,0.66,643,990,614,932,182.033
12,285.9883,3,1224.5473,673.895,15388.0,1957.0,179.2783,0.8991,1.666,579.0,36.4543,0.5421,0.7031,990,1335,614,932,182.033
12,285.9883,4,1573.4895,682.6073,12237.0,875.0,149.03,0.9213,1.6274,596.0,31.2684,0.5488,0.7087,1335,1681,614,932,182.033
12,286.3888,1,473.3153,675.8136,12563.0,1565.0,155.997,0.9997,1.6947,582.0,20.2449,0.8253,0.9043,297,643,614,932,182.033
12,286.3888,2,865.727,701.4981,12892.0,354.0,167.3378,0.9448,1.9319,601.0,37.6555,0.4775,0.6463,643,990,614,932,182.033
12,286.3888,3,1214.6499,700.1749,16303.0,285.0,190.6201,0.8795,1.8705,606.0,40.9108,0.491,0.6586,990,1335,614,932,182.033
12,286.3888,4,1554.6445,685.2584,13063.0,926.0,158.6711,0.8552,1.7406,596.0,38.6162,0.4701,0.6395,1335,1681,614,932,182.033
12,286.7894,1,472.1743,675.0827,12770.0,1778.0,160.0583,0.9929,1.7669,575.0,15.5237,0.8575,0.9233,297,643,614,932,182.033
12,286.7894,2,861.9574,711.718,13062.0,190.0,169.7181,0.9008,1.9955,605.0,25.8305,0.6564,0.7926,643,990,614,932,182.033
12,286.7894,3,1203.4195,701.5607,18579.0,568.0,195.4501,0.8098,1.8179,599.0,26.7622,0.6434,0.783,990,1335,614,932,182.033
12,286.7894,4,1531.0116,680.3074,13510.0,825.0,159.9403,0.7808,1.6749,598.0,41.838,0.4537,0.6242,1335,1681,614,932,182.033
12,287.1899,1,469.5701,672.1037,12674.0,1797.0,159.5009,0.9492,1.772,578.0,26.1423,0.7284,0.8429,297,643,614,932,182.033
12,287.1899,2,868.4326,696.9081,14345.0,1411.0,210.2754,0.9333,2.6488,583.0,26.9714,0.6461,0.785,643,990,614,932,182.033
12,287.1899,3,1174.2254,669.0859,16666.0,1363.0,233.7899,0.4426,2.9092,594.0,40.6881,0.4086,0.5802,990,1335,614,932,182.033
12,287.1899,4,1505.9982,684.3045,14981.0,1149.0,177.669,0.7611,1.8293,594.0,41.8107,0.4488,0.6196,1335,1681,614,932,182.033
12,287.5904,1,475.0689,656.1473,12300.0,2407.0,176.5209,0.8161,2.1147,576.0,33.823,0.6337,0.7758,297,643,614,932,182.033
12,287.5904,2,867.2503,705.0411,13556.0,343.0,185.585,0.8364,2.3395,602.0,29.545,0.614,0.7608,643,990,614,932,182.033
12,287.5904,3,1114.199,654.9266,14232.0,1430.0,188.3869,0.3482,2.1458,594.0,44.3203,0.3585,0.5278,990,1335,614,932,182.033
12,287.5904,4,1484.2664,677.9018,14508.0,1460.0,179.8985,0.745,1.9756,587.0,40.5321,0.4992,0.6659,1335,1681,614,932,182.033
12,287.991,1,483.3603,661.3451,13922.0,2483.0,175.3142,0.6779,1.9746,579.0,35.4577,0.593,0.7445,297,643,614,932,182.033
12,287.991,2,874.0631,682.1258,12516.0,595.0,182.2716,0.7525,2.2348,599.0,31.2619,0.6268,0.7706,643,990,614,932,182.033
12,287.991,3,1093.7547,671.375,10343.0,1182.0,143.7864,0.7774,1.9986,593.0,39.069,0.357,0.5261,990,1335,614,932,182.033
12,287.991,4,1475.977,692.5595,14850.0,760.0,188.3926,0.7095,2.1711,599.0,32.8255,0.5673,0.724,1335,1681,614,932,182.033
12,288.3915,1,502.2808,653.7589,12376.0,2459.0,161.8931,0.7627,1.82,574.0,38.7239,0.5668,0.7235,297,643,614,932,182.033
12,288.3915,2,875.9253,685.5425,12812.0,497.0,170.2806,0.6669,2.0326,601.0,25.3101,0.7026,0.8253,643,990,614,932,182.033
12,288.3915,3,1097.9283,676.6788,11472.0,1928.0,170.8696,0.9415,2.6199,582.0,27.0141,0.5019,0.6683,990,1335,614,932,182.033
12,288.3915,4,1466.4595,681.5599,14016.0,1120.0,175.8527,0.7134,2.0126,591.0,27.4116,0.6393,0.7799,1335,1681,614,932,182.033
12,288.7921,1,514.4517,666.5176,12308.0,1912.0,136.2521,0.9821,1.3685,580.0,41.6908,0.4956,0.6628,297,643,614,932,182.033
12,288.7921,2,885.2993,685.1236,12383.0,399.0,173.5306,0.6673,2.1332,603.0,28.3428,0.6618,0.7965,643,990,614,932,182.033
12,288.7921,3,1105.8203,693.6349,10585.0,831.0,163.1658,0.8358,2.5267,595.0,27.8924,0.4623,0.6323,990,1335,614,932,182.033
12,288.7921,4,1454.8913,680.0442,13582.0,1281.0,170.2755,0.7806,1.9293,584.0,28.9085,0.5852,0.7383,1335,1681,614,932,182.033
12,289.1926,1,522.994,656.7795,12129.0,2317.0,152.4512,0.8165,1.6454,580.0,38.8734,0.5333,0.6956,297,643,614,932,182.033
12,289.1926,2,889.2307,692.6241,12590.0,373.0,170.774,0.7621,2.0395,604.0,27.8414,0.6571,0.7931,643,990,614,932,182.033
12,289.1926,3,1091.3973,665.8693,9319.0,1089.0,138.0488,0.9,1.8727,588.0,28.6472,0.5074,0.6732,990,1335,614,932,182.033
12,289.1926,4,1447.7277,689.6811,13068.0,654.0,168.4712,0.7729,1.9771,596.0,30.7741,0.5769,0.7317,1335,1681,614,932,182.033
12,289.5932,1,506.6451,649.1744,13747.0,3025.0,176.1591,0.6221,1.8791,576.0,37.1852,0.5614,0.7191,297,643,614,932,182.033
12,289.5932,2,887.7388,690.9024,12589.0,515.0,175.3625,0.7465,2.1657,600.0,20.6141,0.7404,0.8509,643,990,614,932,182.033
12,289.5932,3,1092.4546,665.0164,8169.0,766.0,120.0221,0.9976,1.5215,594.0,24.0065,0.609,0.757,990,1335,614,932,182.033
12,289.5932,4,1437.672,688.8894,12742.0,611.0,158.6851,0.7998,1.8629,597.0,23.4945,0.6313,0.774,1335,1681,614,932,182.033
12,289.9937,1,477.4278,648.3164,14515.0,3761.0,173.9007,0.6482,1.9186,572.0,39.8427,0.4458,0.6167,297,643,614,932,182.033
12,289.9937,2,884.7961,692.4198,12671.0,535.0,178.0471,0.796,2.1601,598.0,17.7307,0.8053,0.8922,643,990,614,932,182.033
12,289.9937,3,1109.1668,653.9418,10833.0,1761.0,169.1197,0.6894,2.1947,588.0,42.3995,0.42,0.5915,990,1335,614,932,182.033
12,289.9937,4,1432.2542,683.3659,11772.0,1048.0,155.3124,0.8082,1.9188,591.0,23.8581,0.6506,0.7883,1335,1681,614,932,182.033
12,290.3943,1,454.5903,652.2941,14433.0,3519.0,163.4688,0.6979,1.742,572.0,36.2687,0.4905,0.6581,297,643,614,932,182.033
12,290.3943,2,884.1472,702.138,12994.0,236.0,177.0581,0.7843,2.1537,605.0,22.1535,0.7496,0.8569,643,990,614,932,182.033
12,290.3943,3,1141.0011,659.0065,13876.0,2376.0,187.4102,0.7352,1.9192,581.0,50.7223,0.3861,0.5571,990,1335,614,932,182.033
12,290.3943,4,1426.8025,678.877,11963.0,1086.0,162.4676,0.8069,2.0031,592.0,26.1121,0.6393,0.7799,1335,1681,614,932,182.033
12,290.7948,1,441.3747,656.0507,13385.0,3060.0,156.2198,0.7976,1.7271,575.0,32.4536,0.583,0.7366,297,643,614,932,182.033
12,290.7948,2,877.2706,704.2114,13852.0,392.0,191.3708,0.8033,2.4054,604.0,26.5125,0.6568,0.7928,643,990,614,932,182.033
12,290.7948,3,1159.2565,681.2624,13843.0,72.0,196.7474,0.6059,2.4289,612.0,60.518,0.3235,0.4889,990,1335,614,932,182.033
12,290.7948,4,1421.2891,687.5205,12675.0,259.0,168.4871,0.7447,2.0778,606.0,31.3056,0.5948,0.7459,1335,1681,614,932,182.033
12,291.1953,1,432.0951,644.1648,13171.0,3573.0,163.4093,0.8481,1.6978,570.0,27.1986,0.7201,0.8372,297,643,614,932,182.033
12,291.1953,2,879.4511,692.9867,13268.0,458.0,182.3141,0.7097,2.2052,601.0,31.7144,0.6256,0.7697,643,990,614,932,182.033
12,291.1953,3,1172.6007,681.5098,13917.0,799.0,190.4581,0.6893,2.2608,599.0,40.4135,0.483,0.6514,990,1335,614,932,182.033
12,291.1953,4,1424.1128,682.2842,11796.0,886.0,157.8471,0.7432,1.9694,594.0,29.288,0.6465,0.7853,1335,1681,614,932,182.033
12,291.5959,1,440.7534,654.5555,14218.0,3360.0,174.7786,0.8006,1.9362,571.0,25.3847,0.7408,0.8511,297,643,614,932,182.033
12,291.5959,2,884.2721,684.1736,12770.0,670.0,165.0793,0.7521,1.9254,597.0,30.6263,0.6178,0.7637,643,990,614,932,182.033
12,291.5959,3,1205.144,663.7085,13026.0,1410.0,166.1502,0.573,1.9646,589.0,44.9641,0.4309,0.6022,990,1335,614,932,182.033
12,291.5959,4,1418.9344,683.7478,11670.0,841.0,152.3239,0.8845,1.818,594.0,26.6723,0.587,0.7398,1335,1681,614,932,182.033
12,291.9964,1,455.4893,653.8785,14006.0,3178.0,174.105,0.878,1.9262,569.0,38.8587,0.5754,0.7304,297,643,614,932,182.033
12,291.9964,2,899.7617,672.636,11009.0,569.0,153.4332,0.6881,1.8599,598.0,30.8135,0.5993,0.7495,643,990,614,932,182.033
12,291.9964,3,1228.7999,693.235,13180.0,532.0,179.0476,0.8057,2.3088,599.0,55.5434,0.2555,0.407,990,1335,614,932,182.033
12,291.9964,4,1416.5478,687.3724,11940.0,612.0,152.0484,0.8756,1.774,599.0,19.5069,0.7259,0.8412,1335,1681,614,932,182.033
12,292.397,1,463.992,673.9774,13709.0,1973.0,163.689,0.9028,1.7671,575.0,21.3691,0.7007,0.824,297,643,614,932,182.033
12,292.397,2,903.7174,681.1033,10534.0,339.0,146.3617,0.7783,1.8227,603.0,34.2361,0.5856,0.7386,643,990,614,932,182.033
12,292.397,3,1232.7933,722.188,12751.0,0.0,180.1914,0.7618,2.4023,622.0,45.7318,0.382,0.5528,990,1335,614,932,182.033
12,292.397,4,1420.7882,686.8877,12718.0,633.0,156.7765,0.8405,1.7432,599.0,20.3814,0.7188,0.8364,1335,1681,614,932,182.033
12,292.7975,1,462.3039,663.1403,12727.0,2409.0,154.5067,0.9259,1.646,572.0,17.7584,0.8263,0.9049,297,643,614,932,182.033
12,292.7975,2,912.2558,697.4958,10317.0,229.0,136.9342,0.8317,1.7771,615.0,34.5379,0.5184,0.6828,643,990,614,932,182.033
12,292.7975,3,1253.4122,705.2396,12318.0,460.0,178.2878,0.8853,2.3165,600.0,32.0614,0.5291,0.692,990,1335,614,932,182.033
12,292.7975,4,1427.4594,688.4231,12844.0,605.0,158.5513,0.7832,1.7507,598.0,25.0128,0.615,0.7616,1335,1681,614,932,182.033
12,293.1981,1,457.7411,666.8668,12375.0,2135.0,150.3378,0.923,1.6347,578.0,26.338,0.7132,0.8326,297,643,614,932,182.033
12,293.1981,2,918.7265,701.1982,10461.0,174.0,143.4783,0.8662,1.8676,614.0,24.2403,0.6483,0.7866,643,990,614,932,182.033
12,293.1981,3,1248.4399,699.8437,12572.0,579.0,169.4823,0.8787,2.1617,600.0,27.2624,0.6159,0.7623,990,1335,614,932,182.033
12,293.1981,4,1430.1959,688.157,14244.0,454.0,167.0686,0.7387,1.7202,600.0,21.5449,0.6774,0.8077,1335,1681,614,932,182.033
12,293.5986,1,446.2923,663.303,12654.0,2417.0,151.8589,0.9593,1.6038,573.0,33.5477,0.6203,0.7657,297,643,614,932,182.033
12,293.5986,2,918.7997,699.836,10375.0,171.0,147.4445,0.847,1.9278,615.0,18.7772,0.7502,0.8573,643,990,614,932,182.033
12,293.5986,3,1263.0845,691.2766,11327.0,553.0,150.2872,0.9796,1.7048,597.0,34.7663,0.5547,0.7136,990,1335,614,932,182.033
12,293.5986,4,1431.6194,684.6769,14671.0,487.0,168.6349,0.6858,1.6391,599.0,20.6253,0.7297,0.8437,1335,1681,614,932,182.033
12,293.9991,1,435.5564,666.9714,13129.0,2371.0,147.0971,0.9974,1.5049,574.0,33.8398,0.6122,0.7595,297,643,614,932,182.033
12,293.9991,2,917.8056,691.4378,10314.0,191.0,152.1301,0.8425,1.9485,608.0,18.9236,0.7678,0.8687,643,990,614,932,182.033
12,293.9991,3,1267.2505,666.21,9006.0,646.0,136.5578,0.9133,1.7072,597.0,32.1789,0.5082,0.6739,990,1335,614,932,182.033
12,293.9991,4,1435.7468,680.8373,14600.0,525.0,165.9224,0.6173,1.5114,598.0,21.195,0.7142,0.8332,1335,1681,614,932,182.033
12,294.3997,1,426.0363,665.0983,12520.0,2344.0,149.5537,0.9941,1.5576,572.0,32.1802,0.645,0.7842,297,643,614,932,182.033
12,294.3997,2,915.7104,686.4402,10543.0,240.0,156.7105,0.856,1.957,605.0,18.1604,0.7951,0.8858,643,990,614,932,182.033
12,294.3997,3,1249.683,653.0882,8996.0,910.0,148.1127,0.6589,1.9545,596.0,35.3174,0.5968,0.7475,990,1335,614,932,182.033
12,294.3997,4,1446.347,687.4052,14636.0,471.0,148.4898,0.8369,1.3054,598.0,23.0411,0.6942,0.8195,1335,1681,614,932,182.033
12,294.8002,1,419.9604,662.3173,13221.0,2530.0,162.4691,0.7552,1.7796,576.0,37.6149,0.5128,0.678,297,643,614,932,182.033
12,294.8002,2,912.2715,687.6348,10869.0,234.0,164.3307,0.8367,2.0469,605.0,17.4545,0.7944,0.8854,643,990,614,932,182.033
12,294.8002,3,1216.6993,654.8996,13741.0,3015.0,203.512,0.7867,2.3987,566.0,47.5752,0.3802,0.5509,990,1335,614,932,182.033
12,294.8002,4,1456.4709,695.9705,14865.0,164.0,144.6186,0.97,1.2475,606.0,26.694,0.6554,0.7918,1335,1681,614,932,182.033
12,295.2008,1,425.1409,650.3314,13012.0,2799.0,181.6647,0.6864,2.054,572.0,21.6571,0.7129,0.8324,297,643,614,932,182.033
12,295.2008,2,912.1265,690.4663,11750.0,575.0,162.9391,0.9171,1.9634,598.0,21.8821,0.7523,0.8587,643,990,614,932,182.033
12,295.2008,3,1199.7058,679.3932,12418.0,865.0,183.7484,0.7689,2.3582,596.0,52.7642,0.3403,0.5077,990,1335,614,932,182.033
12,295.2008,4,1467.5384,687.5878,14436.0,506.0,140.1653,0.9749,1.2029,597.0,27.7514,0.6427,0.7825,1335,1681,614,932,182.033
12,295.6013,1,430.116,653.1345,13074.0,2347.0,183.9473,0.6469,2.1713,578.0,24.3168,0.7152,0.8339,297,643,614,932,182.033
12,295.6013,2,903.4912,683.674,12566.0,1142.0,185.7083,0.872,2.3748,588.0,30.6991,0.5993,0.7495,643,990,614,932,182.033
12,295.6013,3,1173.3008,675.0799,14470.0,1928.0,220.2925,0.6687,2.9923,590.0,35.6213,0.5218,0.6858,990,1335,614,932,182.033
12,295.6013,4,1483.814,679.4465,14285.0,688.0,136.0279,0.9948,1.1271,595.0,29.7935,0.5836,0.737,1335,1681,614,932,182.033
12,296.0019,1,439.565,653.556,13442.0,2599.0,185.3047,0.7399,2.0754,562.0,29.7593,0.6373,0.7785,297,643,614,932,182.033
12,296.0019,2,901.5826,689.1849,11691.0,573.0,163.899,0.7713,2.0609,596.0,23.3519,0.7063,0.8279,643,990,614,932,182.033
12,296.0019,3,1135.8274,661.4523,13372.0,1721.0,197.3807,0.5257,2.5693,589.0,47.2761,0.3943,0.5656,990,1335,614,932,182.033
12,296.0019,4,1492.9561,685.4775,15251.0,731.0,138.2306,0.8589,1.1294,596.0,24.823,0.6884,0.8155,1335,1681,614,932,182.033
12,296.4024,1,444.7852,664.1916,13515.0,2121.0,175.8977,0.7735,2.0073,574.0,26.4381,0.645,0.7842,297,643,614,932,182.033
12,296.4024,2,912.149,683.3905,12961.0,1633.0,168.1123,0.9915,1.7392,572.0,37.872,0.4814,0.6499,643,990,614,932,182.033
12,296.4024,3,1092.5151,659.2849,11614.0,1382.0,167.4478,0.5979,2.1662,591.0,54.5118,0.3437,0.5116,990,1335,614,932,182.033
12,296.4024,4,1511.2477,683.5514,16523.0,1013.0,159.6757,0.7691,1.3331,594.0,30.8056,0.5887,0.7411,1335,1681,614,932,182.033
12,296.803,1,448.0772,672.147,13545.0,1888.0,176.7185,0.7869,2.0853,571.0,24.1035,0.6586,0.7942,297,643,614,932,182.033
12,296.803,2,921.7758,695.5813,11300.0,108.0,157.1646,0.8383,1.8435,617.0,32.4022,0.5716,0.7274,643,990,614,932,182.033
12,296.803,3,1076.072,670.1575,10010.0,1013.0,144.0991,0.8421,1.9263,593.0,44.1611,0.433,0.6043,990,1335,614,932,182.033
12,296.803,4,1519.3466,688.3584,15705.0,410.0,157.0046,0.737,1.3599,603.0,22.5794,0.7405,0.8509,1335,1681,614,932,182.033
12,297.2035,1,452.1093,672.479,13110.0,1854.0,168.9116,0.8119,1.942,575.0,20.907,0.7073,0.8286,297,643,614,932,182.033
12,297.2035,2,918.2289,698.7229,14024.0,1340.0,159.0097,0.885,1.853,616.0,26.1373,0.6618,0.7965,643,990,614,932,182.033
12,297.2035,3,1072.3879,675.9729,10388.0,949.0,145.6712,0.8412,1.9084,593.0,24.4771,0.6802,0.8097,990,1335,614,932,182.033
12,297.2035,4,1538.497,683.1325,17340.0,746.0,167.873,0.5318,1.4044,598.0,30.1932,0.587,0.7398,1335,1681,614,932,182.033
12,297.604,1,456.114,667.7381,13116.0,2269.0,170.6224,0.8135,2.0211,570.0,20.3541,0.7322,0.8454,297,643,614,932,182.033
12,297.604,2,917.6801,707.2115,13528.0,225.0,162.3048,0.8885,1.77,616.0,18.6108,0.7277,0.8424,643,990,614,932,182.033
12,297.604,3,1075.1334,668.8942,10438.0,1219.0,144.9207,0.8169,1.7978,587.0,22.3264,0.7159,0.8344,990,1335,614,932,182.033
12,297.604,4,1554.7179,684.3181,18248.0,789.0,184.7592,0.468,1.6401,599.0,26.1845,0.6419,0.7819,1335,1681,614,932,182.033
12,298.0046,1,458.7579,675.2684,13851.0,2126.0,166.9646,0.9224,1.8354,569.0,25.3889,0.6487,0.7869,297,643,614,932,182.033
12,298.0046,2,922.428,698.1031,13236.0,240.0,154.4142,0.9356,1.6096,615.0,22.2065,0.6961,0.8208,643,990,614,932,182.033
12,298.0046,3,1085.2073,679.1755,11551.0,776.0,165.502,0.657,2.2169,607.0,31.4355,0.5737,0.7291,990,1335,614,932,182.033
12,298.0046,4,1563.7325,683.0834,17224.0,666.0,186.0948,0.4986,1.7519,601.0,24.8646,0.6867,0.8143,1335,1681,614,932,182.033
12,298.4051,1,457.8315,680.8037,12611.0,1239.0,160.0185,0.9415,1.7984,583.0,18.9387,0.7634,0.8658,297,643,614,932,182.033
12,298.4051,2,913.9892,682.7762,14453.0,522.0,141.0191,1.0,1.2009,607.0,27.2813,0.6389,0.7797,643,990,614,932,182.033
12,298.4051,3,1092.3414,684.6094,13228.0,840.0,175.6968,0.6884,2.1699,603.0,19.9135,0.7443,0.8534,990,1335,614,932,182.033
12,298.4051,4,1567.2867,685.8046,16032.0,675.0,175.5433,0.538,1.7556,601.0,18.6457,0.7767,0.8743,1335,1681,614,932,182.033
12,298.8057,1,461.912,667.8655,12314.0,2147.0,158.8854,0.9266,1.796,574.0,26.1166,0.6873,0.8147,297,643,614,932,182.033
12,298.8057,2,895.4852,675.045,12677.0,419.0,141.6651,0.687,1.344,600.0,34.2594,0.5327,0.6951,643,990,614,932,182.033
12,298.8057,3,1109.717,692.4438,14836.0,635.0,195.901,0.5843,2.4612,608.0,30.26,0.5942,0.7454,990,1335,614,932,182.033
12,298.8057,4,1585.4312,683.7108,14780.0,639.0,162.9407,0.7262,1.5847,601.0,31.0335,0.5703,0.7263,1335,1681,614,932,182.033
12,299.2062,1,472.0921,661.4634,13908.0,2885.0,181.7965,0.9611,1.9236,569.0,31.9528,0.6519,0.7893,297,643,614,932,182.033
12,299.2062,2,881.4381,679.7574,12744.0,346.0,125.6866,0.7411,1.0751,600.0,32.0697,0.5825,0.7362,643,990,614,932,182.033
12,299.2062,3,1105.8081,692.5983,16232.0,1007.0,186.5716,0.7843,1.8969,595.0,28.5232,0.5609,0.7187,990,1335,614,932,182.033
12,299.2062,4,1590.212,691.771,13955.0,412.0,158.2975,0.755,1.673,604.0,21.7885,0.7176,0.8356,1335,1681,614,932,182.033
12,299.6068,1,470.5177,691.4812,14475.0,1375.0,194.3856,0.9623,2.3209,584.0,38.8117,0.5844,0.7377,297,643,614,932,182.033
12,299.6068,2,872.5292,689.9435,14081.0,346.0,136.158,0.9918,1.1928,601.0,25.4972,0.6611,0.796,643,990,614,932,182.033
12,299.6068,3,1097.8915,688.5314,14604.0,616.0,200.5219,0.5968,2.3957,601.0,27.855,0.5901,0.7422,990,1335,614,932,182.033
12,299.6068,4,1593.8931,690.9411,13440.0,517.0,158.9071,0.7927,1.7468,602.0,19.5827,0.683,0.8117,1335,1681,614,932,182.033
12,300.0073,1,478.5449,694.691,14321.0,1168.0,188.9805,0.96,2.173,583.0,31.257,0.648,0.7864,297,643,614,932,182.033
12,300.0073,2,865.8222,684.414,14389.0,774.0,147.8396,0.8405,1.3378,591.0,26.0398,0.5974,0.7479,643,990,614,932,182.033
12,300.0073,3,1105.458,673.4343,14558.0,2046.0,158.8035,0.8721,1.5776,581.0,36.9037,0.4536,0.6241,990,1335,614,932,182.033
12,300.0073,4,1592.4787,694.6794,13947.0,396.0,166.306,0.7744,1.8507,604.0,18.5979,0.7162,0.8346,1335,1681,614,932,182.033
12,300.4079,1,479.9991,686.5707,14076.0,1709.0,190.7678,0.9138,2.342,584.0,25.3917,0.7166,0.8349,297,643,614,932,182.033
12,300.4079,2,862.8382,682.005,13384.0,490.0,143.224,0.9397,1.3045,598.0,20.8129,0.6953,0.8203,643,990,614,932,182.033
12,300.4079,3,1114.7946,694.0411,14008.0,420.0,192.604,0.5781,2.5934,604.0,34.5011,0.4179,0.5894,990,1335,614,932,182.033
12,300.4079,4,1591.016,687.0655,13656.0,685.0,165.5266,0.8,1.8102,599.0,17.8836,0.7155,0.8342,1335,1681,614,932,182.033
12,300.8084,1,484.68,666.8582,12670.0,1515.0,161.4861,0.8052,1.7947,582.0,34.0536,0.5751,0.7302,297,643,614,932,182.033
12,300.8084,2,865.6559,675.0109,12699.0,545.0,139.2338,0.7744,1.3526,597.0,32.6003,0.5579,0.7163,643,990,614,932,182.033
12,300.8084,3,1094.6519,687.1794,13943.0,782.0,184.4871,0.7469,2.112,595.0,25.86,0.5272,0.6904,990,1335,614,932,182.033
12,300.8084,4,1592.5412,683.2511,12885.0,636.0,166.5412,0.8351,1.8816,600.0,16.2337,0.7942,0.8853,1335,1681,614,932,182.033
12,301.2089,1,492.2245,655.2702,11363.0,2504.0,135.1688,0.8934,1.4552,576.0,45.1229,0.4468,0.6177,297,643,614,932,182.033
12,301.2089,2,859.1712,675.4202,12842.0,573.0,134.3193,0.8161,1.2573,594.0,25.9551,0.659,0.7945,643,990,614,932,182.033
12,301.2089,3,1087.0583,678.5082,14814.0,2195.0,177.8192,0.9888,1.7387,567.0,33.4047,0.4521,0.6227,990,1335,614,932,182.033
12,301.2089,4,1592.0574,699.9885,13787.0,432.0,152.5182,0.9615,1.5992,602.0,27.0654,0.612,0.7593,1335,1681,614,932,182.033
12,301.6095,1,465.6506,648.9203,13490.0,2843.0,168.3456,0.62,1.7721,572.0,42.2998,0.4415,0.6126,297,643,614,932,182.033
12,301.6095,2,853.59,685.3641,12065.0,277.0,123.4956,0.9745,1.1331,603.0,27.3688,0.6036,0.7528,643,990,614,932,182.033
12,301.6095,3,1076.0566,702.0525,14217.0,222.0,184.3951,0.8094,2.1287,609.0,37.1379,0.4566,0.6269,990,1335,614,932,182.033
12,301.6095,4,1590.0081,684.2051,12599.0,548.0,153.5113,0.9991,1.6563,600.0,34.4382,0.5484,0.7083,1335,1681,614,932,182.033
12,302.01,1,429.3369,650.3468,14166.0,3554.0,162.9716,0.7968,1.6826,567.0,51.0305,0.3434,0.5113,297,643,614,932,182.033
12,302.01,2,859.7855,671.5111,11231.0,339.0,129.0212,0.8276,1.2462,604.0,25.8174,0.6426,0.7825,643,990,614,932,182.033
12,302.01,3,1079.6089,691.2958,15650.0,951.0,155.1358,0.9947,1.3814,603.0,32.8129,0.5346,0.6967,990,1335,614,932,182.033
12,302.01,4,1578.5173,678.4547,11533.0,787.0,142.2308,0.9447,1.5477,596.0,30.0691,0.6201,0.7655,1335,1681,614,932,182.033
12,302.4106,1,399.8423,660.8306,14256.0,2650.0,157.8879,0.8171,1.6795,591.0,46.1075,0.3741,0.5445,297,643,614,932,182.033
12,302.4106,2,851.876,666.7705,12902.0,489.0,169.5256,0.4079,1.9393,599.0,33.1241,0.548,0.708,643,990,614,932,182.033
12,302.4106,3,1096.8633,666.9603,14305.0,1064.0,193.5143,0.5133,2.1939,598.0,38.479,0.4173,0.5889,990,1335,614,932,182.033
12,302.4106,4,1554.5539,678.3496,12779.0,950.0,153.6475,0.8223,1.6471,595.0,42.2593,0.4207,0.5922,1335,1681,614,932,182.033
12,302.8111,1,385.9121,679.1612,14524.0,2445.0,158.5921,0.9215,1.7681,593.0,30.4642,0.5818,0.7356,297,643,614,932,182.033
12,302.8111,2,823.3709,661.2213,16342.0,342.0,219.6198,0.2121,2.5836,606.0,27.973,0.5933,0.7448,643,990,614,932,182.033
12,302.8111,3,1141.0844,660.4542,15211.0,920.0,185.3389,0.4098,1.9048,599.0,39.3199,0.4194,0.5909,990,1335,614,932,182.033
12,302.8111,4,1521.1209,676.2877,13610.0,1276.0,167.1239,0.7794,1.7961,591.0,49.4049,0.3593,0.5287,1335,1681,614,932,182.033
12,303.2117,1,384.1437,679.5601,16037.0,2483.0,163.9216,0.9433,1.6166,592.0,20.3818,0.7492,0.8566,297,643,614,932,182.033
12,303.2117,2,805.9278,661.2701,17443.0,1086.0,246.8001,0.2774,2.9439,598.0,30.4702,0.6097,0.7575,643,990,614,932,182.033
12,303.2117,3,1166.8029,670.8175,17141.0,1853.0,208.1818,0.696,2.0711,581.0,37.3239,0.433,0.6044,990,1335,614,932,182.033
12,303.2117,4,1496.2093,681.3167,14772.0,1000.0,170.1952,0.7867,1.747,596.0,43.6705,0.4485,0.6193,1335,1681,614,932,182.033
12,303.6122,1,390.0243,669.8047,15951.0,2624.0,165.4066,0.9481,1.5505,585.0,21.9109,0.7081,0.8291,297,643,614,932,182.033
12,303.6122,2,796.713,657.9697,15994.0,1117.0,238.0725,0.2968,2.9906,593.0,23.5243,0.7446,0.8536,643,990,614,932,182.033
12,303.6122,3,1192.0062,688.6731,16627.0,98.0,206.3988,0.5613,2.2647,610.0,43.96,0.3742,0.5447,990,1335,614,932,182.033
12,303.6122,4,1482.455,691.3237,14589.0,904.0,182.5878,0.7839,2.0501,593.0,36.1056,0.5027,0.6691,1335,1681,614,932,182.033
12,304.0127,1,399.7329,673.9547,15745.0,2478.0,170.4392,0.8566,1.7554,592.0,26.3732,0.6453,0.7844,297,643,614,932,182.033
12,304.0127,2,792.3802,663.6979,16162.0,743.0,225.399,0.278,2.77,596.0,22.9651,0.7049,0.8269,643,990,614,932,182.033
12,304.0127,3,1200.338,698.9138,16164.0,162.0,177.3298,0.7234,1.7655,612.0,29.3843,0.5542,0.7132,990,1335,614,932,182.033
12,304.0127,4,1462.7389,687.0764,14072.0,895.0,181.1718,0.7096,2.1213,596.0,37.3825,0.5138,0.6788,1335,1681,614,932,182.033
12,304.4133,1,399.4576,675.4421,17679.0,3320.0,187.411,0.9956,1.7825,562.0,21.9795,0.7058,0.8275,297,643,614,932,182.033
12,304.4133,2,782.6982,663.2944,15196.0,232.0,221.1872,0.27,2.666,611.0,22.0089,0.6987,0.8226,643,990,614,932,182.033
12,304.4133,3,1219.7682,689.1266,14807.0,602.0,160.2062,0.7846,1.5448,601.0,41.7462,0.4058,0.5773,990,1335,614,932,182.033
12,304.4133,4,1455.3084,683.051,14384.0,1048.0,177.165,0.6917,2.0305,595.0,27.6404,0.6571,0.7931,1335,1681,614,932,182.033
12,304.8138,1,397.9038,684.4226,15943.0,1630.0,178.4117,0.8822,1.7565,593.0,22.2184,0.6754,0.8063,297,643,614,932,182.033
12,304.8138,2,783.9941,655.0038,13333.0,65.0,215.3264,0.0915,2.7241,613.0,29.3276,0.6476,0.7861,643,990,614,932,182.033
12,304.8138,3,1193.0001,653.3395,13515.0,945.0,195.873,0.403,2.3198,598.0,36.6226,0.4804,0.649,990,1335,614,932,182.033
12,304.8138,4,1438.3496,678.5491,12922.0,835.0,172.5753,0.7077,2.0636,598.0,32.911,0.5946,0.7458,1335,1681,614,932,182.033
12,305.2144,1,393.5744,672.2032,17966.0,3721.0,198.3343,0.9978,1.8344,554.0,22.7975,0.6589,0.7944,297,643,614,932,182.033
12,305.2144,2,782.0337,652.148,16131.0,2262.0,239.8846,0.4481,2.6707,561.0,37.3648,0.5603,0.7182,643,990,614,932,182.033
12,305.2144,3,1167.5124,666.807,16297.0,2120.0,217.4139,0.6822,2.4401,576.0,42.0719,0.3763,0.5468,990,1335,614,932,182.033
12,305.2144,4,1440.3672,687.9555,13339.0,677.0,180.0396,0.7167,2.2446,599.0,25.1561,0.7049,0.8269,1335,1681,614,932,182.033
12,305.6149,1,380.8623,683.1978,16726.0,2664.0,191.4025,0.9985,1.898,581.0,34.1773,0.552,0.7113,297,643,614,932,182.033
12,305.6149,2,768.2854,689.8512,17210.0,1190.0,212.7321,0.6218,2.3558,612.0,50.3707,0.3187,0.4833,643,990,614,932,182.033
12,305.6149,3,1137.8355,686.6238,16956.0,681.0,232.0337,0.5488,2.6695,597.0,49.1683,0.2951,0.4557,990,1335,614,932,182.033
12,305.6149,4,1433.7288,687.071,13240.0,854.0,178.4607,0.7291,2.2335,596.0,22.7721,0.6911,0.8173,1335,1681,614,932,182.033
12,306.0155,1,372.2727,680.7985,15288.0,2038.0,167.8897,0.9999,1.6437,591.0,26.1756,0.6841,0.8124,297,643,614,932,182.033
12,306.0155,2,766.1781,714.0874,17919.0,285.0,229.1498,0.6569,2.5344,611.0,37.5141,0.5065,0.6724,643,990,614,932,182.033
12,306.0155,3,1117.6555,684.7623,15908.0,1510.0,194.9564,0.6895,2.1858,584.0,31.2186,0.5205,0.6846,990,1335,614,932,182.033
12,306.0155,4,1429.1809,685.767,12618.0,781.0,165.1688,0.7436,2.011,597.0,17.7911,0.7912,0.8834,1335,1681,614,932,182.033
12,306.416,1,394.437,671.7261,16481.0,2218.0,153.2033,0.9981,1.2456,587.0,39.2731,0.5157,0.6805,297,643,614,932,182.033
12,306.416,2,772.0766,721.4019,16612.0,0.0,159.7124,0.9303,1.3227,634.0,37.2401,0.5024,0.6688,643,990,614,932,182.033
12,306.416,3,1095.5766,686.9045,14178.0,1353.0,181.1473,0.7156,2.3264,607.0,36.64,0.4185,0.59,990,1335,614,932,182.033
12,306.416,4,1422.1518,691.4556,12466.0,787.0,165.1894,0.8092,2.0636,596.0,29.6183,0.5883,0.7408,1335,1681,614,932,182.033
12,306.8166,1,419.2522,673.8481,15777.0,1976.0,172.4408,0.8513,1.6377,582.0,39.6644,0.4743,0.6434,297,643,614,932,182.033
12,306.8166,2,796.2603,699.6279,17615.0,106.0,218.0439,0.6292,2.3664,613.0,45.6465,0.3598,0.5292,643,990,614,932,182.033
12,306.8166,3,1085.6563,713.7839,14493.0,795.0,191.9263,0.8749,2.4458,608.0,38.6574,0.3725,0.5428,990,1335,614,932,182.033
12,306.8166,4,1418.1124,690.1379,12667.0,690.0,167.5769,0.7925,2.0318,599.0,19.1537,0.7345,0.8469,1335,1681,614,932,182.033
12,307.2171,1,434.3248,658.8049,14574.0,2353.0,181.3567,0.5662,2.0566,580.0,36.3125,0.5091,0.6747,297,643,614,932,182.033
12,307.2171,2,822.2106,674.6438,16642.0,1312.0,210.8671,0.6401,2.1682,574.0,37.966,0.4904,0.6581,643,990,614,932,182.033
12,307.2171,3,1087.0443,732.6584,13065.0,129.0,205.8543,0.8506,2.8391,609.0,28.6808,0.5876,0.7403,990,1335,614,932,182.033
12,307.2171,4,1413.1177,680.1123,11531.0,772.0,152.6311,0.8301,1.7907,595.0,25.6912,0.6573,0.7932,1335,1681,614,932,182.033
12,307.6176,1,408.5192,630.8031,11453.0,3989.0,153.6695,0.901,1.6589,562.0,38.0003,0.4552,0.6257,297,643,614,932,182.033
12,307.6176,2,850.8408,686.4391,14575.0,455.0,147.1905,0.9258,1.2516,599.0,42.9086,0.3999,0.5713,643,990,614,932,182.033
12,307.6176,3,1074.7211,717.1683,11111.0,641.0,189.1119,0.9264,3.1362,594.0,33.7307,0.408,0.5796,990,1335,614,932,182.033
12,307.6176,4,1415.1394,682.3958,11765.0,743.0,147.3745,0.879,1.6614,596.0,20.1673,0.7514,0.8581,1335,1681,614,932,182.033
12,308.0182,1,397.7856,653.9241,9461.0,1548.0,142.4192,0.9363,1.759,578.0,31.9736,0.474,0.6431,297,643,614,932,182.033
12,308.0182,2,851.2531,684.1998,18104.0,627.0,238.8349,0.4996,2.7887,598.0,45.366,0.3564,0.5255,643,990,614,932,182.033
12,308.0182,3,1072.9605,667.5165,9330.0,2177.0,182.7596,0.993,3.1716,558.0,32.6147,0.3524,0.5211,990,1335,614,932,182.033
12,308.0182,4,1413.9168,680.9404,11888.0,637.0,142.7341,0.8674,1.491,599.0,23.4618,0.6903,0.8168,1335,1681,614,932,182.033
12,308.4187,1,394.7036,633.9848,9410.0,2984.0,149.6226,0.7625,1.8768,570.0,38.7575,0.4365,0.6077,297,643,614,932,182.033
12,308.4187,2,812.424,664.1404,17769.0,1550.0,252.4091,0.4389,2.7558,580.0,34.8014,0.527,0.6902,643,990,614,932,182.033
12,308.4187,3,1061.8351,660.1076,6396.0,521.0,109.5333,0.9885,1.5578,604.0,23.5979,0.5086,0.6743,990,1335,614,932,182.033
12,308.4187,4,1413.21,677.6951,12630.0,444.0,139.5631,0.7447,1.3021,602.0,23.8666,0.6922,0.8181,1335,1681,614,932,182.033
12,308.8193,1,414.5774,635.5523,11089.0,3310.0,162.1704,0.684,1.8462,571.0,41.096,0.5686,0.725,297,643,614,932,182.033
12,308.8193,2,791.0405,674.511,18029.0,1080.0,245.4977,0.4255,2.8141,593.0,39.6318,0.4761,0.6451,643,990,614,932,182.033
12,308.8193,3,1086.195,651.8432,9234.0,1275.0,146.473,0.795,1.8209,594.0,38.5057,0.4561,0.6265,990,1335,614,932,182.033
12,308.8193,4,1426.4627,678.1707,13450.0,524.0,138.3313,0.7415,1.2069,599.0,30.568,0.5986,0.7489,1335,1681,614,932,182.033
12,309.2198,1,444.4549,645.0768,12418.0,2994.0,175.0372,0.6448,2.0244,576.0,59.3134,0.3735,0.5438,297,643,614,932,182.033
12,309.2198,2,772.9745,677.7901,15824.0,944.0,201.8407,0.496,2.3118,591.0,31.9749,0.5747,0.7299,643,990,614,932,182.033
12,309.2198,3,1113.1074,656.6707,10987.0,1256.0,158.4707,0.7255,1.7929,593.0,43.4195,0.4762,0.6452,990,1335,614,932,182.033
12,309.2198,4,1450.8784,684.0039,13709.0,598.0,133.3213,0.9974,1.138,598.0,34.477,0.5,0.6667,1335,1681,614,932,182.033
12,309.6204,1,473.8479,652.804,12851.0,2630.0,176.0144,0.6991,2.0254,576.0,55.2139,0.3949,0.5662,297,643,614,932,182.033
12,309.6204,2,759.1192,681.5315,14025.0,447.0,170.6952,0.52,1.9278,603.0,26.9837,0.5921,0.7438,643,990,614,932,182.033
12,309.6204,3,1136.0544,673.212,11984.0,474.0,187.9843,0.6421,2.4737,605.0,56.5331,0.3709,0.5411,990,1335,614,932,182.033
12,309.6204,4,1467.9689,691.8606,14680.0,282.0,140.1172,0.8984,1.1923,606.0,32.5092,0.5601,0.718,1335,1681,614,932,182.033
12,310.0209,1,500.4653,660.0587,13556.0,2645.0,173.6422,0.777,1.9566,573.0,53.1432,0.4162,0.5878,297,643,614,932,182.033
12,310.0209,2,760.0288,669.772,14701.0,1493.0,190.3678,0.6102,2.1459,586.0,24.0151,0.6406,0.781,643,990,614,932,182.033
12,310.0209,3,1181.4877,662.7605,15277.0,3375.0,209.3574,0.865,2.2785,564.0,55.5606,0.2964,0.4572,990,1335,614,932,182.033
12,310.0209,4,1490.2575,684.7869,15606.0,408.0,147.1767,0.5491,1.2268,604.0,37.1527,0.5002,0.6668,1335,1681,614,932,182.033
12,310.4214,1,515.2355,670.724,12989.0,1793.0,169.1516,0.7943,1.9499,579.0,43.3677,0.4592,0.6294,297,643,614,932,182.033
12,310.4214,2,770.3459,664.5625,13199.0,1361.0,230.4883,0.5447,3.2207,586.0,26.6159,0.6238,0.7683,643,990,614,932,182.033
12,310.4214,3,1202.9875,696.1748,14728.0,65.0,205.8782,0.6583,2.5376,613.0,62.6267,0.2322,0.3769,990,1335,614,932,182.033
12,310.4214,4,1507.4434,688.2612,17082.0,285.0,163.8325,0.5427,1.3875,606.0,29.1248,0.6111,0.7586,1335,1681,614,932,182.033
12,310.822,1,526.1837,667.1288,12364.0,2177.0,175.7109,0.7636,2.2202,577.0,28.5606,0.671,0.8031,297,643,614,932,182.033
12,310.822,2,782.3887,677.3297,14735.0,540.0,211.251,0.4311,2.6824,602.0,27.7982,0.6115,0.7589,643,990,614,932,182.033
12,310.822,3,1233.1641,699.8765,13211.0,307.0,189.7862,0.8244,2.3531,605.0,46.6457,0.4146,0.5862,990,1335,614,932,182.033
12,310.822,4,1533.3353,682.4138,18132.0,313.0,181.3629,0.4794,1.5674,606.0,30.1364,0.5769,0.7317,1335,1681,614,932,182.033
12,311.2225,1,539.9905,652.7016,11925.0,2774.0,166.5245,0.7084,2.0869,573.0,28.0236,0.6891,0.8159,297,643,614,932,182.033
12,311.2225,2,787.6007,661.3042,15025.0,868.0,223.0515,0.3136,2.7701,601.0,31.6832,0.591,0.7429,643,990,614,932,182.033
12,311.2225,3,1258.2866,677.8803,10900.0,855.0,133.2379,0.941,1.4818,591.0,45.2204,0.4504,0.621,990,1335,614,932,182.033
12,311.2225,4,1555.7626,682.5626,18126.0,562.0,193.707,0.4342,1.7607,602.0,29.4995,0.6139,0.7608,1335,1681,614,932,182.033
12,311.6231,1,555.3634,651.0174,10217.0,2269.0,132.5486,0.86,1.5413,577.0,39.1611,0.5279,0.691,297,643,614,932,182.033
12,311.6231,2,783.5629,644.6227,14009.0,1609.0,232.627,0.2269,3.1929,587.0,27.8456,0.6203,0.7657,643,990,614,932,182.033
12,311.6231,3,1270.6512,693.6277,12245.0,398.0,154.1543,0.9421,1.7946,614.0,45.8469,0.4703,0.6397,990,1335,614,932,182.033
12,311.6231,4,1569.852,686.3241,17273.0,513.0,181.9532,0.536,1.6502,603.0,29.2761,0.6137,0.7606,1335,1681,614,932,182.033
12,312.0236,1,568.886,658.7925,10865.0,1720.0,139.2321,0.9676,1.5085,582.0,35.0457,0.5568,0.7153,297,643,614,932,182.033
12,312.0236,2,760.2712,658.3936,13095.0,1395.0,191.528,0.4898,2.3025,576.0,45.7248,0.3975,0.5689,643,990,614,932,182.033
12,312.0236,3,1253.2316,701.3252,15337.0,51.0,153.6934,0.9937,1.3758,613.0,38.4887,0.4824,0.6509,990,1335,614,932,182.033
12,312.0236,4,1578.6032,694.9554,16959.0,392.0,175.6552,0.6915,1.615,604.0,30.1655,0.6504,0.7882,1335,1681,614,932,182.033
12,312.4242,1,566.9975,673.5114,12736.0,1547.0,152.1069,0.9815,1.5456,581.0,22.9187,0.7097,0.8302,297,643,614,932,182.033
12,312.4242,2,751.0543,679.4847,9935.0,490.0,131.9247,0.577,1.8155,609.0,35.8732,0.4053,0.5768,643,990,614,932,182.033
12,312.4242,3,1222.9083,670.923,13734.0,838.0,178.0022,0.5544,2.0058,597.0,47.9022,0.3259,0.4916,990,1335,614,932,182.033
12,312.4242,4,1584.5259,695.6931,15469.0,365.0,171.294,0.6767,1.7218,605.0,19.058,0.7488,0.8564,1335,1681,614,932,182.033
12,312.8247,1,559.9717,678.159,14078.0,1406.0,151.5379,0.9048,1.4236,584.0,23.1699,0.6832,0.8118,297,643,614,932,182.033
12,312.8247,2,723.8458,659.0515,8095.0,997.0,142.5904,0.8729,1.9444,588.0,23.488,0.6087,0.7567,643,990,614,932,182.033
12,312.8247,3,1169.662,659.2086,14108.0,1234.0,189.728,0.4887,2.1414,594.0,50.6359,0.332,0.4985,990,1335,614,932,182.033
12,312.8247,4,1585.9795,696.4953,15816.0,238.0,173.6272,0.7792,1.6735,607.0,17.2364,0.7901,0.8827,1335,1681,614,932,182.033
12,313.2253,1,555.8149,669.1867,15042.0,2332.0,157.9392,0.9623,1.4262,564.0,17.3374,0.7863,0.8804,297,643,614,932,182.033
12,313.2253,2,737.1066,685.426,10821.0,595.0,155.2772,0.8205,1.9301,599.0,23.8146,0.6268,0.7706,643,990,614,932,182.033
12,313.2253,3,1120.122,670.143,15437.0,950.0,198.519,0.4881,2.2754,600.0,51.119,0.245,0.3936,990,1335,614,932,182.033
12,313.2253,4,1590.0732,687.7831,14807.0,707.0,165.6206,0.7655,1.6907,599.0,19.5843,0.7722,0.8714,1335,1681,614,932,182.033
12,313.6258,1,548.626,677.314,14996.0,1681.0,165.3444,0.8103,1.6053,574.0,26.111,0.6106,0.7582,297,643,614,932,182.033
12,313.6258,2,747.4857,675.8083,12235.0,213.0,166.2143,0.6017,1.8898,609.0,31.494,0.5386,0.7001,643,990,614,932,182.033
12,313.6258,3,1097.4533,686.7073,14512.0,1080.0,167.3409,0.8856,1.7924,595.0,39.1519,0.3563,0.5254,990,1335,614,932,182.033
12,313.6258,4,1599.053,679.0101,13425.0,758.0,160.205,0.8151,1.6867,598.0,22.6796,0.7074,0.8286,1335,1681,614,932,182.033
12,314.0263,1,543.0563,672.3387,14069.0,1460.0,178.8651,0.7096,1.9613,583.0,25.0478,0.6346,0.7765,297,643,614,932,182.033
12,314.0263,2,757.8372,675.8379,16267.0,2843.0,187.3839,0.8768,1.8956,572.0,38.4141,0.4717,0.641,643,990,614,932,182.033
12,314.0263,3,1085.0654,703.1451,12419.0,496.0,163.8446,0.8009,2.2522,607.0,31.2267,0.4962,0.6633,990,1335,614,932,182.033
12,314.0263,4,1595.3584,696.6983,13338.0,356.0,156.5285,0.7931,1.7183,605.0,21.3209,0.6962,0.8209,1335,1681,614,932,182.033
12,314.4269,1,533.8428,668.9817,14598.0,2011.0,172.3832,0.7773,1.7653,570.0,23.4245,0.6648,0.7987,297,643,614,932,182.033
12,314.4269,2,760.4238,693.2188,15465.0,240.0,199.0614,0.5563,2.2178,610.0,37.3844,0.4846,0.6528,643,990,614,932,182.033
12,314.4269,3,1080.5798,700.1388,9088.0,808.0,139.7543,0.9946,2.2398,591.0,33.136,0.3057,0.4682,990,1335,614,932,182.033
12,314.4269,4,1602.938,675.8736,11381.0,631.0,155.0765,0.8339,1.794,601.0,17.4965,0.7858,0.8801,1335,1681,614,932,182.033
12,314.8274,1,534.3894,674.4524,15107.0,1730.0,170.3533,0.7946,1.6899,576.0,19.6072,0.7339,0.8465,297,643,614,932,182.033
12,314.8274,2,764.2926,690.3774,13574.0,0.0,190.3355,0.4262,2.2438,628.0,27.8155,0.5929,0.7444,643,990,614,932,182.033
12,314.8274,3,1079.9343,647.4058,7577.0,982.0,114.4914,0.8104,1.3352,593.0,30.9612,0.3409,0.5085,990,1335,614,932,182.033
12,314.8274,4,1601.5633,692.3629,12906.0,414.0,150.8725,0.9384,1.6066,603.0,18.7691,0.6965,0.8211,1335,1681,614,932,182.033
12,315.228,1,535.9521,681.4776,16761.0,1606.0,168.6809,0.858,1.4889,579.0,19.3213,0.7128,0.8323,297,643,614,932,182.033
12,315.228,2,762.3478,675.5722,10834.0,0.0,171.3787,0.1574,2.2505,633.0,30.3594,0.5591,0.7172,643,990,614,932,182.033
12,315.228,3,1113.8279,654.8504,10754.0,1332.0,160.7887,0.7035,1.9141,592.0,45.9654,0.3625,0.5321,990,1335,614,932,182.033
12,315.228,4,1603.097,680.2173,11489.0,446.0,155.1691,0.9253,1.739,602.0,17.5504,0.7552,0.8605,1335,1681,614,932,182.033
