video,paso,bloque,rotar,especimen,t0,t1,n,n_visto,escala_px,gx0,gx1,g_agua,g_fondo,nq,rng,path,spanx,spany,me,me_max,vert,elong,hrise,hmean,above,area,iou,dice,bx0,by0,bx1,by1,p_escalamiento,p_inmovilidad,p_nado,clase,confianza,usar
AcuYN2,12,1,0,1,0.0,5.0,13,13,185.2,194,577,426,848,2.0,2.0525063109837056,0.7583039579724664,0.25490595237520086,2.0366160934431483,49.1817195285064,91.34731232622799,0.3874865531012536,2.6336584369109017,0.06635071090047394,-0.1466824644549763,0.01323876042609967,0.16845761677786994,0.27631566898938137,0.3891331565695468,166,328,555,968,0.995,0.0,0.005,escalamiento,0.995,1
AcuYN2,12,2,0,1,5.0,10.0,12,12,185.2,194,577,426,848,2.0,0.6117325255078379,0.19156973502832586,0.5705214109518855,0.22073061049538928,43.154185948082095,61.65868926294897,0.5940157534121275,2.6201503032994857,0.11374407582938388,0.05548973143759874,0.03414122983614983,0.304937456518036,0.39265875427133184,0.5509884865706544,205,302,588,935,0.0,0.0,1.0,nado,1.0,1
AcuYN2,12,3,0,1,10.0,15.0,13,13,185.2,194,577,426,848,2.0,0.9164279559011467,0.26785635078458553,0.8616011982998735,0.3122235952732853,40.7762779843366,63.44404818315585,0.7648637438712436,2.6659620475565124,0.17772511848341233,0.04648195406489246,0.0390296608223013,0.3757743611928914,0.38582861581179445,0.5409694477458493,204,267,588,900,0.0,0.0,1.0,nado,1.0,1
AcuYN2,12,4,0,1,15.0,20.0,12,12,185.2,194,577,426,848,1.0,0.7128081833923656,0.20699501463160483,0.646699734997831,0.29979152600575537,50.19904955276027,67.44233281493001,0.9055479609653263,2.7743838506823146,0.20616113744075829,0.06674565560821485,0.04671113367970489,0.3947426252661114,0.32421281103063815,0.46999555951084365,205,278,589,911,1.0,0.0,0.0,escalamiento,1.0,1
AcuYN2,12,5,0,1,20.0,25.0,13,13,185.2,194,577,426,848,2.0,0.8528488389952814,0.29482343844603887,0.7759332833409048,0.35394728700669875,47.504722311659435,68.36083265003835,0.9205640709595959,3.0795325204534687,0.1895734597156398,0.05796573095151294,0.03695409245041279,0.3737840594135778,0.31051462233408456,0.45981928360011204,204,267,588,901,1.0,0.0,0.0,escalamiento,1.0,1
AcuYN2,12,6,0,1,25.0,30.0,12,12,185.2,194,577,426,848,1.0,0.6249631550171902,0.263273223125359,0.5927598655922498,0.19802698521186068,49.88138873594926,65.72329002128538,0.9150604861035494,2.80029142643604,0.12322274881516587,0.03653238546603475,0.028851709286241537,0.34818463487438644,0.3640548092137444,0.5198058904375465,203,250,588,884,1.0,0.0,0.0,escalamiento,1.0,1
AcuYN2,12,7,0,1,30.0,35.0,13,13,185.2,194,577,426,848,2.0,0.912589216547595,0.2752669960411934,0.8815773351872044,0.2358823440683527,49.03263443797877,67.35758927261524,0.8297122619502619,2.840386150702446,0.13507109004739337,0.04994531534815895,0.03323377638490885,0.42856111356983967,0.3320687332262148,0.4799323996602144,202,243,587,877,0.0,0.0,1.0,nado,1.0,1
AcuYN2,12,8,0,1,35.0,40.0,12,12,185.2,194,577,426,848,1.0,0.436084396532908,0.24101306476488624,0.26793717195587224,0.3440628907391204,48.16139078354383,60.48715527536312,0.8677182581733632,3.317125328482843,0.15165876777251186,0.0703001579778831,0.035884146304111346,0.3792435521842111,0.34627563067421435,0.5082945823907616,203,233,589,868,0.999,0.0,0.001,escalamiento,0.999,1
AcuYN2,12,9,0,1,40.0,45.0,13,13,185.2,194,577,426,848,1.0,0.5838395990454316,0.1364284543730232,0.5750251953382665,0.10106780961175947,40.15713397104521,54.34033046161759,0.9115834197758435,2.230055434994448,0.07582938388625593,0.03390448414145097,0.013817675712529112,0.4335357460892741,0.481886956909999,0.6417409492806964,207,219,592,852,0.0,0.0,1.0,nado,1.0,1
AcuYN2,12,10,0,1,45.0,50.0,12,12,185.2,194,577,426,848,1.0,0.33571454897727976,0.193380169017067,0.3025087965767895,0.14557708057479718,40.81614284556142,66.35579635635003,0.9130213661164,3.2542171184871584,0.14691943127962084,0.10169826224328593,0.058940719105526874,0.42761252272744416,0.4363770302542851,0.5981903256856297,203,336,585,968,0.996,0.0,0.004,escalamiento,0.996,1
AcuYN2,12,11,0,1,50.0,55.0,13,13,185.2,194,577,426,848,2.0,0.6725750146439673,0.36869883560887673,0.633156170007239,0.2268709208010076,50.435926807519195,67.0885996550102,0.943141658529018,3.198733962596894,0.19194312796208532,0.10991615020051039,0.06347424659889957,0.42589541062302505,0.31891815167628557,0.47006459792684024,198,335,584,972,1.0,0.0,0.0,escalamiento,1.0,1
AcuYN2,12,12,0,1,55.0,60.0,12,12,185.2,194,577,426,848,1.0,0.6656854850710948,0.28451665337272747,0.6475785919613087,0.1542048386651585,48.56654894165641,68.03549851520634,0.8793992034189061,2.742218025827347,0.0971563981042654,0.03751974723538705,0.025027988778426394,0.32535169989033835,0.3950531542424253,0.5542260813390271,205,316,589,950,1.0,0.0,0.0,escalamiento,1.0,1
AcuYN2,12,13,0,1,60.0,65.0,13,13,185.2,194,577,426,848,2.0,0.6716787236867168,0.24358099368098296,0.6397479157304115,0.2046336046987668,42.946793991940474,57.859040232670864,0.84943884657516,2.2289836905573552,0.12559241706161137,0.038096974115931465,0.024846236304779938,0.45101090985172565,0.43751152775039126,0.602455597367411,210,320,592,952,0.0,0.0,1.0,nado,1.0,1
AcuYN2,12,14,0,1,65.0,70.0,12,12,185.2,194,577,426,848,1.0,0.7849938348449857,0.28675475699148056,0.7702342644029597,0.15150742121846128,47.47058274593869,55.95890814604484,0.8692130992129669,2.5331676320094907,0.14928909952606634,0.04739336492890995,0.029303846612658332,0.4274666719769871,0.3629665196814791,0.5272887738655084,206,287,591,921,0.0,0.0,1.0,nado,1.0,1
AcuYN2,12,15,0,1,70.0,75.0,13,13,185.2,194,577,426,848,1.0,0.5144721570700118,0.22476855009573424,0.44580636282634445,0.25678451523372015,40.61584043106748,56.26232158786797,0.9552001933031279,2.6210911294222594,0.14691943127962084,0.08621946773605542,0.04160560946114239,0.46765135855002316,0.44740386827894774,0.6064842778414479,213,315,596,947,0.0,0.0,1.0,nado,1.0,1
AcuYN2,12,16,0,1,75.0,80.0,12,12,185.2,194,577,426,848,1.0,0.6074036387974561,0.29614610876389613,0.5754855019761295,0.1943080477995516,47.81085909297011,60.37011754708965,0.8731971241514803,2.623610945986728,0.17535545023696683,0.05351500789889415,0.029816755085098887,0.4679183776162445,0.3387546003327648,0.498071451464057,212,321,596,955,0.001,0.0,0.999,nado,0.999,1
AcuYN2,12,17,0,1,80.0,85.0,13,13,185.2,194,577,426,848,2.0,0.8108198900196781,0.2525032820667951,0.7994480463183592,0.13532078661196714,42.01169069642752,55.33791776526758,0.8424913982822596,2.793423392163988,0.07819905213270142,0.04320087495442945,0.032787248702740406,0.37798680488443964,0.4161015730941653,0.5813919478383851,214,284,598,917,0.0,0.0,1.0,nado,1.0,1
AcuYN2,12,18,0,1,85.0,90.0,12,12,185.2,194,577,426,848,1.0,0.34049452686551906,0.1526924138401997,0.33658085330958454,0.051476713286355585,45.71508192016493,60.31777228512199,0.9003747975283413,2.891676491463963,0.08767772511848342,0.0533175355450237,0.03059948744588495,0.34363652230596803,0.41781002990826854,0.5868934239812424,186,281,571,915,1.0,0.0,0.0,escalamiento,1.0,1
AcuYN2,12,19,0,1,90.0,95.0,13,13,185.2,194,577,426,848,1.0,0.26232700061198205,0.06182814202290208,0.26075456465312946,0.028679474587861072,37.051712157202786,47.25193309943114,0.817423776831563,2.590733652487723,0.045023696682464455,0.002369668246445498,0.01156484258239283,0.34604100281895134,0.5022074778957036,0.6649195476510867,187,265,572,898,0.0,0.0,1.0,nado,1.0,1
AcuYN2,12,20,0,1,95.0,100.0,12,12,185.2,194,577,426,848,2.0,0.9049653150036582,0.23855747345160944,0.8975063246684967,0.11595093160349075,40.91490759004421,56.24249287645211,0.8072720557978545,2.5783643161840777,0.06872037914691943,0.021721958925750393,0.019823547832951365,0.3987316432911112,0.4589984784477768,0.6237695229855034,188,258,573,892,0.0,0.0,1.0,nado,1.0,1
AcuYN2,12,21,0,1,100.0,105.0,13,13,185.2,194,577,426,848,2.0,0.870905751835494,0.22606851753414048,0.8623348056247877,0.12188318829193209,41.94989277890313,60.457615323435846,0.8918764797777017,2.56908461018376,0.0995260663507109,0.06580386438206344,0.038753666325282606,0.3362981726884217,0.4549799410285625,0.618743675679437,189,251,574,885,0.0,0.0,1.0,nado,1.0,1
AcuYN2,12,22,0,1,105.0,110.0,12,12,185.2,194,577,426,848,1.0,0.38013540003601376,0.1914066618524675,0.35058771077061435,0.14693937327061207,46.47910549777023,54.535332708528585,0.8760328044851895,2.961490556947434,0.12796208530805686,0.075434439178515,0.04227970171165212,0.3680640921616797,0.39935706849551433,0.5676004420812663,191,246,576,880,1.0,0.0,0.0,escalamiento,1.0,1
AcuYN2,12,23,0,1,110.0,115.0,13,13,185.2,194,577,426,848,1.0,0.7132814458858897,0.1656986055185319,0.6697314796699475,0.2454183493224747,40.40163962654307,52.916828389243136,0.8638066172929434,2.9497186803249074,0.08293838862559241,0.03317535545023697,0.027949491502965676,0.3784467957128041,0.47316393114447214,0.6372754484206552,191,236,576,869,0.0,0.0,1.0,nado,1.0,1
AcuYN2,12,24,0,1,115.0,120.0,12,12,185.2,194,577,426,848,2.0,1.158043718461772,0.28927895051528607,1.1416116524052677,0.1943915866525136,41.447103951565204,52.62834470094439,0.8813035161515897,2.701211508892307,0.10900473933649289,0.06951026856240126,0.04071666783592095,0.3643546214083892,0.4320433070790242,0.5986013551680034,188,250,573,883,0.0,0.0,1.0,nado,1.0,1
AcuYN2,12,25,0,1,120.0,125.0,13,13,185.2,194,577,426,848,2.0,0.8861055617768667,0.3160624643888715,0.8331150314751173,0.30183175933309386,45.54370730291922,54.141984628053805,0.8919009262518481,2.8775957638395364,0.0995260663507109,0.06471017134524243,0.03533178333379075,0.3709904565779008,0.40396615846606426,0.5724553825752694,219,276,604,909,1.0,0.0,0.0,escalamiento,1.0,1
AcuYN2,12,26,0,1,125.0,130.0,12,12,185.2,194,577,426,848,1.0,0.3663621898018086,0.20930825739953948,0.31941503270181715,0.17943046285531772,43.842079763860546,54.42738359201774,0.8445082439464119,2.4878003980846617,0.08293838862559241,0.058254344391785146,0.036995042853425725,0.40190146626771067,0.43643330634132743,0.5993815581116614,217,273,601,906,0.998,0.0,0.002,escalamiento,0.998,1
AcuYN2,12,27,0,1,130.0,135.0,13,13,185.2,194,577,426,848,1.0,0.40907477325541075,0.0945842610016375,0.2971093650945136,0.28119067425343386,36.274060013362494,52.697138573849564,0.8458884785371693,2.6004456704974923,0.1018957345971564,0.052497265767407944,0.031007869547164633,0.3999855857687584,0.5460760965518902,0.7031341594395563,214,274,599,908,0.0,0.0,1.0,nado,1.0,1
AcuYN2,12,28,0,1,135.0,140.0,12,12,185.2,194,577,426,848,2.0,0.6960350363403165,0.2118623025555578,0.6587927178456834,0.2246261933229593,37.14285076576729,52.67258997429306,0.9040347989721303,2.5368487175943204,0.06872037914691943,0.051145339652448656,0.02863293316055599,0.3944533546110383,0.504764918709775,0.667390764122158,215,279,600,913,0.0,0.0,1.0,nado,1.0,1
AcuYN2,12,29,0,1,140.0,145.0,13,13,185.2,194,577,426,848,2.0,0.8102445766518523,0.2544411882294925,0.7834043220659619,0.20681862141042825,41.083736912735574,57.44389079641571,0.7939708525989465,2.440268385432936,0.054502369668246446,0.025884068538096976,0.014508783883925501,0.3925180273453585,0.46183257681506673,0.62667492983427,217,268,601,901,0.0,0.0,1.0,nado,1.0,1
AcuYN2,12,30,0,1,145.0,150.0,12,12,185.2,194,577,426,848,1.0,0.38322131544451893,0.13643888388939623,0.3549612742833273,0.1444336192518347,32.19506527493123,48.49948034261549,0.9254677420586281,2.5745739791927025,0.12559241706161137,0.05726698262243286,0.03002823867326158,0.38446743989641363,0.5439790958789364,0.699064790415633,217,265,602,898,0.0,0.99,0.01,inmovilidad,0.99,1
AcuYN2,12,31,0,1,150.0,155.0,12,12,185.2,194,577,426,848,1.0,0.33367818161365914,0.1260825901974399,0.283458379192805,0.17604680102287024,37.92787489124578,54.38782586361885,0.7434427245764192,2.401987699908887,0.06872037914691943,0.027843601895734597,0.014028411348125361,0.4175755602501595,0.5249800177639864,0.6812233188518529,216,279,601,913,0.0,0.0,1.0,nado,1.0,1
AcuYN2,12,32,0,1,155.0,160.0,13,13,185.2,194,577,426,848,1.0,0.3117369550004188,0.14109799417640384,0.2652482805568054,0.16377813887876314,33.65343809322224,41.12137802964813,0.799531966130432,1.9987592255176427,0.05687203791469194,0.017134524243528983,0.007038981602826215,0.46006487566855825,0.5580044406256935,0.7141339906530918,216,282,602,916,0.0,0.0,1.0,nado,1.0,1
AcuYN2,12,33,0,1,160.0,165.0,12,12,185.2,194,577,426,848,1.0,0.4746915059557204,0.17427327439991408,0.3682653482847452,0.29952071560949683,34.18645295017049,43.14970025528497,0.7905957718743667,2.4381413827149543,0.0924170616113744,0.03850710900473934,0.027444249544331195,0.4316768969735134,0.4833345997368181,0.6465739193698999,215,297,599,930,0.0,0.0,1.0,nado,1.0,1
AcuYN2,12,34,0,1,165.0,170.0,13,13,185.2,194,577,426,848,2.0,0.8585129187061105,0.2283649215420686,0.85431812445764,0.08476422481486422,42.931649667795156,61.7094143586336,0.8823384746188261,2.472758577805342,0.07582938388625593,0.03572730586948596,0.022034682607508262,0.37881254451779633,0.4427499547695116,0.6088162310208927,205,269,588,902,1.0,0.0,0.0,escalamiento,1.0,1
AcuYN2,12,35,0,1,170.0,175.0,12,12,185.2,194,577,426,848,2.0,0.609171103517526,0.16745989494413777,0.5796671557353685,0.18728433442877285,30.206658565795873,52.14737743065771,0.7126415968761081,2.4089615101433792,0.061611374407582936,0.028041074249605058,0.014922962617595145,0.4390107588756611,0.5818011415316042,0.7209117441955296,193,293,577,926,0.0,0.0,1.0,nado,1.0,1
AcuYN2,12,36,0,1,175.0,180.0,13,13,185.2,194,577,426,848,2.0,0.8417072625872386,0.17779692435594832,0.8396580156118162,0.05869866021409378,31.68287090563179,44.358547850521624,0.6811413699782544,2.0883541489389605,0.02132701421800948,-0.002369668246445498,0.004703125737814391,0.41520791640107374,0.5336029217345037,0.6916488452093608,194,269,578,903,0.0,0.0,1.0,nado,1.0,1
AcuYN2,12,37,0,1,180.0,185.0,12,12,185.2,194,577,426,848,1.0,0.2298733146936922,0.08262991944239269,0.1855139601012075,0.13574355018133588,29.980082925858397,39.8245387819877,0.8842251310174597,2.355945653201629,0.052132701421800945,0.01481042654028436,0.010999577430301031,0.30560836997013835,0.5300996857866539,0.6891539006067685,193,228,577,861,0.0,1.0,0.0,inmovilidad,1.0,1
AcuYN2,12,38,0,1,185.0,190.0,13,13,185.2,194,577,426,848,2.0,0.7168275022930338,0.2993327222137044,0.6943259262898194,0.17819420901211616,41.60955168599472,70.37781392511691,0.7222717477458424,2.2416877150321257,0.07345971563981042,0.027342325920524973,0.019734728465685865,0.4492607008462413,0.45406639552355565,0.6154259566075141,193,221,576,854,0.0,0.0,1.0,nado,1.0,1
AcuYN2,12,39,0,1,190.0,195.0,12,12,185.2,194,577,426,848,2.0,0.7525977147457166,0.23510904282571068,0.7284224761498321,0.1892194928653549,36.43766954081001,58.12510093436382,0.6768260010971517,2.380394690907876,0.10426540284360189,0.027251184834123223,0.016743666152467074,0.42143574344558893,0.47721179646364176,0.6337043587472564,192,222,576,855,0.0,0.0,1.0,nado,1.0,1
AcuYN2,12,40,0,1,195.0,200.0,13,13,185.2,194,577,426,848,2.0,0.7540926186947727,0.17346488630553372,0.7424904524193164,0.13177103489044467,32.47654933128108,44.0479294263078,0.7579944427033554,2.0926522859896317,0.045023696682464455,0.005650747356908494,0.008187836744887744,0.36710633890034516,0.4972783872966031,0.6552159771564013,191,227,575,860,0.0,0.0,1.0,nado,1.0,1
AcuYN2,12,41,0,1,200.0,205.0,12,12,185.2,194,577,426,848,1.0,0.19956084168236896,0.07343380428196002,0.11719636709179196,0.16152257140555143,29.658978963468936,44.00181945863125,0.8836765599707698,2.4700006318885293,0.05687203791469194,0.01915481832543444,0.01277652574003585,0.33147013887201077,0.5482889825830642,0.6982237398947423,191,234,575,868,0.0,1.0,0.0,inmovilidad,1.0,1
AcuYN2,12,42,0,1,205.0,210.0,13,13,185.2,194,577,426,848,1.0,0.6509069854814458,0.22107380323123452,0.6101604975960881,0.22668054817702626,42.96795472200435,61.85663522848034,0.7599462167095474,2.297918753534041,0.10900473933649289,0.02041560335399198,0.012556627685500636,0.39724359166016626,0.4072505391205245,0.5699576579510135,191,235,575,868,0.0,0.0,1.0,nado,1.0,1
AcuYN2,12,43,0,1,210.0,215.0,12,12,185.2,194,577,426,848,2.0,0.4748864529230324,0.16090658714554695,0.4662935060782894,0.08993058077781861,33.91912799130675,38.3845798832632,0.8087391574058903,1.9226703261743765,0.061611374407582936,0.015205371248025278,0.0073387235938295724,0.5072130006352094,0.5268491284976061,0.6883550991036046,191,227,574,861,0.0,0.0,1.0,nado,1.0,1
AcuYN2,12,44,0,1,215.0,220.0,13,13,185.2,194,577,426,848,2.0,0.7467079601866504,0.19637758557244836,0.7464584496329859,0.0193018335301983,31.157252543614952,47.025638943036604,0.6807248046010782,2.276403809518628,0.035545023696682464,0.015676266861100983,0.008717387161931732,0.4409247694931972,0.5307269114467288,0.6830917931614787,190,202,575,836,0.0,0.0,1.0,nado,1.0,1
AcuYN2,12,45,0,1,220.0,225.0,12,12,185.2,194,577,426,848,1.0,0.3139423472069622,0.10297687896528408,0.21464784149806912,0.2290984537486811,28.552481607133696,42.2307757202514,0.8436515943833478,2.1863879551357464,0.06398104265402843,0.032582938388625596,0.017650371651141614,0.40078084633503247,0.5811631809000979,0.7332598068693271,191,204,575,838,0.0,1.0,0.0,inmovilidad,1.0,1
AcuYN2,12,46,0,1,225.0,230.0,13,13,185.2,194,577,426,848,1.0,0.2491996101600926,0.0852181347012129,0.23247099433665877,0.08976459489167922,27.422217189164204,44.42793203481144,0.7846186708423792,2.1623329031203733,0.05687203791469194,0.03609187021509296,0.018392901561481184,0.40457427476390656,0.6249966010092203,0.7658426472636529,190,195,574,829,0.0,1.0,0.0,inmovilidad,1.0,1
AcuYN2,12,47,0,1,230.0,235.0,12,12,185.2,194,577,426,848,2.0,0.37456351800622745,0.15704825824495908,0.3514444237402992,0.12955557125438683,29.214025514348204,42.85098053698711,0.7307616220448342,2.0283857545109805,0.05687203791469194,0.023301737756714062,0.010950960513482022,0.41430364174824014,0.595782885865735,0.7420332735750247,192,201,575,834,0.0,0.995,0.005,inmovilidad,0.995,1
AcuYN2,12,48,0,1,235.0,240.0,13,13,185.2,194,577,426,848,2.0,0.6572386716712598,0.16958179955056196,0.645322892513449,0.12458344969648903,30.423780090539683,41.751252037338865,0.7773948651963525,2.1286174539715215,0.05924170616113744,0.032081662413415965,0.01794188616391406,0.420525859148507,0.5548428894429315,0.7080681840828392,191,195,575,828,0.0,0.0,1.0,nado,1.0,1
AcuYN2,12,49,0,1,240.0,245.0,12,12,185.2,194,577,426,848,2.0,0.6230775955123626,0.14735832327772755,0.6212443157191893,0.04776180708540717,30.225321545337184,36.4024354024354,0.9866338711513675,2.008430900746089,0.07819905213270142,0.041666666666666664,0.01913318761412142,0.3868764081247956,0.5760005032577363,0.7300273795199556,189,189,573,823,0.0,0.995,0.005,inmovilidad,0.995,1
AcuYN2,12,50,0,1,245.0,250.0,13,13,185.2,194,577,426,848,2.0,0.8500778077311556,0.25750706259396494,0.8367359825759229,0.15001724787407758,35.70780575491779,51.47603631501161,0.8096574185298426,2.2329286249881655,0.07109004739336493,0.02351440029165148,0.014605269764997077,0.4147815834381993,0.5025756728380387,0.6565375978263456,189,188,573,821,0.0,0.0,1.0,nado,1.0,1
AcuYN2,12,51,0,1,250.0,255.0,12,12,185.2,194,577,426,848,1.0,0.12191056416196246,0.05272631350999685,0.045500562965145576,0.11310121318599013,29.6568020237213,39.24744363488539,0.7944631674795727,1.631002925832444,0.08056872037914692,0.02567140600315956,0.01441977752851839,0.47637772114275223,0.5954273629306915,0.7415712155745382,184,176,569,811,0.0,1.0,0.0,inmovilidad,1.0,1
AcuYN2,12,52,0,1,255.0,260.0,13,13,185.2,194,577,426,848,2.0,0.38805448282765503,0.10553807045595076,0.3740608277546022,0.10327041581295511,33.14775667814202,41.18294673539519,0.9468655892439519,2.057271801769156,0.06398104265402843,0.03299307327743347,0.016523768097931858,0.39491895508365116,0.5725632174548783,0.7259947772888267,184,182,568,815,0.0,0.001,0.999,nado,0.999,1
AcuYN2,12,53,0,1,260.0,265.0,12,12,185.2,194,577,426,848,2.0,0.3313977993528994,0.08724471467972383,0.2269648228143694,0.2414776814133896,24.732330737921213,41.08621539472603,0.8167487698090513,2.141938299504587,0.04739336492890995,0.019352290679304895,0.007744674849268307,0.3980874691432594,0.6625377325145557,0.7915612887162388,188,190,570,822,0.0,1.0,0.0,inmovilidad,1.0,1
AcuYN2,12,54,0,1,265.0,270.0,13,13,185.2,194,577,426,848,2.0,0.4035710955750387,0.14347339752394273,0.3765316081111204,0.14523628085602663,40.28291383715743,105.7919172480154,0.7369205510797159,1.5541472062129755,0.04976303317535545,0.018957345971563982,0.010945537857375285,0.4879986601676286,0.5252344667160689,0.6811130096676761,187,182,570,815,0.0,0.0,1.0,nado,1.0,1
AcuYN2,12,55,0,1,270.0,275.0,12,12,185.2,194,577,426,848,1.0,0.23756601257745733,0.13362277829165203,0.1664908776697463,0.16946503469657154,29.2714699285094,37.11695889623455,0.8933686349637281,1.8209018995103659,0.11374407582938388,0.039691943127962086,0.029483729204888665,0.4265113495614936,0.5346746506719101,0.6941680929886341,204,142,592,778,0.0,1.0,0.0,inmovilidad,1.0,1
AcuYN2,12,56,0,1,275.0,280.0,13,13,185.2,194,577,426,848,2.0,0.3988201152938686,0.17504873159323367,0.3797511635703351,0.12184637101691327,27.346800428082176,38.41232893302652,0.623623938343668,1.9248865458174076,0.037914691943127965,0.014035727305869487,0.013157981548923468,0.5030055804608072,0.5766931939325284,0.7241189876945409,202,129,591,766,0.0,0.001,0.999,nado,0.999,1
AcuYN2,12,57,0,1,280.0,285.0,12,12,185.2,194,577,426,848,1.0,0.3491249745108113,0.09254173692663105,0.3291883797577567,0.11628954578825022,27.433982460373684,35.65450254796676,0.8558317415529021,1.9749249500734927,0.1066350710900474,0.0231042654028436,0.01960963339894772,0.4691532473034474,0.5681055031441122,0.7216027873757008,203,158,590,793,0.0,1.0,0.0,inmovilidad,1.0,1
AcuYN2,12,58,0,1,285.0,290.0,13,13,185.2,194,577,426,848,2.0,0.4644077208715126,0.18169224057443725,0.44515688883030535,0.1323248862912641,39.078602274601764,58.34816134591232,0.8465732661140558,2.4427492398682937,0.13981042654028436,0.06525701786365294,0.037337792116999745,0.44821506315834936,0.4136030285391224,0.576035913276314,198,279,585,914,0.0,0.0,1.0,nado,1.0,1
AcuYN2,12,59,0,1,290.0,295.0,12,12,185.2,194,577,426,848,2.0,1.2060016169400793,0.3520340873723029,1.1824491656407206,0.2371789846037149,38.095314412456595,51.75717230716372,0.8060464495553323,2.2395902624348887,0.08530805687203792,0.010268562401263823,0.015180632276735898,0.3963956004379578,0.4378894658497978,0.6032218908883854,197,333,585,968,0.0,0.0,1.0,nado,1.0,1
AcuYN2,12,60,0,1,295.0,300.0,12,12,185.2,194,577,426,848,2.0,1.0171132231624427,0.44427128256340576,0.9758784924550757,0.2866713740426513,44.898525634318155,59.24481591736,0.7579011167718367,2.5150326972104193,0.13507109004739337,0.04917061611374408,0.028161349067411592,0.4577647345385942,0.3212645841746373,0.46896011435051754,194,316,583,954,0.0,0.0,1.0,nado,1.0,1
AcuYN2,12,61,0,1,300.0,305.0,13,13,185.2,194,577,426,848,2.0,0.9705508822169923,0.27629228856984345,0.9628249792066319,0.1222173244181471,35.28249920401064,54.46759672083993,0.8438051804513099,2.703589840645283,0.13981042654028436,0.07856361647830842,0.043678933975331555,0.43006449822839676,0.4930018459299206,0.6419384852820056,195,309,582,945,0.0,0.0,1.0,nado,1.0,1
AcuYN2,12,62,0,1,305.0,310.0,12,12,185.2,194,577,426,848,2.0,0.8802390478355031,0.26871917589583766,0.7795905524936977,0.40872894661000503,36.993232567778136,56.12992853622474,0.8866373822485896,2.4163148338751217,0.07109004739336493,0.02764612954186414,0.024784904194331343,0.3756240227270357,0.4789438617593363,0.6377424834789432,195,311,582,947,0.0,0.0,1.0,nado,1.0,1
AcuYN2,12,63,0,1,310.0,315.0,13,13,185.2,194,577,426,848,2.0,0.8119806307039328,0.24587052007367766,0.7979500589046558,0.15029387257108234,37.89512143295873,48.82778168576985,0.7610798223343438,2.1085081996817427,0.06635071090047394,0.02132701421800948,0.011793716067725401,0.42138750050505314,0.45723462407730486,0.6232520772212347,192,315,581,952,0.0,0.0,1.0,nado,1.0,1
AcuYN2,12,64,0,1,315.0,320.0,12,12,185.2,194,577,426,848,2.0,0.7497142018662842,0.21080214213573878,0.7319259562593848,0.16234463044333974,32.24919532938527,49.72702093397746,0.6673535713687571,2.1906355731321994,0.04028436018957346,0.018364928909952605,0.009679628138664907,0.43780505933854963,0.5103101133447795,0.6650132105289821,196,319,582,953,0.0,0.0,1.0,nado,1.0,1
AcuYN2,12,65,0,1,320.0,325.0,13,13,185.2,194,577,426,848,2.0,0.8137697135456975,0.2308148418931334,0.7401933384059413,0.3381345419558823,35.62769683245736,53.515070831199864,0.7238340330849068,2.4520890599843828,0.0924170616113744,0.037367845424717466,0.02279086265218548,0.35284662322104626,0.4625253743093477,0.6283873142219902,190,309,578,947,0.0,0.0,1.0,nado,1.0,1
AcuYN2,12,66,0,1,325.0,330.0,12,12,185.2,194,577,426,848,1.0,0.20402073155035963,0.09250886150001085,0.16553795920283748,0.11925453016679753,24.789936789714215,31.22268127203123,0.7139932084783461,1.785055137665455,0.05924170616113744,0.030015797788309637,0.01538482332737574,0.37982209349435725,0.6484714868924769,0.7835259866483604,189,310,575,945,0.0,1.0,0.0,inmovilidad,1.0,1
AcuYN2,12,67,0,1,330.0,335.0,13,13,185.2,194,577,426,848,1.0,0.3487022115382893,0.11312620705176228,0.30466667398012204,0.16962149067138838,31.597066632531348,41.15287544928895,0.8448669585457951,1.9066522730083268,0.054502369668246446,0.031899380240612465,0.015792270487947367,0.38667502189627995,0.5615866677520852,0.7135467522962553,187,301,573,936,0.0,0.997,0.003,inmovilidad,0.997,1
AcuYN2,12,68,0,1,335.0,340.0,12,12,185.2,194,577,426,848,1.0,0.4908892910654698,0.12029258318302616,0.44639793175072434,0.20420867418264887,25.187566482067407,39.588023278883675,0.6559415311755521,2.188636242771974,0.023696682464454975,-0.004541864139020537,0.001672421938573947,0.3902674380729216,0.6157863524388727,0.7520017029089329,190,297,574,931,0.0,0.999,0.001,inmovilidad,0.999,1
AcuYN2,12,69,0,1,340.0,345.0,13,13,185.2,194,577,426,848,2.0,0.772129961993107,0.21946239744880008,0.739996933736713,0.2204296174921595,27.87300326258032,56.797672972732926,0.6958191990434064,2.061995911498148,0.054502369668246446,0.027160043747721473,0.01570476003767315,0.3910797145600823,0.5912178053666151,0.7265400996999701,188,308,574,943,0.0,0.0,1.0,nado,1.0,1
AcuYN2,12,70,0,1,345.0,350.0,12,12,185.2,194,577,426,848,1.0,0.5148544471354193,0.12018626619716684,0.5108283058663052,0.06426152551004934,24.380717330424492,31.037666203611828,0.6955948706900977,1.8135603667929445,0.023696682464454975,0.009478672985781991,0.003911230958089362,0.4102562834230576,0.6578649894290601,0.7916677195353423,189,297,575,932,0.0,1.0,0.0,inmovilidad,1.0,1
AcuYN2,12,71,0,1,350.0,355.0,13,13,185.2,194,577,426,848,1.0,0.6899215510698671,0.18942082547836908,0.6830257929491671,0.09730114488952778,25.078602515754344,37.773462201782124,0.6528326180340556,1.808472708664554,0.030805687203791468,0.01166605905942399,0.005901345749261378,0.4116379388014255,0.6257715304498509,0.7654255677082635,187,291,574,927,0.0,1.0,0.0,inmovilidad,1.0,1
AcuYN2,12,72,0,1,355.0,360.0,12,12,185.2,194,577,426,848,2.0,0.4998712752662332,0.12020129817836685,0.49857705891480564,0.03594729697978258,23.4762956387915,31.839235359695717,0.6087103677251938,1.9761084884190498,0.02843601895734597,0.011453396524486572,0.0047085483939211265,0.4385683449326081,0.6469351582891216,0.7827913928409495,189,285,575,920,0.0,1.0,0.0,inmovilidad,1.0,1
AcuYN2,12,1,0,2,0.0,5.0,13,13,185.2,577,920,426,848,3.0,1.7441332495939041,0.5658694074141786,0.5989679163804803,1.6380592869263977,49.59050347046667,64.0225407325738,0.2508690396164725,3.2272037725835174,0.14454976303317535,-0.13999270871308786,0.026293524520853546,0.25132552547215586,0.24864983943791255,0.35139520791190404,552,326,901,966,0.0,0.0,1.0,nado,1.0,1
AcuYN2,12,2,0,2,5.0,10.0,12,12,185.2,577,920,426,848,2.0,0.5629257586389835,0.1711271179078438,0.5391361137045488,0.16191868526773232,47.91135916288132,64.78276371131723,0.5919002284588162,2.4531188138447027,0.1018957345971564,0.038112164296998416,0.02270410015447771,0.37715059391515265,0.39369636675571407,0.5579735638790441,588,302,931,935,0.0,0.0,1.0,nado,1.0,1
AcuYN2,12,3,0,2,10.0,15.0,13,13,185.2,577,920,426,848,2.0,0.830982834104904,0.20156521975948946,0.7973170729912242,0.23413234653444465,42.87870577983473,54.576707145908344,0.5026476790324019,2.700419612125623,0.14218009478672985,0.04702880058330296,0.03605879322837656,0.3427627267202172,0.4602981093991546,0.6231042069707933,586,268,930,901,0.0,0.0,1.0,nado,1.0,1
AcuYN2,12,4,0,2,15.0,20.0,12,12,185.2,577,920,426,848,1.0,0.607613162732132,0.19138061704139134,0.4634653187892819,0.3929295786841371,36.99614488954027,45.871953394364525,0.5808226942171285,2.6810839900310803,0.10426540284360189,0.02567140600315956,0.020659758802238335,0.3461524477513518,0.5017486547097625,0.6660754231011958,587,279,931,912,0.0,0.0,1.0,nado,1.0,1
AcuYN2,12,5,0,2,20.0,25.0,13,13,185.2,577,920,426,848,1.0,0.361456966080699,0.1005566449187893,0.2843608343463569,0.22313685087431745,36.31686970433902,51.55289547384588,0.6468034894167475,2.4162816862575003,0.08056872037914692,0.038096974115931465,0.016368941916677475,0.31415354105364585,0.5186724128869886,0.6775626584018881,587,268,931,901,0.0,0.0,1.0,nado,1.0,1
AcuYN2,12,6,0,2,25.0,30.0,12,12,185.2,577,920,426,848,2.0,0.7733416440417932,0.21723957858119122,0.7643403512526492,0.11764831429408759,46.14344760098249,56.69143149929056,0.6753904832729375,2.3160127146953005,0.0924170616113744,0.03475513428120063,0.02009823341297877,0.3626821994698153,0.4077325534841547,0.5738629620210081,586,252,931,886,0.0,0.0,1.0,nado,1.0,1
AcuYN2,12,7,0,2,30.0,35.0,13,13,185.2,577,920,426,848,2.0,0.34569953903768935,0.11101267032463277,0.2987079068241222,0.17401654430433464,42.91109867677279,63.77809677193474,0.7821094023181553,2.5716071257152615,0.1018957345971564,0.054866934013853445,0.030525440141806765,0.3920378417977,0.41634231349799655,0.5807236703405707,584,244,929,878,0.934,0.0,0.066,escalamiento,0.934,1
AcuYN2,12,8,0,2,35.0,40.0,12,12,185.2,577,920,426,848,1.0,0.20336366829410304,0.08693701877084532,0.11949649368970072,0.1645520269638186,42.59831123541895,51.90460810246415,0.7858196084549056,2.4351512348915603,0.12322274881516587,0.037914691943127965,0.026491357974678595,0.39726584324901804,0.45231881751067166,0.6160266058049161,586,235,932,870,0.907,0.0,0.092,escalamiento,0.907,1
AcuYN2,12,9,0,2,40.0,45.0,13,13,185.2,577,920,426,848,2.0,0.5015420834533835,0.19400403556578943,0.48960249506469916,0.1087835387417684,39.68470133216556,59.48215454510453,0.6668423079707391,2.209840620131501,0.04028436018957346,0.02041560335399198,0.012581310120193364,0.393660150914322,0.48166960734241904,0.639720716347187,590,220,934,853,0.0,0.0,1.0,nado,1.0,1
AcuYN2,12,10,0,2,45.0,50.0,12,12,185.2,577,920,426,848,1.0,0.14661585583366205,0.08453609135747898,0.12679729485852453,0.0736115153926175,33.4601674473682,45.07760383611875,0.7749072288290098,2.318679688256641,0.13033175355450238,0.06635071090047394,0.0409451673449703,0.34389176111926784,0.4946066574279202,0.6547586425504253,585,336,927,968,0.0,0.0,1.0,nado,1.0,1
AcuYN2,12,11,0,2,50.0,55.0,13,13,185.2,577,920,426,848,2.0,0.8266035871641721,0.28669331573035645,0.8228251517617663,0.07894466378991964,53.446746853565294,67.19598929501045,0.8027474932222484,2.606161758916064,0.13270142180094788,0.05869485964272694,0.03246637705173493,0.39400121728462156,0.3197523477184939,0.4757887388047732,584,335,929,972,0.0,0.0,1.0,nado,1.0,1
AcuYN2,12,12,0,2,55.0,60.0,12,12,185.2,577,920,426,848,2.0,0.859009753812558,0.3518754447269431,0.8410858176687744,0.17456346829036268,49.51849907618756,66.39600542473184,0.7613967146477091,2.5292451345609828,0.12559241706161137,0.040086887835703,0.029889680460327403,0.4123905660714121,0.3486303486493219,0.5037579050019861,589,316,933,950,0.0,0.0,1.0,nado,1.0,1
AcuYN2,12,13,0,2,60.0,65.0,13,13,185.2,577,920,426,848,1.0,0.21349673454417714,0.08148440408523652,0.09498396924605307,0.19120382121519353,36.18683534670384,44.41914131732195,0.920402278823686,2.7547981597552247,0.12085308056872038,0.051403572730586954,0.03406400373366425,0.3474636086003322,0.49657960650674415,0.6619107936840133,592,320,934,952,0.0,0.0,0.999,nado,0.999,1
AcuYN2,12,14,0,2,65.0,70.0,12,12,185.2,577,920,426,848,2.0,0.8184354692540262,0.24970691983305685,0.7984971087030979,0.17955217828211165,45.13174012726438,55.4112215353314,0.8267947320271327,2.7100377474481956,0.12085308056872038,0.06556082148499211,0.03890811853025377,0.38259568859888177,0.38732822351133595,0.5524272783427954,590,288,934,922,0.0,0.0,1.0,nado,1.0,1
AcuYN2,12,15,0,2,70.0,75.0,13,13,185.2,577,920,426,848,2.0,0.9015658107170084,0.3132431459831395,0.8943549015184403,0.11379903858889825,44.03554475331551,62.082636837805566,0.7289021627728075,1.9623055240808802,0.07819905213270142,0.04866934013853445,0.028312996450258584,0.35814437124918547,0.38623033096709586,0.5515378060321542,595,315,938,947,0.0,0.0,1.0,nado,1.0,1
AcuYN2,12,16,0,2,75.0,80.0,12,12,185.2,577,920,426,848,2.0,0.9247819934114843,0.32755821817408276,0.9020281001016468,0.20387996950444165,51.147071266909926,67.36467466916879,0.7988387872692527,2.532202977407085,0.13507109004739337,0.06240126382306477,0.03425061789899261,0.39695955667305827,0.3589412402549728,0.5160998555748819,595,321,940,955,0.0,0.0,1.0,nado,1.0,1
AcuYN2,12,17,0,2,80.0,85.0,13,13,185.2,577,920,426,848,2.0,0.7700399637348687,0.28147784175293367,0.6955014057183584,0.33051375219888396,51.53789890368922,64.66672424216253,0.7118941817147619,2.6027111303865054,0.10900473933649289,0.04338315712723295,0.025337641140935164,0.4345365066231793,0.3231438914942366,0.4818280046239781,597,285,941,918,0.0,0.0,1.0,nado,1.0,1
AcuYN2,12,18,0,2,85.0,90.0,12,12,185.2,577,920,426,848,2.0,1.063347923714187,0.33675137795514715,1.0012475297721741,0.35806729952955996,44.621174961396925,60.69569285886159,0.8427772132305086,2.8446645681629383,0.14218009478672985,0.050157977883096366,0.029121533174587044,0.344621014871553,0.3496212921167918,0.5113305522947043,569,282,914,916,0.0,0.0,1.0,nado,1.0,1
AcuYN2,12,19,0,2,90.0,95.0,13,13,185.2,577,920,426,848,1.0,0.49579519047575515,0.23224608161327448,0.43628700724000213,0.235513307930683,40.18476238572791,55.99237831283561,0.8491117226412117,2.742407247516717,0.12796208530805686,0.05796573095151294,0.03636620173318599,0.3586402638007394,0.4250786786268411,0.5852703638654527,570,266,915,899,0.0,0.0,1.0,nado,1.0,1
AcuYN2,12,20,0,2,95.0,100.0,12,12,185.2,577,920,426,848,2.0,0.5928069669308766,0.1591522015382431,0.5894144391652707,0.06333023721158028,38.459050205329426,58.15936767021174,0.8497033124735581,2.6452962038533885,0.13744075829383887,0.06220379146919431,0.03296956214081169,0.39768394873366153,0.4966320082381961,0.6479883677880895,571,259,916,893,0.0,0.0,1.0,nado,1.0,1
AcuYN2,12,21,0,2,100.0,105.0,13,13,185.2,577,920,426,848,2.0,0.5421107805768182,0.24108249130968767,0.5242276224612082,0.13809235411953796,39.13773382504164,50.10536092048914,0.7052352806488885,2.2949214317958466,0.11374407582938388,0.02825373678454247,0.021987561595822144,0.41122282512704783,0.4213905389525476,0.5905860136474758,572,252,917,886,0.0,0.0,1.0,nado,1.0,1
AcuYN2,12,22,0,2,105.0,110.0,12,12,185.2,577,920,426,848,2.0,1.0411476564524869,0.2785367604358236,1.0323844262905923,0.13479925403781037,40.47697138374441,56.6992337164751,0.8325496309829385,2.305186933919551,0.08767772511848342,0.04561611374407583,0.03242748351827973,0.35082696430349963,0.45295270940209614,0.6126439231317178,574,247,919,881,0.0,0.0,1.0,nado,1.0,1
AcuYN2,12,23,0,2,110.0,115.0,13,13,185.2,577,920,426,848,2.0,0.7936599427874338,0.19187553886256595,0.7872361655068917,0.10077362999990888,38.85914126749308,49.247336755533475,0.7700302942319438,2.026615121549345,0.07109004739336493,0.02023332118118848,0.015592567152706205,0.48069714721397966,0.5006054678484555,0.6576385066025031,574,237,919,870,0.0,0.0,1.0,nado,1.0,1
AcuYN2,12,24,0,2,115.0,120.0,12,12,185.2,577,920,426,848,2.0,0.9145044227044435,0.3204619406693242,0.893392423599127,0.19536713285930568,44.27783495619314,62.691649564220796,0.761521953195242,2.644032726169844,0.12559241706161137,0.040086887835703,0.02829018389698197,0.4288862859481022,0.3552227113977791,0.5203878294319687,571,251,915,884,0.0,0.0,1.0,nado,1.0,1
AcuYN2,12,25,0,2,120.0,125.0,13,13,185.2,577,920,426,848,2.0,0.5297215857986999,0.18753026723586216,0.5036955518399404,0.1639992363328173,42.371728908714026,54.58057809477058,0.8540335121542546,2.3684752862098244,0.12559241706161137,0.058330295297119944,0.0319974107925731,0.4409045747739031,0.4314980910752577,0.5951362913063432,602,277,947,910,0.0,0.0,1.0,nado,1.0,1
AcuYN2,12,26,0,2,125.0,130.0,12,12,185.2,577,920,426,848,2.0,0.8461781474584104,0.25760310152867144,0.8397343035377255,0.10422934662636253,41.96033898319528,63.0572807319901,0.8346158431030783,2.8909647741191153,0.11848341232227488,0.07227488151658767,0.041382719596341384,0.3841684458579767,0.3894788618519,0.5570291986201008,599,274,944,907,0.0,0.0,1.0,nado,1.0,1
AcuYN2,12,27,0,2,130.0,135.0,13,13,185.2,577,920,426,848,1.0,0.16585661141226296,0.07515966304806052,0.10876657455718262,0.12521281008049942,39.88200694742011,48.98165053861603,0.8999082232932984,2.9209922271074262,0.12085308056872038,0.07036091870215093,0.03268851896396949,0.3264341742421278,0.44802684121294306,0.6116202577448532,597,275,942,909,0.001,0.001,0.999,nado,0.999,1
AcuYN2,12,28,0,2,135.0,140.0,12,12,185.2,577,920,426,848,1.0,0.35213201568140545,0.21021797766491782,0.33803301212600934,0.0986440022549106,41.1079198889767,55.36362914328074,0.8699741468092753,2.342949648397868,0.07819905213270142,0.031200631911532384,0.02217660660699145,0.40043809707145844,0.467223182257513,0.6293130860560614,598,280,943,914,0.0,0.0,1.0,nado,1.0,1
AcuYN2,12,29,0,2,140.0,145.0,13,13,185.2,577,920,426,848,2.0,0.9873049707416799,0.27215257852879277,0.9820058359851159,0.10215499665901302,40.50239620002094,55.278984832109714,0.8131369774644628,2.6169534455192314,0.11374407582938388,0.05012759752096245,0.028391531469735443,0.42383106153963324,0.43215002560044263,0.5959055103886092,599,270,943,903,0.0,0.0,1.0,nado,1.0,1
AcuYN2,12,30,0,2,145.0,150.0,12,12,185.2,577,920,426,848,1.0,0.36119645960991986,0.13855707531914657,0.30163877699744307,0.19868802340913083,34.9379364217538,48.15129696588587,0.8723362621187577,2.6926756128376756,0.12322274881516587,0.05687203791469194,0.03032237102001659,0.38261513536560937,0.5153375625255336,0.6762090981289254,599,266,944,900,0.0,0.0,1.0,nado,1.0,1
AcuYN2,12,31,0,2,150.0,155.0,12,12,185.2,577,920,426,848,2.0,0.6430916319086588,0.16737109416281842,0.6357930370483389,0.09661294463885971,35.31905348063481,47.03279633712057,0.8977209056769951,2.4943226466841057,0.10900473933649289,0.05687203791469194,0.03213821286320662,0.3874330718223733,0.4862959478038422,0.6500909423091809,599,280,944,914,0.0,0.0,1.0,nado,1.0,1
AcuYN2,12,32,0,2,155.0,160.0,13,13,185.2,577,920,426,848,2.0,0.9771123032492882,0.2961912050768114,0.9613426922174443,0.17483901532908852,42.59911566139805,59.49435837898632,0.8179839442305318,2.227439375750184,0.08767772511848342,0.03682099890630696,0.021054116792897152,0.4312200849435563,0.449097069005188,0.6119021737922544,599,284,944,917,0.0,0.0,1.0,nado,1.0,1
AcuYN2,12,33,0,2,160.0,165.0,12,12,185.2,577,920,426,848,2.0,0.9610513449705341,0.25365196623798164,0.9534014574543487,0.12101796806093075,35.53809596381035,48.707152831652444,0.745216238726827,2.1169263572659296,0.07819905213270142,0.026856240126382307,0.015127153668234989,0.48962583097593254,0.5142031009513376,0.6742821839601422,597,298,942,931,0.0,0.0,1.0,nado,1.0,1
AcuYN2,12,34,0,2,165.0,170.0,13,13,185.2,577,920,426,848,2.0,0.75067973462975,0.16991691423787011,0.7414587960682799,0.11729841310422245,33.317825684812995,45.67716563712111,0.7651468511731699,1.9846484827556368,0.07345971563981042,0.02661319722931097,0.016303870043396642,0.47251155432679126,0.5184310929008862,0.679448380844128,587,270,931,903,0.0,0.0,1.0,nado,1.0,1
AcuYN2,12,35,0,2,170.0,175.0,12,12,185.2,577,920,426,848,1.0,0.46653589087911473,0.18115971320892532,0.46175741132799747,0.06660203121554027,36.51405636879721,47.87416294642857,0.7945957953670986,2.2975807024062305,0.11611374407582939,0.0254739336492891,0.017956658227101376,0.450408995023878,0.4565245104690683,0.6221645752096319,576,293,920,926,0.0,0.0,1.0,nado,1.0,1
AcuYN2,12,36,0,2,175.0,180.0,13,13,185.2,577,920,426,848,1.0,0.3447603115055786,0.1466346734209283,0.2963373832561535,0.17619258688809586,37.113827961790214,52.761397724508825,0.877466347747715,2.0511572196601846,0.08293838862559241,0.03700328107911046,0.020991288777315664,0.4118892508637515,0.4937973515840933,0.658030927351634,577,269,921,903,0.0,0.0,1.0,nado,1.0,1
AcuYN2,12,37,0,2,180.0,185.0,12,12,185.2,577,920,426,848,1.0,0.1671550730277597,0.08675933742151201,0.0981405040824785,0.1353117138216522,32.45250935926232,42.866256316729356,0.8824413691875234,2.304009903153306,0.08767772511848342,0.04225908372827804,0.02120912996229315,0.36316836863800533,0.5160253076951004,0.6761951210273031,576,228,920,861,0.0,0.001,0.999,nado,0.999,1
AcuYN2,12,38,0,2,185.0,190.0,13,13,185.2,577,920,426,848,2.0,0.511135628828263,0.23819849386928577,0.4892356180806231,0.14801398940280802,37.40034442005103,43.10131574795696,0.6923843505653823,2.537503913568053,0.06635071090047394,0.025519504192489977,0.015031602727871471,0.4587544627721443,0.5054421947440031,0.6705463295488525,576,221,919,854,0.0,0.0,1.0,nado,1.0,1
AcuYN2,12,39,0,2,190.0,195.0,12,12,185.2,577,920,426,848,2.0,0.5171675240115596,0.1961707887526814,0.48725671622230265,0.17332957159269022,31.309939595015766,45.488058612705764,0.8559724655021378,2.2955798245473957,0.08293838862559241,0.03850710900473934,0.01599253478761337,0.3552705505007572,0.5291544606841282,0.6893213215807578,575,222,919,855,0.0,0.0,1.0,nado,1.0,1
AcuYN2,12,40,0,2,195.0,200.0,13,13,185.2,577,920,426,848,2.0,0.5075170924945887,0.17489375822621533,0.4480362818886488,0.23840530465062218,35.17442059747876,44.92707446976143,0.8869387373724495,2.0805412068058975,0.11137440758293839,0.03353991979584397,0.015020383439374778,0.42848257855036287,0.48314681709622087,0.6373757976197265,575,227,918,861,0.0,0.0,1.0,nado,1.0,1
AcuYN2,12,41,0,2,200.0,205.0,12,12,185.2,577,920,426,848,1.0,0.5131918508328465,0.1755625124219662,0.4952487835731594,0.13451586572054766,35.297352430796565,46.578449073054735,0.8318509054045266,2.070055245671426,0.07345971563981042,0.02409162717219589,0.011937883924907926,0.40360792004805796,0.5550376269887439,0.7105076422128058,574,234,918,867,0.0,0.0,1.0,nado,1.0,1
AcuYN2,12,42,0,2,205.0,210.0,13,13,185.2,577,920,426,848,2.0,0.5383763646195382,0.2134048890559769,0.5328496432504849,0.07694392548330924,34.48251615495168,43.073753831263105,0.7039184444466995,2.153285930927061,0.03317535545023697,0.012759752096244989,0.008746557312023139,0.4802506195318112,0.5049379735547628,0.6674717251061543,574,234,918,868,0.0,0.0,1.0,nado,1.0,1
AcuYN2,12,43,0,2,210.0,215.0,12,12,185.2,577,920,426,848,2.0,0.6305719194472487,0.22756830558991145,0.6131802656013186,0.1470744963359859,37.6910964241536,49.33635837034176,0.6901882533263987,2.51698333175904,0.052132701421800945,0.01382306477093207,0.007861355449633931,0.4825496387329255,0.47662643658001297,0.6416112175908363,574,227,917,860,0.0,0.0,1.0,nado,1.0,1
AcuYN2,12,44,0,2,215.0,220.0,13,13,185.2,577,920,426,848,2.0,1.0280316506531213,0.2528066236433136,1.0203705104745986,0.1252720882654569,38.18347913128534,47.04052792960938,0.807166201058236,2.428150188707252,0.06635071090047394,0.03372220196864746,0.018437778715467965,0.36929185629950123,0.47765357926278235,0.6443901898710559,573,201,918,835,0.0,0.0,1.0,nado,1.0,1
AcuYN2,12,45,0,2,220.0,225.0,12,12,185.2,577,920,426,848,2.0,1.1103498337816518,0.289031774864296,1.0814386140791854,0.25172857874590365,35.342595039997036,38.80875586965802,0.7666450261846673,2.1655750232236364,0.04976303317535545,0.016587677725118485,0.010202259994469267,0.45700144894453576,0.5163617945747776,0.679101741178379,574,203,918,836,0.0,0.0,1.0,nado,1.0,1
AcuYN2,12,46,0,2,225.0,230.0,13,13,185.2,577,920,426,848,2.0,0.9600789151788754,0.32156919907972015,0.9556704983113501,0.09189897729780351,44.02959328359349,53.466137529460696,0.8185683675243765,2.2585189660296257,0.07345971563981042,0.03281079110462997,0.019335321795203534,0.39964451939845896,0.41985102484739456,0.5859600956871671,573,195,917,829,0.0,0.0,1.0,nado,1.0,1
AcuYN2,12,47,0,2,230.0,235.0,12,12,185.2,577,920,426,848,1.0,0.23833748183345765,0.14231357187595473,0.16868467860724168,0.16837527861858265,34.18469574464408,40.508682170542635,0.7372538536190972,2.0477770043478807,0.08293838862559241,0.021919431279620854,0.010858588371525903,0.4866942308917462,0.5282132530279665,0.6892110826123612,574,201,918,833,0.0,0.0,1.0,nado,1.0,1
AcuYN2,12,48,0,2,235.0,240.0,13,13,185.2,577,920,426,848,2.0,0.9552527451567218,0.23108842839447885,0.9414602229584557,0.16174194173580275,42.804902774377425,56.05885749218856,0.8715252053224277,2.26387187222625,0.061611374407582936,0.025519504192489977,0.014214838525312103,0.3824879834293135,0.4326366972840529,0.5983441494640472,574,194,918,828,0.0,0.0,1.0,nado,1.0,1
AcuYN2,12,49,0,2,240.0,245.0,12,12,185.2,577,920,426,848,2.0,0.8517976290379853,0.26474110770686815,0.8390183531133253,0.14699457123899648,37.58263403548682,57.443785571679726,0.8077597916902052,2.3549477317057317,0.052132701421800945,0.0339652448657188,0.016106784542138042,0.421481929516567,0.4688714872281641,0.6316571892281323,572,188,917,823,0.0,0.0,1.0,nado,1.0,1
AcuYN2,12,50,0,2,245.0,250.0,13,13,185.2,577,920,426,848,2.0,0.6451515432527399,0.27488359079974223,0.6405369312578915,0.0770256675148951,43.153635915267884,60.19913099750393,0.819973527455396,2.3052499256076087,0.08530805687203792,0.027706890266131972,0.019721265319489832,0.4332148744382686,0.4670066489602794,0.6308966350285873,572,187,916,821,0.0,0.0,1.0,nado,1.0,1
AcuYN2,12,51,0,2,250.0,255.0,12,12,185.2,577,920,426,848,2.0,0.8012709186784547,0.2306519544494782,0.7959371468344858,0.09229920589470388,36.71048505088732,54.81558032856838,0.788758467301895,2.2480718799602966,0.08293838862559241,0.039691943127962086,0.022643329008453946,0.43176926911546953,0.47205317293683896,0.6336434670538876,567,175,912,810,0.0,0.0,1.0,nado,1.0,1
AcuYN2,12,52,0,2,255.0,260.0,13,13,185.2,577,920,426,848,1.0,0.4574139383880012,0.13557834967718502,0.44847081541331035,0.09000799272366129,33.55752627749955,42.24413991125033,0.8212918342054414,2.217587099583963,0.08293838862559241,0.02078016769959898,0.01696805192240097,0.48551919740985905,0.5899470597344914,0.7364753665151523,568,182,911,815,0.0,0.0,1.0,nado,1.0,1
AcuYN2,12,53,0,2,260.0,265.0,12,12,185.2,577,920,426,848,2.0,0.6667895183971211,0.1733094843539343,0.6537270527824814,0.13133621855602295,34.08608198703759,51.70135734726561,0.6174042936003192,2.4906629505451185,0.035545023696682464,0.015007898894154818,0.011366635152284558,0.4870175333885926,0.5304464498709881,0.6878476042507983,570,190,913,822,0.0,0.0,1.0,nado,1.0,1
AcuYN2,12,54,0,2,265.0,270.0,13,13,185.2,577,920,426,848,2.0,0.910006157624809,0.2213318904633586,0.898184214731847,0.1462064407664862,41.94352763877666,70.00608448639238,0.7212183953638459,2.408270121681606,0.09004739336492891,0.027889172438935475,0.017113902672858,0.5140610673454501,0.4364846696852608,0.5947044262914184,570,182,913,815,0.0,0.0,1.0,nado,1.0,1
AcuYN2,12,55,0,2,270.0,275.0,12,12,185.2,577,920,426,848,2.0,1.045234138150033,0.2719867914882105,1.0092256786367377,0.2719888474449977,41.65163313772634,56.56494946369637,0.905730678348906,2.190378027486485,0.11137440758293839,0.041469194312796206,0.02304198772636983,0.4278507456198573,0.47799430282897165,0.6378958843601389,587,139,935,775,0.001,0.0,0.999,nado,0.999,1
AcuYN2,12,56,0,2,275.0,280.0,13,13,185.2,577,920,426,848,2.0,0.699854393471842,0.24167360198218574,0.6786311325466041,0.17104373125126002,35.10202329578699,50.45897278044061,0.8580552419620827,2.156640514069387,0.0924170616113744,0.04283631060882245,0.02457248566546059,0.48994408479295537,0.5036360052568551,0.6590139016086829,586,126,934,762,0.0,0.0,1.0,nado,1.0,1
AcuYN2,12,57,0,2,280.0,285.0,12,12,185.2,577,920,426,848,1.0,0.6352165332432614,0.2547805423946486,0.6344967636450024,0.030230796046507604,40.72449712486368,61.954079909960605,0.7870409506500046,2.1192133171928904,0.12796208530805686,0.018562401263823063,0.015253557651964414,0.45060832438283593,0.4826860149988241,0.6414524864595741,585,156,932,790,0.0,0.0,1.0,nado,1.0,1
AcuYN2,12,58,0,2,285.0,290.0,13,13,185.2,577,920,426,848,2.0,0.800867867842332,0.24642003816036648,0.7857820237574871,0.15471248457028575,35.46369099237798,44.36006486327117,0.8170082066550977,2.335800024675543,0.05924170616113744,0.037914691943127965,0.017430286608464785,0.4008360078368079,0.48812801002917283,0.653528803605385,580,276,928,911,0.0,0.0,1.0,nado,1.0,1
AcuYN2,12,59,0,2,290.0,295.0,12,12,185.2,577,920,426,848,1.0,0.727749171156963,0.2190373812645086,0.7213374474176348,0.09639057564231883,36.09624588485541,46.586502874242065,0.7791079942134983,2.203685113558268,0.023696682464454975,0.008096366508688783,0.006035790223080102,0.41678796619769154,0.5338144895485867,0.694399030064787,579,330,927,964,0.0,0.0,1.0,nado,1.0,1
AcuYN2,12,60,0,2,295.0,300.0,12,12,185.2,577,920,426,848,2.0,0.6741385538109819,0.2087681254004338,0.6696256247114829,0.07787369558534099,33.77337519603824,59.567193548387095,0.853829128332866,2.3676102584031433,0.07819905213270142,0.04206161137440758,0.019441905035922132,0.33977633911053867,0.5328773848031246,0.6880328874173881,577,314,926,950,0.0,0.0,1.0,nado,1.0,1
AcuYN2,12,61,0,2,300.0,305.0,13,13,185.2,577,920,426,848,2.0,0.9533767350960006,0.2550779288833137,0.9501477058088652,0.07839984801299149,40.1728672252353,64.62970798569725,0.8052391694327916,2.191797682980611,0.08293838862559241,0.02314983594604448,0.011075681603936944,0.4057859579215496,0.4720435644164601,0.6317030928281766,578,306,926,942,0.0,0.0,1.0,nado,1.0,1
AcuYN2,12,62,0,2,305.0,310.0,12,12,185.2,577,920,426,848,1.0,0.5094892089965538,0.17325017198866022,0.4913052827756836,0.13490134617801153,34.26919093467535,50.86485093853515,0.770985213814984,1.9819991318089543,0.061611374407582936,0.02132701421800948,0.015649785524039346,0.4042059081249318,0.5324517542452223,0.6910850927218574,578,309,926,945,0.0,0.0,1.0,nado,1.0,1
AcuYN2,12,63,0,2,310.0,315.0,13,13,185.2,577,920,426,848,1.0,0.4559451000644429,0.10936201076856934,0.42929346388626255,0.1536003129466506,29.366885155078634,38.64561870929544,0.7159612371817806,2.18185186017232,0.07582938388625593,0.015676266861100983,0.013072714956348588,0.40796698760530703,0.5872429062571207,0.7380238440679098,576,312,924,949,0.0,0.002,0.998,nado,0.998,1
AcuYN2,12,64,0,2,315.0,320.0,12,12,185.2,577,920,426,848,2.0,1.0724783177610682,0.258920347309441,1.0574784281531078,0.1787431566758372,34.15468849344683,42.58557911908646,0.8308716511943876,2.1740137117426728,0.07582938388625593,0.022906793048973143,0.01272304713153494,0.4467700187999751,0.5008954126638931,0.6601005545970334,578,317,924,951,0.0,0.0,1.0,nado,1.0,1
AcuYN2,12,65,0,2,320.0,325.0,13,13,185.2,577,920,426,848,2.0,1.0776302879433721,0.24605273778931477,1.059747994020468,0.195502497842122,40.193980993818414,59.702490057063805,0.8716169989822775,2.2063777543617356,0.10426540284360189,0.034633612832664966,0.017075757091969235,0.36631425713247856,0.4737512566417248,0.636387248635995,575,307,922,945,0.0,0.0,1.0,nado,1.0,1
AcuYN2,12,66,0,2,325.0,330.0,12,12,185.2,577,920,426,848,2.0,0.7393070220571497,0.28865638207662375,0.7287637410395789,0.12441174626621335,44.633898890091025,53.94967497122951,0.6865657892520707,2.370008913529267,0.07819905213270142,0.018167456556082148,0.0115659645112425,0.4671210601804127,0.3917399667159787,0.5572400297081158,572,308,919,944,0.0,0.0,1.0,nado,1.0,1
AcuYN2,12,67,0,2,330.0,335.0,13,13,185.2,577,920,426,848,2.0,0.8658156466777495,0.2170404809778562,0.8529470875187597,0.14872121545117492,36.93946402426637,49.86584722729301,0.8457860087756399,2.2562618005442214,0.05924170616113744,0.031717098067808966,0.013752603839248284,0.3474299507348421,0.4821658438377647,0.6456634182328688,571,299,917,935,0.0,0.0,1.0,nado,1.0,1
AcuYN2,12,68,0,2,335.0,340.0,12,12,185.2,577,920,426,848,2.0,0.8494385114349955,0.2167977989386808,0.8362180496380965,0.14928214283148164,32.35498678560236,49.103937608115636,0.7167646408110571,2.354485072042727,0.030805687203791468,0.008688783570300158,0.007460265885877098,0.4348102572624986,0.5464747141437828,0.701384841907669,572,297,917,930,0.0,0.0,1.0,nado,1.0,1
AcuYN2,12,69,0,2,340.0,345.0,13,13,185.2,577,920,426,848,1.0,0.29611126147617756,0.12818916997276025,0.2619324542227891,0.13810600493041456,30.257336569826503,45.20932724562057,0.76357030008976,2.1292609038979484,0.05924170616113744,0.02898286547575647,0.013833382716424486,0.36654088676011176,0.6029746525381082,0.7478907616317436,572,307,918,942,0.0,1.0,0.0,inmovilidad,1.0,1
AcuYN2,12,70,0,2,345.0,350.0,12,12,185.2,577,920,426,848,2.0,0.3324968780368871,0.11540796301784163,0.3163520503946175,0.10235015444735765,29.123778128411605,40.41503086248123,0.6839957058302696,2.525649040590706,0.04265402843601896,0.019747235387045814,0.009475437088025066,0.4463470516236497,0.5678490698325648,0.7219024473682819,572,296,918,931,0.0,0.999,0.001,inmovilidad,0.999,1
AcuYN2,12,71,0,2,350.0,355.0,13,13,185.2,577,920,426,848,1.0,0.31888032111732845,0.10697279822144275,0.2993792434805501,0.10980313187201897,24.647390079872388,29.48829859282113,0.9471724427219465,2.0553366481481126,0.04976303317535545,0.037914691943127965,0.014558148753310959,0.3473110262767771,0.6176904196470763,0.7623657589637566,571,289,918,925,0.0,1.0,0.0,inmovilidad,1.0,1
AcuYN2,12,72,0,2,355.0,360.0,12,12,185.2,577,920,426,848,2.0,0.4805827513672455,0.15996522836172983,0.474576391565603,0.07574318108109275,32.810660148749456,46.46462972553081,0.7878333286431046,2.083346786876513,0.04265402843601896,0.03179304897314376,0.016306113901095983,0.3737401172002991,0.58554506617552,0.7348605757288422,572,283,918,919,0.0,0.0,1.0,nado,1.0,1
AcuYN2,12,1,0,3,0.0,5.0,13,13,185.2,920,1344,426,848,2.0,2.326432824052353,0.6451809319136875,1.4169694465355664,1.8451252728237444,41.2651124591169,58.26901129614534,0.6957280222607274,2.23886814246936,0.16587677725118483,-0.12298578199052132,0.014015135190070938,0.20002196303447062,0.3251214889933629,0.42915701217393604,898,324,1328,965,0.0,0.0,1.0,nado,1.0,1
AcuYN2,12,2,0,3,5.0,10.0,12,12,185.2,920,1344,426,848,1.0,0.5765119911644494,0.2572540664319215,0.5237135224589151,0.24101913274691197,41.94960741450968,48.63544713209235,0.5887137804799638,2.538413974625619,0.04739336492890995,-0.007503949447077409,0.010681136625136516,0.3735043251537269,0.41261511225815095,0.5784426784679422,931,302,1355,935,0.0,0.0,1.0,nado,1.0,1
AcuYN2,12,3,0,3,10.0,15.0,13,13,185.2,920,1344,426,848,2.0,0.7360536849338712,0.21240967776398637,0.6596191572208707,0.3266153617513401,41.68485034599186,56.55323697068404,0.7358002877452349,2.309127401685987,0.0924170616113744,-0.00018228217280349984,0.010573057479285023,0.3548391688580593,0.38915063084846035,0.553796714534345,929,269,1354,902,0.0,0.0,1.0,nado,1.0,1
AcuYN2,12,4,0,3,15.0,20.0,12,12,185.2,920,1344,426,848,2.0,0.7595437105434674,0.3523642761873732,0.7478748691099053,0.13262665033838608,44.910976987882044,61.20876233945441,0.6919398628817871,2.5975527977991146,0.08056872037914692,0.006121642969984202,0.006857416117321373,0.39229719435011523,0.40440672075720613,0.5650150096138082,930,280,1355,913,0.0,0.0,1.0,nado,1.0,1
AcuYN2,12,5,0,3,20.0,25.0,13,13,185.2,920,1344,426,848,2.0,0.8427127101794432,0.29045790689853046,0.8030694694269287,0.25542932324291473,40.960938822458715,68.4086446480717,0.8477150336331197,2.403745030490236,0.08530805687203792,-0.009478672985781991,0.006857229129179761,0.4044082292941555,0.36638697377353224,0.523665995669583,930,269,1355,902,0.0,0.0,1.0,nado,1.0,1
AcuYN2,12,6,0,3,25.0,30.0,12,12,185.2,920,1344,426,848,1.0,0.24017425509093132,0.13230507293304186,0.19796130650761046,0.13599630117868522,41.92734555107979,57.421907525389514,0.9089345634965024,2.576154797958321,0.07109004739336493,0.007701421800947867,0.0073873405106485825,0.3786674417199058,0.3863500986944403,0.5419191603627636,928,253,1354,887,0.001,0.0,0.999,nado,0.999,1
AcuYN2,12,7,0,3,30.0,35.0,13,13,185.2,920,1344,426,848,2.0,0.858999650459122,0.38731682828175873,0.8438755839756136,0.1604817692409668,51.23207173237332,63.16521931522761,0.7550330822754525,2.542172886274769,0.0947867298578199,-0.0060153117025154934,0.012518482104611874,0.39413584874658186,0.270913987022943,0.4166959963038733,927,245,1353,879,0.0,0.0,1.0,nado,1.0,1
AcuYN2,12,8,0,3,35.0,40.0,12,12,185.2,920,1344,426,848,2.0,0.6781683844800335,0.3082102986506121,0.6384316583835234,0.22872991776748958,46.84645147063654,59.84619806207916,0.6383568500266866,2.618468628041088,0.030805687203791468,-0.018364928909952605,0.00684526188811662,0.389066600227492,0.3553575476504344,0.5184669983378666,929,237,1356,872,0.0,0.0,1.0,nado,1.0,1
AcuYN2,12,9,0,3,40.0,45.0,13,13,185.2,920,1344,426,848,1.0,0.3248697791520075,0.16124207713989894,0.25307658274996325,0.2036973653974816,42.62121624490392,53.42450059608618,0.7581567318321867,2.4821267757535654,0.08293838862559241,0.0032810791104629965,0.006754011675010171,0.43806385092654004,0.42898573146650576,0.5911438825928939,932,221,1357,854,0.699,0.0,0.301,activa,1.0,1
AcuYN2,12,10,0,3,45.0,50.0,12,12,185.2,920,1344,426,848,2.0,0.7536377954738346,0.3631666892420151,0.6840152353204777,0.3163749114834055,45.14546995533441,74.69470164609054,0.8200287513251435,2.571369648298601,0.035545023696682464,-0.009478672985781991,0.002997232921891972,0.4590749604468666,0.3759803168628261,0.5310412167088762,927,336,1351,968,0.0,0.0,1.0,nado,1.0,1
AcuYN2,12,11,0,3,50.0,55.0,13,13,185.2,920,1344,426,848,2.0,0.548123790742359,0.24025132708288674,0.5149402191297252,0.1878197558842094,49.34095898057573,65.1737867100211,0.8377821950947492,2.8963076453195553,0.0995260663507109,0.02971199416697047,0.01639138049367086,0.3870093566934814,0.3020856564039716,0.4502941632439073,929,335,1355,972,0.0,0.0,1.0,nado,1.0,1
AcuYN2,12,12,0,3,55.0,60.0,12,12,185.2,920,1344,426,848,2.0,0.8731449586418286,0.4118203845639848,0.8424544037415607,0.22946175371528044,53.74714797036398,76.10557786971884,0.8721986074709389,2.5923332768063,0.0995260663507109,-0.0009873617693522908,0.01045992965361002,0.45171435924046843,0.3047847055331178,0.4458247305096401,932,315,1357,950,0.001,0.0,0.999,nado,0.999,1
AcuYN2,12,13,0,3,60.0,65.0,13,13,185.2,920,1344,426,848,2.0,0.7894940631623589,0.38323861459486785,0.7671532843539102,0.18648515778372138,53.513416967400175,70.21628235294118,0.8183275413564242,2.458493808902953,0.054502369668246446,-0.01039008384979949,0.006935764148656624,0.47000516527662967,0.2540050396852634,0.38149969346606183,934,320,1357,952,0.0,0.0,1.0,nado,1.0,1
AcuYN2,12,14,0,3,65.0,70.0,12,12,185.2,920,1344,426,848,2.0,0.7125549330918399,0.28554888732532874,0.6960650934410382,0.15240708109020154,49.3409830878124,62.80614014651446,0.8611893486830211,2.2445342937328423,0.054502369668246446,-0.010860979462875196,0.005449956375411031,0.5440330225880866,0.34040981112744645,0.5021720876209076,933,289,1358,923,0.0,0.0,1.0,nado,1.0,1
AcuYN2,12,15,0,3,70.0,75.0,13,13,185.2,920,1344,426,848,2.0,0.7734925602174447,0.32739289673818633,0.6939162988312249,0.34171758943330904,44.87613121314059,61.72618416066692,0.7291057559055981,2.7520623175466925,0.06398104265402843,-0.002734232592052497,0.0057106178448175695,0.36494326007818245,0.3899882908064288,0.5440027755501154,938,315,1361,947,0.0,0.0,1.0,nado,1.0,1
AcuYN2,12,16,0,3,75.0,80.0,12,12,185.2,920,1344,426,848,1.0,0.7683617141849701,0.21191660657081707,0.7374843827506193,0.21563049187024516,39.23170102988771,58.05468456467534,0.8168709641135071,2.082520406225457,0.011848341232227487,-0.024881516587677725,0.0002819781175502585,0.4347033000454968,0.4784342584528855,0.6369940156557528,939,321,1364,956,0.0,0.0,1.0,nado,1.0,1
AcuYN2,12,17,0,3,80.0,85.0,13,13,185.2,920,1344,426,848,2.0,0.6832554580008839,0.2737881159493217,0.6551613384355612,0.19391142696427593,40.47870840459311,56.87722453616055,0.8161462541676593,2.44243192965741,0.002369668246445498,-0.01804593510754648,2.2438576993389273e-05,0.3892823845429118,0.44971192723184034,0.6143279727874925,939,286,1364,919,0.0,0.0,1.0,nado,1.0,1
AcuYN2,12,18,0,3,85.0,90.0,12,12,185.2,920,1344,426,848,2.0,0.5294035568527482,0.2645561026795912,0.45730218313942483,0.2667261503944766,46.95858426409145,54.792899983789916,0.610837094246324,2.4708135528522983,-0.0071090047393364926,-0.02448657187993681,0.0003986587179158827,0.3783733093731507,0.3318910935702673,0.49487730528557217,913,283,1339,917,0.0,0.0,1.0,nado,1.0,1
AcuYN2,12,19,0,3,90.0,95.0,13,13,185.2,920,1344,426,848,2.0,0.7699195334289125,0.24778706792407162,0.7442558132684595,0.19712780720004552,38.35325287618596,46.10255206319395,0.7879133312985078,2.3410544474391677,-0.004739336492890996,-0.022238425082026978,0.0003881873819856344,0.37272047086409116,0.4650266328869227,0.6318721421006315,913,267,1338,901,0.0,0.0,1.0,nado,1.0,1
AcuYN2,12,20,0,3,95.0,100.0,12,12,185.2,920,1344,426,848,2.0,0.8447152271097224,0.3217088942675123,0.8214264954735818,0.19698306385326517,42.08430323197325,51.25330710597492,0.7434171489730331,2.1657955507846878,0.026066350710900472,-0.023696682464454975,0.0032427483518279727,0.4054748096539079,0.36235288017827894,0.527216498643992,914,261,1340,895,0.0,0.0,1.0,nado,1.0,1
AcuYN2,12,21,0,3,100.0,105.0,13,13,185.2,920,1344,426,848,1.0,0.1683495468647165,0.10999783359814895,0.1431723421507191,0.08856212719121419,39.904993075293824,52.4569656241923,0.836900962243456,2.1625587911201114,0.06635071090047394,-0.013306598614655486,0.001999277210110984,0.3989736059463566,0.4519555180927338,0.6174150674837752,915,253,1341,887,0.0,0.0,1.0,nado,1.0,1
AcuYN2,12,22,0,3,105.0,110.0,12,12,185.2,920,1344,426,848,1.0,0.4017432616214019,0.15708731940516757,0.37841618822234957,0.13490306427012513,30.90481787055478,47.073541864463316,0.7710463309362326,1.8751256264153018,-0.018957345971563982,-0.03613744075829384,0.0,0.4780744515397357,0.5571387718352957,0.7046058263508391,917,248,1343,883,0.0,0.0,1.0,nado,1.0,1
AcuYN2,12,23,0,3,110.0,115.0,13,13,185.2,920,1344,426,848,1.0,0.17164490612435296,0.05610609413880309,0.1653271992734572,0.04613990657589714,30.617489539250787,47.56048895644019,0.8999518465733796,2.282675428946353,-0.002369668246445498,-0.037550127597520966,0.0017591844362817189,0.3940281435770136,0.5663064215507856,0.719412320560608,917,238,1342,872,0.0,1.0,0.0,inmovilidad,1.0,1
AcuYN2,12,24,0,3,115.0,120.0,12,12,185.2,920,1344,426,848,1.0,0.6119805327884354,0.16701840742816365,0.599181081987931,0.12450784513350832,37.3974207126202,58.64572726021742,0.8850501279862427,2.244094099843454,-0.0071090047393364926,-0.02665876777251185,0.0024527234535190586,0.3999494970574274,0.47001767027870983,0.6297697405876894,914,252,1339,885,0.0,0.0,1.0,nado,1.0,1
AcuYN2,12,25,0,3,120.0,125.0,13,13,185.2,920,1344,426,848,2.0,0.2770214438630243,0.10511809308208309,0.2635330308616642,0.08538865267012871,36.6017387367214,48.18632936025298,0.8549903829997236,2.0395133618031065,0.04028436018957346,-0.017134524243528983,0.004072601724300152,0.39975671228342585,0.5048162210698259,0.6669307101085452,944,278,1370,912,0.0,0.0,1.0,nado,1.0,1
AcuYN2,12,26,0,3,125.0,130.0,12,12,185.2,920,1344,426,848,2.0,0.9754273584410262,0.29312297399814596,0.9675852433441546,0.12343957411572472,41.080391559575794,61.05376244070319,0.7208048438895965,2.501886900395531,0.014218009478672985,-0.008688783570300158,0.002144006031718345,0.35286887480989804,0.4028087785973726,0.5656523058520755,942,275,1368,909,0.0,0.0,1.0,nado,1.0,1
AcuYN2,12,27,0,3,130.0,135.0,13,13,185.2,920,1344,426,848,2.0,0.6571832857780837,0.19746427393483387,0.6190744743892459,0.22053722195075673,39.35078536593798,44.51399238284484,0.745416325231102,2.2522128288980223,0.0,-0.018775063798760483,3.3657865490083905e-05,0.38687023751612243,0.4268644408995119,0.5923883079951472,940,276,1366,911,0.0,0.0,1.0,nado,1.0,1
AcuYN2,12,28,0,3,135.0,140.0,12,12,185.2,920,1344,426,848,1.0,0.6756958261965796,0.29484012776787105,0.6549057913358738,0.16632274052038473,41.44500618671015,53.38832453825857,0.9011090341965885,2.438888324759011,0.04265402843601896,-0.0169826224328594,0.0021124050357859882,0.3569332490559673,0.4221246394871884,0.5883157760832406,941,281,1367,915,0.0,0.0,1.0,nado,1.0,1
AcuYN2,12,29,0,3,140.0,145.0,13,13,185.2,920,1344,426,848,2.0,0.4113471663450514,0.16342827568149013,0.3779900297223892,0.1622653034094804,34.86770527446266,42.330550523745764,0.7881565081304521,2.142657110385126,0.004739336492890996,-0.01968647466277798,0.00016828932745041952,0.4457513074044752,0.5033979334874819,0.6676246710177006,941,271,1367,904,0.0,0.0,1.0,nado,1.0,1
AcuYN2,12,30,0,3,145.0,150.0,12,12,185.2,920,1344,426,848,2.0,0.585619103597319,0.27731452274448354,0.5047730885622901,0.29690716320327115,38.56470927205864,53.3982767152796,0.8561288536146979,2.418293415973207,0.06872037914691943,-0.011453396524486572,0.005321121545840654,0.4061554464893741,0.43607694641254685,0.5969891070250724,942,267,1368,901,0.0,0.0,1.0,nado,1.0,1
AcuYN2,12,31,0,3,150.0,155.0,12,12,185.2,920,1344,426,848,2.0,0.5538197579689523,0.2561941169794804,0.5234598432734331,0.18084832539158835,38.62135383074341,46.441474514563104,0.791074956264714,2.3404826298367274,0.02843601895734597,-0.0025671406003159557,0.0018304269182357297,0.39638830790043494,0.4271327619835233,0.5929519485620965,942,282,1368,916,0.0,0.0,1.0,nado,1.0,1
AcuYN2,12,32,0,3,155.0,160.0,13,13,185.2,920,1344,426,848,2.0,0.8262815843113112,0.24807474671502153,0.807045338641956,0.17725427483787493,42.614608453605825,55.95685264328787,0.7316498995958725,2.1412286555229363,0.06635071090047394,-0.005468465184104994,0.013241004283799008,0.3803787571919349,0.38812717028434746,0.5502309656504908,941,285,1368,919,0.0,0.0,1.0,nado,1.0,1
AcuYN2,12,33,0,3,160.0,165.0,12,12,185.2,920,1344,426,848,1.0,0.6195713084507035,0.17902227970284085,0.5841113912746451,0.20659740762777118,36.068400328950126,45.50067876095273,0.8750280407559469,1.9739683173918847,0.02132701421800948,-0.028041074249605058,0.01118432171421327,0.4711465408930267,0.503014623892082,0.6661054463349158,939,299,1365,933,0.0,0.0,1.0,nado,1.0,1
AcuYN2,12,34,0,3,165.0,170.0,13,13,185.2,920,1344,426,848,2.0,0.6667985710541227,0.17930679170162897,0.6423470089107294,0.1789152159634817,35.388187807399994,48.9907939728704,0.9037451009148453,1.9218096029290972,0.037914691943127965,-0.013488880787458987,0.007727845916523264,0.41160428093593543,0.47337104505782535,0.6377309474346883,930,270,1355,903,0.0,0.0,1.0,nado,1.0,1
AcuYN2,12,35,0,3,170.0,175.0,12,12,185.2,920,1344,426,848,2.0,0.7530897006214512,0.26630672920825577,0.71536312959837,0.23537138737181448,40.19367216733736,52.29880978551016,0.7163297033946798,2.2809647881740736,0.014218009478672985,-0.01796998420221169,0.0005104776265996059,0.3967432113932137,0.413284926123674,0.5800408558998053,919,293,1344,926,0.0,0.0,1.0,nado,1.0,1
AcuYN2,12,36,0,3,175.0,180.0,13,13,185.2,920,1344,426,848,2.0,0.40698817452206615,0.15629412565486472,0.3602128804044621,0.18943615017077509,42.326138627708204,56.701184230250334,0.7468588271773687,1.9594506353056529,0.0,-0.02661319722931097,0.0,0.40542469683195603,0.41633351724082096,0.5798140602092947,921,269,1345,903,0.0,0.0,1.0,nado,1.0,1
AcuYN2,12,37,0,3,180.0,185.0,12,12,185.2,920,1344,426,848,1.0,0.34141604546968224,0.09666205575385341,0.3256929433272632,0.10241593025980013,34.3744811892187,45.18250936869415,0.8506153771440882,2.1446234123851813,0.002369668246445498,-0.014612954186413903,9.237214195611916e-05,0.3907608997786345,0.513302518425757,0.6758936624028115,919,227,1343,861,0.0,0.0,1.0,nado,1.0,1
AcuYN2,12,38,0,3,185.0,190.0,13,13,185.2,920,1344,426,848,1.0,0.33750897905190375,0.11510107199307823,0.3136669903323445,0.12460068264864085,33.00244079139374,40.46217453053495,0.7971969869872877,2.034734215282811,0.02843601895734597,-0.037367845424717466,0.0007472046138798628,0.43259332585555177,0.49815659412460317,0.6578374086770213,919,221,1343,854,0.0,0.0,1.0,nado,1.0,1
AcuYN2,12,39,0,3,190.0,195.0,12,12,185.2,920,1344,426,848,1.0,0.17973970536197006,0.07117316596514806,0.15864500890406052,0.08448741227803323,29.754417346546475,37.418578293589626,0.9851548770263902,2.2967464473508645,-0.002369668246445498,-0.03139810426540284,0.000593126385191923,0.32937474975711145,0.5842425714772767,0.732880297737648,918,222,1343,856,0.0,1.0,0.0,inmovilidad,1.0,1
AcuYN2,12,40,0,3,195.0,200.0,13,13,185.2,920,1344,426,848,2.0,0.8835771004503461,0.38396667446951527,0.8443306844173176,0.26041157384345454,45.81304352652804,63.96054386194274,0.741283781095084,2.3310907401268297,0.045023696682464455,-0.01020780167699599,0.005843005449078566,0.39978363857581795,0.3389540092150663,0.49034944286843757,918,227,1342,861,0.0,0.0,1.0,nado,1.0,1
AcuYN2,12,41,0,3,200.0,205.0,12,12,185.2,920,1344,426,848,2.0,0.76330881225982,0.21815004362423174,0.7348151126422676,0.2066085504184872,36.51079714079905,46.94884244599254,0.8829060763948317,2.458131436071015,0.018957345971563982,-0.021919431279620854,0.006096561369103865,0.4503141920360809,0.4680482732201154,0.6351771271981795,917,233,1342,867,0.0,0.0,1.0,nado,1.0,1
AcuYN2,12,42,0,3,205.0,210.0,13,13,185.2,920,1344,426,848,2.0,0.4921068105451252,0.2099174399222723,0.47213415124646124,0.1387748399807375,38.30721333739142,48.90700461647727,0.8015151007450309,2.432576210241235,0.030805687203791468,-0.005833029529711995,0.0038325089504708874,0.37976842789771476,0.4966501411748536,0.6560675965223454,917,234,1342,867,0.0,0.0,1.0,nado,1.0,1
AcuYN2,12,43,0,3,210.0,215.0,12,12,185.2,920,1344,426,848,2.0,0.5941524957810883,0.2810807287104165,0.5718659959344634,0.16120319766301291,45.34496126439271,61.33675841896047,0.7166784185112834,2.263860126534579,0.03317535545023697,-0.015600315955766192,0.004608883714442156,0.47167160359467203,0.3903625707284048,0.5517579117448365,917,227,1341,860,0.0,0.0,1.0,nado,1.0,1
AcuYN2,12,44,0,3,215.0,220.0,13,13,185.2,920,1344,426,848,1.0,0.39887635900683727,0.14689586444053523,0.37543237321925926,0.1347326349237858,35.986066823125526,48.78122133027523,0.8523954397586981,2.1345050158720964,0.04028436018957346,-0.0071090047393364926,0.012433215512036995,0.41773898788592806,0.4758438927029811,0.6330246983170528,916,199,1342,833,0.0,0.0,1.0,nado,1.0,1
AcuYN2,12,45,0,3,220.0,225.0,12,12,185.2,920,1344,426,848,2.0,0.5419315608627515,0.21246250997902147,0.5293353147603808,0.1161634245649926,37.769434080123865,52.126772772981035,0.7816243926567797,2.1706692693979774,0.004739336492890996,-0.022116903633491312,0.007311984289579116,0.40493273103137595,0.45861045655563054,0.6255152720395762,916,202,1341,836,0.0,0.0,1.0,nado,1.0,1
AcuYN2,12,46,0,3,225.0,230.0,13,13,185.2,920,1344,426,848,1.0,0.266927041446108,0.1079588444864828,0.2314383789429118,0.13298993272969734,34.81533984946229,45.466785211031336,0.9420440077578084,2.2555269886885765,0.04739336492890995,-0.026977761574917974,0.011001634299858759,0.38867654296409027,0.5215983183575339,0.6774166030129891,917,195,1341,828,0.0,0.0,1.0,nado,1.0,1
AcuYN2,12,47,0,3,230.0,235.0,12,12,185.2,920,1344,426,848,2.0,0.9581929839123546,0.22588400232479658,0.9543191473213971,0.0860741510247041,35.5106125167411,44.769377106207195,0.8546819245001802,2.4798041522777217,0.04028436018957346,-0.009083728278041074,0.004745011081535384,0.39973801346926474,0.4886391111144148,0.6458205467505815,917,200,1341,833,0.0,0.0,1.0,nado,1.0,1
AcuYN2,12,48,0,3,235.0,240.0,13,13,185.2,920,1344,426,848,2.0,1.0827026873677128,0.28047225211246146,1.0670919336798874,0.18319365247897096,39.62545188038678,52.084637834969485,0.8507507291962272,2.2793533126349907,0.03317535545023697,-0.015129420342690486,0.0051406779891854815,0.4394864567079209,0.46126276245690795,0.623122783631906,917,194,1342,827,0.0,0.0,1.0,nado,1.0,1
AcuYN2,12,49,0,3,240.0,245.0,12,12,185.2,920,1344,426,848,1.0,0.5758349768821134,0.2052104611544581,0.5450026351775051,0.185897951173216,40.41207907205816,63.13071507085351,0.8653358016583802,2.6227647742825297,0.08530805687203792,0.004344391785150079,0.007124809159825928,0.34930282396122364,0.39744565354675215,0.5450348399232833,915,188,1341,822,0.0,0.0,1.0,nado,1.0,1
AcuYN2,12,50,0,3,245.0,250.0,13,13,185.2,920,1344,426,848,2.0,1.1492308541973166,0.3424368327287945,1.112888292692793,0.2867249626844765,43.66474693659544,64.33958283812693,0.8112879565267244,2.4331300722775255,0.03317535545023697,-0.016405395552314985,0.006702402947925375,0.37914463545729854,0.39267092766438666,0.5568040113727117,915,187,1340,820,0.0,0.0,1.0,nado,1.0,1
AcuYN2,12,51,0,3,250.0,255.0,12,12,185.2,920,1344,426,848,1.0,0.5293455298213583,0.23928713238319682,0.463673619968015,0.2553692700534098,46.649030045779625,62.42864642775622,0.8629299965643815,2.8186332690739717,0.09004739336492891,0.0254739336492891,0.02452966538103154,0.4470544277633663,0.37964040438555324,0.5401477732476834,910,174,1337,809,0.0,0.0,1.0,nado,1.0,1
AcuYN2,12,52,0,3,255.0,260.0,13,13,185.2,920,1344,426,848,2.0,0.948422004415891,0.27261891765001445,0.9173034208968698,0.24095379737857756,40.837979817254684,60.87840038314176,0.8017742549379747,2.6433974066585546,0.06635071090047394,0.0071090047393364926,0.016472159370847065,0.4557521811704288,0.4500471925069856,0.6086742769585037,911,181,1336,815,0.0,0.0,1.0,nado,1.0,1
AcuYN2,12,53,0,3,260.0,265.0,12,12,185.2,920,1344,426,848,2.0,0.8183291361438498,0.3996215852650087,0.7950782930714725,0.193682944392358,45.768496992698665,63.50802139037433,0.7923528854128463,2.5134022858589025,0.07582938388625593,-0.005924170616113744,0.009895973418509504,0.4758866902828802,0.3152893660377811,0.4683244980268321,912,190,1336,822,0.0,0.0,1.0,nado,1.0,1
AcuYN2,12,54,0,3,265.0,270.0,13,13,185.2,920,1344,426,848,2.0,0.9074839761143083,0.375059010033268,0.8684934049684838,0.26314705476308076,56.00057096361309,106.3364572631368,0.6611883247295991,2.082195691408641,0.035545023696682464,-0.07546481954064893,0.004137673597580981,0.38987251911783793,0.2748549272062882,0.4017508639432139,913,182,1337,815,0.0,0.0,1.0,nado,1.0,1
AcuYN2,12,55,0,3,270.0,275.0,12,12,185.2,920,1344,426,848,2.0,0.6939714686798669,0.31507454951858926,0.6663477294303903,0.19384814372248899,40.64283702455582,59.103512763768975,0.7503066388763256,2.4710190811147346,0.07819905213270142,-0.001579778830963665,0.011072502805529547,0.5012209656372664,0.3883520612948436,0.5505140293387475,930,135,1359,772,0.0,0.0,1.0,nado,1.0,1
AcuYN2,12,56,0,3,275.0,280.0,13,13,185.2,920,1344,426,848,2.0,1.2556191760671898,0.4261089732360115,1.217043733378362,0.3088431096076245,45.02408999274415,67.50840404258769,0.7131117032331608,2.4821793650044395,0.05924170616113744,-0.0025519504192489974,0.013077202671747267,0.4255139548141374,0.3586375382462136,0.5161415056045178,929,123,1358,760,0.0,0.0,1.0,nado,1.0,1
AcuYN2,12,57,0,3,280.0,285.0,12,12,185.2,920,1344,426,848,2.0,0.6934832733914961,0.2578520596153169,0.6862658829451451,0.09979072291202698,43.652662571642935,63.40103672505959,0.7884208580153865,2.47609642255084,0.061611374407582936,-0.010268562401263823,0.011655905807357668,0.534635372566972,0.3829887620018313,0.5443866019333673,927,152,1355,787,0.0,0.0,1.0,nado,1.0,1
AcuYN2,12,58,0,3,285.0,290.0,13,13,185.2,920,1344,426,848,1.0,0.22777872824914927,0.13227894687325137,0.17083986208067137,0.15065487236414551,35.36520608465385,49.803786515298356,0.8977990449260569,2.292685803072208,0.06872037914691943,-0.013671162960262486,0.00621099811177015,0.3876937332917798,0.43750166594793705,0.6016109227777151,923,273,1351,909,0.0,0.0,0.999,nado,0.999,1
AcuYN2,12,59,0,3,290.0,295.0,12,12,185.2,920,1344,426,848,1.0,0.1898876547139153,0.08835812144149348,0.13726182288937439,0.1312117120909454,32.106612196616844,37.57551207082421,0.7579982798294602,1.8001243875794681,-0.0071090047393364926,-0.03672985781990521,0.0,0.35298069371858176,0.4982146467102997,0.6580092789678377,922,326,1350,962,0.0,0.005,0.995,nado,0.995,1
AcuYN2,12,60,0,3,295.0,300.0,12,12,185.2,920,1344,426,848,1.0,0.34688758051984875,0.11674565829351122,0.3336268961213736,0.09499519831724502,34.5461715491353,44.09098899553493,0.7918181418079094,1.812734354447511,0.004739336492890996,-0.02981832543443918,9.480298779706966e-05,0.31326067267745056,0.47251410259741555,0.6357023436735103,921,310,1351,947,0.0,0.0,1.0,nado,1.0,1
AcuYN2,12,61,0,3,300.0,305.0,13,13,185.2,920,1344,426,848,1.0,0.26037970431447244,0.1013356710170665,0.23836393320032567,0.10478657246118307,27.173019662437202,34.82952795741498,0.829493121618505,1.787374017707908,-0.009478672985781991,-0.02880058330295297,0.0,0.36345782628122003,0.5635555937101945,0.7126054990385214,921,304,1350,940,0.0,1.0,0.0,inmovilidad,1.0,1
AcuYN2,12,62,0,3,305.0,310.0,12,12,185.2,920,1344,426,848,1.0,0.54563404741149,0.16278270914264856,0.5374135140299429,0.09435692148768153,29.08296229350653,41.34951074119896,0.8753798709824512,2.2037829951330576,0.0071090047393364926,-0.030213270142180094,0.00023336120073124843,0.294919940807479,0.593845680421459,0.735142882427081,922,306,1350,943,0.0,0.992,0.008,inmovilidad,0.992,1
AcuYN2,12,63,0,3,310.0,315.0,13,13,185.2,920,1344,426,848,2.0,0.7513955667747128,0.23334822376794215,0.7364080143790762,0.1493269370440516,36.53720643803293,49.704673891363605,0.7808378709294845,1.9827759551759476,0.06635071090047394,-0.008020415603353991,0.0059125650377580725,0.3786375236172479,0.48588639469093625,0.6483671894725067,920,309,1349,947,0.0,0.0,1.0,nado,1.0,1
AcuYN2,12,64,0,3,315.0,320.0,12,12,185.2,920,1344,426,848,2.0,0.9172832231325839,0.22437680908275492,0.8926474237182606,0.2111612852055368,32.48196710128826,40.72421341523181,0.7080063658816221,2.004512734875641,-0.004739336492890996,-0.030410742496050556,0.004633192172851661,0.4701669100191237,0.5073809478749285,0.6680565771649016,920,314,1347,949,0.0,0.0,1.0,nado,1.0,1
AcuYN2,12,65,0,3,320.0,325.0,13,13,185.2,920,1344,426,848,2.0,0.6876071783722093,0.24302088408343472,0.636802923431033,0.25939481193478253,34.005028862350756,45.88466142270862,0.7161649080692649,1.9920952933911282,-0.002369668246445498,-0.01913962814436748,0.002302197999521739,0.3722313098856353,0.5091672353344336,0.6685323857021122,919,305,1348,943,0.0,0.0,1.0,nado,1.0,1
AcuYN2,12,66,0,3,325.0,330.0,12,12,185.2,920,1344,426,848,1.0,0.16391554345954995,0.0873099349599337,0.15300591245612125,0.05880047738844791,32.00101254472904,38.88724056035521,0.7659953413404571,1.6648746323939205,-0.02132701421800948,-0.03751974723538705,0.002178037873491652,0.3937508401630036,0.5039490112793754,0.6664926241647408,916,306,1343,942,0.0,0.006,0.994,nado,0.994,1
AcuYN2,12,67,0,3,330.0,335.0,13,13,185.2,920,1344,426,848,1.0,0.2161955359725287,0.10995819565919525,0.20815085429230953,0.05842714807202786,35.90517281554021,42.16689072402535,0.7726731827963547,1.708233294370341,-0.011848341232227487,-0.024790375501275976,0.002811553697271676,0.4078862087281308,0.4709591588831873,0.6376856929757702,915,298,1342,934,0.0,0.0,1.0,nado,1.0,1
AcuYN2,12,68,0,3,335.0,340.0,12,12,185.2,920,1344,426,848,1.0,0.30650096759536427,0.0833665318009072,0.26677897592852035,0.15090335032538044,28.87974132726882,43.764817320703656,0.8462675454583904,1.9827038637000074,0.0,-0.0231042654028436,0.004669654860465919,0.3596144720185357,0.585638818097605,0.7331879378812638,915,296,1340,929,0.0,1.0,0.0,inmovilidad,1.0,1
AcuYN2,12,69,0,3,340.0,345.0,13,13,185.2,920,1344,426,848,2.0,0.8834624239559631,0.2900385877239629,0.8654482685610053,0.17749689852756267,40.525500437731665,61.034955678207055,0.767147820020727,2.1114217022947814,0.045023696682464455,-0.008567262121764492,0.002006008783209001,0.39017992762264736,0.45079112843316904,0.6145396583667103,915,305,1342,941,0.0,0.0,1.0,nado,1.0,1
AcuYN2,12,70,0,3,345.0,350.0,12,12,185.2,920,1344,426,848,2.0,0.901362647662452,0.2840324532384375,0.8988920486967606,0.06669113427439995,38.769342389354655,55.68443328550933,0.7599930135057248,2.0419690322061252,0.011848341232227487,-0.008688783570300158,0.0032500408893508244,0.367359146867804,0.457118629420666,0.6213138669916685,916,294,1343,930,0.0,0.0,1.0,nado,1.0,1
AcuYN2,12,71,0,3,350.0,355.0,13,13,185.2,920,1344,426,848,2.0,0.8608095247863562,0.22081688425437834,0.8334970744824817,0.21511779283001428,38.49542271922246,53.05019848892304,0.7719220670551029,1.7203723995233768,0.016587677725118485,-0.02971199416697047,0.002286490995626367,0.42400832629788104,0.43492187764506285,0.5980693578884884,915,287,1342,923,0.0,0.0,1.0,nado,1.0,1
AcuYN2,12,72,0,3,355.0,360.0,12,12,185.2,920,1344,426,848,2.0,0.6035481986143896,0.23164976890564384,0.5685760652096613,0.20246403661236612,39.52092088495806,55.08437350359138,0.7045548995262924,2.3367616285322383,0.009478672985781991,-0.02448657187993681,0.0032694876560784283,0.439064237484162,0.4223927882952334,0.5889694331515153,916,281,1343,917,0.0,0.0,1.0,nado,1.0,1
AcuYN2,12,1,0,4,0.0,5.0,13,13,185.2,1344,1727,426,848,2.0,1.4443769842553325,0.3334088028219487,1.4358849433988126,0.15639469929354502,48.790641369849205,71.87538140356511,0.7396846353049394,2.2301179154665416,0.1990521327014218,-0.08346498156924698,0.02653810501008149,0.24020945442963082,0.23787280793005072,0.3374541125628858,1325,322,1714,963,0.0,0.0,1.0,nado,1.0,1
AcuYN2,12,2,0,4,5.0,10.0,12,12,185.2,1344,1727,426,848,2.0,0.724642336319633,0.36935108664605437,0.6942174614699588,0.20777062298838717,52.81386212671811,68.46956753870795,0.8122639445268584,2.89208896465095,0.08767772511848342,0.014218009478672985,0.015929332795748655,0.3963518452128207,0.24245175377941117,0.3746296852518483,1354,302,1738,935,0.0,0.0,1.0,nado,1.0,1
AcuYN2,12,3,0,4,10.0,15.0,13,13,185.2,1344,1727,426,848,2.0,0.913285091755622,0.25534422463467393,0.9023943918616937,0.1406201278609824,41.93210325637069,57.77631852005573,0.8812512194830535,2.346594811893342,0.05924170616113744,-0.031170251549398467,0.008582755699971396,0.47037091408162196,0.4099249509737569,0.5700405819586197,1353,270,1737,903,0.0,0.0,1.0,nado,1.0,1
AcuYN2,12,4,0,4,15.0,20.0,12,12,185.2,1344,1727,426,848,2.0,0.9668790816626691,0.22362575377249286,0.9418007250390389,0.2187842610262149,42.9535501233343,62.78920098172893,0.878770974386478,2.7779252537820316,0.08767772511848342,-0.03337282780410743,0.006198656894423786,0.36464146121762137,0.32808154576603565,0.481804577256868,1353,281,1737,914,0.999,0.0,0.001,escalamiento,0.999,1
AcuYN2,12,5,0,4,20.0,25.0,13,13,185.2,1344,1727,426,848,1.0,0.9405081576548789,0.26164660005123247,0.8826030323101419,0.3249114986766662,42.77793060958986,52.10999636975677,0.9284191172367378,2.2979900422650172,0.0995260663507109,-0.005833029529711995,0.009529663649092423,0.47653479118170594,0.4362603639889947,0.6021857730941207,1354,270,1738,903,1.0,0.0,0.0,escalamiento,1.0,1
AcuYN2,12,6,0,4,25.0,30.0,12,12,185.2,1344,1727,426,848,2.0,0.6897638630410139,0.18628103891751346,0.6750407568964055,0.14175388278982134,39.70176641832624,57.65696614262481,0.916204492676019,2.3939833289283934,0.08530805687203792,-0.01796998420221169,0.00834266292614213,0.5025749467706758,0.4365391075602996,0.5938370712109371,1352,254,1737,888,0.0,0.0,1.0,nado,1.0,1
AcuYN2,12,7,0,4,30.0,35.0,13,13,185.2,1344,1727,426,848,1.0,0.3388157390230567,0.1894530378683637,0.18356199575242113,0.28478254638430384,34.7989737040602,47.436746894168195,0.8650753964016829,2.1437747016211732,-0.009478672985781991,-0.07163689391177543,0.0,0.35697756524552926,0.45645043293002757,0.6106264796887381,1351,247,1735,881,0.0,0.0,1.0,nado,1.0,1
AcuYN2,12,8,0,4,35.0,40.0,12,12,185.2,1344,1727,426,848,2.0,1.032907478367874,0.3708421432525678,0.8532019148917145,0.5821892744575359,44.61168442756597,57.94879652904514,0.7881649301496805,2.643876000063377,0.04976303317535545,-0.02409162717219589,0.005707626034551784,0.3286649427715539,0.34961405576723004,0.5068596113548229,1353,239,1739,873,0.0,0.0,1.0,nado,1.0,1
AcuYN2,12,9,0,4,40.0,45.0,13,13,185.2,1344,1727,426,848,2.0,1.14077345717599,0.2991514898874165,1.1335179356976965,0.12845688011505152,44.91685385541485,59.710979607712396,0.9124495801754099,2.5477556373283488,0.06635071090047394,-0.054502369668246446,0.012574578547095348,0.38764212456469505,0.33023479550250195,0.48776473648534235,1356,222,1740,855,1.0,0.0,0.0,escalamiento,1.0,1
AcuYN2,12,10,0,4,45.0,50.0,12,12,185.2,1344,1727,426,848,1.0,0.6461785801497523,0.23214049535316836,0.6017903414827388,0.2353617265879022,38.273691419964585,67.74601963646013,0.8841837297869667,2.6492603623601636,0.08056872037914692,0.008096366508688783,0.006667810141727234,0.31897802209536613,0.42242180738459195,0.5813451585245405,1351,336,1733,968,0.0,0.0,1.0,nado,1.0,1
AcuYN2,12,11,0,4,50.0,55.0,13,13,185.2,1344,1727,426,848,1.0,0.5688037404028878,0.17088860575045137,0.5365824451065029,0.1887246001448744,39.93490974914592,52.5666495351119,0.8708934222871003,2.627954978639223,0.08056872037914692,-0.011483776886620488,0.006695671374827359,0.3201311779646847,0.4054603065269941,0.5675083069383647,1355,335,1741,972,0.0,0.0,1.0,nado,1.0,1
AcuYN2,12,12,0,4,55.0,60.0,12,12,185.2,1344,1727,426,848,1.0,0.35607627710391004,0.13285208262034182,0.3367487677862575,0.11571768451977327,38.30430008646411,53.55218960916653,0.8716437941493044,2.2608796549868364,0.004739336492890996,-0.03870458135860979,0.00036948856782447663,0.27877426273188577,0.45443562373407226,0.6150371331322232,1357,315,1741,949,0.0,0.0,1.0,nado,1.0,1
AcuYN2,12,13,0,4,60.0,65.0,13,13,185.2,1344,1727,426,848,2.0,0.9735406480452489,0.2942956586599125,0.8986651604632143,0.3744092984502235,40.89662724703809,64.24556553789449,0.7598165436006875,2.0082731522138486,0.011848341232227487,-0.03590958804228946,0.0002490682046266209,0.28149419223976774,0.4375996950028347,0.599710784429154,1357,320,1739,952,0.0,0.0,1.0,nado,1.0,1
AcuYN2,12,14,0,4,65.0,70.0,12,12,185.2,1344,1727,426,848,2.0,0.6408081569979482,0.24414311525249138,0.5782307755095277,0.2761960613925501,39.75462665994517,64.13251566067561,0.903697453627999,2.6760766218187952,0.1066350710900474,0.008096366508688783,0.015399408402421443,0.3552195027380972,0.41464226772598556,0.5709992770489417,1357,290,1741,924,0.0,0.0,1.0,nado,1.0,1
AcuYN2,12,15,0,4,70.0,75.0,13,13,185.2,1344,1727,426,848,2.0,0.7408763581351772,0.21199500196626758,0.7153558441876099,0.19277913328541368,41.99984422149253,63.125967150807654,0.9029852306458673,2.92862623044936,0.10900473933649289,0.015858549033904483,0.012657601281970887,0.3689485460715024,0.4246155958400311,0.5900616756865663,1361,316,1744,948,0.0,0.0,1.0,nado,1.0,1
AcuYN2,12,16,0,4,75.0,80.0,12,12,185.2,1344,1727,426,848,1.0,0.1640914173884668,0.0545354839586504,0.07392390674906282,0.14649658450459482,30.44379956084634,42.4406610566496,0.8189530496157392,2.1316507838808745,0.009478672985781991,-0.03850710900473934,0.00014585075045703025,0.31640618719564045,0.5938653050033528,0.7391459002711255,1364,322,1748,956,0.0,1.0,0.0,inmovilidad,1.0,1
AcuYN2,12,17,0,4,80.0,85.0,13,13,185.2,1344,1727,426,848,2.0,0.5239398513719274,0.16104125302095867,0.4962648771018212,0.16803017470309234,33.39330366295872,48.23251523212907,0.839862283950843,1.8775089598175159,-0.016587677725118485,-0.060699963543565445,4.712101168611747e-05,0.3706763164999934,0.5436084153094558,0.6965889799955305,1363,287,1747,920,0.0,0.0,1.0,nado,1.0,1
AcuYN2,12,18,0,4,85.0,90.0,12,12,185.2,1344,1727,426,848,1.0,0.5660345944981786,0.26158823426646904,0.5427966255265037,0.16052098145027038,40.8123202698207,53.83417242654379,0.6956948529916659,1.8132518361124668,0.04976303317535545,-0.028238546603475512,0.0021561602609230976,0.39893097265006916,0.40675846735819493,0.5703309518134697,1337,284,1722,918,0.0,0.0,1.0,nado,1.0,1
AcuYN2,12,19,0,4,90.0,95.0,13,13,185.2,1344,1727,426,848,1.0,0.8781221853550617,0.24921605628490054,0.7946460081779283,0.37367940015424095,36.09445337587034,47.25798859418847,0.8459012129440183,2.210965220174572,0.016587677725118485,-0.03718556325191396,0.00016155775435240275,0.26979471819541456,0.4633906981815998,0.6226469102930932,1336,268,1721,902,0.0,0.0,1.0,nado,1.0,1
AcuYN2,12,20,0,4,95.0,100.0,12,12,185.2,1344,1727,426,848,2.0,0.9402488662919358,0.28291949502742747,0.9035569801154089,0.2601013537988477,37.55406814225126,52.86082919455841,0.8118171542777407,2.0823966867800867,-0.02843601895734597,-0.06299368088467615,0.0006903602188299433,0.3407024913759408,0.4552691291586741,0.6153296985532115,1337,263,1723,897,0.0,0.0,1.0,nado,1.0,1
AcuYN2,12,21,0,4,100.0,105.0,13,13,185.2,1344,1727,426,848,2.0,0.3742719625753356,0.13526219808370965,0.3543319845413858,0.12053359158739349,29.98138481630146,42.922125551090474,0.8310836888823433,1.566279435371225,-0.02132701421800948,-0.04575282537367845,0.0,0.38462862367448286,0.5565817919412818,0.7089122306246083,1339,254,1724,889,0.0,0.002,0.998,nado,0.998,1
AcuYN2,12,22,0,4,105.0,110.0,12,12,185.2,1344,1727,426,848,2.0,0.975843257037382,0.27656581680999,0.9491256717116442,0.22678298349577772,37.63429796493514,55.213650151668354,0.7557598301792571,1.9892999004993712,0.030805687203791468,-0.0339652448657188,0.0007049452938756463,0.31049923180213074,0.40582349446276494,0.5699458117689589,1341,250,1726,884,0.0,0.0,1.0,nado,1.0,1
AcuYN2,12,23,0,4,110.0,115.0,13,13,185.2,1344,1727,426,848,1.0,0.3853629405246397,0.14794864959283005,0.21623500178010804,0.31897808691970314,32.43871291325258,48.35131211013121,0.8871569470382,2.060875545716881,0.011848341232227487,-0.034633612832664966,0.0002827260701167048,0.24671439790001437,0.5040214290646332,0.6624019871416272,1341,239,1725,873,0.0,0.006,0.994,nado,0.994,1
AcuYN2,12,24,0,4,115.0,120.0,12,12,185.2,1344,1727,426,848,1.0,0.5019509305855095,0.17702597939964923,0.4394658516854365,0.2425376299011207,33.796693603973324,41.17507013420274,0.9006985213885544,2.1083881293565745,-0.016587677725118485,-0.044233807266982623,0.0,0.3423724824686738,0.46951304424919527,0.6307570740206547,1337,253,1722,886,0.0,0.0,1.0,nado,1.0,1
AcuYN2,12,25,0,4,120.0,125.0,13,13,185.2,1344,1727,426,848,2.0,0.5169976736161432,0.18688222582706823,0.47824338409687767,0.19639210801880616,34.00740045191686,44.72901215754005,0.7795610418913643,1.677004448440331,-0.023696682464454975,-0.03590958804228946,0.0,0.35240682711197585,0.4981980858558904,0.6581516484674353,1368,280,1753,913,0.0,0.0,1.0,nado,1.0,1
AcuYN2,12,26,0,4,125.0,130.0,12,12,185.2,1344,1727,426,848,2.0,0.5047693999482131,0.12019975377753538,0.5015009571596077,0.057349255375082106,25.88013768271961,36.44506530697772,0.718613625188835,1.8488822730494665,-0.02132701421800948,-0.05134281200631912,0.0,0.37270457687205416,0.5717100142295221,0.722884733027859,1366,276,1751,910,0.0,0.001,0.999,nado,0.999,1
AcuYN2,12,27,0,4,130.0,135.0,13,13,185.2,1344,1727,426,848,2.0,0.9149067336524833,0.20618055065936636,0.9035565186807908,0.14366610188943635,34.82526949036294,55.065806125031635,0.7731302781367945,1.905879120076101,-0.014218009478672985,-0.034633612832664966,0.0,0.3119186587851043,0.5293508811050187,0.6817358335740147,1364,278,1749,912,0.0,0.0,1.0,nado,1.0,1
AcuYN2,12,28,0,4,135.0,140.0,12,12,185.2,1344,1727,426,848,1.0,0.6766758315137149,0.2621719798247786,0.6447953678041435,0.2052537809958612,36.77848060406,45.14243313080522,0.7467784722906184,1.8515350610198773,-0.0071090047393364926,-0.030213270142180094,0.0,0.33730903058197387,0.42197673934435637,0.5875722396891144,1365,282,1750,916,0.0,0.0,1.0,nado,1.0,1
AcuYN2,12,29,0,4,140.0,145.0,13,13,185.2,1344,1727,426,848,1.0,0.8134783032797585,0.3727528485565405,0.7797763581204843,0.2317235016636616,45.225034978250136,56.55622644567816,0.6472821206665074,2.1569403021066256,0.05687203791469194,-0.009660955158585489,0.0043014752096327226,0.32084248085537515,0.337890658581848,0.500690154768007,1364,272,1749,906,0.0,0.0,1.0,nado,1.0,1
AcuYN2,12,30,0,4,145.0,150.0,12,12,185.2,1344,1727,426,848,1.0,0.5498100505108949,0.24620632767070347,0.48417583698454064,0.2605088300290652,37.96977058380124,48.643916404237046,0.7959838301992006,2.0582727644873393,0.061611374407582936,-0.006121642969984202,0.0025037712161790193,0.316921526513922,0.45738711548315086,0.6200759069750279,1366,269,1751,903,0.0,0.0,1.0,nado,1.0,1
AcuYN2,12,31,0,4,150.0,155.0,12,12,185.2,1344,1727,426,848,2.0,0.9492002095339028,0.2321628627481363,0.9343107455016456,0.16746482800685136,39.78712866154205,51.75590141444723,0.7713722808726954,2.024624672006961,0.03317535545023697,-0.04265402843601896,0.0004983233973948533,0.3839399463489274,0.43851653523030815,0.5975132600106191,1365,283,1750,917,0.0,0.0,1.0,nado,1.0,1
AcuYN2,12,32,0,4,155.0,160.0,13,13,185.2,1344,1727,426,848,2.0,0.48892520872712025,0.23576507132693542,0.46963581177539704,0.13597817481832106,35.045242765172716,46.85975994946305,0.6406293633471116,2.028400281372411,-0.0071090047393364926,-0.04320087495442945,0.0,0.4378170265796128,0.4914726429398516,0.6558629973177398,1365,287,1750,921,0.0,0.0,1.0,nado,1.0,1
AcuYN2,12,33,0,4,160.0,165.0,12,12,185.2,1344,1727,426,848,1.0,0.19002540338881338,0.0974291697655265,0.06452194892994742,0.17873604012443184,31.725289030955707,39.081277571907535,0.834063968358964,1.877500741599726,0.0,-0.054107424960505524,4.1324379296158574e-05,0.3642525258830693,0.5247339092541915,0.6838865897665146,1363,301,1747,934,0.0,0.995,0.005,inmovilidad,0.995,1
AcuYN2,12,34,0,4,165.0,170.0,13,13,185.2,1344,1727,426,848,2.0,0.9204933113882967,0.23018413530685633,0.9085659317203019,0.1477020109132291,38.835886569998145,52.14693003794882,0.8294568760956462,2.0171654023498395,0.07582938388625593,-0.009660955158585489,0.005683691552425502,0.3354881400589604,0.4483881581723572,0.614462022503755,1354,270,1738,903,0.0,0.0,1.0,nado,1.0,1
AcuYN2,12,35,0,4,170.0,175.0,12,12,185.2,1344,1727,426,848,1.0,0.4133824355031417,0.1610340006606798,0.39941858260103225,0.10653559900564459,31.05619450988603,39.849728403714735,0.8470934851669565,1.5374819035735037,-0.0071090047393364926,-0.04285150078988941,0.0,0.34917885082333516,0.519352176627342,0.6725555137876714,1343,293,1727,927,0.0,0.0,1.0,nado,1.0,1
AcuYN2,12,36,0,4,175.0,180.0,13,13,185.2,1344,1727,426,848,1.0,0.3075776794932156,0.13104356498981354,0.2222854597893015,0.21258693113333682,29.833878365503832,40.81864897692236,0.7832861752769134,1.6215377301353884,-0.02132701421800948,-0.03827925628873496,0.0,0.42125062518539347,0.5557423015868586,0.7085921109245107,1345,269,1729,903,0.0,0.999,0.001,inmovilidad,0.999,1
AcuYN2,12,37,0,4,180.0,185.0,12,12,185.2,1344,1727,426,848,2.0,0.6447584505692782,0.18327186132703147,0.5853004119969979,0.27043832438587717,34.83043402682906,51.66040738383195,0.6878961053345277,1.7255064124586266,-0.016587677725118485,-0.032582938388625596,0.0,0.3242335108035011,0.48130153102549483,0.6371872336462995,1343,227,1726,860,0.0,0.0,1.0,nado,1.0,1
AcuYN2,12,38,0,4,185.0,190.0,13,13,185.2,1344,1727,426,848,2.0,0.5276207463561613,0.15872474651520402,0.5044775314052357,0.1545511963483691,30.98652328975933,39.34174850091249,0.8385927796025355,1.7790457753700575,0.037914691943127965,-0.01786365293474298,0.0010344183993952452,0.34456005673738765,0.523760576580786,0.6850777911592657,1343,221,1726,854,0.0,0.0,1.0,nado,1.0,1
AcuYN2,12,39,0,4,190.0,195.0,12,12,185.2,1344,1727,426,848,2.0,0.5914889697254282,0.19695753566212768,0.5697467618503426,0.1588956533952314,40.34976499890863,55.038921258531715,0.7697275538375026,1.9328683776965807,0.0071090047393364926,-0.029225908372827805,0.0017575015430072146,0.3768637541059205,0.44412763909995356,0.6073679928288279,1343,223,1726,856,0.0,0.0,1.0,nado,1.0,1
AcuYN2,12,40,0,4,195.0,200.0,13,13,185.2,1344,1727,426,848,2.0,1.1910844261796392,0.32114511888765673,1.1411895133192693,0.34112842886193123,36.97447891245454,46.40164185713799,0.8235750841339252,2.1134540130703856,0.054502369668246446,-0.04812249362012395,0.0021989805453521485,0.3588803565745687,0.44283728262087746,0.6062056685044204,1342,228,1725,861,0.0,0.0,1.0,nado,1.0,1
AcuYN2,12,41,0,4,200.0,205.0,12,12,185.2,1344,1727,426,848,2.0,1.1184974552849791,0.2576845643859936,1.1046786524768142,0.1752758746690034,37.24322066754064,59.79337512707557,0.8014985903325041,1.7433178670961638,-0.018957345971563982,-0.031990521327014215,0.0,0.2999833926941789,0.4726969152395473,0.6330788247256645,1341,233,1725,866,0.0,0.0,1.0,nado,1.0,1
AcuYN2,12,42,0,4,205.0,210.0,13,13,185.2,1344,1727,426,848,2.0,0.6964630701401672,0.18278309542719318,0.6928569605839229,0.07078163772812666,32.33162195856443,46.14986384854772,0.805787501290205,1.8537037817425692,0.0071090047393364926,-0.017499088589135983,0.0002490682046266209,0.3515025524591423,0.5542172935912265,0.7051961965958058,1341,234,1725,867,0.0,0.0,1.0,nado,1.0,1
AcuYN2,12,43,0,4,210.0,215.0,12,12,185.2,1344,1727,426,848,1.0,0.28444522358002505,0.12494749076459107,0.27548305701703774,0.07083904653535346,35.749864508571534,48.953062907700385,0.7680716647669117,1.931809959498916,-0.014218009478672985,-0.02567140600315956,0.0,0.3894944290954993,0.5394298043868847,0.6969423301760748,1341,226,1724,860,0.0,0.0,1.0,nado,1.0,1
AcuYN2,12,44,0,4,215.0,220.0,13,13,185.2,1344,1727,426,848,1.0,0.3354907069271733,0.07291005526742371,0.3351163906612341,0.015843583707027716,27.111567123134968,44.41164501486931,0.8191176874727167,1.7481192510490784,-0.02843601895734597,-0.035545023696682464,0.0,0.37835030983173257,0.6545248139910501,0.7860128781424396,1340,198,1725,832,0.0,1.0,0.0,inmovilidad,1.0,1
AcuYN2,12,45,0,4,220.0,225.0,12,12,185.2,1344,1727,426,848,2.0,0.42269003109623426,0.1847285018780292,0.34368406380596417,0.2460652894537413,35.22099322738192,50.035399980223474,0.7714296750978745,1.6446519874093337,-0.002369668246445498,-0.04403633491311216,0.0,0.3361762564200909,0.4709771802721668,0.6324078559196082,1340,201,1724,834,0.0,0.0,1.0,nado,1.0,1
AcuYN2,12,46,0,4,225.0,230.0,13,13,185.2,1344,1727,426,848,2.0,0.9460388739013482,0.2020780896678368,0.9405755792436817,0.10152403982773403,35.459764268903456,46.12065317062848,0.8188912593331945,1.840445491512953,0.002369668246445498,-0.02132701421800948,0.00011443674266628528,0.34071184078302136,0.5004189902026266,0.6608103949300635,1341,194,1725,828,0.0,0.0,1.0,nado,1.0,1
AcuYN2,12,47,0,4,230.0,235.0,12,12,185.2,1344,1727,426,848,1.0,0.19219937571620666,0.10074620552420988,0.11543422763424976,0.15367348215025187,26.471802450763136,37.87791852105443,0.9702752657445313,2.3456988718705425,-0.018957345971563982,-0.046800947867298576,0.0,0.16804194213906742,0.6219078379437019,0.7646477475194925,1340,199,1724,832,0.0,1.0,0.0,inmovilidad,1.0,1
AcuYN2,12,48,0,4,235.0,240.0,13,13,185.2,1344,1727,426,848,1.0,0.2331801406692512,0.0647809927423305,0.18467415165638737,0.14236725646202997,21.28745597017779,37.325413349663194,0.858219404958725,1.5523005037605142,-0.016587677725118485,-0.038643820634341956,0.0,0.2923881213700582,0.7274076506017402,0.8396591773702539,1341,193,1725,827,0.0,1.0,0.0,inmovilidad,1.0,1
AcuYN2,12,49,0,4,240.0,245.0,12,12,185.2,1344,1727,426,848,1.0,0.24672875692105256,0.07914581125799709,0.1833149549019935,0.16513844737397743,23.449295536634835,29.470124067119837,0.9217481219932305,1.7088267126839547,-0.02132701421800948,-0.030015797788309637,0.0,0.32580869890843706,0.6506764551193186,0.7867060665150397,1340,187,1725,821,0.0,1.0,0.0,inmovilidad,1.0,1
AcuYN2,12,50,0,4,245.0,250.0,13,13,185.2,1344,1727,426,848,1.0,0.3896918539657684,0.09385402549121816,0.371450361784856,0.11783195567068083,23.034006806447245,29.614944632561546,0.790174232115009,1.70824469137852,-0.03317535545023697,-0.04046664236237696,0.0,0.3291851437815173,0.6653261308576072,0.7955631634250737,1339,186,1723,820,0.0,1.0,0.0,inmovilidad,1.0,1
AcuYN2,12,51,0,4,250.0,255.0,12,12,185.2,1344,1727,426,848,1.0,0.4348583544657609,0.1946588133087131,0.42996441347258696,0.06505683358298021,30.666313878369326,51.982010548788146,0.6665727873741351,1.7878315681776131,0.023696682464454975,-0.03100315955766193,0.0015435871090035702,0.4382547658191255,0.4776112652545568,0.6391008686470899,1335,173,1720,808,0.0,0.0,1.0,nado,1.0,1
AcuYN2,12,52,0,4,255.0,260.0,13,13,185.2,1344,1727,426,848,1.0,0.7691946441080552,0.3058969644082761,0.7560302702800491,0.1416990858996407,42.72890349550914,56.491838630482384,0.743402771750267,1.8070439773173517,-0.02843601895734597,-0.038643820634341956,0.0012408533077344268,0.3737144998248983,0.3861491345829563,0.5513079068177614,1336,181,1719,815,0.0,0.0,1.0,nado,1.0,1
AcuYN2,12,53,0,4,260.0,265.0,12,12,185.2,1344,1727,426,848,2.0,0.1928500762462379,0.04742109272876313,0.1895462880514189,0.035543727915179305,19.041510712626483,28.591196285823994,0.9575866417797801,1.4867061593280109,-0.030805687203791468,-0.038112164296998416,0.0,0.3626724760864514,0.6898706678760588,0.8129604734997246,1336,190,1718,822,0.0,1.0,0.0,inmovilidad,1.0,1
AcuYN2,12,54,0,4,265.0,270.0,13,13,185.2,1344,1727,426,848,1.0,0.292064359596559,0.06965988896836647,0.27649182497610136,0.09409495665514224,32.88421769241374,75.55340209359606,0.8615385283425734,1.6378662338301946,-0.016587677725118485,-0.028071454611738975,0.0,0.47576066027543407,0.579110775943293,0.7169077125300579,1336,181,1720,815,0.0,0.004,0.995,nado,0.995,1
AcuYN2,12,55,0,4,270.0,275.0,12,12,185.2,1344,1727,426,848,1.0,0.33907152498443904,0.11876491806539946,0.3330578128117914,0.06357666537573975,29.245878413380325,37.36024018075459,0.8254122169243573,1.676145736075502,-0.014218009478672985,-0.026066350710900472,0.0,0.4112991162888253,0.5842827222114546,0.7345875426678395,1354,132,1743,769,0.0,0.996,0.004,inmovilidad,0.996,1
AcuYN2,12,56,0,4,275.0,280.0,13,13,185.2,1344,1727,426,848,1.0,0.6122429020495077,0.1784105788324604,0.5771408548093576,0.2043276898022566,31.92950683692823,47.17068461254508,0.8965487736721163,1.9423647244569362,0.035545023696682464,-0.016769959897921984,0.0013911917735901348,0.403557807226106,0.5420543817208343,0.6869214069500289,1353,119,1742,756,0.0,0.005,0.995,nado,0.995,1
AcuYN2,12,57,0,4,280.0,285.0,12,12,185.2,1344,1727,426,848,2.0,0.9880392064160481,0.23059873537755302,0.9759902926261135,0.15383244818583516,28.848087799718318,49.186835286382795,0.6460246862403121,1.7080672002630957,-0.023696682464454975,-0.03613744075829384,0.0,0.4184652498279474,0.543031500772346,0.6968359130311416,1351,149,1738,784,0.0,0.0,1.0,nado,1.0,1
AcuYN2,12,58,0,4,285.0,290.0,13,13,185.2,1344,1727,426,848,2.0,0.41817485375130914,0.17477131235939647,0.40219001530895787,0.11451375417699401,33.568582755828885,46.915044362832724,0.8126774340676188,1.5785640098809135,0.004739336492890996,-0.02934742982136347,0.0004958925515539029,0.3729089549108356,0.4879920820178733,0.6466654744203655,1347,270,1734,906,0.0,0.0,1.0,nado,1.0,1
AcuYN2,12,59,0,4,290.0,295.0,12,12,185.2,1344,1727,426,848,1.0,0.3927503519297905,0.17918915413205388,0.3834701827272153,0.08487318716844787,28.416181344939375,40.87191206466722,0.5564710510850089,1.5369825121137133,-0.02843601895734597,-0.0471958925750395,0.0,0.3827464010410207,0.5462778131726623,0.7010206619236955,1345,323,1733,958,0.0,0.0,1.0,nado,1.0,1
AcuYN2,12,60,0,4,295.0,300.0,12,11,185.2,1344,1727,426,848,2.0,1.2851954072377558,0.3452080557360279,0.907767457783685,0.9097722118057722,28.05723823188373,100.19196843082636,0.6687748421094885,1.6751498688753577,0.1872037914691943,-0.05084015510555795,0.007016747012896401,0.3627732456958581,0.637271521908662,0.7077205079561399,1345,307,1734,944,0.0,0.989,0.011,inmovilidad,0.989,1
AcuYN2,12,61,0,4,300.0,305.0,13,13,185.2,1344,1727,426,848,2.0,0.41842607736295817,0.16361832570427312,0.34503882521300555,0.23670359378974637,27.657982534544924,36.14046190515328,0.7658555714860492,1.580579184433988,0.0071090047393364926,-0.04885162231133795,0.0014068987774855074,0.40976656148017687,0.5614215720510909,0.715918723247887,1346,301,1733,937,0.0,0.005,0.995,nado,0.995,1
AcuYN2,12,62,0,4,305.0,310.0,12,12,185.2,1344,1727,426,848,2.0,0.4181790876063866,0.12316364262020091,0.40690777257874045,0.09643554285800444,25.096859945205335,32.30053551643481,0.7796929617931364,1.6172264852544733,-0.0071090047393364926,-0.04739336492890995,0.0,0.3779892357302806,0.5561635954186145,0.7117958588416281,1346,304,1734,940,0.0,0.0,1.0,nado,1.0,1
AcuYN2,12,63,0,4,310.0,315.0,13,13,185.2,1344,1727,426,848,2.0,0.9205469693394848,0.3477644157215017,0.9077597590124876,0.1529017419053842,41.54436413125874,58.88843164151806,0.7216259528719549,2.331217028935757,0.004739336492890996,-0.022785271600437477,0.0001907279044438088,0.3113442312140735,0.38585727005950266,0.547031907797312,1344,306,1733,943,0.0,0.0,1.0,nado,1.0,1
AcuYN2,12,64,0,4,315.0,320.0,12,12,185.2,1344,1727,426,848,2.0,0.9890359095428528,0.25804621436748976,0.9756931148507165,0.1619103949663659,39.83409092757959,53.496989860583014,0.8503278134891502,2.3164806109257423,0.07345971563981042,-0.006714060031595577,0.005087760345109406,0.3484641821460957,0.39435383802908297,0.5583793783715992,1344,312,1730,946,0.0,0.0,1.0,nado,1.0,1
AcuYN2,12,65,0,4,320.0,325.0,13,13,185.2,1344,1727,426,848,2.0,0.9841446756040845,0.24092370303552,0.9695857732383288,0.16865399744358395,34.5189039399135,46.88938222880009,0.6825175190059599,1.7420427232938127,0.011848341232227487,-0.03827925628873496,0.00027823835471802697,0.3553417929827112,0.49349013313767653,0.6570837894908893,1344,303,1732,940,0.0,0.0,1.0,nado,1.0,1
AcuYN2,12,66,0,4,325.0,330.0,12,12,185.2,1344,1727,426,848,1.0,0.27577209452444956,0.12536711779382517,0.22040771522768848,0.1657428344952267,25.35630607350038,36.35488370584228,0.8138357191977296,1.641592868999945,-0.009478672985781991,-0.04087677725118483,0.0,0.3466604945321105,0.5786409358244353,0.7278932648893525,1340,304,1726,940,0.0,1.0,0.0,inmovilidad,1.0,1
AcuYN2,12,67,0,4,330.0,335.0,13,13,185.2,1344,1727,426,848,1.0,0.19242298509509403,0.04829895056108375,0.1485697150046337,0.12228509711468809,19.18415948554221,24.689523473764616,0.8827215112167337,1.6724370130316486,-0.023696682464454975,-0.045570543200874954,0.0,0.34318905968309155,0.7184178520803015,0.835017759532739,1340,297,1726,933,0.0,1.0,0.0,inmovilidad,1.0,1
AcuYN2,12,68,0,4,335.0,340.0,12,12,185.2,1344,1727,426,848,1.0,0.20418951659733545,0.13414517010668367,0.10671893248848048,0.174081670881149,27.300056292802314,34.85785766644357,0.9090041887664314,1.8996739539402405,0.07345971563981042,-0.05884676145339652,0.006959511642641294,0.42457882711793793,0.6009165808092988,0.7479054034850701,1339,295,1723,928,0.0,1.0,0.0,inmovilidad,1.0,1
AcuYN2,12,69,0,4,340.0,345.0,13,13,185.2,1344,1727,426,848,1.0,0.17482794995139858,0.1215878627646484,0.056855617316131445,0.16532468316561305,37.1215421854255,52.02726995734309,0.9279893564261891,2.420713609299082,0.11374407582938388,-0.018775063798760483,0.010680762648853292,0.3837849331795314,0.4438198243233875,0.6088706209725091,1340,304,1726,939,0.0,0.001,0.999,nado,0.999,1
AcuYN2,12,70,0,4,345.0,350.0,12,12,185.2,1344,1727,426,848,2.0,0.5487754815836194,0.2869013914702347,0.5186087782046642,0.17944209193051344,36.18250805022859,44.04787056742135,0.8587074554383887,2.0399925441072355,0.05687203791469194,-0.023499210110584517,0.006451464861882638,0.5003969088971842,0.44815462149228075,0.6120565537883208,1340,293,1726,928,0.0,0.0,1.0,nado,1.0,1
AcuYN2,12,71,0,4,350.0,355.0,13,13,185.2,1344,1727,426,848,2.0,0.30565095661043656,0.1847122646836475,0.27617037357742297,0.1309672937606242,34.67834270563205,44.4733517568101,0.8894809274387222,2.0045808917408223,0.06398104265402843,-0.03572730586948596,0.006110024515299898,0.4642586457086227,0.48118179594248794,0.6450587915745319,1339,286,1726,921,0.0,0.0,1.0,nado,1.0,1
AcuYN2,12,72,0,4,355.0,360.0,12,12,185.2,1344,1727,426,848,1.0,0.739439878849204,0.31857271394493897,0.6993554708844814,0.2401525760354668,38.43348625232783,50.40350242092402,0.7278418687640595,2.001192830994107,0.04976303317535545,-0.03495260663507109,0.002472170220246663,0.4512038816138688,0.42534592377866093,0.5898799371853366,1340,280,1726,915,0.0,0.0,1.0,nado,1.0,1
