paso,t,s,cx,cy,area,above,largo,vert,elong,cabeza,me,iou,dice,gx0,gx1,g_agua,g_fondo,escala
12,0.0,1,397.406,657.4275,42067.0,11859.0,475.1667,0.9995,4.909,450.0,,,,341,646,565,876,215.8974
12,0.0,2,809.6484,588.7626,14287.0,3375.0,197.7697,0.6544,2.1499,510.0,,,,646,963,565,876,215.8974
12,0.0,3,1082.3031,592.2765,19546.0,5850.0,222.4635,0.8203,1.9481,477.0,,,,963,1256,565,876,215.8974
12,0.0,4,1363.7634,620.9979,16929.0,2773.0,205.6452,0.9983,2.0536,498.0,,,,1256,1561,565,876,215.8974
12,0.4005,1,483.8565,602.8618,53245.0,15077.0,424.1329,0.6198,2.2377,425.0,84.2962,0.2443,0.3926,341,646,565,876,215.8974
12,0.4005,2,822.2375,602.0305,17181.0,2708.0,238.5076,0.2849,2.6698,557.0,53.4289,0.4438,0.6147,646,963,565,876,215.8974
12,0.4005,3,1071.4812,620.3219,19020.0,3971.0,251.0783,0.8016,2.3723,508.0,58.729,0.4446,0.6155,963,1256,565,876,215.8974
12,0.4005,4,1361.2427,632.1442,22453.0,3617.0,226.3515,0.9492,2.0146,489.0,44.8681,0.5292,0.6921,1256,1561,565,876,215.8974
12,0.8011,1,538.9638,577.4782,13029.0,3632.0,245.5255,0.1275,3.1822,520.0,67.8707,0.1932,0.3239,341,646,565,876,215.8974
12,0.8011,2,833.782,614.5287,18752.0,2370.0,234.885,0.5986,2.3001,518.0,49.9399,0.5062,0.6721,646,963,565,876,215.8974
12,0.8011,3,1055.8906,618.6899,18532.0,4432.0,231.9049,0.8763,2.1209,501.0,43.0017,0.6073,0.7556,963,1256,565,876,215.8974
12,0.8011,4,1383.4425,640.4192,21833.0,2145.0,235.995,0.8427,2.0754,528.0,54.7574,0.4298,0.6012,1256,1561,565,876,215.8974
12,1.2016,1,548.2189,574.6989,11360.0,3674.0,201.0897,0.2477,2.7292,512.0,46.1244,0.6098,0.7576,341,646,565,876,215.8974
12,1.2016,2,840.3597,633.6505,14612.0,1086.0,212.9756,0.7277,2.5854,540.0,47.8964,0.4404,0.6115,646,963,565,876,215.8974
12,1.2016,3,1043.7203,607.086,11750.0,2483.0,148.2918,0.546,1.7262,531.0,50.7739,0.413,0.5846,963,1256,565,876,215.8974
12,1.2016,4,1427.072,603.1993,17400.0,4622.0,242.6778,0.7833,2.7806,486.0,61.5864,0.3596,0.5289,1256,1561,565,876,215.8974
12,1.6022,1,549.2907,571.3943,10848.0,4076.0,119.8676,0.8791,1.2072,496.0,49.9134,0.4903,0.658,341,646,565,876,215.8974
12,1.6022,2,854.2721,636.6605,12805.0,1518.0,202.0535,0.8611,3.2651,526.0,39.3935,0.4236,0.5951,646,963,565,876,215.8974
12,1.6022,3,1039.5428,597.0817,9701.0,2219.0,108.0062,0.3574,1.1393,534.0,38.0772,0.449,0.6197,963,1256,565,876,215.8974
12,1.6022,4,1432.4103,638.4572,16241.0,1220.0,255.8793,0.7529,3.1306,537.0,53.2905,0.3656,0.5355,1256,1561,565,876,215.8974
12,2.0027,1,524.5752,574.8754,9211.0,2866.0,113.3566,0.9991,1.1837,504.0,44.5995,0.4388,0.61,341,646,565,876,215.8974
12,2.0027,2,846.7036,643.873,14505.0,743.0,191.667,0.9972,1.9165,546.0,43.7241,0.3312,0.4975,646,963,565,876,215.8974
12,2.0027,3,1072.8796,589.2197,12657.0,2353.0,195.2895,0.2126,2.4325,541.0,53.7572,0.3665,0.5364,963,1256,565,876,215.8974
12,2.0027,4,1419.0846,655.3227,17612.0,1089.0,192.8759,0.8383,2.1587,543.0,32.4163,0.5579,0.7162,1256,1561,565,876,215.8974
12,2.4033,1,520.9844,566.5572,5908.0,2929.0,121.8994,0.9976,2.2204,494.0,48.678,0.3468,0.515,341,646,565,876,215.8974
12,2.4033,2,818.3067,646.5292,15629.0,454.0,194.973,0.8728,2.0573,552.0,52.0422,0.3634,0.5331,646,963,565,876,215.8974
12,2.4033,3,1099.5093,592.0312,15214.0,2972.0,240.0476,0.2914,3.0471,535.0,50.3095,0.516,0.6807,963,1256,565,876,215.8974
12,2.4033,4,1429.6696,618.9434,11752.0,1546.0,130.5353,0.9627,1.3505,562.0,31.8054,0.4489,0.6196,1256,1561,565,876,215.8974
12,2.8038,1,500.62,564.9691,9415.0,4044.0,139.6379,0.6112,1.752,516.0,50.5946,0.2813,0.4391,341,646,565,876,215.8974
12,2.8038,2,762.9496,612.6174,14437.0,2846.0,251.2648,0.8117,3.4663,503.0,60.4185,0.3176,0.4821,646,963,565,876,215.8974
12,2.8038,3,1121.4236,589.262,16254.0,4847.0,257.4566,0.5498,3.2884,499.0,49.705,0.5762,0.7311,963,1256,565,876,215.8974
12,2.8038,4,1404.254,634.879,12921.0,1029.0,184.3844,0.9262,2.1106,541.0,42.3253,0.4078,0.5793,1256,1561,565,876,215.8974
12,3.2044,1,508.4787,577.2501,15617.0,5706.0,170.3945,0.22,1.7715,534.0,45.5805,0.3914,0.5626,341,646,565,876,215.8974
12,3.2044,2,756.7306,631.635,16059.0,2406.0,239.0303,0.8418,2.9971,513.0,58.3116,0.4749,0.644,646,963,565,876,215.8974
12,3.2044,3,1128.9177,608.0522,17591.0,4804.0,263.206,0.7224,3.3273,499.0,56.967,0.4781,0.6469,963,1256,565,876,215.8974
12,3.2044,4,1380.9486,625.1745,14244.0,1963.0,238.4835,0.7426,3.5389,517.0,55.8323,0.3711,0.5413,1256,1561,565,876,215.8974
12,3.6049,1,520.7275,578.4412,15748.0,5452.0,269.2299,0.2911,3.1531,512.0,46.1964,0.5116,0.6769,341,646,565,876,215.8974
12,3.6049,2,767.1228,642.2242,19360.0,2883.0,213.7339,0.9828,1.921,500.0,47.7625,0.4417,0.6128,646,963,565,876,215.8974
12,3.6049,3,1140.3883,625.6034,17724.0,3532.0,238.6095,0.8686,2.589,500.0,52.7609,0.4847,0.6529,963,1256,565,876,215.8974
12,3.6049,4,1369.4393,652.2843,14589.0,1363.0,230.4798,0.7827,3.4997,528.0,51.8338,0.3592,0.5286,1256,1561,565,876,215.8974
12,4.0055,1,546.6514,581.1277,7119.0,2129.0,96.9118,0.2966,2.2075,561.0,51.9419,0.3493,0.5178,341,646,565,876,215.8974
12,4.0055,2,787.8828,640.7339,20083.0,3143.0,219.826,0.9891,1.8957,494.0,57.5155,0.3605,0.53,646,963,565,876,215.8974
12,4.0055,3,1149.4777,631.5835,21176.0,4410.0,237.6097,0.9795,2.1375,481.0,46.6058,0.5249,0.6884,963,1256,565,876,215.8974
12,4.0055,4,1354.7471,642.1065,14379.0,1798.0,228.7832,0.8494,3.098,523.0,40.6909,0.5547,0.7135,1256,1561,565,876,215.8974
12,4.406,1,544.0133,575.5544,8602.0,2972.0,131.775,0.725,1.6673,504.0,41.9148,0.282,0.4399,341,646,565,876,215.8974
12,4.406,2,818.7821,645.686,22669.0,3206.0,233.643,0.9312,1.9918,507.0,60.8813,0.375,0.5454,646,963,565,876,215.8974
12,4.406,3,1147.5083,624.3481,21661.0,4275.0,228.0475,0.9707,1.9386,479.0,45.7729,0.4854,0.6536,963,1256,565,876,215.8974
12,4.406,4,1340.9938,633.3647,16969.0,2875.0,210.4574,0.9857,2.1549,500.0,50.2513,0.4487,0.6195,1256,1561,565,876,215.8974
12,4.8065,1,527.143,601.2694,10580.0,2111.0,156.1179,0.9764,1.8401,515.0,46.9613,0.3732,0.5435,341,646,565,876,215.8974
12,4.8065,2,813.4257,659.2621,24132.0,2654.0,259.7319,0.7799,2.286,519.0,37.7027,0.5079,0.6737,646,963,565,876,215.8974
12,4.8065,3,1103.5272,622.6721,21873.0,4431.0,252.0447,0.7624,2.1912,495.0,55.7349,0.3817,0.5525,963,1256,565,876,215.8974
12,4.8065,4,1370.5368,636.1876,20687.0,2940.0,235.762,0.8584,2.2367,511.0,62.8068,0.4159,0.5875,1256,1561,565,876,215.8974
12,5.2071,1,504.8156,614.494,13151.0,1890.0,205.9727,0.6612,2.685,537.0,55.6756,0.2884,0.4477,341,646,565,876,215.8974
12,5.2071,2,777.8253,616.7752,19970.0,3489.0,254.7857,0.6779,2.598,506.0,46.6113,0.457,0.6273,646,963,565,876,215.8974
12,5.2071,3,1081.0165,614.575,19013.0,4714.0,235.5255,0.5304,3.3371,542.0,57.1959,0.3555,0.5245,963,1256,565,876,215.8974
12,5.2071,4,1391.6621,655.4765,16539.0,23.0,226.8566,0.555,2.811,564.0,45.732,0.4547,0.6251,1256,1561,565,876,215.8974
12,5.6076,1,526.7612,592.5214,15304.0,4114.0,271.9203,0.5091,3.7922,509.0,45.3144,0.5355,0.6975,341,646,565,876,215.8974
12,5.6076,2,755.1022,643.9618,16428.0,1597.0,227.3142,0.7651,2.7124,528.0,57.4362,0.3712,0.5414,646,963,565,876,215.8974
12,5.6076,3,1038.889,604.0005,15011.0,4708.0,239.8505,0.9077,3.1155,479.0,56.8442,0.2989,0.4602,963,1256,565,876,215.8974
12,5.6076,4,1367.095,622.8999,13762.0,2220.0,224.151,0.6361,3.0807,521.0,40.7438,0.4786,0.6474,1256,1561,565,876,215.8974
12,6.0082,1,563.9909,595.6251,13177.0,3650.0,218.642,0.7067,2.9214,498.0,75.2355,0.3705,0.5406,341,646,565,876,215.8974
12,6.0082,2,750.3885,657.1063,13598.0,861.0,182.5422,0.969,2.4535,542.0,48.9179,0.3483,0.5167,646,963,565,876,215.8974
12,6.0082,3,1033.2886,661.7339,15729.0,1959.0,183.9393,1.0,2.0634,529.0,42.9032,0.3735,0.5439,963,1256,565,876,215.8974
12,6.0082,4,1372.5437,682.1933,14570.0,1087.0,170.3237,0.8743,2.332,536.0,52.2314,0.2465,0.3955,1256,1561,565,876,215.8974
12,6.4087,1,584.1045,595.0643,13365.0,4561.0,198.1212,0.982,2.2613,476.0,62.8167,0.3589,0.5282,341,646,565,876,215.8974
12,6.4087,2,771.642,651.1031,15633.0,973.0,191.8294,0.9968,1.8751,538.0,48.8091,0.3614,0.5309,646,963,565,876,215.8974
12,6.4087,3,1040.1831,631.1425,14744.0,2538.0,193.784,0.9858,2.2477,508.0,40.0297,0.3889,0.56,963,1256,565,876,215.8974
12,6.4087,4,1335.869,633.8793,11707.0,1014.0,167.5686,0.9607,2.0838,539.0,37.4136,0.3615,0.531,1256,1561,565,876,215.8974
12,6.8093,1,573.9562,596.1754,17293.0,5486.0,224.5014,0.8953,2.3359,470.0,58.3845,0.3518,0.5205,341,646,565,876,215.8974
12,6.8093,2,791.6311,655.1508,17471.0,1031.0,203.2199,0.9691,1.8882,538.0,49.5516,0.4053,0.5768,646,963,565,876,215.8974
12,6.8093,3,1074.6343,632.4212,15951.0,2869.0,218.3647,0.9583,2.6002,506.0,51.8391,0.3018,0.4637,963,1256,565,876,215.8974
12,6.8093,4,1347.5783,628.9072,11649.0,985.0,139.8299,0.7906,1.4831,564.0,41.6892,0.4086,0.5802,1256,1561,565,876,215.8974
12,7.2098,1,505.187,598.2361,19073.0,5295.0,243.0927,0.7573,2.3296,486.0,70.9508,0.1666,0.2856,341,646,565,876,215.8974
12,7.2098,2,815.9544,667.4231,17719.0,914.0,237.9553,0.8325,2.7561,542.0,43.1286,0.4867,0.6547,646,963,565,876,215.8974
12,7.2098,3,1092.1331,656.4307,17995.0,1841.0,245.9597,0.8732,2.8553,528.0,48.7437,0.3537,0.5225,963,1256,565,876,215.8974
12,7.2098,4,1371.1469,648.6413,14724.0,1090.0,180.0498,0.9903,1.8591,533.0,41.4635,0.408,0.5795,1256,1561,565,876,215.8974
12,7.6104,1,457.8011,601.9849,16448.0,5024.0,235.5789,0.8312,2.3368,478.0,74.4916,0.1818,0.3076,341,646,565,876,215.8974
12,7.6104,2,787.8657,628.0455,14777.0,1467.0,246.1581,0.6897,3.4007,531.0,42.1221,0.5028,0.6692,646,963,565,876,215.8974
12,7.6104,3,1127.3979,621.8086,15839.0,3185.0,261.9808,0.7919,3.6083,509.0,47.1151,0.4545,0.6249,963,1256,565,876,215.8974
12,7.6104,4,1397.8052,649.6767,15677.0,629.0,214.7766,0.8356,2.5094,552.0,51.1327,0.3632,0.5328,1256,1561,565,876,215.8974
12,8.0109,1,442.5165,635.8484,13851.0,2682.0,186.2255,0.8356,2.773,557.0,58.7412,0.2681,0.4228,341,646,565,876,215.8974
12,8.0109,2,768.0831,628.3097,14745.0,1429.0,235.336,0.732,3.0749,529.0,48.6114,0.579,0.7334,646,963,565,876,215.8974
12,8.0109,3,1146.2194,625.77,15929.0,3603.0,263.333,0.8504,3.6568,499.0,52.6961,0.4924,0.6599,963,1256,565,876,215.8974
12,8.0109,4,1379.7879,623.8538,14582.0,1724.0,223.463,0.7239,2.8036,532.0,32.1455,0.5979,0.7483,1256,1561,565,876,215.8974
12,8.4115,1,459.5227,650.6887,12069.0,1545.0,199.9589,0.9541,3.0341,530.0,41.1917,0.4095,0.5811,341,646,565,876,215.8974
12,8.4115,2,765.1931,635.3634,16576.0,2343.0,232.1608,0.874,2.7846,514.0,38.9259,0.6032,0.7525,646,963,565,876,215.8974
12,8.4115,3,1159.1917,652.8581,17523.0,1612.0,194.6785,0.8671,1.9836,556.0,48.7015,0.4128,0.5844,963,1256,565,876,215.8974
12,8.4115,4,1361.8764,628.1214,12593.0,1092.0,234.9589,0.6701,3.7351,534.0,61.9664,0.4735,0.6427,1256,1561,565,876,215.8974
12,8.812,1,475.6815,608.0768,13760.0,2866.0,204.2053,0.8591,2.3056,512.0,55.6295,0.2377,0.3841,341,646,565,876,215.8974
12,8.812,2,751.7919,631.2761,17130.0,2698.0,195.311,0.9991,1.7793,504.0,47.3048,0.4817,0.6502,646,963,565,876,215.8974
12,8.812,3,1167.704,635.8998,14623.0,1345.0,156.385,0.9963,1.4928,561.0,35.4985,0.5118,0.6771,963,1256,565,876,215.8974
12,8.812,4,1351.0838,653.406,14920.0,1443.0,231.0898,0.8316,3.0034,529.0,57.7201,0.4127,0.5843,1256,1561,565,876,215.8974
12,9.2125,1,535.2682,604.0393,15487.0,4104.0,268.2796,0.7117,3.7677,494.0,76.5833,0.1671,0.2863,341,646,565,876,215.8974
12,9.2125,2,757.1633,643.1118,20372.0,2811.0,215.9942,0.9119,1.8951,507.0,46.6827,0.4573,0.6276,646,963,565,876,215.8974
12,9.2125,3,1145.511,612.215,13895.0,2462.0,195.8291,0.8091,2.2078,519.0,45.4558,0.4352,0.6065,963,1256,565,876,215.8974
12,9.2125,4,1340.4542,660.6011,17153.0,1948.0,210.7859,0.9617,2.3952,518.0,46.9451,0.4846,0.6528,1256,1561,565,876,215.8974
12,9.6131,1,569.0957,617.2389,14116.0,3443.0,257.5318,0.8332,3.5593,496.0,84.7204,0.2246,0.3669,341,646,565,876,215.8974
12,9.6131,2,788.7908,654.8759,24142.0,2257.0,243.0137,0.813,2.0575,514.0,62.614,0.3374,0.5046,646,963,565,876,215.8974
12,9.6131,3,1112.3102,623.7994,15781.0,2568.0,240.5738,0.7998,3.1003,517.0,66.3232,0.2984,0.4597,963,1256,565,876,215.8974
12,9.6131,4,1335.7664,632.0634,16550.0,2340.0,204.6108,0.9848,1.9416,511.0,44.5658,0.5043,0.6704,1256,1561,565,876,215.8974
12,10.0136,1,575.6037,612.9658,17496.0,4839.0,224.7656,0.9818,2.2318,483.0,51.5383,0.4673,0.637,341,646,565,876,215.8974
12,10.0136,2,822.1066,636.3473,19825.0,2374.0,232.109,0.5998,2.5625,569.0,44.4611,0.4551,0.6256,646,963,565,876,215.8974
12,10.0136,3,1085.2342,629.0406,16218.0,2608.0,261.5915,0.8033,3.3872,521.0,57.9052,0.4181,0.5897,963,1256,565,876,215.8974
12,10.0136,4,1364.3161,613.8433,16817.0,2790.0,217.9504,0.7935,2.1672,505.0,61.1311,0.3761,0.5466,1256,1561,565,876,215.8974
12,10.4142,1,545.4063,616.6759,17437.0,3525.0,221.9092,0.8816,2.2214,495.0,54.2827,0.3389,0.5063,341,646,565,876,215.8974
12,10.4142,2,845.4942,627.68,18018.0,2395.0,237.1755,0.7216,2.4939,525.0,43.7275,0.5166,0.6813,646,963,565,876,215.8974
12,10.4142,3,1065.2157,623.2089,14914.0,3448.0,249.2106,0.8891,3.4925,498.0,57.2336,0.44,0.6111,963,1256,565,876,215.8974
12,10.4142,4,1386.4976,631.7332,21937.0,2507.0,234.1131,0.7133,1.9504,514.0,52.439,0.4665,0.6362,1256,1561,565,876,215.8974
12,10.8147,1,481.0983,596.7846,18409.0,5232.0,232.1091,0.4217,3.4397,555.0,69.8794,0.1361,0.2395,341,646,565,876,215.8974
12,10.8147,2,860.4842,630.7452,12747.0,1042.0,213.6408,0.7832,2.997,538.0,40.1352,0.5142,0.6791,646,963,565,876,215.8974
12,10.8147,3,1045.6719,639.0227,14853.0,2778.0,251.6747,0.9049,3.6704,512.0,55.3797,0.367,0.5369,963,1256,565,876,215.8974
12,10.8147,4,1403.6003,633.8215,18958.0,2653.0,252.3678,0.6845,2.5559,523.0,46.1744,0.4694,0.6389,1256,1561,565,876,215.8974
12,11.2153,1,432.7192,615.1872,15278.0,4165.0,244.715,0.968,2.9075,485.0,64.1548,0.2182,0.3582,341,646,565,876,215.8974
12,11.2153,2,863.3954,653.774,14971.0,508.0,180.3423,0.9621,1.6616,547.0,39.967,0.3596,0.529,646,963,565,876,215.8974
12,11.2153,3,1035.128,629.862,13813.0,3265.0,246.8602,0.9424,3.7794,502.0,35.262,0.6726,0.8042,963,1256,565,876,215.8974
12,11.2153,4,1421.8138,635.2465,18704.0,2370.0,246.7967,0.7511,2.6492,518.0,41.373,0.5484,0.7084,1256,1561,565,876,215.8974
12,11.6158,1,435.6563,657.8828,16325.0,2283.0,224.955,0.9152,3.0329,555.0,44.644,0.4657,0.6354,341,646,565,876,215.8974
12,11.6158,2,823.7665,645.715,16169.0,1025.0,215.9468,0.8391,2.4747,547.0,46.02,0.3599,0.5293,646,963,565,876,215.8974
12,11.6158,3,1019.3502,649.8506,14698.0,1720.0,185.9867,0.9967,2.4802,532.0,46.1092,0.348,0.5163,963,1256,565,876,215.8974
12,11.6158,4,1434.876,637.7415,16629.0,1567.0,223.4188,0.8469,2.3435,528.0,43.0848,0.5462,0.7065,1256,1561,565,876,215.8974
12,12.0164,1,427.7764,611.0399,13718.0,3123.0,192.901,0.9908,2.0129,506.0,48.105,0.47,0.6394,341,646,565,876,215.8974
12,12.0164,2,788.3846,623.6596,15360.0,1586.0,228.968,0.6859,2.7776,533.0,52.3911,0.4374,0.6086,646,963,565,876,215.8974
12,12.0164,3,1045.9943,617.8732,13445.0,1993.0,189.6885,0.8772,2.1027,520.0,42.2233,0.3593,0.5287,963,1256,565,876,215.8974
12,12.0164,4,1432.798,648.1961,17090.0,1488.0,195.3572,0.9861,1.7647,525.0,41.4156,0.5383,0.6999,1256,1561,565,876,215.8974
12,12.4169,1,456.9922,581.7511,15343.0,5877.0,241.5728,0.639,3.0433,479.0,55.6327,0.3891,0.5603,341,646,565,876,215.8974
12,12.4169,2,770.8705,637.3714,16871.0,2058.0,237.2335,0.7662,2.8879,522.0,60.0376,0.4251,0.5966,646,963,565,876,215.8974
12,12.4169,3,1082.0013,623.8929,15628.0,2368.0,210.5281,0.8574,2.2841,517.0,51.194,0.3174,0.4818,963,1256,565,876,215.8974
12,12.4169,4,1429.1315,620.9606,17633.0,2863.0,208.6808,0.8038,2.1375,504.0,51.7252,0.3929,0.5641,1256,1561,565,876,215.8974
12,12.8175,1,497.6409,595.1979,12817.0,1134.0,257.6424,0.232,3.5002,539.0,55.8457,0.2374,0.3837,341,646,565,876,215.8974
12,12.8175,2,748.6807,647.1506,18087.0,2173.0,200.8992,0.9695,1.9738,520.0,41.4084,0.4621,0.6321,646,963,565,876,215.8974
12,12.8175,3,1106.2181,642.1127,16330.0,2268.0,243.3631,0.8552,3.1369,519.0,51.2249,0.3413,0.5089,963,1256,565,876,215.8974
12,12.8175,4,1390.0985,610.313,16898.0,3366.0,220.2114,0.7898,2.2,497.0,64.5877,0.3425,0.5102,1256,1561,565,876,215.8974
12,13.218,1,551.7406,589.3234,17150.0,6001.0,239.3185,0.7116,2.5457,475.0,61.5978,0.2131,0.3513,341,646,565,876,215.8974
12,13.218,2,757.1282,633.6053,18778.0,2626.0,194.8996,0.9868,1.6422,509.0,38.0455,0.5416,0.7027,646,963,565,876,215.8974
12,13.218,3,1129.3334,648.0064,18085.0,2947.0,249.4436,0.9271,2.8912,507.0,48.971,0.4368,0.608,963,1256,565,876,215.8974
12,13.218,4,1367.6013,646.2314,19159.0,2068.0,208.8073,0.6797,2.294,566.0,64.9187,0.332,0.4985,1256,1561,565,876,215.8974
12,13.6186,1,564.1525,622.3892,14166.0,3097.0,243.2353,0.8257,3.318,509.0,59.3306,0.2893,0.4488,341,646,565,876,215.8974
12,13.6186,2,784.1053,632.3961,20668.0,2974.0,229.9359,0.7181,2.0505,515.0,51.9529,0.4034,0.5749,646,963,565,876,215.8974
12,13.6186,3,1136.9742,644.1061,17476.0,2986.0,269.1795,0.8095,3.6127,512.0,46.807,0.4913,0.6589,963,1256,565,876,215.8974
12,13.6186,4,1370.7213,665.5259,17615.0,1760.0,243.5639,0.8211,3.2455,529.0,42.5363,0.456,0.6264,1256,1561,565,876,215.8974
12,14.0191,1,576.3739,639.8428,16023.0,2885.0,232.2426,0.9598,2.6136,515.0,45.3731,0.45,0.6207,341,646,565,876,215.8974
12,14.0191,2,826.0524,624.7816,20023.0,3171.0,244.0285,0.7628,2.2158,508.0,59.6831,0.348,0.5163,646,963,565,876,215.8974
12,14.0191,3,1148.5947,631.9164,18096.0,4101.0,256.6124,0.8878,3.2033,497.0,38.4495,0.6135,0.7605,963,1256,565,876,215.8974
12,14.0191,4,1339.1161,643.6214,15524.0,1696.0,212.3197,0.8439,2.4323,527.0,35.7682,0.4963,0.6633,1256,1561,565,876,215.8974
12,14.4196,1,572.487,603.9676,16592.0,5019.0,198.9112,0.9997,1.788,477.0,57.7529,0.4297,0.6011,341,646,565,876,215.8974
12,14.4196,2,852.0257,636.6938,18940.0,2372.0,239.2584,0.84,2.3344,513.0,63.9466,0.3561,0.5252,646,963,565,876,215.8974
12,14.4196,3,1157.5098,631.2663,17665.0,3430.0,214.9745,0.9734,2.1548,499.0,43.3499,0.5097,0.6752,963,1256,565,876,215.8974
12,14.4196,4,1340.7263,660.7453,13692.0,1049.0,235.4726,0.8747,3.4902,536.0,36.2703,0.5887,0.7411,1256,1561,565,876,215.8974
12,14.8202,1,561.4347,586.7972,15850.0,4581.0,172.3448,0.4138,1.7856,535.0,55.802,0.408,0.5795,341,646,565,876,215.8974
12,14.8202,2,861.284,664.7758,17805.0,2115.0,254.6278,0.8731,3.4425,522.0,44.727,0.4019,0.5734,646,963,565,876,215.8974
12,14.8202,3,1149.9686,618.7961,19550.0,4196.0,214.1627,0.9997,1.8672,478.0,43.0978,0.544,0.7047,963,1256,565,876,215.8974
12,14.8202,4,1341.9448,659.8221,17135.0,1739.0,223.269,0.9217,2.6022,526.0,34.844,0.5617,0.7193,1256,1561,565,876,215.8974
12,15.2207,1,488.6808,583.3994,16620.0,5071.0,219.1906,0.3424,3.0238,549.0,60.8943,0.235,0.3806,341,646,565,876,215.8974
12,15.2207,2,858.3899,671.8994,16534.0,2061.0,253.163,0.9345,3.5301,520.0,30.9588,0.5807,0.7347,646,963,565,876,215.8974
12,15.2207,3,1122.7424,629.6271,21448.0,4396.0,228.1349,0.974,2.0755,480.0,56.0143,0.4088,0.5803,963,1256,565,876,215.8974
12,15.2207,4,1342.5343,624.4393,16791.0,2806.0,199.5157,0.9519,1.9669,497.0,45.0745,0.4643,0.6341,1256,1561,565,876,215.8974
12,15.6213,1,444.9391,601.8748,15309.0,4022.0,198.0282,0.8073,2.0918,495.0,66.7329,0.1805,0.3057,341,646,565,876,215.8974
12,15.6213,2,852.436,665.6791,18484.0,1696.0,240.5511,0.8909,2.6853,525.0,44.3661,0.4849,0.6531,646,963,565,876,215.8974
12,15.6213,3,1086.6342,640.7076,22982.0,4067.0,228.9904,0.9927,1.9961,479.0,57.3872,0.3831,0.554,963,1256,565,876,215.8974
12,15.6213,4,1339.1182,649.6316,19779.0,2208.0,198.1845,0.999,1.7006,511.0,43.2631,0.5246,0.6882,1256,1561,565,876,215.8974
12,16.0218,1,441.5609,622.3834,11193.0,1782.0,147.9964,0.9569,2.059,530.0,41.7834,0.4027,0.5741,341,646,565,876,215.8974
12,16.0218,2,851.3006,649.933,19831.0,2311.0,212.1566,0.98,1.859,515.0,40.2952,0.5668,0.7235,646,963,565,876,215.8974
12,16.0218,3,1067.0476,626.9951,22699.0,4927.0,230.3215,0.9377,1.9576,492.0,42.1992,0.5215,0.6855,963,1256,565,876,215.8974
12,16.0218,4,1357.8685,654.6751,20649.0,1620.0,213.5671,0.94,1.7944,530.0,47.6943,0.4408,0.6119,1256,1561,565,876,215.8974
12,16.4224,1,471.2296,609.2153,12478.0,2583.0,179.073,0.9989,1.9313,505.0,56.3958,0.2158,0.355,341,646,565,876,215.8974
12,16.4224,2,836.9293,639.7341,20529.0,2538.0,225.6343,0.8154,2.0202,512.0,49.1624,0.3695,0.5396,646,963,565,876,215.8974
12,16.4224,3,1073.5411,617.4851,21356.0,4641.0,199.2283,0.7103,1.8136,543.0,46.6686,0.4756,0.6446,963,1256,565,876,215.8974
12,16.4224,4,1389.9873,622.0871,17884.0,2800.0,228.5526,0.8366,2.3792,507.0,58.3243,0.4039,0.5754,1256,1561,565,876,215.8974
12,16.8229,1,507.6358,626.1718,17297.0,3246.0,217.6611,0.8935,2.4086,532.0,54.4517,0.2968,0.4578,341,646,565,876,215.8974
12,16.8229,2,792.4386,628.3348,21092.0,3114.0,246.3525,0.7912,2.1559,505.0,62.4384,0.3056,0.4682,646,963,565,876,215.8974
12,16.8229,3,1110.6924,615.6636,21710.0,5180.0,243.0963,0.8169,2.1734,493.0,59.462,0.3887,0.5598,963,1256,565,876,215.8974
12,16.8229,4,1408.7626,641.4704,21547.0,2670.0,245.2127,0.7917,2.2354,509.0,48.0408,0.4586,0.6288,1256,1561,565,876,215.8974
12,17.2235,1,506.3173,629.1373,15484.0,2283.0,227.5335,0.8674,2.5373,531.0,26.5927,0.6652,0.7989,341,646,565,876,215.8974
12,17.2235,2,767.2144,649.3295,19737.0,2154.0,239.6706,0.7992,2.3037,519.0,56.7487,0.3367,0.5038,646,963,565,876,215.8974
12,17.2235,3,1138.7926,642.5531,21859.0,4378.0,239.8229,0.943,2.2283,489.0,53.9658,0.3554,0.5245,963,1256,565,876,215.8974
12,17.2235,4,1423.865,659.7004,20206.0,1472.0,232.4358,0.8931,2.1296,534.0,54.7797,0.4242,0.5957,1256,1561,565,876,215.8974
12,17.624,1,482.649,602.2272,15940.0,3405.0,248.5753,0.6194,3.0564,510.0,49.3636,0.5109,0.6763,341,646,565,876,215.8974
12,17.624,2,750.0772,662.6725,17549.0,1899.0,245.7707,0.8831,3.2465,523.0,46.8445,0.4354,0.6067,646,963,565,876,215.8974
12,17.624,3,1157.7161,653.6685,23236.0,3505.0,225.3122,0.9933,1.8954,499.0,36.1383,0.4955,0.6626,963,1256,565,876,215.8974
12,17.624,4,1434.4963,647.3376,20052.0,1867.0,202.4482,0.9803,1.6727,518.0,45.3495,0.5029,0.6693,1256,1561,565,876,215.8974
12,18.0246,1,454.0087,608.2214,15481.0,3402.0,241.7875,0.7223,3.1218,500.0,68.0796,0.4098,0.5813,341,646,565,876,215.8974
12,18.0246,2,756.0908,660.6948,15558.0,1686.0,250.1715,0.8978,3.5042,523.0,23.2363,0.6364,0.7778,646,963,565,876,215.8974
12,18.0246,3,1152.8147,626.6253,20605.0,3562.0,217.8894,0.9464,1.8792,502.0,47.1476,0.4612,0.6313,963,1256,565,876,215.8974
12,18.0246,4,1408.8075,621.1563,20296.0,4032.0,222.6917,0.8155,2.1709,499.0,51.1079,0.4444,0.6153,1256,1561,565,876,215.8974
12,18.4251,1,434.5801,626.103,14193.0,2559.0,207.1952,0.9106,2.505,515.0,63.0057,0.3775,0.5481,341,646,565,876,215.8974
12,18.4251,2,758.8833,668.773,17706.0,1488.0,254.7083,0.8802,3.1822,523.0,32.4425,0.5662,0.723,646,963,565,876,215.8974
12,18.4251,3,1112.9466,613.8318,20833.0,5284.0,233.6691,0.9024,2.2379,478.0,55.0268,0.394,0.5653,963,1256,565,876,215.8974
12,18.4251,4,1378.1555,620.5825,19697.0,3266.0,264.4593,0.6735,2.95,508.0,60.5721,0.3534,0.5223,1256,1561,565,876,215.8974
12,18.8256,1,434.0128,611.1116,17472.0,4724.0,217.4115,0.99,2.1356,474.0,40.9112,0.5558,0.7145,341,646,565,876,215.8974
12,18.8256,2,758.8982,638.2515,16871.0,2212.0,225.5455,0.8664,2.5262,516.0,41.5897,0.5078,0.6736,646,963,565,876,215.8974
12,18.8256,3,1088.2571,623.4817,23393.0,6187.0,251.8392,0.8269,2.3771,485.0,55.152,0.3196,0.4844,963,1256,565,876,215.8974
12,18.8256,4,1358.1517,638.0196,15229.0,1730.0,206.3384,0.6721,2.8466,566.0,59.4484,0.3972,0.5685,1256,1561,565,876,215.8974
12,19.2262,1,443.2738,609.7233,18311.0,4120.0,211.3303,0.9015,1.8515,481.0,49.3968,0.4797,0.6484,341,646,565,876,215.8974
12,19.2262,2,754.7401,640.5649,18155.0,2394.0,211.6006,0.9887,1.9955,507.0,41.9011,0.5241,0.6878,646,963,565,876,215.8974
12,19.2262,3,1043.386,621.2847,20692.0,5275.0,244.4245,0.9691,2.2018,483.0,50.5006,0.3982,0.5696,963,1256,565,876,215.8974
12,19.2262,4,1366.6264,669.5171,15563.0,1073.0,221.2297,0.804,3.0672,536.0,34.8561,0.5236,0.6873,1256,1561,565,876,215.8974
12,19.6267,1,469.4981,637.0576,22110.0,3719.0,259.7216,0.8374,2.4214,491.0,59.3359,0.2916,0.4515,341,646,565,876,215.8974
12,19.6267,2,753.7498,642.7143,21662.0,2484.0,218.4266,0.9868,1.696,503.0,33.1316,0.6222,0.7671,646,963,565,876,215.8974
12,19.6267,3,1045.2675,621.5932,19349.0,4593.0,209.5186,0.8363,1.8573,527.0,40.0208,0.5697,0.7259,963,1256,565,876,215.8974
12,19.6267,4,1352.2955,668.3015,13957.0,396.0,191.4562,0.8379,2.4846,551.0,31.748,0.5246,0.6882,1256,1561,565,876,215.8974
12,20.0273,1,527.1984,621.4914,21298.0,5010.0,224.451,0.9979,2.0221,485.0,61.3811,0.2711,0.4266,341,646,565,876,215.8974
12,20.0273,2,766.921,655.3655,24758.0,3224.0,244.6164,0.9637,2.0063,512.0,37.9401,0.5862,0.7391,646,963,565,876,215.8974
12,20.0273,3,1036.3167,608.0316,15975.0,3999.0,201.8066,0.9242,1.8171,498.0,35.8985,0.6254,0.7695,963,1256,565,876,215.8974
12,20.0273,4,1344.116,668.6046,14379.0,721.0,203.1474,0.9728,2.5013,547.0,35.6706,0.3843,0.5552,1256,1561,565,876,215.8974
12,20.4278,1,544.5128,629.669,20182.0,3186.0,234.1536,0.9208,2.16,507.0,54.4695,0.3644,0.5342,341,646,565,876,215.8974
12,20.4278,2,768.5575,643.8728,22334.0,2989.0,247.6479,0.8961,2.0756,509.0,26.0416,0.7088,0.8296,646,963,565,876,215.8974
12,20.4278,3,1042.9075,616.4971,16581.0,3824.0,224.5164,0.8831,2.4298,498.0,28.1567,0.6782,0.8083,963,1256,565,876,215.8974
12,20.4278,4,1352.6101,662.9833,16009.0,971.0,143.4896,0.9279,1.422,571.0,39.1971,0.3723,0.5426,1256,1561,565,876,215.8974
12,20.8284,1,518.2477,601.497,18622.0,4470.0,233.0183,0.4343,2.6598,542.0,50.9005,0.4095,0.581,341,646,565,876,215.8974
12,20.8284,2,763.0778,652.099,20450.0,1902.0,227.3666,0.7191,2.5296,559.0,34.8753,0.5968,0.7475,646,963,565,876,215.8974
12,20.8284,3,1047.7221,630.7915,15017.0,3056.0,252.5453,0.8685,3.4531,516.0,41.3534,0.598,0.7485,963,1256,565,876,215.8974
12,20.8284,4,1387.8037,684.6179,18633.0,618.0,206.651,0.9357,2.0317,547.0,37.5506,0.3818,0.5526,1256,1561,565,876,215.8974
12,21.2289,1,471.3429,598.1247,18623.0,4685.0,206.5023,0.4143,2.1805,531.0,56.0894,0.3598,0.5291,341,646,565,876,215.8974
12,21.2289,2,763.531,656.1913,18558.0,1993.0,237.318,0.8673,2.7446,525.0,34.3361,0.5496,0.7093,646,963,565,876,215.8974
12,21.2289,3,1050.8105,620.1032,16273.0,3884.0,238.2118,0.8895,2.7785,507.0,40.266,0.6186,0.7643,963,1256,565,876,215.8974
12,21.2289,4,1406.6744,666.2074,16090.0,419.0,228.7924,0.7765,3.024,554.0,37.662,0.4185,0.59,1256,1561,565,876,215.8974
12,21.6295,1,450.3781,608.6491,13749.0,2843.0,163.0294,0.5127,2.2481,558.0,42.8854,0.46,0.6302,341,646,565,876,215.8974
12,21.6295,2,743.5385,657.0177,14469.0,2109.0,236.3388,0.9523,3.5226,511.0,41.4367,0.4407,0.6118,646,963,565,876,215.8974
12,21.6295,3,1056.6477,612.2646,18335.0,5116.0,220.3125,0.9154,2.2545,481.0,41.6969,0.5965,0.7472,963,1256,565,876,215.8974
12,21.6295,4,1392.0709,629.8764,13705.0,1422.0,252.0854,0.7498,3.5099,539.0,26.9582,0.647,0.7857,1256,1561,565,876,215.8974
12,22.03,1,430.6142,603.5213,10666.0,2204.0,140.1274,0.9387,1.2988,527.0,35.6879,0.4766,0.6455,341,646,565,876,215.8974
12,22.03,2,740.149,657.0509,15027.0,1739.0,249.6179,0.9061,3.3901,525.0,35.8753,0.5967,0.7474,646,963,565,876,215.8974
12,22.03,3,1052.2767,629.1373,21031.0,4551.0,228.8291,0.9273,2.0171,495.0,40.4193,0.6173,0.7633,963,1256,565,876,215.8974
12,22.03,4,1379.0469,643.0128,15975.0,1315.0,238.0676,0.6772,3.3647,529.0,51.3077,0.4892,0.657,1256,1561,565,876,215.8974
12,22.4306,1,435.3783,603.5366,9694.0,1714.0,129.5299,0.9655,1.5465,531.0,33.4607,0.5538,0.7129,341,646,565,876,215.8974
12,22.4306,2,760.4565,667.5393,16745.0,1677.0,250.1227,0.853,3.4148,527.0,36.4633,0.5573,0.7157,646,963,565,876,215.8974
12,22.4306,3,1058.2367,637.9105,22063.0,4831.0,248.1797,0.9408,2.2593,494.0,31.066,0.6973,0.8216,963,1256,565,876,215.8974
12,22.4306,4,1361.5413,658.7157,14575.0,1189.0,235.6296,0.8212,3.34,528.0,55.5117,0.3992,0.5706,1256,1561,565,876,215.8974
12,22.8311,1,463.8291,617.5773,12575.0,1262.0,193.4111,0.664,2.3479,537.0,56.4483,0.332,0.4985,341,646,565,876,215.8974
12,22.8311,2,755.2474,645.4189,18061.0,2399.0,220.5433,0.9244,2.3272,509.0,39.8455,0.5729,0.7285,646,963,565,876,215.8974
12,22.8311,3,1043.421,633.5863,22607.0,5204.0,240.2622,0.9719,2.0229,481.0,29.4489,0.6273,0.771,963,1256,565,876,215.8974
12,22.8311,4,1350.9522,669.5481,13862.0,541.0,218.6267,0.8701,3.125,557.0,42.1546,0.4417,0.6128,1256,1561,565,876,215.8974
12,23.2316,1,510.0056,603.6539,14673.0,3324.0,226.1955,0.7219,2.7717,511.0,59.5851,0.3635,0.5332,341,646,565,876,215.8974
12,23.2316,2,744.0465,643.1935,20074.0,2427.0,223.6988,0.9995,1.8396,505.0,48.1892,0.5063,0.6722,646,963,565,876,215.8974
12,23.2316,3,1043.6454,625.8741,18511.0,4413.0,242.3549,0.8926,2.382,496.0,36.0883,0.5838,0.7372,963,1256,565,876,215.8974
12,23.2316,4,1347.1794,672.7836,16697.0,220.0,177.5051,0.9741,1.8166,556.0,36.0718,0.4405,0.6116,1256,1561,565,876,215.8974
12,23.6322,1,540.9952,617.5933,15729.0,3310.0,258.8205,0.7434,3.6836,509.0,71.1951,0.2622,0.4155,341,646,565,876,215.8974
12,23.6322,2,754.3805,661.4236,24982.0,2545.0,227.1684,0.9999,1.8033,507.0,43.0155,0.5033,0.6696,646,963,565,876,215.8974
12,23.6322,3,1035.1776,616.2027,17614.0,4970.0,251.3746,0.9006,2.7886,492.0,20.8236,0.782,0.8777,963,1256,565,876,215.8974
12,23.6322,4,1358.3523,634.6984,12894.0,1454.0,161.0341,0.9135,2.0178,533.0,37.0318,0.3567,0.5258,1256,1561,565,876,215.8974
12,24.0327,1,564.5226,630.1989,13638.0,2557.0,258.491,0.8332,3.8025,507.0,70.1116,0.3297,0.4959,341,646,565,876,215.8974
12,24.0327,2,779.34,667.8583,23853.0,2468.0,239.2922,0.9917,2.021,504.0,44.8411,0.5369,0.6987,646,963,565,876,215.8974
12,24.0327,3,1031.3412,625.8003,18316.0,4567.0,238.6778,0.969,2.4967,497.0,38.6505,0.6263,0.7702,963,1256,565,876,215.8974
12,24.0327,4,1389.0374,629.4243,14574.0,940.0,213.1686,0.6565,2.4711,544.0,48.7701,0.2597,0.4123,1256,1561,565,876,215.8974
12,24.4333,1,575.2107,644.4987,14782.0,3217.0,254.8965,0.9359,3.5788,499.0,46.992,0.4402,0.6113,341,646,565,876,215.8974
12,24.4333,2,782.3166,654.4363,23068.0,2924.0,232.436,0.9908,1.9455,498.0,27.9285,0.6954,0.8204,646,963,565,876,215.8974
12,24.4333,3,1028.0136,634.8394,20753.0,4830.0,230.1449,0.9943,2.2065,486.0,29.272,0.6495,0.7875,963,1256,565,876,215.8974
12,24.4333,4,1398.9276,662.0598,17834.0,399.0,252.0204,0.6598,3.1956,553.0,50.3784,0.3569,0.526,1256,1561,565,876,215.8974
12,24.8338,1,575.2348,641.9672,18357.0,3491.0,229.1134,0.9733,2.2443,505.0,36.2041,0.5356,0.6976,341,646,565,876,215.8974
12,24.8338,2,780.7299,659.473,23282.0,2492.0,254.9956,0.8988,2.2601,523.0,40.7485,0.5386,0.7001,646,963,565,876,215.8974
12,24.8338,3,1028.2968,638.6924,21243.0,4264.0,223.7318,0.9978,1.9531,486.0,30.9086,0.652,0.7894,963,1256,565,876,215.8974
12,24.8338,4,1418.7782,651.766,17210.0,1427.0,246.54,0.6857,3.1109,533.0,36.6035,0.552,0.7113,1256,1561,565,876,215.8974
12,25.2344,1,548.8167,617.6951,16190.0,3111.0,197.4883,0.9786,1.9219,500.0,63.0483,0.2716,0.4271,341,646,565,876,215.8974
12,25.2344,2,776.4438,645.1895,21203.0,2539.0,233.4062,0.8974,1.9564,507.0,37.0306,0.5372,0.6989,646,963,565,876,215.8974
12,25.2344,3,1035.5412,628.9658,22594.0,5058.0,229.0956,0.999,1.9026,479.0,27.5271,0.728,0.8426,963,1256,565,876,215.8974
12,25.2344,4,1423.2143,647.8384,15733.0,1075.0,235.0433,0.7498,2.9581,540.0,26.5238,0.6226,0.7674,1256,1561,565,876,215.8974
12,25.6349,1,498.184,593.3974,17807.0,4446.0,209.8767,0.3436,1.9441,530.0,59.1467,0.3156,0.4798,341,646,565,876,215.8974
12,25.6349,2,763.071,664.8661,22339.0,1910.0,221.2804,0.991,1.8542,527.0,48.3825,0.4215,0.5931,646,963,565,876,215.8974
12,25.6349,3,1039.61,650.9172,23701.0,4676.0,234.9561,0.9796,2.0313,492.0,34.8575,0.6242,0.7686,963,1256,565,876,215.8974
12,25.6349,4,1415.359,682.1499,18300.0,87.0,193.2388,0.8067,1.8856,560.0,30.1782,0.5225,0.6863,1256,1561,565,876,215.8974
12,26.0355,1,473.597,597.4553,18473.0,5087.0,236.3118,0.6099,2.3469,492.0,48.1479,0.4621,0.6321,341,646,565,876,215.8974
12,26.0355,2,764.5892,638.6259,23392.0,4422.0,254.172,0.8273,2.468,499.0,42.4852,0.4731,0.6423,646,963,565,876,215.8974
12,26.0355,3,1035.652,628.7184,21931.0,5250.0,239.357,0.9936,2.1339,484.0,30.8838,0.6407,0.781,963,1256,565,876,215.8974
12,26.0355,4,1413.5677,664.8886,14746.0,288.0,138.0233,0.9983,1.3251,561.0,33.2095,0.4508,0.6215,1256,1561,565,876,215.8974
12,26.436,1,461.346,611.9165,18491.0,3977.0,240.227,0.6387,2.5433,509.0,53.4728,0.4505,0.6211,341,646,565,876,215.8974
12,26.436,2,794.4103,600.8374,20092.0,4597.0,219.2997,0.6475,1.9645,494.0,44.0242,0.4552,0.6257,646,963,565,876,215.8974
12,26.436,3,1037.6373,641.2295,23711.0,4651.0,236.2215,0.9893,1.8603,484.0,26.5162,0.7169,0.8351,963,1256,565,876,215.8974
12,26.436,4,1415.6513,628.068,13091.0,1002.0,164.7703,0.9524,1.6379,538.0,28.4741,0.5795,0.7338,1256,1561,565,876,215.8974
12,26.8366,1,451.7843,636.4835,17933.0,2838.0,231.8677,0.9122,2.2633,510.0,48.2896,0.4426,0.6136,341,646,565,876,215.8974
12,26.8366,2,820.5646,649.6762,23405.0,2741.0,230.5574,0.9144,1.863,505.0,59.692,0.3098,0.473,646,963,565,876,215.8974
12,26.8366,3,1041.6348,637.4931,19104.0,4581.0,241.8144,0.946,2.5102,494.0,35.4027,0.5792,0.7336,963,1256,565,876,215.8974
12,26.8366,4,1413.2565,659.7006,15106.0,10.0,179.9151,0.8384,1.8068,564.0,40.8517,0.5143,0.6792,1256,1561,565,876,215.8974
12,27.2371,1,440.8755,638.3027,17224.0,3035.0,195.4268,0.9982,1.7677,508.0,41.554,0.5116,0.6769,341,646,565,876,215.8974
12,27.2371,2,833.592,663.5952,24183.0,2034.0,255.4814,0.8745,2.2626,530.0,41.1045,0.5242,0.6878,646,963,565,876,215.8974
12,27.2371,3,1045.1752,644.8969,17983.0,3172.0,203.7279,0.8703,2.1357,520.0,34.5071,0.5784,0.7329,963,1256,565,876,215.8974
12,27.2371,4,1405.3925,656.1538,14789.0,505.0,221.0382,0.8649,2.6656,552.0,40.1553,0.5713,0.7271,1256,1561,565,876,215.8974
12,27.6376,1,450.592,587.1611,15734.0,4604.0,158.6175,0.4692,1.6421,537.0,55.0015,0.3442,0.5121,341,646,565,876,215.8974
12,27.6376,2,838.3013,635.2658,21214.0,3302.0,227.1339,0.8741,1.8864,499.0,35.4112,0.5601,0.718,646,963,565,876,215.8974
12,27.6376,3,1035.4725,618.6542,14987.0,3486.0,193.2331,0.9688,2.1314,502.0,38.9264,0.5018,0.6683,963,1256,565,876,215.8974
12,27.6376,4,1390.4838,624.7738,15260.0,782.0,240.7234,0.5775,3.1846,551.0,47.5803,0.4609,0.631,1256,1561,565,876,215.8974
12,28.0382,1,519.1872,577.2949,16888.0,6053.0,261.4961,0.2496,4.2445,534.0,56.0654,0.2934,0.4537,341,646,565,876,215.8974
12,28.0382,2,843.011,644.2245,21098.0,3281.0,241.0396,0.8505,2.3825,511.0,32.9723,0.5717,0.7275,646,963,565,876,215.8974
12,28.0382,3,1030.9281,632.7072,14363.0,2286.0,183.1734,0.9994,1.9826,510.0,32.8576,0.5721,0.7278,963,1256,565,876,215.8974
12,28.0382,4,1370.0589,621.602,13966.0,1016.0,221.4816,0.6377,2.8431,543.0,38.1338,0.6493,0.7874,1256,1561,565,876,215.8974
12,28.4387,1,556.4185,594.0681,9032.0,2601.0,142.261,0.7112,2.1958,531.0,53.2976,0.2375,0.3838,341,646,565,876,215.8974
12,28.4387,2,855.3227,653.1994,19218.0,1674.0,246.8979,0.8917,2.3296,524.0,41.9992,0.4681,0.6377,646,963,565,876,215.8974
12,28.4387,3,1031.7735,648.0616,16594.0,2404.0,201.996,0.9977,2.2673,516.0,31.5937,0.5252,0.6887,963,1256,565,876,215.8974
12,28.4387,4,1344.8367,628.9705,16092.0,2049.0,187.5776,0.8584,1.9324,521.0,58.311,0.3942,0.5655,1256,1561,565,876,215.8974
12,28.8393,1,578.9208,584.6193,9970.0,3313.0,132.745,0.8859,1.5777,509.0,38.1363,0.4186,0.5901,341,646,565,876,215.8974
12,28.8393,2,858.49,658.8615,21633.0,1861.0,215.2426,0.9683,1.8295,522.0,33.834,0.5739,0.7292,646,963,565,876,215.8974
12,28.8393,3,1054.5496,620.1813,13578.0,1684.0,194.6308,0.8552,2.1637,531.0,36.9403,0.4594,0.6296,963,1256,565,876,215.8974
12,28.8393,4,1336.0757,652.3427,15734.0,1500.0,209.4021,0.9205,2.5488,524.0,39.8557,0.5429,0.7037,1256,1561,565,876,215.8974
12,29.2398,1,551.5271,638.8726,14684.0,1983.0,207.4096,0.9869,2.3085,518.0,50.0069,0.2882,0.4475,341,646,565,876,215.8974
12,29.2398,2,849.0748,644.7356,21763.0,2782.0,203.0041,0.9493,1.6872,507.0,39.5531,0.5152,0.6801,646,963,565,876,215.8974
12,29.2398,3,1086.5227,603.3565,13199.0,2962.0,215.7029,0.8045,2.7358,507.0,43.1405,0.4663,0.636,963,1256,565,876,215.8974
12,29.2398,4,1345.2136,655.4282,17115.0,1900.0,211.6695,0.9501,2.3583,516.0,26.5447,0.6487,0.7869,1256,1561,565,876,215.8974
12,29.6404,1,539.8154,640.8352,14807.0,1481.0,224.961,0.8305,2.7479,544.0,46.8407,0.4318,0.6032,341,646,565,876,215.8974
12,29.6404,2,843.7213,650.2908,22721.0,2368.0,231.373,0.9299,1.9536,525.0,29.298,0.5871,0.7399,646,963,565,876,215.8974
12,29.6404,3,1106.1266,618.014,15515.0,2330.0,232.6414,0.7456,2.7554,518.0,52.3986,0.418,0.5895,963,1256,565,876,215.8974
12,29.6404,4,1334.7944,643.925,18768.0,2233.0,192.1549,0.9307,1.7595,518.0,43.1559,0.4265,0.598,1256,1561,565,876,215.8974
12,30.0409,1,537.8123,616.4946,16113.0,3566.0,267.9651,0.7465,3.8646,509.0,44.9117,0.5159,0.6807,341,646,565,876,215.8974
12,30.0409,2,835.7962,649.9084,22077.0,2747.0,245.1093,0.8247,2.1811,525.0,29.2923,0.6464,0.7853,646,963,565,876,215.8974
12,30.0409,3,1126.5082,617.3521,16572.0,3408.0,251.0029,0.7453,3.1475,512.0,40.5427,0.5557,0.7144,963,1256,565,876,215.8974
12,30.0409,4,1367.7958,626.7348,21055.0,3488.0,238.3917,0.7382,2.3318,508.0,47.4946,0.4064,0.5779,1256,1561,565,876,215.8974
12,30.4415,1,558.61,612.5093,14232.0,3524.0,225.4978,0.8523,2.9794,495.0,53.3765,0.4832,0.6516,341,646,565,876,215.8974
12,30.4415,2,832.4219,632.396,18332.0,1907.0,207.5463,0.7888,1.9445,532.0,32.7484,0.5944,0.7456,646,963,565,876,215.8974
12,30.4415,3,1136.6024,637.8576,18365.0,3678.0,256.4734,0.8179,3.2505,503.0,41.1925,0.4897,0.6575,963,1256,565,876,215.8974
12,30.4415,4,1405.7532,631.598,19424.0,1999.0,226.3822,0.7754,1.8479,520.0,58.1905,0.3662,0.5361,1256,1561,565,876,215.8974
12,30.842,1,574.9728,624.4295,11221.0,1815.0,200.3821,0.9494,2.8433,534.0,48.0893,0.4333,0.6046,341,646,565,876,215.8974
12,30.842,2,836.8977,628.3473,15818.0,1312.0,175.5232,0.6442,1.99,550.0,39.8121,0.5627,0.7202,646,963,565,876,215.8974
12,30.842,3,1154.9631,642.1945,17134.0,3179.0,250.1731,0.8944,3.1543,509.0,41.1942,0.5103,0.6757,963,1256,565,876,215.8974
12,30.842,4,1416.744,646.3975,20079.0,1656.0,214.979,0.8649,1.8138,522.0,44.5709,0.5412,0.7023,1256,1561,565,876,215.8974
12,31.2426,1,564.6926,640.7435,12033.0,1076.0,175.0326,1.0,2.1457,534.0,29.7386,0.5238,0.6875,341,646,565,876,215.8974
12,31.2426,2,845.035,620.6897,10476.0,391.0,121.3949,0.9745,1.2339,556.0,34.5411,0.4709,0.6403,646,963,565,876,215.8974
12,31.2426,3,1180.7417,645.6642,16074.0,1712.0,197.8916,0.9837,1.9936,527.0,33.0327,0.4726,0.6418,963,1256,565,876,215.8974
12,31.2426,4,1430.887,641.4053,20242.0,2683.0,210.9417,0.9553,1.7571,514.0,30.1189,0.6533,0.7903,1256,1561,565,876,215.8974
12,31.6431,1,546.1784,629.4287,16010.0,3213.0,210.0799,0.9737,2.3277,500.0,43.2972,0.3517,0.5203,341,646,565,876,215.8974
12,31.6431,2,835.7056,625.5405,15094.0,467.0,194.8933,0.5296,2.1832,555.0,50.2981,0.4482,0.6189,646,963,565,876,215.8974
12,31.6431,3,1170.2447,636.6861,16015.0,1606.0,175.6537,0.9901,1.6407,534.0,26.0304,0.6491,0.7872,963,1256,565,876,215.8974
12,31.6431,4,1429.9081,644.7374,19981.0,2606.0,205.3205,0.9848,1.843,504.0,39.4453,0.5276,0.6908,1256,1561,565,876,215.8974
12,32.0437,1,516.7577,639.1637,14728.0,1537.0,206.6978,0.9675,2.2391,525.0,53.9492,0.3183,0.4829,341,646,565,876,215.8974
12,32.0437,2,813.9653,636.1463,15220.0,605.0,219.4169,0.6175,2.7935,554.0,47.4428,0.427,0.5985,646,963,565,876,215.8974
12,32.0437,3,1156.045,637.1551,17342.0,2011.0,198.8065,0.9717,2.015,514.0,33.1809,0.5492,0.709,963,1256,565,876,215.8974
12,32.0437,4,1416.0047,632.3181,20884.0,2725.0,220.0466,0.9666,1.9074,500.0,36.0771,0.5962,0.747,1256,1561,565,876,215.8974
12,32.4442,1,491.1212,642.5761,14450.0,827.0,199.4124,0.9976,2.0901,546.0,54.6033,0.4329,0.6042,341,646,565,876,215.8974
12,32.4442,2,792.9093,635.1121,16700.0,1195.0,237.9404,0.6666,2.9407,538.0,39.5951,0.5797,0.7339,646,963,565,876,215.8974
12,32.4442,3,1132.2811,659.6015,17711.0,1679.0,218.9115,0.9594,2.3987,524.0,24.2085,0.5964,0.7472,963,1256,565,876,215.8974
12,32.4442,4,1389.5318,663.6038,24198.0,1901.0,219.9301,0.9104,1.6992,522.0,48.1742,0.4716,0.641,1256,1561,565,876,215.8974
12,32.8447,1,488.2372,631.5494,16633.0,2616.0,244.1179,0.853,3.0398,526.0,44.3899,0.5079,0.6736,341,646,565,876,215.8974
12,32.8447,2,777.4083,633.2553,19937.0,3102.0,217.2083,0.7451,2.0781,517.0,37.741,0.5295,0.6924,646,963,565,876,215.8974
12,32.8447,3,1134.0993,638.2368,16433.0,2321.0,218.5661,0.9957,2.3705,511.0,29.9656,0.5874,0.74,963,1256,565,876,215.8974
12,32.8447,4,1395.9932,638.7643,21771.0,2910.0,233.6194,0.772,1.9765,518.0,32.9076,0.5596,0.7176,1256,1561,565,876,215.8974
12,33.2453,1,533.1645,614.4725,15506.0,3091.0,231.2366,0.7732,2.699,513.0,55.6011,0.3625,0.5321,341,646,565,876,215.8974
12,33.2453,2,764.758,629.3873,18339.0,2067.0,193.2348,0.8126,1.6599,524.0,36.9969,0.5919,0.7437,646,963,565,876,215.8974
12,33.2453,3,1118.7898,648.6658,17492.0,2297.0,230.2559,0.9183,2.5969,520.0,35.727,0.5404,0.7017,963,1256,565,876,215.8974
12,33.2453,4,1396.0957,635.8974,22134.0,3222.0,233.604,0.8042,2.245,508.0,21.0038,0.7277,0.8424,1256,1561,565,876,215.8974
12,33.6458,1,554.4927,628.5668,15213.0,3343.0,246.9736,0.9485,3.1749,499.0,66.8165,0.3369,0.5041,341,646,565,876,215.8974
12,33.6458,2,774.0177,637.4459,22377.0,4059.0,238.2079,0.9953,2.0206,516.0,41.819,0.5616,0.7193,646,963,565,876,215.8974
12,33.6458,3,1122.0671,650.1055,17321.0,2111.0,254.2067,0.8296,3.2295,524.0,34.675,0.5532,0.7123,963,1256,565,876,215.8974
12,33.6458,4,1413.4001,644.2052,22037.0,2351.0,250.5071,0.728,2.4725,524.0,41.5585,0.5302,0.693,1256,1561,565,876,215.8974
12,34.0464,1,571.2375,645.0376,14191.0,1963.0,219.3123,0.9765,3.1823,537.0,39.438,0.52,0.6842,341,646,565,876,215.8974
12,34.0464,2,795.2145,649.3347,21617.0,2203.0,216.9869,0.8961,1.8013,525.0,47.9232,0.4964,0.6635,646,963,565,876,215.8974
12,34.0464,3,1134.3501,628.8205,17336.0,3579.0,256.9675,0.8031,3.3544,512.0,29.2096,0.6623,0.7968,963,1256,565,876,215.8974
12,34.0464,4,1422.18,648.1145,20699.0,2132.0,241.3788,0.7834,2.3585,520.0,34.5291,0.6262,0.7701,1256,1561,565,876,215.8974
12,34.4469,1,555.5562,639.3115,13508.0,1221.0,201.0943,0.9869,2.3687,535.0,40.0058,0.4755,0.6446,341,646,565,876,215.8974
12,34.4469,2,803.146,640.2211,22850.0,2583.0,241.6973,0.7774,1.9851,527.0,32.466,0.6239,0.7684,646,963,565,876,215.8974
12,34.4469,3,1144.6495,629.6119,17489.0,3695.0,259.9187,0.82,3.3066,507.0,37.6289,0.6644,0.7983,963,1256,565,876,215.8974
12,34.4469,4,1439.2715,647.846,19739.0,2359.0,229.6401,0.9158,2.236,514.0,37.54,0.5614,0.7191,1256,1561,565,876,215.8974
12,34.8475,1,518.0711,626.9088,16026.0,2683.0,221.1686,0.9217,2.4365,511.0,53.9795,0.3197,0.4845,341,646,565,876,215.8974
12,34.8475,2,795.5962,616.8774,18835.0,2592.0,216.3359,0.516,2.1017,548.0,35.8701,0.6106,0.7583,646,963,565,876,215.8974
12,34.8475,3,1162.6365,625.3865,17958.0,3998.0,240.0872,0.9062,2.7066,498.0,45.065,0.544,0.7047,963,1256,565,876,215.8974
12,34.8475,4,1439.9198,651.9163,19492.0,2099.0,223.974,0.9269,2.0664,521.0,23.4582,0.7109,0.831,1256,1561,565,876,215.8974
12,35.248,1,496.0671,646.968,17327.0,2171.0,243.2672,0.8246,3.0402,523.0,57.3765,0.3091,0.4722,341,646,565,876,215.8974
12,35.248,2,782.9922,628.8861,18845.0,2531.0,209.8836,0.46,2.1625,540.0,29.2962,0.5885,0.741,646,963,565,876,215.8974
12,35.248,3,1174.4734,644.1489,20542.0,3735.0,223.7635,0.9953,2.1494,494.0,39.0359,0.512,0.6772,963,1256,565,876,215.8974
12,35.248,4,1444.253,646.6843,21333.0,2462.0,215.503,0.9653,1.8335,512.0,28.325,0.6701,0.8025,1256,1561,565,876,215.8974
12,35.6486,1,459.4123,627.9142,16764.0,2735.0,261.3495,0.7883,3.2761,513.0,54.1573,0.4172,0.5887,341,646,565,876,215.8974
12,35.6486,2,775.2349,611.0273,14519.0,1481.0,193.995,0.6037,2.073,534.0,28.6434,0.6112,0.7587,646,963,565,876,215.8974
12,35.6486,3,1175.0829,628.7961,18789.0,3465.0,206.5807,0.9955,1.8707,494.0,34.9421,0.6172,0.7633,963,1256,565,876,215.8974
12,35.6486,4,1438.1672,651.6345,22145.0,2547.0,215.0808,0.9673,1.7206,505.0,27.0314,0.6756,0.8064,1256,1561,565,876,215.8974
12,36.0491,1,442.8966,625.2049,15903.0,3513.0,257.0866,0.8877,3.2966,491.0,49.6043,0.5305,0.6932,341,646,565,876,215.8974
12,36.0491,2,793.6348,657.4922,16173.0,284.0,169.886,0.6088,1.9118,565.0,36.8186,0.4771,0.646,646,963,565,876,215.8974
12,36.0491,3,1161.1682,622.5603,21936.0,4115.0,211.7508,0.9843,1.5925,484.0,40.1251,0.5981,0.7485,963,1256,565,876,215.8974
12,36.0491,4,1423.4711,652.498,21882.0,2067.0,216.711,0.9698,1.6906,514.0,34.6444,0.5923,0.744,1256,1561,565,876,215.8974
12,36.4497,1,443.1809,662.3316,16827.0,2638.0,221.3831,0.872,3.1565,549.0,47.6136,0.4329,0.6042,341,646,565,876,215.8974
12,36.4497,2,773.7366,631.9577,15494.0,866.0,199.4226,0.7792,2.0421,543.0,31.7727,0.5655,0.7225,646,963,565,876,215.8974
12,36.4497,3,1133.783,627.3634,22721.0,4209.0,225.174,0.9894,1.784,498.0,51.3879,0.4991,0.6658,963,1256,565,876,215.8974
12,36.4497,4,1408.7368,658.7452,22514.0,2018.0,205.9738,0.9585,1.6313,517.0,36.3771,0.5585,0.7167,1256,1561,565,876,215.8974
12,36.8502,1,446.5297,674.6055,14744.0,1215.0,197.8615,0.8923,2.7001,558.0,32.9494,0.5767,0.7315,341,646,565,876,215.8974
12,36.8502,2,782.3624,641.1626,15815.0,834.0,209.0955,0.7517,2.4592,543.0,26.2907,0.7236,0.8396,646,963,565,876,215.8974
12,36.8502,3,1123.6159,640.1865,23634.0,4292.0,237.7036,0.9295,2.0691,505.0,38.3844,0.6036,0.7528,963,1256,565,876,215.8974
12,36.8502,4,1387.3397,650.7428,22676.0,2139.0,223.1684,0.8943,1.8343,528.0,36.2953,0.5765,0.7314,1256,1561,565,876,215.8974
12,37.2507,1,431.4447,629.025,12981.0,1878.0,194.3509,0.9426,2.2568,524.0,40.608,0.4307,0.6021,341,646,565,876,215.8974
12,37.2507,2,775.72,642.9233,15988.0,365.0,207.9308,0.7302,2.3634,557.0,22.0683,0.7885,0.8817,646,963,565,876,215.8974
12,37.2507,3,1127.323,622.094,21699.0,5160.0,234.6374,0.9218,2.1144,486.0,33.5311,0.6177,0.7637,963,1256,565,876,215.8974
12,37.2507,4,1396.3122,625.5848,19937.0,2329.0,243.2066,0.6639,2.0868,526.0,36.069,0.5844,0.7377,1256,1561,565,876,215.8974
12,37.6513,1,433.9291,614.9561,12739.0,2389.0,181.3079,0.9983,1.9375,513.0,40.2296,0.537,0.6988,341,646,565,876,215.8974
12,37.6513,2,778.7244,652.5649,15628.0,681.0,185.641,0.9038,2.0453,554.0,35.0811,0.5976,0.7481,646,963,565,876,215.8974
12,37.6513,3,1132.6001,635.3686,21496.0,4171.0,245.992,0.8297,2.3444,509.0,37.665,0.6182,0.764,963,1256,565,876,215.8974
12,37.6513,4,1398.2634,633.5251,22065.0,2505.0,253.766,0.5311,2.4728,518.0,30.133,0.6488,0.787,1256,1561,565,876,215.8974
12,38.0518,1,450.2145,628.5339,15609.0,2934.0,243.4503,0.9541,2.9861,501.0,44.7827,0.5587,0.7169,341,646,565,876,215.8974
12,38.0518,2,781.5529,649.1533,16083.0,167.0,187.8644,0.7216,1.8991,558.0,47.0329,0.4025,0.5739,646,963,565,876,215.8974
12,38.0518,3,1142.155,645.7493,22458.0,4401.0,252.224,0.9014,2.4804,504.0,40.7401,0.5014,0.6679,963,1256,565,876,215.8974
12,38.0518,4,1424.375,631.5793,20096.0,2653.0,253.9057,0.7748,2.5404,513.0,47.2344,0.4546,0.6251,1256,1561,565,876,215.8974
12,38.4524,1,452.4877,648.5552,15231.0,1635.0,226.8203,0.9974,2.4633,532.0,36.5946,0.6292,0.7724,341,646,565,876,215.8974
12,38.4524,2,803.0871,629.7456,16114.0,574.0,220.7197,0.5881,2.4773,552.0,39.2394,0.5349,0.697,646,963,565,876,215.8974
12,38.4524,3,1166.8026,652.6919,22224.0,4037.0,247.5938,0.9905,2.3851,493.0,33.0194,0.4887,0.6565,963,1256,565,876,215.8974
12,38.4524,4,1419.6994,665.5254,20140.0,1229.0,250.6012,0.747,2.7647,535.0,38.5771,0.5266,0.6899,1256,1561,565,876,215.8974
12,38.8529,1,474.0241,645.1007,15406.0,1567.0,209.0928,0.996,2.2435,521.0,51.9947,0.3985,0.5699,341,646,565,876,215.8974
12,38.8529,2,830.2421,622.544,17171.0,893.0,240.2206,0.4899,2.8535,543.0,36.6857,0.6319,0.7745,646,963,565,876,215.8974
12,38.8529,3,1167.7934,628.7485,19459.0,4322.0,244.7566,0.9666,2.5357,484.0,26.1351,0.6528,0.79,963,1256,565,876,215.8974
12,38.8529,4,1427.3576,655.3144,17401.0,996.0,225.7238,0.7327,2.7479,548.0,26.8745,0.6808,0.8101,1256,1561,565,876,215.8974
12,39.2535,1,499.1386,629.0434,15291.0,1900.0,204.9714,0.9995,2.1166,514.0,43.2176,0.5275,0.6907,341,646,565,876,215.8974
12,39.2535,2,835.8728,632.4799,17400.0,1011.0,225.1088,0.6349,2.6012,548.0,37.3167,0.6281,0.7716,646,963,565,876,215.8974
12,39.2535,3,1169.2161,639.6185,22406.0,4031.0,235.7321,0.9993,2.0208,492.0,34.3077,0.618,0.7639,963,1256,565,876,215.8974
12,39.2535,4,1438.9891,651.6091,16740.0,1903.0,182.2785,0.9212,1.8176,530.0,38.6959,0.5065,0.6724,1256,1561,565,876,215.8974
12,39.654,1,514.9104,634.6889,17652.0,2713.0,228.4994,0.9951,2.3821,523.0,40.2122,0.5483,0.7083,341,646,565,876,215.8974
12,39.654,2,838.8043,646.0986,17750.0,643.0,220.5425,0.6453,2.5017,557.0,31.8852,0.6047,0.7536,646,963,565,876,215.8974
12,39.654,3,1150.5094,638.6647,21539.0,3598.0,243.3522,0.9048,2.2757,504.0,40.9386,0.528,0.6911,963,1256,565,876,215.8974
12,39.654,4,1441.112,637.0826,12988.0,900.0,153.1675,0.8809,1.5048,553.0,24.8697,0.5607,0.7185,1256,1561,565,876,215.8974
12,40.0546,1,512.0571,666.4395,17533.0,1279.0,225.1875,0.9347,2.4882,539.0,32.644,0.5636,0.7209,341,646,565,876,215.8974
12,40.0546,2,844.2037,641.239,21402.0,3316.0,257.9067,0.8027,2.704,524.0,27.305,0.6191,0.7647,646,963,565,876,215.8974
12,40.0546,3,1149.7809,634.3126,20808.0,4395.0,201.2593,0.8523,2.0872,556.0,29.3579,0.6617,0.7964,963,1256,565,876,215.8974
12,40.0546,4,1433.2352,653.2348,13792.0,478.0,150.3336,0.9758,1.51,573.0,30.625,0.5456,0.706,1256,1561,565,876,215.8974
12,40.4551,1,485.1352,639.1645,16538.0,2189.0,238.628,0.8639,2.9143,524.0,47.6058,0.4096,0.5812,341,646,565,876,215.8974
12,40.4551,2,847.9931,654.8304,19490.0,1687.0,221.0267,0.7694,2.432,543.0,27.7113,0.6603,0.7954,646,963,565,876,215.8974
12,40.4551,3,1148.718,633.9904,21559.0,4479.0,242.1956,0.9405,2.2298,490.0,24.3223,0.6866,0.8142,963,1256,565,876,215.8974
12,40.4551,4,1402.0863,646.1104,13278.0,802.0,167.3586,0.9965,1.8325,541.0,38.3769,0.4278,0.5993,1256,1561,565,876,215.8974
12,40.8557,1,453.9907,623.8795,16100.0,2704.0,245.0346,0.7442,3.0631,517.0,55.6754,0.4399,0.611,341,646,565,876,215.8974
12,40.8557,2,858.1402,636.2522,13991.0,903.0,188.9239,0.8349,2.2791,550.0,34.2257,0.6168,0.763,646,963,565,876,215.8974
12,40.8557,3,1138.6596,637.8143,18726.0,3562.0,243.2363,0.8215,2.7376,516.0,36.2842,0.5442,0.7048,963,1256,565,876,215.8974
12,40.8557,4,1386.0944,639.3221,13666.0,1009.0,177.3758,0.894,1.9035,539.0,35.1515,0.5042,0.6704,1256,1561,565,876,215.8974
12,41.2562,1,442.8653,644.5927,15186.0,2604.0,260.6162,0.9079,3.5669,504.0,58.7493,0.3927,0.564,341,646,565,876,215.8974
12,41.2562,2,862.8927,641.5949,15291.0,907.0,163.9617,0.9464,1.4601,543.0,28.651,0.5903,0.7424,646,963,565,876,215.8974
12,41.2562,3,1149.3824,624.0406,18519.0,3825.0,236.8565,0.8427,2.4455,510.0,17.1194,0.7705,0.8704,963,1256,565,876,215.8974
12,41.2562,4,1379.1369,656.3145,16653.0,882.0,210.8792,0.8008,2.4923,543.0,44.6371,0.4153,0.5868,1256,1561,565,876,215.8974
12,41.6567,1,443.5828,663.6253,14551.0,1342.0,242.69,0.9121,3.3145,537.0,37.5768,0.564,0.7213,341,646,565,876,215.8974
12,41.6567,2,852.5793,646.371,12903.0,99.0,149.6141,0.9959,1.4573,560.0,30.4346,0.5649,0.722,646,963,565,876,215.8974
12,41.6567,3,1167.301,632.9891,19243.0,3902.0,239.2811,0.9159,2.3988,502.0,31.0946,0.585,0.7382,963,1256,565,876,215.8974
12,41.6567,4,1353.0764,643.843,14206.0,1199.0,230.0175,0.8351,3.1448,531.0,44.9724,0.4577,0.628,1256,1561,565,876,215.8974
12,42.0573,1,445.4109,675.3003,16351.0,1067.0,227.679,0.9647,2.4735,537.0,35.1774,0.471,0.6403,341,646,565,876,215.8974
12,42.0573,2,851.9805,654.8707,14512.0,400.0,185.143,0.9725,1.8999,550.0,35.9734,0.5308,0.6935,646,963,565,876,215.8974
12,42.0573,3,1160.0945,660.2714,18072.0,2020.0,213.5115,0.9384,2.2894,525.0,29.955,0.5588,0.7169,963,1256,565,876,215.8974
12,42.0573,4,1349.2449,669.1959,13832.0,1070.0,219.0534,0.8856,3.3553,533.0,42.8144,0.4778,0.6466,1256,1561,565,876,215.8974
12,42.4578,1,439.976,615.9553,13188.0,2466.0,182.5428,0.9863,1.9881,519.0,43.2442,0.3841,0.5551,341,646,565,876,215.8974
12,42.4578,2,826.6576,655.5744,15936.0,694.0,193.3816,0.9965,1.989,542.0,37.8781,0.5064,0.6724,646,963,565,876,215.8974
12,42.4578,3,1164.828,632.4009,14930.0,1714.0,192.7575,0.9711,1.9817,528.0,23.8719,0.5781,0.7326,963,1256,565,876,215.8974
12,42.4578,4,1341.3573,655.8615,13082.0,889.0,224.526,0.8638,3.3454,539.0,20.7191,0.7367,0.8484,1256,1561,565,876,215.8974
12,42.8584,1,460.3656,636.2726,15197.0,1588.0,191.7989,0.9139,1.9885,523.0,46.6844,0.4414,0.6124,341,646,565,876,215.8974
12,42.8584,2,805.8468,660.3249,18733.0,1573.0,226.4413,0.9403,2.3394,532.0,43.6788,0.4288,0.6002,646,963,565,876,215.8974
12,42.8584,3,1154.6644,635.8222,16644.0,2368.0,216.5273,0.9561,2.2845,516.0,27.4065,0.6863,0.814,963,1256,565,876,215.8974
12,42.8584,4,1340.4065,636.6074,12830.0,1296.0,220.3999,0.841,3.1351,530.0,30.3601,0.6326,0.7749,1256,1561,565,876,215.8974
12,43.2589,1,495.0601,640.7217,16216.0,1793.0,210.5163,0.9188,2.3584,541.0,48.6609,0.3666,0.5365,341,646,565,876,215.8974
12,43.2589,2,783.1904,655.9875,17576.0,1357.0,235.1998,0.9213,2.6557,537.0,46.5201,0.4485,0.6193,646,963,565,876,215.8974
12,43.2589,3,1148.3205,650.5275,18760.0,3006.0,251.5558,0.9101,2.8943,515.0,28.597,0.6217,0.7667,963,1256,565,876,215.8974
12,43.2589,4,1335.8367,635.6357,14688.0,2311.0,236.3968,0.9018,3.1473,513.0,30.7209,0.6902,0.8167,1256,1561,565,876,215.8974
12,43.6595,1,516.2827,640.7974,17523.0,2695.0,236.1985,0.8337,2.8933,527.0,48.2456,0.4489,0.6196,341,646,565,876,215.8974
12,43.6595,2,771.3704,675.937,19008.0,1046.0,215.6663,0.9437,2.1863,544.0,35.0094,0.4987,0.6655,646,963,565,876,215.8974
12,43.6595,3,1151.9391,649.9768,17858.0,2894.0,261.7578,0.8903,3.3242,511.0,30.1129,0.5953,0.7463,963,1256,565,876,215.8974
12,43.6595,4,1339.8268,650.3903,18585.0,1858.0,209.3158,0.9816,1.9384,520.0,37.4688,0.5542,0.7131,1256,1561,565,876,215.8974
12,44.06,1,542.5125,632.45,16356.0,3372.0,247.2767,0.9031,3.3653,507.0,47.3848,0.4692,0.6387,341,646,565,876,215.8974
12,44.06,2,752.8759,647.261,15542.0,1179.0,212.1209,0.9217,2.2974,536.0,28.5725,0.6394,0.78,646,963,565,876,215.8974
12,44.06,3,1161.2386,650.0056,18502.0,3252.0,254.2205,0.8975,3.276,506.0,27.0717,0.6374,0.7785,963,1256,565,876,215.8974
12,44.06,4,1342.7509,636.0673,19259.0,2651.0,204.0423,0.9959,1.7569,499.0,34.9025,0.5952,0.7463,1256,1561,565,876,215.8974
12,44.4606,1,555.5232,643.7631,14759.0,2204.0,268.2678,0.8304,3.8696,521.0,54.1408,0.4694,0.6389,341,646,565,876,215.8974
12,44.4606,2,759.6839,667.9098,16611.0,1381.0,237.5278,0.9265,3.2845,534.0,36.5645,0.5697,0.7258,646,963,565,876,215.8974
12,44.4606,3,1169.103,644.812,18875.0,3300.0,242.5998,0.9402,2.7689,505.0,29.3018,0.6384,0.7793,963,1256,565,876,215.8974
12,44.4606,4,1353.0044,648.06,22036.0,2557.0,216.48,0.9753,1.7425,509.0,32.3949,0.6582,0.7939,1256,1561,565,876,215.8974
12,44.8611,1,557.3705,649.3944,15740.0,2668.0,257.9861,0.8478,3.6846,517.0,29.8034,0.6449,0.7841,341,646,565,876,215.8974
12,44.8611,2,740.5293,667.0276,15888.0,727.0,207.4581,0.9515,2.629,551.0,31.9807,0.5175,0.6821,646,963,565,876,215.8974
12,44.8611,3,1171.0116,646.9028,19927.0,3676.0,246.6227,0.964,2.625,498.0,24.4644,0.7875,0.8811,963,1256,565,876,215.8974
12,44.8611,4,1357.848,649.9819,20603.0,1918.0,200.1527,0.9699,1.6725,523.0,36.8169,0.5673,0.7239,1256,1561,565,876,215.8974
12,45.2617,1,579.3092,621.1593,17686.0,4665.0,238.344,0.9383,2.7223,487.0,38.0322,0.529,0.6919,341,646,565,876,215.8974
12,45.2617,2,761.8711,664.7001,16581.0,1266.0,199.202,0.9781,2.2413,532.0,33.2713,0.4675,0.6371,646,963,565,876,215.8974
12,45.2617,3,1177.1955,642.3029,18873.0,3061.0,218.6355,0.9999,2.1068,496.0,37.4312,0.5656,0.7225,963,1256,565,876,215.8974
12,45.2617,4,1379.5797,634.6226,18427.0,2354.0,201.7348,0.9729,1.8228,514.0,45.9223,0.5079,0.6736,1256,1561,565,876,215.8974
12,45.6622,1,579.8981,627.1575,19368.0,4688.0,220.8417,0.9874,2.0442,481.0,35.8133,0.5946,0.7458,341,646,565,876,215.8974
12,45.6622,2,773.2497,669.4902,16886.0,516.0,179.0722,0.9119,1.6864,548.0,40.6389,0.4446,0.6155,646,963,565,876,215.8974
12,45.6622,3,1168.9092,633.25,21501.0,3535.0,214.8446,0.9997,1.737,489.0,35.8264,0.6279,0.7714,963,1256,565,876,215.8974
12,45.6622,4,1390.4412,630.0899,20737.0,2839.0,219.3393,0.7744,1.8181,508.0,38.816,0.5486,0.7085,1256,1561,565,876,215.8974
12,46.0627,1,566.3122,642.7823,22183.0,3618.0,218.8186,0.9605,1.9163,501.0,48.0096,0.3975,0.5688,341,646,565,876,215.8974
12,46.0627,2,794.9068,653.3026,15914.0,633.0,197.3523,0.9643,1.9842,544.0,42.9723,0.3865,0.5576,646,963,565,876,215.8974
12,46.0627,3,1155.3962,644.0888,22896.0,2755.0,224.9657,0.9862,1.8861,501.0,35.8214,0.6128,0.7599,963,1256,565,876,215.8974
12,46.0627,4,1409.0216,637.917,19300.0,1241.0,205.8119,0.7002,1.6312,534.0,42.0213,0.5579,0.7162,1256,1561,565,876,215.8974
12,46.4633,1,524.7426,616.9452,20299.0,5105.0,222.0748,0.9856,2.1358,477.0,62.5615,0.3015,0.4633,341,646,565,876,215.8974
12,46.4633,2,806.5266,663.8968,18136.0,1133.0,218.3079,0.978,2.1711,536.0,39.2446,0.5088,0.6745,646,963,565,876,215.8974
12,46.4633,3,1133.2149,627.2872,21247.0,3584.0,238.8063,0.8471,2.1493,501.0,41.4683,0.5116,0.6769,963,1256,565,876,215.8974
12,46.4633,4,1411.4471,650.1096,20507.0,1573.0,198.3026,0.9662,1.6121,528.0,44.0208,0.504,0.6702,1256,1561,565,876,215.8974
12,46.8638,1,483.7946,615.8834,20720.0,4706.0,231.0246,0.9288,1.9526,475.0,59.1425,0.2936,0.4539,341,646,565,876,215.8974
12,46.8638,2,819.2158,677.5455,17682.0,380.0,210.2363,0.9913,2.0618,552.0,34.6801,0.5412,0.7023,646,963,565,876,215.8974
12,46.8638,3,1100.1458,610.81,21692.0,4989.0,253.484,0.5994,2.2688,511.0,45.3684,0.5049,0.671,963,1256,565,876,215.8974
12,46.8638,4,1401.4989,652.3134,21098.0,2417.0,205.164,0.9323,1.7865,512.0,32.6758,0.5902,0.7423,1256,1561,565,876,215.8974
12,47.2644,1,450.1085,636.4172,21357.0,4095.0,242.611,0.9055,2.1793,499.0,62.2611,0.2906,0.4504,341,646,565,876,215.8974
12,47.2644,2,804.6291,646.5112,16480.0,1180.0,211.8865,0.9522,2.1579,536.0,36.3869,0.5618,0.7194,646,963,565,876,215.8974
12,47.2644,3,1086.2826,600.3173,19052.0,4572.0,269.4024,0.5163,3.0423,507.0,36.6326,0.6123,0.7596,963,1256,565,876,215.8974
12,47.2644,4,1390.6923,646.6179,23027.0,2912.0,244.0153,0.769,2.3075,508.0,40.5331,0.4801,0.6487,1256,1561,565,876,215.8974
12,47.6649,1,449.645,643.1154,16501.0,3117.0,198.5073,0.7623,2.6184,556.0,37.3983,0.5284,0.6914,341,646,565,876,215.8974
12,47.6649,2,789.3408,648.0917,17528.0,1304.0,245.4625,0.847,2.8542,535.0,44.0819,0.5163,0.681,646,963,565,876,215.8974
12,47.6649,3,1073.5572,612.2083,18570.0,4343.0,248.9241,0.6559,2.8945,509.0,37.9275,0.5449,0.7054,963,1256,565,876,215.8974
12,47.6649,4,1363.9692,650.0182,20966.0,2608.0,233.5033,0.8812,2.1591,517.0,53.5604,0.4302,0.6016,1256,1561,565,876,215.8974
12,48.0655,1,424.094,614.0092,11729.0,2744.0,217.4945,0.9247,3.2783,508.0,33.5854,0.5355,0.6975,341,646,565,876,215.8974
12,48.0655,2,778.2933,661.7402,18049.0,1702.0,244.2936,0.8932,2.8117,523.0,46.824,0.4684,0.638,646,963,565,876,215.8974
12,48.0655,3,1072.9093,621.7857,17726.0,3936.0,275.876,0.6981,3.635,520.0,38.8972,0.6331,0.7753,963,1256,565,876,215.8974
12,48.0655,4,1354.6149,652.8533,18304.0,1973.0,232.5272,0.8647,2.4013,524.0,36.788,0.5659,0.7227,1256,1561,565,876,215.8974
12,48.466,1,436.4036,635.9993,15063.0,2307.0,241.3384,0.8699,3.1653,519.0,37.1905,0.6241,0.7685,341,646,565,876,215.8974
12,48.466,2,767.55,671.7554,18582.0,1290.0,244.234,0.8447,3.0076,537.0,31.9727,0.5265,0.6899,646,963,565,876,215.8974
12,48.466,3,1077.1169,627.4729,18743.0,3939.0,252.6793,0.7208,2.8639,522.0,26.6038,0.7115,0.8314,963,1256,565,876,215.8974
12,48.466,4,1341.439,653.0015,15881.0,1595.0,229.656,0.9125,2.6946,526.0,31.9806,0.5913,0.7431,1256,1561,565,876,215.8974
12,48.8666,1,456.5776,661.2388,17666.0,2124.0,255.7915,0.8611,3.4061,526.0,26.6426,0.6788,0.8086,341,646,565,876,215.8974
12,48.8666,2,763.6393,670.5432,16748.0,1189.0,232.4657,0.8774,2.8812,539.0,25.3206,0.7377,0.849,646,963,565,876,215.8974
12,48.8666,3,1066.9539,612.3647,17081.0,4071.0,252.8281,0.6955,3.195,507.0,25.3111,0.7129,0.8324,963,1256,565,876,215.8974
12,48.8666,4,1356.7215,679.87,17032.0,1066.0,220.0704,0.8539,2.8384,539.0,21.385,0.6568,0.7928,1256,1561,565,876,215.8974
12,49.2671,1,448.0392,635.6142,16031.0,2804.0,228.4539,0.8808,2.8305,516.0,32.5228,0.5708,0.7268,341,646,565,876,215.8974
12,49.2671,2,771.7532,682.6688,18538.0,1335.0,231.2765,0.912,2.9451,537.0,23.1053,0.6818,0.8108,646,963,565,876,215.8974
12,49.2671,3,1056.5233,617.12,15598.0,3248.0,224.6581,0.7574,2.6584,520.0,43.5252,0.6115,0.759,963,1256,565,876,215.8974
12,49.2671,4,1343.9653,656.5532,14080.0,585.0,185.0838,0.8336,2.0882,550.0,27.9162,0.6186,0.7643,1256,1561,565,876,215.8974
12,49.6677,1,438.2315,609.9596,14439.0,3624.0,170.8136,0.9937,1.6302,494.0,46.3234,0.4455,0.6164,341,646,565,876,215.8974
12,49.6677,2,764.6968,668.3327,17358.0,1199.0,217.8455,0.9148,2.3958,535.0,23.5925,0.6192,0.7648,646,963,565,876,215.8974
12,49.6677,3,1052.7446,621.5938,17133.0,3684.0,220.5294,0.8278,2.3578,513.0,27.1216,0.7095,0.8301,963,1256,565,876,215.8974
12,49.6677,4,1337.4439,653.9834,14361.0,921.0,176.9679,0.901,2.0095,544.0,30.8846,0.556,0.7147,1256,1561,565,876,215.8974
12,50.0682,1,450.3181,584.5572,14284.0,3668.0,163.6776,0.1896,1.9519,545.0,53.6837,0.3535,0.5223,341,646,565,876,215.8974
12,50.0682,2,769.7908,685.4866,17621.0,557.0,189.0317,0.9398,2.0801,554.0,30.364,0.5613,0.719,646,963,565,876,215.8974
12,50.0682,3,1056.8656,633.0381,16782.0,3176.0,214.2627,0.8544,2.3253,515.0,25.4465,0.6825,0.8113,963,1256,565,876,215.8974
12,50.0682,4,1347.8647,662.6748,13855.0,678.0,193.4312,0.8936,2.4685,551.0,24.3807,0.5919,0.7436,1256,1561,565,876,215.8974
12,50.4688,1,509.6631,586.1627,18603.0,5408.0,227.4591,0.2648,3.2081,559.0,53.5925,0.2995,0.461,341,646,565,876,215.8974
12,50.4688,2,754.4267,651.5736,15802.0,1084.0,206.3218,0.9696,2.2073,538.0,28.1571,0.5642,0.7214,646,963,565,876,215.8974
12,50.4688,3,1057.5024,621.5981,17337.0,3898.0,198.0204,0.9084,1.8724,509.0,32.8327,0.6091,0.7571,963,1256,565,876,215.8974
12,50.4688,4,1349.7388,650.2116,13287.0,433.0,186.4684,0.9351,2.1907,557.0,30.3548,0.5587,0.7169,1256,1561,565,876,215.8974
12,50.8693,1,549.954,597.2867,17383.0,5068.0,227.4548,0.6614,2.3622,495.0,59.5366,0.2954,0.4561,341,646,565,876,215.8974
12,50.8693,2,759.6109,649.8543,15651.0,1209.0,192.369,0.9999,1.9434,540.0,32.5564,0.5764,0.7312,646,963,565,876,215.8974
12,50.8693,3,1068.4153,625.2713,17218.0,3427.0,181.8477,0.985,1.6811,506.0,27.6036,0.6516,0.7891,963,1256,565,876,215.8974
12,50.8693,4,1361.6973,674.4054,16415.0,924.0,186.3838,0.9961,2.031,534.0,28.489,0.5586,0.7168,1256,1561,565,876,215.8974
12,51.2698,1,555.8247,628.3434,16437.0,3000.0,253.4639,0.776,3.1878,517.0,57.1615,0.3476,0.5159,341,646,565,876,215.8974
12,51.2698,2,774.9563,659.9549,16157.0,450.0,199.0412,0.9769,2.0283,550.0,32.8904,0.5913,0.7431,646,963,565,876,215.8974
12,51.2698,3,1077.7155,628.1882,17605.0,2719.0,178.6756,0.9736,1.538,515.0,36.2641,0.5783,0.7328,963,1256,565,876,215.8974
12,51.2698,4,1363.8036,681.8552,18915.0,761.0,207.3979,0.9394,2.1405,547.0,33.3093,0.4696,0.6391,1256,1561,565,876,215.8974
12,51.6704,1,564.5916,634.821,17067.0,3292.0,232.1547,0.8981,2.5748,513.0,36.2359,0.5604,0.7183,341,646,565,876,215.8974
12,51.6704,2,790.8662,670.0093,17157.0,390.0,211.186,0.9228,2.2185,552.0,42.3484,0.4471,0.6179,646,963,565,876,215.8974
12,51.6704,3,1099.1425,631.5198,18108.0,2578.0,188.0661,0.9659,1.6925,518.0,45.6738,0.557,0.7155,963,1256,565,876,215.8974
12,51.6704,4,1369.2149,658.1915,16045.0,644.0,230.7353,0.8128,2.9608,549.0,32.6991,0.4856,0.6537,1256,1561,565,876,215.8974
12,52.0709,1,573.3172,604.2188,15314.0,4465.0,191.0024,0.9789,1.833,484.0,40.2823,0.5701,0.7262,341,646,565,876,215.8974
12,52.0709,2,826.8551,644.8177,18346.0,1620.0,229.5315,0.8391,2.4395,540.0,37.4276,0.4891,0.6569,646,963,565,876,215.8974
12,52.0709,3,1121.3895,626.8213,18052.0,2619.0,198.6192,0.918,1.8088,518.0,46.7687,0.5475,0.7076,963,1256,565,876,215.8974
12,52.0709,4,1370.2905,650.1861,15719.0,1216.0,233.5487,0.7694,3.2173,531.0,29.2693,0.6323,0.7747,1256,1561,565,876,215.8974
12,52.4715,1,584.1963,609.591,18681.0,4680.0,199.2353,0.9175,1.642,489.0,45.1495,0.4883,0.6562,341,646,565,876,215.8974
12,52.4715,2,831.2799,666.5872,18990.0,1286.0,252.5121,0.8061,3.0923,543.0,38.8383,0.5232,0.687,646,963,565,876,215.8974
12,52.4715,3,1123.8541,631.4256,19742.0,3325.0,208.3603,0.8182,1.8826,514.0,37.3479,0.6459,0.7849,963,1256,565,876,215.8974
12,52.4715,4,1359.8541,653.9703,14768.0,902.0,240.8763,0.8031,3.3497,537.0,43.8245,0.4996,0.6663,1256,1561,565,876,215.8974
12,52.872,1,561.3617,621.149,19532.0,2956.0,221.3928,0.8377,2.0158,504.0,47.9271,0.4493,0.62,341,646,565,876,215.8974
12,52.872,2,849.958,665.8666,17270.0,1197.0,211.0196,0.9173,2.2554,540.0,37.8604,0.4816,0.6501,646,963,565,876,215.8974
12,52.872,3,1130.7387,604.6791,19775.0,4324.0,229.6682,0.4216,2.3348,537.0,35.043,0.5202,0.6844,963,1256,565,876,215.8974
12,52.872,4,1351.5534,656.9596,14126.0,729.0,232.9928,0.8047,3.2635,541.0,36.2152,0.6589,0.7944,1256,1561,565,876,215.8974
12,53.2726,1,515.2047,604.1337,18617.0,4112.0,243.8811,0.6965,2.2903,494.0,59.1218,0.3751,0.5456,341,646,565,876,215.8974
12,53.2726,2,849.4915,693.6295,18803.0,409.0,193.3749,0.9819,2.0146,550.0,24.1227,0.4922,0.6597,646,963,565,876,215.8974
12,53.2726,3,1100.3785,588.3996,18424.0,4987.0,241.1478,0.2654,2.5689,536.0,32.7085,0.6277,0.7713,963,1256,565,876,215.8974
12,53.2726,4,1356.5,666.8568,15747.0,964.0,210.2988,0.8471,2.6035,552.0,27.7317,0.6428,0.7826,1256,1561,565,876,215.8974
12,53.6731,1,472.5534,611.0489,20301.0,5145.0,222.6346,0.8803,1.8801,481.0,62.261,0.304,0.4663,341,646,565,876,215.8974
12,53.6731,2,849.8548,635.2498,15305.0,1232.0,180.8336,1.0,1.7682,535.0,30.1272,0.4549,0.6253,646,963,565,876,215.8974
12,53.6731,3,1096.5374,599.4263,19576.0,4235.0,238.872,0.3024,2.4729,540.0,31.7724,0.6999,0.8235,963,1256,565,876,215.8974
12,53.6731,4,1353.2508,673.5487,15390.0,1020.0,230.7943,0.8718,3.11,534.0,28.7324,0.6248,0.7691,1256,1561,565,876,215.8974
12,54.0737,1,446.7157,640.9419,21872.0,3815.0,239.9168,0.9551,2.0325,501.0,60.3519,0.329,0.4951,341,646,565,876,215.8974
12,54.0737,2,823.6816,646.0148,15991.0,765.0,203.9456,0.8281,2.1398,547.0,45.2358,0.3874,0.5585,646,963,565,876,215.8974
12,54.0737,3,1092.9377,609.9078,19339.0,3871.0,261.6362,0.4137,3.3252,527.0,28.0764,0.6931,0.8187,963,1256,565,876,215.8974
12,54.0737,4,1350.9883,663.1948,16027.0,973.0,223.8443,0.8358,2.8065,538.0,29.5514,0.6215,0.7666,1256,1561,565,876,215.8974
12,54.4742,1,440.1487,671.5381,16014.0,290.0,211.8068,0.8179,2.4771,555.0,36.6651,0.5239,0.6875,341,646,565,876,215.8974
12,54.4742,2,808.7998,690.721,17999.0,386.0,208.0843,0.9852,2.2044,549.0,44.6969,0.3683,0.5383,646,963,565,876,215.8974
12,54.4742,3,1084.2684,615.7462,18121.0,3911.0,231.144,0.6596,2.7757,520.0,37.9123,0.5225,0.6864,963,1256,565,876,215.8974
12,54.4742,4,1352.6752,647.0487,14481.0,1006.0,206.1443,0.7583,2.632,539.0,34.7957,0.5866,0.7395,1256,1561,565,876,215.8974
12,54.8748,1,443.8059,642.6467,16426.0,2783.0,188.9514,0.7999,2.5337,557.0,37.5761,0.4685,0.638,341,646,565,876,215.8974
12,54.8748,2,785.3344,664.5615,17203.0,558.0,214.305,0.9879,2.1134,547.0,40.1988,0.4732,0.6424,646,963,565,876,215.8974
12,54.8748,3,1071.7164,624.767,16602.0,2946.0,236.2764,0.6902,2.9376,525.0,40.9286,0.515,0.6799,963,1256,565,876,215.8974
12,54.8748,4,1351.4258,664.5565,13539.0,763.0,169.0051,0.8845,2.2403,549.0,35.0663,0.5126,0.6777,1256,1561,565,876,215.8974
12,55.2753,1,442.0565,606.9781,13717.0,2868.0,179.3716,0.8752,1.6889,524.0,40.5197,0.4785,0.6473,341,646,565,876,215.8974
12,55.2753,2,790.3901,664.4008,17156.0,449.0,217.9558,0.9209,2.2283,553.0,33.0083,0.6252,0.7694,646,963,565,876,215.8974
12,55.2753,3,1052.1918,640.2139,15598.0,2004.0,182.0295,0.8813,1.9408,530.0,38.6151,0.4638,0.6337,963,1256,565,876,215.8974
12,55.2753,4,1330.0473,651.694,12116.0,318.0,177.9931,0.9445,2.2401,558.0,29.386,0.527,0.6902,1256,1561,565,876,215.8974
12,55.6758,1,461.0313,613.6898,13734.0,2476.0,185.0139,0.7484,2.3688,526.0,28.337,0.6565,0.7926,341,646,565,876,215.8974
12,55.6758,2,810.3844,661.2303,17664.0,905.0,220.6044,0.8919,2.283,541.0,38.0632,0.5263,0.6896,646,963,565,876,215.8974
12,55.6758,3,1039.7483,644.1134,15046.0,1981.0,181.9935,0.9905,1.9787,526.0,30.3211,0.5311,0.6938,963,1256,565,876,215.8974
12,55.6758,4,1331.8111,656.7451,12703.0,373.0,157.1267,1.0,1.748,574.0,31.3641,0.5535,0.7126,1256,1561,565,876,215.8974
12,56.0764,1,443.0663,613.7702,10870.0,1651.0,156.2716,0.8911,1.9416,534.0,34.0186,0.5653,0.7223,341,646,565,876,215.8974
12,56.0764,2,829.3531,648.1612,17974.0,1810.0,226.4277,0.9091,2.4823,531.0,31.0594,0.5906,0.7426,646,963,565,876,215.8974
12,56.0764,3,1032.2474,659.5273,16783.0,1848.0,191.194,0.9811,2.1413,526.0,25.5024,0.6013,0.751,963,1256,565,876,215.8974
12,56.0764,4,1347.3542,646.4727,14930.0,720.0,176.1512,0.9432,1.8395,544.0,29.4754,0.5611,0.7189,1256,1561,565,876,215.8974
12,56.4769,1,442.4411,612.8768,10483.0,1214.0,146.5167,0.9099,1.6517,540.0,38.2669,0.5506,0.7102,341,646,565,876,215.8974
12,56.4769,2,819.1735,685.4207,17461.0,181.0,183.0986,0.9985,1.7462,556.0,37.1169,0.4335,0.6048,646,963,565,876,215.8974
12,56.4769,3,1047.4255,657.5857,15509.0,831.0,178.6778,0.9831,1.8604,544.0,31.4121,0.506,0.672,963,1256,565,876,215.8974
12,56.4769,4,1361.092,649.5107,14304.0,650.0,177.6536,0.9693,1.9009,544.0,32.7584,0.5137,0.6787,1256,1561,565,876,215.8974
12,56.8775,1,474.2195,616.228,12922.0,1458.0,158.4681,0.8544,1.5451,539.0,54.4927,0.4304,0.6018,341,646,565,876,215.8974
12,56.8775,2,831.5699,651.3572,19829.0,1630.0,210.5778,0.9992,1.7732,550.0,32.4989,0.5217,0.6857,646,963,565,876,215.8974
12,56.8775,3,1056.3306,628.7153,14757.0,1999.0,188.5516,0.976,1.987,519.0,36.375,0.5272,0.6904,963,1256,565,876,215.8974
12,56.8775,4,1378.1882,681.0556,16522.0,173.0,175.0133,0.9969,1.7718,556.0,30.7898,0.4921,0.6596,1256,1561,565,876,215.8974
12,57.278,1,507.2854,608.2425,14448.0,2130.0,205.8977,0.5904,2.4676,528.0,60.8713,0.3914,0.5626,341,646,565,876,215.8974
12,57.278,2,836.3142,623.3252,14037.0,1011.0,159.5648,0.6878,1.6898,543.0,41.7371,0.3538,0.5226,646,963,565,876,215.8974
12,57.278,3,1075.96,632.6744,15271.0,1955.0,193.0257,0.92,2.0726,538.0,47.1346,0.4694,0.6389,963,1256,565,876,215.8974
12,57.278,4,1389.0896,676.7717,16590.0,145.0,179.4799,0.919,1.7814,558.0,30.2045,0.5158,0.6805,1256,1561,565,876,215.8974
12,57.6786,1,545.777,613.1788,14970.0,2689.0,214.7731,0.7644,2.4298,528.0,59.989,0.3644,0.5342,341,646,565,876,215.8974
12,57.6786,2,842.3699,642.7301,15129.0,766.0,170.0479,0.9121,1.7695,544.0,30.4702,0.5095,0.6751,646,963,565,876,215.8974
12,57.6786,3,1088.3363,658.6155,17362.0,1607.0,224.7574,0.913,2.559,538.0,27.8791,0.6633,0.7975,963,1256,565,876,215.8974
12,57.6786,4,1394.9413,644.3411,16763.0,1144.0,223.9385,0.6832,2.7365,542.0,35.3542,0.4674,0.637,1256,1561,565,876,215.8974
12,58.0791,1,551.4366,628.0751,15641.0,3031.0,225.425,0.7774,3.0373,519.0,43.5489,0.5802,0.7344,341,646,565,876,215.8974
12,58.0791,2,840.4824,670.498,18350.0,361.0,197.4651,0.9999,1.738,556.0,33.8055,0.4745,0.6436,646,963,565,876,215.8974
12,58.0791,3,1092.2767,635.1016,15683.0,2112.0,238.9514,0.7641,3.1338,537.0,34.3059,0.5469,0.7071,963,1256,565,876,215.8974
12,58.0791,4,1405.0869,652.9949,17009.0,1172.0,253.7485,0.697,3.3106,540.0,34.4962,0.527,0.6902,1256,1561,565,876,215.8974
12,58.4797,1,570.827,609.9061,14651.0,3509.0,199.5093,0.8428,2.3289,514.0,32.0491,0.6345,0.7764,341,646,565,876,215.8974
12,58.4797,2,834.0473,644.3015,14918.0,392.0,204.1198,0.8251,2.1178,552.0,37.6837,0.4656,0.6354,646,963,565,876,215.8974
12,58.4797,3,1089.6252,621.1688,17057.0,3083.0,236.8853,0.6421,2.8782,528.0,37.5401,0.5921,0.7438,963,1256,565,876,215.8974
12,58.4797,4,1417.1652,660.5191,17738.0,804.0,255.6908,0.6923,3.2733,547.0,38.4502,0.5371,0.6988,1256,1561,565,876,215.8974
12,58.8802,1,582.3448,605.1478,13461.0,3361.0,159.0961,0.9759,1.4784,509.0,41.6766,0.5441,0.7048,341,646,565,876,215.8974
12,58.8802,2,829.3397,634.9303,17120.0,1162.0,251.0861,0.6269,3.2974,546.0,37.6206,0.5842,0.7376,646,963,565,876,215.8974
12,58.8802,3,1086.0292,602.475,17086.0,3418.0,225.3905,0.5028,2.4751,524.0,31.1689,0.6505,0.7883,963,1256,565,876,215.8974
12,58.8802,4,1423.3499,659.0974,17869.0,1270.0,247.2244,0.7183,2.9575,534.0,24.6629,0.6842,0.8125,1256,1561,565,876,215.8974
12,59.2808,1,576.5476,601.1296,17147.0,4764.0,185.9438,0.9111,1.4853,487.0,35.2111,0.6111,0.7586,341,646,565,876,215.8974
12,59.2808,2,832.016,644.4869,17953.0,1498.0,201.4433,0.8187,2.0152,536.0,37.386,0.5527,0.7119,646,963,565,876,215.8974
12,59.2808,3,1089.5482,603.3821,17070.0,3872.0,237.6632,0.58,2.8408,514.0,27.398,0.7355,0.8476,963,1256,565,876,215.8974
12,59.2808,4,1428.4363,666.9444,17766.0,782.0,224.8093,0.7876,2.5801,546.0,28.1201,0.6103,0.758,1256,1561,565,876,215.8974
12,59.6813,1,548.729,589.9297,20340.0,6157.0,226.2732,0.5725,2.0666,503.0,46.0722,0.4429,0.6139,341,646,565,876,215.8974
12,59.6813,2,836.4092,641.8505,16178.0,1778.0,178.5453,0.9995,1.7134,526.0,42.0634,0.5121,0.6773,646,963,565,876,215.8974
12,59.6813,3,1083.0405,620.765,18088.0,3142.0,242.3381,0.5587,2.8537,526.0,41.3381,0.5597,0.7177,963,1256,565,876,215.8974
12,59.6813,4,1438.5245,652.2603,16247.0,463.0,183.7444,0.7481,1.7705,552.0,29.8135,0.5763,0.7312,1256,1561,565,876,215.8974
12,60.0818,1,496.5943,601.5993,20281.0,5085.0,216.0584,0.6712,1.7895,506.0,55.6462,0.3256,0.4913,341,646,565,876,215.8974
12,60.0818,2,827.9749,642.4926,20876.0,3489.0,212.4972,0.9997,1.9047,493.0,36.4525,0.5279,0.691,646,963,565,876,215.8974
12,60.0818,3,1089.7919,633.9646,17165.0,2234.0,219.9626,0.7195,2.5804,535.0,41.7175,0.5887,0.7411,963,1256,565,876,215.8974
12,60.0818,4,1441.1514,655.9963,16364.0,560.0,162.779,0.7637,1.5538,557.0,25.9711,0.5989,0.7491,1256,1561,565,876,215.8974
12,60.4824,1,478.3143,597.9478,20778.0,5498.0,219.0718,0.5425,1.9182,510.0,46.0947,0.4791,0.6478,341,646,565,876,215.8974
12,60.4824,2,796.4586,662.9411,21421.0,1416.0,204.7312,0.9086,1.7664,533.0,52.3077,0.425,0.5965,646,963,565,876,215.8974
12,60.4824,3,1075.1623,641.0075,15356.0,1173.0,173.4199,1.0,1.7065,545.0,45.7351,0.4259,0.5974,963,1256,565,876,215.8974
12,60.4824,4,1439.3292,628.488,13780.0,1105.0,186.5916,0.7543,1.8794,540.0,23.7233,0.6565,0.7927,1256,1561,565,876,215.8974
12,60.8829,1,451.0147,620.9799,15101.0,3110.0,158.8704,0.8024,1.6655,542.0,47.6853,0.3482,0.5165,341,646,565,876,215.8974
12,60.8829,2,777.0153,656.9487,23509.0,3287.0,251.3428,0.9976,2.272,512.0,37.7569,0.4998,0.6665,646,963,565,876,215.8974
12,60.8829,3,1070.8853,632.449,14767.0,1561.0,160.8835,0.7324,1.6477,543.0,32.1373,0.52,0.6842,963,1256,565,876,215.8974
12,60.8829,4,1415.0991,641.0381,15073.0,178.0,195.1621,0.5975,2.2656,562.0,32.7668,0.6029,0.7523,1256,1561,565,876,215.8974
12,61.2835,1,425.8954,621.0432,10889.0,1956.0,156.4458,0.9239,2.1615,536.0,36.5618,0.4531,0.6236,341,646,565,876,215.8974
12,61.2835,2,771.7511,624.4403,20908.0,3250.0,222.0341,0.79,1.8872,502.0,46.8678,0.4262,0.5977,646,963,565,876,215.8974
12,61.2835,3,1081.7773,614.0555,12762.0,1325.0,163.8229,0.5532,1.9335,545.0,32.5851,0.5517,0.7111,963,1256,565,876,215.8974
12,61.2835,4,1406.4161,651.8388,16304.0,0.0,218.3253,0.6199,2.5512,568.0,26.0529,0.6751,0.8061,1256,1561,565,876,215.8974
12,61.684,1,421.2195,601.3125,8913.0,1381.0,114.042,0.9994,1.3268,540.0,29.0346,0.5068,0.6727,341,646,565,876,215.8974
12,61.684,2,792.8641,619.5814,21899.0,4183.0,231.1039,0.7714,1.9764,502.0,35.3085,0.5922,0.7439,646,963,565,876,215.8974
12,61.684,3,1102.9891,610.2543,13042.0,1874.0,175.712,0.6279,1.9786,539.0,32.5367,0.6024,0.7519,963,1256,565,876,215.8974
12,61.684,4,1408.7341,644.6968,16648.0,662.0,223.5633,0.6713,2.5874,562.0,22.0241,0.7241,0.8399,1256,1561,565,876,215.8974
12,62.0846,1,446.2719,612.5487,11826.0,1501.0,134.3436,0.9713,1.2977,543.0,44.4936,0.4409,0.612,341,646,565,876,215.8974
12,62.0846,2,820.6435,638.9917,23147.0,3124.0,263.8637,0.7056,2.2903,512.0,52.1928,0.3698,0.5399,646,963,565,876,215.8974
12,62.0846,3,1090.0473,637.4094,16920.0,1554.0,215.1332,0.544,2.5671,546.0,32.5556,0.5866,0.7394,963,1256,565,876,215.8974
12,62.0846,4,1401.0282,658.8648,17186.0,1135.0,219.2426,0.7203,2.7054,541.0,24.9679,0.6189,0.7646,1256,1561,565,876,215.8974
12,62.4851,1,465.5513,631.4368,13507.0,903.0,158.476,0.9326,1.585,541.0,50.6026,0.4373,0.6085,341,646,565,876,215.8974
12,62.4851,2,846.5108,653.2877,23576.0,3595.0,241.9316,0.926,2.2787,505.0,48.0514,0.3783,0.5489,646,963,565,876,215.8974
12,62.4851,3,1098.6751,628.7274,16160.0,2237.0,227.6516,0.7427,2.7775,529.0,34.5387,0.5581,0.7164,963,1256,565,876,215.8974
12,62.4851,4,1415.2775,647.5249,17208.0,815.0,249.1711,0.6933,2.7704,549.0,32.915,0.5669,0.7236,1256,1561,565,876,215.8974
12,62.8857,1,492.9588,634.2829,11986.0,591.0,162.7668,0.9398,1.7981,547.0,48.9134,0.4472,0.618,341,646,565,876,215.8974
12,62.8857,2,862.0141,662.7538,21290.0,2193.0,232.9708,0.9412,2.1216,515.0,38.4276,0.5408,0.702,646,963,565,876,215.8974
12,62.8857,3,1112.5069,644.4642,18179.0,1927.0,200.1794,0.834,2.0784,535.0,33.4524,0.532,0.6945,963,1256,565,876,215.8974
12,62.8857,4,1417.6715,648.8613,17896.0,506.0,255.0193,0.6581,3.0257,549.0,34.0057,0.6704,0.8027,1256,1561,565,876,215.8974
12,63.2862,1,514.5915,629.624,13142.0,1078.0,167.3525,0.9995,1.6579,535.0,41.1728,0.5637,0.7209,341,646,565,876,215.8974
12,63.2862,2,863.6883,659.4576,21312.0,2369.0,225.8457,0.967,1.9946,521.0,26.1524,0.6928,0.8186,646,963,565,876,215.8974
12,63.2862,3,1119.5552,644.4002,15127.0,784.0,202.1985,0.7805,2.2385,546.0,29.869,0.5783,0.7328,963,1256,565,876,215.8974
12,63.2862,4,1408.6382,650.4021,19029.0,1052.0,256.7097,0.6471,3.115,546.0,31.9151,0.6651,0.7989,1256,1561,565,876,215.8974
12,63.6868,1,511.8502,631.9447,16177.0,1865.0,200.5358,0.833,1.9891,538.0,45.8324,0.4677,0.6373,341,646,565,876,215.8974
12,63.6868,2,849.9088,643.3796,22011.0,2744.0,213.048,0.9493,1.5538,510.0,45.8464,0.4932,0.6606,646,963,565,876,215.8974
12,63.6868,3,1121.2081,656.3071,16333.0,1390.0,187.2559,0.9982,1.9443,533.0,38.9291,0.47,0.6395,963,1256,565,876,215.8974
12,63.6868,4,1424.5263,633.8607,18581.0,1384.0,253.3896,0.6753,2.6522,533.0,24.8451,0.6961,0.8208,1256,1561,565,876,215.8974
12,64.0873,1,499.1474,612.8823,15985.0,2350.0,226.9868,0.6244,2.6804,527.0,41.2844,0.5481,0.7081,341,646,565,876,215.8974
12,64.0873,2,844.6354,645.0489,22893.0,3137.0,218.0415,0.9104,1.8924,498.0,39.4471,0.458,0.6283,646,963,565,876,215.8974
12,64.0873,3,1121.9989,651.7574,17357.0,1585.0,202.7126,0.8993,2.1294,540.0,35.8066,0.4983,0.6652,963,1256,565,876,215.8974
12,64.0873,4,1425.9426,645.8,18244.0,1293.0,247.6114,0.6994,2.8082,535.0,35.487,0.6239,0.7684,1256,1561,565,876,215.8974
12,64.4878,1,476.2945,619.0693,16973.0,2249.0,220.3768,0.6507,2.4874,531.0,50.6375,0.5272,0.6904,341,646,565,876,215.8974
12,64.4878,2,814.7323,643.7563,25424.0,3103.0,254.6361,0.7285,1.9976,512.0,42.0343,0.488,0.6559,646,963,565,876,215.8974
12,64.4878,3,1104.546,627.0265,15549.0,2573.0,236.7248,0.7941,3.0833,521.0,40.5096,0.5023,0.6687,963,1256,565,876,215.8974
12,64.4878,4,1418.4345,668.4755,18713.0,901.0,243.9517,0.7162,2.7786,546.0,27.2189,0.6082,0.7564,1256,1561,565,876,215.8974
12,64.8884,1,457.1511,625.1659,16078.0,2197.0,220.627,0.7175,2.5842,531.0,41.2735,0.5479,0.7079,341,646,565,876,215.8974
12,64.8884,2,787.6211,641.6081,23580.0,3190.0,238.9765,0.8733,1.88,503.0,47.7632,0.421,0.5925,646,963,565,876,215.8974
12,64.8884,3,1089.0815,635.2955,16340.0,2832.0,227.3981,0.8926,2.7652,513.0,39.0628,0.5169,0.6815,963,1256,565,876,215.8974
12,64.8884,4,1424.4032,661.2821,17725.0,462.0,223.0661,0.7568,2.6391,553.0,27.7246,0.7022,0.825,1256,1561,565,876,215.8974
12,65.2889,1,469.1141,652.6049,17168.0,1798.0,217.4596,0.7474,2.6718,534.0,26.539,0.6577,0.7935,341,646,565,876,215.8974
12,65.2889,2,767.0313,651.4831,23051.0,2770.0,231.2957,0.8968,1.923,506.0,32.3653,0.5589,0.7171,646,963,565,876,215.8974
12,65.2889,3,1069.4211,637.4053,15841.0,2329.0,217.3471,0.9104,2.5222,520.0,41.5556,0.4865,0.6545,963,1256,565,876,215.8974
12,65.2889,4,1435.949,631.3585,18102.0,1873.0,189.0793,0.9148,1.4835,543.0,34.2442,0.5312,0.6938,1256,1561,565,876,215.8974
12,65.6895,1,460.0483,652.3014,15280.0,1368.0,196.8972,0.8712,2.4386,538.0,32.1286,0.5542,0.7132,341,646,565,876,215.8974
12,65.6895,2,763.2091,646.4708,21531.0,3356.0,243.5447,0.8804,2.321,504.0,31.2988,0.5995,0.7496,646,963,565,876,215.8974
12,65.6895,3,1049.5947,644.4912,16772.0,2298.0,193.3458,0.9899,1.9846,519.0,42.2148,0.4366,0.6079,963,1256,565,876,215.8974
12,65.6895,4,1427.8607,629.0348,14060.0,1000.0,144.9902,0.9992,1.3454,539.0,32.8619,0.4994,0.6661,1256,1561,565,876,215.8974
12,66.09,1,447.2816,633.1779,12688.0,1204.0,172.9933,0.9687,1.9379,542.0,27.5552,0.6278,0.7714,341,646,565,876,215.8974
12,66.09,2,766.0083,671.502,21243.0,2065.0,238.8324,0.8958,2.3438,518.0,37.8986,0.5557,0.7144,646,963,565,876,215.8974
12,66.09,3,1046.0961,634.7281,15754.0,2351.0,202.8982,0.9978,2.1717,519.0,27.7106,0.6352,0.7769,963,1256,565,876,215.8974
12,66.09,4,1438.5143,647.5004,13345.0,47.0,158.8616,0.8705,1.5361,563.0,33.3049,0.5028,0.6691,1256,1561,565,876,215.8974
12,66.4906,1,456.0963,622.1453,13526.0,1306.0,183.675,0.7536,2.0741,542.0,52.462,0.426,0.5975,341,646,565,876,215.8974
12,66.4906,2,757.0554,669.5854,20569.0,2301.0,250.3167,0.941,2.678,512.0,30.5219,0.6402,0.7806,646,963,565,876,215.8974
12,66.4906,3,1051.8319,663.9151,18817.0,2329.0,216.3907,0.9907,2.3442,521.0,30.0492,0.5858,0.7388,963,1256,565,876,215.8974
12,66.4906,4,1435.6524,676.1812,16535.0,137.0,194.7633,0.843,2.1504,560.0,38.4778,0.4767,0.6456,1256,1561,565,876,215.8974
12,66.8911,1,492.2783,613.41,15070.0,1779.0,194.5247,0.6043,2.0749,537.0,51.6789,0.4757,0.6447,341,646,565,876,215.8974
12,66.8911,2,752.2675,657.5366,19892.0,2474.0,243.1719,0.9387,2.46,508.0,23.788,0.7008,0.8241,646,963,565,876,215.8974
12,66.8911,3,1054.8983,646.7212,15688.0,2579.0,225.9192,0.9883,2.8779,508.0,24.9308,0.7013,0.8245,963,1256,565,876,215.8974
12,66.8911,4,1421.087,647.278,17156.0,1335.0,226.3037,0.7509,2.7024,540.0,32.6864,0.5917,0.7435,1256,1561,565,876,215.8974
12,67.2917,1,524.1829,613.5004,17159.0,2169.0,239.3087,0.518,2.7107,535.0,51.6193,0.506,0.672,341,646,565,876,215.8974
12,67.2917,2,752.3958,653.6906,21842.0,2549.0,229.6444,0.9598,1.94,507.0,27.2643,0.7109,0.831,646,963,565,876,215.8974
12,67.2917,3,1054.722,660.1262,18627.0,1935.0,207.1711,0.9331,2.2152,528.0,40.3098,0.4496,0.6203,963,1256,565,876,215.8974
12,67.2917,4,1390.8428,626.8504,17770.0,1085.0,230.1622,0.6432,2.4409,542.0,39.4441,0.5003,0.6669,1256,1561,565,876,215.8974
12,67.6922,1,546.1257,616.4717,16180.0,2725.0,230.4356,0.6897,2.8165,523.0,49.5094,0.5495,0.7093,341,646,565,876,215.8974
12,67.6922,2,756.9312,655.7868,23837.0,2948.0,244.3567,0.9619,2.0864,506.0,26.4417,0.7406,0.8509,646,963,565,876,215.8974
12,67.6922,3,1076.4221,634.0845,15827.0,2152.0,213.984,0.9306,2.3961,518.0,36.3652,0.4527,0.6232,963,1256,565,876,215.8974
12,67.6922,4,1365.9444,638.4843,16245.0,882.0,191.6409,0.7315,2.1995,544.0,49.7959,0.4657,0.6355,1256,1561,565,876,215.8974
12,68.0928,1,556.5066,619.0501,16042.0,2845.0,216.326,0.7294,2.5366,522.0,31.6969,0.6918,0.8178,341,646,565,876,215.8974
12,68.0928,2,762.9324,656.7839,22794.0,2570.0,243.2742,0.9474,2.1013,508.0,23.6086,0.7402,0.8507,646,963,565,876,215.8974
12,68.0928,3,1086.7564,670.0736,18927.0,1575.0,216.6974,0.9978,2.2849,534.0,42.9681,0.427,0.5985,963,1256,565,876,215.8974
12,68.0928,4,1360.7742,671.7661,15030.0,218.0,155.0037,0.9903,1.5063,560.0,41.3045,0.4184,0.59,1256,1561,565,876,215.8974
12,68.4933,1,554.4679,611.8724,16594.0,3226.0,220.2891,0.7176,2.436,530.0,25.758,0.7451,0.8539,341,646,565,876,215.8974
12,68.4933,2,762.7245,652.7619,23434.0,2797.0,237.0597,0.9521,1.8868,511.0,22.1266,0.7773,0.8747,646,963,565,876,215.8974
12,68.4933,3,1088.1492,671.4106,19132.0,1535.0,229.8187,0.9239,2.563,543.0,38.3315,0.5056,0.6716,963,1256,565,876,215.8974
12,68.4933,4,1349.4292,653.2602,14165.0,316.0,173.5152,0.9726,1.867,554.0,27.5317,0.5263,0.6896,1256,1561,565,876,215.8974
12,68.8938,1,554.8661,613.7882,16833.0,4154.0,231.8823,0.7944,2.7444,504.0,30.5342,0.7126,0.8322,341,646,565,876,215.8974
12,68.8938,2,774.5178,656.3174,24609.0,2810.0,254.5002,0.8816,2.1564,514.0,31.5095,0.6472,0.7858,646,963,565,876,215.8974
12,68.8938,3,1081.8893,635.5785,16494.0,2916.0,244.6698,0.8635,3.1262,509.0,39.5793,0.5235,0.6872,963,1256,565,876,215.8974
12,68.8938,4,1348.5244,681.2785,17596.0,771.0,200.1443,0.9098,2.3214,545.0,29.0054,0.5432,0.704,1256,1561,565,876,215.8974
12,69.2944,1,576.6447,604.3009,17342.0,4885.0,194.1174,0.9593,1.7675,489.0,45.4617,0.5163,0.681,341,646,565,876,215.8974
12,69.2944,2,774.1228,651.884,21500.0,2260.0,250.1776,0.8121,2.3533,522.0,22.5157,0.6766,0.8071,646,963,565,876,215.8974
12,69.2944,3,1060.6443,630.5507,15812.0,3086.0,249.7504,0.8229,3.3715,509.0,51.576,0.4501,0.6208,963,1256,565,876,215.8974
12,69.2944,4,1352.9567,652.4557,14167.0,1041.0,226.7233,0.8699,3.1501,536.0,27.9865,0.6006,0.7504,1256,1561,565,876,215.8974
12,69.6949,1,569.2539,626.4086,20024.0,4416.0,217.6376,0.8938,1.9418,498.0,29.2014,0.677,0.8074,341,646,565,876,215.8974
12,69.6949,2,765.1639,652.7384,22858.0,3030.0,242.2742,0.9293,2.1627,509.0,30.2095,0.6392,0.7799,646,963,565,876,215.8974
12,69.6949,3,1045.6081,644.5484,17074.0,2875.0,242.1223,0.879,3.0386,524.0,47.1895,0.4759,0.6449,963,1256,565,876,215.8974
12,69.6949,4,1354.7239,658.9279,15569.0,1140.0,234.8887,0.8315,3.1946,536.0,24.7584,0.6705,0.8027,1256,1561,565,876,215.8974
12,70.0955,1,560.8136,640.9487,23442.0,3681.0,218.3763,0.9831,1.56,508.0,30.9057,0.614,0.7608,341,646,565,876,215.8974
12,70.0955,2,759.2292,653.7639,19449.0,2081.0,208.2488,0.7503,2.4688,564.0,27.0582,0.6413,0.7815,646,963,565,876,215.8974
12,70.0955,3,1041.9449,630.1738,17449.0,3787.0,232.6677,0.887,2.6282,501.0,32.5344,0.6476,0.7861,963,1256,565,876,215.8974
12,70.0955,4,1355.7756,655.6231,16581.0,1057.0,238.0878,0.8383,2.995,538.0,24.8207,0.7481,0.8559,1256,1561,565,876,215.8974
12,70.496,1,549.2162,621.906,18959.0,3076.0,207.6934,0.8579,1.8659,503.0,45.0931,0.4353,0.6066,341,646,565,876,215.8974
12,70.496,2,752.1687,663.0159,18663.0,2168.0,216.3713,0.831,2.7747,562.0,35.2424,0.5966,0.7474,646,963,565,876,215.8974
12,70.496,3,1052.197,632.5791,18543.0,3772.0,248.5385,0.8195,2.849,509.0,36.1164,0.6107,0.7583,963,1256,565,876,215.8974
12,70.496,4,1344.6235,640.1686,14854.0,1471.0,194.6849,0.856,2.389,548.0,31.3851,0.6194,0.765,1256,1561,565,876,215.8974
12,70.8966,1,515.729,611.002,19001.0,3883.0,194.3017,0.9128,1.7005,493.0,46.196,0.4657,0.6355,341,646,565,876,215.8974
12,70.8966,2,747.7045,671.5375,18222.0,1770.0,238.3139,0.9104,2.8213,525.0,24.4079,0.6822,0.8111,646,963,565,876,215.8974
12,70.8966,3,1059.5491,646.0223,17439.0,2730.0,246.8155,0.8116,3.1064,525.0,29.349,0.6641,0.7981,963,1256,565,876,215.8974
12,70.8966,4,1329.6797,636.4803,16488.0,2900.0,208.4849,0.9783,2.2907,500.0,44.8135,0.5105,0.6759,1256,1561,565,876,215.8974
12,71.2971,1,488.9621,620.439,21165.0,4097.0,222.706,0.6903,1.847,506.0,41.8915,0.4742,0.6433,341,646,565,876,215.8974
12,71.2971,2,749.3937,671.9329,16696.0,1652.0,235.2808,0.9349,2.8087,523.0,26.4943,0.6614,0.7962,646,963,565,876,215.8974
12,71.2971,3,1051.3553,634.4549,16889.0,3205.0,244.3874,0.8362,3.0599,515.0,22.2123,0.7178,0.8357,963,1256,565,876,215.8974
12,71.2971,4,1326.6632,650.3732,17715.0,1834.0,208.751,0.9955,2.0726,516.0,31.3389,0.5981,0.7485,1256,1561,565,876,215.8974
12,71.6977,1,464.5013,616.45,20428.0,4009.0,216.338,0.7746,1.7287,513.0,41.2914,0.5121,0.6774,341,646,565,876,215.8974
12,71.6977,2,741.5701,655.5711,16802.0,1729.0,260.5137,0.9161,3.2918,521.0,28.3741,0.5802,0.7344,646,963,565,876,215.8974
12,71.6977,3,1044.2852,636.8945,15615.0,2901.0,244.3565,0.9046,2.998,505.0,32.388,0.6477,0.7862,963,1256,565,876,215.8974
12,71.6977,4,1336.5106,641.5721,19865.0,2482.0,210.0532,0.9465,1.8428,513.0,38.4385,0.578,0.7326,1256,1561,565,876,215.8974
12,72.0982,1,458.397,622.4019,18871.0,3869.0,230.7959,0.7072,2.4762,512.0,33.2944,0.6267,0.7706,341,646,565,876,215.8974
12,72.0982,2,761.526,667.0767,19916.0,2502.0,251.6246,0.8997,2.9871,512.0,24.3942,0.616,0.7624,646,963,565,876,215.8974
12,72.0982,3,1041.8106,656.7338,15657.0,1300.0,190.9557,0.94,2.1018,538.0,36.8454,0.5455,0.7059,963,1256,565,876,215.8974
12,72.0982,4,1363.5777,632.5599,19231.0,2471.0,193.8689,0.9995,1.7121,509.0,50.6168,0.451,0.6216,1256,1561,565,876,215.8974
12,72.4988,1,452.8885,636.8372,17953.0,3501.0,212.5324,0.7951,2.4374,513.0,31.0381,0.5717,0.7275,341,646,565,876,215.8974
12,72.4988,2,756.5603,669.6685,20222.0,2069.0,242.8552,0.9325,2.5592,512.0,23.227,0.7167,0.835,646,963,565,876,215.8974
12,72.4988,3,1041.7343,653.0599,15397.0,1087.0,198.1981,0.9915,2.1022,540.0,32.2949,0.6134,0.7604,963,1256,565,876,215.8974
12,72.4988,4,1383.2172,655.7868,21515.0,1942.0,199.8201,0.9553,1.6509,523.0,34.5029,0.5487,0.7086,1256,1561,565,876,215.8974
12,72.8993,1,440.7327,632.8703,14716.0,2427.0,183.8335,0.8555,2.3466,528.0,27.4826,0.5995,0.7496,341,646,565,876,215.8974
12,72.8993,2,746.2099,669.1163,21267.0,2030.0,222.2032,0.8981,2.3347,563.0,26.1576,0.6442,0.7836,646,963,565,876,215.8974
12,72.8993,3,1043.0792,643.1751,16462.0,2410.0,177.555,0.9996,1.8258,523.0,30.7086,0.5876,0.7402,963,1256,565,876,215.8974
12,72.8993,4,1388.8988,641.4152,21764.0,2232.0,221.2253,0.8014,1.8047,527.0,33.5002,0.5734,0.7289,1256,1561,565,876,215.8974
12,73.2999,1,434.1123,611.7831,11731.0,1958.0,169.7292,0.9102,2.0053,530.0,27.7603,0.6252,0.7694,341,646,565,876,215.8974
12,73.2999,2,751.095,656.6701,22588.0,3089.0,244.4495,0.9915,2.1495,501.0,30.7829,0.6353,0.777,646,963,565,876,215.8974
12,73.2999,3,1051.107,615.2788,13449.0,1287.0,194.0567,0.6633,2.1723,547.0,40.2156,0.4406,0.6117,963,1256,565,876,215.8974
12,73.2999,4,1406.3756,628.2416,22266.0,3635.0,234.2194,0.7954,2.1115,509.0,33.2276,0.5874,0.74,1256,1561,565,876,215.8974
12,73.7004,1,436.3561,616.3281,12064.0,1643.0,151.1441,0.9784,1.5861,539.0,32.7866,0.6345,0.7764,341,646,565,876,215.8974
12,73.7004,2,759.1216,652.8484,22336.0,2835.0,233.2647,0.972,1.995,502.0,25.2506,0.7613,0.8645,646,963,565,876,215.8974
12,73.7004,3,1072.9331,614.3545,14385.0,2003.0,209.291,0.6636,2.4176,537.0,34.0123,0.5988,0.7491,963,1256,565,876,215.8974
12,73.7004,4,1416.1976,644.781,23599.0,3317.0,240.5084,0.8079,2.0793,510.0,32.7073,0.642,0.782,1256,1561,565,876,215.8974
12,74.1009,1,465.1356,619.8485,12931.0,1415.0,158.8486,0.9619,1.5632,533.0,46.5135,0.4582,0.6284,341,646,565,876,215.8974
12,74.1009,2,768.649,667.7796,25999.0,2561.0,247.5308,0.9504,1.9823,519.0,32.7523,0.6215,0.7666,646,963,565,876,215.8974
12,74.1009,3,1096.5903,613.3113,15858.0,1982.0,226.523,0.5459,2.6169,542.0,46.1201,0.559,0.7171,963,1256,565,876,215.8974
12,74.1009,4,1436.3575,654.454,22319.0,1874.0,221.6525,0.9482,1.7432,522.0,37.394,0.5266,0.6899,1256,1561,565,876,215.8974
12,74.5015,1,485.4794,621.4869,14644.0,1108.0,196.3839,0.6295,2.2006,545.0,55.9915,0.4532,0.6238,341,646,565,876,215.8974
12,74.5015,2,775.1536,637.53,21635.0,2684.0,250.1407,0.814,2.1463,514.0,40.0319,0.5148,0.6797,646,963,565,876,215.8974
12,74.5015,3,1114.364,619.5089,16287.0,1944.0,233.9187,0.6195,2.7938,537.0,43.3614,0.6084,0.7565,963,1256,565,876,215.8974
12,74.5015,4,1436.9336,650.1333,20844.0,1871.0,198.4121,1.0,1.5157,520.0,34.6761,0.5989,0.7491,1256,1561,565,876,215.8974
12,74.902,1,521.7459,616.7188,16059.0,2657.0,198.5335,0.7647,2.1742,537.0,47.0921,0.4765,0.6455,341,646,565,876,215.8974
12,74.902,2,770.4903,641.7884,22687.0,3206.0,239.8435,0.9054,1.9797,498.0,32.3351,0.6394,0.78,646,963,565,876,215.8974
12,74.902,3,1120.7439,628.8972,18030.0,2637.0,228.7204,0.7598,2.5,533.0,33.5635,0.6299,0.7729,963,1256,565,876,215.8974
12,74.902,4,1427.4362,636.7002,20273.0,2704.0,208.7343,0.9906,1.7315,502.0,34.3956,0.5667,0.7234,1256,1561,565,876,215.8974
12,75.3026,1,531.9424,622.2449,16594.0,2406.0,217.0326,0.7219,2.3733,535.0,38.0155,0.6035,0.7527,341,646,565,876,215.8974
12,75.3026,2,764.1823,666.6344,24114.0,2067.0,254.097,0.9336,2.183,518.0,33.6059,0.5632,0.7205,646,963,565,876,215.8974
12,75.3026,3,1137.1858,633.3396,18169.0,2369.0,225.5623,0.7079,2.6265,533.0,26.4994,0.6444,0.7837,963,1256,565,876,215.8974
12,75.3026,4,1412.782,654.838,24449.0,2479.0,212.6147,0.9973,1.59,513.0,39.494,0.5447,0.7052,1256,1561,565,876,215.8974
12,75.7031,1,543.3832,620.5204,15610.0,2605.0,220.9251,0.7295,2.7052,530.0,36.5903,0.684,0.8123,341,646,565,876,215.8974
12,75.7031,2,761.8765,655.8256,24422.0,3409.0,254.9613,0.9707,2.185,513.0,18.7346,0.8077,0.8936,646,963,565,876,215.8974
12,75.7031,3,1147.337,624.8396,18607.0,2917.0,204.5372,0.7893,2.0185,520.0,27.7419,0.6716,0.8036,963,1256,565,876,215.8974
12,75.7031,4,1398.2417,665.4774,25941.0,1964.0,221.5344,0.9635,1.6246,520.0,30.5298,0.5918,0.7436,1256,1561,565,876,215.8974
12,76.1037,1,553.4443,617.2884,16499.0,3245.0,220.932,0.7657,2.5912,518.0,32.094,0.6885,0.8155,341,646,565,876,215.8974
12,76.1037,2,772.1744,651.6863,24009.0,2483.0,237.1379,0.8881,1.8701,519.0,34.3426,0.6317,0.7743,646,963,565,876,215.8974
12,76.1037,3,1156.0633,610.5506,21898.0,6174.0,192.9246,0.8712,1.5627,509.0,30.2167,0.6474,0.786,963,1256,565,876,215.8974
12,76.1037,4,1390.376,638.4205,23497.0,2021.0,224.2599,0.5954,1.6406,528.0,43.112,0.5,0.6667,1256,1561,565,876,215.8974
12,76.5042,1,562.4242,617.1723,15616.0,3135.0,218.7794,0.7776,2.6506,520.0,33.6254,0.6672,0.8004,341,646,565,876,215.8974
12,76.5042,2,781.7837,665.3787,22669.0,1688.0,216.129,0.9271,1.8513,533.0,44.7667,0.4522,0.6228,646,963,565,876,215.8974
12,76.5042,3,1151.3253,627.0994,19958.0,3219.0,190.4544,0.8879,1.6186,513.0,27.2817,0.6372,0.7784,963,1256,565,876,215.8974
12,76.5042,4,1375.5797,620.2896,20384.0,2783.0,231.7415,0.6447,1.9887,530.0,37.4817,0.5967,0.7474,1256,1561,565,876,215.8974
12,76.9048,1,561.4371,633.023,16534.0,3040.0,219.3321,0.8147,2.6631,521.0,30.8936,0.6502,0.788,341,646,565,876,215.8974
12,76.9048,2,797.7352,632.4072,20668.0,3095.0,222.2514,0.8546,2.0936,516.0,30.2951,0.566,0.7228,646,963,565,876,215.8974
12,76.9048,3,1159.0461,632.5675,20888.0,3089.0,196.3627,0.9884,1.5635,512.0,36.6958,0.5678,0.7243,963,1256,565,876,215.8974
12,76.9048,4,1357.2598,625.1134,20109.0,1637.0,202.6835,0.4977,1.687,556.0,32.3382,0.634,0.776,1256,1561,565,876,215.8974
12,77.3053,1,567.5154,625.4138,17430.0,3286.0,211.1996,0.8339,2.1573,517.0,21.1348,0.7398,0.8504,341,646,565,876,215.8974
12,77.3053,2,810.6451,622.3913,20597.0,2118.0,232.4897,0.3192,2.1918,548.0,41.0483,0.5133,0.6784,646,963,565,876,215.8974
12,77.3053,3,1136.7748,621.1246,19693.0,3511.0,207.0274,0.86,1.8224,507.0,36.4773,0.4996,0.6663,963,1256,565,876,215.8974
12,77.3053,4,1375.2591,605.9458,18231.0,3780.0,242.7454,0.5982,2.4874,514.0,34.4851,0.6335,0.7756,1256,1561,565,876,215.8974
12,77.7059,1,562.4932,612.7787,17476.0,4330.0,210.4522,0.8021,2.1455,503.0,36.3972,0.6134,0.7604,341,646,565,876,215.8974
12,77.7059,2,828.5357,619.576,16372.0,1803.0,185.1861,0.5446,1.9478,547.0,38.3819,0.4809,0.6495,646,963,565,876,215.8974
12,77.7059,3,1102.703,603.6386,20360.0,4624.0,229.3403,0.4132,2.049,530.0,40.7965,0.5114,0.6768,963,1256,565,876,215.8974
12,77.7059,4,1406.5435,620.8069,20116.0,2367.0,262.5876,0.549,2.7958,528.0,51.9712,0.3802,0.551,1256,1561,565,876,215.8974
12,78.1064,1,549.4153,624.6231,19952.0,4247.0,208.9096,0.8226,1.89,510.0,25.372,0.6853,0.8133,341,646,565,876,215.8974
12,78.1064,2,835.8297,654.8385,14183.0,232.0,139.2951,0.8711,1.4472,557.0,36.1718,0.3951,0.5665,646,963,565,876,215.8974
12,78.1064,3,1093.7037,606.325,20752.0,5414.0,237.8517,0.6504,2.4754,500.0,36.9532,0.5335,0.6958,963,1256,565,876,215.8974
12,78.1064,4,1426.511,648.9228,20404.0,1772.0,246.8912,0.7413,2.5793,528.0,56.0627,0.353,0.5218,1256,1561,565,876,215.8974
12,78.5069,1,543.7938,627.3935,20156.0,3517.0,221.2945,0.7359,1.9955,518.0,24.7917,0.6836,0.8121,341,646,565,876,215.8974
12,78.5069,2,853.5446,615.315,15779.0,1958.0,161.0438,0.8278,1.5425,542.0,30.0337,0.4481,0.6189,646,963,565,876,215.8974
12,78.5069,3,1076.2565,615.3122,20450.0,4048.0,203.9699,0.627,1.7689,520.0,43.3839,0.4954,0.6626,963,1256,565,876,215.8974
12,78.5069,4,1433.7606,667.0084,18778.0,741.0,244.6785,0.7714,2.7445,546.0,32.5439,0.622,0.7669,1256,1561,565,876,215.8974
12,78.9075,1,545.1843,619.6639,19765.0,4269.0,205.434,0.8056,1.6969,506.0,27.1041,0.6554,0.7918,341,646,565,876,215.8974
12,78.9075,2,812.932,648.4306,14295.0,356.0,152.4594,0.9998,1.4224,550.0,41.7543,0.3171,0.4815,646,963,565,876,215.8974
12,78.9075,3,1065.9633,627.2985,17344.0,2802.0,176.1531,0.7358,1.9133,530.0,33.9505,0.5567,0.7152,963,1256,565,876,215.8974
12,78.9075,4,1420.7409,668.627,18991.0,272.0,211.2763,0.7321,2.4036,557.0,34.6119,0.5934,0.7448,1256,1561,565,876,215.8974
12,79.308,1,541.4332,618.2771,20955.0,4992.0,222.8717,0.6816,2.0269,514.0,32.2241,0.5795,0.7337,341,646,565,876,215.8974
12,79.308,2,773.6471,656.0814,17025.0,752.0,190.17,0.935,1.9115,559.0,46.9241,0.3616,0.5311,646,963,565,876,215.8974
12,79.308,3,1037.4078,632.6462,15624.0,1958.0,164.4553,0.8773,1.6363,532.0,27.9497,0.5102,0.6757,963,1256,565,876,215.8974
12,79.308,4,1447.9915,637.8667,14475.0,694.0,154.4157,0.8978,1.3045,551.0,37.9302,0.464,0.6338,1256,1561,565,876,215.8974
12,79.7086,1,540.9111,611.7128,17862.0,3791.0,221.5316,0.6007,2.4992,524.0,29.0553,0.6077,0.756,341,646,565,876,215.8974
12,79.7086,2,756.2724,645.3182,20991.0,3246.0,258.0391,0.8922,2.6749,536.0,43.3981,0.4836,0.6519,646,963,565,876,215.8974
12,79.7086,3,1032.9766,628.6407,13923.0,1734.0,143.503,0.9446,1.3986,542.0,26.1458,0.5722,0.7279,963,1256,565,876,215.8974
12,79.7086,4,1433.8763,647.9322,13492.0,5.0,145.4429,0.9791,1.366,565.0,25.8296,0.6757,0.8065,1256,1561,565,876,215.8974
12,80.1091,1,576.8044,590.9498,9726.0,2715.0,138.4839,0.7644,1.5784,532.0,40.2028,0.448,0.6188,341,646,565,876,215.8974
12,80.1091,2,751.3739,633.567,16080.0,1951.0,231.2175,0.8522,2.7999,517.0,37.8555,0.551,0.7105,646,963,565,876,215.8974
12,80.1091,3,1029.9133,635.4326,13672.0,1275.0,157.2735,0.9987,1.6579,542.0,25.084,0.6327,0.7751,963,1256,565,876,215.8974
12,80.1091,4,1428.3473,643.9197,15158.0,519.0,175.1352,0.9067,1.6414,553.0,34.4432,0.5841,0.7375,1256,1561,565,876,215.8974
12,80.5097,1,579.9669,580.5321,6854.0,2124.0,100.7123,0.971,1.2272,531.0,31.193,0.5924,0.744,341,646,565,876,215.8974
12,80.5097,2,754.1228,673.9462,17447.0,370.0,221.402,0.8774,2.5982,552.0,41.6935,0.4802,0.6488,646,963,565,876,215.8974
12,80.5097,3,1026.1654,663.8998,16729.0,1036.0,167.3031,0.9972,1.6877,537.0,23.3814,0.5625,0.72,963,1256,565,876,215.8974
12,80.5097,4,1412.4913,646.0452,15674.0,616.0,185.0287,0.9108,1.8641,547.0,36.1739,0.5094,0.675,1256,1561,565,876,215.8974
12,80.9102,1,567.2498,602.2022,9614.0,1268.0,119.9276,0.6908,1.1463,541.0,35.9058,0.4577,0.628,341,646,565,876,215.8974
12,80.9102,2,748.3342,693.6961,20554.0,751.0,221.5881,0.988,2.1278,554.0,34.6394,0.5242,0.6878,646,963,565,876,215.8974
12,80.9102,3,1042.1291,643.779,15022.0,1272.0,173.2254,0.939,1.7858,543.0,32.9741,0.5117,0.677,963,1256,565,876,215.8974
12,80.9102,4,1395.7063,668.0258,15486.0,101.0,192.8902,0.903,2.0607,560.0,39.4253,0.4294,0.6008,1256,1561,565,876,215.8974
12,81.3108,1,546.6709,604.5453,11997.0,1528.0,167.227,0.6172,1.8326,541.0,43.7109,0.4688,0.6384,341,646,565,876,215.8974
12,81.3108,2,765.516,674.7655,18775.0,542.0,200.487,0.8943,2.0102,553.0,37.2565,0.4884,0.6563,646,963,565,876,215.8974
12,81.3108,3,1039.8219,616.9077,20365.0,5669.0,214.4202,0.9909,1.7274,509.0,32.8038,0.5485,0.7085,963,1256,565,876,215.8974
12,81.3108,4,1375.3534,661.5996,16835.0,225.0,224.0874,0.8153,2.4862,556.0,41.8754,0.5096,0.6752,1256,1561,565,876,215.8974
12,81.7113,1,505.5626,599.3835,14811.0,2422.0,205.3219,0.4306,2.2094,538.0,53.1482,0.4876,0.6556,341,646,565,876,215.8974
12,81.7113,2,758.0213,642.0167,15192.0,704.0,160.7516,0.9592,1.513,552.0,32.3864,0.5276,0.6907,646,963,565,876,215.8974
12,81.7113,3,1043.7124,627.1779,14401.0,1761.0,150.4524,0.9397,1.4598,539.0,30.1613,0.5684,0.7248,963,1256,565,876,215.8974
12,81.7113,4,1363.5001,659.9816,19012.0,1057.0,232.4429,0.7971,2.5754,542.0,30.3411,0.603,0.7524,1256,1561,565,876,215.8974
12,82.1119,1,474.9127,605.0664,16418.0,2493.0,211.358,0.4778,2.2146,534.0,51.0807,0.5203,0.6845,341,646,565,876,215.8974
12,82.1119,2,756.3084,634.479,17901.0,1844.0,189.9358,0.8714,1.7172,543.0,36.7791,0.4949,0.6621,646,963,565,876,215.8974
12,82.1119,3,1048.8881,610.5942,14681.0,2087.0,189.4207,0.6602,1.9908,541.0,33.5748,0.5717,0.7275,963,1256,565,876,215.8974
12,82.1119,4,1351.4318,634.7336,15775.0,1229.0,197.2598,0.8204,2.1485,536.0,32.9185,0.5693,0.7256,1256,1561,565,876,215.8974
12,82.5124,1,461.1168,620.4633,17228.0,2454.0,203.0978,0.6114,2.1277,532.0,40.9939,0.5976,0.7481,341,646,565,876,215.8974
12,82.5124,2,775.7166,650.2734,17203.0,232.0,219.7522,0.7165,2.3493,558.0,44.1765,0.4399,0.611,646,963,565,876,215.8974
12,82.5124,3,1078.3673,611.8208,15968.0,1259.0,224.4242,0.409,2.4728,552.0,48.5355,0.5565,0.7151,963,1256,565,876,215.8974
12,82.5124,4,1331.3381,641.9709,14474.0,1436.0,194.0119,0.9925,2.1855,532.0,46.5092,0.4502,0.6209,1256,1561,565,876,215.8974
12,82.9129,1,451.7929,619.0863,16148.0,3497.0,230.2235,0.877,2.8044,499.0,49.1555,0.4709,0.6403,341,646,565,876,215.8974
12,82.9129,2,802.392,649.6243,21038.0,1664.0,250.9808,0.7085,2.7351,543.0,38.1044,0.5082,0.6739,646,963,565,876,215.8974
12,82.9129,3,1113.6171,622.864,18506.0,1951.0,232.6881,0.4815,2.7329,547.0,31.3887,0.5724,0.7281,963,1256,565,876,215.8974
12,82.9129,4,1334.8367,627.7734,14870.0,1907.0,180.5931,0.8757,1.8,534.0,36.8115,0.5582,0.7165,1256,1561,565,876,215.8974
12,83.3135,1,449.4731,636.9682,13977.0,1103.0,212.3054,0.7579,2.6392,548.0,36.4247,0.5695,0.7257,341,646,565,876,215.8974
12,83.3135,2,841.6483,623.6871,21327.0,3311.0,233.5576,0.7117,2.1297,516.0,39.5643,0.501,0.6675,646,963,565,876,215.8974
12,83.3135,3,1132.4394,631.4571,19062.0,2907.0,229.337,0.7462,2.5726,531.0,40.6995,0.5131,0.6782,963,1256,565,876,215.8974
12,83.3135,4,1364.9486,607.5341,16358.0,1969.0,192.9496,0.2893,1.8875,555.0,41.7948,0.5095,0.6751,1256,1561,565,876,215.8974
12,83.714,1,447.5526,647.2828,13942.0,965.0,178.1038,0.941,1.9669,546.0,35.2835,0.5704,0.7265,341,646,565,876,215.8974
12,83.714,2,834.366,621.8584,15896.0,1283.0,195.2778,0.6051,2.2135,551.0,36.5299,0.6144,0.7611,646,963,565,876,215.8974
12,83.714,3,1144.7349,650.1095,21448.0,2517.0,254.5655,0.8058,2.7493,529.0,44.882,0.4878,0.6557,963,1256,565,876,215.8974
12,83.714,4,1403.4783,603.8436,22086.0,4101.0,230.1713,0.422,1.8597,509.0,44.3635,0.479,0.6477,1256,1561,565,876,215.8974
12,84.1146,1,439.932,606.3592,11546.0,1788.0,149.1211,0.8786,1.4881,537.0,38.1881,0.472,0.6413,341,646,565,876,215.8974
12,84.1146,2,838.8175,640.6662,15687.0,490.0,168.6859,0.7152,1.6894,557.0,29.6353,0.5777,0.7323,646,963,565,876,215.8974
12,84.1146,3,1151.3595,657.7861,20229.0,1814.0,247.5576,0.8078,2.927,537.0,29.8785,0.6692,0.8018,963,1256,565,876,215.8974
12,84.1146,4,1420.1905,644.5794,21708.0,1878.0,232.514,0.7399,2.2576,529.0,49.6432,0.3475,0.5157,1256,1561,565,876,215.8974
12,84.5151,1,469.1327,602.0689,15858.0,3572.0,213.8527,0.6533,2.1423,534.0,48.4646,0.5323,0.6948,341,646,565,876,215.8974
12,84.5151,2,836.2983,632.2591,13783.0,334.0,156.9504,0.8219,1.468,559.0,21.862,0.6615,0.7963,646,963,565,876,215.8974
12,84.5151,3,1151.1399,649.799,20227.0,2768.0,246.4336,0.7872,2.9008,519.0,22.9028,0.7439,0.8532,963,1256,565,876,215.8974
12,84.5151,4,1426.3807,667.6912,19972.0,716.0,243.1565,0.7903,2.5282,552.0,47.6868,0.4364,0.6077,1256,1561,565,876,215.8974
12,84.9157,1,503.2098,603.0718,17707.0,3633.0,214.6234,0.6297,2.1755,512.0,60.604,0.3981,0.5695,341,646,565,876,215.8974
12,84.9157,2,843.0313,657.5583,14334.0,165.0,153.9077,0.9878,1.5292,557.0,30.1284,0.5221,0.686,646,963,565,876,215.8974
12,84.9157,3,1155.4673,628.7276,20258.0,3646.0,208.0623,0.8393,2.0065,519.0,29.8633,0.6517,0.7891,963,1256,565,876,215.8974
12,84.9157,4,1430.1845,678.177,17277.0,384.0,183.8814,0.8463,1.8694,561.0,37.8086,0.5376,0.6993,1256,1561,565,876,215.8974
12,85.3162,1,535.4709,614.773,16609.0,1984.0,227.3524,0.5676,2.6021,536.0,56.8618,0.3963,0.5676,341,646,565,876,215.8974
12,85.3162,2,842.3794,641.1758,19353.0,2644.0,202.7406,0.985,1.861,539.0,30.7258,0.5393,0.7007,646,963,565,876,215.8974
12,85.3162,3,1157.0832,625.6002,18671.0,3057.0,182.4574,0.9272,1.5695,520.0,26.7787,0.6904,0.8169,963,1256,565,876,215.8974
12,85.3162,4,1440.1448,648.3575,14947.0,619.0,158.3549,0.8446,1.5221,555.0,30.9088,0.4954,0.6625,1256,1561,565,876,215.8974
12,85.7168,1,557.9869,613.6301,15612.0,2735.0,208.5058,0.7171,2.3545,522.0,42.2907,0.5763,0.7312,341,646,565,876,215.8974
12,85.7168,2,831.3489,664.2731,15934.0,220.0,161.6513,0.9717,1.5112,557.0,34.6214,0.4769,0.6458,646,963,565,876,215.8974
12,85.7168,3,1150.3407,593.2835,29689.0,11823.0,208.9738,0.9408,1.3731,483.0,36.8274,0.4516,0.6222,963,1256,565,876,215.8974
12,85.7168,4,1419.3517,657.9975,16360.0,1242.0,170.2403,0.9574,1.6821,540.0,26.0846,0.5674,0.724,1256,1561,565,876,215.8974
12,86.1173,1,568.1185,609.7588,15043.0,3860.0,211.9599,0.811,2.6138,503.0,33.5974,0.6602,0.7953,341,646,565,876,215.8974
12,86.1173,2,822.4215,656.5265,15947.0,210.0,200.8222,0.8393,2.1172,555.0,38.2448,0.5288,0.6918,646,963,565,876,215.8974
12,86.1173,3,1136.6836,610.7514,20852.0,5196.0,178.8162,0.9946,1.483,493.0,36.0187,0.4676,0.6372,963,1256,565,876,215.8974
12,86.1173,4,1417.9283,667.3267,15764.0,0.0,174.7756,0.9358,1.6695,569.0,32.767,0.4738,0.6429,1256,1561,565,876,215.8974
12,86.5179,1,577.3064,614.6607,14858.0,3072.0,184.5834,0.908,1.9429,518.0,45.3147,0.5211,0.6852,341,646,565,876,215.8974
12,86.5179,2,811.8837,674.2246,15059.0,0.0,167.4178,0.968,1.6183,575.0,41.9125,0.4884,0.6563,646,963,565,876,215.8974
12,86.5179,3,1114.7593,626.9033,23658.0,4481.0,205.0018,0.8645,1.7265,509.0,35.3558,0.514,0.679,963,1256,565,876,215.8974
12,86.5179,4,1399.8692,681.9289,17656.0,0.0,189.4895,0.9879,1.87,568.0,30.9761,0.5489,0.7088,1256,1561,565,876,215.8974
12,86.9184,1,586.96,618.3611,15771.0,3383.0,180.926,0.9892,1.689,510.0,34.5769,0.6276,0.7712,341,646,565,876,215.8974
12,86.9184,2,795.2761,682.9616,18911.0,240.0,203.4382,0.9027,2.0864,555.0,36.7511,0.4517,0.6223,646,963,565,876,215.8974
12,86.9184,3,1083.4503,621.3136,21374.0,4615.0,240.4515,0.7888,2.2289,507.0,34.9024,0.471,0.6403,963,1256,565,876,215.8974
12,86.9184,4,1394.199,666.4388,15029.0,72.0,177.4336,0.9118,1.8309,561.0,33.9802,0.4842,0.6525,1256,1561,565,876,215.8974
12,87.3189,1,591.0826,613.1961,16164.0,3509.0,179.6898,0.9919,1.5701,511.0,24.4478,0.7493,0.8567,341,646,565,876,215.8974
12,87.3189,2,818.1767,637.2871,18355.0,1749.0,235.4691,0.7047,2.7307,537.0,32.2969,0.5106,0.6761,646,963,565,876,215.8974
12,87.3189,3,1068.7888,620.7434,20757.0,4785.0,244.4397,0.7578,2.5303,496.0,33.3749,0.6291,0.7723,963,1256,565,876,215.8974
12,87.3189,4,1393.0441,663.2847,17790.0,1082.0,207.4563,0.9043,2.2615,542.0,29.1138,0.5612,0.7189,1256,1561,565,876,215.8974
12,87.7195,1,575.6213,621.6246,19270.0,3612.0,181.6467,0.9945,1.3699,509.0,37.3914,0.6031,0.7524,341,646,565,876,215.8974
12,87.7195,2,824.6897,645.8347,18384.0,965.0,242.3404,0.6176,2.9067,543.0,36.4052,0.6299,0.773,646,963,565,876,215.8974
12,87.7195,3,1052.1915,630.3391,18531.0,3605.0,219.8273,0.7794,2.4498,517.0,42.5088,0.4682,0.6378,963,1256,565,876,215.8974
12,87.7195,4,1388.1111,665.7069,19075.0,381.0,215.4529,0.6963,2.3962,557.0,36.9733,0.5058,0.6718,1256,1561,565,876,215.8974
12,88.12,1,564.1065,609.6228,16783.0,3456.0,174.9295,0.9314,1.5363,510.0,34.0746,0.5941,0.7454,341,646,565,876,215.8974
12,88.12,2,846.0421,647.535,19032.0,906.0,221.9199,0.7126,2.2881,548.0,34.3267,0.5645,0.7217,646,963,565,876,215.8974
12,88.12,3,1044.4005,648.4138,18773.0,2199.0,203.3134,0.8757,1.9637,523.0,31.087,0.56,0.7179,963,1256,565,876,215.8974
12,88.12,4,1369.9158,641.4752,16480.0,936.0,239.396,0.7758,2.8569,544.0,29.931,0.6189,0.7646,1256,1561,565,876,215.8974
12,88.5206,1,544.6186,609.8206,16671.0,3404.0,178.7517,0.9535,1.5846,498.0,35.112,0.5667,0.7234,341,646,565,876,215.8974
12,88.5206,2,847.978,645.9879,19241.0,570.0,213.3995,0.6791,2.1441,559.0,20.0299,0.7246,0.8403,646,963,565,876,215.8974
12,88.5206,3,1040.9092,652.2269,19160.0,2543.0,226.1367,0.8839,2.4992,525.0,24.0174,0.614,0.7609,963,1256,565,876,215.8974
12,88.5206,4,1361.2538,633.5437,19077.0,2857.0,207.4042,0.9417,1.9014,533.0,39.3068,0.5509,0.7105,1256,1561,565,876,215.8974
12,88.9211,1,514.5394,612.5188,18900.0,3549.0,198.2914,0.701,1.6376,511.0,35.1133,0.5221,0.686,341,646,565,876,215.8974
12,88.9211,2,845.3483,642.4104,18356.0,97.0,189.1425,0.0428,1.5893,562.0,41.6746,0.4408,0.6119,646,963,565,876,215.8974
12,88.9211,3,1042.7422,627.157,16877.0,3899.0,248.457,0.9281,3.0903,500.0,25.1928,0.6085,0.7566,963,1256,565,876,215.8974
12,88.9211,4,1352.6914,632.2108,19525.0,3070.0,205.1002,0.9765,1.9748,511.0,34.7782,0.5298,0.6926,1256,1561,565,876,215.8974
12,89.3217,1,491.3151,606.5327,20808.0,4380.0,224.1669,0.541,1.863,507.0,41.6718,0.4928,0.6602,341,646,565,876,215.8974
12,89.3217,2,840.525,655.7615,17106.0,159.0,227.0183,0.3175,2.6487,587.0,43.4567,0.4358,0.6071,646,963,565,876,215.8974
12,89.3217,3,1048.4997,634.5974,14072.0,1368.0,148.1851,0.9504,1.4538,546.0,38.9283,0.5338,0.696,963,1256,565,876,215.8974
12,89.3217,4,1349.5577,645.0918,19616.0,1899.0,203.9088,0.9273,1.8182,524.0,26.7426,0.6344,0.7763,1256,1561,565,876,215.8974
12,89.7222,1,470.4005,615.0353,20263.0,4029.0,222.9027,0.5978,2.1828,514.0,40.8554,0.5122,0.6774,341,646,565,876,215.8974
12,89.7222,2,835.0823,662.2951,20170.0,1527.0,237.455,0.7819,2.7062,540.0,46.5282,0.3471,0.5153,646,963,565,876,215.8974
12,89.7222,3,1040.9464,612.8925,14508.0,2719.0,147.2172,0.9707,1.2723,530.0,30.0008,0.565,0.722,963,1256,565,876,215.8974
12,89.7222,4,1354.6168,659.9778,21071.0,1552.0,204.8931,0.9719,1.715,524.0,26.0394,0.6583,0.7939,1256,1561,565,876,215.8974
12,90.1228,1,454.3278,613.2471,18056.0,3849.0,197.0014,0.7677,1.7421,508.0,35.7792,0.5785,0.733,341,646,565,876,215.8974
12,90.1228,2,843.6411,634.6715,18644.0,2087.0,223.4951,0.7093,2.3195,530.0,30.571,0.5597,0.7177,646,963,565,876,215.8974
12,90.1228,3,1050.1691,620.2905,13974.0,1600.0,154.0526,0.8882,1.4891,542.0,31.4562,0.5696,0.7258,963,1256,565,876,215.8974
12,90.1228,4,1363.9529,653.4061,21120.0,2246.0,206.6847,0.9984,1.7494,510.0,32.37,0.6659,0.7995,1256,1561,565,876,215.8974
12,90.5233,1,446.1821,622.7493,17373.0,3376.0,204.9171,0.8418,2.0039,517.0,33.5203,0.6084,0.7566,341,646,565,876,215.8974
12,90.5233,2,854.0443,656.6411,16317.0,588.0,186.1637,0.8107,2.0565,555.0,34.1883,0.4595,0.6297,646,963,565,876,215.8974
12,90.5233,3,1066.783,621.8619,15539.0,1530.0,197.5719,0.6835,2.0805,546.0,39.7542,0.5203,0.6844,963,1256,565,876,215.8974
12,90.5233,4,1372.8988,638.8879,21789.0,2678.0,207.5783,0.9941,1.6847,507.0,33.5732,0.6032,0.7525,1256,1561,565,876,215.8974
12,90.9239,1,443.5739,624.8877,16760.0,3380.0,204.896,0.8377,2.1051,518.0,20.7228,0.7369,0.8485,341,646,565,876,215.8974
12,90.9239,2,864.5723,643.6325,16397.0,858.0,191.5381,0.8353,2.0003,548.0,24.0858,0.5501,0.7098,646,963,565,876,215.8974
12,90.9239,3,1082.8936,629.9947,15727.0,1377.0,201.0657,0.7307,2.1119,542.0,34.965,0.5686,0.725,963,1256,565,876,215.8974
12,90.9239,4,1381.4034,659.1605,23473.0,2382.0,210.4117,0.9935,1.73,516.0,25.2657,0.6621,0.7967,1256,1561,565,876,215.8974
12,91.3244,1,434.4808,615.7236,15953.0,3318.0,211.7565,0.8667,2.321,513.0,20.4962,0.7674,0.8684,341,646,565,876,215.8974
12,91.3244,2,845.3199,659.4638,18458.0,1109.0,221.7311,0.8302,2.3295,540.0,28.3074,0.5683,0.7247,646,963,565,876,215.8974
12,91.3244,3,1092.187,645.2414,15740.0,1374.0,186.3489,0.8035,2.0297,536.0,29.3006,0.5554,0.7141,963,1256,565,876,215.8974
12,91.3244,4,1378.4349,649.5938,22897.0,2610.0,242.3108,0.8074,2.1538,517.0,39.3336,0.5107,0.6761,1256,1561,565,876,215.8974
12,91.725,1,430.1492,620.9593,15050.0,2760.0,177.3821,0.9887,1.6557,512.0,34.4262,0.5781,0.7326,341,646,565,876,215.8974
12,91.725,2,846.6053,674.2367,18379.0,1519.0,254.7759,0.8858,3.4112,533.0,32.974,0.4953,0.6624,646,963,565,876,215.8974
12,91.725,3,1112.3667,665.9578,21040.0,2024.0,197.9372,0.9698,2.0325,525.0,27.725,0.4953,0.6625,963,1256,565,876,215.8974
12,91.725,4,1373.7637,641.7164,21401.0,2933.0,244.0245,0.8154,2.3952,509.0,32.1657,0.5651,0.7222,1256,1561,565,876,215.8974
12,92.1255,1,428.7032,614.3335,15730.0,3481.0,180.2448,0.7305,1.7125,508.0,42.2027,0.487,0.655,341,646,565,876,215.8974
12,92.1255,2,845.6634,675.0802,18768.0,1476.0,244.6957,0.8646,2.8157,532.0,24.1109,0.6771,0.8074,646,963,565,876,215.8974
12,92.1255,3,1116.8986,644.7548,17828.0,1847.0,217.2279,0.8798,2.2753,524.0,24.2937,0.5235,0.6872,963,1256,565,876,215.8974
12,92.1255,4,1361.9467,656.2169,18245.0,1496.0,225.7868,0.7685,2.6499,533.0,39.6385,0.5504,0.71,1256,1561,565,876,215.8974
12,92.526,1,455.3073,583.6845,16334.0,4357.0,198.803,0.2001,2.2394,540.0,37.9873,0.516,0.6807,341,646,565,876,215.8974
12,92.526,2,865.5434,640.8225,16917.0,1723.0,240.991,0.8396,2.8055,532.0,26.55,0.6452,0.7844,646,963,565,876,215.8974
12,92.526,3,1129.0933,651.9177,20591.0,2752.0,230.7735,0.9012,2.3909,518.0,21.7496,0.5874,0.7401,963,1256,565,876,215.8974
12,92.526,4,1359.7254,674.1285,16363.0,793.0,187.3109,0.81,2.3501,567.0,39.0562,0.4677,0.6374,1256,1561,565,876,215.8974
12,92.9266,1,491.3433,592.4063,19928.0,4497.0,245.2114,0.2519,2.9074,559.0,41.9349,0.4586,0.6289,341,646,565,876,215.8974
12,92.9266,2,861.828,658.662,19055.0,1703.0,215.3084,0.8927,2.1894,521.0,28.4126,0.6038,0.753,646,963,565,876,215.8974
12,92.9266,3,1128.4618,655.2681,20928.0,2354.0,246.5606,0.7816,2.7932,527.0,24.4958,0.6496,0.7876,963,1256,565,876,215.8974
12,92.9266,4,1340.7247,659.073,14443.0,1082.0,214.346,0.9238,2.7376,535.0,28.9886,0.6167,0.7629,1256,1561,565,876,215.8974
12,93.3271,1,509.7476,612.4117,20717.0,4248.0,268.4996,0.3484,3.5992,535.0,42.1088,0.4786,0.6474,341,646,565,876,215.8974
12,93.3271,2,869.6398,644.9184,20861.0,2581.0,207.8574,0.999,1.7408,504.0,36.0385,0.504,0.6702,646,963,565,876,215.8974
12,93.3271,3,1137.2858,632.8985,20789.0,3246.0,263.1155,0.7048,3.1849,517.0,23.6769,0.6507,0.7884,963,1256,565,876,215.8974
12,93.3271,4,1327.6491,663.0254,15613.0,1353.0,220.7803,0.9587,2.6759,531.0,26.5081,0.6329,0.7752,1256,1561,565,876,215.8974
12,93.7277,1,551.6454,603.7277,17893.0,5148.0,231.4441,0.7333,2.615,496.0,48.9668,0.3646,0.5344,341,646,565,876,215.8974
12,93.7277,2,852.2331,668.6085,23727.0,2008.0,212.7132,0.9823,1.718,516.0,35.3925,0.4744,0.6435,646,963,565,876,215.8974
12,93.7277,3,1147.6601,633.1369,21081.0,4095.0,255.7055,0.7977,2.8988,501.0,30.67,0.6079,0.7561,963,1256,565,876,215.8974
12,93.7277,4,1333.9352,658.7835,15926.0,1621.0,217.4226,0.9235,2.58,526.0,31.4859,0.6118,0.7591,1256,1561,565,876,215.8974
12,94.1282,1,557.6037,637.5196,17030.0,3129.0,226.9292,0.8214,2.7764,513.0,48.5617,0.3681,0.5382,341,646,565,876,215.8974
12,94.1282,2,824.9544,651.3203,21325.0,2618.0,213.1103,0.9985,1.7815,506.0,46.573,0.4382,0.6093,646,963,565,876,215.8974
12,94.1282,3,1149.8518,654.5458,21185.0,3126.0,245.2917,0.8401,2.7881,515.0,30.6042,0.5749,0.7301,963,1256,565,876,215.8974
12,94.1282,4,1325.8774,636.4216,17672.0,2927.0,211.0368,0.9845,2.1465,509.0,31.4642,0.5721,0.7278,1256,1561,565,876,215.8974
12,94.5288,1,572.4693,650.8683,16109.0,2478.0,237.2169,0.9005,2.8939,524.0,41.5657,0.4542,0.6246,341,646,565,876,215.8974
12,94.5288,2,806.4644,643.6252,21849.0,3225.0,220.5617,1.0,1.8464,495.0,33.3866,0.5768,0.7316,646,963,565,876,215.8974
12,94.5288,3,1166.0598,648.0304,18098.0,1877.0,200.0727,0.9409,2.1455,535.0,35.6325,0.5454,0.7059,963,1256,565,876,215.8974
12,94.5288,4,1335.5917,651.7766,21503.0,2809.0,230.1819,0.9686,2.2406,510.0,25.5432,0.6364,0.7778,1256,1561,565,876,215.8974
12,94.9293,1,574.355,636.4324,16988.0,2766.0,198.6642,0.9296,1.9284,517.0,45.4357,0.4588,0.629,341,646,565,876,215.8974
12,94.9293,2,797.5681,653.285,23380.0,2447.0,220.2436,0.9961,1.7654,511.0,33.18,0.6157,0.7621,646,963,565,876,215.8974
12,94.9293,3,1169.2404,640.0674,17520.0,1668.0,177.3659,0.9974,1.6438,524.0,23.9574,0.6054,0.7542,963,1256,565,876,215.8974
12,94.9293,4,1343.0584,689.3712,15887.0,0.0,190.159,0.8742,2.122,569.0,29.6504,0.4797,0.6484,1256,1561,565,876,215.8974
12,95.3299,1,570.9863,597.3035,14096.0,3903.0,157.9221,0.9956,1.3208,501.0,45.8797,0.4716,0.641,341,646,565,876,215.8974
12,95.3299,2,788.0863,648.1666,23338.0,2851.0,225.6804,0.9643,1.8807,511.0,36.7212,0.5879,0.7404,646,963,565,876,215.8974
12,95.3299,3,1149.42,643.002,18876.0,1933.0,209.0222,0.8915,2.0765,521.0,27.6327,0.6148,0.7615,963,1256,565,876,215.8974
12,95.3299,4,1338.4176,667.5784,17408.0,1667.0,180.2407,0.8833,2.1209,567.0,20.0602,0.6852,0.8132,1256,1561,565,876,215.8974
12,95.7304,1,559.6056,606.2564,17953.0,4216.0,194.5664,0.6848,1.8132,504.0,40.5292,0.5009,0.6675,341,646,565,876,215.8974
12,95.7304,2,799.9556,641.6809,24564.0,2762.0,241.8237,0.869,1.9895,509.0,36.0366,0.5277,0.6908,646,963,565,876,215.8974
12,95.7304,3,1127.8126,664.3233,17998.0,1352.0,198.8533,0.9379,2.1317,534.0,22.1214,0.6119,0.7592,963,1256,565,876,215.8974
12,95.7304,4,1351.5929,682.0635,17078.0,1077.0,207.6045,0.9005,2.5532,531.0,26.7919,0.5856,0.7387,1256,1561,565,876,215.8974
12,96.131,1,537.6731,598.0816,19927.0,4496.0,223.4538,0.3485,2.1055,535.0,40.7678,0.4793,0.648,341,646,565,876,215.8974
12,96.131,2,823.785,642.264,23308.0,2701.0,245.2779,0.798,1.9409,518.0,34.0565,0.5845,0.7378,646,963,565,876,215.8974
12,96.131,3,1136.5409,641.4825,16867.0,1856.0,218.4239,0.9809,2.2461,525.0,25.7246,0.6561,0.7923,963,1256,565,876,215.8974
12,96.131,4,1349.1639,685.9784,15458.0,661.0,206.153,0.8593,2.6873,541.0,23.8476,0.6755,0.8063,1256,1561,565,876,215.8974
12,96.5315,1,497.3096,601.4622,18766.0,4101.0,211.8073,0.4005,2.0755,534.0,42.5562,0.4317,0.6031,341,646,565,876,215.8974
12,96.5315,2,838.7167,645.1191,22516.0,2922.0,242.7641,0.8287,2.1,515.0,37.8873,0.5559,0.7146,646,963,565,876,215.8974
12,96.5315,3,1132.1353,666.7279,21676.0,2071.0,238.6386,0.8535,2.683,534.0,33.7982,0.4841,0.6524,963,1256,565,876,215.8974
12,96.5315,4,1351.9936,686.6602,14884.0,722.0,200.708,0.8844,2.7931,546.0,24.0651,0.6563,0.7925,1256,1561,565,876,215.8974
12,96.932,1,482.5915,605.9366,18446.0,3576.0,225.8593,0.398,2.5389,523.0,34.6529,0.5836,0.737,341,646,565,876,215.8974
12,96.932,2,847.5995,669.8132,21494.0,1880.0,244.9938,0.8802,2.4569,524.0,39.6351,0.477,0.6459,646,963,565,876,215.8974
12,96.932,3,1130.978,644.1752,17149.0,2426.0,249.6574,0.8369,3.1717,519.0,21.4754,0.6212,0.7663,963,1256,565,876,215.8974
12,96.932,4,1334.5117,656.4548,14012.0,873.0,199.1414,0.9199,2.6243,540.0,25.3069,0.5535,0.7126,1256,1561,565,876,215.8974
12,97.3326,1,468.7737,624.5885,17970.0,3298.0,199.391,0.5017,2.2396,526.0,33.7935,0.5305,0.6933,341,646,565,876,215.8974
12,97.3326,2,850.6382,677.3075,19441.0,1622.0,217.0533,0.8351,2.7359,566.0,28.6572,0.6171,0.7632,646,963,565,876,215.8974
12,97.3326,3,1137.5785,642.4367,19338.0,3128.0,257.1962,0.8609,2.9918,516.0,23.1533,0.7058,0.8275,963,1256,565,876,215.8974
12,97.3326,4,1340.9341,653.0511,13702.0,950.0,221.1411,0.8502,3.0564,539.0,31.1233,0.6288,0.7721,1256,1561,565,876,215.8974
12,97.7331,1,454.2953,616.5651,15067.0,3232.0,174.3824,0.788,1.9037,526.0,34.8585,0.4724,0.6417,341,646,565,876,215.8974
12,97.7331,2,851.2497,680.7925,18924.0,1471.0,251.6051,0.8932,3.1498,527.0,17.9753,0.7479,0.8558,646,963,565,876,215.8974
12,97.7331,3,1148.5625,652.5653,19925.0,2388.0,265.7243,0.7755,3.259,523.0,34.0025,0.5563,0.7149,963,1256,565,876,215.8974
12,97.7331,4,1344.8025,672.4424,16277.0,576.0,214.0818,0.8579,2.5524,549.0,22.9326,0.6919,0.8179,1256,1561,565,876,215.8974
12,98.1337,1,438.3923,604.6258,10259.0,2035.0,146.7231,0.9396,1.7781,529.0,32.6287,0.5632,0.7206,341,646,565,876,215.8974
12,98.1337,2,840.5978,676.1165,20093.0,1493.0,252.137,0.8757,2.928,532.0,25.4729,0.6717,0.8036,646,963,565,876,215.8974
12,98.1337,3,1158.5605,651.2825,19799.0,2890.0,248.7465,0.8715,2.8937,516.0,29.1675,0.6495,0.7875,963,1256,565,876,215.8974
12,98.1337,4,1346.1036,676.951,15239.0,1001.0,209.3647,0.8841,2.8601,540.0,28.0301,0.6222,0.7671,1256,1561,565,876,215.8974
12,98.5342,1,440.974,619.77,12099.0,1911.0,143.1126,1.0,1.5509,529.0,29.0889,0.6155,0.762,341,646,565,876,215.8974
12,98.5342,2,829.9787,674.4005,21344.0,1132.0,239.4339,0.8298,2.5183,537.0,33.3821,0.587,0.7398,646,963,565,876,215.8974
12,98.5342,3,1169.7213,638.0305,20152.0,4135.0,255.5135,0.9108,2.8942,491.0,25.6962,0.6365,0.7779,963,1256,565,876,215.8974
12,98.5342,4,1331.2346,676.44,14328.0,684.0,211.3817,0.9457,2.7463,543.0,33.9529,0.519,0.6833,1256,1561,565,876,215.8974
12,98.9348,1,455.959,613.4951,10966.0,1538.0,146.2848,0.9775,1.6105,537.0,40.0662,0.4561,0.6265,341,646,565,876,215.8974
12,98.9348,2,840.6515,654.5574,20374.0,1850.0,233.1716,0.8909,2.2483,522.0,29.5374,0.5935,0.7449,646,963,565,876,215.8974
12,98.9348,3,1172.585,654.4856,20868.0,3453.0,254.5228,0.9419,2.8539,511.0,30.1175,0.6823,0.8111,963,1256,565,876,215.8974
12,98.9348,4,1332.9683,681.7013,12739.0,472.0,200.503,0.9173,2.9879,550.0,22.7538,0.7047,0.8268,1256,1561,565,876,215.8974
12,99.3353,1,474.2019,622.9254,12366.0,1114.0,159.3486,0.9237,1.6774,540.0,43.8533,0.5074,0.6732,341,646,565,876,215.8974
12,99.3353,2,852.6309,647.6592,21723.0,2441.0,218.3072,0.9553,1.8041,508.0,30.9547,0.6668,0.8001,646,963,565,876,215.8974
12,99.3353,3,1176.9582,649.0445,19410.0,2905.0,212.1146,0.9979,1.9895,510.0,31.7093,0.5841,0.7375,963,1256,565,876,215.8974
12,99.3353,4,1328.7446,666.2538,13028.0,962.0,217.8135,0.9253,3.2059,545.0,27.235,0.6102,0.7579,1256,1561,565,876,215.8974
12,99.7359,1,501.6329,619.4559,13979.0,1705.0,177.1809,0.7759,1.9113,534.0,50.2062,0.4592,0.6294,341,646,565,876,215.8974
12,99.7359,2,867.7244,655.1812,25580.0,2801.0,225.8636,0.9992,1.6615,508.0,34.8047,0.5521,0.7114,646,963,565,876,215.8974
12,99.7359,3,1174.6673,626.1628,20744.0,4148.0,217.3929,0.9973,1.8533,480.0,32.1304,0.601,0.7508,963,1256,565,876,215.8974
12,99.7359,4,1331.381,678.1181,13256.0,470.0,161.0104,0.9888,1.9757,555.0,35.186,0.4591,0.6293,1256,1561,565,876,215.8974
12,100.1364,1,525.6755,629.0974,17186.0,2826.0,215.3858,0.7013,2.3714,531.0,45.7544,0.4434,0.6143,341,646,565,876,215.8974
12,100.1364,2,857.1022,653.7662,24713.0,2680.0,234.8391,0.9946,1.8144,509.0,31.3954,0.6001,0.7501,646,963,565,876,215.8974
12,100.1364,3,1154.2819,643.6003,24403.0,3529.0,232.4749,0.9398,1.9348,504.0,40.1084,0.5675,0.7241,963,1256,565,876,215.8974
12,100.1364,4,1329.5479,650.2796,12337.0,157.0,167.1822,0.9713,1.9466,559.0,24.827,0.576,0.731,1256,1561,565,876,215.8974
12,100.537,1,557.754,616.7339,14717.0,2499.0,218.7447,0.7928,2.6652,526.0,49.7546,0.4843,0.6526,341,646,565,876,215.8974
12,100.537,2,838.383,652.3416,23882.0,2611.0,224.9326,0.9892,1.8477,515.0,31.5305,0.6099,0.7576,646,963,565,876,215.8974
12,100.537,3,1149.3629,647.2837,23613.0,2950.0,213.9097,0.9956,1.6975,508.0,25.2834,0.6948,0.8199,963,1256,565,876,215.8974
12,100.537,4,1336.4273,651.6114,14153.0,389.0,162.2835,0.7929,1.7455,551.0,34.6748,0.4177,0.5893,1256,1561,565,876,215.8974
12,100.9375,1,561.2806,633.3207,16659.0,2865.0,215.6209,0.8418,2.5381,522.0,37.2018,0.5949,0.746,341,646,565,876,215.8974
12,100.9375,2,802.0131,646.0878,24937.0,2649.0,245.149,0.7566,1.911,522.0,43.451,0.4389,0.61,646,963,565,876,215.8974
12,100.9375,3,1136.1263,609.1355,19388.0,4329.0,216.8468,0.9365,1.9372,478.0,37.3341,0.5067,0.6726,963,1256,565,876,215.8974
12,100.9375,4,1355.7911,648.8283,14664.0,577.0,164.1226,0.9626,1.6004,552.0,34.4611,0.4159,0.5874,1256,1561,565,876,215.8974
12,101.338,1,574.4744,626.8519,15358.0,2777.0,195.8642,0.817,2.2515,526.0,23.7504,0.6839,0.8123,341,646,565,876,215.8974
12,101.338,2,783.8447,654.6395,24250.0,2153.0,241.2663,0.7179,2.0156,534.0,38.0476,0.5273,0.6905,646,963,565,876,215.8974
12,101.338,3,1118.3661,620.9089,21706.0,4383.0,219.1784,0.8637,1.9402,502.0,37.1916,0.5914,0.7433,963,1256,565,876,215.8974
12,101.338,4,1377.1033,695.0278,18484.0,64.0,196.4242,0.9418,2.0441,563.0,29.2626,0.4918,0.6593,1256,1561,565,876,215.8974
12,101.7386,1,564.619,624.9855,16548.0,3334.0,193.527,0.8601,2.0652,518.0,22.4038,0.6909,0.8172,341,646,565,876,215.8974
12,101.7386,2,762.0437,645.6091,21669.0,3324.0,243.1076,0.8831,2.2744,507.0,38.9062,0.5239,0.6876,646,963,565,876,215.8974
12,101.7386,3,1113.7921,631.5336,23753.0,4236.0,248.2202,0.7902,2.2644,502.0,35.7136,0.5311,0.6937,963,1256,565,876,215.8974
12,101.7386,4,1371.8206,651.2399,18163.0,1240.0,214.0614,0.858,2.1682,544.0,29.0029,0.5057,0.6717,1256,1561,565,876,215.8974
12,102.1391,1,564.8616,610.8459,16137.0,3745.0,187.1606,0.7915,1.9126,524.0,26.036,0.6738,0.8051,341,646,565,876,215.8974
12,102.1391,2,742.591,645.2162,19727.0,2374.0,238.9804,0.9534,2.2233,509.0,40.5518,0.52,0.6842,646,963,565,876,215.8974
12,102.1391,3,1077.8633,615.2468,21825.0,5748.0,248.3972,0.8468,2.3029,489.0,38.4382,0.5035,0.6698,963,1256,565,876,215.8974
12,102.1391,4,1370.3281,665.3033,16453.0,207.0,191.2996,0.8286,2.0806,558.0,26.8624,0.5792,0.7335,1256,1561,565,876,215.8974
12,102.5397,1,570.7368,615.385,16043.0,3257.0,172.741,0.9065,1.5079,514.0,33.6893,0.6171,0.7632,341,646,565,876,215.8974
12,102.5397,2,747.4377,685.2042,24430.0,1585.0,249.5716,0.9717,2.2075,525.0,28.7215,0.5914,0.7433,646,963,565,876,215.8974
12,102.5397,3,1063.8816,623.1474,21994.0,5404.0,256.7046,0.7624,2.6335,500.0,37.6628,0.5643,0.7215,963,1256,565,876,215.8974
12,102.5397,4,1359.6989,650.7263,17254.0,1238.0,224.6434,0.8585,2.4381,550.0,26.1597,0.6098,0.7576,1256,1561,565,876,215.8974
12,102.9402,1,568.6343,612.9943,18937.0,4147.0,177.5211,0.9654,1.3254,506.0,27.3926,0.7165,0.8348,341,646,565,876,215.8974
12,102.9402,2,748.5345,652.3284,20271.0,2447.0,224.6827,0.9718,2.0095,510.0,31.6212,0.5998,0.7499,646,963,565,876,215.8974
12,102.9402,3,1068.5451,635.1135,23151.0,5316.0,247.8241,0.8263,2.466,502.0,26.124,0.5641,0.7213,963,1256,565,876,215.8974
12,102.9402,4,1355.8805,669.2673,14463.0,146.0,173.5109,0.9216,1.8609,558.0,34.1993,0.5031,0.6694,1256,1561,565,876,215.8974
12,103.3408,1,565.8928,613.8529,18767.0,3643.0,170.7211,0.9945,1.1882,512.0,30.9287,0.6619,0.7966,341,646,565,876,215.8974
12,103.3408,2,746.2581,636.6484,21278.0,3917.0,216.0904,0.9847,1.8765,510.0,38.99,0.5055,0.6715,646,963,565,876,215.8974
12,103.3408,3,1045.8985,621.7439,18612.0,4733.0,248.8271,0.8646,2.7654,499.0,20.7448,0.6226,0.7674,963,1256,565,876,215.8974
12,103.3408,4,1333.2097,647.5745,12659.0,368.0,153.5911,0.9407,1.668,571.0,24.385,0.5996,0.7497,1256,1561,565,876,215.8974
12,103.7413,1,543.8119,627.2303,18756.0,2810.0,183.6707,0.8648,1.5529,509.0,33.1547,0.5407,0.7019,341,646,565,876,215.8974
12,103.7413,2,760.8619,646.5203,19627.0,2091.0,192.8652,0.9763,1.6729,521.0,39.6256,0.5042,0.6704,646,963,565,876,215.8974
12,103.7413,3,1051.969,635.2536,17012.0,3466.0,225.5814,0.826,2.6609,510.0,24.2212,0.6756,0.8064,963,1256,565,876,215.8974
12,103.7413,4,1337.3221,660.2698,14053.0,133.0,154.5407,0.8438,1.6952,560.0,32.8425,0.4376,0.6088,1256,1561,565,876,215.8974
12,104.1419,1,526.3079,610.0641,18213.0,3635.0,185.27,0.8638,1.6161,506.0,30.2565,0.5801,0.7343,341,646,565,876,215.8974
12,104.1419,2,787.904,651.3923,19772.0,1771.0,206.6481,0.9791,1.846,531.0,47.0148,0.45,0.6207,646,963,565,876,215.8974
12,104.1419,3,1030.4227,620.5739,17030.0,3942.0,217.6388,0.9523,2.2032,501.0,26.9627,0.5558,0.7145,963,1256,565,876,215.8974
12,104.1419,4,1341.5234,636.7106,12343.0,130.0,183.7053,0.7722,2.1385,561.0,30.409,0.5518,0.7112,1256,1561,565,876,215.8974
12,104.5424,1,512.4225,607.566,20309.0,4032.0,209.8088,0.5826,1.7002,512.0,34.4631,0.5942,0.7454,341,646,565,876,215.8974
12,104.5424,2,802.5544,650.5906,24876.0,4803.0,255.4745,0.9951,2.3809,503.0,37.2972,0.4757,0.6447,646,963,565,876,215.8974
12,104.5424,3,1031.3728,637.8129,14997.0,2263.0,197.0364,0.9555,2.2292,526.0,27.8929,0.601,0.7508,963,1256,565,876,215.8974
12,104.5424,4,1355.7695,638.0106,14233.0,21.0,198.8003,0.5896,2.3117,564.0,35.2158,0.6127,0.7599,1256,1561,565,876,215.8974
12,104.943,1,482.3577,600.7078,19216.0,4587.0,213.2139,0.6353,1.7852,505.0,37.2853,0.5524,0.7117,341,646,565,876,215.8974
12,104.943,2,826.6648,644.2791,19765.0,2649.0,199.1293,0.9995,1.742,506.0,38.9454,0.464,0.6339,646,963,565,876,215.8974
12,104.943,3,1025.4228,648.9731,15332.0,1501.0,161.8635,0.9771,1.6211,536.0,34.0223,0.4576,0.6278,963,1256,565,876,215.8974
12,104.943,4,1362.6861,644.1288,15701.0,100.0,228.3815,0.6606,2.6646,560.0,26.4725,0.7147,0.8336,1256,1561,565,876,215.8974
12,105.3435,1,475.8822,608.1516,19251.0,4351.0,206.9898,0.6145,1.8391,513.0,34.9504,0.597,0.7477,341,646,565,876,215.8974
12,105.3435,2,837.743,638.5836,21378.0,2232.0,199.6578,0.9848,1.5786,522.0,26.5725,0.6202,0.7656,646,963,565,876,215.8974
12,105.3435,3,1037.0475,619.0694,14141.0,2378.0,186.0695,0.9604,1.951,515.0,31.8625,0.4896,0.6573,963,1256,565,876,215.8974
12,105.3435,4,1362.9982,653.9409,14469.0,0.0,177.1967,0.5881,1.9678,570.0,30.6489,0.6224,0.7673,1256,1561,565,876,215.8974
12,105.744,1,464.3837,620.5863,19292.0,3727.0,200.0791,0.7006,1.7264,519.0,34.6627,0.5676,0.7241,341,646,565,876,215.8974
12,105.744,2,818.9398,667.3846,23202.0,1415.0,226.611,0.9831,1.9392,531.0,27.2673,0.6258,0.7698,646,963,565,876,215.8974
12,105.744,3,1059.7058,642.7282,16155.0,1298.0,193.03,0.9126,1.9912,539.0,38.6124,0.4228,0.5943,963,1256,565,876,215.8974
12,105.744,4,1363.2269,660.9553,17438.0,0.0,176.6123,0.7285,1.6722,566.0,28.4694,0.6252,0.7694,1256,1561,565,876,215.8974
12,106.1446,1,448.8826,610.4341,16925.0,3738.0,195.3964,0.7823,1.8142,520.0,25.0756,0.689,0.8159,341,646,565,876,215.8974
12,106.1446,2,830.7421,662.8256,24184.0,1657.0,216.4212,0.9851,1.6213,525.0,27.403,0.6538,0.7907,646,963,565,876,215.8974
12,106.1446,3,1074.6824,646.36,16610.0,1552.0,217.4229,0.8348,2.4668,535.0,37.2669,0.4677,0.6373,963,1256,565,876,215.8974
12,106.1446,4,1366.112,641.6893,14181.0,119.0,183.3648,0.6958,2.0194,560.0,22.0852,0.6561,0.7923,1256,1561,565,876,215.8974
12,106.5451,1,457.4267,614.7126,15530.0,3361.0,177.8617,0.8495,1.8004,518.0,24.1195,0.7063,0.8279,341,646,565,876,215.8974
12,106.5451,2,834.4163,633.9495,23021.0,2830.0,225.5625,0.7949,1.7416,512.0,34.6857,0.5571,0.7156,646,963,565,876,215.8974
12,106.5451,3,1098.1385,643.2785,17274.0,1910.0,221.4925,0.8914,2.3709,520.0,38.1227,0.4969,0.6639,963,1256,565,876,215.8974
12,106.5451,4,1372.0092,639.4383,16933.0,477.0,244.9271,0.6473,2.676,553.0,29.0327,0.6618,0.7965,1256,1561,565,876,215.8974
12,106.9457,1,434.7873,599.9913,18532.0,5267.0,163.9778,0.9788,1.2618,505.0,36.6928,0.4973,0.6643,341,646,565,876,215.8974
12,106.9457,2,823.6508,645.8815,22624.0,1736.0,222.3496,0.7606,1.8492,546.0,27.2279,0.6631,0.7975,646,963,565,876,215.8974
12,106.9457,3,1108.1043,663.1211,18877.0,1507.0,246.8424,0.8488,2.7885,534.0,36.371,0.4924,0.6599,963,1256,565,876,215.8974
12,106.9457,4,1387.3753,638.6125,16183.0,1127.0,227.7733,0.7142,2.7508,543.0,32.1303,0.6113,0.7588,1256,1561,565,876,215.8974
12,107.3462,1,458.073,601.9011,13394.0,2393.0,152.3295,0.5932,1.4993,540.0,40.2952,0.448,0.6187,341,646,565,876,215.8974
12,107.3462,2,816.9578,652.258,20256.0,1162.0,235.1038,0.7793,2.4473,547.0,23.9294,0.6668,0.8001,646,963,565,876,215.8974
12,107.3462,3,1134.4871,645.0905,19609.0,2399.0,254.6833,0.7831,3.0831,524.0,27.7484,0.565,0.722,963,1256,565,876,215.8974
12,107.3462,4,1377.3344,659.3849,15987.0,0.0,213.3771,0.5041,2.5736,569.0,28.3922,0.5875,0.7401,1256,1561,565,876,215.8974
12,107.7468,1,453.3245,610.3127,11081.0,1391.0,129.9456,0.9605,1.205,543.0,33.7106,0.5833,0.7368,341,646,565,876,215.8974
12,107.7468,2,855.4713,604.1464,21337.0,4287.0,230.2815,0.5807,2.094,522.0,35.1778,0.5135,0.6786,646,963,565,876,215.8974
12,107.7468,3,1136.5212,636.8825,17744.0,3151.0,262.7256,0.8085,3.3284,512.0,24.4505,0.5974,0.748,963,1256,565,876,215.8974
12,107.7468,4,1386.2917,668.5028,16409.0,60.0,178.013,0.8702,1.7683,562.0,38.3609,0.4764,0.6453,1256,1561,565,876,215.8974
12,108.1473,1,480.5414,611.4715,12860.0,1736.0,153.5483,0.9052,1.4613,528.0,43.3947,0.5052,0.6712,341,646,565,876,215.8974
12,108.1473,2,855.668,640.6237,17803.0,1618.0,198.0602,0.823,1.8998,538.0,38.5875,0.4384,0.6096,646,963,565,876,215.8974
12,108.1473,3,1145.5494,654.761,20543.0,2809.0,264.1052,0.7889,3.2114,518.0,25.9821,0.6261,0.7701,963,1256,565,876,215.8974
12,108.1473,4,1399.5221,658.8998,18563.0,542.0,203.2385,0.7305,2.0475,555.0,28.4529,0.537,0.6988,1256,1561,565,876,215.8974
12,108.5479,1,505.4707,616.3968,13747.0,1308.0,175.4032,0.739,1.8606,540.0,54.6227,0.4519,0.6225,341,646,565,876,215.8974
12,108.5479,2,855.6765,689.4255,18490.0,174.0,192.8996,0.9173,2.3191,558.0,34.2695,0.3723,0.5426,646,963,565,876,215.8974
12,108.5479,3,1154.9724,631.4038,21048.0,4301.0,247.6442,0.8513,2.5896,503.0,25.3273,0.65,0.7879,963,1256,565,876,215.8974
12,108.5479,4,1403.1712,645.6592,17135.0,583.0,235.4228,0.6908,2.7319,553.0,31.0258,0.6376,0.7787,1256,1561,565,876,215.8974
12,108.9484,1,529.0281,627.0551,16709.0,2315.0,206.2781,0.7273,2.2711,539.0,53.0845,0.4421,0.6131,341,646,565,876,215.8974
12,108.9484,2,852.4529,671.7913,16034.0,65.0,189.6554,0.9265,1.8809,561.0,28.45,0.4602,0.6303,646,963,565,876,215.8974
12,108.9484,3,1154.9107,639.7981,21119.0,3647.0,239.3905,0.8789,2.4247,502.0,21.871,0.7186,0.8362,963,1256,565,876,215.8974
12,108.9484,4,1409.2216,657.4181,17761.0,728.0,241.6639,0.7067,2.8323,546.0,33.924,0.6101,0.7579,1256,1561,565,876,215.8974
12,109.349,1,541.6633,630.8048,15618.0,2069.0,216.7402,0.7584,2.6481,533.0,38.6434,0.6134,0.7604,341,646,565,876,215.8974
12,109.349,2,842.5551,640.2206,14993.0,173.0,167.0353,0.8646,1.5749,561.0,36.8372,0.4475,0.6183,646,963,565,876,215.8974
12,109.349,3,1156.1851,651.5434,23489.0,3016.0,218.8673,0.98,1.8157,510.0,34.8889,0.5611,0.7188,963,1256,565,876,215.8974
12,109.349,4,1425.9892,662.0037,18483.0,1152.0,246.013,0.8034,2.8421,537.0,33.8021,0.558,0.7163,1256,1561,565,876,215.8974
12,109.7495,1,557.399,619.5338,14675.0,2302.0,216.9703,0.79,2.6657,530.0,30.5787,0.6989,0.8228,341,646,565,876,215.8974
12,109.7495,2,825.1121,641.3694,15467.0,1163.0,158.6728,0.9371,1.4709,546.0,33.5319,0.4684,0.638,646,963,565,876,215.8974
12,109.7495,3,1154.0724,635.5172,23344.0,3600.0,213.6499,0.9695,1.6295,497.0,31.2593,0.6158,0.7622,963,1256,565,876,215.8974
12,109.7495,4,1425.5628,670.6629,17323.0,587.0,222.521,0.8,2.6082,557.0,25.0417,0.692,0.818,1256,1561,565,876,215.8974
12,110.15,1,555.7565,630.7739,15031.0,2185.0,211.7653,0.8058,2.708,535.0,23.7722,0.7578,0.8622,341,646,565,876,215.8974
12,110.15,2,811.2016,629.6671,17003.0,947.0,215.2347,0.69,2.1629,547.0,40.6715,0.5062,0.6722,646,963,565,876,215.8974
12,110.15,3,1131.2667,638.1066,22040.0,3524.0,215.1226,0.9897,1.8255,494.0,30.1154,0.5477,0.7078,963,1256,565,876,215.8974
12,110.15,4,1428.3383,680.1162,17768.0,0.0,193.9099,0.8909,1.8436,567.0,30.3255,0.6045,0.7535,1256,1561,565,876,215.8974
12,110.5506,1,571.7001,619.0633,10934.0,1979.0,146.8386,0.9582,1.8269,543.0,43.2306,0.5152,0.6801,341,646,565,876,215.8974
12,110.5506,2,788.2147,641.6985,20010.0,1477.0,232.6691,0.6009,2.5048,534.0,43.3469,0.5122,0.6774,646,963,565,876,215.8974
12,110.5506,3,1120.8171,615.9913,21155.0,3972.0,232.569,0.7906,2.0316,500.0,41.5865,0.5094,0.675,963,1256,565,876,215.8974
12,110.5506,4,1420.1181,681.0965,17221.0,32.0,190.594,0.9118,1.8998,562.0,29.5328,0.5206,0.6847,1256,1561,565,876,215.8974
12,110.9511,1,564.8276,600.8877,11503.0,2138.0,143.0893,0.7161,1.4943,544.0,34.4072,0.5246,0.6881,341,646,565,876,215.8974
12,110.9511,2,760.8634,625.3294,19633.0,3566.0,232.5758,0.8462,2.218,519.0,47.3613,0.4112,0.5828,646,963,565,876,215.8974
12,110.9511,3,1108.2851,624.3329,22226.0,4496.0,221.9046,0.9232,1.9737,487.0,40.7777,0.5153,0.6801,963,1256,565,876,215.8974
12,110.9511,4,1421.1685,664.0038,16810.0,583.0,144.2194,0.9333,1.2748,568.0,27.9575,0.485,0.6532,1256,1561,565,876,215.8974
12,111.3517,1,532.2225,600.8473,15316.0,2959.0,196.8918,0.522,2.0912,540.0,48.4829,0.5028,0.6692,341,646,565,876,215.8974
12,111.3517,2,753.1508,659.3155,20809.0,1725.0,206.1316,0.9272,1.8385,531.0,34.5095,0.5221,0.686,646,963,565,876,215.8974
12,111.3517,3,1078.1708,634.7865,22735.0,3562.0,224.764,0.9648,1.6962,508.0,44.7041,0.4816,0.6501,963,1256,565,876,215.8974
12,111.3517,4,1397.9146,680.0301,16975.0,62.0,158.5051,0.9999,1.5115,562.0,27.676,0.4929,0.6603,1256,1561,565,876,215.8974
12,111.7522,1,494.4419,607.9319,15545.0,1985.0,212.9077,0.5092,2.3465,536.0,53.3316,0.471,0.6404,341,646,565,876,215.8974
12,111.7522,2,751.1224,654.9145,21359.0,1460.0,218.7054,0.9189,1.7749,538.0,22.9304,0.6825,0.8113,646,963,565,876,215.8974
12,111.7522,3,1062.5853,651.3015,25723.0,3882.0,234.123,0.9423,1.8682,497.0,43.8417,0.5002,0.6668,963,1256,565,876,215.8974
12,111.7522,4,1402.466,694.3335,17953.0,0.0,174.0095,0.9826,1.6097,576.0,27.7398,0.4558,0.6262,1256,1561,565,876,215.8974
12,112.1528,1,476.5234,615.0245,16317.0,2434.0,205.4207,0.6955,2.1884,522.0,41.7443,0.5639,0.7211,341,646,565,876,215.8974
12,112.1528,2,766.0925,659.8657,22792.0,1235.0,244.0435,0.859,2.0382,541.0,30.1336,0.6304,0.7733,646,963,565,876,215.8974
12,112.1528,3,1075.3194,607.7548,22501.0,5498.0,230.6295,0.7515,2.0395,497.0,38.521,0.4889,0.6567,963,1256,565,876,215.8974
12,112.1528,4,1390.3615,698.3207,17591.0,0.0,177.6692,0.9438,1.7495,573.0,19.6767,0.5896,0.7418,1256,1561,565,876,215.8974
12,112.5533,1,471.2512,626.855,17336.0,1791.0,214.0182,0.6379,2.3093,538.0,33.2155,0.6409,0.7811,341,646,565,876,215.8974
12,112.5533,2,781.4912,672.3685,23304.0,1632.0,235.0944,0.9417,2.1616,537.0,28.4993,0.5935,0.7449,646,963,565,876,215.8974
12,112.5533,3,1098.2819,607.0788,21248.0,4951.0,232.9379,0.8045,2.1479,489.0,40.1069,0.5615,0.7192,963,1256,565,876,215.8974
12,112.5533,4,1389.8189,661.9414,18629.0,793.0,201.094,0.9465,2.0011,558.0,26.0096,0.5238,0.6875,1256,1561,565,876,215.8974
12,112.9539,1,461.9234,627.4408,16217.0,1987.0,219.7127,0.6561,2.6512,538.0,31.7463,0.6877,0.8149,341,646,565,876,215.8974
12,112.9539,2,776.3566,634.4429,24149.0,4866.0,225.2219,0.9103,1.8454,516.0,31.3728,0.5742,0.7295,646,963,565,876,215.8974
12,112.9539,3,1121.3505,637.8021,25896.0,4608.0,230.9321,0.9342,1.8795,505.0,45.9717,0.4543,0.6248,963,1256,565,876,215.8974
12,112.9539,4,1379.5621,672.2472,16673.0,0.0,169.767,0.8248,1.68,570.0,26.6779,0.6122,0.7594,1256,1561,565,876,215.8974
12,113.3544,1,452.7821,636.1985,12423.0,1154.0,169.6521,0.9235,2.0653,543.0,46.9706,0.4793,0.648,341,646,565,876,215.8974
12,113.3544,2,760.8041,626.3616,22159.0,3374.0,198.9553,0.9251,1.503,501.0,30.6265,0.5807,0.7347,646,963,565,876,215.8974
12,113.3544,3,1130.2934,638.4601,24396.0,3812.0,232.7176,0.9179,1.8241,502.0,25.7113,0.6909,0.8172,963,1256,565,876,215.8974
12,113.3544,4,1390.3104,659.8221,18316.0,0.0,202.8315,0.739,2.0164,566.0,28.6428,0.5573,0.7157,1256,1561,565,876,215.8974
12,113.755,1,442.3891,614.849,11459.0,1419.0,137.7004,0.9814,1.3904,542.0,36.6443,0.5194,0.6837,341,646,565,876,215.8974
12,113.755,2,767.0675,660.3129,24897.0,1315.0,217.3748,0.7667,1.6221,545.0,35.0615,0.5432,0.704,646,963,565,876,215.8974
12,113.755,3,1134.7089,638.2965,24239.0,3994.0,223.9521,0.9967,1.8701,490.0,32.7254,0.6188,0.7646,963,1256,565,876,215.8974
12,113.755,4,1399.8306,648.5729,16820.0,1067.0,199.2847,0.8501,2.0972,546.0,29.5014,0.5543,0.7133,1256,1561,565,876,215.8974
12,114.1555,1,455.5174,622.9631,12527.0,1027.0,137.3497,0.892,1.3679,544.0,34.3023,0.576,0.7309,341,646,565,876,215.8974
12,114.1555,2,760.896,663.2179,22289.0,1723.0,229.6671,0.91,1.9051,526.0,34.3758,0.5845,0.7378,646,963,565,876,215.8974
12,114.1555,3,1125.3019,642.8379,22460.0,3253.0,218.1557,0.994,1.8324,498.0,27.477,0.574,0.7294,963,1256,565,876,215.8974
12,114.1555,4,1409.3388,658.9335,17256.0,0.0,200.5324,0.7708,2.0761,565.0,30.6214,0.5919,0.7436,1256,1561,565,876,215.8974
12,114.5561,1,481.2394,608.56,13094.0,1462.0,163.8933,0.5811,1.6441,544.0,44.8249,0.5679,0.7244,341,646,565,876,215.8974
12,114.5561,2,758.7715,658.1203,22530.0,2116.0,213.1896,0.9248,1.8123,520.0,41.3023,0.4098,0.5814,646,963,565,876,215.8974
12,114.5561,3,1108.0273,634.6629,22136.0,3898.0,225.8557,0.982,1.9383,495.0,35.2333,0.5948,0.7459,963,1256,565,876,215.8974
12,114.5561,4,1401.8952,682.8627,18146.0,0.0,193.4415,0.8469,1.7439,574.0,31.056,0.5796,0.7339,1256,1561,565,876,215.8974
12,114.9566,1,512.8616,607.9898,16104.0,2441.0,190.4035,0.5133,1.966,546.0,45.5999,0.5427,0.7035,341,646,565,876,215.8974
12,114.9566,2,772.8555,636.9375,26520.0,5753.0,241.3514,0.9251,2.0488,510.0,27.1541,0.5384,0.7,646,963,565,876,215.8974
12,114.9566,3,1101.5012,626.4626,22909.0,4593.0,242.7492,0.7858,2.1024,497.0,40.3094,0.525,0.6885,963,1256,565,876,215.8974
12,114.9566,4,1390.2189,689.8361,22025.0,329.0,196.6197,0.9969,1.783,559.0,30.1399,0.493,0.6604,1256,1561,565,876,215.8974
12,115.3571,1,512.3376,621.5244,15550.0,1183.0,198.5994,0.6086,2.1513,541.0,29.9501,0.6613,0.7961,341,646,565,876,215.8974
12,115.3571,2,789.7503,620.0376,22395.0,2810.0,243.4645,0.5088,2.0935,541.0,38.793,0.4629,0.6329,646,963,565,876,215.8974
12,115.3571,3,1089.2787,624.032,21938.0,4473.0,234.382,0.9018,2.0553,493.0,38.909,0.5315,0.6941,963,1256,565,876,215.8974
12,115.3571,4,1398.2501,654.216,15284.0,281.0,160.3834,0.912,1.597,559.0,32.1991,0.4852,0.6534,1256,1561,565,876,215.8974
12,115.7577,1,519.0896,633.438,17006.0,1681.0,197.334,0.7071,2.0954,545.0,28.159,0.6481,0.7865,341,646,565,876,215.8974
12,115.7577,2,799.749,622.4513,20076.0,2421.0,237.5323,0.4487,2.9063,571.0,27.4417,0.6843,0.8126,646,963,565,876,215.8974
12,115.7577,3,1061.7413,654.086,23246.0,2798.0,218.2681,0.9921,1.8105,514.0,43.922,0.4301,0.6015,963,1256,565,876,215.8974
12,115.7577,4,1390.059,620.5215,15230.0,386.0,192.3238,0.4706,1.9944,554.0,37.5661,0.4648,0.6346,1256,1561,565,876,215.8974
12,116.1582,1,521.8174,634.7369,16579.0,1633.0,215.4255,0.6448,2.5647,549.0,29.8265,0.6749,0.8059,341,646,565,876,215.8974
12,116.1582,2,807.5805,637.9066,20915.0,2140.0,211.6961,0.6661,1.9455,543.0,28.9889,0.5553,0.7141,646,963,565,876,215.8974
12,116.1582,3,1063.7094,635.7743,23847.0,4607.0,228.1598,0.9017,1.9807,503.0,35.0323,0.578,0.7326,963,1256,565,876,215.8974
12,116.1582,4,1385.072,637.5531,18931.0,1182.0,195.7306,0.8177,1.7496,546.0,36.2047,0.5266,0.6899,1256,1561,565,876,215.8974
12,116.5588,1,529.3463,629.7225,16943.0,3225.0,238.2185,0.8293,3.0352,520.0,38.4926,0.5474,0.7075,341,646,565,876,215.8974
12,116.5588,2,836.3083,632.419,20320.0,2395.0,169.8343,0.7698,1.3409,542.0,32.9607,0.4854,0.6536,646,963,565,876,215.8974
12,116.5588,3,1077.4465,613.4116,21797.0,5159.0,226.8873,0.8299,2.0199,492.0,29.9332,0.5849,0.7381,963,1256,565,876,215.8974
12,116.5588,4,1374.6952,633.7451,18065.0,1084.0,207.2806,0.7663,2.0229,545.0,39.8259,0.611,0.7585,1256,1561,565,876,215.8974
12,116.9593,1,536.595,624.172,16091.0,2163.0,247.8034,0.6337,3.268,531.0,41.7792,0.5605,0.7184,341,646,565,876,215.8974
12,116.9593,2,839.7617,660.1491,17991.0,911.0,168.7822,0.9662,1.4784,546.0,31.2515,0.5028,0.6692,646,963,565,876,215.8974
12,116.9593,3,1095.2859,627.4781,23874.0,3552.0,234.695,0.6063,2.1088,538.0,35.7079,0.5424,0.7033,963,1256,565,876,215.8974
12,116.9593,4,1375.7746,657.8887,17335.0,302.0,222.2168,0.781,2.4973,556.0,33.6811,0.5937,0.7451,1256,1561,565,876,215.8974
12,117.3599,1,563.3929,614.523,16521.0,3433.0,222.0496,0.7732,2.4864,506.0,45.9869,0.5306,0.6934,341,646,565,876,215.8974
12,117.3599,2,852.3882,645.1795,15342.0,160.0,197.7642,0.7933,2.0852,559.0,35.2382,0.5035,0.6698,646,963,565,876,215.8974
12,117.3599,3,1115.5979,638.8778,23869.0,3481.0,253.9777,0.8213,2.2877,516.0,38.4208,0.5212,0.6852,963,1256,565,876,215.8974
12,117.3599,4,1375.8654,673.0056,18697.0,391.0,228.21,0.8465,2.5681,554.0,27.7277,0.6175,0.7635,1256,1561,565,876,215.8974
12,117.7604,1,573.8496,614.5782,16604.0,4037.0,222.6356,0.8533,2.5287,498.0,32.6381,0.6679,0.8009,341,646,565,876,215.8974
12,117.7604,2,845.6304,671.0696,17287.0,15.0,189.5396,0.8597,1.8388,566.0,21.8081,0.6843,0.8126,646,963,565,876,215.8974
12,117.7604,3,1117.6872,634.2091,23169.0,3792.0,240.3967,0.7784,2.0769,522.0,26.5856,0.6,0.75,963,1256,565,876,215.8974
12,117.7604,4,1364.5163,652.5618,14460.0,456.0,190.395,0.7472,2.4124,558.0,28.5571,0.5956,0.7466,1256,1561,565,876,215.8974
12,118.161,1,568.8483,638.0159,18066.0,3003.0,227.8328,0.8799,2.3942,517.0,33.8737,0.6141,0.7609,341,646,565,876,215.8974
12,118.161,2,848.3096,651.2242,14112.0,239.0,161.9494,0.951,1.6224,555.0,39.7782,0.429,0.6004,646,963,565,876,215.8974
12,118.161,3,1116.8987,631.6023,22299.0,3902.0,242.4228,0.7077,2.175,518.0,30.4794,0.6246,0.7689,963,1256,565,876,215.8974
12,118.161,4,1346.5431,636.8539,14908.0,1286.0,149.3907,0.9554,1.4084,543.0,39.7784,0.3855,0.5565,1256,1561,565,876,215.8974
12,118.5615,1,567.0256,650.5854,22216.0,4055.0,233.7369,0.954,2.1353,511.0,27.5861,0.6242,0.7686,341,646,565,876,215.8974
12,118.5615,2,826.9037,628.545,16089.0,1150.0,211.0933,0.6796,2.2563,541.0,43.2993,0.4943,0.6616,646,963,565,876,215.8974
12,118.5615,3,1131.0171,646.2475,23293.0,3065.0,237.8378,0.7793,2.1246,522.0,28.3595,0.6034,0.7527,963,1256,565,876,215.8974
12,118.5615,4,1346.648,634.215,13579.0,72.0,152.6656,0.8144,1.4353,563.0,31.8728,0.4822,0.6506,1256,1561,565,876,215.8974
12,118.9621,1,574.2758,620.3464,18426.0,3612.0,199.9856,0.9463,1.6586,507.0,31.5971,0.5962,0.747,341,646,565,876,215.8974
12,118.9621,2,806.2771,649.737,15124.0,86.0,178.9062,0.8268,1.942,561.0,45.9394,0.4123,0.5839,646,963,565,876,215.8974
12,118.9621,3,1143.1177,633.3194,24466.0,4839.0,235.3637,0.9664,2.0254,516.0,30.562,0.5832,0.7367,963,1256,565,876,215.8974
12,118.9621,4,1360.1395,655.5852,15108.0,34.0,163.3732,0.7473,1.6059,563.0,32.4085,0.4775,0.6464,1256,1561,565,876,215.8974
12,119.3626,1,569.0939,605.3943,19149.0,5196.0,207.6334,0.8447,1.7809,499.0,43.6017,0.5212,0.6852,341,646,565,876,215.8974
12,119.3626,2,774.5755,655.5331,14914.0,305.0,180.4474,1.0,1.7876,564.0,41.4495,0.4214,0.593,646,963,565,876,215.8974
12,119.3626,3,1125.4835,627.787,22635.0,4242.0,237.7281,0.7409,2.1646,511.0,34.2978,0.537,0.6988,963,1256,565,876,215.8974
12,119.3626,4,1382.3949,661.5937,17875.0,330.0,192.2308,0.906,1.7106,556.0,33.5643,0.4819,0.6504,1256,1561,565,876,215.8974
12,119.7631,1,529.9318,596.9831,17549.0,3847.0,192.76,0.3875,1.7357,533.0,42.9086,0.3813,0.5521,341,646,565,876,215.8974
12,119.7631,2,761.055,670.1347,19029.0,647.0,197.2505,0.832,1.9272,547.0,33.3328,0.4792,0.6479,646,963,565,876,215.8974
12,119.7631,3,1130.3769,627.2818,20967.0,3730.0,217.5961,0.7217,1.9324,510.0,21.3133,0.7141,0.8332,963,1256,565,876,215.8974
12,119.7631,4,1384.6047,690.6801,20150.0,0.0,204.8577,0.9238,2.0358,570.0,29.5312,0.5111,0.6764,1256,1561,565,876,215.8974
12,120.1637,1,495.3365,595.0698,19676.0,4530.0,243.5672,0.3031,2.3353,516.0,41.5365,0.4879,0.6558,341,646,565,876,215.8974
12,120.1637,2,770.4897,654.6412,17629.0,1193.0,190.4459,0.9899,1.9099,535.0,32.1747,0.5026,0.6689,646,963,565,876,215.8974
12,120.1637,3,1124.2921,619.2344,17996.0,2974.0,187.2901,0.9649,1.5809,513.0,33.2686,0.5362,0.6981,963,1256,565,876,215.8974
12,120.1637,4,1408.2493,660.1569,15898.0,12.0,200.7413,0.8907,2.0295,564.0,43.9565,0.3911,0.5623,1256,1561,565,876,215.8974
12,120.5642,1,468.734,597.466,17958.0,4650.0,207.9548,0.5604,1.9821,509.0,39.5627,0.5043,0.6705,341,646,565,876,215.8974
12,120.5642,2,778.8656,683.0564,17043.0,187.0,199.6734,0.9894,1.9953,557.0,31.8407,0.5459,0.7063,646,963,565,876,215.8974
12,120.5642,3,1114.4051,636.974,18874.0,2365.0,196.2345,0.9846,1.7494,519.0,34.9424,0.6427,0.7825,963,1256,565,876,215.8974
12,120.5642,4,1403.0485,650.0762,17657.0,1284.0,215.6508,0.7782,2.3718,543.0,31.47,0.6013,0.751,1256,1561,565,876,215.8974
12,120.9648,1,456.1079,608.0693,18073.0,3677.0,182.3682,0.6103,1.5131,527.0,37.1661,0.5765,0.7314,341,646,565,876,215.8974
12,120.9648,2,786.6054,676.7798,16314.0,244.0,208.9459,0.9983,2.2167,553.0,24.6661,0.6888,0.8157,646,963,565,876,215.8974
12,120.9648,3,1106.2658,621.7234,22421.0,5347.0,234.8287,0.9364,2.0436,506.0,32.9111,0.5753,0.7304,963,1256,565,876,215.8974
12,120.9648,4,1383.609,655.8554,18865.0,476.0,226.3399,0.6725,2.3544,553.0,39.634,0.5183,0.6827,1256,1561,565,876,215.8974
12,121.3653,1,445.1621,605.1902,13133.0,2862.0,186.3677,0.7341,2.1697,529.0,26.6734,0.6478,0.7863,341,646,565,876,215.8974
12,121.3653,2,789.147,656.781,17392.0,1042.0,225.8941,0.9318,2.4264,541.0,35.1316,0.5948,0.7459,646,963,565,876,215.8974
12,121.3653,3,1086.2838,628.6996,19336.0,3234.0,183.5455,1.0,1.5614,509.0,40.4245,0.5111,0.6764,963,1256,565,876,215.8974
12,121.3653,4,1364.537,660.4221,15803.0,673.0,203.5886,0.8708,2.3339,555.0,48.1604,0.4288,0.6003,1256,1561,565,876,215.8974
12,121.7659,1,456.2854,615.4953,15022.0,2291.0,178.4684,0.7333,1.9205,539.0,22.3178,0.7257,0.8411,341,646,565,876,215.8974
12,121.7659,2,785.837,662.9557,18603.0,1099.0,227.9695,0.9128,2.4335,540.0,24.9471,0.6765,0.8071,646,963,565,876,215.8974
12,121.7659,3,1081.1868,630.3785,21994.0,3379.0,209.7302,0.8977,1.6634,515.0,31.1534,0.5935,0.7449,963,1256,565,876,215.8974
12,121.7659,4,1352.7114,686.6654,18022.0,180.0,215.3354,0.9691,2.3482,560.0,37.4641,0.4528,0.6233,1256,1561,565,876,215.8974
12,122.1664,1,450.5772,605.2699,12028.0,1879.0,155.9065,0.7524,1.7205,535.0,23.348,0.7179,0.8358,341,646,565,876,215.8974
12,122.1664,2,777.9672,680.1971,19897.0,1316.0,228.7123,0.9602,2.445,529.0,29.6656,0.5999,0.7499,646,963,565,876,215.8974
12,122.1664,3,1081.1934,637.3756,22887.0,3577.0,234.5409,0.8215,1.9461,517.0,29.0493,0.6537,0.7906,963,1256,565,876,215.8974
12,122.1664,4,1345.5622,669.1924,15061.0,282.0,173.1813,0.9958,1.8083,570.0,22.9908,0.5723,0.728,1256,1561,565,876,215.8974
12,122.567,1,462.0916,635.3448,12775.0,1018.0,140.4464,0.993,1.4467,549.0,31.1002,0.5667,0.7235,341,646,565,876,215.8974
12,122.567,2,764.3389,660.4097,17605.0,1109.0,248.9382,0.8854,2.8237,535.0,35.495,0.5482,0.7082,646,963,565,876,215.8974
12,122.567,3,1081.8888,626.7112,23192.0,4799.0,208.9564,0.8977,1.6112,518.0,30.8678,0.6308,0.7736,963,1256,565,876,215.8974
12,122.567,4,1352.9472,662.2635,17346.0,675.0,180.0596,0.9351,1.7505,542.0,28.7984,0.5291,0.6921,1256,1561,565,876,215.8974
12,122.9675,1,464.545,617.2816,13095.0,1400.0,161.9108,0.8187,1.6755,542.0,39.1944,0.5333,0.6956,341,646,565,876,215.8974
12,122.9675,2,761.9303,676.0355,16550.0,526.0,222.3425,0.8984,2.7127,552.0,35.9889,0.6219,0.7669,646,963,565,876,215.8974
12,122.9675,3,1064.6948,621.2991,21000.0,4612.0,212.2712,0.8959,1.706,506.0,31.1855,0.6328,0.7751,963,1256,565,876,215.8974
12,122.9675,4,1370.1844,669.4201,17309.0,431.0,195.0333,0.983,1.827,548.0,31.0952,0.5012,0.6677,1256,1561,565,876,215.8974
12,123.3681,1,488.8929,622.7766,14059.0,1220.0,172.4642,0.8847,1.7068,541.0,43.4163,0.5232,0.687,341,646,565,876,215.8974
12,123.3681,2,740.0658,693.0889,19623.0,205.0,245.101,0.998,2.6993,562.0,36.4337,0.4209,0.5925,646,963,565,876,215.8974
12,123.3681,3,1062.7149,631.2699,21416.0,3978.0,231.6716,0.7689,2.1067,525.0,31.7446,0.6014,0.7511,963,1256,565,876,215.8974
12,123.3681,4,1371.3448,688.3889,18144.0,67.0,197.0212,0.9998,1.9275,561.0,30.1361,0.5707,0.7267,1256,1561,565,876,215.8974
12,123.7686,1,510.6904,620.4313,17102.0,2194.0,205.7132,0.631,2.193,546.0,42.7041,0.5528,0.712,341,646,565,876,215.8974
12,123.7686,2,749.1205,675.8017,18775.0,1131.0,219.0071,0.9948,2.351,540.0,30.4659,0.5866,0.7395,646,963,565,876,215.8974
12,123.7686,3,1058.6624,630.9722,20000.0,3743.0,221.6142,0.7845,2.4231,521.0,24.5974,0.6598,0.7951,963,1256,565,876,215.8974
12,123.7686,4,1384.5757,661.0794,16318.0,216.0,208.085,0.8728,2.288,557.0,33.4014,0.5116,0.6769,1256,1561,565,876,215.8974
12,124.1691,1,528.2016,610.0737,20903.0,5329.0,239.0606,0.6127,2.1756,527.0,34.2091,0.5715,0.7273,341,646,565,876,215.8974
12,124.1691,2,755.199,664.2945,16675.0,382.0,175.8441,0.7633,1.7726,553.0,39.3503,0.3866,0.5576,646,963,565,876,215.8974
12,124.1691,3,1063.3173,617.6001,16440.0,3206.0,216.1597,0.6468,2.6587,528.0,29.4815,0.5704,0.7265,963,1256,565,876,215.8974
12,124.1691,4,1380.9022,667.5226,18519.0,718.0,213.9909,0.7618,2.4587,551.0,29.2741,0.5915,0.7433,1256,1561,565,876,215.8974
12,124.5697,1,533.1065,613.2133,17895.0,3460.0,234.7048,0.5853,2.646,522.0,31.4298,0.6004,0.7503,341,646,565,876,215.8974
12,124.5697,2,777.5125,637.6534,19140.0,2081.0,210.8099,0.8767,2.0185,540.0,36.5142,0.4371,0.6083,646,963,565,876,215.8974
12,124.5697,3,1057.7246,610.5485,15492.0,3083.0,164.2238,0.5839,1.5686,532.0,25.5125,0.6482,0.7865,963,1256,565,876,215.8974
12,124.5697,4,1367.6238,660.2127,16973.0,428.0,217.7413,0.7786,2.5279,558.0,36.3799,0.5617,0.7194,1256,1561,565,876,215.8974
12,124.9702,1,548.1711,610.9754,17340.0,3361.0,230.2656,0.6363,2.6146,521.0,36.5392,0.6239,0.7684,341,646,565,876,215.8974
12,124.9702,2,797.1925,676.3639,16869.0,0.0,195.8204,0.951,1.8942,567.0,42.9527,0.3867,0.5577,646,963,565,876,215.8974
12,124.9702,3,1054.1649,618.126,12210.0,1685.0,134.1346,0.8163,1.3889,540.0,29.9928,0.5076,0.6734,963,1256,565,876,215.8974
12,124.9702,4,1365.2949,671.3714,17658.0,853.0,245.1514,0.8901,2.93,549.0,32.4227,0.6076,0.7559,1256,1561,565,876,215.8974
12,125.3708,1,562.8623,613.1,16202.0,3328.0,205.7818,0.7903,2.3202,514.0,39.9587,0.5612,0.7189,341,646,565,876,215.8974
12,125.3708,2,795.9328,706.7135,19071.0,0.0,218.1955,0.9399,2.288,571.0,35.5072,0.5203,0.6845,646,963,565,876,215.8974
12,125.3708,3,1040.3633,616.4816,11097.0,912.0,124.5949,0.9881,1.2177,548.0,25.7861,0.5877,0.7403,963,1256,565,876,215.8974
12,125.3708,4,1366.1968,678.7898,17515.0,204.0,233.4854,0.806,2.8622,556.0,27.0645,0.6602,0.7953,1256,1561,565,876,215.8974
12,125.7713,1,584.8176,608.8013,14859.0,3634.0,161.9426,0.9879,1.5208,510.0,43.0514,0.5006,0.6672,341,646,565,876,215.8974
12,125.7713,2,805.1791,701.3575,18626.0,0.0,234.8898,0.8744,2.6001,570.0,29.2637,0.5976,0.7481,646,963,565,876,215.8974
12,125.7713,3,1049.7949,627.172,14043.0,1287.0,155.4106,0.7501,1.5629,544.0,34.3565,0.5042,0.6704,963,1256,565,876,215.8974
12,125.7713,4,1360.8701,668.0,17694.0,511.0,244.6843,0.8494,2.9527,549.0,26.1536,0.6858,0.8136,1256,1561,565,876,215.8974
12,126.1719,1,586.5177,599.705,15121.0,4131.0,158.8189,0.996,1.3256,502.0,28.903,0.6573,0.7932,341,646,565,876,215.8974
12,126.1719,2,820.9396,674.5641,19821.0,922.0,216.1917,0.8869,2.352,542.0,32.6692,0.51,0.6755,646,963,565,876,215.8974
12,126.1719,3,1067.5271,636.5167,14419.0,819.0,170.5201,0.8347,1.7925,548.0,38.7637,0.4656,0.6354,963,1256,565,876,215.8974
12,126.1719,4,1357.911,637.4719,18517.0,2619.0,226.4102,0.8245,2.4565,526.0,37.3936,0.5162,0.6809,1256,1561,565,876,215.8974
12,126.5724,1,577.8584,623.5264,20350.0,3781.0,172.5326,0.8407,1.2373,511.0,32.7411,0.5778,0.7324,341,646,565,876,215.8974
12,126.5724,2,837.0882,656.0959,19379.0,1283.0,233.2972,0.8314,2.5175,536.0,22.4555,0.6904,0.8168,646,963,565,876,215.8974
12,126.5724,3,1090.0451,646.4113,17358.0,1297.0,207.804,0.8725,2.0806,544.0,39.1082,0.5107,0.6761,963,1256,565,876,215.8974
12,126.5724,4,1349.7498,644.4294,16657.0,1264.0,209.3835,0.8237,2.3834,536.0,30.9613,0.6277,0.7713,1256,1561,565,876,215.8974
12,126.973,1,547.0852,617.2016,19405.0,3610.0,207.5251,0.9231,1.7416,491.0,40.7493,0.4465,0.6173,341,646,565,876,215.8974
12,126.973,2,831.235,679.3599,19273.0,752.0,258.7006,0.8096,3.2874,547.0,32.0222,0.6191,0.7648,646,963,565,876,215.8974
12,126.973,3,1100.9596,644.6229,16405.0,1733.0,191.3254,0.9359,2.0442,532.0,34.1795,0.5462,0.7065,963,1256,565,876,215.8974
12,126.973,4,1350.9724,667.1873,16756.0,725.0,234.962,0.8499,2.6588,549.0,40.0207,0.5657,0.7226,1256,1561,565,876,215.8974
12,127.3735,1,522.8084,613.9313,20737.0,3943.0,245.9125,0.6723,2.197,511.0,40.2634,0.4828,0.6512,341,646,565,876,215.8974
12,127.3735,2,840.5048,676.2434,18045.0,1224.0,235.977,0.8717,3.0431,539.0,26.6429,0.6661,0.7996,646,963,565,876,215.8974
12,127.3735,3,1123.4561,641.2168,18623.0,1886.0,223.5234,0.7852,2.3605,537.0,31.3419,0.5527,0.7119,963,1256,565,876,215.8974
12,127.3735,4,1357.1674,693.8771,15340.0,0.0,218.1544,0.7954,2.7164,579.0,23.5943,0.6728,0.8044,1256,1561,565,876,215.8974
12,127.7741,1,493.4038,604.8097,19290.0,4133.0,225.6403,0.5833,2.0786,515.0,37.2565,0.5609,0.7187,341,646,565,876,215.8974
12,127.7741,2,850.4564,675.7374,18321.0,1355.0,229.3389,0.9359,2.5142,530.0,26.8183,0.5664,0.7231,646,963,565,876,215.8974
12,127.7741,3,1129.4542,633.6911,18488.0,2493.0,252.5584,0.7231,2.9416,532.0,34.0771,0.6137,0.7606,963,1256,565,876,215.8974
12,127.7741,4,1355.0644,668.2615,16725.0,856.0,214.8888,0.8132,2.4377,545.0,35.1947,0.5765,0.7314,1256,1561,565,876,215.8974
12,128.1746,1,470.2781,598.338,19662.0,4921.0,199.0156,0.6477,1.6713,515.0,38.2617,0.572,0.7277,341,646,565,876,215.8974
12,128.1746,2,848.6384,678.0694,18469.0,1095.0,258.242,0.8544,3.2758,539.0,30.2078,0.5795,0.7338,646,963,565,876,215.8974
12,128.1746,3,1142.3874,644.3049,20783.0,2477.0,235.3788,0.7136,2.6043,529.0,22.1864,0.6527,0.7898,963,1256,565,876,215.8974
12,128.1746,4,1356.2855,659.3216,16961.0,1327.0,213.7151,0.8635,2.5707,528.0,29.6342,0.6405,0.7809,1256,1561,565,876,215.8974
12,128.5751,1,461.1744,625.0525,19445.0,3625.0,208.2871,0.7912,1.885,517.0,44.2659,0.4793,0.648,341,646,565,876,215.8974
12,128.5751,2,852.338,675.5993,17669.0,925.0,245.0297,0.8517,3.235,549.0,22.4562,0.7312,0.8448,646,963,565,876,215.8974
12,128.5751,3,1132.6023,657.5881,16845.0,989.0,192.2279,0.8689,2.0865,545.0,32.9286,0.4629,0.6329,963,1256,565,876,215.8974
12,128.5751,4,1348.4408,659.6713,14930.0,564.0,206.3502,0.7978,2.6501,554.0,28.4803,0.5974,0.748,1256,1561,565,876,215.8974
12,128.9757,1,456.1559,642.0593,17063.0,2259.0,208.0584,0.7574,2.4445,535.0,32.6998,0.546,0.7063,341,646,565,876,215.8974
12,128.9757,2,852.3633,672.1418,17097.0,846.0,214.7705,0.8529,2.7554,560.0,20.9606,0.7867,0.8806,646,963,565,876,215.8974
12,128.9757,3,1159.0642,655.4335,18029.0,993.0,183.1339,0.9977,1.7454,543.0,24.0033,0.535,0.6971,963,1256,565,876,215.8974
12,128.9757,4,1350.8267,684.5504,15790.0,145.0,191.0439,0.9012,2.1767,559.0,29.2358,0.5278,0.691,1256,1561,565,876,215.8974
12,129.3762,1,435.4314,613.5182,13654.0,2530.0,173.4502,0.8101,2.086,529.0,35.5383,0.5464,0.7066,341,646,565,876,215.8974
12,129.3762,2,862.4369,683.4637,20350.0,980.0,236.6236,0.9447,2.3028,543.0,26.6962,0.5457,0.7061,646,963,565,876,215.8974
12,129.3762,3,1146.3891,631.9661,15380.0,1630.0,185.4934,0.9826,1.819,526.0,17.7452,0.681,0.8102,963,1256,565,876,215.8974
12,129.3762,4,1345.6564,658.2905,14714.0,583.0,193.9557,0.9153,2.1981,550.0,27.1951,0.5422,0.7032,1256,1561,565,876,215.8974
12,129.7768,1,435.349,604.7648,9549.0,1503.0,129.5861,0.9801,1.4617,537.0,33.1043,0.5499,0.7096,341,646,565,876,215.8974
12,129.7768,2,854.2596,672.831,18884.0,1631.0,224.8538,0.9127,2.5516,529.0,22.1144,0.6533,0.7903,646,963,565,876,215.8974
12,129.7768,3,1139.0294,657.5891,18430.0,1684.0,206.2675,0.9657,2.0564,530.0,25.4017,0.6465,0.7853,963,1256,565,876,215.8974
12,129.7768,4,1352.277,670.367,16091.0,537.0,178.3153,0.9853,1.949,558.0,29.4863,0.534,0.6963,1256,1561,565,876,215.8974
12,130.1773,1,453.5131,609.89,11107.0,1299.0,144.1639,0.9177,1.4916,536.0,40.6983,0.5196,0.6839,341,646,565,876,215.8974
12,130.1773,2,854.9349,668.6044,18594.0,1848.0,257.1015,0.8958,3.1289,527.0,21.4607,0.7437,0.853,646,963,565,876,215.8974
12,130.1773,3,1139.697,645.1383,16569.0,1607.0,226.4134,0.9777,2.4167,521.0,20.7791,0.7009,0.8241,963,1256,565,876,215.8974
12,130.1773,4,1345.0082,682.5828,19061.0,518.0,213.4117,0.9261,2.2664,552.0,29.7555,0.4801,0.6488,1256,1561,565,876,215.8974
12,130.5779,1,472.0006,623.4208,13300.0,886.0,169.5326,0.7694,1.7738,547.0,50.0979,0.5062,0.6722,341,646,565,876,215.8974
12,130.5779,2,854.7609,672.7147,17012.0,1139.0,253.8321,0.8517,3.3922,541.0,25.5321,0.6815,0.8106,646,963,565,876,215.8974
12,130.5779,3,1134.779,642.4067,16929.0,1827.0,212.9191,0.9766,2.2095,519.0,26.4468,0.6742,0.8054,963,1256,565,876,215.8974
12,130.5779,4,1361.2589,669.3432,16194.0,283.0,209.5158,0.8798,2.5393,557.0,22.9925,0.6168,0.763,1256,1561,565,876,215.8974
12,130.9784,1,487.0574,634.1493,14450.0,896.0,174.5236,0.8148,1.8223,546.0,40.8841,0.5542,0.7132,341,646,565,876,215.8974
12,130.9784,2,851.1894,670.4938,17474.0,1511.0,249.3084,0.8686,3.3539,528.0,21.1461,0.6699,0.8024,646,963,565,876,215.8974
12,130.9784,3,1116.0447,657.535,18444.0,1620.0,212.7839,0.9409,2.2222,528.0,27.5046,0.6177,0.7637,963,1256,565,876,215.8974
12,130.9784,4,1364.124,683.9988,18346.0,1040.0,204.8089,0.952,2.248,535.0,27.7041,0.577,0.7317,1256,1561,565,876,215.8974
12,131.379,1,510.1851,624.7727,16146.0,2027.0,197.2055,0.6826,2.2457,549.0,34.299,0.5845,0.7377,341,646,565,876,215.8974
12,131.379,2,856.1096,671.3205,17913.0,1250.0,257.8956,0.8391,3.3595,539.0,22.0345,0.7455,0.8542,646,963,565,876,215.8974
12,131.379,3,1110.9657,665.2895,18617.0,1413.0,212.5161,0.9688,2.2322,530.0,24.0733,0.6837,0.8122,963,1256,565,876,215.8974
12,131.379,4,1363.7486,664.8132,15325.0,470.0,201.863,0.8883,2.4456,559.0,25.1929,0.5475,0.7076,1256,1561,565,876,215.8974
12,131.7795,1,517.3254,620.4273,15719.0,2268.0,191.2857,0.6898,2.1648,541.0,26.6834,0.7205,0.8375,341,646,565,876,215.8974
12,131.7795,2,856.4275,666.3963,18723.0,1339.0,244.3556,0.8486,2.849,541.0,16.7743,0.8188,0.9004,646,963,565,876,215.8974
12,131.7795,3,1115.1476,648.5706,18217.0,1794.0,217.8483,0.8918,2.2607,530.0,30.315,0.5531,0.7123,963,1256,565,876,215.8974
12,131.7795,4,1350.9454,675.6404,15922.0,146.0,175.2967,0.9993,1.7427,567.0,32.0443,0.4958,0.6629,1256,1561,565,876,215.8974
12,132.1801,1,529.6201,615.1562,16145.0,2331.0,216.4459,0.6394,2.3576,537.0,24.5624,0.7666,0.8679,341,646,565,876,215.8974
12,132.1801,2,857.0297,669.0001,20435.0,1247.0,220.7255,0.9156,2.1513,541.0,27.6162,0.6368,0.7781,646,963,565,876,215.8974
12,132.1801,3,1113.726,652.9822,18073.0,1828.0,214.4558,0.8427,2.4131,539.0,25.572,0.6025,0.7519,963,1256,565,876,215.8974
12,132.1801,4,1358.4058,682.7919,16765.0,281.0,179.5705,0.872,1.9377,571.0,27.9045,0.5031,0.6694,1256,1561,565,876,215.8974
12,132.5806,1,532.0977,622.6714,16017.0,2172.0,209.3123,0.6726,2.421,534.0,27.8377,0.7204,0.8374,341,646,565,876,215.8974
12,132.5806,2,868.0272,658.8642,19963.0,2143.0,229.2142,0.9328,2.268,514.0,26.0521,0.6933,0.8189,646,963,565,876,215.8974
12,132.5806,3,1123.2628,652.2403,17924.0,1590.0,213.6631,0.9094,2.2576,534.0,26.8592,0.6215,0.7666,963,1256,565,876,215.8974
12,132.5806,4,1370.4336,684.1764,17684.0,568.0,189.3741,0.9826,1.9734,555.0,25.0792,0.5097,0.6753,1256,1561,565,876,215.8974
12,132.9812,1,543.8005,619.2492,16553.0,2543.0,213.7522,0.7071,2.3818,532.0,25.2637,0.7448,0.8537,341,646,565,876,215.8974
12,132.9812,2,878.0171,674.0402,22956.0,1862.0,226.2476,0.9916,1.9557,517.0,31.6022,0.5584,0.7166,646,963,565,876,215.8974
12,132.9812,3,1128.4348,660.5851,18644.0,1811.0,247.201,0.8452,2.7963,529.0,32.6883,0.6018,0.7514,963,1256,565,876,215.8974
12,132.9812,4,1368.8035,682.3422,18612.0,666.0,211.975,0.8876,2.4548,546.0,29.4311,0.5921,0.7438,1256,1561,565,876,215.8974
12,133.3817,1,544.7662,621.1825,16621.0,2472.0,208.1075,0.6778,2.3495,533.0,22.8027,0.7595,0.8633,341,646,565,876,215.8974
12,133.3817,2,861.222,665.0972,23245.0,1549.0,209.9862,0.9906,1.7216,525.0,31.0819,0.5962,0.747,646,963,565,876,215.8974
12,133.3817,3,1150.0643,655.9404,20995.0,2740.0,267.125,0.8459,3.2345,517.0,24.7637,0.5819,0.7357,963,1256,565,876,215.8974
12,133.3817,4,1360.329,665.0474,15996.0,509.0,216.9416,0.8573,2.4993,559.0,28.126,0.6137,0.7606,1256,1561,565,876,215.8974
12,133.7822,1,548.0591,624.4803,16672.0,2358.0,218.9815,0.669,2.5873,536.0,25.5651,0.7305,0.8443,341,646,565,876,215.8974
12,133.7822,2,823.1502,659.3585,21041.0,1876.0,205.2943,0.9677,1.7663,522.0,51.8509,0.4042,0.5757,646,963,565,876,215.8974
12,133.7822,3,1152.3849,656.4589,20014.0,2411.0,257.018,0.818,3.2211,523.0,24.0431,0.744,0.8532,963,1256,565,876,215.8974
12,133.7822,4,1366.1554,684.072,16015.0,128.0,203.6454,0.9032,2.528,567.0,30.7425,0.5908,0.7427,1256,1561,565,876,215.8974
12,134.1828,1,549.129,634.5713,18066.0,2976.0,226.7186,0.7457,2.6268,527.0,25.2456,0.6651,0.7989,341,646,565,876,215.8974
12,134.1828,2,802.1722,645.3667,22904.0,4031.0,228.6941,0.9924,2.0066,509.0,40.6593,0.454,0.6245,646,963,565,876,215.8974
12,134.1828,3,1167.0057,649.895,19613.0,2991.0,255.1191,0.8808,2.9945,509.0,28.023,0.6373,0.7785,963,1256,565,876,215.8974
12,134.1828,4,1350.8458,676.6152,16279.0,208.0,194.3664,0.9216,1.9502,559.0,22.1385,0.6124,0.7596,1256,1561,565,876,215.8974
12,134.5833,1,558.5169,623.0056,17364.0,3084.0,209.5939,0.7493,2.1953,525.0,22.2557,0.7382,0.8494,341,646,565,876,215.8974
12,134.5833,2,779.4795,652.008,19987.0,1951.0,199.0433,0.9875,1.7604,524.0,40.8723,0.5043,0.6705,646,963,565,876,215.8974
12,134.5833,3,1171.6399,666.4485,19792.0,2215.0,250.5219,0.933,2.9604,521.0,28.9977,0.627,0.7707,963,1256,565,876,215.8974
12,134.5833,4,1358.3264,668.6005,15374.0,37.0,182.7033,0.9614,2.0106,562.0,26.7068,0.5847,0.7379,1256,1561,565,876,215.8974
12,134.9839,1,567.7278,613.6841,15677.0,3112.0,210.4579,0.7642,2.394,524.0,21.0993,0.7822,0.8778,341,646,565,876,215.8974
12,134.9839,2,773.1474,669.9361,21907.0,1423.0,214.1164,0.969,1.9458,539.0,29.9917,0.6316,0.7742,646,963,565,876,215.8974
12,134.9839,3,1173.6581,646.5173,19562.0,3673.0,247.2482,0.926,2.9039,502.0,26.4042,0.6617,0.7964,963,1256,565,876,215.8974
12,134.9839,4,1347.8573,677.3504,17307.0,96.0,183.2156,0.8297,1.9092,561.0,36.1283,0.3713,0.5415,1256,1561,565,876,215.8974
12,135.3844,1,561.1008,625.2763,17288.0,3152.0,216.3576,0.7672,2.4206,523.0,14.4907,0.8445,0.9157,341,646,565,876,215.8974
12,135.3844,2,776.3879,647.9834,23113.0,3972.0,241.8467,0.9178,2.2649,527.0,22.5887,0.6543,0.791,646,963,565,876,215.8974
12,135.3844,3,1173.5372,641.4998,20472.0,3493.0,242.824,0.9158,2.6521,513.0,23.9165,0.6761,0.8068,963,1256,565,876,215.8974
12,135.3844,4,1369.2991,654.7435,15421.0,108.0,190.9896,0.8231,1.9868,561.0,30.0124,0.4699,0.6393,1256,1561,565,876,215.8974
12,135.785,1,562.4611,616.0458,17193.0,3749.0,213.2687,0.8009,2.1804,517.0,23.9728,0.7353,0.8475,341,646,565,876,215.8974
12,135.785,2,793.5026,615.1744,17977.0,2841.0,215.8273,0.7092,2.0955,517.0,33.293,0.5422,0.7031,646,963,565,876,215.8974
12,135.785,3,1162.5209,665.6712,18739.0,1237.0,227.4802,0.8843,2.6661,542.0,29.4634,0.6251,0.7693,963,1256,565,876,215.8974
12,135.785,4,1390.0801,657.5399,18469.0,461.0,224.3249,0.6431,2.464,556.0,37.5156,0.4898,0.6575,1256,1561,565,876,215.8974
12,136.1855,1,559.7407,616.7414,18410.0,4005.0,209.2609,0.7565,2.0291,513.0,26.0192,0.7382,0.8494,341,646,565,876,215.8974
12,136.1855,2,822.7542,611.986,19624.0,2853.0,203.3378,0.3761,1.739,548.0,37.8126,0.5503,0.7099,646,963,565,876,215.8974
12,136.1855,3,1161.8524,640.6334,15160.0,1403.0,180.5799,0.9576,1.8214,537.0,26.9422,0.495,0.6622,963,1256,565,876,215.8974
12,136.1855,4,1398.7855,664.5866,16614.0,592.0,229.0685,0.8132,2.7948,548.0,36.6288,0.4785,0.6473,1256,1561,565,876,215.8974
12,136.5861,1,562.1201,612.9613,17632.0,3463.0,202.8222,0.7908,1.8379,520.0,22.1214,0.7505,0.8575,341,646,565,876,215.8974
12,136.5861,2,815.6422,627.9923,20651.0,2247.0,222.8633,0.5432,2.0844,552.0,33.5034,0.6308,0.7736,646,963,565,876,215.8974
12,136.5861,3,1153.8774,636.0249,17642.0,2604.0,217.6503,0.9666,2.2103,514.0,30.3027,0.5961,0.747,963,1256,565,876,215.8974
12,136.5861,4,1410.4119,673.3659,18789.0,554.0,234.5471,0.8134,2.6352,550.0,31.0319,0.5319,0.6944,1256,1561,565,876,215.8974
12,136.9866,1,561.8806,619.3586,19094.0,3772.0,189.9654,0.8614,1.538,511.0,25.126,0.7214,0.8382,341,646,565,876,215.8974
12,136.9866,2,827.3624,645.458,20656.0,1348.0,241.3715,0.6316,2.441,555.0,41.1591,0.5026,0.6689,646,963,565,876,215.8974
12,136.9866,3,1138.2366,665.9311,17278.0,867.0,211.1072,0.9862,2.2869,549.0,25.2419,0.6341,0.7761,963,1256,565,876,215.8974
12,136.9866,4,1426.2562,648.9741,16886.0,619.0,242.8833,0.6837,2.9299,550.0,29.7376,0.6089,0.7569,1256,1561,565,876,215.8974
12,137.3872,1,556.1092,623.7078,19146.0,3868.0,190.6028,0.7871,1.5632,510.0,23.4959,0.6653,0.799,341,646,565,876,215.8974
12,137.3872,2,831.1329,675.2695,20664.0,626.0,244.8839,0.7212,2.888,550.0,37.7848,0.464,0.6338,646,963,565,876,215.8974
12,137.3872,3,1135.656,649.8418,17403.0,1699.0,218.5227,0.9791,2.3156,522.0,32.6614,0.5703,0.7263,963,1256,565,876,215.8974
12,137.3872,4,1422.6531,657.9502,15620.0,759.0,211.4715,0.7716,2.5632,557.0,32.5815,0.657,0.793,1256,1561,565,876,215.8974
12,137.7877,1,553.4984,619.4175,18280.0,3150.0,166.704,0.9932,1.3072,516.0,30.7363,0.5776,0.7323,341,646,565,876,215.8974
12,137.7877,2,853.5815,651.6965,18635.0,1379.0,190.3286,0.8757,1.6629,546.0,31.783,0.52,0.6842,646,963,565,876,215.8974
12,137.7877,3,1128.8425,657.5899,18463.0,1913.0,227.0834,0.9478,2.5449,531.0,26.4537,0.643,0.7827,963,1256,565,876,215.8974
12,137.7877,4,1424.4535,669.0941,16909.0,173.0,199.0694,0.8606,2.0597,562.0,27.6092,0.6184,0.7642,1256,1561,565,876,215.8974
12,138.1882,1,536.1963,628.3081,18503.0,2681.0,182.4627,0.9002,1.5563,509.0,30.1561,0.556,0.7147,341,646,565,876,215.8974
12,138.1882,2,872.0458,642.2473,16648.0,1554.0,225.8089,0.8823,2.5753,532.0,28.3886,0.5887,0.7411,646,963,565,876,215.8974
12,138.1882,3,1141.4787,654.1803,18204.0,1973.0,234.7651,0.9236,2.5508,524.0,28.4414,0.6488,0.787,963,1256,565,876,215.8974
12,138.1882,4,1417.3205,665.3252,15758.0,156.0,194.3181,0.9736,1.8064,560.0,28.022,0.6304,0.7733,1256,1561,565,876,215.8974
12,138.5888,1,520.0419,607.8253,18942.0,3554.0,214.1334,0.6093,1.7962,509.0,30.7282,0.5514,0.7109,341,646,565,876,215.8974
12,138.5888,2,866.2892,669.5375,17416.0,563.0,241.2557,0.8715,2.8927,548.0,26.3408,0.6534,0.7904,646,963,565,876,215.8974
12,138.5888,3,1152.7067,659.9486,21069.0,2321.0,261.4503,0.8493,3.0321,520.0,27.5976,0.5392,0.7006,963,1256,565,876,215.8974
12,138.5888,4,1404.5664,668.4465,17732.0,559.0,194.9219,0.8289,1.9852,552.0,28.7344,0.5485,0.7084,1256,1561,565,876,215.8974
12,138.9893,1,493.0514,605.1989,19898.0,4184.0,206.5207,0.6551,1.6359,507.0,36.2738,0.5428,0.7037,341,646,565,876,215.8974
12,138.9893,2,862.0576,661.6905,13029.0,118.0,179.6063,0.9036,2.2884,568.0,31.5756,0.5792,0.7335,646,963,565,876,215.8974
12,138.9893,3,1159.7853,658.0256,20196.0,2699.0,261.4103,0.8959,3.1217,515.0,26.599,0.6717,0.8036,963,1256,565,876,215.8974
12,138.9893,4,1409.876,649.7935,16883.0,613.0,212.7466,0.807,2.3049,558.0,23.8381,0.6651,0.7988,1256,1561,565,876,215.8974
12,139.3899,1,479.454,604.696,19256.0,3934.0,218.3536,0.5734,1.8747,512.0,32.2016,0.6354,0.777,341,646,565,876,215.8974
12,139.3899,2,859.0065,654.949,16850.0,249.0,187.5079,0.9127,1.6713,557.0,34.4093,0.388,0.5591,646,963,565,876,215.8974
12,139.3899,3,1161.9289,648.9372,19493.0,2986.0,253.8677,0.8909,2.9608,510.0,13.8761,0.834,0.9095,963,1256,565,876,215.8974
12,139.3899,4,1410.1191,663.3166,17152.0,363.0,240.7992,0.7298,2.943,555.0,26.0831,0.6397,0.7803,1256,1561,565,876,215.8974
12,139.7904,1,467.6714,613.9599,19925.0,3984.0,214.9947,0.6161,1.8599,520.0,30.0287,0.6172,0.7633,341,646,565,876,215.8974
12,139.7904,2,834.7463,624.8041,18833.0,1615.0,181.4949,0.8407,1.5844,547.0,31.8701,0.5444,0.705,646,963,565,876,215.8974
12,139.7904,3,1161.0897,646.1451,20948.0,3594.0,258.7772,0.8845,2.8719,506.0,18.2007,0.7933,0.8847,963,1256,565,876,215.8974
12,139.7904,4,1412.3157,656.7166,17385.0,1136.0,254.712,0.7391,3.1964,536.0,22.3191,0.7156,0.8342,1256,1561,565,876,215.8974
12,140.191,1,457.1206,612.8843,18501.0,3744.0,196.6748,0.7174,1.7487,519.0,29.0449,0.661,0.7959,341,646,565,876,215.8974
12,140.191,2,810.3694,641.1283,17032.0,748.0,197.6815,0.8187,2.1175,554.0,40.9382,0.4638,0.6337,646,963,565,876,215.8974
12,140.191,3,1156.0913,664.5845,19440.0,1522.0,240.1213,0.85,2.8565,538.0,22.4742,0.7468,0.8551,963,1256,565,876,215.8974
12,140.191,4,1414.758,663.901,16655.0,460.0,213.3009,0.7344,2.5387,563.0,30.0502,0.6215,0.7666,1256,1561,565,876,215.8974
12,140.5915,1,455.6272,626.4044,17775.0,3235.0,200.409,0.7248,2.1925,528.0,28.6282,0.634,0.776,341,646,565,876,215.8974
12,140.5915,2,806.0769,683.8831,20516.0,653.0,225.6054,0.7984,2.3781,557.0,44.1042,0.4124,0.584,646,963,565,876,215.8974
12,140.5915,3,1155.1094,656.1154,17597.0,1230.0,194.7283,0.9558,1.8903,543.0,24.2295,0.5285,0.6915,963,1256,565,876,215.8974
12,140.5915,4,1417.7653,680.4125,17365.0,157.0,188.696,0.8647,1.8732,566.0,30.1907,0.5605,0.7183,1256,1561,565,876,215.8974
12,140.9921,1,450.9427,636.0726,17606.0,2981.0,192.2938,0.8376,1.934,527.0,24.4343,0.6352,0.7769,341,646,565,876,215.8974
12,140.9921,2,781.4121,662.848,18449.0,748.0,255.7687,0.7282,3.2225,552.0,40.2847,0.5533,0.7124,646,963,565,876,215.8974
12,140.9921,3,1163.828,631.1775,16945.0,2178.0,184.6337,0.9662,1.8275,514.0,25.9595,0.5191,0.6835,963,1256,565,876,215.8974
12,140.9921,4,1423.418,684.4237,17905.0,316.0,185.681,0.9171,1.8737,558.0,25.6957,0.5218,0.6858,1256,1561,565,876,215.8974
12,141.3926,1,445.7566,636.3001,15483.0,2390.0,173.6267,0.8775,1.7582,534.0,24.0771,0.6559,0.7922,341,646,565,876,215.8974
12,141.3926,2,766.6292,649.8395,21103.0,3288.0,244.9608,0.9123,2.4699,524.0,38.7005,0.5159,0.6806,646,963,565,876,215.8974
12,141.3926,3,1147.8704,637.4485,16287.0,1696.0,186.2366,0.9743,1.787,533.0,22.3301,0.6254,0.7695,963,1256,565,876,215.8974
12,141.3926,4,1403.3821,682.6439,17772.0,200.0,177.4859,0.9548,1.7513,569.0,22.3192,0.5347,0.6968,1256,1561,565,876,215.8974
12,141.7932,1,431.8354,606.1478,12679.0,2545.0,173.2411,0.873,1.8462,529.0,20.1535,0.709,0.8297,341,646,565,876,215.8974
12,141.7932,2,748.7416,644.0037,18435.0,1909.0,234.0543,0.8513,2.5748,525.0,33.7722,0.5445,0.7051,646,963,565,876,215.8974
12,141.7932,3,1132.9238,678.048,17777.0,540.0,188.2314,0.9989,1.8895,546.0,25.8141,0.6002,0.7501,963,1256,565,876,215.8974
12,141.7932,4,1402.9209,681.0076,16799.0,49.0,171.397,0.9989,1.6929,561.0,25.0865,0.5681,0.7246,1256,1561,565,876,215.8974
12,142.1937,1,447.5242,630.261,14013.0,1811.0,186.5141,0.8469,2.3069,538.0,22.2777,0.7064,0.828,341,646,565,876,215.8974
12,142.1937,2,754.559,670.7628,19202.0,821.0,219.8417,0.8188,2.4307,571.0,31.704,0.6031,0.7524,646,963,565,876,215.8974
12,142.1937,3,1128.4161,655.0971,16874.0,1084.0,203.5265,0.9284,2.1662,538.0,33.4007,0.5157,0.6805,963,1256,565,876,215.8974
12,142.1937,4,1399.5756,679.9041,16968.0,70.0,209.9105,0.942,2.2782,562.0,32.2148,0.4649,0.6347,1256,1561,565,876,215.8974
12,142.5942,1,441.1515,613.1169,11493.0,1541.0,156.5114,0.8745,1.7421,539.0,24.8107,0.7009,0.8241,341,646,565,876,215.8974
12,142.5942,2,759.3501,665.0536,17871.0,655.0,225.8917,0.8056,2.708,569.0,19.459,0.7607,0.8641,646,963,565,876,215.8974
12,142.5942,3,1124.2687,656.7206,17959.0,1871.0,219.0331,0.9729,2.3886,521.0,23.3586,0.6525,0.7897,963,1256,565,876,215.8974
12,142.5942,4,1388.6119,671.257,16516.0,281.0,188.8644,0.8771,1.9989,562.0,33.055,0.4782,0.647,1256,1561,565,876,215.8974
12,142.9948,1,445.4171,617.5343,13878.0,1909.0,167.8611,0.884,1.6845,530.0,22.2385,0.7572,0.8619,341,646,565,876,215.8974
12,142.9948,2,769.9371,650.209,16743.0,1203.0,190.5891,0.7593,2.0365,548.0,40.7139,0.4382,0.6094,646,963,565,876,215.8974
12,142.9948,3,1123.7148,663.4056,18736.0,1663.0,215.2384,0.9825,2.2486,522.0,19.8341,0.7347,0.8471,963,1256,565,876,215.8974
12,142.9948,4,1375.0305,676.917,16709.0,184.0,219.2767,0.9199,2.4095,559.0,30.493,0.5214,0.6854,1256,1561,565,876,215.8974
12,143.3953,1,441.829,618.1796,12584.0,1475.0,152.9958,0.9908,1.5061,535.0,27.5274,0.6993,0.8231,341,646,565,876,215.8974
12,143.3953,2,753.0929,631.8521,14616.0,1172.0,147.9536,0.9241,1.2912,537.0,33.5667,0.4674,0.6371,646,963,565,876,215.8974
12,143.3953,3,1123.5125,658.6934,18087.0,1474.0,220.7334,0.9096,2.3587,530.0,27.5715,0.5935,0.7449,963,1256,565,876,215.8974
12,143.3953,4,1375.411,683.1667,16475.0,0.0,200.6692,0.8188,2.2331,567.0,27.3682,0.5776,0.7322,1256,1561,565,876,215.8974
12,143.7959,1,449.8161,623.4989,11932.0,807.0,147.2066,0.9345,1.4676,549.0,30.9091,0.6837,0.8121,341,646,565,876,215.8974
12,143.7959,2,748.3784,653.5298,15752.0,456.0,162.4494,0.9833,1.5203,562.0,29.1207,0.513,0.6781,646,963,565,876,215.8974
12,143.7959,3,1123.5276,649.0118,18166.0,2190.0,222.2951,0.9052,2.4718,528.0,18.2037,0.7192,0.8367,963,1256,565,876,215.8974
12,143.7959,4,1373.448,671.5958,14576.0,0.0,195.2543,0.8768,2.2128,569.0,23.1346,0.6653,0.799,1256,1561,565,876,215.8974
12,144.1964,1,467.8322,613.7859,13353.0,1512.0,161.7248,0.6994,1.6722,546.0,43.226,0.5438,0.7045,341,646,565,876,215.8974
12,144.1964,2,755.2688,658.8755,15314.0,16.0,179.0302,0.9977,1.7221,565.0,27.2009,0.6147,0.7613,646,963,565,876,215.8974
12,144.1964,3,1137.664,654.5651,20837.0,2160.0,260.2482,0.7433,3.0525,529.0,33.0406,0.5202,0.6844,963,1256,565,876,215.8974
12,144.1964,4,1372.3397,681.9037,18560.0,83.0,201.6571,0.9559,1.8069,562.0,27.9958,0.5757,0.7307,1256,1561,565,876,215.8974
12,144.597,1,493.9302,615.8932,13260.0,1144.0,163.4783,0.7747,1.6229,543.0,41.9906,0.5517,0.7111,341,646,565,876,215.8974
12,144.597,2,766.7976,651.0674,16131.0,932.0,196.929,0.9999,1.9465,547.0,28.4191,0.6461,0.785,646,963,565,876,215.8974
12,144.597,3,1148.2007,645.6977,20336.0,3125.0,260.9768,0.8356,3.0932,511.0,29.1869,0.6334,0.7756,963,1256,565,876,215.8974
12,144.597,4,1381.0012,677.7886,16827.0,94.0,157.3944,0.9901,1.4495,561.0,27.9531,0.5983,0.7486,1256,1561,565,876,215.8974
12,144.9975,1,507.6137,622.6022,14717.0,975.0,182.7669,0.6477,1.9209,547.0,40.9381,0.5983,0.7487,341,646,565,876,215.8974
12,144.9975,2,778.9024,661.8786,17201.0,543.0,201.4879,0.9471,1.9651,560.0,35.7911,0.5995,0.7496,646,963,565,876,215.8974
12,144.9975,3,1164.1593,654.3822,19770.0,2769.0,250.43,0.8743,3.0452,514.0,37.9629,0.5287,0.6917,963,1256,565,876,215.8974
12,144.9975,4,1374.7495,656.12,13961.0,241.0,164.077,0.9994,1.6913,555.0,24.2838,0.5915,0.7433,1256,1561,565,876,215.8974
12,145.3981,1,525.4943,623.2926,15890.0,1724.0,202.2794,0.6908,2.1888,548.0,36.519,0.6284,0.7718,341,646,565,876,215.8974
12,145.3981,2,786.5095,691.0771,15822.0,0.0,198.16,0.9931,1.9986,574.0,28.9834,0.6228,0.7676,646,963,565,876,215.8974
12,145.3981,3,1173.7992,661.073,20170.0,2516.0,218.4251,0.9663,2.2614,518.0,30.5941,0.5718,0.7276,963,1256,565,876,215.8974
12,145.3981,4,1366.41,660.6426,17489.0,449.0,188.3747,0.9421,1.7441,555.0,28.1219,0.5818,0.7356,1256,1561,565,876,215.8974
12,145.7986,1,533.8789,628.2919,16261.0,2085.0,191.5639,0.7721,2.0606,541.0,31.0818,0.6545,0.7911,341,646,565,876,215.8974
12,145.7986,2,791.6882,692.4735,16917.0,0.0,215.0802,0.9826,2.257,567.0,17.6155,0.8072,0.8933,646,963,565,876,215.8974
12,145.7986,3,1183.1344,633.4321,21161.0,4792.0,241.5431,0.9755,2.3926,501.0,25.0476,0.6569,0.7929,963,1256,565,876,215.8974
12,145.7986,4,1381.973,678.0568,14770.0,0.0,173.6329,0.9797,1.6579,575.0,38.2079,0.4304,0.6018,1256,1561,565,876,215.8974
12,146.1992,1,543.4479,618.9485,14933.0,2024.0,218.0485,0.6837,2.6795,535.0,25.691,0.7638,0.8661,341,646,565,876,215.8974
12,146.1992,2,790.7763,678.1822,17978.0,453.0,219.2882,0.8523,2.3754,560.0,36.7205,0.5006,0.6672,646,963,565,876,215.8974
12,146.1992,3,1161.8159,662.1863,22308.0,2555.0,229.4798,0.9266,2.2203,520.0,28.4088,0.5876,0.7402,963,1256,565,876,215.8974
12,146.1992,4,1393.4124,698.679,20444.0,31.0,216.9499,0.9454,2.0406,563.0,29.4022,0.5751,0.7302,1256,1561,565,876,215.8974
12,146.5997,1,538.8829,637.9984,16601.0,2142.0,209.9781,0.7347,2.5312,534.0,24.1498,0.7132,0.8326,341,646,565,876,215.8974
12,146.5997,2,785.0129,659.9087,17555.0,621.0,227.8323,0.8418,2.5072,544.0,19.4376,0.7201,0.8373,646,963,565,876,215.8974
12,146.5997,3,1150.2027,659.1436,22356.0,2468.0,228.4856,0.9983,2.0534,518.0,34.753,0.492,0.6595,963,1256,565,876,215.8974
12,146.5997,4,1401.5552,679.3464,16418.0,0.0,193.7838,0.9785,1.8986,570.0,34.852,0.5187,0.6831,1256,1561,565,876,215.8974
12,147.0002,1,554.8824,620.3942,14865.0,2087.0,215.4864,0.7171,2.6603,535.0,21.3336,0.7596,0.8634,341,646,565,876,215.8974
12,147.0002,2,791.2722,682.1692,21495.0,656.0,241.7987,0.8363,2.5187,544.0,24.7994,0.6383,0.7793,646,963,565,876,215.8974
12,147.0002,3,1151.9603,625.9449,21378.0,4334.0,207.7022,0.9085,1.8793,507.0,41.9906,0.4209,0.5924,963,1256,565,876,215.8974
12,147.0002,4,1387.9558,643.5992,16820.0,366.0,193.6702,0.6535,1.8787,556.0,38.7873,0.389,0.5601,1256,1561,565,876,215.8974
12,147.4008,1,551.9926,630.5614,16307.0,2280.0,211.1179,0.7742,2.4785,534.0,23.4992,0.7283,0.8428,341,646,565,876,215.8974
12,147.4008,2,789.2041,683.3706,20584.0,983.0,249.4879,0.8021,2.9732,538.0,25.0758,0.7386,0.8496,646,963,565,876,215.8974
12,147.4008,3,1157.6489,599.8387,21969.0,7006.0,194.8619,0.9832,1.6604,492.0,27.9695,0.6183,0.7641,963,1256,565,876,215.8974
12,147.4008,4,1380.0616,613.3302,17777.0,2504.0,217.4046,0.5926,2.1614,537.0,29.7975,0.5934,0.7448,1256,1561,565,876,215.8974
12,147.8013,1,556.2808,633.0095,16976.0,2739.0,209.1227,0.7671,2.4027,527.0,22.4239,0.6947,0.8198,341,646,565,876,215.8974
12,147.8013,2,770.8599,669.3708,20292.0,1241.0,248.4123,0.8358,2.7966,535.0,23.8774,0.6579,0.7937,646,963,565,876,215.8974
12,147.8013,3,1164.9285,622.7227,21039.0,4209.0,187.6558,0.9547,1.5223,511.0,24.9754,0.6377,0.7788,963,1256,565,876,215.8974
12,147.8013,4,1377.8902,647.8986,19625.0,400.0,212.0333,0.6594,2.0074,557.0,43.2457,0.4953,0.6625,1256,1561,565,876,215.8974
12,148.2019,1,555.6454,632.6231,16722.0,2782.0,209.5384,0.7767,2.4927,526.0,12.1241,0.8407,0.9135,341,646,565,876,215.8974
12,148.2019,2,761.2905,656.6578,18999.0,1867.0,239.9627,0.8497,2.6676,519.0,24.0531,0.7238,0.8398,646,963,565,876,215.8974
12,148.2019,3,1157.3073,643.9082,23310.0,3127.0,204.4357,0.9524,1.6439,521.0,22.8081,0.7119,0.8317,963,1256,565,876,215.8974
12,148.2019,4,1365.3726,656.0271,16704.0,474.0,233.7497,0.7139,2.7686,553.0,42.2642,0.4984,0.6653,1256,1561,565,876,215.8974
12,148.6024,1,562.773,620.6695,16604.0,2903.0,212.8666,0.7695,2.2769,529.0,19.3009,0.7562,0.8612,341,646,565,876,215.8974
12,148.6024,2,752.6472,675.1758,19999.0,1447.0,209.2771,0.8689,2.6159,564.0,31.6782,0.5559,0.7145,646,963,565,876,215.8974
12,148.6024,3,1140.2215,638.0187,24158.0,4888.0,249.5945,0.9757,2.2672,494.0,30.4488,0.5045,0.6706,963,1256,565,876,215.8974
12,148.6024,4,1360.2282,673.2404,18894.0,821.0,231.5385,0.846,2.6931,544.0,28.9729,0.5948,0.7459,1256,1561,565,876,215.8974
12,149.003,1,563.6376,631.6593,18078.0,3157.0,206.2065,0.7551,2.1301,526.0,23.4932,0.7439,0.8531,341,646,565,876,215.8974
12,149.003,2,759.3827,681.2521,18551.0,732.0,220.516,0.8924,2.4904,547.0,22.8556,0.6697,0.8022,646,963,565,876,215.8974
12,149.003,3,1143.6378,620.7934,19898.0,4172.0,188.943,0.965,1.5714,510.0,39.101,0.4771,0.646,963,1256,565,876,215.8974
12,149.003,4,1341.7445,630.284,16205.0,2624.0,216.3269,0.9246,2.5272,509.0,33.0339,0.5766,0.7315,1256,1561,565,876,215.8974
12,149.4035,1,558.3482,624.2987,17031.0,3403.0,206.9236,0.8089,2.1956,520.0,21.4314,0.6959,0.8207,341,646,565,876,215.8974
12,149.4035,2,756.6692,677.8529,19095.0,1240.0,223.3439,0.9252,2.3617,538.0,19.2285,0.7446,0.8536,646,963,565,876,215.8974
12,149.4035,3,1160.0072,608.8911,17400.0,3928.0,164.9505,0.8747,1.3888,511.0,36.0183,0.507,0.6729,963,1256,565,876,215.8974
12,149.4035,4,1330.6858,624.1573,13303.0,1254.0,156.9584,0.9203,1.5469,535.0,45.5538,0.4229,0.5944,1256,1561,565,876,215.8974
12,149.8041,1,570.4027,617.6391,16165.0,3242.0,188.8328,0.8532,1.8282,516.0,25.8471,0.6696,0.8021,341,646,565,876,215.8974
12,149.8041,2,757.4857,682.8172,19434.0,1092.0,229.5804,0.9314,2.6974,537.0,25.9039,0.6388,0.7796,646,963,565,876,215.8974
12,149.8041,3,1162.9552,604.6634,19030.0,4785.0,208.3089,0.6487,1.9835,507.0,27.8162,0.6388,0.7796,963,1256,565,876,215.8974
12,149.8041,4,1350.9937,614.5321,16469.0,2088.0,174.9324,0.6139,1.5033,541.0,34.1453,0.5801,0.7342,1256,1561,565,876,215.8974
12,150.2046,1,571.5662,622.4605,17398.0,3415.0,180.694,0.9378,1.5403,512.0,25.2285,0.7132,0.8326,341,646,565,876,215.8974
12,150.2046,2,759.5183,680.4796,19031.0,1308.0,245.1628,0.9356,2.9414,529.0,17.8906,0.7958,0.8863,646,963,565,876,215.8974
12,150.2046,3,1149.4149,606.3877,21608.0,4715.0,205.3242,0.4086,1.8612,537.0,27.3669,0.6546,0.7912,963,1256,565,876,215.8974
12,150.2046,4,1385.4662,620.7626,21651.0,2823.0,227.093,0.6119,1.9118,520.0,46.2033,0.4675,0.6371,1256,1561,565,876,215.8974
12,150.6052,1,579.5019,606.1335,16675.0,3496.0,163.7488,0.9696,1.2285,512.0,32.098,0.6366,0.778,341,646,565,876,215.8974
12,150.6052,2,763.0345,670.6296,17883.0,1208.0,226.0968,0.8428,2.7853,545.0,31.1943,0.5894,0.7417,646,963,565,876,215.8974
12,150.6052,3,1130.1479,610.7191,24418.0,4918.0,259.464,0.402,2.4861,539.0,33.7756,0.6326,0.775,963,1256,565,876,215.8974
12,150.6052,4,1411.8365,641.3891,23308.0,1288.0,237.5812,0.6636,1.8857,539.0,54.3609,0.4215,0.5931,1256,1561,565,876,215.8974
12,151.0057,1,557.2505,624.5632,17112.0,2851.0,172.67,0.799,1.5539,513.0,29.6839,0.5589,0.7171,341,646,565,876,215.8974
12,151.0057,2,763.7996,669.7271,19791.0,1555.0,241.7142,0.8975,2.7231,526.0,27.5711,0.6454,0.7845,646,963,565,876,215.8974
12,151.0057,3,1102.7008,620.7194,22179.0,4282.0,247.576,0.5857,2.5059,534.0,41.6077,0.5268,0.69,963,1256,565,876,215.8974
12,151.0057,4,1421.9729,658.9133,22113.0,855.0,240.1956,0.8086,2.0904,542.0,42.2897,0.556,0.7146,1256,1561,565,876,215.8974
12,151.4063,1,540.7849,606.0814,17266.0,3586.0,170.5113,0.8273,1.4243,512.0,36.8422,0.4773,0.6462,341,646,565,876,215.8974
12,151.4063,2,756.2231,661.158,20287.0,1431.0,216.9553,0.8527,2.0579,547.0,23.6618,0.6358,0.7773,646,963,565,876,215.8974
12,151.4063,3,1084.9748,630.8763,21601.0,3579.0,240.9541,0.7311,2.1731,539.0,37.426,0.5496,0.7094,963,1256,565,876,215.8974
12,151.4063,4,1427.6333,658.9553,21778.0,1179.0,224.325,0.86,1.8264,532.0,28.9841,0.6877,0.8149,1256,1561,565,876,215.8974
12,151.8068,1,512.1408,622.624,19569.0,3134.0,190.6086,0.6761,1.5448,517.0,32.4656,0.5061,0.6721,341,646,565,876,215.8974
12,151.8068,2,755.7119,654.1863,21515.0,2465.0,235.255,0.9254,2.183,508.0,18.2035,0.801,0.8895,646,963,565,876,215.8974
12,151.8068,3,1068.9866,609.5406,21165.0,5616.0,227.631,0.794,1.9867,510.0,30.6209,0.6448,0.7841,963,1256,565,876,215.8974
12,151.8068,4,1424.3741,640.7593,20539.0,2620.0,209.4624,0.9308,1.7422,505.0,31.8085,0.6139,0.7607,1256,1561,565,876,215.8974
12,152.2073,1,489.6003,617.3267,20535.0,3566.0,205.0326,0.6663,1.621,514.0,33.766,0.5219,0.6858,341,646,565,876,215.8974
12,152.2073,2,763.6187,666.8622,22358.0,1991.0,242.3704,0.8566,2.3974,518.0,21.5908,0.7227,0.8391,646,963,565,876,215.8974
12,152.2073,3,1056.9853,616.1167,18528.0,4165.0,199.8223,0.8179,1.7722,520.0,30.1122,0.6252,0.7694,963,1256,565,876,215.8974
12,152.2073,4,1436.2749,645.0846,21527.0,1826.0,195.6431,0.9522,1.5236,521.0,40.3538,0.488,0.6559,1256,1561,565,876,215.8974
12,152.6079,1,478.5069,617.6197,21258.0,4063.0,201.8054,0.6055,1.6197,517.0,32.6029,0.597,0.7476,341,646,565,876,215.8974
12,152.6079,2,761.8619,647.6492,18482.0,1661.0,230.8693,0.8729,2.4785,530.0,20.6894,0.7075,0.8287,646,963,565,876,215.8974
12,152.6079,3,1057.1974,618.3393,16565.0,3237.0,162.4159,0.8158,1.4312,531.0,34.02,0.637,0.7783,963,1256,565,876,215.8974
12,152.6079,4,1421.7119,647.9783,21215.0,1868.0,211.3547,0.9804,1.7602,523.0,35.2553,0.5804,0.7345,1256,1561,565,876,215.8974
12,153.0084,1,470.0705,626.9027,20390.0,3422.0,210.5554,0.5249,2.031,529.0,26.4422,0.6365,0.7779,341,646,565,876,215.8974
12,153.0084,2,758.5766,655.2076,20390.0,2417.0,235.7345,0.9084,2.2423,506.0,28.8341,0.6364,0.7778,646,963,565,876,215.8974
12,153.0084,3,1046.385,621.1924,13073.0,1826.0,138.8315,0.9729,1.4198,536.0,34.8328,0.5002,0.6668,963,1256,565,876,215.8974
12,153.0084,4,1404.6499,659.6582,25501.0,2613.0,221.0422,0.9243,1.65,508.0,37.6072,0.5236,0.6873,1256,1561,565,876,215.8974
12,153.409,1,462.4557,618.1885,17640.0,3596.0,192.2448,0.6897,1.9496,521.0,26.2155,0.6067,0.7552,341,646,565,876,215.8974
12,153.409,2,738.6449,638.5733,19028.0,2119.0,210.5762,1.0,1.8399,515.0,42.0443,0.5073,0.6731,646,963,565,876,215.8974
12,153.409,3,1048.0149,617.4387,12314.0,1817.0,140.5581,0.9943,1.4262,533.0,24.7914,0.5934,0.7448,963,1256,565,876,215.8974
12,153.409,4,1402.4269,648.9842,24768.0,2679.0,225.0014,0.9272,1.7604,514.0,27.1529,0.6186,0.7643,1256,1561,565,876,215.8974
12,153.8095,1,452.988,619.261,15702.0,3043.0,167.1148,0.7785,1.6798,532.0,27.7536,0.6157,0.7622,341,646,565,876,215.8974
12,153.8095,2,748.8342,653.8028,21390.0,1591.0,225.0039,0.9512,1.9176,531.0,34.5401,0.6164,0.7627,646,963,565,876,215.8974
12,153.8095,3,1052.5604,637.0064,13525.0,605.0,150.6436,0.9728,1.4341,550.0,27.8321,0.5671,0.7238,963,1256,565,876,215.8974
12,153.8095,4,1408.2542,642.7533,22343.0,2426.0,224.6114,0.8322,1.7475,515.0,21.5865,0.792,0.884,1256,1561,565,876,215.8974
12,154.2101,1,447.008,614.4493,14435.0,2662.0,168.7056,0.788,1.7141,534.0,24.7393,0.676,0.8067,341,646,565,876,215.8974
12,154.2101,2,764.4982,660.4297,21019.0,1233.0,227.4646,0.8081,2.2455,566.0,34.7606,0.5918,0.7435,646,963,565,876,215.8974
12,154.2101,3,1048.9348,669.8344,17846.0,864.0,178.2265,0.9433,1.7971,540.0,29.1435,0.5132,0.6783,963,1256,565,876,215.8974
12,154.2101,4,1412.4486,639.3237,23371.0,2536.0,234.1366,0.7611,1.8908,526.0,25.184,0.7062,0.8278,1256,1561,565,876,215.8974
12,154.6106,1,440.4053,608.7016,12479.0,2003.0,160.2636,0.8422,1.6274,537.0,22.2116,0.7346,0.847,341,646,565,876,215.8974
12,154.6106,2,773.4445,661.9084,18429.0,1124.0,222.59,0.7352,2.675,555.0,27.5382,0.626,0.77,646,963,565,876,215.8974
12,154.6106,3,1071.9254,641.8551,15694.0,1239.0,181.052,0.9861,1.7994,539.0,30.4717,0.5239,0.6875,963,1256,565,876,215.8974
12,154.6106,4,1411.4793,650.237,24210.0,2352.0,234.3912,0.7631,2.0279,521.0,20.7624,0.7444,0.8535,1256,1561,565,876,215.8974
12,155.0112,1,459.0849,623.2789,15133.0,1725.0,163.7035,0.8142,1.5991,538.0,25.3523,0.6812,0.8104,341,646,565,876,215.8974
12,155.0112,2,748.9562,645.872,16364.0,1503.0,222.9063,0.8698,2.5966,522.0,29.3816,0.5319,0.6945,646,963,565,876,215.8974
12,155.0112,3,1086.8581,628.6456,14826.0,1808.0,191.2807,0.9997,1.9395,524.0,29.5929,0.642,0.782,963,1256,565,876,215.8974
12,155.0112,4,1431.5332,643.2425,21086.0,1976.0,222.31,0.846,1.8749,518.0,31.4611,0.5687,0.7251,1256,1561,565,876,215.8974
12,155.4117,1,460.0809,619.3882,13247.0,1278.0,152.2918,0.835,1.4702,546.0,25.4248,0.716,0.8345,341,646,565,876,215.8974
12,155.4117,2,736.6772,656.046,16534.0,1627.0,255.2178,0.946,2.9853,517.0,40.7261,0.5392,0.7007,646,963,565,876,215.8974
12,155.4117,3,1091.3189,646.1199,18195.0,1829.0,199.7262,0.8607,2.0211,539.0,33.873,0.5264,0.6897,963,1256,565,876,215.8974
12,155.4117,4,1443.2556,646.6386,21924.0,2329.0,220.201,0.9771,1.7814,511.0,36.8633,0.5985,0.7488,1256,1561,565,876,215.8974
12,155.8123,1,471.8029,619.3762,12593.0,982.0,137.8814,0.9999,1.2942,542.0,26.3653,0.7192,0.8367,341,646,565,876,215.8974
12,155.8123,2,745.0771,684.68,17176.0,1445.0,244.9419,0.9591,3.5837,525.0,28.4264,0.555,0.7138,646,963,565,876,215.8974
12,155.8123,3,1104.7253,654.0873,17365.0,1063.0,208.136,0.8529,2.2078,547.0,36.7235,0.4747,0.6438,963,1256,565,876,215.8974
12,155.8123,4,1443.1771,655.6101,22969.0,2002.0,208.5969,0.9999,1.5398,517.0,28.1049,0.6491,0.7872,1256,1561,565,876,215.8974
12,156.2128,1,490.1365,622.4176,12111.0,841.0,144.7716,0.9996,1.3757,543.0,39.715,0.5661,0.723,341,646,565,876,215.8974
12,156.2128,2,742.3081,680.1945,18228.0,1476.0,243.469,0.9855,2.7689,518.0,24.2598,0.6339,0.776,646,963,565,876,215.8974
12,156.2128,3,1128.642,661.7911,20857.0,1937.0,242.7998,0.7379,2.9055,538.0,29.3329,0.5012,0.6677,963,1256,565,876,215.8974
12,156.2128,4,1430.2757,656.586,23189.0,1946.0,215.849,0.9113,1.8345,521.0,36.6305,0.5823,0.736,1256,1561,565,876,215.8974
12,156.6133,1,505.1072,626.7693,13378.0,792.0,167.8953,0.8364,1.6966,554.0,41.9952,0.5956,0.7465,341,646,565,876,215.8974
12,156.6133,2,749.746,677.9488,17413.0,1448.0,242.8998,0.9298,3.1378,536.0,26.1624,0.6348,0.7766,646,963,565,876,215.8974
12,156.6133,3,1145.7505,627.7881,23178.0,4705.0,243.2243,0.824,2.3374,521.0,26.8122,0.5907,0.7427,963,1256,565,876,215.8974
12,156.6133,4,1404.1165,640.9113,22021.0,1959.0,215.1758,0.8319,1.7128,518.0,42.9826,0.4939,0.6612,1256,1561,565,876,215.8974
12,157.0139,1,527.2005,617.9314,15271.0,2101.0,195.191,0.7274,2.1578,543.0,35.8819,0.6385,0.7794,341,646,565,876,215.8974
12,157.0139,2,756.4181,683.9609,16532.0,996.0,223.2556,0.9273,3.0284,547.0,21.3787,0.7367,0.8484,646,963,565,876,215.8974
12,157.0139,3,1144.4023,636.1629,22463.0,3023.0,235.2348,0.6877,2.3888,527.0,22.4666,0.6851,0.8131,963,1256,565,876,215.8974
12,157.0139,4,1375.4293,638.746,21611.0,2685.0,207.4589,0.979,1.664,503.0,48.4102,0.4844,0.6526,1256,1561,565,876,215.8974
12,157.4144,1,541.4786,611.7437,17322.0,3380.0,226.6812,0.7346,2.3516,516.0,28.6916,0.7293,0.8434,341,646,565,876,215.8974
12,157.4144,2,747.0242,684.1363,18032.0,729.0,210.1274,0.9658,2.0893,547.0,24.4126,0.6702,0.8026,646,963,565,876,215.8974
12,157.4144,3,1137.0256,630.4598,20319.0,2888.0,258.486,0.6904,2.8451,532.0,25.5699,0.6743,0.8055,963,1256,565,876,215.8974
12,157.4144,4,1361.982,662.6592,23827.0,1777.0,212.3515,0.9758,1.6359,522.0,37.4959,0.5362,0.6981,1256,1561,565,876,215.8974
12,157.815,1,541.2459,620.5605,18776.0,3260.0,243.0215,0.7211,2.5267,533.0,32.7916,0.7199,0.8371,341,646,565,876,215.8974
12,157.815,2,740.4565,667.4472,15994.0,983.0,239.4197,0.9286,3.0047,548.0,25.107,0.6392,0.7799,646,963,565,876,215.8974
12,157.815,3,1142.3635,632.1092,23730.0,5439.0,262.5639,0.8496,2.6919,515.0,28.5376,0.6048,0.7537,963,1256,565,876,215.8974
12,157.815,4,1376.3297,651.164,23361.0,2427.0,219.0963,0.894,1.8161,520.0,29.7857,0.6326,0.775,1256,1561,565,876,215.8974
12,158.2155,1,543.3244,619.374,18454.0,3365.0,248.8175,0.6831,2.9094,522.0,26.2894,0.7193,0.8367,341,646,565,876,215.8974
12,158.2155,2,749.6177,691.5662,17546.0,649.0,235.0378,0.9528,3.2126,547.0,26.8495,0.6301,0.773,646,963,565,876,215.8974
12,158.2155,3,1140.1257,643.3519,20339.0,2032.0,236.482,0.7131,2.6534,538.0,24.3284,0.6319,0.7745,963,1256,565,876,215.8974
12,158.2155,4,1400.1662,641.1523,23663.0,2748.0,228.9615,0.8202,1.7322,508.0,39.4026,0.5279,0.6911,1256,1561,565,876,215.8974
12,158.6161,1,565.9985,613.5265,16807.0,3817.0,213.806,0.812,2.2816,510.0,43.4885,0.5555,0.7143,341,646,565,876,215.8974
12,158.6161,2,745.6353,685.7186,18510.0,928.0,226.3756,0.9808,2.4299,538.0,24.317,0.6571,0.7931,646,963,565,876,215.8974
12,158.6161,3,1140.4068,652.377,21088.0,2128.0,209.9439,0.8211,2.3022,539.0,26.0096,0.6162,0.7625,963,1256,565,876,215.8974
12,158.6161,4,1414.0387,656.6764,24259.0,2145.0,238.5596,0.8491,1.8781,518.0,39.5489,0.5412,0.7023,1256,1561,565,876,215.8974
12,159.0166,1,583.1438,610.9409,15320.0,3660.0,173.6632,0.9691,1.5125,504.0,50.6219,0.4182,0.5897,341,646,565,876,215.8974
12,159.0166,2,747.352,679.3764,17742.0,637.0,215.6177,0.9576,2.4089,556.0,23.9541,0.6479,0.7863,646,963,565,876,215.8974
12,159.0166,3,1150.1603,659.8661,21117.0,1832.0,204.3802,0.8623,2.0739,539.0,20.809,0.6223,0.7672,963,1256,565,876,215.8974
12,159.0166,4,1432.7407,656.7674,22956.0,1968.0,217.854,0.969,1.6778,514.0,38.1541,0.5702,0.7263,1256,1561,565,876,215.8974
12,159.4172,1,570.9702,594.4324,16440.0,4093.0,204.5256,0.63,1.9122,503.0,39.327,0.5103,0.6758,341,646,565,876,215.8974
12,159.4172,2,749.3623,677.8424,17439.0,547.0,195.1907,0.9892,1.9846,549.0,28.2545,0.6322,0.7747,646,963,565,876,215.8974
12,159.4172,3,1153.6507,648.993,20748.0,2523.0,249.4216,0.8356,2.8275,522.0,21.4294,0.6931,0.8187,963,1256,565,876,215.8974
12,159.4172,4,1430.9739,650.4168,23331.0,2459.0,226.6787,0.9388,1.8021,511.0,26.9965,0.6605,0.7956,1256,1561,565,876,215.8974
12,159.8177,1,527.2389,595.9078,21754.0,4907.0,262.5531,0.2098,2.8699,547.0,38.5663,0.458,0.6282,341,646,565,876,215.8974
12,159.8177,2,753.5904,675.4063,18879.0,858.0,232.705,0.9506,2.4073,543.0,30.6122,0.5479,0.7079,646,963,565,876,215.8974
12,159.8177,3,1151.8446,646.0807,20251.0,2682.0,253.428,0.8469,2.897,521.0,15.005,0.8064,0.8929,963,1256,565,876,215.8974
12,159.8177,4,1424.8504,662.7523,23067.0,1625.0,211.4327,0.9519,1.6071,525.0,26.3336,0.6951,0.8201,1256,1561,565,876,215.8974
12,160.2183,1,479.6799,595.928,18698.0,4238.0,234.9727,0.4688,2.335,509.0,44.7317,0.4335,0.6048,341,646,565,876,215.8974
12,160.2183,2,754.876,661.8143,17108.0,1231.0,239.6838,0.9165,2.8848,536.0,27.9661,0.6511,0.7887,646,963,565,876,215.8974
12,160.2183,3,1149.2734,647.3981,22157.0,3494.0,254.1651,0.8068,2.7582,517.0,21.853,0.6975,0.8218,963,1256,565,876,215.8974
12,160.2183,4,1414.6136,646.9994,21311.0,1863.0,206.7184,0.929,1.6165,522.0,30.2633,0.6346,0.7765,1256,1561,565,876,215.8974
12,160.6188,1,472.4852,613.2034,20306.0,3958.0,217.6412,0.5432,2.1148,525.0,38.2774,0.5413,0.7024,341,646,565,876,215.8974
12,160.6188,2,757.163,682.3794,17318.0,801.0,230.5535,0.9164,2.9564,550.0,32.4618,0.6002,0.7502,646,963,565,876,215.8974
12,160.6188,3,1156.0425,635.689,21215.0,3770.0,243.2392,0.7983,2.7343,515.0,23.0699,0.7313,0.8448,963,1256,565,876,215.8974
12,160.6188,4,1415.1619,641.9538,23248.0,2775.0,221.8823,0.892,1.7469,506.0,24.6821,0.6747,0.8058,1256,1561,565,876,215.8974
12,161.0193,1,456.6148,608.879,17835.0,3864.0,204.9972,0.6964,1.8687,519.0,31.1435,0.644,0.7835,341,646,565,876,215.8974
12,161.0193,2,752.5964,692.1463,19070.0,639.0,250.3017,0.9443,3.0788,554.0,29.4951,0.5824,0.7361,646,963,565,876,215.8974
12,161.0193,3,1162.85,642.5402,19484.0,2736.0,216.3883,0.8918,2.2077,519.0,29.6311,0.6241,0.7685,963,1256,565,876,215.8974
12,161.0193,4,1409.9349,655.7211,24200.0,2162.0,244.3085,0.8021,2.0529,527.0,31.6629,0.5952,0.7462,1256,1561,565,876,215.8974
12,161.4199,1,458.3454,621.5675,17514.0,3076.0,190.1405,0.7192,1.7996,530.0,27.4555,0.6754,0.8062,341,646,565,876,215.8974
12,161.4199,2,756.2702,684.6052,18724.0,1252.0,245.7296,0.9066,3.0992,537.0,26.6901,0.6926,0.8184,646,963,565,876,215.8974
12,161.4199,3,1172.9348,642.2106,19624.0,3068.0,219.0307,0.9595,2.1827,508.0,28.5808,0.6456,0.7846,963,1256,565,876,215.8974
12,161.4199,4,1414.3622,648.9296,22562.0,1375.0,250.7893,0.7313,2.2252,533.0,24.8533,0.6807,0.81,1256,1561,565,876,215.8974
12,161.8204,1,456.805,630.2424,15265.0,2339.0,192.3916,0.7584,2.3269,537.0,26.6597,0.6294,0.7726,341,646,565,876,215.8974
12,161.8204,2,753.0348,678.1887,16881.0,921.0,225.9836,0.8688,2.9015,554.0,23.8326,0.6516,0.789,646,963,565,876,215.8974
12,161.8204,3,1178.4929,643.1705,20278.0,2951.0,205.2934,0.9992,1.8078,508.0,28.1054,0.6433,0.7829,963,1256,565,876,215.8974
12,161.8204,4,1425.1097,641.0377,21752.0,2533.0,244.4228,0.8013,2.2615,515.0,23.7319,0.7618,0.8648,1256,1561,565,876,215.8974
12,162.221,1,443.3615,612.6337,12908.0,2008.0,178.7828,0.7888,2.1083,536.0,22.5035,0.7434,0.8528,341,646,565,876,215.8974
12,162.221,2,754.2019,689.0072,17828.0,563.0,220.3601,0.9462,2.5162,555.0,28.8446,0.5945,0.7457,646,963,565,876,215.8974
12,162.221,3,1170.2464,641.2637,21643.0,2805.0,202.7061,0.9996,1.6002,508.0,25.1285,0.6838,0.8122,963,1256,565,876,215.8974
12,162.221,4,1432.243,649.33,21813.0,1978.0,231.3567,0.8859,1.8801,520.0,25.6695,0.7015,0.8246,1256,1561,565,876,215.8974
12,162.6215,1,449.7563,625.9462,15566.0,2132.0,181.9495,0.8467,1.8845,530.0,24.331,0.7316,0.845,341,646,565,876,215.8974
12,162.6215,2,754.1804,685.1473,19442.0,738.0,227.5388,0.9266,2.4844,547.0,20.0373,0.7275,0.8423,646,963,565,876,215.8974
12,162.6215,3,1160.9077,632.6464,23346.0,3540.0,210.872,0.9102,1.6662,503.0,30.0261,0.6398,0.7804,963,1256,565,876,215.8974
12,162.6215,4,1435.8196,662.2533,22406.0,1780.0,229.2559,0.9319,1.8988,527.0,32.691,0.6194,0.765,1256,1561,565,876,215.8974
12,163.0221,1,448.1704,622.3813,11610.0,912.0,150.8062,0.8859,1.6886,549.0,28.2725,0.6691,0.8017,341,646,565,876,215.8974
12,163.0221,2,745.146,671.2093,17192.0,1780.0,249.8215,0.9105,3.3329,528.0,32.369,0.6227,0.7675,646,963,565,876,215.8974
12,163.0221,3,1144.6754,626.9477,23395.0,4043.0,220.699,0.8217,1.8762,500.0,29.9764,0.614,0.7609,963,1256,565,876,215.8974
12,163.0221,4,1440.1849,657.8691,22358.0,1541.0,218.967,0.9495,1.6983,521.0,25.3918,0.6603,0.7954,1256,1561,565,876,215.8974
12,163.4226,1,456.3651,626.4839,12327.0,1046.0,155.3475,0.985,1.6048,545.0,28.2257,0.7087,0.8295,341,646,565,876,215.8974
12,163.4226,2,747.4555,699.6118,16668.0,615.0,234.1364,0.9627,3.1448,549.0,34.5394,0.5176,0.6821,646,963,565,876,215.8974
12,163.4226,3,1114.3762,618.8168,21814.0,4005.0,224.778,0.5824,2.0737,537.0,34.9504,0.4875,0.6555,963,1256,565,876,215.8974
12,163.4226,4,1434.5601,654.3143,24031.0,2521.0,228.2902,0.9914,1.7201,508.0,24.5224,0.7602,0.8637,1256,1561,565,876,215.8974
12,163.8232,1,461.1946,629.7035,13388.0,1176.0,157.2113,0.9878,1.5717,544.0,22.8104,0.7798,0.8763,341,646,565,876,215.8974
12,163.8232,2,747.5327,707.9502,18884.0,226.0,222.5811,0.976,2.4413,558.0,23.0996,0.6718,0.8037,646,963,565,876,215.8974
12,163.8232,3,1094.6687,622.425,23944.0,4985.0,257.668,0.7207,2.355,499.0,40.7781,0.4659,0.6356,963,1256,565,876,215.8974
12,163.8232,4,1418.2827,656.7735,23974.0,2035.0,212.5257,0.9939,1.5643,520.0,36.0745,0.5839,0.7373,1256,1561,565,876,215.8974
12,164.2237,1,467.4164,637.397,12578.0,459.0,153.2602,0.9918,1.5369,551.0,26.4986,0.7246,0.8403,341,646,565,876,215.8974
12,164.2237,2,751.4187,693.48,19407.0,1041.0,250.8101,0.9498,3.0292,541.0,26.7855,0.6062,0.7549,646,963,565,876,215.8974
12,164.2237,3,1075.4321,637.1052,23821.0,4541.0,250.6245,0.8462,2.3161,499.0,42.2485,0.4752,0.6443,963,1256,565,876,215.8974
12,164.2237,4,1387.5089,652.0663,22076.0,1634.0,204.9599,0.9974,1.5309,526.0,44.0643,0.462,0.632,1256,1561,565,876,215.8974
12,164.6243,1,477.8171,636.4913,12229.0,359.0,150.2841,0.9667,1.5228,554.0,29.8675,0.717,0.8352,341,646,565,876,215.8974
12,164.6243,2,762.442,696.078,18647.0,822.0,241.2697,0.9404,3.0839,545.0,17.1964,0.7537,0.8596,646,963,565,876,215.8974
12,164.6243,3,1075.5024,645.8184,20151.0,3451.0,209.6373,0.7181,2.6142,550.0,26.5381,0.6284,0.7718,963,1256,565,876,215.8974
12,164.6243,4,1383.7897,655.7478,24004.0,2514.0,243.8241,0.8942,2.0698,507.0,37.8612,0.49,0.6577,1256,1561,565,876,215.8974
12,165.0248,1,475.6593,631.1101,14017.0,741.0,159.1418,0.7574,1.6361,554.0,30.8632,0.6481,0.7865,341,646,565,876,215.8974
12,165.0248,2,757.7952,693.3849,18580.0,555.0,226.6949,0.9686,2.5719,547.0,23.1172,0.6879,0.8151,646,963,565,876,215.8974
12,165.0248,3,1038.307,617.2989,17457.0,4479.0,239.0077,0.8549,2.9601,499.0,21.5416,0.5699,0.726,963,1256,565,876,215.8974
12,165.0248,4,1360.3259,657.1461,22455.0,1989.0,221.7844,0.9741,1.8502,519.0,44.466,0.5198,0.684,1256,1561,565,876,215.8974
12,165.4253,1,483.3598,631.9002,14055.0,1058.0,139.6478,0.9876,1.2831,540.0,32.4841,0.5866,0.7395,341,646,565,876,215.8974
12,165.4253,2,768.9565,699.1068,19855.0,397.0,216.5522,0.9669,2.2639,554.0,22.1563,0.7207,0.8377,646,963,565,876,215.8974
12,165.4253,3,1035.6504,636.533,17121.0,3362.0,237.859,0.9552,2.4837,508.0,31.0423,0.5606,0.7184,963,1256,565,876,215.8974
12,165.4253,4,1358.7008,662.0793,22433.0,1673.0,243.9286,0.8907,2.241,533.0,27.0352,0.6389,0.7797,1256,1561,565,876,215.8974
12,165.8259,1,488.0428,629.245,17866.0,3053.0,189.5931,0.9205,1.7184,521.0,34.8731,0.5068,0.6727,341,646,565,876,215.8974
12,165.8259,2,765.3669,691.5537,18473.0,437.0,218.8914,0.9589,2.3988,551.0,19.1018,0.736,0.8479,646,963,565,876,215.8974
12,165.8259,3,1027.6926,638.9662,16316.0,2644.0,205.5707,0.9747,2.1441,517.0,26.4966,0.6364,0.7778,963,1256,565,876,215.8974
12,165.8259,4,1361.4436,659.024,21251.0,2013.0,201.869,0.9333,1.8243,551.0,22.9623,0.6481,0.7865,1256,1561,565,876,215.8974
12,166.2264,1,490.8606,639.968,12898.0,248.0,158.5124,0.9486,1.5723,555.0,34.643,0.4919,0.6595,341,646,565,876,215.8974
12,166.2264,2,755.8159,666.6478,17233.0,935.0,225.2211,0.958,2.4453,539.0,19.0034,0.7034,0.8259,646,963,565,876,215.8974
12,166.2264,3,1032.2521,621.8665,16638.0,3981.0,240.6861,0.9249,2.877,505.0,27.8308,0.6463,0.7852,963,1256,565,876,215.8974
12,166.2264,4,1355.2402,656.4397,19460.0,2084.0,230.1952,0.8128,2.526,521.0,25.032,0.6242,0.7686,1256,1561,565,876,215.8974
12,166.627,1,505.8084,636.6019,14249.0,1183.0,176.1149,0.8572,1.8928,556.0,27.2279,0.6647,0.7986,341,646,565,876,215.8974
12,166.627,2,760.69,688.7461,19658.0,730.0,233.3425,0.9398,2.6456,549.0,19.3776,0.7163,0.8347,646,963,565,876,215.8974
12,166.627,3,1039.2137,649.5617,16230.0,2766.0,254.8374,0.9322,3.4343,510.0,27.8256,0.6604,0.7955,963,1256,565,876,215.8974
12,166.627,4,1351.6709,657.8034,18648.0,2030.0,229.276,0.9285,2.5053,516.0,33.5313,0.5644,0.7215,1256,1561,565,876,215.8974
12,167.0275,1,505.9604,638.8718,16931.0,1905.0,197.4024,0.8763,2.0414,532.0,28.8036,0.5595,0.7175,341,646,565,876,215.8974
12,167.0275,2,760.6652,686.6415,19626.0,730.0,223.7371,0.9381,2.4522,551.0,16.3282,0.7849,0.8795,646,963,565,876,215.8974
12,167.0275,3,1037.3148,648.2461,16316.0,2738.0,232.1488,0.9531,3.0163,515.0,23.9966,0.6815,0.8106,963,1256,565,876,215.8974
12,167.0275,4,1338.951,657.2875,18704.0,1489.0,214.3962,0.9772,2.0178,523.0,26.244,0.6149,0.7615,1256,1561,565,876,215.8974
12,167.4281,1,530.0213,623.9592,16093.0,1878.0,237.2469,0.6847,2.9174,533.0,40.2414,0.5113,0.6767,341,646,565,876,215.8974
12,167.4281,2,753.2,670.3245,18822.0,1404.0,253.971,0.9004,2.9116,538.0,25.7959,0.7012,0.8243,646,963,565,876,215.8974
12,167.4281,3,1035.5696,642.3149,16612.0,3205.0,249.9728,0.9141,3.3182,507.0,24.7608,0.6863,0.814,963,1256,565,876,215.8974
12,167.4281,4,1336.2815,654.6847,19915.0,1519.0,198.2791,0.9997,1.7046,526.0,30.6581,0.6201,0.7655,1256,1561,565,876,215.8974
12,167.8286,1,547.5246,619.2997,16848.0,2263.0,229.2435,0.6333,2.6968,531.0,38.6864,0.6371,0.7784,341,646,565,876,215.8974
12,167.8286,2,762.0889,670.858,18749.0,1306.0,240.4581,0.8607,2.9456,544.0,24.3599,0.6741,0.8053,646,963,565,876,215.8974
12,167.8286,3,1030.8952,628.2791,18185.0,4412.0,243.7324,0.9437,2.7852,498.0,23.9338,0.6921,0.8181,963,1256,565,876,215.8974
12,167.8286,4,1348.8315,645.9681,19148.0,1615.0,191.4629,0.951,1.6252,525.0,32.9218,0.6509,0.7885,1256,1561,565,876,215.8974
12,168.2292,1,567.3714,606.1786,16713.0,4347.0,205.8269,0.8141,2.212,502.0,42.2558,0.5613,0.719,341,646,565,876,215.8974
12,168.2292,2,766.0257,667.4882,18079.0,945.0,228.3877,0.7415,2.8202,549.0,28.4699,0.6763,0.8069,646,963,565,876,215.8974
12,168.2292,3,1034.8071,644.928,18895.0,3802.0,244.6783,0.9107,2.944,508.0,21.2942,0.7135,0.8328,963,1256,565,876,215.8974
12,168.2292,4,1370.1028,648.5385,20853.0,1655.0,196.0461,0.9986,1.5682,525.0,39.3226,0.5508,0.7103,1256,1561,565,876,215.8974
12,168.6297,1,565.8403,616.4558,16286.0,3318.0,199.1915,0.8235,2.0558,522.0,31.1202,0.7033,0.8258,341,646,565,876,215.8974
12,168.6297,2,764.3663,656.6771,18029.0,974.0,229.897,0.7917,2.6287,543.0,21.966,0.6812,0.8104,646,963,565,876,215.8974
12,168.6297,3,1036.3504,637.8484,18382.0,3942.0,243.7765,0.9141,2.8232,507.0,17.684,0.7558,0.8609,963,1256,565,876,215.8974
12,168.6297,4,1382.9651,671.4585,22754.0,998.0,218.0031,0.9927,1.7647,537.0,33.0389,0.604,0.7531,1256,1561,565,876,215.8974
12,169.0303,1,565.0359,621.3387,17994.0,3418.0,193.0538,0.8465,1.6967,518.0,27.7167,0.6761,0.8068,341,646,565,876,215.8974
12,169.0303,2,755.0532,657.1759,17955.0,1157.0,243.8012,0.8705,2.645,535.0,25.2121,0.6653,0.799,646,963,565,876,215.8974
12,169.0303,3,1036.1365,644.5116,16953.0,3162.0,208.0126,0.8809,2.6837,549.0,22.3754,0.6946,0.8198,963,1256,565,876,215.8974
12,169.0303,4,1392.375,664.7588,21511.0,971.0,210.5394,0.9995,1.7392,540.0,26.5525,0.7174,0.8355,1256,1561,565,876,215.8974
12,169.4308,1,558.5682,617.2935,22238.0,5718.0,200.4381,0.9914,1.5649,497.0,36.0758,0.5491,0.7089,341,646,565,876,215.8974
12,169.4308,2,751.8953,664.7573,17623.0,760.0,240.9482,0.9274,2.6758,543.0,27.8138,0.7114,0.8314,646,963,565,876,215.8974
12,169.4308,3,1032.3234,641.9953,16728.0,3531.0,242.2438,0.9383,3.2422,508.0,22.5532,0.7153,0.834,963,1256,565,876,215.8974
12,169.4308,4,1406.8456,659.4982,22655.0,1639.0,214.9784,0.9318,1.7128,527.0,36.1487,0.6205,0.7658,1256,1561,565,876,215.8974
12,169.8313,1,535.0833,615.2088,17425.0,3165.0,188.3057,0.8836,1.6875,513.0,37.9914,0.446,0.6168,341,646,565,876,215.8974
12,169.8313,2,756.2593,672.642,18177.0,806.0,211.7306,0.8817,2.1957,549.0,30.1892,0.5838,0.7372,646,963,565,876,215.8974
12,169.8313,3,1031.5627,643.6401,17479.0,3680.0,243.0569,0.94,3.3245,507.0,18.2139,0.7568,0.8616,963,1256,565,876,215.8974
12,169.8313,4,1417.0928,648.5757,22268.0,2619.0,227.5169,0.9999,1.846,505.0,34.0655,0.6215,0.7666,1256,1561,565,876,215.8974
12,170.2319,1,503.6783,599.3028,20673.0,4516.0,242.1192,0.3131,2.2942,535.0,42.3532,0.469,0.6385,341,646,565,876,215.8974
12,170.2319,2,731.0184,643.5422,15630.0,1816.0,239.6625,0.9573,2.867,511.0,33.0825,0.5168,0.6815,646,963,565,876,215.8974
12,170.2319,3,1034.1205,655.0209,14650.0,1774.0,200.7697,0.9469,2.5968,549.0,24.1588,0.6498,0.7878,963,1256,565,876,215.8974
12,170.2319,4,1416.5129,652.5967,22123.0,1763.0,208.9797,0.9298,1.7084,522.0,33.4532,0.58,0.7342,1256,1561,565,876,215.8974
12,170.6324,1,468.836,593.8396,18078.0,4256.0,216.1713,0.3867,2.1428,520.0,35.8063,0.5474,0.7075,341,646,565,876,215.8974
12,170.6324,2,729.02,671.8389,16232.0,1240.0,251.8389,0.9517,3.2567,536.0,35.6212,0.5911,0.743,646,963,565,876,215.8974
12,170.6324,3,1022.7738,647.6873,15890.0,1360.0,173.5818,0.9548,1.7501,538.0,39.7556,0.3941,0.5654,963,1256,565,876,215.8974
12,170.6324,4,1400.9415,658.7862,23283.0,1253.0,233.7811,0.8231,1.9137,531.0,35.8671,0.5891,0.7414,1256,1561,565,876,215.8974
12,171.033,1,447.4774,600.7828,14016.0,3194.0,156.6592,0.684,1.572,530.0,39.7359,0.4821,0.6506,341,646,565,876,215.8974
12,171.033,2,731.4503,679.8477,17710.0,1079.0,234.5224,0.9716,2.8103,543.0,23.0247,0.6629,0.7973,646,963,565,876,215.8974
12,171.033,3,1038.142,642.4207,16248.0,2101.0,200.3741,0.9835,2.2263,513.0,32.798,0.4967,0.6637,963,1256,565,876,215.8974
12,171.033,4,1385.2678,666.759,23385.0,1411.0,211.3865,1.0,1.6008,531.0,45.9457,0.4875,0.6555,1256,1561,565,876,215.8974
12,171.4335,1,436.8127,612.7347,12006.0,2280.0,125.5885,0.783,1.2828,537.0,31.391,0.5119,0.6772,341,646,565,876,215.8974
12,171.4335,2,739.0722,662.4129,16541.0,943.0,214.9783,0.9113,2.6252,566.0,29.1104,0.566,0.7228,646,963,565,876,215.8974
12,171.4335,3,1047.3913,670.8991,18021.0,1286.0,201.6377,0.9928,2.1375,537.0,32.0695,0.5028,0.6691,963,1256,565,876,215.8974
12,171.4335,4,1379.4868,661.8088,23230.0,1733.0,211.5119,0.9891,1.6895,518.0,26.9002,0.634,0.776,1256,1561,565,876,215.8974
12,171.8341,1,431.2904,608.9486,12543.0,1950.0,145.5644,0.7529,1.5083,541.0,29.4046,0.5569,0.7154,341,646,565,876,215.8974
12,171.8341,2,745.7433,673.6363,21393.0,1157.0,233.0004,0.9555,2.177,532.0,28.982,0.6115,0.7589,646,963,565,876,215.8974
12,171.8341,3,1061.1422,630.2489,15429.0,1609.0,203.0909,0.8988,2.1371,531.0,32.9619,0.5165,0.6811,963,1256,565,876,215.8974
12,171.8341,4,1391.0718,656.0202,24646.0,2355.0,225.4708,0.947,1.7549,513.0,28.0912,0.6283,0.7717,1256,1561,565,876,215.8974
12,172.2346,1,445.6966,632.2672,13377.0,1288.0,145.5198,0.8339,1.6391,545.0,28.6203,0.581,0.735,341,646,565,876,215.8974
12,172.2346,2,755.6266,653.2958,20958.0,2607.0,213.3229,0.9965,1.8242,504.0,33.6071,0.543,0.7038,646,963,565,876,215.8974
12,172.2346,3,1072.9386,639.5755,17123.0,2139.0,215.8936,0.9008,2.3233,520.0,30.4134,0.585,0.7382,963,1256,565,876,215.8974
12,172.2346,4,1394.6186,647.051,22524.0,1899.0,210.3232,0.9201,1.5653,518.0,27.0068,0.6621,0.7967,1256,1561,565,876,215.8974
12,172.6352,1,455.3905,611.6352,16153.0,3852.0,190.7272,0.9597,1.6881,522.0,34.3966,0.4953,0.6624,341,646,565,876,215.8974
12,172.6352,2,749.9221,635.7678,19425.0,1957.0,213.3101,0.8536,1.8622,523.0,41.7122,0.4679,0.6375,646,963,565,876,215.8974
12,172.6352,3,1090.0303,654.6918,18628.0,1552.0,233.7212,0.8451,2.5509,536.0,39.4516,0.4609,0.631,963,1256,565,876,215.8974
12,172.6352,4,1401.098,656.9413,23873.0,2207.0,219.2028,0.9859,1.7408,516.0,38.2062,0.5485,0.7084,1256,1561,565,876,215.8974
12,173.0357,1,467.4996,626.2415,12857.0,943.0,150.677,0.9256,1.393,550.0,27.8923,0.6182,0.7641,341,646,565,876,215.8974
12,173.0357,2,759.3848,660.4212,22797.0,1783.0,230.641,0.9372,1.9811,532.0,36.7167,0.5835,0.737,646,963,565,876,215.8974
12,173.0357,3,1112.2494,641.1811,17064.0,1364.0,240.3115,0.7143,2.7392,537.0,40.0076,0.4811,0.6497,963,1256,565,876,215.8974
12,173.0357,4,1400.6683,665.1034,25864.0,1884.0,230.2218,0.9399,1.8032,521.0,30.7958,0.607,0.7555,1256,1561,565,876,215.8974
12,173.4363,1,480.7955,625.3793,12743.0,747.0,163.8146,0.7748,1.7515,554.0,42.7924,0.5178,0.6823,341,646,565,876,215.8974
12,173.4363,2,775.7006,654.1881,24132.0,1781.0,261.7146,0.7235,2.2933,533.0,34.3167,0.594,0.7453,646,963,565,876,215.8974
12,173.4363,3,1137.3675,640.9978,19657.0,2710.0,246.3671,0.796,2.8957,516.0,28.7672,0.5641,0.7213,963,1256,565,876,215.8974
12,173.4363,4,1391.2526,662.8516,24459.0,1715.0,234.2102,0.7738,1.9695,550.0,34.0186,0.5795,0.7338,1256,1561,565,876,215.8974
12,173.8368,1,510.0042,612.0405,18531.0,4926.0,210.9626,0.8594,2.0967,514.0,39.676,0.4375,0.6087,341,646,565,876,215.8974
12,173.8368,2,803.4015,624.1445,22769.0,2636.0,265.2159,0.4998,2.404,552.0,31.9112,0.5946,0.7458,646,963,565,876,215.8974
12,173.8368,3,1141.8329,652.1865,20900.0,2604.0,260.4773,0.8111,3.1004,526.0,25.8138,0.6342,0.7761,963,1256,565,876,215.8974
12,173.8368,4,1375.6156,659.086,15867.0,0.0,216.7312,0.7231,2.4741,568.0,33.3857,0.5437,0.7044,1256,1561,565,876,215.8974
12,174.2374,1,521.4751,628.4264,17420.0,2023.0,211.853,0.6653,2.2634,545.0,44.191,0.5332,0.6955,341,646,565,876,215.8974
12,174.2374,2,826.593,625.9011,20533.0,2755.0,250.0418,0.6854,2.3127,516.0,36.1792,0.5657,0.7226,646,963,565,876,215.8974
12,174.2374,3,1147.3181,642.2607,20347.0,2950.0,253.0267,0.7745,2.924,522.0,18.9471,0.8111,0.8957,963,1256,565,876,215.8974
12,174.2374,4,1362.3779,649.8294,18483.0,1704.0,209.2581,0.7014,2.3853,564.0,28.6532,0.6055,0.7543,1256,1561,565,876,215.8974
12,174.6379,1,542.0268,627.7386,16319.0,1904.0,245.6502,0.6069,3.0804,535.0,46.4938,0.5838,0.7372,341,646,565,876,215.8974
12,174.6379,2,844.9801,641.6371,20693.0,1987.0,230.9351,0.8434,1.9811,520.0,43.8166,0.4817,0.6502,646,963,565,876,215.8974
12,174.6379,3,1158.1373,623.4337,21194.0,4904.0,241.1146,0.8527,2.5678,496.0,27.4071,0.6364,0.7778,963,1256,565,876,215.8974
12,174.6379,4,1357.7208,665.2352,14021.0,0.0,192.7274,0.7522,2.3656,570.0,32.7289,0.5349,0.697,1256,1561,565,876,215.8974
12,175.0384,1,558.0163,625.1232,16631.0,2753.0,223.0015,0.7628,2.6176,525.0,37.4503,0.586,0.7389,341,646,565,876,215.8974
12,175.0384,2,851.1133,663.7147,21410.0,1475.0,207.9501,1.0,1.8219,532.0,39.3984,0.4957,0.6628,646,963,565,876,215.8974
12,175.0384,3,1162.2031,632.6761,21078.0,4034.0,213.5222,0.939,1.9768,496.0,30.997,0.5927,0.7443,963,1256,565,876,215.8974
12,175.0384,4,1348.2081,662.2519,16779.0,1443.0,194.6817,0.7614,2.3707,573.0,35.0051,0.5321,0.6946,1256,1561,565,876,215.8974
12,175.439,1,558.6592,633.71,17179.0,2824.0,215.0488,0.7764,2.5086,524.0,22.975,0.7146,0.8335,341,646,565,876,215.8974
12,175.439,2,852.3124,660.996,22663.0,1918.0,224.944,0.9965,1.8707,519.0,20.281,0.67,0.8024,646,963,565,876,215.8974
12,175.439,3,1169.07,645.6442,21805.0,3043.0,202.0601,0.992,1.6176,508.0,32.1885,0.6065,0.755,963,1256,565,876,215.8974
12,175.439,4,1347.3927,667.6736,16069.0,826.0,209.1859,0.8102,2.663,568.0,21.1976,0.7211,0.838,1256,1561,565,876,215.8974
12,175.8395,1,562.28,628.1102,16813.0,3012.0,205.7652,0.7974,2.2383,523.0,20.3493,0.7565,0.8614,341,646,565,876,215.8974
12,175.8395,2,839.0641,652.5404,21112.0,2322.0,209.2504,0.9831,1.8011,513.0,29.2327,0.6374,0.7785,646,963,565,876,215.8974
12,175.8395,3,1170.8212,635.4766,21807.0,2992.0,201.5063,0.9903,1.552,507.0,26.475,0.6854,0.8134,963,1256,565,876,215.8974
12,175.8395,4,1358.8101,691.8776,16775.0,145.0,217.789,0.8023,2.6343,564.0,19.0856,0.6875,0.8148,1256,1561,565,876,215.8974
12,176.2401,1,563.1788,619.6206,17337.0,3415.0,207.7439,0.7578,2.1053,521.0,25.5506,0.7168,0.835,341,646,565,876,215.8974
12,176.2401,2,832.0383,644.2026,25291.0,2687.0,263.9301,0.584,2.2083,521.0,41.9415,0.4554,0.6258,646,963,565,876,215.8974
12,176.2401,3,1156.4801,629.7346,22679.0,3603.0,204.5799,0.9993,1.543,498.0,29.174,0.6686,0.8014,963,1256,565,876,215.8974
12,176.2401,4,1355.6944,666.6834,16628.0,909.0,194.6354,0.8059,2.4524,570.0,23.2287,0.6713,0.8033,1256,1561,565,876,215.8974
12,176.6406,1,554.1138,632.1044,18625.0,3142.0,204.6257,0.7684,1.97,531.0,22.4507,0.7324,0.8455,341,646,565,876,215.8974
12,176.6406,2,803.2076,638.0318,23433.0,2527.0,250.1626,0.7348,2.0997,525.0,40.9202,0.4602,0.6304,646,963,565,876,215.8974
12,176.6406,3,1135.9496,624.2293,21331.0,3810.0,216.3657,0.9346,1.8265,495.0,30.3574,0.6028,0.7521,963,1256,565,876,215.8974
12,176.6406,4,1370.628,680.3266,16170.0,244.0,205.3629,0.7262,2.4727,563.0,28.7571,0.568,0.7245,1256,1561,565,876,215.8974
12,177.0412,1,558.7856,606.4298,21251.0,6510.0,216.0823,0.9017,1.794,494.0,30.2456,0.5994,0.7495,341,646,565,876,215.8974
12,177.0412,2,788.2842,664.36,24946.0,1750.0,244.9184,0.7584,2.0585,534.0,38.4469,0.4787,0.6474,646,963,565,876,215.8974
12,177.0412,3,1126.1945,626.3658,22430.0,4238.0,217.876,0.9669,1.9165,491.0,34.6145,0.5497,0.7094,963,1256,565,876,215.8974
12,177.0412,4,1363.2774,667.7406,15333.0,341.0,221.0009,0.7112,2.8367,571.0,24.3179,0.6373,0.7785,1256,1561,565,876,215.8974
12,177.4417,1,554.301,621.5532,19663.0,4112.0,199.5226,0.874,1.6203,513.0,23.9774,0.7056,0.8274,341,646,565,876,215.8974
12,177.4417,2,780.7849,673.2985,19113.0,42.0,235.4829,0.6683,2.4918,566.0,27.8573,0.5635,0.7208,646,963,565,876,215.8974
12,177.4417,3,1104.3782,638.3784,22955.0,3478.0,218.5394,0.9856,1.8765,506.0,42.6939,0.494,0.6613,963,1256,565,876,215.8974
12,177.4417,4,1370.3018,684.3306,16221.0,0.0,229.5905,0.7445,2.7866,575.0,24.3967,0.7007,0.824,1256,1561,565,876,215.8974
12,177.8423,1,557.3282,606.2537,17648.0,3876.0,186.872,0.7441,1.6683,519.0,41.604,0.4992,0.6659,341,646,565,876,215.8974
12,177.8423,2,777.0772,690.9202,19766.0,49.0,241.5213,0.7231,2.8623,563.0,31.1714,0.5743,0.7296,646,963,565,876,215.8974
12,177.8423,3,1084.6588,632.4013,22485.0,3836.0,230.442,0.8451,1.993,509.0,32.3921,0.5601,0.718,963,1256,565,876,215.8974
12,177.8423,4,1368.5016,675.3632,15505.0,295.0,213.0139,0.7069,2.7612,575.0,24.3088,0.6841,0.8124,1256,1561,565,876,215.8974
12,178.2428,1,518.8768,597.382,21712.0,6319.0,227.9307,0.7024,1.9428,486.0,38.2578,0.4639,0.6337,341,646,565,876,215.8974
12,178.2428,2,767.8905,684.1099,22759.0,766.0,241.6382,0.813,2.5457,563.0,26.9775,0.619,0.7646,646,963,565,876,215.8974
12,178.2428,3,1109.5655,618.5923,24258.0,5891.0,230.6285,0.8459,2.1949,493.0,23.7609,0.5984,0.7488,963,1256,565,876,215.8974
12,178.2428,4,1359.9669,663.9244,16369.0,530.0,198.7656,0.7535,2.3529,554.0,29.4159,0.6053,0.7541,1256,1561,565,876,215.8974
12,178.6434,1,484.6796,601.0889,22123.0,4809.0,245.7284,0.3472,2.1185,530.0,45.1272,0.478,0.6468,341,646,565,876,215.8974
12,178.6434,2,774.8186,693.615,20474.0,71.0,231.9216,0.7418,2.3378,562.0,24.1321,0.6643,0.7983,646,963,565,876,215.8974
12,178.6434,3,1124.6399,625.4313,24332.0,4862.0,239.5663,0.8436,1.957,500.0,34.9598,0.547,0.7072,963,1256,565,876,215.8974
12,178.6434,4,1363.8494,672.3649,14754.0,0.0,210.3145,0.7101,2.6515,570.0,20.9796,0.6816,0.8107,1256,1561,565,876,215.8974
12,179.0439,1,464.7945,609.9124,18581.0,3705.0,191.1214,0.4384,1.7428,538.0,34.775,0.5579,0.7162,341,646,565,876,215.8974
12,179.0439,2,752.0609,656.5801,18759.0,2117.0,234.5781,0.9443,2.3884,511.0,34.344,0.5032,0.6695,646,963,565,876,215.8974
12,179.0439,3,1128.2774,637.6609,23871.0,4260.0,250.9108,0.8288,2.1366,506.0,31.5728,0.5879,0.7405,963,1256,565,876,215.8974
12,179.0439,4,1368.055,677.5426,14795.0,49.0,219.0926,0.7035,2.9037,569.0,23.6021,0.754,0.8597,1256,1561,565,876,215.8974
12,179.4444,1,457.2201,615.4169,17509.0,3996.0,189.706,0.7585,1.8154,513.0,33.8458,0.5563,0.7149,341,646,565,876,215.8974
12,179.4444,2,733.0915,649.879,19516.0,1631.0,206.794,0.9999,1.7442,524.0,35.007,0.5126,0.6778,646,963,565,876,215.8974
12,179.4444,3,1146.5414,644.3541,24675.0,3760.0,221.1284,0.9668,1.6964,498.0,38.0169,0.4882,0.6561,963,1256,565,876,215.8974
12,179.4444,4,1353.3731,665.8513,14930.0,342.0,209.1873,0.8734,2.7018,556.0,32.6789,0.5122,0.6774,1256,1561,565,876,215.8974
12,179.845,1,445.8184,621.7283,16477.0,2688.0,212.8234,0.7442,2.4557,529.0,37.5718,0.5689,0.7252,341,646,565,876,215.8974
12,179.845,2,747.3382,662.6357,21241.0,1558.0,213.5801,0.9212,1.8753,532.0,36.0088,0.5613,0.719,646,963,565,876,215.8974
12,179.845,3,1160.2835,645.3389,27204.0,3681.0,219.4276,0.9992,1.4944,500.0,27.3852,0.6535,0.7905,963,1256,565,876,215.8974
12,179.845,4,1351.7844,657.6921,12795.0,117.0,183.7763,0.7698,2.5123,562.0,30.5006,0.5297,0.6926,1256,1561,565,876,215.8974
12,180.2455,1,453.3724,646.1197,16930.0,1385.0,215.1491,0.7734,2.4873,544.0,30.3396,0.6123,0.7595,341,646,565,876,215.8974
12,180.2455,2,766.7483,654.2544,21511.0,1811.0,219.0865,0.9679,1.9103,522.0,41.4539,0.4982,0.6651,646,963,565,876,215.8974
12,180.2455,3,1143.2554,632.4609,22524.0,3598.0,218.1736,0.9827,1.7294,495.0,28.4734,0.5886,0.741,963,1256,565,876,215.8974
12,180.2455,4,1343.5748,653.3183,11965.0,306.0,168.8701,1.0,2.0912,567.0,33.1699,0.4087,0.5802,1256,1561,565,876,215.8974
12,180.6461,1,455.1531,636.2697,17700.0,2526.0,233.2883,0.8338,2.6616,524.0,27.1206,0.6643,0.7983,341,646,565,876,215.8974
12,180.6461,2,784.9034,660.368,21758.0,1760.0,215.3227,0.9842,1.8388,520.0,36.9857,0.557,0.7155,646,963,565,876,215.8974
12,180.6461,3,1125.3979,629.9618,21613.0,3438.0,218.0709,0.9489,1.8098,499.0,33.555,0.5937,0.745,963,1256,565,876,215.8974
12,180.6461,4,1340.5562,644.4679,12446.0,233.0,144.8085,0.9954,1.4386,575.0,26.8696,0.5629,0.7203,1256,1561,565,876,215.8974
12,181.0466,1,473.2913,656.9582,18351.0,1263.0,205.194,0.8381,2.0072,545.0,37.8929,0.5046,0.6708,341,646,565,876,215.8974
12,181.0466,2,805.8829,666.306,25127.0,1519.0,237.279,0.9057,1.9772,536.0,33.4655,0.5412,0.7023,646,963,565,876,215.8974
12,181.0466,3,1112.3591,623.5214,22009.0,3704.0,217.3755,0.6814,1.8154,533.0,36.4474,0.5787,0.7332,963,1256,565,876,215.8974
12,181.0466,4,1354.2156,662.6162,14618.0,96.0,164.9785,0.9752,1.6624,568.0,31.7232,0.5225,0.6864,1256,1561,565,876,215.8974
12,181.4472,1,466.3507,623.205,14689.0,2054.0,187.8647,0.845,2.0479,538.0,27.4212,0.6284,0.7718,341,646,565,876,215.8974
12,181.4472,2,809.302,645.9911,23589.0,2029.0,241.2424,0.6765,2.0309,548.0,31.8665,0.5654,0.7224,646,963,565,876,215.8974
12,181.4472,3,1101.8109,614.3207,23700.0,5566.0,257.1352,0.7059,2.2565,495.0,28.6503,0.5941,0.7454,963,1256,565,876,215.8974
12,181.4472,4,1365.1961,692.2169,17601.0,0.0,196.324,0.9849,2.0094,569.0,24.3161,0.5785,0.733,1256,1561,565,876,215.8974
12,181.8477,1,459.4142,613.5259,12243.0,1787.0,145.6174,0.9894,1.4846,537.0,36.2218,0.5675,0.7241,341,646,565,876,215.8974
12,181.8477,2,827.387,640.8953,22204.0,2329.0,227.1855,0.8515,1.8852,513.0,35.899,0.5719,0.7277,646,963,565,876,215.8974
12,181.8477,3,1071.5414,624.0491,20640.0,3661.0,230.6369,0.8629,1.8637,507.0,41.7209,0.4978,0.6647,963,1256,565,876,215.8974
12,181.8477,4,1378.5123,675.1775,15170.0,0.0,218.3504,0.8392,2.5648,572.0,33.9249,0.5263,0.6896,1256,1561,565,876,215.8974
12,182.2483,1,464.0588,620.3523,13938.0,1940.0,159.8698,0.9482,1.5684,530.0,30.1156,0.6372,0.7784,341,646,565,876,215.8974
12,182.2483,2,841.343,661.6357,24438.0,1913.0,234.4392,0.9206,1.8876,520.0,31.617,0.5514,0.7109,646,963,565,876,215.8974
12,182.2483,3,1070.5459,647.8423,23204.0,2964.0,231.545,0.9831,1.8698,510.0,34.0558,0.6097,0.7575,963,1256,565,876,215.8974
12,182.2483,4,1386.6515,687.3344,17345.0,21.0,211.7918,0.8965,2.3633,567.0,24.5602,0.6658,0.7994,1256,1561,565,876,215.8974
12,182.6488,1,483.0051,634.5342,13552.0,759.0,167.1554,0.9119,1.6272,545.0,36.3559,0.5491,0.7089,341,646,565,876,215.8974
12,182.6488,2,856.3047,662.5386,25076.0,1977.0,231.1107,0.9544,1.7504,525.0,30.8743,0.6388,0.7796,646,963,565,876,215.8974
12,182.6488,3,1067.4262,632.246,21265.0,3770.0,209.7994,0.9993,1.7663,495.0,33.8549,0.5919,0.7437,963,1256,565,876,215.8974
12,182.6488,4,1383.978,681.7155,16621.0,14.0,204.9671,0.8558,2.3043,567.0,17.7651,0.7661,0.8676,1256,1561,565,876,215.8974
12,183.0494,1,493.8317,634.3011,14283.0,641.0,189.4641,0.7491,2.022,550.0,39.4121,0.6236,0.7682,341,646,565,876,215.8974
12,183.0494,2,863.0694,664.8226,25156.0,1944.0,232.2204,0.9826,1.6797,519.0,20.6916,0.7262,0.8414,646,963,565,876,215.8974
12,183.0494,3,1072.5162,623.1338,22994.0,5055.0,220.0888,0.9029,1.7307,486.0,36.3402,0.5538,0.7128,963,1256,565,876,215.8974
12,183.0494,4,1377.0807,669.9691,15734.0,12.0,212.3093,0.7386,2.3854,569.0,29.1286,0.6242,0.7687,1256,1561,565,876,215.8974
12,183.4499,1,500.1705,639.371,15956.0,937.0,198.6125,0.6816,2.2567,547.0,33.4333,0.6353,0.777,341,646,565,876,215.8974
12,183.4499,2,853.8867,655.5456,23263.0,1751.0,221.3929,0.9917,1.6426,520.0,25.5035,0.6783,0.8083,646,963,565,876,215.8974
12,183.4499,3,1080.3046,638.74,23626.0,4126.0,243.7559,0.8538,2.0399,508.0,30.9585,0.6209,0.7661,963,1256,565,876,215.8974
12,183.4499,4,1380.4312,675.9871,17409.0,235.0,240.9605,0.7469,3.0062,554.0,24.5443,0.6513,0.7888,1256,1561,565,876,215.8974
12,183.8504,1,525.865,619.923,16969.0,2226.0,212.8802,0.626,2.3181,542.0,29.9355,0.6296,0.7727,341,646,565,876,215.8974
12,183.8504,2,837.0831,646.8083,23175.0,2033.0,219.9819,0.8703,1.7279,521.0,34.1839,0.5524,0.7117,646,963,565,876,215.8974
12,183.8504,3,1080.3981,641.1329,24139.0,4070.0,222.573,0.9591,1.7727,497.0,29.1649,0.5721,0.7279,963,1256,565,876,215.8974
12,183.8504,4,1369.6276,680.9431,15935.0,90.0,223.9636,0.7883,2.7887,560.0,29.5109,0.5901,0.7422,1256,1561,565,876,215.8974
12,184.251,1,543.0257,619.3602,15662.0,2108.0,220.208,0.6785,2.5835,534.0,35.004,0.6865,0.8141,341,646,565,876,215.8974
12,184.251,2,829.0409,658.5345,24540.0,2107.0,234.0594,0.7954,1.9015,521.0,33.2992,0.5307,0.6934,646,963,565,876,215.8974
12,184.251,3,1061.8101,644.0061,24424.0,4360.0,227.7037,0.9783,1.7861,493.0,22.9101,0.6513,0.7888,963,1256,565,876,215.8974
12,184.251,4,1358.6149,683.005,15036.0,56.0,218.4226,0.7836,2.7468,574.0,33.6707,0.6203,0.7657,1256,1561,565,876,215.8974
12,184.6515,1,541.1711,630.4563,16281.0,1882.0,229.3047,0.6642,2.8672,535.0,29.7825,0.7301,0.844,341,646,565,876,215.8974
12,184.6515,2,798.6831,656.0591,24452.0,1692.0,244.8096,0.8323,1.8656,529.0,42.7771,0.4374,0.6086,646,963,565,876,215.8974
12,184.6515,3,1069.1014,631.616,23598.0,4995.0,248.7376,0.879,2.1005,495.0,32.5006,0.5796,0.7339,963,1256,565,876,215.8974
12,184.6515,4,1354.6317,697.1008,14074.0,0.0,212.066,0.8054,2.4967,589.0,35.543,0.6304,0.7733,1256,1561,565,876,215.8974
12,185.0521,1,547.0133,634.222,18345.0,3127.0,241.1257,0.7839,2.9495,518.0,30.4838,0.6578,0.7936,341,646,565,876,215.8974
12,185.0521,2,782.7644,673.1968,26037.0,1432.0,235.0126,0.9563,1.7329,534.0,41.13,0.5072,0.673,646,963,565,876,215.8974
12,185.0521,3,1051.1759,633.2804,23490.0,4689.0,240.8659,0.972,1.9444,494.0,31.2693,0.6192,0.7648,963,1256,565,876,215.8974
12,185.0521,4,1348.0225,696.9681,14814.0,205.0,201.7109,0.8747,2.601,579.0,29.6067,0.585,0.7382,1256,1561,565,876,215.8974
12,185.4526,1,545.4162,635.3838,17123.0,2337.0,255.0269,0.6986,3.2945,529.0,33.3336,0.6141,0.7609,341,646,565,876,215.8974
12,185.4526,2,770.9747,673.6989,27070.0,1518.0,232.8311,0.9521,1.5964,531.0,25.681,0.6462,0.7851,646,963,565,876,215.8974
12,185.4526,3,1050.966,627.2065,22339.0,5503.0,236.5706,0.9219,2.0261,489.0,28.7734,0.6219,0.7669,963,1256,565,876,215.8974
12,185.4526,4,1345.3289,655.6965,15237.0,962.0,210.8381,0.8845,2.7131,540.0,43.9152,0.4425,0.6136,1256,1561,565,876,215.8974
12,185.8532,1,555.046,627.9687,16470.0,2521.0,239.7944,0.7323,2.9649,528.0,26.6367,0.7084,0.8293,341,646,565,876,215.8974
12,185.8532,2,775.5423,660.6938,25728.0,1993.0,217.4,0.9853,1.5311,524.0,28.064,0.6556,0.792,646,963,565,876,215.8974
12,185.8532,3,1040.2145,629.8999,22307.0,5095.0,241.0348,0.9768,2.1181,486.0,29.7291,0.6026,0.752,963,1256,565,876,215.8974
12,185.8532,4,1346.6767,644.5587,15215.0,1021.0,201.8204,0.8266,2.411,540.0,27.1756,0.6607,0.7957,1256,1561,565,876,215.8974
12,186.2537,1,569.5141,618.6625,17220.0,3619.0,201.4464,0.8315,2.0682,513.0,35.8402,0.6186,0.7644,341,646,565,876,215.8974
12,186.2537,2,790.1663,664.9939,24626.0,1968.0,221.8369,0.9273,1.6595,526.0,34.0108,0.5683,0.7247,646,963,565,876,215.8974
12,186.2537,3,1039.7894,645.2042,20608.0,3780.0,237.5991,0.9107,2.4504,507.0,24.4667,0.7085,0.8294,963,1256,565,876,215.8974
12,186.2537,4,1345.3827,649.2311,17514.0,1851.0,217.6536,0.9294,2.3665,527.0,28.8735,0.6628,0.7972,1256,1561,565,876,215.8974
12,186.6543,1,570.5551,620.3621,18367.0,4380.0,196.6847,0.8578,1.9216,508.0,18.7647,0.7748,0.8731,341,646,565,876,215.8974
12,186.6543,2,822.5732,658.0007,25960.0,2338.0,246.161,0.7918,1.9034,521.0,35.7281,0.5553,0.7141,646,963,565,876,215.8974
12,186.6543,3,1037.6359,628.3811,19041.0,4665.0,237.1117,0.9323,2.4494,495.0,23.2072,0.6444,0.7837,963,1256,565,876,215.8974
12,186.6543,4,1351.2175,685.9903,16380.0,0.0,193.6564,0.8745,2.1129,569.0,29.0734,0.5712,0.7271,1256,1561,565,876,215.8974
12,187.0548,1,573.8888,622.6863,18013.0,3254.0,181.4806,0.9513,1.4858,518.0,30.3112,0.5928,0.7444,341,646,565,876,215.8974
12,187.0548,2,847.583,655.8141,23923.0,1990.0,244.2368,0.9002,1.9869,521.0,40.9149,0.4703,0.6397,646,963,565,876,215.8974
12,187.0548,3,1038.3343,643.759,18832.0,3094.0,223.0232,0.9033,2.2382,518.0,21.6912,0.6519,0.7893,963,1256,565,876,215.8974
12,187.0548,4,1347.6075,694.1013,17705.0,0.0,213.1665,0.9066,2.2883,571.0,29.1882,0.6929,0.8186,1256,1561,565,876,215.8974
12,187.4554,1,565.4124,630.2827,20451.0,3831.0,174.7585,0.9824,1.3607,513.0,30.9469,0.5646,0.7217,341,646,565,876,215.8974
12,187.4554,2,867.5916,645.1695,20657.0,2047.0,234.3525,0.9165,2.1192,517.0,31.5433,0.605,0.7539,646,963,565,876,215.8974
12,187.4554,3,1043.0565,641.8815,15216.0,2202.0,208.3072,0.8338,2.6869,535.0,22.132,0.7007,0.824,963,1256,565,876,215.8974
12,187.4554,4,1340.1553,683.409,19053.0,898.0,206.6217,0.908,2.1735,571.0,19.3031,0.6721,0.8039,1256,1561,565,876,215.8974
12,187.8559,1,544.5899,617.3011,21207.0,4067.0,192.7027,0.9265,1.4452,512.0,35.8508,0.5158,0.6806,341,646,565,876,215.8974
12,187.8559,2,875.0877,656.8493,22097.0,2648.0,229.3192,0.9913,2.0065,506.0,26.2773,0.6159,0.7623,646,963,565,876,215.8974
12,187.8559,3,1041.5232,631.1853,16392.0,2913.0,183.3036,0.9795,1.7701,515.0,33.6471,0.4967,0.6638,963,1256,565,876,215.8974
12,187.8559,4,1339.9668,656.7596,18967.0,1790.0,221.5275,0.9814,2.0893,523.0,34.3264,0.6116,0.759,1256,1561,565,876,215.8974
12,188.2564,1,520.2548,615.4408,22163.0,4663.0,231.9395,0.6477,2.0184,515.0,36.3299,0.5207,0.6849,341,646,565,876,215.8974
12,188.2564,2,868.4612,668.5206,24493.0,2811.0,232.0209,0.9938,2.0351,510.0,16.7644,0.7231,0.8393,646,963,565,876,215.8974
12,188.2564,3,1039.9579,616.8277,15675.0,3303.0,218.1031,0.9032,2.4001,509.0,29.8499,0.5586,0.7168,963,1256,565,876,215.8974
12,188.2564,4,1340.0542,649.8778,19226.0,2250.0,209.6865,0.971,1.957,518.0,28.9918,0.6849,0.813,1256,1561,565,876,215.8974
12,188.657,1,482.7765,601.1437,19851.0,4223.0,239.8581,0.4872,2.1469,514.0,33.5957,0.5522,0.7115,341,646,565,876,215.8974
12,188.657,2,864.9522,664.968,22304.0,1506.0,232.6829,0.896,2.0676,548.0,30.2643,0.5909,0.7428,646,963,565,876,215.8974
12,188.657,3,1046.4328,654.3327,18755.0,1480.0,192.1936,0.9417,1.7478,544.0,30.9874,0.5786,0.733,963,1256,565,876,215.8974
12,188.657,4,1348.5687,657.3665,17347.0,1002.0,190.6857,0.7961,2.0397,570.0,34.3943,0.5693,0.7256,1256,1561,565,876,215.8974
12,189.0575,1,461.826,600.4591,18866.0,4624.0,208.9487,0.6658,1.8441,504.0,32.9129,0.5959,0.7468,341,646,565,876,215.8974
12,189.0575,2,853.002,666.198,19714.0,691.0,227.9289,0.7868,2.4315,567.0,24.4048,0.6356,0.7772,646,963,565,876,215.8974
12,189.0575,3,1050.1627,659.0274,18006.0,1545.0,183.7388,0.991,1.7531,536.0,31.6547,0.5226,0.6864,963,1256,565,876,215.8974
12,189.0575,4,1362.2394,686.6596,14876.0,0.0,199.5511,0.7629,2.5816,570.0,27.4378,0.5629,0.7204,1256,1561,565,876,215.8974
12,189.4581,1,455.6496,614.9747,19529.0,3572.0,193.668,0.6554,1.5995,524.0,32.3761,0.6286,0.772,341,646,565,876,215.8974
12,189.4581,2,845.6555,682.6453,19796.0,414.0,219.0037,0.8501,2.428,568.0,21.7156,0.6452,0.7843,646,963,565,876,215.8974
12,189.4581,3,1055.5135,605.694,11668.0,2367.0,156.0496,0.9617,1.7536,517.0,33.1598,0.495,0.6622,963,1256,565,876,215.8974
12,189.4581,4,1356.0104,677.2537,14968.0,310.0,203.2927,0.8085,2.7532,557.0,27.3393,0.5386,0.7001,1256,1561,565,876,215.8974
12,189.8586,1,453.8421,625.5063,19793.0,3476.0,213.1959,0.6726,2.1591,526.0,27.5617,0.6802,0.8097,341,646,565,876,215.8974
12,189.8586,2,846.6186,665.6665,17329.0,596.0,201.1498,0.7424,2.2264,554.0,28.3732,0.5218,0.6857,646,963,565,876,215.8974
12,189.8586,3,1049.8445,623.4945,13845.0,1253.0,152.7294,0.664,1.5475,543.0,33.1552,0.4617,0.6318,963,1256,565,876,215.8974
12,189.8586,4,1352.219,683.477,14817.0,142.0,198.4413,0.8336,2.7018,560.0,21.3308,0.6704,0.8027,1256,1561,565,876,215.8974
12,190.2592,1,468.6465,635.5183,19594.0,2760.0,218.7739,0.5947,2.5693,554.0,24.7427,0.6608,0.7957,341,646,565,876,215.8974
12,190.2592,2,859.3778,656.4894,16192.0,673.0,214.4647,0.7887,2.5674,550.0,21.2207,0.6017,0.7513,646,963,565,876,215.8974
12,190.2592,3,1064.0117,625.2317,14042.0,1234.0,179.226,0.7404,1.8959,540.0,36.0921,0.4937,0.661,963,1256,565,876,215.8974
12,190.2592,4,1357.1761,686.1039,14286.0,193.0,209.7968,0.8156,2.8495,560.0,15.8953,0.7597,0.8634,1256,1561,565,876,215.8974
12,190.6597,1,467.2255,635.9743,19933.0,3847.0,240.3271,0.8046,2.4755,519.0,25.6568,0.6359,0.7774,341,646,565,876,215.8974
12,190.6597,2,857.6991,655.6155,14874.0,113.0,208.3179,0.7992,2.6386,569.0,21.3051,0.6425,0.7823,646,963,565,876,215.8974
12,190.6597,3,1076.1811,649.428,14614.0,490.0,169.562,0.9197,1.7445,549.0,36.838,0.4691,0.6386,963,1256,565,876,215.8974
12,190.6597,4,1357.8183,675.3649,15607.0,142.0,221.0591,0.7636,2.9298,561.0,25.9953,0.6382,0.7791,1256,1561,565,876,215.8974
12,191.0603,1,458.184,636.6117,15687.0,2217.0,177.6972,0.7824,1.9231,539.0,30.4419,0.5544,0.7134,341,646,565,876,215.8974
12,191.0603,2,861.5556,667.8887,14112.0,128.0,202.8061,0.8957,2.6488,559.0,26.3532,0.582,0.7358,646,963,565,876,215.8974
12,191.0603,3,1084.0066,666.8336,18940.0,957.0,204.9533,0.9896,1.9688,544.0,30.3901,0.5601,0.7181,963,1256,565,876,215.8974
12,191.0603,4,1361.6216,667.3987,16991.0,111.0,225.1746,0.7157,2.7086,561.0,29.46,0.6775,0.8077,1256,1561,565,876,215.8974
12,191.4608,1,433.2526,608.5569,9647.0,1449.0,142.7735,0.9334,1.7305,537.0,33.7917,0.4948,0.662,341,646,565,876,215.8974
12,191.4608,2,862.3531,663.0833,14584.0,63.0,181.4525,0.9881,1.8569,562.0,24.3534,0.6116,0.759,646,963,565,876,215.8974
12,191.4608,3,1096.4347,649.6803,17180.0,1920.0,201.3916,0.9702,2.1915,524.0,30.9874,0.514,0.679,963,1256,565,876,215.8974
12,191.4608,4,1366.9835,670.8951,17373.0,257.0,216.9435,0.8358,2.4467,557.0,31.3268,0.6126,0.7597,1256,1561,565,876,215.8974
12,191.8614,1,433.005,611.0046,10755.0,1282.0,146.4015,0.9428,1.5617,536.0,28.6348,0.6037,0.7529,341,646,565,876,215.8974
12,191.8614,2,857.7547,677.8697,15400.0,5.0,170.3963,0.9438,1.6972,566.0,28.7839,0.5579,0.7162,646,963,565,876,215.8974
12,191.8614,3,1088.364,614.7335,16733.0,3461.0,219.7832,0.9031,2.371,499.0,29.6248,0.5899,0.7421,963,1256,565,876,215.8974
12,191.8614,4,1361.3116,652.2429,14900.0,184.0,221.9812,0.684,2.7724,560.0,30.235,0.5904,0.7424,1256,1561,565,876,215.8974
12,192.2619,1,447.4424,626.3266,13144.0,947.0,154.8149,0.876,1.5809,545.0,41.6615,0.5243,0.6879,341,646,565,876,215.8974
12,192.2619,2,840.1311,666.5567,14862.0,20.0,180.1655,0.9708,1.8556,564.0,29.6171,0.5393,0.7007,646,963,565,876,215.8974
12,192.2619,3,1080.4154,646.1836,16994.0,1750.0,241.6813,0.8069,2.9994,536.0,54.1562,0.431,0.6024,963,1256,565,876,215.8974
12,192.2619,4,1368.0111,668.8814,16494.0,137.0,225.93,0.7205,2.9027,560.0,22.4623,0.7441,0.8533,1256,1561,565,876,215.8974
12,192.6625,1,464.5788,630.6028,13237.0,414.0,169.1293,0.6834,1.7632,557.0,42.3039,0.5682,0.7247,341,646,565,876,215.8974
12,192.6625,2,827.4787,677.4535,16799.0,67.0,178.6757,0.9925,1.6563,561.0,35.9229,0.5269,0.6901,646,963,565,876,215.8974
12,192.6625,3,1066.208,651.2236,16397.0,1911.0,225.2616,0.9122,2.7611,524.0,40.0495,0.5027,0.669,963,1256,565,876,215.8974
12,192.6625,4,1370.2288,680.7603,16370.0,5.0,222.4489,0.7491,2.822,572.0,27.1927,0.6711,0.8032,1256,1561,565,876,215.8974
12,193.063,1,486.2402,626.5984,17940.0,2532.0,220.4594,0.7512,2.186,533.0,39.9513,0.5191,0.6835,341,646,565,876,215.8974
12,193.063,2,803.4743,677.2768,18765.0,267.0,210.4805,0.9136,2.0825,555.0,31.1126,0.5172,0.6818,646,963,565,876,215.8974
12,193.063,3,1048.7487,654.2,18393.0,2409.0,245.7855,0.9885,2.8338,508.0,32.7744,0.5317,0.6942,963,1256,565,876,215.8974
12,193.063,4,1367.839,689.6513,16779.0,67.0,227.1657,0.8189,2.9173,562.0,24.185,0.6235,0.7681,1256,1561,565,876,215.8974
12,193.4635,1,521.4651,616.9737,16154.0,2494.0,237.0979,0.6862,2.6473,535.0,44.1915,0.5042,0.6704,341,646,565,876,215.8974
12,193.4635,2,807.5238,647.5401,17570.0,374.0,240.5566,0.6486,2.7726,554.0,40.1839,0.4923,0.6598,646,963,565,876,215.8974
12,193.4635,3,1044.5758,651.9963,18283.0,2562.0,217.4199,0.9968,2.3458,508.0,19.006,0.713,0.8325,963,1256,565,876,215.8974
12,193.4635,4,1355.4897,667.1461,14222.0,288.0,208.7009,0.8423,2.836,562.0,25.6867,0.659,0.7945,1256,1561,565,876,215.8974
12,193.8641,1,540.5805,616.4394,15946.0,2228.0,235.695,0.5919,2.9263,531.0,47.7553,0.5908,0.7428,341,646,565,876,215.8974
12,193.8641,2,821.3151,647.3909,17453.0,1148.0,240.2121,0.7186,2.9535,539.0,31.5935,0.6137,0.7606,646,963,565,876,215.8974
12,193.8641,3,1046.9129,657.4098,17759.0,1437.0,192.4632,0.9143,1.9734,535.0,33.2276,0.4896,0.6573,963,1256,565,876,215.8974
12,193.8641,4,1359.8245,672.4441,16268.0,40.0,184.9525,0.9096,1.9157,568.0,31.3832,0.6132,0.7602,1256,1561,565,876,215.8974
12,194.2646,1,562.6329,611.9084,15254.0,2859.0,206.5676,0.7289,2.4369,518.0,44.6536,0.5641,0.7213,341,646,565,876,215.8974
12,194.2646,2,840.3537,662.4024,19437.0,1656.0,254.1367,0.8538,2.9199,532.0,45.1116,0.4234,0.595,646,963,565,876,215.8974
12,194.2646,3,1056.0416,650.3317,15959.0,1076.0,200.7311,0.9157,2.118,537.0,29.0683,0.531,0.6937,963,1256,565,876,215.8974
12,194.2646,4,1359.5565,664.4763,14941.0,119.0,205.2555,0.9035,2.3855,560.0,22.8619,0.652,0.7893,1256,1561,565,876,215.8974
12,194.6652,1,570.5118,620.1051,15897.0,2900.0,207.8379,0.8024,2.3872,520.0,32.3701,0.6423,0.7822,341,646,565,876,215.8974
12,194.6652,2,841.4536,689.3051,19010.0,492.0,229.4947,0.8703,2.7185,563.0,34.7186,0.4935,0.6609,646,963,565,876,215.8974
12,194.6652,3,1073.1402,642.412,17140.0,1668.0,214.5471,0.8498,2.32,528.0,30.4842,0.5763,0.7312,963,1256,565,876,215.8974
12,194.6652,4,1368.3576,685.4822,15179.0,0.0,170.6906,0.9576,1.89,572.0,23.9087,0.6596,0.7949,1256,1561,565,876,215.8974
12,195.0657,1,565.9004,630.7431,16858.0,3002.0,212.1309,0.8239,2.3675,524.0,20.3833,0.7715,0.871,341,646,565,876,215.8974
12,195.0657,2,838.5711,698.9283,19348.0,330.0,232.6897,0.8877,2.5922,567.0,15.3604,0.8109,0.8956,646,963,565,876,215.8974
12,195.0657,3,1100.7657,626.8863,16839.0,1873.0,240.4594,0.6901,2.8303,531.0,40.3318,0.5139,0.6789,963,1256,565,876,215.8974
12,195.0657,4,1360.5356,674.002,16272.0,85.0,172.9387,0.9623,1.7616,560.0,24.2853,0.5236,0.6874,1256,1561,565,876,215.8974
12,195.4663,1,574.5858,617.5497,16703.0,3456.0,191.0973,0.899,1.8169,517.0,28.5672,0.6502,0.788,341,646,565,876,215.8974
12,195.4663,2,842.1298,677.9437,17269.0,249.0,235.6346,0.7382,2.5751,562.0,33.3067,0.5103,0.6758,646,963,565,876,215.8974
12,195.4663,3,1126.3732,647.152,19251.0,2396.0,240.8076,0.8292,2.872,517.0,34.4537,0.4772,0.6461,963,1256,565,876,215.8974
12,195.4663,4,1377.9771,658.8709,14645.0,414.0,165.9083,0.9815,1.6966,550.0,27.5168,0.4841,0.6524,1256,1561,565,876,215.8974
12,195.8668,1,566.1787,610.7871,17038.0,3940.0,175.5049,0.8615,1.4808,511.0,31.6713,0.6709,0.8031,341,646,565,876,215.8974
12,195.8668,2,850.275,667.358,18274.0,1396.0,237.2504,0.888,2.8511,536.0,38.2127,0.4665,0.6362,646,963,565,876,215.8974
12,195.8668,3,1122.1943,667.877,19596.0,1531.0,243.3605,0.8886,2.6839,539.0,31.4275,0.4421,0.6131,963,1256,565,876,215.8974
12,195.8668,4,1379.442,660.8238,15126.0,294.0,181.6562,0.9967,1.7851,552.0,30.0842,0.5085,0.6742,1256,1561,565,876,215.8974
12,196.2674,1,549.3066,613.4433,18440.0,4028.0,189.462,0.7964,1.5629,513.0,31.7716,0.6256,0.7697,341,646,565,876,215.8974
12,196.2674,2,847.0042,672.2608,18190.0,886.0,212.5439,0.8468,2.4451,549.0,22.2226,0.7016,0.8246,646,963,565,876,215.8974
12,196.2674,3,1146.3772,642.6133,19291.0,2129.0,253.7948,0.6983,3.0528,528.0,33.6296,0.466,0.6357,963,1256,565,876,215.8974
12,196.2674,4,1396.4266,673.8002,15762.0,0.0,191.6654,0.9561,1.9219,569.0,35.3078,0.5424,0.7033,1256,1561,565,876,215.8974
12,196.6679,1,546.7725,614.0185,17981.0,3677.0,174.6849,0.8971,1.4332,517.0,24.8035,0.7026,0.8253,341,646,565,876,215.8974
12,196.6679,2,836.4687,693.2392,20020.0,349.0,228.0913,0.9033,2.4369,558.0,24.6332,0.6576,0.7935,646,963,565,876,215.8974
12,196.6679,3,1157.2566,630.0706,20813.0,4680.0,249.837,0.8808,2.9187,498.0,35.7827,0.5396,0.7009,963,1256,565,876,215.8974
12,196.6679,4,1402.7081,686.1033,17559.0,27.0,198.9181,0.9063,2.1439,564.0,21.8239,0.6607,0.7957,1256,1561,565,876,215.8974
12,197.0685,1,527.2277,632.6617,18249.0,2771.0,176.5203,0.9921,1.4857,515.0,29.4594,0.586,0.7389,341,646,565,876,215.8974
12,197.0685,2,837.2027,683.7419,19765.0,501.0,255.3909,0.7814,2.9371,552.0,28.2842,0.5628,0.7203,646,963,565,876,215.8974
12,197.0685,3,1159.6952,651.6385,20710.0,2784.0,248.7176,0.8465,2.8251,517.0,24.9868,0.6449,0.7841,963,1256,565,876,215.8974
12,197.0685,4,1402.2198,648.2117,14910.0,603.0,202.8426,0.7853,2.3714,548.0,30.504,0.5158,0.6805,1256,1561,565,876,215.8974
12,197.469,1,512.6161,628.1196,17077.0,2494.0,170.4316,0.9844,1.4816,511.0,32.4786,0.5759,0.7308,341,646,565,876,215.8974
12,197.469,2,847.6033,679.1342,17733.0,457.0,227.0828,0.8356,2.7465,559.0,24.2949,0.6423,0.7822,646,963,565,876,215.8974
12,197.469,3,1160.1341,653.2416,20608.0,2938.0,249.1031,0.8639,2.8642,522.0,22.4942,0.7305,0.8442,963,1256,565,876,215.8974
12,197.469,4,1397.1433,660.1006,16061.0,330.0,183.3452,0.7379,2.0189,558.0,26.4949,0.6241,0.7685,1256,1561,565,876,215.8974
12,197.8695,1,501.0758,613.6027,18032.0,3247.0,182.6927,0.8535,1.4901,508.0,32.5208,0.5419,0.7029,341,646,565,876,215.8974
12,197.8695,2,857.5056,682.9906,15507.0,0.0,196.8134,0.9627,2.2695,567.0,33.9197,0.4911,0.6587,646,963,565,876,215.8974
12,197.8695,3,1165.2312,641.2005,21074.0,3909.0,257.7586,0.8742,2.9675,506.0,18.7355,0.7591,0.8631,963,1256,565,876,215.8974
12,197.8695,4,1383.9064,664.1718,16074.0,514.0,192.9871,0.9003,2.1744,559.0,38.259,0.4912,0.6588,1256,1561,565,876,215.8974
12,198.2701,1,483.3885,619.9257,21822.0,3887.0,228.688,0.5612,1.8774,517.0,32.8183,0.5585,0.7167,341,646,565,876,215.8974
12,198.2701,2,862.1318,694.3456,17857.0,33.0,197.451,0.9735,1.9879,564.0,23.4923,0.613,0.7601,646,963,565,876,215.8974
12,198.2701,3,1167.5351,635.1868,21015.0,4066.0,233.0174,0.9153,2.3927,505.0,23.3542,0.6976,0.8219,963,1256,565,876,215.8974
12,198.2701,4,1375.7092,687.2263,17138.0,125.0,203.5545,0.9612,2.172,558.0,27.4807,0.5547,0.7136,1256,1561,565,876,215.8974
12,198.6706,1,467.8767,622.9449,22338.0,4544.0,250.4241,0.7645,2.3573,507.0,37.575,0.5136,0.6787,341,646,565,876,215.8974
12,198.6706,2,850.8999,669.5603,16650.0,309.0,208.4079,0.9458,2.1386,552.0,25.8864,0.5815,0.7354,646,963,565,876,215.8974
12,198.6706,3,1166.9176,637.9529,22065.0,3996.0,235.7003,0.8636,2.3921,516.0,22.1494,0.7118,0.8317,963,1256,565,876,215.8974
12,198.6706,4,1370.7909,664.2527,15388.0,323.0,211.6688,0.8816,2.5854,561.0,23.3737,0.6132,0.7602,1256,1561,565,876,215.8974
12,199.0712,1,462.5533,625.223,18490.0,2885.0,220.9661,0.6676,2.0382,544.0,35.3582,0.5819,0.7357,341,646,565,876,215.8974
12,199.0712,2,840.9401,671.3641,16874.0,139.0,205.6988,0.9759,2.1339,562.0,27.7244,0.6306,0.7735,646,963,565,876,215.8974
12,199.0712,3,1148.0664,653.6551,21388.0,2383.0,238.6029,0.7895,2.6109,533.0,31.0307,0.6245,0.7688,963,1256,565,876,215.8974
12,199.0712,4,1367.6474,672.0351,18810.0,1306.0,207.879,0.9208,2.2156,537.0,25.6929,0.5802,0.7343,1256,1561,565,876,215.8974
12,199.4717,1,459.2086,636.1747,16006.0,2350.0,188.8306,0.7903,2.1484,534.0,32.1628,0.5625,0.72,341,646,565,876,215.8974
12,199.4717,2,838.6804,672.3603,16770.0,0.0,190.9268,0.8255,1.9738,565.0,40.3257,0.4039,0.5754,646,963,565,876,215.8974
12,199.4717,3,1143.907,652.5585,20770.0,2058.0,196.9136,0.8505,1.9064,531.0,24.9121,0.6081,0.7563,963,1256,565,876,215.8974
12,199.4717,4,1365.9439,665.5123,16405.0,317.0,224.8546,0.8108,2.7209,555.0,33.5588,0.5466,0.7069,1256,1561,565,876,215.8974
12,199.8723,1,430.1965,625.5861,12504.0,1826.0,153.9295,0.943,1.8579,531.0,32.4746,0.4648,0.6347,341,646,565,876,215.8974
12,199.8723,2,828.4814,655.0694,18339.0,803.0,219.1825,0.7895,2.2999,543.0,26.8419,0.5768,0.7316,646,963,565,876,215.8974
12,199.8723,3,1147.7961,633.932,15353.0,1651.0,174.0656,0.9255,1.7165,535.0,20.44,0.6032,0.7525,963,1256,565,876,215.8974
12,199.8723,4,1368.196,678.2365,16237.0,42.0,221.2757,0.7653,2.734,563.0,20.3368,0.7543,0.8599,1256,1561,565,876,215.8974
12,200.2728,1,416.4704,619.0708,10544.0,928.0,140.5711,0.9938,1.5373,545.0,29.3567,0.5247,0.6883,341,646,565,876,215.8974
12,200.2728,2,806.1696,657.0949,17163.0,340.0,197.4428,0.8917,1.99,552.0,35.9044,0.5075,0.6733,646,963,565,876,215.8974
12,200.2728,3,1154.4035,636.044,14400.0,1021.0,168.2879,0.9989,1.6341,545.0,25.6686,0.66,0.7952,963,1256,565,876,215.8974
12,200.2728,4,1369.0811,669.6992,15154.0,13.0,220.2818,0.7311,2.8823,566.0,18.1263,0.7365,0.8483,1256,1561,565,876,215.8974
12,200.6734,1,433.1597,622.5102,12350.0,1174.0,151.3495,0.9515,1.5365,546.0,41.0297,0.5392,0.7006,341,646,565,876,215.8974
12,200.6734,2,808.242,697.9436,20817.0,182.0,228.2939,0.8901,2.4512,562.0,37.9004,0.456,0.6264,646,963,565,876,215.8974
12,200.6734,3,1150.5294,663.4368,18359.0,1488.0,190.4654,0.9916,1.9192,542.0,24.6113,0.6079,0.7561,963,1256,565,876,215.8974
12,200.6734,4,1373.3011,681.1195,15864.0,29.0,216.3568,0.7519,2.7474,564.0,18.4009,0.7373,0.8488,1256,1561,565,876,215.8974
12,201.0739,1,446.807,634.2039,13926.0,517.0,159.3484,0.722,1.5669,555.0,39.2204,0.5429,0.7038,341,646,565,876,215.8974
12,201.0739,2,769.09,641.9123,19872.0,2005.0,234.0745,0.7854,2.4377,536.0,33.4817,0.4679,0.6375,646,963,565,876,215.8974
12,201.0739,3,1133.9808,656.0672,15518.0,668.0,199.4344,0.9936,2.0714,544.0,24.8477,0.623,0.7677,963,1256,565,876,215.8974
12,201.0739,4,1374.5509,688.9708,16939.0,27.0,221.8848,0.7682,2.5894,568.0,23.2781,0.6766,0.8071,1256,1561,565,876,215.8974
12,201.4745,1,474.6182,625.375,12188.0,658.0,141.1292,0.9144,1.3478,549.0,38.4856,0.5399,0.7012,341,646,565,876,215.8974
12,201.4745,2,758.9921,644.1799,17364.0,1538.0,213.5431,0.8754,2.3319,531.0,35.0104,0.577,0.7318,646,963,565,876,215.8974
12,201.4745,3,1130.4918,647.5604,15875.0,1209.0,201.9479,0.9918,2.0983,534.0,29.7124,0.6365,0.7779,963,1256,565,876,215.8974
12,201.4745,4,1363.791,683.1942,14698.0,0.0,237.9983,0.7421,3.1208,577.0,35.4465,0.6029,0.7523,1256,1561,565,876,215.8974
12,201.875,1,479.8551,626.0748,12768.0,652.0,158.6324,0.7415,1.6277,554.0,30.0801,0.7017,0.8247,341,646,565,876,215.8974
12,201.875,2,745.8265,650.0133,16903.0,1121.0,230.7687,0.8687,2.6962,544.0,40.6031,0.5623,0.7198,646,963,565,876,215.8974
12,201.875,3,1116.0933,647.8967,16540.0,1377.0,196.0669,0.9818,1.9899,528.0,27.8105,0.6229,0.7677,963,1256,565,876,215.8974
12,201.875,4,1355.2894,681.5762,16773.0,615.0,235.2591,0.8788,3.0299,545.0,35.0866,0.5277,0.6909,1256,1561,565,876,215.8974
12,202.2755,1,485.8205,626.0409,15322.0,1891.0,187.117,0.8225,1.9457,532.0,28.555,0.6476,0.7861,341,646,565,876,215.8974
12,202.2755,2,753.4246,672.3015,21430.0,1701.0,225.2269,0.9638,2.0936,533.0,27.0041,0.5928,0.7444,646,963,565,876,215.8974
12,202.2755,3,1104.7874,659.0918,18243.0,1622.0,215.3851,0.9712,2.2473,525.0,23.0593,0.6606,0.7956,963,1256,565,876,215.8974
12,202.2755,4,1345.2319,664.7009,15004.0,647.0,207.9694,0.8723,2.7647,545.0,23.6017,0.7063,0.8279,1256,1561,565,876,215.8974
12,202.6761,1,497.5372,632.7138,15760.0,1175.0,189.8495,0.7562,1.843,542.0,31.6977,0.6154,0.7619,341,646,565,876,215.8974
12,202.6761,2,759.4994,652.1575,20819.0,2503.0,205.1303,0.9993,1.7594,514.0,39.2491,0.5366,0.6984,646,963,565,876,215.8974
12,202.6761,3,1107.9844,661.5507,18663.0,1655.0,215.0389,0.9502,2.2656,524.0,24.5486,0.6435,0.7831,963,1256,565,876,215.8974
12,202.6761,4,1349.047,668.4368,15461.0,960.0,232.1822,0.8802,3.1386,537.0,26.8782,0.6405,0.7808,1256,1561,565,876,215.8974
12,203.0766,1,531.7076,616.9836,16166.0,2036.0,241.4677,0.562,2.9275,535.0,44.5277,0.4986,0.6654,341,646,565,876,215.8974
12,203.0766,2,776.9979,647.9341,20130.0,1801.0,181.5354,0.9927,1.4305,530.0,40.7583,0.5122,0.6774,646,963,565,876,215.8974
12,203.0766,3,1118.571,641.7331,17730.0,1939.0,225.0905,0.8163,2.5289,539.0,33.3065,0.509,0.6746,963,1256,565,876,215.8974
12,203.0766,4,1352.6762,673.1195,15887.0,460.0,228.805,0.8251,2.9117,551.0,25.1814,0.6849,0.813,1256,1561,565,876,215.8974
12,203.4772,1,550.1998,614.0174,16400.0,3072.0,228.6328,0.7062,2.7319,515.0,40.2476,0.6019,0.7515,341,646,565,876,215.8974
12,203.4772,2,797.6079,648.7463,22369.0,2083.0,194.633,0.8742,1.6908,533.0,32.9629,0.516,0.6808,646,963,565,876,215.8974
12,203.4772,3,1121.9422,658.4231,17791.0,1241.0,222.5511,0.8728,2.484,543.0,30.9119,0.5875,0.7401,963,1256,565,876,215.8974
12,203.4772,4,1360.418,671.5701,20608.0,1894.0,237.5457,0.944,2.5601,535.0,42.3899,0.4883,0.6561,1256,1561,565,876,215.8974
12,203.8777,1,564.8384,617.294,15498.0,2465.0,210.4893,0.7459,2.5258,521.0,44.383,0.5863,0.7392,341,646,565,876,215.8974
12,203.8777,2,814.1798,641.7309,22686.0,2126.0,217.4203,0.8125,1.7626,533.0,35.0534,0.4914,0.659,646,963,565,876,215.8974
12,203.8777,3,1139.0363,666.936,20955.0,1677.0,263.9983,0.7797,3.2897,536.0,30.8974,0.5382,0.6998,963,1256,565,876,215.8974
12,203.8777,4,1362.1483,633.7024,16464.0,1486.0,207.4015,0.7566,2.2845,532.0,37.9782,0.5094,0.675,1256,1561,565,876,215.8974
12,204.2783,1,572.4533,624.9357,15559.0,2680.0,199.5955,0.8382,2.2303,525.0,34.3536,0.6154,0.7619,341,646,565,876,215.8974
12,204.2783,2,839.179,634.1236,22699.0,3028.0,225.5113,0.6981,1.8988,529.0,35.5442,0.5792,0.7335,646,963,565,876,215.8974
12,204.2783,3,1153.6222,648.262,20086.0,2974.0,256.2842,0.8436,3.061,516.0,26.4604,0.6591,0.7945,963,1256,565,876,215.8974
12,204.2783,4,1366.7771,641.6995,18523.0,1192.0,216.9553,0.6804,2.3339,540.0,29.0737,0.6644,0.7984,1256,1561,565,876,215.8974
12,204.6788,1,574.2874,619.4418,16242.0,3143.0,194.9936,0.8498,1.9797,522.0,24.8738,0.7009,0.8241,341,646,565,876,215.8974
12,204.6788,2,850.4524,663.6198,20255.0,1546.0,220.4996,0.8401,2.3799,536.0,34.9952,0.4395,0.6106,646,963,565,876,215.8974
12,204.6788,3,1157.9933,656.4997,21005.0,2924.0,260.9615,0.8706,3.113,520.0,25.6553,0.6848,0.8129,963,1256,565,876,215.8974
12,204.6788,4,1353.0996,643.4299,16900.0,1712.0,231.6342,0.8467,2.6593,529.0,40.2753,0.5305,0.6932,1256,1561,565,876,215.8974
12,205.0794,1,561.5061,624.0238,18805.0,3429.0,194.9754,0.8536,1.7058,518.0,30.1765,0.6561,0.7923,341,646,565,876,215.8974
12,205.0794,2,854.081,684.111,18875.0,354.0,214.8495,0.8321,2.5375,562.0,30.3936,0.5097,0.6752,646,963,565,876,215.8974
12,205.0794,3,1164.165,653.3678,18986.0,2279.0,239.6341,0.8437,2.8199,524.0,23.9487,0.7151,0.8339,963,1256,565,876,215.8974
12,205.0794,4,1354.0292,664.2494,16265.0,541.0,233.9054,0.8197,2.8068,552.0,40.3216,0.5803,0.7344,1256,1561,565,876,215.8974
12,205.4799,1,558.3596,620.0911,19469.0,3938.0,189.3335,0.8402,1.4998,516.0,28.5885,0.6462,0.7851,341,646,565,876,215.8974
12,205.4799,2,866.3936,675.8229,16902.0,170.0,194.8609,0.9691,1.9872,557.0,27.8422,0.4865,0.6546,646,963,565,876,215.8974
12,205.4799,3,1173.0031,641.4993,19834.0,3622.0,253.2704,0.8923,2.9171,502.0,26.4306,0.6779,0.808,963,1256,565,876,215.8974
12,205.4799,4,1355.4968,699.2958,15895.0,0.0,223.2201,0.8339,2.6712,581.0,37.0897,0.4985,0.6653,1256,1561,565,876,215.8974
12,205.8805,1,542.8651,622.2587,18995.0,3878.0,173.3453,0.982,1.3804,513.0,30.5762,0.6077,0.756,341,646,565,876,215.8974
12,205.8805,2,846.6204,653.4281,17652.0,381.0,178.86,0.9337,1.5946,554.0,33.0641,0.4647,0.6345,646,963,565,876,215.8974
12,205.8805,3,1176.0842,656.0943,21135.0,3573.0,261.6024,0.9429,3.0018,512.0,27.9668,0.6647,0.7986,963,1256,565,876,215.8974
12,205.8805,4,1356.7939,691.3258,15278.0,297.0,200.3468,0.8137,2.5523,576.0,26.6353,0.6806,0.8099,1256,1561,565,876,215.8974
12,206.281,1,527.6563,619.8172,16611.0,2659.0,166.3084,0.9932,1.4262,513.0,30.5962,0.563,0.7204,341,646,565,876,215.8974
12,206.281,2,841.9087,637.0878,15332.0,557.0,155.8613,0.9916,1.3067,556.0,30.226,0.5754,0.7305,646,963,565,876,215.8974
12,206.281,3,1174.8688,647.422,19324.0,2796.0,215.5387,0.9657,2.1493,512.0,27.0348,0.6382,0.7792,963,1256,565,876,215.8974
12,206.281,4,1345.6892,666.8031,13141.0,523.0,207.4881,0.8112,2.8456,550.0,29.4904,0.5654,0.7224,1256,1561,565,876,215.8974
12,206.6815,1,512.7195,629.8686,18138.0,2749.0,172.5891,0.9993,1.453,509.0,33.2302,0.5618,0.7194,341,646,565,876,215.8974
12,206.6815,2,825.343,650.5071,15579.0,402.0,169.541,0.9715,1.5908,552.0,31.7515,0.5875,0.7401,646,963,565,876,215.8974
12,206.6815,3,1170.9168,633.4597,21826.0,4312.0,238.229,0.9096,2.385,499.0,29.8014,0.6191,0.7647,963,1256,565,876,215.8974
12,206.6815,4,1343.2032,660.4446,14476.0,651.0,210.3927,0.8785,2.7936,545.0,26.272,0.6684,0.8012,1256,1561,565,876,215.8974
12,207.0821,1,494.4085,638.9328,19454.0,2645.0,182.2907,0.9958,1.5498,514.0,30.9146,0.5679,0.7244,341,646,565,876,215.8974
12,207.0821,2,812.0592,683.0174,17740.0,16.0,179.5223,0.9735,1.6945,564.0,37.6728,0.4897,0.6575,646,963,565,876,215.8974
12,207.0821,3,1155.7891,655.7201,20565.0,2056.0,242.0859,0.8099,2.6872,536.0,30.8507,0.5826,0.7363,963,1256,565,876,215.8974
12,207.0821,4,1348.1332,654.0634,14747.0,897.0,222.9395,0.8254,2.8336,543.0,30.0401,0.6472,0.7858,1256,1561,565,876,215.8974
12,207.4826,1,492.0461,627.9203,22734.0,3586.0,229.8055,0.6793,1.887,513.0,37.4474,0.4742,0.6434,341,646,565,876,215.8974
12,207.4826,2,792.3748,663.9465,16146.0,245.0,195.634,0.9121,2.0184,568.0,31.4294,0.5632,0.7205,646,963,565,876,215.8974
12,207.4826,3,1156.7633,665.6651,21384.0,2304.0,228.6295,0.9536,2.3809,525.0,29.767,0.5855,0.7386,963,1256,565,876,215.8974
12,207.4826,4,1355.3315,667.6153,16797.0,666.0,225.2191,0.8519,2.7313,550.0,18.2863,0.7799,0.8764,1256,1561,565,876,215.8974
12,207.8832,1,470.6773,620.9286,22547.0,4643.0,231.5173,0.6947,1.9203,507.0,29.4302,0.5846,0.7378,341,646,565,876,215.8974
12,207.8832,2,796.4949,694.9824,19233.0,98.0,197.0033,0.9705,1.8605,559.0,29.6857,0.5572,0.7157,646,963,565,876,215.8974
12,207.8832,3,1157.9242,615.2463,14098.0,2390.0,166.0836,0.8872,1.7283,542.0,28.3579,0.5029,0.6692,963,1256,565,876,215.8974
12,207.8832,4,1346.4152,651.6606,16814.0,1118.0,225.1148,0.8516,2.5554,534.0,24.5223,0.6927,0.8184,1256,1561,565,876,215.8974
12,208.2837,1,467.4028,614.9969,18839.0,3625.0,214.2671,0.6017,2.011,533.0,30.7196,0.6059,0.7546,341,646,565,876,215.8974
12,208.2837,2,774.5608,655.4232,19120.0,1888.0,234.2194,0.9906,2.2728,534.0,26.3088,0.5792,0.7335,646,963,565,876,215.8974
12,208.2837,3,1162.4391,644.8003,19224.0,2048.0,194.2004,0.9409,1.8934,527.0,28.9837,0.5663,0.7231,963,1256,565,876,215.8974
12,208.2837,4,1349.9624,652.7033,16951.0,968.0,204.7202,0.8751,2.2191,543.0,22.3487,0.7081,0.8291,1256,1561,565,876,215.8974
12,208.6843,1,447.2506,614.1814,14437.0,2847.0,158.9946,0.8114,1.6034,528.0,34.4834,0.5156,0.6804,341,646,565,876,215.8974
12,208.6843,2,769.9884,674.3761,17618.0,517.0,223.9648,0.9623,2.3855,549.0,28.1595,0.6729,0.8045,646,963,565,876,215.8974
12,208.6843,3,1143.8936,678.6183,23116.0,1042.0,245.8827,0.8521,2.4985,551.0,35.5029,0.5275,0.6906,963,1256,565,876,215.8974
12,208.6843,4,1345.5043,661.9123,16903.0,1165.0,197.8764,0.9407,2.1798,539.0,34.3066,0.5679,0.7244,1256,1561,565,876,215.8974
12,209.0848,1,437.9252,622.6406,10576.0,1387.0,131.683,0.8997,1.6237,540.0,32.1491,0.4711,0.6405,341,646,565,876,215.8974
12,209.0848,2,772.4613,698.8482,18279.0,184.0,195.7057,0.9829,2.0034,568.0,26.1507,0.6252,0.7694,646,963,565,876,215.8974
12,209.0848,3,1127.3118,658.303,20262.0,2089.0,217.4745,0.8615,2.4011,533.0,38.5634,0.4501,0.6208,963,1256,565,876,215.8974
12,209.0848,4,1334.8992,667.2648,15296.0,846.0,193.5824,0.9586,2.1717,546.0,32.7471,0.6405,0.7808,1256,1561,565,876,215.8974
12,209.4854,1,427.7644,618.6642,10501.0,929.0,131.2414,0.9957,1.4674,549.0,28.3912,0.5572,0.7157,341,646,565,876,215.8974
12,209.4854,2,763.6,664.6236,17595.0,285.0,223.5995,0.8502,2.412,555.0,32.5102,0.5299,0.6928,646,963,565,876,215.8974
12,209.4854,3,1117.0789,617.4249,17061.0,2725.0,201.2996,0.8302,1.9505,508.0,26.6713,0.4864,0.6544,963,1256,565,876,215.8974
12,209.4854,4,1324.2106,678.1728,17503.0,889.0,207.305,0.9963,2.2147,537.0,25.96,0.5796,0.7339,1256,1561,565,876,215.8974
12,209.8859,1,436.3589,621.7592,12553.0,1167.0,150.0765,0.8336,1.5244,548.0,36.3893,0.5605,0.7184,341,646,565,876,215.8974
12,209.8859,2,759.0833,652.7595,17851.0,788.0,226.6682,0.8441,2.4592,546.0,23.1466,0.761,0.8643,646,963,565,876,215.8974
12,209.8859,3,1103.2757,646.4694,18446.0,1260.0,229.3823,0.6704,2.4701,550.0,40.2548,0.4763,0.6453,963,1256,565,876,215.8974
12,209.8859,4,1330.2735,641.4571,16057.0,1316.0,178.2857,0.9794,1.6856,531.0,35.2624,0.5517,0.7111,1256,1561,565,876,215.8974
12,210.2865,1,462.5212,621.5525,12182.0,754.0,145.048,0.8773,1.3903,549.0,37.876,0.5356,0.6976,341,646,565,876,215.8974
12,210.2865,2,760.5847,664.1313,19737.0,1759.0,235.6601,0.9046,2.5077,535.0,28.2204,0.6393,0.78,646,963,565,876,215.8974
12,210.2865,3,1101.1995,650.8843,21817.0,2914.0,277.2643,0.8679,2.555,520.0,33.0362,0.5399,0.7012,963,1256,565,876,215.8974
12,210.2865,4,1352.2453,626.363,18429.0,2317.0,193.24,0.779,1.7224,529.0,32.6836,0.5824,0.7361,1256,1561,565,876,215.8974
12,210.687,1,464.6948,634.1325,13921.0,734.0,148.5932,0.8213,1.4657,551.0,31.4807,0.6768,0.8073,341,646,565,876,215.8974
12,210.687,2,747.7106,664.029,18312.0,1049.0,232.4555,0.8809,2.5926,538.0,23.3581,0.6527,0.7899,646,963,565,876,215.8974
12,210.687,3,1092.2384,651.3498,20033.0,2092.0,213.3267,0.7699,2.1074,540.0,31.0226,0.5708,0.7268,963,1256,565,876,215.8974
12,210.687,4,1363.9211,631.9243,19785.0,1161.0,220.7935,0.4331,2.0407,555.0,33.8364,0.5981,0.7485,1256,1561,565,876,215.8974
12,211.0876,1,480.8811,622.8123,14975.0,1035.0,177.9996,0.6436,1.7405,553.0,32.9084,0.6631,0.7974,341,646,565,876,215.8974
12,211.0876,2,758.472,678.2482,18349.0,522.0,225.1598,0.8354,2.5838,569.0,25.6453,0.6443,0.7837,646,963,565,876,215.8974
12,211.0876,3,1122.4928,634.1874,20886.0,2308.0,211.5075,0.5415,2.207,537.0,30.1156,0.4668,0.6365,963,1256,565,876,215.8974
12,211.0876,4,1372.8642,636.0354,19612.0,714.0,224.4796,0.5035,2.1733,562.0,30.5344,0.6331,0.7753,1256,1561,565,876,215.8974
12,211.4881,1,496.2022,619.3889,12516.0,837.0,152.2058,0.7782,1.4895,548.0,32.1303,0.6605,0.7955,341,646,565,876,215.8974
12,211.4881,2,760.7093,671.3125,18015.0,685.0,254.9765,0.8764,3.0385,546.0,20.5328,0.7613,0.8645,646,963,565,876,215.8974
12,211.4881,3,1129.5193,619.0557,22872.0,5513.0,248.1742,0.7728,2.2071,510.0,28.9449,0.5612,0.7189,963,1256,565,876,215.8974
12,211.4881,4,1401.0387,622.492,21565.0,2562.0,229.1377,0.615,1.9945,535.0,30.8118,0.6294,0.7726,1256,1561,565,876,215.8974
12,211.8886,1,506.2555,618.6331,13092.0,1088.0,170.6044,0.6988,1.8548,547.0,28.5443,0.7143,0.8333,341,646,565,876,215.8974
12,211.8886,2,756.0153,642.8423,17143.0,1624.0,221.3679,0.8435,2.4758,525.0,37.0401,0.5719,0.7277,646,963,565,876,215.8974
12,211.8886,3,1137.9732,641.1674,20209.0,1730.0,230.0237,0.7392,2.4075,544.0,36.4156,0.5076,0.6734,963,1256,565,876,215.8974
12,211.8886,4,1414.1895,640.3484,19386.0,1076.0,243.4471,0.6447,2.5817,544.0,37.7843,0.5399,0.7012,1256,1561,565,876,215.8974
12,212.2892,1,515.1379,625.8415,13435.0,925.0,166.3736,0.7441,1.767,549.0,27.428,0.7026,0.8253,341,646,565,876,215.8974
12,212.2892,2,753.0998,655.2503,15727.0,903.0,197.8982,0.8657,2.3381,539.0,27.6723,0.6246,0.7689,646,963,565,876,215.8974
12,212.2892,3,1143.5175,664.2442,21210.0,1190.0,242.2836,0.7619,2.626,544.0,35.9866,0.5243,0.6879,963,1256,565,876,215.8974
12,212.2892,4,1419.3645,666.5299,17844.0,226.0,225.2386,0.629,2.5489,576.0,40.1316,0.4644,0.6342,1256,1561,565,876,215.8974
12,212.6897,1,528.0801,618.9624,15352.0,2054.0,201.0065,0.6428,2.2887,548.0,26.2524,0.6675,0.8006,341,646,565,876,215.8974
12,212.6897,2,738.7296,665.4699,16366.0,495.0,187.4042,0.9833,1.8382,554.0,32.5291,0.5004,0.6671,646,963,565,876,215.8974
12,212.6897,3,1143.9095,680.5194,22359.0,1196.0,249.8056,0.8378,2.862,543.0,25.7673,0.6112,0.7587,963,1256,565,876,215.8974
12,212.6897,4,1421.7481,672.7113,18747.0,185.0,211.0425,0.7425,2.2386,570.0,29.5422,0.6748,0.8058,1256,1561,565,876,215.8974
12,213.0903,1,526.7015,635.079,18922.0,3445.0,255.8,0.8,2.9489,520.0,34.6823,0.5532,0.7124,341,646,565,876,215.8974
12,213.0903,2,742.9257,655.1862,15152.0,343.0,162.6012,1.0,1.4666,558.0,31.8848,0.5796,0.7339,646,963,565,876,215.8974
12,213.0903,3,1160.2207,663.006,20077.0,1655.0,231.9611,0.8723,2.6455,535.0,24.6413,0.6676,0.8007,963,1256,565,876,215.8974
12,213.0903,4,1432.2245,655.9823,16653.0,296.0,198.1137,0.7469,1.9807,562.0,30.84,0.5749,0.7301,1256,1561,565,876,215.8974
12,213.4908,1,538.8799,629.6836,16213.0,1775.0,262.3232,0.6304,3.4914,533.0,41.4736,0.5405,0.7017,341,646,565,876,215.8974
12,213.4908,2,751.3355,663.6542,18272.0,1114.0,208.6598,0.9841,2.1475,535.0,30.8051,0.5745,0.7297,646,963,565,876,215.8974
12,213.4908,3,1163.6879,651.5092,19276.0,2250.0,221.1032,0.847,2.5234,532.0,23.6899,0.6914,0.8176,963,1256,565,876,215.8974
12,213.4908,4,1422.8487,653.2798,16406.0,0.0,162.2874,0.8966,1.3896,568.0,27.5164,0.5796,0.7338,1256,1561,565,876,215.8974
12,213.8914,1,556.6565,617.2418,16287.0,3020.0,218.6012,0.7202,2.5613,522.0,36.7205,0.5987,0.749,341,646,565,876,215.8974
12,213.8914,2,752.6095,673.0523,16228.0,116.0,197.5536,0.9976,1.977,561.0,28.6406,0.6044,0.7534,646,963,565,876,215.8974
12,213.8914,3,1162.0747,635.1237,18686.0,2456.0,189.4154,0.8657,1.799,525.0,28.1467,0.6266,0.7705,963,1256,565,876,215.8974
12,213.8914,4,1401.0121,670.6492,18074.0,158.0,184.8105,0.9539,1.6353,558.0,33.7285,0.5217,0.6857,1256,1561,565,876,215.8974
12,214.2919,1,576.4517,611.9133,15673.0,3670.0,178.2432,0.902,1.7899,509.0,41.2875,0.5268,0.6901,341,646,565,876,215.8974
12,214.2919,2,771.6569,674.313,16372.0,67.0,200.8992,0.9977,2.0451,561.0,37.7565,0.5403,0.7015,646,963,565,876,215.8974
12,214.2919,3,1166.0208,607.4866,25265.0,9134.0,205.5729,0.998,1.5701,491.0,32.0727,0.511,0.6764,963,1256,565,876,215.8974
12,214.2919,4,1392.1303,670.4587,16904.0,24.0,167.8034,0.9872,1.5017,563.0,28.6745,0.5452,0.7057,1256,1561,565,876,215.8974
12,214.6925,1,587.5075,610.2031,14153.0,3304.0,156.127,0.9938,1.3962,513.0,38.3237,0.5427,0.7035,341,646,565,876,215.8974
12,214.6925,2,784.7986,657.5109,18874.0,982.0,212.631,0.9984,1.9782,544.0,33.3133,0.5461,0.7064,646,963,565,876,215.8974
12,214.6925,3,1164.7273,639.4693,20970.0,3092.0,177.4,0.9941,1.4433,518.0,24.3085,0.5604,0.7183,963,1256,565,876,215.8974
12,214.6925,4,1379.8043,652.1421,16145.0,199.0,174.8723,0.9788,1.6643,559.0,29.6255,0.5609,0.7187,1256,1561,565,876,215.8974
12,215.093,1,581.9866,608.0963,16815.0,3240.0,166.3678,0.8666,1.2618,515.0,31.5859,0.6082,0.7564,341,646,565,876,215.8974
12,215.093,2,789.458,675.7281,18767.0,380.0,195.5746,0.9469,1.8766,557.0,30.3694,0.5593,0.7174,646,963,565,876,215.8974
12,215.093,3,1167.6302,642.2488,24297.0,3757.0,207.5621,0.9881,1.6293,508.0,25.8613,0.6345,0.7764,963,1256,565,876,215.8974
12,215.093,4,1368.9774,675.6324,16013.0,0.0,176.5243,0.9982,1.6428,569.0,32.1543,0.519,0.6833,1256,1561,565,876,215.8974
12,215.4936,1,561.1118,618.9234,18230.0,2619.0,188.1268,0.7533,1.6276,514.0,35.8679,0.5406,0.7018,341,646,565,876,215.8974
12,215.4936,2,798.6698,682.1406,17652.0,192.0,226.1215,0.9568,2.3759,567.0,28.1584,0.6326,0.775,646,963,565,876,215.8974
12,215.4936,3,1166.7687,640.9451,22987.0,2668.0,194.8038,0.9966,1.3996,517.0,23.3885,0.6985,0.8225,963,1256,565,876,215.8974
12,215.4936,4,1362.7985,701.1024,20168.0,0.0,200.183,0.9327,1.9561,569.0,28.2791,0.4988,0.6656,1256,1561,565,876,215.8974
12,215.8941,1,524.4871,611.4667,19630.0,3488.0,199.5149,0.7154,1.631,514.0,38.8237,0.4827,0.6511,341,646,565,876,215.8974
12,215.8941,2,788.8526,681.8544,16158.0,0.0,197.8477,0.9969,1.987,567.0,27.6152,0.6584,0.794,646,963,565,876,215.8974
12,215.8941,3,1156.7197,621.1806,21726.0,3307.0,202.6648,0.7534,1.597,520.0,29.2941,0.6233,0.7679,963,1256,565,876,215.8974
12,215.8941,4,1369.27,667.3865,17124.0,0.0,188.4448,0.8493,1.7893,569.0,26.5193,0.5012,0.6678,1256,1561,565,876,215.8974
12,216.2946,1,504.491,609.8358,20299.0,3939.0,208.8619,0.6555,1.7058,509.0,36.2723,0.5535,0.7126,341,646,565,876,215.8974
12,216.2946,2,780.8953,662.4203,16846.0,416.0,206.4069,0.9005,2.1499,554.0,31.4632,0.6285,0.7719,646,963,565,876,215.8974
12,216.2946,3,1142.8552,611.3162,24775.0,6061.0,277.5155,0.6982,2.5053,500.0,28.0389,0.6115,0.759,963,1256,565,876,215.8974
12,216.2946,4,1382.4266,660.0043,19166.0,0.0,229.9712,0.6124,2.4644,570.0,35.0757,0.5705,0.7265,1256,1561,565,876,215.8974
12,216.6952,1,477.3994,612.4359,20418.0,3507.0,216.0463,0.4526,1.8199,538.0,36.9003,0.5496,0.7093,341,646,565,876,215.8974
12,216.6952,2,772.3165,657.2767,19742.0,1376.0,246.2741,0.8734,2.5098,538.0,28.2492,0.7089,0.8297,646,963,565,876,215.8974
12,216.6952,3,1116.876,616.5957,24157.0,4378.0,240.4225,0.4762,2.0876,537.0,40.4005,0.523,0.6868,963,1256,565,876,215.8974
12,216.6952,4,1403.0301,641.5858,16593.0,500.0,240.4756,0.6452,2.8649,552.0,29.6721,0.6455,0.7845,1256,1561,565,876,215.8974
12,217.0957,1,470.59,619.3737,21497.0,3800.0,210.5756,0.6596,1.696,523.0,32.3474,0.6175,0.7635,341,646,565,876,215.8974
12,217.0957,2,766.2575,673.7623,18393.0,593.0,235.6759,0.8777,2.7024,548.0,36.3222,0.5874,0.7401,646,963,565,876,215.8974
12,217.0957,3,1086.3762,619.9121,21327.0,3473.0,232.6374,0.4643,2.5472,550.0,34.3789,0.5175,0.682,963,1256,565,876,215.8974
12,217.0957,4,1409.0217,647.2608,19035.0,224.0,217.7941,0.5604,2.188,569.0,32.4893,0.6007,0.7505,1256,1561,565,876,215.8974
12,217.4963,1,463.1614,630.0833,20851.0,3646.0,212.3269,0.685,1.8543,525.0,26.3736,0.6455,0.7846,341,646,565,876,215.8974
12,217.4963,2,761.7488,687.8914,20022.0,788.0,239.6768,0.9641,2.6249,541.0,34.8627,0.5727,0.7283,646,963,565,876,215.8974
12,217.4963,3,1079.8821,623.3929,20354.0,3550.0,223.9251,0.6522,2.4614,529.0,31.6163,0.5016,0.6681,963,1256,565,876,215.8974
12,217.4963,4,1413.0078,642.9304,18219.0,254.0,231.3359,0.6324,2.4688,562.0,26.6368,0.6824,0.8112,1256,1561,565,876,215.8974
12,217.8968,1,463.0594,634.3895,19642.0,3251.0,204.0706,0.6735,1.9553,531.0,18.5756,0.7539,0.8597,341,646,565,876,215.8974
12,217.8968,2,760.7183,692.5484,21020.0,521.0,243.8364,0.9469,2.5251,549.0,23.8712,0.7685,0.8691,646,963,565,876,215.8974
12,217.8968,3,1057.3065,629.761,18110.0,2932.0,226.6568,0.7338,2.5267,526.0,25.025,0.591,0.7429,963,1256,565,876,215.8974
12,217.8968,4,1409.7774,659.4886,18681.0,234.0,233.9823,0.7507,2.458,556.0,30.4099,0.6504,0.7882,1256,1561,565,876,215.8974
12,218.2974,1,453.6544,615.9886,16715.0,3231.0,200.8431,0.7095,2.1144,530.0,18.8327,0.7095,0.83,341,646,565,876,215.8974
12,218.2974,2,761.452,665.8077,19702.0,954.0,238.5161,0.8053,2.5803,548.0,39.3404,0.5366,0.6984,646,963,565,876,215.8974
12,218.2974,3,1050.5323,615.7268,21794.0,6077.0,268.3793,0.87,2.8159,495.0,27.4146,0.6493,0.7873,963,1256,565,876,215.8974
12,218.2974,4,1398.0056,687.7737,18146.0,0.0,230.2008,0.7298,2.4685,595.0,28.7158,0.6125,0.7597,1256,1561,565,876,215.8974
12,218.6979,1,456.8468,620.7289,15629.0,2434.0,183.1037,0.7189,1.9652,539.0,19.0881,0.7552,0.8605,341,646,565,876,215.8974
12,218.6979,2,771.6449,660.0796,20179.0,1213.0,239.4664,0.7733,2.5628,541.0,27.4101,0.6236,0.7682,646,963,565,876,215.8974
12,218.6979,3,1055.8745,632.0632,19666.0,3933.0,217.4167,0.9374,2.1136,512.0,30.3074,0.5872,0.7399,963,1256,565,876,215.8974
12,218.6979,4,1401.2621,693.7213,17318.0,0.0,252.3164,0.5105,3.0128,610.0,44.647,0.5139,0.6789,1256,1561,565,876,215.8974
12,219.0985,1,442.8265,606.7282,11923.0,1936.0,162.3419,0.7826,1.8824,537.0,25.0928,0.6846,0.8128,341,646,565,876,215.8974
12,219.0985,2,774.8529,665.0636,21024.0,1881.0,234.654,0.9222,2.3723,533.0,30.1142,0.6372,0.7784,646,963,565,876,215.8974
12,219.0985,3,1047.0875,629.265,16967.0,2748.0,208.8201,0.9154,2.1295,518.0,24.6455,0.6929,0.8186,963,1256,565,876,215.8974
12,219.0985,4,1416.1317,708.6493,18096.0,0.0,215.9831,0.7141,2.358,599.0,43.5044,0.4647,0.6346,1256,1561,565,876,215.8974
12,219.499,1,452.6412,627.2998,12874.0,1163.0,157.3133,0.8967,1.7487,542.0,23.2454,0.6886,0.8156,341,646,565,876,215.8974
12,219.499,2,763.2633,659.3349,21280.0,1435.0,215.8606,0.9372,1.8268,534.0,27.4761,0.6478,0.7863,646,963,565,876,215.8974
12,219.499,3,1040.9116,634.8871,18030.0,3089.0,202.2783,0.9552,1.9512,516.0,25.8272,0.726,0.8413,963,1256,565,876,215.8974
12,219.499,4,1430.0235,690.1687,17400.0,0.0,200.7319,0.7891,2.1458,569.0,33.8644,0.5064,0.6723,1256,1561,565,876,215.8974
12,219.8996,1,452.5398,623.6859,12838.0,1290.0,150.4727,0.9652,1.488,547.0,26.7729,0.6717,0.8036,341,646,565,876,215.8974
12,219.8996,2,754.2247,654.1194,21130.0,1407.0,214.9403,0.9289,1.7684,533.0,21.1289,0.7182,0.836,646,963,565,876,215.8974
12,219.8996,3,1031.3428,629.7558,17239.0,2904.0,193.7985,0.9832,1.8077,517.0,22.2251,0.7221,0.8386,963,1256,565,876,215.8974
12,219.8996,4,1437.1321,655.5402,16351.0,536.0,178.5086,0.8307,1.8115,558.0,25.4363,0.561,0.7187,1256,1561,565,876,215.8974
12,220.3001,1,477.4207,649.1177,14327.0,639.0,147.4393,0.9003,1.4557,553.0,32.0073,0.5545,0.7134,341,646,565,876,215.8974
12,220.3001,2,758.7055,647.47,20166.0,1507.0,196.6516,0.9157,1.6406,547.0,38.2323,0.5053,0.6714,646,963,565,876,215.8974
12,220.3001,3,1032.6241,623.0734,16194.0,2731.0,184.1212,0.9942,1.6625,518.0,17.6013,0.7858,0.88,963,1256,565,876,215.8974
12,220.3001,4,1427.5539,659.9918,17422.0,290.0,210.3574,0.8132,2.1858,554.0,28.9198,0.6152,0.7617,1256,1561,565,876,215.8974
12,220.7006,1,495.123,626.4967,12920.0,828.0,153.4459,0.9011,1.4755,545.0,38.3675,0.4682,0.6378,341,646,565,876,215.8974
12,220.7006,2,777.1728,654.6264,23332.0,1762.0,229.2348,0.6648,2.1251,548.0,34.3283,0.4914,0.659,646,963,565,876,215.8974
12,220.7006,3,1031.7167,621.0892,16787.0,3204.0,186.0938,0.9136,1.6976,521.0,30.9857,0.6249,0.7692,963,1256,565,876,215.8974
12,220.7006,4,1406.8024,693.1703,18510.0,0.0,203.5417,0.8204,2.1998,569.0,24.8258,0.6396,0.7802,1256,1561,565,876,215.8974
12,221.1012,1,508.4812,631.5259,13907.0,907.0,169.0865,0.8992,1.73,543.0,39.0889,0.5988,0.7491,341,646,565,876,215.8974
12,221.1012,2,793.6656,644.8904,20781.0,1152.0,235.4657,0.6343,2.3452,549.0,32.8856,0.5339,0.6961,646,963,565,876,215.8974
12,221.1012,3,1038.6515,609.6174,16985.0,3393.0,197.602,0.7746,1.8972,519.0,26.371,0.6769,0.8073,963,1256,565,876,215.8974
12,221.1012,4,1413.2731,677.4925,19661.0,334.0,189.6101,0.9177,1.7606,552.0,28.3348,0.5788,0.7332,1256,1561,565,876,215.8974
12,221.5017,1,519.0047,639.8698,16327.0,1535.0,190.1565,0.7811,2.1068,550.0,34.3712,0.5699,0.7261,341,646,565,876,215.8974
12,221.5017,2,829.1562,648.1647,21459.0,1904.0,185.2565,0.9778,1.5214,533.0,38.5559,0.4069,0.5785,646,963,565,876,215.8974
12,221.5017,3,1066.6938,610.1822,20928.0,5678.0,216.1343,0.9269,1.9729,502.0,44.1092,0.4814,0.65,963,1256,565,876,215.8974
12,221.5017,4,1419.9771,671.7211,17240.0,0.0,176.0122,0.888,1.6905,569.0,24.6931,0.5818,0.7356,1256,1561,565,876,215.8974
12,221.9023,1,521.3471,646.7945,18512.0,1880.0,204.5658,0.6889,2.2177,547.0,23.7717,0.7106,0.8309,341,646,565,876,215.8974
12,221.9023,2,836.8138,654.4482,18935.0,715.0,174.2023,0.9996,1.5825,556.0,22.9661,0.542,0.703,646,963,565,876,215.8974
12,221.9023,3,1081.675,628.1614,18414.0,2508.0,185.1132,0.9963,1.588,519.0,43.0292,0.4698,0.6393,963,1256,565,876,215.8974
12,221.9023,4,1410.2664,671.4069,19330.0,187.0,230.8329,0.7856,2.5007,565.0,30.2142,0.5692,0.7255,1256,1561,565,876,215.8974
12,222.3028,1,527.2355,636.2082,17944.0,2379.0,226.4296,0.6417,2.6767,535.0,22.9354,0.6831,0.8117,341,646,565,876,215.8974
12,222.3028,2,829.7913,682.5306,18635.0,160.0,205.3559,0.9926,1.9594,557.0,31.0464,0.5812,0.7352,646,963,565,876,215.8974
12,222.3028,3,1102.355,639.8209,22380.0,3045.0,216.9467,0.9278,1.8226,519.0,39.0793,0.5537,0.7128,963,1256,565,876,215.8974
12,222.3028,4,1408.725,660.1857,17721.0,438.0,239.9176,0.7361,2.8278,552.0,22.0637,0.6427,0.7825,1256,1561,565,876,215.8974
12,222.7034,1,537.4954,618.6973,16892.0,2772.0,216.8179,0.6292,2.5033,531.0,20.484,0.7574,0.862,341,646,565,876,215.8974
12,222.7034,2,814.6068,685.4974,15616.0,0.0,184.6383,0.9009,1.9217,568.0,34.8807,0.584,0.7374,646,963,565,876,215.8974
12,222.7034,3,1107.175,641.5311,20578.0,2888.0,201.66,0.9934,1.7205,517.0,29.2636,0.6563,0.7925,963,1256,565,876,215.8974
12,222.7034,4,1417.0215,636.4984,17549.0,1727.0,244.1726,0.7155,2.8891,528.0,27.9758,0.6232,0.7678,1256,1561,565,876,215.8974
12,223.1039,1,550.0694,614.927,16366.0,2630.0,215.9012,0.6675,2.4599,531.0,29.0652,0.7083,0.8292,341,646,565,876,215.8974
12,223.1039,2,811.8295,667.7429,17311.0,114.0,207.3617,0.9769,2.1353,565.0,25.4083,0.6299,0.7729,646,963,565,876,215.8974
12,223.1039,3,1124.5526,620.1061,23365.0,4532.0,206.5672,0.4866,1.8056,530.0,41.2539,0.391,0.5622,963,1256,565,876,215.8974
12,223.1039,4,1413.9585,656.0667,19637.0,517.0,245.1738,0.668,2.7559,551.0,30.9128,0.5927,0.7443,1256,1561,565,876,215.8974
12,223.5045,1,553.242,623.5273,17484.0,3057.0,218.5065,0.7293,2.508,524.0,30.0298,0.6767,0.8071,341,646,565,876,215.8974
12,223.5045,2,791.8786,675.9517,15293.0,0.0,181.4322,0.9526,1.8209,572.0,36.1606,0.5216,0.6856,646,963,565,876,215.8974
12,223.5045,3,1109.4659,598.6818,22624.0,6623.0,244.7793,0.5403,2.2495,502.0,24.6901,0.6676,0.8007,963,1256,565,876,215.8974
12,223.5045,4,1426.5562,650.0166,17858.0,719.0,238.635,0.7745,2.637,551.0,27.3347,0.6629,0.7973,1256,1561,565,876,215.8974
12,223.905,1,563.5448,626.1496,16332.0,2699.0,223.2233,0.7768,2.5839,527.0,32.9886,0.6289,0.7722,341,646,565,876,215.8974
12,223.905,2,785.6519,682.5303,17221.0,49.0,191.7584,0.9663,1.8425,564.0,25.3703,0.6613,0.7961,646,963,565,876,215.8974
12,223.905,3,1104.4237,612.9191,22594.0,4644.0,219.9379,0.5207,2.1093,540.0,34.3604,0.5663,0.7231,963,1256,565,876,215.8974
12,223.905,4,1430.9033,645.5017,19391.0,1442.0,227.8218,0.823,2.2455,532.0,25.8545,0.7161,0.8345,1256,1561,565,876,215.8974
12,224.3056,1,567.4059,631.0269,18148.0,3243.0,206.6644,0.849,2.0299,522.0,25.2948,0.6952,0.8202,341,646,565,876,215.8974
12,224.3056,2,787.6874,673.2485,15860.0,16.0,186.4539,0.9819,1.824,565.0,33.5181,0.5547,0.7136,646,963,565,876,215.8974
12,224.3056,3,1097.3579,631.033,22574.0,3773.0,236.6903,0.6378,2.4117,534.0,31.5424,0.5692,0.7255,963,1256,565,876,215.8974
12,224.3056,4,1432.1597,644.7754,21306.0,2041.0,220.337,0.8298,1.9517,531.0,22.5528,0.7524,0.8587,1256,1561,565,876,215.8974
12,224.7061,1,562.6506,635.0292,18208.0,3097.0,186.9367,0.8922,1.6449,517.0,24.8132,0.6352,0.7769,341,646,565,876,215.8974
12,224.7061,2,793.8088,654.0677,16994.0,354.0,194.6956,0.6784,2.0456,566.0,40.6977,0.459,0.6292,646,963,565,876,215.8974
12,224.7061,3,1083.5705,636.9784,21572.0,3170.0,232.4778,0.6759,2.3472,528.0,31.4935,0.5894,0.7416,963,1256,565,876,215.8974
12,224.7061,4,1415.2057,660.7537,21868.0,742.0,233.0966,0.6221,2.2956,577.0,35.9232,0.5695,0.7257,1256,1561,565,876,215.8974
12,225.1066,1,577.1295,608.9083,17261.0,3681.0,169.3095,0.9965,1.2663,511.0,28.7019,0.6255,0.7696,341,646,565,876,215.8974
12,225.1066,2,797.4082,649.11,18348.0,532.0,222.5666,0.6947,2.4551,554.0,29.1273,0.6181,0.764,646,963,565,876,215.8974
12,225.1066,3,1052.089,613.9544,20116.0,5233.0,221.464,0.8974,2.0567,508.0,28.284,0.5187,0.6831,963,1256,565,876,215.8974
12,225.1066,4,1409.6147,665.413,19589.0,694.0,240.4748,0.7255,2.6093,548.0,27.099,0.6451,0.7843,1256,1561,565,876,215.8974
12,225.5072,1,563.7482,608.0991,17434.0,3571.0,176.9121,0.8406,1.3458,513.0,28.6653,0.679,0.8088,341,646,565,876,215.8974
12,225.5072,2,804.8299,670.7044,19004.0,420.0,232.1286,0.7657,2.7069,551.0,22.3869,0.6932,0.8188,646,963,565,876,215.8974
12,225.5072,3,1042.5045,626.7838,18439.0,3291.0,206.6116,0.8976,1.955,526.0,31.6898,0.619,0.7647,963,1256,565,876,215.8974
12,225.5072,4,1424.5296,641.1941,18101.0,1141.0,226.2561,0.6876,2.5126,538.0,26.9875,0.6284,0.7718,1256,1561,565,876,215.8974
12,225.9077,1,546.1299,632.717,17987.0,2454.0,172.3964,0.9635,1.4537,516.0,29.497,0.573,0.7286,341,646,565,876,215.8974
12,225.9077,2,801.5522,676.8009,19375.0,480.0,236.766,0.7968,2.7055,556.0,21.7331,0.7087,0.8295,646,963,565,876,215.8974
12,225.9077,3,1040.5218,639.0215,18074.0,2728.0,221.2677,0.8457,2.4053,530.0,27.3117,0.6784,0.8084,963,1256,565,876,215.8974
12,225.9077,4,1469.7765,631.4993,12457.0,974.0,156.9534,0.9396,1.5344,541.0,39.996,0.3934,0.5646,1256,1561,565,876,215.8974
12,226.3083,1,545.1237,619.1294,18340.0,3399.0,178.5761,0.9792,1.5119,515.0,26.8607,0.605,0.7539,341,646,565,876,215.8974
12,226.3083,2,794.3671,685.1546,20929.0,430.0,245.04,0.8065,2.7501,555.0,31.3588,0.6178,0.7637,646,963,565,876,215.8974
12,226.3083,3,1046.1718,661.3316,17581.0,1323.0,214.577,0.9078,2.385,533.0,23.7868,0.6321,0.7746,963,1256,565,876,215.8974
12,226.3083,4,1452.6062,652.872,16394.0,831.0,203.6221,0.8317,2.0758,541.0,28.6062,0.5798,0.734,1256,1561,565,876,215.8974
12,226.7088,1,527.9032,634.0764,20646.0,3498.0,201.7669,0.9832,1.7137,504.0,27.1317,0.6,0.75,341,646,565,876,215.8974
12,226.7088,2,765.0572,672.3226,20302.0,800.0,231.3515,0.8523,2.4421,566.0,34.7229,0.5227,0.6866,646,963,565,876,215.8974
12,226.7088,3,1044.5098,646.3001,18831.0,3172.0,217.766,0.9368,2.2915,530.0,17.2712,0.7164,0.8348,963,1256,565,876,215.8974
12,226.7088,4,1436.3345,665.1082,18195.0,516.0,241.0397,0.7745,2.5569,547.0,33.7623,0.6454,0.7845,1256,1561,565,876,215.8974
12,227.1094,1,521.1057,616.8142,22706.0,4126.0,237.5332,0.5043,2.1632,537.0,38.8743,0.4305,0.6019,341,646,565,876,215.8974
12,227.1094,2,750.3803,655.2385,18899.0,1528.0,230.985,0.7896,2.6296,539.0,27.0749,0.6545,0.7912,646,963,565,876,215.8974
12,227.1094,3,1042.7131,629.1319,18064.0,3128.0,214.9301,0.886,2.1074,525.0,24.8804,0.6353,0.777,963,1256,565,876,215.8974
12,227.1094,4,1431.551,672.6502,19745.0,781.0,239.184,0.8246,2.687,540.0,24.448,0.7035,0.8259,1256,1561,565,876,215.8974
12,227.5099,1,484.1006,610.4414,20648.0,3668.0,249.5169,0.386,2.8829,546.0,33.1975,0.5283,0.6913,341,646,565,876,215.8974
12,227.5099,2,759.532,669.2174,19568.0,872.0,239.5436,0.863,2.6139,546.0,25.5879,0.6178,0.7637,646,963,565,876,215.8974
12,227.5099,3,1051.4197,639.4847,19140.0,3296.0,211.4748,0.8701,2.0517,527.0,25.8152,0.6982,0.8223,963,1256,565,876,215.8974
12,227.5099,4,1455.1881,651.6516,17779.0,1971.0,243.7279,0.881,2.8059,522.0,30.9122,0.5563,0.7149,1256,1561,565,876,215.8974
12,227.9105,1,470.042,606.6357,19505.0,4772.0,203.6538,0.653,1.8656,513.0,33.8016,0.5422,0.7032,341,646,565,876,215.8974
12,227.9105,2,765.8852,698.6261,19666.0,43.0,238.8184,0.8162,2.8807,564.0,26.8614,0.5637,0.721,646,963,565,876,215.8974
12,227.9105,3,1059.1483,640.6221,18722.0,2711.0,225.6115,0.7292,2.6524,530.0,27.7123,0.6114,0.7588,963,1256,565,876,215.8974
12,227.9105,4,1453.6649,661.634,18788.0,1456.0,234.7931,0.9153,2.5187,529.0,21.1908,0.7555,0.8607,1256,1561,565,876,215.8974
12,228.311,1,468.1187,608.9516,14926.0,2893.0,194.0998,0.6365,2.1571,537.0,27.7654,0.6143,0.7611,341,646,565,876,215.8974
12,228.311,2,756.1982,686.3096,19291.0,56.0,221.1987,0.8308,2.3211,563.0,24.3538,0.686,0.8138,646,963,565,876,215.8974
12,228.311,3,1048.8293,625.429,20287.0,4731.0,240.2606,0.9545,2.3371,508.0,36.4895,0.5491,0.7089,963,1256,565,876,215.8974
12,228.311,4,1437.5743,679.3868,18557.0,853.0,199.9716,0.8307,2.1823,553.0,29.9597,0.6177,0.7637,1256,1561,565,876,215.8974
12,228.7116,1,447.782,600.4605,9808.0,1566.0,138.6291,0.6689,1.5546,545.0,30.8111,0.605,0.7539,341,646,565,876,215.8974
12,228.7116,2,764.5741,670.6834,18118.0,21.0,227.0209,0.6836,2.4886,566.0,35.4462,0.5523,0.7116,646,963,565,876,215.8974
12,228.7116,3,1052.4445,649.0426,20749.0,2839.0,209.0109,0.9368,1.8452,527.0,27.4767,0.6289,0.7722,963,1256,565,876,215.8974
12,228.7116,4,1451.2203,665.7694,16073.0,167.0,192.7736,0.8542,2.0192,560.0,27.0736,0.5975,0.7481,1256,1561,565,876,215.8974
12,229.1121,1,449.5665,610.4247,11875.0,2032.0,156.5203,0.955,1.7401,527.0,26.155,0.6402,0.7806,341,646,565,876,215.8974
12,229.1121,2,778.6467,674.1427,20347.0,859.0,227.0555,0.7519,2.6867,567.0,21.5931,0.6188,0.7645,646,963,565,876,215.8974
12,229.1121,3,1051.7174,617.8539,17782.0,3415.0,194.8977,0.9192,1.7226,512.0,26.6908,0.6726,0.8042,963,1256,565,876,215.8974
12,229.1121,4,1451.627,674.7476,17538.0,270.0,196.5789,0.8795,1.9438,554.0,21.7744,0.6342,0.7762,1256,1561,565,876,215.8974
12,229.5126,1,456.9427,626.339,12468.0,827.0,148.158,0.9813,1.4139,545.0,32.636,0.5762,0.7311,341,646,565,876,215.8974
12,229.5126,2,782.4725,689.1729,20346.0,5.0,240.0455,0.6894,2.7201,565.0,23.1775,0.6137,0.7606,646,963,565,876,215.8974
12,229.5126,3,1049.7939,627.4404,18642.0,3131.0,192.0469,0.9175,1.6334,518.0,20.6451,0.7878,0.8813,963,1256,565,876,215.8974
12,229.5126,4,1433.5919,683.1398,17477.0,227.0,200.3356,0.8713,2.2156,560.0,18.7981,0.6572,0.7931,1256,1561,565,876,215.8974
12,229.9132,1,475.6262,632.5623,13970.0,597.0,166.0922,0.7502,1.6774,554.0,40.8259,0.5544,0.7134,341,646,565,876,215.8974
12,229.9132,2,767.7577,683.5564,19209.0,5.0,233.8963,0.6982,2.5609,565.0,21.0719,0.6681,0.8011,646,963,565,876,215.8974
12,229.9132,3,1059.0889,634.9844,20506.0,3163.0,206.045,0.9048,1.6958,514.0,24.8152,0.7069,0.8283,963,1256,565,876,215.8974
12,229.9132,4,1436.622,675.2202,17681.0,302.0,193.7482,0.8693,2.0171,570.0,22.1695,0.7087,0.8295,1256,1561,565,876,215.8974
12,230.3137,1,498.2838,626.9767,14542.0,905.0,190.7643,0.7312,2.0335,550.0,40.9281,0.5789,0.7333,341,646,565,876,215.8974
12,230.3137,2,768.9089,669.9417,20118.0,635.0,235.8287,0.6463,2.7838,566.0,21.3203,0.6364,0.7778,646,963,565,876,215.8974
12,230.3137,3,1056.01,643.294,20956.0,3014.0,203.3767,0.9888,1.6957,517.0,31.0084,0.6436,0.7831,963,1256,565,876,215.8974
12,230.3137,4,1433.3623,675.0471,17639.0,459.0,221.0523,0.8552,2.4267,547.0,23.0487,0.6583,0.7939,1256,1561,565,876,215.8974
12,230.7143,1,525.3646,615.9051,15915.0,1939.0,207.2558,0.573,2.3723,545.0,37.895,0.6036,0.7528,341,646,565,876,215.8974
12,230.7143,2,765.3057,679.0846,20797.0,852.0,231.813,0.8222,2.5838,566.0,28.6065,0.5775,0.7322,646,963,565,876,215.8974
12,230.7143,3,1064.8877,631.4309,21195.0,3048.0,226.5075,0.7582,1.9188,534.0,40.73,0.5247,0.6882,963,1256,565,876,215.8974
12,230.7143,4,1432.7635,675.6615,18531.0,231.0,216.2396,0.8407,2.3049,556.0,18.0169,0.7945,0.8855,1256,1561,565,876,215.8974
12,231.1148,1,530.4844,622.7979,17296.0,2016.0,200.248,0.6479,2.1725,542.0,29.8876,0.7149,0.8338,341,646,565,876,215.8974
12,231.1148,2,773.1691,698.8173,20400.0,11.0,236.282,0.7994,2.5773,564.0,23.8377,0.6084,0.7566,646,963,565,876,215.8974
12,231.1148,3,1080.849,639.1932,21188.0,3577.0,237.259,0.7736,2.3215,527.0,26.1273,0.6736,0.8049,963,1256,565,876,215.8974
12,231.1148,4,1433.3786,669.5558,20038.0,1077.0,233.3041,0.8447,2.5106,540.0,21.0322,0.7016,0.8247,1256,1561,565,876,215.8974
12,231.5154,1,543.9028,621.487,16365.0,2027.0,226.5035,0.6241,2.6632,534.0,28.9994,0.6885,0.8155,341,646,565,876,215.8974
12,231.5154,2,763.9724,689.1744,17159.0,5.0,227.1746,0.7434,2.793,567.0,22.1882,0.6705,0.8027,646,963,565,876,215.8974
12,231.5154,3,1072.3426,631.1428,19201.0,3165.0,219.4077,0.6794,2.4886,528.0,22.7667,0.6914,0.8175,963,1256,565,876,215.8974
12,231.5154,4,1427.1764,684.7023,17772.0,163.0,206.3226,0.7212,2.3883,573.0,24.3429,0.6533,0.7903,1256,1561,565,876,215.8974
12,231.9159,1,535.6085,633.168,18285.0,2514.0,253.2162,0.6599,3.1112,527.0,25.1023,0.7279,0.8425,341,646,565,876,215.8974
12,231.9159,2,764.7928,692.1861,18737.0,0.0,227.9618,0.8066,2.5623,566.0,23.2188,0.6718,0.8037,646,963,565,876,215.8974
12,231.9159,3,1075.6107,632.7652,18454.0,2570.0,188.1774,0.6928,2.0543,536.0,24.3219,0.5191,0.6835,963,1256,565,876,215.8974
12,231.9159,4,1433.1555,675.1679,19579.0,257.0,199.469,0.7947,1.9784,555.0,23.497,0.6954,0.8203,1256,1561,565,876,215.8974
12,232.3165,1,549.9459,634.1506,17899.0,2646.0,264.6456,0.7387,3.1894,525.0,33.8343,0.6089,0.7569,341,646,565,876,215.8974
12,232.3165,2,777.5021,695.7516,18943.0,9.0,242.3228,0.7508,2.9654,565.0,21.1077,0.6702,0.8025,646,963,565,876,215.8974
12,232.3165,3,1028.3923,608.0966,17612.0,4024.0,172.4228,0.9802,1.3481,526.0,27.7107,0.484,0.6523,963,1256,565,876,215.8974
12,232.3165,4,1428.5854,660.6936,19285.0,390.0,205.1745,0.7378,2.1661,555.0,23.7124,0.6119,0.7592,1256,1561,565,876,215.8974
12,232.717,1,567.2108,628.5996,16650.0,3085.0,233.8612,0.8361,2.7847,516.0,35.5391,0.6029,0.7523,341,646,565,876,215.8974
12,232.717,2,768.4769,689.2435,18062.0,0.0,225.9977,0.7127,2.6183,569.0,20.8475,0.7282,0.8428,646,963,565,876,215.8974
12,232.717,3,1028.0536,630.876,15230.0,1988.0,186.4419,0.9471,1.8838,534.0,30.3436,0.5987,0.749,963,1256,565,876,215.8974
12,232.717,4,1417.3235,679.1517,18962.0,90.0,199.3944,0.7481,2.1482,566.0,22.5589,0.6565,0.7926,1256,1561,565,876,215.8974
12,233.1176,1,580.2838,615.819,14622.0,3156.0,183.4131,0.9195,1.9219,514.0,37.6077,0.5776,0.7322,341,646,565,876,215.8974
12,233.1176,2,779.0651,696.2006,20176.0,6.0,240.2291,0.8206,2.621,569.0,26.7777,0.6406,0.781,646,963,565,876,215.8974
12,233.1176,3,1025.5912,651.2249,14670.0,845.0,187.5623,0.9938,2.0976,544.0,30.8372,0.5842,0.7375,963,1256,565,876,215.8974
12,233.1176,4,1416.2789,692.0129,19885.0,101.0,187.2412,0.9458,1.7198,561.0,30.2448,0.56,0.7179,1256,1561,565,876,215.8974
12,233.5181,1,588.6079,611.788,15538.0,3379.0,168.3737,0.9989,1.4327,509.0,32.2468,0.6084,0.7565,341,646,565,876,215.8974
12,233.5181,2,772.5463,679.4936,18026.0,36.0,239.7432,0.6443,2.9523,569.0,26.7388,0.5921,0.7438,646,963,565,876,215.8974
12,233.5181,3,1030.691,660.5501,16592.0,961.0,183.4104,0.9858,1.8833,546.0,30.82,0.525,0.6885,963,1256,565,876,215.8974
12,233.5181,4,1438.4315,674.9316,17199.0,199.0,181.5395,0.797,1.7332,562.0,28.8895,0.4939,0.6613,1256,1561,565,876,215.8974
12,233.9187,1,577.6811,626.6113,19711.0,3597.0,173.0409,0.9196,1.2919,511.0,27.0639,0.6386,0.7794,341,646,565,876,215.8974
12,233.9187,2,764.9718,671.5788,22373.0,1050.0,221.0084,0.7911,2.1844,567.0,30.2902,0.553,0.7122,646,963,565,876,215.8974
12,233.9187,3,1039.6228,654.7645,16305.0,844.0,178.31,0.8847,1.8307,548.0,28.6541,0.5578,0.7162,963,1256,565,876,215.8974
12,233.9187,4,1443.8218,657.1915,16208.0,735.0,206.5136,0.8663,2.2772,547.0,26.4923,0.599,0.7492,1256,1561,565,876,215.8974
12,234.3192,1,564.0948,616.0829,19322.0,3646.0,187.446,0.8745,1.5567,512.0,32.1444,0.5524,0.7117,341,646,565,876,215.8974
12,234.3192,2,761.2695,661.1358,20671.0,1368.0,230.957,0.7977,2.4613,568.0,21.2742,0.7037,0.8261,646,963,565,876,215.8974
12,234.3192,3,1079.5788,640.0172,19034.0,1496.0,199.0008,0.4875,2.2136,556.0,34.5228,0.4493,0.62,963,1256,565,876,215.8974
12,234.3192,4,1432.0287,700.4874,18853.0,0.0,200.0701,0.9476,2.068,569.0,32.4668,0.4874,0.6554,1256,1561,565,876,215.8974
12,234.7197,1,540.7416,624.6832,19562.0,2911.0,194.3295,0.6986,1.656,516.0,30.4673,0.5543,0.7132,341,646,565,876,215.8974
12,234.7197,2,751.0102,664.4312,21257.0,1632.0,208.5375,0.9837,1.7215,522.0,37.2152,0.5317,0.6942,646,963,565,876,215.8974
12,234.7197,3,1078.6805,620.4478,15865.0,1313.0,213.5309,0.5434,2.4347,547.0,23.4472,0.5641,0.7213,963,1256,565,876,215.8974
12,234.7197,4,1424.1414,707.783,18672.0,0.0,200.5815,0.9306,2.1095,577.0,19.7402,0.752,0.8585,1256,1561,565,876,215.8974
12,235.1203,1,515.6307,612.5302,18585.0,2999.0,183.7411,0.7909,1.4587,514.0,35.24,0.534,0.6963,341,646,565,876,215.8974
12,235.1203,2,742.4466,648.5461,22372.0,2022.0,219.2036,0.9981,1.7215,521.0,22.9967,0.66,0.7952,646,963,565,876,215.8974
12,235.1203,3,1090.1846,637.0116,16271.0,959.0,206.8777,0.6744,2.3649,548.0,34.0482,0.5689,0.7252,963,1256,565,876,215.8974
12,235.1203,4,1418.97,697.4013,18839.0,0.0,213.1005,0.8514,2.2774,574.0,29.0077,0.6287,0.772,1256,1561,565,876,215.8974
12,235.5208,1,499.231,618.4278,19618.0,2858.0,201.3042,0.6841,1.618,518.0,30.9677,0.6234,0.768,341,646,565,876,215.8974
12,235.5208,2,752.6479,666.6588,24334.0,1376.0,229.4472,0.9447,1.7719,539.0,27.8192,0.6506,0.7883,646,963,565,876,215.8974
12,235.5208,3,1094.5236,651.5454,17294.0,703.0,212.8604,0.7359,2.3303,553.0,28.4255,0.6098,0.7576,963,1256,565,876,215.8974
12,235.5208,4,1413.0317,684.4234,19533.0,110.0,229.0266,0.7834,2.5549,564.0,28.8759,0.6148,0.7614,1256,1561,565,876,215.8974
12,235.9214,1,491.4743,615.6309,22260.0,4418.0,233.6251,0.7439,1.8831,503.0,28.9731,0.6571,0.7931,341,646,565,876,215.8974
12,235.9214,2,755.8145,662.7038,23192.0,1471.0,232.2174,0.9999,1.8968,531.0,24.975,0.6888,0.8157,646,963,565,876,215.8974
12,235.9214,3,1102.231,657.38,19233.0,804.0,235.6537,0.7272,2.4979,552.0,28.5837,0.6666,0.8,963,1256,565,876,215.8974
12,235.9214,4,1400.1535,687.2728,18577.0,16.0,232.5642,0.7211,2.6939,565.0,24.6753,0.6567,0.7928,1256,1561,565,876,215.8974
12,236.3219,1,473.4941,626.6083,21917.0,3752.0,238.8633,0.7522,2.0605,517.0,39.8278,0.5356,0.6976,341,646,565,876,215.8974
12,236.3219,2,753.6677,660.7007,23336.0,1593.0,226.3211,0.9118,1.852,532.0,33.4289,0.5879,0.7405,646,963,565,876,215.8974
12,236.3219,3,1133.1472,648.1937,22055.0,1989.0,263.3194,0.5917,2.9373,540.0,29.275,0.5841,0.7375,963,1256,565,876,215.8974
12,236.3219,4,1415.6021,668.1641,18451.0,366.0,237.6049,0.7417,2.6637,552.0,18.9186,0.6943,0.8196,1256,1561,565,876,215.8974
12,236.7225,1,458.5054,624.0243,19794.0,3605.0,224.9883,0.7119,2.0227,521.0,36.8329,0.5758,0.7308,341,646,565,876,215.8974
12,236.7225,2,767.8835,664.5064,23338.0,1454.0,223.7765,0.9781,1.8319,533.0,31.4069,0.6368,0.7781,646,963,565,876,215.8974
12,236.7225,3,1144.5345,623.35,22134.0,3885.0,233.5859,0.5816,2.3368,531.0,27.8467,0.6107,0.7583,963,1256,565,876,215.8974
12,236.7225,4,1422.2824,661.8736,19273.0,1152.0,229.5926,0.7562,2.581,535.0,30.4946,0.538,0.6996,1256,1561,565,876,215.8974
12,237.123,1,447.4503,639.911,18485.0,3124.0,187.8514,0.8858,1.7087,523.0,32.7294,0.5291,0.6921,341,646,565,876,215.8974
12,237.123,2,775.7491,670.2906,22779.0,1244.0,221.3869,0.9794,1.8714,538.0,25.3052,0.6859,0.8137,646,963,565,876,215.8974
12,237.123,3,1148.6456,616.7078,19549.0,3557.0,188.4357,0.6148,1.7069,525.0,24.9002,0.6657,0.7993,963,1256,565,876,215.8974
12,237.123,4,1430.9651,660.3745,18448.0,991.0,241.2391,0.7472,2.7646,537.0,27.5185,0.6918,0.8178,1256,1561,565,876,215.8974
12,237.5236,1,438.5566,620.8997,11804.0,1980.0,149.3554,0.8894,1.7633,538.0,28.8638,0.5527,0.7119,341,646,565,876,215.8974
12,237.5236,2,778.4003,664.3861,24687.0,1084.0,252.2033,0.617,2.3143,577.0,40.9313,0.5046,0.6708,646,963,565,876,215.8974
12,237.5236,3,1154.1878,613.9996,18137.0,3655.0,159.4995,0.6753,1.2983,517.0,24.8908,0.6869,0.8144,963,1256,565,876,215.8974
12,237.5236,4,1426.8001,676.1004,19371.0,192.0,245.9227,0.7535,2.6755,559.0,31.2244,0.6512,0.7888,1256,1561,565,876,215.8974
12,237.9241,1,424.1699,606.7149,9800.0,1225.0,126.9616,0.9473,1.3523,543.0,25.7169,0.6172,0.7633,341,646,565,876,215.8974
12,237.9241,2,792.5028,651.6234,23396.0,2006.0,263.5354,0.7654,2.4552,529.0,29.3354,0.6267,0.7705,646,963,565,876,215.8974
12,237.9241,3,1133.2664,619.855,16113.0,2347.0,157.8221,0.9978,1.3196,518.0,27.795,0.5413,0.7024,963,1256,565,876,215.8974
12,237.9241,4,1411.0968,698.7565,19227.0,0.0,258.5998,0.6852,2.7753,582.0,32.0164,0.606,0.7547,1256,1561,565,876,215.8974
12,238.3247,1,445.7979,611.4848,11451.0,1434.0,131.1467,0.9647,1.2581,543.0,36.2014,0.5404,0.7016,341,646,565,876,215.8974
12,238.3247,2,810.004,649.7586,23491.0,2290.0,223.543,0.7899,1.8337,526.0,30.4853,0.6041,0.7532,646,963,565,876,215.8974
12,238.3247,3,1122.2241,614.4042,21572.0,5325.0,206.0682,0.937,1.7257,491.0,36.1211,0.5265,0.6898,963,1256,565,876,215.8974
12,238.3247,4,1426.0987,688.2765,20432.0,66.0,259.8975,0.7772,2.9146,578.0,31.3153,0.6353,0.777,1256,1561,565,876,215.8974
12,238.7252,1,469.2765,623.2227,11383.0,598.0,125.5586,0.997,1.2054,554.0,34.8599,0.5654,0.7223,341,646,565,876,215.8974
12,238.7252,2,819.745,653.1779,23983.0,1582.0,224.904,0.7307,1.8298,551.0,26.0885,0.631,0.7738,646,963,565,876,215.8974
12,238.7252,3,1104.4043,629.2325,22119.0,3627.0,215.1749,0.8325,1.703,515.0,35.5371,0.5258,0.6892,963,1256,565,876,215.8974
12,238.7252,4,1434.7515,672.0803,19299.0,806.0,245.8908,0.8292,2.5089,539.0,24.3266,0.757,0.8617,1256,1561,565,876,215.8974
12,239.1257,1,480.1091,621.8801,11749.0,902.0,145.6208,0.9377,1.4802,546.0,35.9176,0.5951,0.7462,341,646,565,876,215.8974
12,239.1257,2,823.8564,666.0344,24470.0,1247.0,260.196,0.663,2.6779,568.0,27.7578,0.6228,0.7676,646,963,565,876,215.8974
12,239.1257,3,1106.2227,631.7367,24676.0,4314.0,224.8548,0.8377,1.9048,522.0,30.1183,0.5532,0.7123,963,1256,565,876,215.8974
12,239.1257,4,1437.0975,658.8716,20406.0,1679.0,221.6869,0.9038,1.9966,524.0,34.2579,0.6165,0.7628,1256,1561,565,876,215.8974
12,239.5263,1,496.1469,620.4526,12495.0,851.0,152.9714,0.7812,1.5468,548.0,38.329,0.6013,0.751,341,646,565,876,215.8974
12,239.5263,2,832.0384,663.8949,22901.0,1478.0,231.2395,0.823,1.9835,551.0,28.1862,0.6323,0.7747,646,963,565,876,215.8974
12,239.5263,3,1091.1874,624.2496,25069.0,5442.0,203.2381,0.9254,1.5394,521.0,28.7566,0.5941,0.7454,963,1256,565,876,215.8974
12,239.5263,4,1442.6269,647.8847,20858.0,1753.0,205.6876,0.9769,1.6412,519.0,31.0989,0.5693,0.7256,1256,1561,565,876,215.8974
12,239.9268,1,503.2356,626.7185,12585.0,601.0,148.6607,0.8508,1.4897,551.0,23.8387,0.7783,0.8754,341,646,565,876,215.8974
12,239.9268,2,843.5419,639.9223,21469.0,2492.0,233.1788,0.8367,2.0778,513.0,23.056,0.6776,0.8078,646,963,565,876,215.8974
12,239.9268,3,1055.5999,620.5222,20965.0,4137.0,198.4002,0.8527,1.564,522.0,26.2764,0.5596,0.7176,963,1256,565,876,215.8974
12,239.9268,4,1427.4557,660.931,23033.0,1727.0,212.7537,0.9881,1.7119,521.0,37.8045,0.5276,0.6908,1256,1561,565,876,215.8974
12,240.3274,1,502.796,631.8409,12748.0,472.0,164.0711,0.7832,1.7538,557.0,25.0538,0.764,0.8662,341,646,565,876,215.8974
12,240.3274,2,843.6682,652.9041,21533.0,1723.0,249.3519,0.7884,2.4146,527.0,25.8777,0.671,0.8031,646,963,565,876,215.8974
12,240.3274,3,1052.5993,635.4024,19540.0,2829.0,197.6248,0.7288,2.0554,549.0,24.6171,0.6767,0.8072,963,1256,565,876,215.8974
12,240.3274,4,1402.1494,661.7386,24707.0,2064.0,212.1468,0.9781,1.6665,517.0,43.2328,0.5,0.6667,1256,1561,565,876,215.8974
12,240.7279,1,517.981,632.8303,17471.0,2173.0,218.7774,0.8233,2.2649,537.0,34.937,0.5784,0.7329,341,646,565,876,215.8974
12,240.7279,2,852.7842,668.5465,21414.0,1106.0,236.4241,0.8614,2.2668,534.0,36.3762,0.5508,0.7104,646,963,565,876,215.8974
12,240.7279,3,1067.9342,631.5111,23116.0,4060.0,200.6864,0.9121,1.6798,515.0,22.1206,0.564,0.7212,963,1256,565,876,215.8974
12,240.7279,4,1385.619,655.371,22903.0,2261.0,220.5129,0.876,1.8991,521.0,33.9127,0.5776,0.7323,1256,1561,565,876,215.8974
12,241.1285,1,521.9646,632.8899,17578.0,2007.0,249.0254,0.7006,2.9058,535.0,34.4562,0.6825,0.8113,341,646,565,876,215.8974
12,241.1285,2,867.8935,673.3773,24239.0,1579.0,214.0194,0.9994,1.708,526.0,34.1986,0.4855,0.6537,646,963,565,876,215.8974
12,241.1285,3,1045.919,644.225,21314.0,3084.0,184.8186,0.9987,1.4462,531.0,20.129,0.5783,0.7328,963,1256,565,876,215.8974
12,241.1285,4,1375.8288,650.3442,20574.0,1764.0,215.6195,0.7228,2.0414,554.0,33.1427,0.5947,0.7458,1256,1561,565,876,215.8974
12,241.529,1,542.5639,625.3163,16410.0,1962.0,222.7795,0.6994,2.5514,534.0,36.2113,0.6152,0.7618,341,646,565,876,215.8974
12,241.529,2,871.1229,653.3745,23766.0,2227.0,214.8811,0.9946,1.605,512.0,20.6917,0.703,0.8256,646,963,565,876,215.8974
12,241.529,3,1060.013,640.4973,18939.0,2981.0,196.0124,0.7865,2.0849,536.0,26.7632,0.5598,0.7178,963,1256,565,876,215.8974
12,241.529,4,1366.4395,663.1803,18657.0,1342.0,225.7657,0.8641,2.4691,530.0,43.2747,0.4416,0.6127,1256,1561,565,876,215.8974
12,241.9296,1,562.7303,617.0492,15193.0,2652.0,203.8458,0.7441,2.407,526.0,39.0518,0.5968,0.7475,341,646,565,876,215.8974
12,241.9296,2,865.9641,658.762,24256.0,1840.0,217.0651,0.9619,1.5917,522.0,22.1474,0.7346,0.847,646,963,565,876,215.8974
12,241.9296,3,1051.483,621.5194,17383.0,2783.0,209.2151,0.8092,2.0101,532.0,20.7993,0.6903,0.8168,963,1256,565,876,215.8974
12,241.9296,4,1349.8643,669.677,17343.0,843.0,192.8521,0.8181,2.2338,564.0,37.5103,0.5014,0.6679,1256,1561,565,876,215.8974
12,242.3301,1,576.6017,619.4504,14417.0,2690.0,188.2074,0.8569,2.1881,520.0,38.05,0.5869,0.7397,341,646,565,876,215.8974
12,242.3301,2,866.3819,665.1924,24980.0,1643.0,237.5601,0.9652,1.8352,535.0,20.2342,0.7844,0.8792,646,963,565,876,215.8974
12,242.3301,3,1054.6129,628.2186,16863.0,2431.0,225.2654,0.7279,2.5509,533.0,25.7871,0.7237,0.8397,963,1256,565,876,215.8974
12,242.3301,4,1347.5904,667.8086,16758.0,846.0,201.7989,0.8419,2.3548,547.0,24.9034,0.6311,0.7738,1256,1561,565,876,215.8974
12,242.7307,1,584.6539,623.5732,15280.0,2810.0,188.1629,0.9268,2.0268,519.0,27.5552,0.6739,0.8052,341,646,565,876,215.8974
12,242.7307,2,872.7149,656.8376,26292.0,1809.0,220.5917,0.9998,1.4739,524.0,25.5853,0.697,0.8215,646,963,565,876,215.8974
12,242.7307,3,1053.1313,640.5132,18194.0,2742.0,225.169,0.8743,2.3852,530.0,26.5377,0.6621,0.7967,963,1256,565,876,215.8974
12,242.7307,4,1345.4205,657.6961,15517.0,1023.0,208.8644,0.8555,2.5563,536.0,19.1664,0.7573,0.8619,1256,1561,565,876,215.8974
12,243.1312,1,575.6172,635.3045,16883.0,2690.0,183.6583,0.8956,1.7967,530.0,23.7293,0.6731,0.8046,341,646,565,876,215.8974
12,243.1312,2,859.61,659.3547,25559.0,1992.0,239.7308,0.8086,1.8912,520.0,29.5631,0.6038,0.7529,646,963,565,876,215.8974
12,243.1312,3,1051.7006,629.7026,17695.0,2839.0,230.8365,0.8459,2.3577,522.0,24.4009,0.7519,0.8584,963,1256,565,876,215.8974
12,243.1312,4,1344.5933,675.8396,16382.0,992.0,215.6393,0.9011,2.7652,539.0,26.5077,0.6607,0.7957,1256,1561,565,876,215.8974
12,243.5317,1,575.396,623.2245,17136.0,3340.0,192.9127,0.957,1.6759,514.0,27.1665,0.668,0.801,341,646,565,876,215.8974
12,243.5317,2,815.9566,650.5995,23729.0,2426.0,227.4161,0.8789,1.7447,520.0,46.0385,0.412,0.5835,646,963,565,876,215.8974
12,243.5317,3,1053.0344,642.7547,20528.0,3053.0,222.8823,0.9111,2.0275,519.0,27.8529,0.6597,0.795,963,1256,565,876,215.8974
12,243.5317,4,1338.0489,660.5645,16469.0,1074.0,219.5732,0.9065,2.4451,536.0,21.9956,0.6609,0.7958,1256,1561,565,876,215.8974
12,243.9323,1,567.0405,612.2334,18253.0,3985.0,167.7371,0.9748,1.2288,509.0,31.1782,0.6137,0.7606,341,646,565,876,215.8974
12,243.9323,2,791.7847,649.26,25741.0,2700.0,240.4742,0.786,1.8175,511.0,41.7021,0.5006,0.6672,646,963,565,876,215.8974
12,243.9323,3,1063.1829,639.991,20350.0,2953.0,218.5228,0.8732,2.008,518.0,27.1977,0.6641,0.7982,963,1256,565,876,215.8974
12,243.9323,4,1344.8454,661.1478,18050.0,1551.0,209.9014,0.9372,2.1866,526.0,28.4322,0.6369,0.7782,1256,1561,565,876,215.8974
12,244.3328,1,550.8835,612.351,16059.0,2973.0,165.1362,0.9458,1.4017,508.0,30.1152,0.5764,0.7313,341,646,565,876,215.8974
12,244.3328,2,767.6496,656.8698,24436.0,2203.0,240.6353,0.8891,1.9307,519.0,40.7797,0.4823,0.6507,646,963,565,876,215.8974
12,244.3328,3,1058.9279,626.5329,17179.0,2625.0,183.9917,0.9967,1.6232,518.0,34.381,0.592,0.7437,963,1256,565,876,215.8974
12,244.3328,4,1334.6393,629.9957,17741.0,2963.0,227.8959,0.9534,2.3733,495.0,28.232,0.6621,0.7967,1256,1561,565,876,215.8974
12,244.7334,1,534.2533,623.6177,18098.0,2374.0,179.9935,0.8563,1.5023,516.0,36.4674,0.5384,0.6999,341,646,565,876,215.8974
12,244.7334,2,760.7031,664.5739,22616.0,1634.0,227.9925,0.7879,2.3347,563.0,32.1339,0.6364,0.7778,646,963,565,876,215.8974
12,244.7334,3,1056.7762,627.2439,19626.0,3401.0,184.4247,0.999,1.4882,513.0,24.2689,0.6972,0.8216,963,1256,565,876,215.8974
12,244.7334,4,1342.8199,669.8723,21138.0,1687.0,189.1434,0.9205,1.7797,567.0,30.8819,0.613,0.7601,1256,1561,565,876,215.8974
12,245.1339,1,521.4557,622.2315,20400.0,3329.0,200.7035,0.8999,1.5986,505.0,30.1076,0.6164,0.7627,341,646,565,876,215.8974
12,245.1339,2,759.0046,678.2857,24290.0,1326.0,236.2368,0.9721,1.9069,529.0,30.5694,0.6028,0.7522,646,963,565,876,215.8974
12,245.1339,3,1062.8107,633.6538,20137.0,2716.0,194.0392,0.9894,1.5867,518.0,24.6688,0.7201,0.8373,963,1256,565,876,215.8974
12,245.1339,4,1351.2745,683.3135,20943.0,1242.0,199.3134,0.8914,1.9279,569.0,23.3237,0.6781,0.8082,1256,1561,565,876,215.8974
12,245.5345,1,504.5433,622.9589,22617.0,3787.0,240.015,0.7013,1.9422,516.0,33.7383,0.5566,0.7152,341,646,565,876,215.8974
12,245.5345,2,753.4287,656.8161,22689.0,2015.0,226.4214,0.9934,1.8429,528.0,30.665,0.5843,0.7376,646,963,565,876,215.8974
12,245.5345,3,1070.2255,641.0591,20435.0,2459.0,207.7687,0.9311,1.7407,526.0,27.3247,0.685,0.8131,963,1256,565,876,215.8974
12,245.5345,4,1344.7475,666.4952,18223.0,1538.0,207.3175,0.8815,2.0677,530.0,30.7012,0.6188,0.7645,1256,1561,565,876,215.8974
12,245.935,1,483.825,613.2448,21306.0,4397.0,245.5808,0.5234,2.2378,516.0,36.4151,0.5493,0.7091,341,646,565,876,215.8974
12,245.935,2,756.5612,643.7648,22349.0,3059.0,206.7269,0.99,1.6041,509.0,27.1511,0.6665,0.7999,646,963,565,876,215.8974
12,245.935,3,1074.7389,651.0717,22148.0,2770.0,218.7675,0.962,1.8593,515.0,21.4331,0.7193,0.8367,963,1256,565,876,215.8974
12,245.935,4,1339.2622,657.5479,14766.0,1305.0,207.3846,0.8585,2.7101,532.0,25.4662,0.6076,0.7559,1256,1561,565,876,215.8974
12,246.3356,1,461.3185,608.1966,19687.0,4500.0,208.3664,0.6637,1.9037,513.0,35.03,0.5793,0.7336,341,646,565,876,215.8974
12,246.3356,2,761.6001,637.7884,22491.0,3572.0,222.0819,0.9747,1.8281,496.0,26.2714,0.7025,0.8253,646,963,565,876,215.8974
12,246.3356,3,1067.6604,634.8668,20751.0,2889.0,202.9216,0.9958,1.6358,515.0,29.0584,0.6584,0.794,963,1256,565,876,215.8974
12,246.3356,4,1335.0737,664.4563,14050.0,735.0,191.3152,0.8645,2.1989,548.0,20.9579,0.6766,0.8071,1256,1561,565,876,215.8974
12,246.7361,1,453.6798,625.9503,15821.0,2961.0,172.2069,0.7664,1.7287,531.0,35.7919,0.5027,0.669,341,646,565,876,215.8974
12,246.7361,2,770.7282,664.7192,26524.0,2121.0,243.8417,0.8592,1.9138,520.0,43.8778,0.444,0.615,646,963,565,876,215.8974
12,246.7361,3,1068.6098,636.5112,21029.0,2812.0,201.9522,0.9955,1.6229,517.0,20.1839,0.7595,0.8633,963,1256,565,876,215.8974
12,246.7361,4,1325.3172,681.6215,14067.0,694.0,197.9626,0.9553,2.5673,545.0,26.6079,0.5182,0.6826,1256,1561,565,876,215.8974
12,247.1367,1,436.4743,626.0153,12782.0,2037.0,149.4849,0.9278,1.5866,539.0,31.2368,0.5107,0.6762,341,646,565,876,215.8974
12,247.1367,2,802.3994,667.7653,25268.0,1758.0,250.4942,0.9981,1.9231,526.0,50.2953,0.4315,0.6029,646,963,565,876,215.8974
12,247.1367,3,1076.6853,641.2881,22254.0,2766.0,214.0765,0.8922,1.7409,520.0,29.9888,0.6416,0.7817,963,1256,565,876,215.8974
12,247.1367,4,1319.2281,670.5857,12050.0,922.0,213.0384,0.9685,3.1261,540.0,33.8248,0.5153,0.6802,1256,1561,565,876,215.8974
12,247.5372,1,426.605,613.4667,11186.0,1536.0,150.715,0.947,1.6512,542.0,26.4508,0.6401,0.7805,341,646,565,876,215.8974
12,247.5372,2,817.9762,669.7903,26349.0,1829.0,236.1681,0.9924,1.8342,521.0,25.648,0.6739,0.8052,646,963,565,876,215.8974
12,247.5372,3,1088.8955,624.2896,21883.0,3237.0,248.6796,0.5002,2.6964,550.0,44.3547,0.4945,0.6618,963,1256,565,876,215.8974
12,247.5372,4,1321.5468,670.0181,14693.0,864.0,209.3935,0.9571,2.493,541.0,26.3825,0.6447,0.784,1256,1561,565,876,215.8974
12,247.9377,1,435.496,627.6377,12112.0,997.0,137.1907,0.997,1.379,548.0,26.6322,0.6216,0.7667,341,646,565,876,215.8974
12,247.9377,2,808.2744,655.1162,22934.0,2160.0,219.2963,0.9992,1.6784,514.0,28.9659,0.6501,0.7879,646,963,565,876,215.8974
12,247.9377,3,1106.5701,618.5466,21964.0,4223.0,245.924,0.5743,2.6099,519.0,24.8867,0.6262,0.7701,963,1256,565,876,215.8974
12,247.9377,4,1328.3695,646.7058,15560.0,1541.0,214.428,0.9547,2.4322,523.0,33.0853,0.6021,0.7517,1256,1561,565,876,215.8974
12,248.3383,1,452.3254,619.4371,11490.0,989.0,138.3224,0.9879,1.386,549.0,37.2154,0.5464,0.7066,341,646,565,876,215.8974
12,248.3383,2,806.0508,655.47,24477.0,2424.0,239.2795,0.9067,1.8854,518.0,32.9075,0.5777,0.7324,646,963,565,876,215.8974
12,248.3383,3,1096.6244,617.5922,21262.0,3732.0,240.5358,0.4467,2.697,541.0,20.4595,0.7367,0.8484,963,1256,565,876,215.8974
12,248.3383,4,1323.454,650.275,17323.0,2097.0,218.4044,0.9901,2.278,517.0,26.4209,0.6817,0.8107,1256,1561,565,876,215.8974
12,248.7388,1,466.5796,627.1701,12972.0,806.0,150.5741,0.8881,1.5031,551.0,40.6758,0.5799,0.7341,341,646,565,876,215.8974
12,248.7388,2,793.3598,652.8913,26545.0,2075.0,249.42,0.8573,1.9217,522.0,31.7804,0.5752,0.7304,646,963,565,876,215.8974
12,248.7388,3,1087.6504,626.3465,21876.0,3523.0,235.3483,0.5707,2.1814,529.0,31.9573,0.6475,0.786,963,1256,565,876,215.8974
12,248.7388,4,1328.8796,667.4623,17233.0,1575.0,172.8418,0.9535,1.8689,570.0,24.4413,0.6634,0.7977,1256,1561,565,876,215.8974
12,249.1394,1,479.3325,635.1068,13351.0,428.0,156.1252,0.8679,1.5436,553.0,33.1046,0.6568,0.7928,341,646,565,876,215.8974
12,249.1394,2,770.9993,654.038,24160.0,2331.0,239.2121,0.9832,1.8966,512.0,37.3265,0.5541,0.7131,646,963,565,876,215.8974
12,249.1394,3,1087.4937,643.6596,21501.0,2739.0,237.0256,0.6347,2.7435,549.0,34.7889,0.5515,0.7109,963,1256,565,876,215.8974
12,249.1394,4,1320.5794,682.1354,14122.0,1208.0,175.4498,0.9702,2.2745,566.0,32.334,0.5939,0.7452,1256,1561,565,876,215.8974
12,249.5399,1,493.1022,635.4489,16904.0,1691.0,231.8701,0.7575,2.5016,539.0,44.4894,0.5223,0.6862,341,646,565,876,215.8974
12,249.5399,2,763.9215,663.4164,24052.0,1993.0,231.8678,0.9557,1.8212,517.0,35.0374,0.583,0.7366,646,963,565,876,215.8974
12,249.5399,3,1061.3048,654.4584,16873.0,513.0,253.4896,0.7026,3.1243,550.0,31.0207,0.5141,0.6791,963,1256,565,876,215.8974
12,249.5399,4,1322.6724,693.299,14186.0,580.0,170.4426,0.9577,2.0163,577.0,22.7766,0.7245,0.8403,1256,1561,565,876,215.8974
12,249.9405,1,514.7471,632.1386,16749.0,1604.0,231.669,0.6487,2.6335,548.0,37.5393,0.5765,0.7313,341,646,565,876,215.8974
12,249.9405,2,775.9379,658.7767,23639.0,2017.0,233.4257,0.9607,1.8953,520.0,29.4997,0.6281,0.7716,646,963,565,876,215.8974
12,249.9405,3,1055.6816,655.251,20150.0,2588.0,223.3618,0.8359,2.4598,550.0,31.5927,0.5522,0.7115,963,1256,565,876,215.8974
12,249.9405,4,1326.6646,679.1355,13561.0,763.0,210.9456,0.9531,3.0473,540.0,21.0922,0.6968,0.8213,1256,1561,565,876,215.8974
12,250.341,1,534.4427,615.197,16655.0,2541.0,243.2312,0.5847,3.05,531.0,35.0828,0.661,0.7959,341,646,565,876,215.8974
12,250.341,2,786.5736,663.4915,23225.0,1758.0,234.6932,0.9619,1.9481,524.0,24.9919,0.7336,0.8464,646,963,565,876,215.8974
12,250.341,3,1041.2156,635.9621,19071.0,3259.0,210.4533,0.9315,2.0222,512.0,29.1988,0.6359,0.7774,963,1256,565,876,215.8974
12,250.341,4,1327.8395,678.5557,13624.0,1058.0,205.4858,0.9487,2.9157,537.0,28.3995,0.6485,0.7868,1256,1561,565,876,215.8974
12,250.7416,1,558.267,609.7343,15105.0,2717.0,201.8536,0.6737,2.319,525.0,41.4732,0.6114,0.7589,341,646,565,876,215.8974
12,250.7416,2,791.7811,675.8512,23771.0,1000.0,246.0763,0.9091,2.1242,537.0,27.8267,0.6832,0.8118,646,963,565,876,215.8974
12,250.7416,3,1043.0416,634.3357,17933.0,2965.0,190.2874,0.9495,1.7135,516.0,25.4909,0.6829,0.8116,963,1256,565,876,215.8974
12,250.7416,4,1325.2678,670.7367,13997.0,827.0,211.5358,0.9501,2.7199,544.0,27.8652,0.6644,0.7984,1256,1561,565,876,215.8974
12,251.1421,1,573.8482,606.655,13620.0,3028.0,166.64,0.8364,1.7652,521.0,39.3975,0.5921,0.7438,341,646,565,876,215.8974
12,251.1421,2,795.4614,670.6262,23028.0,1254.0,253.959,0.8497,2.4603,539.0,27.8986,0.6371,0.7783,646,963,565,876,215.8974
12,251.1421,3,1042.7729,626.6171,17690.0,2906.0,179.2891,0.9902,1.4623,519.0,23.2047,0.7301,0.844,963,1256,565,876,215.8974
12,251.1421,4,1335.358,683.7426,13817.0,450.0,173.7895,0.8957,2.339,579.0,22.3224,0.6682,0.8011,1256,1561,565,876,215.8974
12,251.5427,1,573.1228,615.8,15362.0,3003.0,174.0609,0.8724,1.7171,521.0,24.7139,0.7341,0.8467,341,646,565,876,215.8974
12,251.5427,2,820.766,642.3416,22407.0,2189.0,223.4141,0.6704,1.8924,549.0,29.9862,0.6208,0.7661,646,963,565,876,215.8974
12,251.5427,3,1048.9391,639.0311,19837.0,2938.0,191.853,0.9844,1.6201,517.0,27.2728,0.613,0.7601,963,1256,565,876,215.8974
12,251.5427,4,1328.3124,653.0027,15034.0,1274.0,198.6698,0.9658,2.3907,531.0,30.373,0.5352,0.6972,1256,1561,565,876,215.8974
12,251.9432,1,570.9801,617.3781,15644.0,2926.0,178.8469,0.8051,1.7348,532.0,26.1389,0.6913,0.8175,341,646,565,876,215.8974
12,251.9432,2,833.5823,631.0353,21872.0,2864.0,234.6193,0.534,2.5384,550.0,28.1158,0.6573,0.7932,646,963,565,876,215.8974
12,251.9432,3,1057.5429,632.5498,19899.0,3046.0,202.3583,0.911,1.768,515.0,25.453,0.6754,0.8062,963,1256,565,876,215.8974
12,251.9432,4,1328.9992,668.7505,15448.0,1345.0,201.6021,0.9653,2.4156,530.0,23.9184,0.665,0.7988,1256,1561,565,876,215.8974
12,252.3438,1,558.4761,625.4658,18587.0,2857.0,206.1428,0.7458,1.9102,535.0,32.7677,0.6653,0.799,341,646,565,876,215.8974
12,252.3438,2,827.3026,654.5489,20615.0,1112.0,231.7005,0.5969,2.5916,554.0,31.346,0.6075,0.7559,646,963,565,876,215.8974
12,252.3438,3,1063.2671,636.265,19669.0,2321.0,201.1441,0.9454,1.7765,519.0,31.8875,0.6183,0.7641,963,1256,565,876,215.8974
12,252.3438,4,1331.941,697.2966,15259.0,480.0,174.4111,0.9417,2.0439,583.0,32.2238,0.6054,0.7542,1256,1561,565,876,215.8974
12,252.7443,1,545.391,624.1282,21873.0,5316.0,243.706,0.9226,2.1234,505.0,33.8177,0.5929,0.7444,341,646,565,876,215.8974
12,252.7443,2,836.5954,651.2511,19301.0,995.0,230.612,0.7674,2.5832,550.0,26.9817,0.5903,0.7424,646,963,565,876,215.8974
12,252.7443,3,1077.9528,633.5027,19348.0,2516.0,194.9102,0.9741,1.6816,516.0,28.3771,0.6565,0.7926,963,1256,565,876,215.8974
12,252.7443,4,1338.0957,711.1566,14162.0,182.0,177.6424,0.9576,2.2683,588.0,24.484,0.6047,0.7537,1256,1561,565,876,215.8974
12,253.1448,1,541.2363,623.6812,19168.0,3694.0,181.7951,0.995,1.4999,512.0,37.0098,0.5588,0.7169,341,646,565,876,215.8974
12,253.1448,2,836.2709,643.6872,18524.0,1950.0,243.0585,0.7035,2.9902,540.0,23.387,0.6684,0.8013,646,963,565,876,215.8974
12,253.1448,3,1087.481,645.8279,20583.0,2191.0,198.7415,0.9962,1.6825,520.0,29.8179,0.647,0.7857,963,1256,565,876,215.8974
12,253.1448,4,1341.2157,704.7205,12979.0,104.0,175.9299,0.9275,2.5191,578.0,23.6191,0.6877,0.8149,1256,1561,565,876,215.8974
12,253.5454,1,531.7156,618.9932,19134.0,4613.0,185.0623,0.9963,1.627,490.0,30.701,0.6081,0.7563,341,646,565,876,215.8974
12,253.5454,2,834.733,634.6211,15675.0,890.0,195.356,0.6422,2.4812,552.0,22.2476,0.6184,0.7642,646,963,565,876,215.8974
12,253.5454,3,1095.3976,664.579,22221.0,1837.0,214.9649,0.9997,1.866,528.0,32.1132,0.6451,0.7843,963,1256,565,876,215.8974
12,253.5454,4,1334.7047,673.8402,13043.0,375.0,180.9959,0.9571,2.4364,558.0,35.9252,0.4873,0.6553,1256,1561,565,876,215.8974
12,253.9459,1,522.5883,617.8821,22165.0,3921.0,212.6877,0.5364,1.782,532.0,41.0762,0.4288,0.6002,341,646,565,876,215.8974
12,253.9459,2,850.887,645.4271,13367.0,180.0,153.5657,0.9262,1.5521,558.0,33.2313,0.4386,0.6098,646,963,565,876,215.8974
12,253.9459,3,1110.1144,653.568,22523.0,2156.0,221.9908,0.9538,1.8872,522.0,29.3807,0.6429,0.7827,963,1256,565,876,215.8974
12,253.9459,4,1333.2546,674.0047,14623.0,350.0,183.8584,0.991,2.1028,573.0,26.6984,0.5683,0.7247,1256,1561,565,876,215.8974
12,254.3465,1,488.5902,609.0306,22466.0,4254.0,249.2353,0.5167,2.0727,516.0,37.4296,0.517,0.6816,341,646,565,876,215.8974
12,254.3465,2,854.964,641.3706,14354.0,60.0,172.2415,0.7394,1.7218,562.0,35.8249,0.4821,0.6506,646,963,565,876,215.8974
12,254.3465,3,1123.0575,633.488,20441.0,3048.0,200.9182,1.0,1.6281,505.0,43.7734,0.5179,0.6824,963,1256,565,876,215.8974
12,254.3465,4,1342.9837,679.43,18417.0,313.0,191.2356,0.9927,1.8867,552.0,31.7002,0.4484,0.6191,1256,1561,565,876,215.8974
12,254.747,1,472.3018,612.4273,21254.0,4406.0,216.2106,0.6485,1.7383,512.0,33.8048,0.6169,0.763,341,646,565,876,215.8974
12,254.747,2,819.1793,629.2104,17118.0,1344.0,191.0185,0.7753,1.7727,546.0,45.9305,0.4704,0.6399,646,963,565,876,215.8974
12,254.747,3,1149.8542,619.6967,21211.0,3395.0,203.0028,0.5059,1.8108,538.0,44.623,0.3752,0.5456,963,1256,565,876,215.8974
12,254.747,4,1357.7113,675.0226,17661.0,483.0,190.9727,0.97,1.9214,546.0,29.3389,0.5625,0.72,1256,1561,565,876,215.8974
12,255.1476,1,458.4912,619.3357,20127.0,3538.0,213.7866,0.6761,1.8039,529.0,32.9116,0.6222,0.7671,341,646,565,876,215.8974
12,255.1476,2,787.7622,642.2567,19048.0,677.0,210.2866,0.6179,2.0629,557.0,50.5958,0.4094,0.581,646,963,565,876,215.8974
12,255.1476,3,1131.5757,600.3071,21130.0,5412.0,233.2254,0.3655,2.4596,541.0,23.6242,0.6716,0.8035,963,1256,565,876,215.8974
12,255.1476,4,1378.5231,667.9025,16885.0,557.0,207.9193,0.9847,2.0384,550.0,35.8086,0.4635,0.6334,1256,1561,565,876,215.8974
12,255.5481,1,456.4951,630.3565,20688.0,3515.0,216.7612,0.7534,1.8664,525.0,26.3329,0.7028,0.8255,341,646,565,876,215.8974
12,255.5481,2,770.1852,641.4959,18963.0,1489.0,237.5299,0.7197,2.6226,536.0,37.3998,0.6207,0.7659,646,963,565,876,215.8974
12,255.5481,3,1102.5681,605.2073,22447.0,4856.0,246.2339,0.3085,2.4579,536.0,33.547,0.5919,0.7436,963,1256,565,876,215.8974
12,255.5481,4,1386.0872,689.2577,17937.0,344.0,191.8468,0.9614,2.0045,560.0,23.8272,0.6495,0.7875,1256,1561,565,876,215.8974
12,255.9487,1,453.1712,634.1459,18591.0,3158.0,207.3235,0.6724,2.3252,535.0,21.2777,0.7084,0.8293,341,646,565,876,215.8974
12,255.9487,2,753.925,641.5316,21416.0,3937.0,249.4667,0.8679,2.5799,518.0,33.5401,0.5409,0.702,646,963,565,876,215.8974
12,255.9487,3,1075.6624,610.1295,21238.0,4407.0,235.6402,0.4083,2.1837,527.0,36.1172,0.5311,0.6937,963,1256,565,876,215.8974
12,255.9487,4,1378.5889,683.0025,18056.0,221.0,199.7355,0.8621,2.157,566.0,27.942,0.6096,0.7575,1256,1561,565,876,215.8974
12,256.3492,1,448.2877,627.1987,16349.0,3409.0,197.1772,0.8016,2.3373,523.0,25.9564,0.6153,0.7618,341,646,565,876,215.8974
12,256.3492,2,747.6606,660.0711,18709.0,1297.0,195.3405,0.7639,2.144,560.0,37.4291,0.4982,0.665,646,963,565,876,215.8974
12,256.3492,3,1076.7933,621.5089,20692.0,4054.0,222.8795,0.6211,2.5355,525.0,29.1523,0.511,0.6764,963,1256,565,876,215.8974
12,256.3492,4,1371.688,678.5264,16669.0,137.0,183.8118,0.9564,1.8748,558.0,28.0959,0.5977,0.7482,1256,1561,565,876,215.8974
12,256.7498,1,432.0591,613.2104,13989.0,2802.0,190.9914,0.8426,2.2688,528.0,22.2857,0.6932,0.8188,341,646,565,876,215.8974
12,256.7498,2,736.0177,659.4919,24128.0,2433.0,204.9774,0.9991,1.5959,527.0,33.0401,0.5202,0.6844,646,963,565,876,215.8974
12,256.7498,3,1054.105,644.649,17773.0,1439.0,229.3758,0.6548,2.6478,527.0,28.747,0.5106,0.676,963,1256,565,876,215.8974
12,256.7498,4,1351.8588,661.5875,16676.0,294.0,186.2413,0.9915,1.7669,553.0,30.4887,0.5349,0.697,1256,1561,565,876,215.8974
12,257.1503,1,433.1599,622.7593,10910.0,951.0,155.7934,0.8987,1.8922,549.0,30.1052,0.6737,0.805,341,646,565,876,215.8974
12,257.1503,2,742.4147,651.2914,22696.0,2157.0,213.7813,0.9968,1.7016,529.0,30.3793,0.5923,0.744,646,963,565,876,215.8974
12,257.1503,3,1055.3208,633.9103,18630.0,2829.0,222.613,0.6841,2.6135,541.0,23.6652,0.6204,0.7658,963,1256,565,876,215.8974
12,257.1503,4,1366.5743,641.2236,14709.0,277.0,192.5724,0.7167,1.9547,559.0,36.8141,0.5211,0.6852,1256,1561,565,876,215.8974
12,257.5508,1,435.0146,617.7783,11287.0,1143.0,139.513,0.9723,1.4001,543.0,30.8614,0.5982,0.7486,341,646,565,876,215.8974
12,257.5508,2,751.0825,653.4837,25011.0,3223.0,235.5724,0.8137,1.9843,519.0,37.9132,0.5397,0.701,646,963,565,876,215.8974
12,257.5508,3,1041.1927,633.0577,15536.0,2099.0,189.5237,0.7297,2.276,542.0,30.3648,0.5568,0.7153,963,1256,565,876,215.8974
12,257.5508,4,1356.5704,660.9497,15858.0,543.0,212.2447,0.8314,2.5526,546.0,23.4641,0.6691,0.8017,1256,1561,565,876,215.8974
12,257.9514,1,457.1145,607.7703,14436.0,3089.0,194.5558,0.8239,2.0056,522.0,38.9815,0.5911,0.743,341,646,565,876,215.8974
12,257.9514,2,775.4179,638.8923,20980.0,2822.0,203.8424,0.8712,1.7151,526.0,38.2946,0.5153,0.6801,646,963,565,876,215.8974
12,257.9514,3,1042.6484,642.4261,14581.0,1516.0,146.6458,0.8752,1.5258,542.0,29.4645,0.5318,0.6944,963,1256,565,876,215.8974
12,257.9514,4,1364.1941,684.8946,19075.0,152.0,202.3152,0.8738,2.0969,559.0,23.5337,0.5986,0.7489,1256,1561,565,876,215.8974
12,258.3519,1,488.6702,613.6574,14782.0,1558.0,209.8076,0.5056,2.4471,544.0,54.4288,0.3775,0.5481,341,646,565,876,215.8974
12,258.3519,2,793.4418,638.467,23608.0,3095.0,204.9334,0.6973,1.6737,533.0,29.8064,0.5819,0.7357,646,963,565,876,215.8974
12,258.3519,3,1017.9359,631.5422,12549.0,1137.0,140.8332,0.9873,1.4197,538.0,28.7135,0.5018,0.6683,963,1256,565,876,215.8974
12,258.3519,4,1374.2996,652.2718,16675.0,447.0,216.8264,0.7533,2.3661,559.0,26.3764,0.5738,0.7292,1256,1561,565,876,215.8974
12,258.7525,1,514.2859,607.2537,16319.0,3254.0,214.951,0.6103,2.4882,523.0,47.3323,0.5392,0.7006,341,646,565,876,215.8974
12,258.7525,2,797.4155,649.4426,24327.0,2864.0,225.9424,0.7287,1.917,537.0,27.551,0.6147,0.7614,646,963,565,876,215.8974
12,258.7525,3,1010.4201,655.7157,15726.0,956.0,163.7396,0.9366,1.664,539.0,25.6788,0.5567,0.7153,963,1256,565,876,215.8974
12,258.7525,4,1374.9241,667.4792,18255.0,769.0,217.6837,0.7793,2.4612,544.0,27.2204,0.5615,0.7192,1256,1561,565,876,215.8974
12,259.153,1,535.7849,604.5038,15354.0,3900.0,202.7048,0.7224,2.3396,515.0,38.7407,0.5788,0.7332,341,646,565,876,215.8974
12,259.153,2,816.1671,671.9955,25092.0,1729.0,219.6649,0.6609,2.2979,564.0,29.2192,0.503,0.6693,646,963,565,876,215.8974
12,259.153,3,1020.4528,639.8252,14133.0,623.0,162.085,0.89,1.5787,547.0,26.2436,0.6402,0.7806,963,1256,565,876,215.8974
12,259.153,4,1392.5895,676.1488,17578.0,428.0,190.4476,0.969,1.8758,552.0,34.9577,0.4703,0.6397,1256,1561,565,876,215.8974
12,259.5536,1,541.0451,610.9484,15215.0,3092.0,207.2687,0.6996,2.5012,524.0,32.7054,0.6963,0.821,341,646,565,876,215.8974
12,259.5536,2,821.5816,663.2491,21622.0,1923.0,207.5057,0.7346,2.2165,551.0,27.5604,0.5202,0.6844,646,963,565,876,215.8974
12,259.5536,3,1029.2921,649.3614,16071.0,824.0,196.405,0.855,2.0498,545.0,29.085,0.6419,0.7819,963,1256,565,876,215.8974
12,259.5536,4,1398.8273,697.2473,20729.0,45.0,210.7865,0.8447,2.1045,562.0,32.5549,0.4684,0.638,1256,1561,565,876,215.8974
12,259.9541,1,538.4389,622.6885,15983.0,2972.0,215.6225,0.7157,2.678,525.0,26.8677,0.6986,0.8226,341,646,565,876,215.8974
12,259.9541,2,813.6562,681.3433,19200.0,1013.0,202.7848,0.8472,2.3321,546.0,22.5873,0.5517,0.7111,646,963,565,876,215.8974
12,259.9541,3,1049.63,636.6126,15447.0,1288.0,177.2958,0.8804,1.7713,535.0,28.2367,0.6077,0.756,963,1256,565,876,215.8974
12,259.9541,4,1390.1535,683.7723,18440.0,554.0,199.9833,0.8603,2.1931,559.0,23.791,0.5424,0.7033,1256,1561,565,876,215.8974
12,260.3547,1,526.6739,644.1284,17144.0,2414.0,211.7352,0.6871,2.7257,549.0,23.9029,0.7255,0.8409,341,646,565,876,215.8974
12,260.3547,2,828.0734,686.551,19849.0,85.0,214.5892,0.8325,2.4474,562.0,29.6502,0.5315,0.6941,646,963,565,876,215.8974
12,260.3547,3,1096.419,648.881,22262.0,2327.0,197.4221,0.9257,1.9576,524.0,42.9391,0.3577,0.5269,963,1256,565,876,215.8974
12,260.3547,4,1403.8037,686.648,24342.0,309.0,222.2782,0.9083,2.0645,557.0,37.5753,0.395,0.5663,1256,1561,565,876,215.8974
12,260.7552,1,548.7595,611.7315,15311.0,3110.0,175.6702,0.8391,1.7194,520.0,37.26,0.5334,0.6957,341,646,565,876,215.8974
12,260.7552,2,842.9427,690.003,20787.0,0.0,177.1799,0.954,1.4947,565.0,26.6589,0.5452,0.7057,646,963,565,876,215.8974
12,260.7552,3,1090.819,651.2221,18089.0,1099.0,218.5318,0.8232,2.2119,543.0,33.3756,0.4685,0.6381,963,1256,565,876,215.8974
12,260.7552,4,1414.1294,682.258,18694.0,269.0,205.2226,0.9047,1.9394,555.0,29.5859,0.5262,0.6896,1256,1561,565,876,215.8974
12,261.1558,1,541.1912,603.2465,15643.0,4117.0,175.5827,0.8543,1.6621,505.0,35.243,0.6319,0.7744,341,646,565,876,215.8974
12,261.1558,2,837.353,673.3778,23398.0,1638.0,216.7288,0.926,1.9422,545.0,34.397,0.3867,0.5577,646,963,565,876,215.8974
12,261.1558,3,1110.4379,684.3555,23319.0,341.0,255.9801,0.6797,2.9997,560.0,40.5963,0.4064,0.578,963,1256,565,876,215.8974
12,261.1558,4,1410.4843,662.3017,20482.0,375.0,213.4998,0.9297,2.1031,558.0,24.4561,0.647,0.7856,1256,1561,565,876,215.8974
12,261.5563,1,524.4507,630.616,19269.0,3500.0,181.3298,0.8655,1.552,514.0,26.3036,0.6376,0.7787,341,646,565,876,215.8974
12,261.5563,2,808.6233,663.5359,17439.0,305.0,180.8821,0.8645,1.7055,555.0,32.9298,0.4422,0.6133,646,963,565,876,215.8974
12,261.5563,3,1127.4186,676.3054,23095.0,575.0,272.7138,0.6359,3.1758,555.0,28.1947,0.6111,0.7587,963,1256,565,876,215.8974
12,261.5563,4,1417.5125,673.1358,19891.0,49.0,236.5704,0.825,2.3908,562.0,28.8,0.614,0.7608,1256,1561,565,876,215.8974
12,261.9568,1,534.7701,639.6825,16169.0,482.0,195.1352,0.6747,1.9407,556.0,28.8068,0.5477,0.7078,341,646,565,876,215.8974
12,261.9568,2,786.2385,652.5529,17079.0,297.0,183.0206,0.7803,1.7726,562.0,37.3893,0.5245,0.6881,646,963,565,876,215.8974
12,261.9568,3,1154.4539,658.995,24672.0,3439.0,251.3725,0.8136,2.8069,522.0,35.9843,0.4736,0.6428,963,1256,565,876,215.8974
12,261.9568,4,1403.697,696.2697,21624.0,240.0,236.9281,0.7909,2.6787,559.0,24.3026,0.6343,0.7762,1256,1561,565,876,215.8974
12,262.3574,1,520.9178,648.2328,20858.0,3206.0,209.2372,0.9414,1.8318,512.0,30.4752,0.5366,0.6984,341,646,565,876,215.8974
12,262.3574,2,759.2113,644.6985,17773.0,860.0,217.9892,0.7638,2.3828,558.0,45.6591,0.4944,0.6617,646,963,565,876,215.8974
12,262.3574,3,1154.5918,653.3574,24245.0,3183.0,228.2846,0.9261,2.1649,524.0,29.6136,0.5328,0.6952,963,1256,565,876,215.8974
12,262.3574,4,1406.651,688.7618,22351.0,105.0,199.9666,0.9895,1.8248,580.0,38.0506,0.421,0.5926,1256,1561,565,876,215.8974
12,262.7579,1,537.9596,634.8614,19865.0,3130.0,193.7284,0.9229,1.6739,507.0,38.4536,0.4762,0.6452,341,646,565,876,215.8974
12,262.7579,2,745.0085,655.3542,21540.0,2060.0,252.9105,0.873,2.5136,535.0,37.0828,0.5444,0.705,646,963,565,876,215.8974
12,262.7579,3,1143.9171,668.5392,23944.0,1923.0,221.0176,0.8341,2.0644,535.0,26.4314,0.6175,0.7635,963,1256,565,876,215.8974
12,262.7579,4,1413.2328,668.4006,18874.0,168.0,220.641,0.9302,2.2053,573.0,32.9826,0.5493,0.7091,1256,1561,565,876,215.8974
12,263.1585,1,516.6035,597.62,18963.0,4867.0,196.9666,0.7095,1.7191,504.0,35.7041,0.548,0.708,341,646,565,876,215.8974
12,263.1585,2,729.3434,651.4287,19218.0,1502.0,238.6334,0.8338,2.4024,539.0,36.8008,0.6081,0.7563,646,963,565,876,215.8974
12,263.1585,3,1145.4894,667.5146,23035.0,1373.0,209.2198,0.8987,1.8885,534.0,25.8378,0.6487,0.7869,963,1256,565,876,215.8974
12,263.1585,4,1400.5225,649.7749,18617.0,440.0,188.2079,0.9295,1.8816,551.0,31.2267,0.5891,0.7414,1256,1561,565,876,215.8974
12,263.559,1,487.4629,599.5088,19052.0,5042.0,179.7071,0.8526,1.4815,498.0,38.8256,0.5084,0.6741,341,646,565,876,215.8974
12,263.559,2,731.7009,677.0727,22139.0,1494.0,237.3324,0.8581,2.3403,538.0,23.0124,0.6792,0.809,646,963,565,876,215.8974
12,263.559,3,1142.7908,653.8586,24633.0,3047.0,194.344,0.989,1.5705,518.0,29.4372,0.5646,0.7217,963,1256,565,876,215.8974
12,263.559,4,1387.4393,675.7084,21761.0,339.0,202.7722,0.9953,1.8254,558.0,30.9458,0.561,0.7188,1256,1561,565,876,215.8974
12,263.9596,1,475.0,616.9309,21809.0,3744.0,244.8195,0.4275,2.6494,552.0,36.3472,0.5448,0.7053,341,646,565,876,215.8974
12,263.9596,2,735.7066,675.5833,19807.0,1004.0,222.9087,0.769,2.3057,561.0,26.8119,0.6314,0.774,646,963,565,876,215.8974
12,263.9596,3,1149.7011,637.6131,23295.0,3130.0,197.8024,0.7248,1.618,520.0,33.9347,0.5218,0.6858,963,1256,565,876,215.8974
12,263.9596,4,1385.8822,709.4419,19421.0,0.0,207.115,0.9941,2.0604,571.0,25.4631,0.5572,0.7156,1256,1561,565,876,215.8974
12,264.3601,1,459.1231,613.8826,22130.0,4578.0,240.7711,0.5099,2.5679,537.0,34.6776,0.5853,0.7384,341,646,565,876,215.8974
12,264.3601,2,733.5503,680.2445,20992.0,840.0,231.4822,0.8887,2.206,565.0,25.3754,0.7297,0.8437,646,963,565,876,215.8974
12,264.3601,3,1119.0736,617.729,24320.0,4412.0,248.8823,0.3745,2.3611,538.0,38.5084,0.4898,0.6575,963,1256,565,876,215.8974
12,264.3601,4,1381.3838,672.9103,20389.0,258.0,211.3158,0.9687,2.0034,572.0,29.9418,0.5342,0.6964,1256,1561,565,876,215.8974
12,264.7607,1,448.6915,619.8382,21269.0,4146.0,233.7072,0.5297,2.5765,537.0,29.6866,0.6534,0.7904,341,646,565,876,215.8974
12,264.7607,2,740.2778,689.1576,21694.0,239.0,234.544,0.866,2.0856,568.0,28.6112,0.6939,0.8193,646,963,565,876,215.8974
12,264.7607,3,1089.9386,621.8931,26201.0,5482.0,233.4186,0.5449,2.1031,510.0,43.5983,0.4978,0.6647,963,1256,565,876,215.8974
12,264.7607,4,1397.7616,664.4739,20097.0,223.0,221.623,0.8979,2.2122,565.0,31.0118,0.6274,0.7711,1256,1561,565,876,215.8974
12,265.1612,1,445.8063,619.675,18669.0,4160.0,227.287,0.7591,2.4098,521.0,34.0165,0.5833,0.7368,341,646,565,876,215.8974
12,265.1612,2,750.6555,695.8157,23970.0,453.0,253.9764,0.8606,2.6601,563.0,30.4611,0.6095,0.7574,646,963,565,876,215.8974
12,265.1612,3,1081.0001,639.9177,25164.0,4197.0,186.8551,0.6259,1.4989,531.0,36.3315,0.4898,0.6575,963,1256,565,876,215.8974
12,265.1612,4,1411.3696,678.4585,20305.0,435.0,229.9272,0.8037,2.4818,555.0,32.1026,0.5354,0.6974,1256,1561,565,876,215.8974
12,265.5618,1,429.5845,619.6996,17297.0,3444.0,214.4775,0.7384,2.4659,523.0,29.9334,0.6314,0.7741,341,646,565,876,215.8974
12,265.5618,2,735.5877,671.8781,22383.0,1737.0,242.0216,0.8613,2.5306,532.0,31.6603,0.5901,0.7422,646,963,565,876,215.8974
12,265.5618,3,1025.0945,630.5775,18139.0,2421.0,174.8599,0.9534,1.4378,534.0,35.3378,0.4143,0.5859,963,1256,565,876,215.8974
12,265.5618,4,1402.9679,685.8824,23226.0,168.0,251.9216,0.7484,2.7839,566.0,25.9952,0.6463,0.7852,1256,1561,565,876,215.8974
12,265.9623,1,426.7554,621.8984,13470.0,2776.0,187.9172,0.8447,2.4286,525.0,34.4387,0.5665,0.7232,341,646,565,876,215.8974
12,265.9623,2,733.1671,671.3546,23229.0,1956.0,216.8104,0.8851,1.9903,534.0,25.1982,0.6443,0.7837,646,963,565,876,215.8974
12,265.9623,3,1056.1955,676.6464,26434.0,2211.0,220.8154,0.9677,1.8856,544.0,22.1636,0.5569,0.7154,963,1256,565,876,215.8974
12,265.9623,4,1413.7813,676.0917,20305.0,0.0,234.9348,0.7291,2.5976,576.0,22.9239,0.6821,0.811,1256,1561,565,876,215.8974
12,266.3628,1,417.9811,610.6756,12143.0,2403.0,162.9504,0.9715,1.8624,526.0,32.3382,0.5629,0.7203,341,646,565,876,215.8974
12,266.3628,2,729.0311,666.6766,21884.0,1952.0,232.7286,0.895,2.2209,534.0,22.2774,0.6709,0.8031,646,963,565,876,215.8974
12,266.3628,3,1058.1084,685.8613,27045.0,1890.0,189.1454,0.9978,1.6034,546.0,22.2388,0.6251,0.7693,963,1256,565,876,215.8974
12,266.3628,4,1423.9708,685.2418,19043.0,6.0,203.4954,0.8514,1.9073,566.0,30.8252,0.5655,0.7224,1256,1561,565,876,215.8974
12,266.7634,1,425.1501,625.9707,12271.0,925.0,158.4914,0.8875,1.6485,543.0,34.8291,0.5121,0.6773,341,646,565,876,215.8974
12,266.7634,2,722.7826,671.9153,21512.0,1073.0,246.2619,0.8543,2.5193,547.0,30.1043,0.6032,0.7525,646,963,565,876,215.8974
12,266.7634,3,1037.3537,669.8348,19264.0,1497.0,172.1486,0.9513,1.5702,550.0,28.5079,0.4526,0.6231,963,1256,565,876,215.8974
12,266.7634,4,1436.3442,666.8516,17503.0,63.0,220.0719,0.8207,2.3687,562.0,21.8641,0.7149,0.8337,1256,1561,565,876,215.8974
12,267.1639,1,444.0541,629.6338,13398.0,944.0,162.0373,0.8425,1.666,546.0,45.237,0.5084,0.6741,341,646,565,876,215.8974
12,267.1639,2,738.6876,707.0826,19372.0,0.0,214.0468,0.8803,2.1642,582.0,26.6646,0.5831,0.7366,646,963,565,876,215.8974
12,267.1639,3,1053.3318,624.6623,15705.0,2144.0,169.5058,0.8481,1.6733,541.0,30.8826,0.5027,0.669,963,1256,565,876,215.8974
12,267.1639,4,1406.6379,707.2007,20723.0,0.0,197.9108,0.9016,2.0252,578.0,25.7404,0.6124,0.7596,1256,1561,565,876,215.8974
12,267.5645,1,455.7069,634.9369,14981.0,824.0,176.9598,0.6682,1.8536,552.0,36.0439,0.6099,0.7577,341,646,565,876,215.8974
12,267.5645,2,731.6214,679.3806,20190.0,1174.0,234.8324,0.8822,2.5622,541.0,25.1399,0.5963,0.7471,646,963,565,876,215.8974
12,267.5645,3,1101.9699,667.5955,21880.0,1370.0,156.2305,0.9021,1.5215,554.0,25.2694,0.4884,0.6563,963,1256,565,876,215.8974
12,267.5645,4,1419.7209,676.4955,20455.0,189.0,203.3562,0.9146,1.8919,581.0,26.9452,0.5787,0.7331,1256,1561,565,876,215.8974
12,267.965,1,470.0169,630.6061,15703.0,1488.0,178.0082,0.7645,1.7866,544.0,32.0641,0.6188,0.7645,341,646,565,876,215.8974
12,267.965,2,726.5001,667.2205,18827.0,670.0,196.916,0.9137,1.9348,556.0,27.7114,0.606,0.7547,646,963,565,876,215.8974
12,267.965,3,1101.812,676.1413,22724.0,1261.0,148.2126,0.9891,1.2886,559.0,24.1571,0.624,0.7685,963,1256,565,876,215.8974
12,267.965,4,1414.1168,674.2179,20161.0,0.0,225.7434,0.8064,2.2477,581.0,27.0792,0.6501,0.7879,1256,1561,565,876,215.8974
12,268.3656,1,487.4052,619.3268,15989.0,2075.0,213.9291,0.6084,2.5032,539.0,29.8347,0.6399,0.7804,341,646,565,876,215.8974
12,268.3656,2,714.7278,650.216,16383.0,823.0,158.1374,0.9978,1.3931,566.0,31.3421,0.5869,0.7397,646,963,565,876,215.8974
12,268.3656,3,1098.1814,668.3887,25606.0,1810.0,185.5758,0.9981,1.6118,547.0,30.1369,0.5474,0.7075,963,1256,565,876,215.8974
12,268.3656,4,1386.8452,688.3207,21543.0,198.0,210.617,0.8344,2.2404,583.0,26.1709,0.6278,0.7713,1256,1561,565,876,215.8974
12,268.7661,1,501.5973,624.8894,15429.0,2016.0,190.3573,0.7652,2.0513,530.0,41.9179,0.558,0.7163,341,646,565,876,215.8974
12,268.7661,2,719.7475,687.215,19463.0,374.0,177.3401,0.9843,1.5873,568.0,31.9192,0.4774,0.6463,646,963,565,876,215.8974
12,268.7661,3,1105.2418,683.964,25862.0,1424.0,204.0823,0.9294,1.968,552.0,28.4832,0.578,0.7325,963,1256,565,876,215.8974
12,268.7661,4,1401.901,674.6571,20969.0,133.0,210.3951,0.8757,2.0668,579.0,22.4685,0.6738,0.8051,1256,1561,565,876,215.8974
12,269.1667,1,520.4946,618.4336,14350.0,2149.0,204.1251,0.7158,2.5152,533.0,34.2139,0.6415,0.7816,341,646,565,876,215.8974
12,269.1667,2,742.4097,683.0863,19301.0,303.0,211.3477,0.9712,2.0664,555.0,35.3199,0.4971,0.6641,646,963,565,876,215.8974
12,269.1667,3,1110.0166,679.8985,24843.0,1516.0,191.6329,0.9068,1.9119,550.0,21.814,0.6252,0.7694,963,1256,565,876,215.8974
12,269.1667,4,1397.4385,676.8652,19101.0,0.0,241.9734,0.7112,2.5837,579.0,32.813,0.5536,0.7127,1256,1561,565,876,215.8974
12,269.5672,1,511.7865,643.2331,17022.0,2026.0,220.9997,0.7109,2.5866,531.0,28.8823,0.6163,0.7626,341,646,565,876,215.8974
12,269.5672,2,750.6868,720.5694,19282.0,0.0,186.246,0.9961,1.7555,600.0,34.3693,0.5126,0.6778,646,963,565,876,215.8974
12,269.5672,3,1124.803,690.832,23324.0,336.0,180.1282,0.9737,1.7877,559.0,23.7644,0.593,0.7445,963,1256,565,876,215.8974
12,269.5672,4,1395.3348,688.8299,18801.0,0.0,245.1581,0.7583,2.6821,582.0,25.6067,0.7191,0.8366,1256,1561,565,876,215.8974
12,269.9678,1,525.2614,633.7841,15064.0,2415.0,221.8522,0.7766,2.9306,532.0,29.6377,0.634,0.776,341,646,565,876,215.8974
12,269.9678,2,771.5396,676.6281,14849.0,0.0,188.894,0.8969,1.9445,581.0,41.7243,0.4413,0.6124,646,963,565,876,215.8974
12,269.9678,3,1113.3358,678.6344,24953.0,1314.0,211.8372,0.9994,1.9156,541.0,26.79,0.5939,0.7452,963,1256,565,876,215.8974
12,269.9678,4,1392.3599,697.1784,18689.0,0.0,216.753,0.883,2.1918,580.0,30.193,0.6008,0.7507,1256,1561,565,876,215.8974
12,270.3683,1,531.9407,628.1978,15351.0,2570.0,178.5335,0.7638,2.178,559.0,31.9843,0.5802,0.7343,341,646,565,876,215.8974
12,270.3683,2,771.8393,684.7862,18019.0,147.0,219.4814,0.9024,2.3622,558.0,27.8967,0.6602,0.7953,646,963,565,876,215.8974
12,270.3683,3,1106.2803,686.8166,26756.0,1278.0,178.1458,0.999,1.6045,557.0,26.6615,0.5502,0.7098,963,1256,565,876,215.8974
12,270.3683,4,1411.4303,667.1525,20953.0,127.0,250.8762,0.8265,2.7159,564.0,29.6066,0.5992,0.7494,1256,1561,565,876,215.8974
12,270.7688,1,548.0928,607.0332,14477.0,3292.0,164.158,0.9612,1.5089,504.0,40.9043,0.4828,0.6512,341,646,565,876,215.8974
12,270.7688,2,775.8879,695.5456,18329.0,0.0,188.3432,0.9851,1.819,568.0,30.575,0.588,0.7406,646,963,565,876,215.8974
12,270.7688,3,1092.5241,663.7367,18009.0,621.0,164.4311,0.9805,1.4986,552.0,25.053,0.4621,0.6321,963,1256,565,876,215.8974
12,270.7688,4,1412.3805,675.0041,21303.0,320.0,245.4912,0.8266,2.727,553.0,22.2388,0.707,0.8284,1256,1561,565,876,215.8974
12,271.1694,1,541.4159,603.2306,15725.0,3054.0,174.0731,0.7928,1.5092,510.0,31.0668,0.6092,0.7572,341,646,565,876,215.8974
12,271.1694,2,773.7936,705.8873,20594.0,0.0,207.3108,0.9691,1.9969,569.0,27.0257,0.6742,0.8054,646,963,565,876,215.8974
12,271.1694,3,1106.2014,684.3839,25109.0,1109.0,174.9234,0.8604,1.6088,561.0,24.0611,0.4726,0.6418,963,1256,565,876,215.8974
12,271.1694,4,1421.0676,683.6865,21331.0,0.0,251.8448,0.7805,2.7728,570.0,33.3096,0.578,0.7326,1256,1561,565,876,215.8974
12,271.5699,1,521.7856,610.5717,17697.0,2922.0,186.1172,0.7468,1.5872,511.0,35.1082,0.5811,0.735,341,646,565,876,215.8974
12,271.5699,2,777.1607,688.519,20056.0,0.0,234.0456,0.7203,2.4196,571.0,42.1309,0.4854,0.6536,646,963,565,876,215.8974
12,271.5699,3,1063.3845,670.6719,20935.0,1376.0,192.2913,0.8705,1.764,548.0,22.2209,0.4915,0.6591,963,1256,565,876,215.8974
12,271.5699,4,1434.1669,668.9951,18337.0,8.0,259.9284,0.7456,3.1362,566.0,20.9652,0.7529,0.859,1256,1561,565,876,215.8974
12,271.9705,1,500.6515,612.0086,21721.0,3944.0,216.5205,0.5974,1.7512,515.0,33.2081,0.5597,0.7177,341,646,565,876,215.8974
12,271.9705,2,775.1243,691.0796,18211.0,0.0,235.5421,0.4655,2.6076,611.0,32.4783,0.6095,0.7574,646,963,565,876,215.8974
12,271.9705,3,1069.0882,652.7588,20183.0,1223.0,198.6429,0.9707,1.7461,554.0,34.9696,0.484,0.6523,963,1256,565,876,215.8974
12,271.9705,4,1433.0145,668.2921,20743.0,552.0,251.7494,0.7639,2.9187,546.0,21.931,0.7301,0.844,1256,1561,565,876,215.8974
12,272.371,1,481.3663,611.8745,19043.0,3280.0,198.5735,0.6894,1.6061,513.0,34.9826,0.56,0.718,341,646,565,876,215.8974
12,272.371,2,775.1895,693.5457,19017.0,0.0,199.4126,0.1007,1.7489,612.0,43.7836,0.4741,0.6432,646,963,565,876,215.8974
12,272.371,3,1098.5535,676.0725,25574.0,1954.0,230.3636,0.8056,2.419,538.0,30.1108,0.4885,0.6564,963,1256,565,876,215.8974
12,272.371,4,1423.8004,673.0459,21895.0,626.0,239.5152,0.8269,2.6217,564.0,25.2038,0.716,0.8345,1256,1561,565,876,215.8974
12,272.7716,1,461.9301,606.9768,20385.0,4545.0,212.0916,0.515,1.7747,533.0,27.8417,0.6504,0.7882,341,646,565,876,215.8974
12,272.7716,2,789.8138,686.2406,15807.0,0.0,203.9608,0.4381,2.137,612.0,46.556,0.444,0.6149,646,963,565,876,215.8974
12,272.7716,3,1090.5806,659.3123,23686.0,2421.0,244.4545,0.734,2.7246,532.0,23.4402,0.6866,0.8142,963,1256,565,876,215.8974
12,272.7716,4,1442.9353,677.0859,17641.0,7.0,230.4521,0.8458,2.5837,570.0,23.1869,0.6455,0.7846,1256,1561,565,876,215.8974
12,273.1721,1,449.3142,607.4559,22212.0,5395.0,246.6116,0.5262,2.1182,514.0,29.2733,0.6667,0.8,341,646,565,876,215.8974
12,273.1721,2,825.6551,688.7361,16301.0,0.0,219.1892,0.9762,2.3688,569.0,60.3906,0.3393,0.5067,646,963,565,876,215.8974
12,273.1721,3,1062.6921,649.0622,18147.0,1458.0,201.1495,0.7639,2.125,548.0,26.7578,0.5333,0.6956,963,1256,565,876,215.8974
12,273.1721,4,1428.711,680.6752,20802.0,250.0,215.5486,0.8845,2.33,566.0,22.8328,0.6452,0.7843,1256,1561,565,876,215.8974
12,273.5727,1,440.3877,613.4706,19750.0,4381.0,227.4729,0.6476,2.0676,519.0,28.1583,0.6494,0.7875,341,646,565,876,215.8974
12,273.5727,2,810.6676,714.3189,20058.0,0.0,218.243,0.9718,2.2853,572.0,20.3919,0.6957,0.8205,646,963,565,876,215.8974
12,273.5727,3,1095.0228,681.1629,23296.0,1146.0,171.9055,0.9796,1.6036,552.0,25.1674,0.4537,0.6242,963,1256,565,876,215.8974
12,273.5727,4,1430.7423,668.3247,20900.0,245.0,235.1751,0.8184,2.3664,575.0,26.7678,0.6313,0.774,1256,1561,565,876,215.8974
12,273.9732,1,425.5897,608.9856,14136.0,3331.0,186.7228,0.7333,2.3165,529.0,34.1167,0.5586,0.7168,341,646,565,876,215.8974
12,273.9732,2,800.0326,708.5697,20524.0,14.0,221.4474,0.9591,2.2801,566.0,26.5204,0.6672,0.8004,646,963,565,876,215.8974
12,273.9732,3,1065.0038,673.2612,18175.0,507.0,175.4822,0.8912,1.6724,555.0,20.9158,0.4364,0.6077,963,1256,565,876,215.8974
12,273.9732,4,1408.2678,699.1889,24971.0,154.0,238.5697,0.8225,2.4743,574.0,20.4265,0.6967,0.8212,1256,1561,565,876,215.8974
12,274.3738,1,405.8297,597.2292,11117.0,2830.0,130.6708,0.9293,1.4513,540.0,31.6966,0.5818,0.7356,341,646,565,876,215.8974
12,274.3738,2,801.3653,685.8735,16799.0,0.0,204.1369,0.9947,2.0911,569.0,33.017,0.5299,0.6928,646,963,565,876,215.8974
12,274.3738,3,1072.8147,646.8087,17219.0,1147.0,175.8574,0.9861,1.5894,551.0,26.6113,0.5294,0.6923,963,1256,565,876,215.8974
12,274.3738,4,1416.1445,709.9425,22887.0,0.0,250.9921,0.801,2.7494,575.0,20.4315,0.7247,0.8404,1256,1561,565,876,215.8974
12,274.7743,1,415.0983,606.8523,10409.0,1254.0,133.569,0.8915,1.361,539.0,29.4413,0.5966,0.7474,341,646,565,876,215.8974
12,274.7743,2,778.3109,707.4829,19756.0,0.0,195.8182,0.793,1.8299,595.0,42.5731,0.4419,0.6129,646,963,565,876,215.8974
12,274.7743,3,1109.3392,670.9195,28601.0,3445.0,206.0173,0.9916,1.8014,538.0,26.569,0.4436,0.6146,963,1256,565,876,215.8974
12,274.7743,4,1429.2826,705.6923,22559.0,0.0,271.3853,0.8044,3.0698,575.0,32.8457,0.6565,0.7926,1256,1561,565,876,215.8974
12,275.1749,1,430.7956,615.3608,14599.0,2188.0,166.3863,0.8225,1.6411,545.0,46.5708,0.4595,0.6296,341,646,565,876,215.8974
12,275.1749,2,785.5051,694.6388,19600.0,0.0,219.5663,0.4449,2.1048,607.0,40.4748,0.493,0.6604,646,963,565,876,215.8974
12,275.1749,3,1127.5555,685.0882,23053.0,777.0,183.8974,0.9993,1.7128,554.0,31.6303,0.4541,0.6246,963,1256,565,876,215.8974
12,275.1749,4,1443.6558,693.6435,22597.0,374.0,270.9805,0.8084,2.9822,553.0,28.6505,0.6422,0.7821,1256,1561,565,876,215.8974
12,275.5754,1,439.8057,631.1888,15097.0,1312.0,193.3349,0.8035,2.0627,540.0,30.4678,0.656,0.7923,341,646,565,876,215.8974
12,275.5754,2,770.6124,670.2941,17140.0,0.0,277.4693,0.4614,3.4457,581.0,44.6852,0.469,0.6385,646,963,565,876,215.8974
12,275.5754,3,1102.2964,689.8092,25422.0,377.0,217.4099,0.8705,2.134,556.0,43.2904,0.3891,0.5602,963,1256,565,876,215.8974
12,275.5754,4,1415.5758,696.341,22977.0,0.0,262.1526,0.7489,2.904,575.0,42.5513,0.4753,0.6444,1256,1561,565,876,215.8974
12,275.9759,1,460.9133,640.0799,13709.0,499.0,181.2802,0.8359,1.8309,550.0,44.6147,0.5264,0.6897,341,646,565,876,215.8974
12,275.9759,2,759.8977,690.9436,18047.0,0.0,237.6193,0.626,2.4403,606.0,41.4987,0.5349,0.697,646,963,565,876,215.8974
12,275.9759,3,1101.0421,671.9252,31020.0,4337.0,265.2807,0.9164,2.4833,517.0,24.4445,0.5943,0.7455,963,1256,565,876,215.8974
12,275.9759,4,1404.7695,690.8664,24815.0,327.0,273.8685,0.7018,3.1021,576.0,21.7099,0.6893,0.8161,1256,1561,565,876,215.8974
12,276.3765,1,485.7758,616.9067,15437.0,2847.0,214.1526,0.8679,2.2946,519.0,35.8886,0.5717,0.7275,341,646,565,876,215.8974
12,276.3765,2,745.9386,683.7752,17115.0,0.0,224.4902,0.317,2.2313,622.0,56.7335,0.3286,0.4947,646,963,565,876,215.8974
12,276.3765,3,1078.1662,629.2342,19699.0,3165.0,227.6442,0.7554,2.319,536.0,26.9413,0.4749,0.644,963,1256,565,876,215.8974
12,276.3765,4,1408.1589,688.8686,24155.0,130.0,269.9739,0.7427,2.7628,564.0,19.6363,0.7273,0.8421,1256,1561,565,876,215.8974
12,276.777,1,498.6786,627.5271,15275.0,1793.0,231.5915,0.6979,2.9267,530.0,42.9305,0.5388,0.7003,341,646,565,876,215.8974
12,276.777,2,743.9253,714.922,16133.0,0.0,192.3769,0.2402,1.9839,659.0,63.6289,0.3454,0.5135,646,963,565,876,215.8974
12,276.777,3,1110.4922,651.611,24783.0,2474.0,248.7249,0.6453,2.4825,543.0,25.3627,0.5343,0.6965,963,1256,565,876,215.8974
12,276.777,4,1409.059,672.7661,24043.0,466.0,256.8041,0.7163,2.6562,564.0,21.0849,0.7164,0.8348,1256,1561,565,876,215.8974
12,277.1776,1,517.0988,627.7104,15233.0,2183.0,233.8661,0.714,3.1321,524.0,47.3137,0.5404,0.7017,341,646,565,876,215.8974
12,277.1776,2,744.4754,730.8844,19324.0,0.0,243.0723,0.6361,2.6097,625.0,43.3534,0.4678,0.6374,646,963,565,876,215.8974
12,277.1776,3,1129.0073,658.937,22203.0,1284.0,232.6613,0.6076,2.6513,550.0,29.6663,0.6357,0.7773,963,1256,565,876,215.8974
12,277.1776,4,1405.769,674.3403,23067.0,38.0,263.7639,0.6071,2.8432,576.0,26.7503,0.6507,0.7884,1256,1561,565,876,215.8974
12,277.5781,1,527.5598,624.2953,14980.0,2692.0,205.2659,0.7783,2.5769,519.0,30.0146,0.6531,0.7901,341,646,565,876,215.8974
12,277.5781,2,735.9921,727.2928,22799.0,0.0,257.4173,0.8306,2.5906,587.0,39.5696,0.5505,0.7101,646,963,565,876,215.8974
12,277.5781,3,1141.4226,663.1386,22440.0,1467.0,206.3299,0.8208,2.0165,535.0,32.4583,0.5962,0.747,963,1256,565,876,215.8974
12,277.5781,4,1400.4444,674.1307,24393.0,354.0,283.5171,0.5716,3.0755,578.0,27.7802,0.6715,0.8035,1256,1561,565,876,215.8974
12,277.9787,1,521.2027,626.5396,15603.0,2443.0,205.2661,0.7233,2.4936,524.0,25.3611,0.6726,0.8042,341,646,565,876,215.8974
12,277.9787,2,736.9341,681.6909,24337.0,1727.0,254.7454,0.8566,2.5692,547.0,44.2075,0.4287,0.6001,646,963,565,876,215.8974
12,277.9787,3,1143.9624,660.2944,23508.0,2815.0,197.5254,0.9975,1.7587,520.0,34.1357,0.5558,0.7145,963,1256,565,876,215.8974
12,277.9787,4,1405.6139,670.5204,23457.0,506.0,266.8775,0.7128,2.8046,559.0,26.9906,0.7025,0.8252,1256,1561,565,876,215.8974
12,278.3792,1,517.3259,636.3441,15927.0,1760.0,211.2028,0.623,2.5888,553.0,31.9008,0.6312,0.7739,341,646,565,876,215.8974
12,278.3792,2,751.269,662.3543,24564.0,2600.0,251.0394,0.8111,2.3595,522.0,36.3165,0.5499,0.7096,646,963,565,876,215.8974
12,278.3792,3,1148.1364,661.7428,22737.0,2135.0,187.9462,0.9969,1.6983,523.0,22.5339,0.7008,0.8241,963,1256,565,876,215.8974
12,278.3792,4,1413.0913,656.7255,23868.0,1069.0,242.1024,0.7853,2.1336,540.0,27.4359,0.6915,0.8176,1256,1561,565,876,215.8974
12,278.7798,1,507.8507,660.5235,15235.0,255.0,225.3367,0.6917,2.9239,555.0,25.238,0.634,0.776,341,646,565,876,215.8974
12,278.7798,2,763.0065,669.0,21568.0,501.0,255.8886,0.6618,2.5862,556.0,28.1454,0.5283,0.6913,646,963,565,876,215.8974
12,278.7798,3,1137.9492,661.9073,25104.0,2657.0,189.9369,0.9597,1.6072,514.0,20.3554,0.7189,0.8365,963,1256,565,876,215.8974
12,278.7798,4,1408.4013,655.6063,24041.0,1202.0,221.5017,0.8065,1.7733,539.0,27.2526,0.7162,0.8346,1256,1561,565,876,215.8974
12,279.1803,1,530.7444,622.9286,18232.0,4236.0,225.3939,0.8813,2.339,497.0,38.7441,0.4408,0.6119,341,646,565,876,215.8974
12,279.1803,2,789.655,689.3061,19538.0,0.0,241.5892,0.4561,2.6037,600.0,37.8406,0.5178,0.6823,646,963,565,876,215.8974
12,279.1803,3,1121.41,639.8126,26740.0,3898.0,227.6734,0.5142,1.8532,532.0,29.5753,0.5676,0.7241,963,1256,565,876,215.8974
12,279.1803,4,1413.9885,655.2007,22869.0,835.0,210.7461,0.8904,1.5597,541.0,28.3115,0.6433,0.7829,1256,1561,565,876,215.8974
12,279.5809,1,534.322,631.8885,12915.0,2029.0,149.4875,0.7641,1.9069,560.0,31.9531,0.5458,0.7062,341,646,565,876,215.8974
12,279.5809,2,787.1492,688.9096,16687.0,0.0,226.9715,0.6191,2.5162,599.0,28.6603,0.6377,0.7788,646,963,565,876,215.8974
12,279.5809,3,1103.1965,629.0261,27352.0,5721.0,257.9732,0.6043,2.3852,501.0,28.5707,0.6357,0.7773,963,1256,565,876,215.8974
12,279.5809,4,1399.1472,660.8926,24880.0,1129.0,206.7249,0.9849,1.591,541.0,31.1429,0.5974,0.748,1256,1561,565,876,215.8974
12,279.9814,1,533.5444,600.2292,6829.0,1337.0,129.154,0.9779,2.1425,537.0,33.3959,0.3925,0.5637,341,646,565,876,215.8974
12,279.9814,2,769.7089,700.9022,18380.0,0.0,205.9786,0.8314,2.1913,581.0,34.0771,0.4682,0.6378,646,963,565,876,215.8974
12,279.9814,3,1071.9525,634.2497,24700.0,5221.0,203.6794,0.7909,1.7787,511.0,41.7504,0.4751,0.6442,963,1256,565,876,215.8974
12,279.9814,4,1384.4237,669.8992,25436.0,1118.0,209.9419,0.9837,1.6829,543.0,30.7882,0.6218,0.7668,1256,1561,565,876,215.8974
12,280.3819,1,505.8125,592.8563,10504.0,1911.0,148.4996,0.4476,1.564,542.0,47.1623,0.4053,0.5768,341,646,565,876,215.8974
12,280.3819,2,727.1283,659.7622,18149.0,1015.0,225.7833,0.9138,2.3998,545.0,36.7084,0.4155,0.587,646,963,565,876,215.8974
12,280.3819,3,1071.4955,668.9059,23431.0,2018.0,193.1417,0.8555,2.0733,533.0,38.6042,0.4274,0.5988,963,1256,565,876,215.8974
12,280.3819,4,1390.5574,663.7546,26724.0,1220.0,232.4299,0.8645,1.9017,554.0,29.2045,0.6405,0.7809,1256,1561,565,876,215.8974
12,280.7825,1,472.7541,592.6162,16321.0,3965.0,238.0191,0.3981,2.6447,527.0,42.7209,0.5163,0.681,341,646,565,876,215.8974
12,280.7825,2,717.3413,673.4918,19227.0,1053.0,210.1777,0.9726,2.1473,545.0,21.8494,0.6513,0.7888,646,963,565,876,215.8974
12,280.7825,3,1004.8918,648.6602,15225.0,1480.0,179.6276,0.9925,1.971,542.0,27.4032,0.3998,0.5712,963,1256,565,876,215.8974
12,280.7825,4,1367.1524,656.5299,25255.0,1200.0,222.6616,0.9137,1.7822,539.0,37.4116,0.567,0.7237,1256,1561,565,876,215.8974
12,281.183,1,458.0984,605.31,17554.0,3402.0,220.3367,0.5538,2.2979,527.0,42.2794,0.5913,0.7431,341,646,565,876,215.8974
12,281.183,2,718.9518,697.7351,19167.0,505.0,198.3161,0.9998,2.0602,563.0,24.2317,0.6334,0.7756,646,963,565,876,215.8974
12,281.183,3,1009.262,638.1311,14884.0,1239.0,158.6547,0.9994,1.5341,549.0,25.047,0.6795,0.8092,963,1256,565,876,215.8974
12,281.183,4,1367.646,646.6537,24850.0,1256.0,256.9524,0.5941,2.3145,546.0,39.2282,0.542,0.703,1256,1561,565,876,215.8974
12,281.5836,1,440.7586,614.0227,17434.0,2888.0,224.3124,0.6577,2.4174,526.0,42.0092,0.5824,0.7361,341,646,565,876,215.8974
12,281.5836,2,716.8649,706.4997,20275.0,384.0,200.0355,0.9884,2.0206,568.0,20.9753,0.7235,0.8396,646,963,565,876,215.8974
12,281.5836,3,1026.493,640.9557,15321.0,1178.0,167.3917,0.9874,1.6077,551.0,30.9134,0.5869,0.7397,963,1256,565,876,215.8974
12,281.5836,4,1359.5072,637.7134,21692.0,1505.0,252.6211,0.7153,2.5503,537.0,29.3366,0.661,0.7959,1256,1561,565,876,215.8974
12,281.9841,1,434.9129,620.4622,18144.0,3537.0,231.57,0.7244,2.6014,524.0,29.4336,0.6838,0.8122,341,646,565,876,215.8974
12,281.9841,2,719.6173,696.1709,20471.0,804.0,230.3312,0.9815,2.3879,559.0,30.8136,0.5587,0.7169,646,963,565,876,215.8974
12,281.9841,3,1037.7419,662.3506,17039.0,993.0,170.5095,0.9464,1.6701,554.0,31.3056,0.5227,0.6865,963,1256,565,876,215.8974
12,281.9841,4,1347.7706,645.1926,20119.0,822.0,246.0396,0.7514,2.59,547.0,35.854,0.6191,0.7648,1256,1561,565,876,215.8974
12,282.3847,1,419.0933,609.3895,18918.0,5238.0,223.2518,0.7984,2.3109,501.0,30.2094,0.6422,0.7821,341,646,565,876,215.8974
12,282.3847,2,725.5958,686.087,19116.0,983.0,230.2211,0.9312,2.4848,560.0,27.1376,0.6782,0.8082,646,963,565,876,215.8974
12,282.3847,3,1053.9562,680.7164,17594.0,293.0,172.781,0.9254,1.6705,558.0,29.0756,0.5195,0.6837,963,1256,565,876,215.8974
12,282.3847,4,1345.5,665.793,21395.0,715.0,252.9223,0.8145,2.6472,547.0,28.4652,0.6636,0.7978,1256,1561,565,876,215.8974
12,282.7852,1,421.3135,602.3081,18703.0,5009.0,217.1518,0.7249,2.0163,509.0,27.7893,0.7218,0.8384,341,646,565,876,215.8974
12,282.7852,2,718.6758,669.4225,16596.0,534.0,194.7594,0.9967,1.9874,565.0,33.2932,0.5577,0.7161,646,963,565,876,215.8974
12,282.7852,3,1064.7288,678.9204,18345.0,199.0,192.2486,0.8622,1.9117,559.0,23.977,0.6336,0.7757,963,1256,565,876,215.8974
12,282.7852,4,1343.4705,676.3293,21239.0,629.0,253.2201,0.8552,2.7653,550.0,27.2689,0.6969,0.8214,1256,1561,565,876,215.8974
12,283.1858,1,449.8452,610.0222,19131.0,4514.0,230.1895,0.5691,2.6403,525.0,36.8859,0.6219,0.7669,341,646,565,876,215.8974
12,283.1858,2,721.6393,699.4991,20238.0,456.0,184.6759,0.9654,1.7897,567.0,26.2066,0.5606,0.7184,646,963,565,876,215.8974
12,283.1858,3,1083.0415,651.4614,18298.0,344.0,226.1743,0.6841,2.3778,556.0,31.4849,0.5631,0.7205,963,1256,565,876,215.8974
12,283.1858,4,1331.615,691.8914,22098.0,658.0,238.3867,0.8814,2.5404,551.0,22.7924,0.6309,0.7737,1256,1561,565,876,215.8974
12,283.5863,1,431.9193,593.0429,16932.0,5560.0,224.2838,0.7077,2.4694,509.0,32.5637,0.6141,0.7609,341,646,565,876,215.8974
12,283.5863,2,715.6096,697.9451,18933.0,0.0,195.3378,0.9893,1.8913,566.0,21.3654,0.617,0.7631,646,963,565,876,215.8974
12,283.5863,3,1119.1119,665.1473,24083.0,1864.0,231.4626,0.7553,2.4728,542.0,23.8878,0.5161,0.6808,963,1256,565,876,215.8974
12,283.5863,4,1334.2913,673.9223,21605.0,772.0,236.2732,0.8281,2.5069,546.0,26.2012,0.651,0.7886,1256,1561,565,876,215.8974
12,283.9869,1,437.1242,614.1138,13302.0,2448.0,180.4597,0.6862,2.3608,542.0,34.0567,0.5182,0.6827,341,646,565,876,215.8974
12,283.9869,2,724.1583,694.536,18926.0,345.0,210.6729,0.9678,2.2502,565.0,34.8126,0.5063,0.6723,646,963,565,876,215.8974
12,283.9869,3,1135.7114,664.415,23075.0,1374.0,232.7897,0.6814,2.5313,538.0,38.8478,0.4975,0.6644,963,1256,565,876,215.8974
12,283.9869,4,1342.904,655.4065,18572.0,669.0,220.156,0.8433,2.2783,551.0,35.2624,0.5902,0.7423,1256,1561,565,876,215.8974
12,284.3874,1,414.4103,586.4641,6339.0,1222.0,109.8194,0.5373,1.4905,540.0,38.5148,0.3498,0.5183,341,646,565,876,215.8974
12,284.3874,2,733.4637,702.964,19549.0,47.0,221.7177,0.9953,2.3057,564.0,30.1748,0.5919,0.7437,646,963,565,876,215.8974
12,284.3874,3,1145.6693,657.317,19866.0,1383.0,188.7864,0.8398,1.7944,530.0,34.0371,0.5032,0.6695,963,1256,565,876,215.8974
12,284.3874,4,1333.1465,646.9803,18290.0,1427.0,209.6986,0.9172,2.0353,532.0,30.1993,0.6699,0.8023,1256,1561,565,876,215.8974
12,284.7879,1,425.347,607.8641,10539.0,1240.0,132.2292,0.8064,1.381,540.0,33.5628,0.4847,0.6529,341,646,565,876,215.8974
12,284.7879,2,736.583,692.8451,19684.0,0.0,231.2114,0.8425,2.3175,568.0,42.8614,0.4205,0.592,646,963,565,876,215.8974
12,284.7879,3,1153.3342,649.32,22251.0,3085.0,186.7746,0.9347,1.4945,520.0,34.1611,0.5878,0.7404,963,1256,565,876,215.8974
12,284.7879,4,1332.7264,661.7915,20937.0,1060.0,219.2653,0.866,2.013,545.0,24.7,0.6805,0.8099,1256,1561,565,876,215.8974
12,285.1885,1,439.123,618.7929,11663.0,976.0,139.0792,0.9316,1.3738,543.0,35.6545,0.6087,0.7568,341,646,565,876,215.8974
12,285.1885,2,751.1949,679.6485,18110.0,107.0,225.1814,0.8303,2.4365,559.0,31.1217,0.6193,0.7649,646,963,565,876,215.8974
12,285.1885,3,1135.6463,618.699,21182.0,3608.0,212.805,0.6552,1.8812,525.0,35.3156,0.4815,0.65,963,1256,565,876,215.8974
12,285.1885,4,1348.2729,658.2489,22225.0,687.0,222.5203,0.8962,2.0655,548.0,25.9034,0.6557,0.792,1256,1561,565,876,215.8974
12,285.589,1,446.7268,623.1491,13364.0,875.0,195.2081,0.5844,2.3172,553.0,47.632,0.5205,0.6846,341,646,565,876,215.8974
12,285.589,2,761.702,688.4457,18881.0,0.0,187.2365,0.917,1.8688,566.0,33.1564,0.5663,0.7231,646,963,565,876,215.8974
12,285.589,3,1124.5536,637.3777,27138.0,4386.0,247.0195,0.4037,2.2889,539.0,30.0252,0.5459,0.7063,963,1256,565,876,215.8974
12,285.589,4,1336.2301,663.3266,23181.0,1541.0,239.17,0.9601,2.0437,532.0,23.7944,0.7092,0.8298,1256,1561,565,876,215.8974
12,285.9896,1,465.0074,626.6582,15776.0,1330.0,211.1589,0.6541,2.3385,544.0,40.0997,0.5904,0.7424,341,646,565,876,215.8974
12,285.9896,2,779.6673,662.5466,17474.0,0.0,211.5294,0.7287,2.1905,567.0,35.4067,0.545,0.7055,646,963,565,876,215.8974
12,285.9896,3,1098.6237,642.3116,27683.0,4160.0,248.5345,0.4844,2.2427,520.0,38.4693,0.5596,0.7176,963,1256,565,876,215.8974
12,285.9896,4,1344.3402,665.8888,23226.0,858.0,244.3361,0.8728,2.0597,551.0,27.9824,0.7048,0.8268,1256,1561,565,876,215.8974
12,286.3901,1,482.2934,619.048,16204.0,2326.0,205.3294,0.6644,2.2704,533.0,34.2251,0.625,0.7692,341,646,565,876,215.8974
12,286.3901,2,783.79,670.6162,18170.0,33.0,234.9698,0.6841,2.6331,564.0,32.0359,0.6472,0.7858,646,963,565,876,215.8974
12,286.3901,3,1071.0843,648.2562,23400.0,3330.0,201.3224,0.7675,1.8899,521.0,42.4562,0.4299,0.6013,963,1256,565,876,215.8974
12,286.3901,4,1351.9079,672.3468,24749.0,815.0,260.6536,0.8288,2.369,551.0,26.1802,0.6933,0.8189,1256,1561,565,876,215.8974
12,286.7907,1,499.5349,611.094,15758.0,2265.0,212.6331,0.5492,2.4303,537.0,35.1879,0.6811,0.8103,341,646,565,876,215.8974
12,286.7907,2,783.4646,692.8762,18731.0,14.0,239.2886,0.8545,2.8254,566.0,35.4902,0.5665,0.7233,646,963,565,876,215.8974
12,286.7907,3,1061.4141,666.802,25718.0,3258.0,208.5564,0.8983,1.9466,513.0,23.4929,0.6128,0.7599,963,1256,565,876,215.8974
12,286.7907,4,1346.919,648.436,22834.0,2151.0,247.2147,0.8907,2.3518,523.0,27.6456,0.6325,0.7749,1256,1561,565,876,215.8974
12,287.1912,1,517.1595,605.9898,15301.0,3312.0,195.4406,0.6671,2.1531,521.0,39.5047,0.6019,0.7515,341,646,565,876,215.8974
12,287.1912,2,784.5451,692.9088,18076.0,91.0,206.0834,0.9079,2.2277,561.0,32.8247,0.6176,0.7636,646,963,565,876,215.8974
12,287.1912,3,1045.291,635.3025,17083.0,2138.0,232.2052,0.6552,2.6213,520.0,43.3921,0.405,0.5765,963,1256,565,876,215.8974
12,287.1912,4,1326.395,648.4369,18501.0,1812.0,226.8797,0.8052,2.3484,518.0,37.0363,0.5614,0.7191,1256,1561,565,876,215.8974
12,287.5918,1,517.571,627.876,16494.0,2560.0,201.6797,0.7053,2.2984,534.0,39.1207,0.5732,0.7287,341,646,565,876,215.8974
12,287.5918,2,792.136,708.4487,19590.0,27.0,218.8215,0.9355,2.3323,565.0,40.1636,0.5094,0.6749,646,963,565,876,215.8974
12,287.5918,3,1057.2165,648.8754,20244.0,2862.0,238.2878,0.7861,2.57,539.0,35.5936,0.6291,0.7723,963,1256,565,876,215.8974
12,287.5918,4,1360.1522,673.27,19550.0,1338.0,246.2096,0.7641,3.0168,539.0,35.6279,0.5383,0.6999,1256,1561,565,876,215.8974
12,287.9923,1,515.5186,634.7366,13406.0,319.0,199.2177,0.63,2.4447,555.0,23.3386,0.6597,0.795,341,646,565,876,215.8974
12,287.9923,2,793.3863,717.9029,18567.0,0.0,247.3651,0.8628,2.879,578.0,36.7942,0.6168,0.763,646,963,565,876,215.8974
12,287.9923,3,1043.2084,645.2617,21033.0,3072.0,241.4702,0.7804,2.5227,516.0,27.1581,0.6489,0.7871,963,1256,565,876,215.8974
12,287.9923,4,1337.8597,652.4774,20977.0,2161.0,249.9714,0.9128,2.7013,535.0,32.7571,0.5021,0.6685,1256,1561,565,876,215.8974
12,288.3929,1,529.6848,624.1969,16626.0,3616.0,217.9862,0.8725,2.5,505.0,39.7678,0.4802,0.6488,341,646,565,876,215.8974
12,288.3929,2,801.0579,720.5218,16210.0,0.0,194.8099,0.8534,2.2631,610.0,39.0024,0.4816,0.6501,646,963,565,876,215.8974
12,288.3929,3,1054.68,638.8868,19561.0,2900.0,238.6897,0.6786,2.7028,512.0,25.9853,0.6355,0.7772,963,1256,565,876,215.8974
12,288.3929,4,1351.8717,665.5265,20351.0,446.0,231.2689,0.7933,2.8376,549.0,25.3728,0.6301,0.7731,1256,1561,565,876,215.8974
12,288.7934,1,551.5992,609.8937,15378.0,3423.0,179.2317,0.9974,1.6216,508.0,38.9746,0.5012,0.6677,341,646,565,876,215.8974
12,288.7934,2,800.6554,702.3378,16385.0,0.0,160.0962,0.2688,1.5106,620.0,44.7792,0.3854,0.5563,646,963,565,876,215.8974
12,288.7934,3,1078.9025,669.3955,21863.0,1749.0,210.2764,0.758,2.4219,543.0,27.9364,0.5156,0.6804,963,1256,565,876,215.8974
12,288.7934,4,1342.1243,650.4328,18438.0,572.0,258.1453,0.8152,2.7861,548.0,23.8694,0.7177,0.8356,1256,1561,565,876,215.8974
12,289.1939,1,540.3225,602.3834,15596.0,3290.0,180.1029,0.7706,1.697,508.0,39.7452,0.5363,0.6982,341,646,565,876,215.8974
12,289.1939,2,808.1963,724.1027,17883.0,0.0,203.3844,0.8622,2.64,596.0,47.7316,0.3921,0.5633,646,963,565,876,215.8974
12,289.1939,3,1044.8111,638.223,17215.0,2080.0,196.725,0.9792,1.8241,536.0,33.9837,0.4463,0.6172,963,1256,565,876,215.8974
12,289.1939,4,1343.1113,661.976,19908.0,1566.0,233.8251,0.8835,2.476,532.0,37.0369,0.53,0.6928,1256,1561,565,876,215.8974
12,289.5945,1,504.6681,591.8628,15570.0,3451.0,190.9758,0.5819,1.6887,505.0,39.8507,0.4881,0.656,341,646,565,876,215.8974
12,289.5945,2,815.2377,705.5632,19233.0,206.0,232.5262,0.9305,2.7081,557.0,30.2259,0.5119,0.6771,646,963,565,876,215.8974
12,289.5945,3,1060.9687,649.4451,18559.0,1798.0,235.2464,0.8001,2.6043,540.0,39.43,0.5466,0.7068,963,1256,565,876,215.8974
12,289.5945,4,1334.4298,646.1806,20011.0,1371.0,196.5578,0.9411,1.6168,538.0,30.8154,0.6268,0.7706,1256,1561,565,876,215.8974
12,289.995,1,470.3147,596.2384,19810.0,5010.0,231.7944,0.4592,2.0019,506.0,40.2554,0.4656,0.6354,341,646,565,876,215.8974
12,289.995,2,827.1831,659.1294,15523.0,695.0,221.2357,0.8915,2.6602,541.0,34.2373,0.4697,0.6391,646,963,565,876,215.8974
12,289.995,3,1087.32,666.5982,24063.0,2152.0,251.6595,0.8098,2.926,532.0,22.9279,0.5826,0.7363,963,1256,565,876,215.8974
12,289.995,4,1341.769,645.9311,22370.0,1407.0,201.3902,0.972,1.665,531.0,25.368,0.6827,0.8114,1256,1561,565,876,215.8974
12,290.3956,1,457.0438,598.6537,20218.0,4514.0,236.2781,0.3697,2.1197,534.0,30.9984,0.6616,0.7963,341,646,565,876,215.8974
12,290.3956,2,801.1904,692.3689,17445.0,8.0,181.0382,0.992,1.8563,564.0,37.0264,0.4362,0.6074,646,963,565,876,215.8974
12,290.3956,3,1077.8799,660.2703,21756.0,2919.0,240.1687,0.8623,2.9109,506.0,29.5264,0.5983,0.7486,963,1256,565,876,215.8974
12,290.3956,4,1333.7452,657.7938,23991.0,934.0,220.4,0.937,1.7821,547.0,26.1505,0.7024,0.8252,1256,1561,565,876,215.8974
12,290.7961,1,451.0047,610.8627,20074.0,3826.0,236.8883,0.4681,2.6519,537.0,30.9628,0.6421,0.782,341,646,565,876,215.8974
12,290.7961,2,812.4538,681.8116,17437.0,102.0,218.9228,0.9999,2.1537,560.0,27.8797,0.542,0.703,646,963,565,876,215.8974
12,290.7961,3,1042.691,656.575,20155.0,2304.0,241.7222,0.9357,2.486,525.0,31.6556,0.452,0.6226,963,1256,565,876,215.8974
12,290.7961,4,1339.4222,673.3277,25493.0,584.0,236.1503,0.9427,1.9256,553.0,25.9685,0.7068,0.8282,1256,1561,565,876,215.8974
12,291.1967,1,465.9832,630.1612,21410.0,3672.0,247.1359,0.4332,2.9729,526.0,26.3884,0.6539,0.7907,341,646,565,876,215.8974
12,291.1967,2,802.2524,659.4287,16857.0,374.0,230.7949,0.8394,2.6,553.0,37.4286,0.5092,0.6748,646,963,565,876,215.8974
12,291.1967,3,1034.9262,645.4188,17489.0,2626.0,261.0626,0.8755,3.319,510.0,34.6321,0.596,0.7469,963,1256,565,876,215.8974
12,291.1967,4,1334.7447,668.4536,24986.0,1788.0,227.5994,0.9949,1.8593,531.0,33.5766,0.6184,0.7642,1256,1561,565,876,215.8974
12,291.5972,1,435.5472,606.4114,18638.0,5730.0,243.1024,0.7963,2.8224,494.0,42.1241,0.4342,0.6055,341,646,565,876,215.8974
12,291.5972,2,797.6758,670.855,17929.0,731.0,234.3924,0.8679,2.7489,544.0,20.1732,0.7686,0.8691,646,963,565,876,215.8974
12,291.5972,3,1024.8929,656.5856,18121.0,2469.0,238.8574,0.904,2.8586,510.0,32.7838,0.6107,0.7583,963,1256,565,876,215.8974
12,291.5972,4,1335.8538,647.8382,25034.0,2387.0,216.289,0.9946,1.6295,516.0,30.0792,0.643,0.7827,1256,1561,565,876,215.8974
12,291.9978,1,410.5627,595.9715,11843.0,3238.0,183.3691,0.7163,2.3885,530.0,34.6528,0.5315,0.6941,341,646,565,876,215.8974
12,291.9978,2,812.5844,681.6926,18232.0,707.0,211.9771,0.9878,2.3083,541.0,39.3319,0.4791,0.6478,646,963,565,876,215.8974
12,291.9978,3,1022.4079,643.3292,17568.0,2867.0,239.7745,0.9108,2.8033,502.0,23.2316,0.7381,0.8493,963,1256,565,876,215.8974
12,291.9978,4,1353.5198,658.1116,26395.0,2587.0,220.5883,0.9995,1.6681,508.0,29.6085,0.6292,0.7724,1256,1561,565,876,215.8974
12,292.3983,1,413.9542,609.3379,11252.0,1972.0,143.2873,0.979,1.5964,543.0,30.8011,0.582,0.7357,341,646,565,876,215.8974
12,292.3983,2,831.8906,672.9611,18874.0,604.0,244.2892,0.9006,2.6689,547.0,42.2794,0.4583,0.6286,646,963,565,876,215.8974
12,292.3983,3,1022.6221,652.7039,18150.0,2636.0,234.0627,0.9002,2.6216,511.0,23.1087,0.725,0.8406,963,1256,565,876,215.8974
12,292.3983,4,1356.8824,664.7383,25286.0,1687.0,224.171,0.9742,1.6569,522.0,36.6719,0.4987,0.6655,1256,1561,565,876,215.8974
12,292.7989,1,430.4639,609.4539,10932.0,1347.0,136.9058,0.9101,1.3955,538.0,34.4121,0.5585,0.7167,341,646,565,876,215.8974
12,292.7989,2,827.3699,668.9209,15921.0,526.0,242.5331,0.8501,3.0217,553.0,31.1926,0.6514,0.7889,646,963,565,876,215.8974
12,292.7989,3,1011.3089,661.2266,16972.0,2198.0,234.6241,0.9674,3.0146,515.0,38.187,0.5615,0.7192,963,1256,565,876,215.8974
12,292.7989,4,1358.2168,653.5802,25325.0,1675.0,204.8128,0.9898,1.5069,534.0,27.8754,0.6099,0.7577,1256,1561,565,876,215.8974
12,293.1994,1,447.5431,609.0991,12437.0,1333.0,155.6574,0.6236,1.5647,548.0,40.4499,0.6353,0.777,341,646,565,876,215.8974
12,293.1994,2,828.8849,688.1401,16712.0,884.0,228.0331,0.9151,3.1326,543.0,30.4037,0.5308,0.6935,646,963,565,876,215.8974
12,293.1994,3,1009.7,663.79,15178.0,1856.0,212.1008,0.943,2.9866,527.0,25.4144,0.6044,0.7534,963,1256,565,876,215.8974
12,293.1994,4,1355.0006,658.6286,27607.0,2869.0,238.8679,0.9932,1.8828,516.0,29.3968,0.6258,0.7698,1256,1561,565,876,215.8974
12,293.6,1,464.9067,618.3167,13987.0,1342.0,164.0154,0.7306,1.6495,545.0,42.0821,0.5639,0.7212,341,646,565,876,215.8974
12,293.6,2,843.4439,697.5724,15927.0,461.0,203.4143,0.9677,2.809,561.0,38.7915,0.471,0.6403,646,963,565,876,215.8974
12,293.6,3,1011.8149,662.6993,15493.0,1680.0,165.969,0.9942,1.8832,536.0,32.8921,0.5274,0.6906,963,1256,565,876,215.8974
12,293.6,4,1360.3682,673.6768,26745.0,1024.0,226.3127,0.9871,1.7493,543.0,25.1616,0.7113,0.8313,1256,1561,565,876,215.8974
12,294.0005,1,477.1136,615.4912,14339.0,1474.0,197.1307,0.542,2.2114,548.0,34.0089,0.6604,0.7955,341,646,565,876,215.8974
12,294.0005,2,847.0946,671.7159,15171.0,724.0,234.4337,0.9759,2.8601,541.0,27.8076,0.5203,0.6845,646,963,565,876,215.8974
12,294.0005,3,1007.3755,630.5661,14263.0,1873.0,174.9856,0.997,1.897,539.0,25.5319,0.5777,0.7324,963,1256,565,876,215.8974
12,294.0005,4,1337.7253,671.9842,26002.0,1101.0,213.6885,0.9626,1.6526,548.0,36.5085,0.5679,0.7244,1256,1561,565,876,215.8974
12,294.401,1,485.8254,621.6177,14686.0,1898.0,192.8912,0.7081,2.237,535.0,35.9293,0.6315,0.7742,341,646,565,876,215.8974
12,294.401,2,837.7609,676.2863,14824.0,453.0,225.1331,0.9904,2.973,546.0,26.3943,0.6008,0.7506,646,963,565,876,215.8974
12,294.401,3,1015.9749,664.1431,19026.0,1755.0,205.5714,0.9637,2.1852,532.0,29.3274,0.5235,0.6873,963,1256,565,876,215.8974
12,294.401,4,1350.1581,638.2605,20654.0,1666.0,189.8931,0.9467,1.4938,535.0,31.4845,0.6043,0.7534,1256,1561,565,876,215.8974
12,294.8016,1,509.819,608.7959,12923.0,2180.0,181.5139,0.7311,2.097,535.0,31.2644,0.629,0.7723,341,646,565,876,215.8974
12,294.8016,2,820.5966,659.0128,13173.0,204.0,179.2964,0.9945,2.0697,554.0,40.6912,0.4564,0.6268,646,963,565,876,215.8974
12,294.8016,3,1038.4672,636.9176,16247.0,1548.0,210.3721,0.8598,2.2173,542.0,33.1538,0.5196,0.6839,963,1256,565,876,215.8974
12,294.8016,4,1352.938,634.6208,25147.0,3425.0,226.0697,0.8287,1.832,511.0,27.7294,0.6653,0.799,1256,1561,565,876,215.8974
12,295.2021,1,508.5608,617.9833,14384.0,2196.0,192.293,0.6927,2.2894,536.0,18.6251,0.7856,0.8799,341,646,565,876,215.8974
12,295.2021,2,804.0609,665.7315,16986.0,435.0,205.8673,0.9393,2.0406,548.0,42.6932,0.4692,0.6387,646,963,565,876,215.8974
12,295.2021,3,1059.9158,641.522,16582.0,1320.0,218.9117,0.8411,2.3129,536.0,37.6113,0.5375,0.6992,963,1256,565,876,215.8974
12,295.2021,4,1362.1743,645.1983,23356.0,1812.0,229.3283,0.7189,1.89,530.0,36.008,0.5643,0.7214,1256,1561,565,876,215.8974
12,295.6027,1,507.7307,613.5895,14152.0,1771.0,204.3595,0.5814,2.4948,543.0,25.3678,0.7369,0.8485,341,646,565,876,215.8974
12,295.6027,2,774.2631,672.0074,18566.0,687.0,213.5158,0.9676,2.1878,553.0,44.4335,0.411,0.5826,646,963,565,876,215.8974
12,295.6027,3,1110.0481,658.0111,22316.0,925.0,237.1969,0.6496,2.5366,550.0,39.8604,0.4444,0.6154,963,1256,565,876,215.8974
12,295.6027,4,1393.0907,653.4915,26936.0,1247.0,226.5583,0.9709,1.5052,555.0,55.3724,0.4006,0.572,1256,1561,565,876,215.8974
12,296.0032,1,498.6059,625.9627,15908.0,2442.0,220.8748,0.6653,2.8489,530.0,22.2122,0.7123,0.832,341,646,565,876,215.8974
12,296.0032,2,760.3886,689.0797,21778.0,1263.0,227.9939,0.9999,2.2836,547.0,40.433,0.4727,0.642,646,963,565,876,215.8974
12,296.0032,3,1104.0586,637.672,18308.0,2058.0,246.7358,0.7768,2.8164,524.0,33.7161,0.4845,0.6527,963,1256,565,876,215.8974
12,296.0032,4,1381.8694,664.2983,27077.0,1707.0,238.9759,0.8441,1.9705,527.0,37.7279,0.5299,0.6927,1256,1561,565,876,215.8974
12,296.4038,1,516.5601,625.2734,15678.0,2648.0,244.5003,0.7124,3.3503,525.0,33.3953,0.5714,0.7272,341,646,565,876,215.8974
12,296.4038,2,756.127,688.6586,22147.0,1219.0,235.623,0.9986,2.2664,541.0,20.4624,0.7327,0.8458,646,963,565,876,215.8974
12,296.4038,3,1132.597,665.2712,22993.0,2187.0,259.2822,0.8111,3.0245,515.0,31.8917,0.4535,0.6241,963,1256,565,876,215.8974
12,296.4038,4,1350.8354,649.4116,23423.0,2670.0,246.7173,0.8487,2.2168,519.0,40.1564,0.5112,0.6765,1256,1561,565,876,215.8974
12,296.8043,1,526.703,630.5351,14864.0,2316.0,225.0245,0.7524,3.0459,525.0,38.6034,0.603,0.7523,341,646,565,876,215.8974
12,296.8043,2,759.9786,678.7772,20648.0,922.0,235.4108,0.9582,2.3362,549.0,33.6192,0.5742,0.7295,646,963,565,876,215.8974
12,296.8043,3,1136.8765,670.4462,22308.0,1621.0,247.2695,0.7762,2.8609,532.0,26.2447,0.6681,0.801,963,1256,565,876,215.8974
12,296.8043,4,1353.6249,667.4909,20718.0,1190.0,241.1726,0.8144,2.7172,534.0,36.6571,0.5399,0.7013,1256,1561,565,876,215.8974
12,297.2049,1,546.0554,619.8197,13800.0,2942.0,188.9693,0.9169,2.2827,510.0,41.4283,0.4952,0.6624,341,646,565,876,215.8974
12,297.2049,2,764.2826,668.8982,22007.0,1445.0,273.3817,0.7881,2.9399,539.0,38.4234,0.546,0.7063,646,963,565,876,215.8974
12,297.2049,3,1138.7804,658.0128,22342.0,1970.0,210.2718,0.7864,2.1476,541.0,24.2228,0.6826,0.8114,963,1256,565,876,215.8974
12,297.2049,4,1324.248,666.5902,15604.0,494.0,215.7538,0.8395,2.692,545.0,28.4332,0.5046,0.6707,1256,1561,565,876,215.8974
12,297.6054,1,551.0205,621.0498,15374.0,3046.0,175.1059,0.9993,1.6859,506.0,28.5272,0.5761,0.7311,341,646,565,876,215.8974
12,297.6054,2,749.5375,648.4331,19194.0,2010.0,262.5142,0.7629,3.0645,532.0,31.534,0.6897,0.8164,646,963,565,876,215.8974
12,297.6054,3,1146.6323,661.7057,18379.0,790.0,166.0648,0.8273,1.7371,548.0,35.7263,0.5952,0.7462,963,1256,565,876,215.8974
12,297.6054,4,1310.6841,649.996,14002.0,1097.0,251.9635,0.9362,3.5176,527.0,27.9516,0.6097,0.7575,1256,1561,565,876,215.8974
12,298.006,1,557.0567,602.3482,13890.0,3454.0,178.6432,0.9347,1.828,505.0,33.1293,0.5947,0.7458,341,646,565,876,215.8974
12,298.006,2,733.2754,642.8669,19375.0,2575.0,250.7455,0.8379,2.7693,515.0,37.2625,0.577,0.7318,646,963,565,876,215.8974
12,298.006,3,1145.1273,647.1917,18083.0,1811.0,167.009,0.9764,1.6202,515.0,22.5292,0.5946,0.7458,963,1256,565,876,215.8974
12,298.006,4,1311.9243,665.6722,15683.0,1247.0,238.8352,0.9237,3.1563,523.0,29.9218,0.6442,0.7836,1256,1561,565,876,215.8974
12,298.4065,1,547.3194,606.603,15641.0,2669.0,180.2356,0.7559,1.6393,516.0,32.5636,0.6057,0.7545,341,646,565,876,215.8974
12,298.4065,2,727.3213,661.2039,19234.0,2074.0,254.1738,0.9021,2.9048,520.0,39.5719,0.577,0.7317,646,963,565,876,215.8974
12,298.4065,3,1107.0189,630.1369,18312.0,2147.0,215.3947,0.773,2.2005,541.0,41.7112,0.3943,0.5656,963,1256,565,876,215.8974
12,298.4065,4,1323.6326,672.1354,17720.0,920.0,235.6517,0.9163,2.8973,537.0,31.1245,0.6068,0.7553,1256,1561,565,876,215.8974
12,298.807,1,525.8596,606.8571,16953.0,3038.0,191.7427,0.7152,1.7217,513.0,33.3968,0.5903,0.7424,341,646,565,876,215.8974
12,298.807,2,722.3023,686.5547,22565.0,1751.0,256.5032,0.9526,2.6888,526.0,30.9924,0.5478,0.7078,646,963,565,876,215.8974
12,298.807,3,1118.713,677.3988,23959.0,1077.0,208.8125,0.874,2.1203,551.0,19.9594,0.5391,0.7005,963,1256,565,876,215.8974
12,298.807,4,1331.7325,679.6975,18444.0,1569.0,241.9089,0.8969,2.9831,525.0,24.9507,0.6066,0.7552,1256,1561,565,876,215.8974
12,299.2076,1,499.5881,603.1163,17587.0,3374.0,188.7461,0.6704,1.586,510.0,34.7294,0.5696,0.7258,341,646,565,876,215.8974
12,299.2076,2,722.2357,669.6156,23208.0,2468.0,231.2567,0.9848,2.0417,517.0,30.8838,0.6609,0.7958,646,963,565,876,215.8974
12,299.2076,3,1105.2918,651.4025,17954.0,1452.0,212.9968,0.9384,2.0899,525.0,27.8059,0.5534,0.7125,963,1256,565,876,215.8974
12,299.2076,4,1316.3148,667.0249,18004.0,860.0,220.8316,0.8835,2.4781,539.0,31.2138,0.5457,0.7061,1256,1561,565,876,215.8974
12,299.6081,1,479.344,602.5526,20277.0,4693.0,222.1513,0.5023,1.8962,509.0,29.3735,0.618,0.7639,341,646,565,876,215.8974
12,299.6081,2,727.7427,652.5536,23842.0,2630.0,230.3093,0.9903,1.778,516.0,34.3943,0.5585,0.7167,646,963,565,876,215.8974
12,299.6081,3,1110.3962,652.3101,18018.0,1299.0,239.4214,0.8501,2.6734,533.0,33.6122,0.6005,0.7504,963,1256,565,876,215.8974
12,299.6081,4,1320.6904,685.0489,16702.0,559.0,221.826,0.9348,2.6953,547.0,28.0869,0.596,0.7468,1256,1561,565,876,215.8974
12,300.0087,1,454.6805,591.0069,17956.0,5631.0,198.717,0.5829,1.6486,505.0,34.872,0.5898,0.742,341,646,565,876,215.8974
12,300.0087,2,742.5776,660.7421,25381.0,3230.0,239.945,0.8885,2.0181,539.0,35.6389,0.5614,0.7191,646,963,565,876,215.8974
12,300.0087,3,1120.2276,660.32,20663.0,1906.0,249.6406,0.8715,2.9957,523.0,29.8173,0.624,0.7685,963,1256,565,876,215.8974
12,300.0087,4,1319.56,683.5811,14497.0,798.0,210.5492,0.9241,3.0001,535.0,30.1497,0.5859,0.7389,1256,1561,565,876,215.8974
12,300.4092,1,443.7444,611.051,20012.0,4347.0,212.9931,0.568,1.825,534.0,39.5223,0.5486,0.7085,341,646,565,876,215.8974
12,300.4092,2,748.7478,664.2902,22626.0,1834.0,250.7972,0.8579,2.3568,551.0,30.067,0.6174,0.7635,646,963,565,876,215.8974
12,300.4092,3,1135.7983,674.7212,23346.0,1904.0,259.4385,0.8276,2.994,524.0,43.5367,0.4006,0.572,963,1256,565,876,215.8974
12,300.4092,4,1317.4752,655.6452,13309.0,990.0,224.8831,0.9339,3.4447,536.0,40.2959,0.4579,0.6282,1256,1561,565,876,215.8974
12,300.8098,1,445.5653,610.7342,21644.0,5020.0,233.7969,0.5635,2.132,531.0,23.2669,0.724,0.8399,341,646,565,876,215.8974
12,300.8098,2,748.1294,631.8816,18325.0,2614.0,242.9515,0.9,2.4017,519.0,24.1942,0.6524,0.7896,646,963,565,876,215.8974
12,300.8098,3,1144.8024,641.4848,20759.0,3362.0,243.917,0.7742,2.8433,520.0,24.9331,0.6454,0.7845,963,1256,565,876,215.8974
12,300.8098,4,1320.5948,662.922,14209.0,866.0,219.8961,0.9734,2.9183,561.0,23.2775,0.7222,0.8387,1256,1561,565,876,215.8974
