paso,t,s,cx,cy,area,above,largo,vert,elong,cabeza,me,iou,dice,gx0,gx1,g_agua,g_fondo,escala
12,0.0,1,551.0532,638.8581,11750.0,4518.0,241.0541,0.7985,4.0125,527.0,,,,342,648,615,858,167.0345
12,0.0,2,879.2716,653.6757,11126.0,3111.0,149.8663,0.8575,2.1586,601.0,,,,648,958,615,858,167.0345
12,0.0,3,1208.9474,616.7501,2681.0,1171.0,50.8452,0.5343,1.1106,599.0,,,,958,1260,615,858,167.0345
12,0.0,4,1375.7662,642.8308,11588.0,2750.0,166.2005,0.468,2.6062,596.0,,,,1260,1566,615,858,167.0345
12,0.4005,1,571.7454,638.8886,11111.0,4468.0,202.2307,0.9764,2.7641,527.0,55.9811,0.3283,0.4943,342,648,615,858,167.0345
12,0.4005,2,901.225,622.1422,7316.0,3115.0,104.8793,0.8783,1.861,599.0,40.4784,0.4275,0.599,648,958,615,858,167.0345
12,0.4005,3,1147.9918,629.2157,8297.0,1835.0,172.7814,0.1575,2.659,586.0,72.6546,0.1329,0.2347,958,1260,615,858,167.0345
12,0.4005,4,1355.3061,656.7422,8209.0,1811.0,146.4355,0.9331,2.2315,562.0,53.301,0.3182,0.4828,1260,1566,615,858,167.0345
12,0.8011,1,554.9984,647.8263,11598.0,3672.0,175.85,0.994,2.0898,542.0,56.4689,0.3345,0.5013,342,648,615,858,167.0345
12,0.8011,2,896.8564,666.6906,9110.0,1515.0,141.477,0.9336,2.0542,591.0,44.1652,0.3547,0.5237,648,958,615,858,167.0345
12,0.8011,3,1084.5119,633.4809,11594.0,2250.0,211.098,0.2465,3.0524,577.0,70.5854,0.3003,0.4619,958,1260,615,858,167.0345
12,0.8011,4,1347.6262,665.4833,7972.0,1527.0,139.7823,0.9371,2.595,606.0,40.749,0.3101,0.4734,1260,1566,615,858,167.0345
12,1.2016,1,508.4974,624.7216,14242.0,6176.0,153.1867,0.5194,1.8429,577.0,63.6557,0.2022,0.3364,342,648,615,858,167.0345
12,1.2016,2,829.9104,633.606,10463.0,3897.0,181.9893,0.7864,2.5846,549.0,59.302,0.0918,0.1681,648,958,615,858,167.0345
12,1.2016,3,1050.9872,627.4788,10217.0,3033.0,169.8348,0.376,2.3426,563.0,48.391,0.5139,0.6789,958,1260,615,858,167.0345
12,1.2016,4,1365.6656,673.1855,8751.0,1066.0,156.5905,0.9821,2.2186,591.0,42.6634,0.2747,0.431,1260,1566,615,858,167.0345
12,1.6022,1,459.1738,631.8208,14640.0,5229.0,240.6294,0.528,3.0613,548.0,66.3916,0.1914,0.3212,342,648,615,858,167.0345
12,1.6022,2,780.4785,657.4088,11757.0,3010.0,203.3954,0.8085,2.8543,565.0,70.2922,0.0835,0.1542,648,958,615,858,167.0345
12,1.6022,3,1034.6378,623.7538,6240.0,2410.0,88.8375,0.7191,1.2641,569.0,52.1996,0.4208,0.5923,958,1260,615,858,167.0345
12,1.6022,4,1384.701,654.7275,8594.0,1849.0,152.3736,0.966,2.1497,575.0,45.4521,0.303,0.465,1260,1566,615,858,167.0345
12,2.0027,1,429.3374,641.6702,9066.0,2573.0,177.1673,0.7895,2.6161,554.0,53.1428,0.3112,0.4746,342,648,615,858,167.0345
12,2.0027,2,779.7044,672.7672,11976.0,2552.0,203.081,0.882,3.1397,574.0,49.4601,0.4596,0.6298,648,958,615,858,167.0345
12,2.0027,3,1021.3161,616.4569,5507.0,2730.0,111.0182,0.6479,2.1123,562.0,50.8524,0.4119,0.5835,958,1260,615,858,167.0345
12,2.0027,4,1406.9984,663.0434,8757.0,1435.0,154.9033,0.9001,2.3907,588.0,42.8383,0.3845,0.5555,1260,1566,615,858,167.0345
12,2.4033,1,424.9151,638.6504,9514.0,3364.0,151.1494,0.9772,2.0421,550.0,41.5254,0.3598,0.5292,342,648,615,858,167.0345
12,2.4033,2,748.8931,639.9292,11476.0,4389.0,218.832,0.9036,3.7347,527.0,50.4206,0.4265,0.598,648,958,615,858,167.0345
12,2.4033,3,1032.7697,610.9313,7087.0,3734.0,117.1626,0.7609,1.4398,546.0,40.2952,0.5075,0.6733,958,1260,615,858,167.0345
12,2.4033,4,1402.9668,651.071,10988.0,2624.0,243.4044,0.6602,4.3188,567.0,48.0749,0.4104,0.5819,1260,1566,615,858,167.0345
12,2.8038,1,453.5415,636.7459,10296.0,3591.0,187.3381,0.812,2.7374,555.0,42.5796,0.3806,0.5513,342,648,615,858,167.0345
12,2.8038,2,735.4468,673.4943,11088.0,2625.0,223.082,0.9254,3.5438,556.0,65.4172,0.2263,0.3691,648,958,615,858,167.0345
12,2.8038,3,1041.777,630.1986,7618.0,2673.0,117.5861,0.9094,1.5988,555.0,44.0271,0.5229,0.6867,958,1260,615,858,167.0345
12,2.8038,4,1353.9408,656.5769,9087.0,2105.0,189.9449,0.8039,3.2727,563.0,78.8481,0.0998,0.1815,1260,1566,615,858,167.0345
12,3.2043,1,457.1462,641.5901,12261.0,3855.0,239.9075,0.5945,3.8916,564.0,47.1478,0.5025,0.6689,342,648,615,858,167.0345
12,3.2043,2,737.6653,691.0777,11047.0,1713.0,220.027,0.9156,3.8398,581.0,33.567,0.5723,0.728,648,958,615,858,167.0345
12,3.2043,3,1047.8083,628.7714,10147.0,3926.0,155.5126,0.9046,1.92,551.0,46.6523,0.4556,0.6259,958,1260,615,858,167.0345
12,3.2043,4,1327.1689,640.0265,7651.0,3303.0,90.0768,0.9972,1.8879,528.0,70.4339,0.198,0.3305,1260,1566,615,858,167.0345
12,3.6049,1,428.707,630.219,11255.0,4327.0,206.4104,0.6538,2.9806,542.0,50.0467,0.534,0.6962,342,648,615,858,167.0345
12,3.6049,2,726.1714,630.8167,10966.0,5060.0,207.0295,0.9637,3.2572,509.0,54.9119,0.3596,0.529,648,958,615,858,167.0345
12,3.6049,3,1055.0251,646.7403,11624.0,2889.0,186.003,0.5611,2.5631,573.0,46.4612,0.469,0.6386,958,1260,615,858,167.0345
12,3.6049,4,1333.5409,656.9493,10926.0,3272.0,125.868,0.8852,1.7308,603.0,52.2017,0.3654,0.5352,1260,1566,615,858,167.0345
12,4.0054,1,415.5444,650.5094,11621.0,3551.0,200.1852,0.9226,2.501,543.0,66.2794,0.2982,0.4593,342,648,615,858,167.0345
12,4.0054,2,715.7828,690.7617,9659.0,1253.0,173.7706,0.9682,2.8003,593.0,54.822,0.1795,0.3044,648,958,615,858,167.0345
12,4.0054,3,1021.561,633.0167,4606.0,1541.0,57.0953,0.6416,1.1775,605.0,55.4518,0.3159,0.4801,958,1260,615,858,167.0345
12,4.0054,4,1345.1182,660.3131,13338.0,3616.0,209.7608,0.9675,2.6167,546.0,49.4941,0.4961,0.6632,1260,1566,615,858,167.0345
12,4.406,1,421.155,643.4321,11358.0,3765.0,158.9145,0.9526,1.695,541.0,47.0253,0.4498,0.6205,342,648,615,858,167.0345
12,4.406,2,714.4836,664.868,9577.0,2393.0,151.4007,0.9754,2.321,565.0,42.1965,0.2997,0.4612,648,958,615,858,167.0345
12,4.406,3,1055.4965,624.6093,9326.0,2899.0,177.4645,0.288,2.4257,569.0,55.0559,0.1832,0.3096,958,1260,615,858,167.0345
12,4.406,4,1354.0662,669.4907,10595.0,2411.0,185.9106,0.8891,2.5978,558.0,43.3989,0.4372,0.6084,1260,1566,615,858,167.0345
12,4.8065,1,442.716,632.2937,15048.0,5783.0,225.9501,0.8177,2.629,518.0,55.4144,0.3349,0.5018,342,648,615,858,167.0345
12,4.8065,2,769.8393,626.6547,10045.0,4155.0,182.6211,0.7838,2.7198,543.0,55.9501,0.154,0.2669,648,958,615,858,167.0345
12,4.8065,3,1131.0777,641.0519,11997.0,2698.0,224.4305,0.5169,3.3037,562.0,82.2591,0.0672,0.1259,958,1260,615,858,167.0345
12,4.8065,4,1330.5885,658.9386,6544.0,1898.0,101.8281,0.9954,2.5044,603.0,42.9136,0.3261,0.4919,1260,1566,615,858,167.0345
12,5.2071,1,490.5428,642.4564,13594.0,4143.0,191.4696,0.5387,2.8231,591.0,69.6476,0.1758,0.2991,342,648,615,858,167.0345
12,5.2071,2,814.7618,654.8651,11744.0,2967.0,222.3332,0.7732,3.3385,557.0,69.792,0.0708,0.1323,648,958,615,858,167.0345
12,5.2071,3,1165.543,646.7389,11337.0,2943.0,193.0045,0.7563,2.7083,553.0,70.8831,0.2837,0.442,958,1260,615,858,167.0345
12,5.2071,4,1328.036,643.4983,6691.0,1636.0,112.0931,0.9777,1.8349,606.0,40.9022,0.2902,0.4499,1260,1566,615,858,167.0345
12,5.6076,1,525.9533,631.5364,12598.0,4595.0,190.3785,0.4645,3.6135,591.0,54.7971,0.3357,0.5027,342,648,615,858,167.0345
12,5.6076,2,846.3215,651.3563,10971.0,3534.0,217.5362,0.8686,3.7519,544.0,61.5782,0.2764,0.4331,648,958,615,858,167.0345
12,5.6076,3,1167.7031,657.4689,9736.0,1978.0,159.5456,0.629,2.7085,612.0,41.5024,0.5205,0.6847,958,1260,615,858,167.0345
12,5.6076,4,1371.1421,651.9583,9974.0,2626.0,182.893,0.9423,2.8208,555.0,53.5468,0.0711,0.1327,1260,1566,615,858,167.0345
12,6.0082,1,542.3735,645.4737,11828.0,3831.0,217.2046,0.7358,3.0286,540.0,48.5446,0.3017,0.4635,342,648,615,858,167.0345
12,6.0082,2,865.3813,665.6133,10113.0,2436.0,217.8492,0.8786,3.9467,556.0,57.7702,0.3049,0.4674,648,958,615,858,167.0345
12,6.0082,3,1178.5375,643.0952,6556.0,1603.0,103.7684,0.9814,1.4382,584.0,51.5958,0.3905,0.5616,958,1260,615,858,167.0345
12,6.0082,4,1417.5195,666.6594,11859.0,2575.0,203.0665,0.9423,3.0627,553.0,62.8892,0.0549,0.1041,1260,1566,615,858,167.0345
12,6.4087,1,552.51,647.4661,11132.0,3745.0,186.3667,0.7259,3.5553,592.0,41.5599,0.461,0.6311,342,648,615,858,167.0345
12,6.4087,2,881.5603,660.1953,10148.0,2890.0,212.6601,0.8673,3.885,554.0,44.4181,0.4898,0.6575,648,958,615,858,167.0345
12,6.4087,3,1137.0271,632.1978,10008.0,2625.0,178.7715,0.4185,2.4962,571.0,59.5613,0.2736,0.4296,958,1260,615,858,167.0345
12,6.4087,4,1455.9913,674.963,12186.0,2264.0,199.9121,0.9153,2.8199,580.0,56.995,0.2202,0.361,1260,1566,615,858,167.0345
12,6.8092,1,552.2023,642.2071,11140.0,3964.0,170.8102,0.991,2.064,535.0,45.6307,0.4832,0.6516,342,648,615,858,167.0345
12,6.8092,2,896.6257,654.6298,10775.0,3494.0,215.0167,0.9691,3.4276,532.0,51.3449,0.4203,0.5919,648,958,615,858,167.0345
12,6.8092,3,1098.4997,644.3564,10724.0,2295.0,204.0785,0.5825,3.0398,562.0,73.8953,0.2343,0.3797,958,1260,615,858,167.0345
12,6.8092,4,1485.7221,664.7566,11797.0,2670.0,237.9469,0.7795,3.8376,567.0,61.3022,0.2889,0.4483,1260,1566,615,858,167.0345
12,7.2098,1,555.2213,639.9458,14909.0,5366.0,192.2024,0.9534,1.8734,526.0,33.4158,0.5928,0.7444,342,648,615,858,167.0345
12,7.2098,2,901.468,670.8079,10773.0,2729.0,151.4534,0.9433,2.4344,600.0,38.9228,0.4899,0.6576,648,958,615,858,167.0345
12,7.2098,3,1075.7668,661.7396,10624.0,1844.0,188.9442,0.7432,2.582,572.0,64.1873,0.3069,0.4696,958,1260,615,858,167.0345
12,7.2098,4,1517.3781,655.3639,11596.0,3458.0,208.5194,0.9661,2.9787,540.0,70.4669,0.3036,0.4658,1260,1566,615,858,167.0345
12,7.6103,1,541.4327,679.116,11604.0,1273.0,211.2393,0.6854,3.2325,592.0,41.4755,0.4395,0.6106,342,648,615,858,167.0345
12,7.6103,2,887.4103,652.7396,12984.0,3823.0,184.621,0.9815,1.9619,535.0,54.7576,0.3716,0.5418,648,958,615,858,167.0345
12,7.6103,3,1070.2391,662.7848,10274.0,1883.0,165.317,0.8048,2.2369,588.0,61.1328,0.1983,0.3309,958,1260,615,858,167.0345
12,7.6103,4,1516.8561,661.2368,12741.0,3020.0,191.8244,0.9656,2.1685,547.0,58.1342,0.4227,0.5942,1260,1566,615,858,167.0345
12,8.0109,1,560.6547,641.5934,9543.0,3022.0,186.1522,0.7537,2.9343,550.0,38.1852,0.496,0.6631,342,648,615,858,167.0345
12,8.0109,2,860.9268,649.8882,14781.0,4354.0,206.1249,0.916,2.2227,527.0,59.9825,0.3588,0.5281,648,958,615,858,167.0345
12,8.0109,3,1117.7054,646.0482,11244.0,2892.0,214.0898,0.6571,3.4275,560.0,67.5035,0.1473,0.2568,958,1260,615,858,167.0345
12,8.0109,4,1449.2643,631.8875,13979.0,5448.0,262.7547,0.7991,3.2943,515.0,87.5339,0.1159,0.2078,1260,1566,615,858,167.0345
12,8.4114,1,566.377,635.4051,5159.0,1997.0,73.0771,0.8614,1.5767,598.0,43.183,0.2408,0.3881,342,648,615,858,167.0345
12,8.4114,2,825.4954,662.8272,15671.0,3685.0,208.1155,0.8758,2.3167,545.0,68.1307,0.2586,0.4109,648,958,615,858,167.0345
12,8.4114,3,1171.5267,653.3712,10623.0,2828.0,210.7155,0.825,3.4219,552.0,83.7758,0.0729,0.1359,958,1260,615,858,167.0345
12,8.4114,4,1377.7522,644.1795,12908.0,4273.0,205.9248,0.8666,2.389,530.0,77.7682,0.0324,0.0628,1260,1566,615,858,167.0345
12,8.812,1,550.9441,628.1855,7287.0,2879.0,134.9798,0.9526,2.2375,552.0,45.433,0.2005,0.3341,342,648,615,858,167.0345
12,8.812,2,773.4351,635.9669,13525.0,5547.0,211.2851,0.7666,2.9008,536.0,61.2861,0.2217,0.363,648,958,615,858,167.0345
12,8.812,3,1183.4803,661.0829,10826.0,2847.0,183.7974,0.9539,2.6666,555.0,50.9687,0.4594,0.6296,958,1260,615,858,167.0345
12,8.812,4,1342.6687,657.3607,8357.0,2296.0,112.1971,0.8634,2.1582,605.0,62.1223,0.13,0.2301,1260,1566,615,858,167.0345
12,9.2125,1,513.743,639.8965,8916.0,2633.0,156.8659,0.9884,2.1089,554.0,55.2266,0.1992,0.3322,342,648,615,858,167.0345
12,9.2125,2,740.0618,655.717,13225.0,4119.0,208.7944,0.932,2.601,537.0,70.7844,0.1565,0.2706,648,958,615,858,167.0345
12,9.2125,3,1182.6187,647.5289,12971.0,4230.0,192.1696,0.9966,2.1621,534.0,40.0659,0.571,0.7269,958,1260,615,858,167.0345
12,9.2125,4,1322.0111,659.4037,6282.0,1942.0,197.5619,0.996,4.9555,555.0,37.649,0.4191,0.5906,1260,1566,615,858,167.0345
12,9.613,1,496.1582,664.1659,10072.0,1942.0,167.2341,0.9102,2.192,579.0,44.2385,0.4071,0.5787,342,648,615,858,167.0345
12,9.613,2,731.8438,699.9295,10191.0,698.0,188.9909,0.8995,3.1724,595.0,44.773,0.324,0.4894,648,958,615,858,167.0345
12,9.613,3,1173.3489,672.9766,12948.0,2671.0,193.7208,0.9241,2.1249,566.0,40.0399,0.6054,0.7542,958,1260,615,858,167.0345
12,9.613,4,1325.3704,679.4403,7708.0,1506.0,181.9556,0.9856,3.9777,576.0,35.7672,0.491,0.6586,1260,1566,615,858,167.0345
12,10.0136,1,509.776,637.4818,11648.0,4013.0,223.4255,0.6059,3.6388,564.0,48.0605,0.3841,0.5551,342,648,615,858,167.0345
12,10.0136,2,717.622,663.335,11289.0,2957.0,154.1966,0.9935,2.1965,590.0,43.869,0.4229,0.5944,648,958,615,858,167.0345
12,10.0136,3,1161.7276,664.2938,9634.0,2034.0,150.3925,0.8621,2.0848,580.0,47.5399,0.4221,0.5937,958,1260,615,858,167.0345
12,10.0136,4,1341.6346,657.2985,8098.0,1777.0,115.1735,0.9798,1.7612,605.0,44.5769,0.3106,0.474,1260,1566,615,858,167.0345
12,10.4141,1,553.8851,624.0152,9157.0,3983.0,161.4671,0.6777,2.669,547.0,60.5384,0.3434,0.5112,342,648,615,858,167.0345
12,10.4141,2,743.0765,633.1535,10486.0,3614.0,120.1487,0.8464,1.4368,584.0,63.2108,0.2884,0.4477,648,958,615,858,167.0345
12,10.4141,3,1169.9724,632.4336,6201.0,1604.0,115.3915,0.5095,1.8403,581.0,44.402,0.3271,0.493,958,1260,615,858,167.0345
12,10.4141,4,1395.0665,646.552,10639.0,3174.0,197.4243,0.8835,2.967,551.0,55.7522,0.0772,0.1434,1260,1566,615,858,167.0345
12,10.8147,1,568.3075,634.0831,7682.0,3098.0,107.3013,0.732,2.1052,593.0,54.7963,0.265,0.419,342,648,615,858,167.0345
12,10.8147,2,780.6106,648.4152,14077.0,3857.0,152.3513,0.7826,1.7993,578.0,69.4847,0.2229,0.3645,648,958,615,858,167.0345
12,10.8147,3,1134.4756,642.6179,10158.0,1799.0,178.5024,0.4956,2.4781,571.0,70.9131,0.2184,0.3585,958,1260,615,858,167.0345
12,10.8147,4,1446.2524,666.0419,12042.0,2544.0,221.4227,0.8164,3.4841,570.0,71.1844,0.0465,0.0888,1260,1566,615,858,167.0345
12,11.2152,1,558.7725,622.8599,9636.0,4019.0,163.1722,0.8665,2.0775,531.0,49.7628,0.2936,0.454,342,648,615,858,167.0345
12,11.2152,2,815.1534,659.6291,15324.0,3274.0,212.5924,0.5687,2.8817,603.0,64.7452,0.2619,0.4151,648,958,615,858,167.0345
12,11.2152,3,1123.2615,659.7147,9959.0,2021.0,158.43,0.9946,2.2036,570.0,61.6306,0.2609,0.4138,958,1260,615,858,167.0345
12,11.2152,4,1492.866,660.469,11500.0,2684.0,222.6904,0.8316,3.5493,555.0,74.6973,0.1751,0.298,1260,1566,615,858,167.0345
12,11.6158,1,521.8214,647.9618,13950.0,4231.0,178.7905,0.9962,1.9292,530.0,59.0105,0.3233,0.4886,342,648,615,858,167.0345
12,11.6158,2,852.1441,642.1114,13265.0,4635.0,209.3217,0.8546,2.7163,535.0,56.4163,0.3413,0.5089,648,958,615,858,167.0345
12,11.6158,3,1113.6454,687.0284,9002.0,697.0,168.8472,0.988,2.621,589.0,44.7922,0.4064,0.5779,958,1260,615,858,167.0345
12,11.6158,4,1520.1902,656.6492,10473.0,2989.0,133.7004,0.8763,2.2382,607.0,69.0773,0.3013,0.4631,1260,1566,615,858,167.0345
12,12.0163,1,501.0295,670.6668,13057.0,1952.0,223.9185,0.6019,3.1193,593.0,52.9219,0.3465,0.5147,342,648,615,858,167.0345
12,12.0163,2,880.0915,666.2,13262.0,3558.0,161.6418,0.8135,2.4031,600.0,58.3594,0.2645,0.4183,648,958,615,858,167.0345
12,12.0163,3,1107.6226,670.9628,10992.0,1985.0,206.427,0.8446,3.322,573.0,52.734,0.3084,0.4714,958,1260,615,858,167.0345
12,12.0163,4,1511.9247,658.6075,13755.0,3502.0,191.893,0.9969,2.0673,539.0,51.5297,0.4667,0.6364,1260,1566,615,858,167.0345
12,12.4169,1,522.2731,645.4478,11736.0,2763.0,215.8878,0.3463,4.1677,591.0,45.7545,0.4155,0.5871,342,648,615,858,167.0345
12,12.4169,2,897.7949,696.8443,9910.0,523.0,183.4546,0.9349,2.8525,599.0,43.207,0.3412,0.5088,648,958,615,858,167.0345
12,12.4169,3,1058.3858,649.9962,11591.0,2871.0,213.3052,0.7367,3.311,550.0,72.6537,0.1429,0.2501,958,1260,615,858,167.0345
12,12.4169,4,1463.7621,655.5508,13813.0,3361.0,141.6099,0.7105,1.6639,598.0,72.959,0.1909,0.3207,1260,1566,615,858,167.0345
12,12.8174,1,540.4634,640.8895,10039.0,2373.0,205.2511,0.4139,4.2025,592.0,41.615,0.4606,0.6307,342,648,615,858,167.0345
12,12.8174,2,903.84,670.4326,9329.0,2369.0,147.2629,0.9389,2.7257,594.0,33.7843,0.4803,0.6489,648,958,615,858,167.0345
12,12.8174,3,1029.5172,661.6669,10287.0,2667.0,206.6724,0.8833,3.4823,554.0,67.8183,0.2608,0.4137,958,1260,615,858,167.0345
12,12.8174,4,1397.3401,650.994,14285.0,4196.0,201.5559,0.9624,2.1197,524.0,81.1544,0.0605,0.1141,1260,1566,615,858,167.0345
12,13.2179,1,534.7755,660.0197,11521.0,2617.0,227.5722,0.5436,4.528,596.0,46.7844,0.3277,0.4936,342,648,615,858,167.0345
12,13.2179,2,903.0785,664.3901,8023.0,2116.0,194.2357,0.9669,3.9396,553.0,29.9787,0.5137,0.6788,648,958,615,858,167.0345
12,13.2179,3,1020.3464,663.8505,9626.0,2439.0,169.2965,0.9614,2.658,561.0,46.4469,0.4916,0.6592,958,1260,615,858,167.0345
12,13.2179,4,1363.4216,671.0441,12045.0,2620.0,199.9063,0.8891,2.6997,549.0,64.1756,0.1596,0.2753,1260,1566,615,858,167.0345
12,13.6185,1,543.6997,666.1673,12323.0,3063.0,170.1437,0.8881,2.4307,595.0,51.2832,0.3052,0.4676,342,648,615,858,167.0345
12,13.6185,2,892.9855,684.2487,9466.0,1353.0,158.1749,0.9973,2.4237,580.0,40.7371,0.3564,0.5255,648,958,615,858,167.0345
12,13.6185,3,1012.0935,631.8023,9300.0,3522.0,162.4953,0.9604,2.1413,536.0,53.5225,0.4263,0.5978,958,1260,615,858,167.0345
12,13.6185,4,1329.8732,660.7404,7920.0,2296.0,105.9998,0.9364,2.1153,609.0,50.9664,0.2399,0.387,1260,1566,615,858,167.0345
12,14.019,1,526.6408,606.6412,10323.0,5819.0,139.0942,0.1034,2.627,595.0,60.5962,0.196,0.3277,342,648,615,858,167.0345
12,14.019,2,861.3612,651.0965,10732.0,3052.0,174.2224,0.9904,2.3247,554.0,49.4303,0.2479,0.3974,648,958,615,858,167.0345
12,14.019,3,1022.0979,654.7015,13421.0,3220.0,186.6946,0.9113,2.0981,539.0,63.0124,0.379,0.5497,958,1260,615,858,167.0345
12,14.019,4,1323.9383,678.0764,7356.0,1602.0,183.9671,0.9888,4.2681,566.0,34.0772,0.4607,0.6308,1260,1566,615,858,167.0345
12,14.4196,1,456.1144,621.771,13275.0,5055.0,231.8915,0.5552,2.5597,525.0,70.3197,0.0531,0.1008,342,648,615,858,167.0345
12,14.4196,2,847.8835,659.0694,11715.0,3314.0,201.7727,0.9857,2.7944,551.0,42.025,0.5011,0.6676,648,958,615,858,167.0345
12,14.4196,3,1057.0982,664.9946,15364.0,3176.0,187.3668,0.7259,2.3056,605.0,67.9149,0.2789,0.4361,958,1260,615,858,167.0345
12,14.4196,4,1329.471,652.9247,7525.0,1790.0,128.1353,0.9879,2.4129,606.0,43.9304,0.3839,0.5548,1260,1566,615,858,167.0345
12,14.8201,1,433.5993,637.8075,12491.0,4505.0,184.1332,0.6095,3.1219,593.0,61.0343,0.3059,0.4684,342,648,615,858,167.0345
12,14.8201,2,847.7952,678.2667,12078.0,2488.0,217.1102,0.8688,3.4609,570.0,45.622,0.4239,0.5954,648,958,615,858,167.0345
12,14.8201,3,1062.7738,649.8225,11005.0,2590.0,178.3375,0.5206,2.796,573.0,50.5561,0.3587,0.528,958,1260,615,858,167.0345
12,14.8201,4,1362.86,653.3454,9045.0,2132.0,161.8028,0.8526,2.579,580.0,50.7335,0.2014,0.3353,1260,1566,615,858,167.0345
12,15.2207,1,434.1422,638.6768,12106.0,4181.0,175.4707,0.9255,1.8635,535.0,53.4086,0.3444,0.5123,342,648,615,858,167.0345
12,15.2207,2,871.5915,646.4513,10380.0,3482.0,211.6254,0.8804,3.7535,538.0,50.8213,0.3896,0.5607,648,958,615,858,167.0345
12,15.2207,3,1017.4642,626.8719,5004.0,1780.0,66.8376,0.0979,1.2454,605.0,49.4746,0.2456,0.3944,958,1260,615,858,167.0345
12,15.2207,4,1413.0204,660.9135,10316.0,1584.0,183.4807,0.7682,2.7019,579.0,60.9759,0.0935,0.171,1260,1566,615,858,167.0345
12,15.6212,1,466.2355,626.389,14394.0,6172.0,220.955,0.7199,2.7508,520.0,60.8338,0.295,0.4556,342,648,615,858,167.0345
12,15.6212,2,889.8151,678.425,9819.0,2261.0,214.7632,0.9628,4.1574,556.0,55.7022,0.2646,0.4184,648,958,615,858,167.0345
12,15.6212,3,1058.4626,630.6548,8954.0,2932.0,174.7208,0.6823,2.34,553.0,58.7511,0.0751,0.1397,958,1260,615,858,167.0345
12,15.6212,4,1440.4596,667.9806,10683.0,1473.0,222.618,0.6752,3.8187,588.0,60.59,0.3062,0.4688,1260,1566,615,858,167.0345
12,16.0217,1,496.581,650.2803,16039.0,5282.0,217.788,0.5469,3.4577,594.0,64.8014,0.2123,0.3503,342,648,615,858,167.0345
12,16.0217,2,895.9357,687.4059,9000.0,1151.0,181.6787,0.9763,3.3959,602.0,34.0487,0.4904,0.6581,648,958,615,858,167.0345
12,16.0217,3,1092.2798,656.9288,9958.0,1618.0,167.2749,0.8068,2.2131,571.0,64.2866,0.1302,0.2304,958,1260,615,858,167.0345
12,16.0217,4,1463.8417,663.4372,11663.0,1893.0,211.7816,0.6399,3.5027,585.0,48.7871,0.4889,0.6568,1260,1566,615,858,167.0345
12,16.4223,1,534.991,643.7372,12922.0,4519.0,194.7538,0.5987,3.6909,591.0,55.4438,0.2903,0.4499,342,648,615,858,167.0345
12,16.4223,2,873.8937,645.7043,9494.0,2858.0,179.9613,0.9988,2.6235,551.0,57.6786,0.2276,0.3708,648,958,615,858,167.0345
12,16.4223,3,1110.6425,656.4763,10157.0,2032.0,182.6748,0.8082,2.8082,592.0,54.7063,0.2723,0.428,958,1260,615,858,167.0345
12,16.4223,4,1486.8777,660.4326,11081.0,2074.0,207.9113,0.6769,3.2274,574.0,48.567,0.4935,0.6608,1260,1566,615,858,167.0345
12,16.8228,1,565.1168,647.0923,11719.0,3832.0,161.6818,0.8474,2.3719,592.0,57.799,0.2564,0.4081,342,648,615,858,167.0345
12,16.8228,2,851.5282,662.3179,11310.0,2353.0,189.7174,0.9992,2.4424,557.0,48.0721,0.4196,0.5911,648,958,615,858,167.0345
12,16.8228,3,1074.0519,646.003,10649.0,2504.0,208.4772,0.6253,3.4778,562.0,54.0339,0.3744,0.5448,958,1260,615,858,167.0345
12,16.8228,4,1490.5185,666.7101,10587.0,1696.0,175.1565,0.6934,2.532,585.0,43.4414,0.5683,0.7248,1260,1566,615,858,167.0345
12,17.2234,1,558.7455,655.662,13117.0,3501.0,179.7189,0.9058,2.0768,546.0,45.9856,0.406,0.5775,342,648,615,858,167.0345
12,17.2234,2,840.6565,689.0262,11654.0,1623.0,198.4997,0.9761,2.7058,570.0,35.299,0.5873,0.74,648,958,615,858,167.0345
12,17.2234,3,1042.1791,660.5632,10583.0,2475.0,204.5949,0.8414,3.2396,555.0,75.2383,0.2032,0.3378,958,1260,615,858,167.0345
12,17.2234,4,1497.5022,661.0625,11787.0,2593.0,198.6848,0.8178,2.5318,562.0,33.1255,0.6407,0.781,1260,1566,615,858,167.0345
12,17.6239,1,520.4921,632.6233,13483.0,4964.0,145.8074,0.582,1.7311,582.0,53.868,0.3037,0.4659,342,648,615,858,167.0345
12,17.6239,2,839.1693,675.4195,11858.0,2306.0,196.7634,0.9831,2.7846,558.0,30.7613,0.6398,0.7804,648,958,615,858,167.0345
12,17.6239,3,1026.5798,665.9685,10399.0,2672.0,205.0666,0.901,3.4915,557.0,46.7482,0.4783,0.6471,958,1260,615,858,167.0345
12,17.6239,4,1489.6719,677.341,12639.0,1930.0,217.3876,0.7765,2.8917,576.0,31.0844,0.6623,0.7969,1260,1566,615,858,167.0345
12,18.0245,1,471.0038,634.8284,14473.0,5332.0,187.3474,0.5887,2.794,588.0,66.2519,0.1961,0.3279,342,648,615,858,167.0345
12,18.0245,2,843.5592,682.1371,12352.0,2251.0,204.583,0.916,3.0212,576.0,39.3327,0.521,0.6851,648,958,615,858,167.0345
12,18.0245,3,1021.5516,654.2725,10441.0,3179.0,194.6083,0.9001,3.1148,547.0,36.8681,0.6154,0.7619,958,1260,615,858,167.0345
12,18.0245,4,1498.4625,675.0467,11623.0,1801.0,198.7486,0.8364,2.5953,575.0,30.1262,0.6956,0.8205,1260,1566,615,858,167.0345
12,18.425,1,445.1398,643.5369,13661.0,4564.0,213.7454,0.5959,3.5019,591.0,53.2144,0.3377,0.5049,342,648,615,858,167.0345
12,18.425,2,864.6565,668.6886,11193.0,2580.0,221.5574,0.8978,3.535,556.0,46.8538,0.4463,0.6171,648,958,615,858,167.0345
12,18.425,3,1019.0392,670.9844,8461.0,1814.0,149.0598,0.8742,2.9533,606.0,48.9965,0.4414,0.6124,958,1260,615,858,167.0345
12,18.425,4,1518.7966,655.7947,7827.0,1469.0,148.1211,0.8802,2.1007,583.0,46.8608,0.5876,0.7403,1260,1566,615,858,167.0345
12,18.8256,1,428.4437,639.1177,12868.0,4691.0,238.9179,0.8574,3.3143,527.0,38.7713,0.5154,0.6802,342,648,615,858,167.0345
12,18.8256,2,882.4429,654.9919,10191.0,3214.0,214.6818,0.9093,3.8731,542.0,47.2159,0.4491,0.6198,648,958,615,858,167.0345
12,18.8256,3,1006.9232,647.2236,6306.0,1429.0,132.4587,0.9492,2.1276,589.0,47.2295,0.3359,0.5029,958,1260,615,858,167.0345
12,18.8256,4,1516.7679,637.4034,7823.0,2432.0,138.1392,0.96,2.0295,560.0,45.1222,0.3843,0.5553,1260,1566,615,858,167.0345
12,19.2261,1,418.6169,652.5979,12558.0,4024.0,215.5615,0.9086,2.63,544.0,50.9943,0.4295,0.6009,342,648,615,858,167.0345
12,19.2261,2,884.2283,696.3427,8401.0,1079.0,190.1206,0.9634,4.0846,591.0,51.7635,0.2967,0.4576,648,958,615,858,167.0345
12,19.2261,3,1066.2051,632.6621,9182.0,2736.0,177.1473,0.6306,2.6821,562.0,56.8018,0.1659,0.2846,958,1260,615,858,167.0345
12,19.2261,4,1471.1194,648.0485,10753.0,2549.0,186.1053,0.8944,2.2894,554.0,65.6053,0.0959,0.175,1260,1566,615,858,167.0345
12,19.6266,1,409.4942,649.3661,12241.0,3623.0,135.7501,0.9408,1.6091,595.0,46.9464,0.4302,0.6016,342,648,615,858,167.0345
12,19.6266,2,880.5429,681.3296,9715.0,1333.0,182.2127,0.9998,2.819,583.0,39.4104,0.3928,0.564,648,958,615,858,167.0345
12,19.6266,3,1109.4046,658.8281,11245.0,2208.0,212.2129,0.7223,3.2584,568.0,76.6527,0.0532,0.1009,958,1260,615,858,167.0345
12,19.6266,4,1448.3532,662.7288,10464.0,2291.0,181.797,0.9999,2.4502,568.0,54.4073,0.3355,0.5024,1260,1566,615,858,167.0345
12,20.0272,1,427.4467,628.6217,12684.0,5101.0,190.4035,0.8194,2.2542,522.0,52.6253,0.4024,0.5739,342,648,615,858,167.0345
12,20.0272,2,845.4006,647.8861,10869.0,3210.0,181.9968,0.9795,2.4635,540.0,61.312,0.178,0.3022,648,958,615,858,167.0345
12,20.0272,3,1142.0141,655.9523,10714.0,2476.0,215.178,0.7138,3.6794,562.0,56.0536,0.3313,0.4977,958,1260,615,858,167.0345
12,20.0272,4,1448.5976,669.407,11506.0,1513.0,209.7738,0.6449,3.3795,588.0,58.5555,0.2351,0.3807,1260,1566,615,858,167.0345
12,20.4277,1,457.8919,658.5511,14993.0,3815.0,192.3441,0.9751,2.1134,538.0,64.0626,0.3102,0.4735,342,648,615,858,167.0345
12,20.4277,2,822.001,675.0465,11555.0,1860.0,198.7177,0.9998,2.7127,567.0,51.7792,0.3532,0.522,648,958,615,858,167.0345
12,20.4277,3,1149.6373,668.6116,10549.0,1928.0,204.8351,0.8253,3.3456,563.0,45.9403,0.4478,0.6186,958,1260,615,858,167.0345
12,20.4277,4,1467.4904,666.8358,10910.0,1200.0,196.6811,0.6199,3.1676,595.0,46.9688,0.467,0.6367,1260,1566,615,858,167.0345
12,20.8283,1,471.5431,662.1487,16409.0,4206.0,194.9365,0.7464,2.3022,597.0,50.2086,0.3965,0.5679,342,648,615,858,167.0345
12,20.8283,2,814.7786,690.5128,12384.0,1649.0,193.4809,0.9935,2.6207,575.0,38.2547,0.5274,0.6906,648,958,615,858,167.0345
12,20.8283,3,1162.4315,682.2382,9715.0,589.0,151.1224,0.9889,2.0135,597.0,45.4542,0.3671,0.537,958,1260,615,858,167.0345
12,20.8283,4,1482.8281,662.3787,11299.0,1865.0,198.5578,0.6628,3.0476,588.0,33.7498,0.6209,0.7661,1260,1566,615,858,167.0345
12,21.2288,1,447.3407,641.8783,13730.0,4503.0,222.6453,0.7262,2.761,538.0,44.4529,0.4188,0.5904,342,648,615,858,167.0345
12,21.2288,2,793.2594,661.6967,13032.0,3986.0,216.8367,0.9837,3.2084,543.0,43.9199,0.3971,0.5685,648,958,615,858,167.0345
12,21.2288,3,1119.22,636.3381,9202.0,2152.0,181.3709,0.5231,2.7806,575.0,59.4121,0.1713,0.2924,958,1260,615,858,167.0345
12,21.2288,4,1488.2462,653.8096,10197.0,1761.0,159.5864,0.6121,2.2213,588.0,33.2476,0.7032,0.8257,1260,1566,615,858,167.0345
12,21.6294,1,409.0729,649.3936,10078.0,2584.0,146.3236,0.7721,2.121,591.0,53.1858,0.2644,0.4183,342,648,615,858,167.0345
12,21.6294,2,780.8299,686.1466,12713.0,1665.0,201.192,0.9498,2.6291,582.0,48.4761,0.4288,0.6002,648,958,615,858,167.0345
12,21.6294,3,1075.3218,650.4499,11058.0,1970.0,202.008,0.5819,3.0225,568.0,80.3898,0.1439,0.2515,958,1260,615,858,167.0345
12,21.6294,4,1490.79,651.432,10590.0,2183.0,166.0813,0.6191,2.3208,579.0,25.5518,0.7503,0.8574,1260,1566,615,858,167.0345
12,22.0299,1,392.5176,649.8468,9523.0,2898.0,200.953,0.9742,3.2046,536.0,38.1726,0.4795,0.6482,342,648,615,858,167.0345
12,22.0299,2,760.09,676.9557,10761.0,1969.0,201.5128,0.9241,3.2668,567.0,52.1093,0.3856,0.5565,648,958,615,858,167.0345
12,22.0299,3,1062.6009,670.6926,10404.0,1636.0,188.3184,0.7605,2.9776,581.0,59.5652,0.3694,0.5396,958,1260,615,858,167.0345
12,22.0299,4,1481.0558,660.7789,11159.0,1829.0,175.2275,0.6123,2.56,584.0,30.3121,0.6563,0.7925,1260,1566,615,858,167.0345
12,22.4304,1,401.1592,672.1454,9932.0,2424.0,222.1893,0.9374,3.6876,555.0,45.4862,0.4623,0.6323,342,648,615,858,167.0345
12,22.4304,2,734.836,665.8682,11398.0,3219.0,205.3315,0.9792,3.2562,543.0,51.6702,0.3631,0.5328,648,958,615,858,167.0345
12,22.4304,3,1057.4032,685.7453,10495.0,1183.0,185.9835,0.9284,2.7617,590.0,48.6842,0.4166,0.5882,958,1260,615,858,167.0345
12,22.4304,4,1483.425,656.206,10983.0,2027.0,160.2868,0.5924,2.4467,610.0,30.7436,0.6226,0.7674,1260,1566,615,858,167.0345
12,22.831,1,409.5493,682.4718,9988.0,1604.0,187.4544,0.8501,3.4436,593.0,35.1598,0.5489,0.7087,342,648,615,858,167.0345
12,22.831,2,727.1286,683.8539,11718.0,2233.0,217.2138,0.9468,3.4981,574.0,43.3041,0.4638,0.6337,648,958,615,858,167.0345
12,22.831,3,1062.4741,679.4369,10183.0,1193.0,169.4206,0.8644,2.546,591.0,50.4133,0.2718,0.4274,958,1260,615,858,167.0345
12,22.831,4,1489.0597,652.4842,10184.0,2016.0,129.49,0.8825,1.2034,568.0,34.8316,0.5978,0.7482,1260,1566,615,858,167.0345
12,23.2315,1,398.8026,641.1585,8121.0,2369.0,116.7523,0.9414,1.5332,596.0,55.5969,0.311,0.4745,342,648,615,858,167.0345
12,23.2315,2,720.2894,667.1622,10028.0,2677.0,201.9915,0.9691,3.5925,557.0,36.975,0.5687,0.7251,648,958,615,858,167.0345
12,23.2315,3,1112.8195,652.1344,10613.0,1609.0,218.3764,0.4742,3.7172,588.0,60.1458,0.2613,0.4143,958,1260,615,858,167.0345
12,23.2315,4,1482.4631,658.4128,11238.0,1749.0,143.8676,0.8026,1.311,573.0,38.9236,0.602,0.7516,1260,1566,615,858,167.0345
12,23.6321,1,429.8367,634.7829,10808.0,4228.0,174.482,0.9769,2.238,541.0,47.9236,0.3495,0.5179,342,648,615,858,167.0345
12,23.6321,2,724.4286,658.9356,11720.0,3622.0,209.6153,0.9421,3.1299,541.0,34.6567,0.5559,0.7145,648,958,615,858,167.0345
12,23.6321,3,1166.0011,653.4883,10038.0,2122.0,176.1124,0.7239,2.7077,576.0,80.1942,0.1669,0.286,958,1260,615,858,167.0345
12,23.6321,4,1470.8845,662.8501,11706.0,1825.0,145.6876,0.9709,1.4977,574.0,35.1446,0.6497,0.7877,1260,1566,615,858,167.0345
12,24.0326,1,461.1093,658.2673,10248.0,2319.0,186.8845,0.8865,2.7131,570.0,63.5697,0.2138,0.3523,342,648,615,858,167.0345
12,24.0326,2,727.4597,680.7718,11113.0,2360.0,195.3619,0.8898,3.4484,591.0,39.2252,0.5234,0.6872,648,958,615,858,167.0345
12,24.0326,3,1183.7877,658.3939,9222.0,2036.0,149.9957,0.9185,2.0422,572.0,52.5237,0.4317,0.603,958,1260,615,858,167.0345
12,24.0326,4,1454.7944,658.9166,12751.0,2976.0,163.2591,0.9715,1.8292,571.0,49.7676,0.457,0.6273,1260,1566,615,858,167.0345
12,24.4332,1,503.5466,648.3974,11536.0,3280.0,214.3066,0.8122,3.1041,549.0,67.4253,0.2441,0.3924,342,648,615,858,167.0345
12,24.4332,2,725.6548,668.2692,11374.0,2934.0,180.5811,0.8845,3.0255,592.0,33.6264,0.6014,0.7511,648,958,615,858,167.0345
12,24.4332,3,1174.2108,655.0254,8339.0,1713.0,105.0875,0.9998,1.114,580.0,54.7905,0.4069,0.5784,958,1260,615,858,167.0345
12,24.4332,4,1451.7563,648.2036,12998.0,3028.0,195.3093,0.382,3.579,603.0,53.5252,0.3313,0.4977,1260,1566,615,858,167.0345
12,24.8337,1,540.0813,649.1525,10363.0,3348.0,216.2111,0.8927,3.6061,541.0,67.0539,0.2365,0.3826,342,648,615,858,167.0345
12,24.8337,2,723.9476,657.5765,10754.0,3316.0,205.8368,0.9508,3.2897,546.0,33.6421,0.6009,0.7507,648,958,615,858,167.0345
12,24.8337,3,1154.9443,639.1828,10039.0,3065.0,163.293,0.9881,2.0349,538.0,54.8751,0.3604,0.5299,958,1260,615,858,167.0345
12,24.8337,4,1499.8663,649.8702,10991.0,2556.0,161.6376,0.8899,1.8037,555.0,61.6616,0.1978,0.3303,1260,1566,615,858,167.0345
12,25.2343,1,541.4828,671.6444,10791.0,2476.0,172.7227,0.9875,2.5062,574.0,52.0825,0.2691,0.424,342,648,615,858,167.0345
12,25.2343,2,714.4459,689.3468,9247.0,1226.0,156.1332,0.9819,2.5617,593.0,38.049,0.4178,0.5894,648,958,615,858,167.0345
12,25.2343,3,1125.4303,668.7311,11316.0,1559.0,153.6471,0.9996,1.7985,575.0,65.342,0.3017,0.4636,958,1260,615,858,167.0345
12,25.2343,4,1534.5515,637.3339,7485.0,2443.0,171.698,0.9992,2.683,550.0,36.0255,0.5194,0.6837,1260,1566,615,858,167.0345
12,25.6348,1,508.6983,637.3058,11035.0,3425.0,182.8621,0.7602,2.4024,553.0,54.5119,0.2386,0.3852,342,648,615,858,167.0345
12,25.6348,2,727.7236,648.5573,8564.0,2438.0,142.926,0.9766,2.1052,563.0,46.0362,0.2514,0.4018,648,958,615,858,167.0345
12,25.6348,3,1106.0672,659.0769,12034.0,2706.0,168.9834,0.9104,2.147,559.0,49.4525,0.4588,0.629,958,1260,615,858,167.0345
12,25.6348,4,1514.1066,657.8536,10078.0,2399.0,191.5162,0.9971,2.8578,557.0,45.3556,0.364,0.5337,1260,1566,615,858,167.0345
12,26.0353,1,468.2388,647.3851,12196.0,3838.0,220.6478,0.7942,3.1178,545.0,65.9291,0.193,0.3236,342,648,615,858,167.0345
12,26.0353,2,758.1049,636.1064,9539.0,3324.0,167.2899,0.9585,2.1891,548.0,47.3902,0.3501,0.5186,648,958,615,858,167.0345
12,26.0353,3,1074.9941,637.5445,12767.0,3734.0,212.4042,0.4167,2.8192,557.0,57.0104,0.2608,0.4137,958,1260,615,858,167.0345
12,26.0353,4,1504.2332,671.6122,11288.0,2092.0,201.8431,0.8995,3.0206,570.0,41.3141,0.5077,0.6735,1260,1566,615,858,167.0345
12,26.4359,1,448.7403,668.4271,12208.0,2840.0,228.2694,0.814,3.6408,563.0,60.6409,0.2927,0.4529,342,648,615,858,167.0345
12,26.4359,2,781.2336,669.2343,10756.0,1820.0,193.7609,0.9279,2.7551,573.0,61.9268,0.2281,0.3714,648,958,615,858,167.0345
12,26.4359,3,1039.9189,647.4908,11659.0,3261.0,190.5208,0.746,2.316,550.0,65.2637,0.2442,0.3925,958,1260,615,858,167.0345
12,26.4359,4,1504.3939,677.4941,10310.0,1626.0,185.9058,0.913,2.8853,571.0,28.896,0.7021,0.825,1260,1566,615,858,167.0345
12,26.8364,1,425.1873,659.0481,11133.0,3388.0,234.8376,0.867,4.1583,543.0,53.4199,0.4222,0.5937,342,648,615,858,167.0345
12,26.8364,2,811.8782,656.783,11673.0,2992.0,208.6352,0.7902,3.2152,567.0,51.1939,0.3752,0.5456,648,958,615,858,167.0345
12,26.8364,3,1043.8883,678.9642,10834.0,1705.0,182.7571,0.6515,3.2864,607.0,54.3206,0.3237,0.4891,958,1260,615,858,167.0345
12,26.8364,4,1512.2613,682.1894,9958.0,887.0,142.9343,0.9999,1.7644,596.0,43.6335,0.4305,0.6019,1260,1566,615,858,167.0345
12,27.237,1,405.1979,670.6393,10867.0,3090.0,254.026,0.9343,4.6591,546.0,58.7498,0.3123,0.476,342,648,615,858,167.0345
12,27.237,2,855.2328,645.6448,11085.0,3832.0,224.1931,0.8537,3.945,537.0,70.9287,0.2114,0.349,648,958,615,858,167.0345
12,27.237,3,1033.6808,672.7478,10970.0,2461.0,200.0306,0.8846,2.9647,566.0,35.5612,0.5297,0.6925,958,1260,615,858,167.0345
12,27.237,4,1471.3309,646.0702,9013.0,1709.0,174.4173,0.6303,2.7895,583.0,57.1744,0.2141,0.3527,1260,1566,615,858,167.0345
12,27.6375,1,402.3633,666.777,10583.0,3051.0,179.0613,0.8607,3.4539,591.0,31.1688,0.606,0.7547,342,648,615,858,167.0345
12,27.6375,2,876.1739,673.4257,10600.0,2496.0,222.572,0.9192,4.1434,558.0,65.3898,0.2055,0.3409,648,958,615,858,167.0345
12,27.6375,3,1021.3223,640.5583,8471.0,2803.0,151.5055,0.7351,2.1889,569.0,57.1691,0.2826,0.4406,958,1260,615,858,167.0345
12,27.6375,4,1403.4327,650.7916,11621.0,3000.0,209.7878,0.8152,3.1252,548.0,77.5479,0.0293,0.0569,1260,1566,615,858,167.0345
12,28.0381,1,406.1697,646.6588,12724.0,4377.0,187.0931,0.8955,1.9211,535.0,51.7049,0.3647,0.5345,342,648,615,858,167.0345
12,28.0381,2,880.5466,673.3078,10015.0,2438.0,222.9578,0.9264,4.3949,558.0,24.7612,0.6719,0.8038,648,958,615,858,167.0345
12,28.0381,3,1062.0161,635.2415,7564.0,502.0,154.6344,0.0848,3.2943,608.0,57.6219,0.251,0.4012,958,1260,615,858,167.0345
12,28.0381,4,1364.2229,667.9751,10275.0,2341.0,212.5413,0.8877,3.8948,555.0,69.3769,0.0974,0.1775,1260,1566,615,858,167.0345
12,28.4386,1,444.4503,624.4642,14180.0,5488.0,159.4401,0.4242,1.8514,579.0,60.5267,0.248,0.3975,342,648,615,858,167.0345
12,28.4386,2,883.7013,661.5247,11000.0,3530.0,218.1718,0.9273,3.9763,543.0,28.9996,0.6331,0.7754,648,958,615,858,167.0345
12,28.4386,3,1130.3176,632.541,7107.0,275.0,203.7545,0.0538,5.026,609.0,48.895,0.3547,0.5236,958,1260,615,858,167.0345
12,28.4386,4,1347.7974,660.7642,9479.0,2500.0,180.274,0.887,3.2247,560.0,40.0449,0.5331,0.6955,1260,1566,615,858,167.0345
12,28.8391,1,523.6286,625.3465,12511.0,4769.0,194.6173,0.4041,3.5308,588.0,70.4057,0.0817,0.1511,342,648,615,858,167.0345
12,28.8391,2,893.0798,666.6313,11056.0,3183.0,215.3448,0.9641,3.5568,542.0,39.8664,0.5124,0.6776,648,958,615,858,167.0345
12,28.8391,3,1159.607,630.8999,7549.0,1999.0,127.0039,0.3975,1.9842,577.0,38.0473,0.3609,0.5304,958,1260,615,858,167.0345
12,28.8391,4,1326.5168,651.1161,8666.0,2763.0,192.4371,0.9837,3.2163,537.0,52.604,0.3571,0.5263,1260,1566,615,858,167.0345
12,29.2397,1,549.7218,648.1327,9281.0,2767.0,204.3959,0.7665,3.178,540.0,53.4109,0.1876,0.3159,342,648,615,858,167.0345
12,29.2397,2,899.2913,665.2701,10928.0,3087.0,212.7406,0.9791,3.3089,542.0,28.0453,0.6103,0.758,648,958,615,858,167.0345
12,29.2397,3,1164.0075,640.098,6390.0,1365.0,94.7628,0.5,1.5363,592.0,33.1649,0.4298,0.6012,958,1260,615,858,167.0345
12,29.2397,4,1329.7745,665.3899,10234.0,2996.0,140.2908,0.9111,2.3405,600.0,39.3472,0.5475,0.7076,1260,1566,615,858,167.0345
12,29.6402,1,563.6194,649.3155,8130.0,2704.0,218.4641,0.8746,4.4032,541.0,37.329,0.3913,0.5625,342,648,615,858,167.0345
12,29.6402,2,897.4138,655.6515,11502.0,3284.0,196.2766,0.9974,2.5829,542.0,36.3839,0.5542,0.7132,648,958,615,858,167.0345
12,29.6402,3,1169.949,629.666,5099.0,1581.0,97.573,0.9589,1.5452,573.0,34.1967,0.43,0.6014,958,1260,615,858,167.0345
12,29.6402,4,1326.8675,685.3277,8501.0,1603.0,131.9627,0.9261,2.3722,608.0,35.624,0.5565,0.715,1260,1566,615,858,167.0345
12,30.0408,1,564.8107,657.3551,8169.0,2281.0,217.3096,0.901,4.5652,551.0,27.5799,0.5745,0.7297,342,648,615,858,167.0345
12,30.0408,2,894.1984,654.8297,13415.0,3927.0,134.7908,0.9669,1.5501,597.0,35.9904,0.58,0.7342,648,958,615,858,167.0345
12,30.0408,3,1159.6018,650.3066,7436.0,1405.0,137.3052,0.8656,1.9985,576.0,54.0496,0.2868,0.4458,958,1260,615,858,167.0345
12,30.0408,4,1331.0032,669.3343,6464.0,1253.0,104.3138,0.9997,2.3594,606.0,41.709,0.332,0.4985,1260,1566,615,858,167.0345
12,30.4413,1,560.7476,665.7699,9241.0,2357.0,220.6919,0.8694,4.368,558.0,29.5075,0.6473,0.7859,342,648,615,858,167.0345
12,30.4413,2,896.446,659.366,14052.0,3615.0,145.6791,0.9506,1.6001,599.0,23.0455,0.7367,0.8484,648,958,615,858,167.0345
12,30.4413,3,1141.0407,676.291,11263.0,1252.0,197.7872,0.8321,3.153,593.0,56.987,0.2578,0.4099,958,1260,615,858,167.0345
12,30.4413,4,1357.3652,630.8423,8682.0,2955.0,172.2531,0.791,2.4884,554.0,41.1294,0.2439,0.3922,1260,1566,615,858,167.0345
12,30.8419,1,584.948,634.0619,9021.0,3476.0,184.0623,0.9619,3.0588,535.0,42.6909,0.4399,0.611,342,648,615,858,167.0345
12,30.8419,2,895.7251,681.4807,11688.0,1976.0,172.5618,0.9001,2.5128,599.0,37.572,0.5128,0.6779,648,958,615,858,167.0345
12,30.8419,3,1163.5435,663.7584,10411.0,2205.0,207.7745,0.7755,3.6184,569.0,42.2331,0.5239,0.6876,958,1260,615,858,167.0345
12,30.8419,4,1401.2827,658.2487,10582.0,2248.0,186.0442,0.837,2.6402,569.0,60.6752,0.0641,0.1204,1260,1566,615,858,167.0345
12,31.2424,1,593.9222,636.326,10174.0,3890.0,131.1495,0.9521,2.0152,591.0,36.7234,0.5537,0.7128,342,648,615,858,167.0345
12,31.2424,2,900.9665,662.7905,9372.0,2577.0,148.0242,0.8742,2.8214,600.0,29.3061,0.5335,0.6958,648,958,615,858,167.0345
12,31.2424,3,1183.5012,660.1547,10908.0,2750.0,203.7023,0.9167,3.1864,550.0,60.3174,0.394,0.5653,958,1260,615,858,167.0345
12,31.2424,4,1427.5554,667.6883,12057.0,2194.0,191.8698,0.8607,2.7953,564.0,48.8964,0.3219,0.487,1260,1566,615,858,167.0345
12,31.643,1,574.9957,682.846,9038.0,654.0,170.681,0.7873,2.7531,592.0,40.4148,0.3903,0.5614,342,648,615,858,167.0345
12,31.643,2,905.7632,665.6116,10007.0,2891.0,210.7069,0.9849,3.3763,545.0,24.7275,0.623,0.7677,648,958,615,858,167.0345
12,31.643,3,1186.9697,695.6086,9188.0,1193.0,170.964,0.8404,3.0995,609.0,58.2272,0.3376,0.5048,958,1260,615,858,167.0345
12,31.643,4,1453.3863,673.8125,12382.0,2373.0,202.7202,0.9213,3.0421,557.0,44.515,0.3026,0.4646,1260,1566,615,858,167.0345
12,32.0435,1,561.5249,674.1309,8051.0,1471.0,178.3524,0.8032,3.7603,591.0,40.9587,0.3715,0.5418,342,648,615,858,167.0345
12,32.0435,2,901.568,690.6491,8791.0,1132.0,176.3267,0.9293,3.4826,601.0,29.18,0.5737,0.7291,648,958,615,858,167.0345
12,32.0435,3,1189.4565,686.3873,8688.0,1095.0,166.5192,0.9337,3.3468,598.0,39.4177,0.5111,0.6764,958,1260,615,858,167.0345
12,32.0435,4,1483.2295,674.2697,12193.0,2692.0,222.0905,0.8844,3.5149,557.0,54.0784,0.2518,0.4023,1260,1566,615,858,167.0345
12,32.444,1,578.3964,627.6289,5333.0,2227.0,92.2031,0.8551,2.5338,617.0,38.6575,0.3184,0.483,342,648,615,858,167.0345
12,32.444,2,901.8443,654.1953,7805.0,2106.0,143.8556,0.9288,3.1411,602.0,40.249,0.4323,0.6036,648,958,615,858,167.0345
12,32.444,3,1159.0222,635.3799,7616.0,1654.0,144.7859,0.4239,2.2559,591.0,57.1592,0.1604,0.2765,958,1260,615,858,167.0345
12,32.444,4,1511.7748,666.2739,11113.0,2882.0,243.172,0.9265,4.1996,550.0,58.1082,0.3504,0.519,1260,1566,615,858,167.0345
12,32.8446,1,572.3431,645.9031,6604.0,1824.0,128.0048,0.992,2.4823,592.0,36.4037,0.389,0.5601,342,648,615,858,167.0345
12,32.8446,2,893.0997,668.8925,8518.0,2194.0,207.4186,0.9592,4.4782,558.0,23.7016,0.6478,0.7863,648,958,615,858,167.0345
12,32.8446,3,1093.5528,638.3057,10472.0,1445.0,197.8618,0.1936,3.1128,591.0,77.2327,0.2332,0.3783,958,1260,615,858,167.0345
12,32.8446,4,1522.3252,663.1817,10644.0,2848.0,207.2836,0.9815,3.1562,548.0,40.6435,0.5584,0.7166,1260,1566,615,858,167.0345
12,33.2451,1,555.0005,668.5303,10551.0,2181.0,180.3308,0.9998,2.6735,563.0,37.2159,0.4191,0.5906,342,648,615,858,167.0345
12,33.2451,2,888.9306,673.9817,9620.0,1989.0,172.1515,0.9831,2.7403,578.0,31.5531,0.5574,0.7158,648,958,615,858,167.0345
12,33.2451,3,1071.117,643.2674,10529.0,1854.0,193.8174,0.3944,3.0361,582.0,44.2642,0.5499,0.7096,958,1260,615,858,167.0345
12,33.2451,4,1513.6195,659.3795,13061.0,3308.0,191.3562,0.9906,2.2265,542.0,54.9213,0.4678,0.6374,1260,1566,615,858,167.0345
12,33.6457,1,526.5238,660.3828,12367.0,3031.0,190.1084,0.9881,2.3051,549.0,52.8769,0.2678,0.4225,342,648,615,858,167.0345
12,33.6457,2,873.433,661.4221,10376.0,2357.0,188.4065,0.9953,2.7485,560.0,44.1502,0.4248,0.5963,648,958,615,858,167.0345
12,33.6457,3,1058.0597,648.4123,9782.0,1648.0,188.8648,0.4709,3.1953,588.0,46.095,0.5568,0.7153,958,1260,615,858,167.0345
12,33.6457,4,1484.8112,643.4218,15129.0,4540.0,233.749,0.858,2.6781,524.0,67.0037,0.3005,0.4621,1260,1566,615,858,167.0345
12,34.0462,1,506.3444,672.5768,13604.0,2503.0,191.0015,0.9926,2.0502,573.0,47.4586,0.415,0.5866,342,648,615,858,167.0345
12,34.0462,2,852.167,671.9559,11632.0,2337.0,185.1321,0.9929,2.4587,563.0,45.6872,0.4154,0.587,648,958,615,858,167.0345
12,34.0462,3,1042.107,651.6195,9079.0,2099.0,152.2409,0.6236,2.4797,581.0,51.1843,0.4788,0.6476,958,1260,615,858,167.0345
12,34.0462,4,1431.3576,650.0859,14909.0,4543.0,242.8981,0.8678,3.0317,527.0,80.9381,0.1298,0.2298,1260,1566,615,858,167.0345
12,34.4468,1,504.8469,667.348,13926.0,3393.0,222.5915,0.7717,3.3012,571.0,48.3703,0.3909,0.5621,342,648,615,858,167.0345
12,34.4468,2,840.2848,681.0421,12076.0,1853.0,189.3284,0.9987,2.5,571.0,34.0709,0.5576,0.716,648,958,615,858,167.0345
12,34.4468,3,1025.3398,643.3739,6604.0,1920.0,100.9276,0.9987,1.3017,574.0,45.5608,0.4211,0.5926,958,1260,615,858,167.0345
12,34.4468,4,1370.7582,642.7428,13348.0,4712.0,178.2348,0.6259,3.1452,601.0,72.5686,0.0951,0.1737,1260,1566,615,858,167.0345
12,34.8473,1,548.4367,639.6146,11940.0,4041.0,234.1765,0.7784,3.6282,528.0,57.0326,0.3435,0.5113,342,648,615,858,167.0345
12,34.8473,2,834.9014,682.2765,12490.0,1742.0,195.9854,0.9322,2.5972,583.0,38.1835,0.5238,0.6875,648,958,615,858,167.0345
12,34.8473,3,1025.591,639.7801,7711.0,2335.0,111.0192,0.9975,1.3176,564.0,34.3864,0.5607,0.7185,958,1260,615,858,167.0345
12,34.8473,4,1335.9454,660.511,8329.0,2442.0,113.9178,0.859,2.1561,613.0,59.01,0.148,0.2579,1260,1566,615,858,167.0345
12,35.2478,1,573.2587,669.3204,9104.0,2128.0,176.5692,0.8392,3.6126,589.0,69.324,0.155,0.2684,342,648,615,858,167.0345
12,35.2478,2,852.7928,668.1999,11714.0,2661.0,209.3471,0.8193,3.3733,557.0,47.3292,0.3709,0.5411,648,958,615,858,167.0345
12,35.2478,3,1030.0821,646.8965,9049.0,2230.0,125.8179,0.8938,1.3435,573.0,33.2895,0.6081,0.7563,958,1260,615,858,167.0345
12,35.2478,4,1321.0249,659.1229,7183.0,2255.0,194.5262,0.9981,4.2248,554.0,32.0961,0.5135,0.6786,1260,1566,615,858,167.0345
12,35.6484,1,578.3465,690.3083,7669.0,1442.0,151.697,0.9266,3.6246,622.0,43.4014,0.3601,0.5295,342,648,615,858,167.0345
12,35.6484,2,884.0226,665.508,10312.0,2745.0,206.0068,0.9272,3.6357,549.0,57.7775,0.2789,0.4361,648,958,615,858,167.0345
12,35.6484,3,1036.9578,657.4921,10092.0,1905.0,139.1542,0.6469,2.0143,605.0,27.6558,0.6891,0.8159,958,1260,615,858,167.0345
12,35.6484,4,1323.128,645.2898,6252.0,1766.0,131.2051,0.9883,2.873,602.0,33.7769,0.5339,0.6961,1260,1566,615,858,167.0345
12,36.0489,1,574.9116,657.1302,6734.0,1740.0,150.8856,0.9886,3.1822,593.0,44.1982,0.3145,0.4785,342,648,615,858,167.0345
12,36.0489,2,891.9627,683.7177,9286.0,1783.0,223.9026,0.9443,4.6346,564.0,42.2713,0.4399,0.611,648,958,615,858,167.0345
12,36.0489,3,1042.4796,647.6275,12321.0,3583.0,193.3755,0.8128,2.3666,566.0,39.7384,0.5587,0.7169,958,1260,615,858,167.0345
12,36.0489,4,1336.4729,660.5496,8954.0,1786.0,134.3674,0.9973,1.9413,608.0,43.8319,0.3553,0.5243,1260,1566,615,858,167.0345
12,36.4495,1,560.3836,652.1044,10000.0,2439.0,171.6783,0.9993,2.188,561.0,46.6617,0.3713,0.5415,342,648,615,858,167.0345
12,36.4495,2,895.2694,664.5529,9893.0,2735.0,224.475,0.9319,4.2037,552.0,28.7776,0.6277,0.7713,648,958,615,858,167.0345
12,36.4495,3,1049.5876,648.89,9973.0,2167.0,165.8212,0.5413,2.5532,580.0,40.6754,0.5307,0.6934,958,1260,615,858,167.0345
12,36.4495,4,1358.3725,668.0462,10824.0,2372.0,140.2161,0.9843,2.0052,610.0,42.2956,0.3052,0.4677,1260,1566,615,858,167.0345
12,36.85,1,541.514,653.777,11729.0,3137.0,186.1452,0.9992,2.3757,548.0,43.1989,0.4594,0.6296,342,648,615,858,167.0345
12,36.85,2,907.6118,659.6728,10666.0,3356.0,209.9764,0.9906,3.3601,537.0,44.8314,0.4579,0.6281,648,958,615,858,167.0345
12,36.85,3,1018.9253,636.6656,4297.0,1190.0,71.8198,0.7889,1.185,591.0,49.1867,0.2915,0.4514,958,1260,615,858,167.0345
12,36.85,4,1382.5353,666.4817,11744.0,2650.0,210.0321,0.9764,3.0991,557.0,40.9411,0.3527,0.5214,1260,1566,615,858,167.0345
12,37.2506,1,528.525,676.5851,11713.0,1744.0,221.274,0.843,3.3118,580.0,49.3425,0.3797,0.5504,342,648,615,858,167.0345
12,37.2506,2,907.9138,690.8089,9719.0,1367.0,174.355,0.9265,2.7297,598.0,38.6764,0.4629,0.6328,648,958,615,858,167.0345
12,37.2506,3,1042.4833,635.7319,6580.0,1137.0,126.1012,0.2307,1.9772,598.0,49.8157,0.2659,0.4202,958,1260,615,858,167.0345
12,37.2506,4,1401.3282,689.8695,12780.0,1132.0,202.4696,0.9097,2.8147,592.0,45.6403,0.282,0.44,1260,1566,615,858,167.0345
12,37.6511,1,541.6448,660.615,11443.0,3193.0,227.3448,0.7908,4.0185,554.0,35.424,0.5649,0.722,342,648,615,858,167.0345
12,37.6511,2,905.5814,671.4067,8753.0,2000.0,150.6636,0.9078,2.9099,599.0,37.5494,0.4202,0.5917,648,958,615,858,167.0345
12,37.6511,3,1065.0388,653.6001,6936.0,763.0,94.6597,0.7366,1.2366,599.0,42.3536,0.3651,0.5349,958,1260,615,858,167.0345
12,37.6511,4,1376.4925,656.5539,11107.0,3061.0,229.1992,0.7739,3.9188,559.0,44.5609,0.4397,0.6108,1260,1566,615,858,167.0345
12,38.0517,1,573.4682,650.4806,10330.0,3320.0,215.5796,0.9038,3.6694,530.0,65.0245,0.2365,0.3825,342,648,615,858,167.0345
12,38.0517,2,903.8384,661.7784,9061.0,2787.0,202.9588,0.9686,3.9021,550.0,19.2397,0.7238,0.8398,648,958,615,858,167.0345
12,38.0517,3,1088.3467,655.6764,7252.0,1070.0,115.9103,0.9713,1.5542,594.0,37.9862,0.4025,0.574,958,1260,615,858,167.0345
12,38.0517,4,1332.7211,656.7749,8843.0,2976.0,191.3175,0.9981,3.7346,538.0,72.1804,0.1261,0.224,1260,1566,615,858,167.0345
12,38.4522,1,583.965,684.02,10180.0,1979.0,180.0373,0.9099,3.2532,589.0,55.8858,0.2765,0.4333,342,648,615,858,167.0345
12,38.4522,2,904.4842,674.1042,8250.0,2084.0,213.046,0.9676,4.7749,559.0,25.6079,0.6653,0.799,648,958,615,858,167.0345
12,38.4522,3,1089.4568,649.3561,11000.0,2198.0,183.4897,0.5457,2.7708,578.0,52.6486,0.3808,0.5516,958,1260,615,858,167.0345
12,38.4522,4,1325.2692,661.1678,9082.0,2948.0,202.2785,0.9995,3.6076,541.0,31.1852,0.5713,0.7271,1260,1566,615,858,167.0345
12,38.8527,1,585.3116,684.2849,8663.0,1603.0,177.7641,0.9177,3.6965,591.0,21.4285,0.7087,0.8295,342,648,615,858,167.0345
12,38.8527,2,898.3459,671.039,8518.0,2300.0,207.5984,0.9708,4.4839,556.0,29.4447,0.6008,0.7506,648,958,615,858,167.0345
12,38.8527,3,1069.3982,656.5336,10545.0,2184.0,188.3195,0.7864,2.8144,563.0,57.819,0.3708,0.541,958,1260,615,858,167.0345
12,38.8527,4,1331.9547,655.7927,11060.0,3406.0,203.8477,1.0,2.8123,536.0,43.2544,0.4984,0.6653,1260,1566,615,858,167.0345
12,39.2533,1,586.1143,670.9383,4891.0,1169.0,99.7165,0.9651,2.9849,624.0,42.3802,0.2537,0.4048,342,648,615,858,167.0345
12,39.2533,2,889.1816,679.0692,9634.0,1803.0,192.4678,0.9721,3.1564,576.0,38.768,0.4729,0.6421,648,958,615,858,167.0345
12,39.2533,3,1055.5799,676.3582,10508.0,1806.0,186.1907,0.9324,2.872,568.0,46.6167,0.4005,0.572,958,1260,615,858,167.0345
12,39.2533,4,1337.0478,668.205,12060.0,3163.0,210.2068,0.9892,2.6129,539.0,32.8869,0.6119,0.7593,1260,1566,615,858,167.0345
12,39.6538,1,570.2538,637.5348,6047.0,2078.0,134.4914,0.9997,3.0056,595.0,39.6541,0.2331,0.3781,342,648,615,858,167.0345
12,39.6538,2,869.5248,673.2553,11085.0,2134.0,185.4731,0.9967,2.6457,564.0,47.8176,0.3323,0.4989,648,958,615,858,167.0345
12,39.6538,3,1052.0838,679.0495,10286.0,1388.0,163.8907,0.8878,2.3076,595.0,49.721,0.2612,0.4143,958,1260,615,858,167.0345
12,39.6538,4,1332.6469,692.4991,8906.0,1363.0,130.5302,0.8877,2.1539,619.0,43.445,0.4384,0.6096,1260,1566,615,858,167.0345
12,40.0544,1,547.1254,648.4036,9204.0,2029.0,168.2455,0.8727,2.422,573.0,49.3739,0.2799,0.4373,342,648,615,858,167.0345
12,40.0544,2,849.5961,682.9899,12320.0,2093.0,194.1051,0.9942,2.635,566.0,42.2929,0.4252,0.5967,648,958,615,858,167.0345
12,40.0544,3,1105.7907,645.2916,10672.0,1693.0,203.7749,0.4191,3.1767,587.0,60.8239,0.2299,0.3738,958,1260,615,858,167.0345
12,40.0544,4,1320.3919,659.5709,6519.0,1879.0,129.3442,0.9812,3.1623,599.0,35.9743,0.4798,0.6484,1260,1566,615,858,167.0345
12,40.4549,1,499.9765,650.3153,12195.0,3231.0,220.8796,0.7357,3.2088,568.0,70.0478,0.1937,0.3246,342,648,615,858,167.0345
12,40.4549,2,837.8036,699.5724,11699.0,1047.0,193.57,0.9941,2.6965,583.0,44.1192,0.44,0.6111,648,958,615,858,167.0345
12,40.4549,3,1163.8087,653.2041,10816.0,2681.0,206.1386,0.7885,3.283,553.0,78.574,0.1008,0.1832,958,1260,615,858,167.0345
12,40.4549,4,1311.2904,670.9148,5433.0,1137.0,129.2426,0.9965,3.3474,617.0,36.2332,0.4849,0.6531,1260,1566,615,858,167.0345
12,40.8555,1,455.9189,654.0361,11490.0,3165.0,229.7277,0.8038,3.7124,549.0,77.4864,0.173,0.295,342,648,615,858,167.0345
12,40.8555,2,818.932,673.8944,12801.0,2951.0,197.6894,0.9996,2.7224,552.0,45.3559,0.4071,0.5786,648,958,615,858,167.0345
12,40.8555,3,1172.9278,693.5006,9710.0,658.0,189.8926,0.8098,3.0601,595.0,67.8871,0.2059,0.3415,958,1260,615,858,167.0345
12,40.8555,4,1322.7067,655.7851,8497.0,2143.0,160.2223,0.9987,2.7727,589.0,51.272,0.489,0.6569,1260,1566,615,858,167.0345
12,41.256,1,430.4871,673.0744,11795.0,2668.0,241.0377,0.8207,4.1367,564.0,68.8433,0.2429,0.3909,342,648,615,858,167.0345
12,41.256,2,816.5854,687.1362,14454.0,2177.0,203.6083,0.9324,2.4071,585.0,43.1493,0.4504,0.621,648,958,615,858,167.0345
12,41.256,3,1194.6053,664.2695,7439.0,1298.0,137.4367,0.9998,2.1263,586.0,52.0782,0.3813,0.5521,958,1260,615,858,167.0345
12,41.256,4,1353.5348,615.0619,10004.0,4692.0,178.7161,0.8588,2.26,514.0,68.4846,0.2681,0.4229,1260,1566,615,858,167.0345
12,41.6565,1,413.0219,655.8062,12190.0,3866.0,209.8174,0.9006,3.0578,541.0,47.8218,0.5103,0.6758,342,648,615,858,167.0345
12,41.6565,2,850.8774,664.2186,11606.0,2782.0,207.4328,0.8323,3.1885,560.0,54.5447,0.2834,0.4416,648,958,615,858,167.0345
12,41.6565,3,1151.3907,637.818,8292.0,1918.0,169.6927,0.6159,2.8485,575.0,59.709,0.1926,0.3229,958,1260,615,858,167.0345
12,41.6565,4,1370.0932,652.3,13673.0,2909.0,174.2942,0.7175,1.9855,585.0,74.0208,0.2186,0.3588,1260,1566,615,858,167.0345
12,42.0571,1,405.0765,646.4302,12230.0,4104.0,147.4519,0.804,2.0699,591.0,39.2086,0.5123,0.6775,342,648,615,858,167.0345
12,42.0571,2,881.5731,657.5194,10047.0,3075.0,214.8229,0.9478,4.0607,539.0,59.1323,0.2711,0.4265,648,958,615,858,167.0345
12,42.0571,3,1096.4424,655.6667,10750.0,2189.0,201.4072,0.7076,3.1861,567.0,82.2724,0.029,0.0563,958,1260,615,858,167.0345
12,42.0571,4,1403.674,649.7774,14100.0,3822.0,210.5233,0.7811,2.6487,544.0,58.2614,0.3589,0.5282,1260,1566,615,858,167.0345
12,42.4576,1,410.8391,642.4344,15072.0,4802.0,189.6191,0.9253,1.8072,524.0,50.5278,0.4295,0.6009,342,648,615,858,167.0345
12,42.4576,2,891.9632,692.5753,8761.0,717.0,195.7402,0.9634,3.7505,598.0,49.2152,0.3177,0.4822,648,958,615,858,167.0345
12,42.4576,3,1065.5213,665.8711,9941.0,1558.0,189.0737,0.7322,3.0935,579.0,70.7166,0.2461,0.3951,958,1260,615,858,167.0345
12,42.4576,4,1446.638,655.4978,14045.0,3406.0,197.4589,0.8735,2.1256,540.0,59.5872,0.2505,0.4006,1260,1566,615,858,167.0345
12,42.8582,1,448.5658,649.1461,16427.0,4873.0,200.9557,0.8984,2.0157,527.0,59.9975,0.3012,0.4629,342,648,615,858,167.0345
12,42.8582,2,887.3561,650.1734,9960.0,2950.0,192.6535,0.9964,3.0014,547.0,45.4797,0.3987,0.5701,648,958,615,858,167.0345
12,42.8582,3,1053.9042,669.0344,10342.0,1685.0,190.2737,0.7706,3.0891,577.0,44.8895,0.5503,0.71,958,1260,615,858,167.0345
12,42.8582,4,1473.7305,668.5527,15007.0,2887.0,189.6527,0.9981,1.7875,547.0,53.0539,0.3569,0.526,1260,1566,615,858,167.0345
12,43.2587,1,481.3094,661.5642,16602.0,3979.0,178.7621,0.6078,2.2416,602.0,60.1525,0.2772,0.434,342,648,615,858,167.0345
12,43.2587,2,870.6472,678.4451,11179.0,2105.0,190.9333,1.0,2.7476,568.0,38.0998,0.4745,0.6436,648,958,615,858,167.0345
12,43.2587,3,1051.3619,675.7174,9972.0,1590.0,176.4889,0.8184,2.8204,583.0,34.7289,0.5916,0.7434,958,1260,615,858,167.0345
12,43.2587,4,1469.8689,669.6844,14592.0,2436.0,185.5136,0.9303,1.9677,551.0,43.9907,0.4502,0.6209,1260,1566,615,858,167.0345
12,43.6593,1,542.9147,649.1293,15401.0,4972.0,190.6417,0.679,2.7069,592.0,61.2813,0.1589,0.2742,342,648,615,858,167.0345
12,43.6593,2,856.1419,691.5171,11794.0,1457.0,200.824,0.9894,2.8802,576.0,36.8796,0.5258,0.6892,648,958,615,858,167.0345
12,43.6593,3,1047.6489,685.2416,10043.0,1190.0,160.5262,0.9707,2.2793,589.0,39.6744,0.4758,0.6448,958,1260,615,858,167.0345
12,43.6593,4,1440.3117,659.638,16196.0,3805.0,217.2646,0.7064,2.6681,565.0,59.2579,0.2536,0.4046,1260,1566,615,858,167.0345
12,44.0598,1,559.2239,687.7594,8355.0,632.0,177.6462,0.762,3.4134,592.0,49.1806,0.2694,0.4244,342,648,615,858,167.0345
12,44.0598,2,863.5068,671.3275,11733.0,2815.0,228.8322,0.8998,3.8821,557.0,43.7294,0.4597,0.6298,648,958,615,858,167.0345
12,44.0598,3,1066.7201,652.8501,9324.0,1571.0,175.1564,0.6644,2.7617,588.0,52.6905,0.2436,0.3918,958,1260,615,858,167.0345
12,44.0598,4,1458.9975,650.7447,11933.0,2943.0,246.3335,0.6575,3.7861,556.0,38.2649,0.4266,0.5981,1260,1566,615,858,167.0345
12,44.4604,1,578.3032,665.047,8549.0,2213.0,166.7388,0.8443,3.4965,589.0,27.8954,0.4362,0.6074,342,648,615,858,167.0345
12,44.4604,2,869.667,679.6652,11496.0,2289.0,219.1601,0.9067,3.7113,565.0,40.9436,0.5362,0.6981,648,958,615,858,167.0345
12,44.4604,3,1111.1702,653.1452,10386.0,1638.0,188.528,0.5781,3.0166,583.0,66.7623,0.2234,0.3652,958,1260,615,858,167.0345
12,44.4604,4,1498.8058,661.4909,11724.0,2653.0,154.3896,0.6823,2.3197,608.0,62.0507,0.1452,0.2536,1260,1566,615,858,167.0345
12,44.8609,1,582.3922,663.9493,8653.0,2207.0,223.6088,0.9068,4.3812,564.0,27.2178,0.614,0.7608,342,648,615,858,167.0345
12,44.8609,2,885.6145,670.1118,10380.0,2785.0,224.5431,0.9477,4.0931,547.0,44.1445,0.4719,0.6413,648,958,615,858,167.0345
12,44.8609,3,1136.7057,670.8271,10593.0,838.0,177.1825,0.6132,2.7327,600.0,60.5601,0.2925,0.4526,958,1260,615,858,167.0345
12,44.8609,4,1511.8598,691.2336,11088.0,1486.0,207.0483,0.9241,2.9049,576.0,42.967,0.4121,0.5836,1260,1566,615,858,167.0345
12,45.2614,1,579.0259,657.1056,10404.0,3077.0,153.7666,0.8927,2.5986,591.0,36.6969,0.481,0.6495,342,648,615,858,167.0345
12,45.2614,2,892.4336,677.0378,9148.0,1803.0,204.1802,0.9273,4.0501,572.0,32.6901,0.5431,0.7039,648,958,615,858,167.0345
12,45.2614,3,1159.5059,664.7406,10337.0,1278.0,176.0583,0.6384,2.7317,595.0,44.2426,0.5161,0.6808,958,1260,615,858,167.0345
12,45.2614,4,1512.5675,675.5696,11564.0,2035.0,189.8856,0.9193,2.5326,563.0,38.1408,0.5351,0.6972,1260,1566,615,858,167.0345
12,45.662,1,584.8791,628.0007,9808.0,3853.0,105.3135,0.9049,1.2603,591.0,46.7156,0.3975,0.5689,342,648,615,858,167.0345
12,45.662,2,888.6334,684.7614,9081.0,1287.0,181.1515,0.9275,3.478,586.0,26.0821,0.6491,0.7872,648,958,615,858,167.0345
12,45.662,3,1167.4203,662.2256,10593.0,1733.0,156.3057,0.7011,2.2326,588.0,35.6448,0.6158,0.7623,958,1260,615,858,167.0345
12,45.662,4,1514.6703,656.0691,10800.0,2696.0,203.7736,0.9207,2.8036,549.0,32.6103,0.6033,0.7525,1260,1566,615,858,167.0345
12,46.0625,1,565.191,647.9537,15864.0,4943.0,166.5011,0.7801,1.8503,589.0,44.9935,0.4482,0.619,342,648,615,858,167.0345
12,46.0625,2,892.5658,657.1565,9778.0,2373.0,190.1749,0.992,2.8664,547.0,35.3396,0.4894,0.6572,648,958,615,858,167.0345
12,46.0625,3,1171.3489,662.705,10439.0,1799.0,162.4174,0.7619,2.3072,584.0,30.653,0.6892,0.816,958,1260,615,858,167.0345
12,46.0625,4,1515.9481,681.9278,10436.0,1494.0,179.1348,0.9667,2.3296,580.0,47.5309,0.5229,0.6868,1260,1566,615,858,167.0345
12,46.4631,1,556.1527,676.3726,16566.0,3115.0,221.1719,0.7838,2.602,591.0,30.8819,0.6015,0.7512,342,648,615,858,167.0345
12,46.4631,2,885.1609,683.8814,10916.0,1734.0,190.4279,0.971,2.9628,581.0,32.4552,0.5915,0.7433,648,958,615,858,167.0345
12,46.4631,3,1184.1131,659.0673,9447.0,1817.0,131.5367,0.9583,1.5708,578.0,39.0587,0.5582,0.7165,958,1260,615,858,167.0345
12,46.4631,4,1514.0344,646.0707,12688.0,3857.0,183.1039,0.9718,2.0716,530.0,58.3017,0.4062,0.5778,1260,1566,615,858,167.0345
12,46.8636,1,566.9933,654.2377,15626.0,4251.0,179.935,0.9932,1.4885,544.0,36.7342,0.5288,0.6918,342,648,615,858,167.0345
12,46.8636,2,880.0579,669.9335,11027.0,2447.0,206.3666,0.9568,3.3104,558.0,33.4553,0.5875,0.7402,648,958,615,858,167.0345
12,46.8636,3,1174.0419,651.697,9360.0,1827.0,131.6157,0.9672,1.3317,573.0,42.6549,0.5298,0.6926,958,1260,615,858,167.0345
12,46.8636,4,1504.1193,664.7745,16048.0,2844.0,190.3048,0.9227,1.6557,545.0,55.7283,0.4614,0.6315,1260,1566,615,858,167.0345
12,47.2642,1,545.4446,642.8472,15410.0,4621.0,202.924,0.8708,2.1098,524.0,44.4556,0.4717,0.6411,342,648,615,858,167.0345
12,47.2642,2,880.1022,674.5657,11132.0,2408.0,212.0627,0.9418,3.4687,558.0,23.9969,0.723,0.8392,648,958,615,858,167.0345
12,47.2642,3,1163.3006,654.2722,10134.0,1758.0,126.3324,0.957,1.2914,572.0,42.9464,0.4778,0.6467,958,1260,615,858,167.0345
12,47.2642,4,1455.8728,666.5157,15590.0,2786.0,188.4334,0.9429,2.0174,552.0,65.739,0.2629,0.4164,1260,1566,615,858,167.0345
12,47.6647,1,519.01,663.4269,17856.0,4391.0,197.1349,0.9993,1.7867,540.0,50.914,0.4032,0.5747,342,648,615,858,167.0345
12,47.6647,2,887.228,679.1718,9929.0,1839.0,205.6799,0.918,3.6513,576.0,40.3876,0.5361,0.698,648,958,615,858,167.0345
12,47.6647,3,1129.8224,646.1995,9742.0,2463.0,143.8661,0.9896,1.8083,553.0,61.116,0.3408,0.5084,958,1260,615,858,167.0345
12,47.6647,4,1418.3999,650.9062,13591.0,3925.0,202.8902,0.8614,2.6187,538.0,58.9921,0.3049,0.4674,1260,1566,615,858,167.0345
12,48.0652,1,510.3004,675.9307,14089.0,1415.0,214.7721,0.7082,2.6304,592.0,42.7507,0.4387,0.6099,342,648,615,858,167.0345
12,48.0652,2,901.381,662.6154,9100.0,2636.0,208.5198,0.946,4.0262,546.0,43.4133,0.496,0.6631,648,958,615,858,167.0345
12,48.0652,3,1109.3506,655.8809,11752.0,2575.0,163.4927,0.926,1.9023,551.0,53.1066,0.4502,0.6209,958,1260,615,858,167.0345
12,48.0652,4,1364.8434,678.5848,9405.0,454.0,150.9429,0.7289,2.2473,605.0,71.67,0.0626,0.1178,1260,1566,615,858,167.0345
12,48.4658,1,530.2215,640.6554,13128.0,4593.0,188.8764,0.5703,3.1868,591.0,34.6693,0.5101,0.6756,342,648,615,858,167.0345
12,48.4658,2,904.3526,673.7676,9848.0,2053.0,171.4743,0.9123,2.9998,597.0,30.493,0.5939,0.7452,648,958,615,858,167.0345
12,48.4658,3,1099.9901,669.7748,14209.0,2559.0,190.2555,0.6005,2.8079,611.0,41.841,0.4842,0.6525,958,1260,615,858,167.0345
12,48.4658,4,1337.3817,673.3334,11125.0,2753.0,204.5835,0.9844,2.9643,547.0,51.8931,0.2568,0.4087,1260,1566,615,858,167.0345
12,48.8663,1,547.4083,660.6484,9273.0,997.0,189.5797,0.5421,3.4467,591.0,47.3825,0.3018,0.4636,342,648,615,858,167.0345
12,48.8663,2,901.052,666.1631,11692.0,2904.0,162.0524,0.9369,2.4272,598.0,33.367,0.5724,0.728,648,958,615,858,167.0345
12,48.8663,3,1129.1077,648.2396,12570.0,3203.0,187.0415,0.3884,2.7282,578.0,50.2683,0.3367,0.5038,958,1260,615,858,167.0345
12,48.8663,4,1330.6723,671.2681,9613.0,2226.0,195.2558,0.9718,3.3633,560.0,27.0543,0.6199,0.7654,1260,1566,615,858,167.0345
12,49.2669,1,564.8938,673.0893,7625.0,721.0,186.6551,0.7018,3.8714,591.0,44.658,0.3748,0.5453,342,648,615,858,167.0345
12,49.2669,2,903.4486,651.7564,13240.0,3876.0,140.9323,0.9976,1.5943,593.0,45.0059,0.4995,0.6662,648,958,615,858,167.0345
12,49.2669,3,1175.788,643.2659,8506.0,2210.0,141.9377,0.9149,2.2267,557.0,51.5136,0.2318,0.3764,958,1260,615,858,167.0345
12,49.2669,4,1321.8629,660.0166,7936.0,2364.0,178.7708,0.9937,3.7748,548.0,32.6505,0.4965,0.6635,1260,1566,615,858,167.0345
12,49.6674,1,572.3509,687.7867,8111.0,663.0,183.0597,0.8334,3.6977,591.0,40.4539,0.4202,0.5918,342,648,615,858,167.0345
12,49.6674,2,885.5821,664.809,15761.0,3608.0,200.1056,0.9469,2.044,540.0,47.8622,0.4506,0.6212,648,958,615,858,167.0345
12,49.6674,3,1196.0537,650.0146,7623.0,1718.0,137.3176,0.9927,1.97,573.0,35.319,0.4325,0.6039,958,1260,615,858,167.0345
12,49.6674,4,1322.2832,655.2741,6494.0,1779.0,193.5419,0.9963,4.5466,560.0,29.361,0.5764,0.7313,1260,1566,615,858,167.0345
12,50.068,1,584.6349,693.1923,9827.0,676.0,170.6569,0.891,2.6187,592.0,28.5002,0.5567,0.7152,342,648,615,858,167.0345
12,50.068,2,856.2744,650.9609,14857.0,4332.0,213.209,0.8374,2.5419,534.0,54.53,0.3868,0.5578,648,958,615,858,167.0345
12,50.068,3,1169.1776,648.3112,9170.0,2456.0,169.5161,0.9988,2.5306,555.0,48.5071,0.3037,0.4659,958,1260,615,858,167.0345
12,50.068,4,1334.2345,671.8759,7493.0,1530.0,169.1727,0.9852,3.7069,583.0,39.1115,0.4242,0.5957,1260,1566,615,858,167.0345
12,50.4685,1,567.2978,702.6289,10952.0,696.0,202.8938,0.8202,3.2665,591.0,30.4718,0.572,0.7278,342,648,615,858,167.0345
12,50.4685,2,820.9093,654.4485,14972.0,4350.0,220.3626,0.7626,2.7253,546.0,59.7807,0.3083,0.4714,648,958,615,858,167.0345
12,50.4685,3,1151.3124,677.4169,9988.0,1037.0,162.812,0.9988,2.2273,587.0,46.2919,0.4094,0.581,958,1260,615,858,167.0345
12,50.4685,4,1341.7665,671.426,8837.0,1813.0,206.5281,0.9112,4.1945,569.0,43.287,0.454,0.6245,1260,1566,615,858,167.0345
12,50.8691,1,574.3743,673.9178,9560.0,1882.0,174.8016,0.8254,3.2822,591.0,34.8788,0.4711,0.6405,342,648,615,858,167.0345
12,50.8691,2,784.2757,644.81,14176.0,4861.0,169.4406,0.6081,2.3807,590.0,56.2122,0.3103,0.4737,648,958,615,858,167.0345
12,50.8691,3,1152.2072,667.6682,11094.0,1908.0,210.5468,0.8015,3.3633,572.0,51.7015,0.3704,0.5406,958,1260,615,858,167.0345
12,50.8691,4,1336.759,656.6621,9866.0,2760.0,185.471,0.9639,2.9637,553.0,38.9344,0.58,0.7342,1260,1566,615,858,167.0345
12,51.2696,1,589.0711,632.7712,3741.0,1295.0,113.7751,0.9853,3.697,597.0,43.9746,0.2781,0.4352,342,648,615,858,167.0345
12,51.2696,2,761.5305,648.7823,13208.0,4396.0,202.6516,0.8221,2.6088,539.0,51.8856,0.3501,0.5186,648,958,615,858,167.0345
12,51.2696,3,1175.5881,663.2466,10891.0,2662.0,210.7642,0.9144,3.3303,547.0,56.7925,0.3693,0.5394,958,1260,615,858,167.0345
12,51.2696,4,1326.4714,639.9016,7955.0,3338.0,91.8497,0.9391,1.987,622.0,59.8761,0.357,0.5261,1260,1566,615,858,167.0345
12,51.6701,1,567.7986,642.5574,5481.0,1278.0,105.1554,0.9489,2.0048,597.0,39.011,0.2392,0.386,342,648,615,858,167.0345
12,51.6701,2,739.1981,662.7102,12625.0,3621.0,202.8704,0.9223,2.6733,551.0,43.4172,0.3503,0.5189,648,958,615,858,167.0345
12,51.6701,3,1192.3924,689.6715,9598.0,1360.0,202.0632,0.9308,3.5723,579.0,56.0029,0.3038,0.466,958,1260,615,858,167.0345
12,51.6701,4,1327.7613,739.1454,6507.0,0.0,119.8082,0.9541,2.3076,652.0,59.7191,0.1524,0.2646,1260,1566,615,858,167.0345
12,52.0707,1,552.4812,634.2057,6106.0,1840.0,114.3006,0.9871,1.8581,572.0,35.0638,0.4413,0.6124,342,648,615,858,167.0345
12,52.0707,2,727.7986,649.6468,10524.0,3257.0,173.369,0.9474,2.3132,551.0,34.1022,0.4971,0.664,648,958,615,858,167.0345
12,52.0707,3,1198.2871,668.7794,10753.0,2585.0,196.2455,0.9919,2.8617,554.0,41.1181,0.5345,0.6967,958,1260,615,858,167.0345
12,52.0707,4,1316.9337,686.9554,7916.0,1486.0,134.1933,0.9817,2.5785,620.0,42.9298,0.3595,0.5289,1260,1566,615,858,167.0345
12,52.4712,1,537.5016,663.6286,9984.0,1703.0,150.4878,0.9193,1.9755,585.0,46.2287,0.3706,0.5408,342,648,615,858,167.0345
12,52.4712,2,720.5538,649.5505,8214.0,2449.0,138.8238,0.9252,2.6591,594.0,28.6562,0.567,0.7237,648,958,615,858,167.0345
12,52.4712,3,1189.218,658.7814,12549.0,3185.0,140.7655,0.8681,1.8193,604.0,41.4068,0.5443,0.7049,958,1260,615,858,167.0345
12,52.4712,4,1322.252,651.4528,6267.0,1746.0,122.2607,0.967,2.9267,603.0,41.017,0.3991,0.5705,1260,1566,615,858,167.0345
12,52.8718,1,524.8045,663.2316,10445.0,2244.0,213.9398,0.7658,3.8349,570.0,43.7091,0.4887,0.6565,342,648,615,858,167.0345
12,52.8718,2,714.7915,654.5382,9118.0,2316.0,184.524,0.9996,2.8523,556.0,27.5323,0.5905,0.7426,648,958,615,858,167.0345
12,52.8718,3,1172.3355,692.0294,10602.0,572.0,177.5395,0.7232,2.6638,611.0,47.3041,0.4495,0.6202,958,1260,615,858,167.0345
12,52.8718,4,1326.5607,664.5791,6617.0,1334.0,177.1044,0.9778,3.9759,574.0,29.0362,0.6162,0.7625,1260,1566,615,858,167.0345
12,53.2723,1,548.0499,658.7753,11250.0,2994.0,219.1403,0.7782,3.6714,559.0,43.8994,0.4319,0.6033,342,648,615,858,167.0345
12,53.2723,2,716.7377,665.9612,10384.0,2408.0,209.9234,0.9786,3.3523,559.0,32.0823,0.6487,0.7869,648,958,615,858,167.0345
12,53.2723,3,1168.7675,650.7528,7694.0,1632.0,113.3642,0.9801,1.5061,575.0,52.2763,0.1871,0.3153,958,1260,615,858,167.0345
12,53.2723,4,1328.5147,662.2425,7649.0,1005.0,130.1273,0.9877,2.0113,607.0,38.2248,0.4222,0.5937,1260,1566,615,858,167.0345
12,53.6729,1,564.8131,672.9287,9585.0,1613.0,204.2092,0.799,3.5441,568.0,56.8747,0.3234,0.4887,342,648,615,858,167.0345
12,53.6729,2,726.0083,670.2031,10063.0,2427.0,217.6283,0.9425,3.8253,566.0,35.7069,0.616,0.7624,648,958,615,858,167.0345
12,53.6729,3,1143.3562,643.4241,10248.0,2640.0,175.0502,0.8851,2.4746,556.0,48.423,0.3426,0.5103,958,1260,615,858,167.0345
12,53.6729,4,1340.7204,676.163,8053.0,487.0,130.4547,0.995,1.933,609.0,32.4005,0.485,0.6532,1260,1566,615,858,167.0345
12,54.0734,1,571.3155,679.424,8568.0,1247.0,176.7741,0.8274,3.5544,591.0,35.0503,0.5595,0.7176,342,648,615,858,167.0345
12,54.0734,2,724.0308,652.3305,11088.0,3809.0,214.0252,0.9587,3.5742,535.0,36.4867,0.5958,0.7467,648,958,615,858,167.0345
12,54.0734,3,1129.564,677.0145,10120.0,1142.0,182.9465,0.9073,2.7624,579.0,60.5788,0.2695,0.4246,958,1260,615,858,167.0345
12,54.0734,4,1356.763,679.1633,10593.0,1282.0,169.8356,0.9329,2.4064,600.0,34.2742,0.4374,0.6086,1260,1566,615,858,167.0345
12,54.4739,1,578.5957,673.6965,8528.0,791.0,165.3221,0.8095,2.7102,591.0,28.4778,0.592,0.7437,342,648,615,858,167.0345
12,54.4739,2,716.2047,674.191,9730.0,2515.0,171.802,0.9559,3.1413,591.0,48.2005,0.4274,0.5988,648,958,615,858,167.0345
12,54.4739,3,1109.5274,666.5006,11731.0,2379.0,184.4782,0.8536,2.8082,572.0,33.7947,0.5238,0.6875,958,1260,615,858,167.0345
12,54.4739,4,1383.5409,682.8627,11926.0,1463.0,187.3523,0.9399,2.5591,578.0,39.2293,0.3599,0.5293,1260,1566,615,858,167.0345
12,54.8745,1,574.5422,675.5076,8829.0,1360.0,163.767,0.8064,2.8326,593.0,30.3455,0.6127,0.7598,342,648,615,858,167.0345
12,54.8745,2,713.5685,684.6602,8893.0,1596.0,182.1171,0.9638,3.709,593.0,31.8767,0.5553,0.7141,648,958,615,858,167.0345
12,54.8745,3,1100.0937,658.4231,10873.0,2254.0,185.3377,0.8285,2.5764,560.0,39.5466,0.5003,0.667,958,1260,615,858,167.0345
12,54.8745,4,1418.5622,672.0906,12410.0,2302.0,197.5368,0.9419,2.9061,561.0,47.1125,0.28,0.4375,1260,1566,615,858,167.0345
12,55.275,1,575.6342,669.3342,6200.0,937.0,135.0614,0.864,3.0325,604.0,35.9062,0.3857,0.5567,342,648,615,858,167.0345
12,55.275,2,728.137,642.6188,9275.0,2863.0,164.2446,0.9929,2.3657,548.0,52.3507,0.3041,0.4664,648,958,615,858,167.0345
12,55.275,3,1069.8278,667.9936,11432.0,2557.0,209.5709,0.9313,3.2487,558.0,58.0593,0.2744,0.4306,958,1260,615,858,167.0345
12,55.275,4,1437.1583,692.0272,12858.0,1223.0,190.2445,0.9216,2.508,587.0,45.3569,0.3645,0.5343,1260,1566,615,858,167.0345
12,55.6756,1,571.0789,629.7598,4601.0,1675.0,111.2396,0.995,1.995,580.0,40.8687,0.2884,0.4477,342,648,615,858,167.0345
12,55.6756,2,755.952,654.4631,11308.0,3236.0,196.2672,0.997,2.7058,551.0,50.9396,0.3515,0.5201,648,958,615,858,167.0345
12,55.6756,3,1067.6087,692.7622,11636.0,1216.0,196.3952,0.9734,2.9242,588.0,47.0517,0.3387,0.506,958,1260,615,858,167.0345
12,55.6756,4,1454.9693,686.8741,12173.0,1168.0,214.7759,0.801,3.4517,591.0,49.0716,0.4181,0.5897,1260,1566,615,858,167.0345
12,56.0761,1,557.252,639.5778,6648.0,1621.0,116.7029,0.9604,1.7098,577.0,36.4611,0.4225,0.594,342,648,615,858,167.0345
12,56.0761,2,762.1677,678.3916,12691.0,2395.0,215.7555,0.9693,2.9973,574.0,42.3927,0.5463,0.7066,648,958,615,858,167.0345
12,56.0761,3,1091.9065,673.7542,12465.0,2115.0,192.396,0.9296,2.7253,569.0,45.4294,0.3889,0.56,958,1260,615,858,167.0345
12,56.0761,4,1483.6097,666.5889,11806.0,2716.0,221.1881,0.8583,3.696,550.0,48.3131,0.4347,0.6059,1260,1566,615,858,167.0345
12,56.4767,1,543.4624,646.2394,7716.0,1799.0,141.0851,0.9952,2.0651,571.0,39.4094,0.4798,0.6484,342,648,615,858,167.0345
12,56.4767,2,752.9947,669.1644,12623.0,3114.0,208.0395,0.9214,3.017,554.0,39.7716,0.5348,0.6969,648,958,615,858,167.0345
12,56.4767,3,1126.8252,685.2821,12072.0,1354.0,198.8911,0.9752,2.5384,574.0,53.7816,0.2604,0.4132,958,1260,615,858,167.0345
12,56.4767,4,1497.103,683.3199,11092.0,1728.0,211.4473,0.8659,3.3499,567.0,50.3938,0.3604,0.5298,1260,1566,615,858,167.0345
12,56.8772,1,532.2198,664.5211,12122.0,2934.0,202.3445,0.9212,2.9172,568.0,47.8342,0.432,0.6034,342,648,615,858,167.0345
12,56.8772,2,735.2927,670.193,11501.0,2962.0,217.8044,0.9679,3.6831,550.0,47.257,0.4336,0.605,648,958,615,858,167.0345
12,56.8772,3,1127.8006,678.8591,12382.0,1318.0,210.2439,0.8648,2.8315,580.0,52.1519,0.3324,0.4989,958,1260,615,858,167.0345
12,56.8772,4,1507.3456,676.4253,11382.0,2305.0,206.687,0.9242,3.0586,561.0,35.5354,0.5797,0.7339,1260,1566,615,858,167.0345
12,57.2778,1,534.7259,673.6763,11752.0,2438.0,225.6575,0.8177,3.748,562.0,36.3452,0.5799,0.7341,342,648,615,858,167.0345
12,57.2778,2,725.2916,680.3001,11551.0,2477.0,226.7611,0.9566,3.8663,555.0,43.0986,0.4653,0.6351,648,958,615,858,167.0345
12,57.2778,3,1074.8944,646.9856,11286.0,3374.0,209.8656,0.8102,3.726,544.0,65.9556,0.24,0.3871,958,1260,615,858,167.0345
12,57.2778,4,1514.7917,657.6573,11449.0,2777.0,177.3136,0.9999,2.1081,550.0,46.1051,0.4655,0.6353,1260,1566,615,858,167.0345
12,57.6783,1,557.0271,657.363,9995.0,3128.0,221.5844,0.925,4.1704,539.0,50.0439,0.401,0.5725,342,648,615,858,167.0345
12,57.6783,2,717.8089,666.0312,10642.0,3275.0,214.3953,0.9793,3.8961,538.0,36.3606,0.5448,0.7054,648,958,615,858,167.0345
12,57.6783,3,1044.1492,675.1273,11049.0,2429.0,212.5432,0.9248,3.6579,554.0,70.208,0.1115,0.2006,958,1260,615,858,167.0345
12,57.6783,4,1511.1636,660.579,14833.0,3062.0,192.0291,0.9353,1.8803,542.0,52.3624,0.4787,0.6474,1260,1566,615,858,167.0345
12,58.0788,1,563.8935,688.8768,8387.0,1222.0,187.8748,0.9441,3.9915,591.0,49.2806,0.3386,0.5059,342,648,615,858,167.0345
12,58.0788,2,715.3256,676.6835,9683.0,2337.0,215.0316,0.9688,3.9857,566.0,37.171,0.5367,0.6985,648,958,615,858,167.0345
12,58.0788,3,1039.0841,687.603,11443.0,1990.0,215.8131,0.993,3.3955,573.0,44.6865,0.4536,0.6241,958,1260,615,858,167.0345
12,58.0788,4,1479.8966,660.0349,15886.0,3169.0,222.2426,0.7966,2.505,542.0,65.5268,0.3433,0.5111,1260,1566,615,858,167.0345
12,58.4794,1,563.5339,672.0279,9957.0,1710.0,174.0243,0.9981,2.5989,579.0,41.797,0.4059,0.5774,342,648,615,858,167.0345
12,58.4794,2,709.5975,674.2958,9933.0,2401.0,221.3549,0.9739,3.9553,558.0,28.0321,0.6741,0.8054,648,958,615,858,167.0345
12,58.4794,3,1067.0939,645.5018,11116.0,3522.0,183.1301,0.9962,2.5963,530.0,75.2399,0.1992,0.3323,958,1260,615,858,167.0345
12,58.4794,4,1424.0627,656.2492,14573.0,3994.0,207.3465,0.8754,2.504,539.0,73.3988,0.1693,0.2895,1260,1566,615,858,167.0345
12,58.8799,1,524.0853,647.4808,10863.0,3314.0,184.5901,0.9379,2.478,555.0,53.5982,0.239,0.3858,342,648,615,858,167.0345
12,58.8799,2,706.2003,662.156,8743.0,2749.0,200.3515,0.9843,4.1374,552.0,31.3351,0.5853,0.7384,648,958,615,858,167.0345
12,58.8799,3,1101.3252,657.0599,11103.0,2494.0,161.296,0.9988,2.1089,549.0,70.5976,0.2356,0.3813,958,1260,615,858,167.0345
12,58.8799,4,1376.2663,665.6713,14922.0,3579.0,180.5321,0.7089,2.4874,601.0,65.7013,0.1491,0.2595,1260,1566,615,858,167.0345
12,59.2805,1,490.9251,655.8233,11698.0,2819.0,205.1613,0.856,2.919,556.0,65.7176,0.2342,0.3795,342,648,615,858,167.0345
12,59.2805,2,715.0235,681.9788,8967.0,1876.0,183.6684,0.9794,3.7198,570.0,33.0212,0.532,0.6945,648,958,615,858,167.0345
12,59.2805,3,1105.6988,657.999,13577.0,3149.0,186.1555,0.9997,2.1113,535.0,34.8824,0.633,0.7753,958,1260,615,858,167.0345
12,59.2805,4,1347.2154,672.1688,10473.0,2358.0,202.9146,0.9609,2.9937,546.0,55.0032,0.2602,0.413,1260,1566,615,858,167.0345
12,59.681,1,463.8212,676.9113,13778.0,2506.0,242.8458,0.8328,3.4976,570.0,61.5913,0.2633,0.4168,342,648,615,858,167.0345
12,59.681,2,719.449,672.6503,10397.0,2249.0,158.5987,0.9997,2.2953,572.0,40.6675,0.4515,0.6221,648,958,615,858,167.0345
12,59.681,3,1083.4573,690.5123,14359.0,1265.0,170.0773,0.9636,1.8369,589.0,58.3858,0.3912,0.5624,958,1260,615,858,167.0345
12,59.681,4,1323.5888,675.7522,7442.0,1786.0,128.7253,0.9635,2.7063,611.0,39.7231,0.3864,0.5574,1260,1566,615,858,167.0345
12,60.0816,1,434.1553,662.1128,11653.0,3109.0,228.4506,0.8389,3.8208,549.0,56.7918,0.3989,0.5703,342,648,615,858,167.0345
12,60.0816,2,727.0148,665.5291,11044.0,2559.0,163.5778,0.9999,2.2607,567.0,30.4633,0.6031,0.7524,648,958,615,858,167.0345
12,60.0816,3,1118.0358,648.9206,12841.0,3262.0,213.6115,0.6628,3.2231,559.0,58.5657,0.268,0.4227,958,1260,615,858,167.0345
12,60.0816,4,1317.4498,677.3999,7186.0,1518.0,193.7307,0.9927,4.2604,571.0,27.1248,0.5831,0.7367,1260,1566,615,858,167.0345
12,60.4821,1,415.4902,663.3402,11429.0,3283.0,239.2518,0.8782,4.0803,546.0,54.6771,0.4083,0.5798,342,648,615,858,167.0345
12,60.4821,2,735.9812,686.9571,11203.0,1576.0,193.0297,0.9988,2.7872,578.0,35.7901,0.5125,0.6777,648,958,615,858,167.0345
12,60.4821,3,1173.0218,655.2586,10448.0,3173.0,133.5217,0.7163,2.6366,609.0,65.2416,0.0612,0.1153,958,1260,615,858,167.0345
12,60.4821,4,1319.373,662.0594,6211.0,1396.0,152.0361,0.9953,3.7955,600.0,33.5932,0.5558,0.7145,1260,1566,615,858,167.0345
12,60.8826,1,408.4489,667.1453,12339.0,3326.0,216.1828,0.9158,3.1662,552.0,36.9016,0.5502,0.7099,342,648,615,858,167.0345
12,60.8826,2,769.0491,664.0532,11886.0,2858.0,184.0971,0.9661,2.5002,560.0,59.4741,0.2082,0.3446,648,958,615,858,167.0345
12,60.8826,3,1194.9139,705.28,10519.0,430.0,159.9007,0.9887,2.2781,613.0,47.1388,0.2337,0.3789,958,1260,615,858,167.0345
12,60.8826,4,1333.9027,676.115,8029.0,438.0,129.4869,0.9973,1.9122,606.0,42.2495,0.3674,0.5374,1260,1566,615,858,167.0345
12,61.2832,1,402.4069,649.0859,13215.0,4356.0,186.1942,1.0,1.9287,533.0,41.5849,0.4971,0.6641,342,648,615,858,167.0345
12,61.2832,2,796.8321,671.0913,12171.0,2268.0,189.905,0.9802,2.5408,559.0,54.5123,0.2933,0.4536,648,958,615,858,167.0345
12,61.2832,3,1161.4349,657.5122,8949.0,1566.0,146.9994,0.914,2.0856,575.0,53.5233,0.1442,0.252,958,1260,615,858,167.0345
12,61.2832,4,1351.1333,672.0157,9929.0,1256.0,147.5065,0.9889,1.9517,607.0,39.3068,0.3985,0.5699,1260,1566,615,858,167.0345
12,61.6837,1,406.4573,659.1296,17503.0,4629.0,195.9324,0.9449,1.7473,535.0,40.8511,0.5338,0.6961,342,648,615,858,167.0345
12,61.6837,2,811.1684,698.4277,11455.0,922.0,208.6943,0.9902,3.0712,590.0,49.7271,0.4063,0.5778,648,958,615,858,167.0345
12,61.6837,3,1136.2758,658.2017,10698.0,2320.0,173.1806,0.9859,2.418,559.0,48.6267,0.3326,0.4992,958,1260,615,858,167.0345
12,61.6837,4,1371.8124,680.3186,11127.0,1250.0,184.8499,0.9353,2.5369,579.0,39.9528,0.3752,0.5457,1260,1566,615,858,167.0345
12,62.0843,1,442.5012,654.4632,17158.0,4779.0,188.1454,0.9479,1.6705,542.0,59.8001,0.3472,0.5154,342,648,615,858,167.0345
12,62.0843,2,798.5416,662.3463,12185.0,2969.0,198.0538,0.9543,2.8007,555.0,41.799,0.5334,0.6957,648,958,615,858,167.0345
12,62.0843,3,1125.2286,700.0622,12722.0,774.0,198.0144,0.9873,2.5976,591.0,48.0983,0.4146,0.5862,958,1260,615,858,167.0345
12,62.0843,4,1405.9914,673.1602,11709.0,2305.0,195.8971,0.9822,2.8781,567.0,46.8432,0.2801,0.4376,1260,1566,615,858,167.0345
12,62.4848,1,496.9454,648.4702,16231.0,4894.0,202.5863,0.9043,2.071,533.0,64.5949,0.2242,0.3662,342,648,615,858,167.0345
12,62.4848,2,773.0663,675.7437,13628.0,3200.0,215.5728,0.9413,2.9996,561.0,53.3832,0.32,0.4848,648,958,615,858,167.0345
12,62.4848,3,1099.7905,663.2286,11617.0,3026.0,218.2831,0.9255,3.5621,547.0,51.5821,0.4066,0.5782,958,1260,615,858,167.0345
12,62.4848,4,1425.2964,688.1078,12668.0,1226.0,195.327,0.8713,2.8955,590.0,48.3685,0.2964,0.4573,1260,1566,615,858,167.0345
12,62.8854,1,536.7449,648.2497,16882.0,5809.0,217.6492,0.8815,2.1544,527.0,55.5472,0.311,0.4744,342,648,615,858,167.0345
12,62.8854,2,753.9984,686.837,11947.0,1787.0,200.9196,0.971,2.7256,571.0,49.6006,0.3909,0.562,648,958,615,858,167.0345
12,62.8854,3,1070.7343,655.4281,11022.0,2899.0,180.5823,0.8205,2.77,562.0,69.3396,0.2549,0.4062,958,1260,615,858,167.0345
12,62.8854,4,1399.7096,666.5836,11065.0,2210.0,201.4002,0.7625,3.3945,579.0,43.1631,0.4687,0.6383,1260,1566,615,858,167.0345
12,63.2859,1,555.3735,667.2307,15129.0,3645.0,200.3668,0.7649,2.6884,591.0,43.4601,0.4046,0.5761,342,648,615,858,167.0345
12,63.2859,2,743.2551,676.5571,12567.0,2674.0,197.229,0.9859,2.5843,555.0,37.0647,0.5276,0.6908,648,958,615,858,167.0345
12,63.2859,3,1021.8024,642.342,9830.0,2967.0,153.3411,0.9476,1.7969,547.0,71.2851,0.183,0.3093,958,1260,615,858,167.0345
12,63.2859,4,1354.3766,653.5797,9131.0,2379.0,197.3163,0.9315,3.268,545.0,71.133,0.1308,0.2313,1260,1566,615,858,167.0345
12,63.6865,1,564.491,660.6797,10474.0,2966.0,182.3243,0.7528,3.4989,590.0,32.4116,0.4905,0.6581,342,648,615,858,167.0345
12,63.6865,2,745.3287,684.4587,11652.0,1755.0,180.6136,0.9993,2.4812,582.0,30.1377,0.6088,0.7568,648,958,615,858,167.0345
12,63.6865,3,1017.9506,656.9597,11953.0,2774.0,172.6514,0.9107,1.9236,550.0,40.3244,0.6182,0.7641,958,1260,615,858,167.0345
12,63.6865,4,1335.7389,700.5309,9086.0,943.0,198.5734,0.9701,3.8957,594.0,56.0666,0.1893,0.3184,1260,1566,615,858,167.0345
12,64.087,1,577.1225,669.7684,7258.0,820.0,183.2295,0.7936,3.7057,591.0,30.5347,0.4707,0.6401,342,648,615,858,167.0345
12,64.087,2,759.5445,669.8975,11766.0,2653.0,187.5334,0.9603,2.6764,563.0,40.6013,0.4392,0.6104,648,958,615,858,167.0345
12,64.087,3,1028.1394,670.9985,13742.0,2073.0,179.2573,0.741,2.1742,590.0,52.9016,0.4121,0.5837,958,1260,615,858,167.0345
12,64.087,4,1332.6485,669.5496,7591.0,1286.0,163.1699,0.9765,3.2917,606.0,35.0911,0.5024,0.6688,1260,1566,615,858,167.0345
12,64.4875,1,578.854,662.966,11724.0,2938.0,166.8023,0.8937,2.4251,591.0,33.3988,0.487,0.655,342,648,615,858,167.0345
12,64.4875,2,780.7135,666.5627,11886.0,2716.0,189.4997,0.961,2.6282,555.0,41.3254,0.4413,0.6124,648,958,615,858,167.0345
12,64.4875,3,1102.8801,629.6474,9638.0,3344.0,180.2151,0.7777,2.4073,547.0,64.822,0.1544,0.2675,958,1260,615,858,167.0345
12,64.4875,4,1352.2002,665.9355,8842.0,1003.0,139.1736,0.9302,1.9458,611.0,40.4752,0.3173,0.4817,1260,1566,615,858,167.0345
12,64.8881,1,575.1527,650.7162,13575.0,3884.0,136.3409,0.9216,1.4316,592.0,37.6911,0.522,0.686,342,648,615,858,167.0345
12,64.8881,2,792.8399,690.3385,12864.0,1420.0,185.8297,0.9645,2.3672,584.0,43.0477,0.4559,0.6263,648,958,615,858,167.0345
12,64.8881,3,1153.3684,651.7244,11527.0,2625.0,190.6197,0.8007,2.7291,557.0,66.0685,0.0605,0.1141,958,1260,615,858,167.0345
12,64.8881,4,1386.8101,672.2437,10912.0,1855.0,186.5061,0.9165,2.7468,573.0,47.6569,0.2257,0.3683,1260,1566,615,858,167.0345
12,65.2886,1,570.7584,660.839,17574.0,4523.0,195.8732,0.9998,1.6701,532.0,28.4871,0.6647,0.7986,342,648,615,858,167.0345
12,65.2886,2,816.1339,679.0935,12102.0,1967.0,199.3854,0.9251,2.7481,570.0,52.3965,0.343,0.5108,648,958,615,858,167.0345
12,65.2886,3,1165.8842,699.01,10846.0,781.0,181.7753,0.995,2.6499,596.0,52.252,0.25,0.3999,958,1260,615,858,167.0345
12,65.2886,4,1408.6962,679.7544,11998.0,2034.0,195.3477,0.9984,2.7679,566.0,41.3904,0.4034,0.5749,1260,1566,615,858,167.0345
12,65.6892,1,560.9027,686.3314,13710.0,1407.0,198.8792,0.8215,2.4874,591.0,37.681,0.4713,0.6406,342,648,615,858,167.0345
12,65.6892,2,841.6781,670.1127,12533.0,3022.0,214.9229,0.9111,3.2614,555.0,52.9429,0.3693,0.5394,648,958,615,858,167.0345
12,65.6892,3,1135.146,681.9028,11435.0,1465.0,192.6806,0.9143,2.8748,579.0,60.3299,0.2054,0.3408,958,1260,615,858,167.0345
12,65.6892,4,1417.8683,700.5908,11882.0,930.0,217.0599,0.9252,3.4308,592.0,44.148,0.3789,0.5496,1260,1566,615,858,167.0345
12,66.0897,1,562.7089,678.4502,10315.0,1198.0,190.9542,0.7656,3.0867,591.0,29.089,0.6024,0.7519,342,648,615,858,167.0345
12,66.0897,2,852.4643,697.0531,11805.0,1335.0,195.6523,0.9972,2.712,584.0,49.8013,0.373,0.5433,648,958,615,858,167.0345
12,66.0897,3,1091.1996,657.1253,11111.0,2922.0,198.136,0.9342,3.0706,545.0,68.072,0.1843,0.3113,958,1260,615,858,167.0345
12,66.0897,4,1397.2558,671.9218,12091.0,2283.0,197.9613,0.7856,3.1047,572.0,47.1646,0.3941,0.5654,1260,1566,615,858,167.0345
12,66.4903,1,571.233,667.6647,9582.0,2333.0,161.0585,0.8172,3.1351,591.0,33.4928,0.4478,0.6186,342,648,615,858,167.0345
12,66.4903,2,844.0244,694.1289,12028.0,1046.0,191.0023,0.9774,2.6373,582.0,40.348,0.4474,0.6182,648,958,615,858,167.0345
12,66.4903,3,1065.7409,684.3837,11221.0,1666.0,219.7475,0.8949,3.7062,578.0,63.0953,0.2277,0.3709,958,1260,615,858,167.0345
12,66.4903,4,1361.5158,670.6489,9936.0,2048.0,201.0163,0.9445,3.4059,553.0,61.3472,0.2089,0.3457,1260,1566,615,858,167.0345
12,66.8908,1,583.1267,662.9768,8017.0,1960.0,182.5106,0.8134,4.1089,597.0,41.9757,0.4047,0.5762,342,648,615,858,167.0345
12,66.8908,2,817.3945,661.7022,12387.0,2899.0,187.8451,0.9919,2.3325,548.0,52.1728,0.3537,0.5225,648,958,615,858,167.0345
12,66.8908,3,1048.4808,661.376,11199.0,3071.0,218.6996,0.9338,3.7016,555.0,37.5939,0.5653,0.7223,958,1260,615,858,167.0345
12,66.8908,4,1337.9722,694.8027,9429.0,1088.0,195.6006,0.975,3.6437,589.0,51.5247,0.2613,0.4144,1260,1566,615,858,167.0345
12,67.2913,1,589.0884,684.1912,8731.0,790.0,168.9223,0.9056,2.873,591.0,33.5336,0.4644,0.6342,342,648,615,858,167.0345
12,67.2913,2,805.905,695.6132,12775.0,1394.0,205.093,0.9575,2.8368,584.0,54.3181,0.3693,0.5394,648,958,615,858,167.0345
12,67.2913,3,1041.1944,671.8965,10776.0,2027.0,174.5936,0.9591,2.5991,577.0,41.5025,0.4777,0.6466,958,1260,615,858,167.0345
12,67.2913,4,1335.5471,685.1208,8235.0,1080.0,165.7923,0.9913,3.2775,608.0,34.3977,0.5139,0.6789,1260,1566,615,858,167.0345
12,67.6919,1,587.4311,647.2995,12359.0,4171.0,151.3013,0.9384,2.1045,591.0,31.8699,0.5523,0.7116,342,648,615,858,167.0345
12,67.6919,2,778.8621,669.9246,13740.0,3604.0,215.6935,0.9795,3.0652,555.0,46.7236,0.4144,0.5859,648,958,615,858,167.0345
12,67.6919,3,1039.2272,686.634,10248.0,1112.0,189.1746,0.9618,2.8784,588.0,33.041,0.585,0.7382,958,1260,615,858,167.0345
12,67.6919,4,1345.1238,679.1897,10345.0,1360.0,161.4173,0.9926,2.2593,609.0,36.3427,0.4078,0.5793,1260,1566,615,858,167.0345
12,68.0924,1,582.5657,654.6397,14737.0,3970.0,191.6834,0.9815,1.8742,537.0,38.8082,0.5269,0.6901,342,648,615,858,167.0345
12,68.0924,2,761.8185,683.4358,13071.0,2383.0,201.2797,0.9932,2.5843,571.0,42.2139,0.4806,0.6492,648,958,615,858,167.0345
12,68.0924,3,1049.2513,662.2019,11509.0,2864.0,174.715,1.0,2.342,548.0,50.9649,0.4518,0.6224,958,1260,615,858,167.0345
12,68.0924,4,1369.3475,683.149,11060.0,879.0,167.762,0.9995,2.207,595.0,43.1079,0.346,0.5141,1260,1566,615,858,167.0345
12,68.493,1,574.976,657.5377,17280.0,4518.0,198.8867,0.9946,1.6968,532.0,27.4054,0.7059,0.8276,342,648,615,858,167.0345
12,68.493,2,760.126,680.8389,13330.0,2503.0,226.4894,0.9701,3.2589,567.0,30.2943,0.622,0.7669,648,958,615,858,167.0345
12,68.493,3,1069.304,651.0978,13400.0,4068.0,195.4453,0.9757,2.4414,523.0,54.8224,0.3958,0.5671,958,1260,615,858,167.0345
12,68.493,4,1372.1082,673.6856,10558.0,2022.0,199.0035,0.8663,3.3907,578.0,44.9809,0.4263,0.5977,1260,1566,615,858,167.0345
12,68.8935,1,561.4667,669.3516,17891.0,4273.0,215.0442,0.9364,1.9201,548.0,39.1175,0.5508,0.7104,342,648,615,858,167.0345
12,68.8935,2,754.6371,680.0456,13104.0,2774.0,221.2439,0.9925,3.1449,563.0,27.6535,0.6532,0.7902,648,958,615,858,167.0345
12,68.8935,3,1053.6126,653.67,14229.0,4192.0,205.4462,0.9436,2.3111,543.0,47.3886,0.5046,0.6707,958,1260,615,858,167.0345
12,68.8935,4,1349.6498,640.8539,10327.0,3681.0,175.2195,0.8978,2.7469,541.0,50.2169,0.4683,0.6379,1260,1566,615,858,167.0345
12,69.2941,1,556.6731,675.1091,11160.0,1320.0,196.8187,0.7924,2.8334,592.0,29.0873,0.5338,0.6961,342,648,615,858,167.0345
12,69.2941,2,758.5832,675.7709,11423.0,1775.0,176.8553,0.9479,2.3186,584.0,39.9904,0.4759,0.6449,648,958,615,858,167.0345
12,69.2941,3,1030.9937,661.4204,13372.0,3859.0,207.3952,0.9236,2.5262,545.0,60.1173,0.3115,0.475,958,1260,615,858,167.0345
12,69.2941,4,1330.9446,665.3973,8337.0,2319.0,182.1297,0.9993,3.2545,553.0,66.2594,0.2499,0.3999,1260,1566,615,858,167.0345
12,69.6946,1,570.2362,657.1112,11306.0,2788.0,170.8086,0.7601,2.6345,591.0,31.1876,0.557,0.7155,342,648,615,858,167.0345
12,69.6946,2,784.9875,668.6737,11853.0,2781.0,190.4857,0.9663,2.7037,557.0,44.581,0.3792,0.5498,648,958,615,858,167.0345
12,69.6946,3,1021.4013,693.3888,11040.0,1576.0,175.2965,0.9134,2.5202,605.0,43.4945,0.383,0.5538,958,1260,615,858,167.0345
12,69.6946,4,1318.9078,705.2414,6343.0,54.0,131.5929,0.9876,2.4462,619.0,37.872,0.3732,0.5436,1260,1566,615,858,167.0345
12,70.0952,1,588.9342,662.3995,9317.0,2549.0,168.5983,0.899,3.2645,591.0,45.688,0.3488,0.5172,342,648,615,858,167.0345
12,70.0952,2,806.1631,676.4664,12993.0,2619.0,200.5062,0.9902,2.6422,563.0,43.8567,0.4574,0.6277,648,958,615,858,167.0345
12,70.0952,3,1019.6523,666.0973,9470.0,1807.0,156.9699,0.9826,2.3922,572.0,47.5753,0.3752,0.5457,958,1260,615,858,167.0345
12,70.0952,4,1317.341,681.6283,8149.0,1797.0,141.0393,0.9916,2.8773,615.0,26.2742,0.5773,0.732,1260,1566,615,858,167.0345
12,70.4957,1,596.9778,695.4728,8801.0,753.0,173.4102,0.9549,3.0543,591.0,39.6222,0.4191,0.5907,342,648,615,858,167.0345
12,70.4957,2,813.9719,685.396,12460.0,1884.0,201.1778,0.9222,2.8253,578.0,45.8605,0.4432,0.6142,648,958,615,858,167.0345
12,70.4957,3,1030.8492,664.0046,10482.0,2202.0,173.9148,0.9921,2.6173,553.0,33.0199,0.5438,0.7045,958,1260,615,858,167.0345
12,70.4957,4,1320.452,664.0935,8064.0,1908.0,169.474,0.9937,3.1371,585.0,32.4283,0.6219,0.7669,1260,1566,615,858,167.0345
12,70.8962,1,582.6837,653.8435,13406.0,3525.0,143.6786,0.9718,1.539,591.0,48.8685,0.3875,0.5586,342,648,615,858,167.0345
12,70.8962,2,843.2476,660.6873,11009.0,2562.0,207.5779,0.9334,3.1889,557.0,49.0384,0.4046,0.5761,648,958,615,858,167.0345
12,70.8962,3,1045.9454,702.5611,10230.0,530.0,186.5818,0.958,2.8461,601.0,43.1963,0.438,0.6092,958,1260,615,858,167.0345
12,70.8962,4,1344.5668,664.7745,12993.0,2802.0,135.3004,0.9918,1.5017,603.0,54.8823,0.3372,0.5043,1260,1566,615,858,167.0345
12,71.2968,1,560.0084,650.0997,15107.0,4263.0,200.8579,0.8196,2.2084,535.0,45.3923,0.4275,0.599,342,648,615,858,167.0345
12,71.2968,2,853.2024,683.2182,11872.0,2122.0,206.3295,0.9732,3.0382,567.0,44.3957,0.4638,0.6337,648,958,615,858,167.0345
12,71.2968,3,1053.7444,688.7479,10964.0,1274.0,180.9409,0.9776,2.6893,577.0,47.1091,0.3574,0.5266,958,1260,615,858,167.0345
12,71.2968,4,1372.9613,654.7341,13161.0,2948.0,183.3271,0.9586,1.9186,542.0,56.2418,0.3623,0.5319,1260,1566,615,858,167.0345
12,71.6973,1,519.3091,651.6747,16334.0,4350.0,207.2695,0.8737,2.1167,534.0,54.6958,0.2882,0.4474,342,648,615,858,167.0345
12,71.6973,2,857.3139,692.794,12309.0,1771.0,220.6702,0.9992,3.214,570.0,33.8721,0.5455,0.7059,648,958,615,858,167.0345
12,71.6973,3,1085.8653,664.4764,10918.0,1657.0,184.534,0.8344,2.6351,568.0,50.7412,0.2668,0.4213,958,1260,615,858,167.0345
12,71.6973,4,1383.3726,671.176,15475.0,3360.0,185.9451,0.9945,1.941,552.0,46.2709,0.4877,0.6556,1260,1566,615,858,167.0345
12,72.0979,1,467.6082,647.6713,15913.0,4614.0,192.4159,0.6537,2.2431,595.0,60.1881,0.2563,0.408,342,648,615,858,167.0345
12,72.0979,2,849.4093,685.9539,13048.0,2194.0,203.2723,0.9852,2.7124,567.0,31.9942,0.6152,0.7618,648,958,615,858,167.0345
12,72.0979,3,1112.9925,677.1139,11498.0,1754.0,213.106,0.8609,3.4391,581.0,58.3635,0.2803,0.4379,958,1260,615,858,167.0345
12,72.0979,4,1380.1646,674.5728,15181.0,2884.0,221.0241,0.831,2.5331,561.0,46.493,0.3906,0.5618,1260,1566,615,858,167.0345
12,72.4984,1,437.1522,672.2121,12712.0,1672.0,189.776,0.6754,2.5681,593.0,54.1308,0.3184,0.483,342,648,615,858,167.0345
12,72.4984,2,838.6813,700.1234,12062.0,913.0,186.4998,0.9987,2.416,587.0,36.4613,0.4926,0.6601,648,958,615,858,167.0345
12,72.4984,3,1127.573,658.7243,11623.0,2701.0,193.7413,0.8776,2.8298,556.0,40.5791,0.5748,0.73,958,1260,615,858,167.0345
12,72.4984,4,1359.1234,668.9868,11281.0,2384.0,191.3123,0.9286,2.3929,548.0,49.2411,0.3789,0.5495,1260,1566,615,858,167.0345
12,72.899,1,413.7226,654.0499,15645.0,4242.0,188.0159,0.9943,1.6277,543.0,50.2089,0.3822,0.553,342,648,615,858,167.0345
12,72.899,2,821.6848,674.2754,12119.0,2236.0,191.0162,0.9916,2.4758,564.0,44.4379,0.4302,0.6015,648,958,615,858,167.0345
12,72.899,3,1154.6021,656.7997,12743.0,3093.0,169.0687,0.9304,1.9935,557.0,59.1996,0.3697,0.5399,958,1260,615,858,167.0345
12,72.899,4,1337.8104,709.8479,7883.0,65.0,127.5943,0.8985,2.0535,622.0,49.6297,0.235,0.3805,1260,1566,615,858,167.0345
12,73.2995,1,424.5453,663.6109,17593.0,3797.0,187.0472,0.8765,1.6574,552.0,40.6738,0.5607,0.7185,342,648,615,858,167.0345
12,73.2995,2,814.1044,685.2972,13179.0,2015.0,197.4566,0.9947,2.5678,568.0,33.7575,0.5863,0.7392,648,958,615,858,167.0345
12,73.2995,3,1173.7894,665.1437,12188.0,2365.0,151.6779,0.7603,2.0032,606.0,51.127,0.4518,0.6224,958,1260,615,858,167.0345
12,73.2995,4,1326.144,693.1786,8482.0,1354.0,136.9109,0.9386,2.4003,626.0,29.5803,0.4829,0.6513,1260,1566,615,858,167.0345
12,73.7,1,448.9135,644.2609,16599.0,5270.0,213.5535,0.83,2.2986,520.0,45.5162,0.4837,0.652,342,648,615,858,167.0345
12,73.7,2,807.3242,698.1687,12138.0,999.0,191.9394,0.9863,2.5869,585.0,29.4478,0.6402,0.7807,648,958,615,858,167.0345
12,73.7,3,1176.4161,673.2251,14046.0,2228.0,176.4271,0.9997,1.6603,557.0,36.3818,0.5745,0.7297,958,1260,615,858,167.0345
12,73.7,4,1323.2571,679.9738,9400.0,1733.0,154.8869,0.9881,2.6253,600.0,34.6739,0.5942,0.7454,1260,1566,615,858,167.0345
12,74.1006,1,474.3567,662.0242,18208.0,4520.0,218.2449,0.8197,2.1709,538.0,50.9352,0.3823,0.5532,342,648,615,858,167.0345
12,74.1006,2,805.2375,677.1615,13419.0,2747.0,199.7247,0.9768,2.6195,558.0,37.1209,0.5593,0.7174,648,958,615,858,167.0345
12,74.1006,3,1155.1417,669.0028,12089.0,2100.0,182.9519,0.7803,2.4144,581.0,55.0369,0.383,0.5538,958,1260,615,858,167.0345
12,74.1006,4,1330.8797,666.8301,9260.0,1453.0,138.4,0.9709,1.9014,603.0,38.4718,0.5734,0.7288,1260,1566,615,858,167.0345
12,74.5011,1,507.5352,674.2412,18218.0,3483.0,204.9266,0.9898,1.7893,554.0,57.3671,0.3167,0.4811,342,648,615,858,167.0345
12,74.5011,2,817.6557,675.8772,13336.0,2203.0,204.0618,0.932,2.5597,574.0,38.6403,0.5299,0.6927,648,958,615,858,167.0345
12,74.5011,3,1155.2142,647.8759,9189.0,2063.0,137.0327,0.8446,1.7785,567.0,47.5475,0.3156,0.4798,958,1260,615,858,167.0345
12,74.5011,4,1337.8461,664.8754,11020.0,1765.0,130.7213,0.9923,1.5037,604.0,31.8942,0.647,0.7857,1260,1566,615,858,167.0345
12,74.9017,1,488.5508,648.7336,17821.0,5616.0,207.1914,0.8695,2.0728,543.0,42.7831,0.4669,0.6366,342,648,615,858,167.0345
12,74.9017,2,836.5621,675.7028,11848.0,2135.0,198.3261,0.8551,2.9347,569.0,49.149,0.382,0.5528,648,958,615,858,167.0345
12,74.9017,3,1116.882,647.3748,9099.0,1541.0,144.5687,0.8292,1.9725,580.0,58.4736,0.2363,0.3823,958,1260,615,858,167.0345
12,74.9017,4,1350.9011,651.275,10672.0,2375.0,151.7049,0.933,1.6178,559.0,40.5667,0.5424,0.7033,1260,1566,615,858,167.0345
12,75.3022,1,457.5185,645.4894,16458.0,4902.0,235.4167,0.6688,2.4637,544.0,43.3537,0.4734,0.6426,342,648,615,858,167.0345
12,75.3022,2,862.2008,666.2454,11593.0,2765.0,202.972,0.9236,3.0519,555.0,45.3302,0.4339,0.6052,648,958,615,858,167.0345
12,75.3022,3,1110.6459,674.3535,10839.0,1327.0,179.6504,0.9052,2.61,578.0,38.4901,0.5348,0.6969,958,1260,615,858,167.0345
12,75.3022,4,1357.725,661.0082,13437.0,2716.0,164.9553,0.9508,1.6284,559.0,33.8277,0.6222,0.7671,1260,1566,615,858,167.0345
12,75.7028,1,421.244,636.0893,13645.0,5358.0,224.646,0.8895,2.549,528.0,55.3832,0.3598,0.5292,342,648,615,858,167.0345
12,75.7028,2,860.9982,682.9403,11364.0,1764.0,204.7303,0.9062,3.2491,577.0,34.8885,0.6234,0.768,648,958,615,858,167.0345
12,75.7028,3,1107.2612,694.5248,11153.0,922.0,176.7876,0.9624,2.5501,586.0,34.56,0.5533,0.7124,958,1260,615,858,167.0345
12,75.7028,4,1364.5941,680.3439,15311.0,2067.0,192.0474,0.9961,1.9408,568.0,34.4052,0.6307,0.7735,1260,1566,615,858,167.0345
12,76.1033,1,409.3447,645.9101,11863.0,4009.0,182.7409,0.7501,3.1767,590.0,42.8462,0.4955,0.6626,342,648,615,858,167.0345
12,76.1033,2,869.4931,681.2154,12094.0,2466.0,206.4345,0.9223,3.1997,568.0,26.5876,0.6738,0.8051,648,958,615,858,167.0345
12,76.1033,3,1087.9171,672.1649,11782.0,2525.0,223.1101,0.8389,3.4623,572.0,47.1746,0.4451,0.616,958,1260,615,858,167.0345
12,76.1033,4,1366.7182,678.3432,15583.0,1858.0,179.9604,0.9532,1.7558,575.0,27.7564,0.6831,0.8117,1260,1566,615,858,167.0345
12,76.5039,1,407.5738,677.2844,14203.0,3544.0,232.538,0.9025,3.1075,555.0,26.9825,0.6146,0.7613,342,648,615,858,167.0345
12,76.5039,2,884.4617,657.5867,11241.0,3726.0,228.2945,0.9259,4.1038,536.0,39.9626,0.498,0.6649,648,958,615,858,167.0345
12,76.5039,3,1056.9045,648.8916,11059.0,3103.0,205.6465,0.8081,3.2913,542.0,57.2774,0.3851,0.556,958,1260,615,858,167.0345
12,76.5039,4,1371.9477,670.7932,14104.0,2317.0,181.5135,0.9109,1.9835,563.0,34.0231,0.6541,0.7909,1260,1566,615,858,167.0345
12,76.9044,1,403.4526,663.8761,11731.0,3423.0,204.0665,0.9167,3.0152,555.0,27.8751,0.6396,0.7802,342,648,615,858,167.0345
12,76.9044,2,886.6673,687.41,8999.0,1440.0,195.9343,0.9536,3.9257,582.0,41.1745,0.4268,0.5982,648,958,615,858,167.0345
12,76.9044,3,1037.0314,687.1118,10476.0,1701.0,205.8259,0.8853,3.4574,574.0,68.5052,0.1304,0.2307,958,1260,615,858,167.0345
12,76.9044,4,1373.6965,668.8371,14387.0,2494.0,149.6159,0.7445,1.7362,609.0,31.1157,0.5916,0.7434,1260,1566,615,858,167.0345
12,77.3049,1,390.834,658.4712,10657.0,2998.0,202.7965,0.9591,3.4205,539.0,33.7472,0.5041,0.6703,342,648,615,858,167.0345
12,77.3049,2,890.8017,680.1815,9776.0,1785.0,199.227,0.9329,3.6012,573.0,24.657,0.6277,0.7712,648,958,615,858,167.0345
12,77.3049,3,1027.2886,672.1389,11391.0,1986.0,187.2619,0.9999,2.4402,564.0,48.5102,0.3773,0.5479,958,1260,615,858,167.0345
12,77.3049,4,1388.8106,665.3654,13472.0,1988.0,165.6274,0.6771,2.0431,590.0,39.0873,0.5223,0.6862,1260,1566,615,858,167.0345
12,77.7055,1,394.1647,671.8899,11739.0,2720.0,221.3219,0.9563,3.0355,550.0,33.668,0.5312,0.6939,342,648,615,858,167.0345
12,77.7055,2,887.8737,658.4864,11318.0,3246.0,198.8493,0.9181,3.0124,548.0,38.7296,0.5112,0.6766,648,958,615,858,167.0345
12,77.7055,3,1046.1566,636.4273,11885.0,4427.0,175.7364,0.9902,2.1761,520.0,62.1904,0.3947,0.566,958,1260,615,858,167.0345
12,77.7055,4,1420.1702,659.4328,13153.0,2673.0,183.1015,0.886,2.0592,554.0,53.5514,0.3778,0.5484,1260,1566,615,858,167.0345
12,78.106,1,407.6244,678.3497,12143.0,2442.0,197.9419,0.8892,3.2544,594.0,43.449,0.4706,0.64,342,648,615,858,167.0345
12,78.106,2,888.7261,668.357,11040.0,2512.0,162.1127,0.8782,2.5623,599.0,34.2433,0.568,0.7245,648,958,615,858,167.0345
12,78.106,3,1053.9505,658.3593,12960.0,2835.0,155.5092,0.9997,1.5807,554.0,42.732,0.5594,0.7175,958,1260,615,858,167.0345
12,78.106,4,1437.0572,677.6006,14089.0,1614.0,172.8751,0.93,1.7284,571.0,45.792,0.4514,0.622,1260,1566,615,858,167.0345
12,78.5066,1,408.6169,643.1115,13423.0,4403.0,140.3979,0.8547,1.5877,586.0,50.0331,0.4938,0.6611,342,648,615,858,167.0345
12,78.5066,2,899.5355,656.4851,11873.0,3249.0,180.2602,0.9993,2.2222,545.0,36.6031,0.5399,0.7012,648,958,615,858,167.0345
12,78.5066,3,1052.6416,663.9609,15947.0,3210.0,186.3855,0.9481,1.6601,540.0,39.5838,0.5755,0.7305,958,1260,615,858,167.0345
12,78.5066,4,1450.7,683.9827,16189.0,1735.0,188.4616,0.9892,1.9777,572.0,41.2057,0.5168,0.6814,1260,1566,615,858,167.0345
12,78.9071,1,406.4066,668.5236,17210.0,3889.0,184.1384,0.9811,1.5846,559.0,36.3805,0.6048,0.7538,342,648,615,858,167.0345
12,78.9071,2,906.8453,652.3166,12692.0,3623.0,139.4538,0.965,1.6649,598.0,34.962,0.6175,0.7635,648,958,615,858,167.0345
12,78.9071,3,1050.1159,679.3292,18571.0,2601.0,202.4897,0.9002,1.86,585.0,43.5141,0.4964,0.6634,958,1260,615,858,167.0345
12,78.9071,4,1441.2207,673.4749,13982.0,1979.0,177.2638,0.954,1.9288,567.0,34.919,0.6005,0.7504,1260,1566,615,858,167.0345
12,79.3077,1,406.9932,696.8281,13494.0,787.0,194.4096,0.8601,2.3783,593.0,37.9445,0.5141,0.6791,342,648,615,858,167.0345
12,79.3077,2,907.1499,673.5352,14045.0,2387.0,162.6363,0.9667,1.7568,596.0,31.3176,0.6653,0.799,648,958,615,858,167.0345
12,79.3077,3,1114.0351,648.4549,13323.0,3793.0,197.3793,0.8506,2.6585,538.0,63.8814,0.1941,0.3251,958,1260,615,858,167.0345
12,79.3077,4,1425.2903,668.364,14925.0,2434.0,200.8536,0.683,2.6261,598.0,37.6718,0.5223,0.6862,1260,1566,615,858,167.0345
12,79.7082,1,399.4202,647.9816,11095.0,3645.0,150.9612,0.8305,2.5324,593.0,35.8067,0.4595,0.6296,342,648,615,858,167.0345
12,79.7082,2,872.1294,665.1774,13898.0,2986.0,179.9131,0.9292,2.0117,557.0,65.9602,0.29,0.4496,648,958,615,858,167.0345
12,79.7082,3,1165.0278,642.7395,13645.0,4639.0,174.7124,0.9636,1.7577,537.0,66.4077,0.1745,0.2971,958,1260,615,858,167.0345
12,79.7082,4,1401.855,661.4282,14065.0,2885.0,215.5288,0.6268,2.8923,573.0,38.2083,0.5357,0.6977,1260,1566,615,858,167.0345
12,80.1087,1,396.6543,660.2228,9962.0,2595.0,187.4734,0.9283,3.0419,559.0,31.1013,0.5943,0.7455,342,648,615,858,167.0345
12,80.1087,2,826.2579,635.9585,12738.0,4500.0,188.6705,0.9441,2.3348,525.0,72.439,0.2563,0.408,648,958,615,858,167.0345
12,80.1087,3,1188.5131,665.7778,14089.0,2767.0,175.8128,0.998,1.6925,564.0,55.1671,0.4246,0.5961,958,1260,615,858,167.0345
12,80.1087,4,1378.5042,656.7865,12902.0,2896.0,185.6218,0.5469,2.9381,596.0,39.5396,0.4689,0.6384,1260,1566,615,858,167.0345
12,80.5093,1,399.4081,671.1628,10399.0,2564.0,186.0464,0.8671,3.5575,591.0,38.0551,0.5717,0.7275,342,648,615,858,167.0345
12,80.5093,2,807.341,657.5684,14160.0,3749.0,208.5551,0.9609,2.432,543.0,57.6159,0.4044,0.5759,648,958,615,858,167.0345
12,80.5093,3,1166.2284,666.061,12439.0,2784.0,192.3311,0.8661,2.4428,569.0,55.5695,0.4365,0.6077,958,1260,615,858,167.0345
12,80.5093,4,1366.4963,666.5864,12091.0,2345.0,185.7835,0.8051,2.5073,568.0,43.1529,0.4158,0.5874,1260,1566,615,858,167.0345
12,80.9098,1,399.8533,664.7821,11338.0,2685.0,182.3319,0.8675,2.7463,592.0,28.6741,0.6567,0.7927,342,648,615,858,167.0345
12,80.9098,2,801.6162,666.3053,15316.0,3554.0,207.7277,0.8764,2.2519,555.0,33.996,0.6168,0.763,648,958,615,858,167.0345
12,80.9098,3,1189.5957,649.3544,9080.0,2602.0,127.8322,0.7862,2.3427,611.0,34.5942,0.497,0.664,958,1260,615,858,167.0345
12,80.9098,4,1347.6975,652.3636,12692.0,4044.0,177.8693,0.9905,1.8628,565.0,32.0266,0.5077,0.6734,1260,1566,615,858,167.0345
12,81.3104,1,391.3004,648.1266,7623.0,2304.0,199.019,0.9703,3.6896,551.0,37.3353,0.5834,0.7369,342,648,615,858,167.0345
12,81.3104,2,780.8045,639.9504,14345.0,5106.0,204.5665,0.906,2.4153,525.0,38.3115,0.5294,0.6923,648,958,615,858,167.0345
12,81.3104,3,1201.2749,663.5258,8261.0,1454.0,170.6516,0.9683,2.7121,572.0,32.1846,0.4796,0.6483,958,1260,615,858,167.0345
12,81.3104,4,1343.3256,673.263,10603.0,1628.0,151.5041,0.935,2.0179,579.0,29.319,0.5758,0.7308,1260,1566,615,858,167.0345
12,81.7109,1,392.5453,664.504,10850.0,2905.0,182.5249,0.9545,2.8454,588.0,25.9739,0.5937,0.7451,342,648,615,858,167.0345
12,81.7109,2,764.5334,654.48,15307.0,4659.0,193.6248,0.9178,1.931,539.0,51.7441,0.4244,0.5959,648,958,615,858,167.0345
12,81.7109,3,1191.3456,663.899,10022.0,1953.0,164.664,0.9957,2.3044,560.0,37.193,0.4547,0.6252,958,1260,615,858,167.0345
12,81.7109,4,1339.995,656.2436,9663.0,2465.0,146.5871,0.9558,1.8269,574.0,38.0221,0.4753,0.6443,1260,1566,615,858,167.0345
12,82.1115,1,399.6868,684.5721,11246.0,1544.0,181.0198,0.8969,2.6059,594.0,34.3199,0.6223,0.7672,342,648,615,858,167.0345
12,82.1115,2,743.8505,669.9507,14964.0,3635.0,202.2428,0.9482,2.0657,556.0,45.2676,0.4385,0.6096,648,958,615,858,167.0345
12,82.1115,3,1178.4514,680.4392,10966.0,1566.0,174.4765,0.9994,2.4398,577.0,33.815,0.5046,0.6708,958,1260,615,858,167.0345
12,82.1115,4,1358.1621,634.5766,9097.0,2211.0,135.2567,0.4138,2.0011,590.0,45.3279,0.3896,0.5608,1260,1566,615,858,167.0345
12,82.512,1,403.7463,681.6405,10185.0,1738.0,175.9363,0.8777,3.1449,592.0,29.3409,0.6327,0.775,342,648,615,858,167.0345
12,82.512,2,729.7236,666.7701,15791.0,3793.0,196.8748,0.9984,1.8987,544.0,33.3723,0.5814,0.7353,648,958,615,858,167.0345
12,82.512,3,1165.5374,677.8342,11434.0,1982.0,187.7917,0.9907,2.8246,561.0,40.171,0.396,0.5673,958,1260,615,858,167.0345
12,82.512,4,1397.6551,641.8223,11837.0,2589.0,171.3269,0.748,1.9233,549.0,62.0666,0.2803,0.4379,1260,1566,615,858,167.0345
12,82.9126,1,399.0864,656.9202,7915.0,1731.0,150.4564,0.9881,2.7303,582.0,40.8303,0.4376,0.6088,342,648,615,858,167.0345
12,82.9126,2,734.9156,664.0933,16256.0,4043.0,186.7949,0.9906,1.6979,543.0,30.7792,0.6364,0.7778,648,958,615,858,167.0345
12,82.9126,3,1147.0769,670.3757,12230.0,2363.0,178.2045,0.9906,2.4478,557.0,38.2058,0.4384,0.6095,958,1260,615,858,167.0345
12,82.9126,4,1410.9472,676.8976,15047.0,1753.0,181.4697,0.8611,1.7789,573.0,57.878,0.3395,0.5069,1260,1566,615,858,167.0345
12,83.3131,1,405.0431,645.3564,8406.0,2068.0,139.6718,0.9331,1.9142,569.0,39.314,0.4352,0.6065,342,648,615,858,167.0345
12,83.3131,2,743.0121,681.594,15798.0,2533.0,174.8852,0.9514,1.8677,600.0,34.7948,0.5909,0.7429,648,958,615,858,167.0345
12,83.3131,3,1126.6981,689.3543,12238.0,1338.0,197.0817,0.8806,2.8791,585.0,50.7505,0.3192,0.484,958,1260,615,858,167.0345
12,83.3131,4,1423.0922,686.3351,14649.0,1345.0,172.5054,0.854,1.8241,595.0,35.8676,0.5943,0.7456,1260,1566,615,858,167.0345
12,83.7136,1,431.6542,650.6818,10231.0,2446.0,159.3274,0.9403,1.9723,560.0,45.2157,0.4057,0.5772,342,648,615,858,167.0345
12,83.7136,2,751.3811,654.1965,14944.0,4484.0,197.262,0.93,1.979,540.0,43.4838,0.4631,0.633,648,958,615,858,167.0345
12,83.7136,3,1088.7101,663.837,12696.0,3529.0,211.439,0.9294,3.3838,554.0,51.6607,0.2995,0.461,958,1260,615,858,167.0345
12,83.7136,4,1446.596,661.7995,13923.0,2905.0,161.685,0.6299,2.2153,610.0,40.4262,0.5005,0.6671,1260,1566,615,858,167.0345
12,84.1142,1,445.431,671.2316,11668.0,1687.0,177.3051,0.992,2.1955,576.0,46.8058,0.4512,0.6219,342,648,615,858,167.0345
12,84.1142,2,750.583,655.4087,13282.0,3760.0,199.0716,0.9009,2.2814,543.0,26.8612,0.6538,0.7907,648,958,615,858,167.0345
12,84.1142,3,1073.7756,679.3294,12419.0,2267.0,225.8201,0.8725,3.5596,576.0,50.8998,0.3985,0.5699,958,1260,615,858,167.0345
12,84.1142,4,1476.3883,661.2111,15247.0,3160.0,176.1517,0.9908,1.5498,548.0,59.4154,0.312,0.4756,1260,1566,615,858,167.0345
12,84.5147,1,450.3069,697.1411,12654.0,1216.0,203.357,0.9197,2.812,585.0,39.5167,0.5092,0.6748,342,648,615,858,167.0345
12,84.5147,2,735.2779,673.313,14631.0,3187.0,187.8576,0.8452,2.4957,595.0,42.5959,0.4429,0.6139,648,958,615,858,167.0345
12,84.5147,3,1059.2046,678.757,13404.0,2313.0,212.3973,0.9301,2.6458,561.0,48.1195,0.4904,0.6581,958,1260,615,858,167.0345
12,84.5147,4,1476.1858,674.7596,16534.0,2252.0,216.7924,0.8189,2.3482,564.0,49.9776,0.4013,0.5728,1260,1566,615,858,167.0345
12,84.9153,1,440.6348,659.2026,12165.0,3033.0,223.3037,0.7881,3.4801,562.0,39.5211,0.5195,0.6838,342,648,615,858,167.0345
12,84.9153,2,726.4672,680.0461,14377.0,2417.0,179.3971,0.922,2.1751,595.0,29.9992,0.5938,0.7451,648,958,615,858,167.0345
12,84.9153,3,1048.3282,656.976,10885.0,3151.0,202.2308,0.8908,3.4818,543.0,45.8154,0.4976,0.6645,958,1260,615,858,167.0345
12,84.9153,4,1440.3113,660.8217,13387.0,2763.0,182.1726,0.9025,2.0822,550.0,56.518,0.4023,0.5738,1260,1566,615,858,167.0345
12,85.3158,1,430.7329,658.1656,11673.0,2620.0,205.395,0.6865,3.1335,566.0,45.324,0.5605,0.7183,342,648,615,858,167.0345
12,85.3158,2,731.3074,673.681,15344.0,3227.0,178.2556,0.9213,2.0651,595.0,24.1638,0.7218,0.8384,648,958,615,858,167.0345
12,85.3158,3,1034.8599,675.7589,11014.0,2091.0,202.1894,0.8853,3.1296,567.0,60.1249,0.319,0.4837,958,1260,615,858,167.0345
12,85.3158,4,1405.5638,667.8438,15079.0,2973.0,174.6651,0.9704,1.7281,554.0,53.2077,0.356,0.5251,1260,1566,615,858,167.0345
12,85.7164,1,413.6316,651.2749,11330.0,3126.0,187.3461,0.7895,2.6519,556.0,38.7017,0.5674,0.724,342,648,615,858,167.0345
12,85.7164,2,739.1257,668.4711,15421.0,3663.0,174.2163,0.9033,1.9757,593.0,31.6595,0.6444,0.7837,648,958,615,858,167.0345
12,85.7164,3,1030.2187,655.9808,11407.0,2793.0,177.7184,0.9852,2.3101,551.0,53.1728,0.3594,0.5288,958,1260,615,858,167.0345
12,85.7164,4,1382.0319,682.3513,16506.0,1992.0,200.5955,0.8189,2.0259,572.0,55.7742,0.3873,0.5584,1260,1566,615,858,167.0345
12,86.1169,1,416.4925,652.6477,12420.0,3490.0,184.3266,0.8219,2.4606,558.0,27.2216,0.6969,0.8214,342,648,615,858,167.0345
12,86.1169,2,742.5297,669.147,15644.0,3479.0,193.8802,0.985,1.7841,554.0,25.6986,0.7079,0.829,648,958,615,858,167.0345
12,86.1169,3,1059.3252,650.4111,12400.0,3363.0,201.5274,0.9123,2.4511,535.0,57.489,0.3622,0.5318,958,1260,615,858,167.0345
12,86.1169,4,1407.6998,660.4539,13298.0,2548.0,168.986,0.5527,2.1021,595.0,46.0163,0.4486,0.6194,1260,1566,615,858,167.0345
12,86.5174,1,427.3039,670.5591,12224.0,2179.0,193.6704,0.5957,3.1496,593.0,33.4431,0.5931,0.7446,342,648,615,858,167.0345
12,86.5174,2,748.2173,673.6991,15911.0,3452.0,198.5785,0.9695,1.9338,557.0,20.8695,0.7832,0.8784,648,958,615,858,167.0345
12,86.5174,3,1104.687,671.0293,13168.0,2428.0,202.452,0.7732,2.8112,564.0,67.4981,0.1337,0.2358,958,1260,615,858,167.0345
12,86.5174,4,1451.6438,646.9754,13494.0,3242.0,187.5019,0.8211,1.8804,540.0,57.5187,0.2568,0.4086,1260,1566,615,858,167.0345
12,86.918,1,416.9187,660.2168,11483.0,3261.0,194.2237,0.8446,2.9058,563.0,35.9901,0.5309,0.6936,342,648,615,858,167.0345
12,86.918,2,753.0385,658.8256,14757.0,3895.0,189.3543,0.9963,1.9258,540.0,31.805,0.6405,0.7809,648,958,615,858,167.0345
12,86.918,3,1152.7421,667.6501,12210.0,2853.0,199.1732,0.9513,3.0497,553.0,54.3303,0.2003,0.3338,958,1260,615,858,167.0345
12,86.918,4,1482.3528,680.5924,16730.0,2255.0,174.4258,0.7784,1.8174,610.0,58.7571,0.2993,0.4607,1260,1566,615,858,167.0345
12,87.3185,1,412.1139,672.6255,10546.0,1425.0,167.991,0.7083,2.5356,592.0,26.0565,0.5541,0.7131,342,648,615,858,167.0345
12,87.3185,2,755.752,656.6916,16071.0,4775.0,195.3473,0.9697,1.8635,541.0,26.6683,0.6899,0.8165,648,958,615,858,167.0345
12,87.3185,3,1153.9037,695.989,12155.0,821.0,191.658,0.9152,2.6773,594.0,47.8736,0.3161,0.4804,958,1260,615,858,167.0345
12,87.3185,4,1492.5097,682.1457,15779.0,1746.0,188.8082,0.9102,1.8143,570.0,44.4979,0.4602,0.6303,1260,1566,615,858,167.0345
12,87.7191,1,417.0125,687.2475,10246.0,1222.0,193.0388,0.809,3.3018,593.0,35.1512,0.559,0.7171,342,648,615,858,167.0345
12,87.7191,2,752.473,677.1609,15743.0,2727.0,192.6848,0.9948,1.8394,560.0,33.1671,0.5893,0.7416,648,958,615,858,167.0345
12,87.7191,3,1118.9235,669.097,10920.0,1828.0,209.946,0.8116,3.4014,572.0,59.2724,0.3035,0.4656,958,1260,615,858,167.0345
12,87.7191,4,1463.521,650.5149,13576.0,3032.0,160.3531,0.5466,2.0774,609.0,51.1216,0.3903,0.5615,1260,1566,615,858,167.0345
12,88.1196,1,403.9591,661.7143,10403.0,3001.0,222.1964,0.9419,3.737,546.0,34.596,0.5397,0.7011,342,648,615,858,167.0345
12,88.1196,2,759.31,660.3552,15399.0,3685.0,186.3323,0.9452,1.8866,545.0,47.9401,0.4503,0.621,648,958,615,858,167.0345
12,88.1196,3,1073.7359,648.7053,11659.0,2990.0,203.894,0.7378,3.032,554.0,69.5485,0.2524,0.4031,958,1260,615,858,167.0345
12,88.1196,4,1406.1904,643.9826,13511.0,3036.0,209.3446,0.3467,3.2787,598.0,63.7889,0.2717,0.4273,1260,1566,615,858,167.0345
12,88.5202,1,390.4608,665.2629,9654.0,2888.0,185.0603,0.9189,3.8395,589.0,37.8938,0.5069,0.6728,342,648,615,858,167.0345
12,88.5202,2,783.1598,653.5529,15998.0,4050.0,190.5984,0.9976,1.6781,536.0,41.2566,0.5417,0.7027,648,958,615,858,167.0345
12,88.5202,3,1042.6733,679.4819,11000.0,1915.0,210.5591,0.8376,3.4087,579.0,70.035,0.1189,0.2125,958,1260,615,858,167.0345
12,88.5202,4,1374.8766,665.4171,11609.0,1650.0,164.3847,0.5746,2.4151,600.0,55.0051,0.2799,0.4373,1260,1566,615,858,167.0345
12,88.9207,1,393.0534,686.966,10224.0,1863.0,190.0952,0.9301,3.5634,592.0,38.1939,0.5173,0.6819,342,648,615,858,167.0345
12,88.9207,2,785.1602,675.4241,15009.0,2457.0,186.6674,0.9996,1.8448,561.0,33.0246,0.6248,0.7691,648,958,615,858,167.0345
12,88.9207,3,1022.7266,668.7416,10306.0,2256.0,183.853,0.9599,2.8706,566.0,43.8975,0.4992,0.6659,958,1260,615,858,167.0345
12,88.9207,4,1363.3741,675.9283,10982.0,1643.0,152.6827,0.7229,2.2594,598.0,47.5642,0.3998,0.5712,1260,1566,615,858,167.0345
12,89.3213,1,403.4873,650.6763,12598.0,3981.0,140.1369,0.8987,1.8095,593.0,58.0146,0.3646,0.5344,342,648,615,858,167.0345
12,89.3213,2,798.6702,641.9929,14356.0,4376.0,197.9879,0.9771,1.9977,520.0,45.4534,0.4677,0.6373,648,958,615,858,167.0345
12,89.3213,3,1008.3904,645.5518,8955.0,2993.0,112.0087,0.9119,1.781,602.0,47.8875,0.4858,0.654,958,1260,615,858,167.0345
12,89.3213,4,1344.755,680.6853,10196.0,1314.0,174.6021,0.8753,2.5322,575.0,30.6206,0.5514,0.7108,1260,1566,615,858,167.0345
12,89.7218,1,407.6704,649.0357,15700.0,4401.0,188.9308,0.9397,1.5976,528.0,46.2003,0.4703,0.6398,342,648,615,858,167.0345
12,89.7218,2,803.8207,676.1411,14833.0,2294.0,180.0577,0.9798,1.8465,574.0,44.2752,0.5121,0.6774,648,958,615,858,167.0345
12,89.7218,3,1001.7139,663.3116,9139.0,2259.0,172.7878,0.9646,2.5709,560.0,49.0105,0.4619,0.6319,958,1260,615,858,167.0345
12,89.7218,4,1339.2486,681.3747,9311.0,1221.0,176.4963,0.9136,2.8379,572.0,27.5857,0.6273,0.771,1260,1566,615,858,167.0345
12,90.1223,1,433.9904,667.6738,17373.0,3668.0,196.2022,0.715,2.0713,579.0,57.8948,0.3437,0.5116,342,648,615,858,167.0345
12,90.1223,2,821.9043,654.075,14644.0,3965.0,196.6607,0.9477,2.0964,539.0,39.8389,0.5194,0.6837,648,958,615,858,167.0345
12,90.1223,3,1013.8248,660.4846,12189.0,2959.0,177.0274,0.9964,1.975,553.0,41.3132,0.5469,0.7071,958,1260,615,858,167.0345
12,90.1223,4,1342.4911,683.2243,9536.0,1237.0,182.5756,0.8816,2.9937,575.0,23.6884,0.6499,0.7878,1260,1566,615,858,167.0345
12,90.5229,1,481.2648,655.9621,16929.0,4543.0,191.3536,0.931,1.8518,538.0,62.3516,0.2676,0.4222,342,648,615,858,167.0345
12,90.5229,2,842.5227,657.274,15593.0,4054.0,199.2404,0.9926,1.9718,532.0,40.8109,0.4995,0.6662,648,958,615,858,167.0345
12,90.5229,3,1034.4644,680.5581,13629.0,2608.0,171.9077,0.7693,2.4854,603.0,46.7132,0.4411,0.6121,958,1260,615,858,167.0345
12,90.5229,4,1341.5247,688.4877,9665.0,876.0,165.4156,0.8361,2.783,596.0,21.4296,0.683,0.8116,1260,1566,615,858,167.0345
12,90.9234,1,472.1595,647.2537,16453.0,4791.0,232.6817,0.4995,3.1862,583.0,41.2699,0.4561,0.6265,342,648,615,858,167.0345
12,90.9234,2,857.8452,686.5725,13960.0,904.0,195.723,0.8078,2.2491,602.0,44.8125,0.448,0.6188,648,958,615,858,167.0345
12,90.9234,3,1031.6362,676.8066,10714.0,2077.0,168.951,0.772,2.8554,602.0,29.6532,0.6335,0.7757,958,1260,615,858,167.0345
12,90.9234,4,1338.9289,680.2527,9597.0,1228.0,151.5193,0.8755,2.4291,601.0,22.3783,0.6846,0.8128,1260,1566,615,858,167.0345
12,91.324,1,434.2854,643.9309,13815.0,4485.0,218.8162,0.8156,2.369,533.0,57.6849,0.313,0.4768,342,648,615,858,167.0345
12,91.324,2,871.8833,649.8971,13967.0,3939.0,189.3019,0.9998,1.9499,529.0,43.8172,0.4248,0.5963,648,958,615,858,167.0345
12,91.324,3,1012.6562,662.1647,10061.0,2627.0,192.7172,0.9638,2.9654,552.0,34.1422,0.5048,0.6709,958,1260,615,858,167.0345
12,91.324,4,1335.0444,670.6871,8892.0,1849.0,131.2874,0.9331,2.208,603.0,39.4043,0.5191,0.6834,1260,1566,615,858,167.0345
12,91.7245,1,399.1168,660.5762,14257.0,3603.0,170.7563,0.9099,2.0751,590.0,63.5114,0.2758,0.4323,342,648,615,858,167.0345
12,91.7245,2,877.5892,670.0926,16747.0,3496.0,192.106,0.9639,1.7669,559.0,34.7703,0.605,0.7539,648,958,615,858,167.0345
12,91.7245,3,1007.6524,668.0386,8956.0,2102.0,197.5209,0.9618,3.6146,560.0,32.3022,0.5661,0.7229,958,1260,615,858,167.0345
12,91.7245,4,1338.2886,646.2329,9760.0,2294.0,130.038,0.9279,1.6248,601.0,44.2087,0.3934,0.5647,1260,1566,615,858,167.0345
12,92.1251,1,405.118,672.0211,17613.0,3535.0,191.3317,0.9903,1.6278,551.0,37.1676,0.5721,0.7278,342,648,615,858,167.0345
12,92.1251,2,882.3721,685.2117,12772.0,968.0,181.6701,0.8339,2.1974,599.0,33.8964,0.549,0.7088,648,958,615,858,167.0345
12,92.1251,3,1011.8595,691.7706,9464.0,1444.0,218.485,0.9229,4.1195,581.0,39.6051,0.5791,0.7334,958,1260,615,858,167.0345
12,92.1251,4,1368.6155,638.9626,10751.0,2175.0,148.9106,0.3627,2.0459,608.0,49.8091,0.4262,0.5976,1260,1566,615,858,167.0345
12,92.5256,1,426.6159,656.3716,18233.0,4909.0,198.3437,0.9853,1.6391,527.0,45.9983,0.5052,0.6713,342,648,615,858,167.0345
12,92.5256,2,895.5759,649.6903,13524.0,4294.0,198.9747,0.9995,2.1791,527.0,41.2346,0.4711,0.6405,648,958,615,858,167.0345
12,92.5256,3,1013.5638,670.2649,10057.0,2393.0,173.3259,0.9908,2.3572,562.0,42.037,0.4753,0.6443,958,1260,615,858,167.0345
12,92.5256,4,1422.2804,646.5649,16873.0,4646.0,205.9897,0.6105,1.9615,559.0,53.5651,0.2513,0.4017,1260,1566,615,858,167.0345
12,92.9261,1,434.1958,661.7001,18410.0,3909.0,203.7517,0.8647,1.6143,547.0,35.817,0.6029,0.7522,342,648,615,858,167.0345
12,92.9261,2,905.1977,695.8657,12788.0,760.0,182.5354,0.9428,2.221,598.0,41.3694,0.4375,0.6087,648,958,615,858,167.0345
12,92.9261,3,1010.0518,648.5142,10464.0,2813.0,155.5506,0.94,1.6456,554.0,45.2449,0.445,0.616,958,1260,615,858,167.0345
12,92.9261,4,1443.2249,659.1576,13651.0,2284.0,162.6721,0.8277,1.513,566.0,48.6502,0.3488,0.5172,1260,1566,615,858,167.0345
12,93.3267,1,468.1694,668.7197,18324.0,4109.0,193.639,0.9575,1.7538,552.0,48.2367,0.4523,0.6229,342,648,615,858,167.0345
12,93.3267,2,905.914,671.8202,14440.0,2964.0,161.4782,0.9549,1.8217,595.0,30.5763,0.5946,0.7458,648,958,615,858,167.0345
12,93.3267,3,1033.204,653.4083,12864.0,2699.0,166.5995,0.8984,1.7065,549.0,57.3472,0.3875,0.5586,958,1260,615,858,167.0345
12,93.3267,4,1451.7076,667.3571,14812.0,2479.0,150.8525,0.855,1.566,587.0,43.4516,0.4162,0.5878,1260,1566,615,858,167.0345
12,93.7272,1,472.5366,643.1833,17833.0,5798.0,221.3764,0.5082,2.8436,588.0,51.4609,0.3271,0.4929,342,648,615,858,167.0345
12,93.7272,2,898.5429,668.6309,14767.0,3215.0,188.8236,0.9889,1.9223,552.0,29.0305,0.6732,0.8047,648,958,615,858,167.0345
12,93.7272,3,1058.0213,658.1148,15558.0,3928.0,181.001,0.9252,1.7148,558.0,59.5289,0.3738,0.5442,958,1260,615,858,167.0345
12,93.7272,4,1414.9945,648.809,13892.0,3654.0,200.7159,0.6839,2.531,558.0,49.5961,0.365,0.5348,1260,1566,615,858,167.0345
12,94.1278,1,446.5372,647.9281,14383.0,4205.0,212.983,0.5367,3.3971,587.0,47.64,0.4077,0.5793,342,648,615,858,167.0345
12,94.1278,2,889.8869,683.3852,15159.0,2514.0,182.9001,0.893,2.1687,600.0,29.6512,0.6312,0.7739,648,958,615,858,167.0345
12,94.1278,3,1065.3243,671.523,15540.0,3008.0,213.0943,0.6942,2.6945,575.0,37.0309,0.5251,0.6886,958,1260,615,858,167.0345
12,94.1278,4,1385.0381,655.0299,14074.0,3418.0,191.545,0.7022,2.2427,563.0,55.4711,0.3541,0.523,1260,1566,615,858,167.0345
12,94.5283,1,407.375,650.8889,11885.0,3904.0,157.0836,0.8265,2.5156,590.0,55.9032,0.2453,0.3939,342,648,615,858,167.0345
12,94.5283,2,886.9587,677.5286,14551.0,2695.0,173.1761,0.9556,1.8874,599.0,31.7899,0.5915,0.7433,648,958,615,858,167.0345
12,94.5283,3,1049.6962,661.5665,11999.0,2640.0,186.1081,0.6681,2.6292,575.0,37.1303,0.569,0.7253,958,1260,615,858,167.0345
12,94.5283,4,1370.7517,664.032,13075.0,2740.0,183.1518,0.7817,2.301,569.0,39.4563,0.5283,0.6914,1260,1566,615,858,167.0345
12,94.9289,1,392.9426,669.1016,9995.0,2434.0,174.7911,0.9005,3.1103,593.0,43.0036,0.4246,0.5961,342,648,615,858,167.0345
12,94.9289,2,885.2703,657.4183,15392.0,3862.0,188.2769,0.9605,1.8131,530.0,42.6819,0.5191,0.6834,648,958,615,858,167.0345
12,94.9289,3,1027.1265,655.1952,10560.0,2788.0,191.0698,0.8809,2.5828,550.0,50.6055,0.3762,0.5467,958,1260,615,858,167.0345
12,94.9289,4,1356.5662,675.8396,11418.0,1598.0,175.889,0.86,2.3794,578.0,42.5931,0.4753,0.6443,1260,1566,615,858,167.0345
12,95.3294,1,383.9401,693.0295,10727.0,908.0,181.2369,0.966,2.5912,591.0,36.7614,0.4907,0.6583,342,648,615,858,167.0345
12,95.3294,2,881.1773,675.0077,17709.0,3265.0,192.9195,0.9935,1.6295,553.0,37.4023,0.5761,0.731,648,958,615,858,167.0345
12,95.3294,3,1022.0012,693.053,10880.0,1840.0,180.2222,0.8553,3.2109,602.0,53.3613,0.3224,0.4876,958,1260,615,858,167.0345
12,95.3294,4,1350.2123,667.0094,10053.0,1717.0,165.8303,0.8684,2.3968,575.0,27.2822,0.638,0.779,1260,1566,615,858,167.0345
12,95.73,1,401.2017,654.3751,13662.0,3808.0,153.81,0.9423,1.7737,593.0,48.9722,0.4366,0.6078,342,648,615,858,167.0345
12,95.73,2,881.0204,686.3777,16311.0,2033.0,181.4718,0.9595,1.8464,603.0,28.5689,0.6541,0.7909,648,958,615,858,167.0345
12,95.73,3,1020.163,700.7925,8872.0,651.0,154.194,0.7959,2.8707,623.0,27.1269,0.6139,0.7607,958,1260,615,858,167.0345
12,95.73,4,1342.8248,676.2179,9951.0,1414.0,156.1415,0.9028,2.359,576.0,30.4722,0.539,0.7005,1260,1566,615,858,167.0345
12,96.1305,1,404.8859,664.196,17279.0,3812.0,154.1608,0.9433,1.3356,592.0,32.6902,0.6398,0.7803,342,648,615,858,167.0345
12,96.1305,2,877.147,656.9158,15201.0,4007.0,188.1611,0.9997,1.8109,536.0,35.6876,0.581,0.735,648,958,615,858,167.0345
12,96.1305,3,1018.252,674.3135,9871.0,2008.0,178.0886,0.8547,3.1243,578.0,49.9465,0.3127,0.4764,958,1260,615,858,167.0345
12,96.1305,4,1342.98,686.6574,8789.0,757.0,148.5813,0.8379,2.5425,607.0,28.8795,0.598,0.7485,1260,1566,615,858,167.0345
12,96.531,1,413.6489,677.8245,20564.0,4157.0,206.0006,0.9952,1.6129,549.0,32.5603,0.6317,0.7743,342,648,615,858,167.0345
12,96.531,2,884.6961,672.8336,16320.0,3015.0,185.3191,0.9999,1.6537,558.0,31.6635,0.6494,0.7874,648,958,615,858,167.0345
12,96.531,3,1025.7585,658.5227,10145.0,2407.0,166.0589,0.8885,2.4243,578.0,35.7088,0.5675,0.7241,958,1260,615,858,167.0345
12,96.531,4,1340.0882,687.177,9853.0,1424.0,162.1662,0.8853,2.8774,602.0,25.5504,0.6596,0.7949,1260,1566,615,858,167.0345
12,96.9316,1,412.6636,668.7627,15001.0,3389.0,179.945,0.8034,2.3,593.0,33.9749,0.5761,0.7311,342,648,615,858,167.0345
12,96.9316,2,876.9008,676.9847,16184.0,2764.0,197.3909,0.971,1.8047,563.0,31.5288,0.657,0.793,648,958,615,858,167.0345
12,96.9316,3,1017.9441,655.1113,9749.0,2238.0,137.1775,0.9991,1.4444,570.0,47.309,0.4965,0.6635,958,1260,615,858,167.0345
12,96.9316,4,1325.2694,667.0268,9089.0,2007.0,175.0901,0.9998,2.7009,566.0,44.6116,0.4348,0.6061,1260,1566,615,858,167.0345
12,97.3321,1,407.325,659.4902,10842.0,2340.0,168.2471,0.7622,2.4692,590.0,32.3099,0.5302,0.693,342,648,615,858,167.0345
12,97.3321,2,872.6035,662.0745,14613.0,3505.0,181.0986,0.975,1.8078,548.0,31.6263,0.6649,0.7987,648,958,615,858,167.0345
12,97.3321,3,1017.2751,642.147,9881.0,2741.0,156.2078,0.7905,1.8523,568.0,41.7687,0.5338,0.6961,958,1260,615,858,167.0345
12,97.3321,4,1329.1553,643.3423,7583.0,1844.0,120.5615,0.9734,1.7448,598.0,43.8929,0.4857,0.6538,1260,1566,615,858,167.0345
12,97.7327,1,392.0789,642.5872,8218.0,2573.0,186.0143,0.9521,3.1236,548.0,32.9028,0.5858,0.7388,342,648,615,858,167.0345
12,97.7327,2,873.4747,671.6721,15294.0,2863.0,188.2511,0.9921,1.8316,559.0,24.8368,0.7124,0.832,648,958,615,858,167.0345
12,97.7327,3,1044.9858,632.6895,11113.0,2764.0,166.1242,0.2743,2.2444,590.0,48.5888,0.4629,0.6328,958,1260,615,858,167.0345
12,97.7327,4,1345.042,646.3535,9844.0,2060.0,111.5048,0.6622,1.2245,604.0,44.4498,0.5183,0.6827,1260,1566,615,858,167.0345
12,98.1332,1,391.2116,669.1302,9319.0,2474.0,221.8594,0.9686,4.401,547.0,37.4168,0.5477,0.7078,342,648,615,858,167.0345
12,98.1332,2,872.417,665.218,14850.0,3177.0,183.5452,0.9316,1.7053,558.0,24.3909,0.7242,0.84,648,958,615,858,167.0345
12,98.1332,3,1071.8492,637.1985,11689.0,2694.0,194.5908,0.5112,2.4494,558.0,48.5617,0.477,0.6459,958,1260,615,858,167.0345
12,98.1332,4,1364.5138,654.16,12766.0,2795.0,150.2298,1.0,1.4142,562.0,50.9738,0.4818,0.6503,1260,1566,615,858,167.0345
12,98.5338,1,391.9851,690.2265,9646.0,1625.0,195.0001,0.9307,3.8641,592.0,35.4208,0.555,0.7138,342,648,615,858,167.0345
12,98.5338,2,869.5389,665.1257,14779.0,3208.0,185.5493,0.926,1.7423,559.0,19.7071,0.7831,0.8783,648,958,615,858,167.0345
12,98.5338,3,1097.2415,656.8716,13571.0,2282.0,168.9676,0.681,1.717,568.0,55.6024,0.3556,0.5246,958,1260,615,858,167.0345
12,98.5338,4,1376.8327,669.2288,14404.0,2448.0,160.2585,0.9972,1.519,569.0,33.6931,0.6305,0.7734,1260,1566,615,858,167.0345
12,98.9343,1,396.4718,656.0639,11665.0,3410.0,204.0939,0.9626,2.8044,538.0,55.1087,0.4092,0.5807,342,648,615,858,167.0345
12,98.9343,2,873.1073,681.3316,13210.0,954.0,179.8297,0.814,2.0052,601.0,23.199,0.6412,0.7814,648,958,615,858,167.0345
12,98.9343,3,1112.541,654.1809,12838.0,2121.0,172.7989,0.592,1.828,565.0,35.2772,0.5892,0.7415,958,1260,615,858,167.0345
12,98.9343,4,1377.1737,673.7093,15414.0,2428.0,167.4519,0.838,1.7602,602.0,29.0048,0.6389,0.7797,1260,1566,615,858,167.0345
12,99.3348,1,409.3846,656.3389,14578.0,4160.0,156.8072,0.8745,1.8302,591.0,44.9782,0.4752,0.6442,342,648,615,858,167.0345
12,99.3348,2,869.4542,658.4091,14080.0,3743.0,188.4616,0.8894,2.0531,553.0,28.687,0.5638,0.7211,648,958,615,858,167.0345
12,99.3348,3,1120.8285,659.3798,12974.0,2013.0,161.1005,0.7295,1.6031,567.0,32.9881,0.5822,0.7359,958,1260,615,858,167.0345
12,99.3348,4,1371.4883,668.9482,13747.0,2321.0,181.0175,0.7905,2.1073,581.0,28.2159,0.6672,0.8004,1260,1566,615,858,167.0345
12,99.7354,1,407.9767,667.7997,17538.0,4058.0,195.705,0.9649,1.5647,544.0,35.3018,0.5871,0.7398,342,648,615,858,167.0345
12,99.7354,2,874.0104,666.9808,13706.0,2765.0,173.4678,0.7869,2.1543,598.0,29.745,0.6334,0.7756,648,958,615,858,167.0345
12,99.7354,3,1121.8815,669.778,13079.0,1610.0,154.3396,0.8042,1.458,575.0,30.393,0.6239,0.7684,958,1260,615,858,167.0345
12,99.7354,4,1365.0537,664.0268,11707.0,2497.0,156.9442,0.9237,1.9716,567.0,35.0664,0.5254,0.6889,1260,1566,615,858,167.0345
12,100.1359,1,419.6603,666.9807,16017.0,3477.0,190.5686,0.7577,2.1801,593.0,37.4593,0.5816,0.7354,342,648,615,858,167.0345
12,100.1359,2,876.0082,669.6493,12237.0,2208.0,177.03,0.7525,2.5253,599.0,24.182,0.6872,0.8146,648,958,615,858,167.0345
12,100.1359,3,1124.6169,659.2844,13475.0,2681.0,148.715,0.6402,1.7027,592.0,51.8977,0.3398,0.5073,958,1260,615,858,167.0345
12,100.1359,4,1360.505,670.8688,9080.0,1001.0,127.5258,0.823,1.8114,599.0,35.693,0.4516,0.6222,1260,1566,615,858,167.0345
12,100.5365,1,419.0887,677.4591,12824.0,1877.0,190.6396,0.7044,2.734,590.0,27.7909,0.607,0.7555,342,648,615,858,167.0345
12,100.5365,2,873.2752,667.0417,11068.0,2423.0,171.8408,0.7409,2.9086,599.0,23.0409,0.6646,0.7985,648,958,615,858,167.0345
12,100.5365,3,1104.3833,649.9718,12900.0,2719.0,191.5194,0.3387,3.2877,608.0,43.4345,0.4049,0.5764,958,1260,615,858,167.0345
12,100.5365,4,1337.4754,676.2055,8199.0,1188.0,141.8785,0.9747,2.4123,584.0,36.0939,0.3786,0.5492,1260,1566,615,858,167.0345
12,100.937,1,407.9578,661.4034,9623.0,2236.0,150.7734,0.7671,2.5791,592.0,31.3161,0.528,0.6911,342,648,615,858,167.0345
12,100.937,2,876.9354,684.8939,9200.0,583.0,168.6642,0.7734,2.8838,600.0,26.3457,0.5723,0.7279,648,958,615,858,167.0345
12,100.937,3,1067.2447,639.5669,12560.0,3297.0,198.2735,0.4832,2.5621,561.0,42.5964,0.4594,0.6296,958,1260,615,858,167.0345
12,100.937,4,1321.1193,682.9009,7518.0,968.0,132.153,0.9947,2.3501,585.0,29.8526,0.4279,0.5994,1260,1566,615,858,167.0345
12,101.3376,1,390.1089,653.4319,8724.0,2473.0,198.4259,0.9696,3.8123,548.0,35.9141,0.4737,0.6428,342,648,615,858,167.0345
12,101.3376,2,883.4516,673.1544,9276.0,1352.0,174.7305,0.8325,2.815,576.0,24.7103,0.6156,0.7621,648,958,615,858,167.0345
12,101.3376,3,1042.7324,644.3307,10992.0,2740.0,164.1338,0.6378,2.138,562.0,51.6808,0.4195,0.591,958,1260,615,858,167.0345
12,101.3376,4,1329.0852,675.4627,6771.0,954.0,132.7822,0.9917,2.4267,592.0,28.3234,0.4843,0.6525,1260,1566,615,858,167.0345
12,101.7381,1,394.3017,670.1325,9509.0,2044.0,196.1641,0.9349,3.8212,588.0,31.4597,0.5492,0.709,342,648,615,858,167.0345
12,101.7381,2,880.9147,667.9035,8698.0,1400.0,162.4639,0.8408,2.8822,582.0,23.668,0.6409,0.7811,648,958,615,858,167.0345
12,101.7381,3,1040.1685,664.4521,11180.0,2262.0,157.5246,0.6164,2.5125,601.0,47.1105,0.4137,0.5852,958,1260,615,858,167.0345
12,101.7381,4,1329.9169,666.6218,8435.0,1002.0,127.5137,0.9616,1.7746,594.0,30.6415,0.4914,0.659,1260,1566,615,858,167.0345
12,102.1387,1,399.2052,681.6957,10503.0,2174.0,238.3335,0.9258,4.3236,562.0,30.6432,0.6612,0.796,342,648,615,858,167.0345
12,102.1387,2,890.4492,660.933,8435.0,1623.0,170.9823,0.921,2.9696,571.0,24.5925,0.6112,0.7587,648,958,615,858,167.0345
12,102.1387,3,1037.434,679.1484,11169.0,1792.0,171.9795,0.6591,2.8083,602.0,36.758,0.5317,0.6943,958,1260,615,858,167.0345
12,102.1387,4,1353.8904,650.0977,8786.0,1465.0,159.235,0.673,2.411,589.0,37.1139,0.4593,0.6295,1260,1566,615,858,167.0345
12,102.5392,1,401.3681,673.7137,10836.0,2420.0,179.833,0.8759,3.0429,592.0,31.6299,0.5847,0.7379,342,648,615,858,167.0345
12,102.5392,2,886.1073,669.3952,8482.0,1571.0,155.0235,0.9234,2.6206,587.0,21.8171,0.6576,0.7934,648,958,615,858,167.0345
12,102.5392,3,1025.0145,678.1093,10637.0,2042.0,190.1083,0.905,3.0985,576.0,36.9619,0.5113,0.6766,958,1260,615,858,167.0345
12,102.5392,4,1378.6135,658.391,9971.0,1531.0,164.4042,0.7237,2.4157,591.0,49.5766,0.3494,0.5179,1260,1566,615,858,167.0345
12,102.9397,1,398.9478,662.9934,12535.0,3493.0,158.06,0.8897,2.3382,593.0,39.8933,0.5085,0.6742,342,648,615,858,167.0345
12,102.9397,2,880.9891,676.6296,8896.0,962.0,147.8344,0.9327,2.2779,590.0,25.1124,0.6181,0.764,648,958,615,858,167.0345
12,102.9397,3,1026.1205,681.0595,9854.0,1607.0,167.6484,0.8805,2.7076,586.0,26.5388,0.6657,0.7993,958,1260,615,858,167.0345
12,102.9397,4,1406.7422,669.3866,9192.0,506.0,151.756,0.7614,2.0757,600.0,50.6754,0.3441,0.512,1260,1566,615,858,167.0345
12,103.3403,1,389.2651,677.8574,14126.0,2802.0,176.0858,0.9142,2.2034,589.0,34.789,0.5466,0.7068,342,648,615,858,167.0345
12,103.3403,2,874.7113,659.1027,8970.0,1603.0,155.2595,0.9559,2.1772,581.0,31.6732,0.574,0.7293,648,958,615,858,167.0345
12,103.3403,3,1017.6383,680.5174,9066.0,1262.0,132.0145,0.9955,2.125,592.0,42.589,0.391,0.5622,958,1260,615,858,167.0345
12,103.3403,4,1412.8691,678.5132,10593.0,642.0,164.2268,0.7404,2.2723,600.0,28.4404,0.6723,0.804,1260,1566,615,858,167.0345
12,103.7408,1,402.8073,672.0124,10952.0,2528.0,187.219,0.915,2.7406,571.0,37.2086,0.4959,0.6631,342,648,615,858,167.0345
12,103.7408,2,866.6478,678.358,10580.0,1275.0,185.9648,0.8747,2.7701,587.0,32.983,0.6077,0.756,648,958,615,858,167.0345
12,103.7408,3,1041.5483,645.2398,6817.0,1307.0,107.7702,0.9711,1.4477,584.0,41.842,0.33,0.4963,958,1260,615,858,167.0345
12,103.7408,4,1430.9226,670.7451,11738.0,1600.0,202.6095,0.7256,2.9079,591.0,35.6693,0.5971,0.7477,1260,1566,615,858,167.0345
12,104.1414,1,396.7843,623.8976,6306.0,2822.0,162.439,0.9899,3.2053,547.0,44.3084,0.3335,0.5002,342,648,615,858,167.0345
12,104.1414,2,860.6113,676.2483,11728.0,2241.0,215.9124,0.8425,3.4472,575.0,33.727,0.5924,0.744,648,958,615,858,167.0345
12,104.1414,3,1083.4719,619.3583,16853.0,7950.0,166.8635,0.6562,1.4039,550.0,50.254,0.3233,0.4886,958,1260,615,858,167.0345
12,104.1414,4,1458.1199,658.5848,12087.0,1910.0,176.3356,0.6707,2.2639,584.0,45.673,0.4892,0.657,1260,1566,615,858,167.0345
12,104.5419,1,399.3583,646.1608,10801.0,3418.0,172.4591,0.9983,2.2936,549.0,33.7521,0.4956,0.6628,342,648,615,858,167.0345
12,104.5419,2,861.4528,668.4428,11601.0,2390.0,202.8255,0.8062,3.1732,568.0,29.7023,0.628,0.7715,648,958,615,858,167.0345
12,104.5419,3,1092.2939,669.3229,11980.0,1993.0,161.3622,0.9458,2.158,567.0,49.3417,0.2253,0.3677,958,1260,615,858,167.0345
12,104.5419,4,1486.281,653.0108,11930.0,2129.0,166.2658,0.632,1.9997,582.0,48.818,0.505,0.6711,1260,1566,615,858,167.0345
12,104.9425,1,424.5702,673.9511,12873.0,2422.0,212.7636,0.9139,2.8333,566.0,50.376,0.4013,0.5728,342,648,615,858,167.0345
12,104.9425,2,867.7299,679.2955,10808.0,1686.0,202.0973,0.8126,3.3144,577.0,44.8938,0.5114,0.6767,648,958,615,858,167.0345
12,104.9425,3,1104.3616,698.6851,10467.0,162.0,148.1045,0.8665,1.9616,607.0,44.2194,0.3256,0.4912,958,1260,615,858,167.0345
12,104.9425,4,1490.3945,672.7734,11655.0,1295.0,161.3604,0.6078,2.3558,610.0,41.9787,0.5447,0.7053,1260,1566,615,858,167.0345
12,105.343,1,429.7226,679.751,11017.0,2070.0,231.7893,0.816,4.2637,572.0,41.2195,0.5603,0.7182,342,648,615,858,167.0345
12,105.343,2,876.7078,676.1772,10274.0,2144.0,190.912,0.8787,3.3073,575.0,32.6464,0.6005,0.7504,648,958,615,858,167.0345
12,105.343,3,1117.6979,674.5947,10287.0,888.0,178.8477,0.798,2.7064,597.0,48.4493,0.304,0.4662,958,1260,615,858,167.0345
12,105.343,4,1494.8374,688.2691,11119.0,73.0,163.2519,0.688,2.1443,610.0,31.0222,0.575,0.7301,1260,1566,615,858,167.0345
12,105.7435,1,407.6589,667.8559,11849.0,3116.0,226.5611,0.9302,3.5783,541.0,53.5267,0.3828,0.5537,342,648,615,858,167.0345
12,105.7435,2,890.3707,658.7204,11447.0,3065.0,195.379,0.9382,2.8298,551.0,31.1149,0.6169,0.763,648,958,615,858,167.0345
12,105.7435,3,1085.2045,651.6022,11193.0,2171.0,200.5784,0.5662,3.1235,579.0,47.1321,0.476,0.645,958,1260,615,858,167.0345
12,105.7435,4,1495.404,678.4921,13765.0,1491.0,159.1152,0.7649,1.8464,610.0,24.4479,0.6539,0.7907,1260,1566,615,858,167.0345
12,106.1441,1,400.5518,695.3396,9136.0,1362.0,184.0983,0.9274,3.3856,593.0,56.7058,0.3493,0.5178,342,648,615,858,167.0345
12,106.1441,2,896.1654,662.5212,13270.0,3589.0,185.3771,0.9774,2.2552,556.0,31.9934,0.5821,0.7358,648,958,615,858,167.0345
12,106.1441,3,1053.1545,653.6047,10506.0,1714.0,178.0353,0.5431,2.8049,585.0,66.1264,0.3345,0.5013,958,1260,615,858,167.0345
12,106.1441,4,1500.6968,673.0532,13655.0,1383.0,147.3025,0.8987,1.454,610.0,31.3097,0.6362,0.7777,1260,1566,615,858,167.0345
12,106.5446,1,398.0086,699.2994,9746.0,1194.0,193.7253,0.9716,3.3689,591.0,33.6955,0.5295,0.6924,342,648,615,858,167.0345
12,106.5446,2,890.5407,690.8038,11091.0,631.0,166.8754,0.8652,2.2461,598.0,34.4154,0.4933,0.6606,648,958,615,858,167.0345
12,106.5446,3,1029.8429,646.1941,8970.0,2269.0,142.5867,0.7501,2.1389,573.0,44.9316,0.5082,0.674,958,1260,615,858,167.0345
12,106.5446,4,1487.798,662.0636,13074.0,1678.0,158.5493,0.5698,1.8685,612.0,48.4831,0.4339,0.6052,1260,1566,615,858,167.0345
12,106.9452,1,402.4148,668.2985,9277.0,2107.0,165.236,0.9972,2.6501,576.0,38.6101,0.4537,0.6242,342,648,615,858,167.0345
12,106.9452,2,890.8827,672.0188,11343.0,2081.0,161.6376,0.8665,2.3694,599.0,28.2327,0.5925,0.7441,648,958,615,858,167.0345
12,106.9452,3,1026.4312,650.8983,8385.0,2068.0,124.687,0.8502,1.7213,576.0,32.6563,0.5865,0.7394,958,1260,615,858,167.0345
12,106.9452,4,1435.0581,646.1318,13571.0,3189.0,231.6276,0.5418,3.1559,564.0,57.1623,0.3444,0.5124,1260,1566,615,858,167.0345
12,107.3457,1,413.0188,669.0849,11908.0,2511.0,175.1639,0.9843,2.2104,556.0,45.8095,0.345,0.513,342,648,615,858,167.0345
12,107.3457,2,891.1314,674.9337,11612.0,1901.0,165.1107,0.8279,2.449,601.0,19.9415,0.7483,0.856,648,958,615,858,167.0345
12,107.3457,3,1023.7645,647.8985,8987.0,2282.0,135.9515,0.8376,1.7806,571.0,28.8662,0.6717,0.8036,958,1260,615,858,167.0345
12,107.3457,4,1381.3593,641.1198,16049.0,5850.0,188.3619,0.7124,1.8394,561.0,57.6107,0.2568,0.4086,1260,1566,615,858,167.0345
12,107.7463,1,430.8584,663.6341,13335.0,3200.0,205.4479,0.9632,2.5095,555.0,47.0546,0.4205,0.592,342,648,615,858,167.0345
12,107.7463,2,893.2297,682.7939,11260.0,1243.0,177.4032,0.855,2.5585,599.0,23.9707,0.6503,0.7881,648,958,615,858,167.0345
12,107.7463,3,1030.3317,661.758,11125.0,2165.0,166.014,0.7703,2.3581,580.0,34.4971,0.5612,0.719,958,1260,615,858,167.0345
12,107.7463,4,1360.2372,654.108,13007.0,3100.0,145.4559,0.7169,1.79,599.0,42.9471,0.3778,0.5485,1260,1566,615,858,167.0345
12,108.1468,1,446.1219,694.5256,11331.0,1200.0,194.0704,0.947,2.9582,585.0,37.0171,0.562,0.7196,342,648,615,858,167.0345
12,108.1468,2,892.6153,669.0247,13156.0,2609.0,171.2828,0.9994,1.7609,561.0,37.4614,0.5432,0.704,648,958,615,858,167.0345
12,108.1468,3,1035.2546,665.8778,10669.0,2050.0,172.2633,0.7272,2.7086,584.0,27.8082,0.6925,0.8183,958,1260,615,858,167.0345
12,108.1468,4,1368.2998,665.5886,12485.0,2282.0,170.686,0.7821,2.3473,574.0,30.9568,0.5656,0.7225,1260,1566,615,858,167.0345
12,108.5474,1,448.6419,683.5332,12425.0,1639.0,183.7189,0.973,2.3477,574.0,47.8245,0.3743,0.5447,342,648,615,858,167.0345
12,108.5474,2,884.5511,644.179,10800.0,2825.0,144.8998,0.9119,1.5239,560.0,46.1839,0.4739,0.643,648,958,615,858,167.0345
12,108.5474,3,1017.058,667.9115,7918.0,1223.0,101.8747,0.8831,1.5544,608.0,42.3645,0.3953,0.5666,958,1260,615,858,167.0345
12,108.5474,4,1357.8581,672.697,10092.0,1610.0,177.1373,0.8526,2.741,570.0,31.4671,0.5172,0.6818,1260,1566,615,858,167.0345
12,108.9479,1,462.9401,664.0309,14196.0,3953.0,199.7876,0.9814,2.4041,547.0,35.8725,0.5341,0.6963,342,648,615,858,167.0345
12,108.9479,2,871.9399,649.0872,11697.0,2783.0,153.8184,0.9058,1.6459,561.0,37.5889,0.6113,0.7588,648,958,615,858,167.0345
12,108.9479,3,1013.7199,659.0062,6663.0,1009.0,87.3777,0.8567,1.2067,596.0,37.2197,0.3639,0.5336,958,1260,615,858,167.0345
12,108.9479,4,1350.3296,677.5817,8787.0,1074.0,160.7237,0.8437,2.7039,580.0,32.5141,0.5528,0.712,1260,1566,615,858,167.0345
12,109.3484,1,467.6777,694.9982,14202.0,1777.0,192.1026,0.9972,2.1519,586.0,40.7132,0.4736,0.6428,342,648,615,858,167.0345
12,109.3484,2,863.7555,660.6467,13797.0,2705.0,181.4593,0.8029,2.0115,564.0,41.3696,0.5628,0.7202,648,958,615,858,167.0345
12,109.3484,3,1037.5254,651.4506,7291.0,761.0,106.4251,0.6692,1.3673,598.0,39.3346,0.3695,0.5396,958,1260,615,858,167.0345
12,109.3484,4,1346.2001,678.2471,9079.0,1509.0,160.9432,0.8732,2.8187,584.0,23.1262,0.5899,0.7421,1260,1566,615,858,167.0345
12,109.749,1,467.5257,684.2246,13079.0,1613.0,208.933,0.8632,2.8455,582.0,43.5881,0.4823,0.6507,342,648,615,858,167.0345
12,109.749,2,846.9041,663.2914,14281.0,2875.0,186.7338,0.8732,2.0462,559.0,42.4659,0.5313,0.6939,648,958,615,858,167.0345
12,109.749,3,1049.6502,659.9922,7905.0,627.0,114.2141,0.7532,1.4879,602.0,37.9521,0.4775,0.6464,958,1260,615,858,167.0345
12,109.749,4,1344.1463,687.642,9533.0,1115.0,172.702,0.8843,2.935,588.0,22.2881,0.6048,0.7537,1260,1566,615,858,167.0345
12,110.1495,1,443.455,656.5979,12412.0,3720.0,235.6533,0.8268,3.801,547.0,42.3319,0.5483,0.7082,342,648,615,858,167.0345
12,110.1495,2,830.8485,663.0229,14653.0,2891.0,189.4114,0.857,2.0676,559.0,39.0206,0.5529,0.7121,648,958,615,858,167.0345
12,110.1495,3,1059.0117,683.9608,9740.0,501.0,133.7255,0.8089,1.8057,601.0,34.6342,0.4788,0.6475,958,1260,615,858,167.0345
12,110.1495,4,1340.3713,674.6519,9357.0,1748.0,181.0481,0.9343,3.0265,575.0,27.3497,0.647,0.7857,1260,1566,615,858,167.0345
12,110.5501,1,429.7816,670.93,12397.0,2886.0,231.5253,0.8587,3.7565,551.0,52.7897,0.4222,0.5937,342,648,615,858,167.0345
12,110.5501,2,817.9068,675.967,14724.0,2389.0,180.9336,0.9421,1.9371,562.0,33.9724,0.5679,0.7244,648,958,615,858,167.0345
12,110.5501,3,1070.5536,683.8235,9196.0,588.0,141.2816,0.965,1.993,593.0,34.5526,0.4711,0.6405,958,1260,615,858,167.0345
12,110.5501,4,1335.0558,650.1257,8298.0,2066.0,140.6612,0.9886,1.9117,562.0,39.2888,0.466,0.6357,1260,1566,615,858,167.0345
12,110.9506,1,420.7444,679.8673,11557.0,1958.0,232.6183,0.8283,3.7931,571.0,45.8392,0.5008,0.6674,342,648,615,858,167.0345
12,110.9506,2,805.4929,672.4933,14554.0,2457.0,178.6638,0.9742,1.8403,562.0,27.0717,0.645,0.7842,648,958,615,858,167.0345
12,110.9506,3,1080.7058,682.5633,10292.0,984.0,153.8807,0.9968,2.11,580.0,29.2462,0.5854,0.7385,958,1260,615,858,167.0345
12,110.9506,4,1346.4029,656.6573,11837.0,2753.0,167.2094,0.9395,2.0444,557.0,45.731,0.5017,0.6682,1260,1566,615,858,167.0345
12,111.3512,1,410.2524,681.2822,9587.0,1768.0,166.5884,0.9032,2.6727,590.0,49.6311,0.4485,0.6193,342,648,615,858,167.0345
12,111.3512,2,798.8569,671.9605,15028.0,2652.0,179.5534,0.9994,1.8209,555.0,31.2147,0.657,0.793,648,958,615,858,167.0345
12,111.3512,3,1087.7337,691.9402,10928.0,831.0,163.8361,0.9927,2.2077,587.0,27.2096,0.6282,0.7716,958,1260,615,858,167.0345
12,111.3512,4,1359.1044,684.5422,12381.0,1743.0,166.1431,0.8261,2.3274,596.0,33.4671,0.5439,0.7046,1260,1566,615,858,167.0345
12,111.7517,1,402.7218,676.8028,7598.0,1245.0,168.9383,0.9708,3.384,580.0,37.9577,0.4863,0.6544,342,648,615,858,167.0345
12,111.7517,2,801.4313,665.4516,14608.0,2816.0,179.3295,0.9999,1.8223,552.0,18.6467,0.7852,0.8797,648,958,615,858,167.0345
12,111.7517,3,1095.5914,695.1128,11730.0,992.0,173.8853,0.9854,2.3012,585.0,32.3159,0.5704,0.7265,958,1260,615,858,167.0345
12,111.7517,4,1340.7494,683.378,9858.0,1417.0,143.6974,0.8872,2.2115,602.0,43.1449,0.4277,0.5991,1260,1566,615,858,167.0345
12,112.1522,1,402.1704,681.6504,12004.0,1765.0,157.1903,0.9963,1.8933,578.0,43.084,0.3498,0.5183,342,648,615,858,167.0345
12,112.1522,2,799.6866,667.8599,15051.0,2884.0,186.7916,0.9719,1.9605,551.0,29.4461,0.6538,0.7907,648,958,615,858,167.0345
12,112.1522,3,1113.8071,681.8835,12636.0,1699.0,185.4745,0.932,2.5505,578.0,39.8583,0.4566,0.6269,958,1260,615,858,167.0345
12,112.1522,4,1321.3856,686.7897,8011.0,1084.0,129.7913,0.991,2.4089,603.0,36.1682,0.4625,0.6325,1260,1566,615,858,167.0345
12,112.5528,1,425.602,659.8718,11205.0,2691.0,187.7131,0.9958,2.5077,555.0,38.7463,0.4846,0.6529,342,648,615,858,167.0345
12,112.5528,2,807.3997,666.7747,14724.0,3324.0,197.012,0.8973,2.2746,547.0,39.6018,0.5139,0.6789,648,958,615,858,167.0345
12,112.5528,3,1142.2201,673.3596,12007.0,1800.0,208.5338,0.7904,3.2831,572.0,53.1499,0.3275,0.4934,958,1260,615,858,167.0345
12,112.5528,4,1325.1114,657.3986,7665.0,1677.0,136.3341,0.9923,2.264,596.0,30.0406,0.5955,0.7465,1260,1566,615,858,167.0345
12,112.9533,1,436.4362,682.3036,13007.0,2111.0,195.7529,0.9982,2.4763,566.0,41.7341,0.4787,0.6474,342,648,615,858,167.0345
12,112.9533,2,834.8503,660.836,14812.0,3261.0,179.5005,0.7332,2.2086,601.0,43.7768,0.451,0.6216,648,958,615,858,167.0345
12,112.9533,3,1164.55,682.149,10931.0,1482.0,195.0265,0.9291,3.0319,571.0,51.9945,0.3549,0.5238,958,1260,615,858,167.0345
12,112.9533,4,1335.1985,683.3556,7906.0,1197.0,145.4945,0.9461,2.9172,606.0,30.1927,0.5563,0.7149,1260,1566,615,858,167.0345
12,113.3539,1,458.9849,685.9079,13672.0,1944.0,184.3338,0.9691,2.1614,575.0,46.6597,0.4039,0.5754,342,648,615,858,167.0345
12,113.3539,2,856.2908,675.6071,15680.0,2570.0,189.7869,0.9408,1.8726,562.0,52.0731,0.4233,0.5948,648,958,615,858,167.0345
12,113.3539,3,1170.8352,686.3377,10142.0,430.0,156.1147,0.9778,2.0275,600.0,42.6102,0.4111,0.5826,958,1260,615,858,167.0345
12,113.3539,4,1338.399,690.0298,9469.0,591.0,142.337,0.9937,2.1169,608.0,30.5684,0.5056,0.6717,1260,1566,615,858,167.0345
12,113.7544,1,487.2326,666.9183,12965.0,2742.0,209.4146,0.8178,2.9117,566.0,52.26,0.3567,0.5258,342,648,615,858,167.0345
12,113.7544,2,877.8042,671.2373,15400.0,2921.0,189.2245,0.9447,1.8494,563.0,39.1438,0.5247,0.6883,648,958,615,858,167.0345
12,113.7544,3,1142.5917,661.2301,9865.0,1429.0,174.0221,0.7959,2.6261,579.0,51.6999,0.3465,0.5147,958,1260,615,858,167.0345
12,113.7544,4,1363.3638,660.0665,10557.0,1710.0,187.5706,0.8334,2.6619,569.0,40.4921,0.3525,0.5212,1260,1566,615,858,167.0345
12,114.155,1,516.0964,664.3866,12215.0,3226.0,226.6198,0.8716,3.6474,549.0,58.2008,0.3399,0.5074,342,648,615,858,167.0345
12,114.155,2,888.82,667.415,15043.0,3174.0,159.0673,0.8948,1.7,598.0,33.0685,0.6033,0.7526,648,958,615,858,167.0345
12,114.155,3,1105.9631,662.3837,11222.0,2007.0,191.0327,0.8624,2.7776,559.0,69.5088,0.2291,0.3727,958,1260,615,858,167.0345
12,114.155,4,1391.5515,668.2653,11371.0,1146.0,181.5011,0.6951,2.4537,592.0,49.5502,0.3341,0.5009,1260,1566,615,858,167.0345
12,114.5555,1,531.719,682.8264,12144.0,1908.0,215.6389,0.8972,3.2977,578.0,51.8771,0.3769,0.5475,342,648,615,858,167.0345
12,114.5555,2,894.7112,669.5648,14843.0,2744.0,159.9632,0.9099,1.6439,599.0,23.039,0.7255,0.8409,648,958,615,858,167.0345
12,114.5555,3,1079.6364,690.9848,11375.0,1056.0,205.7628,0.8375,3.3388,591.0,67.5529,0.1946,0.3258,958,1260,615,858,167.0345
12,114.5555,4,1421.3735,668.9546,12139.0,1466.0,187.7096,0.6856,2.5799,587.0,48.6759,0.3795,0.5502,1260,1566,615,858,167.0345
12,114.9561,1,546.0073,686.0869,10776.0,1707.0,228.3907,0.867,4.127,576.0,46.79,0.4676,0.6373,342,648,615,858,167.0345
12,114.9561,2,897.5844,679.6113,15402.0,2418.0,167.9238,0.9675,1.7105,600.0,24.076,0.7371,0.8487,648,958,615,858,167.0345
12,114.9561,3,1056.3703,677.4238,11222.0,1619.0,202.5049,0.8765,3.2841,572.0,46.0238,0.4713,0.6406,958,1260,615,858,167.0345
12,114.9561,4,1454.5479,663.8477,11986.0,1591.0,188.2264,0.6218,2.7068,590.0,48.2314,0.3987,0.5701,1260,1566,615,858,167.0345
12,115.3566,1,563.5509,656.0313,9485.0,2715.0,219.0332,0.8694,4.3031,549.0,37.6516,0.5445,0.7051,342,648,615,858,167.0345
12,115.3566,2,895.1771,657.9627,13928.0,3309.0,175.1005,0.9861,1.691,547.0,30.15,0.6741,0.8053,648,958,615,858,167.0345
12,115.3566,3,1036.4774,672.7487,10548.0,2115.0,203.1363,0.9284,3.459,559.0,49.6088,0.4216,0.5931,958,1260,615,858,167.0345
12,115.3566,4,1479.9679,669.1402,11452.0,1574.0,159.6023,0.736,2.164,587.0,43.4973,0.3985,0.5699,1260,1566,615,858,167.0345
12,115.7571,1,567.6286,674.1067,6534.0,1258.0,127.5039,0.9058,2.8988,605.0,45.0354,0.3893,0.5605,342,648,615,858,167.0345
12,115.7571,2,887.1759,656.1744,13881.0,3315.0,166.6963,0.9693,1.5592,550.0,31.0233,0.6581,0.7938,648,958,615,858,167.0345
12,115.7571,3,1034.2044,706.153,10269.0,589.0,190.7653,0.8593,3.2021,606.0,51.3359,0.4052,0.5767,958,1260,615,858,167.0345
12,115.7571,4,1488.7701,680.4933,10963.0,782.0,165.5718,0.737,2.2541,593.0,30.2127,0.5795,0.7338,1260,1566,615,858,167.0345
12,116.1577,1,563.7899,659.5032,6327.0,1267.0,156.882,0.9662,3.3297,584.0,32.0085,0.4615,0.6315,342,648,615,858,167.0345
12,116.1577,2,875.7128,673.1492,14956.0,2261.0,181.3549,0.9824,1.8338,564.0,40.8179,0.5573,0.7157,648,958,615,858,167.0345
12,116.1577,3,1024.6316,659.2908,8967.0,1678.0,158.0129,0.9495,2.2479,581.0,56.183,0.2945,0.455,958,1260,615,858,167.0345
12,116.1577,4,1490.2582,692.9778,11547.0,553.0,176.5086,0.802,2.491,600.0,31.5492,0.5864,0.7393,1260,1566,615,858,167.0345
12,116.5582,1,559.9574,640.7308,8491.0,2602.0,132.6357,1.0,1.7842,584.0,34.983,0.4589,0.6291,342,648,615,858,167.0345
12,116.5582,2,866.7217,672.9524,15349.0,2353.0,184.2199,0.9179,1.9027,563.0,29.169,0.6892,0.816,648,958,615,858,167.0345
12,116.5582,3,1070.0088,655.3561,9850.0,1500.0,161.0049,0.7821,2.2116,576.0,53.8281,0.1814,0.3071,958,1260,615,858,167.0345
12,116.5582,4,1490.8375,690.2881,11701.0,1041.0,189.5549,0.8587,2.7848,590.0,24.6242,0.7209,0.8378,1260,1566,615,858,167.0345
12,116.9588,1,546.8653,656.9787,10731.0,2159.0,173.5363,0.9597,2.1857,564.0,40.5108,0.4644,0.6343,342,648,615,858,167.0345
12,116.9588,2,845.8726,655.5965,14469.0,3562.0,187.9894,0.8372,2.1215,541.0,47.7412,0.4252,0.5967,648,958,615,858,167.0345
12,116.9588,3,1101.2591,667.4478,11525.0,1666.0,180.3222,0.8039,2.5439,584.0,50.1076,0.29,0.4496,958,1260,615,858,167.0345
12,116.9588,4,1497.1232,675.2897,12057.0,1709.0,168.1992,0.9881,1.9709,571.0,42.9074,0.5298,0.6927,1260,1566,615,858,167.0345
12,117.3593,1,538.8248,680.8463,11844.0,1734.0,189.3285,1.0,2.5229,570.0,35.8622,0.5358,0.6978,342,648,615,858,167.0345
12,117.3593,2,823.1598,672.2445,14835.0,2459.0,172.969,0.9629,1.8143,560.0,49.8788,0.4211,0.5926,648,958,615,858,167.0345
12,117.3593,3,1124.455,673.4933,11443.0,1771.0,197.8825,0.8048,3.0177,572.0,51.6012,0.3652,0.535,958,1260,615,858,167.0345
12,117.3593,4,1502.3578,672.6794,11264.0,1283.0,158.3186,0.9947,1.7255,578.0,29.2294,0.6874,0.8147,1260,1566,615,858,167.0345
12,117.7599,1,532.634,676.5121,13723.0,2589.0,221.2659,0.8896,2.9877,573.0,43.5865,0.4339,0.6052,342,648,615,858,167.0345
12,117.7599,2,809.5595,677.2019,14402.0,2195.0,183.7151,0.9978,1.9706,565.0,38.2611,0.5559,0.7146,648,958,615,858,167.0345
12,117.7599,3,1147.23,679.6327,11298.0,1718.0,209.3441,0.8462,3.3577,570.0,50.8592,0.3649,0.5347,958,1260,615,858,167.0345
12,117.7599,4,1504.71,664.8008,11574.0,1559.0,137.3586,0.9452,1.3016,574.0,31.8768,0.6363,0.7777,1260,1566,615,858,167.0345
12,118.1604,1,543.9364,676.7339,11942.0,2492.0,227.81,0.8233,3.7946,567.0,39.7669,0.5879,0.7405,342,648,615,858,167.0345
12,118.1604,2,804.4052,670.4565,15006.0,2898.0,181.9777,1.0,1.9098,550.0,25.7638,0.7089,0.8296,648,958,615,858,167.0345
12,118.1604,3,1161.5837,691.9157,10997.0,1062.0,188.7315,0.9032,2.8809,589.0,45.2061,0.4306,0.602,958,1260,615,858,167.0345
12,118.1604,4,1497.7055,666.1009,12414.0,1408.0,135.8626,0.9708,1.1488,574.0,30.6824,0.6582,0.7939,1260,1566,615,858,167.0345
12,118.5609,1,567.9586,664.3202,10472.0,2756.0,230.4497,0.8911,4.0801,540.0,53.5839,0.3842,0.5551,342,648,615,858,167.0345
12,118.5609,2,809.3339,669.8367,14756.0,2628.0,176.9243,0.9796,1.8305,559.0,31.1908,0.6507,0.7884,648,958,615,858,167.0345
12,118.5609,3,1170.0505,684.95,10723.0,1314.0,206.5583,0.8529,3.4875,585.0,32.2165,0.6618,0.7965,958,1260,615,858,167.0345
12,118.5609,4,1487.8589,672.5747,13151.0,1279.0,151.2611,0.9333,1.4466,577.0,36.6091,0.5808,0.7348,1260,1566,615,858,167.0345
12,118.9615,1,574.8078,685.9691,8215.0,1539.0,204.6423,0.9369,4.5924,571.0,47.622,0.3936,0.5649,342,648,615,858,167.0345
12,118.9615,2,821.1601,668.0173,14288.0,2594.0,172.6889,0.9882,1.7668,560.0,32.2735,0.6157,0.7622,648,958,615,858,167.0345
12,118.9615,3,1182.3642,669.0117,11270.0,2219.0,191.7401,0.8764,2.9662,565.0,39.4853,0.5852,0.7383,958,1260,615,858,167.0345
12,118.9615,4,1477.235,679.5062,14110.0,1334.0,149.847,0.9072,1.4713,600.0,33.214,0.6266,0.7704,1260,1566,615,858,167.0345
12,119.362,1,579.7833,657.4246,4771.0,790.0,117.0821,0.9567,2.6574,607.0,40.1997,0.4013,0.5728,342,648,615,858,167.0345
12,119.362,2,833.0287,668.394,14113.0,2387.0,172.5293,0.9987,1.7651,561.0,31.3793,0.669,0.8017,648,958,615,858,167.0345
12,119.362,3,1197.0494,670.4942,10476.0,2269.0,176.2505,0.9767,2.5547,561.0,47.2599,0.4637,0.6336,958,1260,615,858,167.0345
12,119.362,4,1464.7626,675.3109,14238.0,1532.0,166.1822,0.7901,1.7532,601.0,31.7757,0.6569,0.7929,1260,1566,615,858,167.0345
12,119.7626,1,575.0033,648.374,7478.0,2286.0,138.2481,0.9912,2.6858,594.0,28.3589,0.5218,0.6858,342,648,615,858,167.0345
12,119.7626,2,848.3266,666.0063,14133.0,2563.0,169.0626,0.9974,1.654,562.0,38.4645,0.5801,0.7343,648,958,615,858,167.0345
12,119.7626,3,1182.5832,687.7518,11984.0,1677.0,156.1975,0.8374,2.2563,610.0,32.7759,0.5618,0.7194,958,1260,615,858,167.0345
12,119.7626,4,1432.2913,655.453,13173.0,2571.0,232.5608,0.6192,3.4122,572.0,46.7956,0.4234,0.5949,1260,1566,615,858,167.0345
12,120.1631,1,566.6233,672.6033,10502.0,1752.0,176.7855,0.9748,2.4896,570.0,38.4273,0.4013,0.5727,342,648,615,858,167.0345
12,120.1631,2,868.8861,666.5902,15815.0,3130.0,180.9134,0.9017,1.6464,560.0,38.5559,0.5249,0.6885,648,958,615,858,167.0345
12,120.1631,3,1177.3993,680.05,12339.0,1843.0,173.3085,0.7359,2.5967,609.0,34.4823,0.5733,0.7288,958,1260,615,858,167.0345
12,120.1631,4,1386.7166,648.9868,11857.0,2499.0,177.4448,0.5234,2.428,574.0,55.1749,0.3242,0.4897,1260,1566,615,858,167.0345
12,120.5637,1,544.1636,669.9442,11643.0,2099.0,173.1047,0.979,2.1277,564.0,43.9669,0.3813,0.5521,342,648,615,858,167.0345
12,120.5637,2,871.8129,664.066,13546.0,2809.0,175.9717,0.7163,2.3029,599.0,29.3427,0.6208,0.7661,648,958,615,858,167.0345
12,120.5637,3,1177.6542,673.5527,9938.0,1395.0,174.1436,0.7853,2.6251,581.0,40.156,0.5455,0.7059,958,1260,615,858,167.0345
12,120.5637,4,1364.3951,668.6565,10523.0,1788.0,152.5898,0.8019,2.1331,574.0,50.6157,0.2773,0.4341,1260,1566,615,858,167.0345
12,120.9642,1,524.983,669.1418,12901.0,2581.0,193.2768,0.9684,2.4171,556.0,42.5591,0.4691,0.6386,342,648,615,858,167.0345
12,120.9642,2,876.3307,667.0945,12217.0,2333.0,151.4051,0.8189,2.1635,600.0,29.2722,0.596,0.7469,648,958,615,858,167.0345
12,120.9642,3,1200.103,651.3967,6650.0,961.0,103.5493,0.9553,1.4802,586.0,43.44,0.4126,0.5842,958,1260,615,858,167.0345
12,120.9642,4,1344.6484,681.3208,8381.0,702.0,130.7821,0.7659,2.1224,609.0,38.7725,0.4141,0.5857,1260,1566,615,858,167.0345
12,121.3648,1,509.6366,690.4098,13994.0,1621.0,202.1058,0.9509,2.4782,576.0,41.82,0.4591,0.6293,342,648,615,858,167.0345
12,121.3648,2,880.9492,655.458,9320.0,2177.0,154.4213,0.9323,2.3399,571.0,25.0534,0.6351,0.7768,648,958,615,858,167.0345
12,121.3648,3,1184.5094,651.5525,6708.0,919.0,106.9264,1.0,1.4358,589.0,34.8012,0.4977,0.6646,958,1260,615,858,167.0345
12,121.3648,4,1334.4404,679.7545,7421.0,935.0,129.1308,0.9945,2.3489,594.0,37.5772,0.387,0.558,1260,1566,615,858,167.0345
12,121.7653,1,490.2544,685.1719,13147.0,1680.0,201.1198,0.9035,2.607,575.0,50.4995,0.3841,0.555,342,648,615,858,167.0345
12,121.7653,2,894.4652,644.9411,6977.0,1577.0,128.5097,0.9443,1.8989,577.0,24.3948,0.6362,0.7777,648,958,615,858,167.0345
12,121.7653,3,1168.3078,671.4515,6955.0,204.0,110.3487,0.9941,1.545,607.0,41.9207,0.4552,0.6256,958,1260,615,858,167.0345
12,121.7653,4,1351.3702,653.6116,9807.0,1814.0,117.0229,0.9548,1.295,607.0,34.9363,0.4205,0.5921,1260,1566,615,858,167.0345
12,122.1658,1,464.4238,675.4097,12247.0,1963.0,190.6732,0.9301,2.4173,578.0,54.423,0.3049,0.4674,342,648,615,858,167.0345
12,122.1658,2,893.0423,648.5826,8112.0,1743.0,136.4862,0.9891,1.8347,581.0,27.1104,0.6122,0.7595,648,958,615,858,167.0345
12,122.1658,3,1155.7152,677.5305,8648.0,461.0,123.7946,0.9999,1.6234,601.0,39.9557,0.5203,0.6845,958,1260,615,858,167.0345
12,122.1658,4,1383.4387,658.3192,9352.0,1673.0,139.377,0.983,1.7602,578.0,38.4264,0.3433,0.5111,1260,1566,615,858,167.0345
12,122.5664,1,486.2639,660.7513,12708.0,2963.0,213.2015,0.8194,2.9333,570.0,41.7541,0.5134,0.6785,342,648,615,858,167.0345
12,122.5664,2,862.1187,643.1088,9201.0,2128.0,161.8381,0.6919,2.2726,581.0,49.9217,0.3794,0.5501,648,958,615,858,167.0345
12,122.5664,3,1141.5161,675.7412,12506.0,1300.0,189.6023,0.7423,2.6266,591.0,45.9726,0.3628,0.5324,958,1260,615,858,167.0345
12,122.5664,4,1409.5754,663.5045,11132.0,1340.0,172.6055,0.6753,2.2998,592.0,45.5427,0.3596,0.529,1260,1566,615,858,167.0345
12,122.9669,1,503.0233,671.9805,13163.0,2691.0,228.9017,0.7976,3.4197,563.0,53.4922,0.4349,0.6062,342,648,615,858,167.0345
12,122.9669,2,828.7755,652.3776,10388.0,2009.0,169.1413,0.6857,2.3887,582.0,65.3538,0.2853,0.4439,648,958,615,858,167.0345
12,122.9669,3,1153.1922,666.2007,11119.0,1255.0,192.3845,0.6242,2.9519,594.0,38.0061,0.5669,0.7236,958,1260,615,858,167.0345
12,122.9669,4,1450.2974,655.8139,11169.0,1439.0,177.5246,0.5872,2.4071,591.0,60.3153,0.3347,0.5016,1260,1566,615,858,167.0345
12,123.3675,1,525.0604,685.6936,12581.0,2026.0,241.2112,0.9444,3.6886,563.0,53.316,0.35,0.5186,342,648,615,858,167.0345
12,123.3675,2,805.3491,671.6914,11690.0,1723.0,172.2151,0.8038,2.3017,581.0,56.6843,0.3172,0.4817,648,958,615,858,167.0345
12,123.3675,3,1170.9133,663.5788,10199.0,1424.0,162.0596,0.6917,2.3556,589.0,41.6122,0.5654,0.7224,958,1260,615,858,167.0345
12,123.3675,4,1478.6721,668.8029,13116.0,2151.0,189.2246,0.7977,2.4549,573.0,65.7115,0.2905,0.4502,1260,1566,615,858,167.0345
12,123.768,1,537.1285,686.7934,11792.0,1240.0,182.0412,0.9755,2.3425,587.0,45.8973,0.3865,0.5575,342,648,615,858,167.0345
12,123.768,2,782.7276,673.633,11452.0,1710.0,177.7054,0.8711,2.4479,581.0,44.1819,0.4441,0.6151,648,958,615,858,167.0345
12,123.768,3,1181.7023,662.9665,9837.0,1687.0,144.6034,0.8099,2.0018,582.0,34.1345,0.5759,0.7309,958,1260,615,858,167.0345
12,123.768,4,1497.8256,675.5968,11932.0,1598.0,165.3995,0.6888,2.387,608.0,49.2812,0.4436,0.6146,1260,1566,615,858,167.0345
12,124.1686,1,522.631,677.527,11652.0,1777.0,193.0577,0.8838,2.7802,577.0,38.3079,0.5475,0.7076,342,648,615,858,167.0345
12,124.1686,2,774.5716,670.5553,11208.0,1888.0,179.008,0.8617,2.5537,582.0,28.399,0.6905,0.8169,648,958,615,858,167.0345
12,124.1686,3,1180.2482,662.6073,9165.0,1515.0,127.6289,0.9007,1.5994,583.0,28.8829,0.6255,0.7696,958,1260,615,858,167.0345
12,124.1686,4,1501.3686,684.1226,12370.0,1292.0,160.3629,0.7781,2.0633,611.0,27.4822,0.6325,0.7749,1260,1566,615,858,167.0345
12,124.5691,1,494.7669,664.3026,12629.0,2656.0,205.031,0.8636,2.8254,559.0,52.4433,0.4047,0.5763,342,648,615,858,167.0345
12,124.5691,2,770.2692,657.1249,11245.0,2722.0,185.2179,0.8079,2.7709,574.0,26.4228,0.6978,0.822,648,958,615,858,167.0345
12,124.5691,3,1184.0959,658.4229,9923.0,1884.0,132.6988,0.9696,1.4323,571.0,28.2811,0.6392,0.7799,958,1260,615,858,167.0345
12,124.5691,4,1500.5437,675.2329,13474.0,1572.0,169.8352,0.9019,1.7832,578.0,29.1781,0.6215,0.7666,1260,1566,615,858,167.0345
12,124.9696,1,476.1808,679.9734,12779.0,2073.0,214.8235,0.8673,3.1072,572.0,54.7616,0.3506,0.5192,342,648,615,858,167.0345
12,124.9696,2,772.0424,659.547,12120.0,2731.0,182.7091,0.713,2.6094,577.0,28.39,0.6473,0.7859,648,958,615,858,167.0345
12,124.9696,3,1172.2201,661.8493,11170.0,1764.0,136.4129,0.8948,1.3012,576.0,37.334,0.5812,0.7351,958,1260,615,858,167.0345
12,124.9696,4,1499.9961,672.1561,13324.0,1420.0,164.7159,0.9763,1.5923,576.0,37.1682,0.5596,0.7176,1260,1566,615,858,167.0345
12,125.3702,1,456.9059,686.3372,13302.0,1970.0,225.6295,0.8613,3.3212,577.0,49.1803,0.4259,0.5974,342,648,615,858,167.0345
12,125.3702,2,758.1218,660.5886,10999.0,2366.0,167.7765,0.7619,2.5145,579.0,30.3902,0.5772,0.732,648,958,615,858,167.0345
12,125.3702,3,1166.3588,662.4019,12112.0,1768.0,147.6236,0.8058,1.4264,574.0,31.3644,0.664,0.798,958,1260,615,858,167.0345
12,125.3702,4,1477.4944,652.4423,12322.0,1919.0,169.3503,0.4904,2.1937,611.0,52.6178,0.4331,0.6044,1260,1566,615,858,167.0345
12,125.7707,1,432.1602,675.2662,12369.0,2270.0,221.7459,0.7975,3.5096,566.0,50.5755,0.4253,0.5968,342,648,615,858,167.0345
12,125.7707,2,743.9032,652.992,9691.0,2452.0,154.7544,0.8349,2.3397,575.0,32.342,0.5875,0.7402,648,958,615,858,167.0345
12,125.7707,3,1160.7912,664.5383,12677.0,2014.0,140.4564,0.9997,1.2683,568.0,28.4385,0.6766,0.8071,958,1260,615,858,167.0345
12,125.7707,4,1429.7985,646.3737,12796.0,2952.0,191.7061,0.4639,2.8035,589.0,63.0498,0.3279,0.4939,1260,1566,615,858,167.0345
12,126.1713,1,412.7563,672.6327,11941.0,2939.0,228.5559,0.9238,3.5955,548.0,57.6499,0.4065,0.578,342,648,615,858,167.0345
12,126.1713,2,731.2075,658.5622,9317.0,2119.0,155.797,0.9274,2.3591,575.0,25.0821,0.6058,0.7545,648,958,615,858,167.0345
12,126.1713,3,1142.8876,655.7266,11759.0,2193.0,150.3553,0.8881,1.6956,565.0,43.8919,0.457,0.6274,958,1260,615,858,167.0345
12,126.1713,4,1397.3017,651.7644,13588.0,2908.0,191.2407,0.5564,2.2519,571.0,52.8463,0.3881,0.5592,1260,1566,615,858,167.0345
12,126.5718,1,401.8013,693.2955,10560.0,1153.0,192.2251,0.9547,3.2469,593.0,48.5304,0.415,0.5866,342,648,615,858,167.0345
12,126.5718,2,729.6678,672.6166,10149.0,1594.0,141.3287,0.9782,1.8504,586.0,23.5919,0.6277,0.7713,648,958,615,858,167.0345
12,126.5718,3,1114.8419,652.4866,11788.0,2197.0,149.3023,0.7145,1.6027,571.0,52.5591,0.4015,0.573,958,1260,615,858,167.0345
12,126.5718,4,1380.3796,655.8751,13515.0,3044.0,174.5856,0.6531,1.9489,572.0,45.3354,0.5024,0.6688,1260,1566,615,858,167.0345
12,126.9724,1,412.7136,668.5081,10299.0,1442.0,163.3897,0.9976,2.0342,579.0,49.7283,0.4028,0.5742,342,648,615,858,167.0345
12,126.9724,2,735.6519,665.2053,9957.0,1655.0,155.7564,0.9728,2.1061,585.0,25.1097,0.6441,0.7835,648,958,615,858,167.0345
12,126.9724,3,1088.7308,648.9653,12862.0,3095.0,175.7606,0.6156,1.9689,563.0,45.1801,0.3912,0.5624,958,1260,615,858,167.0345
12,126.9724,4,1363.5145,663.2162,12454.0,2353.0,168.4869,0.7692,2.0425,572.0,36.7036,0.5184,0.6828,1260,1566,615,858,167.0345
12,127.3729,1,452.2671,642.5377,10397.0,2938.0,183.7539,0.7742,2.5876,565.0,53.4956,0.3011,0.4629,342,648,615,858,167.0345
12,127.3729,2,739.774,656.9212,10791.0,2340.0,163.7844,0.9141,2.1607,580.0,30.0103,0.6638,0.798,648,958,615,858,167.0345
12,127.3729,3,1068.8704,654.7649,13452.0,2592.0,182.099,0.4565,2.4796,605.0,42.6796,0.4666,0.6363,958,1260,615,858,167.0345
12,127.3729,4,1352.2565,667.7714,10912.0,1627.0,168.4904,0.9053,2.129,571.0,33.5631,0.553,0.7121,1260,1566,615,858,167.0345
12,127.7735,1,489.7062,655.9705,11579.0,2597.0,206.9226,0.7779,3.0809,561.0,75.211,0.1823,0.3084,342,648,615,858,167.0345
12,127.7735,2,742.913,659.4356,10625.0,2648.0,172.7421,0.9207,2.4934,563.0,22.2484,0.7413,0.8514,648,958,615,858,167.0345
12,127.7735,3,1051.2915,651.4892,12789.0,2976.0,162.7946,0.6747,1.792,570.0,33.1357,0.5756,0.7306,958,1260,615,858,167.0345
12,127.7735,4,1337.691,669.7785,8865.0,807.0,127.9021,0.9085,1.7196,605.0,35.8437,0.5127,0.6779,1260,1566,615,858,167.0345
12,128.174,1,516.3761,670.7828,13201.0,3048.0,233.1689,0.8583,3.4741,557.0,61.5569,0.2802,0.4377,342,648,615,858,167.0345
12,128.174,2,742.2901,671.2644,10040.0,1910.0,159.2062,0.9229,2.449,581.0,25.666,0.6698,0.8022,648,958,615,858,167.0345
12,128.174,3,1047.8259,658.0746,11240.0,2188.0,138.7105,0.7954,1.3493,572.0,36.4245,0.5595,0.7175,958,1260,615,858,167.0345
12,128.174,4,1351.9894,639.1695,9848.0,2266.0,130.9346,0.5582,1.5586,602.0,44.831,0.4333,0.6046,1260,1566,615,858,167.0345
12,128.5745,1,532.1007,678.725,11048.0,1905.0,214.6499,0.8461,3.6692,572.0,47.1825,0.4333,0.6046,342,648,615,858,167.0345
12,128.5745,2,740.8072,671.8713,10628.0,1662.0,172.971,0.9749,2.405,574.0,24.6188,0.6792,0.809,648,958,615,858,167.0345
12,128.5745,3,1042.7513,642.7645,11051.0,3013.0,170.1733,0.5957,2.2134,569.0,48.0199,0.3609,0.5304,958,1260,615,858,167.0345
12,128.5745,4,1398.617,635.959,11711.0,2393.0,228.714,0.3687,3.3225,572.0,54.6997,0.3639,0.5336,1260,1566,615,858,167.0345
12,128.9751,1,544.4427,677.7544,10537.0,2246.0,217.9026,0.889,4.0857,559.0,44.2665,0.5127,0.6779,342,648,615,858,167.0345
12,128.9751,2,745.2117,687.5602,11054.0,1258.0,158.203,0.9774,2.1693,589.0,29.8787,0.6199,0.7653,648,958,615,858,167.0345
12,128.9751,3,1080.1937,634.0782,10235.0,2394.0,171.0573,0.1603,3.1336,612.0,49.0888,0.3803,0.5511,958,1260,615,858,167.0345
12,128.9751,4,1452.8112,639.8765,12904.0,2760.0,208.9657,0.3782,2.5979,571.0,59.5861,0.278,0.435,1260,1566,615,858,167.0345
12,129.3756,1,558.5065,675.8184,8733.0,1750.0,173.5422,0.9243,3.586,595.0,44.5882,0.4184,0.5899,342,648,615,858,167.0345
12,129.3756,2,753.7008,681.1849,10731.0,1407.0,155.4404,0.9973,2.104,583.0,29.4521,0.6202,0.7656,648,958,615,858,167.0345
12,129.3756,3,1118.7416,640.6407,12125.0,2617.0,206.3526,0.2356,3.5096,610.0,48.2929,0.3471,0.5153,958,1260,615,858,167.0345
12,129.3756,4,1464.8441,656.4855,13169.0,1938.0,189.5244,0.3921,2.7953,610.0,44.4787,0.452,0.6226,1260,1566,615,858,167.0345
12,129.7762,1,560.2343,676.1431,8080.0,1080.0,180.0763,0.9889,3.3206,584.0,32.5616,0.5426,0.7035,342,648,615,858,167.0345
12,129.7762,2,764.3401,670.1384,10410.0,1407.0,156.9877,0.9395,2.0613,583.0,41.6713,0.4353,0.6066,648,958,615,858,167.0345
12,129.7762,3,1136.8032,649.9446,13315.0,3086.0,170.319,0.8535,1.9037,555.0,48.0805,0.4006,0.5721,958,1260,615,858,167.0345
12,129.7762,4,1476.9109,667.918,12496.0,1499.0,183.9799,0.6244,2.3231,581.0,34.4962,0.511,0.6764,1260,1566,615,858,167.0345
12,130.1767,1,557.0287,669.3251,11004.0,2216.0,175.6926,0.9985,2.3607,573.0,35.0274,0.5556,0.7143,342,648,615,858,167.0345
12,130.1767,2,784.3725,672.1084,10834.0,1506.0,165.3846,0.9343,2.2359,577.0,42.9928,0.4755,0.6445,648,958,615,858,167.0345
12,130.1767,3,1141.4414,651.2009,14616.0,4397.0,165.3922,0.8069,1.7413,568.0,33.2644,0.5821,0.7359,958,1260,615,858,167.0345
12,130.1767,4,1485.0618,665.7742,11448.0,1401.0,171.329,0.6652,2.2703,583.0,21.9277,0.7428,0.8524,1260,1566,615,858,167.0345
12,130.5773,1,550.2336,676.3981,12083.0,2592.0,198.9701,0.9372,3.0364,574.0,34.1592,0.5545,0.7134,342,648,615,858,167.0345
12,130.5773,2,805.3332,672.5974,10398.0,1093.0,178.4838,0.8658,2.4428,587.0,47.2526,0.4772,0.6461,648,958,615,858,167.0345
12,130.5773,3,1159.1857,661.2488,12927.0,2572.0,179.4593,0.7137,2.2649,576.0,41.0862,0.4684,0.638,958,1260,615,858,167.0345
12,130.5773,4,1490.9864,671.9357,10835.0,1243.0,167.8859,0.701,2.3695,588.0,26.4277,0.622,0.767,1260,1566,615,858,167.0345
12,130.9778,1,549.4738,692.4086,10065.0,1216.0,208.9868,0.8923,3.8641,585.0,28.5315,0.6314,0.7741,342,648,615,858,167.0345
12,130.9778,2,816.3237,683.1242,12100.0,1443.0,191.2742,0.9313,2.5953,584.0,44.2802,0.5096,0.6752,648,958,615,858,167.0345
12,130.9778,3,1165.479,676.1487,11216.0,1552.0,155.8003,0.6713,2.3802,610.0,35.3555,0.4898,0.6576,958,1260,615,858,167.0345
12,130.9778,4,1499.9788,676.1312,10476.0,1143.0,163.7341,0.7693,2.3191,589.0,25.0524,0.6123,0.7595,1260,1566,615,858,167.0345
12,131.3783,1,556.4391,669.1432,10510.0,2425.0,223.6176,0.8499,4.1211,566.0,29.9172,0.6139,0.7607,342,648,615,858,167.0345
12,131.3783,2,840.5597,666.1963,13278.0,3278.0,204.2121,0.9656,2.4899,568.0,39.9089,0.5399,0.7012,648,958,615,858,167.0345
12,131.3783,3,1180.551,661.5265,8308.0,1190.0,126.9817,0.7364,1.8832,592.0,33.2296,0.4971,0.6641,958,1260,615,858,167.0345
12,131.3783,4,1503.7557,682.3279,10634.0,883.0,166.1062,0.8409,2.3746,593.0,22.7728,0.6963,0.8209,1260,1566,615,858,167.0345
12,131.7789,1,573.3871,665.5571,10667.0,2652.0,203.7686,0.9044,3.3009,555.0,44.2544,0.4805,0.6491,342,648,615,858,167.0345
12,131.7789,2,833.6036,688.0072,11332.0,838.0,170.8113,0.8849,2.2528,591.0,35.7274,0.5217,0.6857,648,958,615,858,167.0345
12,131.7789,3,1182.7188,658.3078,6739.0,623.0,99.0524,0.7754,1.3627,597.0,24.3801,0.6441,0.7835,958,1260,615,858,167.0345
12,131.7789,4,1505.1949,693.3214,10767.0,542.0,170.2766,0.8122,2.5076,601.0,24.544,0.6604,0.7955,1260,1566,615,858,167.0345
12,132.1794,1,585.4791,663.3809,10206.0,2833.0,213.5399,0.9497,3.518,543.0,39.2024,0.519,0.6834,342,648,615,858,167.0345
12,132.1794,2,848.5538,681.1077,12581.0,1881.0,179.2516,0.9928,2.2393,572.0,41.3565,0.4373,0.6085,648,958,615,858,167.0345
12,132.1794,3,1182.3849,659.6766,7054.0,651.0,99.7341,0.9641,1.3017,597.0,23.7616,0.6339,0.7759,958,1260,615,858,167.0345
12,132.1794,4,1504.7107,689.8704,11751.0,1019.0,185.0852,0.9237,2.5474,592.0,25.6591,0.6505,0.7883,1260,1566,615,858,167.0345
12,132.58,1,589.3377,666.9172,10345.0,2667.0,181.9057,0.9255,3.3105,591.0,29.6207,0.5868,0.7396,342,648,615,858,167.0345
12,132.58,2,827.5244,649.9865,11557.0,2613.0,189.7557,0.6795,2.6453,576.0,53.4584,0.3908,0.562,648,958,615,858,167.0345
12,132.58,3,1175.5838,656.1188,7026.0,744.0,101.1135,0.98,1.3106,598.0,32.9656,0.5573,0.7158,958,1260,615,858,167.0345
12,132.58,4,1506.1583,678.074,11230.0,1411.0,181.7375,0.884,2.5611,581.0,27.8248,0.648,0.7864,1260,1566,615,858,167.0345
12,132.9805,1,587.3347,671.1803,11627.0,2525.0,168.676,0.9447,2.5227,591.0,31.1716,0.5765,0.7314,342,648,615,858,167.0345
12,132.9805,2,789.2993,638.4114,10537.0,3250.0,137.5236,0.706,1.5899,570.0,57.2839,0.3985,0.5699,648,958,615,858,167.0345
12,132.9805,3,1165.8277,660.2734,7696.0,530.0,122.9783,0.8204,1.656,603.0,33.4422,0.6431,0.7828,958,1260,615,858,167.0345
12,132.9805,4,1511.5624,667.8288,9971.0,1301.0,148.8184,0.9502,1.8352,581.0,32.7936,0.6168,0.763,1260,1566,615,858,167.0345
12,133.3811,1,581.4899,650.3322,14562.0,4210.0,182.0487,0.9952,1.6823,534.0,41.2683,0.4759,0.6449,342,648,615,858,167.0345
12,133.3811,2,767.2964,638.03,9056.0,2923.0,122.4047,0.996,1.3655,560.0,53.8211,0.4506,0.6212,648,958,615,858,167.0345
12,133.3811,3,1145.8362,650.2718,8462.0,1010.0,148.3787,0.5657,2.1729,596.0,44.9766,0.5414,0.7024,958,1260,615,858,167.0345
12,133.3811,4,1512.3571,657.3154,9652.0,1500.0,134.6804,0.9072,1.4444,578.0,43.0588,0.5564,0.715,1260,1566,615,858,167.0345
12,133.7816,1,565.6429,680.8377,13857.0,1324.0,187.4434,0.8227,2.0914,592.0,39.8415,0.4799,0.6486,342,648,615,858,167.0345
12,133.7816,2,766.5612,642.3321,11159.0,3110.0,140.6669,0.9982,1.3829,554.0,31.461,0.6657,0.7993,648,958,615,858,167.0345
12,133.7816,3,1123.7687,656.3569,8635.0,690.0,129.3402,0.5242,1.7227,601.0,52.9574,0.4271,0.5986,958,1260,615,858,167.0345
12,133.7816,4,1505.6279,656.6793,10846.0,1567.0,140.069,0.9183,1.3162,575.0,29.7781,0.684,0.8124,1260,1566,615,858,167.0345
12,134.1822,1,558.0372,683.2837,10993.0,882.0,198.4623,0.705,3.1283,592.0,29.797,0.5609,0.7187,342,648,615,858,167.0345
12,134.1822,2,772.5405,663.9081,13525.0,2646.0,164.4386,0.9329,1.754,562.0,41.6441,0.5207,0.6848,648,958,615,858,167.0345
12,134.1822,3,1095.1683,651.922,9044.0,1097.0,143.5686,0.5633,1.9609,593.0,44.409,0.4669,0.6366,958,1260,615,858,167.0345
12,134.1822,4,1490.357,669.7925,12016.0,1364.0,144.6394,0.8671,1.4807,575.0,39.2455,0.563,0.7204,1260,1566,615,858,167.0345
12,134.5827,1,572.608,641.3867,8596.0,3457.0,176.9008,0.885,3.5249,540.0,36.7168,0.3164,0.4807,342,648,615,858,167.0345
12,134.5827,2,788.7106,667.2573,14495.0,2831.0,177.9076,0.9058,1.9265,566.0,39.7748,0.5334,0.6957,648,958,615,858,167.0345
12,134.5827,3,1083.7303,665.1674,10249.0,1207.0,144.3505,0.704,1.9451,590.0,41.2431,0.4532,0.6237,958,1260,615,858,167.0345
12,134.5827,4,1475.6391,663.3297,12345.0,1775.0,135.4708,0.7923,1.4252,591.0,38.8846,0.5405,0.7017,1260,1566,615,858,167.0345
12,134.9832,1,581.988,651.2485,6333.0,1690.0,181.6476,0.8997,4.0792,560.0,33.7535,0.4064,0.5779,342,648,615,858,167.0345
12,134.9832,2,800.9715,656.6714,14087.0,3832.0,187.361,0.8148,2.2629,559.0,37.3335,0.5456,0.706,648,958,615,858,167.0345
12,134.9832,3,1072.0057,666.068,10119.0,938.0,152.4196,0.6413,2.1441,597.0,40.0766,0.5685,0.7249,958,1260,615,858,167.0345
12,134.9832,4,1451.852,657.4299,14737.0,2882.0,199.5377,0.6241,2.4657,570.0,44.9904,0.4502,0.6209,1260,1566,615,858,167.0345
12,135.3838,1,578.7319,679.7744,8533.0,1407.0,191.3892,0.8492,4.1059,589.0,33.296,0.5238,0.6875,342,648,615,858,167.0345
12,135.3838,2,823.6973,652.1331,13314.0,3798.0,179.3493,0.7765,2.1482,559.0,40.8583,0.5001,0.6668,648,958,615,858,167.0345
12,135.3838,3,1058.1745,671.0346,9863.0,1112.0,141.9983,0.8155,1.9721,593.0,35.3986,0.5405,0.7017,958,1260,615,858,167.0345
12,135.3838,4,1413.3002,650.5143,13619.0,2808.0,197.9569,0.5644,2.431,571.0,52.8443,0.4029,0.5743,1260,1566,615,858,167.0345
12,135.7843,1,580.6839,670.3361,9868.0,2141.0,171.7879,0.8877,3.0135,591.0,31.9896,0.4932,0.6606,342,648,615,858,167.0345
12,135.7843,2,850.9113,648.487,12987.0,3715.0,164.8486,0.7595,1.779,564.0,46.5205,0.4712,0.6406,648,958,615,858,167.0345
12,135.7843,3,1047.0219,670.4561,9369.0,1178.0,136.6207,0.8454,1.8728,592.0,40.994,0.3726,0.5429,958,1260,615,858,167.0345
12,135.7843,4,1391.6806,659.2175,14327.0,2747.0,189.2905,0.6223,2.1641,572.0,45.875,0.4561,0.6264,1260,1566,615,858,167.0345
12,136.1849,1,587.075,655.5386,11874.0,3177.0,174.974,0.9245,2.4575,591.0,30.231,0.584,0.7374,342,648,615,858,167.0345
12,136.1849,2,869.179,650.9789,13317.0,3753.0,161.4549,0.8471,1.5907,557.0,40.5475,0.5447,0.7052,648,958,615,858,167.0345
12,136.1849,3,1082.6606,646.4505,9685.0,1509.0,172.2512,0.4651,2.539,594.0,45.0095,0.3906,0.5618,958,1260,615,858,167.0345
12,136.1849,4,1372.9874,663.9907,13344.0,2247.0,173.7115,0.6686,2.047,586.0,41.0243,0.5092,0.6748,1260,1566,615,858,167.0345
12,136.5854,1,585.6989,697.9639,9808.0,600.0,170.4225,0.8863,2.6233,591.0,40.5259,0.4233,0.5948,342,648,615,858,167.0345
12,136.5854,2,878.7701,660.5584,13154.0,2926.0,163.3858,0.899,1.6585,566.0,36.7705,0.5849,0.7381,648,958,615,858,167.0345
12,136.5854,3,1119.3498,651.9412,10407.0,1311.0,162.5102,0.4267,2.2414,597.0,57.2346,0.3228,0.4881,958,1260,615,858,167.0345
12,136.5854,4,1351.9626,672.3551,12781.0,2198.0,174.1008,0.8612,2.1836,576.0,34.8545,0.5114,0.6767,1260,1566,615,858,167.0345
12,136.986,1,581.6492,701.6217,8264.0,387.0,173.7934,0.8355,3.2541,606.0,25.1683,0.6215,0.7666,342,648,615,858,167.0345
12,136.986,2,881.7585,661.168,12313.0,2717.0,163.4522,0.8687,1.8789,577.0,18.894,0.8113,0.8958,648,958,615,858,167.0345
12,136.986,3,1149.9024,654.4172,10747.0,1503.0,156.8846,0.5523,2.0125,593.0,48.0209,0.4278,0.5992,958,1260,615,858,167.0345
12,136.986,4,1335.1732,667.6702,10449.0,1852.0,143.4161,0.9552,1.8545,577.0,32.5325,0.5298,0.6926,1260,1566,615,858,167.0345
12,137.3865,1,592.1996,652.8966,9007.0,2997.0,159.6342,0.8894,3.3964,592.0,35.3736,0.3898,0.5609,342,648,615,858,167.0345
12,137.3865,2,886.7418,658.2148,11276.0,2767.0,150.6971,0.8067,2.1478,596.0,26.4352,0.6713,0.8033,648,958,615,858,167.0345
12,137.3865,3,1162.4387,657.3835,10803.0,1939.0,153.4149,0.615,2.0046,586.0,33.9487,0.6117,0.7591,958,1260,615,858,167.0345
12,137.3865,4,1335.7425,667.9741,7636.0,1136.0,121.4492,0.9934,1.8978,582.0,27.3979,0.5665,0.7233,1260,1566,615,858,167.0345
12,137.787,1,587.1375,691.4223,11329.0,1026.0,189.3756,0.9239,2.8291,591.0,36.9911,0.4344,0.6057,342,648,615,858,167.0345
12,137.787,2,892.7578,668.1333,10728.0,2146.0,167.9743,0.8735,2.5299,577.0,27.0611,0.5994,0.7495,648,958,615,858,167.0345
12,137.787,3,1169.7573,652.4987,10764.0,2144.0,148.4895,0.6759,1.882,581.0,26.0333,0.733,0.8459,958,1260,615,858,167.0345
12,137.787,4,1332.0299,654.1796,6826.0,1261.0,134.9737,0.9944,2.2813,587.0,20.2508,0.6536,0.7905,1260,1566,615,858,167.0345
12,138.1876,1,580.5878,665.1082,14908.0,3292.0,192.2577,0.9983,1.8785,551.0,36.351,0.5204,0.6845,342,648,615,858,167.0345
12,138.1876,2,894.9603,669.5321,10579.0,2130.0,181.4597,0.9131,2.7349,572.0,21.892,0.7274,0.8422,648,958,615,858,167.0345
12,138.1876,3,1180.3464,648.3765,9462.0,2059.0,126.8323,0.7788,1.4967,579.0,36.7437,0.5974,0.7479,958,1260,615,858,167.0345
12,138.1876,4,1338.5233,667.0733,7873.0,1146.0,121.3792,0.9728,1.8288,591.0,24.9987,0.5836,0.7371,1260,1566,615,858,167.0345
12,138.5881,1,568.2959,649.8209,15497.0,5026.0,201.0377,0.9622,2.0904,526.0,39.3845,0.5188,0.6832,342,648,615,858,167.0345
12,138.5881,2,895.3389,666.076,10617.0,1992.0,162.2652,0.9135,2.3092,599.0,24.8028,0.6673,0.8004,648,958,615,858,167.0345
12,138.5881,3,1177.9656,657.553,10005.0,1757.0,129.3821,0.859,1.4334,580.0,29.2225,0.6862,0.8139,958,1260,615,858,167.0345
12,138.5881,4,1348.7804,668.4367,7829.0,906.0,129.3777,0.9893,1.9549,589.0,29.7874,0.5484,0.7083,1260,1566,615,858,167.0345
12,138.9887,1,556.5559,685.7107,11308.0,897.0,215.9643,0.7541,3.3983,594.0,37.6228,0.4132,0.5848,342,648,615,858,167.0345
12,138.9887,2,890.4609,655.3672,11079.0,2444.0,151.6335,0.9989,1.6607,569.0,37.3055,0.5823,0.736,648,958,615,858,167.0345
12,138.9887,3,1173.1871,660.5174,11453.0,1855.0,141.8292,0.7597,1.4508,586.0,26.9337,0.6905,0.8169,958,1260,615,858,167.0345
12,138.9887,4,1368.5407,661.6189,9417.0,795.0,172.5179,0.672,2.5587,598.0,41.88,0.3288,0.4948,1260,1566,615,858,167.0345
12,139.3892,1,575.1551,659.4721,10779.0,2490.0,176.224,0.83,2.8168,591.0,31.1086,0.5672,0.7239,342,648,615,858,167.0345
12,139.3892,2,884.0811,643.8599,10109.0,2622.0,133.6252,0.9922,1.3956,564.0,31.8921,0.6785,0.8085,648,958,615,858,167.0345
12,139.3892,3,1168.0587,666.6883,12087.0,1556.0,149.7516,0.5985,1.8564,610.0,22.1849,0.7396,0.8503,958,1260,615,858,167.0345
12,139.3892,4,1425.5329,642.478,12978.0,3201.0,161.3054,0.5861,1.5092,575.0,58.0927,0.2698,0.425,1260,1566,615,858,167.0345
12,139.7898,1,587.532,660.5556,12345.0,3579.0,171.4608,0.9016,2.6425,590.0,32.9985,0.5058,0.6718,342,648,615,858,167.0345
12,139.7898,2,874.1485,651.0717,12130.0,3169.0,142.6094,0.9524,1.3147,560.0,31.2372,0.661,0.7959,648,958,615,858,167.0345
12,139.7898,3,1164.309,663.8836,12746.0,2226.0,149.9777,0.8064,1.4714,575.0,23.1164,0.7087,0.8295,958,1260,615,858,167.0345
12,139.7898,4,1455.5573,665.1189,12285.0,1097.0,174.1591,0.5834,2.2392,598.0,59.0634,0.3003,0.4619,1260,1566,615,858,167.0345
12,140.1903,1,575.7606,705.7398,9211.0,464.0,185.5805,0.8629,3.4219,603.0,35.3015,0.4419,0.6129,342,648,615,858,167.0345
12,140.1903,2,877.37,656.6747,12514.0,2693.0,140.8687,0.9992,1.2779,565.0,30.2179,0.6618,0.7965,648,958,615,858,167.0345
12,140.1903,3,1151.3117,660.1959,11901.0,2245.0,167.7959,0.5808,2.2966,579.0,36.8319,0.5074,0.6732,958,1260,615,858,167.0345
12,140.1903,4,1488.255,657.5943,10306.0,1804.0,146.1715,0.9235,1.7948,575.0,54.4524,0.3778,0.5484,1260,1566,615,858,167.0345
12,140.5909,1,583.6517,671.8184,9368.0,2214.0,169.0053,0.9103,3.3103,591.0,32.8819,0.4541,0.6246,342,648,615,858,167.0345
12,140.5909,2,873.7245,666.0726,13298.0,2356.0,159.1497,0.9192,1.6463,566.0,32.3542,0.6135,0.7604,648,958,615,858,167.0345
12,140.5909,3,1167.9351,651.2551,8882.0,1431.0,134.4349,0.5574,1.9801,589.0,28.0939,0.5723,0.728,958,1260,615,858,167.0345
12,140.5909,4,1499.6213,647.7262,9100.0,1730.0,125.562,0.8574,1.2226,572.0,47.7159,0.5025,0.6689,1260,1566,615,858,167.0345
12,140.9914,1,585.0477,659.6401,6515.0,1929.0,113.5138,0.9566,2.9382,609.0,30.8566,0.4818,0.6503,342,648,615,858,167.0345
12,140.9914,2,865.4248,668.2557,13580.0,2333.0,158.0984,0.9819,1.6132,565.0,29.0433,0.6412,0.7814,648,958,615,858,167.0345
12,140.9914,3,1184.5795,646.2241,6569.0,1132.0,103.4364,0.7312,1.4604,594.0,29.1388,0.5274,0.6906,958,1260,615,858,167.0345
12,140.9914,4,1484.2762,658.6736,13008.0,2246.0,145.1829,0.5583,1.6836,609.0,49.4358,0.3471,0.5154,1260,1566,615,858,167.0345
12,141.3919,1,581.5162,675.4152,7098.0,1206.0,179.9636,0.9694,3.9554,580.0,31.1889,0.5064,0.6723,342,648,615,858,167.0345
12,141.3919,2,863.5746,666.346,13316.0,2335.0,153.8262,0.9972,1.5233,566.0,19.3319,0.7786,0.8755,648,958,615,858,167.0345
12,141.3919,3,1184.7533,652.9849,6606.0,697.0,96.2749,0.8226,1.2765,601.0,26.5784,0.6211,0.7663,958,1260,615,858,167.0345
12,141.3919,4,1430.3854,645.9183,12597.0,2598.0,183.4416,0.4264,2.3515,592.0,66.1904,0.2542,0.4054,1260,1566,615,858,167.0345
12,141.7925,1,571.8824,680.7526,9423.0,1743.0,179.552,0.9813,3.3175,575.0,40.0184,0.3898,0.561,342,648,615,858,167.0345
12,141.7925,2,864.6017,662.0933,14010.0,2792.0,156.6969,0.9988,1.4875,561.0,18.2241,0.7819,0.8776,648,958,615,858,167.0345
12,141.7925,3,1181.7316,660.3454,7250.0,645.0,110.8708,0.987,1.4486,600.0,23.4556,0.6958,0.8206,958,1260,615,858,167.0345
12,141.7925,4,1388.5224,649.5918,13766.0,3184.0,180.4285,0.5811,2.1139,569.0,60.5879,0.2977,0.4588,1260,1566,615,858,167.0345
12,142.193,1,566.5618,670.0998,9635.0,2021.0,175.0587,0.9831,2.8902,578.0,32.8927,0.5277,0.6908,342,648,615,858,167.0345
12,142.193,2,856.6443,660.4234,14488.0,3409.0,168.5844,0.922,1.5904,561.0,30.7675,0.6159,0.7623,648,958,615,858,167.0345
12,142.193,3,1172.96,659.5321,7392.0,753.0,113.2397,0.9962,1.4747,597.0,31.3324,0.5697,0.7259,958,1260,615,858,167.0345
12,142.193,4,1364.1495,662.0399,11168.0,1810.0,163.8258,0.6851,2.1094,572.0,47.1112,0.4073,0.5789,1260,1566,615,858,167.0345
12,142.5936,1,557.0717,686.5746,10346.0,961.0,175.5078,0.9992,2.4475,585.0,35.2619,0.5019,0.6683,342,648,615,858,167.0345
12,142.5936,2,864.0355,674.9579,12436.0,948.0,173.4736,0.7096,2.0673,601.0,27.1155,0.5934,0.7448,648,958,615,858,167.0345
12,142.5936,3,1165.1629,663.6175,7556.0,418.0,112.8165,0.9226,1.4792,603.0,34.2318,0.6003,0.7502,958,1260,615,858,167.0345
12,142.5936,4,1349.7905,662.5714,10537.0,1892.0,165.6303,0.8565,2.1907,569.0,36.6969,0.5522,0.7115,1260,1566,615,858,167.0345
12,142.9941,1,533.2287,673.0453,12678.0,2546.0,187.8272,0.9604,2.4728,566.0,47.537,0.3634,0.5331,342,648,615,858,167.0345
12,142.9941,2,871.9559,664.1254,12655.0,2520.0,178.2087,0.8549,2.2366,572.0,29.111,0.5897,0.7419,648,958,615,858,167.0345
12,142.9941,3,1155.3811,672.1024,8336.0,513.0,115.2727,0.8812,1.5067,600.0,29.9861,0.6085,0.7566,958,1260,615,858,167.0345
12,142.9941,4,1345.3396,677.3172,10790.0,1474.0,172.7455,0.8886,2.4296,575.0,30.6472,0.5944,0.7456,1260,1566,615,858,167.0345
12,143.3947,1,502.1328,671.2372,13146.0,2652.0,192.7222,0.9573,2.3791,560.0,51.1376,0.3373,0.5044,342,648,615,858,167.0345
12,143.3947,2,878.9508,667.6169,10121.0,1916.0,149.6074,0.9501,2.1185,577.0,33.4876,0.5788,0.7332,648,958,615,858,167.0345
12,143.3947,3,1149.9704,674.4466,8553.0,607.0,117.5489,0.9532,1.5769,595.0,32.378,0.5422,0.7032,958,1260,615,858,167.0345
12,143.3947,4,1337.5217,677.4101,10283.0,1319.0,181.2161,0.9297,2.6539,579.0,24.3526,0.6342,0.7762,1260,1566,615,858,167.0345
12,143.7952,1,474.4423,678.5646,14297.0,2705.0,229.864,0.862,3.0514,574.0,53.5799,0.3395,0.5069,342,648,615,858,167.0345
12,143.7952,2,892.7174,662.413,9402.0,1661.0,127.9489,0.9656,1.7274,582.0,30.2282,0.4961,0.6632,648,958,615,858,167.0345
12,143.7952,3,1141.1215,675.5454,8475.0,307.0,124.1449,0.9531,1.6266,602.0,30.2931,0.6292,0.7724,958,1260,615,858,167.0345
12,143.7952,4,1332.4334,676.1916,9022.0,1189.0,164.0613,0.9342,2.7209,582.0,23.7622,0.6925,0.8183,1260,1566,615,858,167.0345
12,144.1957,1,455.7138,682.0131,12664.0,2050.0,210.8219,0.8756,3.0998,571.0,47.4252,0.4686,0.6382,342,648,615,858,167.0345
12,144.1957,2,899.7808,652.3686,7314.0,1382.0,128.4369,0.9794,1.8273,582.0,25.931,0.5978,0.7483,648,958,615,858,167.0345
12,144.1957,3,1131.2898,677.3367,10687.0,871.0,148.4377,0.9158,1.8619,599.0,39.2532,0.4479,0.6187,958,1260,615,858,167.0345
12,144.1957,4,1331.0652,678.6804,7178.0,973.0,118.2383,0.9985,2.1691,598.0,34.9436,0.4529,0.6235,1260,1566,615,858,167.0345
12,144.5963,1,435.4442,672.7335,12797.0,2719.0,227.2213,0.8628,3.396,563.0,44.8005,0.4834,0.6517,342,648,615,858,167.0345
12,144.5963,2,892.4484,663.3634,8493.0,1127.0,124.1155,0.9903,1.6845,588.0,29.9184,0.5547,0.7136,648,958,615,858,167.0345
12,144.5963,3,1131.7319,668.4612,11584.0,1490.0,173.2962,0.6853,2.3202,591.0,36.9504,0.5378,0.6995,958,1260,615,858,167.0345
12,144.5963,4,1333.4852,643.6734,6123.0,936.0,97.9959,0.8181,1.3778,606.0,32.11,0.4322,0.6036,1260,1566,615,858,167.0345
12,144.9968,1,423.2521,664.9628,11251.0,2948.0,225.6119,0.8473,3.9125,555.0,44.1045,0.5755,0.7305,342,648,615,858,167.0345
12,144.9968,2,878.8371,678.2312,9749.0,1010.0,136.6256,0.9457,1.8319,591.0,37.2205,0.4838,0.6521,648,958,615,858,167.0345
12,144.9968,3,1155.5605,656.1475,10673.0,1614.0,167.8769,0.6114,2.2989,588.0,39.4279,0.5885,0.741,958,1260,615,858,167.0345
12,144.9968,4,1350.4632,650.7581,7128.0,899.0,111.9662,0.8592,1.4911,593.0,34.2155,0.4758,0.6448,1260,1566,615,858,167.0345
12,145.3974,1,411.5344,671.6475,11284.0,2777.0,217.1391,0.8661,3.604,559.0,46.7055,0.4813,0.6498,342,648,615,858,167.0345
12,145.3974,2,855.8278,669.5615,10489.0,1423.0,150.8895,0.9171,1.9553,585.0,45.5846,0.3935,0.5648,648,958,615,858,167.0345
12,145.3974,3,1178.3325,654.9604,9443.0,1623.0,135.001,0.733,1.7703,584.0,47.9433,0.4835,0.6518,958,1260,615,858,167.0345
12,145.3974,4,1371.569,664.5988,9363.0,1003.0,156.5717,0.8994,2.0658,597.0,43.1522,0.3994,0.5709,1260,1566,615,858,167.0345
12,145.7979,1,402.2675,669.2967,12667.0,3129.0,216.0288,0.9443,2.9117,544.0,36.8867,0.5632,0.7206,342,648,615,858,167.0345
12,145.7979,2,827.3441,654.5983,11236.0,2377.0,173.8621,0.7842,2.2933,577.0,51.4025,0.4347,0.6059,648,958,615,858,167.0345
12,145.7979,3,1191.236,662.2302,11396.0,2550.0,169.1937,0.9872,2.2253,561.0,48.0636,0.4408,0.6119,958,1260,615,858,167.0345
12,145.7979,4,1404.0298,658.5432,10427.0,1086.0,172.1409,0.5885,2.404,595.0,51.2247,0.3533,0.5222,1260,1566,615,858,167.0345
12,146.1985,1,400.3031,668.7801,12340.0,2882.0,162.2165,0.8936,2.2824,593.0,33.532,0.5877,0.7404,342,648,615,858,167.0345
12,146.1985,2,795.0555,656.8825,11621.0,2152.0,185.1691,0.7002,2.5814,581.0,65.7736,0.3412,0.5088,648,958,615,858,167.0345
12,146.1985,3,1187.5751,656.4988,12739.0,3386.0,157.7512,0.9993,1.7131,561.0,32.4541,0.6399,0.7804,958,1260,615,858,167.0345
12,146.1985,4,1441.2676,656.3211,11378.0,1215.0,172.7564,0.5005,2.3182,594.0,56.2312,0.3813,0.5521,1260,1566,615,858,167.0345
12,146.599,1,403.2008,651.321,13480.0,3791.0,176.5456,0.9997,1.755,547.0,40.3143,0.5399,0.7012,342,648,615,858,167.0345
12,146.599,2,773.8656,668.7981,11998.0,2085.0,180.2171,0.7925,2.5279,578.0,53.5343,0.409,0.5805,648,958,615,858,167.0345
12,146.599,3,1174.5761,669.6231,12824.0,2055.0,166.9591,0.8978,1.8011,571.0,40.0752,0.5293,0.6923,958,1260,615,858,167.0345
12,146.599,4,1462.7741,660.4562,11608.0,1409.0,165.1634,0.6107,2.1195,592.0,45.8844,0.4705,0.64,1260,1566,615,858,167.0345
12,146.9996,1,408.7343,654.9494,16053.0,4122.0,144.7106,0.9407,1.3503,593.0,33.8248,0.623,0.7677,342,648,615,858,167.0345
12,146.9996,2,757.6891,662.7273,11902.0,2741.0,177.4993,0.9105,2.3331,567.0,41.6329,0.5195,0.6838,648,958,615,858,167.0345
12,146.9996,3,1175.6135,681.5398,12855.0,1555.0,161.7592,0.7728,2.0723,609.0,28.7789,0.6718,0.8037,958,1260,615,858,167.0345
12,146.9996,4,1478.5257,669.9472,12047.0,1154.0,174.0372,0.6123,2.3346,596.0,39.859,0.5031,0.6695,1260,1566,615,858,167.0345
12,147.4001,1,435.6165,656.6885,16439.0,4105.0,185.642,0.8436,1.7358,547.0,52.9866,0.3812,0.552,342,648,615,858,167.0345
12,147.4001,2,750.3784,662.187,11759.0,2499.0,162.741,0.9381,1.8941,568.0,31.6195,0.6436,0.7831,648,958,615,858,167.0345
12,147.4001,3,1166.7577,689.0724,10727.0,114.0,169.6296,0.6474,2.428,610.0,33.3438,0.5487,0.7086,958,1260,615,858,167.0345
12,147.4001,4,1493.048,674.6596,11329.0,1282.0,172.2593,0.7454,2.3375,588.0,35.1908,0.5188,0.6832,1260,1566,615,858,167.0345
12,147.8006,1,479.1021,650.4294,15548.0,4767.0,204.6501,0.8488,2.31,532.0,59.6707,0.2913,0.4511,342,648,615,858,167.0345
12,147.8006,2,751.7314,657.9615,12113.0,2953.0,149.8969,0.9999,1.5677,563.0,34.1603,0.6269,0.7707,648,958,615,858,167.0345
12,147.8006,3,1175.4027,670.2508,8761.0,744.0,126.0468,0.7043,1.9085,612.0,42.8332,0.5042,0.6704,958,1260,615,858,167.0345
12,147.8006,4,1501.3895,679.1932,11109.0,1200.0,170.8115,0.8169,2.3177,587.0,36.4683,0.5814,0.7353,1260,1566,615,858,167.0345
12,148.2012,1,523.2038,646.631,15069.0,4787.0,202.8742,0.6688,2.9072,588.0,58.3166,0.2425,0.3903,342,648,615,858,167.0345
12,148.2012,2,764.4444,651.705,12326.0,3226.0,147.634,0.9918,1.4624,559.0,42.4836,0.5385,0.7,648,958,615,858,167.0345
12,148.2012,3,1184.0996,654.4129,9083.0,1542.0,114.5161,0.9344,1.3241,591.0,27.1596,0.5234,0.6872,958,1260,615,858,167.0345
12,148.2012,4,1509.0821,672.5703,11433.0,1465.0,157.3898,0.9664,1.7697,579.0,34.4232,0.5525,0.7117,1260,1566,615,858,167.0345
12,148.6017,1,549.5373,674.4685,11066.0,1275.0,197.2044,0.6815,3.0741,591.0,49.7514,0.2903,0.45,342,648,615,858,167.0345
12,148.6017,2,795.3504,662.1134,13444.0,2875.0,156.5329,0.9998,1.5925,558.0,49.9924,0.4181,0.5897,648,958,615,858,167.0345
12,148.6017,3,1191.1209,666.5596,7789.0,690.0,118.5119,0.9664,1.5738,598.0,31.2015,0.5669,0.7236,958,1260,615,858,167.0345
12,148.6017,4,1513.4842,658.9111,11085.0,1692.0,151.4012,0.8968,1.56,575.0,41.631,0.5539,0.7129,1260,1566,615,858,167.0345
12,149.0023,1,581.5208,667.4203,8727.0,1120.0,180.1593,0.8157,3.069,591.0,49.8453,0.3356,0.5025,342,648,615,858,167.0345
12,149.0023,2,812.8787,665.3171,13623.0,2473.0,163.0297,0.9964,1.6896,562.0,43.742,0.5054,0.6714,648,958,615,858,167.0345
12,149.0023,3,1181.0077,676.5044,8366.0,464.0,119.0268,0.9846,1.5552,600.0,38.7312,0.4755,0.6445,958,1260,615,858,167.0345
12,149.0023,4,1499.4942,655.8468,11474.0,1497.0,125.8165,0.3937,1.334,610.0,34.8023,0.5988,0.7491,1260,1566,615,858,167.0345
12,149.4028,1,573.5306,649.3557,12602.0,3158.0,177.0392,0.8569,1.9265,555.0,48.7245,0.3626,0.5322,342,648,615,858,167.0345
12,149.4028,2,828.4799,661.0852,13527.0,2614.0,163.3397,0.9948,1.6529,561.0,34.8335,0.6023,0.7518,648,958,615,858,167.0345
12,149.4028,3,1166.1469,670.7284,8671.0,871.0,123.3505,0.9853,1.5898,589.0,38.0302,0.4686,0.6381,958,1260,615,858,167.0345
12,149.4028,4,1474.1401,661.6465,12880.0,2001.0,139.5105,0.6494,1.4724,594.0,50.8579,0.4391,0.6102,1260,1566,615,858,167.0345
12,149.8034,1,528.1118,634.2211,13824.0,4731.0,155.8839,0.5456,1.8222,584.0,51.5357,0.349,0.5174,342,648,615,858,167.0345
12,149.8034,2,840.0933,670.2248,14976.0,2384.0,160.398,0.9135,1.5528,577.0,32.5034,0.6198,0.7653,648,958,615,858,167.0345
12,149.8034,3,1157.0354,664.4033,8436.0,861.0,128.1087,0.9706,1.6897,591.0,34.5962,0.5553,0.7141,958,1260,615,858,167.0345
12,149.8034,4,1442.2723,660.0824,13042.0,2131.0,169.1001,0.54,2.1075,599.0,53.3626,0.4086,0.5801,1260,1566,615,858,167.0345
12,150.2039,1,477.7335,655.859,12526.0,1933.0,204.8588,0.4779,2.9529,597.0,66.1463,0.1538,0.2666,342,648,615,858,167.0345
12,150.2039,2,852.4827,647.7442,12778.0,3604.0,162.8211,0.808,2.0791,589.0,34.497,0.5874,0.7401,648,958,615,858,167.0345
12,150.2039,3,1141.8644,679.2886,9693.0,698.0,127.2482,0.9075,1.641,597.0,38.9403,0.4866,0.6546,958,1260,615,858,167.0345
12,150.2039,4,1406.231,654.9328,13988.0,2889.0,200.4695,0.5981,2.5008,570.0,50.4987,0.4095,0.5811,1260,1566,615,858,167.0345
12,150.6044,1,442.2954,656.4844,15785.0,4127.0,202.5911,0.6765,2.6434,593.0,56.6548,0.2471,0.3963,342,648,615,858,167.0345
12,150.6044,2,869.7673,642.774,13372.0,4426.0,193.5596,0.9875,2.2392,537.0,39.4512,0.5549,0.7137,648,958,615,858,167.0345
12,150.6044,3,1119.3058,668.3472,10986.0,1084.0,163.125,0.7031,2.1992,594.0,51.9482,0.3928,0.5641,958,1260,615,858,167.0345
12,150.6044,4,1373.0912,651.2571,11770.0,2562.0,160.2462,0.6814,1.9686,574.0,53.7214,0.3581,0.5274,1260,1566,615,858,167.0345
12,151.005,1,436.8467,671.1434,17285.0,3504.0,194.0862,0.9814,1.776,550.0,48.8149,0.4105,0.5821,342,648,615,858,167.0345
12,151.005,2,851.4204,683.2471,11985.0,686.0,188.8665,0.6433,2.7778,601.0,43.9904,0.3874,0.5585,648,958,615,858,167.0345
12,151.005,3,1090.8672,666.8284,11081.0,1039.0,167.9794,0.6345,2.3043,594.0,56.0448,0.3901,0.5613,958,1260,615,858,167.0345
12,151.005,4,1354.6816,667.2358,9712.0,1315.0,153.4314,0.7957,2.2009,577.0,42.918,0.3971,0.5685,1260,1566,615,858,167.0345
12,151.4055,1,455.0508,650.6673,16610.0,4648.0,174.6389,0.6738,1.7539,578.0,42.9247,0.4893,0.6571,342,648,615,858,167.0345
12,151.4055,2,873.6761,661.141,11023.0,2294.0,171.0253,0.7523,2.687,595.0,32.1785,0.5128,0.6779,648,958,615,858,167.0345
12,151.4055,3,1070.5095,666.9882,11156.0,1170.0,167.2123,0.7033,2.2458,592.0,46.1554,0.4854,0.6536,958,1260,615,858,167.0345
12,151.4055,4,1341.7725,675.2926,8711.0,1148.0,142.9097,0.894,2.2306,580.0,33.5554,0.4987,0.6655,1260,1566,615,858,167.0345
12,151.8061,1,475.8526,659.2402,18612.0,4898.0,209.2653,0.5724,2.5664,589.0,42.0887,0.4413,0.6123,342,648,615,858,167.0345
12,151.8061,2,884.1253,669.9857,9311.0,871.0,164.8526,0.7565,2.6056,598.0,31.2877,0.5257,0.6891,648,958,615,858,167.0345
12,151.8061,3,1059.5974,668.9268,11114.0,1247.0,177.3325,0.6792,2.493,594.0,35.0373,0.6376,0.7787,958,1260,615,858,167.0345
12,151.8061,4,1336.6255,679.2015,8811.0,995.0,148.4935,0.8824,2.449,583.0,23.3455,0.604,0.7531,1260,1566,615,858,167.0345
12,152.2066,1,505.2829,671.6476,14249.0,1729.0,237.459,0.5667,3.2878,594.0,47.9375,0.3497,0.5182,342,648,615,858,167.0345
12,152.2066,2,890.7554,651.4261,10777.0,2658.0,138.5244,0.981,1.3482,566.0,38.8165,0.4835,0.6518,648,958,615,858,167.0345
12,152.2066,3,1051.1084,664.7961,10724.0,2001.0,177.6391,0.794,2.7195,580.0,39.1638,0.5863,0.7392,958,1260,615,858,167.0345
12,152.2066,4,1337.7983,677.6911,8470.0,868.0,157.8809,0.8838,2.6238,586.0,23.3485,0.6447,0.784,1260,1566,615,858,167.0345
12,152.6072,1,522.7567,651.7573,14169.0,4141.0,201.0396,0.6618,3.1021,594.0,34.0064,0.4624,0.6323,342,648,615,858,167.0345
12,152.6072,2,873.727,643.2706,10426.0,2644.0,140.7104,0.9121,1.5183,563.0,41.7896,0.514,0.679,648,958,615,858,167.0345
12,152.6072,3,1034.7316,651.4871,9673.0,2323.0,139.1216,0.7911,1.8807,575.0,40.1931,0.5496,0.7093,958,1260,615,858,167.0345
12,152.6072,4,1341.5482,668.5316,9164.0,1440.0,177.9819,0.9114,2.9309,579.0,23.4888,0.6814,0.8105,1260,1566,615,858,167.0345
12,153.0077,1,547.5033,658.3965,14728.0,3830.0,183.377,0.7486,2.2865,592.0,47.9216,0.3627,0.5323,342,648,615,858,167.0345
12,153.0077,2,866.0864,657.0089,13140.0,2761.0,167.5422,0.8395,1.8083,562.0,40.3736,0.5863,0.7392,648,958,615,858,167.0345
12,153.0077,3,1023.3328,642.5228,8284.0,2318.0,115.2727,0.9996,1.3579,569.0,44.8816,0.498,0.6649,958,1260,615,858,167.0345
12,153.0077,4,1331.3815,655.3555,8081.0,1786.0,151.7279,0.9739,2.3405,571.0,35.7809,0.6002,0.7501,1260,1566,615,858,167.0345
12,153.4083,1,564.2903,672.9328,16433.0,2827.0,181.8469,0.9419,1.7323,575.0,45.5206,0.3997,0.5712,342,648,615,858,167.0345
12,153.4083,2,862.0039,661.5554,13815.0,2431.0,175.7631,0.8239,1.8901,563.0,30.6941,0.6568,0.7929,648,958,615,858,167.0345
12,153.4083,3,1020.8352,640.9977,8549.0,2151.0,128.3081,0.7441,1.4835,571.0,36.9243,0.5566,0.7151,958,1260,615,858,167.0345
12,153.4083,4,1336.1822,630.2359,7007.0,2393.0,97.8202,0.8453,1.4093,596.0,53.3822,0.3864,0.5574,1260,1566,615,858,167.0345
12,153.8088,1,529.1666,650.3348,15837.0,4282.0,191.4793,0.8325,1.8774,553.0,50.3307,0.4142,0.5858,342,648,615,858,167.0345
12,153.8088,2,861.1704,668.0118,15276.0,2277.0,171.2521,0.7256,1.6994,585.0,22.3074,0.768,0.8688,648,958,615,858,167.0345
12,153.8088,3,1047.9245,639.7986,9852.0,2254.0,127.2191,0.2631,1.5964,588.0,46.1263,0.4488,0.6195,958,1260,615,858,167.0345
12,153.8088,4,1354.2868,637.8746,9593.0,2279.0,118.2129,0.2076,1.4976,606.0,49.0255,0.4632,0.6331,1260,1566,615,858,167.0345
12,154.2093,1,487.5168,644.4993,16769.0,5412.0,233.2429,0.6018,2.6979,543.0,52.3815,0.3174,0.4818,342,648,615,858,167.0345
12,154.2093,2,852.1546,664.825,15423.0,2807.0,189.8924,0.8238,1.9998,562.0,23.5524,0.7029,0.8256,648,958,615,858,167.0345
12,154.2093,3,1081.9457,650.5566,8597.0,0.0,150.6321,0.201,2.2236,615.0,50.4287,0.3016,0.4634,958,1260,615,858,167.0345
12,154.2093,4,1385.2992,644.5158,10525.0,2197.0,140.2358,0.731,1.506,570.0,59.2004,0.3467,0.5149,1260,1566,615,858,167.0345
12,154.6099,1,447.471,652.154,15855.0,4255.0,213.9245,0.5495,2.9483,587.0,57.1532,0.2673,0.4219,342,648,615,858,167.0345
12,154.6099,2,843.0771,657.0377,14900.0,3310.0,177.0802,0.7099,2.0187,585.0,31.9183,0.6084,0.7565,648,958,615,858,167.0345
12,154.6099,3,1116.366,654.6224,13201.0,1712.0,176.4534,0.3083,2.3149,613.0,48.7025,0.3482,0.5166,958,1260,615,858,167.0345
12,154.6099,4,1411.2807,658.0178,12494.0,1876.0,150.8521,0.5753,1.5864,588.0,49.1699,0.404,0.5755,1260,1566,615,858,167.0345
12,155.0104,1,418.3032,650.2592,13195.0,4286.0,205.7918,0.8427,2.3988,546.0,45.179,0.4315,0.6029,342,648,615,858,167.0345
12,155.0104,2,820.8309,644.8512,13812.0,4063.0,207.9392,0.6741,2.625,559.0,35.9444,0.5404,0.7017,648,958,615,858,167.0345
12,155.0104,3,1131.2725,655.378,13927.0,2338.0,166.3178,0.5119,1.5574,572.0,35.304,0.5602,0.7181,958,1260,615,858,167.0345
12,155.0104,4,1438.7805,651.3097,13789.0,3395.0,184.9679,0.7941,2.1336,551.0,48.2321,0.4048,0.5763,1260,1566,615,858,167.0345
12,155.411,1,402.9655,658.7655,11983.0,3736.0,171.926,0.8209,3.0217,592.0,46.8974,0.4151,0.5866,342,648,615,858,167.0345
12,155.411,2,789.1134,638.8154,14222.0,4687.0,180.0277,0.505,2.6014,590.0,43.2571,0.4738,0.6429,648,958,615,858,167.0345
12,155.411,3,1143.6211,658.1021,11719.0,2077.0,139.801,0.9468,1.41,574.0,47.4955,0.4633,0.6332,958,1260,615,858,167.0345
12,155.411,4,1463.1005,664.4187,14541.0,2578.0,198.6985,0.5039,2.5639,584.0,45.5832,0.4023,0.5737,1260,1566,615,858,167.0345
12,155.8115,1,392.5605,679.3479,13334.0,2769.0,175.7151,0.9527,2.3995,591.0,42.453,0.4653,0.6351,342,648,615,858,167.0345
12,155.8115,2,768.9477,658.2706,15140.0,3717.0,201.6772,0.6084,2.5355,574.0,57.2777,0.3036,0.4658,648,958,615,858,167.0345
12,155.8115,3,1138.6273,649.0227,12577.0,2711.0,181.0123,0.5628,2.1452,571.0,42.1989,0.4696,0.6391,958,1260,615,858,167.0345
12,155.8115,4,1480.2096,667.0994,10697.0,1205.0,151.5807,0.7269,1.9726,586.0,40.2497,0.4823,0.6508,1260,1566,615,858,167.0345
12,156.2121,1,401.3519,660.5966,14267.0,3470.0,179.3661,0.9932,1.694,551.0,44.2608,0.5353,0.6973,342,648,615,858,167.0345
12,156.2121,2,744.6381,670.0268,12834.0,2417.0,169.5279,0.6831,2.4716,595.0,39.9611,0.4279,0.5993,648,958,615,858,167.0345
12,156.2121,3,1110.5167,655.7223,9612.0,323.0,181.3465,0.2562,3.0041,611.0,44.4947,0.3683,0.5384,958,1260,615,858,167.0345
12,156.2121,4,1504.5106,664.511,8102.0,793.0,107.0815,0.9372,1.3698,595.0,37.5489,0.4228,0.5943,1260,1566,615,858,167.0345
12,156.6126,1,409.1034,653.1085,16044.0,4239.0,180.3505,0.922,1.5053,536.0,33.7505,0.6496,0.7876,342,648,615,858,167.0345
12,156.6126,2,729.065,671.4311,11081.0,1704.0,162.823,0.7965,2.3864,593.0,29.1997,0.5554,0.7142,648,958,615,858,167.0345
12,156.6126,3,1071.278,646.5346,12311.0,2679.0,181.5272,0.3335,2.7903,603.0,47.2345,0.3316,0.498,958,1260,615,858,167.0345
12,156.6126,4,1498.8228,672.6124,8905.0,796.0,121.7115,0.9996,1.5621,594.0,29.3783,0.5774,0.7321,1260,1566,615,858,167.0345
12,157.0131,1,417.2887,665.0719,18571.0,4053.0,186.9817,0.9583,1.4976,549.0,36.2951,0.6048,0.7538,342,648,615,858,167.0345
12,157.0131,2,723.2899,681.385,11467.0,1415.0,165.4247,0.8279,2.4664,596.0,22.6355,0.6703,0.8026,648,958,615,858,167.0345
12,157.0131,3,1059.0003,654.4329,12784.0,2486.0,167.441,0.4041,2.3341,605.0,37.2722,0.5335,0.6958,958,1260,615,858,167.0345
12,157.0131,4,1484.7312,669.9628,8384.0,556.0,121.1019,0.9915,1.5411,599.0,35.8971,0.5434,0.7041,1260,1566,615,858,167.0345
12,157.4137,1,432.6516,675.2391,19459.0,2963.0,193.7411,0.944,1.5954,557.0,37.4879,0.5866,0.7395,342,648,615,858,167.0345
12,157.4137,2,718.6732,686.2445,12635.0,1836.0,170.9714,0.9439,2.3364,579.0,29.1807,0.5557,0.7144,648,958,615,858,167.0345
12,157.4137,3,1048.2641,656.2371,12441.0,2474.0,170.6835,0.5789,2.1486,576.0,29.5954,0.5949,0.746,958,1260,615,858,167.0345
12,157.4137,4,1464.4962,683.2431,9768.0,547.0,140.5453,0.9998,1.81,600.0,40.9176,0.4343,0.6056,1260,1566,615,858,167.0345
12,157.8142,1,453.9123,652.4866,16953.0,4512.0,222.4259,0.7304,2.3783,539.0,40.542,0.5123,0.6775,342,648,615,858,167.0345
12,157.8142,2,726.5932,673.058,11173.0,2110.0,141.8705,0.9986,1.5455,575.0,41.2755,0.4541,0.6246,648,958,615,858,167.0345
12,157.8142,3,1042.6015,650.3304,12242.0,2958.0,167.3003,0.714,1.9688,567.0,25.5645,0.6925,0.8183,958,1260,615,858,167.0345
12,157.8142,4,1448.6143,680.8117,10509.0,728.0,139.961,0.9884,1.7398,596.0,40.6964,0.4606,0.6307,1260,1566,615,858,167.0345
12,158.2148,1,488.4943,647.4122,16045.0,4089.0,254.8095,0.4398,3.8142,591.0,48.03,0.3727,0.5431,342,648,615,858,167.0345
12,158.2148,2,741.0235,658.3855,8733.0,1442.0,125.5168,0.9356,1.6501,587.0,36.1504,0.4591,0.6293,648,958,615,858,167.0345
12,158.2148,3,1039.1605,657.4315,11293.0,2278.0,153.0775,0.5831,2.1975,605.0,28.9737,0.7121,0.8319,958,1260,615,858,167.0345
12,158.2148,4,1425.3481,664.4429,10309.0,1363.0,142.2444,0.833,1.8435,594.0,45.1377,0.4189,0.5905,1260,1566,615,858,167.0345
12,158.6153,1,514.6336,644.8351,14394.0,4511.0,215.8148,0.527,3.4901,595.0,44.2626,0.4646,0.6344,342,648,615,858,167.0345
12,158.6153,2,747.6768,660.0765,9380.0,1655.0,136.7607,0.9896,1.767,580.0,25.8132,0.6871,0.8146,648,958,615,858,167.0345
12,158.6153,3,1033.8371,661.7496,11421.0,2333.0,154.4699,0.8272,1.8486,571.0,27.3001,0.6434,0.783,958,1260,615,858,167.0345
12,158.6153,4,1397.9849,663.1936,11098.0,1755.0,165.1956,0.7297,2.2357,589.0,47.1385,0.4161,0.5877,1260,1566,615,858,167.0345
12,159.0159,1,528.6273,670.5204,13643.0,1908.0,226.4523,0.6302,3.1529,591.0,41.6014,0.4014,0.5728,342,648,615,858,167.0345
12,159.0159,2,752.4861,679.63,9717.0,795.0,138.8003,0.9923,1.7694,592.0,31.0887,0.5842,0.7375,648,958,615,858,167.0345
12,159.0159,3,1028.7221,658.8017,11757.0,2438.0,139.9786,0.9924,1.3974,570.0,35.034,0.5825,0.7362,958,1260,615,858,167.0345
12,159.0159,4,1373.8013,659.9107,11188.0,2150.0,181.798,0.7432,2.6654,580.0,54.1253,0.4238,0.5954,1260,1566,615,858,167.0345
12,159.4164,1,533.2746,669.8117,15319.0,3102.0,202.4348,0.8918,1.9772,562.0,36.3327,0.5018,0.6683,342,648,615,858,167.0345
12,159.4164,2,761.451,695.0868,11237.0,831.0,165.5594,0.9983,2.2312,592.0,36.3355,0.5089,0.6745,648,958,615,858,167.0345
12,159.4164,3,1035.1991,637.8645,10633.0,3122.0,155.4719,0.5859,1.9173,570.0,48.2614,0.4537,0.6242,958,1260,615,858,167.0345
12,159.4164,4,1355.0499,662.2676,9407.0,1712.0,154.0488,0.8067,2.3743,579.0,55.7995,0.4461,0.6169,1260,1566,615,858,167.0345
12,159.817,1,543.2492,655.2652,14418.0,3566.0,171.518,0.9303,1.6575,558.0,43.6935,0.4601,0.6303,342,648,615,858,167.0345
12,159.817,2,775.4063,682.6816,10129.0,869.0,137.2986,0.9985,1.7696,593.0,35.9318,0.509,0.6746,648,958,615,858,167.0345
12,159.817,3,1083.3801,629.8522,11412.0,3146.0,193.1805,0.3429,2.4769,568.0,53.3716,0.3422,0.5099,958,1260,615,858,167.0345
12,159.817,4,1337.6045,659.1828,8675.0,1795.0,142.6942,0.9397,2.1049,573.0,35.9917,0.544,0.7047,1260,1566,615,858,167.0345
12,160.2175,1,519.9573,657.0057,14216.0,1688.0,235.3313,0.3697,3.2237,600.0,45.744,0.3667,0.5366,342,648,615,858,167.0345
12,160.2175,2,786.0532,676.3859,10496.0,1328.0,148.3531,0.9938,1.9045,583.0,32.9061,0.5733,0.7288,648,958,615,858,167.0345
12,160.2175,3,1118.9925,652.6552,10782.0,116.0,202.067,0.2101,3.1915,610.0,51.5437,0.2692,0.4242,958,1260,615,858,167.0345
12,160.2175,4,1337.4493,664.4162,8691.0,1606.0,130.8675,0.9991,1.7598,572.0,33.1315,0.5471,0.7072,1260,1566,615,858,167.0345
12,160.618,1,474.3679,640.0788,15217.0,4524.0,245.7718,0.4267,3.7907,587.0,49.3678,0.3756,0.5461,342,648,615,858,167.0345
12,160.618,2,797.115,670.6525,10373.0,1367.0,155.7706,0.9611,2.0104,585.0,27.0703,0.673,0.8045,648,958,615,858,167.0345
12,160.618,3,1131.4513,655.2424,13047.0,2032.0,184.9182,0.2825,2.7654,610.0,36.5062,0.4628,0.6328,958,1260,615,858,167.0345
12,160.618,4,1342.9619,666.0547,8368.0,459.0,113.8383,0.8044,1.3746,604.0,38.6768,0.4901,0.6578,1260,1566,615,858,167.0345
12,161.0186,1,452.8268,654.1042,14592.0,3526.0,232.9398,0.446,3.9242,593.0,49.6595,0.3881,0.5592,342,648,615,858,167.0345
12,161.0186,2,798.154,669.3774,11905.0,2049.0,168.3131,0.8341,2.1685,584.0,34.9143,0.6049,0.7538,648,958,615,858,167.0345
12,161.0186,3,1147.3723,654.1461,12390.0,2483.0,171.0147,0.509,2.1733,577.0,29.2592,0.5413,0.7024,958,1260,615,858,167.0345
12,161.0186,4,1358.107,656.5461,11250.0,2109.0,132.1537,0.9536,1.2311,571.0,38.0873,0.5511,0.7106,1260,1566,615,858,167.0345
12,161.4191,1,446.2007,675.9644,12832.0,991.0,218.0642,0.5958,3.1275,593.0,37.0674,0.4473,0.6181,342,648,615,858,167.0345
12,161.4191,2,793.2558,662.5139,12488.0,3106.0,197.6432,0.8903,2.8423,561.0,37.4546,0.6016,0.7513,648,958,615,858,167.0345
12,161.4191,3,1161.5957,651.8251,10546.0,2151.0,150.4324,0.5458,2.0428,581.0,29.9157,0.5531,0.7122,958,1260,615,858,167.0345
12,161.4191,4,1384.3483,658.3583,12867.0,2617.0,154.5258,0.8153,1.5953,569.0,43.4296,0.4527,0.6232,1260,1566,615,858,167.0345
12,161.8197,1,422.2488,651.7555,11641.0,3471.0,187.9228,0.8471,2.716,553.0,39.8545,0.4426,0.6137,342,648,615,858,167.0345
12,161.8197,2,786.0915,681.2852,11863.0,1429.0,198.9909,0.7884,2.9812,588.0,46.7349,0.4927,0.6602,648,958,615,858,167.0345
12,161.8197,3,1168.156,655.6804,10158.0,1660.0,124.2361,0.6192,1.4944,585.0,31.7175,0.5022,0.6687,958,1260,615,858,167.0345
12,161.8197,4,1422.5459,652.4904,13211.0,2250.0,168.1406,0.3459,2.3844,616.0,50.3748,0.3051,0.4676,1260,1566,615,858,167.0345
12,162.2202,1,409.9666,661.3311,6997.0,1266.0,136.4978,0.8686,2.394,579.0,39.4264,0.391,0.5622,342,648,615,858,167.0345
12,162.2202,2,770.8452,680.1572,12041.0,1794.0,189.5813,0.9084,2.7788,578.0,44.4612,0.5218,0.6857,648,958,615,858,167.0345
12,162.2202,3,1180.4754,662.7096,9933.0,1624.0,127.4395,0.8849,1.686,588.0,28.8112,0.5047,0.6708,958,1260,615,858,167.0345
12,162.2202,4,1465.2415,654.4838,13180.0,2505.0,182.4931,0.5205,2.2892,578.0,53.2491,0.3001,0.4617,1260,1566,615,858,167.0345
12,162.6208,1,399.347,648.7333,7211.0,1814.0,128.1325,0.9991,2.0906,580.0,37.4184,0.3965,0.5678,342,648,615,858,167.0345
12,162.6208,2,759.0322,665.9587,11391.0,2258.0,165.7577,0.9314,2.1221,571.0,38.1515,0.5678,0.7243,648,958,615,858,167.0345
12,162.6208,3,1182.2872,666.1159,9472.0,1384.0,143.5475,0.8784,1.9954,585.0,25.8461,0.5904,0.7425,958,1260,615,858,167.0345
12,162.6208,4,1495.0554,660.6757,8883.0,1301.0,116.3861,0.8842,1.5372,588.0,46.6834,0.353,0.5218,1260,1566,615,858,167.0345
12,163.0213,1,421.3515,642.0736,7730.0,1763.0,126.6022,0.7992,1.7901,581.0,39.559,0.4184,0.5899,342,648,615,858,167.0345
12,163.0213,2,745.7104,655.8865,9826.0,2349.0,137.7444,0.9846,1.6684,568.0,50.7572,0.4915,0.6591,648,958,615,858,167.0345
12,163.0213,3,1175.3955,670.7134,9148.0,801.0,130.9333,0.8249,1.7884,594.0,24.9911,0.632,0.7745,958,1260,615,858,167.0345
12,163.0213,4,1512.5148,653.2663,7675.0,1043.0,111.0367,0.984,1.3718,592.0,32.2462,0.5446,0.7052,1260,1566,615,858,167.0345
12,163.4218,1,450.3237,638.9769,8127.0,1774.0,139.66,0.5625,2.0027,584.0,54.7356,0.3895,0.5606,342,648,615,858,167.0345
12,163.4218,2,743.1286,645.8178,10468.0,2831.0,141.7609,0.9006,1.6238,564.0,30.8918,0.6263,0.7702,648,958,615,858,167.0345
12,163.4218,3,1182.2227,655.7343,8070.0,1242.0,110.5365,0.934,1.3772,589.0,29.2154,0.6167,0.7629,958,1260,615,858,167.0345
12,163.4218,4,1482.7618,667.0103,8465.0,640.0,112.8074,0.9992,1.3754,599.0,50.3229,0.2841,0.4425,1260,1566,615,858,167.0345
12,163.8224,1,488.6219,642.4792,9215.0,2132.0,159.1638,0.6841,2.2562,583.0,60.8624,0.2945,0.455,342,648,615,858,167.0345
12,163.8224,2,764.6813,648.9691,11576.0,2787.0,140.446,0.9819,1.4232,565.0,50.2652,0.4787,0.6474,648,958,615,858,167.0345
12,163.8224,3,1176.8394,651.4867,6860.0,820.0,99.8297,0.9905,1.2568,596.0,30.1888,0.6064,0.755,958,1260,615,858,167.0345
12,163.8224,4,1453.0836,672.6732,8670.0,500.0,135.6818,0.9882,1.7578,602.0,48.5049,0.329,0.4951,1260,1566,615,858,167.0345
12,164.2229,1,509.4982,653.0727,11361.0,2067.0,180.8454,0.5559,2.5522,577.0,51.5549,0.3971,0.5684,342,648,615,858,167.0345
12,164.2229,2,785.5893,658.3987,12634.0,2676.0,148.6518,0.9809,1.5225,563.0,49.4376,0.4892,0.657,648,958,615,858,167.0345
12,164.2229,3,1157.3388,666.3939,12018.0,2281.0,176.3385,0.9989,2.0748,582.0,46.7289,0.4465,0.6173,958,1260,615,858,167.0345
12,164.2229,4,1424.8552,668.1067,9988.0,1191.0,142.0145,0.9378,1.786,596.0,45.0776,0.3344,0.5012,1260,1566,615,858,167.0345
12,164.6235,1,527.2717,661.678,11075.0,2132.0,191.2191,0.6191,3.0786,576.0,46.9214,0.429,0.6005,342,648,615,858,167.0345
12,164.6235,2,799.2173,661.2577,12984.0,2642.0,154.4668,0.9793,1.5982,562.0,39.353,0.5937,0.745,648,958,615,858,167.0345
12,164.6235,3,1138.9728,662.0152,11469.0,2035.0,163.2382,0.9225,1.9908,577.0,48.765,0.4313,0.6026,958,1260,615,858,167.0345
12,164.6235,4,1414.4042,666.9057,11790.0,1295.0,187.95,0.6705,2.5146,595.0,37.5651,0.4756,0.6446,1260,1566,615,858,167.0345
12,165.024,1,539.2041,678.8691,9958.0,1033.0,196.0535,0.6712,3.3954,577.0,43.9678,0.4081,0.5797,342,648,615,858,167.0345
12,165.024,2,814.8324,660.8919,13029.0,2518.0,158.2269,0.9997,1.6273,563.0,33.8331,0.6007,0.7505,648,958,615,858,167.0345
12,165.024,3,1114.4821,676.8176,9819.0,446.0,145.9438,0.8216,1.9005,604.0,54.949,0.3515,0.5202,958,1260,615,858,167.0345
12,165.024,4,1430.5636,659.8322,12103.0,1612.0,179.5707,0.6145,2.3088,590.0,36.5706,0.611,0.7585,1260,1566,615,858,167.0345
12,165.4246,1,551.0293,687.5578,9542.0,785.0,182.6366,0.7704,3.1952,594.0,37.5388,0.4677,0.6373,342,648,615,858,167.0345
12,165.4246,2,825.6903,661.8298,13167.0,2632.0,158.0443,0.9709,1.6605,562.0,30.0397,0.6365,0.7779,648,958,615,858,167.0345
12,165.4246,3,1094.6411,677.7981,9259.0,609.0,138.7201,0.9266,1.8611,600.0,48.3753,0.373,0.5433,958,1260,615,858,167.0345
12,165.4246,4,1450.5513,666.0858,12323.0,1398.0,179.0091,0.656,2.3044,592.0,46.7862,0.4822,0.6506,1260,1566,615,858,167.0345
12,165.8251,1,562.2169,687.4533,9050.0,1142.0,190.7621,0.8894,3.6572,575.0,38.4813,0.4933,0.6607,342,648,615,858,167.0345
12,165.8251,2,822.0088,654.3299,14163.0,3861.0,174.9202,0.8155,1.9696,558.0,33.3441,0.6006,0.7505,648,958,615,858,167.0345
12,165.8251,3,1095.5963,665.6254,11505.0,1484.0,174.566,0.7418,2.3139,593.0,34.2036,0.5751,0.7302,958,1260,615,858,167.0345
12,165.8251,4,1472.6513,673.0479,12631.0,1286.0,178.0093,0.73,2.2896,592.0,48.4987,0.4556,0.626,1260,1566,615,858,167.0345
12,166.2257,1,579.7242,660.1553,5699.0,790.0,133.0684,0.8763,2.8698,598.0,29.424,0.557,0.7154,342,648,615,858,167.0345
12,166.2257,2,809.8478,647.2751,13151.0,3832.0,161.2183,0.8052,1.6686,557.0,34.5471,0.5582,0.7165,648,958,615,858,167.0345
12,166.2257,3,1116.1098,658.5567,12159.0,1901.0,203.2676,0.5945,2.8701,585.0,44.897,0.5299,0.6927,958,1260,615,858,167.0345
12,166.2257,4,1489.7809,674.7181,11992.0,1239.0,171.7474,0.7868,2.2437,590.0,41.0852,0.5387,0.7002,1260,1566,615,858,167.0345
12,166.6262,1,590.5348,676.8192,5731.0,948.0,75.0136,0.9887,1.5918,636.0,34.2101,0.3303,0.4966,342,648,615,858,167.0345
12,166.6262,2,798.6149,656.9612,15226.0,3767.0,167.6873,0.6297,1.7289,579.0,36.3811,0.5535,0.7126,648,958,615,858,167.0345
12,166.6262,3,1156.4,649.3222,11237.0,2002.0,159.8387,0.4881,2.0683,583.0,53.91,0.4046,0.5761,958,1260,615,858,167.0345
12,166.6262,4,1499.1064,669.4626,10470.0,1309.0,147.4889,0.9996,1.742,582.0,46.1484,0.4795,0.6482,1260,1566,615,858,167.0345
12,167.0267,1,576.7542,634.318,7636.0,2189.0,142.4489,0.7022,2.1355,579.0,37.4065,0.2571,0.4091,342,648,615,858,167.0345
12,167.0267,2,781.5026,660.5592,15306.0,3397.0,175.6164,0.653,2.0217,597.0,32.856,0.555,0.7138,648,958,615,858,167.0345
12,167.0267,3,1183.8911,651.6695,8835.0,1740.0,112.3577,0.8876,1.321,582.0,50.7792,0.4121,0.5837,958,1260,615,858,167.0345
12,167.0267,4,1496.5079,658.9725,10227.0,1565.0,154.9786,0.8095,1.922,580.0,42.5986,0.5226,0.6865,1260,1566,615,858,167.0345
12,167.4273,1,540.9886,626.9177,7692.0,2492.0,149.5307,0.4652,2.3208,579.0,46.1565,0.3948,0.5662,342,648,615,858,167.0345
12,167.4273,2,770.3476,657.8737,15706.0,3681.0,173.5347,0.8637,1.5846,561.0,25.824,0.6641,0.7981,648,958,615,858,167.0345
12,167.4273,3,1187.5793,648.3136,8788.0,2000.0,115.3383,0.999,1.2567,573.0,33.2436,0.626,0.77,958,1260,615,858,167.0345
12,167.4273,4,1480.3443,656.5652,11618.0,1955.0,166.9317,0.7811,1.9634,577.0,41.2339,0.5814,0.7353,1260,1566,615,858,167.0345
12,167.8278,1,499.4758,630.1622,10757.0,3165.0,184.8223,0.2715,2.5455,586.0,64.4619,0.3791,0.5497,342,648,615,858,167.0345
12,167.8278,2,766.2885,650.3513,14138.0,3786.0,168.9371,0.8438,1.5855,561.0,21.66,0.7566,0.8614,648,958,615,858,167.0345
12,167.8278,3,1178.41,647.0256,10100.0,2341.0,136.5898,0.9113,1.3927,566.0,32.8424,0.6538,0.7907,958,1260,615,858,167.0345
12,167.8278,4,1460.3148,662.6246,12625.0,1992.0,169.2376,0.7403,1.9584,577.0,47.1628,0.5185,0.6829,1260,1566,615,858,167.0345
12,168.2284,1,474.7572,634.2943,11943.0,3415.0,188.9623,0.3706,2.4786,580.0,45.8556,0.5529,0.7121,342,648,615,858,167.0345
12,168.2284,2,763.5741,657.0205,13829.0,3282.0,159.0631,0.9259,1.4582,565.0,23.535,0.7302,0.8441,648,958,615,858,167.0345
12,168.2284,3,1156.2036,649.175,9841.0,2123.0,138.079,0.8396,1.6347,566.0,53.2411,0.4202,0.5917,958,1260,615,858,167.0345
12,168.2284,4,1432.8194,654.8035,13946.0,3176.0,203.2395,0.6203,2.6191,573.0,43.4733,0.4953,0.6625,1260,1566,615,858,167.0345
12,168.6289,1,463.3651,634.8876,12239.0,3653.0,189.6019,0.3716,2.4452,579.0,29.764,0.7304,0.8442,342,648,615,858,167.0345
12,168.6289,2,757.0922,662.0774,14634.0,3202.0,153.8509,0.9999,1.3655,562.0,23.4526,0.7252,0.8407,648,958,615,858,167.0345
12,168.6289,3,1126.9854,643.2812,10651.0,2170.0,150.5043,0.276,2.2391,614.0,51.4458,0.3419,0.5096,958,1260,615,858,167.0345
12,168.6289,4,1406.6705,652.548,13216.0,2714.0,200.0796,0.4536,2.7141,575.0,45.634,0.4545,0.6249,1260,1566,615,858,167.0345
12,169.0295,1,454.8235,641.0676,12683.0,3360.0,186.3405,0.4383,2.3912,579.0,34.2624,0.6657,0.7993,342,648,615,858,167.0345
12,169.0295,2,760.1355,656.3847,13764.0,3317.0,159.3141,0.9011,1.5838,561.0,34.1676,0.5695,0.7257,648,958,615,858,167.0345
12,169.0295,3,1090.8699,647.9927,12575.0,2618.0,149.9509,0.3462,1.5719,587.0,50.3134,0.3559,0.525,958,1260,615,858,167.0345
12,169.0295,4,1376.2178,653.6158,11119.0,2162.0,154.8827,0.603,1.9598,574.0,45.3894,0.3838,0.5547,1260,1566,615,858,167.0345
12,169.43,1,446.9287,639.0438,11031.0,3236.0,165.9578,0.5723,2.2119,576.0,37.4336,0.6582,0.7939,342,648,615,858,167.0345
12,169.43,2,773.5421,651.4556,13288.0,3233.0,162.3735,0.8413,1.7235,563.0,35.0512,0.6089,0.7569,648,958,615,858,167.0345
12,169.43,3,1067.3313,651.245,13004.0,2543.0,159.7063,0.3985,1.567,587.0,45.7305,0.4645,0.6343,958,1260,615,858,167.0345
12,169.43,4,1358.3523,659.2016,9848.0,1609.0,139.3793,0.7424,1.7835,581.0,33.7646,0.504,0.6702,1260,1566,615,858,167.0345
12,169.8305,1,451.0908,645.695,9090.0,2472.0,142.7716,0.5383,2.1683,582.0,25.4983,0.647,0.7856,342,648,615,858,167.0345
12,169.8305,2,790.2426,651.5852,14047.0,3908.0,168.732,0.8015,1.8446,556.0,39.469,0.5371,0.6989,648,958,615,858,167.0345
12,169.8305,3,1059.3957,653.8799,12713.0,2436.0,165.0555,0.4359,1.8736,592.0,25.9005,0.7044,0.8265,958,1260,615,858,167.0345
12,169.8305,4,1345.255,666.6523,8550.0,1084.0,114.9804,0.9474,1.5533,585.0,31.0195,0.5241,0.6878,1260,1566,615,858,167.0345
12,170.2311,1,432.9957,628.568,5787.0,1956.0,93.3839,0.9969,1.2295,582.0,39.1927,0.4496,0.6203,342,648,615,858,167.0345
12,170.2311,2,817.3987,653.3678,13631.0,2964.0,154.5573,0.6598,1.509,580.0,45.4472,0.4505,0.6211,648,958,615,858,167.0345
12,170.2311,3,1058.4463,656.5444,11629.0,2162.0,148.5294,0.4628,1.6725,592.0,26.6823,0.6621,0.7967,958,1260,615,858,167.0345
12,170.2311,4,1346.3532,658.943,7472.0,1176.0,108.9888,0.9448,1.5993,588.0,23.8945,0.615,0.7616,1260,1566,615,858,167.0345
12,170.6316,1,434.8239,650.3309,7316.0,1603.0,113.0196,0.4902,1.6695,588.0,41.4715,0.4385,0.6096,342,648,615,858,167.0345
12,170.6316,2,836.9586,657.8471,14499.0,3303.0,162.9987,0.8843,1.5206,562.0,42.4818,0.5033,0.6696,648,958,615,858,167.0345
12,170.6316,3,1043.4933,652.888,11520.0,2676.0,153.1985,0.6868,1.7784,569.0,46.0886,0.3796,0.5503,958,1260,615,858,167.0345
12,170.6316,4,1348.7366,664.0385,7324.0,1018.0,101.0862,0.998,1.3802,596.0,29.594,0.4872,0.6552,1260,1566,615,858,167.0345
12,171.0322,1,457.793,641.0278,8861.0,2142.0,145.5749,0.557,2.101,581.0,45.7666,0.4043,0.5758,342,648,615,858,167.0345
12,171.0322,2,854.8123,662.6958,14564.0,2793.0,167.0345,0.8499,1.5692,567.0,35.8808,0.5514,0.7109,648,958,615,858,167.0345
12,171.0322,3,1082.2605,639.4821,10985.0,2178.0,178.3012,0.1547,3.0487,614.0,47.5415,0.3624,0.532,958,1260,615,858,167.0345
12,171.0322,4,1374.0716,650.1038,8785.0,1287.0,141.1398,0.6788,1.8992,593.0,39.7951,0.3623,0.5319,1260,1566,615,858,167.0345
12,171.4327,1,474.2778,656.9698,10025.0,1620.0,150.3843,0.6133,2.1177,589.0,45.2828,0.3984,0.5698,342,648,615,858,167.0345
12,171.4327,2,869.6735,658.392,14225.0,3256.0,157.6976,0.9406,1.3873,562.0,29.6373,0.6004,0.7503,648,958,615,858,167.0345
12,171.4327,3,1122.6837,643.7559,11977.0,1925.0,199.7639,0.1821,3.3279,610.0,47.8375,0.3856,0.5566,958,1260,615,858,167.0345
12,171.4327,4,1421.4375,651.7875,11249.0,1387.0,179.052,0.4489,2.443,594.0,64.4213,0.2812,0.439,1260,1566,615,858,167.0345
12,171.8333,1,494.9374,660.8303,9603.0,1792.0,139.054,0.965,1.7309,578.0,46.0465,0.387,0.5581,342,648,615,858,167.0345
12,171.8333,2,879.9644,664.0119,14174.0,2834.0,154.4605,0.9938,1.3628,569.0,33.485,0.6209,0.7661,648,958,615,858,167.0345
12,171.8333,3,1129.9859,647.5677,12664.0,2214.0,191.3758,0.2532,2.9016,610.0,32.7394,0.6037,0.7529,958,1260,615,858,167.0345
12,171.8333,4,1459.8322,661.5796,11958.0,1316.0,172.922,0.6166,2.2341,592.0,60.7521,0.3041,0.4663,1260,1566,615,858,167.0345
12,172.2338,1,508.458,654.77,10431.0,2151.0,156.8552,0.7635,2.0424,582.0,42.7269,0.4254,0.5969,342,648,615,858,167.0345
12,172.2338,2,880.8684,660.0225,13272.0,2578.0,164.8358,0.8383,1.7392,566.0,31.7871,0.6007,0.7506,648,958,615,858,167.0345
12,172.2338,3,1136.1833,651.6507,13427.0,2442.0,193.7931,0.3002,2.8618,608.0,24.6435,0.6952,0.8202,958,1260,615,858,167.0345
12,172.2338,4,1472.3432,663.9724,12080.0,1432.0,171.8961,0.6201,2.2198,592.0,35.4963,0.6113,0.7588,1260,1566,615,858,167.0345
12,172.6344,1,492.0041,647.8162,11548.0,2678.0,185.1345,0.6272,2.5803,571.0,42.5054,0.5371,0.6988,342,648,615,858,167.0345
12,172.6344,2,869.7163,647.8738,12349.0,2893.0,160.0512,0.838,1.6884,559.0,27.3795,0.7069,0.8283,648,958,615,858,167.0345
12,172.6344,3,1145.9346,652.5441,12044.0,1881.0,173.6701,0.2952,2.5504,610.0,25.6068,0.6927,0.8184,958,1260,615,858,167.0345
12,172.6344,4,1479.6161,664.1191,12285.0,1621.0,171.4875,0.677,2.1432,587.0,29.2699,0.6668,0.8001,1260,1566,615,858,167.0345
12,173.0349,1,483.9914,655.8992,11329.0,1772.0,189.7918,0.5662,2.6613,577.0,40.4874,0.569,0.7253,342,648,615,858,167.0345
12,173.0349,2,864.0169,653.405,13453.0,3063.0,166.3709,0.815,1.7636,559.0,24.9499,0.7345,0.8469,648,958,615,858,167.0345
12,173.0349,3,1154.3598,650.6442,10943.0,2121.0,150.4458,0.325,2.3273,608.0,27.8309,0.5932,0.7447,958,1260,615,858,167.0345
12,173.0349,4,1488.6343,664.9163,12224.0,1686.0,161.1245,0.741,1.8771,584.0,31.1619,0.6455,0.7845,1260,1566,615,858,167.0345
12,173.4354,1,469.9964,652.8183,9804.0,1667.0,172.6222,0.6334,2.4705,585.0,29.7207,0.6635,0.7977,342,648,615,858,167.0345
12,173.4354,2,849.4708,661.9847,13440.0,2668.0,162.2845,0.896,1.722,562.0,38.5585,0.5573,0.7157,648,958,615,858,167.0345
12,173.4354,3,1162.321,653.6221,9735.0,1822.0,135.2112,0.5678,1.8926,584.0,27.3279,0.6212,0.7663,958,1260,615,858,167.0345
12,173.4354,4,1494.305,667.3963,12399.0,1771.0,156.566,0.7943,1.7347,583.0,28.8235,0.6993,0.8231,1260,1566,615,858,167.0345
12,173.836,1,460.0149,647.3981,9748.0,2046.0,175.8526,0.6242,2.6783,585.0,27.4297,0.7283,0.8428,342,648,615,858,167.0345
12,173.836,2,838.4972,665.9171,13736.0,2327.0,163.2399,0.898,1.6838,569.0,36.0877,0.5992,0.7494,648,958,615,858,167.0345
12,173.836,3,1183.3675,645.6341,8086.0,1601.0,125.0769,0.6478,1.8102,589.0,27.2773,0.579,0.7334,958,1260,615,858,167.0345
12,173.836,4,1499.8226,674.2314,12328.0,1573.0,144.1005,0.7057,1.7817,609.0,32.0719,0.6106,0.7582,1260,1566,615,858,167.0345
12,174.2365,1,450.3937,645.706,11721.0,3463.0,185.2896,0.617,2.6704,571.0,29.3125,0.6463,0.7851,342,648,615,858,167.0345
12,174.2365,2,822.8383,662.2875,14046.0,2591.0,168.6605,0.8902,1.7309,564.0,28.022,0.6341,0.7761,648,958,615,858,167.0345
12,174.2365,3,1189.5815,651.8357,7037.0,1109.0,113.2136,0.7848,1.6588,590.0,23.56,0.6216,0.7666,958,1260,615,858,167.0345
12,174.2365,4,1503.4559,671.2937,12815.0,1544.0,150.6648,0.9403,1.4321,578.0,23.4339,0.6944,0.8196,1260,1566,615,858,167.0345
12,174.6371,1,441.9882,646.6405,12738.0,3381.0,193.275,0.5367,2.6972,574.0,30.6163,0.7055,0.8273,342,648,615,858,167.0345
12,174.6371,2,810.951,652.2718,16231.0,4624.0,191.6624,0.8422,1.9697,536.0,29.9947,0.5931,0.7446,648,958,615,858,167.0345
12,174.6371,3,1184.9703,665.4723,8206.0,978.0,122.0162,0.7539,1.7584,599.0,24.0942,0.6183,0.7642,958,1260,615,858,167.0345
12,174.6371,4,1503.6147,670.6651,13653.0,1382.0,151.3284,0.9837,1.3008,577.0,32.3667,0.6242,0.7686,1260,1566,615,858,167.0345
12,175.0376,1,435.4088,647.5011,12805.0,3333.0,183.647,0.5147,2.389,577.0,24.4718,0.7148,0.8337,342,648,615,858,167.0345
12,175.0376,2,798.0126,669.4082,15293.0,2633.0,176.7007,0.7028,2.0461,601.0,45.8591,0.4738,0.643,648,958,615,858,167.0345
12,175.0376,3,1182.6537,671.8353,8144.0,698.0,115.8244,0.841,1.6278,597.0,20.2739,0.6675,0.8006,958,1260,615,858,167.0345
12,175.0376,4,1489.9568,657.3106,14193.0,2174.0,225.1364,0.5887,2.7059,574.0,47.4329,0.4527,0.6233,1260,1566,615,858,167.0345
12,175.4382,1,430.1978,645.97,11572.0,3383.0,178.4093,0.7933,2.3978,559.0,37.8171,0.521,0.6851,342,648,615,858,167.0345
12,175.4382,2,783.5835,676.6373,15835.0,2637.0,182.9078,0.9862,1.7581,562.0,43.3072,0.485,0.6532,648,958,615,858,167.0345
12,175.4382,3,1188.6915,667.0249,7904.0,652.0,101.7907,0.9908,1.2799,597.0,26.2943,0.6022,0.7517,958,1260,615,858,167.0345
12,175.4382,4,1441.3567,642.5359,13413.0,3173.0,218.7956,0.4838,2.8654,570.0,51.298,0.4046,0.5761,1260,1566,615,858,167.0345
12,175.8387,1,434.1425,666.0141,11458.0,2320.0,157.8379,0.7904,2.1225,580.0,32.5166,0.5284,0.6914,342,648,615,858,167.0345
12,175.8387,2,770.8186,671.4675,15851.0,2790.0,178.813,0.9725,1.6434,565.0,27.6627,0.6617,0.7964,648,958,615,858,167.0345
12,175.8387,3,1183.9669,655.1704,6943.0,714.0,97.1874,0.9877,1.246,599.0,33.8475,0.5085,0.6742,958,1260,615,858,167.0345
12,175.8387,4,1398.6368,645.7385,13264.0,2898.0,193.8545,0.5066,2.3669,571.0,57.8106,0.3337,0.5004,1260,1566,615,858,167.0345
12,176.2392,1,414.9925,663.4131,10029.0,2037.0,124.2383,0.9672,1.4426,579.0,34.2668,0.475,0.6441,342,648,615,858,167.0345
12,176.2392,2,765.4822,667.0507,15126.0,3009.0,170.337,0.9975,1.6167,557.0,32.8627,0.6153,0.7619,648,958,615,858,167.0345
12,176.2392,3,1171.7546,659.4512,7281.0,598.0,104.0825,0.8703,1.3927,600.0,35.0671,0.5996,0.7497,958,1260,615,858,167.0345
12,176.2392,4,1373.0986,653.6709,12738.0,2811.0,168.7244,0.661,1.9916,574.0,44.3307,0.452,0.6226,1260,1566,615,858,167.0345
12,176.6398,1,413.8589,640.1143,7663.0,1744.0,115.8722,0.8334,1.4507,583.0,35.9369,0.4677,0.6374,342,648,615,858,167.0345
12,176.6398,2,769.0015,666.8145,14364.0,2755.0,169.9935,0.9511,1.7567,562.0,25.6038,0.6948,0.8199,648,958,615,858,167.0345
12,176.6398,3,1156.7186,669.037,8021.0,549.0,107.478,0.9928,1.3777,599.0,43.2967,0.4443,0.6152,958,1260,615,858,167.0345
12,176.6398,4,1355.8309,657.7823,10878.0,2161.0,161.1061,0.8121,2.067,574.0,36.9796,0.5079,0.6736,1260,1566,615,858,167.0345
12,177.0403,1,428.364,650.065,8571.0,1693.0,120.2,0.7718,1.5855,578.0,39.2711,0.4784,0.6472,342,648,615,858,167.0345
12,177.0403,2,775.4915,659.1615,14299.0,3503.0,174.5443,0.8692,1.9038,558.0,35.1426,0.5561,0.7147,648,958,615,858,167.0345
12,177.0403,3,1142.2422,669.7904,7820.0,403.0,112.4247,0.9813,1.4652,603.0,37.3904,0.5565,0.7151,958,1260,615,858,167.0345
12,177.0403,4,1347.3536,661.2066,8575.0,1461.0,126.2001,0.8933,1.7915,582.0,36.516,0.5374,0.6991,1260,1566,615,858,167.0345
12,177.4409,1,454.2597,648.5817,9246.0,1931.0,127.7974,0.999,1.4236,577.0,46.4577,0.4366,0.6078,342,648,615,858,167.0345
12,177.4409,2,795.2366,653.3995,14009.0,3500.0,147.5275,0.6694,1.5417,582.0,38.5163,0.5392,0.7006,648,958,615,858,167.0345
12,177.4409,3,1130.5845,670.7048,9956.0,853.0,133.9619,0.8565,1.6716,598.0,38.8397,0.4794,0.6481,958,1260,615,858,167.0345
12,177.4409,4,1337.1152,660.0546,7199.0,1320.0,112.3343,0.9986,1.7696,586.0,30.3749,0.4959,0.663,1260,1566,615,858,167.0345
12,177.8414,1,466.4856,653.426,11630.0,2737.0,190.0397,0.7203,2.7156,570.0,45.2478,0.4589,0.6291,342,648,615,858,167.0345
12,177.8414,2,834.0052,648.6471,13592.0,3535.0,154.8883,0.5505,1.6887,586.0,46.916,0.3923,0.5635,648,958,615,858,167.0345
12,177.8414,3,1129.6608,667.1052,12163.0,1243.0,196.4626,0.6478,2.6574,595.0,40.051,0.5127,0.6779,958,1260,615,858,167.0345
12,177.8414,4,1343.8134,662.9233,7697.0,1067.0,114.6716,0.997,1.6115,590.0,28.525,0.5472,0.7073,1260,1566,615,858,167.0345
12,178.242,1,462.1405,650.6932,11154.0,2792.0,196.991,0.594,3.1433,576.0,26.9307,0.6497,0.7877,342,648,615,858,167.0345
12,178.242,2,858.0384,651.7943,13745.0,3729.0,167.8439,0.7759,1.6632,564.0,45.2685,0.4334,0.6047,648,958,615,858,167.0345
12,178.242,3,1155.1802,659.0825,11396.0,1967.0,165.1646,0.5928,2.2385,585.0,44.2153,0.499,0.6658,958,1260,615,858,167.0345
12,178.242,4,1356.2446,661.2611,8846.0,1215.0,124.4418,0.9015,1.5932,591.0,30.4077,0.5122,0.6774,1260,1566,615,858,167.0345
12,178.6425,1,449.0211,653.6631,10566.0,2501.0,153.2933,0.6093,2.1481,585.0,33.9395,0.5601,0.718,342,648,615,858,167.0345
12,178.6425,2,869.2427,661.3568,12754.0,2654.0,158.227,0.6992,1.9573,599.0,34.2085,0.5448,0.7053,648,958,615,858,167.0345
12,178.6425,3,1181.1415,649.5747,9185.0,1904.0,129.532,0.7868,1.6324,580.0,47.2136,0.4829,0.6513,958,1260,615,858,167.0345
12,178.6425,4,1383.859,661.5657,9489.0,1030.0,142.6991,0.7434,1.8944,594.0,42.4455,0.3426,0.5104,1260,1566,615,858,167.0345
12,179.0431,1,440.6145,636.1821,7385.0,2024.0,130.2699,0.7827,1.8714,581.0,31.8348,0.6076,0.7559,342,648,615,858,167.0345
12,179.0431,2,887.8557,660.6518,12629.0,2610.0,149.5629,0.793,1.862,599.0,33.6477,0.5348,0.6969,648,958,615,858,167.0345
12,179.0431,3,1184.5624,662.6235,9303.0,1502.0,126.77,0.9225,1.5614,584.0,34.5103,0.5814,0.7353,958,1260,615,858,167.0345
12,179.0431,4,1422.0508,656.3919,10704.0,1358.0,169.5801,0.6003,2.3229,592.0,54.8649,0.3431,0.5109,1260,1566,615,858,167.0345
12,179.4436,1,443.6764,640.9791,11106.0,3173.0,178.7189,0.6485,2.4673,569.0,32.5951,0.6168,0.763,342,648,615,858,167.0345
12,179.4436,2,890.2018,662.876,12138.0,2568.0,159.9037,0.943,1.7613,576.0,24.4731,0.6742,0.8054,648,958,615,858,167.0345
12,179.4436,3,1187.6241,664.7801,9927.0,1595.0,127.5348,0.9905,1.4188,579.0,26.5322,0.6489,0.7871,958,1260,615,858,167.0345
12,179.4436,4,1455.4992,662.9995,11854.0,1452.0,173.3016,0.6293,2.2429,592.0,56.1105,0.3278,0.4937,1260,1566,615,858,167.0345
12,179.8441,1,439.6052,659.4697,11416.0,2733.0,190.6438,0.7654,2.9488,574.0,39.5013,0.5538,0.7128,342,648,615,858,167.0345
12,179.8441,2,896.3458,668.009,12280.0,2044.0,141.869,0.919,1.5923,598.0,28.6284,0.6217,0.7667,648,958,615,858,167.0345
12,179.8441,3,1186.2102,653.6644,10647.0,1797.0,138.144,0.9094,1.3941,572.0,32.8069,0.5903,0.7424,958,1260,615,858,167.0345
12,179.8441,4,1476.51,665.0526,11963.0,1352.0,167.3525,0.6458,2.1533,593.0,42.3332,0.5016,0.6681,1260,1566,615,858,167.0345
12,180.2447,1,435.8748,677.712,11349.0,999.0,192.054,0.6809,2.7951,584.0,34.7987,0.5389,0.7004,342,648,615,858,167.0345
12,180.2447,2,892.8002,651.6856,11730.0,2662.0,151.6092,0.9436,1.5382,563.0,31.5555,0.6407,0.781,648,958,615,858,167.0345
12,180.2447,3,1177.1915,653.1977,10590.0,1663.0,130.6403,0.8061,1.2318,574.0,29.8286,0.6776,0.8078,958,1260,615,858,167.0345
12,180.2447,4,1489.4752,664.4314,11615.0,1365.0,164.7633,0.6338,2.1489,594.0,33.1866,0.6136,0.7605,1260,1566,615,858,167.0345
12,180.6452,1,419.2852,653.5291,8973.0,2605.0,149.8081,0.9609,2.2732,563.0,49.476,0.349,0.5175,342,648,615,858,167.0345
12,180.6452,2,889.5475,647.6241,11184.0,2745.0,135.0146,0.9704,1.2426,564.0,25.2029,0.7334,0.8462,648,958,615,858,167.0345
12,180.6452,3,1160.6376,656.346,11640.0,2090.0,133.6151,0.7425,1.2463,569.0,30.8876,0.603,0.7523,958,1260,615,858,167.0345
12,180.6452,4,1493.958,667.2529,11683.0,1770.0,162.9122,0.7602,2.1127,584.0,31.1798,0.6337,0.7758,1260,1566,615,858,167.0345
12,181.0458,1,422.3959,669.1394,10687.0,1651.0,131.0812,0.8761,1.6298,589.0,32.8974,0.5044,0.6706,342,648,615,858,167.0345
12,181.0458,2,891.532,654.4707,12826.0,2824.0,144.4069,0.9142,1.2857,565.0,26.1432,0.7171,0.8352,648,958,615,858,167.0345
12,181.0458,3,1146.5271,656.576,11649.0,1886.0,128.2691,0.8695,1.1919,573.0,33.5514,0.5476,0.7077,958,1260,615,858,167.0345
12,181.0458,4,1496.2807,669.2852,11941.0,1638.0,162.349,0.7707,2.0624,587.0,19.9508,0.7692,0.8695,1260,1566,615,858,167.0345
12,181.4463,1,425.2413,659.0923,9758.0,1492.0,139.241,0.9106,1.6836,585.0,38.285,0.4662,0.636,342,648,615,858,167.0345
12,181.4463,2,891.0224,665.9634,14518.0,2369.0,151.7429,0.9323,1.3281,570.0,23.1821,0.7349,0.8472,648,958,615,858,167.0345
12,181.4463,3,1137.6775,667.008,12604.0,1639.0,134.3946,0.942,1.2879,576.0,30.3619,0.6295,0.7726,958,1260,615,858,167.0345
12,181.4463,4,1500.4872,671.7519,11745.0,1300.0,162.1401,0.7632,1.9551,589.0,22.4372,0.7207,0.8377,1260,1566,615,858,167.0345
12,181.8469,1,455.0009,642.6084,10287.0,2505.0,165.2812,0.6141,2.2366,583.0,47.8201,0.4643,0.6342,342,648,615,858,167.0345
12,181.8469,2,878.7868,662.3299,13609.0,2463.0,156.6013,0.9526,1.488,565.0,30.2683,0.6431,0.7828,648,958,615,858,167.0345
12,181.8469,3,1133.5408,658.7071,13556.0,2025.0,160.1575,0.5251,1.4994,580.0,42.2099,0.4672,0.6369,958,1260,615,858,167.0345
12,181.8469,4,1509.7757,666.7333,9055.0,994.0,129.643,0.9005,1.7006,590.0,41.275,0.5911,0.743,1260,1566,615,858,167.0345
12,182.2474,1,494.4569,645.1057,11334.0,2743.0,201.8046,0.6305,2.8951,562.0,64.9471,0.3012,0.463,342,648,615,858,167.0345
12,182.2474,2,865.827,661.9439,13663.0,2577.0,158.0252,0.9678,1.5294,564.0,32.3134,0.6219,0.7669,648,958,615,858,167.0345
12,182.2474,3,1131.8445,659.6345,14217.0,2696.0,193.5913,0.6462,2.2133,572.0,27.1051,0.6001,0.7501,958,1260,615,858,167.0345
12,182.2474,4,1512.1065,648.8023,7753.0,975.0,120.9821,0.5846,1.6372,593.0,37.9176,0.4486,0.6193,1260,1566,615,858,167.0345
12,182.6479,1,513.9106,665.874,9934.0,1525.0,158.5924,0.8756,2.1232,581.0,59.2269,0.3259,0.4916,342,648,615,858,167.0345
12,182.6479,2,856.5071,663.5956,14799.0,2421.0,162.7679,0.9712,1.5204,568.0,27.5187,0.6771,0.8075,648,958,615,858,167.0345
12,182.6479,3,1136.8331,666.1493,13675.0,2149.0,192.2694,0.4575,2.8875,608.0,28.884,0.6371,0.7784,958,1260,615,858,167.0345
12,182.6479,4,1486.3932,651.6078,7661.0,813.0,125.96,0.6209,1.8056,596.0,54.0546,0.3864,0.5574,1260,1566,615,858,167.0345
12,183.0485,1,529.5157,656.2681,10032.0,1931.0,158.0888,0.767,2.1696,583.0,51.1928,0.3265,0.4922,342,648,615,858,167.0345
12,183.0485,2,847.5098,664.9585,15711.0,2888.0,190.5748,0.843,1.9069,565.0,34.3128,0.5657,0.7226,648,958,615,858,167.0345
12,183.0485,3,1156.3526,654.881,11623.0,2213.0,159.7737,0.4577,2.3262,599.0,29.9744,0.5699,0.7261,958,1260,615,858,167.0345
12,183.0485,4,1445.6323,653.8397,10293.0,1508.0,158.8118,0.6017,2.2073,593.0,63.6571,0.2674,0.422,1260,1566,615,858,167.0345
12,183.449,1,510.5872,639.7328,10447.0,2884.0,173.8529,0.4542,2.4706,586.0,37.263,0.5819,0.7357,342,648,615,858,167.0345
12,183.449,2,823.4191,652.6328,14207.0,3563.0,174.7448,0.5576,2.0671,585.0,42.5321,0.4511,0.6217,648,958,615,858,167.0345
12,183.449,3,1176.0171,651.2802,9623.0,2165.0,131.2627,0.7543,1.7278,580.0,35.9829,0.5149,0.6798,958,1260,615,858,167.0345
12,183.449,4,1412.4899,658.2655,11216.0,1425.0,172.0167,0.5695,2.3929,592.0,64.5434,0.3564,0.5255,1260,1566,615,858,167.0345
12,183.8496,1,485.1964,637.3232,11953.0,3336.0,180.03,0.4252,2.3966,579.0,38.9273,0.5641,0.7213,342,648,615,858,167.0345
12,183.8496,2,776.4716,639.1927,14698.0,5188.0,192.0604,0.7397,2.2347,545.0,51.314,0.3254,0.491,648,958,615,858,167.0345
12,183.8496,3,1180.3263,650.1422,7477.0,1391.0,105.3947,0.6594,1.5001,590.0,27.3125,0.5968,0.7475,958,1260,615,858,167.0345
12,183.8496,4,1384.9832,663.7713,11382.0,1836.0,176.731,0.65,2.5883,587.0,52.6374,0.4056,0.5771,1260,1566,615,858,167.0345
12,184.2501,1,480.1159,647.656,11731.0,2335.0,179.2688,0.4966,2.3732,581.0,37.6507,0.5734,0.7288,342,648,615,858,167.0345
12,184.2501,2,746.2886,655.3998,16576.0,4735.0,188.7558,0.9901,1.8566,541.0,54.0005,0.3134,0.4772,648,958,615,858,167.0345
12,184.2501,3,1191.2326,653.7628,6948.0,1001.0,105.2663,0.9059,1.5249,591.0,26.9193,0.5492,0.709,958,1260,615,858,167.0345
12,184.2501,4,1367.009,667.6959,10082.0,1431.0,166.5138,0.7319,2.6332,584.0,48.1968,0.4529,0.6235,1260,1566,615,858,167.0345
12,184.6507,1,467.1993,654.2882,11624.0,2407.0,170.6246,0.5885,2.3204,587.0,33.3246,0.5907,0.7427,342,648,615,858,167.0345
12,184.6507,2,739.1044,680.8255,14050.0,2161.0,191.0645,0.8081,2.5207,595.0,43.4292,0.458,0.6282,648,958,615,858,167.0345
12,184.6507,3,1191.7726,665.1606,8131.0,751.0,115.6478,0.9491,1.4962,598.0,26.224,0.5968,0.7475,958,1260,615,858,167.0345
12,184.6507,4,1358.9133,683.5295,9741.0,722.0,165.0805,0.748,2.6362,590.0,40.4755,0.5017,0.6682,1260,1566,615,858,167.0345
12,185.0512,1,463.269,662.1376,9830.0,1582.0,139.9764,0.7799,1.7992,586.0,36.5451,0.5453,0.7058,342,648,615,858,167.0345
12,185.0512,2,736.3011,701.1572,13114.0,577.0,193.3367,0.8425,2.6126,595.0,30.928,0.5799,0.7341,648,958,615,858,167.0345
12,185.0512,3,1186.3562,664.8117,8002.0,873.0,100.2703,0.9987,1.2239,596.0,27.43,0.616,0.7624,958,1260,615,858,167.0345
12,185.0512,4,1341.4175,671.6071,9942.0,1546.0,160.9873,0.935,2.3326,576.0,37.2767,0.5007,0.6673,1260,1566,615,858,167.0345
12,185.4518,1,447.9863,640.6747,10037.0,2530.0,155.9377,0.6146,2.0102,576.0,51.4328,0.3664,0.5363,342,648,615,858,167.0345
12,185.4518,2,731.7181,671.0241,12232.0,2359.0,141.1584,0.9795,1.6424,593.0,44.2964,0.3945,0.5658,648,958,615,858,167.0345
12,185.4518,3,1183.3487,657.4482,7282.0,718.0,101.7625,0.9991,1.2593,597.0,26.5952,0.6669,0.8002,958,1260,615,858,167.0345
12,185.4518,4,1336.1618,652.0797,8370.0,1944.0,135.4244,0.9563,1.8152,568.0,43.1721,0.4517,0.6223,1260,1566,615,858,167.0345
12,185.8523,1,456.1539,646.4976,10234.0,2220.0,151.2727,0.5118,1.9535,590.0,37.3062,0.6098,0.7576,342,648,615,858,167.0345
12,185.8523,2,731.5298,671.2949,12413.0,2128.0,159.1212,0.9981,1.7963,577.0,21.9683,0.7431,0.8526,648,958,615,858,167.0345
12,185.8523,3,1178.629,666.8714,7989.0,525.0,106.5504,0.9935,1.3298,601.0,32.2646,0.6121,0.7593,958,1260,615,858,167.0345
12,185.8523,4,1344.0984,643.5962,8693.0,2036.0,137.2525,0.7144,1.7116,571.0,36.5312,0.5556,0.7143,1260,1566,615,858,167.0345
12,186.2528,1,470.0613,639.7563,11242.0,2947.0,179.056,0.4629,2.4708,587.0,29.2865,0.6675,0.8006,342,648,615,858,167.0345
12,186.2528,2,733.8083,667.3148,9905.0,1562.0,151.9859,0.9665,2.0247,585.0,26.1851,0.6366,0.7779,648,958,615,858,167.0345
12,186.2528,3,1171.2322,665.4777,8074.0,594.0,115.789,0.8,1.5363,599.0,39.6027,0.5426,0.7035,958,1260,615,858,167.0345
12,186.2528,4,1368.2792,650.4898,10659.0,2041.0,129.1876,0.8701,1.3104,571.0,54.1566,0.3725,0.5428,1260,1566,615,858,167.0345
12,186.6534,1,489.9399,645.3816,12179.0,2944.0,193.83,0.4171,2.6631,584.0,37.2688,0.5782,0.7328,342,648,615,858,167.0345
12,186.6534,2,730.5,672.4628,9790.0,1560.0,141.6064,0.9775,1.9362,582.0,22.8097,0.6703,0.8026,648,958,615,858,167.0345
12,186.6534,3,1153.949,659.0713,8407.0,655.0,124.9326,0.7914,1.5539,601.0,44.3023,0.5361,0.698,958,1260,615,858,167.0345
12,186.6534,4,1388.9237,659.6026,12144.0,2136.0,139.8266,0.8458,1.4863,577.0,47.829,0.4589,0.6291,1260,1566,615,858,167.0345
12,187.0539,1,509.9843,646.4527,11254.0,2522.0,185.2751,0.6162,2.5591,565.0,51.9487,0.4681,0.6377,342,648,615,858,167.0345
12,187.0539,2,732.8439,668.4198,9595.0,1326.0,148.9751,0.9763,2.035,584.0,20.9515,0.7236,0.8396,648,958,615,858,167.0345
12,187.0539,3,1137.3441,666.4998,9392.0,673.0,136.2312,0.7034,1.7716,600.0,43.4434,0.5188,0.6832,958,1260,615,858,167.0345
12,187.0539,4,1413.2581,653.2826,13125.0,3053.0,147.6561,0.8626,1.5219,571.0,43.2888,0.471,0.6404,1260,1566,615,858,167.0345
12,187.4545,1,532.6624,647.3499,8552.0,2135.0,123.3609,0.9963,1.4158,586.0,52.554,0.3751,0.5456,342,648,615,858,167.0345
12,187.4545,2,731.1734,683.7979,10006.0,1141.0,149.5873,0.9978,2.0727,588.0,30.8802,0.6159,0.7623,648,958,615,858,167.0345
12,187.4545,3,1122.4244,667.0413,10252.0,729.0,147.525,0.7269,1.8463,600.0,42.6046,0.5531,0.7123,958,1260,615,858,167.0345
12,187.4545,4,1445.5939,650.5873,14037.0,3033.0,170.2819,0.5966,1.8115,572.0,41.3732,0.4646,0.6344,1260,1566,615,858,167.0345
12,187.855,1,527.4929,654.321,9276.0,1692.0,150.7193,0.6427,2.17,589.0,42.8293,0.4085,0.5801,342,648,615,858,167.0345
12,187.855,2,743.8653,660.0308,10523.0,2018.0,163.1309,0.8461,2.1933,586.0,38.0537,0.5248,0.6884,648,958,615,858,167.0345
12,187.855,3,1108.8352,667.1102,10472.0,868.0,156.0563,0.6583,2.0767,600.0,35.268,0.6213,0.7665,958,1260,615,858,167.0345
12,187.855,4,1465.3694,661.6728,13781.0,1917.0,178.831,0.4042,2.3641,610.0,46.667,0.4329,0.6042,1260,1566,615,858,167.0345
12,188.2556,1,509.7116,637.8162,8800.0,1918.0,151.542,0.4887,2.1681,584.0,30.3883,0.6478,0.7862,342,648,615,858,167.0345
12,188.2556,2,769.5022,650.5381,10045.0,2120.0,158.8002,0.7431,2.1705,579.0,41.1902,0.4828,0.6512,648,958,615,858,167.0345
12,188.2556,3,1093.6001,667.256,10142.0,946.0,142.7737,0.745,1.8339,597.0,38.3104,0.5417,0.7027,958,1260,615,858,167.0345
12,188.2556,4,1483.5904,668.4257,12585.0,1881.0,168.016,0.6547,2.1223,584.0,41.9967,0.4568,0.6271,1260,1566,615,858,167.0345
12,188.6561,1,507.8478,653.947,9745.0,1543.0,130.3302,0.4974,1.5683,593.0,34.4648,0.6143,0.7611,342,648,615,858,167.0345
12,188.6561,2,801.0329,658.2624,9944.0,1541.0,149.0996,0.8211,1.9805,588.0,55.7056,0.3458,0.5139,648,958,615,858,167.0345
12,188.6561,3,1075.9285,664.7887,10452.0,1226.0,164.8135,0.6817,2.1681,595.0,39.3895,0.5415,0.7025,958,1260,615,858,167.0345
12,188.6561,4,1506.3319,668.3577,9356.0,1068.0,125.3849,0.8605,1.5603,591.0,39.651,0.4398,0.6109,1260,1566,615,858,167.0345
12,189.0566,1,501.9191,649.9369,8197.0,1883.0,116.7038,0.9968,1.4352,582.0,41.7439,0.5129,0.6781,342,648,615,858,167.0345
12,189.0566,2,819.7967,674.9297,11296.0,1311.0,167.6009,0.8281,2.2317,584.0,52.5809,0.3627,0.5323,648,958,615,858,167.0345
12,189.0566,3,1059.6233,658.3488,10755.0,1685.0,164.8881,0.6097,2.2335,590.0,35.5235,0.6412,0.7813,958,1260,615,858,167.0345
12,189.0566,4,1513.8572,658.6486,8201.0,967.0,111.2813,1.0,1.347,594.0,29.3353,0.5792,0.7335,1260,1566,615,858,167.0345
12,189.4572,1,499.9236,649.2326,11776.0,2704.0,191.1422,0.5843,2.7438,574.0,53.9064,0.3281,0.4941,342,648,615,858,167.0345
12,189.4572,2,837.4055,677.5745,11561.0,1188.0,179.3036,0.8037,2.4317,588.0,43.1604,0.4976,0.6646,648,958,615,858,167.0345
12,189.4572,3,1036.3752,651.6197,9936.0,1997.0,150.1167,0.6526,2.0397,583.0,48.7391,0.5073,0.6731,958,1260,615,858,167.0345
12,189.4572,4,1493.8507,668.4492,8797.0,729.0,110.9675,0.984,1.3122,595.0,40.7716,0.4109,0.5824,1260,1566,615,858,167.0345
12,189.8577,1,524.9434,657.9708,11353.0,2493.0,219.9926,0.7668,3.4348,550.0,61.1731,0.3335,0.5002,342,648,615,858,167.0345
12,189.8577,2,844.477,676.1896,11779.0,1558.0,179.0595,0.8344,2.402,585.0,30.9131,0.6661,0.7996,648,958,615,858,167.0345
12,189.8577,3,1027.764,658.7446,9669.0,2057.0,140.8529,0.8304,1.9531,581.0,39.2038,0.5587,0.7169,958,1260,615,858,167.0345
12,189.8577,4,1475.3039,674.024,9221.0,530.0,128.4803,0.8819,1.6162,600.0,41.3341,0.4637,0.6336,1260,1566,615,858,167.0345
12,190.2583,1,545.3868,676.4011,9798.0,1661.0,171.5935,0.8956,3.0027,595.0,58.1701,0.2967,0.4577,342,648,615,858,167.0345
12,190.2583,2,855.7115,663.5104,11923.0,2441.0,173.2013,0.8153,2.3134,577.0,30.3963,0.6591,0.7945,648,958,615,858,167.0345
12,190.2583,3,1025.2867,662.0224,9605.0,2026.0,135.962,0.9206,1.8402,579.0,31.0472,0.6744,0.8055,958,1260,615,858,167.0345
12,190.2583,4,1450.5273,671.0923,9544.0,786.0,132.8759,0.8478,1.6962,595.0,46.9713,0.4026,0.574,1260,1566,615,858,167.0345
12,190.6588,1,556.8595,679.4236,9407.0,1180.0,150.8767,0.9972,2.223,588.0,40.4437,0.3873,0.5584,342,648,615,858,167.0345
12,190.6588,2,869.0173,654.4493,11557.0,2521.0,160.0952,0.7622,1.9792,581.0,37.3265,0.5895,0.7417,648,958,615,858,167.0345
12,190.6588,3,1019.2989,651.0465,9227.0,2183.0,122.2296,0.9989,1.3519,573.0,36.0763,0.5701,0.7262,958,1260,615,858,167.0345
12,190.6588,4,1419.8559,666.8006,10082.0,1507.0,125.2887,0.9324,1.5465,596.0,44.482,0.3561,0.5252,1260,1566,615,858,167.0345
12,191.0594,1,538.4425,649.5032,10502.0,2528.0,169.7409,0.7383,2.3416,573.0,44.3948,0.3967,0.5681,342,648,615,858,167.0345
12,191.0594,2,877.5348,663.0771,10837.0,2197.0,163.8702,0.8494,2.3383,577.0,43.5421,0.5716,0.7274,648,958,615,858,167.0345
12,191.0594,3,1023.4448,644.2109,9205.0,2434.0,128.1333,0.7618,1.4276,569.0,37.1475,0.5943,0.7456,958,1260,615,858,167.0345
12,191.0594,4,1404.8499,674.869,9468.0,637.0,129.7993,0.9719,1.6342,598.0,40.3805,0.4378,0.609,1260,1566,615,858,167.0345
12,191.4599,1,498.8135,641.4059,11581.0,3384.0,202.0396,0.7238,2.9341,553.0,60.9564,0.3159,0.4801,342,648,615,858,167.0345
12,191.4599,2,887.5248,673.5689,10204.0,1506.0,156.0849,0.801,2.3817,599.0,35.503,0.5364,0.6983,648,958,615,858,167.0345
12,191.4599,3,1046.7595,650.4972,10642.0,2003.0,123.064,0.9242,1.1212,571.0,49.5174,0.4002,0.5717,958,1260,615,858,167.0345
12,191.4599,4,1394.9184,657.7299,9795.0,1540.0,157.2964,0.8312,2.0806,582.0,40.8889,0.4641,0.634,1260,1566,615,858,167.0345
12,191.8605,1,466.8587,666.0993,12523.0,2286.0,218.2951,0.7314,3.2346,571.0,70.059,0.178,0.3022,342,648,615,858,167.0345
12,191.8605,2,891.0093,666.3045,10988.0,2053.0,153.0676,0.8252,2.1386,594.0,22.319,0.7011,0.8243,648,958,615,858,167.0345
12,191.8605,3,1075.6382,653.4363,11198.0,2157.0,136.1818,0.8257,1.4175,569.0,48.0739,0.417,0.5886,958,1260,615,858,167.0345
12,191.8605,4,1401.5126,672.5904,11864.0,1123.0,174.9898,0.6772,2.3913,596.0,43.4117,0.5014,0.6679,1260,1566,615,858,167.0345
12,192.261,1,440.1241,668.3106,12238.0,2846.0,235.4594,0.8176,3.8242,557.0,59.5829,0.3745,0.5449,342,648,615,858,167.0345
12,192.261,2,890.5494,658.4636,11086.0,2343.0,152.6471,0.9697,1.7017,572.0,25.8565,0.6623,0.7969,648,958,615,858,167.0345
12,192.261,3,1102.1898,653.3886,12189.0,2171.0,144.5566,0.7451,1.4424,569.0,50.0527,0.3586,0.5279,958,1260,615,858,167.0345
12,192.261,4,1423.7439,670.3548,11287.0,1042.0,193.2524,0.6652,2.8964,593.0,43.6023,0.504,0.6702,1260,1566,615,858,167.0345
12,192.6615,1,417.489,670.4504,11092.0,2407.0,210.2176,0.9149,3.3302,555.0,55.1211,0.3871,0.5582,342,648,615,858,167.0345
12,192.6615,2,881.8257,651.8203,11501.0,2806.0,143.9007,0.9564,1.4263,566.0,36.6495,0.589,0.7413,648,958,615,858,167.0345
12,192.6615,3,1115.7911,672.6249,12635.0,25.0,166.1829,0.4273,1.9282,615.0,36.4032,0.4779,0.6467,958,1260,615,858,167.0345
12,192.6615,4,1441.6568,671.4238,11990.0,1179.0,186.4061,0.6937,2.6071,594.0,38.206,0.5596,0.7176,1260,1566,615,858,167.0345
12,193.0621,1,412.6408,692.3073,9636.0,1038.0,178.9099,0.9524,3.142,589.0,40.802,0.4873,0.6552,342,648,615,858,167.0345
12,193.0621,2,871.5043,652.6426,12448.0,3034.0,146.3689,0.9571,1.297,565.0,27.3863,0.687,0.8145,648,958,615,858,167.0345
12,193.0621,3,1115.3894,668.6181,15469.0,3121.0,174.8586,0.9123,1.7795,567.0,35.914,0.4678,0.6374,958,1260,615,858,167.0345
12,193.0621,4,1460.8002,664.6155,11514.0,1290.0,175.6222,0.7434,2.2745,586.0,38.1998,0.5907,0.7427,1260,1566,615,858,167.0345
12,193.4626,1,419.3585,662.59,10209.0,2222.0,145.3558,0.9493,2.011,575.0,47.0663,0.286,0.4448,342,648,615,858,167.0345
12,193.4626,2,852.4447,663.2893,12670.0,2303.0,149.9737,0.9989,1.4948,568.0,38.1441,0.5442,0.7048,648,958,615,858,167.0345
12,193.4626,3,1111.3608,671.8906,14588.0,1705.0,191.1001,0.5451,2.4635,615.0,41.0613,0.5079,0.6737,958,1260,615,858,167.0345
12,193.4626,4,1483.8491,658.8431,11143.0,1672.0,146.0222,0.7708,1.6738,581.0,43.5802,0.52,0.6842,1260,1566,615,858,167.0345
12,193.8632,1,469.2154,642.9276,11647.0,3226.0,187.2111,0.7389,2.4079,557.0,60.4653,0.1943,0.3253,342,648,615,858,167.0345
12,193.8632,2,841.0407,664.7589,13145.0,2410.0,152.6125,0.9941,1.5268,566.0,35.9635,0.5619,0.7195,648,958,615,858,167.0345
12,193.8632,3,1110.1023,676.9818,15125.0,2237.0,190.7901,0.8999,2.0751,568.0,38.2237,0.5601,0.718,958,1260,615,858,167.0345
12,193.8632,4,1499.269,660.1268,11179.0,1794.0,144.7522,0.8094,1.6558,581.0,49.1032,0.5463,0.7066,1260,1566,615,858,167.0345
12,194.2637,1,497.7508,660.6842,11544.0,2347.0,187.4783,0.8765,2.4182,557.0,64.4986,0.3055,0.468,342,648,615,858,167.0345
12,194.2637,2,831.3066,660.3401,12918.0,2546.0,149.6769,0.9989,1.4874,565.0,28.9581,0.6567,0.7928,648,958,615,858,167.0345
12,194.2637,3,1124.6047,660.7516,15193.0,2221.0,210.746,0.4377,2.8907,610.0,39.3433,0.5274,0.6906,958,1260,615,858,167.0345
12,194.2637,4,1508.3174,674.126,11019.0,1361.0,142.5616,0.9203,1.6434,584.0,36.7812,0.5765,0.7313,1260,1566,615,858,167.0345
12,194.6643,1,508.8226,678.5655,12510.0,1541.0,176.2813,0.9527,2.067,585.0,53.2104,0.3283,0.4943,342,648,615,858,167.0345
12,194.6643,2,822.6625,665.102,13309.0,2445.0,152.6987,0.9938,1.5373,566.0,25.5598,0.6816,0.8107,648,958,615,858,167.0345
12,194.6643,3,1124.2433,659.2674,14762.0,2215.0,160.2479,0.4666,1.8083,613.0,29.1277,0.6322,0.7747,958,1260,615,858,167.0345
12,194.6643,4,1509.2206,671.8148,12502.0,1381.0,151.3661,0.9798,1.4953,580.0,31.4468,0.6233,0.7679,1260,1566,615,858,167.0345
12,195.0648,1,491.5316,671.3784,13029.0,2441.0,220.5652,0.7611,3.2946,569.0,48.6537,0.4215,0.5931,342,648,615,858,167.0345
12,195.0648,2,815.4353,669.9452,14080.0,2544.0,158.3127,0.9968,1.6096,564.0,23.7023,0.6774,0.8077,648,958,615,858,167.0345
12,195.0648,3,1122.5938,667.7617,15308.0,1860.0,204.1904,0.4492,2.6749,612.0,28.3175,0.6106,0.7582,958,1260,615,858,167.0345
12,195.0648,4,1498.7748,666.9257,13292.0,1842.0,181.6662,0.8084,2.0285,573.0,44.4875,0.4968,0.6638,1260,1566,615,858,167.0345
12,195.4653,1,454.1446,654.7114,12437.0,2980.0,224.2481,0.7128,3.3651,556.0,60.8728,0.3513,0.52,342,648,615,858,167.0345
12,195.4653,2,812.9884,665.1938,13482.0,2602.0,155.419,0.9818,1.5998,565.0,26.6459,0.6468,0.7855,648,958,615,858,167.0345
12,195.4653,3,1129.5216,659.3075,15437.0,2899.0,187.8165,0.6471,1.979,567.0,28.9884,0.6066,0.7551,958,1260,615,858,167.0345
12,195.4653,4,1458.604,645.8506,13812.0,3059.0,210.1026,0.5253,2.5412,574.0,47.9603,0.4235,0.595,1260,1566,615,858,167.0345
12,195.8659,1,429.2261,669.0075,12351.0,2906.0,222.8613,0.8546,3.5581,558.0,64.2015,0.3366,0.5036,342,648,615,858,167.0345
12,195.8659,2,814.5984,657.7358,13321.0,2798.0,155.7167,0.9141,1.5387,567.0,22.196,0.7393,0.8501,648,958,615,858,167.0345
12,195.8659,3,1134.866,665.3112,14777.0,2547.0,200.662,0.5631,2.6347,582.0,29.836,0.5674,0.724,958,1260,615,858,167.0345
12,195.8659,4,1419.1402,646.2237,13868.0,3467.0,200.3226,0.5521,2.5108,572.0,55.5903,0.3856,0.5566,1260,1566,615,858,167.0345
12,196.2664,1,415.2014,670.5388,12152.0,2746.0,216.845,0.863,3.2621,557.0,42.7272,0.5386,0.7001,342,648,615,858,167.0345
12,196.2664,2,826.3675,650.419,13345.0,3099.0,144.6425,0.789,1.3599,582.0,26.3939,0.7005,0.8239,648,958,615,858,167.0345
12,196.2664,3,1165.8853,643.8541,11280.0,2692.0,172.9762,0.6866,2.1811,571.0,37.0794,0.488,0.6559,958,1260,615,858,167.0345
12,196.2664,4,1391.8223,655.1408,13616.0,2997.0,175.2233,0.6147,1.9865,571.0,48.6947,0.4099,0.5814,1260,1566,615,858,167.0345
12,196.667,1,399.3598,669.1076,11913.0,3130.0,238.5945,0.9461,3.8765,547.0,46.1696,0.4906,0.6582,342,648,615,858,167.0345
12,196.667,2,842.2155,641.6991,12710.0,3835.0,150.6477,0.7368,1.618,578.0,30.7347,0.6409,0.7812,648,958,615,858,167.0345
12,196.667,3,1176.3022,656.568,9595.0,1959.0,120.1181,0.7083,1.6458,583.0,38.6407,0.4662,0.636,958,1260,615,858,167.0345
12,196.667,4,1371.3397,656.5085,13393.0,2840.0,171.6521,0.7045,1.9826,574.0,36.1659,0.5168,0.6815,1260,1566,615,858,167.0345
12,197.0675,1,398.0371,679.6823,10633.0,2043.0,180.2664,0.8688,3.1,592.0,38.2145,0.583,0.7365,342,648,615,858,167.0345
12,197.0675,2,852.1589,655.4987,13502.0,3390.0,174.8677,0.7608,2.0628,567.0,38.2704,0.5119,0.6772,648,958,615,858,167.0345
12,197.0675,3,1196.2894,658.8498,8085.0,1278.0,123.0173,0.9999,1.6179,590.0,32.3494,0.4867,0.6548,958,1260,615,858,167.0345
12,197.0675,4,1356.1741,665.6616,10488.0,1607.0,155.4335,0.8615,2.033,579.0,39.5339,0.4954,0.6625,1260,1566,615,858,167.0345
12,197.4681,1,399.0118,657.4689,13338.0,3534.0,152.2671,0.9079,1.8689,594.0,43.2089,0.4896,0.6574,342,648,615,858,167.0345
12,197.4681,2,863.5387,674.2465,14194.0,2463.0,173.1404,0.8082,2.1261,601.0,41.8633,0.4438,0.6147,648,958,615,858,167.0345
12,197.4681,3,1197.2615,649.5718,7043.0,1116.0,102.8328,0.963,1.3502,592.0,26.9835,0.6555,0.7919,958,1260,615,858,167.0345
12,197.4681,4,1342.5571,659.8798,7661.0,1238.0,99.5932,0.9825,1.3901,585.0,37.6655,0.4906,0.6582,1260,1566,615,858,167.0345
12,197.8686,1,406.5247,657.9939,15120.0,3998.0,161.5866,0.9117,1.7144,594.0,38.1289,0.5456,0.706,342,648,615,858,167.0345
12,197.8686,2,873.3376,687.7729,11890.0,708.0,188.4543,0.7583,2.7004,599.0,31.2139,0.5464,0.7066,648,958,615,858,167.0345
12,197.8686,3,1177.4891,661.0507,8626.0,1071.0,137.267,0.9982,1.7705,594.0,45.5169,0.4407,0.6118,958,1260,615,858,167.0345
12,197.8686,4,1339.4179,648.623,6112.0,970.0,90.9496,0.9974,1.2325,599.0,28.3676,0.5363,0.6982,1260,1566,615,858,167.0345
12,198.2692,1,413.4967,664.0439,17899.0,3973.0,180.8626,0.9408,1.4407,550.0,46.3529,0.4759,0.6449,342,648,615,858,167.0345
12,198.2692,2,886.6686,667.2587,12347.0,2497.0,158.0387,0.8308,2.1368,599.0,29.2713,0.5226,0.6865,648,958,615,858,167.0345
12,198.2692,3,1161.0534,687.8409,9537.0,374.0,131.0124,0.9996,1.6637,602.0,46.7296,0.4483,0.6191,958,1260,615,858,167.0345
12,198.2692,4,1365.6783,644.5967,9157.0,1658.0,149.4638,0.5642,2.0651,582.0,44.9899,0.3321,0.4987,1260,1566,615,858,167.0345
12,198.6697,1,451.5604,658.1313,17401.0,4233.0,218.5326,0.818,2.1369,532.0,55.1492,0.3696,0.5397,342,648,615,858,167.0345
12,198.6697,2,887.4692,667.8562,12135.0,2408.0,154.7867,0.8444,2.074,598.0,21.186,0.7011,0.8243,648,958,615,858,167.0345
12,198.6697,3,1143.9328,672.064,10413.0,632.0,162.4039,0.8424,2.0816,602.0,45.6507,0.4485,0.6192,958,1260,615,858,167.0345
12,198.6697,4,1408.5214,649.976,11828.0,1686.0,174.2862,0.4095,2.2512,598.0,62.6177,0.2642,0.4179,1260,1566,615,858,167.0345
12,199.0702,1,499.3196,651.1946,15545.0,4274.0,174.2676,0.6488,1.9845,595.0,55.7511,0.2884,0.4476,342,648,615,858,167.0345
12,199.0702,2,889.2949,660.6052,12509.0,2756.0,160.345,0.9792,1.6251,563.0,28.9946,0.6268,0.7706,648,958,615,858,167.0345
12,199.0702,3,1145.1567,661.2982,11648.0,1479.0,179.4303,0.5983,2.4136,590.0,37.7074,0.5612,0.7189,958,1260,615,858,167.0345
12,199.0702,4,1443.6988,661.126,11914.0,1271.0,168.1864,0.5974,2.0848,591.0,53.3143,0.3545,0.5235,1260,1566,615,858,167.0345
12,199.4708,1,543.5155,654.4844,13636.0,3919.0,202.0066,0.6417,3.1881,592.0,57.4858,0.2222,0.3636,342,648,615,858,167.0345
12,199.4708,2,884.5665,672.1451,13311.0,2074.0,167.1254,0.9888,1.7471,571.0,35.8798,0.5913,0.7431,648,958,615,858,167.0345
12,199.4708,3,1173.1502,646.9183,11388.0,2902.0,148.9759,0.8013,1.6868,571.0,47.0069,0.4637,0.6336,958,1260,615,858,167.0345
12,199.4708,4,1471.5025,663.8084,12040.0,1323.0,174.5103,0.5971,2.289,593.0,48.5339,0.4389,0.6101,1260,1566,615,858,167.0345
12,199.8713,1,568.9456,661.3416,11097.0,3104.0,217.7436,0.8791,3.3035,544.0,45.9769,0.3033,0.4655,342,648,615,858,167.0345
12,199.8713,2,873.4541,672.014,13397.0,2240.0,170.6793,0.9983,1.8119,568.0,31.2219,0.6312,0.7739,648,958,615,858,167.0345
12,199.8713,3,1179.3141,664.1998,10931.0,1881.0,159.5882,0.8236,2.0789,575.0,45.8323,0.5507,0.7102,958,1260,615,858,167.0345
12,199.8713,4,1488.1665,664.8188,12067.0,1716.0,166.6837,0.6914,2.1387,585.0,39.1632,0.5665,0.7233,1260,1566,615,858,167.0345
12,200.2719,1,580.3673,661.3118,9460.0,2685.0,211.0383,0.9332,3.6657,542.0,30.9671,0.5283,0.6913,342,648,615,858,167.0345
12,200.2719,2,863.12,644.4128,12199.0,3427.0,163.3053,0.9648,1.7627,548.0,40.229,0.5367,0.6985,648,958,615,858,167.0345
12,200.2719,3,1173.8962,693.7717,10218.0,104.0,153.6382,0.7089,2.1149,610.0,34.4831,0.5378,0.6994,958,1260,615,858,167.0345
12,200.2719,4,1498.26,674.4127,12347.0,1664.0,162.0838,0.7796,2.063,587.0,40.5695,0.5401,0.7014,1260,1566,615,858,167.0345
12,200.6724,1,577.1267,677.5158,7693.0,740.0,179.2962,0.8863,3.5111,593.0,28.3412,0.5658,0.7227,342,648,615,858,167.0345
12,200.6724,2,849.5149,654.7961,12683.0,2872.0,158.379,0.9607,1.6641,558.0,34.9481,0.5986,0.7489,648,958,615,858,167.0345
12,200.6724,3,1176.4333,678.1306,13758.0,1721.0,156.1833,0.8391,1.7701,609.0,32.5503,0.5445,0.7051,958,1260,615,858,167.0345
12,200.6724,4,1512.2328,670.4496,12077.0,1882.0,151.6715,0.9342,1.7423,581.0,34.8209,0.5594,0.7175,1260,1566,615,858,167.0345
12,201.073,1,578.907,638.7021,10095.0,3463.0,159.3448,0.9811,1.9085,547.0,46.9182,0.4184,0.5899,342,648,615,858,167.0345
12,201.073,2,844.9223,664.613,13899.0,2691.0,165.437,0.9216,1.7326,562.0,32.1622,0.6125,0.7597,648,958,615,858,167.0345
12,201.073,3,1164.3191,667.3837,13066.0,2474.0,168.2109,0.9767,1.7001,568.0,43.5778,0.524,0.6877,958,1260,615,858,167.0345
12,201.073,4,1515.6784,657.659,10805.0,1836.0,142.9493,0.9398,1.504,574.0,38.2247,0.5703,0.7263,1260,1566,615,858,167.0345
12,201.4735,1,557.1727,614.4242,10764.0,5356.0,183.8643,0.7289,2.3291,524.0,45.7115,0.3866,0.5576,342,648,615,858,167.0345
12,201.4735,2,828.5032,666.4122,14844.0,2843.0,170.6314,0.9602,1.7106,560.0,37.7427,0.549,0.7088,648,958,615,858,167.0345
12,201.4735,3,1144.7823,642.8489,15377.0,5207.0,197.6733,0.8523,2.1537,537.0,40.1757,0.5571,0.7155,958,1260,615,858,167.0345
12,201.4735,4,1492.501,641.5655,13343.0,3377.0,198.4619,0.586,2.2995,567.0,42.5633,0.4773,0.6462,1260,1566,615,858,167.0345
12,201.874,1,528.6862,631.8824,13389.0,4268.0,167.9914,0.3259,2.1443,582.0,49.8885,0.3202,0.4851,342,648,615,858,167.0345
12,201.874,2,815.0784,664.7077,15363.0,2927.0,184.0142,0.8599,1.8402,565.0,30.2594,0.6089,0.7569,648,958,615,858,167.0345
12,201.874,3,1114.699,652.0643,13596.0,2663.0,152.3033,0.5944,1.6843,595.0,52.8188,0.3471,0.5153,958,1260,615,858,167.0345
12,201.874,4,1440.3456,644.0894,13054.0,2943.0,213.6923,0.5108,2.7816,570.0,63.8368,0.2566,0.4084,1260,1566,615,858,167.0345
12,202.2746,1,479.4898,634.6419,15420.0,4942.0,243.8801,0.3631,3.7092,590.0,55.207,0.307,0.4698,342,648,615,858,167.0345
12,202.2746,2,797.3729,653.5203,14901.0,4098.0,177.4218,0.5469,2.3147,601.0,33.3421,0.5436,0.7043,648,958,615,858,167.0345
12,202.2746,3,1073.9875,650.8404,13884.0,3207.0,201.2745,0.5304,2.5481,565.0,52.9193,0.3101,0.4734,958,1260,615,858,167.0345
12,202.2746,4,1393.1092,647.1565,12800.0,2960.0,186.2086,0.5151,2.2698,566.0,61.1837,0.2821,0.4401,1260,1566,615,858,167.0345
12,202.6751,1,455.2623,640.3745,14842.0,4070.0,223.539,0.3935,3.4204,584.0,47.4424,0.4484,0.6192,342,648,615,858,167.0345
12,202.6751,2,779.1659,646.2644,13928.0,3916.0,167.6387,0.5256,1.8316,585.0,31.2263,0.5699,0.726,648,958,615,858,167.0345
12,202.6751,3,1041.9059,648.916,11294.0,3033.0,156.4942,0.6597,2.054,573.0,45.3244,0.3771,0.5477,958,1260,615,858,167.0345
12,202.6751,4,1369.7039,660.7637,11822.0,1991.0,164.9302,0.6893,2.0204,572.0,50.0685,0.3729,0.5433,1260,1566,615,858,167.0345
12,203.0757,1,438.9034,650.3894,14351.0,3731.0,209.5293,0.523,3.1597,593.0,42.831,0.4744,0.6435,342,648,615,858,167.0345
12,203.0757,2,763.2349,654.0794,15520.0,4185.0,177.151,0.8006,1.6666,558.0,40.3535,0.5054,0.6714,648,958,615,858,167.0345
12,203.0757,3,1022.69,649.1225,7843.0,1926.0,122.4169,0.8607,1.8314,578.0,39.5022,0.4392,0.6103,958,1260,615,858,167.0345
12,203.0757,4,1357.8011,664.1479,10864.0,2096.0,153.6903,0.8058,1.9983,573.0,38.6908,0.5512,0.7107,1260,1566,615,858,167.0345
12,203.4762,1,438.6053,670.6464,12046.0,1560.0,207.6483,0.5533,3.3598,593.0,26.8347,0.5965,0.7473,342,648,615,858,167.0345
12,203.4762,2,752.1795,665.6386,14807.0,2910.0,177.6283,0.7063,2.0816,595.0,31.735,0.5824,0.7361,648,958,615,858,167.0345
12,203.4762,3,1019.0589,660.3106,8579.0,1356.0,133.4999,0.9941,1.7851,587.0,34.8072,0.4939,0.6612,958,1260,615,858,167.0345
12,203.4762,4,1344.2571,666.4952,8768.0,1401.0,138.912,0.8724,2.0911,582.0,31.2754,0.5335,0.6958,1260,1566,615,858,167.0345
12,203.8768,1,414.7255,650.4289,12904.0,3687.0,156.4969,0.7968,2.0451,593.0,42.9357,0.4098,0.5814,342,648,615,858,167.0345
12,203.8768,2,743.5695,661.583,14381.0,3417.0,180.8035,0.8924,1.8453,558.0,24.5503,0.6743,0.8055,648,958,615,858,167.0345
12,203.8768,3,1035.797,668.287,8694.0,1035.0,135.9808,0.9224,1.9726,591.0,36.6397,0.4306,0.602,958,1260,615,858,167.0345
12,203.8768,4,1331.4605,665.0562,8047.0,1369.0,104.13,0.9249,1.5914,607.0,40.1809,0.4086,0.5802,1260,1566,615,858,167.0345
12,204.2773,1,403.847,654.5569,11716.0,3001.0,139.1756,0.8615,1.7324,592.0,34.1453,0.5865,0.7394,342,648,615,858,167.0345
12,204.2773,2,737.7137,666.8111,14616.0,2965.0,170.335,0.8461,1.9386,596.0,28.6688,0.6653,0.799,648,958,615,858,167.0345
12,204.2773,3,1055.4413,667.5853,10108.0,1368.0,158.6423,0.899,2.1947,587.0,34.9036,0.512,0.6773,958,1260,615,858,167.0345
12,204.2773,4,1351.1281,652.3937,7836.0,1095.0,116.581,0.7854,1.5403,592.0,35.2324,0.4077,0.5792,1260,1566,615,858,167.0345
12,204.6779,1,410.5601,656.6901,12650.0,2849.0,151.915,0.8143,1.8103,592.0,31.5104,0.6334,0.7756,342,648,615,858,167.0345
12,204.6779,2,734.0971,674.6726,14290.0,2437.0,171.5026,0.9712,1.7147,567.0,37.3593,0.5249,0.6884,648,958,615,858,167.0345
12,204.6779,3,1068.6736,676.4213,10456.0,1061.0,157.4693,0.7866,2.221,592.0,32.5397,0.5873,0.74,958,1260,615,858,167.0345
12,204.6779,4,1387.3221,644.5631,10344.0,2159.0,163.9193,0.4891,2.3547,592.0,47.8314,0.3994,0.5708,1260,1566,615,858,167.0345
12,205.0784,1,416.0899,680.0656,11846.0,1124.0,170.5306,0.8278,2.1722,593.0,24.417,0.6261,0.7701,342,648,615,858,167.0345
12,205.0784,2,746.9681,639.4234,12822.0,4156.0,187.9704,0.8862,2.1815,530.0,39.0536,0.5219,0.6858,648,958,615,858,167.0345
12,205.0784,3,1075.6376,679.2185,11819.0,1264.0,169.8971,0.8821,2.2688,591.0,28.1902,0.6466,0.7854,958,1260,615,858,167.0345
12,205.0784,4,1442.4676,654.5506,11647.0,1805.0,173.6512,0.6121,2.2497,583.0,66.9967,0.1658,0.2844,1260,1566,615,858,167.0345
12,205.4789,1,413.8482,666.4222,14923.0,3274.0,172.9328,0.8772,1.9781,593.0,24.7185,0.6414,0.7815,342,648,615,858,167.0345
12,205.4789,2,765.8089,648.019,13555.0,3714.0,172.591,0.8351,1.8431,555.0,48.2635,0.4784,0.6472,648,958,615,858,167.0345
12,205.4789,3,1075.8375,682.9342,10928.0,724.0,169.4318,0.749,2.3633,598.0,30.5606,0.6021,0.7517,958,1260,615,858,167.0345
12,205.4789,4,1470.5307,668.458,12248.0,1136.0,167.3268,0.6383,2.0869,595.0,54.4371,0.3243,0.4897,1260,1566,615,858,167.0345
12,205.8795,1,413.5998,656.5046,15298.0,3688.0,170.5987,0.9996,1.4276,547.0,28.4263,0.6771,0.8075,342,648,615,858,167.0345
12,205.8795,2,787.7568,659.7128,15302.0,3616.0,187.9083,0.8222,2.028,553.0,54.0261,0.3844,0.5553,648,958,615,858,167.0345
12,205.8795,3,1064.6018,667.878,12154.0,1661.0,186.6169,0.6807,2.4717,589.0,33.2977,0.5701,0.7262,958,1260,615,858,167.0345
12,205.8795,4,1491.4662,666.0429,11977.0,1619.0,164.6726,0.7379,2.0316,589.0,38.5686,0.5221,0.686,1260,1566,615,858,167.0345
12,206.28,1,420.9517,660.2344,15859.0,3653.0,174.8165,0.9878,1.4541,549.0,21.1488,0.7712,0.8708,342,648,615,858,167.0345
12,206.28,2,822.2403,659.7311,14636.0,3120.0,180.9292,0.8339,1.8604,560.0,48.1636,0.3997,0.5711,648,958,615,858,167.0345
12,206.28,3,1044.4079,648.8053,9805.0,2178.0,160.8805,0.6131,2.3758,580.0,39.4577,0.5613,0.719,958,1260,615,858,167.0345
12,206.28,4,1502.2951,662.4404,11484.0,1968.0,159.9358,0.8167,1.9663,577.0,31.3267,0.6308,0.7736,1260,1566,615,858,167.0345
12,206.6806,1,432.6006,678.1324,14483.0,1290.0,205.566,0.6397,2.5359,593.0,40.5063,0.4787,0.6475,342,648,615,858,167.0345
12,206.6806,2,844.5367,663.0554,14836.0,3210.0,178.1247,0.8664,1.8121,566.0,43.1222,0.4579,0.6282,648,958,615,858,167.0345
12,206.6806,3,1022.8415,648.9534,8455.0,2202.0,107.9959,0.947,1.3224,577.0,53.6892,0.3851,0.5561,958,1260,615,858,167.0345
12,206.6806,4,1505.711,668.522,11168.0,1521.0,139.2232,0.9245,1.5072,583.0,33.8788,0.6112,0.7587,1260,1566,615,858,167.0345
12,207.0811,1,433.7741,644.8838,13119.0,4017.0,192.6982,0.8343,2.3379,552.0,37.8422,0.4871,0.6551,342,648,615,858,167.0345
12,207.0811,2,863.9554,658.9267,14453.0,3508.0,176.1071,0.8755,1.7582,558.0,33.385,0.5685,0.7249,648,958,615,858,167.0345
12,207.0811,3,1015.8852,650.7433,8233.0,2206.0,116.4323,0.9944,1.4813,573.0,30.6009,0.6015,0.7512,958,1260,615,858,167.0345
12,207.0811,4,1499.8618,663.6108,11575.0,1769.0,136.9286,0.9416,1.3368,575.0,30.4266,0.6443,0.7837,1260,1566,615,858,167.0345
12,207.4817,1,436.4744,643.888,11326.0,3260.0,167.6221,0.6471,2.3096,571.0,30.3542,0.581,0.735,342,648,615,858,167.0345
12,207.4817,2,883.0074,659.1438,14441.0,3287.0,166.8374,0.9907,1.5203,556.0,33.4923,0.5735,0.7289,648,958,615,858,167.0345
12,207.4817,3,1010.6295,642.2065,8203.0,2154.0,125.5584,0.865,1.5516,570.0,35.256,0.5634,0.7207,958,1260,615,858,167.0345
12,207.4817,4,1497.151,664.1706,12447.0,1529.0,132.4157,0.9771,1.1155,575.0,32.0554,0.6241,0.7685,1260,1566,615,858,167.0345
12,207.8822,1,413.7507,640.7999,6098.0,1768.0,114.8172,0.8653,2.0629,576.0,36.3679,0.4121,0.5837,342,648,615,858,167.0345
12,207.8822,2,893.3799,664.0043,14213.0,2773.0,164.7644,0.9794,1.5411,565.0,33.9442,0.6125,0.7597,648,958,615,858,167.0345
12,207.8822,3,1022.1558,639.0979,9747.0,2592.0,109.6383,0.0906,1.3404,605.0,40.4589,0.5718,0.7276,958,1260,615,858,167.0345
12,207.8822,4,1479.0853,663.225,12443.0,1697.0,151.5849,0.8842,1.5349,573.0,40.7912,0.4989,0.6657,1260,1566,615,858,167.0345
12,208.2827,1,406.1675,632.6337,6115.0,1956.0,84.5108,0.9845,1.1135,580.0,32.6441,0.4221,0.5936,342,648,615,858,167.0345
12,208.2827,2,879.1289,649.1498,13168.0,2997.0,189.6305,0.7331,2.1959,559.0,40.3366,0.5141,0.6791,648,958,615,858,167.0345
12,208.2827,3,1032.9623,650.807,12109.0,2282.0,152.4373,0.5467,1.6076,573.0,32.8314,0.5989,0.7492,958,1260,615,858,167.0345
12,208.2827,4,1449.1784,662.6531,14087.0,2400.0,153.9045,0.5635,1.8151,614.0,49.1101,0.3748,0.5452,1260,1566,615,858,167.0345
12,208.6833,1,416.0345,641.877,6985.0,1945.0,105.6008,0.4928,1.4988,583.0,40.3363,0.4255,0.5969,342,648,615,858,167.0345
12,208.6833,2,849.0281,642.8009,11901.0,3338.0,164.3692,0.7883,1.9608,555.0,48.0265,0.4645,0.6343,648,958,615,858,167.0345
12,208.6833,3,1042.3541,660.779,9549.0,159.0,142.6632,0.1861,1.857,609.0,30.3298,0.5464,0.7067,958,1260,615,858,167.0345
12,208.6833,4,1403.8806,651.3906,13975.0,3176.0,189.7847,0.5764,2.2206,569.0,53.3165,0.3396,0.507,1260,1566,615,858,167.0345
12,209.0838,1,438.184,640.1175,7099.0,1776.0,112.6661,0.637,1.6145,582.0,45.2963,0.391,0.5622,342,648,615,858,167.0345
12,209.0838,2,828.2169,653.8925,13784.0,3325.0,164.9557,0.8685,1.7392,554.0,41.7791,0.4801,0.6487,648,958,615,858,167.0345
12,209.0838,3,1082.9637,650.2185,9770.0,19.0,174.2201,0.1694,2.5835,614.0,42.66,0.4359,0.6072,958,1260,615,858,167.0345
12,209.0838,4,1378.2623,655.604,12842.0,2858.0,160.3648,0.7023,1.872,570.0,49.3138,0.3881,0.5592,1260,1566,615,858,167.0345
12,209.4844,1,461.0076,660.3562,9115.0,1670.0,108.9337,0.8771,1.313,585.0,42.2784,0.3619,0.5315,342,648,615,858,167.0345
12,209.4844,2,812.2128,666.779,14428.0,2553.0,165.868,0.9216,1.6548,566.0,44.6209,0.4961,0.6632,648,958,615,858,167.0345
12,209.4844,3,1105.7659,658.8706,10340.0,58.0,193.0713,0.186,3.1985,613.0,37.789,0.4817,0.6502,958,1260,615,858,167.0345
12,209.4844,4,1350.6176,661.1632,10736.0,1913.0,151.597,0.8042,1.9649,577.0,42.0846,0.4114,0.583,1260,1566,615,858,167.0345
12,209.8849,1,480.7178,649.3529,9602.0,2025.0,143.8437,0.7454,1.8854,585.0,44.3384,0.4334,0.6047,342,648,615,858,167.0345
12,209.8849,2,796.7652,670.7033,14635.0,2288.0,165.9121,0.9758,1.6419,567.0,35.3168,0.5578,0.7162,648,958,615,858,167.0345
12,209.8849,3,1143.9263,644.1192,10844.0,1985.0,163.1018,0.2244,2.6808,607.0,38.1325,0.3866,0.5576,958,1260,615,858,167.0345
12,209.8849,4,1343.8686,664.0632,9961.0,1650.0,148.7857,0.831,2.0507,577.0,25.3969,0.6317,0.7743,1260,1566,615,858,167.0345
12,210.2855,1,503.7699,655.3069,11413.0,2264.0,171.1287,0.6214,2.2853,581.0,48.5672,0.4331,0.6044,342,648,615,858,167.0345
12,210.2855,2,788.0114,670.0832,14540.0,2805.0,170.4091,0.9972,1.7548,558.0,29.0239,0.6291,0.7723,648,958,615,858,167.0345
12,210.2855,3,1187.2149,646.5881,8767.0,1728.0,113.7621,0.8085,1.2662,582.0,35.5152,0.3686,0.5387,958,1260,615,858,167.0345
12,210.2855,4,1339.3383,671.3288,9747.0,1435.0,158.4742,0.8762,2.4222,581.0,28.2295,0.6076,0.7559,1260,1566,615,858,167.0345
12,210.686,1,527.6021,646.1842,11680.0,3064.0,185.3001,0.6141,2.6139,575.0,42.7801,0.5138,0.6788,342,648,615,858,167.0345
12,210.686,2,791.374,664.7142,13787.0,2597.0,166.9646,0.9439,1.7393,566.0,28.4643,0.6545,0.7912,648,958,615,858,167.0345
12,210.686,3,1189.5278,655.8389,6554.0,1148.0,97.8127,0.9858,1.5137,587.0,30.6358,0.4979,0.6648,958,1260,615,858,167.0345
12,210.686,4,1338.9793,672.0907,8741.0,1327.0,140.5079,0.9586,2.1526,582.0,32.201,0.5636,0.7209,1260,1566,615,858,167.0345
12,211.0866,1,542.9278,647.6505,11207.0,3304.0,177.1688,0.6638,2.6317,570.0,38.1835,0.5831,0.7367,342,648,615,858,167.0345
12,211.0866,2,799.9533,668.0066,15013.0,2840.0,169.1783,0.9695,1.7042,557.0,29.6574,0.6266,0.7704,648,958,615,858,167.0345
12,211.0866,3,1198.8098,645.0,6142.0,1163.0,97.9932,0.9651,1.3829,592.0,25.632,0.6186,0.7643,958,1260,615,858,167.0345
12,211.0866,4,1335.8859,642.3003,6837.0,1415.0,106.1824,0.9539,1.3841,597.0,35.8442,0.4392,0.6103,1260,1566,615,858,167.0345
12,211.4871,1,562.823,645.9628,9486.0,2960.0,147.6408,0.7943,2.1624,567.0,43.4151,0.441,0.6121,342,648,615,858,167.0345
12,211.4871,2,813.3379,669.1199,14396.0,2455.0,166.2642,0.9523,1.6748,567.0,29.6633,0.6416,0.7817,648,958,615,858,167.0345
12,211.4871,3,1192.1378,651.492,6587.0,920.0,89.8967,0.9979,1.1149,596.0,28.4162,0.6074,0.7558,958,1260,615,858,167.0345
12,211.4871,4,1375.2476,641.2316,8925.0,1528.0,152.777,0.4282,2.2137,593.0,48.3072,0.3528,0.5216,1260,1566,615,858,167.0345
12,211.8876,1,569.651,634.3174,8459.0,3094.0,128.0789,0.9974,1.4767,556.0,34.1465,0.5343,0.6965,342,648,615,858,167.0345
12,211.8876,2,824.9489,660.359,13235.0,2648.0,153.8835,0.9874,1.5374,564.0,30.4168,0.6303,0.7733,648,958,615,858,167.0345
12,211.8876,3,1176.1716,655.583,7402.0,776.0,101.8238,0.9888,1.2399,597.0,39.1814,0.4865,0.6545,958,1260,615,858,167.0345
12,211.8876,4,1428.4525,649.4959,11321.0,1526.0,179.1636,0.443,2.395,592.0,67.0878,0.2146,0.3534,1260,1566,615,858,167.0345
12,212.2882,1,555.393,630.4617,8943.0,3330.0,132.7339,0.7131,1.5544,558.0,36.984,0.4898,0.6575,342,648,615,858,167.0345
12,212.2882,2,836.6076,656.2848,13067.0,2909.0,160.4972,0.9976,1.636,556.0,30.9839,0.6295,0.7726,648,958,615,858,167.0345
12,212.2882,3,1161.7047,659.954,8518.0,777.0,120.0082,0.8197,1.5401,597.0,45.196,0.4895,0.6573,958,1260,615,858,167.0345
12,212.2882,4,1467.0882,655.6235,11739.0,1561.0,171.5832,0.5358,2.1995,591.0,56.5538,0.3424,0.5101,1260,1566,615,858,167.0345
12,212.6887,1,523.4469,632.7154,11214.0,3774.0,160.41,0.2693,2.4326,601.0,45.0866,0.3935,0.5648,342,648,615,858,167.0345
12,212.6887,2,847.4295,665.0841,13921.0,2278.0,158.2721,0.9999,1.5087,568.0,30.4648,0.6288,0.7721,648,958,615,858,167.0345
12,212.6887,3,1141.167,665.854,9295.0,633.0,122.2213,0.8154,1.4486,600.0,49.7472,0.4185,0.59,958,1260,615,858,167.0345
12,212.6887,4,1486.5673,659.0934,11717.0,1728.0,162.044,0.6302,2.0475,587.0,43.8448,0.5037,0.6699,1260,1566,615,858,167.0345
12,213.0893,1,483.6604,630.6384,13273.0,4790.0,192.4403,0.2656,2.3255,578.0,47.2956,0.3376,0.5048,342,648,615,858,167.0345
12,213.0893,2,851.3127,670.5144,14806.0,2177.0,165.6039,0.9999,1.5228,569.0,22.4915,0.7229,0.8391,648,958,615,858,167.0345
12,213.0893,3,1122.772,667.2851,9773.0,615.0,128.3355,0.8238,1.4791,601.0,42.5262,0.5084,0.6741,958,1260,615,858,167.0345
12,213.0893,4,1496.1684,667.7237,11982.0,1891.0,155.8371,0.7768,1.9163,582.0,35.9867,0.5673,0.7239,1260,1566,615,858,167.0345
12,213.4898,1,457.9167,635.4327,13560.0,4148.0,201.0559,0.3481,2.8509,594.0,40.5408,0.4883,0.6562,342,648,615,858,167.0345
12,213.4898,2,859.5644,665.4589,15314.0,2247.0,165.6006,0.9899,1.4783,568.0,17.223,0.8046,0.8917,648,958,615,858,167.0345
12,213.4898,3,1105.9856,661.2766,9978.0,1067.0,152.4504,0.8738,1.8029,594.0,38.1063,0.5858,0.7388,958,1260,615,858,167.0345
12,213.4898,4,1502.3139,669.7775,11866.0,1604.0,151.6466,0.8247,1.7522,585.0,27.4164,0.6424,0.7823,1260,1566,615,858,167.0345
12,213.8904,1,446.7814,641.1528,13982.0,4045.0,186.2871,0.4124,2.4168,582.0,34.583,0.5745,0.7298,342,648,615,858,167.0345
12,213.8904,2,851.7297,655.8869,14841.0,3410.0,185.2162,0.8974,1.9359,550.0,34.2402,0.5958,0.7467,648,958,615,858,167.0345
12,213.8904,3,1089.8352,657.0657,10859.0,1681.0,162.5068,0.5706,2.1322,587.0,40.8318,0.5528,0.712,958,1260,615,858,167.0345
12,213.8904,4,1503.5629,670.1967,12456.0,1621.0,154.3987,0.8559,1.6562,582.0,20.1485,0.7689,0.8693,1260,1566,615,858,167.0345
12,214.2909,1,432.9525,640.7735,13201.0,3751.0,189.4734,0.562,2.45,568.0,29.1699,0.6204,0.7657,342,648,615,858,167.0345
12,214.2909,2,838.3172,652.7413,14361.0,3489.0,171.8462,0.8395,1.7516,555.0,37.3961,0.5777,0.7323,648,958,615,858,167.0345
12,214.2909,3,1068.6031,651.7572,14640.0,4016.0,178.0584,0.7058,1.8049,577.0,45.3292,0.4629,0.6328,958,1260,615,858,167.0345
12,214.2909,4,1499.0418,670.1984,13350.0,1898.0,160.8163,0.8368,1.7204,582.0,21.6697,0.7607,0.8641,1260,1566,615,858,167.0345
12,214.6914,1,421.4707,633.0853,12741.0,4877.0,182.6488,0.8173,1.941,564.0,29.3175,0.6268,0.7706,342,648,615,858,167.0345
12,214.6914,2,824.3628,661.0952,15873.0,3558.0,181.8605,0.8739,1.8353,550.0,33.5494,0.5873,0.74,648,958,615,858,167.0345
12,214.6914,3,1060.8333,668.0425,12858.0,2068.0,191.7971,0.7343,2.6143,577.0,41.6536,0.5172,0.6818,958,1260,615,858,167.0345
12,214.6914,4,1501.5095,669.2785,13091.0,2057.0,171.7353,0.8305,1.9469,571.0,24.2492,0.7977,0.8875,1260,1566,615,858,167.0345
12,215.092,1,432.7016,646.0835,13929.0,4594.0,172.3651,0.9201,1.7777,557.0,29.3887,0.6776,0.8078,342,648,615,858,167.0345
12,215.092,2,809.6422,666.7037,14572.0,2565.0,168.6938,0.9344,1.6596,566.0,38.4989,0.5328,0.6952,648,958,615,858,167.0345
12,215.092,3,1038.6329,661.4782,10469.0,2415.0,166.7135,0.8151,2.4958,576.0,41.8978,0.5169,0.6815,958,1260,615,858,167.0345
12,215.092,4,1500.7098,668.4525,8471.0,837.0,111.3083,0.904,1.4856,595.0,42.7364,0.4741,0.6433,1260,1566,615,858,167.0345
12,215.4925,1,439.2599,649.1195,14151.0,4576.0,179.4752,0.8962,1.9938,549.0,26.8233,0.6853,0.8132,342,648,615,858,167.0345
12,215.4925,2,801.9249,666.4754,14863.0,2732.0,177.889,0.9352,1.7854,565.0,23.6727,0.7262,0.8414,648,958,615,858,167.0345
12,215.4925,3,1020.6546,644.7355,8320.0,2334.0,111.2986,0.9999,1.3337,570.0,44.3705,0.464,0.6339,958,1260,615,858,167.0345
12,215.4925,4,1504.5375,657.9051,8580.0,822.0,121.1231,0.5732,1.5878,593.0,34.9882,0.444,0.615,1260,1566,615,858,167.0345
12,215.8931,1,420.3418,646.8861,11116.0,3200.0,135.889,0.9884,1.237,560.0,43.3026,0.4576,0.6279,342,648,615,858,167.0345
12,215.8931,2,796.0922,661.1551,14770.0,3436.0,192.0178,0.734,2.2619,563.0,31.4266,0.5637,0.721,648,958,615,858,167.0345
12,215.8931,3,1018.8351,660.0159,9704.0,1995.0,139.4167,0.9682,1.7036,576.0,40.0411,0.5259,0.6893,958,1260,615,858,167.0345
12,215.8931,4,1484.1424,661.5602,8572.0,683.0,118.8508,0.7445,1.5129,597.0,44.6222,0.4133,0.5849,1260,1566,615,858,167.0345
12,216.2936,1,415.8039,639.0429,11218.0,3558.0,131.4754,0.8703,1.2159,558.0,28.7644,0.6619,0.7965,342,648,615,858,167.0345
12,216.2936,2,775.7893,647.1037,14459.0,4570.0,173.4493,0.7446,1.753,556.0,28.4585,0.5901,0.7422,648,958,615,858,167.0345
12,216.2936,3,1022.9721,658.8192,11485.0,2214.0,147.022,0.992,1.4526,568.0,38.1727,0.5324,0.6949,958,1260,615,858,167.0345
12,216.2936,4,1462.4735,659.7307,9305.0,1005.0,145.4526,0.7822,1.9105,594.0,47.0261,0.4989,0.6657,1260,1566,615,858,167.0345
12,216.6942,1,433.5327,635.3533,11431.0,3892.0,124.1811,0.9967,1.1391,563.0,33.9598,0.5827,0.7364,342,648,615,858,167.0345
12,216.6942,2,768.641,656.8416,13658.0,3285.0,171.5387,0.6346,2.1489,597.0,30.7328,0.6171,0.7632,648,958,615,858,167.0345
12,216.6942,3,1043.8229,651.7417,10733.0,2144.0,140.2792,0.7523,1.5326,570.0,46.2793,0.4979,0.6648,958,1260,615,858,167.0345
12,216.6942,4,1434.1546,661.1657,11717.0,1515.0,177.6254,0.684,2.3292,590.0,59.3068,0.4003,0.5718,1260,1566,615,858,167.0345
12,217.0947,1,438.7915,645.384,14434.0,3888.0,173.7327,0.4514,1.6506,581.0,36.3005,0.5564,0.7149,342,648,615,858,167.0345
12,217.0947,2,758.6851,658.9844,14762.0,3475.0,176.3038,0.793,1.5941,571.0,30.0074,0.6311,0.7738,648,958,615,858,167.0345
12,217.0947,3,1067.7526,656.8822,8597.0,30.0,157.0383,0.1947,2.491,614.0,43.8171,0.3633,0.533,958,1260,615,858,167.0345
12,217.0947,4,1393.2662,664.2966,11299.0,1539.0,177.6309,0.6696,2.5566,588.0,66.1999,0.2693,0.4243,1260,1566,615,858,167.0345
12,217.4953,1,446.4283,639.7616,12871.0,4251.0,185.6659,0.5929,2.5015,560.0,27.5151,0.592,0.7437,342,648,615,858,167.0345
12,217.4953,2,755.1209,664.6524,14593.0,2739.0,175.9444,0.7489,1.9739,598.0,23.0843,0.7178,0.8357,648,958,615,858,167.0345
12,217.4953,3,1094.5007,663.9609,9817.0,49.0,169.5882,0.2309,2.6531,615.0,42.331,0.4196,0.5912,958,1260,615,858,167.0345
12,217.4953,4,1362.0752,660.1516,10643.0,2156.0,170.4853,0.8041,2.456,574.0,48.4794,0.4128,0.5844,1260,1566,615,858,167.0345
12,217.8958,1,443.0268,635.7806,12070.0,3350.0,177.2348,0.3584,2.2967,582.0,32.6038,0.5663,0.7231,342,648,615,858,167.0345
12,217.8958,2,752.2833,655.283,13474.0,3352.0,176.943,0.7894,2.2383,591.0,21.6599,0.712,0.8318,648,958,615,858,167.0345
12,217.8958,3,1148.2141,636.2934,10689.0,2384.0,178.2603,0.4165,2.2624,576.0,40.6144,0.3693,0.5395,958,1260,615,858,167.0345
12,217.8958,4,1342.6929,651.7187,7920.0,1565.0,123.582,0.9322,1.6673,576.0,48.5123,0.4592,0.6294,1260,1566,615,858,167.0345
12,218.2963,1,426.0899,630.8037,7309.0,2352.0,132.4033,0.6941,1.9737,578.0,42.2106,0.5258,0.6892,342,648,615,858,167.0345
12,218.2963,2,743.5025,643.0953,12443.0,3703.0,158.2748,0.8308,1.8006,568.0,31.964,0.63,0.773,648,958,615,858,167.0345
12,218.2963,3,1158.2851,650.3496,9583.0,1877.0,127.7714,0.349,1.9674,609.0,39.4043,0.449,0.6198,958,1260,615,858,167.0345
12,218.2963,4,1338.3841,650.3826,8517.0,1961.0,128.0264,0.9988,1.6364,567.0,33.696,0.6329,0.7752,1260,1566,615,858,167.0345
12,218.6969,1,426.6006,626.8023,5856.0,2001.0,112.6385,0.74,1.6991,581.0,23.2192,0.74,0.8506,342,648,615,858,167.0345
12,218.6969,2,733.9721,664.4281,15315.0,3383.0,155.3458,0.9967,1.4589,570.0,34.5716,0.5105,0.6759,648,958,615,858,167.0345
12,218.6969,3,1178.4743,651.0993,8320.0,1802.0,116.4409,0.7546,1.6991,585.0,29.6301,0.4793,0.648,958,1260,615,858,167.0345
12,218.6969,4,1347.4301,655.3497,10073.0,1924.0,131.1397,0.9966,1.3494,573.0,37.0739,0.5483,0.7082,1260,1566,615,858,167.0345
12,219.0974,1,437.1234,626.1528,5025.0,1634.0,82.2878,0.0009,1.1615,587.0,27.1229,0.6211,0.7663,342,648,615,858,167.0345
12,219.0974,2,721.2154,668.7524,13275.0,3394.0,188.8053,0.9746,2.3395,562.0,39.1985,0.5093,0.6749,648,958,615,858,167.0345
12,219.0974,3,1188.5612,646.3923,6896.0,1126.0,108.7448,0.7021,1.512,594.0,19.7903,0.676,0.8067,958,1260,615,858,167.0345
12,219.0974,4,1370.0847,646.7592,11721.0,2805.0,165.7225,0.6775,1.9835,570.0,45.3979,0.4435,0.6145,1260,1566,615,858,167.0345
12,219.498,1,445.013,654.3246,8584.0,1537.0,114.9277,0.8141,1.4548,588.0,40.9142,0.3722,0.5424,342,648,615,858,167.0345
12,219.498,2,729.3246,683.7871,9837.0,862.0,163.0916,0.8398,2.5682,596.0,30.2794,0.4857,0.6539,648,958,615,858,167.0345
12,219.498,3,1190.3418,652.177,7021.0,883.0,96.6424,0.9921,1.186,597.0,25.423,0.6134,0.7604,958,1260,615,858,167.0345
12,219.498,4,1409.266,644.3143,11856.0,2056.0,164.6912,0.2626,2.4407,613.0,51.023,0.3547,0.5236,1260,1566,615,858,167.0345
12,219.8985,1,467.036,668.0571,9682.0,1164.0,124.6795,0.8838,1.534,590.0,43.2097,0.3756,0.546,342,648,615,858,167.0345
12,219.8985,2,730.7227,666.0427,10120.0,2309.0,160.4584,0.9653,2.3784,577.0,35.6499,0.4613,0.6314,648,958,615,858,167.0345
12,219.8985,3,1177.463,662.1456,7879.0,758.0,100.8685,0.9881,1.2607,598.0,34.3438,0.5115,0.6768,958,1260,615,858,167.0345
12,219.8985,4,1447.9587,651.324,13670.0,2805.0,179.7167,0.5249,2.0326,572.0,52.3651,0.3178,0.4823,1260,1566,615,858,167.0345
12,220.2991,1,482.6151,674.9194,10479.0,1090.0,136.176,0.9288,1.6706,586.0,36.4467,0.5102,0.6757,342,648,615,858,167.0345
12,220.2991,2,727.4795,647.1889,7892.0,1843.0,126.0644,0.9967,1.7467,583.0,25.178,0.6253,0.7695,648,958,615,858,167.0345
12,220.2991,3,1159.421,667.1936,8473.0,747.0,128.9998,0.9897,1.6865,597.0,45.319,0.4354,0.6067,958,1260,615,858,167.0345
12,220.2991,4,1466.7669,658.9696,13705.0,1932.0,188.0608,0.5308,2.1869,582.0,38.8379,0.5003,0.667,1260,1566,615,858,167.0345
12,220.6996,1,494.7623,680.6418,11398.0,918.0,153.9511,0.9593,1.8478,590.0,37.1926,0.5575,0.7159,342,648,615,858,167.0345
12,220.6996,2,726.9281,642.014,7666.0,1605.0,116.9815,0.8306,1.4665,582.0,28.707,0.5934,0.7448,648,958,615,858,167.0345
12,220.6996,3,1138.0137,660.6952,7904.0,544.0,119.9357,0.8815,1.5409,600.0,46.9457,0.4795,0.6482,958,1260,615,858,167.0345
12,220.6996,4,1485.3849,667.8561,11853.0,1567.0,169.252,0.6575,2.2044,586.0,42.0819,0.4603,0.6304,1260,1566,615,858,167.0345
12,221.1001,1,507.0045,666.5318,13081.0,2727.0,186.9283,0.9051,2.3227,574.0,44.1197,0.4695,0.639,342,648,615,858,167.0345
12,221.1001,2,741.5788,659.1571,9351.0,1616.0,144.8459,0.9866,1.8469,583.0,38.1569,0.4986,0.6655,648,958,615,858,167.0345
12,221.1001,3,1123.9484,671.1311,9339.0,477.0,129.5021,0.8873,1.5714,603.0,43.8549,0.5013,0.6679,958,1260,615,858,167.0345
12,221.1001,4,1503.0648,663.8971,9291.0,1338.0,135.3492,0.7956,1.8664,589.0,33.2865,0.5321,0.6946,1260,1566,615,858,167.0345
12,221.5007,1,491.318,650.3112,12288.0,2726.0,222.9944,0.5796,3.3049,579.0,50.1808,0.4192,0.5908,342,648,615,858,167.0345
12,221.5007,2,753.8565,681.1601,9682.0,871.0,154.2981,0.9996,2.0951,590.0,42.8593,0.5226,0.6865,648,958,615,858,167.0345
12,221.5007,3,1106.6744,667.0578,9255.0,527.0,134.3467,0.9047,1.6229,602.0,34.2669,0.5883,0.7408,958,1260,615,858,167.0345
12,221.5007,4,1507.5445,663.2981,8277.0,824.0,122.1705,0.8892,1.6467,594.0,25.4618,0.6549,0.7914,1260,1566,615,858,167.0345
12,221.9012,1,459.2657,633.2685,11669.0,3877.0,196.1933,0.441,2.8281,573.0,41.2556,0.5588,0.717,342,648,615,858,167.0345
12,221.9012,2,765.8592,684.9832,11751.0,1368.0,179.8785,0.9816,2.3462,583.0,40.8022,0.5203,0.6845,648,958,615,858,167.0345
12,221.9012,3,1101.1398,672.8009,9005.0,549.0,123.8412,0.8177,1.6021,601.0,30.0818,0.6202,0.7656,958,1260,615,858,167.0345
12,221.9012,4,1501.4141,668.4339,8737.0,664.0,123.2341,0.9333,1.5859,596.0,27.1161,0.6421,0.7821,1260,1566,615,858,167.0345
12,222.3018,1,431.3571,630.5875,10630.0,3858.0,158.2695,0.3919,2.073,572.0,45.9706,0.5275,0.6907,342,648,615,858,167.0345
12,222.3018,2,779.8121,675.2367,11552.0,1688.0,165.9994,0.8712,2.1501,586.0,38.7837,0.5355,0.6975,648,958,615,858,167.0345
12,222.3018,3,1093.3971,666.7397,9095.0,568.0,134.5887,0.7805,1.7623,601.0,26.7847,0.6758,0.8065,958,1260,615,858,167.0345
12,222.3018,4,1484.4515,675.1261,9336.0,637.0,128.6618,0.9419,1.6215,598.0,35.7078,0.5209,0.685,1260,1566,615,858,167.0345
12,222.7023,1,429.1282,636.0843,11147.0,3881.0,152.4778,0.4892,1.8387,571.0,27.4079,0.6952,0.8202,342,648,615,858,167.0345
12,222.7023,2,804.7127,643.8772,12008.0,3083.0,183.1802,0.6119,2.2827,580.0,40.997,0.5237,0.6874,648,958,615,858,167.0345
12,222.7023,3,1086.6468,677.5998,9876.0,766.0,127.6332,0.971,1.5731,600.0,42.0281,0.4636,0.6335,958,1260,615,858,167.0345
12,222.7023,4,1468.3176,681.0475,11359.0,1129.0,167.8056,0.8808,2.2495,592.0,37.1387,0.5074,0.6732,1260,1566,615,858,167.0345
12,223.1029,1,432.7407,638.7885,10588.0,3667.0,140.8215,0.7476,1.7094,561.0,32.9138,0.6129,0.76,342,648,615,858,167.0345
12,223.1029,2,835.9077,647.5577,11970.0,2960.0,174.1454,0.701,2.2539,573.0,60.8926,0.3904,0.5616,648,958,615,858,167.0345
12,223.1029,3,1090.4444,664.0079,11165.0,1158.0,181.9956,0.6354,2.3939,597.0,42.8707,0.4343,0.6056,958,1260,615,858,167.0345
12,223.1029,4,1467.4802,667.3285,12360.0,1314.0,186.2413,0.663,2.4413,594.0,38.6658,0.5217,0.6857,1260,1566,615,858,167.0345
12,223.5034,1,431.7568,643.013,9862.0,3106.0,126.9712,0.5244,1.4585,578.0,29.7187,0.6116,0.759,342,648,615,858,167.0345
12,223.5034,2,870.0698,665.6297,11781.0,2050.0,184.6043,0.7486,2.5628,577.0,73.1854,0.2072,0.3433,648,958,615,858,167.0345
12,223.5034,3,1122.3194,657.427,11856.0,1995.0,176.2379,0.666,2.3799,580.0,49.8377,0.397,0.5684,958,1260,615,858,167.0345
12,223.5034,4,1484.2282,657.6094,12763.0,3071.0,185.5484,0.8756,2.4678,564.0,48.2552,0.4795,0.6482,1260,1566,615,858,167.0345
12,223.904,1,431.067,639.1957,10855.0,3636.0,132.0349,0.6314,1.2839,561.0,29.2332,0.6539,0.7908,342,648,615,858,167.0345
12,223.904,2,896.0569,669.7206,11535.0,2259.0,145.3607,0.9054,1.9464,599.0,47.2563,0.3773,0.5479,648,958,615,858,167.0345
12,223.904,3,1137.0146,663.9521,11471.0,1406.0,165.5083,0.6364,2.1337,595.0,42.55,0.4946,0.6618,958,1260,615,858,167.0345
12,223.904,4,1492.5156,665.4443,13557.0,2545.0,163.7462,0.8875,1.7598,578.0,46.0318,0.5672,0.7239,1260,1566,615,858,167.0345
12,224.3045,1,439.629,650.4354,13705.0,3671.0,151.8329,0.7704,1.313,560.0,31.8354,0.6172,0.7633,342,648,615,858,167.0345
12,224.3045,2,897.7605,662.8182,11868.0,2239.0,159.3508,0.9997,1.6938,570.0,35.1962,0.5624,0.7199,648,958,615,858,167.0345
12,224.3045,3,1151.4839,655.3837,11326.0,2143.0,168.7656,0.6303,2.2092,587.0,29.4312,0.6361,0.7776,958,1260,615,858,167.0345
12,224.3045,4,1499.7638,670.6845,12274.0,1768.0,146.0429,0.9573,1.4786,575.0,33.1954,0.5884,0.7409,1260,1566,615,858,167.0345
12,224.705,1,441.954,659.2924,14492.0,3060.0,154.3763,0.9987,1.3621,558.0,32.1477,0.6244,0.7688,342,648,615,858,167.0345
12,224.705,2,879.6557,660.6578,13110.0,2885.0,168.7662,0.9633,1.7876,560.0,40.4676,0.5387,0.7002,648,958,615,858,167.0345
12,224.705,3,1161.5202,651.6616,10842.0,2132.0,153.2483,0.5961,1.9369,583.0,34.1884,0.6406,0.7809,958,1260,615,858,167.0345
12,224.705,4,1501.4937,656.6305,12161.0,2069.0,150.8104,0.8538,1.4885,569.0,39.4239,0.5496,0.7093,1260,1566,615,858,167.0345
12,225.1056,1,452.7854,661.4192,14843.0,3131.0,161.047,0.9865,1.502,558.0,34.3222,0.6039,0.753,342,648,615,858,167.0345
12,225.1056,2,865.3575,642.9284,11159.0,3041.0,152.9546,0.9278,1.7002,557.0,39.5765,0.5418,0.7028,648,958,615,858,167.0345
12,225.1056,3,1174.1744,655.4473,10403.0,2284.0,134.9709,0.786,1.6011,581.0,35.7514,0.5725,0.7282,958,1260,615,858,167.0345
12,225.1056,4,1474.6061,651.6173,12161.0,2528.0,168.248,0.8152,1.9123,566.0,46.0323,0.483,0.6514,1260,1566,615,858,167.0345
12,225.5061,1,463.8289,663.4044,16914.0,3706.0,184.5155,0.9938,1.6595,550.0,25.6743,0.6689,0.8016,342,648,615,858,167.0345
12,225.5061,2,847.551,649.3352,11717.0,2560.0,148.6444,0.8923,1.5509,564.0,44.2955,0.5257,0.6891,648,958,615,858,167.0345
12,225.5061,3,1179.3315,657.412,10064.0,1882.0,124.3049,0.8931,1.3333,582.0,28.2489,0.65,0.7879,958,1260,615,858,167.0345
12,225.5061,4,1446.5292,670.1193,13731.0,1832.0,155.4169,0.7462,1.6539,596.0,58.3552,0.3615,0.5311,1260,1566,615,858,167.0345
12,225.9067,1,455.3462,645.4348,13450.0,3519.0,147.5411,1.0,1.2603,558.0,29.1347,0.6477,0.7862,342,648,615,858,167.0345
12,225.9067,2,831.8052,659.8195,13866.0,2788.0,162.6715,0.8401,1.6344,564.0,43.34,0.52,0.6842,648,958,615,858,167.0345
12,225.9067,3,1170.7382,660.3558,11640.0,2008.0,138.6658,0.8351,1.3958,579.0,29.4743,0.6466,0.7854,958,1260,615,858,167.0345
12,225.9067,4,1421.7516,666.9604,14988.0,2778.0,200.1587,0.6849,2.4768,572.0,45.3232,0.4503,0.621,1260,1566,615,858,167.0345
12,226.3072,1,449.2639,656.6343,14363.0,3336.0,149.8991,0.9844,1.3351,558.0,23.7959,0.7329,0.8459,342,648,615,858,167.0345
12,226.3072,2,806.3049,662.5149,14127.0,2810.0,161.7768,0.9437,1.5902,564.0,43.0146,0.4825,0.6509,648,958,615,858,167.0345
12,226.3072,3,1165.7336,666.301,12515.0,1626.0,145.0092,0.7133,1.4054,591.0,28.5624,0.6592,0.7946,958,1260,615,858,167.0345
12,226.3072,4,1392.5073,651.0419,14024.0,3560.0,197.5219,0.5858,2.5666,571.0,42.0095,0.4769,0.6458,1260,1566,615,858,167.0345
12,226.7078,1,464.3443,651.5443,13551.0,3238.0,151.8922,0.9609,1.3926,559.0,33.4403,0.6155,0.762,342,648,615,858,167.0345
12,226.7078,2,799.8842,661.5347,13478.0,2616.0,153.9004,0.9813,1.5423,564.0,26.6393,0.664,0.798,648,958,615,858,167.0345
12,226.7078,3,1154.3469,671.4577,13953.0,2163.0,152.3253,0.8281,1.4307,576.0,22.8276,0.6994,0.8231,958,1260,615,858,167.0345
12,226.7078,4,1369.2987,654.3304,10586.0,1978.0,170.7059,0.6293,2.3977,573.0,45.9979,0.4148,0.5863,1260,1566,615,858,167.0345
12,227.1083,1,468.1134,662.4317,14314.0,2646.0,165.9379,0.9702,1.5649,566.0,22.512,0.7268,0.8418,342,648,615,858,167.0345
12,227.1083,2,795.37,658.7561,14001.0,3382.0,161.7636,0.9303,1.599,561.0,24.7105,0.6749,0.8059,648,958,615,858,167.0345
12,227.1083,3,1150.7531,669.6051,10677.0,153.0,168.1256,0.4173,2.3635,610.0,38.1152,0.468,0.6376,958,1260,615,858,167.0345
12,227.1083,4,1351.9718,664.8278,9185.0,1437.0,144.7111,0.7871,2.1155,579.0,42.0681,0.4437,0.6146,1260,1566,615,858,167.0345
12,227.5088,1,468.734,667.6789,15683.0,2938.0,193.7823,0.9998,1.8829,555.0,25.8714,0.6937,0.8191,342,648,615,858,167.0345
12,227.5088,2,783.3251,652.062,14261.0,3904.0,168.9621,0.8559,1.6623,559.0,25.323,0.6738,0.8051,648,958,615,858,167.0345
12,227.5088,3,1169.1534,638.5547,10004.0,2753.0,143.1352,0.7209,1.758,576.0,33.3,0.4799,0.6485,958,1260,615,858,167.0345
12,227.5088,4,1341.9644,670.1495,8878.0,1475.0,145.6099,0.8747,2.2918,580.0,28.0675,0.5755,0.7306,1260,1566,615,858,167.0345
12,227.9094,1,472.0494,658.7173,14036.0,2840.0,174.8052,0.9945,1.7364,562.0,20.9572,0.7754,0.8735,342,648,615,858,167.0345
12,227.9094,2,767.3551,652.4457,15002.0,4278.0,162.7523,0.9212,1.4883,559.0,33.4369,0.5748,0.73,648,958,615,858,167.0345
12,227.9094,3,1169.1417,653.0421,9115.0,1647.0,123.6069,0.6159,1.6439,589.0,30.9664,0.548,0.708,958,1260,615,858,167.0345
12,227.9094,4,1351.1587,677.1577,8668.0,1128.0,109.367,0.9953,1.7086,610.0,34.5109,0.4374,0.6086,1260,1566,615,858,167.0345
12,228.3099,1,475.2672,643.9168,13493.0,4212.0,157.8843,0.9767,1.6009,553.0,31.3928,0.6297,0.7728,342,648,615,858,167.0345
12,228.3099,2,754.6514,663.4366,15844.0,3779.0,175.4873,0.9063,1.5241,562.0,37.6219,0.5622,0.7198,648,958,615,858,167.0345
12,228.3099,3,1196.2499,653.9529,7996.0,1023.0,94.3472,0.8194,1.0282,599.0,31.2155,0.4811,0.6496,958,1260,615,858,167.0345
12,228.3099,4,1366.0071,665.6078,10369.0,1543.0,152.0111,0.8377,1.9479,592.0,37.0756,0.3785,0.5491,1260,1566,615,858,167.0345
12,228.7105,1,477.0499,632.5052,15341.0,5343.0,239.2089,0.3287,3.1947,563.0,50.3807,0.3484,0.5168,342,648,615,858,167.0345
12,228.7105,2,754.5332,666.2353,15118.0,3070.0,167.6517,0.9913,1.5208,567.0,23.7854,0.7003,0.8237,648,958,615,858,167.0345
12,228.7105,3,1202.8592,656.1368,8682.0,1259.0,126.1353,0.996,1.5085,595.0,28.8093,0.65,0.7879,958,1260,615,858,167.0345
12,228.7105,4,1413.5539,647.3756,13260.0,3229.0,145.9723,0.6111,1.3607,588.0,48.5934,0.2897,0.4492,1260,1566,615,858,167.0345
12,229.111,1,452.721,630.1711,12311.0,4609.0,193.3595,0.3744,2.8005,568.0,36.2338,0.4895,0.6572,342,648,615,858,167.0345
12,229.111,2,747.7734,653.8326,14154.0,3822.0,158.5742,0.9678,1.5151,560.0,32.3652,0.6301,0.7731,648,958,615,858,167.0345
12,229.111,3,1178.1155,664.8433,7973.0,806.0,104.173,0.9245,1.3174,598.0,42.6724,0.4364,0.6076,958,1260,615,858,167.0345
12,229.111,4,1421.8775,655.2134,12605.0,1959.0,168.5469,0.4963,2.156,601.0,39.3616,0.5525,0.7118,1260,1566,615,858,167.0345
12,229.5116,1,425.864,633.659,8279.0,3146.0,110.2196,0.6061,1.5163,577.0,41.0014,0.3919,0.5631,342,648,615,858,167.0345
12,229.5116,2,759.3744,657.2634,14075.0,3629.0,153.3835,0.9681,1.4752,561.0,31.6192,0.6212,0.7664,648,958,615,858,167.0345
12,229.5116,3,1162.2215,663.7782,8933.0,818.0,112.5367,0.9622,1.3069,598.0,43.8553,0.4373,0.6085,958,1260,615,858,167.0345
12,229.5116,4,1447.1422,666.8414,12194.0,1301.0,172.0764,0.5758,2.2658,595.0,42.0814,0.4453,0.6162,1260,1566,615,858,167.0345
12,229.9121,1,414.4519,622.7139,5543.0,2242.0,96.1236,0.8714,1.3216,578.0,32.7257,0.5615,0.7191,342,648,615,858,167.0345
12,229.9121,2,769.9903,658.432,13853.0,3317.0,157.7777,0.9035,1.5947,562.0,31.3806,0.6171,0.7632,648,958,615,858,167.0345
12,229.9121,3,1147.9668,668.0452,9873.0,611.0,132.6238,0.7421,1.6225,603.0,41.4329,0.5462,0.7065,958,1260,615,858,167.0345
12,229.9121,4,1472.4993,669.8668,13158.0,1388.0,180.4993,0.6429,2.3171,592.0,48.0591,0.4261,0.5976,1260,1566,615,858,167.0345
12,230.3127,1,432.3722,646.5359,8033.0,1857.0,129.2327,0.9988,1.8041,578.0,41.7689,0.4073,0.5788,342,648,615,858,167.0345
12,230.3127,2,790.3814,656.9135,13806.0,3098.0,161.7445,0.9284,1.6141,563.0,37.6405,0.5358,0.6977,648,958,615,858,167.0345
12,230.3127,3,1124.8076,653.6958,9855.0,1215.0,159.583,0.5758,2.1828,594.0,42.4832,0.5404,0.7016,958,1260,615,858,167.0345
12,230.3127,4,1490.6239,668.7904,12645.0,1761.0,171.8631,0.7341,2.1725,587.0,36.7729,0.561,0.7188,1260,1566,615,858,167.0345
12,230.7132,1,443.3738,658.0655,8353.0,1043.0,128.3549,0.9454,1.6047,588.0,38.903,0.5301,0.6929,342,648,615,858,167.0345
12,230.7132,2,806.8161,657.4519,13721.0,3045.0,157.9488,0.9795,1.5665,561.0,34.9484,0.5969,0.7476,648,958,615,858,167.0345
12,230.7132,3,1099.0986,657.3443,10849.0,1545.0,152.0837,0.626,1.9384,595.0,51.7919,0.4217,0.5932,958,1260,615,858,167.0345
12,230.7132,4,1505.0515,669.1448,11561.0,1762.0,159.6161,0.8336,2.0342,586.0,35.8922,0.5974,0.748,1260,1566,615,858,167.0345
12,231.1137,1,461.7988,660.5864,12252.0,2498.0,170.8493,0.9814,1.8751,588.0,46.6494,0.4409,0.612,342,648,615,858,167.0345
12,231.1137,2,819.9616,665.2462,14808.0,2991.0,161.1368,0.9814,1.549,563.0,30.8404,0.6069,0.7554,648,958,615,858,167.0345
12,231.1137,3,1087.2417,661.6245,10913.0,1240.0,161.777,0.5668,2.1544,595.0,36.9586,0.5906,0.7426,958,1260,615,858,167.0345
12,231.1137,4,1510.3433,676.1566,10846.0,1306.0,148.9458,0.8975,1.8421,584.0,31.3686,0.6157,0.7622,1260,1566,615,858,167.0345
12,231.5143,1,476.5699,646.8458,12011.0,3484.0,185.0952,0.7742,2.4801,567.0,41.9484,0.4977,0.6646,342,648,615,858,167.0345
12,231.5143,2,835.3874,662.8133,14245.0,2767.0,163.2062,0.9988,1.6027,561.0,33.0232,0.5991,0.7493,648,958,615,858,167.0345
12,231.5143,3,1065.4301,657.212,10611.0,1476.0,157.766,0.6124,2.0533,592.0,43.4889,0.5336,0.6959,958,1260,615,858,167.0345
12,231.5143,4,1511.3029,669.7573,11499.0,1595.0,149.0862,0.9474,1.6376,580.0,27.6864,0.6341,0.7761,1260,1566,615,858,167.0345
12,231.9148,1,494.3881,659.5952,11146.0,1875.0,169.8402,0.6241,2.4399,582.0,44.9026,0.4294,0.6008,342,648,615,858,167.0345
12,231.9148,2,842.3072,661.1809,13586.0,2672.0,156.0466,0.9999,1.5029,563.0,23.3792,0.7418,0.8518,648,958,615,858,167.0345
12,231.9148,3,1048.2865,660.1647,10838.0,1678.0,151.0094,0.6328,1.9305,592.0,38.4337,0.551,0.7105,958,1260,615,858,167.0345
12,231.9148,4,1509.3109,670.144,12892.0,1452.0,155.0958,0.9578,1.4419,576.0,38.0306,0.5633,0.7207,1260,1566,615,858,167.0345
12,232.3154,1,514.4581,651.848,12673.0,2562.0,202.8824,0.5405,2.7135,586.0,32.4898,0.6205,0.7658,342,648,615,858,167.0345
12,232.3154,2,849.4696,662.4546,13514.0,2467.0,159.5432,0.9453,1.5961,565.0,28.3227,0.6584,0.794,648,958,615,858,167.0345
12,232.3154,3,1039.7022,657.7153,11084.0,2157.0,154.3401,0.6859,2.0093,584.0,34.0045,0.6382,0.7791,958,1260,615,858,167.0345
12,232.3154,4,1484.3296,654.9851,12472.0,1943.0,154.7795,0.4649,1.9521,610.0,45.8902,0.4255,0.597,1260,1566,615,858,167.0345
12,232.7159,1,543.3853,632.0452,10573.0,3745.0,170.9478,0.5312,2.3953,566.0,39.2722,0.5644,0.7216,342,648,615,858,167.0345
12,232.7159,2,843.4838,658.4852,14958.0,2777.0,183.3286,0.7865,1.8277,564.0,32.1166,0.6017,0.7513,648,958,615,858,167.0345
12,232.7159,3,1024.199,654.2541,10027.0,2163.0,145.4597,0.8033,1.9398,579.0,38.2839,0.5654,0.7224,958,1260,615,858,167.0345
12,232.7159,4,1428.4905,647.3577,13454.0,3245.0,190.3649,0.5857,2.2736,566.0,61.7264,0.2665,0.4208,1260,1566,615,858,167.0345
12,233.1165,1,553.016,634.271,9079.0,3383.0,131.9346,0.6183,1.7406,568.0,38.6098,0.5423,0.7032,342,648,615,858,167.0345
12,233.1165,2,822.0344,657.4152,15191.0,3431.0,172.9856,0.6654,1.8294,586.0,36.2614,0.532,0.6945,648,958,615,858,167.0345
12,233.1165,3,1023.1345,667.2803,9963.0,1812.0,139.2682,0.8815,1.9166,583.0,33.4484,0.6033,0.7526,958,1260,615,858,167.0345
12,233.1165,4,1397.0697,654.5496,14437.0,3061.0,183.8586,0.5864,2.0255,571.0,51.0571,0.3783,0.5489,1260,1566,615,858,167.0345
12,233.517,1,559.6919,632.4115,7507.0,2893.0,103.8625,0.9829,1.2687,564.0,35.9714,0.5243,0.6879,342,648,615,858,167.0345
12,233.517,2,804.4682,653.7675,14404.0,3702.0,179.0541,0.8264,1.8606,559.0,37.1099,0.5446,0.7052,648,958,615,858,167.0345
12,233.517,3,1023.0339,662.9048,10546.0,2226.0,142.9127,0.876,1.828,580.0,24.9462,0.6837,0.8121,958,1260,615,858,167.0345
12,233.517,4,1372.8498,660.1534,13418.0,2637.0,173.5021,0.6922,2.0062,574.0,48.6699,0.4296,0.601,1260,1566,615,858,167.0345
12,233.9175,1,549.7227,627.7491,8452.0,3259.0,108.447,0.6959,1.1015,560.0,34.5585,0.513,0.6781,342,648,615,858,167.0345
12,233.9175,2,790.6998,656.077,13894.0,3408.0,161.7566,0.9605,1.5869,559.0,34.5833,0.5794,0.7337,648,958,615,858,167.0345
12,233.9175,3,1017.9809,650.1566,9594.0,2350.0,126.542,0.9729,1.4326,573.0,32.8713,0.623,0.7677,958,1260,615,858,167.0345
12,233.9175,4,1352.9946,662.9948,11639.0,2067.0,172.4469,0.7892,2.197,574.0,38.5976,0.496,0.6631,1260,1566,615,858,167.0345
12,234.3181,1,523.4127,635.6299,9533.0,3034.0,113.1378,0.9947,1.1318,561.0,46.3351,0.4219,0.5934,342,648,615,858,167.0345
12,234.3181,2,788.0669,668.5001,14773.0,2800.0,167.9667,0.9464,1.6147,564.0,24.699,0.6865,0.8141,648,958,615,858,167.0345
12,234.3181,3,1016.1951,641.2092,7987.0,2053.0,118.2385,0.8022,1.4077,573.0,40.0625,0.5365,0.6984,958,1260,615,858,167.0345
12,234.3181,4,1343.8938,670.6891,10809.0,1783.0,172.6075,0.8805,2.4462,576.0,31.8151,0.5901,0.7422,1260,1566,615,858,167.0345
12,234.7186,1,498.5693,649.857,11325.0,2720.0,131.3116,0.9963,1.3284,562.0,47.9063,0.3987,0.5701,342,648,615,858,167.0345
12,234.7186,2,779.5408,664.567,13398.0,2466.0,158.0876,0.998,1.5483,567.0,29.1312,0.6339,0.7759,648,958,615,858,167.0345
12,234.7186,3,1020.2193,647.4556,10156.0,2112.0,128.8508,0.7428,1.2963,571.0,31.9981,0.6227,0.7675,958,1260,615,858,167.0345
12,234.7186,4,1336.285,663.0606,8118.0,1393.0,147.1221,0.9223,2.4342,580.0,29.6263,0.6162,0.7625,1260,1566,615,858,167.0345
12,235.1192,1,478.9751,641.5092,12595.0,3555.0,160.1966,0.3958,1.7411,578.0,36.4798,0.4893,0.6571,342,648,615,858,167.0345
12,235.1192,2,778.8307,665.6395,14769.0,3061.0,171.827,0.9566,1.7823,558.0,29.9746,0.6233,0.7679,648,958,615,858,167.0345
12,235.1192,3,1036.8886,659.1541,11566.0,1950.0,133.3459,0.7973,1.3295,574.0,37.9284,0.5464,0.7067,958,1260,615,858,167.0345
12,235.1192,4,1330.5284,659.033,6512.0,1383.0,109.6826,1.0,1.8384,587.0,39.5184,0.3806,0.5513,1260,1566,615,858,167.0345
12,235.5197,1,459.6364,635.1936,12633.0,4019.0,193.2434,0.3245,3.0919,595.0,33.3905,0.5164,0.6811,342,648,615,858,167.0345
12,235.5197,2,787.3648,661.7083,13951.0,2943.0,162.3363,0.9535,1.6893,561.0,24.7679,0.6803,0.8097,648,958,615,858,167.0345
12,235.5197,3,1056.0474,649.013,10263.0,2027.0,131.6241,0.84,1.4008,569.0,41.4692,0.5058,0.6718,958,1260,615,858,167.0345
12,235.5197,4,1353.545,645.8673,7756.0,1300.0,101.0755,0.7066,1.2453,591.0,36.8251,0.3529,0.5217,1260,1566,615,858,167.0345
12,235.9203,1,443.7137,637.8862,11202.0,3514.0,162.506,0.4247,2.2125,575.0,35.37,0.4838,0.6522,342,648,615,858,167.0345
12,235.9203,2,797.8231,658.3189,12937.0,2846.0,153.8544,0.9976,1.5699,562.0,33.6103,0.6081,0.7563,648,958,615,858,167.0345
12,235.9203,3,1075.3416,654.9033,10487.0,1869.0,126.7077,0.9175,1.2788,568.0,38.9068,0.5058,0.6718,958,1260,615,858,167.0345
12,235.9203,4,1379.2445,657.3231,8723.0,1297.0,118.9634,0.823,1.5431,596.0,42.017,0.3286,0.4947,1260,1566,615,858,167.0345
12,236.3208,1,418.1798,625.7216,7424.0,2927.0,120.4349,0.7061,1.723,576.0,31.7512,0.5392,0.7006,342,648,615,858,167.0345
12,236.3208,2,804.9448,660.8824,13220.0,2642.0,155.0956,0.9981,1.5698,563.0,28.4243,0.6675,0.8006,648,958,615,858,167.0345
12,236.3208,3,1087.2588,657.0421,11817.0,2139.0,141.1014,0.7957,1.4494,573.0,32.7071,0.6133,0.7603,958,1260,615,858,167.0345
12,236.3208,4,1408.6601,667.5188,9471.0,617.0,132.1244,0.7307,1.6975,601.0,45.9582,0.3205,0.4854,1260,1566,615,858,167.0345
12,236.7214,1,424.0877,642.5201,9320.0,2522.0,132.5148,0.8744,1.6404,574.0,28.3226,0.6184,0.7642,342,648,615,858,167.0345
12,236.7214,2,817.6015,661.2999,14153.0,2721.0,162.9735,0.9878,1.5925,563.0,30.7678,0.6485,0.7868,648,958,615,858,167.0345
12,236.7214,3,1111.4115,654.1445,13439.0,2677.0,162.385,0.4067,2.213,606.0,41.9931,0.3924,0.5636,958,1260,615,858,167.0345
12,236.7214,4,1438.1021,671.2311,10749.0,943.0,145.8052,0.754,1.8341,595.0,47.5892,0.3458,0.5138,1260,1566,615,858,167.0345
12,237.1219,1,426.2548,652.3783,9520.0,2127.0,137.33,0.9987,1.6964,582.0,31.9506,0.6279,0.7714,342,648,615,858,167.0345
12,237.1219,2,830.7877,666.7967,14709.0,2613.0,173.2431,0.9555,1.6591,568.0,32.4906,0.6039,0.753,648,958,615,858,167.0345
12,237.1219,3,1146.5204,649.9312,11895.0,2573.0,157.9121,0.5016,1.9437,579.0,47.8122,0.3631,0.5328,958,1260,615,858,167.0345
12,237.1219,4,1457.2031,674.1825,11667.0,878.0,166.123,0.688,2.185,600.0,43.9946,0.4927,0.6602,1260,1566,615,858,167.0345
12,237.5224,1,449.3883,676.9394,12338.0,1956.0,178.005,0.9539,2.3839,580.0,43.1035,0.4136,0.5851,342,648,615,858,167.0345
12,237.5224,2,847.5268,665.0825,15821.0,3573.0,191.5062,0.9855,1.8796,548.0,34.7931,0.5895,0.7418,648,958,615,858,167.0345
12,237.5224,3,1177.5524,648.9852,9611.0,1999.0,130.4976,0.7344,1.6762,584.0,35.8004,0.4639,0.6338,958,1260,615,858,167.0345
12,237.5224,4,1481.111,674.5842,11931.0,1166.0,170.2305,0.7659,2.2296,594.0,45.1202,0.4674,0.637,1260,1566,615,858,167.0345
12,237.923,1,466.6199,667.0404,13542.0,2513.0,195.5593,0.8303,2.3935,580.0,38.1613,0.5294,0.6923,342,648,615,858,167.0345
12,237.923,2,860.5785,663.1743,15212.0,2892.0,191.3775,0.7048,2.25,599.0,30.13,0.6519,0.7893,648,958,615,858,167.0345
12,237.923,3,1180.0044,660.1914,9485.0,1843.0,130.1276,0.7965,1.6812,590.0,23.7046,0.6277,0.7713,958,1260,615,858,167.0345
12,237.923,4,1495.819,673.5049,11541.0,1487.0,153.8805,0.8519,1.9513,588.0,40.1779,0.5611,0.7188,1260,1566,615,858,167.0345
12,238.3235,1,471.0703,661.8094,13975.0,3166.0,209.0777,0.7051,2.754,578.0,34.3529,0.6247,0.769,342,648,615,858,167.0345
12,238.3235,2,868.2248,662.6248,14309.0,3029.0,174.8596,0.8861,1.6609,565.0,24.3662,0.6823,0.8112,648,958,615,858,167.0345
12,238.3235,3,1188.1533,653.1439,7588.0,1434.0,121.0718,0.9102,1.8168,589.0,27.8745,0.6096,0.7575,958,1260,615,858,167.0345
12,238.3235,4,1507.9769,664.7108,10672.0,1679.0,147.6836,0.9313,1.7667,581.0,33.1281,0.6099,0.7577,1260,1566,615,858,167.0345
12,238.7241,1,456.3317,647.6627,13140.0,3294.0,197.5895,0.4579,2.6694,579.0,34.9982,0.5711,0.727,342,648,615,858,167.0345
12,238.7241,2,870.5087,661.3767,13698.0,2934.0,154.5934,0.989,1.448,565.0,32.2535,0.5716,0.7274,648,958,615,858,167.0345
12,238.7241,3,1191.0736,654.4367,6886.0,901.0,91.8767,0.9351,1.1369,596.0,27.482,0.5731,0.7286,958,1260,615,858,167.0345
12,238.7241,4,1505.8065,667.6551,11159.0,1490.0,144.254,0.9418,1.5789,582.0,21.7247,0.7769,0.8744,1260,1566,615,858,167.0345
12,239.1246,1,439.1809,638.1768,11943.0,3787.0,170.2314,0.4905,2.1122,575.0,33.9672,0.6291,0.7723,342,648,615,858,167.0345
12,239.1246,2,856.4203,649.7056,14696.0,4134.0,195.8391,0.833,2.2054,543.0,39.0967,0.4978,0.6647,648,958,615,858,167.0345
12,239.1246,3,1177.1487,654.3757,7714.0,910.0,103.7694,0.9143,1.2406,596.0,37.2046,0.5542,0.7132,958,1260,615,858,167.0345
12,239.1246,4,1506.4352,665.4535,12005.0,1643.0,143.1136,0.9939,1.3856,577.0,27.2608,0.7108,0.8309,1260,1566,615,858,167.0345
12,239.5252,1,434.7969,641.9685,11593.0,3515.0,167.4601,0.5378,2.108,574.0,26.3016,0.7283,0.8428,342,648,615,858,167.0345
12,239.5252,2,835.1889,652.7592,13100.0,2534.0,157.7849,0.6165,1.6859,584.0,49.2751,0.4472,0.618,648,958,615,858,167.0345
12,239.5252,3,1152.9528,667.6031,9274.0,697.0,117.863,0.7585,1.4272,601.0,50.5402,0.3717,0.5419,958,1260,615,858,167.0345
12,239.5252,4,1499.633,659.9581,11678.0,1570.0,144.3421,0.9359,1.2933,572.0,39.0051,0.5852,0.7383,1260,1566,615,858,167.0345
12,239.9257,1,425.8075,642.681,11525.0,3559.0,155.8197,0.6827,1.8549,570.0,37.6088,0.6144,0.7611,342,648,615,858,167.0345
12,239.9257,2,818.5931,652.418,14226.0,3664.0,168.4917,0.7829,1.7033,560.0,34.6445,0.5916,0.7434,648,958,615,858,167.0345
12,239.9257,3,1122.7392,656.879,9333.0,971.0,132.4491,0.7,1.6147,597.0,55.3602,0.3817,0.5525,958,1260,615,858,167.0345
12,239.9257,4,1474.9442,661.7339,12080.0,1719.0,145.47,0.8834,1.4842,572.0,49.3037,0.4452,0.6161,1260,1566,615,858,167.0345
12,240.3262,1,426.1367,650.9407,12579.0,3122.0,170.1927,0.6211,2.1127,574.0,26.2687,0.7107,0.8309,342,648,615,858,167.0345
12,240.3262,2,797.7922,657.368,15749.0,4008.0,173.2413,0.819,1.5806,559.0,36.2016,0.5254,0.6889,648,958,615,858,167.0345
12,240.3262,3,1101.533,669.343,10270.0,696.0,136.8398,0.7261,1.6503,601.0,49.4,0.42,0.5915,958,1260,615,858,167.0345
12,240.3262,4,1440.9571,661.5682,13355.0,2485.0,164.6949,0.8599,1.7203,572.0,51.9041,0.3799,0.5506,1260,1566,615,858,167.0345
12,240.7268,1,427.4205,652.6405,12729.0,3137.0,179.6882,0.6965,2.3555,569.0,25.2293,0.697,0.8215,342,648,615,858,167.0345
12,240.7268,2,784.2881,663.5083,15443.0,2943.0,171.8624,0.8101,1.57,578.0,33.715,0.5773,0.732,648,958,615,858,167.0345
12,240.7268,3,1084.7372,671.1996,10719.0,863.0,147.005,0.7433,1.8497,599.0,42.0485,0.5201,0.6843,958,1260,615,858,167.0345
12,240.7268,4,1413.9241,659.8304,13291.0,2354.0,161.5946,0.6407,1.6881,588.0,52.1534,0.4148,0.5864,1260,1566,615,858,167.0345
12,241.1273,1,427.2306,660.942,12990.0,2822.0,181.3749,0.6631,2.6018,591.0,26.0777,0.6773,0.8076,342,648,615,858,167.0345
12,241.1273,2,775.3048,664.618,16054.0,3038.0,185.0949,0.7127,2.0768,599.0,25.8617,0.666,0.7995,648,958,615,858,167.0345
12,241.1273,3,1072.6485,662.282,10986.0,1392.0,162.3777,0.6928,2.1139,590.0,33.3425,0.6273,0.771,958,1260,615,858,167.0345
12,241.1273,4,1391.2546,659.5727,14975.0,2958.0,193.6429,0.681,2.1012,573.0,39.8042,0.4952,0.6624,1260,1566,615,858,167.0345
12,241.5279,1,422.5457,671.3327,13274.0,2244.0,184.9667,0.7292,2.4938,590.0,27.7473,0.6384,0.7793,342,648,615,858,167.0345
12,241.5279,2,766.0989,659.0959,14856.0,4325.0,195.4668,0.933,2.2964,546.0,34.9018,0.5562,0.7148,648,958,615,858,167.0345
12,241.5279,3,1057.9821,661.0874,11221.0,1535.0,164.8282,0.6116,2.1905,593.0,35.0394,0.6013,0.751,958,1260,615,858,167.0345
12,241.5279,4,1375.1709,661.0099,15752.0,3708.0,185.9203,0.8636,1.9144,561.0,36.4309,0.5236,0.6873,1260,1566,615,858,167.0345
12,241.9284,1,416.2371,666.6383,12153.0,2747.0,189.1832,0.818,2.6992,569.0,23.8641,0.6825,0.8113,342,648,615,858,167.0345
12,241.9284,2,759.3579,653.8011,14648.0,4206.0,192.97,0.8424,2.0508,560.0,26.2049,0.7266,0.8416,648,958,615,858,167.0345
12,241.9284,3,1037.0088,651.6129,10182.0,1995.0,153.3652,0.681,2.0405,585.0,40.403,0.5441,0.7048,958,1260,615,858,167.0345
12,241.9284,4,1364.5741,668.0427,13048.0,2541.0,176.1543,0.7003,2.4396,580.0,36.4425,0.5531,0.7122,1260,1566,615,858,167.0345
12,242.329,1,416.531,670.9921,11255.0,1576.0,191.4669,0.7965,2.7264,574.0,25.4685,0.6374,0.7785,342,648,615,858,167.0345
12,242.329,2,751.5978,663.6599,14356.0,3268.0,181.513,0.8381,1.8802,567.0,29.762,0.61,0.7578,648,958,615,858,167.0345
12,242.329,3,1032.0036,659.5979,9958.0,1686.0,142.1357,0.7186,1.8803,587.0,34.6369,0.6381,0.779,958,1260,615,858,167.0345
12,242.329,4,1355.048,673.5476,10169.0,1480.0,143.7417,0.8809,1.995,580.0,33.7218,0.485,0.6532,1260,1566,615,858,167.0345
12,242.7295,1,407.2037,662.872,10939.0,1922.0,173.0349,0.8279,2.3481,571.0,29.5617,0.6488,0.787,342,648,615,858,167.0345
12,242.7295,2,745.9149,662.1057,14143.0,3051.0,166.749,0.906,1.544,563.0,26.3728,0.6472,0.7858,648,958,615,858,167.0345
12,242.7295,3,1020.5338,648.9241,9027.0,2125.0,126.2151,0.8557,1.6029,579.0,33.1275,0.626,0.77,958,1260,615,858,167.0345
12,242.7295,4,1352.0238,661.1291,8528.0,1436.0,124.5331,0.9427,1.7345,582.0,30.5919,0.5407,0.7019,1260,1566,615,858,167.0345
12,243.1301,1,412.5375,664.3966,10236.0,1424.0,157.4795,0.7432,2.2027,583.0,31.0294,0.6126,0.7598,342,648,615,858,167.0345
12,243.1301,2,746.5068,664.4049,14549.0,2869.0,164.3768,0.9994,1.5291,566.0,28.4382,0.6615,0.7962,648,958,615,858,167.0345
12,243.1301,3,1022.1499,651.8519,9387.0,2020.0,127.757,0.8402,1.5714,582.0,23.369,0.7682,0.8689,958,1260,615,858,167.0345
12,243.1301,4,1350.6276,655.6977,7780.0,1221.0,117.4644,0.883,1.6853,587.0,21.6093,0.6892,0.816,1260,1566,615,858,167.0345
12,243.5306,1,421.9313,642.182,7021.0,1715.0,118.5054,0.9781,1.7408,581.0,42.5559,0.3596,0.5289,342,648,615,858,167.0345
12,243.5306,2,756.7154,673.2568,15196.0,2501.0,173.8837,0.9912,1.7277,567.0,29.6365,0.6334,0.7756,648,958,615,858,167.0345
12,243.5306,3,1025.4836,654.0562,10102.0,2190.0,124.3448,0.8797,1.3468,580.0,25.3387,0.7345,0.8469,958,1260,615,858,167.0345
12,243.5306,4,1355.6687,655.5135,8488.0,1550.0,121.6039,0.9606,1.5725,588.0,28.0046,0.5839,0.7373,1260,1566,615,858,167.0345
12,243.9311,1,436.4108,638.4502,7436.0,1746.0,115.2984,0.8109,1.4654,585.0,37.0015,0.5349,0.697,342,648,615,858,167.0345
12,243.9311,2,769.8679,666.928,15274.0,2962.0,176.059,0.999,1.6786,560.0,31.61,0.6304,0.7733,648,958,615,858,167.0345
12,243.9311,3,1034.0154,663.8393,11953.0,2247.0,130.7436,0.86,1.2739,575.0,25.7437,0.7134,0.8327,958,1260,615,858,167.0345
12,243.9311,4,1371.2783,668.5251,8575.0,1125.0,119.2875,1.0,1.5689,590.0,34.6251,0.4843,0.6525,1260,1566,615,858,167.0345
12,244.3317,1,458.0262,642.3516,9933.0,2223.0,150.1267,0.5342,1.9477,585.0,48.9154,0.4635,0.6334,342,648,615,858,167.0345
12,244.3317,2,775.7579,661.3195,16154.0,3969.0,184.671,0.9116,1.7668,551.0,33.307,0.5878,0.7404,648,958,615,858,167.0345
12,244.3317,3,1039.0928,654.1042,11991.0,2614.0,142.2668,0.8214,1.3442,572.0,31.4967,0.6167,0.7629,958,1260,615,858,167.0345
12,244.3317,4,1384.5371,664.8205,10294.0,1539.0,142.1093,0.8353,1.8803,593.0,36.4385,0.4465,0.6173,1260,1566,615,858,167.0345
12,244.7322,1,496.8673,644.0961,11077.0,2525.0,164.0282,0.4641,2.1272,589.0,58.2158,0.3517,0.5204,342,648,615,858,167.0345
12,244.7322,2,773.0561,653.849,15807.0,4421.0,187.9013,0.7888,1.7929,554.0,30.8001,0.6268,0.7706,648,958,615,858,167.0345
12,244.7322,3,1044.7352,652.3808,11596.0,2439.0,132.2167,0.8099,1.1632,567.0,31.756,0.705,0.827,958,1260,615,858,167.0345
12,244.7322,4,1422.9719,664.2743,11442.0,1035.0,181.5425,0.6835,2.3083,597.0,56.7688,0.294,0.4545,1260,1566,615,858,167.0345
12,245.1328,1,501.5701,650.6227,12012.0,2520.0,177.0819,0.4887,2.3381,586.0,30.6852,0.6786,0.8085,342,648,615,858,167.0345
12,245.1328,2,747.8415,659.5053,15762.0,4141.0,186.6026,0.9115,1.842,549.0,38.8721,0.493,0.6604,648,958,615,858,167.0345
12,245.1328,3,1043.7404,659.1178,12233.0,2050.0,138.1666,0.75,1.342,572.0,36.545,0.531,0.6937,958,1260,615,858,167.0345
12,245.1328,4,1460.0432,664.9671,11901.0,1344.0,173.7263,0.6595,2.2624,591.0,57.5343,0.3389,0.5063,1260,1566,615,858,167.0345
12,245.5333,1,514.3003,656.8849,11867.0,2213.0,186.6405,0.6186,2.6699,580.0,42.4469,0.5246,0.6882,342,648,615,858,167.0345
12,245.5333,2,739.2577,669.6231,14740.0,3004.0,183.6201,0.7656,2.3121,595.0,35.0728,0.5652,0.7222,648,958,615,858,167.0345
12,245.5333,3,1058.5558,667.5989,10257.0,18.0,151.2953,0.2909,2.1252,614.0,36.7122,0.4728,0.6421,958,1260,615,858,167.0345
12,245.5333,4,1479.6899,669.6957,12243.0,1458.0,173.0946,0.703,2.2042,591.0,47.4131,0.4627,0.6326,1260,1566,615,858,167.0345
12,245.9339,1,529.3168,664.5901,10173.0,1648.0,156.8062,0.7114,2.3713,585.0,40.4183,0.5001,0.6668,342,648,615,858,167.0345
12,245.9339,2,724.8011,664.4966,12438.0,2906.0,176.3443,0.8942,2.3577,571.0,39.3373,0.4873,0.6553,648,958,615,858,167.0345
12,245.9339,3,1118.8472,642.9488,12069.0,2388.0,193.7572,0.2717,3.1239,607.0,52.8556,0.2587,0.411,958,1260,615,858,167.0345
12,245.9339,4,1490.5386,668.489,12187.0,1498.0,174.5901,0.6949,2.2851,591.0,32.0669,0.6609,0.7958,1260,1566,615,858,167.0345
12,246.3344,1,544.6691,645.9411,7899.0,1929.0,135.8591,0.9235,1.9901,577.0,34.9975,0.5624,0.7199,342,648,615,858,167.0345
12,246.3344,2,710.8373,647.5165,9452.0,3112.0,174.5585,0.993,2.8643,547.0,39.9021,0.4725,0.6418,648,958,615,858,167.0345
12,246.3344,3,1133.8623,657.8341,13517.0,2332.0,178.5528,0.4211,2.1253,580.0,37.5376,0.4458,0.6167,958,1260,615,858,167.0345
12,246.3344,4,1499.1562,666.5356,11795.0,1613.0,160.0662,0.7606,1.9928,589.0,30.1093,0.6607,0.7957,1260,1566,615,858,167.0345
12,246.7349,1,541.2632,667.7276,8190.0,1363.0,127.0616,0.9826,1.8778,584.0,23.5397,0.6551,0.7916,342,648,615,858,167.0345
12,246.7349,2,705.9965,673.2024,10376.0,1845.0,145.0399,1.0,1.9283,579.0,33.3025,0.531,0.6937,648,958,615,858,167.0345
12,246.7349,3,1152.0814,648.4456,11630.0,2716.0,166.8515,0.5124,2.1871,576.0,28.5203,0.5987,0.749,958,1260,615,858,167.0345
12,246.7349,4,1502.9929,667.9532,11789.0,1834.0,158.3263,0.82,1.9423,585.0,26.3582,0.6932,0.8188,1260,1566,615,858,167.0345
12,247.1355,1,543.7807,661.0965,8790.0,1367.0,129.0778,0.9531,1.7204,584.0,31.7165,0.5048,0.6709,342,648,615,858,167.0345
12,247.1355,2,722.3736,673.1791,10723.0,1679.0,148.5984,0.9927,1.9028,582.0,38.3385,0.4508,0.6215,648,958,615,858,167.0345
12,247.1355,3,1169.1295,651.8918,11250.0,2357.0,129.6509,0.7538,1.4784,582.0,38.0502,0.4507,0.6213,958,1260,615,858,167.0345
12,247.1355,4,1504.0065,677.6509,12072.0,1436.0,159.4487,0.8537,1.9197,585.0,23.0717,0.7706,0.8705,1260,1566,615,858,167.0345
12,247.536,1,532.2329,663.7151,9843.0,1701.0,135.4479,0.9251,1.7449,584.0,30.0471,0.5696,0.7258,342,648,615,858,167.0345
12,247.536,2,740.0296,670.2337,10967.0,1883.0,162.0879,0.9692,2.0523,581.0,37.9438,0.482,0.6504,648,958,615,858,167.0345
12,247.536,3,1168.9758,664.7154,10316.0,1627.0,133.8137,0.6885,1.8082,595.0,28.4311,0.5577,0.716,958,1260,615,858,167.0345
12,247.536,4,1506.6301,672.2704,12599.0,1702.0,159.2571,0.8874,1.7839,582.0,24.2505,0.6848,0.8129,1260,1566,615,858,167.0345
12,247.9366,1,515.7271,665.924,11580.0,2003.0,162.9075,0.8175,2.0876,583.0,38.9876,0.4886,0.6565,342,648,615,858,167.0345
12,247.9366,2,757.5449,671.949,10085.0,1268.0,143.733,0.9538,1.8098,588.0,38.213,0.4692,0.6387,648,958,615,858,167.0345
12,247.9366,3,1172.1059,663.9506,10861.0,1809.0,143.4086,0.8083,1.8162,587.0,21.1871,0.7003,0.8237,958,1260,615,858,167.0345
12,247.9366,4,1507.2036,670.8566,13642.0,1879.0,162.8582,0.9844,1.5877,575.0,27.6833,0.6813,0.8104,1260,1566,615,858,167.0345
12,248.3371,1,496.9508,660.5548,11612.0,1854.0,169.7624,0.6913,2.1968,583.0,45.4823,0.4767,0.6457,342,648,615,858,167.0345
12,248.3371,2,773.3348,670.3673,10475.0,1613.0,140.7392,0.9625,1.7243,582.0,33.8407,0.5253,0.6888,648,958,615,858,167.0345
12,248.3371,3,1174.3141,663.921,10601.0,1702.0,146.8811,0.7647,1.928,590.0,20.0015,0.727,0.842,958,1260,615,858,167.0345
12,248.3371,4,1503.0231,674.4724,14707.0,1740.0,156.7746,0.9928,1.3808,576.0,25.5174,0.7092,0.8299,1260,1566,615,858,167.0345
12,248.7377,1,481.5158,664.4756,12376.0,2036.0,178.0131,0.6824,2.3329,587.0,40.7879,0.5323,0.6948,342,648,615,858,167.0345
12,248.7377,2,784.8663,674.7805,9321.0,1003.0,131.2177,0.9821,1.7111,591.0,34.4304,0.5229,0.6867,648,958,615,858,167.0345
12,248.7377,3,1174.1505,673.5533,10731.0,1245.0,153.704,0.7785,2.1142,597.0,23.374,0.6627,0.7971,958,1260,615,858,167.0345
12,248.7377,4,1498.2294,664.0854,13525.0,1542.0,156.2809,0.844,1.4622,575.0,33.439,0.6057,0.7545,1260,1566,615,858,167.0345
12,249.1382,1,467.4633,666.7171,13209.0,2504.0,209.4389,0.7285,2.9141,576.0,31.7988,0.6259,0.7699,342,648,615,858,167.0345
12,249.1382,2,795.1941,679.1516,9932.0,881.0,148.8132,0.9941,1.9338,593.0,30.6512,0.6206,0.7659,648,958,615,858,167.0345
12,249.1382,3,1171.5468,675.8587,10598.0,1353.0,167.1269,0.8071,2.4458,592.0,23.324,0.6822,0.8111,958,1260,615,858,167.0345
12,249.1382,4,1460.4705,644.3014,13030.0,2709.0,168.383,0.375,2.2261,615.0,45.7354,0.4336,0.6049,1260,1566,615,858,167.0345
12,249.5388,1,449.6271,661.2239,12414.0,2651.0,201.9774,0.7431,2.9103,574.0,49.1227,0.4997,0.6664,342,648,615,858,167.0345
12,249.5388,2,798.2502,683.6777,10623.0,891.0,158.7636,0.9999,2.0581,592.0,26.3814,0.7158,0.8343,648,958,615,858,167.0345
12,249.5388,3,1176.8299,662.8402,10939.0,1699.0,153.2417,0.8309,1.9428,587.0,25.1694,0.7,0.8235,958,1260,615,858,167.0345
12,249.5388,4,1412.1662,650.8666,15275.0,4126.0,201.2032,0.6148,2.2584,573.0,56.3756,0.276,0.4326,1260,1566,615,858,167.0345
12,249.9393,1,427.7506,652.0744,12560.0,3308.0,181.5835,0.7197,2.3699,570.0,39.1502,0.5602,0.7181,342,648,615,858,167.0345
12,249.9393,2,795.0951,686.5631,10934.0,811.0,158.6446,0.9955,2.0138,592.0,23.1075,0.7721,0.8714,648,958,615,858,167.0345
12,249.9393,3,1181.0265,658.2918,10035.0,1644.0,127.4738,0.961,1.366,579.0,32.6532,0.6071,0.7555,958,1260,615,858,167.0345
12,249.9393,4,1382.0914,664.1039,13981.0,2861.0,174.0548,0.6334,2.3955,600.0,60.5196,0.2547,0.406,1260,1566,615,858,167.0345
12,250.3398,1,412.1193,648.4134,11397.0,3364.0,157.8164,0.8324,2.0317,566.0,39.26,0.5838,0.7372,342,648,615,858,167.0345
12,250.3398,2,790.7122,694.2082,12177.0,874.0,166.3949,0.9611,2.028,590.0,29.0846,0.6736,0.805,648,958,615,858,167.0345
12,250.3398,3,1183.9716,645.5581,9394.0,2087.0,126.3329,0.9222,1.2994,568.0,35.9436,0.6554,0.7918,958,1260,615,858,167.0345
12,250.3398,4,1359.5211,666.1118,11095.0,1981.0,170.6761,0.8023,2.3809,569.0,34.0431,0.485,0.6532,1260,1566,615,858,167.0345
12,250.7404,1,411.7949,646.4479,11859.0,3472.0,159.6896,0.8041,1.9123,564.0,21.3044,0.7534,0.8594,342,648,615,858,167.0345
12,250.7404,2,792.1009,685.7139,11660.0,980.0,170.2196,0.9368,2.1522,591.0,25.9715,0.753,0.8591,648,958,615,858,167.0345
12,250.7404,3,1174.9906,647.5208,10513.0,2015.0,136.2521,0.6447,1.328,572.0,39.6919,0.5638,0.7211,958,1260,615,858,167.0345
12,250.7404,4,1347.7886,674.0072,10016.0,1545.0,156.3618,0.856,2.3205,576.0,40.4384,0.4742,0.6434,1260,1566,615,858,167.0345
12,251.1409,1,425.3473,657.8221,12909.0,2989.0,167.3484,0.7819,2.0309,569.0,25.2413,0.6687,0.8014,342,648,615,858,167.0345
12,251.1409,2,793.0942,663.1181,11142.0,1897.0,164.1679,0.901,2.0837,581.0,31.7743,0.6263,0.7702,648,958,615,858,167.0345
12,251.1409,3,1152.7458,650.03,10865.0,2268.0,151.3299,0.7262,1.7179,569.0,40.1859,0.4956,0.6627,958,1260,615,858,167.0345
12,251.1409,4,1339.1554,673.5989,7956.0,1003.0,130.817,0.9615,2.137,586.0,34.2131,0.4995,0.6663,1260,1566,615,858,167.0345
12,251.5415,1,429.5761,658.01,13358.0,2784.0,171.3778,0.6542,2.1088,594.0,27.2656,0.6566,0.7927,342,648,615,858,167.0345
12,251.5415,2,797.3365,666.8738,11219.0,1828.0,158.8426,0.8724,1.9979,583.0,25.5743,0.6934,0.8189,648,958,615,858,167.0345
12,251.5415,3,1127.5109,649.7115,11424.0,2420.0,141.4554,0.7414,1.5203,570.0,48.0202,0.4296,0.601,958,1260,615,858,167.0345
12,251.5415,4,1350.485,650.182,7864.0,1161.0,127.4324,0.7623,1.7293,590.0,38.5738,0.3674,0.5374,1260,1566,615,858,167.0345
12,251.942,1,428.4742,648.4491,14170.0,4255.0,181.2503,0.9178,1.9044,552.0,27.6108,0.6514,0.7889,342,648,615,858,167.0345
12,251.942,2,804.8263,671.2962,11032.0,1425.0,158.384,0.8761,2.0216,588.0,29.8469,0.6744,0.8055,648,958,615,858,167.0345
12,251.942,3,1106.7624,650.2133,11273.0,2106.0,138.5445,0.3185,1.7962,614.0,36.6787,0.533,0.6953,958,1260,615,858,167.0345
12,251.942,4,1386.3271,652.673,9421.0,1381.0,138.4909,0.7432,1.7579,582.0,46.7499,0.2772,0.4341,1260,1566,615,858,167.0345
12,252.3426,1,432.3486,668.5587,11653.0,1114.0,184.2122,0.561,2.6077,592.0,31.993,0.5143,0.6792,342,648,615,858,167.0345
12,252.3426,2,814.5828,666.9068,11365.0,1781.0,166.6704,0.809,2.181,585.0,29.2098,0.6627,0.7972,648,958,615,858,167.0345
12,252.3426,3,1085.5919,653.234,12988.0,2556.0,151.0078,0.4522,1.6018,589.0,40.1576,0.4744,0.6435,958,1260,615,858,167.0345
12,252.3426,4,1419.5403,672.5223,10947.0,983.0,165.816,0.7583,2.214,593.0,55.3406,0.2275,0.3707,1260,1566,615,858,167.0345
12,252.7431,1,430.861,655.722,14156.0,3126.0,179.5412,0.6087,2.2746,593.0,24.0514,0.6312,0.7739,342,648,615,858,167.0345
12,252.7431,2,828.1152,671.6992,11923.0,1722.0,173.2894,0.8175,2.2832,587.0,36.1887,0.5498,0.7095,648,958,615,858,167.0345
12,252.7431,3,1056.7391,656.7411,13895.0,2862.0,162.851,0.4615,1.6955,591.0,43.2069,0.4425,0.6135,958,1260,615,858,167.0345
12,252.7431,4,1448.9572,672.7635,12408.0,1374.0,185.4596,0.7297,2.4822,589.0,52.2875,0.3804,0.5511,1260,1566,615,858,167.0345
12,253.1436,1,431.0194,649.1509,12819.0,3370.0,182.7846,0.597,2.4179,575.0,21.9833,0.6879,0.8151,342,648,615,858,167.0345
12,253.1436,2,841.9526,668.1833,11911.0,1921.0,178.8951,0.7945,2.3885,585.0,37.7848,0.5899,0.742,648,958,615,858,167.0345
12,253.1436,3,1038.4807,666.0189,14690.0,2854.0,156.4555,0.874,1.4785,574.0,46.502,0.4414,0.6125,958,1260,615,858,167.0345
12,253.1436,4,1474.1393,658.7829,12266.0,2067.0,175.4121,0.6841,2.245,582.0,43.1382,0.5174,0.6819,1260,1566,615,858,167.0345
12,253.5442,1,436.8652,651.7309,10968.0,2439.0,154.3655,0.6625,2.0608,576.0,22.2711,0.7227,0.839,342,648,615,858,167.0345
12,253.5442,2,850.8752,668.0708,11772.0,2096.0,173.8338,0.8137,2.3363,583.0,32.8873,0.6544,0.7911,648,958,615,858,167.0345
12,253.5442,3,1018.7264,671.2478,13320.0,2077.0,150.4762,0.9912,1.4124,575.0,45.2973,0.493,0.6604,958,1260,615,858,167.0345
12,253.5442,4,1494.6658,658.2326,11606.0,1880.0,160.0874,0.7227,1.9407,580.0,45.7817,0.5205,0.6847,1260,1566,615,858,167.0345
12,253.9447,1,420.7912,629.9515,6872.0,2184.0,114.9348,0.881,1.5443,575.0,35.9346,0.5282,0.6913,342,648,615,858,167.0345
12,253.9447,2,856.3873,672.8761,11690.0,1786.0,176.426,0.8278,2.4497,585.0,29.4132,0.6875,0.8148,648,958,615,858,167.0345
12,253.9447,3,1022.6319,667.7226,13873.0,2274.0,152.3054,0.996,1.3722,575.0,28.2141,0.6783,0.8083,958,1260,615,858,167.0345
12,253.9447,4,1497.3495,666.6534,11581.0,1726.0,154.6707,0.7876,1.8823,583.0,34.6899,0.6219,0.7669,1260,1566,615,858,167.0345
12,254.3453,1,415.39,624.1836,5277.0,1941.0,85.3514,0.9432,1.073,582.0,28.5666,0.6292,0.7724,342,648,615,858,167.0345
12,254.3453,2,860.7206,668.3414,11617.0,2260.0,180.1919,0.9105,2.5076,577.0,32.4829,0.6319,0.7744,648,958,615,858,167.0345
12,254.3453,3,1024.9748,649.521,13235.0,3218.0,165.4386,0.8543,1.6339,559.0,33.2746,0.6375,0.7786,958,1260,615,858,167.0345
12,254.3453,4,1498.5794,670.0851,12564.0,1891.0,156.77,0.8642,1.7358,579.0,27.1495,0.635,0.7767,1260,1566,615,858,167.0345
12,254.7458,1,432.0731,632.4377,8742.0,2737.0,147.9138,0.5795,2.0516,579.0,47.7931,0.4266,0.598,342,648,615,858,167.0345
12,254.7458,2,862.3581,661.225,11646.0,2992.0,161.7922,0.9253,2.0355,567.0,29.8206,0.6577,0.7935,648,958,615,858,167.0345
12,254.7458,3,1039.5115,652.3203,13385.0,2737.0,178.5792,0.5832,2.0788,577.0,40.7418,0.5415,0.7026,958,1260,615,858,167.0345
12,254.7458,4,1492.324,664.6339,13411.0,2360.0,161.0457,0.8639,1.6366,576.0,28.3221,0.661,0.7959,1260,1566,615,858,167.0345
12,255.1464,1,455.0376,645.8621,10041.0,1992.0,158.3757,0.3821,2.1741,589.0,55.2248,0.3889,0.56,342,648,615,858,167.0345
12,255.1464,2,874.6427,654.6964,11519.0,3033.0,164.3204,0.9288,2.0605,569.0,32.8137,0.6234,0.7681,648,958,615,858,167.0345
12,255.1464,3,1088.3277,636.33,12030.0,2937.0,194.9909,0.1939,3.4564,608.0,51.7724,0.3563,0.5254,958,1260,615,858,167.0345
12,255.1464,4,1487.4467,667.4494,13938.0,2243.0,171.8478,0.7591,1.8405,583.0,28.4825,0.7068,0.8282,1260,1566,615,858,167.0345
12,255.5469,1,482.9929,644.4242,11409.0,2385.0,178.8764,0.461,2.4197,585.0,48.2094,0.472,0.6413,342,648,615,858,167.0345
12,255.5469,2,891.2524,664.3885,13791.0,3512.0,169.0266,0.9891,1.7896,565.0,46.6254,0.4399,0.611,648,958,615,858,167.0345
12,255.5469,3,1141.1168,639.3754,10892.0,2846.0,158.9195,0.4888,2.1245,574.0,49.5736,0.2706,0.4259,958,1260,615,858,167.0345
12,255.5469,4,1487.987,670.3841,11603.0,1715.0,147.5082,0.8354,1.7604,583.0,32.9109,0.6464,0.7852,1260,1566,615,858,167.0345
12,255.9475,1,504.379,652.1993,12368.0,2625.0,182.3298,0.5465,2.4452,581.0,45.7244,0.4947,0.6619,342,648,615,858,167.0345
12,255.9475,2,906.5728,669.2711,12143.0,2583.0,154.8215,0.9832,1.9873,599.0,36.7041,0.5078,0.6736,648,958,615,858,167.0345
12,255.9475,3,1153.8929,659.9864,12005.0,2476.0,155.4915,0.7481,1.9231,577.0,41.9818,0.3806,0.5513,958,1260,615,858,167.0345
12,255.9475,4,1503.7063,666.2215,9329.0,995.0,110.468,0.9463,1.2419,590.0,35.057,0.4864,0.6545,1260,1566,615,858,167.0345
12,256.348,1,523.6854,658.8518,12625.0,2808.0,185.3171,0.6208,2.5574,580.0,40.8515,0.5162,0.6809,342,648,615,858,167.0345
12,256.348,2,895.4658,672.5111,13447.0,2400.0,144.1294,0.967,1.5035,598.0,31.3973,0.6007,0.7505,648,958,615,858,167.0345
12,256.348,3,1166.2399,671.6491,10274.0,1472.0,145.6561,0.7387,2.0697,592.0,26.4372,0.5397,0.701,958,1260,615,858,167.0345
12,256.348,4,1512.1396,656.6986,7692.0,925.0,105.7095,1.0,1.2993,593.0,25.4386,0.5933,0.7447,1260,1566,615,858,167.0345
12,256.7485,1,545.8932,655.2746,11127.0,2771.0,185.6324,0.7222,2.8461,572.0,43.2844,0.495,0.6622,342,648,615,858,167.0345
12,256.7485,2,876.5802,650.0235,12064.0,2955.0,149.6277,0.9342,1.5346,559.0,45.8261,0.4586,0.6288,648,958,615,858,167.0345
12,256.7485,3,1181.1982,655.8649,7607.0,1316.0,100.9812,0.8399,1.2704,590.0,34.216,0.4688,0.6383,958,1260,615,858,167.0345
12,256.7485,4,1496.9685,663.0065,8662.0,746.0,116.3282,0.9189,1.4116,597.0,40.3632,0.4284,0.5999,1260,1566,615,858,167.0345
12,257.1491,1,561.8663,660.4791,9447.0,1590.0,178.9505,0.7364,2.9621,571.0,39.3569,0.4783,0.6471,342,648,615,858,167.0345
12,257.1491,2,858.5673,651.4029,13340.0,3239.0,167.1471,0.9398,1.7487,556.0,39.8587,0.5453,0.7058,648,958,615,858,167.0345
12,257.1491,3,1187.5139,650.2867,6731.0,846.0,95.2398,0.9924,1.1806,597.0,24.9129,0.6657,0.7993,958,1260,615,858,167.0345
12,257.1491,4,1472.1599,660.8539,9050.0,809.0,140.6043,0.7496,1.8681,597.0,50.3761,0.449,0.6197,1260,1566,615,858,167.0345
12,257.5496,1,566.9338,657.5481,9541.0,1747.0,169.89,0.7572,2.6076,571.0,19.537,0.7851,0.8796,342,648,615,858,167.0345
12,257.5496,2,844.8749,674.0663,14823.0,2209.0,174.3919,0.9392,1.7902,573.0,46.1765,0.4899,0.6576,648,958,615,858,167.0345
12,257.5496,3,1177.0702,652.0355,7768.0,919.0,121.4232,0.8014,1.589,594.0,39.0962,0.5719,0.7276,958,1260,615,858,167.0345
12,257.5496,4,1453.6909,670.284,10294.0,926.0,154.5656,0.8959,1.9362,594.0,45.4716,0.4423,0.6133,1260,1566,615,858,167.0345
12,257.9502,1,565.0031,664.8518,10490.0,1752.0,165.7956,0.7085,2.48,593.0,20.6827,0.7118,0.8316,342,648,615,858,167.0345
12,257.9502,2,825.3611,673.4045,16689.0,3347.0,195.7688,0.949,1.9577,550.0,42.652,0.4952,0.6624,648,958,615,858,167.0345
12,257.9502,3,1151.4601,656.2141,8887.0,708.0,130.9101,0.6441,1.6352,600.0,56.1496,0.4177,0.5893,958,1260,615,858,167.0345
12,257.9502,4,1430.174,674.3549,11670.0,1572.0,166.5188,0.8636,2.2323,598.0,46.6821,0.4259,0.5973,1260,1566,615,858,167.0345
12,258.3507,1,554.3874,664.3597,11210.0,2033.0,181.957,0.7848,2.5519,568.0,22.7167,0.6443,0.7837,342,648,615,858,167.0345
12,258.3507,2,803.6346,658.411,15227.0,3817.0,187.5201,0.8855,1.9444,554.0,35.5942,0.5579,0.7163,648,958,615,858,167.0345
12,258.3507,3,1132.5964,662.814,9398.0,621.0,130.2918,0.6563,1.6175,600.0,48.4377,0.4712,0.6405,958,1260,615,858,167.0345
12,258.3507,4,1413.542,671.7158,12260.0,1899.0,213.2947,0.7728,3.085,588.0,41.4509,0.5809,0.7349,1260,1566,615,858,167.0345
12,258.7513,1,549.9296,666.8487,10973.0,1251.0,185.279,0.6384,2.6893,592.0,27.8314,0.5842,0.7375,342,648,615,858,167.0345
12,258.7513,2,782.6975,654.4381,15961.0,4870.0,198.8108,0.837,2.1341,547.0,37.081,0.5052,0.6713,648,958,615,858,167.0345
12,258.7513,3,1107.43,653.6527,10345.0,1335.0,150.8748,0.5764,1.8948,593.0,44.9364,0.5433,0.704,958,1260,615,858,167.0345
12,258.7513,4,1384.6432,658.6422,11652.0,2144.0,171.415,0.6939,2.2642,581.0,49.903,0.4792,0.648,1260,1566,615,858,167.0345
12,259.1518,1,545.326,652.1282,11672.0,2865.0,182.1619,0.7212,2.5483,564.0,23.4076,0.6214,0.7665,342,648,615,858,167.0345
12,259.1518,2,755.3031,644.3119,13647.0,4890.0,187.9249,0.8697,2.125,540.0,45.9887,0.4188,0.5903,648,958,615,858,167.0345
12,259.1518,3,1084.7716,664.1303,10828.0,1418.0,139.2819,0.7997,1.6983,590.0,47.7007,0.3985,0.5699,958,1260,615,858,167.0345
12,259.1518,4,1354.8568,661.7221,9998.0,1847.0,159.7209,0.8028,2.345,577.0,58.8853,0.3284,0.4944,1260,1566,615,858,167.0345
12,259.5523,1,545.8189,666.5335,8884.0,1054.0,146.9977,0.672,2.3536,592.0,27.4086,0.5503,0.71,342,648,615,858,167.0345
12,259.5523,2,726.0502,650.6455,12642.0,4359.0,195.1431,0.965,2.4786,536.0,52.9721,0.3268,0.4926,648,958,615,858,167.0345
12,259.5523,3,1070.7061,669.9424,10717.0,770.0,153.9672,0.6898,1.9971,602.0,44.8617,0.5372,0.6989,958,1260,615,858,167.0345
12,259.5523,4,1346.1108,669.8055,9910.0,1695.0,154.1058,0.8713,2.2764,575.0,30.756,0.5845,0.7378,1260,1566,615,858,167.0345
12,259.9529,1,556.4643,663.4339,7850.0,1464.0,127.2632,0.8784,2.0911,577.0,30.879,0.4496,0.6203,342,648,615,858,167.0345
12,259.9529,2,714.4271,669.853,11779.0,3089.0,202.7505,0.9695,2.888,557.0,43.4053,0.458,0.6282,648,958,615,858,167.0345
12,259.9529,3,1060.6877,668.0587,11167.0,1238.0,158.7787,0.6878,2.0645,594.0,29.3147,0.6416,0.7817,958,1260,615,858,167.0345
12,259.9529,4,1356.9129,674.7763,10286.0,1420.0,164.1915,0.8417,2.4512,578.0,27.9956,0.6063,0.7549,1260,1566,615,858,167.0345
12,260.3534,1,568.8635,625.0583,3480.0,1281.0,96.7467,0.9544,2.1973,578.0,30.1985,0.4085,0.5801,342,648,615,858,167.0345
12,260.3534,2,717.0951,669.9119,12771.0,3053.0,169.391,0.9482,2.3373,594.0,28.1026,0.6529,0.79,648,958,615,858,167.0345
12,260.3534,3,1051.0604,662.4737,11146.0,1918.0,154.8791,0.7069,1.9915,584.0,29.8105,0.6386,0.7795,958,1260,615,858,167.0345
12,260.3534,4,1353.0592,664.9192,10067.0,1685.0,134.8879,0.7806,1.8967,603.0,28.914,0.6308,0.7736,1260,1566,615,858,167.0345
12,260.754,1,563.0437,618.6498,4123.0,1861.0,78.3885,0.7837,1.1168,583.0,27.4089,0.5085,0.6742,342,648,615,858,167.0345
12,260.754,2,727.5341,657.0233,14530.0,4236.0,198.7236,0.9999,2.1557,538.0,42.8794,0.5758,0.7308,648,958,615,858,167.0345
12,260.754,3,1039.0616,651.5357,10371.0,2069.0,157.6138,0.6668,2.0746,586.0,26.0739,0.7417,0.8517,958,1260,615,858,167.0345
12,260.754,4,1360.0996,656.4286,10969.0,2439.0,151.9305,0.9072,1.7817,567.0,33.0306,0.5848,0.738,1260,1566,615,858,167.0345
12,261.1545,1,539.6725,634.2415,6870.0,1864.0,104.923,0.7263,1.3375,584.0,47.5096,0.3351,0.502,342,648,615,858,167.0345
12,261.1545,2,723.3433,658.6522,16885.0,4961.0,199.4037,0.9899,1.9383,527.0,26.5438,0.6945,0.8197,648,958,615,858,167.0345
12,261.1545,3,1030.0054,658.5842,10477.0,1962.0,151.5052,0.7163,1.9766,584.0,33.8214,0.6266,0.7704,958,1260,615,858,167.0345
12,261.1545,4,1365.2284,668.5087,12865.0,2241.0,144.2791,0.9751,1.3537,572.0,32.7834,0.5747,0.7299,1260,1566,615,858,167.0345
12,261.5551,1,521.7202,649.8515,8848.0,1570.0,116.5819,0.7059,1.3796,589.0,49.0767,0.4064,0.5779,342,648,615,858,167.0345
12,261.5551,2,723.6727,676.3907,16466.0,3189.0,173.2194,0.9388,1.8095,594.0,30.3239,0.6464,0.7852,648,958,615,858,167.0345
12,261.5551,3,1021.0895,654.7624,9756.0,2399.0,146.4286,0.8546,2.0481,575.0,37.7796,0.5981,0.7485,958,1260,615,858,167.0345
12,261.5551,4,1382.7286,659.1363,12508.0,2378.0,146.8504,0.9461,1.4693,571.0,37.9283,0.5087,0.6743,1260,1566,615,858,167.0345
12,261.9556,1,494.1267,649.9245,10977.0,2534.0,152.1856,0.6724,1.8916,581.0,43.5667,0.4447,0.6156,342,648,615,858,167.0345
12,261.9556,2,729.9435,658.0734,16425.0,4223.0,182.3893,0.9733,1.5449,542.0,35.8596,0.606,0.7547,648,958,615,858,167.0345
12,261.9556,3,1012.3595,651.9998,8763.0,2257.0,126.4437,0.9855,1.6637,575.0,34.7927,0.5549,0.7138,958,1260,615,858,167.0345
12,261.9556,4,1409.124,656.139,14048.0,3017.0,149.7011,0.8739,1.4468,571.0,47.3324,0.4278,0.5993,1260,1566,615,858,167.0345
12,262.3562,1,475.6339,654.5151,11457.0,2356.0,158.0722,0.6857,1.978,584.0,43.2129,0.4726,0.6419,342,648,615,858,167.0345
12,262.3562,2,747.1338,663.6832,17672.0,4282.0,190.3533,0.9479,1.7712,544.0,40.9128,0.5199,0.6842,648,958,615,858,167.0345
12,262.3562,3,1012.4538,661.3134,10505.0,2136.0,132.3248,0.9939,1.5096,577.0,26.8436,0.6632,0.7975,958,1260,615,858,167.0345
12,262.3562,4,1437.9883,663.9925,15437.0,2696.0,172.5465,0.7371,1.6849,571.0,41.7765,0.4356,0.6068,1260,1566,615,858,167.0345
12,262.7567,1,461.1978,647.614,10768.0,2214.0,169.4027,0.6826,2.2068,578.0,33.1547,0.6586,0.7942,342,648,615,858,167.0345
12,262.7567,2,772.5974,670.9416,16616.0,3127.0,194.8197,0.9247,1.8701,558.0,44.218,0.4652,0.635,648,958,615,858,167.0345
12,262.7567,3,1018.11,658.8484,10986.0,2059.0,138.9456,0.9638,1.466,579.0,27.2508,0.6748,0.8058,958,1260,615,858,167.0345
12,262.7567,4,1463.6369,657.6447,13447.0,2577.0,183.522,0.6684,2.1586,575.0,40.9122,0.4451,0.616,1260,1566,615,858,167.0345
12,263.1572,1,462.9449,669.2581,12030.0,1734.0,178.3042,0.6682,2.4339,588.0,32.5571,0.6548,0.7914,342,648,615,858,167.0345
12,263.1572,2,809.1997,652.8024,15819.0,4023.0,192.2796,0.9898,1.7597,532.0,52.2987,0.3975,0.5689,648,958,615,858,167.0345
12,263.1572,3,1022.453,657.0122,12736.0,2935.0,164.9885,0.9528,1.6882,550.0,36.0519,0.6044,0.7534,958,1260,615,858,167.0345
12,263.1572,4,1482.5125,667.1758,12965.0,2127.0,162.8568,0.6993,1.9674,582.0,43.5196,0.41,0.5816,1260,1566,615,858,167.0345
12,263.5578,1,449.0932,663.3221,10782.0,1632.0,182.8355,0.7652,2.609,581.0,31.0972,0.6363,0.7777,342,648,615,858,167.0345
12,263.5578,2,830.309,669.336,16118.0,2808.0,184.7439,0.8738,1.7377,569.0,45.4191,0.4507,0.6213,648,958,615,858,167.0345
12,263.5578,3,1027.6027,666.5,13047.0,1843.0,137.8963,0.9712,1.204,577.0,34.9595,0.5929,0.7444,958,1260,615,858,167.0345
12,263.5578,4,1499.5134,671.0816,10956.0,1288.0,138.0941,0.8285,1.6685,588.0,35.9598,0.49,0.6577,1260,1566,615,858,167.0345
12,263.9583,1,442.185,675.8137,10495.0,1281.0,146.3443,0.8352,1.9691,594.0,33.0846,0.5919,0.7436,342,648,615,858,167.0345
12,263.9583,2,862.1951,652.947,14778.0,4360.0,185.7889,0.9898,1.9603,537.0,48.2654,0.3863,0.5573,648,958,615,858,167.0345
12,263.9583,3,1035.3634,660.9141,13965.0,2432.0,167.9916,0.6923,1.7508,573.0,38.9367,0.5163,0.681,958,1260,615,858,167.0345
12,263.9583,4,1507.3553,673.2478,10481.0,1152.0,152.7942,0.9152,1.9058,590.0,25.5683,0.6317,0.7743,1260,1566,615,858,167.0345
12,264.3589,1,437.3492,664.3222,12778.0,2997.0,157.8313,0.9967,1.8398,566.0,39.2964,0.5023,0.6687,342,648,615,858,167.0345
12,264.3589,2,885.3685,665.5704,18089.0,3981.0,190.6515,0.9705,1.5847,549.0,42.1316,0.47,0.6395,648,958,615,858,167.0345
12,264.3589,3,1063.1966,651.6785,9923.0,6.0,189.7547,0.2707,2.8074,614.0,42.6262,0.4159,0.5875,958,1260,615,858,167.0345
12,264.3589,4,1503.6418,662.5002,9316.0,1051.0,146.7593,0.9926,1.7811,590.0,28.1242,0.6459,0.7849,1260,1566,615,858,167.0345
12,264.7594,1,440.8571,667.4804,10748.0,1363.0,147.8569,0.7617,1.9331,590.0,41.225,0.4834,0.6517,342,648,615,858,167.0345
12,264.7594,2,866.1121,674.6582,16632.0,2397.0,187.5124,0.9582,1.7751,572.0,41.6209,0.5192,0.6835,648,958,615,858,167.0345
12,264.7594,3,1132.1702,640.254,11699.0,2349.0,189.1074,0.2035,3.1963,604.0,54.3295,0.2596,0.4122,958,1260,615,858,167.0345
12,264.7594,4,1482.1085,673.1598,9679.0,734.0,135.0792,0.8815,1.7113,598.0,34.9065,0.5169,0.6815,1260,1566,615,858,167.0345
12,265.16,1,449.4871,663.1613,11205.0,1784.0,166.3253,0.7234,2.2016,586.0,36.2558,0.5467,0.707,342,648,615,858,167.0345
12,265.16,2,810.0078,647.6934,16762.0,5499.0,150.6873,0.6653,1.6256,585.0,62.0054,0.2837,0.442,648,958,615,858,167.0345
12,265.16,3,1151.8619,651.9254,12472.0,2905.0,154.2695,0.6433,1.8574,575.0,40.6935,0.4209,0.5924,958,1260,615,858,167.0345
12,265.16,4,1469.8876,672.6101,10776.0,913.0,153.1241,0.8101,1.9666,600.0,32.8996,0.6124,0.7596,1260,1566,615,858,167.0345
12,265.5605,1,482.4939,645.4072,12199.0,2998.0,186.5098,0.4707,2.449,582.0,46.9398,0.4933,0.6607,342,648,615,858,167.0345
12,265.5605,2,776.9611,650.1952,15577.0,4906.0,191.6789,0.9476,1.9345,529.0,55.6637,0.2899,0.4496,648,958,615,858,167.0345
12,265.5605,3,1168.3684,654.6207,11119.0,2442.0,145.3279,0.65,1.7962,585.0,33.2431,0.5446,0.7052,958,1260,615,858,167.0345
12,265.5605,4,1464.232,671.8018,12325.0,1519.0,181.3849,0.8029,2.3098,582.0,31.9828,0.6498,0.7878,1260,1566,615,858,167.0345
12,265.961,1,511.9966,642.6568,12278.0,3447.0,192.7757,0.4842,2.6314,579.0,52.1761,0.4855,0.6537,342,648,615,858,167.0345
12,265.961,2,751.4862,670.9095,18337.0,4072.0,198.9575,0.9552,1.6907,562.0,43.9617,0.4173,0.5889,648,958,615,858,167.0345
12,265.961,3,1180.63,652.2582,8584.0,1864.0,117.0654,0.73,1.4834,588.0,30.0246,0.5814,0.7353,958,1260,615,858,167.0345
12,265.961,4,1472.1982,663.8673,12136.0,1620.0,174.81,0.7037,2.2494,588.0,29.9817,0.6701,0.8025,1260,1566,615,858,167.0345
12,266.3616,1,529.3414,642.455,12178.0,3608.0,182.6901,0.4979,2.4389,575.0,38.3049,0.6057,0.7544,342,648,615,858,167.0345
12,266.3616,2,741.7556,649.6394,15120.0,5182.0,198.4455,0.9493,2.1635,538.0,34.4096,0.5762,0.7311,648,958,615,858,167.0345
12,266.3616,3,1184.6427,650.9476,8618.0,1346.0,118.067,0.8413,1.3907,593.0,19.584,0.7072,0.8285,958,1260,615,858,167.0345
12,266.3616,4,1489.7323,664.3674,12035.0,1588.0,160.7989,0.7217,1.9036,588.0,44.0997,0.5483,0.7083,1260,1566,615,858,167.0345
12,266.7621,1,544.6011,646.6481,10866.0,2774.0,176.0979,0.5806,2.5679,575.0,41.3726,0.5386,0.7001,342,648,615,858,167.0345
12,266.7621,2,718.1947,657.4529,14480.0,4642.0,207.6358,0.9932,2.3197,536.0,43.622,0.4479,0.6187,648,958,615,858,167.0345
12,266.7621,3,1167.8197,671.7872,9529.0,727.0,123.5893,0.9279,1.4832,599.0,30.8135,0.5714,0.7273,958,1260,615,858,167.0345
12,266.7621,4,1492.6319,675.9197,11947.0,1296.0,160.1233,0.8114,2.0059,591.0,31.498,0.6603,0.7954,1260,1566,615,858,167.0345
12,267.1627,1,544.0498,655.9399,10687.0,1863.0,185.9053,0.5971,2.9475,575.0,23.0875,0.6769,0.8073,342,648,615,858,167.0345
12,267.1627,2,712.0665,675.4454,13127.0,3061.0,169.6775,0.9511,2.3275,594.0,39.3819,0.53,0.6928,648,958,615,858,167.0345
12,267.1627,3,1167.6995,663.3472,8468.0,731.0,125.9836,0.9574,1.5686,597.0,29.3758,0.6255,0.7696,958,1260,615,858,167.0345
12,267.1627,4,1506.0841,677.3138,11779.0,1218.0,163.3758,0.933,1.9299,585.0,39.6558,0.5437,0.7044,1260,1566,615,858,167.0345
12,267.5632,1,542.4187,658.4668,10926.0,1758.0,186.3801,0.5233,2.8564,574.0,25.3874,0.6691,0.8017,342,648,615,858,167.0345
12,267.5632,2,718.7632,667.7915,10855.0,2758.0,179.7796,0.9362,2.7541,558.0,38.6176,0.5109,0.6763,648,958,615,858,167.0345
12,267.5632,3,1147.7358,663.8901,8533.0,664.0,116.2683,0.836,1.4669,599.0,48.534,0.4587,0.6289,958,1260,615,858,167.0345
12,267.5632,4,1505.7787,658.7844,11403.0,2133.0,168.705,0.9363,1.9594,567.0,43.9525,0.5079,0.6736,1260,1566,615,858,167.0345
12,267.9638,1,554.9598,634.9069,9250.0,2642.0,159.4342,0.7115,2.293,565.0,28.1245,0.5555,0.7142,342,648,615,858,167.0345
12,267.9638,2,713.931,663.9784,10209.0,2853.0,189.936,0.9911,3.1034,548.0,33.2184,0.5224,0.6863,648,958,615,858,167.0345
12,267.9638,3,1126.0352,672.3908,9353.0,647.0,124.6849,0.9249,1.542,598.0,46.9549,0.3975,0.5688,958,1260,615,858,167.0345
12,267.9638,4,1497.8098,663.1272,12028.0,1844.0,168.329,0.8271,1.9786,580.0,31.2793,0.6708,0.803,1260,1566,615,858,167.0345
12,268.3643,1,551.5553,661.8641,7639.0,763.0,125.187,0.5979,1.9566,594.0,27.1912,0.5366,0.6984,342,648,615,858,167.0345
12,268.3643,2,713.1836,684.3013,10999.0,1636.0,160.7862,0.9977,2.1428,583.0,31.7815,0.5821,0.7359,648,958,615,858,167.0345
12,268.3643,3,1104.4182,671.8414,9547.0,460.0,132.6431,0.8254,1.6685,604.0,46.1366,0.511,0.6764,958,1260,615,858,167.0345
12,268.3643,4,1482.0895,663.0757,12869.0,1917.0,177.5996,0.7426,2.1084,576.0,41.0189,0.565,0.722,1260,1566,615,858,167.0345
12,268.7649,1,561.8609,634.5161,6146.0,2132.0,121.5416,0.9999,2.1216,573.0,40.6387,0.3623,0.5319,342,648,615,858,167.0345
12,268.7649,2,731.4842,682.9232,11750.0,1730.0,153.2602,0.9986,1.9503,580.0,41.1497,0.4039,0.5754,648,958,615,858,167.0345
12,268.7649,3,1090.8073,676.2619,10716.0,583.0,144.1581,0.7709,1.7964,602.0,34.8161,0.5676,0.7242,958,1260,615,858,167.0345
12,268.7649,4,1454.4623,653.7821,13820.0,2965.0,178.2753,0.6787,1.9451,571.0,41.1858,0.5178,0.6823,1260,1566,615,858,167.0345
12,269.1654,1,557.707,632.1045,4738.0,1223.0,92.1329,0.9532,1.3876,589.0,28.844,0.5386,0.7001,342,648,615,858,167.0345
12,269.1654,2,740.3538,670.3834,11138.0,2185.0,166.7579,0.9997,2.2087,567.0,35.8757,0.5343,0.6964,648,958,615,858,167.0345
12,269.1654,3,1083.5174,674.3961,10827.0,867.0,138.399,0.8658,1.6251,596.0,29.4404,0.6055,0.7543,958,1260,615,858,167.0345
12,269.1654,4,1430.0421,650.2498,13770.0,3508.0,188.3559,0.6175,2.208,569.0,44.9221,0.4981,0.665,1260,1566,615,858,167.0345
12,269.5659,1,538.6152,631.3205,7266.0,1995.0,123.8691,0.5732,1.6871,582.0,43.3206,0.4589,0.6291,342,648,615,858,167.0345
12,269.5659,2,749.4713,684.1419,11668.0,1718.0,170.4708,0.9958,2.3168,582.0,32.2972,0.576,0.7309,648,958,615,858,167.0345
12,269.5659,3,1066.1816,672.9046,9428.0,766.0,119.2766,0.9481,1.4289,598.0,41.1898,0.4729,0.6421,958,1260,615,858,167.0345
12,269.5659,4,1410.7644,657.6476,14493.0,2894.0,195.4249,0.6625,2.2701,573.0,45.2693,0.4933,0.6607,1260,1566,615,858,167.0345
12,269.9665,1,511.5221,631.4084,8425.0,2361.0,143.5528,0.3605,2.0216,586.0,47.5778,0.4962,0.6633,342,648,615,858,167.0345
12,269.9665,2,759.1504,688.8445,11889.0,1348.0,181.6009,0.9713,2.402,586.0,31.2328,0.6327,0.7751,648,958,615,858,167.0345
12,269.9665,3,1078.3136,652.6921,11245.0,1695.0,173.4666,0.5861,2.2945,589.0,43.5675,0.4772,0.6461,958,1260,615,858,167.0345
12,269.9665,4,1384.7317,667.8159,14874.0,2421.0,195.2809,0.703,2.2816,578.0,45.4961,0.4168,0.5884,1260,1566,615,858,167.0345
12,270.367,1,486.4801,637.2985,11259.0,3075.0,164.6388,0.405,2.0402,584.0,47.6009,0.4801,0.6488,342,648,615,858,167.0345
12,270.367,2,760.6691,679.8757,12263.0,1976.0,187.9203,0.8986,2.5971,583.0,30.5376,0.6157,0.7622,648,958,615,858,167.0345
12,270.367,3,1105.4733,664.8483,11580.0,1283.0,170.1044,0.6033,2.2684,598.0,46.3219,0.3922,0.5634,958,1260,615,858,167.0345
12,270.367,4,1357.8921,662.9009,11477.0,2296.0,149.7965,0.891,1.8971,578.0,39.2451,0.4291,0.6005,1260,1566,615,858,167.0345
12,270.7676,1,463.0089,650.9116,12240.0,2723.0,192.7494,0.7424,2.3298,579.0,53.8068,0.4199,0.5914,342,648,615,858,167.0345
12,270.7676,2,758.1794,671.1017,12004.0,2359.0,189.6821,0.8434,2.7653,578.0,27.9353,0.6712,0.8032,648,958,615,858,167.0345
12,270.7676,3,1136.5787,653.3464,11497.0,2069.0,177.0979,0.5762,2.3587,586.0,40.6593,0.4976,0.6646,958,1260,615,858,167.0345
12,270.7676,4,1339.5667,661.9473,7900.0,1300.0,114.2353,1.0,1.6517,581.0,33.6494,0.4227,0.5942,1260,1566,615,858,167.0345
12,271.1681,1,453.8676,665.4277,12373.0,1907.0,189.7218,0.6809,2.5666,582.0,47.915,0.5013,0.6678,342,648,615,858,167.0345
12,271.1681,2,746.2784,667.7195,11654.0,2216.0,183.3685,0.8117,2.6854,578.0,38.6016,0.5587,0.7169,648,958,615,858,167.0345
12,271.1681,3,1159.1868,656.3411,11048.0,1943.0,152.585,0.6063,1.9351,586.0,49.8349,0.4673,0.6369,958,1260,615,858,167.0345
12,271.1681,4,1331.6926,669.1703,7580.0,1201.0,107.7131,0.9984,1.5629,605.0,25.5432,0.5415,0.7026,1260,1566,615,858,167.0345
12,271.5687,1,439.3799,665.4521,11479.0,2175.0,176.8339,0.7574,2.5304,578.0,34.0619,0.6003,0.7502,342,648,615,858,167.0345
12,271.5687,2,737.7663,667.1049,10903.0,2273.0,177.0646,0.8722,2.7185,576.0,37.1465,0.5886,0.7411,648,958,615,858,167.0345
12,271.5687,3,1179.9321,655.4326,9979.0,1877.0,128.1833,0.826,1.4924,584.0,41.3285,0.5082,0.6739,958,1260,615,858,167.0345
12,271.5687,4,1341.8597,667.6008,8494.0,1050.0,126.1861,0.9934,1.7452,604.0,28.9719,0.4936,0.6609,1260,1566,615,858,167.0345
12,271.9692,1,422.6029,656.9301,9111.0,2209.0,128.2618,0.9761,1.7267,581.0,42.9114,0.4488,0.6195,342,648,615,858,167.0345
12,271.9692,2,732.2273,672.7502,11378.0,2212.0,174.2674,0.8743,2.6359,580.0,25.3517,0.6671,0.8003,648,958,615,858,167.0345
12,271.9692,3,1187.6839,660.8869,9872.0,1922.0,124.15,0.9958,1.4282,575.0,36.8232,0.5465,0.7068,958,1260,615,858,167.0345
12,271.9692,4,1356.7408,664.5098,9024.0,1253.0,126.3695,0.9824,1.6293,589.0,33.7304,0.4871,0.6551,1260,1566,615,858,167.0345
12,272.3697,1,422.3286,658.9062,10607.0,1922.0,152.2915,0.7111,1.9989,584.0,40.7838,0.3892,0.5603,342,648,615,858,167.0345
12,272.3697,2,734.7625,673.8824,11923.0,2129.0,183.6225,0.8249,2.755,576.0,26.7458,0.6508,0.7885,648,958,615,858,167.0345
12,272.3697,3,1184.9502,651.6013,9790.0,1827.0,124.3795,0.9789,1.261,575.0,29.7639,0.6502,0.788,958,1260,615,858,167.0345
12,272.3697,4,1377.6791,668.2098,10312.0,1400.0,150.4636,0.861,2.014,598.0,38.761,0.4322,0.6035,1260,1566,615,858,167.0345
12,272.7703,1,454.9937,648.2743,11367.0,2533.0,175.9663,0.568,2.3507,582.0,50.3586,0.428,0.5994,342,648,615,858,167.0345
12,272.7703,2,737.8886,668.0077,12611.0,2426.0,180.7767,0.7888,2.5016,576.0,29.0125,0.6167,0.7629,648,958,615,858,167.0345
12,272.7703,3,1172.7376,654.8406,11507.0,1953.0,131.7057,0.8092,1.1983,571.0,31.5207,0.6399,0.7804,958,1260,615,858,167.0345
12,272.7703,4,1411.4375,664.61,11778.0,1200.0,173.2033,0.5945,2.2652,597.0,48.8529,0.3724,0.5427,1260,1566,615,858,167.0345
12,273.1708,1,493.7542,642.0013,11984.0,2993.0,188.4909,0.4909,2.4999,581.0,57.4813,0.428,0.5995,342,648,615,858,167.0345
12,273.1708,2,740.3973,666.6537,12817.0,2666.0,179.7848,0.8051,2.4325,574.0,17.3553,0.7959,0.8863,648,958,615,858,167.0345
12,273.1708,3,1148.7058,657.7144,11098.0,1871.0,125.0893,0.9164,1.164,573.0,41.5725,0.4767,0.6456,958,1260,615,858,167.0345
12,273.1708,4,1451.4752,657.698,12151.0,1681.0,171.7276,0.5986,2.159,590.0,53.0325,0.386,0.557,1260,1566,615,858,167.0345
12,273.5714,1,515.8387,646.0405,12248.0,3547.0,182.6964,0.5091,2.4165,577.0,44.3183,0.5433,0.7041,342,648,615,858,167.0345
12,273.5714,2,738.2354,678.9082,11705.0,1106.0,175.8463,0.758,2.4491,596.0,23.4687,0.637,0.7782,648,958,615,858,167.0345
12,273.5714,3,1132.658,652.1277,10088.0,1919.0,127.5539,0.9947,1.3131,568.0,41.2791,0.5148,0.6797,958,1260,615,858,167.0345
12,273.5714,4,1477.5076,661.5993,12249.0,1874.0,166.9675,0.691,2.0714,587.0,51.4143,0.4446,0.6156,1260,1566,615,858,167.0345
12,273.9719,1,534.9966,644.2201,11567.0,3273.0,178.0528,0.5718,2.4559,575.0,41.7321,0.5678,0.7243,342,648,615,858,167.0345
12,273.9719,2,731.5184,673.2411,13694.0,2974.0,189.5032,0.9263,2.4273,570.0,33.5603,0.5455,0.7059,648,958,615,858,167.0345
12,273.9719,3,1109.5796,661.9466,11456.0,1795.0,128.0312,0.9974,1.273,573.0,39.1683,0.5158,0.6806,958,1260,615,858,167.0345
12,273.9719,4,1486.0193,670.4248,12172.0,1556.0,158.2682,0.7299,1.9401,589.0,34.2083,0.607,0.7554,1260,1566,615,858,167.0345
12,274.3725,1,552.727,651.648,11760.0,3225.0,180.4423,0.6711,2.6302,571.0,43.4715,0.5056,0.6717,342,648,615,858,167.0345
12,274.3725,2,737.1873,676.0933,14348.0,2503.0,168.0493,0.7558,2.0,594.0,33.937,0.5915,0.7433,648,958,615,858,167.0345
12,274.3725,3,1105.0019,657.3077,11848.0,2012.0,140.7424,0.7683,1.4198,577.0,35.2924,0.5944,0.7456,958,1260,615,858,167.0345
12,274.3725,4,1501.9172,665.2427,11453.0,1804.0,143.4587,0.8893,1.6129,581.0,40.3389,0.5418,0.7028,1260,1566,615,858,167.0345
12,274.773,1,551.6196,658.4419,10284.0,1852.0,182.5964,0.6846,2.8892,573.0,21.4675,0.6667,0.8,342,648,615,858,167.0345
12,274.773,2,735.3677,670.7611,14562.0,3085.0,173.5268,0.8271,2.1109,595.0,21.9983,0.7295,0.8436,648,958,615,858,167.0345
12,274.773,3,1108.2836,651.5956,13666.0,2683.0,191.6123,0.3171,2.8697,600.0,36.4219,0.4828,0.6512,958,1260,615,858,167.0345
12,274.773,4,1503.9369,668.4306,11829.0,1576.0,131.9901,0.7283,1.5224,610.0,26.7933,0.6654,0.7991,1260,1566,615,858,167.0345
12,275.1736,1,547.7833,661.3502,11265.0,1589.0,187.6293,0.5798,2.7055,576.0,26.4439,0.6346,0.7765,342,648,615,858,167.0345
12,275.1736,2,736.9492,669.955,15448.0,3248.0,173.9154,0.7834,1.9771,595.0,21.7681,0.7808,0.8769,648,958,615,858,167.0345
12,275.1736,3,1131.818,647.6784,13139.0,3354.0,188.2284,0.5884,2.4211,567.0,39.0745,0.4702,0.6397,958,1260,615,858,167.0345
12,275.1736,4,1498.756,669.9269,12754.0,1395.0,142.8714,0.9529,1.2681,580.0,30.7601,0.6536,0.7905,1260,1566,615,858,167.0345
12,275.5741,1,549.7678,641.2817,10838.0,3153.0,184.0304,0.6977,2.7661,569.0,22.434,0.6496,0.7876,342,648,615,858,167.0345
12,275.5741,2,742.0712,678.7546,14788.0,2463.0,189.4262,0.8004,2.386,595.0,28.4495,0.6616,0.7963,648,958,615,858,167.0345
12,275.5741,3,1152.3165,652.0138,12286.0,2517.0,156.8443,0.5001,1.8763,583.0,44.2877,0.4033,0.5748,958,1260,615,858,167.0345
12,275.5741,4,1493.2132,668.6892,12899.0,1584.0,156.747,0.8662,1.5815,574.0,37.6929,0.5689,0.7252,1260,1566,615,858,167.0345
12,275.9746,1,552.9831,641.6223,10705.0,3333.0,149.6758,0.7001,1.9413,571.0,24.7499,0.6975,0.8218,342,648,615,858,167.0345
12,275.9746,2,741.3041,677.6892,15018.0,2589.0,186.655,0.8054,2.2233,596.0,22.3802,0.737,0.8486,648,958,615,858,167.0345
12,275.9746,3,1174.976,655.6799,9551.0,2074.0,125.3819,0.8593,1.6779,584.0,36.7548,0.4396,0.6107,958,1260,615,858,167.0345
12,275.9746,4,1463.4615,660.5661,11451.0,592.0,159.2758,0.4289,1.9483,615.0,44.6044,0.3955,0.5668,1260,1566,615,858,167.0345
12,276.3752,1,557.4195,646.1527,8781.0,2402.0,153.4379,0.8458,2.3122,579.0,28.8396,0.5728,0.7284,342,648,615,858,167.0345
12,276.3752,2,738.6419,674.735,14549.0,2675.0,180.1117,0.8565,2.1284,595.0,23.7896,0.7318,0.8451,648,958,615,858,167.0345
12,276.3752,3,1191.8346,656.1116,7942.0,1483.0,112.8166,0.9439,1.571,586.0,29.1377,0.542,0.703,958,1260,615,858,167.0345
12,276.3752,4,1414.6112,645.4203,13154.0,3142.0,191.3389,0.5674,2.343,568.0,54.8126,0.3317,0.4982,1260,1566,615,858,167.0345
12,276.7757,1,555.2007,651.2135,5994.0,1186.0,104.8093,0.8962,1.9143,596.0,28.5095,0.5197,0.684,342,648,615,858,167.0345
12,276.7757,2,742.7088,666.578,15571.0,3574.0,185.9634,0.9368,1.7884,554.0,28.7894,0.6397,0.7803,648,958,615,858,167.0345
12,276.7757,3,1200.8802,647.0246,6429.0,1004.0,93.7847,0.9583,1.2389,594.0,27.5495,0.5934,0.7448,958,1260,615,858,167.0345
12,276.7757,4,1390.8825,651.8126,13689.0,3032.0,186.1661,0.5719,2.2386,572.0,46.1773,0.4405,0.6116,1260,1566,615,858,167.0345
12,277.1763,1,553.1087,631.0839,5806.0,1800.0,102.8104,0.9993,1.4415,579.0,30.649,0.5222,0.6861,342,648,615,858,167.0345
12,277.1763,2,739.92,674.8221,15495.0,3274.0,202.5741,0.9366,2.1296,563.0,27.6946,0.6757,0.8065,648,958,615,858,167.0345
12,277.1763,3,1193.5129,656.7643,7616.0,885.0,105.3866,0.999,1.2998,596.0,26.1287,0.6398,0.7803,958,1260,615,858,167.0345
12,277.1763,4,1368.9826,654.131,12456.0,3019.0,167.0316,0.7235,2.0425,570.0,41.7569,0.4695,0.639,1260,1566,615,858,167.0345
12,277.5768,1,537.3694,636.2081,8094.0,2127.0,126.9175,0.638,1.6554,583.0,41.8192,0.4773,0.6462,342,648,615,858,167.0345
12,277.5768,2,734.6293,673.0101,14911.0,2802.0,175.8295,0.836,2.0436,595.0,24.0121,0.7243,0.8401,648,958,615,858,167.0345
12,277.5768,3,1184.2126,670.6809,8479.0,641.0,124.5757,0.9995,1.5874,601.0,30.0831,0.6007,0.7505,958,1260,615,858,167.0345
12,277.5768,4,1348.6971,662.84,10626.0,1934.0,161.3196,0.8164,2.2331,575.0,39.3329,0.4461,0.617,1260,1566,615,858,167.0345
12,277.9774,1,512.1153,641.5685,9727.0,2146.0,144.1553,0.5989,1.7645,584.0,50.4086,0.4684,0.638,342,648,615,858,167.0345
12,277.9774,2,735.2185,674.3558,16455.0,3469.0,195.925,0.9715,1.9589,561.0,27.578,0.7068,0.8282,648,958,615,858,167.0345
12,277.9774,3,1174.4804,675.8985,9263.0,804.0,116.7502,0.9897,1.4556,596.0,30.0096,0.5884,0.7408,958,1260,615,858,167.0345
12,277.9774,4,1339.8988,673.1757,9446.0,1251.0,162.5434,0.8508,2.4888,580.0,37.7329,0.5364,0.6983,1260,1566,615,858,167.0345
12,278.3779,1,500.5638,654.773,11026.0,1939.0,148.6873,0.6161,1.8279,587.0,41.0954,0.5408,0.702,342,648,615,858,167.0345
12,278.3779,2,741.9471,676.1585,15215.0,2783.0,194.5036,0.7944,2.3826,595.0,31.6007,0.6204,0.7658,648,958,615,858,167.0345
12,278.3779,3,1170.5538,670.3088,8682.0,716.0,129.5436,0.9406,1.7222,599.0,31.5983,0.5621,0.7196,958,1260,615,858,167.0345
12,278.3779,4,1331.9205,677.4207,8870.0,925.0,155.4511,0.8979,2.4644,588.0,25.1713,0.6262,0.7701,1260,1566,615,858,167.0345
12,278.7784,1,488.464,661.4252,11705.0,1780.0,169.0297,0.5998,2.2414,588.0,36.9566,0.5755,0.7305,342,648,615,858,167.0345
12,278.7784,2,741.2779,671.5857,14435.0,2865.0,179.7371,0.8109,2.1888,595.0,24.4812,0.7065,0.828,648,958,615,858,167.0345
12,278.7784,3,1156.0684,654.0411,8257.0,877.0,122.2892,0.7203,1.5945,595.0,38.9398,0.5475,0.7076,958,1260,615,858,167.0345
12,278.7784,4,1326.9318,670.4551,7421.0,1436.0,134.1151,0.9999,2.327,589.0,39.2145,0.3856,0.5566,1260,1566,615,858,167.0345
12,279.179,1,475.7047,661.8726,12209.0,2307.0,179.5821,0.6695,2.4118,583.0,34.2354,0.5743,0.7296,342,648,615,858,167.0345
12,279.179,2,737.4735,661.2613,15720.0,4276.0,197.6902,0.9851,1.973,535.0,29.8707,0.6514,0.7889,648,958,615,858,167.0345
12,279.179,3,1145.4065,670.7058,9443.0,649.0,127.8333,0.8963,1.5561,598.0,38.445,0.5359,0.6979,958,1260,615,858,167.0345
12,279.179,4,1345.0798,651.3381,8507.0,1256.0,138.8162,0.7994,1.8391,586.0,33.8483,0.3879,0.559,1260,1566,615,858,167.0345
12,279.5795,1,463.5796,664.647,11757.0,1877.0,171.2531,0.6781,2.3514,585.0,33.2598,0.5652,0.7222,342,648,615,858,167.0345
12,279.5795,2,732.1152,688.5491,12534.0,920.0,177.4138,0.8367,2.2571,595.0,35.5697,0.5112,0.6766,648,958,615,858,167.0345
12,279.5795,3,1135.7993,675.833,9372.0,470.0,127.5886,0.8294,1.6324,603.0,38.1634,0.5658,0.7227,958,1260,615,858,167.0345
12,279.5795,4,1369.1189,661.4076,9294.0,1101.0,144.0836,0.7608,2.0026,592.0,41.0953,0.364,0.5337,1260,1566,615,858,167.0345
12,279.9801,1,454.0371,679.004,11932.0,1376.0,178.1917,0.7758,2.4267,590.0,36.4842,0.5578,0.7161,342,648,615,858,167.0345
12,279.9801,2,730.9593,682.7967,11655.0,1164.0,174.9124,0.8018,2.4428,595.0,19.9053,0.7431,0.8526,648,958,615,858,167.0345
12,279.9801,3,1117.6911,661.583,9816.0,958.0,143.8725,0.7226,1.8403,596.0,41.0673,0.529,0.692,958,1260,615,858,167.0345
12,279.9801,4,1410.3874,650.9542,10945.0,1544.0,187.9716,0.5007,2.7387,592.0,55.0079,0.3598,0.5292,1260,1566,615,858,167.0345
12,280.3806,1,444.1817,683.0523,13263.0,2152.0,190.7215,0.95,2.4645,578.0,41.3471,0.5326,0.6951,342,648,615,858,167.0345
12,280.3806,2,736.193,658.1088,12468.0,3433.0,172.8473,0.9568,2.1943,562.0,40.9376,0.4325,0.6038,648,958,615,858,167.0345
12,280.3806,3,1103.4776,664.6323,10489.0,1016.0,143.5933,0.6532,1.7535,597.0,40.5924,0.5395,0.7009,958,1260,615,858,167.0345
12,280.3806,4,1456.2172,652.8535,11764.0,1736.0,169.9227,0.5234,2.1185,590.0,64.9082,0.2907,0.4505,1260,1566,615,858,167.0345
12,280.7812,1,431.9122,667.3481,12251.0,2793.0,204.9738,0.8562,3.0815,565.0,36.4976,0.5087,0.6744,342,648,615,858,167.0345
12,280.7812,2,745.1155,655.6825,12728.0,3105.0,171.3323,0.8863,2.054,560.0,32.5033,0.5392,0.7006,648,958,615,858,167.0345
12,280.7812,3,1085.5132,659.3526,10723.0,1391.0,164.1313,0.6491,2.1779,593.0,39.7793,0.5963,0.7471,958,1260,615,858,167.0345
12,280.7812,4,1479.532,664.7122,12170.0,1730.0,162.0847,0.6643,2.0481,589.0,51.633,0.3982,0.5696,1260,1566,615,858,167.0345
12,281.1817,1,421.7436,664.1266,12097.0,2818.0,204.7402,0.7965,3.1007,567.0,41.2888,0.571,0.727,342,648,615,858,167.0345
12,281.1817,2,743.0533,663.7457,12157.0,2735.0,167.2487,0.8354,2.1903,576.0,25.8296,0.6223,0.7672,648,958,615,858,167.0345
12,281.1817,3,1062.4957,661.0084,11048.0,1639.0,157.3051,0.7065,1.9725,590.0,46.3531,0.4689,0.6385,958,1260,615,858,167.0345
12,281.1817,4,1497.6388,668.4285,12063.0,1767.0,162.4681,0.7632,1.9869,588.0,37.3936,0.5445,0.7051,1260,1566,615,858,167.0345
12,281.5823,1,407.1555,654.0888,12325.0,3203.0,178.9231,0.8696,2.2668,560.0,34.8954,0.5797,0.7339,342,648,615,858,167.0345
12,281.5823,2,736.8866,664.6241,11116.0,2620.0,170.5119,0.9147,2.4671,565.0,29.6395,0.5736,0.729,648,958,615,858,167.0345
12,281.5823,3,1050.2515,666.2247,11295.0,1714.0,154.3515,0.7224,1.964,590.0,41.526,0.5413,0.7024,958,1260,615,858,167.0345
12,281.5823,4,1504.5436,665.8736,12014.0,1831.0,153.8511,0.8633,1.7575,585.0,27.0151,0.6612,0.796,1260,1566,615,858,167.0345
12,281.9828,1,414.2248,647.101,12436.0,3566.0,177.6941,0.7432,2.313,562.0,34.5201,0.6302,0.7732,342,648,615,858,167.0345
12,281.9828,2,727.3983,683.0746,10664.0,1259.0,172.5452,0.8947,2.6239,584.0,31.277,0.5106,0.676,648,958,615,858,167.0345
12,281.9828,3,1036.1874,661.3064,11076.0,1866.0,153.8478,0.7099,1.9444,586.0,26.7015,0.6559,0.7922,958,1260,615,858,167.0345
12,281.9828,4,1511.043,669.6803,11291.0,1430.0,140.8196,0.9849,1.4961,582.0,32.9606,0.6036,0.7528,1260,1566,615,858,167.0345
12,282.3833,1,418.9129,640.9514,8133.0,1901.0,149.3496,0.7539,2.2272,575.0,31.1731,0.6397,0.7803,342,648,615,858,167.0345
12,282.3833,2,722.579,686.8841,12241.0,1698.0,178.7705,0.9435,2.4852,581.0,26.6295,0.5859,0.7389,648,958,615,858,167.0345
12,282.3833,3,1023.8129,658.7185,10028.0,2029.0,137.4686,0.8513,1.7443,581.0,37.3949,0.5773,0.732,958,1260,615,858,167.0345
12,282.3833,4,1510.638,664.2483,11220.0,1623.0,141.2278,0.9905,1.4174,575.0,25.2282,0.7594,0.8632,1260,1566,615,858,167.0345
12,282.7839,1,421.1147,655.8702,8690.0,1859.0,125.8092,0.893,1.7454,579.0,33.9605,0.5575,0.7159,342,648,615,858,167.0345
12,282.7839,2,720.1502,686.9515,11806.0,1803.0,182.6521,0.9778,2.4478,581.0,25.2644,0.6142,0.761,648,958,615,858,167.0345
12,282.7839,3,1020.0448,658.2232,10113.0,2155.0,138.6851,0.9083,1.7501,579.0,25.3993,0.7397,0.8504,958,1260,615,858,167.0345
12,282.7839,4,1511.939,658.8845,11630.0,1764.0,146.9791,0.8097,1.4492,572.0,31.2459,0.651,0.7886,1260,1566,615,858,167.0345
12,283.1844,1,431.4226,648.3959,7790.0,1761.0,122.1989,0.927,1.7092,584.0,28.6868,0.5543,0.7132,342,648,615,858,167.0345
12,283.1844,2,730.3453,672.3509,11249.0,2205.0,181.9533,0.8805,2.7296,575.0,31.8173,0.5253,0.6888,648,958,615,858,167.0345
12,283.1844,3,1008.7019,650.2408,8880.0,2160.0,123.7409,0.9964,1.5451,575.0,33.3228,0.6022,0.7518,958,1260,615,858,167.0345
12,283.1844,4,1493.2189,661.0377,12859.0,1887.0,142.9873,0.5194,1.6162,613.0,37.9426,0.5336,0.6959,1260,1566,615,858,167.0345
12,283.585,1,432.0958,652.6365,9336.0,1927.0,129.215,0.7472,1.6552,584.0,38.4113,0.431,0.6024,342,648,615,858,167.0345
12,283.585,2,735.8312,675.349,11926.0,2008.0,179.4752,0.9073,2.3177,576.0,25.5928,0.6551,0.7916,648,958,615,858,167.0345
12,283.585,3,1009.7067,660.7215,9247.0,1848.0,124.6745,0.9918,1.5209,577.0,19.7425,0.7953,0.886,958,1260,615,858,167.0345
12,283.585,4,1443.3809,647.66,13566.0,3456.0,211.8043,0.5417,2.7571,569.0,53.66,0.3248,0.4904,1260,1566,615,858,167.0345
12,283.9855,1,461.3944,647.2478,10185.0,2156.0,164.8051,0.5179,2.3444,583.0,53.2792,0.3866,0.5577,342,648,615,858,167.0345
12,283.9855,2,727.5227,662.4975,14526.0,4367.0,207.8828,0.9601,2.5739,556.0,32.706,0.5719,0.7277,648,958,615,858,167.0345
12,283.9855,3,1010.0589,656.3178,9661.0,2108.0,133.3177,0.9072,1.586,570.0,29.0574,0.6489,0.7871,958,1260,615,858,167.0345
12,283.9855,4,1393.0845,645.9424,13414.0,3221.0,183.2436,0.5363,2.1657,568.0,60.9089,0.2559,0.4076,1260,1566,615,858,167.0345
12,284.3861,1,494.4986,647.3897,11735.0,2300.0,180.1594,0.5133,2.3604,585.0,59.6781,0.3963,0.5676,342,648,615,858,167.0345
12,284.3861,2,727.789,661.2258,12703.0,3786.0,192.4259,0.9462,2.5999,563.0,24.3398,0.7214,0.8382,648,958,615,858,167.0345
12,284.3861,3,1015.8911,645.1931,10063.0,2385.0,139.7674,0.8333,1.5273,565.0,32.7552,0.6497,0.7877,958,1260,615,858,167.0345
12,284.3861,4,1359.9373,659.0103,11536.0,2233.0,152.8486,0.8412,1.7932,569.0,51.1608,0.3051,0.4676,1260,1566,615,858,167.0345
12,284.7866,1,512.6228,653.8151,12483.0,2425.0,184.4079,0.5823,2.4056,579.0,43.0945,0.5357,0.6977,342,648,615,858,167.0345
12,284.7866,2,734.3713,668.4779,13680.0,3243.0,185.194,0.9411,2.2393,562.0,34.7333,0.5424,0.7033,648,958,615,858,167.0345
12,284.7866,3,1024.3222,659.5034,12106.0,1882.0,132.8359,0.7221,1.2319,576.0,35.6175,0.5891,0.7414,958,1260,615,858,167.0345
12,284.7866,4,1345.4616,669.8518,9592.0,1380.0,148.2207,0.8509,2.1317,577.0,38.6135,0.4752,0.6443,1260,1566,615,858,167.0345
12,285.1871,1,522.1508,653.5638,12216.0,2743.0,185.9235,0.5853,2.5966,582.0,32.3383,0.6514,0.7889,342,648,615,858,167.0345
12,285.1871,2,724.9408,677.4544,12893.0,2421.0,167.0725,0.9041,2.2149,595.0,30.8055,0.5605,0.7184,648,958,615,858,167.0345
12,285.1871,3,1049.6933,656.211,15439.0,3712.0,183.0396,0.8643,1.8655,548.0,44.0323,0.4241,0.5956,958,1260,615,858,167.0345
12,285.1871,4,1335.7182,670.9567,9662.0,1525.0,150.4975,0.8953,2.2386,578.0,24.1212,0.612,0.7593,1260,1566,615,858,167.0345
12,285.5877,1,528.8132,651.5906,11552.0,2679.0,184.5655,0.6274,2.6779,579.0,27.7674,0.7139,0.8331,342,648,615,858,167.0345
12,285.5877,2,727.1642,686.7366,11921.0,816.0,169.146,0.8262,2.169,595.0,26.1132,0.6033,0.7526,648,958,615,858,167.0345
12,285.5877,3,1071.0142,666.1954,13492.0,1809.0,154.0341,0.8144,1.5271,578.0,45.7928,0.4606,0.6307,958,1260,615,858,167.0345
12,285.5877,4,1336.5104,668.9684,9589.0,1744.0,161.8379,0.9454,2.5606,576.0,24.8055,0.6945,0.8197,1260,1566,615,858,167.0345
12,285.9882,1,533.2664,662.2643,11453.0,1965.0,172.0502,0.6265,2.4275,585.0,29.0796,0.6501,0.7879,342,648,615,858,167.0345
12,285.9882,2,733.3793,668.6458,13150.0,2534.0,166.1949,0.7699,2.1507,595.0,29.1506,0.5787,0.7331,648,958,615,858,167.0345
12,285.9882,3,1087.4273,665.9135,14362.0,2241.0,163.6149,0.7893,1.6053,565.0,40.249,0.4925,0.6599,958,1260,615,858,167.0345
12,285.9882,4,1331.4096,661.4183,8674.0,1596.0,150.1999,0.981,2.2104,573.0,29.9481,0.6346,0.7764,1260,1566,615,858,167.0345
12,286.3888,1,542.9274,652.6603,10876.0,2690.0,164.6295,0.7322,2.3066,573.0,24.3705,0.6637,0.7979,342,648,615,858,167.0345
12,286.3888,2,733.975,665.1904,12322.0,2347.0,165.7485,0.8044,2.1651,576.0,29.7305,0.6379,0.7789,648,958,615,858,167.0345
12,286.3888,3,1107.9105,673.6256,12392.0,115.0,177.4849,0.4287,2.2024,612.0,32.1999,0.5053,0.6714,958,1260,615,858,167.0345
12,286.3888,4,1338.0936,636.3856,7970.0,2233.0,104.5424,0.8542,1.3247,605.0,43.2414,0.4311,0.6025,1260,1566,615,858,167.0345
12,286.7893,1,539.3522,664.2252,8740.0,1537.0,144.9144,0.8123,2.38,585.0,31.0409,0.5383,0.6998,342,648,615,858,167.0345
12,286.7893,2,729.9227,655.6249,8589.0,1825.0,125.453,0.9676,1.7536,580.0,34.2541,0.5013,0.6678,648,958,615,858,167.0345
12,286.7893,3,1117.2632,667.5931,14536.0,2119.0,166.8452,0.4848,1.7587,592.0,26.7172,0.5353,0.6973,958,1260,615,858,167.0345
12,286.7893,4,1358.4932,634.9893,10127.0,2405.0,134.5455,0.2483,1.7393,605.0,37.0265,0.525,0.6885,1260,1566,615,858,167.0345
12,287.1899,1,544.7611,659.6967,6990.0,1632.0,122.9217,0.9856,2.0497,583.0,34.4148,0.4423,0.6134,342,648,615,858,167.0345
12,287.1899,2,721.9713,654.5099,9600.0,2186.0,138.9184,0.9121,1.804,579.0,23.685,0.6419,0.7819,648,958,615,858,167.0345
12,287.1899,3,1126.4811,657.5262,12941.0,2447.0,194.5452,0.5357,2.5657,574.0,29.9356,0.5478,0.7079,958,1260,615,858,167.0345
12,287.1899,4,1381.9079,640.485,11871.0,2654.0,146.3087,0.2933,1.8782,607.0,44.9949,0.4598,0.63,1260,1566,615,858,167.0345
12,287.5904,1,539.2474,632.9744,8323.0,2271.0,141.6099,0.5587,1.9177,584.0,40.662,0.4016,0.5731,342,648,615,858,167.0345
12,287.5904,2,723.7485,673.8449,10556.0,1376.0,144.8309,0.9782,1.7724,584.0,23.1979,0.6506,0.7884,648,958,615,858,167.0345
12,287.5904,3,1148.8356,652.6721,11788.0,2462.0,156.3086,0.5488,2.0436,579.0,37.9008,0.4271,0.5986,958,1260,615,858,167.0345
12,287.5904,4,1396.7803,654.581,13360.0,2264.0,159.0887,0.4805,1.7647,588.0,39.6226,0.4969,0.6639,1260,1566,615,858,167.0345
12,287.991,1,501.5602,629.1936,11271.0,3830.0,182.5633,0.4217,2.4548,577.0,56.3898,0.4313,0.6026,342,648,615,858,167.0345
12,287.991,2,726.5865,678.9225,11561.0,1966.0,154.6791,0.9737,2.0049,580.0,21.0896,0.6792,0.809,648,958,615,858,167.0345
12,287.991,3,1162.7187,662.7119,11740.0,2100.0,141.0956,0.7381,1.6501,586.0,35.9346,0.4631,0.633,958,1260,615,858,167.0345
12,287.991,4,1428.402,654.6655,13587.0,2191.0,184.9137,0.3615,2.601,614.0,46.5433,0.4174,0.589,1260,1566,615,858,167.0345
12,288.3915,1,475.1002,640.95,12256.0,3085.0,197.0898,0.4194,2.6423,580.0,52.6923,0.4482,0.6189,342,648,615,858,167.0345
12,288.3915,2,727.1808,659.6662,9997.0,1946.0,152.0872,0.9795,2.0057,578.0,22.4322,0.7022,0.825,648,958,615,858,167.0345
12,288.3915,3,1171.0843,663.3027,11084.0,1815.0,142.2874,0.7786,1.6924,588.0,25.6872,0.6533,0.7903,958,1260,615,858,167.0345
12,288.3915,4,1466.1554,651.935,13317.0,2555.0,176.0341,0.4579,2.1378,585.0,48.9188,0.3752,0.5456,1260,1566,615,858,167.0345
12,288.792,1,453.1021,642.4912,12605.0,3455.0,182.8141,0.4892,2.2994,573.0,41.223,0.562,0.7196,342,648,615,858,167.0345
12,288.792,2,724.8005,676.0874,10526.0,1515.0,148.5876,0.9741,1.9781,587.0,25.2699,0.6905,0.8169,648,958,615,858,167.0345
12,288.792,3,1181.2495,660.9872,8768.0,1293.0,128.514,0.8278,1.7452,594.0,28.5937,0.6077,0.756,958,1260,615,858,167.0345
12,288.792,4,1490.4916,661.6613,11126.0,1598.0,160.3478,0.6379,2.0985,586.0,34.7613,0.4805,0.6491,1260,1566,615,858,167.0345
12,289.1926,1,437.0019,649.3676,12363.0,3178.0,180.3482,0.6122,2.4124,576.0,45.0906,0.5177,0.6822,342,648,615,858,167.0345
12,289.1926,2,729.5798,677.9389,10515.0,1410.0,155.3533,0.9744,2.1196,587.0,21.1793,0.7316,0.845,648,958,615,858,167.0345
12,289.1926,3,1184.0891,643.6494,6287.0,983.0,96.1634,0.926,1.2066,594.0,34.9244,0.5643,0.7215,958,1260,615,858,167.0345
12,289.1926,4,1499.2238,670.6499,9719.0,1045.0,137.6299,0.8118,1.8486,593.0,32.4246,0.5175,0.6821,1260,1566,615,858,167.0345
12,289.5931,1,428.656,664.0687,12318.0,2379.0,183.931,0.6748,2.6381,578.0,40.5094,0.5378,0.6994,342,648,615,858,167.0345
12,289.5931,2,735.8034,686.6367,11076.0,1276.0,165.9654,0.989,2.379,586.0,25.9901,0.6574,0.7933,648,958,615,858,167.0345
12,289.5931,3,1172.2342,658.5158,7700.0,665.0,104.5805,0.9275,1.2647,598.0,38.4585,0.5402,0.7015,958,1260,615,858,167.0345
12,289.5931,4,1503.2681,658.7026,7854.0,731.0,119.4522,0.9012,1.5327,597.0,37.7394,0.4702,0.6396,1260,1566,615,858,167.0345
12,289.9937,1,421.9077,656.0261,12241.0,3267.0,197.6296,0.8497,2.8546,551.0,34.0035,0.5918,0.7436,342,648,615,858,167.0345
12,289.9937,2,740.4602,684.0348,11283.0,1262.0,167.1563,0.9396,2.289,589.0,31.4269,0.6026,0.752,648,958,615,858,167.0345
12,289.9937,3,1158.3905,667.9991,8928.0,613.0,118.232,0.8126,1.4566,600.0,38.5432,0.5368,0.6986,958,1260,615,858,167.0345
12,289.9937,4,1483.9128,663.0557,8738.0,740.0,111.5219,0.9003,1.3167,599.0,43.8106,0.4461,0.6169,1260,1566,615,858,167.0345
12,290.3942,1,426.2804,668.5632,10899.0,1738.0,178.1035,0.7525,2.6854,585.0,26.2595,0.6493,0.7874,342,648,615,858,167.0345
12,290.3942,2,743.0932,680.4557,11313.0,1497.0,165.9576,0.9424,2.2946,585.0,23.269,0.7136,0.8329,648,958,615,858,167.0345
12,290.3942,3,1135.1862,661.8204,9244.0,877.0,132.3057,0.8397,1.6307,594.0,50.9225,0.4337,0.605,958,1260,615,858,167.0345
12,290.3942,4,1462.1923,671.2374,9461.0,657.0,137.405,0.9102,1.7053,600.0,47.0753,0.4046,0.5761,1260,1566,615,858,167.0345
12,290.7948,1,420.3817,660.0779,10834.0,2266.0,137.9975,0.954,1.7522,575.0,42.5107,0.4263,0.5978,342,648,615,858,167.0345
12,290.7948,2,744.213,676.9819,11057.0,1555.0,164.9727,0.9422,2.2888,585.0,22.8364,0.6996,0.8232,648,958,615,858,167.0345
12,290.7948,3,1115.465,667.6663,10308.0,856.0,155.9363,0.7586,1.9837,598.0,50.0316,0.4672,0.6369,958,1260,615,858,167.0345
12,290.7948,4,1435.7483,667.7562,11536.0,1676.0,175.4687,0.7999,2.3702,591.0,47.8686,0.4467,0.6175,1260,1566,615,858,167.0345
12,291.1953,1,427.1333,664.0803,11199.0,2135.0,131.4592,0.9699,1.4566,577.0,33.1571,0.5309,0.6936,342,648,615,858,167.0345
12,291.1953,2,739.9589,681.6707,10819.0,1268.0,154.5846,0.9892,2.0207,586.0,36.6153,0.5129,0.678,648,958,615,858,167.0345
12,291.1953,3,1091.5761,661.2802,11316.0,1514.0,158.1181,0.6099,2.0051,591.0,41.1532,0.5469,0.7071,958,1260,615,858,167.0345
12,291.1953,4,1403.4165,661.5128,11509.0,1916.0,174.6542,0.6736,2.3824,587.0,54.8588,0.3875,0.5586,1260,1566,615,858,167.0345
12,291.5958,1,438.0537,657.2865,10326.0,1872.0,146.5645,0.7433,1.8879,586.0,41.6913,0.4263,0.5978,342,648,615,858,167.0345
12,291.5958,2,745.6054,672.5698,10157.0,1574.0,145.0331,0.9663,1.9131,582.0,27.5195,0.6461,0.785,648,958,615,858,167.0345
12,291.5958,3,1070.7894,664.3624,11090.0,1280.0,158.0901,0.7051,2.0425,591.0,51.3924,0.4664,0.6361,958,1260,615,858,167.0345
12,291.5958,4,1371.0518,656.0575,11497.0,2358.0,167.4748,0.6673,2.1837,583.0,51.8738,0.4056,0.5772,1260,1566,615,858,167.0345
12,291.9964,1,476.5864,644.0982,11866.0,3062.0,201.708,0.5677,2.9339,576.0,55.3057,0.3761,0.5466,342,648,615,858,167.0345
12,291.9964,2,753.5865,671.765,10436.0,1584.0,144.0543,0.9923,1.8572,587.0,30.0565,0.5729,0.7285,648,958,615,858,167.0345
12,291.9964,3,1061.0202,669.379,11470.0,1237.0,168.8924,0.66,2.2615,596.0,38.1012,0.5827,0.7363,958,1260,615,858,167.0345
12,291.9964,4,1358.6054,662.4275,10220.0,1659.0,166.4286,0.7279,2.4384,582.0,36.3883,0.5714,0.7273,1260,1566,615,858,167.0345
12,292.3969,1,511.9427,648.5156,12055.0,2973.0,203.3243,0.5884,3.0356,575.0,63.8817,0.3281,0.4941,342,648,615,858,167.0345
12,292.3969,2,762.1018,682.6292,10373.0,767.0,156.2782,0.9867,2.0204,594.0,32.3458,0.6086,0.7567,648,958,615,858,167.0345
12,292.3969,3,1042.2713,653.5817,10808.0,2185.0,168.6703,0.6919,2.3443,581.0,36.417,0.5945,0.7457,958,1260,615,858,167.0345
12,292.3969,4,1357.3424,666.4183,10342.0,1646.0,159.6491,0.7943,2.2303,580.0,29.1426,0.6465,0.7853,1260,1566,615,858,167.0345
12,292.7975,1,540.3249,656.1161,11760.0,2716.0,192.729,0.6568,2.8518,572.0,55.2439,0.3813,0.5521,342,648,615,858,167.0345
12,292.7975,2,770.9054,677.0362,14182.0,3201.0,188.7621,0.9745,2.3342,574.0,35.3204,0.5213,0.6853,648,958,615,858,167.0345
12,292.7975,3,1027.1564,650.2709,9994.0,2344.0,138.0176,0.7789,1.7058,579.0,38.7953,0.6022,0.7518,958,1260,615,858,167.0345
12,292.7975,4,1353.6488,665.6202,10023.0,1736.0,147.4191,0.8794,1.9685,574.0,26.835,0.6656,0.7992,1260,1566,615,858,167.0345
12,293.198,1,559.7812,659.6248,9437.0,1827.0,160.1061,0.6304,2.7102,590.0,41.0952,0.469,0.6385,342,648,615,858,167.0345
12,293.198,2,778.6832,689.7838,10255.0,477.0,150.2468,0.9557,2.0331,597.0,36.1447,0.4864,0.6545,648,958,615,858,167.0345
12,293.198,3,1026.4897,660.8584,10731.0,2347.0,136.9542,0.8895,1.6406,580.0,32.2654,0.6341,0.7761,958,1260,615,858,167.0345
12,293.198,4,1344.1391,661.5,10224.0,1872.0,138.1033,0.95,1.6252,572.0,26.1629,0.6017,0.7513,1260,1566,615,858,167.0345
12,293.5986,1,567.863,649.9873,9664.0,2429.0,148.4758,0.7135,2.2546,591.0,31.6763,0.5418,0.7028,342,648,615,858,167.0345
12,293.5986,2,787.1041,685.6471,11087.0,1021.0,163.7866,0.998,2.0815,586.0,31.7619,0.6044,0.7534,648,958,615,858,167.0345
12,293.5986,3,1023.6184,659.396,10973.0,2383.0,135.1634,0.9507,1.523,573.0,26.6756,0.6637,0.7978,958,1260,615,858,167.0345
12,293.5986,4,1351.2161,674.7892,12322.0,1682.0,136.0175,0.8318,1.6085,605.0,29.8659,0.6024,0.7519,1260,1566,615,858,167.0345
12,293.9991,1,556.6426,652.3761,10768.0,3012.0,146.1886,0.7321,2.0262,592.0,24.4493,0.6218,0.7668,342,648,615,858,167.0345
12,293.9991,2,792.9815,682.6447,11738.0,1098.0,171.5203,0.8807,2.2628,592.0,38.2278,0.5433,0.7041,648,958,615,858,167.0345
12,293.9991,3,1017.9662,653.321,10190.0,2126.0,123.389,0.9689,1.2523,572.0,33.8934,0.5786,0.7331,958,1260,615,858,167.0345
12,293.9991,4,1356.1589,678.1089,14283.0,1731.0,164.0839,0.9175,1.6299,567.0,38.0155,0.5188,0.6832,1260,1566,615,858,167.0345
12,294.3997,1,545.9575,650.051,12946.0,3690.0,163.5863,0.8063,1.6895,563.0,35.3213,0.5341,0.6963,342,648,615,858,167.0345
12,294.3997,2,795.1567,678.6226,11494.0,1227.0,170.4256,0.8483,2.3662,590.0,24.8438,0.6901,0.8166,648,958,615,858,167.0345
12,294.3997,3,1020.4777,652.2477,9957.0,2047.0,131.4717,0.7683,1.4106,572.0,30.6265,0.6733,0.8048,958,1260,615,858,167.0345
12,294.3997,4,1383.0692,643.8977,13328.0,3356.0,204.5657,0.7073,2.5104,549.0,44.0584,0.4183,0.5899,1260,1566,615,858,167.0345
12,294.8002,1,532.8598,648.4661,14227.0,4341.0,168.3865,0.7543,1.5904,559.0,27.5278,0.6802,0.8097,342,648,615,858,167.0345
12,294.8002,2,799.8483,676.8282,10943.0,1259.0,154.4571,0.9348,1.9362,587.0,29.3236,0.6225,0.7673,648,958,615,858,167.0345
12,294.8002,3,1023.4262,657.594,12062.0,1963.0,133.7956,0.7203,1.2355,574.0,28.7087,0.6653,0.799,958,1260,615,858,167.0345
12,294.8002,4,1421.0669,649.8374,13205.0,2082.0,188.9124,0.2766,2.7774,616.0,49.197,0.3616,0.5311,1260,1566,615,858,167.0345
12,295.2007,1,526.8297,646.0423,14218.0,3678.0,204.752,0.4176,2.8197,592.0,34.0291,0.5575,0.7159,342,648,615,858,167.0345
12,295.2007,2,801.3773,673.7388,11052.0,1309.0,151.3395,0.9137,1.8445,588.0,20.2975,0.7501,0.8572,648,958,615,858,167.0345
12,295.2007,3,1038.0148,658.6926,12979.0,2231.0,153.2241,0.8319,1.4375,573.0,30.2681,0.6261,0.7701,958,1260,615,858,167.0345
12,295.2007,4,1447.5561,653.7119,12968.0,2299.0,185.9206,0.4715,2.4297,578.0,42.941,0.4142,0.5858,1260,1566,615,858,167.0345
12,295.6013,1,517.3025,648.8477,15826.0,4420.0,186.0381,0.5689,2.0061,580.0,25.2291,0.6732,0.8047,342,648,615,858,167.0345
12,295.6013,2,807.7835,669.6098,11670.0,1649.0,168.7032,0.8797,2.1559,584.0,28.0164,0.6682,0.8011,648,958,615,858,167.0345
12,295.6013,3,1053.0444,658.5717,9892.0,19.0,150.6443,0.3007,2.0222,614.0,40.4164,0.4318,0.6031,958,1260,615,858,167.0345
12,295.6013,4,1475.4522,656.1645,12091.0,1999.0,160.0904,0.5647,2.0558,585.0,42.7334,0.3855,0.5564,1260,1566,615,858,167.0345
12,296.0018,1,511.3549,653.1208,13367.0,1784.0,214.6581,0.4129,2.8333,594.0,27.9805,0.5652,0.7222,342,648,615,858,167.0345
12,296.0018,2,814.069,670.5044,11425.0,1538.0,165.2187,0.8185,2.1013,590.0,30.3712,0.6597,0.795,648,958,615,858,167.0345
12,296.0018,3,1115.8826,653.8386,9818.0,167.0,160.324,0.2456,2.3525,613.0,56.9571,0.2829,0.441,958,1260,615,858,167.0345
12,296.0018,4,1493.4812,664.5447,11524.0,1618.0,158.335,0.6838,2.0598,592.0,36.2556,0.4884,0.6563,1260,1566,615,858,167.0345
12,296.4024,1,519.2909,644.8174,12043.0,3966.0,176.2509,0.5517,2.7199,576.0,35.6099,0.4757,0.6447,342,648,615,858,167.0345
12,296.4024,2,823.6751,670.2214,11570.0,1654.0,165.8713,0.8798,2.0376,588.0,31.7187,0.6454,0.7845,648,958,615,858,167.0345
12,296.4024,3,1137.8482,659.4399,15975.0,3927.0,169.9791,0.762,1.5754,570.0,42.8076,0.313,0.4768,958,1260,615,858,167.0345
12,296.4024,4,1494.4487,681.9426,10840.0,713.0,153.577,0.7462,2.0416,598.0,26.9158,0.6107,0.7583,1260,1566,615,858,167.0345
12,296.8029,1,561.0073,620.7126,6607.0,2732.0,115.8002,0.6399,1.6415,572.0,37.1744,0.3969,0.5683,342,648,615,858,167.0345
12,296.8029,2,831.8533,673.4478,11408.0,1433.0,170.5948,0.8665,2.2313,588.0,34.1158,0.6715,0.8035,648,958,615,858,167.0345
12,296.8029,3,1153.4673,659.9921,14515.0,3916.0,180.9632,0.8267,1.9508,566.0,36.2897,0.4965,0.6636,958,1260,615,858,167.0345
12,296.8029,4,1494.3063,681.872,11032.0,916.0,152.2978,0.8547,1.974,598.0,27.1843,0.6183,0.7642,1260,1566,615,858,167.0345
12,297.2035,1,570.0285,617.4784,3936.0,1869.0,80.1331,0.852,1.2859,580.0,31.7403,0.5484,0.7083,342,648,615,858,167.0345
12,297.2035,2,843.7898,678.3722,12782.0,1915.0,199.3332,0.8886,2.6365,583.0,32.0585,0.6068,0.7553,648,958,615,858,167.0345
12,297.2035,3,1161.5607,662.2927,11808.0,2161.0,145.4854,0.6734,1.4957,586.0,30.6556,0.5993,0.7495,958,1260,615,858,167.0345
12,297.2035,4,1485.7992,679.8423,11635.0,865.0,158.3633,0.8929,1.9283,599.0,29.749,0.6194,0.765,1260,1566,615,858,167.0345
12,297.604,1,552.3941,623.8076,5191.0,1907.0,85.5615,0.3821,1.1632,582.0,37.3328,0.458,0.6282,342,648,615,858,167.0345
12,297.604,2,854.3739,667.7946,11402.0,1916.0,173.103,0.8459,2.2524,584.0,33.5281,0.6453,0.7844,648,958,615,858,167.0345
12,297.604,3,1185.2952,654.5953,7510.0,1320.0,104.0018,0.9443,1.3805,590.0,38.6371,0.4635,0.6334,958,1260,615,858,167.0345
12,297.604,4,1480.8807,669.2961,11957.0,1104.0,164.9291,0.6865,2.0663,596.0,34.422,0.5795,0.7338,1260,1566,615,858,167.0345
12,298.0045,1,527.7091,627.009,6202.0,1932.0,99.8462,0.3799,1.3171,583.0,46.6608,0.4438,0.6148,342,648,615,858,167.0345
12,298.0045,2,864.4991,665.9834,10921.0,1935.0,164.8008,0.8512,2.2298,585.0,39.3783,0.5943,0.7455,648,958,615,858,167.0345
12,298.0045,3,1178.8465,647.5501,6932.0,802.0,106.8028,0.6346,1.4059,599.0,32.1178,0.5469,0.7071,958,1260,615,858,167.0345
12,298.0045,4,1493.4454,655.3011,12602.0,2837.0,160.9056,0.8685,1.7993,566.0,39.4388,0.5297,0.6925,1260,1566,615,858,167.0345
12,298.4051,1,511.434,639.9996,7643.0,1532.0,117.2352,0.5311,1.4969,590.0,47.6452,0.4885,0.6564,342,648,615,858,167.0345
12,298.4051,2,874.5308,670.745,10823.0,1989.0,168.5282,0.8771,2.4377,586.0,34.7988,0.6009,0.7507,648,958,615,858,167.0345
12,298.4051,3,1141.9999,650.5662,8789.0,927.0,141.7376,0.5251,1.9227,599.0,64.7245,0.3103,0.4736,958,1260,615,858,167.0345
12,298.4051,4,1497.9436,663.7672,11092.0,1639.0,136.4525,0.9374,1.4198,579.0,37.2687,0.5721,0.7278,1260,1566,615,858,167.0345
12,298.8056,1,489.0239,644.7473,7318.0,1293.0,107.1671,0.9298,1.2837,589.0,41.4966,0.4813,0.6498,342,648,615,858,167.0345
12,298.8056,2,884.5583,674.5816,10596.0,1816.0,171.7061,0.9302,2.5752,582.0,35.6568,0.5568,0.7153,648,958,615,858,167.0345
12,298.8056,3,1098.7203,658.9791,11228.0,1549.0,156.6285,0.7154,1.9517,589.0,69.6443,0.2375,0.3838,958,1260,615,858,167.0345
12,298.8056,4,1505.9805,658.6206,11086.0,1849.0,138.4662,0.8951,1.3851,574.0,37.928,0.5702,0.7263,1260,1566,615,858,167.0345
12,299.2062,1,477.5176,649.1661,10483.0,2284.0,155.1546,0.7757,1.9101,580.0,40.8305,0.5476,0.7077,342,648,615,858,167.0345
12,299.2062,2,885.7041,664.9196,11166.0,2317.0,160.6217,0.9439,2.0826,579.0,22.3076,0.7012,0.8244,648,958,615,858,167.0345
12,299.2062,3,1072.1087,674.2986,11728.0,868.0,178.8345,0.7078,2.373,599.0,66.2931,0.3031,0.4652,958,1260,615,858,167.0345
12,299.2062,4,1492.7551,654.5144,11917.0,2137.0,167.0785,0.7395,1.7995,571.0,35.2316,0.5424,0.7033,1260,1566,615,858,167.0345
12,299.6067,1,486.4779,657.6469,13370.0,2592.0,209.9501,0.6104,2.715,582.0,43.2218,0.5501,0.7098,342,648,615,858,167.0345
12,299.6067,2,891.3243,655.1778,10819.0,2541.0,152.1605,0.9819,1.8035,571.0,27.5222,0.6494,0.7874,648,958,615,858,167.0345
12,299.6067,3,1053.3157,677.9717,11499.0,1294.0,189.3817,0.7611,2.7687,588.0,45.0221,0.5112,0.6765,958,1260,615,858,167.0345
12,299.6067,4,1472.7984,652.0744,11855.0,1869.0,145.76,0.4109,1.787,612.0,42.5802,0.4922,0.6597,1260,1566,615,858,167.0345
12,300.0073,1,513.8117,649.7061,11945.0,2741.0,195.3305,0.6754,2.8053,564.0,48.9375,0.5039,0.6701,342,648,615,858,167.0345
12,300.0073,2,890.1953,665.2849,12309.0,2549.0,153.6866,0.9997,1.6731,568.0,23.6647,0.6963,0.821,648,958,615,858,167.0345
12,300.0073,3,1039.2372,664.0398,11374.0,2097.0,176.8464,0.7418,2.5705,582.0,32.1313,0.6242,0.7686,958,1260,615,858,167.0345
12,300.0073,4,1444.0902,653.0273,13791.0,2978.0,198.0708,0.6151,2.3436,571.0,49.5722,0.4196,0.5911,1260,1566,615,858,167.0345
12,300.4078,1,522.7731,654.1183,10829.0,2178.0,207.9623,0.6689,3.2824,574.0,37.9238,0.5825,0.7362,342,648,615,858,167.0345
12,300.4078,2,886.1971,664.381,12779.0,2535.0,145.1407,0.9295,1.4659,578.0,28.5902,0.6252,0.7694,648,958,615,858,167.0345
12,300.4078,3,1028.6125,649.9308,9504.0,2305.0,140.9583,0.8114,1.9393,575.0,34.7855,0.6197,0.7652,958,1260,615,858,167.0345
12,300.4078,4,1422.3267,651.5563,14991.0,3372.0,220.6922,0.5413,2.8425,574.0,37.5764,0.5673,0.7239,1260,1566,615,858,167.0345
12,300.8084,1,538.4683,656.1207,11093.0,2431.0,203.6516,0.7816,3.0742,557.0,40.9425,0.5302,0.693,342,648,615,858,167.0345
12,300.8084,2,885.3213,661.9039,12753.0,2479.0,143.2258,0.8365,1.5703,599.0,20.0695,0.7295,0.8436,648,958,615,858,167.0345
12,300.8084,3,1018.4283,641.727,7768.0,2011.0,105.6919,0.9987,1.2208,575.0,41.2691,0.5491,0.7089,958,1260,615,858,167.0345
12,300.8084,4,1387.0568,645.4422,12033.0,2935.0,166.2159,0.552,2.1165,573.0,47.4607,0.3875,0.5585,1260,1566,615,858,167.0345
12,301.2089,1,555.1324,665.5985,10541.0,2550.0,214.0301,0.8522,3.7602,552.0,55.4451,0.3917,0.5629,342,648,615,858,167.0345
12,301.2089,2,879.7839,664.8234,13292.0,2572.0,153.5817,0.7944,1.7679,599.0,21.703,0.7135,0.8328,648,958,615,858,167.0345
12,301.2089,3,1021.0482,644.7244,8743.0,1941.0,118.5398,0.7631,1.282,573.0,35.1566,0.6122,0.7595,958,1260,615,858,167.0345
12,301.2089,4,1358.2216,651.5718,10253.0,2413.0,141.6056,0.764,1.8184,574.0,42.3107,0.3891,0.5602,1260,1566,615,858,167.0345
12,301.6094,1,566.8614,683.2742,8652.0,1241.0,177.1465,0.9163,3.3755,590.0,49.2747,0.3532,0.5221,342,648,615,858,167.0345
12,301.6094,2,872.4647,667.1463,14130.0,2757.0,160.2588,0.8985,1.5427,581.0,23.7027,0.679,0.8088,648,958,615,858,167.0345
12,301.6094,3,1037.7501,642.9692,10349.0,2332.0,120.9299,0.427,1.0571,571.0,46.9864,0.5143,0.6792,958,1260,615,858,167.0345
12,301.6094,4,1344.6247,661.994,9487.0,1641.0,136.0839,0.8396,1.8139,584.0,36.2352,0.5159,0.6806,1260,1566,615,858,167.0345
12,302.01,1,575.983,667.3501,6398.0,1324.0,152.5968,0.9886,3.2217,584.0,42.9569,0.405,0.5765,342,648,615,858,167.0345
12,302.01,2,871.7692,655.6682,12964.0,2420.0,146.5193,0.9995,1.3622,569.0,35.9108,0.5789,0.7333,648,958,615,858,167.0345
12,302.01,3,1071.2909,655.6214,11656.0,2121.0,131.0168,0.8741,1.2223,572.0,45.6083,0.4214,0.593,958,1260,615,858,167.0345
12,302.01,4,1331.7214,672.385,8264.0,1110.0,129.4313,0.9266,1.9706,587.0,29.8853,0.532,0.6945,1260,1566,615,858,167.0345
12,302.4105,1,536.1764,634.4509,7925.0,2506.0,147.4248,0.9219,2.0651,567.0,53.8456,0.1464,0.2554,342,648,615,858,167.0345
12,302.4105,2,855.6179,655.3136,12658.0,2878.0,145.471,0.9973,1.4188,563.0,31.0679,0.6242,0.7686,648,958,615,858,167.0345
12,302.4105,3,1079.4635,650.4084,13171.0,2486.0,170.0251,0.38,1.8793,591.0,40.3195,0.5207,0.6848,958,1260,615,858,167.0345
12,302.4105,4,1330.8679,650.2463,6745.0,1147.0,118.8518,0.9915,1.754,588.0,31.0379,0.5633,0.7206,1260,1566,615,858,167.0345
12,302.8111,1,487.767,633.9843,12021.0,4225.0,206.5833,0.6837,2.84,552.0,68.4413,0.2267,0.3696,342,648,615,858,167.0345
12,302.8111,2,850.1568,660.2296,13326.0,2692.0,151.4042,0.9912,1.4544,566.0,27.1427,0.6753,0.8062,648,958,615,858,167.0345
12,302.8111,3,1072.1188,652.1689,13643.0,2783.0,190.683,0.4792,2.4709,580.0,32.1896,0.6018,0.7514,958,1260,615,858,167.0345
12,302.8111,4,1341.4593,667.2984,8354.0,1177.0,119.2924,0.9953,1.6144,590.0,30.6307,0.5432,0.704,1260,1566,615,858,167.0345
12,303.2116,1,459.7741,657.3889,12700.0,2992.0,218.5329,0.7069,3.2596,563.0,72.0986,0.2138,0.3523,342,648,615,858,167.0345
12,303.2116,2,845.3094,660.0149,13263.0,2657.0,148.5752,1.0,1.4125,565.0,23.7803,0.7385,0.8496,648,958,615,858,167.0345
12,303.2116,3,1026.3679,634.0034,7938.0,2286.0,122.2352,0.624,1.5724,581.0,48.7463,0.3859,0.5569,958,1260,615,858,167.0345
12,303.2116,4,1350.2513,662.3125,8385.0,1115.0,117.3478,0.9881,1.5025,591.0,29.0276,0.5753,0.7304,1260,1566,615,858,167.0345
12,303.6122,1,430.2638,664.9814,12405.0,3052.0,231.0761,0.81,3.6701,557.0,65.1027,0.3063,0.4689,342,648,615,858,167.0345
12,303.6122,2,843.0096,665.7088,13466.0,2292.0,152.9187,0.9893,1.5083,568.0,19.78,0.7618,0.8648,648,958,615,858,167.0345
12,303.6122,3,1009.0559,637.4641,5794.0,1228.0,84.7941,0.9999,1.1099,592.0,40.2444,0.4769,0.6458,958,1260,615,858,167.0345
12,303.6122,4,1364.4485,663.848,9726.0,1470.0,141.5952,0.9485,1.7771,591.0,31.5514,0.5569,0.7154,1260,1566,615,858,167.0345
12,304.0127,1,404.6924,665.5201,11425.0,2912.0,198.7131,0.9153,2.9015,556.0,54.6695,0.3788,0.5495,342,648,615,858,167.0345
12,304.0127,2,839.0245,668.0653,14047.0,2245.0,160.8419,0.9589,1.5917,566.0,21.6764,0.7095,0.8301,648,958,615,858,167.0345
12,304.0127,3,1035.5715,642.9816,7132.0,1421.0,100.7965,0.7776,1.2332,595.0,42.901,0.3832,0.5541,958,1260,615,858,167.0345
12,304.0127,4,1384.0009,663.8885,11598.0,1715.0,157.4627,0.7755,1.9934,597.0,42.2778,0.482,0.6504,1260,1566,615,858,167.0345
12,304.4132,1,399.0302,657.6735,12491.0,3163.0,148.9564,0.91,1.8648,593.0,36.4761,0.5364,0.6983,342,648,615,858,167.0345
12,304.4132,2,838.8503,660.3081,14043.0,2718.0,163.5206,0.9021,1.6224,562.0,27.7336,0.655,0.7915,648,958,615,858,167.0345
12,304.4132,3,1062.3535,661.7223,8110.0,642.0,116.6226,0.9318,1.4296,601.0,49.8274,0.2901,0.4497,958,1260,615,858,167.0345
12,304.4132,4,1420.3479,663.5259,11702.0,1377.0,179.8293,0.6722,2.3404,595.0,55.2175,0.3607,0.5302,1260,1566,615,858,167.0345
12,304.8138,1,409.4402,647.4472,14730.0,4304.0,177.4022,0.8966,1.5802,536.0,41.4704,0.52,0.6842,342,648,615,858,167.0345
12,304.8138,2,833.8845,659.4178,14016.0,2752.0,161.9775,0.7822,1.6213,565.0,20.353,0.7573,0.8619,648,958,615,858,167.0345
12,304.8138,3,1085.8504,670.0421,9023.0,496.0,112.8312,0.9435,1.3061,601.0,41.8731,0.3932,0.5644,958,1260,615,858,167.0345
12,304.8138,4,1449.8892,664.8462,12455.0,1591.0,175.1476,0.6807,2.1899,590.0,53.5815,0.4017,0.5732,1260,1566,615,858,167.0345
12,305.2143,1,455.0371,651.3609,17996.0,5195.0,173.626,0.6664,1.7294,578.0,53.9153,0.2715,0.427,342,648,615,858,167.0345
12,305.2143,2,820.9044,658.6971,14623.0,3147.0,167.5758,0.8411,1.65,562.0,24.3735,0.679,0.8088,648,958,615,858,167.0345
12,305.2143,3,1103.076,685.7443,10289.0,458.0,122.8972,0.9727,1.4541,601.0,33.5256,0.4922,0.6597,958,1260,615,858,167.0345
12,305.2143,4,1477.0461,662.6166,11856.0,1756.0,163.8862,0.7085,2.0472,592.0,47.3471,0.4538,0.6243,1260,1566,615,858,167.0345
12,305.6149,1,512.5704,648.2082,15204.0,4448.0,205.3864,0.4909,2.9768,594.0,59.5344,0.2098,0.3469,342,648,615,858,167.0345
12,305.6149,2,807.0302,660.1863,13259.0,2514.0,157.4233,0.9474,1.5598,566.0,29.6449,0.5979,0.7484,648,958,615,858,167.0345
12,305.6149,3,1109.6439,688.1215,9648.0,170.0,115.909,0.9952,1.3718,608.0,27.3692,0.6018,0.7514,958,1260,615,858,167.0345
12,305.6149,4,1489.6531,667.543,11917.0,1509.0,156.3918,0.7511,1.891,592.0,36.4761,0.56,0.718,1260,1566,615,858,167.0345
12,306.0154,1,549.2949,669.1663,8861.0,1000.0,158.833,0.6482,2.7049,592.0,52.1683,0.2085,0.3451,342,648,615,858,167.0345
12,306.0154,2,801.0357,664.0062,13966.0,2428.0,165.8528,0.9694,1.6641,567.0,24.4292,0.7083,0.8292,648,958,615,858,167.0345
12,306.0154,3,1112.5072,673.6474,12120.0,1779.0,186.0541,0.9871,2.4027,576.0,32.1375,0.5755,0.7305,958,1260,615,858,167.0345
12,306.0154,4,1494.3408,675.8078,12550.0,1522.0,193.1172,0.7556,2.6226,594.0,29.2559,0.6543,0.791,1260,1566,615,858,167.0345
12,306.416,1,579.7772,653.5855,6166.0,1500.0,107.9868,0.8743,2.2865,605.0,40.3384,0.2903,0.45,342,648,615,858,167.0345
12,306.416,2,803.9909,666.6045,14526.0,2450.0,173.6981,0.8729,1.7812,568.0,25.2115,0.6785,0.8084,648,958,615,858,167.0345
12,306.416,3,1116.1477,692.689,9733.0,161.0,145.9382,0.9877,1.8673,608.0,33.3431,0.5628,0.7203,958,1260,615,858,167.0345
12,306.416,4,1497.5595,673.1214,11839.0,1541.0,168.386,0.7967,2.1877,587.0,25.1473,0.7149,0.8337,1260,1566,615,858,167.0345
12,306.8165,1,568.1037,649.465,7447.0,2059.0,135.1335,0.9974,2.3115,568.0,41.1279,0.2202,0.361,342,648,615,858,167.0345
12,306.8165,2,791.7636,661.3816,14257.0,2775.0,179.3308,0.8396,1.8988,566.0,23.4588,0.6672,0.8004,648,958,615,858,167.0345
12,306.8165,3,1112.4274,693.2298,11051.0,578.0,165.9271,0.9973,2.1346,598.0,27.157,0.6561,0.7923,958,1260,615,858,167.0345
12,306.8165,4,1501.5873,666.3339,12056.0,1868.0,149.5594,0.8818,1.6375,578.0,31.8535,0.6146,0.7613,1260,1566,615,858,167.0345
12,307.2171,1,530.5982,650.7241,10429.0,2885.0,171.5315,0.9809,2.2928,561.0,50.8729,0.2393,0.3862,342,648,615,858,167.0345
12,307.2171,2,785.31,659.8971,14692.0,3318.0,174.3399,0.8493,1.7965,562.0,25.9682,0.6324,0.7748,648,958,615,858,167.0345
12,307.2171,3,1119.1838,676.2423,12550.0,978.0,194.7978,0.7258,2.5246,601.0,45.8238,0.4308,0.6022,958,1260,615,858,167.0345
12,307.2171,4,1505.1527,663.0242,12013.0,1766.0,135.5261,0.9997,1.2711,573.0,32.1409,0.6116,0.759,1260,1566,615,858,167.0345
12,307.6176,1,498.8507,673.189,12042.0,1609.0,165.8051,0.9374,1.9985,576.0,59.1673,0.264,0.4177,342,648,615,858,167.0345
12,307.6176,2,767.2977,647.6051,13086.0,3603.0,150.7232,0.9253,1.401,559.0,31.463,0.5795,0.7337,648,958,615,858,167.0345
12,307.6176,3,1151.8806,657.4715,11138.0,1426.0,172.9391,0.584,2.2797,590.0,45.3516,0.5041,0.6703,958,1260,615,858,167.0345
12,307.6176,4,1496.0369,662.861,12448.0,1595.0,152.407,0.8418,1.4899,575.0,34.742,0.5813,0.7352,1260,1566,615,858,167.0345
12,308.0181,1,468.8602,676.0995,13972.0,2424.0,199.29,0.7881,2.6294,575.0,54.2962,0.3248,0.4904,342,648,615,858,167.0345
12,308.0181,2,758.7517,655.706,13372.0,3307.0,143.4585,0.9935,1.2784,563.0,30.6899,0.6588,0.7943,648,958,615,858,167.0345
12,308.0181,3,1172.2309,650.7416,10327.0,2152.0,134.7032,0.6846,1.5828,582.0,46.5998,0.5057,0.6717,958,1260,615,858,167.0345
12,308.0181,4,1469.9912,660.3435,12975.0,2195.0,169.1762,0.7518,1.8787,572.0,43.9563,0.477,0.6459,1260,1566,615,858,167.0345
12,308.4187,1,438.9318,663.0284,12382.0,3076.0,224.1266,0.8275,3.46,548.0,55.4614,0.3957,0.567,342,648,615,858,167.0345
12,308.4187,2,758.93,661.3949,14064.0,3176.0,152.336,0.9716,1.3488,566.0,21.4514,0.7606,0.864,648,958,615,858,167.0345
12,308.4187,3,1171.411,653.5185,10721.0,2049.0,136.1327,0.6711,1.512,584.0,25.7051,0.7348,0.8471,958,1260,615,858,167.0345
12,308.4187,4,1430.2469,649.1406,13970.0,3456.0,201.1448,0.5798,2.5038,570.0,46.6571,0.4006,0.5721,1260,1566,615,858,167.0345
12,308.8192,1,412.2929,660.6641,10669.0,2426.0,214.6051,0.8689,3.4567,558.0,57.8013,0.3653,0.5351,342,648,615,858,167.0345
12,308.8192,2,759.6921,663.1183,14290.0,2687.0,160.7252,0.9615,1.4641,567.0,19.8198,0.7538,0.8596,648,958,615,858,167.0345
12,308.8192,3,1160.5401,654.6695,12361.0,2623.0,142.0567,0.7649,1.3886,569.0,26.7043,0.6722,0.804,958,1260,615,858,167.0345
12,308.8192,4,1394.9398,648.0071,13473.0,3242.0,180.5364,0.55,2.1143,570.0,51.2359,0.3617,0.5312,1260,1566,615,858,167.0345
12,309.2198,1,419.9077,685.3671,10706.0,620.0,177.9499,0.7374,2.5897,600.0,33.1906,0.6119,0.7592,342,648,615,858,167.0345
12,309.2198,2,760.0064,667.7553,15237.0,2815.0,166.2784,0.895,1.6179,573.0,19.6806,0.7913,0.8835,648,958,615,858,167.0345
12,309.2198,3,1155.6833,655.513,12593.0,2345.0,152.9566,0.5562,1.5663,579.0,29.3803,0.6493,0.7874,958,1260,615,858,167.0345
12,309.2198,4,1369.5922,652.54,12126.0,2882.0,148.3328,0.5015,1.9988,601.0,40.409,0.4362,0.6074,1260,1566,615,858,167.0345
12,309.6203,1,412.9305,639.2867,9087.0,2965.0,149.0353,0.9357,2.1324,563.0,53.4913,0.3154,0.4796,342,648,615,858,167.0345
12,309.6203,2,763.9156,655.7486,15379.0,4250.0,184.0121,0.9109,1.9334,548.0,29.7985,0.6035,0.7527,648,958,615,858,167.0345
12,309.6203,3,1151.0438,660.6622,13507.0,2454.0,160.7807,0.6694,1.6434,576.0,21.2415,0.7531,0.8592,958,1260,615,858,167.0345
12,309.6203,4,1358.5646,665.0277,10925.0,1905.0,156.5848,0.755,2.1063,578.0,37.105,0.4846,0.6528,1260,1566,615,858,167.0345
12,310.0209,1,431.8189,622.7538,6449.0,2489.0,130.4863,0.5502,2.1514,577.0,42.8206,0.3197,0.4846,342,648,615,858,167.0345
12,310.0209,2,757.8376,664.2162,14049.0,2779.0,179.6221,0.6629,2.3584,596.0,36.2396,0.5432,0.704,648,958,615,858,167.0345
12,310.0209,3,1154.4547,655.7511,12593.0,2260.0,159.2564,0.4087,2.1181,611.0,26.6481,0.6772,0.8075,958,1260,615,858,167.0345
12,310.0209,4,1348.4965,663.1831,9737.0,1637.0,156.6498,0.8071,2.2853,580.0,30.6976,0.6084,0.7566,1260,1566,615,858,167.0345
12,310.4214,1,478.6991,634.105,12646.0,3892.0,201.9496,0.4545,2.6584,567.0,67.2101,0.2155,0.3545,342,648,615,858,167.0345
12,310.4214,2,732.3534,670.1939,12998.0,2218.0,158.8482,0.7715,2.0332,595.0,33.7549,0.489,0.6568,648,958,615,858,167.0345
12,310.4214,3,1170.5418,641.9425,9937.0,2475.0,136.6739,0.6761,1.5989,582.0,30.4218,0.6254,0.7696,958,1260,615,858,167.0345
12,310.4214,4,1335.7432,664.6613,7865.0,1306.0,130.8124,0.933,2.0628,584.0,34.6344,0.5287,0.6917,1260,1566,615,858,167.0345
12,310.8219,1,518.3266,641.0867,12386.0,3617.0,208.4643,0.6979,2.982,548.0,69.2633,0.2907,0.4505,342,648,615,858,167.0345
12,310.8219,2,722.6508,661.6294,11229.0,2357.0,142.6494,0.8819,1.7659,574.0,29.8468,0.5656,0.7225,648,958,615,858,167.0345
12,310.8219,3,1188.311,638.1742,6406.0,1306.0,102.5623,0.707,1.3737,591.0,32.6911,0.5597,0.7177,958,1260,615,858,167.0345
12,310.8219,4,1336.4508,642.6175,6429.0,1027.0,92.8812,0.8004,1.197,605.0,37.3413,0.4465,0.6173,1260,1566,615,858,167.0345
12,311.2225,1,526.0889,654.9093,11767.0,2401.0,218.3587,0.629,3.4769,569.0,48.7365,0.4861,0.6542,342,648,615,858,167.0345
12,311.2225,2,723.077,642.9656,9368.0,2077.0,129.5376,0.8849,1.4635,576.0,36.0614,0.5031,0.6694,648,958,615,858,167.0345
12,311.2225,3,1190.0285,658.5953,7832.0,735.0,101.354,0.9878,1.1855,597.0,25.5881,0.611,0.7585,958,1260,615,858,167.0345
12,311.2225,4,1371.5562,641.2875,8903.0,1905.0,133.571,0.6096,1.6646,587.0,46.4206,0.3485,0.5168,1260,1566,615,858,167.0345
12,311.623,1,538.0336,660.3979,11391.0,2203.0,201.611,0.67,3.1539,564.0,37.9551,0.5503,0.7099,342,648,615,858,167.0345
12,311.623,2,733.0083,656.2463,10836.0,2566.0,150.3109,0.9991,1.8158,570.0,30.2527,0.5818,0.7356,648,958,615,858,167.0345
12,311.623,3,1183.2223,669.696,8444.0,657.0,122.1078,0.9692,1.5442,599.0,30.2928,0.5568,0.7153,958,1260,615,858,167.0345
12,311.623,4,1404.473,650.3778,11479.0,1952.0,167.8387,0.5663,2.0671,593.0,57.2269,0.3224,0.4876,1260,1566,615,858,167.0345
12,312.0236,1,559.7272,653.3515,9428.0,2055.0,180.2709,0.7405,2.9727,564.0,41.1996,0.5046,0.6707,342,648,615,858,167.0345
12,312.0236,2,732.9402,688.802,11840.0,1204.0,166.3041,0.9874,2.1226,589.0,34.7224,0.5605,0.7184,648,958,615,858,167.0345
12,312.0236,3,1173.7133,664.2909,8208.0,800.0,109.718,0.9286,1.384,597.0,35.7856,0.5225,0.6864,958,1260,615,858,167.0345
12,312.0236,4,1442.1692,664.7116,12188.0,1345.0,168.5635,0.6507,2.0569,594.0,58.333,0.2722,0.4279,1260,1566,615,858,167.0345
12,312.4241,1,564.911,649.9755,9914.0,2952.0,142.1066,0.8979,1.8095,562.0,34.4293,0.4821,0.6506,342,648,615,858,167.0345
12,312.4241,2,736.7497,683.8672,14379.0,2916.0,215.4617,0.9954,2.7197,569.0,32.9619,0.5734,0.7289,648,958,615,858,167.0345
12,312.4241,3,1159.769,663.6843,8129.0,491.0,119.0493,0.8094,1.5567,601.0,38.7406,0.5883,0.7408,958,1260,615,858,167.0345
12,312.4241,4,1467.1562,667.1189,12233.0,1076.0,160.0038,0.589,1.9317,599.0,44.1874,0.4392,0.6104,1260,1566,615,858,167.0345
12,312.8247,1,564.7331,637.2474,8975.0,3101.0,118.7125,0.997,1.2229,563.0,31.7461,0.5326,0.695,342,648,615,858,167.0345
12,312.8247,2,740.0156,690.7871,12031.0,1278.0,170.1837,0.9804,2.2568,593.0,31.7441,0.5975,0.748,648,958,615,858,167.0345
12,312.8247,3,1144.9564,670.3056,9517.0,586.0,155.816,0.8436,1.9926,601.0,46.1105,0.5045,0.6706,958,1260,615,858,167.0345
12,312.8247,4,1483.5406,669.519,12313.0,1256.0,168.398,0.6374,2.0907,595.0,35.3476,0.5509,0.7104,1260,1566,615,858,167.0345
12,313.2252,1,553.452,635.9917,10272.0,3676.0,125.2082,0.6281,1.1151,560.0,34.4298,0.5583,0.7166,342,648,615,858,167.0345
12,313.2252,2,746.1764,676.1979,11455.0,1770.0,159.3341,0.9711,2.03,582.0,28.4496,0.668,0.801,648,958,615,858,167.0345
12,313.2252,3,1124.958,659.4566,9902.0,912.0,143.5831,0.6665,1.7768,597.0,42.2204,0.5778,0.7324,958,1260,615,858,167.0345
12,313.2252,4,1494.2671,670.731,12540.0,1763.0,168.8447,0.7404,2.1619,591.0,32.5903,0.611,0.7585,1260,1566,615,858,167.0345
12,313.6258,1,527.2614,647.8424,10970.0,2932.0,133.5174,0.9732,1.4069,558.0,41.4803,0.4607,0.6308,342,648,615,858,167.0345
12,313.6258,2,755.0128,673.7839,10005.0,1120.0,143.4341,0.9547,1.8647,587.0,33.4776,0.5731,0.7286,648,958,615,858,167.0345
12,313.6258,3,1110.3749,665.0234,10557.0,933.0,151.409,0.5931,1.9195,600.0,42.2676,0.5569,0.7154,958,1260,615,858,167.0345
12,313.6258,4,1496.3001,675.8582,12493.0,1617.0,172.7214,0.7235,2.2864,592.0,26.4505,0.6989,0.8228,1260,1566,615,858,167.0345
12,314.0263,1,510.2041,652.5693,11962.0,2862.0,142.4071,0.8837,1.493,562.0,44.7564,0.4143,0.5859,342,648,615,858,167.0345
12,314.0263,2,773.2248,661.3284,12577.0,2923.0,168.2093,0.9505,1.9196,581.0,41.4209,0.5098,0.6753,648,958,615,858,167.0345
12,314.0263,3,1087.3624,662.3185,10999.0,1179.0,160.5888,0.6217,2.0638,597.0,47.1888,0.481,0.6496,958,1260,615,858,167.0345
12,314.0263,4,1506.2157,673.7282,12700.0,1647.0,162.9618,0.8828,1.8779,587.0,30.747,0.621,0.7662,1260,1566,615,858,167.0345
12,314.4268,1,485.1862,648.8228,12596.0,3242.0,145.7757,0.9581,1.4329,561.0,41.0078,0.4783,0.6471,342,648,615,858,167.0345
12,314.4268,2,781.2569,687.0821,10705.0,475.0,164.3337,0.9325,2.1256,598.0,42.7961,0.4875,0.6554,648,958,615,858,167.0345
12,314.4268,3,1066.6873,664.9153,10978.0,1156.0,155.1176,0.7126,1.9302,594.0,47.9155,0.4873,0.6553,958,1260,615,858,167.0345
12,314.4268,4,1512.6638,674.7725,13178.0,2187.0,159.9063,0.9454,1.808,579.0,31.3815,0.6271,0.7708,1260,1566,615,858,167.0345
12,314.8274,1,466.9731,651.2377,14281.0,3526.0,163.5063,0.6305,1.5533,574.0,30.7925,0.6026,0.752,342,648,615,858,167.0345
12,314.8274,2,787.5319,693.1812,10442.0,427.0,163.5515,0.9458,2.1323,599.0,33.6278,0.6274,0.7711,648,958,615,858,167.0345
12,314.8274,3,1054.885,670.4765,11232.0,1171.0,158.6163,0.7066,2.0628,596.0,38.1579,0.5839,0.7373,958,1260,615,858,167.0345
12,314.8274,4,1513.7733,670.7283,11432.0,1680.0,154.4111,0.9319,1.8667,586.0,22.7052,0.7766,0.8743,1260,1566,615,858,167.0345
12,315.2279,1,446.8828,649.558,15043.0,4151.0,155.0053,0.9448,1.272,552.0,42.5921,0.4669,0.6365,342,648,615,858,167.0345
12,315.2279,2,806.744,675.4609,13251.0,2509.0,196.3269,0.9214,2.4209,586.0,33.3147,0.6021,0.7516,648,958,615,858,167.0345
12,315.2279,3,1046.4492,668.2228,11171.0,1482.0,167.9046,0.7246,2.2843,592.0,27.2172,0.6694,0.8019,958,1260,615,858,167.0345
12,315.2279,4,1523.3986,673.5468,10672.0,1091.0,133.9505,0.9883,1.4718,590.0,37.3127,0.547,0.7072,1260,1566,615,858,167.0345
12,315.6285,1,442.7431,656.4739,15633.0,3315.0,185.0785,0.58,2.0683,595.0,31.8982,0.6095,0.7574,342,648,615,858,167.0345
12,315.6285,2,808.3877,685.9434,11933.0,1078.0,170.775,0.906,2.2173,592.0,31.5047,0.5801,0.7343,648,958,615,858,167.0345
12,315.6285,3,1037.9926,661.3944,10791.0,2120.0,167.3802,0.8237,2.3135,576.0,34.8244,0.6215,0.7666,958,1260,615,858,167.0345
12,315.6285,4,1503.737,649.4899,9903.0,1462.0,161.723,0.6176,2.1079,590.0,41.9977,0.4997,0.6664,1260,1566,615,858,167.0345
12,316.029,1,441.4991,657.3033,16257.0,4454.0,190.3786,0.9365,1.7299,547.0,30.9439,0.5967,0.7474,342,648,615,858,167.0345
12,316.029,2,815.2956,677.3619,11145.0,1251.0,168.8764,0.871,2.3089,589.0,30.8317,0.6198,0.7653,648,958,615,858,167.0345
12,316.029,3,1029.2316,657.6944,10025.0,2122.0,145.9434,0.7941,1.9021,582.0,30.5949,0.6755,0.8063,958,1260,615,858,167.0345
12,316.029,4,1473.0385,653.2548,10713.0,1554.0,168.5587,0.615,2.2478,585.0,53.2542,0.4139,0.5855,1260,1566,615,858,167.0345
12,316.4296,1,439.8581,653.4466,14718.0,3312.0,205.7215,0.5373,2.6149,571.0,36.4499,0.4811,0.6497,342,648,615,858,167.0345
12,316.4296,2,828.4583,664.4859,11596.0,1700.0,179.5851,0.726,2.4728,591.0,31.6012,0.616,0.7624,648,958,615,858,167.0345
12,316.4296,3,1022.6991,660.4472,9809.0,2078.0,136.9071,0.8911,1.8167,580.0,31.1935,0.6662,0.7996,958,1260,615,858,167.0345
12,316.4296,4,1446.7921,669.3188,10282.0,848.0,141.3277,0.7561,1.8102,598.0,57.7864,0.3242,0.4896,1260,1566,615,858,167.0345
12,316.8301,1,430.1188,640.983,11707.0,3471.0,167.7668,0.751,2.0807,564.0,33.0475,0.5762,0.7311,342,648,615,858,167.0345
12,316.8301,2,842.3057,661.6807,12170.0,2419.0,172.0126,0.7673,2.2303,582.0,37.5731,0.5807,0.7347,648,958,615,858,167.0345
12,316.8301,3,1021.7241,659.1502,10046.0,2106.0,143.6613,0.8728,1.9205,583.0,25.3438,0.7295,0.8436,958,1260,615,858,167.0345
12,316.8301,4,1421.8983,672.7959,10661.0,875.0,154.9491,0.8521,1.9825,591.0,47.5123,0.4143,0.5859,1260,1566,615,858,167.0345
12,317.2306,1,425.8058,632.758,8516.0,2641.0,123.4534,0.7861,1.4788,577.0,26.7843,0.6169,0.7631,342,648,615,858,167.0345
12,317.2306,2,857.8271,660.5374,11599.0,2285.0,164.409,0.7801,2.1531,581.0,42.3025,0.5568,0.7153,648,958,615,858,167.0345
12,317.2306,3,1018.3333,659.0649,10369.0,2045.0,138.6658,0.9473,1.6262,578.0,24.5319,0.7059,0.8276,958,1260,615,858,167.0345
12,317.2306,4,1404.1658,680.5351,11402.0,916.0,161.8541,0.7833,2.1956,598.0,47.2558,0.4305,0.6019,1260,1566,615,858,167.0345
12,317.6312,1,433.5315,625.8911,7040.0,2553.0,120.5709,0.638,1.6461,580.0,24.1506,0.6868,0.8143,342,648,615,858,167.0345
12,317.6312,2,873.4696,665.5306,11419.0,2075.0,162.7221,0.8484,2.1601,583.0,46.8503,0.4809,0.6495,648,958,615,858,167.0345
12,317.6312,3,1015.5702,656.4816,9910.0,2019.0,122.4353,0.9886,1.3215,574.0,34.4677,0.6105,0.7581,958,1260,615,858,167.0345
12,317.6312,4,1393.0355,686.2623,12525.0,1025.0,194.9944,0.8614,2.614,595.0,35.7642,0.555,0.7138,1260,1566,615,858,167.0345
12,318.0317,1,439.1846,633.2227,5909.0,1637.0,100.5969,0.9946,1.345,585.0,31.0818,0.5734,0.7289,342,648,615,858,167.0345
12,318.0317,2,888.8578,669.5703,10725.0,1948.0,164.7398,0.8893,2.3588,582.0,40.6591,0.5157,0.6805,648,958,615,858,167.0345
12,318.0317,3,1011.408,645.3943,8730.0,1975.0,133.8107,0.7736,1.6079,571.0,35.2121,0.5755,0.7306,958,1260,615,858,167.0345
12,318.0317,4,1377.9108,686.5566,11205.0,1046.0,163.4628,0.9214,2.2708,590.0,44.2802,0.4769,0.6458,1260,1566,615,858,167.0345
12,318.4323,1,451.8329,653.4057,10347.0,2122.0,154.3199,0.8536,1.9544,577.0,52.4123,0.3718,0.5421,342,648,615,858,167.0345
12,318.4323,2,900.4779,683.1331,10114.0,495.0,148.1232,0.8975,1.8711,598.0,30.6444,0.5138,0.6788,648,958,615,858,167.0345
12,318.4323,3,1020.5643,643.668,10758.0,2170.0,124.1111,0.1123,1.4167,604.0,32.599,0.6229,0.7677,958,1260,615,858,167.0345
12,318.4323,4,1359.1693,677.551,10419.0,1329.0,154.6943,0.8904,2.2027,601.0,33.5654,0.5065,0.6724,1260,1566,615,858,167.0345
12,318.8328,1,471.5543,672.8136,12921.0,1777.0,192.346,0.7761,2.4309,588.0,57.3611,0.3718,0.542,342,648,615,858,167.0345
12,318.8328,2,900.3561,677.4852,11574.0,1601.0,153.7506,0.9815,1.8954,601.0,27.9452,0.6451,0.7843,648,958,615,858,167.0345
12,318.8328,3,1035.6667,651.4372,11808.0,1973.0,149.2132,0.578,1.5383,573.0,34.5302,0.5662,0.723,958,1260,615,858,167.0345
12,318.8328,4,1362.2329,651.5084,9185.0,1538.0,157.206,0.7292,2.1486,586.0,42.1979,0.3658,0.5356,1260,1566,615,858,167.0345
12,319.2334,1,499.69,659.7408,13235.0,2340.0,214.0451,0.6792,2.7865,581.0,48.9535,0.5066,0.6725,342,648,615,858,167.0345
12,319.2334,2,895.6121,674.0208,12102.0,1769.0,154.8,0.9204,1.888,602.0,27.4017,0.6769,0.8073,648,958,615,858,167.0345
12,319.2334,3,1044.8076,662.68,9296.0,43.0,135.3152,0.3296,1.7042,613.0,37.3382,0.4903,0.658,958,1260,615,858,167.0345
12,319.2334,4,1390.085,656.1133,11234.0,1332.0,170.8875,0.5459,2.2504,594.0,52.2892,0.4102,0.5817,1260,1566,615,858,167.0345
12,319.6339,1,519.6366,655.931,13650.0,3226.0,190.0503,0.6045,2.3927,582.0,39.8553,0.5406,0.7018,342,648,615,858,167.0345
12,319.6339,2,900.9815,659.4179,12942.0,3053.0,175.9926,0.9993,1.9394,554.0,30.8836,0.6566,0.7927,648,958,615,858,167.0345
12,319.6339,3,1074.0033,659.4513,9167.0,9.0,146.5996,0.2632,1.9435,614.0,43.7417,0.4722,0.6415,958,1260,615,858,167.0345
12,319.6339,4,1420.4542,664.2698,12084.0,1374.0,177.1227,0.5823,2.3191,596.0,51.783,0.3607,0.5301,1260,1566,615,858,167.0345
12,320.0345,1,528.4496,647.2209,11305.0,2836.0,191.6229,0.6548,2.864,571.0,31.4819,0.6721,0.8039,342,648,615,858,167.0345
12,320.0345,2,897.9545,668.1611,12553.0,2307.0,147.4941,0.9081,1.7074,599.0,27.6336,0.7116,0.8315,648,958,615,858,167.0345
12,320.0345,3,1107.5679,653.5015,12108.0,1973.0,141.7956,0.3352,1.6853,614.0,41.8531,0.3548,0.5238,958,1260,615,858,167.0345
12,320.0345,4,1455.3359,664.814,11848.0,1198.0,168.3088,0.6339,2.1104,596.0,48.5441,0.3807,0.5515,1260,1566,615,858,167.0345
12,320.435,1,550.3277,644.663,10181.0,3340.0,153.577,0.7476,2.1569,566.0,46.2126,0.5083,0.674,342,648,615,858,167.0345
12,320.435,2,898.83,667.1114,12860.0,2152.0,141.6522,0.9335,1.478,598.0,25.0491,0.7145,0.8335,648,958,615,858,167.0345
12,320.435,3,1131.6582,655.3598,12789.0,2293.0,183.8138,0.3201,2.6433,611.0,32.2707,0.5422,0.7031,958,1260,615,858,167.0345
12,320.435,4,1478.7953,669.0409,12118.0,1561.0,171.2446,0.7081,2.2478,589.0,39.9642,0.4853,0.6535,1260,1566,615,858,167.0345
12,320.8355,1,569.4641,632.9435,7634.0,3106.0,119.9286,0.8728,1.5124,557.0,48.7512,0.3317,0.4981,342,648,615,858,167.0345
12,320.8355,2,889.4402,663.5535,13979.0,2781.0,156.6167,0.9938,1.4363,566.0,29.9491,0.6693,0.8019,648,958,615,858,167.0345
12,320.8355,3,1139.9402,653.057,12395.0,2538.0,165.5957,0.5045,1.9174,574.0,30.5301,0.5757,0.7307,958,1260,615,858,167.0345
12,320.8355,4,1493.6633,671.4685,12018.0,1560.0,169.3766,0.7971,2.2137,590.0,37.3581,0.5773,0.732,1260,1566,615,858,167.0345
12,321.2361,1,554.7248,627.0995,9610.0,3645.0,141.4886,0.7838,1.5803,557.0,36.0997,0.4601,0.6302,342,648,615,858,167.0345
12,321.2361,2,873.0053,651.1435,13207.0,2954.0,176.7553,0.8367,1.9073,560.0,37.5751,0.558,0.7163,648,958,615,858,167.0345
12,321.2361,3,1160.443,658.8704,11315.0,1897.0,146.0497,0.5798,1.8014,583.0,36.0881,0.4594,0.6296,958,1260,615,858,167.0345
12,321.2361,4,1504.6009,671.094,11502.0,1480.0,157.7526,0.9783,1.7745,581.0,40.922,0.5118,0.677,1260,1566,615,858,167.0345
12,321.6366,1,519.857,648.8916,12956.0,3023.0,152.8949,0.8576,1.4913,561.0,58.1052,0.2934,0.4537,342,648,615,858,167.0345
12,321.6366,2,843.8258,639.8868,12449.0,3278.0,163.6666,0.6922,1.7421,564.0,46.3642,0.4599,0.63,648,958,615,858,167.0345
12,321.6366,3,1177.7864,657.2419,10257.0,1933.0,133.5586,0.7714,1.6437,582.0,28.1929,0.5454,0.7058,958,1260,615,858,167.0345
12,321.6366,4,1509.0527,656.3746,10730.0,1809.0,153.4091,0.8174,1.7782,575.0,48.0586,0.482,0.6505,1260,1566,615,858,167.0345
12,322.0372,1,497.501,668.6261,12760.0,866.0,174.3945,0.4937,2.0808,601.0,42.5004,0.4403,0.6114,342,648,615,858,167.0345
12,322.0372,2,809.3692,647.8241,13226.0,3423.0,158.1219,0.7749,1.5571,562.0,50.81,0.3658,0.5356,648,958,615,858,167.0345
12,322.0372,3,1185.3133,652.8036,8250.0,1707.0,112.1303,0.8613,1.4524,587.0,26.9289,0.5823,0.736,958,1260,615,858,167.0345
12,322.0372,4,1484.5298,655.4744,11619.0,1865.0,156.6816,0.7202,1.7325,572.0,47.701,0.4419,0.6129,1260,1566,615,858,167.0345
12,322.4377,1,475.6364,656.1519,14565.0,3703.0,172.3834,0.9977,1.7758,552.0,44.1911,0.3774,0.548,342,648,615,858,167.0345
12,322.4377,2,786.1211,660.8721,14803.0,2777.0,174.7933,0.5888,2.0367,599.0,42.7993,0.4321,0.6034,648,958,615,858,167.0345
12,322.4377,3,1196.8119,652.1576,7368.0,1108.0,104.7805,0.9238,1.3975,592.0,21.5219,0.6405,0.7809,958,1260,615,858,167.0345
12,322.4377,4,1444.8566,656.0325,13588.0,2905.0,173.1964,0.4779,2.2614,602.0,53.2085,0.3171,0.4815,1260,1566,615,858,167.0345
12,322.8383,1,463.4028,662.7186,15119.0,2950.0,177.3698,0.794,1.7445,561.0,35.5601,0.5535,0.7126,342,648,615,858,167.0345
12,322.8383,2,768.7995,673.3045,13907.0,1112.0,184.1032,0.646,2.1161,599.0,37.5163,0.4834,0.6518,648,958,615,858,167.0345
12,322.8383,3,1196.4564,660.817,7903.0,761.0,106.5584,0.9933,1.2937,597.0,27.1442,0.6251,0.7693,958,1260,615,858,167.0345
12,322.8383,4,1402.7563,651.7227,13571.0,3018.0,190.2689,0.5151,2.2643,573.0,57.3364,0.29,0.4496,1260,1566,615,858,167.0345
12,323.2388,1,449.4008,660.6774,15489.0,3235.0,172.1996,0.7932,1.5422,565.0,33.3859,0.5923,0.744,342,648,615,858,167.0345
12,323.2388,2,763.2613,667.9737,14432.0,2224.0,170.7626,0.7651,1.8938,600.0,26.6403,0.6116,0.759,648,958,615,858,167.0345
12,323.2388,3,1183.4232,652.0808,6905.0,669.0,105.8594,0.9142,1.3431,599.0,33.5576,0.6059,0.7546,958,1260,615,858,167.0345
12,323.2388,4,1364.0952,655.8239,11735.0,2714.0,148.9481,0.7847,1.8626,575.0,53.1296,0.2722,0.428,1260,1566,615,858,167.0345
12,323.6393,1,433.6509,662.5534,15711.0,3395.0,172.4301,0.8981,1.4957,558.0,37.2863,0.5478,0.7079,342,648,615,858,167.0345
12,323.6393,2,758.3288,657.7419,14318.0,3380.0,177.8403,0.8413,1.8997,570.0,21.9943,0.7016,0.8246,648,958,615,858,167.0345
12,323.6393,3,1164.3968,666.4615,8567.0,697.0,121.8375,0.9966,1.4877,599.0,45.429,0.4225,0.594,958,1260,615,858,167.0345
12,323.6393,4,1341.1219,665.2588,9234.0,1533.0,139.8818,0.8978,1.9954,580.0,36.9395,0.4454,0.6163,1260,1566,615,858,167.0345
12,324.0399,1,420.2633,659.512,14927.0,3144.0,165.8554,0.7346,1.7532,593.0,29.5133,0.6344,0.7763,342,648,615,858,167.0345
12,324.0399,2,757.061,649.3851,14808.0,4266.0,161.9004,0.8453,1.659,563.0,27.0571,0.6618,0.7965,648,958,615,858,167.0345
12,324.0399,3,1143.1391,657.9006,8773.0,798.0,122.8217,0.7107,1.5226,598.0,49.2444,0.4506,0.6212,958,1260,615,858,167.0345
12,324.0399,4,1331.8583,671.353,8610.0,1202.0,138.328,0.9059,2.1402,586.0,24.522,0.6135,0.7605,1260,1566,615,858,167.0345
12,324.4404,1,419.2112,664.4495,15721.0,3289.0,163.9049,0.9436,1.4395,569.0,34.9563,0.5813,0.7352,342,648,615,858,167.0345
12,324.4404,2,743.0386,653.6046,16087.0,4423.0,158.9418,0.9169,1.3717,570.0,38.7856,0.4896,0.6574,648,958,615,858,167.0345
12,324.4404,3,1117.9887,665.6718,9848.0,658.0,134.8862,0.8045,1.5662,599.0,53.4873,0.4111,0.5827,958,1260,615,858,167.0345
12,324.4404,4,1332.2147,654.4354,6992.0,1288.0,119.6476,0.9912,1.8471,589.0,34.4638,0.5269,0.6902,1260,1566,615,858,167.0345
12,324.841,1,436.3467,631.978,13468.0,4538.0,172.6095,0.4674,2.0684,581.0,42.4987,0.4533,0.6239,342,648,615,858,167.0345
12,324.841,2,741.9712,668.162,12772.0,2497.0,167.4129,0.8306,2.2818,580.0,36.1614,0.5662,0.723,648,958,615,858,167.0345
12,324.841,3,1097.8842,669.3124,11093.0,912.0,154.0123,0.6842,1.8698,600.0,42.8466,0.5145,0.6794,958,1260,615,858,167.0345
12,324.841,4,1343.6545,647.3177,7775.0,1173.0,113.5933,0.7289,1.4664,592.0,33.1608,0.4733,0.6425,1260,1566,615,858,167.0345
12,325.2415,1,490.416,622.0019,13410.0,5542.0,227.9159,0.1746,3.3564,581.0,46.1436,0.3839,0.5548,342,648,615,858,167.0345
12,325.2415,2,734.163,675.6968,10505.0,1649.0,159.991,0.8894,2.3382,592.0,29.7284,0.5348,0.6969,648,958,615,858,167.0345
12,325.2415,3,1071.6077,660.2296,10612.0,1385.0,152.5125,0.6767,1.9359,591.0,48.9586,0.4584,0.6286,958,1260,615,858,167.0345
12,325.2415,4,1369.7263,649.0203,8569.0,1546.0,121.3208,0.9383,1.4305,589.0,41.4264,0.4085,0.58,1260,1566,615,858,167.0345
12,325.6421,1,520.4218,630.2756,12818.0,4451.0,201.333,0.2735,3.1005,578.0,41.2568,0.4191,0.5907,342,648,615,858,167.0345
12,325.6421,2,734.6363,663.0083,9165.0,1802.0,139.0374,0.9653,1.9576,582.0,37.2893,0.5367,0.6985,648,958,615,858,167.0345
12,325.6421,3,1054.6043,667.2559,11108.0,1356.0,157.2555,0.7142,2.0365,593.0,49.5388,0.4563,0.6267,958,1260,615,858,167.0345
12,325.6421,4,1391.1827,666.3393,9744.0,1442.0,123.0226,0.8956,1.5349,599.0,42.387,0.389,0.5601,1260,1566,615,858,167.0345
12,326.0426,1,531.1172,640.2526,13272.0,3478.0,205.6337,0.3984,3.1024,594.0,36.5893,0.4909,0.6586,342,648,615,858,167.0345
12,326.0426,2,741.1086,660.9232,10087.0,1817.0,135.2756,0.9324,1.6328,582.0,37.2785,0.4621,0.6321,648,958,615,858,167.0345
12,326.0426,3,1041.1678,666.9943,11482.0,1831.0,164.3447,0.7591,2.1899,586.0,36.7384,0.5801,0.7342,958,1260,615,858,167.0345
12,326.0426,4,1425.1109,670.4021,11169.0,915.0,168.8762,0.6921,2.1664,599.0,46.3198,0.3526,0.5214,1260,1566,615,858,167.0345
12,326.4432,1,523.1141,665.8274,12576.0,1470.0,208.9447,0.4925,3.2212,594.0,29.9245,0.5485,0.7084,342,648,615,858,167.0345
12,326.4432,2,759.0426,683.3728,12084.0,1256.0,170.7534,0.92,2.1101,585.0,48.7397,0.3267,0.4925,648,958,615,858,167.0345
12,326.4432,3,1027.202,655.1382,10133.0,2210.0,142.5866,0.8299,1.8157,579.0,35.0334,0.5907,0.7427,958,1260,615,858,167.0345
12,326.4432,4,1462.0544,661.2131,11594.0,1589.0,169.7409,0.6736,2.1475,590.0,53.1439,0.3512,0.5199,1260,1566,615,858,167.0345
12,326.8437,1,527.7186,662.0319,11538.0,2513.0,168.5664,0.6221,2.6612,593.0,32.1195,0.4969,0.6639,342,648,615,858,167.0345
12,326.8437,2,778.7491,694.096,11620.0,831.0,157.5723,0.979,2.0115,592.0,42.3719,0.4257,0.5972,648,958,615,858,167.0345
12,326.8437,3,1013.8562,650.8681,9085.0,2240.0,134.2562,0.9368,1.7849,576.0,40.9781,0.559,0.7171,958,1260,615,858,167.0345
12,326.8437,4,1479.5433,667.8939,11952.0,1449.0,165.4187,0.704,2.1091,590.0,46.372,0.4828,0.6512,1260,1566,615,858,167.0345
12,327.2442,1,542.8681,649.6172,9987.0,2807.0,173.1771,0.7162,2.8803,571.0,28.372,0.5588,0.7169,342,648,615,858,167.0345
12,327.2442,2,800.2233,680.9078,11556.0,1194.0,144.9347,0.9397,1.7109,588.0,38.5303,0.4754,0.6445,648,958,615,858,167.0345
12,327.2442,3,1018.545,663.7144,9832.0,1904.0,125.6234,0.9783,1.482,581.0,25.2667,0.688,0.8151,958,1260,615,858,167.0345
12,327.2442,4,1488.79,669.761,12131.0,1485.0,162.8202,0.769,2.0197,592.0,34.5523,0.6099,0.7577,1260,1566,615,858,167.0345
12,327.6448,1,567.2778,621.877,4600.0,1956.0,98.0449,0.8845,1.6395,579.0,40.9626,0.3954,0.5667,342,648,615,858,167.0345
12,327.6448,2,820.7507,655.8074,9400.0,1285.0,130.3454,0.9322,1.5095,585.0,35.8407,0.5098,0.6753,648,958,615,858,167.0345
12,327.6448,3,1020.7876,653.7383,9834.0,2186.0,124.4913,0.9994,1.3288,571.0,27.4157,0.6993,0.823,958,1260,615,858,167.0345
12,327.6448,4,1496.8513,666.5336,11729.0,1563.0,155.2237,0.7791,1.855,588.0,27.8828,0.6699,0.8023,1260,1566,615,858,167.0345
12,328.0453,1,550.1396,627.7176,6562.0,2035.0,115.0154,0.5809,1.6256,580.0,37.8136,0.3994,0.5709,342,648,615,858,167.0345
12,328.0453,2,834.3972,661.2148,8107.0,932.0,115.5979,0.9993,1.4317,592.0,33.6584,0.5933,0.7447,648,958,615,858,167.0345
12,328.0453,3,1028.2398,644.8867,10334.0,2419.0,142.7613,0.7182,1.5602,568.0,39.0337,0.5117,0.677,958,1260,615,858,167.0345
12,328.0453,4,1501.8985,664.7839,11744.0,2040.0,154.682,0.8417,1.8552,580.0,24.2397,0.7585,0.8627,1260,1566,615,858,167.0345
12,328.4459,1,525.4046,630.1189,7863.0,2107.0,136.5933,0.3664,1.8873,586.0,46.6292,0.5045,0.6706,342,648,615,858,167.0345
12,328.4459,2,837.1435,670.0054,9660.0,1125.0,136.0306,0.9975,1.6783,587.0,23.3099,0.7072,0.8285,648,958,615,858,167.0345
12,328.4459,3,1051.569,652.099,8861.0,88.0,145.4767,0.1736,1.976,611.0,45.8232,0.3795,0.5502,958,1260,615,858,167.0345
12,328.4459,4,1500.1241,672.2859,11849.0,1511.0,154.9621,0.8135,1.8831,587.0,23.8165,0.7261,0.8414,1260,1566,615,858,167.0345
12,328.8464,1,506.3036,637.9875,9550.0,2132.0,152.0059,0.4133,1.9601,588.0,43.0336,0.5493,0.7091,342,648,615,858,167.0345
12,328.8464,2,834.9103,686.4627,10925.0,862.0,150.5433,1.0,1.8908,592.0,23.5509,0.7101,0.8305,648,958,615,858,167.0345
12,328.8464,3,1104.8982,645.8424,12475.0,2344.0,177.9064,0.2647,2.7743,603.0,52.3348,0.2859,0.4447,958,1260,615,858,167.0345
12,328.8464,4,1497.3534,672.0942,12409.0,1469.0,165.938,0.7429,2.005,589.0,21.9581,0.7272,0.842,1260,1566,615,858,167.0345
12,329.247,1,495.2871,647.2181,10351.0,1778.0,161.1529,0.4901,2.1434,587.0,40.2383,0.5679,0.7244,342,648,615,858,167.0345
12,329.247,2,831.9418,679.4562,11252.0,1279.0,156.4941,0.9469,1.9531,588.0,28.9282,0.6337,0.7758,648,958,615,858,167.0345
12,329.247,3,1136.1909,649.4669,12327.0,2379.0,175.626,0.4118,2.1943,578.0,41.4867,0.3899,0.561,958,1260,615,858,167.0345
12,329.247,4,1497.4116,666.0126,12798.0,1931.0,164.7531,0.9109,1.7394,578.0,29.6874,0.6354,0.7771,1260,1566,615,858,167.0345
12,329.6475,1,490.0682,662.2435,10681.0,1448.0,156.1772,0.6109,2.0757,590.0,30.8901,0.5829,0.7365,342,648,615,858,167.0345
12,329.6475,2,824.684,663.7091,10882.0,1694.0,161.6642,0.9002,2.0652,583.0,29.6304,0.6603,0.7954,648,958,615,858,167.0345
12,329.6475,3,1144.8791,657.1816,11870.0,2129.0,157.2755,0.4934,2.0516,581.0,32.4345,0.5476,0.7077,958,1260,615,858,167.0345
12,329.6475,4,1498.9169,655.5709,11905.0,2085.0,136.3941,0.9129,1.2083,572.0,39.9778,0.5551,0.7139,1260,1566,615,858,167.0345
12,330.048,1,471.6355,656.5046,11513.0,2367.0,166.9835,0.9297,1.9583,569.0,38.4864,0.5188,0.6832,342,648,615,858,167.0345
12,330.048,2,811.0147,657.8459,10527.0,1858.0,156.9931,0.8811,1.9843,583.0,32.7616,0.6399,0.7804,648,958,615,858,167.0345
12,330.048,3,1161.961,659.7243,11762.0,2222.0,145.5802,0.6763,1.6936,585.0,34.0865,0.4967,0.6638,958,1260,615,858,167.0345
12,330.048,4,1473.099,648.2067,11844.0,2360.0,173.0351,0.6332,2.0597,569.0,48.2327,0.4263,0.5978,1260,1566,615,858,167.0345
12,330.4486,1,465.3787,679.2051,11274.0,1212.0,141.4646,0.9986,1.6385,588.0,37.1989,0.5305,0.6932,342,648,615,858,167.0345
12,330.4486,2,801.0712,662.1174,10449.0,1734.0,149.5702,0.8513,1.8741,585.0,29.7053,0.6579,0.7937,648,958,615,858,167.0345
12,330.4486,3,1171.4582,667.0818,10499.0,1659.0,136.0652,0.7718,1.7332,591.0,28.4986,0.5702,0.7263,958,1260,615,858,167.0345
12,330.4486,4,1426.329,645.6899,13137.0,2979.0,192.8422,0.5388,2.2803,569.0,55.7048,0.2953,0.4559,1260,1566,615,858,167.0345
12,330.8491,1,464.7818,651.585,11982.0,2591.0,188.4175,0.635,2.5002,581.0,47.9429,0.4138,0.5854,342,648,615,858,167.0345
12,330.8491,2,794.6235,665.9397,10530.0,1570.0,143.1909,0.8929,1.7639,588.0,28.8446,0.67,0.8024,648,958,615,858,167.0345
12,330.8491,3,1180.4918,658.2909,8810.0,1417.0,121.8542,0.8695,1.5731,590.0,26.1407,0.6285,0.7719,958,1260,615,858,167.0345
12,330.8491,4,1402.1709,651.7348,13150.0,2460.0,186.7554,0.4011,2.6174,604.0,48.668,0.4313,0.6027,1260,1566,615,858,167.0345
12,331.2497,1,498.3878,648.7964,11742.0,2282.0,214.2012,0.4848,3.2699,581.0,59.0989,0.4158,0.5873,342,648,615,858,167.0345
12,331.2497,2,783.5087,664.4004,11089.0,1876.0,159.6322,0.9066,2.024,588.0,30.1959,0.6726,0.8043,648,958,615,858,167.0345
12,331.2497,3,1178.549,660.6715,7524.0,822.0,95.9344,0.983,1.1418,598.0,32.0038,0.5751,0.7303,958,1260,615,858,167.0345
12,331.2497,4,1377.6339,654.0375,12606.0,2921.0,167.4848,0.6758,2.0152,571.0,43.3237,0.4268,0.5983,1260,1566,615,858,167.0345
12,331.6502,1,529.1461,650.1184,12191.0,3028.0,197.8967,0.582,2.8573,572.0,52.9685,0.4255,0.597,342,648,615,858,167.0345
12,331.6502,2,773.9655,672.6087,10595.0,1411.0,150.9073,0.9378,1.8743,589.0,29.1563,0.6343,0.7762,648,958,615,858,167.0345
12,331.6502,3,1163.2256,655.9831,7920.0,745.0,104.4452,0.9098,1.2195,595.0,38.9021,0.4854,0.6536,958,1260,615,858,167.0345
12,331.6502,4,1358.3964,660.7558,10864.0,1998.0,154.452,0.8151,1.951,573.0,36.8746,0.4805,0.6491,1260,1566,615,858,167.0345
12,332.0508,1,544.4689,646.4221,10535.0,2943.0,162.6257,0.5397,2.4139,589.0,40.3485,0.5751,0.7303,342,648,615,858,167.0345
12,332.0508,2,768.1519,671.0928,10555.0,1602.0,146.3727,0.9464,1.8425,587.0,22.5349,0.7531,0.8592,648,958,615,858,167.0345
12,332.0508,3,1127.5771,651.8674,12865.0,2843.0,183.1701,0.7202,2.1491,583.0,59.0789,0.3547,0.5236,958,1260,615,858,167.0345
12,332.0508,4,1347.6932,667.5552,10417.0,1658.0,167.2498,0.8457,2.3691,578.0,34.1314,0.5581,0.7164,1260,1566,615,858,167.0345
12,332.4513,1,556.7909,648.4368,9744.0,2790.0,151.5569,0.5985,2.389,590.0,33.5635,0.5497,0.7094,342,648,615,858,167.0345
12,332.4513,2,765.2259,669.3223,10633.0,1582.0,153.0803,0.973,1.9324,585.0,25.6092,0.6927,0.8185,648,958,615,858,167.0345
12,332.4513,3,1108.1235,679.7478,11223.0,1034.0,158.6363,0.8918,2.1251,596.0,50.3382,0.3305,0.4968,958,1260,615,858,167.0345
12,332.4513,4,1341.6651,676.5081,9514.0,952.0,153.3417,0.8616,2.2619,585.0,25.3387,0.6249,0.7692,1260,1566,615,858,167.0345
12,332.8519,1,552.4579,668.1099,9763.0,1253.0,171.7736,0.613,2.7948,592.0,26.8282,0.5631,0.7205,342,648,615,858,167.0345
12,332.8519,2,756.1254,682.369,11427.0,1377.0,167.812,0.9793,2.203,586.0,26.5744,0.664,0.7981,648,958,615,858,167.0345
12,332.8519,3,1088.0462,671.0464,11880.0,1297.0,179.7163,0.7285,2.4175,591.0,45.2216,0.4842,0.6525,958,1260,615,858,167.0345
12,332.8519,4,1333.8185,671.5233,6773.0,938.0,115.4962,0.9916,2.0694,587.0,38.2747,0.4423,0.6134,1260,1566,615,858,167.0345
12,333.2524,1,542.2495,670.7487,10980.0,1021.0,185.2505,0.6563,2.8041,593.0,28.274,0.594,0.7453,342,648,615,858,167.0345
12,333.2524,2,751.2062,682.533,10827.0,1134.0,155.0499,0.9826,2.0222,591.0,27.9505,0.6556,0.7919,648,958,615,858,167.0345
12,333.2524,3,1067.2797,660.8537,11330.0,1623.0,170.5975,0.6437,2.2975,591.0,44.5525,0.5177,0.6822,958,1260,615,858,167.0345
12,333.2524,4,1340.5302,660.5164,10082.0,1448.0,140.257,0.8582,1.6494,591.0,36.8394,0.3915,0.5627,1260,1566,615,858,167.0345
12,333.6529,1,554.7735,649.11,10026.0,2331.0,167.097,0.6079,2.5771,573.0,34.1113,0.5446,0.7051,342,648,615,858,167.0345
12,333.6529,2,749.2367,683.8287,11142.0,1009.0,159.629,0.9867,2.0101,592.0,20.8838,0.7522,0.8586,648,958,615,858,167.0345
12,333.6529,3,1049.2964,668.0932,11617.0,1857.0,185.2659,0.781,2.6879,578.0,54.3525,0.4255,0.597,958,1260,615,858,167.0345
12,333.6529,4,1385.9116,662.7865,11487.0,2143.0,164.9571,0.9162,2.15,576.0,54.2124,0.1779,0.302,1260,1566,615,858,167.0345
12,334.0535,1,557.2523,620.9182,4705.0,1800.0,89.4295,0.9236,1.4382,576.0,41.6682,0.3136,0.4775,342,648,615,858,167.0345
12,334.0535,2,745.5107,677.0074,11334.0,1313.0,150.5906,0.9948,1.7849,592.0,30.1961,0.632,0.7745,648,958,615,858,167.0345
12,334.0535,3,1042.2964,679.0092,11550.0,1535.0,179.994,0.7499,2.714,590.0,39.7578,0.5363,0.6981,958,1260,615,858,167.0345
12,334.0535,4,1427.0021,664.8499,10900.0,791.0,182.2319,0.6406,2.5347,602.0,53.22,0.2798,0.4373,1260,1566,615,858,167.0345
12,334.454,1,557.6331,621.9866,4413.0,1645.0,84.6377,0.6702,1.2961,584.0,18.2074,0.6942,0.8195,342,648,615,858,167.0345
12,334.454,2,759.2444,666.445,10375.0,1228.0,150.1344,0.847,1.8644,592.0,35.5416,0.5874,0.7401,648,958,615,858,167.0345
12,334.454,3,1035.7128,674.5326,11662.0,1665.0,176.1202,0.7501,2.5721,590.0,26.1852,0.6864,0.8141,958,1260,615,858,167.0345
12,334.454,4,1463.57,657.6178,11341.0,1686.0,163.0419,0.7271,1.9756,582.0,58.6658,0.3806,0.5513,1260,1566,615,858,167.0345
12,334.8546,1,553.7484,639.408,6076.0,1746.0,97.6823,0.9613,1.4305,583.0,25.6492,0.6219,0.7669,342,648,615,858,167.0345
12,334.8546,2,778.7711,653.1979,10167.0,1917.0,151.5949,0.9042,1.8538,581.0,35.4366,0.5974,0.7479,648,958,615,858,167.0345
12,334.8546,3,1033.6201,678.2874,11522.0,1883.0,174.8443,0.8559,2.6128,587.0,31.2533,0.6311,0.7738,958,1260,615,858,167.0345
12,334.8546,4,1500.3389,652.611,9038.0,1597.0,117.3445,0.9636,1.2626,578.0,70.7852,0.3202,0.4851,1260,1566,615,858,167.0345
12,335.2551,1,542.0067,638.6263,6550.0,1545.0,99.233,0.9946,1.3118,583.0,34.5187,0.4931,0.6605,342,648,615,858,167.0345
12,335.2551,2,784.5072,677.2547,10795.0,1143.0,147.0556,0.9805,1.8233,592.0,35.8397,0.5495,0.7093,648,958,615,858,167.0345
12,335.2551,3,1028.3859,671.8797,9784.0,1365.0,153.8965,0.9055,2.2024,592.0,30.4269,0.6767,0.8072,958,1260,615,858,167.0345
12,335.2551,4,1500.0263,637.7571,9988.0,2530.0,163.0263,0.6097,2.0731,569.0,48.1355,0.4551,0.6256,1260,1566,615,858,167.0345
12,335.6557,1,532.0137,665.5249,8754.0,1180.0,115.068,0.9833,1.4713,588.0,39.0338,0.4563,0.6266,342,648,615,858,167.0345
12,335.6557,2,793.8408,685.2436,10798.0,712.0,161.3911,0.9563,2.0756,597.0,34.1599,0.6064,0.755,648,958,615,858,167.0345
12,335.6557,3,1023.2734,643.9602,8552.0,1722.0,142.2964,0.6441,1.8439,594.0,48.7965,0.3838,0.5548,958,1260,615,858,167.0345
12,335.6557,4,1442.9015,645.2445,13062.0,3199.0,203.4711,0.5262,2.4376,570.0,63.4962,0.1985,0.3312,1260,1566,615,858,167.0345
12,336.0562,1,516.9413,673.4196,11091.0,1262.0,148.4799,0.9407,1.7936,586.0,37.8413,0.487,0.655,342,648,615,858,167.0345
12,336.0562,2,807.1727,687.1511,11746.0,914.0,166.8546,0.9064,2.1329,595.0,35.6081,0.5698,0.726,648,958,615,858,167.0345
12,336.0562,3,1074.4268,641.4333,9486.0,1403.0,165.579,0.3488,2.3488,597.0,58.7721,0.3,0.4616,958,1260,615,858,167.0345
12,336.0562,4,1404.4685,647.7208,13536.0,3290.0,193.1734,0.5083,2.3219,569.0,60.6169,0.3195,0.4842,1260,1566,615,858,167.0345
12,336.4567,1,493.9584,664.4086,12682.0,2675.0,178.3252,0.8194,2.324,573.0,44.0913,0.4587,0.6289,342,648,615,858,167.0345
12,336.4567,2,823.2932,678.1308,12244.0,1560.0,173.7472,0.8711,2.2065,588.0,41.1718,0.5504,0.71,648,958,615,858,167.0345
12,336.4567,3,1113.9013,650.8751,10595.0,1572.0,165.6897,0.4993,2.2184,593.0,56.101,0.3229,0.4882,958,1260,615,858,167.0345
12,336.4567,4,1377.4654,655.6939,12732.0,2768.0,163.3649,0.6513,1.9588,572.0,50.8519,0.3596,0.529,1260,1566,615,858,167.0345
12,336.8573,1,469.0029,659.4628,12873.0,2686.0,200.5394,0.6499,2.8308,576.0,53.557,0.3978,0.5692,342,648,615,858,167.0345
12,336.8573,2,837.6729,667.3315,11791.0,1852.0,172.0696,0.843,2.2205,584.0,41.1014,0.563,0.7204,648,958,615,858,167.0345
12,336.8573,3,1138.6139,655.3394,11424.0,1685.0,166.8006,0.5189,2.1896,588.0,47.1791,0.4598,0.6299,958,1260,615,858,167.0345
12,336.8573,4,1352.7818,661.0043,10416.0,1912.0,154.4256,0.8224,2.0532,575.0,41.527,0.416,0.5876,1260,1566,615,858,167.0345
12,337.2578,1,440.3756,656.7556,12837.0,2941.0,192.7835,0.6239,2.6404,576.0,47.3376,0.4605,0.6306,342,648,615,858,167.0345
12,337.2578,2,847.795,670.5349,11534.0,1788.0,168.7132,0.8788,2.1624,581.0,34.4504,0.612,0.7593,648,958,615,858,167.0345
12,337.2578,3,1151.4068,667.9701,11872.0,1285.0,159.7212,0.6336,2.0261,595.0,40.8884,0.4884,0.6562,958,1260,615,858,167.0345
12,337.2578,4,1339.5355,669.7329,8990.0,1346.0,142.3855,0.8739,2.1369,581.0,32.3236,0.5297,0.6926,1260,1566,615,858,167.0345
12,337.6584,1,430.8051,653.2979,12817.0,3394.0,181.5797,0.7436,2.372,568.0,36.6971,0.5854,0.7385,342,648,615,858,167.0345
12,337.6584,2,858.3687,677.4376,11309.0,1394.0,168.8848,0.8667,2.2639,591.0,35.1197,0.5766,0.7314,648,958,615,858,167.0345
12,337.6584,3,1166.9137,665.1839,11283.0,1590.0,157.3755,0.7088,2.0812,587.0,31.9868,0.5998,0.7498,958,1260,615,858,167.0345
12,337.6584,4,1331.7982,654.9615,6333.0,1131.0,121.2784,0.9916,2.1659,584.0,32.5944,0.4939,0.6612,1260,1566,615,858,167.0345
12,338.0589,1,424.9608,652.5725,12647.0,3197.0,175.2971,0.6713,2.2698,574.0,26.5245,0.7007,0.824,342,648,615,858,167.0345
12,338.0589,2,867.7472,676.8164,11037.0,1581.0,171.206,0.9119,2.4041,585.0,28.8042,0.6426,0.7824,648,958,615,858,167.0345
12,338.0589,3,1174.4299,656.1441,10821.0,2052.0,148.6729,0.7632,1.8261,580.0,28.4932,0.6813,0.8104,958,1260,615,858,167.0345
12,338.0589,4,1331.8404,656.3337,7078.0,1203.0,115.3794,0.9854,1.6605,589.0,27.253,0.5429,0.7038,1260,1566,615,858,167.0345
12,338.4595,1,434.8736,650.4581,13494.0,3680.0,178.3436,0.7196,2.0744,573.0,23.3847,0.7147,0.8336,342,648,615,858,167.0345
12,338.4595,2,869.0157,678.3594,11193.0,1663.0,165.1939,0.9199,2.2922,582.0,26.2335,0.6571,0.7931,648,958,615,858,167.0345
12,338.4595,3,1175.4902,660.681,10936.0,2190.0,133.8408,0.8899,1.4782,579.0,30.0749,0.6509,0.7885,958,1260,615,858,167.0345
12,338.4595,4,1350.6665,654.0099,7268.0,1161.0,113.922,0.9984,1.5748,590.0,34.6863,0.4037,0.5752,1260,1566,615,858,167.0345
12,338.86,1,440.0186,659.4938,12505.0,1323.0,194.5874,0.422,2.5895,583.0,35.5779,0.5083,0.674,342,648,615,858,167.0345
12,338.86,2,873.2081,668.076,10568.0,1827.0,160.2254,0.8636,2.2056,585.0,23.3521,0.6822,0.8111,648,958,615,858,167.0345
12,338.86,3,1166.2294,662.8903,12195.0,2118.0,144.516,0.7717,1.5083,581.0,29.4955,0.6342,0.7762,958,1260,615,858,167.0345
12,338.86,4,1362.5471,662.182,8770.0,1125.0,128.5606,0.9805,1.6234,592.0,32.3136,0.5014,0.6679,1260,1566,615,858,167.0345
12,339.2606,1,436.8851,645.7206,12808.0,3298.0,187.6729,0.6278,2.4433,563.0,29.149,0.5929,0.7444,342,648,615,858,167.0345
12,339.2606,2,874.051,671.1459,10566.0,1584.0,164.9976,0.8706,2.3889,586.0,23.4009,0.7227,0.839,648,958,615,858,167.0345
12,339.2606,3,1163.7034,662.9736,12257.0,1854.0,158.8047,0.5493,2.1094,610.0,26.4513,0.6846,0.8128,958,1260,615,858,167.0345
12,339.2606,4,1380.1583,658.3146,9855.0,1610.0,130.3599,0.8548,1.6289,597.0,34.4635,0.5083,0.674,1260,1566,615,858,167.0345
12,339.6611,1,433.5249,657.7223,11687.0,2318.0,171.4394,0.6322,2.4197,582.0,32.14,0.5662,0.723,342,648,615,858,167.0345
12,339.6611,2,874.8027,681.9831,10871.0,1314.0,171.9873,0.9004,2.5579,589.0,25.9191,0.6681,0.801,648,958,615,858,167.0345
12,339.6611,3,1162.7972,665.1226,11795.0,1703.0,164.9765,0.5617,2.2183,588.0,25.981,0.6775,0.8077,958,1260,615,858,167.0345
12,339.6611,4,1406.3265,660.8086,10919.0,1264.0,160.7954,0.7004,2.01,597.0,45.1023,0.4223,0.5938,1260,1566,615,858,167.0345
12,340.0616,1,427.3671,655.0527,10316.0,1951.0,171.9312,0.7089,2.5155,584.0,22.7721,0.6938,0.8193,342,648,615,858,167.0345
12,340.0616,2,872.6976,677.708,11078.0,1559.0,175.6435,0.8584,2.6001,586.0,23.0062,0.6923,0.8182,648,958,615,858,167.0345
12,340.0616,3,1175.8127,657.0936,9478.0,1423.0,109.0364,0.384,1.2223,588.0,39.2982,0.4877,0.6557,958,1260,615,858,167.0345
12,340.0616,4,1438.4598,663.1273,11369.0,1350.0,172.0693,0.6684,2.278,594.0,53.1405,0.3637,0.5334,1260,1566,615,858,167.0345
12,340.4622,1,419.9623,657.2158,10570.0,2833.0,142.1782,0.9511,1.9169,570.0,40.8996,0.4547,0.6251,342,648,615,858,167.0345
12,340.4622,2,874.6662,675.5002,11146.0,2025.0,182.8628,0.9275,2.7256,579.0,28.2247,0.672,0.8038,648,958,615,858,167.0345
12,340.4622,3,1181.9858,649.5774,8476.0,1793.0,127.1446,0.9858,1.6879,576.0,33.5119,0.4685,0.6381,958,1260,615,858,167.0345
12,340.4622,4,1470.0832,666.7451,11562.0,1338.0,164.8953,0.7498,2.073,594.0,54.4634,0.363,0.5326,1260,1566,615,858,167.0345
12,340.8627,1,423.8792,646.2895,10567.0,2690.0,156.9665,0.6254,2.0949,580.0,42.0837,0.3747,0.5451,342,648,615,858,167.0345
12,340.8627,2,877.094,681.3956,10397.0,1365.0,177.5988,0.8972,2.7526,588.0,23.9096,0.6652,0.799,648,958,615,858,167.0345
12,340.8627,3,1176.5904,671.2761,8515.0,558.0,114.315,0.9998,1.4053,601.0,31.1275,0.5719,0.7277,958,1260,615,858,167.0345
12,340.8627,4,1488.1628,675.0655,11632.0,1089.0,161.1685,0.7903,2.0601,596.0,44.5198,0.471,0.6404,1260,1566,615,858,167.0345
12,341.2633,1,467.2592,634.82,10540.0,3082.0,183.4586,0.4893,2.5821,581.0,52.3895,0.3602,0.5296,342,648,615,858,167.0345
12,341.2633,2,882.8891,679.1398,11888.0,1891.0,175.6088,0.962,2.3456,583.0,25.1234,0.6663,0.7997,648,958,615,858,167.0345
12,341.2633,3,1170.2941,678.3208,9568.0,784.0,125.7689,0.9953,1.5717,598.0,26.0916,0.6249,0.7691,958,1260,615,858,167.0345
12,341.2633,4,1503.9181,674.5559,11536.0,1423.0,165.3635,0.8109,2.1788,593.0,34.1584,0.5693,0.7256,1260,1566,615,858,167.0345
12,341.6638,1,501.4376,641.566,11430.0,3012.0,189.9584,0.5093,2.7272,576.0,62.6849,0.3619,0.5315,342,648,615,858,167.0345
12,341.6638,2,884.4552,671.6051,9610.0,1257.0,168.9522,0.9398,2.4533,590.0,23.0284,0.691,0.8173,648,958,615,858,167.0345
12,341.6638,3,1165.5421,669.0841,8664.0,650.0,132.3882,0.9797,1.7032,598.0,28.9869,0.6156,0.7621,958,1260,615,858,167.0345
12,341.6638,4,1505.8672,674.0625,11401.0,1512.0,177.7427,0.8949,2.3584,588.0,25.9233,0.6715,0.8035,1260,1566,615,858,167.0345
12,342.0644,1,522.7399,646.9661,12313.0,3160.0,190.84,0.5181,2.5749,577.0,46.4201,0.5071,0.673,342,648,615,858,167.0345
12,342.0644,2,880.8624,684.5029,11282.0,1781.0,183.8806,0.9467,2.9582,583.0,20.687,0.7177,0.8356,648,958,615,858,167.0345
12,342.0644,3,1155.0099,668.6548,9508.0,810.0,158.2017,0.8304,2.1246,596.0,40.3678,0.5907,0.7427,958,1260,615,858,167.0345
12,342.0644,4,1511.2951,668.809,11500.0,1633.0,149.9445,0.9816,1.6656,582.0,35.7136,0.5833,0.7368,1260,1566,615,858,167.0345
12,342.4649,1,531.4662,645.2392,12239.0,3463.0,179.0721,0.5835,2.3459,574.0,34.1155,0.6507,0.7884,342,648,615,858,167.0345
12,342.4649,2,880.5102,678.1233,9892.0,1461.0,171.2816,0.8847,2.7397,589.0,26.9636,0.623,0.7677,648,958,615,858,167.0345
12,342.4649,3,1130.0753,662.191,9549.0,735.0,141.0114,0.666,1.7989,599.0,51.43,0.4289,0.6003,958,1260,615,858,167.0345
12,342.4649,4,1505.5775,663.5515,11393.0,1641.0,138.8536,0.955,1.4008,579.0,31.9166,0.6624,0.7969,1260,1566,615,858,167.0345
12,342.8654,1,544.3753,648.4102,12245.0,3318.0,179.5431,0.6219,2.3536,575.0,32.748,0.6225,0.7674,342,648,615,858,167.0345
12,342.8654,2,870.7291,674.0939,10587.0,1579.0,166.4606,0.8442,2.5153,589.0,35.7059,0.5144,0.6793,648,958,615,858,167.0345
12,342.8654,3,1106.6539,661.2866,10560.0,1038.0,151.679,0.6859,1.8813,596.0,49.8329,0.4823,0.6508,958,1260,615,858,167.0345
12,342.8654,4,1496.2955,666.6158,12151.0,1458.0,133.465,0.6195,1.4402,609.0,28.9796,0.661,0.7959,1260,1566,615,858,167.0345
12,343.266,1,543.488,660.8446,11313.0,1761.0,188.3706,0.6143,2.7929,578.0,21.5323,0.6927,0.8185,342,648,615,858,167.0345
12,343.266,2,861.9108,679.1032,11639.0,1423.0,172.4431,0.8686,2.2187,584.0,27.8678,0.6225,0.7673,648,958,615,858,167.0345
12,343.266,3,1091.4056,668.4217,11247.0,1126.0,158.7913,0.6549,2.0386,600.0,40.335,0.548,0.708,958,1260,615,858,167.0345
12,343.266,4,1482.2702,667.7965,13722.0,1616.0,154.7354,0.8641,1.3377,578.0,38.9534,0.5718,0.7276,1260,1566,615,858,167.0345
12,343.6665,1,537.9059,668.089,11440.0,1512.0,182.8913,0.6336,2.772,592.0,23.638,0.6802,0.8097,342,648,615,858,167.0345
12,343.6665,2,860.7311,681.9855,11687.0,1403.0,173.2605,0.9535,2.2214,587.0,26.6539,0.6562,0.7924,648,958,615,858,167.0345
12,343.6665,3,1078.7229,662.5187,11171.0,1180.0,162.3529,0.6417,2.0613,596.0,34.4808,0.633,0.7753,958,1260,615,858,167.0345
12,343.6665,4,1467.9758,675.178,14042.0,1514.0,156.7974,0.9976,1.4908,577.0,34.9321,0.6073,0.7557,1260,1566,615,858,167.0345
12,344.0671,1,530.2766,677.7005,11608.0,1205.0,183.3909,0.7027,2.7958,595.0,23.9989,0.6553,0.7917,342,648,615,858,167.0345
12,344.0671,2,862.8115,658.8021,9387.0,1433.0,160.1352,0.8754,2.2527,585.0,24.4428,0.7097,0.8302,648,958,615,858,167.0345
12,344.0671,3,1067.1844,663.3172,10845.0,1284.0,157.0016,0.6828,1.9941,593.0,35.7909,0.6076,0.7559,958,1260,615,858,167.0345
12,344.0671,4,1447.5217,655.0475,13502.0,2426.0,180.9167,0.5126,2.3766,601.0,43.074,0.4057,0.5772,1260,1566,615,858,167.0345
12,344.4676,1,543.3389,649.2379,12362.0,3790.0,197.7959,0.8017,2.7443,562.0,36.0089,0.488,0.6559,342,648,615,858,167.0345
12,344.4676,2,863.7082,658.2168,9923.0,1861.0,152.9479,0.9288,1.9949,579.0,21.3043,0.7615,0.8646,648,958,615,858,167.0345
12,344.4676,3,1058.6309,662.8957,11036.0,1441.0,158.1251,0.6666,2.0315,594.0,27.9128,0.7182,0.836,958,1260,615,858,167.0345
12,344.4676,4,1412.7575,646.3161,13458.0,3158.0,184.7887,0.5848,2.1267,568.0,46.1903,0.4542,0.6247,1260,1566,615,858,167.0345
12,344.8682,1,551.4156,648.241,7787.0,2057.0,128.7621,0.8097,2.2257,579.0,39.5054,0.4117,0.5833,342,648,615,858,167.0345
12,344.8682,2,858.1583,678.3025,10873.0,1216.0,156.6498,0.955,2.0409,588.0,24.4663,0.6887,0.8156,648,958,615,858,167.0345
12,344.8682,3,1045.483,659.3484,10968.0,1824.0,160.3697,0.7131,2.1088,586.0,35.5009,0.6061,0.7548,958,1260,615,858,167.0345
12,344.8682,4,1387.7496,650.0932,13317.0,3234.0,177.1017,0.6157,2.0782,569.0,43.8176,0.4477,0.6185,1260,1566,615,858,167.0345
12,345.2687,1,567.2128,623.9519,4515.0,1814.0,101.2197,0.9613,1.7041,578.0,31.8891,0.4564,0.6267,342,648,615,858,167.0345
12,345.2687,2,853.4535,687.4022,10731.0,657.0,163.5505,0.9288,2.1696,594.0,26.1728,0.6598,0.795,648,958,615,858,167.0345
12,345.2687,3,1037.6254,664.4284,11402.0,1910.0,161.5847,0.7488,2.0933,586.0,30.5344,0.6493,0.7874,958,1260,615,858,167.0345
12,345.2687,4,1367.3074,656.3092,11969.0,2595.0,165.2459,0.7116,2.0567,575.0,43.3018,0.4549,0.6253,1260,1566,615,858,167.0345
12,345.6693,1,544.7097,624.2862,6821.0,2554.0,109.8937,0.5279,1.4456,581.0,44.5716,0.42,0.5916,342,648,615,858,167.0345
12,345.6693,2,848.362,684.0803,10902.0,964.0,162.0962,0.9405,2.1732,596.0,25.185,0.7228,0.8391,648,958,615,858,167.0345
12,345.6693,3,1025.8245,656.1659,10206.0,2123.0,153.0534,0.8003,2.1029,580.0,34.0959,0.6276,0.7712,958,1260,615,858,167.0345
12,345.6693,4,1348.4071,661.4969,10602.0,2078.0,161.5267,0.8394,2.2056,576.0,41.7044,0.4823,0.6507,1260,1566,615,858,167.0345
12,346.0698,1,509.2171,634.9339,8739.0,2376.0,141.1347,0.4669,1.8855,583.0,57.4975,0.34,0.5075,342,648,615,858,167.0345
12,346.0698,2,843.6588,678.9664,10752.0,1081.0,152.3346,0.9368,1.9471,593.0,25.1845,0.7202,0.8374,648,958,615,858,167.0345
12,346.0698,3,1021.6313,661.0055,10334.0,2121.0,140.6087,0.9039,1.8207,580.0,30.6726,0.649,0.7871,958,1260,615,858,167.0345
12,346.0698,4,1339.9297,670.5592,8904.0,1376.0,150.0662,0.9057,2.3444,580.0,34.2396,0.5324,0.6949,1260,1566,615,858,167.0345
12,346.4703,1,488.4768,644.6946,11017.0,2575.0,153.1467,0.5342,1.8825,582.0,48.9876,0.4428,0.6138,342,648,615,858,167.0345
12,346.4703,2,837.5474,678.5538,12348.0,1833.0,167.0212,0.9488,2.0434,579.0,30.5689,0.6351,0.7768,648,958,615,858,167.0345
12,346.4703,3,1016.5134,666.1037,9494.0,1860.0,128.4351,0.9573,1.6906,583.0,31.1031,0.5994,0.7495,958,1260,615,858,167.0345
12,346.4703,4,1331.4201,671.6735,8340.0,1286.0,148.7371,0.927,2.5098,583.0,26.6962,0.6032,0.7525,1260,1566,615,858,167.0345
12,346.8709,1,460.2221,644.5297,9920.0,2015.0,148.1462,0.6287,1.8789,584.0,43.0484,0.49,0.6577,342,648,615,858,167.0345
12,346.8709,2,834.1187,693.0576,11395.0,789.0,163.2791,0.9874,2.1187,596.0,28.2671,0.6698,0.8023,648,958,615,858,167.0345
12,346.8709,3,1016.1094,664.8568,10688.0,2130.0,139.3976,0.975,1.6676,576.0,23.9015,0.6846,0.8128,958,1260,615,858,167.0345
12,346.8709,4,1335.4493,664.014,7735.0,1249.0,139.3969,0.9585,2.2679,590.0,30.0784,0.6064,0.755,1260,1566,615,858,167.0345
12,347.2714,1,448.0792,645.8029,9243.0,1838.0,151.4437,0.6653,2.036,587.0,33.0523,0.6593,0.7947,342,648,615,858,167.0345
12,347.2714,2,832.8226,687.3695,10281.0,730.0,146.209,0.9961,1.894,596.0,31.8039,0.6002,0.7501,648,958,615,858,167.0345
12,347.2714,3,1010.9831,652.2683,9774.0,2187.0,134.2613,0.9701,1.5278,571.0,31.8573,0.6035,0.7527,958,1260,615,858,167.0345
12,347.2714,4,1343.681,654.1771,7670.0,1040.0,121.195,0.917,1.6037,592.0,36.5838,0.4858,0.6539,1260,1566,615,858,167.0345
12,347.672,1,443.031,652.7189,10436.0,2364.0,158.767,0.8965,2.0111,576.0,31.669,0.6341,0.7761,342,648,615,858,167.0345
12,347.672,2,821.6578,672.1185,11227.0,1630.0,152.0735,0.9312,1.8766,587.0,36.2255,0.5634,0.7208,648,958,615,858,167.0345
12,347.672,3,1013.3344,639.6137,8583.0,2020.0,139.4669,0.7553,1.6766,571.0,32.7757,0.6301,0.7731,958,1260,615,858,167.0345
12,347.672,4,1368.1279,650.807,8517.0,1113.0,123.2528,0.7196,1.499,596.0,37.9501,0.4744,0.6435,1260,1566,615,858,167.0345
12,348.0725,1,440.769,685.8893,11102.0,933.0,142.9403,0.9845,1.7479,591.0,32.409,0.5441,0.7047,342,648,615,858,167.0345
12,348.0725,2,807.555,670.6347,11500.0,1747.0,164.1506,0.8796,2.017,588.0,39.7825,0.5428,0.7037,648,958,615,858,167.0345
12,348.0725,3,1025.6377,648.2197,11166.0,2297.0,120.4471,0.1084,1.3562,604.0,38.3168,0.5602,0.7181,958,1260,615,858,167.0345
12,348.0725,4,1386.001,659.1414,10158.0,1654.0,123.5351,0.8391,1.4555,594.0,39.107,0.4442,0.6152,1260,1566,615,858,167.0345
12,348.4731,1,438.6748,675.7469,12353.0,1953.0,162.1796,0.8439,1.9775,588.0,37.8805,0.4804,0.649,342,648,615,858,167.0345
12,348.4731,2,789.8903,674.0258,12182.0,1991.0,170.1956,0.8573,2.1915,585.0,43.1736,0.5029,0.6692,648,958,615,858,167.0345
12,348.4731,3,1049.489,654.3745,11598.0,2030.0,144.2242,0.6319,1.5315,574.0,40.0584,0.4633,0.6332,958,1260,615,858,167.0345
12,348.4731,4,1403.7934,673.7539,9614.0,476.0,129.8138,0.7922,1.6382,603.0,38.1913,0.4483,0.6191,1260,1566,615,858,167.0345
12,348.8736,1,475.4971,646.3375,12658.0,2981.0,212.4822,0.5186,2.941,580.0,48.8806,0.402,0.5734,342,648,615,858,167.0345
12,348.8736,2,774.6043,672.7754,11623.0,1768.0,154.7194,0.8778,1.9475,589.0,40.7093,0.5453,0.7057,648,958,615,858,167.0345
12,348.8736,3,1081.8358,650.849,11278.0,1817.0,142.0836,0.2513,1.8673,615.0,47.8661,0.3472,0.5155,958,1260,615,858,167.0345
12,348.8736,4,1425.6378,677.9914,11705.0,786.0,177.9011,0.8088,2.2684,599.0,41.185,0.4259,0.5974,1260,1566,615,858,167.0345
12,349.2741,1,514.6169,641.5186,12098.0,3206.0,195.6089,0.4889,2.6755,573.0,54.1254,0.4216,0.5931,342,648,615,858,167.0345
12,349.2741,2,763.2149,663.3301,10826.0,1728.0,148.9982,0.9075,1.8299,586.0,27.7418,0.6599,0.7951,648,958,615,858,167.0345
12,349.2741,3,1121.0349,659.9404,13430.0,1898.0,153.048,0.4045,1.7701,615.0,48.9169,0.3319,0.4984,958,1260,615,858,167.0345
12,349.2741,4,1458.3708,661.5971,11894.0,1279.0,173.5566,0.6356,2.1489,596.0,47.8276,0.4616,0.6316,1260,1566,615,858,167.0345
12,349.6747,1,533.4073,636.1474,11299.0,3721.0,174.9601,0.5471,2.4176,567.0,40.356,0.5875,0.7402,342,648,615,858,167.0345
12,349.6747,2,757.4462,673.4412,11590.0,1802.0,157.4506,0.9696,1.8935,585.0,23.4143,0.711,0.8311,648,958,615,858,167.0345
12,349.6747,3,1137.3461,663.4721,13905.0,1795.0,172.6047,0.4005,2.1119,610.0,37.5179,0.534,0.6963,958,1260,615,858,167.0345
12,349.6747,4,1480.504,662.1659,11692.0,1478.0,161.4632,0.6482,2.0011,592.0,47.1335,0.5085,0.6742,1260,1566,615,858,167.0345
12,350.0752,1,548.1505,641.1817,11585.0,3374.0,176.8544,0.5416,2.4226,570.0,38.8627,0.5829,0.7365,342,648,615,858,167.0345
12,350.0752,2,754.5282,662.9469,10042.0,1547.0,152.1527,0.9942,1.9008,588.0,24.3376,0.7462,0.8547,648,958,615,858,167.0345
12,350.0752,3,1153.7897,660.0887,13094.0,2006.0,155.8895,0.4197,1.7139,595.0,29.2367,0.592,0.7437,958,1260,615,858,167.0345
12,350.0752,4,1487.5406,671.5936,12614.0,1467.0,167.4105,0.7254,2.0765,593.0,33.8202,0.5976,0.7481,1260,1566,615,858,167.0345
12,350.4758,1,539.2743,658.289,11309.0,1538.0,188.7214,0.4928,3.0107,594.0,29.5445,0.5721,0.7278,342,648,615,858,167.0345
12,350.4758,2,751.143,659.1238,10072.0,1855.0,145.7081,0.9242,1.8943,587.0,35.0307,0.6258,0.7698,648,958,615,858,167.0345
12,350.4758,3,1163.3724,658.3471,12804.0,2525.0,155.1312,0.656,1.7926,580.0,27.0856,0.6224,0.7672,958,1260,615,858,167.0345
12,350.4758,4,1494.2852,669.2171,12421.0,1707.0,165.6974,0.7504,2.0824,590.0,25.7995,0.7158,0.8344,1260,1566,615,858,167.0345
12,350.8763,1,546.6777,668.7592,11460.0,1621.0,184.1136,0.5813,2.9372,594.0,31.6632,0.5865,0.7393,342,648,615,858,167.0345
12,350.8763,2,770.9624,655.7252,9677.0,1436.0,135.6659,0.9302,1.5588,591.0,39.0659,0.5606,0.7184,648,958,615,858,167.0345
12,350.8763,3,1169.7291,656.139,11026.0,2290.0,146.4437,0.7631,1.8324,582.0,25.1412,0.6489,0.7871,958,1260,615,858,167.0345
12,350.8763,4,1502.3142,663.9879,11485.0,1850.0,143.4609,0.8929,1.58,583.0,33.9786,0.631,0.7738,1260,1566,615,858,167.0345
12,351.2769,1,562.8741,651.7894,12229.0,3292.0,155.4701,0.8704,2.0373,590.0,39.7949,0.4374,0.6086,342,648,615,858,167.0345
12,351.2769,2,779.2343,675.1344,11048.0,1120.0,144.8083,0.9292,1.7015,591.0,34.4413,0.5896,0.7418,648,958,615,858,167.0345
12,351.2769,3,1178.31,651.5023,9973.0,1984.0,136.0932,0.7777,1.634,586.0,26.2462,0.6566,0.7927,958,1260,615,858,167.0345
12,351.2769,4,1500.3416,672.307,12926.0,1777.0,149.9563,0.9137,1.5506,582.0,20.8967,0.7568,0.8616,1260,1566,615,858,167.0345
12,351.6774,1,559.4239,672.5644,9877.0,608.0,170.3606,0.7151,2.4642,593.0,27.6692,0.5491,0.7089,342,648,615,858,167.0345
12,351.6774,2,790.0536,678.7995,11635.0,1127.0,160.3707,0.8768,1.9697,591.0,32.7905,0.6349,0.7767,648,958,615,858,167.0345
12,351.6774,3,1178.4118,667.2923,9744.0,1572.0,135.1893,0.8525,1.7715,592.0,25.1716,0.6223,0.7672,958,1260,615,858,167.0345
12,351.6774,4,1497.0471,669.3481,13246.0,1633.0,152.2161,0.9005,1.4076,583.0,25.9518,0.683,0.8116,1260,1566,615,858,167.0345
12,352.078,1,561.4774,634.3788,5151.0,1457.0,107.0328,0.9353,1.9765,586.0,41.995,0.2923,0.4524,342,648,615,858,167.0345
12,352.078,2,800.8404,673.4277,10704.0,1123.0,152.4377,0.8617,1.9147,592.0,33.0557,0.6022,0.7517,648,958,615,858,167.0345
12,352.078,3,1177.2945,662.9679,8705.0,1288.0,123.5111,0.851,1.6129,593.0,26.4338,0.6262,0.7701,958,1260,615,858,167.0345
12,352.078,4,1490.1589,669.3213,13553.0,1517.0,148.1121,0.9994,1.2833,577.0,34.4979,0.6296,0.7727,1260,1566,615,858,167.0345
12,352.4785,1,567.1728,610.0587,3340.0,2081.0,64.0429,0.5981,1.0634,578.0,31.2922,0.3583,0.5276,342,648,615,858,167.0345
12,352.4785,2,811.2148,673.0994,11377.0,1328.0,156.0406,0.8511,1.94,591.0,27.2953,0.6737,0.805,648,958,615,858,167.0345
12,352.4785,3,1176.7989,659.4602,8255.0,916.0,109.2188,0.9501,1.3207,597.0,25.1322,0.6222,0.7671,958,1260,615,858,167.0345
12,352.4785,4,1471.6981,653.7755,13853.0,2928.0,172.7119,0.5612,2.1552,594.0,46.376,0.3823,0.5532,1260,1566,615,858,167.0345
12,352.879,1,546.4261,622.9185,6831.0,2651.0,112.2293,0.4068,1.4617,580.0,43.8388,0.3477,0.516,342,648,615,858,167.0345
12,352.879,2,819.908,680.116,12143.0,1421.0,160.4095,0.8972,1.9496,590.0,28.3259,0.6226,0.7674,648,958,615,858,167.0345
12,352.879,3,1166.347,663.2459,8270.0,635.0,120.8992,1.0,1.4754,601.0,29.4528,0.6532,0.7902,958,1260,615,858,167.0345
12,352.879,4,1414.7522,641.1079,12940.0,3393.0,202.8514,0.5037,2.6647,567.0,57.7757,0.2982,0.4594,1260,1566,615,858,167.0345
12,353.2796,1,523.0264,634.7193,7641.0,1940.0,114.5125,0.3987,1.4277,588.0,46.7985,0.4534,0.624,342,648,615,858,167.0345
12,353.2796,2,830.2655,677.7666,12171.0,1527.0,180.4223,0.8701,2.3275,590.0,31.6466,0.6455,0.7846,648,958,615,858,167.0345
12,353.2796,3,1157.0398,669.532,8342.0,499.0,115.7084,0.9764,1.4326,601.0,31.2547,0.6492,0.7873,958,1260,615,858,167.0345
12,353.2796,4,1377.7929,651.8805,13122.0,2802.0,164.3887,0.6207,1.8846,574.0,56.735,0.2856,0.4442,1260,1566,615,858,167.0345
12,353.6801,1,505.7002,648.3317,9671.0,1862.0,147.5389,0.785,1.779,586.0,42.7701,0.4971,0.664,342,648,615,858,167.0345
12,353.6801,2,838.9148,677.0601,12446.0,2031.0,185.0371,0.8995,2.4771,580.0,35.3124,0.6358,0.7773,648,958,615,858,167.0345
12,353.6801,3,1143.3819,676.5487,9490.0,554.0,124.5155,0.9191,1.5212,600.0,40.6654,0.522,0.686,958,1260,615,858,167.0345
12,353.6801,4,1356.9067,667.3997,10814.0,1675.0,154.5164,0.7985,2.0098,578.0,44.7777,0.4119,0.5835,1260,1566,615,858,167.0345
12,354.0807,1,490.729,663.9291,10441.0,1291.0,136.9582,0.7543,1.6645,592.0,42.4454,0.4776,0.6465,342,648,615,858,167.0345
12,354.0807,2,851.1945,662.9035,11890.0,2170.0,156.7566,0.8739,1.7997,582.0,37.8722,0.5827,0.7364,648,958,615,858,167.0345
12,354.0807,3,1129.3935,676.5257,9914.0,629.0,133.6977,0.8668,1.6591,601.0,44.056,0.5335,0.6958,958,1260,615,858,167.0345
12,354.0807,4,1341.5386,667.8005,10243.0,1916.0,158.3267,0.8866,2.2487,575.0,28.2332,0.5856,0.7387,1260,1566,615,858,167.0345
12,354.4812,1,470.4175,678.504,10988.0,1032.0,138.4679,0.9272,1.6471,590.0,37.7114,0.4629,0.6329,342,648,615,858,167.0345
12,354.4812,2,861.0399,664.8132,12042.0,2363.0,160.4655,0.9056,1.9354,577.0,32.9848,0.6534,0.7904,648,958,615,858,167.0345
12,354.4812,3,1111.2687,669.4256,10735.0,839.0,153.9776,0.7212,1.9437,599.0,41.4554,0.5569,0.7154,958,1260,615,858,167.0345
12,354.4812,4,1340.4891,676.3333,10079.0,1469.0,162.8723,0.8855,2.4566,577.0,20.9415,0.7083,0.8292,1260,1566,615,858,167.0345
12,354.8818,1,467.0845,687.9969,13483.0,1265.0,173.1289,0.8749,1.9836,589.0,35.8399,0.5545,0.7134,342,648,615,858,167.0345
12,354.8818,2,870.5739,673.8863,11730.0,1689.0,163.119,0.9043,2.0775,585.0,37.6248,0.5801,0.7342,648,958,615,858,167.0345
12,354.8818,3,1088.6759,665.4544,10918.0,1100.0,156.1835,0.7132,1.9683,596.0,46.4381,0.4882,0.6561,958,1260,615,858,167.0345
12,354.8818,4,1336.9346,672.0553,9857.0,1647.0,161.6662,0.9363,2.4114,576.0,22.0778,0.6821,0.811,1260,1566,615,858,167.0345
12,355.2823,1,443.5859,666.6122,11504.0,1721.0,200.419,0.7888,2.8137,575.0,43.0576,0.5317,0.6943,342,648,615,858,167.0345
12,355.2823,2,878.2494,671.5037,12829.0,2113.0,166.8366,0.8698,1.9998,579.0,26.1361,0.6639,0.798,648,958,615,858,167.0345
12,355.2823,3,1072.8652,672.4786,11177.0,1065.0,160.9017,0.7261,2.0554,597.0,40.1231,0.5511,0.7106,958,1260,615,858,167.0345
12,355.2823,4,1333.0288,680.671,9591.0,1245.0,155.2645,0.9131,2.4542,585.0,26.5794,0.648,0.7864,1260,1566,615,858,167.0345
12,355.6828,1,427.7021,663.3841,12560.0,2852.0,194.5231,0.7942,2.7732,567.0,40.5567,0.5656,0.7226,342,648,615,858,167.0345
12,355.6828,2,882.2645,678.2099,13409.0,2406.0,171.3809,0.975,2.0793,580.0,34.2443,0.5612,0.719,648,958,615,858,167.0345
12,355.6828,3,1067.1123,666.5441,11254.0,1361.0,175.7018,0.7226,2.4214,591.0,28.5488,0.6777,0.8079,958,1260,615,858,167.0345
12,355.6828,4,1325.7053,672.6083,7749.0,1098.0,130.8513,0.9905,2.1067,587.0,34.4678,0.5221,0.686,1260,1566,615,858,167.0345
12,356.0834,1,419.9136,654.9673,12370.0,3113.0,184.0438,0.8041,2.4108,571.0,25.8201,0.6944,0.8197,342,648,615,858,167.0345
12,356.0834,2,895.5347,676.5037,13280.0,2782.0,184.4752,0.9989,2.2554,560.0,40.0526,0.4556,0.626,648,958,615,858,167.0345
12,356.0834,3,1054.8559,665.8314,11787.0,1560.0,160.5901,0.6874,1.9888,592.0,37.0715,0.5937,0.745,958,1260,615,858,167.0345
12,356.0834,4,1332.5789,639.4307,6353.0,1274.0,110.461,0.8102,1.5231,591.0,38.0675,0.447,0.6178,1260,1566,615,858,167.0345
12,356.4839,1,425.3782,657.334,12847.0,3362.0,174.0923,0.8084,2.1696,569.0,22.9425,0.7595,0.8633,342,648,615,858,167.0345
12,356.4839,2,904.5671,692.078,10119.0,474.0,160.8996,0.9014,2.2572,599.0,36.1251,0.5114,0.6767,648,958,615,858,167.0345
12,356.4839,3,1037.5622,653.9231,10951.0,2170.0,161.2049,0.6561,2.0871,585.0,30.9036,0.6378,0.7789,958,1260,615,858,167.0345
12,356.4839,4,1354.5424,651.8608,7965.0,1298.0,110.859,0.9361,1.3901,592.0,38.3888,0.3936,0.5649,1260,1566,615,858,167.0345
12,356.8845,1,423.1128,651.0596,12591.0,3267.0,166.5346,0.6968,2.017,573.0,27.2871,0.7147,0.8336,342,648,615,858,167.0345
12,356.8845,2,899.7669,683.2399,11684.0,1634.0,167.0226,0.9161,2.3245,599.0,28.1456,0.6007,0.7505,648,958,615,858,167.0345
12,356.8845,3,1032.9186,662.4455,10891.0,1865.0,157.2411,0.7693,2.0511,586.0,38.1697,0.6066,0.7552,958,1260,615,858,167.0345
12,356.8845,4,1374.9879,664.7551,9140.0,1036.0,118.0366,0.9039,1.4539,600.0,39.272,0.3959,0.5672,1260,1566,615,858,167.0345
12,357.285,1,426.6887,651.7022,13500.0,3601.0,174.1592,0.7047,1.9733,572.0,21.9358,0.7492,0.8566,342,648,615,858,167.0345
12,357.285,2,892.6369,683.6164,13122.0,1800.0,155.1841,0.9585,1.7508,602.0,28.4835,0.6164,0.7627,648,958,615,858,167.0345
12,357.285,3,1034.5422,669.0825,11281.0,1774.0,167.8783,0.768,2.3848,585.0,26.7357,0.7509,0.8577,958,1260,615,858,167.0345
12,357.285,4,1398.5659,677.8422,9501.0,533.0,147.0195,0.942,1.9375,600.0,41.0947,0.3641,0.5339,1260,1566,615,858,167.0345
12,357.6856,1,435.8934,661.0274,13674.0,2693.0,180.4966,0.6467,2.2991,595.0,19.9433,0.7517,0.8582,342,648,615,858,167.0345
12,357.6856,2,884.4937,679.8329,11680.0,1393.0,155.2778,0.9864,2.0006,585.0,37.7303,0.5007,0.6673,648,958,615,858,167.0345
12,357.6856,3,1023.115,657.4761,10358.0,2311.0,143.1281,0.9066,1.8285,575.0,33.5145,0.5876,0.7402,958,1260,615,858,167.0345
12,357.6856,4,1417.8768,679.9803,9724.0,392.0,138.1013,0.8525,1.7574,604.0,35.388,0.4799,0.6485,1260,1566,615,858,167.0345
12,358.0861,1,434.5883,659.4696,13713.0,3113.0,190.5469,0.8661,2.2321,571.0,26.2305,0.6796,0.8092,342,648,615,858,167.0345
12,358.0861,2,870.9996,670.7276,10930.0,1636.0,140.6617,0.9877,1.6791,580.0,32.7609,0.551,0.7105,648,958,615,858,167.0345
12,358.0861,3,1016.0973,649.7368,9475.0,2356.0,122.0387,0.9995,1.3781,571.0,34.1705,0.5887,0.7411,958,1260,615,858,167.0345
12,358.0861,4,1439.5552,680.2193,11922.0,693.0,171.7401,0.6829,2.2911,603.0,41.9723,0.4692,0.6387,1260,1566,615,858,167.0345
12,358.4867,1,433.4808,665.2515,14569.0,3484.0,191.0322,0.8519,2.3308,566.0,21.6626,0.738,0.8492,342,648,615,858,167.0345
12,358.4867,2,855.7923,647.7604,7647.0,1389.0,124.5738,0.9935,1.619,587.0,33.807,0.5206,0.6847,648,958,615,858,167.0345
12,358.4867,3,1013.6143,655.501,9158.0,1929.0,123.4736,0.9245,1.4142,574.0,33.6703,0.6316,0.7742,958,1260,615,858,167.0345
12,358.4867,4,1469.7735,663.0691,12625.0,2473.0,201.578,0.8231,2.8577,568.0,45.1768,0.4308,0.6022,1260,1566,615,858,167.0345
12,358.8872,1,425.6469,653.5506,12066.0,3062.0,163.6004,0.6867,2.0823,579.0,30.8669,0.6053,0.7541,342,648,615,858,167.0345
12,358.8872,2,847.5388,657.0832,8811.0,1480.0,135.3516,0.9818,1.7572,588.0,29.735,0.7041,0.8263,648,958,615,858,167.0345
12,358.8872,3,1018.8077,648.963,10146.0,2095.0,136.8073,0.7401,1.4739,572.0,31.7391,0.5908,0.7427,958,1260,615,858,167.0345
12,358.8872,4,1489.4407,668.3982,11822.0,1430.0,172.1245,0.7273,2.324,590.0,48.3394,0.4273,0.5988,1260,1566,615,858,167.0345
12,359.2877,1,418.5665,630.958,6026.0,2092.0,104.4642,0.8966,1.5021,581.0,43.287,0.4366,0.6078,342,648,615,858,167.0345
12,359.2877,2,836.7048,678.6632,10146.0,859.0,143.0742,0.9805,1.7859,594.0,39.6542,0.5064,0.6724,648,958,615,858,167.0345
12,359.2877,3,1032.0906,648.8678,11780.0,2111.0,128.5879,0.0195,1.4344,607.0,36.4699,0.58,0.7342,958,1260,615,858,167.0345
12,359.2877,4,1492.6734,667.5608,11800.0,1602.0,163.0763,0.7457,2.0765,589.0,26.2257,0.7302,0.844,1260,1566,615,858,167.0345
12,359.6883,1,430.1325,628.3097,6181.0,2071.0,103.2502,0.8768,1.5348,574.0,31.0711,0.5202,0.6844,342,648,615,858,167.0345
12,359.6883,2,820.0856,676.0179,11256.0,1321.0,156.7669,0.9282,1.9307,589.0,43.401,0.5202,0.6844,648,958,615,858,167.0345
12,359.6883,3,1055.8225,654.4679,12556.0,1896.0,138.2823,0.2376,1.5144,612.0,40.7042,0.4774,0.6463,958,1260,615,858,167.0345
12,359.6883,4,1500.9817,664.3626,11500.0,1945.0,151.0652,0.8449,1.8275,580.0,35.0519,0.6136,0.7605,1260,1566,615,858,167.0345
12,360.0888,1,444.8228,652.9385,8065.0,1478.0,120.7243,0.5915,1.6786,589.0,47.6791,0.375,0.5454,342,648,615,858,167.0345
12,360.0888,2,805.9842,671.6968,11747.0,1559.0,166.5567,0.8597,2.1276,588.0,40.9622,0.5866,0.7395,648,958,615,858,167.0345
12,360.0888,3,1070.8542,658.7774,13206.0,2206.0,161.961,0.6165,1.6902,574.0,33.1062,0.596,0.7468,958,1260,615,858,167.0345
12,360.0888,4,1499.4428,667.9618,12420.0,1773.0,147.8773,0.8938,1.5612,583.0,27.1385,0.7025,0.8253,1260,1566,615,858,167.0345
12,360.4894,1,474.0399,648.1034,10839.0,2596.0,159.7396,0.5598,2.1343,583.0,46.9322,0.4072,0.5787,342,648,615,858,167.0345
12,360.4894,2,789.5518,665.4496,11456.0,2134.0,152.8791,0.8864,1.9049,585.0,37.2129,0.5553,0.714,648,958,615,858,167.0345
12,360.4894,3,1088.1563,669.8596,10399.0,9.0,156.9121,0.2915,2.1587,616.0,36.1054,0.4617,0.6317,958,1260,615,858,167.0345
12,360.4894,4,1497.5562,671.4926,13050.0,1620.0,146.7042,0.9232,1.3892,580.0,26.8251,0.697,0.8214,1260,1566,615,858,167.0345
12,360.8899,1,507.7901,644.1187,12207.0,3094.0,177.8697,0.5508,2.2565,577.0,52.514,0.4188,0.5904,342,648,615,858,167.0345
12,360.8899,2,779.5264,666.9364,10676.0,1590.0,147.4433,0.9021,1.8463,588.0,33.8797,0.5887,0.7411,648,958,615,858,167.0345
12,360.8899,3,1123.9965,652.9543,12978.0,2335.0,181.692,0.2789,2.6543,607.0,38.5955,0.3721,0.5423,958,1260,615,858,167.0345
12,360.8899,4,1487.6806,662.7313,12370.0,1689.0,149.6237,0.9014,1.495,572.0,40.1891,0.5278,0.691,1260,1566,615,858,167.0345
12,361.2905,1,521.0969,651.1895,12522.0,3342.0,187.1887,0.5881,2.5395,579.0,39.2363,0.5694,0.7256,342,648,615,858,167.0345
12,361.2905,2,771.2039,672.6056,11215.0,1499.0,154.2468,0.9355,1.8801,585.0,24.9383,0.6558,0.7921,648,958,615,858,167.0345
12,361.2905,3,1150.6239,653.0416,12008.0,2303.0,159.0083,0.5154,1.9286,577.0,41.5425,0.4144,0.5859,958,1260,615,858,167.0345
12,361.2905,4,1467.5998,658.3682,12030.0,2023.0,129.2008,0.5823,1.434,615.0,41.9365,0.5136,0.6786,1260,1566,615,858,167.0345
12,361.691,1,535.0261,653.334,12607.0,3446.0,194.2624,0.6745,2.7613,571.0,39.3762,0.5564,0.715,342,648,615,858,167.0345
12,361.691,2,767.1075,677.793,11118.0,1293.0,152.6202,0.9437,1.93,591.0,25.307,0.7115,0.8314,648,958,615,858,167.0345
12,361.691,3,1171.4904,655.1058,11705.0,2237.0,145.0728,0.7287,1.701,581.0,37.9758,0.4847,0.6529,958,1260,615,858,167.0345
12,361.691,4,1429.1572,658.3379,14443.0,3140.0,184.9917,0.7226,1.9877,571.0,54.2521,0.3079,0.4708,1260,1566,615,858,167.0345
12,362.0915,1,555.8289,646.8203,10012.0,2941.0,158.8052,0.6265,2.6047,591.0,40.1836,0.4893,0.6571,342,648,615,858,167.0345
12,362.0915,2,761.4,677.169,11184.0,1400.0,148.3251,0.9889,1.8213,587.0,28.4478,0.6436,0.7832,648,958,615,858,167.0345
12,362.0915,3,1170.0405,666.0305,11145.0,1544.0,155.5516,0.6562,2.0948,590.0,27.517,0.6314,0.7741,958,1260,615,858,167.0345
12,362.0915,4,1400.104,651.032,14122.0,3191.0,193.5759,0.5956,2.1727,570.0,41.4783,0.5131,0.6782,1260,1566,615,858,167.0345
12,362.4921,1,566.6383,644.4523,10007.0,3172.0,127.9373,0.8283,1.4804,579.0,34.2148,0.5112,0.6766,342,648,615,858,167.0345
12,362.4921,2,756.5248,668.362,9710.0,1163.0,139.5299,0.8924,1.7681,594.0,35.8166,0.5118,0.677,648,958,615,858,167.0345
12,362.4921,3,1176.1591,661.471,10665.0,2221.0,152.2614,0.89,2.0377,576.0,31.62,0.5599,0.7178,958,1260,615,858,167.0345
12,362.4921,4,1377.0488,648.369,12935.0,3338.0,171.626,0.6636,2.0082,569.0,37.7268,0.5241,0.6877,1260,1566,615,858,167.0345
12,362.8926,1,565.9962,638.1791,10240.0,3244.0,124.5091,0.9903,1.1574,563.0,27.2031,0.6345,0.7764,342,648,615,858,167.0345
12,362.8926,2,771.4248,657.734,9688.0,1455.0,136.3774,0.8845,1.6355,589.0,29.2497,0.6199,0.7653,648,958,615,858,167.0345
12,362.8926,3,1179.3335,672.3876,9659.0,880.0,124.415,0.8587,1.5283,602.0,27.0019,0.5416,0.7026,958,1260,615,858,167.0345
12,362.8926,4,1352.5072,655.6284,10636.0,2258.0,149.3053,0.8296,1.9015,573.0,42.2242,0.3992,0.5706,1260,1566,615,858,167.0345
12,363.2932,1,552.1736,645.9089,12222.0,3190.0,139.5119,0.9582,1.2314,564.0,34.1933,0.5887,0.7411,342,648,615,858,167.0345
12,363.2932,2,780.2684,673.3688,10965.0,1231.0,153.2761,0.9375,1.9047,591.0,37.1971,0.5475,0.7076,648,958,615,858,167.0345
12,363.2932,3,1187.7377,668.2708,8581.0,592.0,117.1327,0.9963,1.4502,600.0,30.0874,0.5922,0.7439,958,1260,615,858,167.0345
12,363.2932,4,1342.8517,657.7842,7230.0,1430.0,123.919,0.9251,2.0059,581.0,34.2937,0.5063,0.6722,1260,1566,615,858,167.0345
12,363.6937,1,541.7795,660.9091,13404.0,3037.0,153.7059,0.9661,1.4914,563.0,24.4686,0.6964,0.821,342,648,615,858,167.0345
12,363.6937,2,792.5274,676.5903,10104.0,548.0,154.1407,0.8393,1.9568,604.0,40.4491,0.5904,0.7424,648,958,615,858,167.0345
12,363.6937,3,1163.6891,658.63,8321.0,606.0,123.6685,0.7128,1.6423,602.0,50.0983,0.41,0.5816,958,1260,615,858,167.0345
12,363.6937,4,1330.3401,658.5937,6360.0,1336.0,113.0572,0.9248,1.9553,589.0,30.322,0.5528,0.712,1260,1566,615,858,167.0345
12,364.0943,1,522.8259,642.0912,13845.0,4519.0,172.4885,0.598,1.6732,559.0,45.0573,0.4249,0.5964,342,648,615,858,167.0345
12,364.0943,2,801.3562,677.9802,11570.0,1198.0,161.9789,0.8888,2.0105,589.0,29.3917,0.6472,0.7858,648,958,615,858,167.0345
12,364.0943,3,1133.9661,659.2024,8673.0,978.0,123.0454,0.8037,1.5873,592.0,53.3357,0.3593,0.5287,958,1260,615,858,167.0345
12,364.0943,4,1350.6912,647.1396,6075.0,976.0,115.3621,0.9179,1.7763,596.0,39.0004,0.4185,0.5901,1260,1566,615,858,167.0345
12,364.4948,1,465.3408,629.1019,28772.0,11267.0,290.9859,0.1912,2.0755,533.0,49.8113,0.3588,0.5281,342,648,615,858,167.0345
12,364.4948,2,824.0262,682.8521,11709.0,1194.0,163.6038,0.8952,2.1416,599.0,47.6359,0.4335,0.6048,648,958,615,858,167.0345
12,364.4948,3,1108.1999,668.7628,9908.0,593.0,137.9509,0.7479,1.8015,610.0,48.9013,0.3842,0.5551,958,1260,615,858,167.0345
12,364.4948,4,1361.2686,666.1274,9980.0,1764.0,145.3805,0.9622,1.9165,583.0,36.2603,0.4097,0.5813,1260,1566,615,858,167.0345
12,364.8954,1,482.8684,697.4827,4908.0,0.0,98.3468,0.3212,2.0083,652.0,61.9519,0.1257,0.2233,342,648,615,858,167.0345
12,364.8954,2,797.0779,645.3235,27359.0,8378.0,272.3148,0.2405,1.896,577.0,60.2663,0.3287,0.4947,648,958,615,858,167.0345
12,364.8954,3,1093.9029,668.6178,10376.0,987.0,143.5794,0.6585,1.8382,597.0,37.3188,0.4949,0.6621,958,1260,615,858,167.0345
12,364.8954,4,1382.3952,662.1544,8400.0,913.0,125.7177,0.8452,1.6794,604.0,42.1369,0.3939,0.5652,1260,1566,615,858,167.0345
12,365.2959,1,362.4862,610.4472,436.0,364.0,,,,,39.4267,0.0,0.0,342,648,615,858,167.0345
12,365.2959,2,836.6908,701.808,6288.0,0.0,92.2713,0.8253,1.2787,646.0,75.3421,0.1643,0.2823,648,958,615,858,167.0345
12,365.2959,3,1135.7639,650.5963,26317.0,5518.0,268.6999,0.1996,2.3297,586.0,65.7001,0.2854,0.4441,958,1260,615,858,167.0345
12,365.2959,4,1502.8467,593.6314,10756.0,7066.0,153.0038,0.0019,2.5373,543.0,70.4254,0.0,0.0,1260,1566,615,858,167.0345
12,365.6964,1,400.4764,829.4797,4328.0,0.0,62.0186,0.9421,1.304,791.0,39.9158,0.0,0.0,342,648,615,858,167.0345
12,365.6964,2,925.4184,628.6213,3927.0,1164.0,76.3376,0.9278,1.231,596.0,53.9985,0.0,0.0,648,958,615,858,167.0345
12,365.6964,3,1038.7614,610.4319,12699.0,7025.0,177.9811,0.1465,1.9258,561.0,76.228,0.1854,0.3128,958,1260,615,858,167.0345
12,365.6964,4,1442.5558,656.4542,26288.0,8135.0,224.9117,0.4819,1.5778,550.0,68.1712,0.3131,0.4769,1260,1566,615,858,167.0345
