video,paso,bloque,rotar,especimen,t0,t1,n,n_visto,escala_px,gx0,gx1,g_agua,g_fondo,rng,spanx,spany,path,nq,hrise,hmean,above,area,vert,elong,me,me_max,iou,dice,bx0,by0,bx1,by1,p_escalamiento,p_inmovilidad,p_nado,clase,confianza,usar
IMG_0839,12,1,0,1,0.0,5.0,13,13,167.0,342,648,615,858,0.7345722338077272,0.7324607903754713,0.055655702707037756,0.18784169543415702,2.0,0.3991769547325103,0.2871161760050649,0.15128473567586115,0.423923694370907,0.7950835910748256,2.6817971757530543,53.80492202970282,66.39163182312848,0.35226514828700317,0.5129215607765443,364,487,673,853,0.0,0.0,1.0,nado,1.0,1
IMG_0839,12,2,0,1,5.0,10.0,12,12,167.0,342,648,615,858,0.41357901349526766,0.38721660789897827,0.14529590142508383,0.19578353000669382,1.0,0.3662551440329218,0.19890260631001372,0.11765012908456379,0.38165952766396877,0.7967481942717715,2.603319959013717,46.77812436168526,69.64756284401066,0.3611156213750905,0.5165885870335005,381,517,687,880,0.0,0.0,1.0,nado,1.0,1
IMG_0839,12,3,0,1,10.0,15.0,13,13,167.0,342,648,615,858,0.736676185088931,0.7201255351506839,0.15527722080563486,0.27226194681675125,2.0,0.37037037037037035,0.1741057296612852,0.13093496468111826,0.40483940838992744,0.610784903388286,3.013571047982828,54.03675471241994,70.31974949809727,0.30922266374829327,0.4629672685277705,358,495,664,860,0.0,0.0,1.0,nado,1.0,1
IMG_0839,12,4,0,1,15.0,20.0,12,12,167.0,342,648,615,858,0.7540430664593619,0.7513225567421267,0.06399501391445685,0.31610566216821406,2.0,0.39094650205761317,0.19718792866941015,0.1633332650162318,0.47663684309326665,0.751475268403789,2.649321075884032,54.026539671069656,66.2519131151401,0.3347541507773614,0.49460897791584263,368,522,675,887,0.0,0.0,1.0,nado,1.0,1
IMG_0839,12,5,0,1,20.0,25.0,13,13,167.0,342,648,615,858,0.8504230834609482,0.8316968885415739,0.17748156657380426,0.2774538473572964,2.0,0.38271604938271603,0.23045267489711935,0.11766804989630553,0.40918175892735054,0.870036235727858,2.6986309507788158,52.68638296989668,67.42526734643124,0.3567705694970312,0.5179100764992183,350,518,657,883,0.001,0.0,0.999,nado,0.999,1
IMG_0839,12,6,0,1,25.0,30.0,12,12,167.0,342,648,615,858,0.9544130614416149,0.9426182099140343,0.14958342885766873,0.42861409919655696,2.0,0.3292181069958848,0.23388203017832648,0.12608187100905538,0.40512683063978544,0.7818864979000538,3.235252446880095,54.156706114353746,70.40571232915799,0.30060998299650854,0.4476369201636526,345,506,652,872,0.0,0.0,1.0,nado,1.0,1
IMG_0839,12,7,0,1,30.0,35.0,13,13,167.0,342,648,615,858,0.3655314533058795,0.31055014714857526,0.19280002453813802,0.20890961479861267,1.0,0.35802469135802467,0.18486862931307374,0.0918896514677937,0.3529545228256318,0.8963540159514652,3.0380717181533985,41.22236845789506,57.03256626258475,0.424671967755707,0.5891305983168432,338,504,646,870,0.994,0.0,0.006,escalamiento,0.994,1
IMG_0839,12,8,0,1,35.0,40.0,12,12,167.0,342,648,615,858,0.3447433703396065,0.25336192731032464,0.23378563938511887,0.18700757630399625,1.0,0.3497942386831276,0.13854595336076816,0.07757322042610539,0.32407697273578123,0.9235780517315573,3.2435729808463534,46.32701593540952,69.32400852292254,0.3594517068983733,0.5123344579249973,317,512,624,877,1.0,0.0,0.0,escalamiento,1.0,1
IMG_0839,12,9,0,1,40.0,45.0,13,13,167.0,342,648,615,858,1.0182463431982356,1.0139841633821172,0.09306842561710921,0.38608694914287,2.0,0.37448559670781895,0.1959480848369737,0.11783898686984219,0.43606297653996984,0.8123978898199368,2.974620194381394,53.00264855895451,77.48640666144759,0.33834235955352904,0.4896839547568026,317,497,627,865,0.0,0.0,1.0,nado,1.0,1
IMG_0839,12,10,0,1,45.0,50.0,12,12,167.0,342,648,615,858,0.3771455188236036,0.29218123317306166,0.23847194667338564,0.16941263096817166,1.0,0.37448559670781895,0.15569272976680384,0.10943642370293012,0.45925066890181593,0.7983962395963621,2.5441118119296915,41.77550757297051,50.91404444444444,0.4481277157506511,0.6151839161701348,318,497,630,866,0.002,0.0,0.998,nado,0.998,1
IMG_0839,12,11,0,1,50.0,55.0,13,13,167.0,342,648,615,858,0.37398792184981167,0.21902671805068555,0.30314066449337734,0.14981407067054134,1.0,0.23045267489711935,0.1259892371003482,0.05409052393251056,0.3111494046040783,0.8587325635258777,2.9884954901151315,38.19120751967353,56.87470306397713,0.4567092475817463,0.6174981890537009,312,481,623,849,0.012,0.001,0.987,nado,0.987,1
IMG_0839,12,12,0,1,55.0,60.0,12,12,167.0,342,648,615,858,0.6941297559864069,0.6694008364434848,0.18362635517406486,0.26681869059306407,2.0,0.31275720164609055,0.18106995884773663,0.07796449148246683,0.3396501581393587,0.9206205737633303,2.9269180171103755,46.57110807493344,65.71757798458282,0.3725238507489815,0.5351853060027759,321,490,633,859,1.0,0.0,0.0,escalamiento,1.0,1
IMG_0839,12,13,0,1,60.0,65.0,13,13,167.0,342,648,615,858,1.001473679685712,0.9980202428013905,0.0830970881673594,0.2669080540545829,2.0,0.36213991769547327,0.2288698955365622,0.13354588909949267,0.4812978624240975,0.8798589231842193,2.645300250342923,45.249592465156105,64.59483213682432,0.43426726652229736,0.5993517931147512,317,481,629,851,1.0,0.0,0.0,escalamiento,1.0,1
IMG_0839,12,14,0,1,65.0,70.0,12,12,167.0,342,648,615,858,0.14925232015106454,0.07717259004224847,0.12775228536760866,0.07761583912015453,1.0,0.34156378600823045,0.17009602194787382,0.09931415187080046,0.45597116035307633,0.8772035674365467,2.5353866488659267,33.47791203010723,41.975702099108595,0.5401734351553147,0.6976189290758347,299,455,612,825,0.994,0.001,0.005,escalamiento,0.994,1
IMG_0839,12,15,0,1,70.0,75.0,13,13,167.0,342,648,615,858,0.9123621919467023,0.9086864941891414,0.08181457432535422,0.27520174281304155,2.0,0.39094650205761317,0.22633744855967078,0.1341414114589107,0.539482602577607,0.8636677861791036,2.200832138573468,48.928490061124926,60.188125773427835,0.38756386821077754,0.5537083671799485,334,524,644,891,0.002,0.0,0.998,nado,0.998,1
IMG_0839,12,16,0,1,75.0,80.0,12,12,167.0,342,648,615,858,0.38204919479345,0.3478224268524601,0.1580542521439664,0.16783456813753464,1.0,0.35802469135802467,0.2037037037037037,0.1258040984270583,0.47090218333590783,0.8715343949169343,2.675458655757971,38.95578643313798,55.383218534752665,0.5134088295681748,0.6753009632479162,320,513,632,883,0.018,0.001,0.982,nado,0.982,1
IMG_0839,12,17,0,1,80.0,85.0,13,13,167.0,342,648,615,858,0.2674756134421398,0.26330181743456577,0.047067576120973266,0.06771540863762714,1.0,0.26337448559670784,0.15637860082304528,0.0786199796350207,0.371214451466491,0.9172051268912812,2.825831328020715,36.61570950810362,46.805879650895726,0.5394752147398568,0.6971425043946602,327,510,638,879,0.999,0.0,0.001,escalamiento,0.999,1
IMG_0839,12,18,0,1,85.0,90.0,12,12,167.0,342,648,615,858,0.21575678089496303,0.16311354492913646,0.14122662625301105,0.09627739736641494,1.0,0.35802469135802467,0.1752400548696845,0.09992943307393376,0.4136750578405983,0.8237346606816113,2.89048634854055,38.06556369882706,58.014642584174744,0.5383906082724619,0.6968249324494101,318,501,630,870,0.031,0.002,0.968,nado,0.968,1
IMG_0839,12,19,0,1,90.0,95.0,13,13,167.0,342,648,615,858,0.33888019693883215,0.32085983669747636,0.1090355587492928,0.1415335218287694,1.0,0.36213991769547327,0.20164609053497942,0.1485883427707184,0.5665843840270478,0.8031376314187375,2.3119456164814705,49.841353350476304,63.51137181292038,0.3994928375286474,0.5619891265543621,320,513,632,883,0.998,0.0,0.002,escalamiento,0.998,1
IMG_0839,12,20,0,1,95.0,100.0,12,12,167.0,342,648,615,858,0.2625978335744661,0.14390214243479682,0.21965836109895392,0.12769637989655952,1.0,0.3168724279835391,0.1755829903978052,0.10965744704774498,0.47501799643259557,0.9221379609426298,2.472542480986302,38.199818767922324,55.10872811185014,0.5387448447893816,0.6974934743659252,313,529,626,899,0.999,0.0,0.001,escalamiento,0.999,1
IMG_0839,12,21,0,1,100.0,105.0,13,13,167.0,342,648,615,858,0.16683467635282956,0.15339561968649174,0.06560177661276081,0.08739728694868172,1.0,0.27983539094650206,0.16302627413738524,0.09425244156974392,0.40150613740596264,0.8889560844766173,2.9313461742519076,35.887710314443105,50.37597837488905,0.5205217422132514,0.6805829848073118,309,532,621,902,0.998,0.001,0.001,escalamiento,0.998,1
IMG_0839,12,22,0,1,105.0,110.0,12,12,167.0,342,648,615,858,0.400203804125323,0.3898048920863133,0.09063791117384376,0.1565973434153848,1.0,0.3045267489711934,0.17901234567901234,0.0768862559760051,0.4226354637114714,0.9459761562867142,2.8894822925234744,43.469758416555955,56.705882352941174,0.4556177407986525,0.6221155610412143,319,513,632,883,1.0,0.0,0.0,escalamiento,1.0,1
IMG_0839,12,23,0,1,110.0,115.0,13,13,167.0,342,648,615,858,0.8316894083709209,0.8127357616672677,0.1765441975922708,0.23337557316011218,2.0,0.27983539094650206,0.19404874960430515,0.08180437002913099,0.41780029085115034,0.9077579661551335,3.1099814603141644,46.76167299893362,58.20075438532245,0.43571255707528767,0.6042260792174121,321,513,634,884,1.0,0.0,0.0,escalamiento,1.0,1
IMG_0839,12,24,0,1,115.0,120.0,12,12,167.0,342,648,615,858,0.2518320177148513,0.18599092775773038,0.1697843925045877,0.12211168749363825,1.0,0.30864197530864196,0.16186556927297668,0.07224177893293587,0.3285870436907874,0.9324805032315243,3.1518662315985737,39.93075866148764,53.5838674378615,0.4647664009077936,0.6318698039214986,304,496,616,865,0.999,0.0,0.001,escalamiento,0.999,1
IMG_0839,12,25,0,1,120.0,125.0,13,13,167.0,342,648,615,858,0.5432546209059751,0.5414598183517851,0.04412310331500574,0.1968106723591276,2.0,0.24279835390946503,0.18518518518518517,0.07477665477840621,0.44591942299793025,0.9121843174431435,2.7410536956268334,47.05139870712856,54.76159709618875,0.4144266211505163,0.5829932862312808,309,483,617,850,1.0,0.0,0.0,escalamiento,1.0,1
IMG_0839,12,26,0,1,125.0,130.0,12,12,167.0,342,648,615,858,0.8893479003746095,0.8829193159657892,0.10673879048981817,0.2747595462799448,2.0,0.2757201646090535,0.17969821673525377,0.07567958798539419,0.39439525120843644,0.882804445420712,3.292613185132355,51.21059296650294,75.2110613911132,0.39550804624557,0.559828495202271,312,486,621,853,1.0,0.0,0.0,escalamiento,1.0,1
IMG_0839,12,27,0,1,130.0,135.0,13,13,167.0,342,648,615,858,0.21086727331563462,0.17385645190251237,0.11932703418521705,0.09554561995794407,1.0,0.3333333333333333,0.18961696739474518,0.08461104485268446,0.38832469110791823,0.9007664470415329,3.118496573037785,34.866248544157365,44.25436826514404,0.51982858476441,0.6797547569825133,318,494,626,860,0.999,0.0,0.001,escalamiento,0.999,1
IMG_0839,12,28,0,1,135.0,140.0,12,12,167.0,342,648,615,858,0.19909461484210794,0.07409799380196194,0.184792188616434,0.11650551331765188,1.0,0.3662551440329218,0.12928669410150892,0.08070040207504009,0.39879779729299203,0.8868809417888501,2.8755251134079596,34.253387424817895,40.52589592538046,0.4996208780149085,0.6634721969904845,313,474,624,842,0.995,0.001,0.004,escalamiento,0.995,1
IMG_0839,12,29,0,1,140.0,145.0,13,13,167.0,342,648,615,858,0.9784378110335387,0.9474937323334859,0.244123282889739,0.24533300197799762,2.0,0.24691358024691357,0.15352959797404242,0.07211886054470723,0.38165539209202837,0.9252486308606401,3.1225122206287663,40.53742378197334,53.57989638700128,0.45162685708134415,0.6188494093218225,307,466,616,834,0.549,0.0,0.451,activa,1.0,1
IMG_0839,12,30,0,1,145.0,150.0,12,12,167.0,342,648,615,858,0.9042844284672255,0.8760855486501897,0.22406347095096255,0.26678233282294683,2.0,0.34156378600823045,0.1906721536351166,0.12139557873858874,0.4751972045500131,0.8254342886022793,2.3956757072728423,46.841171163533524,59.67062668750888,0.42062451117509486,0.5812648234002104,301,468,612,837,0.0,0.0,1.0,nado,1.0,1
IMG_0839,12,31,0,1,150.0,155.0,12,12,167.0,342,648,615,858,0.49114167930944413,0.4890942877571488,0.044798737015994114,0.2568092656373925,2.0,0.2962962962962963,0.14917695473251028,0.1361563540098737,0.5640814439871172,0.6904157478502633,2.4687381074139716,49.323397841806404,66.14623629793824,0.3596240240026198,0.5214986439978854,299,475,609,843,0.0,0.0,1.0,nado,1.0,1
IMG_0839,12,32,0,1,155.0,160.0,13,13,167.0,342,648,615,858,0.844517449666471,0.8398484965788123,0.08868046901922161,0.2046012595007052,2.0,0.32510288065843623,0.20164609053497942,0.13014369191652114,0.5448616031480911,0.8141008822849005,2.3524869502752654,41.598930936653005,48.02995155314905,0.49238939903237633,0.6560769356895277,319,470,627,837,0.0,0.0,1.0,nado,1.0,1
IMG_0839,12,33,0,1,160.0,165.0,12,12,167.0,342,648,615,858,0.6444543375099866,0.6341217514269964,0.11493910345306414,0.2990980359594235,2.0,0.2551440329218107,0.13511659807956106,0.08108569952748763,0.3889234300232899,0.6478051799153802,2.745547908555635,46.01425457363283,60.86230067729721,0.3946938634850536,0.5648465581913663,340,489,649,856,0.0,0.0,1.0,nado,1.0,1
IMG_0839,12,34,0,1,165.0,170.0,13,13,167.0,342,648,615,858,0.7982479141430049,0.752320250104414,0.2668594643562228,0.26402305284872324,2.0,0.1646090534979424,0.11870845204178537,0.07907213550050476,0.33925750855901715,0.6097056249166759,2.5697142832842106,38.80469923857044,64.46189942942462,0.5031969336822416,0.65767357169532,336,494,644,860,0.0,0.0,1.0,nado,1.0,1
IMG_0839,12,35,0,1,170.0,175.0,12,12,167.0,342,648,615,858,0.3893246360160814,0.3532706862706988,0.1636260811450417,0.17064611953852313,1.0,0.18106995884773663,0.14300411522633744,0.07846627421123573,0.355163607503797,0.6658765095603056,2.220758226076669,38.37990302243522,46.046514669340425,0.5294008554116482,0.6839634734777036,333,487,643,855,0.0,0.0,1.0,nado,1.0,1
IMG_0839,12,36,0,1,175.0,180.0,13,13,167.0,342,648,615,858,0.17078968507140266,0.1550318211840535,0.07165368760325289,0.06928980404416529,1.0,0.23045267489711935,0.16049382716049382,0.08933111096066439,0.37110141250011996,0.7530864829416328,2.162002263582755,35.44515569003311,46.457649205108154,0.5437602616611674,0.7010164897519177,340,506,649,873,0.002,0.0,0.998,nado,0.998,1
IMG_0839,12,37,0,1,180.0,185.0,12,12,167.0,342,648,615,858,0.5469674019786359,0.5109478163628536,0.1952067308811109,0.22590960396092033,2.0,0.21810699588477367,0.14300411522633744,0.07889040008912372,0.38263621190389396,0.6900255521762139,2.28057375975358,43.81747034125547,64.94707790839759,0.4655545041704461,0.6278321122549814,346,505,652,870,0.0,0.0,1.0,nado,1.0,1
IMG_0839,12,38,0,1,185.0,190.0,13,13,167.0,342,648,615,858,0.382615986305156,0.36923146424701375,0.10031509749919768,0.11264210334277634,2.0,0.2674897119341564,0.14213358657803102,0.0802659372673011,0.3652399285365888,0.6442718557776437,2.1839942689332017,43.1421369557559,61.17306751927779,0.49659594712269733,0.6550901091919763,344,483,653,850,0.0,0.0,1.0,nado,1.0,1
IMG_0839,12,39,0,1,190.0,195.0,12,12,167.0,342,648,615,858,0.760542422174776,0.754504678178931,0.0956423887906552,0.3195175483176359,2.0,0.2551440329218107,0.1800411522633745,0.07964606098423402,0.39630979126284627,0.8573697029980997,2.744727954908957,54.56420304370473,70.05895766548795,0.3281346268274362,0.48810200265179104,341,490,649,856,0.0,0.0,1.0,nado,1.0,1
IMG_0839,12,40,0,1,195.0,200.0,13,13,167.0,342,648,615,858,1.0184313071570634,1.0152741073177007,0.08012998444958574,0.33530296707884827,2.0,0.34156378600823045,0.19468186134852802,0.11932779276838726,0.4867595744333897,0.827258437640628,2.776404832154931,49.453328690852246,64.20153224090232,0.41662332504627425,0.579708427443972,353,500,660,865,0.0,0.0,1.0,nado,1.0,1
IMG_0839,12,41,0,1,200.0,205.0,12,12,167.0,342,648,615,858,1.0290622435066796,1.016599948809687,0.15966729499538207,0.2656163534523748,2.0,0.37448559670781895,0.15603566529492455,0.12052343256715708,0.4340749152066194,0.680074755297921,2.7329735307579957,40.227574736599195,55.20704497262398,0.47294897184334705,0.6352332260521603,292,494,608,867,0.0,0.0,1.0,nado,1.0,1
IMG_0839,12,42,0,1,205.0,210.0,13,13,167.0,342,648,615,858,0.4530110125458678,0.3872449542546548,0.23507514307587413,0.1619572064264053,1.0,0.27983539094650206,0.16017727128838238,0.08669813015860785,0.3911368800273922,0.8012021922262191,1.8233368846125044,34.513440003177166,45.296206720977594,0.516043512024954,0.6723116277228735,370,503,678,871,0.0,0.0,1.0,nado,1.0,1
IMG_0839,12,43,0,1,210.0,215.0,12,12,167.0,342,648,615,858,0.8130924334764447,0.8017646965689397,0.1352504222261912,0.2723619144328683,2.0,0.24279835390946503,0.16666666666666666,0.12963019173392112,0.41564037352827654,0.5898975382940242,2.2617722725875784,39.172508635892086,48.56717739792755,0.5030120532746921,0.664813460290907,354,538,659,901,0.0,0.0,1.0,nado,1.0,1
IMG_0839,12,44,0,1,215.0,220.0,13,13,167.0,342,648,615,858,0.30330459858586484,0.2055528528728546,0.22302848293247926,0.08879575885906746,1.0,0.2716049382716049,0.1775878442545109,0.11027364726686502,0.3795793349779461,0.7082622166048936,1.6642457309487273,33.48728951749605,43.30260091708637,0.570331570728917,0.7198556916009166,299,529,606,893,0.001,0.0,0.999,nado,0.999,1
IMG_0839,12,45,0,1,220.0,225.0,12,12,167.0,342,648,615,858,0.42768728745226686,0.35897286143235335,0.2324970980536023,0.1663387995127863,1.0,0.2345679012345679,0.1772976680384088,0.10817300647513702,0.41873171355372774,0.6972827317262756,1.9177267198827155,36.53522682451235,50.18075509522218,0.5715043888543923,0.7242559885121489,349,515,655,879,0.0,0.0,1.0,nado,1.0,1
IMG_0839,12,46,0,1,225.0,230.0,13,13,167.0,342,648,615,858,0.4154492286250078,0.34482412516415845,0.23172048737625003,0.13412055760731112,1.0,0.2674897119341564,0.2184235517568851,0.12380799570382381,0.4745458519693996,0.8497892027234129,1.751363948126844,31.341726845470518,50.380773276384154,0.6065885695250436,0.7470844888615361,387,513,691,874,0.0,0.999,0.001,inmovilidad,0.999,1
IMG_0839,12,47,0,1,230.0,235.0,12,12,167.0,342,648,615,858,0.7191439343843391,0.7025522239248124,0.1535850611878861,0.24714300251903296,2.0,0.22633744855967078,0.1748971193415638,0.09663200371345246,0.36121486826859334,0.8069787235594079,1.8236495909895092,40.77631847609367,47.90627028430482,0.49087091983265024,0.6557731826115959,346,497,651,860,0.0,0.0,1.0,nado,1.0,1
IMG_0839,12,48,0,1,235.0,240.0,13,13,167.0,342,648,615,858,0.349040890350643,0.31830264329841285,0.14322349809306065,0.1804235723215372,1.0,0.18518518518518517,0.15163026274137387,0.11153361818470779,0.41562498001049836,0.6447946655215618,2.183162840989096,34.28909375723575,43.10352631362383,0.5681175348465458,0.7212488430519368,328,502,637,869,0.0,0.0,1.0,nado,1.0,1
IMG_0839,12,49,0,1,240.0,245.0,12,12,167.0,342,648,615,858,0.504138662266472,0.48271605642628307,0.1453994486237324,0.1671745731213916,1.0,0.18930041152263374,0.14368998628257887,0.08124997363512029,0.39312884717868635,0.7235801409495602,2.2351246969045664,33.49458268809013,58.21575269955537,0.5845278108292878,0.7296299392448712,359,505,667,870,0.0,0.0,1.0,nado,1.0,1
IMG_0839,12,50,0,1,245.0,250.0,13,13,167.0,342,648,615,858,0.6846182201825487,0.6795763465048402,0.08293429132182928,0.1993154822541173,2.0,0.18518518518518517,0.13991769547325103,0.07470772857939949,0.39294826053728876,0.7681065588886079,2.2710796749961397,36.86002050499255,49.12271650233127,0.5522082555462852,0.7094687602065926,366,504,670,867,0.0,0.0,1.0,nado,1.0,1
IMG_0839,12,51,0,1,250.0,255.0,12,12,167.0,342,648,615,858,0.19330193262744746,0.11945895357921767,0.1519710352904939,0.06932454264493788,1.0,0.25925925925925924,0.15877914951989028,0.10087923609624631,0.4007690865845841,0.7352696364693262,2.001502104018172,29.43960628397531,47.79300640258918,0.6211739048895463,0.76239454804852,350,505,657,869,0.0,1.0,0.0,inmovilidad,1.0,1
IMG_0839,12,52,0,1,255.0,260.0,13,13,167.0,342,648,615,858,0.6495863380650845,0.6395604832871863,0.11368728520932744,0.1663868747626583,2.0,0.20987654320987653,0.14561570117125675,0.07261237212959533,0.37947181010749564,0.6638093703553838,2.517406824891059,34.23956798219802,55.22479779049122,0.5532082673500714,0.7063527112417696,343,502,651,867,0.0,0.0,1.0,nado,1.0,1
IMG_0839,12,53,0,1,260.0,265.0,12,12,167.0,342,648,615,858,0.8073349107647362,0.7663471999467418,0.2539717056549663,0.19613931955667063,2.0,0.20164609053497942,0.13168724279835392,0.06776157599749932,0.33857192263289704,0.7698327678207143,1.9076967150390685,37.61570740109999,49.07668782458165,0.5085816396325944,0.6682418642923486,357,475,662,838,0.0,0.0,1.0,nado,1.0,1
IMG_0839,12,54,0,1,265.0,270.0,13,13,167.0,342,648,615,858,0.659436657970916,0.6314425115198429,0.1900975026699823,0.22579062707199504,2.0,0.205761316872428,0.14561570117125675,0.08091384353796421,0.34133080862513915,0.6210399840023678,2.273846936302086,36.86314067707238,52.17611145257119,0.5356875249821159,0.6939990104511737,330,484,635,848,0.0,0.0,1.0,nado,1.0,1
IMG_0839,12,55,0,1,270.0,275.0,12,12,167.0,342,648,615,858,0.6842937345934579,0.6719551756322181,0.1293605702868408,0.2404139945229886,2.0,0.18106995884773663,0.14849108367626887,0.09388713271500833,0.40703838389223834,0.6473475673565431,2.3695821009272384,43.82575553178336,57.481336621035624,0.49824950133023066,0.6614195715679366,333,503,639,866,0.0,0.0,1.0,nado,1.0,1
IMG_0839,12,56,0,1,275.0,280.0,13,13,167.0,342,648,615,858,0.6340510861163515,0.5931203298376851,0.2241183931286334,0.17178395406647054,2.0,0.18930041152263374,0.13453624564735675,0.07448165064665746,0.3579723501133207,0.7150153917910488,2.135380445119055,33.52962550157811,50.40861889927311,0.5658299744498483,0.7206917304249418,340,511,646,874,0.0,0.0,1.0,nado,1.0,1
IMG_0839,12,57,0,1,280.0,285.0,12,12,167.0,342,648,615,858,0.5981574686574098,0.5610207687692154,0.20748025043420112,0.19123079217955188,1.0,0.22633744855967078,0.16426611796982166,0.08620209127975617,0.3904466990213383,0.7625195339986476,2.3061487767061086,39.7360566073755,59.677963094393185,0.526952512817125,0.6865177253692214,337,497,642,860,0.0,0.0,1.0,nado,1.0,1
IMG_0839,12,58,0,1,285.0,290.0,13,13,167.0,342,648,615,858,0.7120162345505868,0.7031151738572279,0.11223266260459304,0.19883298839423508,2.0,0.26337448559670784,0.15479582146248813,0.09569989174888495,0.3948202961023112,0.6457746990454937,2.435201223669982,37.66012008066215,56.38981048739151,0.5500089530737096,0.7046543122733043,330,493,636,857,0.0,0.0,1.0,nado,1.0,1
IMG_0839,12,59,0,1,290.0,295.0,12,12,167.0,342,648,615,858,0.7896708674408586,0.7804510899747942,0.12031697736376905,0.2248487702715856,2.0,0.23045267489711935,0.15054869684499314,0.09575985754202081,0.40614831690906494,0.7391023355829787,2.2395276493276506,39.84333232404135,63.88172002558218,0.4971118595660649,0.6569595651056256,342,514,646,876,0.0,0.0,1.0,nado,1.0,1
IMG_0839,12,60,0,1,295.0,300.0,12,12,167.0,342,648,615,858,0.4435901522965927,0.39462632431939754,0.2025889616160663,0.17688011037650966,2.0,0.17695473251028807,0.13031550068587106,0.08957120388720446,0.3470783346063125,0.5876711613302921,1.932710482605194,37.41257146054459,47.64517334130305,0.5155250976782811,0.6775702679357466,342,508,649,872,0.0,0.0,1.0,nado,1.0,1
IMG_0839,12,61,0,1,300.0,305.0,13,13,167.0,342,648,615,858,0.8789717468636432,0.872228498975841,0.10866819847073886,0.2523534413415836,2.0,0.32510288065843623,0.205761316872428,0.0982032912968089,0.39468520075225794,0.8251672328509644,2.900030340453798,51.35269020980188,72.09860616331754,0.3919167196669186,0.5491482856573123,340,491,646,855,0.0,0.0,1.0,nado,1.0,1
IMG_0839,12,62,0,1,305.0,310.0,12,12,167.0,342,648,615,858,0.8412368994079881,0.8163848981921152,0.20296605363807815,0.35529963430236405,2.0,0.2757201646090535,0.15843621399176955,0.09022232671382123,0.4031017789129681,0.812756408317629,2.5473912467054367,50.94708243649503,59.53440540404295,0.3097261202430903,0.4637544982136566,333,485,641,851,0.0,0.0,1.0,nado,1.0,1
IMG_0839,12,63,0,1,310.0,315.0,13,13,167.0,342,648,615,858,0.7873651449832569,0.7657598534909204,0.18318219977953493,0.2927468615839998,2.0,0.2757201646090535,0.21082621082621084,0.10738150395654321,0.3943598690929463,0.7469617254750942,2.109916920619389,43.52518968546128,69.26333815896331,0.4535297890543645,0.61557108323773,356,504,661,867,0.0,0.0,1.0,nado,1.0,1
IMG_0839,12,64,0,1,315.0,320.0,12,12,167.0,342,648,615,858,0.5331184079079154,0.5154929042796604,0.13594963217159242,0.17356989053457628,2.0,0.27983539094650206,0.16495198902606312,0.10453508169156253,0.4330146005118995,0.7568049364370705,1.9833433081378427,37.9609047992201,57.36106194690265,0.5332001611987465,0.6905761662646549,367,495,673,859,0.0,0.0,1.0,nado,1.0,1
IMG_0839,12,65,0,1,320.0,325.0,13,13,167.0,342,648,615,858,0.7221050585402483,0.6985191231927432,0.18304849112586746,0.2138557165063563,2.0,0.25925925925925924,0.1908831908831909,0.11323195972823327,0.4671707486756809,0.7722179653352772,1.808074172423693,40.04173366002023,58.10522254710851,0.4958444543417833,0.6553201098738893,348,496,656,862,0.0,0.0,1.0,nado,1.0,1
IMG_0839,12,66,0,1,325.0,330.0,12,12,167.0,342,648,615,858,0.3974445696283437,0.31610219653247834,0.24091821698327784,0.21053560193709756,2.0,0.18106995884773663,0.12311385459533608,0.09473239766882736,0.3680008823148012,0.5019708700662392,2.47109885601661,37.83110740712982,46.62938515167248,0.49145745508900873,0.6559559709414099,338,486,644,850,0.0,0.0,1.0,nado,1.0,1
IMG_0839,12,67,0,1,330.0,335.0,13,13,167.0,342,648,615,858,0.5081447825095867,0.4977297313300046,0.10235347840633789,0.12485277042347988,2.0,0.18930041152263374,0.13421968977524532,0.07446510835889586,0.3444766003478057,0.707734775686255,2.259061244268477,37.2573837945531,59.098908565847026,0.5200395090382863,0.6785030374325662,333,493,640,857,0.0,0.0,1.0,nado,1.0,1
IMG_0839,12,68,0,1,335.0,340.0,12,12,167.0,342,648,615,858,0.6675481057291305,0.6494578388411956,0.15435345486989938,0.18156735480680292,2.0,0.2139917695473251,0.15603566529492455,0.08810767092829518,0.42037744143201144,0.7356939222402087,2.211700851748213,36.65443855246912,53.55696671233384,0.5351369202720022,0.6923738291881093,321,489,629,855,0.0,0.0,1.0,nado,1.0,1
IMG_0839,12,69,0,1,340.0,345.0,13,13,167.0,342,648,615,858,0.7485053037185028,0.7426517869085231,0.09342651174214794,0.1958751127506119,2.0,0.21810699588477367,0.14941437163659385,0.09328196068772937,0.39902755128968115,0.6591977570155181,2.4955318722841806,36.83053350716544,62.68487873216006,0.5348776805137802,0.6875561885977748,339,493,648,859,0.0,0.0,1.0,nado,1.0,1
IMG_0839,12,70,0,1,345.0,350.0,12,12,167.0,342,648,615,858,0.7631370626687894,0.7434500348458704,0.17222143335375562,0.30364834724230955,2.0,0.19753086419753085,0.14060356652949244,0.08461609944061163,0.35901658202827247,0.6719916191687929,2.05026171417489,42.03062054479656,57.49754784688995,0.48983346875278366,0.6523657720425432,336,480,643,845,0.0,0.0,1.0,nado,1.0,1
IMG_0839,12,71,0,1,350.0,355.0,13,13,167.0,342,648,615,858,0.649915999428216,0.565110262862616,0.3210003070405413,0.21146459012234367,2.0,0.18518518518518517,0.1155428933206711,0.06620223562197072,0.3418904893610737,0.6831940267171336,1.9904222964801443,37.70970764863478,46.79850228817085,0.47476064604994284,0.6383036206842738,346,495,654,861,0.0,0.0,1.0,nado,1.0,1
IMG_0839,12,72,0,1,355.0,360.0,12,12,167.0,342,648,615,858,0.25389945812355413,0.109005405054727,0.22930930313506542,0.0909337893509307,1.0,0.20164609053497942,0.1670096021947874,0.10283857818001055,0.4229341439071672,0.7851560577356973,2.1782207809677403,29.555138118729943,43.28705722731017,0.6455379843331236,0.7794189725052375,358,499,666,864,0.0,1.0,0.0,inmovilidad,1.0,1
IMG_0839,12,73,0,1,360.0,365.0,13,13,167.0,342,648,615,858,0.742713368172465,0.6645698660474896,0.3316173101689796,0.2809519782789212,2.0,0.3374485596707819,0.1557454890788224,0.12496595584713664,0.4401627068568893,0.6495900311039969,1.9301939889883555,41.75554330298539,61.95187805121052,0.4735597042162501,0.6288570381894396,375,501,681,864,0.0,0.0,1.0,nado,1.0,1
IMG_0839,12,1,0,2,0.0,5.0,13,13,167.0,648,958,615,858,0.9585147350228493,0.9165782122637806,0.28041911143724707,0.3033127896426722,2.0,0.43621399176954734,0.20322886989553657,0.10694037628290023,0.37387224570019,0.8909247837281599,2.8360782355885616,51.74862599898582,70.29215330342159,0.30292577602910997,0.444270090937932,670,489,982,856,1.0,0.0,0.0,escalamiento,1.0,1
IMG_0839,12,2,0,2,5.0,10.0,12,12,167.0,648,958,615,858,0.9732502791417571,0.931343506343634,0.2825161571327445,0.3605145292430631,2.0,0.36213991769547327,0.2613168724279835,0.12029643561842832,0.4327905903651276,0.8893007029286064,2.9966436275330666,56.96171181718603,70.78445722251263,0.3119421008860383,0.4619645219638738,685,519,994,882,1.0,0.0,0.0,escalamiento,1.0,1
IMG_0839,12,3,0,2,10.0,15.0,13,13,167.0,648,958,615,858,1.0933611275053796,1.0786564435804376,0.17871438627664274,0.3082965727838653,2.0,0.3292181069958848,0.15954415954415954,0.10231404980556945,0.4106788359697764,0.8878570099444315,2.6119309143999634,49.29771211770165,69.484817309926,0.3589477143722762,0.5208642307613529,662,497,973,861,1.0,0.0,0.0,escalamiento,1.0,1
IMG_0839,12,4,0,2,15.0,20.0,12,12,167.0,648,958,615,858,0.304343923512006,0.22141349651330172,0.20880921277672568,0.13976335428468462,1.0,0.3168724279835391,0.205761316872428,0.07912337064176643,0.3744464009379159,0.9552369332568852,3.2663327113995417,44.74663135524677,57.67863074367965,0.4270586040869713,0.5886002287148812,674,523,985,888,1.0,0.0,0.0,escalamiento,1.0,1
IMG_0839,12,5,0,2,20.0,25.0,13,13,167.0,648,958,615,858,0.747650754542006,0.7271134973536074,0.17403336672442035,0.18434525241553099,2.0,0.30864197530864196,0.21430832541943654,0.095669564221322,0.4119553491753808,0.953294336902958,3.0877953560855618,43.76543877367778,61.3119570672947,0.45748399619585645,0.6180826478124223,654,520,966,885,1.0,0.0,0.0,escalamiento,1.0,1
IMG_0839,12,6,0,2,25.0,30.0,12,12,167.0,648,958,615,858,1.1222800875613532,1.095390319535215,0.24419795823318843,0.2875046091206541,2.0,0.32098765432098764,0.2448559670781893,0.10050588585162659,0.37623250850817663,0.9335346100625023,3.2278651415033544,44.914234934978,70.92867117448185,0.4184436363651172,0.5703812810208236,650,508,962,873,1.0,0.0,0.0,escalamiento,1.0,1
IMG_0839,12,7,0,2,30.0,35.0,13,13,167.0,648,958,615,858,0.4316205146278956,0.39911879831800423,0.16431814713184206,0.10791310882458503,1.0,0.2880658436213992,0.13896802785691673,0.08463034418840634,0.385551100859888,0.953558543779988,2.769785273067011,33.64746319541788,45.68719136476861,0.547602781552116,0.703508761985005,644,506,956,872,0.296,0.0,0.704,activa,1.0,1
IMG_0839,12,8,0,2,35.0,40.0,12,12,167.0,648,958,615,858,0.32029964878536077,0.31603405783866684,0.052099321474004215,0.14249242843961843,1.0,0.32098765432098764,0.21227709190672153,0.08289868831536094,0.34913026755074245,0.9436308131373581,3.650827330540439,38.174229226859175,57.777541226139356,0.48777646831822996,0.6452092657350866,621,514,933,880,0.999,0.0,0.001,escalamiento,0.999,1
IMG_0839,12,9,0,2,40.0,45.0,13,13,167.0,648,958,615,858,0.3075048831133599,0.28623413867088654,0.11238002935529437,0.14372522272567995,1.0,0.31275720164609055,0.20639442861665083,0.08062435350213601,0.40867721915062133,0.9541267701067849,3.21356916603772,45.16046752376666,59.13251776426635,0.4201290166447481,0.5869189198638932,623,501,937,869,1.0,0.0,0.0,escalamiento,1.0,1
IMG_0839,12,10,0,2,45.0,50.0,12,12,167.0,648,958,615,858,0.1216122674164838,0.0971064354887314,0.07321122709565259,0.06640023875257228,1.0,0.30864197530864196,0.18106995884773663,0.08652167908915064,0.39023164928043735,0.9478546578855688,3.073251961753036,35.37902220873778,47.86215442613795,0.5609955857497575,0.7160628066034894,624,502,939,871,0.999,0.0,0.001,escalamiento,0.999,1
IMG_0839,12,11,0,2,50.0,55.0,13,13,167.0,648,958,615,858,0.879826719393432,0.8543497599130216,0.2101940624641226,0.20970229684295832,2.0,0.3333333333333333,0.2184235517568851,0.11672513949389365,0.4076350550216398,0.8941633000166687,2.9505051513758485,41.57462043532701,59.780532252490026,0.4771974738766195,0.6368816241854969,618,485,933,853,0.311,0.001,0.688,activa,0.999,1
IMG_0839,12,12,0,2,55.0,60.0,12,12,167.0,648,958,615,858,0.2960430238245447,0.22732527161078156,0.1896435942558154,0.12005999959423178,1.0,0.3168724279835391,0.2373113854595336,0.09538053369348717,0.3802617043481126,0.9741973305995031,3.3854030747188424,40.199811093231204,52.35077852660934,0.49668172666948585,0.6578667034411291,626,495,943,864,0.999,0.0,0.001,escalamiento,0.999,1
IMG_0839,12,13,0,2,60.0,65.0,13,13,167.0,648,958,615,858,0.4435863230615107,0.4179807945080213,0.1485290592095506,0.19854155094526668,1.0,0.24691358024691357,0.19468186134852802,0.08093865696960663,0.43080528607973756,0.9748273921695804,2.6480164501679138,43.60970910945638,59.474040874865544,0.44156145686712617,0.6034726152275232,622,487,938,856,1.0,0.0,0.0,escalamiento,1.0,1
IMG_0839,12,14,0,2,65.0,70.0,12,12,167.0,648,958,615,858,0.5114667824471704,0.48823552399989895,0.15239534983524006,0.21301486079022952,2.0,0.2757201646090535,0.19204389574759945,0.08208627818306846,0.4484713006391556,0.9674781737809832,2.800316143225901,44.453035640129364,54.318093019761065,0.4400718710601684,0.6050588253682821,606,460,923,831,1.0,0.0,0.0,escalamiento,1.0,1
IMG_0839,12,15,0,2,70.0,75.0,13,13,167.0,648,958,615,858,0.2660799839935479,0.25890562789400307,0.06137127770234793,0.13837947827389546,1.0,0.23868312757201646,0.18613485280151948,0.07278606615109225,0.4460683035877847,0.9645128264799998,2.752409955582033,39.848619536689206,49.14899499364866,0.5038567773508225,0.6664392354653741,639,528,953,896,0.998,0.0,0.002,escalamiento,0.998,1
IMG_0839,12,16,0,2,75.0,80.0,12,12,167.0,648,958,615,858,0.26167717240736,0.22351485131233706,0.13607370723962453,0.13548716163115715,1.0,0.32510288065843623,0.18724279835390947,0.09542533572284154,0.4179521582429618,0.9350970846484744,2.863476435894121,37.86806758365221,65.9601918954782,0.5396242726800993,0.6939292539298415,626,518,943,888,1.0,0.0,0.0,escalamiento,1.0,1
IMG_0839,12,17,0,2,80.0,85.0,13,13,167.0,648,958,615,858,0.653133572705718,0.5974256178096964,0.26394335562775206,0.16040714838515138,2.0,0.37037037037037035,0.2507122507122507,0.13625331019647646,0.5291023170071956,0.930147058372267,2.1404885383007626,41.635414407761104,72.43897432446074,0.5101555243915031,0.6679533945600125,632,515,948,884,0.36,0.0,0.639,activa,1.0,1
IMG_0839,12,18,0,2,85.0,90.0,12,12,167.0,648,958,615,858,0.44632721262656155,0.43412182351367024,0.10366399124171174,0.12312117964647178,1.0,0.39094650205761317,0.24142661179698216,0.12568462634878,0.5510231458312982,0.9699348645133017,1.8867701707498812,33.83182596115046,47.940136740287976,0.6144686316025071,0.7563313426077368,624,506,940,875,0.184,0.6,0.216,inmovilidad,0.6,0
IMG_0839,12,19,0,2,90.0,95.0,13,13,167.0,648,958,615,858,0.47982352588443095,0.4588192365002654,0.14041198029185648,0.14174358665992717,1.0,0.36213991769547327,0.20069642291864512,0.10374771474490914,0.5191659161583874,0.9416113792727784,2.0188168960407884,37.25221080131044,44.81246969172151,0.5356773985946026,0.6944571012554166,626,518,942,888,0.08,0.0,0.92,nado,0.92,1
IMG_0839,12,20,0,2,95.0,100.0,12,12,167.0,648,958,615,858,0.0786484196018367,0.05244555962962822,0.058609190243524796,0.0254196120329678,1.0,0.32510288065843623,0.20267489711934156,0.10543112227864984,0.5443655642692394,0.936557046322824,1.8370710648178485,28.920258375440387,37.40230761579523,0.6533741163482287,0.7887037460453495,619,535,936,905,0.002,0.998,0.0,inmovilidad,0.998,1
IMG_0839,12,21,0,2,100.0,105.0,13,13,167.0,648,958,615,858,0.12153973114527769,0.10060059524151013,0.06820136717046245,0.04170744809212542,1.0,0.1934156378600823,0.12757201646090535,0.05877199136904672,0.3583583368277583,0.8468527848640288,2.828094633565037,28.18834354922351,44.89391891891892,0.6139089011953802,0.7598363184601159,615,538,931,908,0.0,1.0,0.0,inmovilidad,1.0,1
IMG_0839,12,22,0,2,105.0,110.0,12,12,167.0,648,958,615,858,0.2806297271390058,0.26477930755008355,0.09297828804302168,0.10259891702924868,1.0,0.26337448559670784,0.17009602194787382,0.0849775024774035,0.4301831122567036,0.8918336408940041,2.2503062338637965,33.94871124114655,46.1838514500313,0.5838596155478192,0.7348451949288598,625,519,942,889,0.997,0.002,0.001,escalamiento,0.997,1
IMG_0839,12,23,0,2,110.0,115.0,13,13,167.0,648,958,615,858,0.5841517279354752,0.5756479626766294,0.099310947615292,0.17410569928962982,2.0,0.27983539094650206,0.18486862931307374,0.10063500759776585,0.5363064833273775,0.9255965996486695,1.9006224463872026,33.39625493861899,52.07311654861558,0.6031226041068675,0.746906836874751,626,519,944,890,0.307,0.382,0.311,inmovilidad,0.382,0
IMG_0839,12,24,0,2,115.0,120.0,12,12,167.0,648,958,615,858,0.5203709340980555,0.5125744869779575,0.08974020477671364,0.18106738981349785,1.0,0.3045267489711934,0.2393689986282579,0.09714274684809222,0.5200500095376468,0.9681336630740618,1.8182760532987923,35.50946770912151,49.878831234897625,0.6004379738848066,0.7459046497647436,610,501,926,870,0.134,0.594,0.272,inmovilidad,0.594,0
IMG_0839,12,25,0,2,120.0,125.0,13,13,167.0,648,958,615,858,0.6651399034932056,0.6520020966134752,0.13154602704218593,0.18541249721089323,2.0,0.22633744855967078,0.14213358657803102,0.07907213550050476,0.3950601592748545,0.8259856338741055,2.2716244926667772,36.39102230847984,65.3537967423721,0.5451488151411089,0.6946880417001302,614,486,927,853,0.0,0.0,1.0,nado,1.0,1
IMG_0839,12,26,0,2,125.0,130.0,12,12,167.0,648,958,615,858,0.18933227786183818,0.17174988187487517,0.0796786641223278,0.08447395807351582,1.0,0.2139917695473251,0.1464334705075446,0.0681528470538608,0.3715342690298822,0.926828423136208,2.251033501858748,28.338462538010003,41.67132897414801,0.6226583508477009,0.7649637748985794,618,489,931,856,0.0,1.0,0.0,inmovilidad,1.0,1
IMG_0839,12,27,0,2,130.0,135.0,13,13,167.0,648,958,615,858,0.4330500887769827,0.36557191697991637,0.23214123482350513,0.22664187364770827,2.0,0.25102880658436216,0.18012029123140233,0.08614120647063356,0.42717425391606373,0.8929071506759686,2.09099174114328,43.56116512252046,57.28391506189821,0.49743622647358265,0.661560334932684,623,496,936,863,1.0,0.0,0.0,escalamiento,1.0,1
IMG_0839,12,28,0,2,135.0,140.0,12,12,167.0,648,958,615,858,0.4230962201140433,0.4134506448859365,0.08982747752327344,0.1385919402229397,1.0,0.23868312757201646,0.17832647462277093,0.10208590408685722,0.4229401175110811,0.88343008301517,1.929007296541165,32.0180522119955,46.52009366973863,0.6249404353011067,0.7651903048534913,619,478,934,846,0.001,0.999,0.0,inmovilidad,0.999,1
IMG_0839,12,29,0,2,140.0,145.0,13,13,167.0,648,958,615,858,0.21351748064185774,0.1701020379709754,0.12905429561919643,0.0879910181370465,1.0,0.2222222222222222,0.16397594175371955,0.07301214408383427,0.4173508920336265,0.9395332348403703,1.7409365084135946,28.688539181027405,37.220503980124725,0.6144080208190884,0.7577636826304334,613,470,927,837,0.0,1.0,0.0,inmovilidad,1.0,1
IMG_0839,12,30,0,2,145.0,150.0,12,12,167.0,648,958,615,858,0.5900778926600956,0.5875354840860771,0.05471722165752074,0.24806873799808718,2.0,0.2345679012345679,0.18655692729766804,0.08901267192125337,0.44507829361605156,0.9115702593950155,1.9252567982764084,43.938365425244335,65.77119480305896,0.5043781225973059,0.6646630218517922,607,472,923,841,1.0,0.0,0.0,escalamiento,1.0,1
IMG_0839,12,31,0,2,150.0,155.0,12,12,167.0,648,958,615,858,0.20126342321642995,0.18349452215376608,0.08268449591281818,0.08655497174940548,1.0,0.32098765432098764,0.16255144032921812,0.09190090941363147,0.4546689146998428,0.8136242325964274,2.055954726605573,34.23808824737362,43.99038632722094,0.5740091970344975,0.7244236399251894,604,479,919,848,0.003,0.003,0.994,nado,0.994,1
IMG_0839,12,32,0,2,155.0,160.0,13,13,167.0,648,958,615,858,0.6079426905799364,0.564180811924848,0.2264825081223528,0.19205352396211137,1.0,0.23045267489711935,0.12345679012345678,0.07593185787375877,0.417858188858316,0.8424359224841186,2.165805430020153,35.69626080944696,57.27766772123828,0.5176531109179671,0.676612511846222,626,471,937,837,0.0,0.0,1.0,nado,1.0,1
IMG_0839,12,33,0,2,160.0,165.0,12,12,167.0,648,958,615,858,0.27007426644742516,0.24057980641078158,0.12272516508225059,0.1285751195071551,1.0,0.2222222222222222,0.17421124828532236,0.07949672088638614,0.41231307614822565,0.9279022365751565,2.053667759664062,40.19982766607783,50.75715736978205,0.5595425574703828,0.7156204043575807,646,491,959,859,1.0,0.0,0.0,escalamiento,1.0,1
IMG_0839,12,34,0,2,165.0,170.0,13,13,167.0,648,958,615,858,0.31188967743501245,0.30687248810842815,0.055717563951223986,0.1043880107498178,2.0,0.24279835390946503,0.205761316872428,0.12245704220329218,0.5057749342153626,0.8500716255914423,1.678634680838432,31.089284659038633,39.46905761159863,0.6227819666921394,0.7652049482594999,642,495,954,861,0.0,1.0,0.0,inmovilidad,1.0,1
IMG_0839,12,35,0,2,170.0,175.0,12,12,167.0,648,958,615,858,0.35658866449591387,0.3518154398756589,0.05814956502052324,0.1610749536379146,1.0,0.32510288065843623,0.21433470507544583,0.10720826944303967,0.5006477440252496,0.8621833867751381,1.6372076603665662,33.64261522606255,45.447084233261336,0.5960300986027879,0.7441342355014973,640,490,953,857,0.009,0.823,0.169,inmovilidad,0.823,1
IMG_0839,12,36,0,2,175.0,180.0,13,13,167.0,648,958,615,858,0.7575919408617544,0.7515051787080927,0.09584109365818762,0.20539087427569663,2.0,0.23868312757201646,0.15384615384615385,0.10467683990751966,0.5015483796922707,0.8330297735164623,1.7531901195312884,35.54592030493951,46.916040424980565,0.5559452279781646,0.7101882558823285,645,510,958,877,0.0,0.0,1.0,nado,1.0,1
IMG_0839,12,37,0,2,180.0,185.0,12,12,167.0,648,958,615,858,0.9365356213727596,0.9201438270023901,0.17445431416120563,0.2478865435500895,2.0,0.3045267489711934,0.20233196159122083,0.10930500441682398,0.5005013907293587,0.8825511566969187,1.7098590520070749,35.14772836468646,54.000511552562024,0.5734705943727831,0.7172907247125293,652,505,962,870,0.077,0.002,0.922,nado,0.922,1
IMG_0839,12,38,0,2,185.0,190.0,13,13,167.0,648,958,615,858,0.719621624932267,0.6761902927433694,0.2462152941427338,0.1937103519726657,2.0,0.15637860082304528,0.12060778727445394,0.056213450861917424,0.39206049109408225,0.8934247823602134,2.1176635477365053,35.35561742573014,55.705530850472485,0.5572077404959985,0.7065315178033077,651,481,963,848,0.003,0.0,0.997,nado,0.997,1
IMG_0839,12,39,0,2,190.0,195.0,12,12,167.0,648,958,615,858,0.3903453099757728,0.3883168618303109,0.03974261992296682,0.13843706933830055,1.0,0.205761316872428,0.16598079561042525,0.085437469978775,0.4258761438347705,0.9101635942950228,1.8018811605083842,32.300402352969485,43.54212077272089,0.6200360695098724,0.7638902553067014,647,488,959,855,0.002,0.997,0.0,inmovilidad,0.997,1
IMG_0839,12,40,0,2,195.0,200.0,13,13,167.0,648,958,615,858,0.4377702261688267,0.4264585347516438,0.09887309572065958,0.1300899652019899,1.0,0.2139917695473251,0.14973092750870529,0.09212400054441654,0.4693129749408097,0.8759454937909564,1.8469294605859123,29.81336227719076,41.86326863534973,0.6138475855791987,0.757335868007574,658,499,969,864,0.0,1.0,0.0,inmovilidad,1.0,1
IMG_0839,12,41,0,2,200.0,205.0,12,12,167.0,648,958,615,858,0.7933917732648164,0.7724325473588147,0.18115867537896796,0.20387335375594232,2.0,0.2757201646090535,0.1807270233196159,0.11555339411077949,0.5120304462832154,0.829686933114846,1.8419439497998649,33.54806644374014,40.35348230528953,0.5809512118731028,0.7336349803783909,598,485,918,858,0.0,0.0,1.0,nado,1.0,1
IMG_0839,12,42,0,2,205.0,210.0,13,13,167.0,648,958,615,858,0.8130776233198616,0.7912184417664729,0.18726611800352208,0.2859916835834771,2.0,0.3497942386831276,0.23773345995568218,0.11547895381585224,0.5022624551139803,0.8751232413242047,1.8259478762901356,41.81006254477601,54.02609410990458,0.5007215314092389,0.6648203010920603,677,502,990,870,0.005,0.0,0.994,nado,0.994,1
IMG_0839,12,43,0,2,210.0,215.0,12,12,167.0,648,958,615,858,0.38277247422152133,0.3789713915951198,0.053809398566826476,0.12888397363287865,2.0,0.2674897119341564,0.22359396433470508,0.09979801378782761,0.5171767060550535,0.95403735175684,1.6732464410376364,29.464551633627426,37.39612267485451,0.6440478875611825,0.781952043922174,659,539,967,901,0.0,1.0,0.0,inmovilidad,1.0,1
IMG_0839,12,44,0,2,215.0,220.0,13,13,167.0,648,958,615,858,0.4761488533833655,0.4724740488073652,0.059042389703238926,0.10459693333269755,1.0,0.24279835390946503,0.16302627413738524,0.10974429405849345,0.48562918476967953,0.840117408180277,1.996979722559926,30.70803450285858,39.19848134023427,0.5913501243341855,0.7394850549188852,603,531,914,895,0.0,0.011,0.989,nado,0.989,1
IMG_0839,12,45,0,2,220.0,225.0,12,12,167.0,648,958,615,858,0.9263917529597697,0.9110466168234665,0.16791587752916828,0.22907648763485985,2.0,0.22633744855967078,0.1419753086419753,0.07307808348088404,0.3887800635293559,0.8830191329250536,2.0148920734269695,42.706881112376294,73.1854666758374,0.4913002210275868,0.6507130458432074,654,513,964,878,1.0,0.0,0.0,escalamiento,1.0,1
IMG_0839,12,46,0,2,225.0,230.0,13,13,167.0,648,958,615,858,0.6704437358125505,0.662773619331583,0.10112335243850895,0.16936715278028017,2.0,0.23868312757201646,0.2187401076289965,0.11854203409971069,0.49807449926233216,0.9253597099455977,1.5690471267642,33.62374791652709,44.29554988145176,0.599110525897046,0.7471025050191216,690,513,998,874,0.078,0.432,0.489,nado,0.489,0
IMG_0839,12,47,0,2,230.0,235.0,12,12,167.0,648,958,615,858,0.37855191333043253,0.3757686588098132,0.04581993171541732,0.1688399748053519,2.0,0.23045267489711935,0.20747599451303153,0.10640183291466108,0.5086463996659824,0.9180484935657806,1.6415813584651302,31.837969721760043,37.64063889712422,0.6097459862803495,0.7558728622939701,651,497,960,860,0.001,0.999,0.0,inmovilidad,0.999,1
IMG_0839,12,48,0,2,235.0,240.0,13,13,167.0,648,958,615,858,0.4957661660288613,0.4894064851081959,0.07915417685124179,0.16434587640329412,2.0,0.2962962962962963,0.20766065210509654,0.1091405005551946,0.5095052201056061,0.8959227248596997,1.7458506102170515,32.66114187977947,49.275125448028675,0.6048869843524209,0.7515475466181907,634,499,947,866,0.03,0.55,0.42,inmovilidad,0.55,0
IMG_0839,12,49,0,2,240.0,245.0,12,12,167.0,648,958,615,858,0.2836845373603256,0.2765559232903706,0.06319602859636557,0.1086053666830272,1.0,0.2839506172839506,0.20919067215363513,0.12413447613311895,0.5442819338144447,0.8792660202056238,1.7911493435405592,30.567627841929063,36.20155338554256,0.6207124271337587,0.7647121280160758,663,502,975,867,0.0,1.0,0.0,inmovilidad,1.0,1
IMG_0839,12,50,0,2,245.0,250.0,13,13,167.0,648,958,615,858,0.46452791536548843,0.43536832025439687,0.16198953630611862,0.1410544190438512,1.0,0.27983539094650206,0.14339981006647673,0.06902820978124609,0.40205478995005606,0.9549334480484435,2.0392628406215074,34.56870656277692,39.90216307598942,0.5467438233217473,0.7023923383231835,670,504,978,866,0.021,0.0,0.979,nado,0.979,1
IMG_0839,12,51,0,2,250.0,255.0,12,12,167.0,648,958,615,858,0.47219927425370306,0.4289292895865363,0.19746346279885085,0.1354364868516643,2.0,0.19753086419753085,0.12962962962962962,0.06440142379592191,0.41562543951849173,0.8704860240413078,2.2054285158748406,30.83658584455992,37.784834906686385,0.6545601421867893,0.7901193965497179,655,506,965,871,0.0,0.999,0.001,inmovilidad,0.999,1
IMG_0839,12,52,0,2,255.0,260.0,13,13,167.0,648,958,615,858,1.0641305385796958,1.0586154493749043,0.10819950777467816,0.26300443904811444,2.0,0.32510288065843623,0.21905666350110795,0.12214549578378182,0.4881959964206896,0.9351472492859059,1.9955703656641504,41.314996907841184,52.972127937336815,0.4944236525923343,0.6581878547825615,648,505,959,870,0.65,0.0,0.35,activa,1.0,1
IMG_0839,12,53,0,2,260.0,265.0,12,12,167.0,648,958,615,858,0.897264287658109,0.8921327143612462,0.09582495433366266,0.23105323760659882,2.0,0.36213991769547327,0.24828532235939643,0.13333083935859172,0.5758584041034014,0.9587327527543202,1.8537041890392683,39.88132841390712,52.29873565693543,0.5320424649603785,0.6891790742780294,662,475,971,838,0.395,0.001,0.604,activa,0.999,1
IMG_0839,12,54,0,2,265.0,270.0,13,13,167.0,648,958,615,858,0.6257308506290113,0.5751908640893091,0.2463626743179656,0.20782738088360064,1.0,0.35390946502057613,0.2048116492560937,0.11466562466757298,0.4739668718977431,0.9501616248728066,2.2261388358843055,40.247494350617146,62.00543319040136,0.4851813825754246,0.6461043004113052,634,485,944,849,0.373,0.0,0.627,activa,1.0,1
IMG_0839,12,55,0,2,270.0,275.0,12,12,167.0,648,958,615,858,0.16731029025672256,0.151474202288206,0.07105138469403957,0.05824217382351024,1.0,0.18518518518518517,0.13854595336076816,0.08340644464804377,0.44760811487359475,0.8321828295319262,2.506558943840146,28.80422653244834,38.60163614467838,0.6390202313442676,0.7777071994120148,638,504,947,868,0.0,1.0,0.0,inmovilidad,1.0,1
IMG_0839,12,56,0,2,275.0,280.0,13,13,167.0,648,958,615,858,0.09872248615544367,0.0619319446859701,0.07688018925656795,0.03418502993092478,1.0,0.3292181069958848,0.13485280151946819,0.09953494546161865,0.5287852564917647,0.8581241014949044,2.1445928517883406,26.606850236004885,35.56960750260507,0.6838795068352685,0.8103042291218302,645,511,955,875,0.0,1.0,0.0,inmovilidad,1.0,1
IMG_0839,12,57,0,2,280.0,285.0,12,12,167.0,648,958,615,858,0.15989534220761165,0.0568044366913012,0.14946496723939423,0.06435127646212656,1.0,0.24279835390946503,0.18484224965706447,0.0963602047353693,0.43984840338941866,0.9203576575927125,2.410239457568997,30.105828977950992,40.93759471536818,0.5745329037828101,0.7271745878975056,641,497,950,860,0.015,0.985,0.0,inmovilidad,0.985,1
IMG_0839,12,58,0,2,285.0,290.0,13,13,167.0,648,958,615,858,0.17341599319226494,0.09375109896352093,0.14588981505914586,0.07303837582388568,1.0,0.16049382716049382,0.12155745489078823,0.06308125733094662,0.3969845787511221,0.9225212741376865,2.0620120526004806,26.486486752729412,34.254054527921454,0.6336681211283717,0.7740195289529487,634,495,945,859,0.0,1.0,0.0,inmovilidad,1.0,1
IMG_0839,12,59,0,2,290.0,295.0,12,12,167.0,648,958,615,858,0.3415606676783271,0.33978094378982593,0.034822405749168825,0.08647402223779475,1.0,0.16872427983539096,0.11488340192043896,0.04936586274459685,0.39979538914661594,0.9509393034680317,2.117392426288751,30.688696869592196,38.22780181064086,0.601807243562552,0.748797864421463,645,515,954,877,0.0,1.0,0.0,inmovilidad,1.0,1
IMG_0839,12,60,0,2,295.0,300.0,12,12,167.0,648,958,615,858,0.5498393062267414,0.5384937439500098,0.11112043195832852,0.13229802710691418,1.0,0.18106995884773663,0.12757201646090535,0.06574548467655288,0.40511189663000063,0.8897257787188879,2.1990298936358577,30.814137713193634,39.378264532434706,0.6458025871931173,0.7836926716456983,645,511,956,876,0.028,0.956,0.016,inmovilidad,0.956,1
IMG_0839,12,61,0,2,300.0,305.0,13,13,167.0,648,958,615,858,0.3389458074871216,0.3371208788071117,0.03512511189188727,0.07220117991839631,1.0,0.21810699588477367,0.1728395061728395,0.092487930875172,0.47709612133264806,0.9291546490434851,1.5393574774091916,25.013418976168534,35.91077063452838,0.6880097012572333,0.813971011051573,643,494,954,858,0.0,1.0,0.0,inmovilidad,1.0,1
IMG_0839,12,62,0,2,305.0,310.0,12,12,167.0,648,958,615,858,0.36802077319239496,0.36646505572875565,0.03380314232210068,0.09561334275510552,2.0,0.2757201646090535,0.21021947873799726,0.1089286673702473,0.5099994209524842,0.9148106602184533,1.6161644356621439,25.49910235303949,31.462980217889907,0.6759012425213425,0.8048359472317475,638,488,950,853,0.0,1.0,0.0,inmovilidad,1.0,1
IMG_0839,12,63,0,2,310.0,315.0,13,13,167.0,648,958,615,858,0.3805343745139909,0.3303416584134423,0.18889361795309792,0.14581226382161938,1.0,0.18930041152263374,0.12219056663501109,0.06647242632207705,0.4188341838362511,0.9167780432929895,2.0467698936728085,34.258134806762016,42.7960965812339,0.5599858532921698,0.7165369506899668,659,506,968,869,0.939,0.003,0.058,escalamiento,0.939,1
IMG_0839,12,64,0,2,315.0,320.0,12,12,167.0,648,958,615,858,0.5722969389171231,0.5641799603423894,0.0960456070935534,0.15518871176633817,1.0,0.25102880658436216,0.11625514403292181,0.06625622781119264,0.4198547510895438,0.8756662670261125,2.1596681215176257,34.292682476744034,46.850589278925355,0.5870493265397677,0.7380619219080797,670,498,980,862,0.003,0.006,0.991,nado,0.991,1
IMG_0839,12,65,0,2,320.0,325.0,13,13,167.0,648,958,615,858,0.9393806992039816,0.9338390115140346,0.10188620422536243,0.21694524412346594,2.0,0.22633744855967078,0.14719848053181386,0.1035933200591341,0.49461716112015536,0.813318314348852,1.7759319379033849,34.48732831632448,50.81004681310767,0.571194180048604,0.7203582293809665,652,499,964,865,0.0,0.0,1.0,nado,1.0,1
IMG_0839,12,66,0,2,325.0,330.0,12,12,167.0,648,958,615,858,0.6088504931246808,0.6000809519113399,0.10296491699286224,0.15728660469953604,2.0,0.13580246913580246,0.11385459533607682,0.046970447575116786,0.37407603749525314,0.9501419836070127,1.8574757598491383,34.071382709642016,48.739711015504504,0.5479997589840411,0.7010016343639381,642,487,952,851,0.0,0.0,1.0,nado,1.0,1
IMG_0839,12,67,0,2,330.0,335.0,13,13,167.0,648,958,615,858,0.39838055198114525,0.3580606573817009,0.17464143217514627,0.13561023388329238,1.0,0.13991769547325103,0.11269389047166824,0.05406846754882841,0.38502174765151637,0.9295199885062093,1.9256908239026995,28.876231264167163,35.541613253130855,0.6622484392620778,0.7958343238778762,637,495,948,859,0.0,1.0,0.0,inmovilidad,1.0,1
IMG_0839,12,68,0,2,335.0,340.0,12,12,167.0,648,958,615,858,0.5414642201392906,0.5405800031964126,0.030931566969954076,0.128047511606573,2.0,0.13991769547325103,0.11145404663923182,0.051767251517990845,0.40158149671687665,0.8974215806744635,2.2278294162294183,32.096715427627714,41.1718067563954,0.6167051664041182,0.7615044068091926,625,493,937,858,0.008,0.705,0.287,inmovilidad,0.705,0
IMG_0839,12,69,0,2,340.0,345.0,13,13,167.0,648,958,615,858,0.13924138410190087,0.13592494184069195,0.030208827057957667,0.04943640980504422,1.0,0.14814814814814814,0.12187401076289965,0.055841249387281154,0.3843021581338863,0.9109150725399893,2.447621474404582,25.49108521584103,35.70592937414774,0.667729488334168,0.7992970023037924,643,497,956,863,0.0,1.0,0.0,inmovilidad,1.0,1
IMG_0839,12,70,0,2,345.0,350.0,12,12,167.0,648,958,615,858,0.582012859957484,0.5747752890728911,0.09150047118493065,0.13692737784021378,2.0,0.14814814814814814,0.10493827160493827,0.049939328720332736,0.40428455248792333,0.9301203030486801,2.008500350394345,31.51913386582927,43.1735926394279,0.6277618295963073,0.7688545134026082,640,483,950,847,0.003,0.947,0.051,inmovilidad,0.947,1
IMG_0839,12,71,0,2,350.0,355.0,13,13,167.0,648,958,615,858,0.700383353939242,0.6947411236801677,0.08872211417002787,0.1519833931194698,2.0,0.15637860082304528,0.11396011396011396,0.05717290355209091,0.40522263805640474,0.9013827070630597,1.9574417317199264,33.06030880513178,39.06595963421893,0.627159268083804,0.7698820561760249,651,498,963,864,0.007,0.639,0.353,inmovilidad,0.639,0
IMG_0839,12,72,0,2,355.0,360.0,12,12,167.0,648,958,615,858,0.4578667131409628,0.4516975461642141,0.07490830255543392,0.14262138063330423,1.0,0.22633744855967078,0.1159122085048011,0.05760644934384315,0.40295841241903413,0.9564927409212141,1.95328502786694,34.189633731273794,43.401032616789955,0.5593552908202067,0.7148790903411898,663,501,974,867,0.002,0.0,0.998,nado,0.998,1
IMG_0839,12,73,0,2,360.0,365.0,13,13,167.0,648,958,615,858,0.2986803205016099,0.23274643515873206,0.18718715440928782,0.12622784230172845,1.0,0.15637860082304528,0.10383032605254827,0.06793917583693997,0.4369948587505406,0.8534351464903185,1.9094845387549975,36.21184662714595,60.266283621035726,0.5707938021327486,0.7214670547607407,678,503,987,866,0.017,0.003,0.98,nado,0.98,1
IMG_0839,12,1,0,3,0.0,5.0,13,13,167.0,958,1260,615,858,1.0536475654470197,1.043554441785285,0.14548992818279113,0.35277567850752817,2.0,0.2839506172839506,0.1829692940804052,0.09315789352951727,0.2948414659190893,0.5587538029483153,2.074586831929608,55.40715196703322,82.25895482728077,0.3584230945532864,0.5076215082507038,980,492,1284,858,0.0,0.0,1.0,nado,1.0,1
IMG_0839,12,2,0,3,5.0,10.0,12,12,167.0,958,1260,615,858,0.47974756907469873,0.4481063316359728,0.17134306399978486,0.23769968890368154,2.0,0.3333333333333333,0.1958161865569273,0.09151262515922695,0.38192535303813796,0.772704636828833,2.5844171460536423,58.75932238284029,83.77581939799332,0.33864762230976564,0.4834671776276756,992,520,1293,883,0.0,0.0,1.0,nado,1.0,1
IMG_0839,12,3,0,3,10.0,15.0,13,13,167.0,958,1260,615,858,0.8404109682277204,0.8359334798227526,0.08663609426144589,0.2520383752985317,2.0,0.32510288065843623,0.19404874960430515,0.08443459378322728,0.37644732849508095,0.7995234452431077,2.564781740233469,57.22589963614815,72.65372971869792,0.3293503525778206,0.4879112610420401,971,498,1273,863,0.0,0.0,1.0,nado,1.0,1
IMG_0839,12,4,0,3,15.0,20.0,12,12,167.0,958,1260,615,858,0.5862204540289937,0.550427603140373,0.2017024403003185,0.30080906062008594,1.0,0.27983539094650206,0.17592592592592593,0.08177565077954486,0.3325475430857133,0.7366049426762357,2.745995094371428,55.815625786786285,76.6525319210679,0.2825782153514838,0.4154246560716388,984,524,1286,889,0.0,0.0,1.0,nado,1.0,1
IMG_0839,12,5,0,3,20.0,25.0,13,13,167.0,958,1260,615,858,0.6471400190792225,0.6190348545113971,0.1886426600584026,0.2582659146273992,2.0,0.3168724279835391,0.16270971826527383,0.06526483931547938,0.35999050922023734,0.7915909704969553,2.672521834019882,57.57247128991823,80.38976285513031,0.3189464516505697,0.474162585600026,963,522,1267,887,0.0,0.0,1.0,nado,1.0,1
IMG_0839,12,6,0,3,25.0,30.0,12,12,167.0,958,1260,615,858,0.8128350446556946,0.7784623432331901,0.23387430382219376,0.31445348289323405,2.0,0.2674897119341564,0.15020576131687244,0.07153689367109387,0.3338049867095925,0.6115732607464363,2.57555399905431,49.670442577037086,65.34203176123215,0.3523282063912609,0.5149220430766385,960,509,1264,875,0.0,0.0,1.0,nado,1.0,1
IMG_0839,12,7,0,3,30.0,35.0,13,13,167.0,958,1260,615,858,0.9703155315709987,0.945374904030475,0.21858298569943604,0.2760843931728071,2.0,0.2674897119341564,0.13580246913580246,0.0630123311319399,0.3299827992206734,0.7128018328130847,2.700128940790861,51.316517030625405,77.232745544179,0.40554663659879686,0.5637000916901499,953,508,1257,874,0.0,0.0,1.0,nado,1.0,1
IMG_0839,12,8,0,3,35.0,40.0,12,12,167.0,958,1260,615,858,0.30406588430324016,0.23537707066451058,0.1924933676844619,0.09879551533717544,1.0,0.2139917695473251,0.12688614540466392,0.06457764511138242,0.32508053819331906,0.7311969398805207,2.0829599402204915,43.95889008010183,57.819007139025295,0.427098235972785,0.5868266037622316,930,516,1234,882,0.988,0.0,0.012,escalamiento,0.988,1
IMG_0839,12,9,0,3,40.0,45.0,13,13,167.0,958,1260,615,858,0.6755013361786296,0.6579750694608428,0.15287531895997208,0.32010963656122443,2.0,0.2551440329218107,0.13706869262424817,0.056538782521229125,0.3536741123432619,0.729879379199576,2.882616979829123,59.33592585627655,82.27250312798999,0.2894536331029066,0.4255924573393971,933,504,1239,872,0.0,0.0,1.0,nado,1.0,1
IMG_0839,12,10,0,3,45.0,50.0,12,12,167.0,958,1260,615,858,0.41278637259444123,0.4007910905243166,0.09878811242252747,0.18625934110392012,1.0,0.26337448559670784,0.16015089163237312,0.07449084080652503,0.3724900456561086,0.816327343548191,2.0757277748579406,44.030409995319324,61.11596232179226,0.47193825021380503,0.6317185426680824,934,507,1241,876,0.0,0.0,1.0,nado,1.0,1
IMG_0839,12,11,0,3,50.0,55.0,13,13,167.0,958,1260,615,858,0.5474585136576406,0.5335682787399016,0.1225386310465871,0.16920836444514667,1.0,0.27983539094650206,0.17220639442861665,0.07116492195045428,0.3730589165519107,0.8986208381027221,2.653574979715214,47.980344041777535,60.578798351167926,0.3929360083744714,0.5553209082251321,928,489,1235,857,1.0,0.0,0.0,escalamiento,1.0,1
IMG_0839,12,12,0,3,55.0,60.0,12,12,167.0,958,1260,615,858,0.2493501655998475,0.14854787880011158,0.20027239647205186,0.17134376530997486,1.0,0.3497942386831276,0.2184499314128944,0.07999551681319807,0.42986053764535215,0.9467234119002752,2.8084095676635386,56.36913933104503,75.23996200358043,0.32156609672817216,0.4726428828121388,936,500,1244,870,1.0,0.0,0.0,escalamiento,1.0,1
IMG_0839,12,13,0,3,60.0,65.0,13,13,167.0,958,1260,615,858,0.8025963088935929,0.7980121511158095,0.08565886831576877,0.3888323273803554,2.0,0.27983539094650206,0.1864514086736309,0.08611087894307061,0.40116977755480987,0.8599113194481636,2.507865757655537,56.73209547521863,71.28503070989859,0.2726198621236718,0.4059518092835917,932,492,1240,862,0.001,0.0,0.999,nado,0.999,1
IMG_0839,12,14,0,3,65.0,70.0,12,12,167.0,958,1260,615,858,0.8937834868141288,0.8649885791284827,0.22504150568042025,0.25211739407084144,2.0,0.3786008230452675,0.20507544581618656,0.08841829833181877,0.41930816633142054,0.945787121837023,2.8017936937270895,51.05617694941941,68.07196265091002,0.3785019670536196,0.5349226477399457,916,466,1225,836,1.0,0.0,0.0,escalamiento,1.0,1
IMG_0839,12,15,0,3,70.0,75.0,13,13,167.0,958,1260,615,858,0.830879961471142,0.8115802688367034,0.1780420669651715,0.24861148397317667,2.0,0.2551440329218107,0.1706236150680595,0.0697919120662405,0.3984981980813095,0.8944432536660909,2.405486604338302,48.3347599195533,59.19953051643193,0.39748736596470047,0.5602370130625837,948,533,1254,901,1.0,0.0,0.0,escalamiento,1.0,1
IMG_0839,12,16,0,3,75.0,80.0,12,12,167.0,958,1260,615,858,0.7363949843633022,0.7116569932194425,0.18926673505212266,0.28204059147717664,2.0,0.39094650205761317,0.2366255144032922,0.09877055391463417,0.4570732902751937,0.9210298893477987,2.4587000591923545,51.06888922949289,68.5051948911389,0.40170103623695413,0.5549577332909645,936,523,1245,893,1.0,0.0,0.0,escalamiento,1.0,1
IMG_0839,12,17,0,3,80.0,85.0,13,13,167.0,958,1260,615,858,0.8557322880162554,0.8457387706979277,0.13039816138233543,0.19363197044167837,2.0,0.2962962962962963,0.19151630262741373,0.08290167511731791,0.41400659285782065,0.9306459347978357,2.7043706641580787,44.16509934461526,55.56949771689498,0.4335848049206628,0.6020220628392362,942,520,1249,889,1.0,0.0,0.0,escalamiento,1.0,1
IMG_0839,12,18,0,3,85.0,90.0,12,12,167.0,958,1260,615,858,0.7056551573308241,0.7017093834065309,0.07451940892691253,0.28131830285517784,2.0,0.3292181069958848,0.19993141289437585,0.08539266794942063,0.4012260672839986,0.88715827362719,2.791128494566206,56.678367306496746,70.03503468465601,0.31769446895787284,0.46893200308102245,934,510,1242,879,1.0,0.0,0.0,escalamiento,1.0,1
IMG_0839,12,19,0,3,90.0,95.0,13,13,167.0,958,1260,615,858,0.26086696672203974,0.22652062178983548,0.12938308324778816,0.11741230068104906,1.0,0.2716049382716049,0.19658119658119658,0.09397673677371705,0.41922292759864893,0.8756665954704855,2.565061695805528,42.511803666591895,59.52887527986303,0.49410492881747037,0.657371740331233,936,524,1244,894,1.0,0.0,0.0,escalamiento,1.0,1
IMG_0839,12,20,0,3,95.0,100.0,12,12,167.0,958,1260,615,858,0.6912212242651075,0.620408020828575,0.3047632992440599,0.22007191567129133,2.0,0.2345679012345679,0.15020576131687244,0.07577217884605988,0.4022087251278378,0.7313427395079769,2.1855720527093374,42.2193488516015,55.6023630428612,0.4948025010715688,0.6548104439597509,929,541,1238,911,0.0,0.0,1.0,nado,1.0,1
IMG_0839,12,21,0,3,100.0,105.0,13,13,167.0,958,1260,615,858,0.6578534355993411,0.5896773757169802,0.2916363065487418,0.2805040603315759,1.0,0.2674897119341564,0.12883823994935106,0.08771272380798668,0.40790524572174613,0.738158501614981,2.301038839444757,43.478862899714194,51.89775137887145,0.4108482840757085,0.5742791019175523,924,543,1233,913,0.0,0.0,1.0,nado,1.0,1
IMG_0839,12,22,0,3,105.0,110.0,12,12,167.0,958,1260,615,858,0.5799770028495267,0.5623588312945588,0.14186567132092892,0.18256734212728729,1.0,0.18106995884773663,0.1135116598079561,0.05742724122642569,0.3282465482676942,0.7504139119583776,2.0798920370141456,40.611519823513,66.12643968053804,0.4784003569298294,0.6377418807348362,935,524,1244,894,0.0,0.0,1.0,nado,1.0,1
IMG_0839,12,23,0,3,110.0,115.0,13,13,167.0,958,1260,615,858,0.5200759352446119,0.5161888555771234,0.06346687166181617,0.23367809082371713,2.0,0.23045267489711935,0.13516935739157962,0.042508165451421984,0.38953227811451585,0.9038728240206818,2.564402828998172,44.64283290123732,69.50880816425708,0.425034829214457,0.5850276282284738,936,526,1246,897,1.0,0.0,0.0,escalamiento,1.0,1
IMG_0839,12,24,0,3,115.0,120.0,12,12,167.0,958,1260,615,858,0.883109843218994,0.8747041110844782,0.12155539166235779,0.21318711132177756,2.0,0.23045267489711935,0.144718792866941,0.05847560871331784,0.3863428331324784,0.8683946714792853,2.8487818374828984,46.705607168569735,56.18294928805641,0.41882326986528423,0.5784209226096153,920,506,1228,875,0.001,0.0,0.999,nado,0.999,1
IMG_0839,12,25,0,3,120.0,125.0,13,13,167.0,958,1260,615,858,0.1828798719534627,0.14687405119384794,0.1089635748845542,0.08683510277603079,1.0,0.18106995884773663,0.1063627730294397,0.045800080715982745,0.3450638515633429,0.8541378314814191,1.9673145821684126,37.61377968614087,45.97259728362608,0.5324140025633167,0.6913387590407615,924,489,1228,855,0.001,0.001,0.998,nado,0.998,1
IMG_0839,12,26,0,3,125.0,130.0,12,12,167.0,958,1260,615,858,0.6988434490072096,0.688883565787853,0.11756529678312912,0.28809877196121636,2.0,0.24691358024691357,0.1529492455418381,0.09000130336900637,0.43429593855143434,0.6496216096020241,2.0285807802425233,42.2630162994766,52.559214667925716,0.47341613450683484,0.6351024757106973,928,491,1233,858,0.0,0.0,1.0,nado,1.0,1
IMG_0839,12,27,0,3,130.0,135.0,13,13,167.0,958,1260,615,858,0.6559047891157707,0.6498376554593776,0.08900625782529482,0.19342202927838992,2.0,0.1934156378600823,0.08768597657486546,0.047423981964580975,0.3366107425171592,0.7282112586322544,1.8343414828372047,37.01137934967124,52.95760838764522,0.5363832727032755,0.6953656210129253,933,499,1237,865,0.0,0.0,1.0,nado,1.0,1
IMG_0839,12,28,0,3,135.0,140.0,12,12,167.0,958,1260,615,858,0.6974409960580503,0.6885561174543108,0.11097033882389801,0.18317347745040563,2.0,0.1646090534979424,0.10768175582990398,0.060181072630740684,0.3804916880987983,0.6831798752196798,1.8527520872572716,35.40334436718263,57.2345740355949,0.5684520073950616,0.7131123352207002,929,481,1236,849,0.0,0.0,1.0,nado,1.0,1
IMG_0839,12,29,0,3,140.0,145.0,13,13,167.0,958,1260,615,858,0.27498740447143233,0.24312374970018708,0.1284870224950983,0.13499998210848693,1.0,0.14814814814814814,0.08135485913263692,0.03507792119849798,0.31558273772419027,0.8152245685126883,1.7390121978915187,32.15013698516088,39.42790741794726,0.5729324718439858,0.7266181811260336,923,473,1229,840,0.0,0.057,0.943,nado,0.943,1
IMG_0839,12,30,0,3,145.0,150.0,12,12,167.0,958,1260,615,858,0.17022514973711955,0.14351650508698877,0.09154023361692443,0.06702754419023703,1.0,0.2222222222222222,0.10390946502057613,0.049147826201738944,0.36167184896800786,0.8819266066938681,1.804261168549114,36.93423970466577,48.06356413166856,0.5339975199706114,0.6938809234422948,918,477,1225,845,0.014,0.013,0.974,nado,0.974,1
IMG_0839,12,31,0,3,150.0,155.0,12,12,167.0,958,1260,615,858,0.6780987496632053,0.6413813828466425,0.22010869140615713,0.2804973339841823,2.0,0.18930041152263374,0.10219478737997256,0.05375347481936772,0.36710782852967083,0.6440684535987116,2.038307155809787,44.545541755510776,56.04477867763637,0.47347197574580635,0.6366984409322315,914,483,1221,851,0.0,0.0,1.0,nado,1.0,1
IMG_0839,12,32,0,3,155.0,160.0,13,13,167.0,958,1260,615,858,0.5984007956480021,0.5751709923324742,0.16511160410897552,0.2054996405614711,2.0,0.19753086419753085,0.13675213675213677,0.08646929517790554,0.42494104506824615,0.5876643374999388,2.0920152680298596,38.6230667954515,53.371544415775894,0.5190644278206498,0.6747752467169525,937,472,1240,838,0.0,0.0,1.0,nado,1.0,1
IMG_0839,12,33,0,3,160.0,165.0,12,12,167.0,958,1260,615,858,0.3768034063088124,0.36808503724098335,0.0805866761023674,0.1497559730025803,1.0,0.15637860082304528,0.10493827160493827,0.055641133656164986,0.3700438548533603,0.7167221334580186,1.9863931338179646,34.45739119090276,51.54370456952917,0.5130536745636936,0.6721626565055502,957,494,1262,861,0.0,0.0,1.0,nado,1.0,1
IMG_0839,12,34,0,3,165.0,170.0,13,13,167.0,958,1260,615,858,0.7331131170195622,0.7125130933591396,0.17256863602036235,0.2516227523991858,2.0,0.20164609053497942,0.11490978157644824,0.06730781185403845,0.387326639746301,0.6666766171536055,1.8362120148721313,44.60240161447828,54.9489522960321,0.4779153645786097,0.6380090445610844,952,497,1256,863,0.0,0.0,1.0,nado,1.0,1
IMG_0839,12,35,0,3,170.0,175.0,12,12,167.0,958,1260,615,858,0.7650189396354672,0.7574720962629734,0.10719142402240672,0.19592412125252634,2.0,0.18930041152263374,0.06755829903978053,0.06902200642333547,0.38306631138569586,0.4511989293256678,2.2990331525159715,31.76914437079913,47.83748208493626,0.5678811887454769,0.7168550920424183,950,493,1255,860,0.0,0.0,1.0,nado,1.0,1
IMG_0839,12,36,0,3,175.0,180.0,13,13,167.0,958,1260,615,858,0.28482059397042886,0.2632270722093509,0.10878547332140016,0.12147644305873384,1.0,0.17695473251028807,0.0971826527382083,0.03990826922488865,0.32723402240428556,0.8746205084449659,1.612582873912461,35.410707760125845,47.21359883879162,0.5518010012928907,0.7088024355205569,953,513,1259,880,0.0,0.001,0.999,nado,0.999,1
IMG_0839,12,37,0,3,180.0,185.0,12,12,167.0,958,1260,615,858,0.3366180713792183,0.32891094255535025,0.07161925611464834,0.14737471330478066,1.0,0.18930041152263374,0.12688614540466392,0.06472101160531639,0.3934603821959086,0.7262641623845639,1.6777773009377563,30.77013532473971,42.20993572284563,0.5824853138002563,0.734636899917449,962,505,1264,870,0.0,0.975,0.025,inmovilidad,0.975,1
IMG_0839,12,38,0,3,185.0,190.0,13,13,167.0,958,1260,615,858,0.9507559595392977,0.949457624262933,0.04967005464540718,0.19915076844845803,2.0,0.13991769547325103,0.08072174738841406,0.03734697166979908,0.33311756275149884,0.7838870584631028,1.7558518279009607,37.89822791407326,48.739149222200886,0.5736409579166462,0.7278434147677987,961,479,1265,846,0.0,0.0,1.0,nado,1.0,1
IMG_0839,12,39,0,3,190.0,195.0,12,12,167.0,958,1260,615,858,0.6054322279333663,0.5924321377100304,0.12478920157082161,0.17611523011864583,2.0,0.19753086419753085,0.12414266117969822,0.07317067434154972,0.4475364316266278,0.738770534555032,1.7955171619703243,39.33236520341547,50.05274950630412,0.515666841510393,0.6755437033464449,957,487,1261,853,0.0,0.0,1.0,nado,1.0,1
IMG_0839,12,40,0,3,195.0,200.0,13,13,167.0,958,1260,615,858,0.3461215390254934,0.3395721011073251,0.06701423674811738,0.12498169112131428,1.0,0.19753086419753085,0.11522633744855967,0.06255741821849557,0.39720238553998327,0.7754364146358476,1.9829702639806022,37.741447151522344,47.00693020585582,0.5226223649649089,0.6837504874610543,968,498,1271,863,0.0,0.0,1.0,nado,1.0,1
IMG_0839,12,41,0,3,200.0,205.0,12,12,167.0,958,1260,615,858,0.8689080843500585,0.8267704153202616,0.2673049558089978,0.2933478311255658,2.0,0.32098765432098764,0.1330589849108368,0.07513300322727093,0.40881254425467123,0.8020357723291441,2.0025012180586246,40.02013039668645,52.91935064090051,0.47172370329015906,0.6362430124444486,909,477,1220,850,0.0,0.0,1.0,nado,1.0,1
IMG_0839,12,42,0,3,205.0,210.0,13,13,167.0,958,1260,615,858,0.7586940301760297,0.7290139518050786,0.21013160042765738,0.23526188660131644,1.0,0.18518518518518517,0.0937005381449826,0.05371832245787429,0.3638090206452094,0.5488020348186142,2.084821249554034,36.404142222998914,53.68924577565397,0.5347334495348032,0.6929739718223532,989,501,1293,868,0.0,0.0,1.0,nado,1.0,1
IMG_0839,12,43,0,3,210.0,215.0,12,12,167.0,958,1260,615,858,0.7810990453470829,0.7704662288922302,0.12844262835487982,0.19461023507367486,2.0,0.15637860082304528,0.10048010973936901,0.049557018069842154,0.3326490943522499,0.8407911644609317,1.611641078513686,38.56423818247337,49.747205905286684,0.509503621643936,0.6720786660431686,967,539,1268,901,0.0,0.0,1.0,nado,1.0,1
IMG_0839,12,44,0,3,215.0,220.0,13,13,167.0,958,1260,615,858,0.9336334717361979,0.9309587827683579,0.0706201411259093,0.23279569968378916,2.0,0.1934156378600823,0.10984488762266541,0.05517128673293587,0.3295030728755866,0.7042822467597011,1.811546888655779,37.39348633245154,46.279290601871246,0.4937355887182178,0.6568905768694091,912,533,1215,897,0.0,0.0,1.0,nado,1.0,1
IMG_0839,12,45,0,3,220.0,225.0,12,12,167.0,958,1260,615,858,0.4241571312780173,0.4078273379104193,0.11655957475427679,0.1925840921267201,2.0,0.1440329218106996,0.08024691358024691,0.03886426706393358,0.35724540846779657,0.7830487939200496,1.867734073585302,39.01309575837376,49.83778618355564,0.5305472878177331,0.6886088741997304,962,512,1265,876,0.0,0.0,1.0,nado,1.0,1
IMG_0839,12,46,0,3,225.0,230.0,13,13,167.0,958,1260,615,858,0.19923861888510414,0.18049407776527576,0.08436773759504494,0.0951717832320004,1.0,0.16049382716049382,0.100664767331434,0.052474893827793134,0.36345611850629506,0.7887691746933617,1.5165498244851436,33.479348888508945,43.85530947094818,0.5595837651042254,0.7133410475719917,997,513,1297,874,0.0,0.0,1.0,nado,1.0,1
IMG_0839,12,47,0,3,230.0,235.0,12,12,167.0,958,1260,615,858,0.6307540216359121,0.6261481038210026,0.07608671297434082,0.1560560756374083,1.0,0.18106995884773663,0.12654320987654322,0.06579028670590725,0.36565325597663245,0.7315314566547677,1.8408142418139022,37.39761153460951,51.79181968417187,0.5758362718733544,0.7286328844668529,959,497,1260,860,0.0,0.0,1.0,nado,1.0,1
IMG_0839,12,48,0,3,235.0,240.0,13,13,167.0,958,1260,615,858,0.857559511953344,0.856804320847597,0.03598155525467817,0.2516907860607412,2.0,0.1934156378600823,0.11807534029756253,0.06062748464630752,0.3566462100444315,0.7698388055302979,1.5545315805354722,38.36792689058483,55.360200652608,0.5006564715108659,0.6619680206892683,944,497,1249,864,0.0,0.0,1.0,nado,1.0,1
IMG_0839,12,49,0,3,240.0,245.0,12,12,167.0,958,1260,615,858,0.46717877834402216,0.45529183677497215,0.10471558767005576,0.1412845959559416,1.0,0.19753086419753085,0.12688614540466392,0.06511825626559177,0.3804946749007553,0.7700325206125024,1.6689591835313788,33.8085292194929,49.400185099490976,0.6262253712040364,0.7658413115050884,971,498,1275,864,0.01,0.719,0.272,inmovilidad,0.719,0
IMG_0839,12,50,0,3,245.0,250.0,13,13,167.0,958,1260,615,858,0.825480649259404,0.8219028914761336,0.07677199544689596,0.18497111036585648,2.0,0.17695473251028807,0.10667932890155113,0.06324668020856274,0.39987120796552333,0.664526218968295,1.9848633381151617,31.10480816556441,52.85562057506141,0.5688188481540798,0.7155927978636162,978,504,1278,866,0.0,0.0,1.0,nado,1.0,1
IMG_0839,12,51,0,3,250.0,255.0,12,12,167.0,958,1260,615,858,0.959729422128006,0.9518801224834533,0.12249406564826947,0.25844567396163376,2.0,0.23045267489711935,0.15329218106995884,0.08803300087937123,0.4446004053029384,0.7137845868069329,1.577917437769317,39.82621037204992,48.02018586557165,0.5321546456695087,0.6909441780994804,963,508,1266,872,0.0,0.0,1.0,nado,1.0,1
IMG_0839,12,52,0,3,255.0,260.0,13,13,167.0,958,1260,615,858,0.722185749409914,0.6967568005158631,0.1899531984085997,0.2677846244998858,2.0,0.16872427983539096,0.08990186767964546,0.052113720544997945,0.35469146304060106,0.6813502821228554,1.886239536218458,41.49163332677086,56.149568323905925,0.4817491889971366,0.6425473310119038,956,508,1260,873,0.0,0.0,1.0,nado,1.0,1
IMG_0839,12,53,0,3,260.0,265.0,12,12,167.0,958,1260,615,858,0.6956901635478515,0.6828537880919849,0.13302446295949816,0.21224103793304577,1.0,0.2674897119341564,0.13786008230452676,0.07277342968127436,0.3983617242072762,0.7482050382352655,1.9480709231845388,35.273018787254664,54.32937221483856,0.5739072509441555,0.7204661761772003,970,476,1271,839,0.0,0.0,1.0,nado,1.0,1
IMG_0839,12,54,0,3,265.0,270.0,13,13,167.0,958,1260,615,858,0.553575567122213,0.5391390437694289,0.12559856686310375,0.17390666796638785,2.0,0.1646090534979424,0.08610319721430833,0.04327738183233694,0.3541124829689446,0.8082317839015338,1.6462825262811565,36.49029417629583,48.53396107251536,0.5339566005738008,0.6922384278682632,943,486,1244,850,0.0,0.0,1.0,nado,1.0,1
IMG_0839,12,55,0,3,270.0,275.0,12,12,167.0,958,1260,615,858,0.4527744583405965,0.44576865467278975,0.07934114088435859,0.20661452521081505,2.0,0.1934156378600823,0.1419753086419753,0.06915641251139858,0.3985259983149089,0.7824683296299391,1.6651422330970862,39.16554064279509,49.83489787049109,0.5238605263365342,0.6847210491455478,946,505,1248,869,0.0,0.0,1.0,nado,1.0,1
IMG_0839,12,56,0,3,275.0,280.0,13,13,167.0,958,1260,615,858,0.4647965441448607,0.4438809768299363,0.13786045791853077,0.18360442784459644,1.0,0.19753086419753085,0.09401709401709402,0.04530381208313439,0.33160394342131133,0.8421018051542923,1.6517954462212336,34.7107326722106,44.287709497206706,0.5398309909465083,0.6988117997021324,954,512,1256,876,0.0,0.0,1.0,nado,1.0,1
IMG_0839,12,57,0,3,280.0,285.0,12,12,167.0,958,1260,615,858,0.5614889560844373,0.5592781762361371,0.04977719749816767,0.15064287350454536,1.0,0.205761316872428,0.13751714677640603,0.06628609583076223,0.37254082128937693,0.8042987864908157,1.7264812099300826,34.020133940079155,46.35300639658848,0.6170198535160184,0.7597798549054008,950,498,1250,860,0.0,0.022,0.978,nado,0.978,1
IMG_0839,12,58,0,3,285.0,290.0,13,13,167.0,958,1260,615,858,0.7370126288423465,0.7336259980939184,0.07057272839991728,0.17539452976680206,2.0,0.2757201646090535,0.1225071225071225,0.061686191063050684,0.41206011699787104,0.7289754394425363,1.737231307614621,35.305323974013234,45.792849559946575,0.5198664544611145,0.6817195291456107,943,496,1246,861,0.0,0.0,1.0,nado,1.0,1
IMG_0839,12,59,0,3,290.0,295.0,12,12,167.0,958,1260,615,858,0.6723405133521636,0.6690831229301795,0.06610249998789149,0.1654015998847961,2.0,0.17695473251028807,0.12997256515775032,0.06319774260726796,0.3827377631704305,0.7784747435299867,1.752967165677541,38.24855461308809,51.392419271283025,0.575717119198906,0.7274653414654507,953,516,1253,878,0.0,0.0,1.0,nado,1.0,1
IMG_0839,12,60,0,3,295.0,300.0,12,12,167.0,958,1260,615,858,0.7527668592189471,0.7396432087124896,0.13994951998435326,0.32790201576487765,2.0,0.20164609053497942,0.10082304526748971,0.05728984833640564,0.3962679760354489,0.6607076497785868,1.886383162900456,46.152833938406765,69.64432343662216,0.42683537437470087,0.5869693118644659,952,514,1256,879,0.0,0.0,1.0,nado,1.0,1
IMG_0839,12,61,0,3,300.0,305.0,13,13,167.0,958,1260,615,858,0.3790372789912642,0.3426711594065232,0.1620053560105055,0.19944138998502928,1.0,0.18106995884773663,0.12852168407723963,0.06657995119252752,0.34243914190516717,0.750171236132569,1.5610384117016722,40.92603147746501,49.8274363066087,0.49173281024082527,0.652417683565842,951,496,1253,860,0.0,0.0,1.0,nado,1.0,1
IMG_0839,12,62,0,3,305.0,310.0,12,12,167.0,958,1260,615,858,0.3980720143034293,0.34402524412623264,0.20026971806909719,0.11472574969678528,1.0,0.18930041152263374,0.1056241426611797,0.051292350006834575,0.40631856462061156,0.7996669880464755,1.8106614708886528,32.86159440847265,46.59979586155702,0.5948590160004189,0.7413335952959828,947,490,1251,856,0.0,0.015,0.985,nado,0.985,1
IMG_0839,12,63,0,3,310.0,315.0,13,13,167.0,958,1260,615,858,0.7733692757712672,0.7683282305895226,0.08815762466257727,0.20715766044412215,2.0,0.13580246913580246,0.07344096232985121,0.04042108014549861,0.34389762027614923,0.7408319049537864,1.7312971642660773,37.23298134892456,47.91546418636996,0.5640237954787868,0.7197229298667293,966,508,1268,871,0.0,0.0,1.0,nado,1.0,1
IMG_0839,12,64,0,3,315.0,320.0,12,12,167.0,958,1260,615,858,0.3481049800176422,0.33328428398249266,0.10049210498024334,0.1318352489926465,1.0,0.18106995884773663,0.11659807956104253,0.06016016501704199,0.3640314225140044,0.6749130311022528,1.7829537491791736,32.632882267319616,43.741686772264764,0.6171354894328651,0.760382888703424,977,501,1280,865,0.001,0.138,0.861,nado,0.861,1
IMG_0839,12,65,0,3,320.0,325.0,13,13,167.0,958,1260,615,858,0.5326692773194028,0.5234198670319429,0.09883421369261841,0.21870092550690995,2.0,0.16872427983539096,0.0823045267489712,0.049472468599060584,0.3517193653394314,0.7230616783628351,1.663381910584375,36.084222511000924,53.48722645806515,0.5176930044886593,0.6777858781826176,961,502,1264,867,0.0,0.0,1.0,nado,1.0,1
IMG_0839,12,66,0,3,325.0,330.0,12,12,167.0,958,1260,615,858,0.7477902189739902,0.7429096289663548,0.08529651096171073,0.25043826587059703,2.0,0.1934156378600823,0.12414266117969822,0.06711642677479647,0.38216728399665156,0.6630036482305204,1.9275741138621996,39.58705450114106,52.33478876563606,0.512202219675283,0.6690172278735066,951,489,1253,853,0.0,0.0,1.0,nado,1.0,1
IMG_0839,12,67,0,3,330.0,335.0,13,13,167.0,958,1260,615,858,0.8338458887202177,0.8252074978765688,0.11971445854157478,0.18949715195480907,2.0,0.1522633744855967,0.10446343779677113,0.05680070207745464,0.3864388703030945,0.7947205143272321,2.0720856077333916,39.25936608300679,59.07891647855531,0.5171035069846464,0.6756843198167914,945,497,1247,861,0.0,0.0,1.0,nado,1.0,1
IMG_0839,12,68,0,3,335.0,340.0,12,12,167.0,958,1260,615,858,0.8388155023743864,0.8293361249846155,0.12574990584130166,0.2287664258549444,2.0,0.14814814814814814,0.10150891632373114,0.06134592539395419,0.3912680695595017,0.6495660527176854,2.004204719889606,37.8874384571977,58.775028006925346,0.5466676344333447,0.6952888231906856,934,496,1238,862,0.0,0.0,1.0,nado,1.0,1
IMG_0839,12,69,0,3,340.0,345.0,13,13,167.0,958,1260,615,858,0.783551312711297,0.7802561030077423,0.07178491046708879,0.1786787891898193,2.0,0.16049382716049382,0.08673630895853118,0.04037972442609458,0.3572720599314125,0.7604713371819144,1.817659224153575,36.512858628117485,51.43009118541033,0.5679564129703636,0.7212537986398792,951,501,1256,868,0.0,0.0,1.0,nado,1.0,1
IMG_0839,12,70,0,3,345.0,350.0,12,12,167.0,958,1260,615,858,0.7303574649214155,0.7258187052164465,0.08129719382831092,0.208705553926344,2.0,0.18106995884773663,0.10802469135802469,0.07224476573489284,0.39383373244052833,0.6589452470242986,1.7680303672759254,35.6346526837333,48.91681609882447,0.556687511965867,0.7079434035023651,948,485,1250,849,0.0,0.0,1.0,nado,1.0,1
IMG_0839,12,71,0,3,350.0,355.0,13,13,167.0,958,1260,615,858,0.5347497596632506,0.5305406911061846,0.06696178417930833,0.14852558164972735,1.0,0.1440329218106996,0.08610319721430833,0.04642041650704319,0.36191768574446515,0.8051337547361388,1.667547574787735,32.136072842635386,46.43798698322486,0.5994990297809976,0.748141736318052,960,500,1264,866,0.0,0.0,1.0,nado,1.0,1
IMG_0839,12,72,0,3,355.0,360.0,12,12,167.0,958,1260,615,858,0.35110342875642414,0.3236305333184139,0.13615026841162073,0.14367738956678267,1.0,0.18106995884773663,0.11419753086419752,0.06718213641784954,0.3907155111974645,0.6797800792320449,1.836022451526665,34.31839950703807,40.70412387548762,0.606158971015539,0.7528360205599959,971,504,1275,869,0.001,0.096,0.904,nado,0.904,1
IMG_0839,12,73,0,3,360.0,365.0,13,13,167.0,958,1260,615,858,0.6356066273601813,0.6304379637680159,0.08089350149562274,0.25033087219846795,2.0,0.16872427983539096,0.0857866413421969,0.048223525873058885,0.3794359684840121,0.6734658678942845,1.8548438088492996,37.938873292786596,53.33565938511327,0.4847807158315073,0.6481188744860054,984,506,1286,869,0.0,0.0,1.0,nado,1.0,1
IMG_0839,12,1,0,4,0.0,5.0,13,13,167.0,1260,1566,615,858,0.3458223639544023,0.323959890951469,0.12100866277140405,0.13147332694550645,1.0,0.35802469135802467,0.1611269389047167,0.08179334183728991,0.33911689911304344,0.8757636926753433,2.5477537830922694,50.864088607440635,78.84813625158736,0.32695286852659006,0.4833563585300669,1281,494,1590,861,1.0,0.0,0.0,escalamiento,1.0,1
IMG_0839,12,2,0,4,5.0,10.0,12,12,167.0,1260,1566,615,858,0.983811714342512,0.9599917682053777,0.21517735535010402,0.47580780818690216,2.0,0.411522633744856,0.22325102880658437,0.10069704117687188,0.3765700171293129,0.9166177982351463,3.0248152297547715,58.756413960565276,87.53394598097258,0.23667499727295985,0.3588272664823658,1291,522,1597,885,1.0,0.0,0.0,escalamiento,1.0,1
IMG_0839,12,3,0,4,10.0,15.0,13,13,167.0,1260,1566,615,858,0.9768068578346881,0.9758030493252402,0.04427241173055438,0.4442624296665354,2.0,0.37448559670781895,0.16967394745172523,0.09557858163863314,0.38184011430536635,0.900940977359141,2.609669304240618,58.83190044713974,81.15442997093336,0.23648996463613273,0.36319743784219677,1271,500,1578,864,1.0,0.0,0.0,escalamiento,1.0,1
IMG_0839,12,4,0,4,15.0,20.0,12,12,167.0,1260,1566,615,858,0.5156814412344846,0.5115241342801047,0.06534836556995616,0.2028533064939407,1.0,0.25102880658436216,0.16838134430727023,0.07104108454623888,0.3800586018150395,0.8015709805867202,2.7226108559777145,47.391072344507535,65.60526091405184,0.44602112433711083,0.5877768156905563,1285,524,1592,889,0.0,0.0,1.0,nado,1.0,1
IMG_0839,12,5,0,4,20.0,25.0,13,13,167.0,1260,1566,615,858,0.32846530619136083,0.30693507070778586,0.1169628989936164,0.12895082985268566,1.0,0.24691358024691357,0.1326369104146882,0.07313896829000663,0.4039406107548798,0.7125261227196162,2.3359825091944284,40.998750345440115,61.66160535117057,0.5300774086867049,0.6745608698213239,1264,524,1572,889,0.002,0.0,0.998,nado,0.998,1
IMG_0839,12,6,0,4,25.0,30.0,12,12,167.0,1260,1566,615,858,1.2761274723728875,1.2433597049242142,0.2873290272763717,0.34396297971791545,2.0,0.32098765432098764,0.18689986282578874,0.078729112783448,0.3491810431840108,0.9041285948957927,2.847862751766686,47.24532841254327,77.54790767755634,0.40490225468343727,0.545782185568505,1262,511,1569,877,1.0,0.0,0.0,escalamiento,1.0,1
IMG_0839,12,7,0,4,30.0,35.0,13,13,167.0,1260,1566,615,858,1.088358523167677,1.0822406570543863,0.11523643161004603,0.4567022317861279,2.0,0.37448559670781895,0.21620766065210512,0.1074972999708745,0.4105051419482795,0.877172718283041,2.879518174385854,55.707434321079376,80.93808645658187,0.2743317807613542,0.4124232955058677,1255,510,1563,876,1.0,0.0,0.0,escalamiento,1.0,1
IMG_0839,12,8,0,4,35.0,40.0,12,12,167.0,1260,1566,615,858,0.39498610266602274,0.332072503410793,0.21387349947523354,0.19208188371013604,1.0,0.32510288065843623,0.1800411522633745,0.08625286691302445,0.35481713847679,0.958543960366575,2.983180056706184,42.17455102258466,72.18038131688994,0.4190292204523951,0.5770024555806933,1231,519,1539,884,1.0,0.0,0.0,escalamiento,1.0,1
IMG_0839,12,9,0,4,40.0,45.0,13,13,167.0,1260,1566,615,858,1.1697359440264625,1.1462777160094684,0.23308705782946412,0.27107003653683565,2.0,0.4156378600823045,0.1911997467553023,0.09979962206580445,0.42130725585661205,0.8543085390485975,2.5950936104367957,52.57065671270429,74.02078948340164,0.3534269259050219,0.5119921597972789,1235,507,1545,875,0.001,0.0,0.999,nado,0.999,1
IMG_0839,12,10,0,4,45.0,50.0,12,12,167.0,1260,1566,615,858,1.1543858542709655,1.1479735423479742,0.12150492422099955,0.2916664580185632,2.0,0.3497942386831276,0.24108367626886146,0.08725344556860527,0.40408443675680716,0.9317091988543331,2.7437857886852908,47.472668131205374,71.67002744302589,0.4257502187677937,0.5763409509174211,1235,511,1547,880,1.0,0.0,0.0,escalamiento,1.0,1
IMG_0839,12,11,0,4,50.0,55.0,13,13,167.0,1260,1566,615,858,0.5635537141373758,0.5513280794405286,0.11674818002199898,0.15769826781362156,1.0,0.2551440329218107,0.0835707502374169,0.0566463073916796,0.30903474881855225,0.9597876884654355,2.8043696407472205,41.9348124983981,59.876078317340315,0.4097615102653379,0.5714825563572947,1230,493,1542,861,0.015,0.0,0.985,nado,0.985,1
IMG_0839,12,12,0,4,55.0,60.0,12,12,167.0,1260,1566,615,858,1.1166614011668423,1.100112975908378,0.19153100295750544,0.3645992402970965,2.0,0.31275720164609055,0.203360768175583,0.0892008404445417,0.4447019565694749,0.8842930379986886,2.770750295470886,52.207619581037925,73.39877518659267,0.3674793752822145,0.5255701184460059,1238,506,1550,875,1.0,0.0,0.0,escalamiento,1.0,1
IMG_0839,12,13,0,4,60.0,65.0,13,13,167.0,1260,1566,615,858,0.49671142207574076,0.492472303201986,0.06475544301011192,0.21509815497620546,1.0,0.2880658436213992,0.11617600506489395,0.052563119362521726,0.340456824421734,0.942333343909964,2.9825143619462917,43.924960112783154,71.13316640109265,0.3608358187481357,0.5158386587315478,1234,497,1546,867,1.0,0.0,0.0,escalamiento,1.0,1
IMG_0839,12,14,0,4,65.0,70.0,12,12,167.0,1260,1566,615,858,0.5697750333818443,0.5375442243737945,0.18891743039660908,0.18067595686214996,1.0,0.3045267489711934,0.1388888888888889,0.05907296910470938,0.3600320946936381,0.9469329987635415,2.994582432964885,46.56269292646949,66.25936795542512,0.36933642447720655,0.5334407210779742,1219,471,1532,842,1.0,0.0,0.0,escalamiento,1.0,1
IMG_0839,12,15,0,4,70.0,75.0,13,13,167.0,1260,1566,615,858,0.37934410571443083,0.3329869218489737,0.1817186298039548,0.1973541167277581,1.0,0.3004115226337449,0.11870845204178537,0.07396608267808723,0.3888016604050447,0.9546986568732526,2.18490582696297,41.2806167239615,56.24166101815847,0.47928424036086575,0.6382429726490485,1249,537,1559,905,0.994,0.0,0.006,escalamiento,0.994,1
IMG_0839,12,16,0,4,75.0,80.0,12,12,167.0,1260,1566,615,858,0.4807735459525455,0.4749449845392856,0.07463554212814516,0.16738584775449308,2.0,0.25102880658436216,0.16495198902606312,0.07992682036818805,0.5158117375607238,0.8584788865714196,2.025024004860619,37.63030837014833,53.551360375079916,0.5590455064670745,0.7132486303067577,1238,529,1551,899,0.0,0.0,1.0,nado,1.0,1
IMG_0839,12,17,0,4,80.0,85.0,13,13,167.0,1260,1566,615,858,0.6070758556979361,0.5920840924937502,0.13408028187333776,0.19819282289591938,2.0,0.2757201646090535,0.1690408357075024,0.08920704380245231,0.4622797455941644,0.8040484526311658,2.0673824214066827,45.34904537952369,62.06657211979645,0.43563428714629854,0.6011277508184902,1243,525,1555,894,0.0,0.0,1.0,nado,1.0,1
IMG_0839,12,18,0,4,85.0,90.0,12,12,167.0,1260,1566,615,858,0.7665881913605107,0.743992213795743,0.18475129483900363,0.30587085789641066,2.0,0.30864197530864196,0.13271604938271606,0.07960424575683661,0.4781003760521759,0.7359268103199201,2.2307373710789453,49.28814952145522,63.78887665565676,0.39404877563391255,0.5568011932370684,1237,515,1548,883,0.0,0.0,1.0,nado,1.0,1
IMG_0839,12,19,0,4,90.0,95.0,13,13,167.0,1260,1566,615,858,0.5451392923713376,0.49900778214746017,0.2194722794418368,0.2514571875270072,2.0,0.2345679012345679,0.13643558088002533,0.08402930773306778,0.4300884536100677,0.7798518783180651,2.19838978933993,41.054016337226585,55.47112302962915,0.4688616955027109,0.6275482112970295,1238,529,1550,899,0.0,0.0,1.0,nado,1.0,1
IMG_0839,12,20,0,4,95.0,100.0,12,12,167.0,1260,1566,615,858,0.22973289323649268,0.18798545688029805,0.13205555738519809,0.11622428258567956,1.0,0.21810699588477367,0.12722908093278465,0.07082304800338098,0.3978420206667656,0.8899449337021655,2.0515334624231607,35.17438958186849,50.973778801843316,0.5680932358203722,0.7214963371964394,1231,547,1544,917,0.983,0.01,0.007,escalamiento,0.983,1
IMG_0839,12,21,0,4,100.0,105.0,13,13,167.0,1260,1566,615,858,0.9622022070736854,0.9607453643490891,0.05292855731273587,0.2503596672599145,2.0,0.13580246913580246,0.09306742640075974,0.044639363524709645,0.3472639758356373,0.7908005582966536,2.2674853483494983,38.349976398177475,50.675409836065576,0.47652820222254455,0.6405219064943913,1226,549,1538,919,0.0,0.0,1.0,nado,1.0,1
IMG_0839,12,22,0,4,105.0,110.0,12,12,167.0,1260,1566,615,858,0.9250463169233497,0.9021553506398243,0.20451506488615961,0.26178410181878753,2.0,0.2222222222222222,0.10905349794238683,0.07274057485974782,0.4307446310246116,0.7607006688084222,2.3036935979338318,36.111284480982434,57.61074125874126,0.5090177291125503,0.6654354260086037,1237,530,1550,900,0.0,0.0,1.0,nado,1.0,1
IMG_0839,12,23,0,4,110.0,115.0,13,13,167.0,1260,1566,615,858,0.724023090124757,0.714519678808904,0.11692332371525561,0.18259298847971075,2.0,0.23868312757201646,0.11142766698322254,0.05566204126986369,0.36072112692970854,0.8719103393811614,2.4331412597617668,38.684683006629776,49.55016181229774,0.4747230740626603,0.6385815680619302,1238,532,1551,903,0.0,0.0,1.0,nado,1.0,1
IMG_0839,12,24,0,4,115.0,120.0,12,12,167.0,1260,1566,615,858,0.41933321882295016,0.39162100583614423,0.1499110943069354,0.131834988237534,1.0,0.18106995884773663,0.12448559670781893,0.04965558253442176,0.4409833881330626,0.8568755565090732,1.9936720257044982,34.41453338903715,46.795550509172195,0.5903976100840043,0.7377430591501685,1222,511,1534,880,0.0,0.0,1.0,nado,1.0,1
IMG_0839,12,25,0,4,120.0,125.0,13,13,167.0,1260,1566,615,858,0.9035587308036096,0.8897913765996635,0.1571295202700808,0.251498708193216,2.0,0.1728395061728395,0.10446343779677113,0.05575578090051282,0.39662340546832686,0.8022171459463912,2.082704996851321,43.86016525336196,65.71143528421644,0.41603142446747243,0.57885371374216,1225,491,1534,858,0.0,0.0,1.0,nado,1.0,1
IMG_0839,12,26,0,4,125.0,130.0,12,12,167.0,1260,1566,615,858,0.7683372023281964,0.7497726449327565,0.1678780432101183,0.39151745734322213,2.0,0.18106995884773663,0.1210562414266118,0.07904870059284248,0.4318318269369442,0.5890338522202915,2.307212364197171,46.504272167923006,63.049734896572325,0.43948292282281276,0.6059474478888803,1230,494,1539,861,0.0,0.0,1.0,nado,1.0,1
IMG_0839,12,27,0,4,130.0,135.0,13,13,167.0,1260,1566,615,858,0.3576615977289859,0.325120397342313,0.14905886663337897,0.1260252276885603,1.0,0.18518518518518517,0.1259892371003482,0.04971233177160395,0.4044809921550925,0.8196633186380196,2.0705473599054107,30.99688014184655,44.990358574368976,0.6186973667668241,0.7617865968662024,1235,501,1543,867,0.0,1.0,0.0,inmovilidad,1.0,1
IMG_0839,12,28,0,4,135.0,140.0,12,12,167.0,1260,1566,615,858,0.7246213003658122,0.7173053146020044,0.10270888271011547,0.2740790813915418,2.0,0.18106995884773663,0.12962962962962962,0.06389964106715303,0.38638464835987585,0.7885790729841989,2.0791775809599473,39.050173635567695,59.063371310013466,0.47168437786860656,0.6321459411203197,1231,485,1542,853,0.0,0.0,1.0,nado,1.0,1
IMG_0839,12,29,0,4,140.0,145.0,13,13,167.0,1260,1566,615,858,0.9413237146280523,0.9265737548226719,0.16598618193985287,0.26709527899303975,2.0,0.18930041152263374,0.1278885723330168,0.060803935715764715,0.3611898250829542,0.7935885050530457,2.0237600802448785,41.70933952284036,66.19043183179187,0.46315743573978924,0.6230201938859069,1225,476,1535,843,0.0,0.0,1.0,nado,1.0,1
IMG_0839,12,30,0,4,145.0,150.0,12,12,167.0,1260,1566,615,858,0.7807949954546124,0.7772074691911857,0.07476212116038687,0.2765948478864133,2.0,0.1646090534979424,0.09396433470507544,0.05117885153247018,0.40971455844567245,0.6850012139323058,2.0117370186325747,43.5906425109336,56.23115780062584,0.48006839031918,0.6447572532414304,1220,481,1531,850,0.0,0.0,1.0,nado,1.0,1
IMG_0839,12,31,0,4,150.0,155.0,12,12,167.0,1260,1566,615,858,0.48343500031905506,0.4469449704556815,0.1842541530545642,0.24331068345783388,1.0,0.18518518518518517,0.13717421124828533,0.06495696895991605,0.35341632835897674,0.7483229762841553,2.1036958436319675,41.45294936579198,59.20047623408737,0.4828242682479198,0.6434163074052452,1216,487,1527,855,0.0,0.0,1.0,nado,1.0,1
IMG_0839,12,32,0,4,155.0,160.0,13,13,167.0,1260,1566,615,858,0.8900010410701987,0.880816029084255,0.1275342150729854,0.25367116842959553,2.0,0.26337448559670784,0.11870845204178537,0.053412290134284474,0.37322709647748714,0.8456541622845957,1.9935907471038627,42.82275705708612,55.79954976530319,0.459743344027052,0.6278948929498159,1240,472,1547,839,0.0,0.0,1.0,nado,1.0,1
IMG_0839,12,33,0,4,160.0,165.0,12,12,167.0,1260,1566,615,858,0.8731815986691567,0.8699552100349212,0.07499357830854947,0.309091381174013,2.0,0.18930041152263374,0.10219478737997256,0.05231682307807107,0.36749013918016143,0.8252281523632502,1.74809768765743,43.11243231927773,53.24915780866721,0.41390790889724194,0.5782105424199142,1259,496,1568,863,0.0,0.0,1.0,nado,1.0,1
IMG_0839,12,34,0,4,165.0,170.0,13,13,167.0,1260,1566,615,858,0.869685593838765,0.8652462367384889,0.08776093630179772,0.26801859093880465,2.0,0.1728395061728395,0.13516935739157962,0.06369056493016599,0.4153989020777563,0.7295709901508501,2.104782185794593,42.25887480196169,48.49867374005305,0.503938892300255,0.6683339710582146,1254,498,1562,864,0.0,0.0,1.0,nado,1.0,1
IMG_0839,12,35,0,4,170.0,175.0,12,12,167.0,1260,1566,615,858,0.9441033235728875,0.9414914762574038,0.07017752999377175,0.2160639418231535,2.0,0.15637860082304528,0.10528120713305898,0.05135208604597373,0.40193991295171155,0.7624353926572932,1.8370912432006496,35.923430270018294,64.42130124777184,0.55014272292901,0.6972356672133527,1252,496,1561,863,0.0,0.0,1.0,nado,1.0,1
IMG_0839,12,36,0,4,175.0,180.0,13,13,167.0,1260,1566,615,858,0.8564501020125238,0.853735184099563,0.0681396556180594,0.34130265275134525,2.0,0.18518518518518517,0.1304210193099082,0.06471342972342566,0.3882281944293088,0.7277967517646526,2.105849103736951,43.03301198283854,57.81055533674675,0.4429689032047631,0.6096850880173839,1254,517,1564,884,0.0,0.0,1.0,nado,1.0,1
IMG_0839,12,37,0,4,180.0,185.0,12,12,167.0,1260,1566,615,858,0.8660103452786899,0.8475730382277687,0.1777466258443885,0.2415432309795276,2.0,0.12757201646090535,0.1032235939643347,0.04712277447492163,0.3708622385895667,0.6945833657025173,2.156694659810377,42.459310789840714,64.54340849956635,0.5122825092309086,0.6649691170570547,1264,505,1570,870,0.0,0.0,1.0,nado,1.0,1
IMG_0839,12,38,0,4,185.0,190.0,13,13,167.0,1260,1566,615,858,0.9233086773042214,0.9125852998872285,0.14031031328811183,0.2420446891865743,2.0,0.1934156378600823,0.13137068692624249,0.06308401437890689,0.3829842892088779,0.8127700353972499,1.7162695381085509,41.79871221488429,54.15657460150304,0.4660077573373857,0.6340261632189765,1263,478,1571,844,0.0,0.0,1.0,nado,1.0,1
IMG_0839,12,39,0,4,190.0,195.0,12,12,167.0,1260,1566,615,858,0.6263298745814029,0.6248451279871209,0.04310078681317131,0.21093965773840442,2.0,0.1440329218106996,0.10768175582990398,0.045733911564936294,0.39242694871880124,0.8202519465125514,1.9662718035119475,41.421147457058666,49.10318657261007,0.5068543595104273,0.6692206419492691,1259,485,1567,851,0.0,0.0,1.0,nado,1.0,1
IMG_0839,12,40,0,4,195.0,200.0,13,13,167.0,1260,1566,615,858,0.8597293332677576,0.8537197639532056,0.10147458359957037,0.35466995202488594,2.0,0.18106995884773663,0.1326369104146882,0.07078444933193721,0.41148389397417484,0.6850816467862922,2.0410719590878412,45.16033881117839,62.617699718646094,0.4393105716613764,0.6054287574354794,1269,497,1576,862,0.0,0.0,1.0,nado,1.0,1
IMG_0839,12,41,0,4,200.0,205.0,12,12,167.0,1260,1566,615,858,0.8987917052523785,0.8808471405253131,0.17870323012989361,0.30304987636068625,2.0,0.20164609053497942,0.14300411522633744,0.07399204487971309,0.3945774461278108,0.7360346757963031,2.021365988502951,43.70656134889669,63.83684401013391,0.44660205218059223,0.6099891269797948,1211,469,1527,842,0.0,0.0,1.0,nado,1.0,1
IMG_0839,12,42,0,4,205.0,210.0,13,13,167.0,1260,1566,615,858,0.9364289808017867,0.9338980273075287,0.06880196709818111,0.27133894578019785,2.0,0.18930041152263374,0.13865147198480532,0.06903923797308716,0.4317261400984672,0.7699798006133848,1.827105432760442,42.13099150932356,66.9967154483413,0.47439624466062474,0.629164464143828,1292,500,1601,867,0.0,0.0,1.0,nado,1.0,1
IMG_0839,12,43,0,4,210.0,215.0,12,12,167.0,1260,1566,615,858,0.9796439070446051,0.9708848121600954,0.13070908968574196,0.25716389425524994,2.0,0.18106995884773663,0.12174211248285322,0.05851443713875829,0.39357686747223,0.7458703554197291,1.9838966281291999,36.794901289325324,67.08784601895536,0.5467464118668383,0.6891116614294265,1267,539,1572,901,0.0,0.0,1.0,nado,1.0,1
IMG_0839,12,44,0,4,215.0,220.0,13,13,167.0,1260,1566,615,858,0.9240079888370407,0.9176534150393986,0.10818028148050844,0.33189468650737386,2.0,0.19753086419753085,0.12440645773979107,0.05975350044290236,0.36487875525379365,0.7349397589904559,1.9191098500283117,47.03288517279327,66.19999269566487,0.43609067307644245,0.601735178357807,1212,535,1519,899,0.0,0.0,1.0,nado,1.0,1
IMG_0839,12,45,0,4,220.0,225.0,12,12,167.0,1260,1566,615,858,0.21958312727162968,0.20790218449796044,0.07066421628635476,0.10753876212871999,1.0,0.20987654320987653,0.12448559670781893,0.0563251113043083,0.4052313687082789,0.8221922929088846,1.9164588572864742,37.10009560760374,48.255229484330705,0.5436993767986992,0.7026329523654748,1263,511,1569,875,0.0,0.0,0.999,nado,0.999,1
IMG_0839,12,46,0,4,225.0,230.0,13,13,167.0,1260,1566,615,858,0.7422703515311566,0.7341855793718086,0.10925570833905418,0.3065643201672844,2.0,0.20164609053497942,0.1202912314023425,0.07205820548958133,0.4240532756250396,0.71402627203052,2.0900655388053586,42.88739114267109,58.35526741137172,0.44116748448090165,0.6087155207730758,1296,512,1600,873,0.0,0.0,1.0,nado,1.0,1
IMG_0839,12,47,0,4,230.0,235.0,12,12,167.0,1260,1566,615,858,1.0396373218398485,1.0358689497032159,0.08843800089943778,0.26706898475347207,2.0,0.20164609053497942,0.14266117969821673,0.07169818097676958,0.42947225339094763,0.7742845945405593,2.0385796554566524,39.7610789384236,61.72635848613858,0.5144869701216654,0.6717791893536886,1260,497,1565,860,0.0,0.0,1.0,nado,1.0,1
IMG_0839,12,48,0,4,235.0,240.0,13,13,167.0,1260,1566,615,858,1.0529234647308647,1.0493528107478813,0.08664006669186017,0.26520278589183577,2.0,0.17695473251028807,0.11364355808800254,0.04734402757373318,0.3748041279107608,0.8466465023211115,1.6948458951438363,39.355628886639984,49.30374894692502,0.4905775228917863,0.6461939526533562,1246,495,1554,861,0.0,0.0,1.0,nado,1.0,1
IMG_0839,12,49,0,4,240.0,245.0,12,12,167.0,1260,1566,615,858,0.5146907125828503,0.5143195525534439,0.019542964981484084,0.20946127479222815,2.0,0.2222222222222222,0.13340192043895746,0.06998674345543282,0.405300065153289,0.8276230337910727,1.884015282893498,38.20791082373359,56.76883759932915,0.49083976236553784,0.6526288749686526,1271,495,1579,860,0.0,0.0,1.0,nado,1.0,1
IMG_0839,12,50,0,4,245.0,250.0,13,13,167.0,1260,1566,615,858,0.7315230654734316,0.7298799910147548,0.04900197991865236,0.21581322124539482,2.0,0.1728395061728395,0.11617600506489395,0.07097192859323548,0.4652408151034929,0.7556528531594497,1.9770060946935788,37.69795315973753,60.5197011283928,0.5563343908725181,0.6977613919506578,1278,503,1582,866,0.0,0.0,1.0,nado,1.0,1
IMG_0839,12,51,0,4,250.0,255.0,12,12,167.0,1260,1566,615,858,0.8670900030072668,0.8631796867948509,0.08225510087456528,0.22816705869646028,2.0,0.18930041152263374,0.13545953360768176,0.0578005914710454,0.3916742746256479,0.7946631820853228,2.0385179865658167,40.06067669449049,55.34057021137146,0.4722640606784026,0.6301946544036324,1264,509,1570,874,0.0,0.0,1.0,nado,1.0,1
IMG_0839,12,52,0,4,255.0,260.0,13,13,167.0,1260,1566,615,858,0.8414386093918096,0.8384830531081137,0.0704634871810824,0.1983330439701431,2.0,0.1646090534979424,0.1142766698322254,0.05220746017564707,0.3759069470948682,0.8424101585800023,2.000941281574428,39.52098425801849,58.885343688698505,0.5198286242428127,0.6779093853472324,1256,510,1564,876,0.0,0.0,1.0,nado,1.0,1
IMG_0839,12,53,0,4,260.0,265.0,12,12,167.0,1260,1566,615,858,0.8808006085535601,0.8767902442141599,0.0839558198053931,0.23529586921378468,2.0,0.19753086419753085,0.13786008230452676,0.06984636376345581,0.42633013773222816,0.8504548945609122,1.7354788278047142,35.896346714819906,47.33239831697055,0.5251610466809041,0.6848236711918588,1271,476,1576,839,0.0,0.0,1.0,nado,1.0,1
IMG_0839,12,54,0,4,265.0,270.0,13,13,167.0,1260,1566,615,858,0.6828748578294561,0.6769741293465276,0.08957733893742804,0.18769803697896634,2.0,0.19753086419753085,0.14150047483380818,0.07123109110150073,0.4528589127139264,0.7654334023022084,2.085879860304964,38.71090131782856,45.49606933436433,0.5657168728998078,0.7194528039912923,1243,487,1549,850,0.0,0.0,1.0,nado,1.0,1
IMG_0839,12,55,0,4,270.0,275.0,12,12,167.0,1260,1566,615,858,0.9708862021794243,0.9703216472976026,0.033104657799971134,0.24915010056294726,2.0,0.1522633744855967,0.0929355281207133,0.054332914399017516,0.3775885165966354,0.829815051087035,1.839249145044243,37.878452810015325,53.03251341854269,0.4852779539563212,0.6491188869616449,1246,506,1552,870,0.0,0.0,1.0,nado,1.0,1
IMG_0839,12,56,0,4,275.0,280.0,13,13,167.0,1260,1566,615,858,0.9581832976730775,0.9510443146318155,0.1167473492039701,0.3025352514591515,2.0,0.1934156378600823,0.13105413105413105,0.06123679224552689,0.3901553709535366,0.7489847996684098,2.1165854595318385,40.55441047817791,55.007966476330814,0.4589149276064028,0.6227172371261795,1255,513,1561,876,0.0,0.0,1.0,nado,1.0,1
IMG_0839,12,57,0,4,280.0,285.0,12,12,167.0,1260,1566,615,858,0.9940980790982927,0.9888755920198911,0.10176470102262976,0.31395462840208543,2.0,0.1934156378600823,0.13820301783264746,0.07185648148048833,0.427468109277829,0.7407302533637242,1.8948115017159683,42.72256225308998,64.90830774139512,0.48360392514966527,0.6359555241673548,1250,498,1555,860,0.0,0.0,1.0,nado,1.0,1
IMG_0839,12,58,0,4,285.0,290.0,13,13,167.0,1260,1566,615,858,0.9443826888847868,0.9265953048906589,0.18242753087143035,0.2469223860874334,2.0,0.1728395061728395,0.0914846470402026,0.06418683356301434,0.37383916112466675,0.6745138038589086,1.9424406512986794,37.53519214542292,48.918779559759614,0.5046795187561816,0.6663656707768469,1243,498,1550,863,0.0,0.0,1.0,nado,1.0,1
IMG_0839,12,59,0,4,290.0,295.0,12,12,167.0,1260,1566,615,858,0.662335720220029,0.6498265911396012,0.1281171640619244,0.25021197546878393,2.0,0.2716049382716049,0.12825788751714678,0.0668177465791007,0.41202932996231467,0.7613182011757397,2.119184459301598,40.1118013210995,54.85875098290775,0.5025627791069799,0.6623770394092777,1252,516,1557,879,0.0,0.0,1.0,nado,1.0,1
IMG_0839,12,60,0,4,295.0,300.0,12,12,167.0,1260,1566,615,858,0.32129387892730354,0.2749434006313215,0.1662404375759323,0.14798758254751251,1.0,0.20164609053497942,0.11385459533607682,0.05927308483582555,0.41994136834629564,0.729302912581217,1.8955150147995086,36.05396520311849,42.94103098611455,0.535215941282629,0.6941138014027789,1252,518,1559,883,0.0,0.0,1.0,nado,1.0,1
IMG_0839,12,61,0,4,300.0,305.0,13,13,167.0,1260,1566,615,858,0.6539932510144131,0.6491467612453332,0.07947109372026695,0.274901064079277,2.0,0.18106995884773663,0.12345679012345678,0.06628219001281851,0.3798770961576551,0.7915734109886257,2.0059401732213784,39.720371037057056,55.2174501452852,0.4841816559961315,0.6487031430747037,1251,498,1557,862,0.0,0.0,1.0,nado,1.0,1
IMG_0839,12,62,0,4,305.0,310.0,12,12,167.0,1260,1566,615,858,0.8369666018407373,0.8321330972084566,0.08981982591328354,0.23300027736115658,2.0,0.18518518518518517,0.1364883401920439,0.07537792098774147,0.44248873631936925,0.7394342470217644,1.9790762375183686,38.02719483452488,51.23589394969409,0.5292129444280103,0.6859972181413404,1247,493,1555,859,0.0,0.0,1.0,nado,1.0,1
IMG_0839,12,63,0,4,310.0,315.0,13,13,167.0,1260,1566,615,858,0.9993033933774141,0.9894771323645047,0.13979369278809112,0.23011830819817264,2.0,0.14814814814814814,0.10224754669199114,0.05623826429355984,0.395608811818948,0.755188993324799,1.9505421844976747,37.543335672677735,58.33287111111111,0.5270367852443051,0.6777965581851462,1266,510,1571,873,0.0,0.0,1.0,nado,1.0,1
IMG_0839,12,64,0,4,315.0,320.0,12,12,167.0,1260,1566,615,858,0.876430737961848,0.8710043485569441,0.09737691327641712,0.2807291526900261,2.0,0.12345679012345678,0.09122085048010975,0.0429800801606213,0.38913549296223393,0.7619135161735966,2.1351236096190878,45.41664903385081,57.786522128803725,0.44205896181648857,0.6096744483684351,1276,504,1583,868,0.0,0.0,1.0,nado,1.0,1
IMG_0839,12,65,0,4,320.0,325.0,13,13,167.0,1260,1566,615,858,0.9224467493816324,0.9132329189697814,0.13005245539655477,0.2651345727205251,2.0,0.17695473251028807,0.12503956948401393,0.06425575976202105,0.38968115870437037,0.7658805686734264,1.976504805517906,42.71605997501321,57.33647582572261,0.447508692247732,0.6112390457630894,1261,505,1569,870,0.0,0.0,1.0,nado,1.0,1
IMG_0839,12,66,0,4,325.0,330.0,12,12,167.0,1260,1566,615,858,0.7833405369009045,0.7734365768431322,0.12417027967019777,0.2013375316001748,2.0,0.17695473251028807,0.11213991769547325,0.05682390723112024,0.4109630416636808,0.8061308525594028,1.8295181070506974,35.98029036482136,53.143982181210724,0.5555409926583589,0.7024861499923934,1251,491,1557,855,0.0,0.0,1.0,nado,1.0,1
IMG_0839,12,67,0,4,330.0,335.0,13,13,167.0,1260,1566,615,858,0.9569825715708611,0.949946172315761,0.11583571121641617,0.3697531153731141,2.0,0.18930041152263374,0.13611902500791392,0.06597891473718896,0.38916559073580015,0.7591291723766418,2.092036011456689,46.482399066670965,70.78512064343164,0.4027340996345943,0.5647009438101276,1245,500,1551,864,0.0,0.0,1.0,nado,1.0,1
IMG_0839,12,68,0,4,335.0,340.0,12,12,167.0,1260,1566,615,858,0.9706848504603071,0.9608245864707321,0.1380043222022255,0.31164828370322817,2.0,0.18930041152263374,0.13545953360768176,0.0673195293078696,0.3552711323742475,0.7919058425178384,1.970426586160943,41.94702826355171,63.496204278812975,0.42925341537288597,0.593846483701132,1234,499,1542,865,0.0,0.0,1.0,nado,1.0,1
IMG_0839,12,69,0,4,340.0,345.0,13,13,167.0,1260,1566,615,858,0.7198588021711891,0.7054110635040555,0.14349887299005723,0.24448771868191052,2.0,0.1934156378600823,0.11617600506489395,0.06449286588660416,0.4427405466997405,0.7727164035607761,1.9126967887985589,39.67556389699916,54.46346153846154,0.5255307859440165,0.6822097560289434,1251,506,1560,872,0.0,0.0,1.0,nado,1.0,1
IMG_0839,12,70,0,4,345.0,350.0,12,12,167.0,1260,1566,615,858,0.8428517331188823,0.841588600908681,0.04612668253920184,0.23315545158514855,2.0,0.1646090534979424,0.10425240054869685,0.04901342011367585,0.3548320724865747,0.8085557752511282,1.9999285741386796,38.66657419368851,47.827638959714434,0.4939922716551473,0.6594397126370598,1248,487,1554,852,0.0,0.0,1.0,nado,1.0,1
IMG_0839,12,71,0,4,350.0,355.0,13,13,167.0,1260,1566,615,858,0.9647866743392528,0.958559764229666,0.10943722119353308,0.22856665985300767,2.0,0.19753086419753085,0.14118391896169674,0.07107945346368595,0.4332783581000985,0.7980642697755729,1.9854937286822993,34.75857616291223,57.775749717401425,0.5667530175466207,0.709334593335931,1261,503,1569,869,0.0,0.0,1.0,nado,1.0,1
IMG_0839,12,72,0,4,355.0,360.0,12,12,167.0,1260,1566,615,858,1.0102272855984833,1.0054981585668623,0.09763514575360804,0.25821179095808944,2.0,0.1934156378600823,0.09979423868312758,0.04485877859154769,0.357496299832181,0.8476755219240251,1.9999702650932143,37.50204107646351,48.33954722056186,0.49347103272948,0.6540811810610119,1272,506,1580,872,0.0,0.0,1.0,nado,1.0,1
IMG_0839,12,73,0,4,360.0,365.0,13,13,167.0,1260,1566,615,858,0.8935997196611084,0.8905439677560871,0.07383698579747548,0.23154646700594372,2.0,0.18930041152263374,0.1294713516935739,0.07016962763679731,0.3861273238835841,0.8220879092956141,1.7909952785364713,37.983358704357606,54.25210548115422,0.4974138912012002,0.6572629843477507,1283,509,1588,872,0.0,0.0,1.0,nado,1.0,1
