paso,t,s,cx,cy,area,above,largo,vert,elong,cabeza,me,iou,dice,gx0,gx1,g_agua,g_fondo,escala
12,0.0,1,927.5258,570.1293,14984.0,1412.0,211.4969,0.6504,2.2865,512.0,,,,700,1027,517,824,180.2842
12,0.0,2,1164.8902,545.8712,6885.0,1284.0,97.8971,0.9989,1.6471,514.0,,,,1027,1354,517,824,180.2842
12,0.4005,1,918.8031,567.7439,17133.0,2919.0,206.3397,0.7941,2.5623,462.0,40.5531,0.509,0.6746,700,1027,517,824,180.2842
12,0.4005,2,1166.8525,560.1432,11469.0,2198.0,182.008,0.9941,2.8683,465.0,32.8257,0.4194,0.5909,1027,1354,517,824,180.2842
12,0.8011,1,900.8073,558.4573,17070.0,2440.0,178.0947,0.6454,1.8202,491.0,35.6643,0.4355,0.6067,700,1027,517,824,180.2842
12,0.8011,2,1174.3952,600.282,11178.0,377.0,177.0096,0.9847,2.7991,521.0,35.9755,0.4807,0.6493,1027,1354,517,824,180.2842
12,1.2016,1,962.8729,540.064,8569.0,1932.0,121.6948,0.7504,1.1791,471.0,37.1884,0.3807,0.5515,700,1027,517,824,180.2842
12,1.2016,2,1188.9989,563.728,14369.0,1715.0,205.9156,0.7513,3.1041,491.0,49.697,0.3478,0.5161,1027,1354,517,824,180.2842
12,1.6022,1,915.3707,551.8859,11984.0,1115.0,168.9298,0.6142,2.3419,490.0,49.657,0.2663,0.4206,700,1027,517,824,180.2842
12,1.6022,2,1152.5983,543.4695,13302.0,2319.0,165.0767,0.8825,2.5799,453.0,66.8679,0.3076,0.4705,1027,1354,517,824,180.2842
12,2.0027,1,882.1861,557.9633,15054.0,1642.0,246.9173,0.4939,4.1859,496.0,69.0364,0.2636,0.4172,700,1027,517,824,180.2842
12,2.0027,2,1092.2484,542.5835,8252.0,2889.0,171.7859,0.9817,2.8812,447.0,60.8227,0.2147,0.3534,1027,1354,517,824,180.2842
12,2.4033,1,849.0002,549.0243,16699.0,2645.0,180.9887,0.6758,2.2129,468.0,57.861,0.4618,0.6318,700,1027,517,824,180.2842
12,2.4033,2,1114.7465,545.4042,11282.0,3464.0,188.8763,0.7844,2.6652,442.0,59.589,0.3341,0.5009,1027,1354,517,824,180.2842
12,2.8038,1,765.8072,524.8668,9952.0,4819.0,157.204,0.9998,1.971,429.0,77.5729,0.189,0.3179,700,1027,517,824,180.2842
12,2.8038,2,1196.0324,469.0081,6165.0,6165.0,75.7298,0.229,1.0405,421.0,64.817,0.051,0.097,1027,1354,517,824,180.2842
12,3.2044,1,812.2231,572.984,13794.0,2111.0,181.8148,0.9915,1.8105,462.0,82.4817,0.1691,0.2893,700,1027,517,824,180.2842
12,3.2044,2,1233.7527,547.2834,16599.0,3138.0,183.6514,0.695,1.651,457.0,76.0296,0.0051,0.0102,1027,1354,517,824,180.2842
12,3.6049,1,838.1634,586.9851,15519.0,1617.0,232.8948,0.9069,2.2922,476.0,63.4432,0.4392,0.6103,700,1027,517,824,180.2842
12,3.6049,2,1254.8177,564.2408,13222.0,1611.0,179.8525,0.8655,1.65,478.0,44.8827,0.402,0.5735,1027,1354,517,824,180.2842
12,4.0055,1,877.6998,585.9381,20495.0,1535.0,239.4732,0.7273,2.0774,484.0,45.0033,0.4286,0.6,700,1027,517,824,180.2842
12,4.0055,2,1283.2844,552.2757,9183.0,1843.0,152.1226,0.973,1.7756,473.0,33.708,0.5339,0.6961,1027,1354,517,824,180.2842
12,4.406,1,877.0984,576.4767,19301.0,1307.0,225.2623,0.6746,1.9719,488.0,29.4469,0.6762,0.8068,700,1027,517,824,180.2842
12,4.406,2,1266.9934,574.2141,11173.0,990.0,173.4554,0.9985,1.9906,491.0,46.385,0.4008,0.5722,1027,1354,517,824,180.2842
12,4.8065,1,852.7906,583.9981,15446.0,2061.0,189.7563,0.8214,1.6978,475.0,44.5154,0.4032,0.5747,700,1027,517,824,180.2842
12,4.8065,2,1237.5288,590.788,12762.0,342.0,214.4226,0.8976,2.565,508.0,53.2347,0.3374,0.5045,1027,1354,517,824,180.2842
12,5.2071,1,846.7142,549.6566,14313.0,3875.0,222.0122,0.9849,2.8519,428.0,45.012,0.4783,0.6471,700,1027,517,824,180.2842
12,5.2071,2,1212.2938,569.7474,14815.0,965.0,219.6286,0.7219,3.0156,501.0,44.5891,0.4173,0.5889,1027,1354,517,824,180.2842
12,5.6076,1,886.7798,573.237,19581.0,2282.0,209.4614,0.8901,2.3776,477.0,61.7595,0.2724,0.4282,700,1027,517,824,180.2842
12,5.6076,2,1266.0181,550.8582,12188.0,2402.0,152.8266,0.9127,1.6639,459.0,61.9893,0.3475,0.5157,1027,1354,517,824,180.2842
12,6.0082,1,940.9333,553.6554,14575.0,3216.0,201.8315,0.7953,2.2055,455.0,58.0711,0.3083,0.4712,700,1027,517,824,180.2842
12,6.0082,2,1276.8674,545.1022,11492.0,2866.0,194.2438,0.7927,2.1693,448.0,67.2086,0.3601,0.5296,1027,1354,517,824,180.2842
12,6.4087,1,968.3084,573.1498,11819.0,1937.0,185.783,0.9792,1.7963,464.0,66.6277,0.187,0.3151,700,1027,517,824,180.2842
12,6.4087,2,1238.7848,555.9601,14911.0,2805.0,136.456,0.1065,1.0774,510.0,79.3041,0.2377,0.3841,1027,1354,517,824,180.2842
12,6.8093,1,981.6247,602.7321,11448.0,1158.0,227.3564,0.9958,2.9189,482.0,40.7056,0.4107,0.5823,700,1027,517,824,180.2842
12,6.8093,2,1192.0955,594.8991,13267.0,220.0,209.595,0.4685,3.2449,539.0,71.5515,0.1398,0.2453,1027,1354,517,824,180.2842
12,7.2098,1,977.0089,603.4111,13413.0,1588.0,196.645,0.9994,2.1519,480.0,38.4654,0.4527,0.6232,700,1027,517,824,180.2842
12,7.2098,2,1195.288,572.8534,18429.0,1825.0,245.1069,0.5425,3.9826,513.0,29.1366,0.4983,0.6651,1027,1354,517,824,180.2842
12,7.6104,1,954.8861,543.1409,13761.0,3588.0,202.5352,0.5955,2.1074,451.0,52.2877,0.3565,0.5256,700,1027,517,824,180.2842
12,7.6104,2,1172.5363,559.5122,16910.0,2157.0,215.0298,0.6044,3.192,487.0,36.9744,0.5674,0.724,1027,1354,517,824,180.2842
12,8.0109,1,880.2898,539.9333,18128.0,4676.0,135.4348,0.2688,1.2611,508.0,67.3176,0.1944,0.3256,700,1027,517,824,180.2842
12,8.0109,2,1146.7448,548.5228,11244.0,1854.0,133.7612,0.972,1.7625,466.0,56.2613,0.2586,0.411,1027,1354,517,824,180.2842
12,8.4114,1,811.303,561.8192,13693.0,2619.0,178.0228,0.8667,1.8689,460.0,62.9211,0.1239,0.2205,700,1027,517,824,180.2842
12,8.4114,2,1093.1059,570.577,8071.0,840.0,153.2961,0.9973,2.5395,489.0,35.8399,0.3336,0.5003,1027,1354,517,824,180.2842
12,8.812,1,780.5785,575.8102,11453.0,1804.0,191.5937,0.9939,2.5374,471.0,48.693,0.3378,0.505,700,1027,517,824,180.2842
12,8.812,2,1112.7972,585.6764,10779.0,358.0,166.6704,0.9326,2.0211,509.0,44.8397,0.3555,0.5246,1027,1354,517,824,180.2842
12,9.2125,1,787.6491,593.8778,11882.0,2018.0,214.8394,0.9915,2.9748,469.0,33.9712,0.5272,0.6904,700,1027,517,824,180.2842
12,9.2125,2,1190.8579,536.4683,12600.0,2508.0,227.458,0.3324,3.2207,485.0,45.6919,0.2369,0.383,1027,1354,517,824,180.2842
12,9.6131,1,789.1773,599.9031,12575.0,1223.0,204.544,0.9849,2.7255,485.0,36.2488,0.6023,0.7518,700,1027,517,824,180.2842
12,9.6131,2,1248.7404,562.0861,13166.0,2309.0,211.5449,0.8097,2.9275,463.0,67.9271,0.1505,0.2616,1027,1354,517,824,180.2842
12,10.0136,1,791.4406,557.3272,12462.0,2851.0,178.483,0.9643,1.9665,446.0,53.9246,0.4508,0.6215,700,1027,517,824,180.2842
12,10.0136,2,1257.5282,602.6833,12856.0,981.0,203.4847,0.927,2.217,491.0,59.2291,0.2996,0.4611,1027,1354,517,824,180.2842
12,10.4142,1,810.3433,564.8193,16363.0,3010.0,204.5537,0.8297,1.9141,448.0,56.3648,0.4093,0.5808,700,1027,517,824,180.2842
12,10.4142,2,1271.2665,537.4432,13462.0,4467.0,197.314,0.9285,2.1071,419.0,62.5071,0.3942,0.5655,1027,1354,517,824,180.2842
12,10.8147,1,866.7799,561.8294,19777.0,4077.0,214.1874,0.913,2.5287,440.0,59.3246,0.2502,0.4002,700,1027,517,824,180.2842
12,10.8147,2,1228.4656,564.5108,17244.0,2985.0,232.0389,0.8037,2.3118,451.0,84.5052,0.1744,0.297,1027,1354,517,824,180.2842
12,11.2153,1,909.9512,573.7373,17052.0,3007.0,216.6501,0.7536,1.9476,459.0,57.7166,0.2496,0.3995,700,1027,517,824,180.2842
12,11.2153,2,1161.3844,567.4839,15145.0,3272.0,197.2381,0.9815,2.0912,452.0,69.42,0.167,0.2861,1027,1354,517,824,180.2842
12,11.6158,1,948.3733,566.9232,15139.0,2684.0,188.4914,0.8961,1.7301,463.0,58.6744,0.2916,0.4515,700,1027,517,824,180.2842
12,11.6158,2,1171.3718,577.9925,11820.0,248.0,134.0869,0.3461,1.8758,539.0,42.1573,0.2691,0.424,1027,1354,517,824,180.2842
12,12.0164,1,979.3259,573.0316,13338.0,2354.0,205.2397,0.9884,2.127,464.0,55.0749,0.3219,0.487,700,1027,517,824,180.2842
12,12.0164,2,1239.1653,549.4001,15614.0,3762.0,203.9419,0.6444,2.0298,459.0,62.5172,0.2546,0.4058,1027,1354,517,824,180.2842
12,12.4169,1,980.8446,598.4898,13347.0,1606.0,212.8305,0.9978,2.3745,478.0,40.1193,0.5101,0.6756,700,1027,517,824,180.2842
12,12.4169,2,1248.3571,577.4287,18553.0,2370.0,201.8586,0.9682,1.4967,458.0,56.7419,0.2869,0.4459,1027,1354,517,824,180.2842
12,12.8174,1,955.4722,557.7117,13800.0,4754.0,179.6811,0.9506,2.0154,445.0,66.9397,0.2345,0.3799,700,1027,517,824,180.2842
12,12.8174,2,1210.3613,604.3204,19419.0,3538.0,205.4075,0.7571,2.8702,511.0,57.2901,0.2774,0.4343,1027,1354,517,824,180.2842
12,13.218,1,919.7389,539.4712,16571.0,5146.0,212.8206,0.6438,2.0045,439.0,55.7038,0.2587,0.4111,700,1027,517,824,180.2842
12,13.218,2,1248.8839,557.5381,13329.0,2928.0,181.9516,0.8546,1.9245,465.0,44.4358,0.417,0.5886,1027,1354,517,824,180.2842
12,13.6185,1,816.4439,530.9418,13927.0,5814.0,217.3027,0.5621,3.4978,476.0,71.676,0.0532,0.1011,700,1027,517,824,180.2842
12,13.6185,2,1232.4919,542.3144,11776.0,4107.0,172.671,0.9296,1.8403,450.0,52.5149,0.3906,0.5618,1027,1354,517,824,180.2842
12,14.0191,1,778.2477,540.519,12180.0,4763.0,187.6578,0.9599,2.2453,434.0,63.8099,0.2222,0.3637,700,1027,517,824,180.2842
12,14.0191,2,1226.9946,583.4933,13325.0,2488.0,192.4371,0.9999,2.3606,475.0,45.4032,0.4036,0.5751,1027,1354,517,824,180.2842
12,14.4196,1,788.9499,582.5493,13604.0,2117.0,209.1945,0.9884,2.2762,472.0,60.1871,0.2804,0.4379,700,1027,517,824,180.2842
12,14.4196,2,1220.1434,547.2041,12638.0,1776.0,163.1505,0.1518,1.5904,488.0,54.2467,0.2723,0.428,1027,1354,517,824,180.2842
12,14.8202,1,789.2676,591.6967,16016.0,2364.0,190.2398,0.9586,1.8866,472.0,41.7604,0.4725,0.6417,700,1027,517,824,180.2842
12,14.8202,2,1184.9032,566.1995,15253.0,1548.0,161.8422,0.9446,2.0262,488.0,56.9808,0.2523,0.4029,1027,1354,517,824,180.2842
12,15.2207,1,851.4688,546.0833,19418.0,4671.0,274.7092,0.3226,1.9739,436.0,58.4568,0.2228,0.3645,700,1027,517,824,180.2842
12,15.2207,2,1174.8165,617.0432,14277.0,471.0,264.8694,0.8085,3.719,511.0,48.1541,0.2951,0.4557,1027,1354,517,824,180.2842
12,15.6213,1,896.5277,564.1359,17467.0,3153.0,223.9887,0.7382,2.0496,455.0,70.1811,0.2024,0.3367,700,1027,517,824,180.2842
12,15.6213,2,1143.3106,583.845,11897.0,1512.0,208.2269,0.8568,3.0659,483.0,41.3451,0.4668,0.6365,1027,1354,517,824,180.2842
12,16.0218,1,936.805,565.6162,15892.0,2809.0,199.2534,0.8584,1.8296,463.0,60.2927,0.3401,0.5076,700,1027,517,824,180.2842
12,16.0218,2,1116.522,570.9955,10650.0,1577.0,187.4744,0.8766,2.9613,474.0,68.6372,0.3179,0.4825,1027,1354,517,824,180.2842
12,16.4223,1,957.9277,562.4106,13285.0,2084.0,184.1194,0.8465,1.7575,469.0,46.1682,0.4809,0.6495,700,1027,517,824,180.2842
12,16.4223,2,1087.8987,550.7492,9084.0,2934.0,193.3663,0.9975,3.3804,446.0,63.4996,0.3523,0.521,1027,1354,517,824,180.2842
12,16.8229,1,982.8555,558.4268,10526.0,2234.0,188.0623,0.9845,2.0692,461.0,50.9611,0.3832,0.554,700,1027,517,824,180.2842
12,16.8229,2,1102.7387,544.6305,11831.0,3941.0,201.6477,0.9236,2.7787,438.0,52.9427,0.346,0.5141,1027,1354,517,824,180.2842
12,17.2234,1,973.1881,614.3788,11095.0,407.0,183.6945,0.9972,1.9356,507.0,30.0288,0.4863,0.6544,700,1027,517,824,180.2842
12,17.2234,2,1122.1731,599.7262,19271.0,2696.0,192.765,0.9894,1.7231,462.0,52.3953,0.3377,0.5049,1027,1354,517,824,180.2842
12,17.624,1,948.6815,561.9382,10159.0,867.0,148.0038,0.9412,1.3792,498.0,47.6271,0.2465,0.3955,700,1027,517,824,180.2842
12,17.624,2,1161.4326,579.5187,20002.0,2557.0,183.6159,0.9121,1.7303,482.0,36.2677,0.4081,0.5797,1027,1354,517,824,180.2842
12,18.0245,1,908.3374,564.6585,13613.0,1532.0,183.3661,0.7522,1.2026,483.0,61.953,0.2629,0.4164,700,1027,517,824,180.2842
12,18.0245,2,1146.5749,545.5723,12173.0,1876.0,128.4776,0.9123,1.2793,476.0,43.4169,0.4334,0.6047,1027,1354,517,824,180.2842
12,18.4251,1,882.0421,595.1811,17191.0,760.0,250.7843,0.819,1.7624,507.0,44.7708,0.3387,0.506,700,1027,517,824,180.2842
12,18.4251,2,1139.5481,554.191,10022.0,1151.0,146.1486,0.9889,2.8022,492.0,32.6101,0.4811,0.6497,1027,1354,517,824,180.2842
12,18.8256,1,878.133,569.5113,15985.0,1263.0,244.591,0.583,3.2989,503.0,44.6252,0.4658,0.6356,700,1027,517,824,180.2842
12,18.8256,2,1091.9823,598.343,10063.0,559.0,167.4618,0.9949,2.6671,501.0,33.1789,0.3351,0.502,1027,1354,517,824,180.2842
12,19.2262,1,935.8116,569.4619,13398.0,2036.0,216.2178,0.768,2.8245,469.0,70.7146,0.2232,0.3649,700,1027,517,824,180.2842
12,19.2262,2,1108.7308,616.5549,12096.0,1580.0,173.2681,0.9985,2.7004,469.0,33.4383,0.3551,0.5241,1027,1354,517,824,180.2842
12,19.6267,1,966.547,584.0268,11857.0,1458.0,210.4605,0.9496,2.3206,478.0,69.8293,0.2371,0.3833,700,1027,517,824,180.2842
12,19.6267,2,1148.6255,575.3554,13788.0,651.0,177.153,0.8961,2.26,520.0,40.4604,0.2231,0.3649,1027,1354,517,824,180.2842
12,20.0273,1,967.3763,591.8753,10146.0,376.0,193.8684,0.9962,2.1217,507.0,42.2924,0.5255,0.689,700,1027,517,824,180.2842
12,20.0273,2,1208.8888,569.4654,13757.0,1163.0,216.7334,0.6799,2.6058,490.0,61.7957,0.2031,0.3376,1027,1354,517,824,180.2842
12,20.4278,1,966.3144,568.0096,9911.0,1090.0,159.529,0.999,1.8676,491.0,42.0189,0.4712,0.6406,700,1027,517,824,180.2842
12,20.4278,2,1256.178,575.3776,12738.0,1612.0,213.44,0.8678,2.703,477.0,76.0528,0.1935,0.3242,1027,1354,517,824,180.2842
12,20.8283,1,939.9626,580.2818,12754.0,1106.0,187.5704,0.9784,1.7741,491.0,50.0922,0.3945,0.5658,700,1027,517,824,180.2842
12,20.8283,2,1245.5585,624.2743,13556.0,1013.0,200.0812,0.9798,2.3824,490.0,46.596,0.3445,0.5124,1027,1354,517,824,180.2842
12,21.2289,1,932.1738,611.2221,14962.0,578.0,236.8195,0.8937,2.8595,504.0,42.7455,0.4964,0.6634,700,1027,517,824,180.2842
12,21.2289,2,1271.4012,577.2369,10730.0,851.0,165.2712,0.9994,1.8695,497.0,33.1694,0.4316,0.603,1027,1354,517,824,180.2842
12,21.6294,1,938.9653,584.5746,14275.0,1763.0,198.6744,0.8045,2.0814,476.0,39.5588,0.447,0.6178,700,1027,517,824,180.2842
12,21.6294,2,1238.9061,568.1276,13592.0,1721.0,177.8326,0.9782,2.0019,478.0,39.176,0.4292,0.6006,1027,1354,517,824,180.2842
12,22.03,1,973.0946,578.827,12903.0,2124.0,173.2803,0.9992,1.6336,458.0,56.6392,0.2885,0.4479,700,1027,517,824,180.2842
12,22.03,2,1240.5704,589.657,14362.0,772.0,212.1043,0.9534,1.8672,499.0,39.9325,0.5236,0.6873,1027,1354,517,824,180.2842
12,22.4305,1,975.1006,562.8997,13204.0,2490.0,185.3747,0.9706,1.8523,457.0,42.691,0.5002,0.6669,700,1027,517,824,180.2842
12,22.4305,2,1223.531,636.2516,16400.0,653.0,224.7883,0.9152,2.8005,503.0,27.5252,0.5261,0.6895,1027,1354,517,824,180.2842
12,22.8311,1,946.3007,576.5141,17338.0,3604.0,198.82,0.9045,1.7872,451.0,57.8323,0.3203,0.4852,700,1027,517,824,180.2842
12,22.8311,2,1267.8981,549.6074,12585.0,3584.0,184.7147,0.9724,2.1707,433.0,43.3534,0.3959,0.5673,1027,1354,517,824,180.2842
12,23.2316,1,858.0559,537.3644,15952.0,6743.0,111.4152,0.7039,1.3278,517.0,74.6136,0.0568,0.1074,700,1027,517,824,180.2842
12,23.2316,2,1245.7425,549.5692,13419.0,4258.0,188.5386,0.9743,2.0156,438.0,65.7226,0.3157,0.4798,1027,1354,517,824,180.2842
12,23.6322,1,816.6679,544.541,17284.0,7130.0,206.0401,0.9495,1.9015,418.0,63.6181,0.2008,0.3345,700,1027,517,824,180.2842
12,23.6322,2,1237.4017,542.8596,16927.0,5830.0,193.8257,0.9826,1.7453,420.0,47.6995,0.5638,0.7211,1027,1354,517,824,180.2842
12,24.0327,1,805.397,563.3024,17559.0,4278.0,193.6794,0.9854,1.8057,460.0,54.5984,0.2942,0.4546,700,1027,517,824,180.2842
12,24.0327,2,1224.0262,564.868,17494.0,3994.0,205.4589,0.7776,1.9499,470.0,52.095,0.4391,0.6102,1027,1354,517,824,180.2842
12,24.4332,1,813.4516,526.8276,14808.0,6813.0,210.0231,0.7825,2.6243,430.0,53.4923,0.3241,0.4895,700,1027,517,824,180.2842
12,24.4332,2,1243.1341,530.788,9091.0,3525.0,161.7922,0.8386,2.3149,458.0,45.2868,0.4338,0.6051,1027,1354,517,824,180.2842
12,24.8338,1,911.6754,538.0139,15912.0,5604.0,194.0206,0.8356,1.9745,428.0,68.9198,0.0113,0.0223,700,1027,517,824,180.2842
12,24.8338,2,1272.5158,558.8835,8148.0,1315.0,146.4504,1.0,2.1463,484.0,53.6575,0.2169,0.3565,1027,1354,517,824,180.2842
12,25.2343,1,953.6229,578.9408,17034.0,2881.0,192.5026,0.9743,1.5721,458.0,63.1971,0.178,0.3023,700,1027,517,824,180.2842
12,25.2343,2,1243.9989,578.5753,11525.0,991.0,180.4592,0.9136,2.5619,494.0,53.1396,0.2788,0.436,1027,1354,517,824,180.2842
12,25.6349,1,929.3098,568.6641,15150.0,3445.0,198.1182,0.9185,2.2678,450.0,51.3768,0.3068,0.4695,700,1027,517,824,180.2842
12,25.6349,2,1192.9951,547.1382,11675.0,2381.0,137.5739,0.8295,1.7997,478.0,50.2819,0.2651,0.4191,1027,1354,517,824,180.2842
12,26.0354,1,868.2237,533.1331,16619.0,6330.0,126.9577,0.6641,1.3585,492.0,59.4922,0.1878,0.3163,700,1027,517,824,180.2842
12,26.0354,2,1184.6358,573.9532,12254.0,1164.0,155.2934,0.9989,2.2442,494.0,42.5027,0.3778,0.5485,1027,1354,517,824,180.2842
12,26.436,1,836.9364,561.9068,18220.0,3588.0,179.7671,0.9857,1.6226,448.0,64.1599,0.1564,0.2704,700,1027,517,824,180.2842
12,26.436,2,1182.2494,588.2881,14910.0,1044.0,189.7818,0.9797,2.404,496.0,33.2691,0.5528,0.712,1027,1354,517,824,180.2842
12,26.8365,1,779.3099,571.5478,16540.0,4527.0,199.8908,0.9646,1.9655,458.0,47.7434,0.3341,0.5009,700,1027,517,824,180.2842
12,26.8365,2,1156.9978,558.283,14838.0,3833.0,191.7389,0.9331,2.8968,442.0,50.219,0.3751,0.5455,1027,1354,517,824,180.2842
12,27.2371,1,820.5838,548.0212,15092.0,5161.0,189.1199,0.8772,2.2451,443.0,69.9939,0.1848,0.312,700,1027,517,824,180.2842
12,27.2371,2,1118.8493,592.5738,12095.0,1800.0,222.2622,0.8858,3.6922,481.0,54.3083,0.1507,0.2619,1027,1354,517,824,180.2842
12,27.6376,1,885.7428,553.2928,17300.0,5224.0,197.4344,0.8822,2.0169,438.0,55.6286,0.1745,0.2971,700,1027,517,824,180.2842
12,27.6376,2,1095.8413,623.3838,13721.0,2240.0,174.5717,0.997,2.7503,469.0,39.6863,0.2985,0.4598,1027,1354,517,824,180.2842
12,28.0382,1,916.7922,569.3708,19859.0,4125.0,183.1931,0.9961,1.5047,460.0,58.8287,0.2035,0.3382,700,1027,517,824,180.2842
12,28.0382,2,1144.9094,566.4186,13168.0,1030.0,164.7144,0.8004,2.2052,511.0,46.7251,0.1718,0.2933,1027,1354,517,824,180.2842
12,28.4387,1,936.3193,591.4447,17221.0,2332.0,194.9886,0.8862,2.0833,475.0,31.6186,0.4321,0.6035,700,1027,517,824,180.2842
12,28.4387,2,1200.5367,557.9402,14871.0,2416.0,202.8744,0.7987,2.1341,468.0,61.8808,0.2073,0.3434,1027,1354,517,824,180.2842
12,28.8392,1,867.9692,546.9202,16648.0,4159.0,176.0031,0.5077,2.7139,511.0,55.6204,0.1838,0.3105,700,1027,517,824,180.2842
12,28.8392,2,1208.2761,630.7953,15619.0,924.0,215.6033,0.9187,2.7409,498.0,44.6144,0.2568,0.4087,1027,1354,517,824,180.2842
12,29.2398,1,818.7489,548.7264,15925.0,3703.0,175.9583,0.9855,1.9802,449.0,60.0859,0.1942,0.3253,700,1027,517,824,180.2842
12,29.2398,2,1230.6257,589.647,13681.0,700.0,208.1912,0.9473,2.1999,502.0,24.246,0.5525,0.7117,1027,1354,517,824,180.2842
12,29.6403,1,769.1195,562.7552,10393.0,3068.0,218.3378,0.9957,3.0963,454.0,44.6057,0.3458,0.5139,700,1027,517,824,180.2842
12,29.6403,2,1205.4671,588.2049,15416.0,1520.0,187.4907,0.8904,2.6431,489.0,53.2869,0.3416,0.5092,1027,1354,517,824,180.2842
12,30.0409,1,771.2207,571.5165,12855.0,3318.0,196.9772,0.994,2.3874,456.0,39.711,0.5546,0.7135,700,1027,517,824,180.2842
12,30.0409,2,1162.1589,572.8386,15121.0,2750.0,213.3457,0.8382,3.3602,470.0,60.3224,0.2951,0.4557,1027,1354,517,824,180.2842
12,30.4414,1,803.7963,570.6171,16079.0,3741.0,203.3083,0.9339,2.3327,442.0,69.5377,0.2801,0.4376,700,1027,517,824,180.2842
12,30.4414,2,1136.4215,600.1371,13181.0,2059.0,218.738,0.8956,3.623,472.0,58.8438,0.2872,0.4462,1027,1354,517,824,180.2842
12,30.842,1,835.4122,570.0556,16766.0,3498.0,213.9444,0.9702,2.3805,448.0,50.1047,0.3608,0.5302,700,1027,517,824,180.2842
12,30.842,2,1114.1658,576.259,11376.0,1576.0,186.1983,0.8976,2.9776,476.0,32.0946,0.5321,0.6946,1027,1354,517,824,180.2842
12,31.2425,1,852.823,581.3226,16265.0,2817.0,199.1959,0.9866,1.9792,458.0,47.5592,0.4538,0.6243,700,1027,517,824,180.2842
12,31.2425,2,1087.5623,549.4348,11302.0,3828.0,195.1668,0.9972,3.1437,432.0,58.5805,0.3343,0.5011,1027,1354,517,824,180.2842
12,31.6431,1,832.9347,572.6264,15732.0,2838.0,198.392,0.7761,1.8693,474.0,44.0784,0.4328,0.6041,700,1027,517,824,180.2842
12,31.6431,2,1089.4497,567.3988,11600.0,3021.0,204.0065,0.9984,2.6219,449.0,45.2151,0.5218,0.6858,1027,1354,517,824,180.2842
12,32.0436,1,782.4431,545.3236,10487.0,3192.0,161.1965,0.9839,2.0506,447.0,59.5574,0.2045,0.3395,700,1027,517,824,180.2842
12,32.0436,2,1095.7933,619.5202,15212.0,2297.0,194.583,0.996,2.4176,460.0,30.0302,0.5303,0.693,1027,1354,517,824,180.2842
12,32.4441,1,768.2722,569.6427,8502.0,1838.0,207.1804,0.9952,2.9689,474.0,53.3373,0.3417,0.5093,700,1027,517,824,180.2842
12,32.4441,2,1103.1965,553.4258,13497.0,3492.0,191.8224,0.9096,2.2022,444.0,40.0504,0.3955,0.5669,1027,1354,517,824,180.2842
12,32.8447,1,777.2078,592.7584,11749.0,1586.0,206.9036,0.9947,2.8641,484.0,40.6973,0.5439,0.7046,700,1027,517,824,180.2842
12,32.8447,2,1165.4658,543.7187,17448.0,4289.0,200.4114,0.8839,2.1169,434.0,65.11,0.2276,0.3709,1027,1354,517,824,180.2842
12,33.2452,1,796.0352,553.8414,13791.0,3689.0,173.2673,0.9853,1.7069,445.0,66.5493,0.3245,0.49,700,1027,517,824,180.2842
12,33.2452,2,1189.8731,571.3829,18704.0,2930.0,188.1906,0.9961,1.1404,466.0,59.2797,0.392,0.5632,1027,1354,517,824,180.2842
12,33.6458,1,812.3956,578.812,17092.0,2735.0,190.0107,0.9538,1.736,452.0,49.3389,0.4383,0.6095,700,1027,517,824,180.2842
12,33.6458,2,1174.5371,557.9493,17843.0,4078.0,200.554,0.8143,2.1851,450.0,46.2374,0.4614,0.6315,1027,1354,517,824,180.2842
12,34.0463,1,823.4292,600.2994,19066.0,3658.0,202.6504,1.0,2.0543,455.0,42.3384,0.4446,0.6156,700,1027,517,824,180.2842
12,34.0463,2,1103.9322,541.1262,11673.0,3984.0,180.6056,0.9758,2.6485,435.0,64.2922,0.0997,0.1813,1027,1354,517,824,180.2842
12,34.4469,1,824.391,573.5671,17350.0,3768.0,213.8518,0.9487,2.0456,451.0,29.7668,0.5385,0.7,700,1027,517,824,180.2842
12,34.4469,2,1080.9817,577.1031,8320.0,2183.0,108.0451,0.9651,2.7008,552.0,47.4739,0.2573,0.4092,1027,1354,517,824,180.2842
12,34.8474,1,856.17,572.693,18762.0,3030.0,205.6606,0.9868,2.1829,454.0,38.262,0.4566,0.6269,700,1027,517,824,180.2842
12,34.8474,2,1091.1441,563.9538,10193.0,2268.0,210.2826,0.9973,3.4018,461.0,47.5081,0.3955,0.5668,1027,1354,517,824,180.2842
12,35.248,1,840.4209,574.3082,17195.0,4136.0,190.3198,0.9871,1.8699,459.0,35.3185,0.4595,0.6297,700,1027,517,824,180.2842
12,35.248,2,1086.8555,550.0281,13611.0,4706.0,195.7139,0.9921,2.4423,437.0,49.0674,0.4647,0.6345,1027,1354,517,824,180.2842
12,35.6485,1,828.1047,563.5806,15360.0,2984.0,190.4285,0.776,1.7145,467.0,40.3921,0.4588,0.629,700,1027,517,824,180.2842
12,35.6485,2,1093.4263,617.2241,15232.0,2713.0,203.6191,0.9914,2.5458,455.0,38.3251,0.4873,0.6553,1027,1354,517,824,180.2842
12,36.0491,1,790.0937,560.7646,13940.0,3234.0,183.7553,0.9915,1.7869,453.0,58.64,0.2981,0.4593,700,1027,517,824,180.2842
12,36.0491,2,1092.8959,630.2632,14366.0,1809.0,191.6854,0.9982,2.3672,480.0,29.8531,0.5984,0.7488,1027,1354,517,824,180.2842
12,36.4496,1,772.6918,581.662,12752.0,2225.0,213.1371,0.9885,2.4245,472.0,52.6675,0.4045,0.576,700,1027,517,824,180.2842
12,36.4496,2,1124.9374,547.3557,11939.0,2434.0,171.3698,0.9748,3.0489,460.0,29.7859,0.3481,0.5164,1027,1354,517,824,180.2842
12,36.8501,1,800.9924,574.1279,15050.0,2632.0,192.3558,0.9039,2.1021,467.0,62.9805,0.2783,0.4354,700,1027,517,824,180.2842
12,36.8501,2,1117.6448,557.596,11850.0,1900.0,176.3771,0.9992,2.7898,475.0,30.8847,0.5526,0.7118,1027,1354,517,824,180.2842
12,37.2507,1,874.4021,537.9451,17268.0,5426.0,196.5472,0.8501,1.8319,430.0,67.6406,0.1562,0.2701,700,1027,517,824,180.2842
12,37.2507,2,1102.4942,621.8131,15225.0,1360.0,206.0508,0.9931,3.4303,485.0,23.0639,0.4811,0.6497,1027,1354,517,824,180.2842
12,37.6512,1,909.4629,604.6783,19194.0,2127.0,207.3516,0.8256,1.7011,467.0,58.6391,0.1624,0.2794,700,1027,517,824,180.2842
12,37.6512,2,1095.3537,567.7814,13148.0,2780.0,220.2434,0.9876,2.9001,460.0,30.6001,0.4562,0.6266,1027,1354,517,824,180.2842
12,38.0518,1,939.1742,594.6306,17825.0,2443.0,191.2153,0.9708,1.6163,467.0,39.6926,0.3698,0.5399,700,1027,517,824,180.2842
12,38.0518,2,1103.5634,543.6726,12445.0,4137.0,185.4629,0.9562,2.3395,427.0,46.9532,0.4672,0.6368,1027,1354,517,824,180.2842
12,38.4523,1,889.3682,553.6549,19109.0,4809.0,131.4847,0.7702,1.3029,503.0,47.8061,0.2827,0.4408,700,1027,517,824,180.2842
12,38.4523,2,1097.6532,575.7159,14843.0,2314.0,187.2028,0.9864,1.8122,469.0,51.8568,0.4751,0.6442,1027,1354,517,824,180.2842
12,38.8529,1,830.8278,576.4555,17181.0,3375.0,194.4524,0.9551,1.7084,450.0,57.915,0.1614,0.2779,700,1027,517,824,180.2842
12,38.8529,2,1134.4524,566.7003,17846.0,2942.0,211.7662,0.8169,2.4143,466.0,41.5873,0.477,0.6459,1027,1354,517,824,180.2842
12,39.2534,1,790.4766,583.7807,18666.0,3736.0,202.3228,0.992,1.72,453.0,47.5927,0.3877,0.5588,700,1027,517,824,180.2842
12,39.2534,2,1195.8451,526.339,17342.0,7087.0,205.9442,0.6964,2.2511,430.0,63.4456,0.2136,0.3521,1027,1354,517,824,180.2842
12,39.654,1,808.0065,565.6274,17591.0,4476.0,200.3748,0.9755,1.646,447.0,38.2581,0.4876,0.6555,700,1027,517,824,180.2842
12,39.654,2,1241.1658,558.1698,15559.0,3604.0,182.223,0.9934,1.6406,441.0,63.1566,0.2377,0.3841,1027,1354,517,824,180.2842
12,40.0545,1,835.4837,570.0119,17091.0,4355.0,198.5578,0.999,2.1302,446.0,47.4518,0.4235,0.595,700,1027,517,824,180.2842
12,40.0545,2,1240.0202,580.2423,16460.0,2546.0,188.9747,0.9628,1.954,460.0,51.7564,0.3924,0.5636,1027,1354,517,824,180.2842
12,40.455,1,851.5105,558.8669,18546.0,5233.0,194.6289,0.6371,2.6596,512.0,36.0133,0.417,0.5886,700,1027,517,824,180.2842
12,40.455,2,1183.8823,534.2136,16996.0,6283.0,218.9451,0.8719,2.69,421.0,63.4003,0.2367,0.3828,1027,1354,517,824,180.2842
12,40.8556,1,809.1626,548.5283,14092.0,3844.0,184.1463,0.8711,1.8877,450.0,45.582,0.3604,0.5298,700,1027,517,824,180.2842
12,40.8556,2,1149.8857,557.8122,17736.0,3643.0,192.2079,0.9179,1.7752,448.0,68.4549,0.1547,0.2679,1027,1354,517,824,180.2842
12,41.2561,1,777.7602,563.5631,13130.0,3896.0,197.0813,1.0,2.2101,449.0,59.1003,0.3095,0.4727,700,1027,517,824,180.2842
12,41.2561,2,1092.3945,569.4121,14206.0,3938.0,214.2301,0.969,2.4873,451.0,56.0302,0.2624,0.4157,1027,1354,517,824,180.2842
12,41.6567,1,769.4673,574.8735,14056.0,3414.0,184.9577,0.9827,2.5177,481.0,33.1383,0.604,0.7531,700,1027,517,824,180.2842
12,41.6567,2,1104.2038,598.3113,19102.0,4461.0,205.1302,0.8283,2.4686,452.0,36.2291,0.3692,0.5393,1027,1354,517,824,180.2842
12,42.0572,1,806.2595,543.8047,15315.0,5583.0,212.4952,0.8872,2.4255,429.0,62.9981,0.2906,0.4503,700,1027,517,824,180.2842
12,42.0572,2,1162.6586,549.0345,19697.0,6220.0,213.4913,0.7213,2.1704,440.0,49.9412,0.1904,0.32,1027,1354,517,824,180.2842
12,42.4578,1,814.5675,571.7977,15222.0,3296.0,127.0976,0.9,1.358,516.0,46.9334,0.3952,0.5665,700,1027,517,824,180.2842
12,42.4578,2,1202.0249,548.0611,15250.0,4363.0,202.175,0.9958,1.8968,421.0,60.6168,0.232,0.3766,1027,1354,517,824,180.2842
12,42.8583,1,854.863,586.1583,15790.0,2423.0,161.4096,0.8653,1.818,518.0,46.488,0.39,0.5612,700,1027,517,824,180.2842
12,42.8583,2,1223.8997,579.8019,18103.0,3064.0,198.3651,0.9419,2.032,460.0,51.0827,0.4377,0.6089,1027,1354,517,824,180.2842
12,43.2589,1,837.469,561.3177,18145.0,2945.0,183.4013,0.7732,1.7038,479.0,46.7262,0.324,0.4894,700,1027,517,824,180.2842
12,43.2589,2,1175.5388,539.3742,15368.0,4094.0,216.0261,0.8684,3.0136,442.0,63.3309,0.2738,0.4299,1027,1354,517,824,180.2842
12,43.6594,1,767.2273,547.428,8836.0,2351.0,177.2263,0.9983,2.2878,458.0,54.5917,0.1834,0.31,700,1027,517,824,180.2842
12,43.6594,2,1135.4379,556.1254,14869.0,2836.0,188.1889,0.9155,2.6322,453.0,60.3071,0.1787,0.3032,1027,1354,517,824,180.2842
12,44.06,1,760.4683,599.6859,9816.0,917.0,169.4028,0.9396,3.8427,542.0,66.1705,0.229,0.3727,700,1027,517,824,180.2842
12,44.06,2,1123.7393,608.0032,16346.0,1722.0,202.7592,0.9999,3.4072,471.0,44.5224,0.3124,0.4761,1027,1354,517,824,180.2842
12,44.4605,1,764.6639,610.1429,12430.0,1090.0,222.0311,0.9992,2.8663,488.0,44.3264,0.5024,0.6688,700,1027,517,824,180.2842
12,44.4605,2,1097.144,626.4183,14128.0,1265.0,193.7227,0.9999,2.4548,490.0,38.1179,0.3557,0.5248,1027,1354,517,824,180.2842
12,44.861,1,764.4713,602.9061,14412.0,1635.0,215.8247,0.9999,2.4492,470.0,31.8804,0.6689,0.8016,700,1027,517,824,180.2842
12,44.861,2,1125.4398,568.7509,16212.0,1796.0,184.7686,0.9925,1.9525,478.0,37.8504,0.354,0.5229,1027,1354,517,824,180.2842
12,45.2616,1,777.903,622.3045,17508.0,857.0,208.7375,0.9952,2.106,494.0,38.8785,0.5009,0.6675,700,1027,517,824,180.2842
12,45.2616,2,1110.5367,609.7574,15438.0,2364.0,203.3004,0.9896,2.4374,463.0,36.2563,0.4339,0.6052,1027,1354,517,824,180.2842
12,45.6621,1,817.2137,561.1194,15983.0,3571.0,188.4663,0.9007,1.5296,439.0,70.3729,0.2098,0.3468,700,1027,517,824,180.2842
12,45.6621,2,1103.9576,601.2727,14066.0,2391.0,200.1665,0.9952,2.5823,460.0,34.4995,0.5697,0.7259,1027,1354,517,824,180.2842
12,46.0627,1,847.9706,582.1267,22133.0,1694.0,152.9864,0.7206,1.8345,553.0,55.9444,0.2925,0.4527,700,1027,517,824,180.2842
12,46.0627,2,1089.5644,621.3685,13127.0,830.0,191.6902,0.9999,2.1915,496.0,50.2044,0.3561,0.5251,1027,1354,517,824,180.2842
12,46.4632,1,891.7028,582.2732,16485.0,1103.0,240.4917,0.7065,2.2837,494.0,43.0941,0.4078,0.5794,700,1027,517,824,180.2842
12,46.4632,2,1105.8625,571.1202,14534.0,1793.0,194.4256,0.8813,1.7584,478.0,41.4952,0.395,0.5664,1027,1354,517,824,180.2842
12,46.8638,1,872.6384,558.4523,18820.0,2445.0,222.201,0.497,2.6003,478.0,37.7722,0.4575,0.6278,700,1027,517,824,180.2842
12,46.8638,2,1125.207,574.0082,15123.0,2054.0,186.0235,0.8112,1.9148,473.0,59.7039,0.3571,0.5263,1027,1354,517,824,180.2842
12,47.2643,1,933.3646,569.5818,15496.0,2211.0,189.1313,0.858,1.8192,458.0,58.1882,0.216,0.3553,700,1027,517,824,180.2842
12,47.2643,2,1108.1715,581.6371,14930.0,1910.0,175.9078,0.997,1.6316,471.0,56.9951,0.4103,0.5819,1027,1354,517,824,180.2842
12,47.6649,1,964.7735,599.2396,13014.0,623.0,204.8108,0.9643,2.0007,501.0,56.5431,0.2843,0.4428,700,1027,517,824,180.2842
12,47.6649,2,1100.7733,609.6809,16887.0,1718.0,189.1254,0.9995,1.9254,483.0,41.3013,0.5571,0.7155,1027,1354,517,824,180.2842
12,48.0654,1,965.6296,602.6128,14681.0,1476.0,206.4487,0.9546,2.3558,484.0,33.136,0.5008,0.6674,700,1027,517,824,180.2842
12,48.0654,2,1110.1342,600.9141,17333.0,2113.0,212.8072,0.7821,2.2737,480.0,34.1396,0.5116,0.6769,1027,1354,517,824,180.2842
12,48.466,1,963.236,557.7965,12507.0,2389.0,185.298,0.8909,1.832,459.0,28.2842,0.532,0.6945,700,1027,517,824,180.2842
12,48.466,2,1157.1228,549.6168,15772.0,2391.0,236.1818,0.3774,2.1704,478.0,35.4603,0.3532,0.522,1027,1354,517,824,180.2842
12,48.8665,1,948.1538,598.9111,13944.0,504.0,208.0835,0.9543,2.0772,500.0,45.2858,0.5276,0.6908,700,1027,517,824,180.2842
12,48.8665,2,1183.4376,566.6658,17956.0,1867.0,214.817,0.619,1.9869,492.0,56.5574,0.2879,0.447,1027,1354,517,824,180.2842
12,49.267,1,949.4248,587.8826,16284.0,2186.0,186.086,0.9962,1.7687,462.0,41.9936,0.5174,0.682,700,1027,517,824,180.2842
12,49.267,2,1236.9027,565.8481,12790.0,926.0,161.9569,0.6051,1.4795,492.0,45.7754,0.3351,0.502,1027,1354,517,824,180.2842
12,49.6676,1,960.2694,599.9442,18465.0,1828.0,191.6383,0.9746,1.6263,480.0,37.4174,0.5667,0.7234,700,1027,517,824,180.2842
12,49.6676,2,1254.3173,568.956,13534.0,1539.0,186.9588,0.8731,2.0885,477.0,38.924,0.4831,0.6515,1027,1354,517,824,180.2842
12,50.0681,1,962.9516,608.2808,16066.0,960.0,201.3816,0.9577,1.9755,494.0,25.5434,0.6974,0.8218,700,1027,517,824,180.2842
12,50.0681,2,1242.9221,607.0907,13661.0,513.0,205.2302,0.9477,2.4188,507.0,36.7185,0.4649,0.6347,1027,1354,517,824,180.2842
12,50.4687,1,959.565,566.7314,10366.0,991.0,153.4831,0.8474,1.7312,493.0,38.944,0.4647,0.6345,700,1027,517,824,180.2842
12,50.4687,2,1236.9217,602.9043,15406.0,996.0,174.3763,0.9387,1.4987,493.0,41.455,0.3328,0.4994,1027,1354,517,824,180.2842
12,50.8692,1,966.6518,585.5441,11586.0,1125.0,154.9334,0.9714,1.7064,486.0,26.4679,0.5356,0.6976,700,1027,517,824,180.2842
12,50.8692,2,1187.5763,576.3566,17073.0,921.0,232.3751,0.7256,2.5915,503.0,45.3974,0.3033,0.4654,1027,1354,517,824,180.2842
12,51.2698,1,965.1248,596.0635,12240.0,617.0,206.6418,0.9947,2.155,495.0,34.4116,0.5502,0.7098,700,1027,517,824,180.2842
12,51.2698,2,1174.5099,605.9479,16672.0,482.0,273.2719,0.8613,3.4564,508.0,59.449,0.371,0.5412,1027,1354,517,824,180.2842
12,51.6703,1,964.6966,614.6212,12375.0,149.0,216.1853,0.9998,2.325,511.0,28.6687,0.6224,0.7673,700,1027,517,824,180.2842
12,51.6703,2,1151.6122,594.2531,16788.0,2161.0,213.1374,0.9006,1.8532,463.0,43.2716,0.3757,0.5461,1027,1354,517,824,180.2842
12,52.0709,1,951.1302,599.8736,12114.0,238.0,178.983,0.9971,1.9795,512.0,43.7254,0.3599,0.5293,700,1027,517,824,180.2842
12,52.0709,2,1179.2651,593.5613,20844.0,1134.0,207.5065,0.9475,2.4308,494.0,33.9165,0.4698,0.6392,1027,1354,517,824,180.2842
12,52.4714,1,892.6853,554.0828,15706.0,1769.0,160.4649,0.3196,1.1158,486.0,43.5411,0.3188,0.4835,700,1027,517,824,180.2842
12,52.4714,2,1190.2442,597.7345,20141.0,1498.0,218.8747,0.8773,1.9333,490.0,42.5321,0.5449,0.7054,1027,1354,517,824,180.2842
12,52.8719,1,884.0077,591.3148,18603.0,1152.0,234.5806,0.7084,2.3987,496.0,48.3626,0.3529,0.5217,700,1027,517,824,180.2842
12,52.8719,2,1188.1255,567.2781,16022.0,1163.0,210.3816,0.5269,2.259,499.0,41.9716,0.4794,0.6481,1027,1354,517,824,180.2842
12,53.2725,1,838.2507,602.4789,14535.0,685.0,194.6804,0.9937,2.8489,507.0,37.5946,0.3326,0.4991,700,1027,517,824,180.2842
12,53.2725,2,1219.7447,570.582,10648.0,300.0,155.8387,0.5627,1.8273,508.0,40.8157,0.3873,0.5584,1027,1354,517,824,180.2842
12,53.673,1,852.578,610.2881,18804.0,948.0,253.4146,0.8438,3.3255,504.0,32.8534,0.4855,0.6536,700,1027,517,824,180.2842
12,53.673,2,1235.3818,570.3957,9792.0,286.0,153.6454,0.721,1.7873,509.0,29.546,0.6199,0.7654,1027,1354,517,824,180.2842
12,54.0736,1,811.6211,590.0276,12263.0,1284.0,227.1923,0.8604,3.4446,488.0,40.8105,0.3998,0.5712,700,1027,517,824,180.2842
12,54.0736,2,1211.2866,582.7497,13592.0,284.0,220.5401,0.622,3.2173,509.0,43.0283,0.5015,0.668,1027,1354,517,824,180.2842
12,54.4741,1,793.1576,600.0811,12673.0,1181.0,221.1723,0.9116,3.3801,492.0,56.0338,0.3848,0.5557,700,1027,517,824,180.2842
12,54.4741,2,1232.0289,574.1182,13065.0,582.0,202.7286,0.6055,2.6311,504.0,42.53,0.6028,0.7521,1027,1354,517,824,180.2842
12,54.8747,1,775.9638,610.7931,13128.0,547.0,217.7948,0.9819,2.8801,506.0,55.3412,0.3767,0.5473,700,1027,517,824,180.2842
12,54.8747,2,1254.2657,576.2166,11566.0,781.0,161.7386,0.854,1.8551,495.0,55.6148,0.4634,0.6333,1027,1354,517,824,180.2842
12,55.2752,1,777.0317,604.9596,10914.0,388.0,158.8435,1.0,2.155,509.0,42.3966,0.482,0.6504,700,1027,517,824,180.2842
12,55.2752,2,1266.3878,561.4803,10559.0,1582.0,145.8424,0.9787,1.5606,481.0,45.5096,0.5915,0.7433,1027,1354,517,824,180.2842
12,55.6758,1,784.068,578.387,11781.0,404.0,158.0251,0.9978,1.4929,507.0,39.5145,0.4473,0.6181,700,1027,517,824,180.2842
12,55.6758,2,1248.2818,556.6302,11563.0,1513.0,127.5799,0.9425,1.0669,477.0,59.1173,0.4846,0.6528,1027,1354,517,824,180.2842
12,56.0763,1,808.6031,605.8646,14204.0,829.0,208.5033,0.9813,2.2966,498.0,47.4779,0.3609,0.5304,700,1027,517,824,180.2842
12,56.0763,2,1216.6172,564.4676,13190.0,1872.0,145.0706,0.9829,1.2696,474.0,55.2684,0.4222,0.5937,1027,1354,517,824,180.2842
12,56.4769,1,813.5093,633.227,15214.0,304.0,247.0839,0.9487,3.3381,509.0,37.0614,0.5359,0.6978,700,1027,517,824,180.2842
12,56.4769,2,1199.3882,565.8193,16881.0,2390.0,166.1515,0.4016,1.3177,483.0,39.556,0.4385,0.6097,1027,1354,517,824,180.2842
12,56.8774,1,803.4113,616.3569,14677.0,905.0,224.5205,0.9183,3.2586,495.0,31.9062,0.6059,0.7546,700,1027,517,824,180.2842
12,56.8774,2,1171.1303,556.8662,18185.0,2690.0,216.1832,0.3113,2.5249,506.0,36.3091,0.5039,0.6701,1027,1354,517,824,180.2842
12,57.2779,1,795.0175,593.7384,12259.0,1016.0,206.173,0.913,3.0108,491.0,31.3242,0.6226,0.7674,700,1027,517,824,180.2842
12,57.2779,2,1140.3099,550.5753,12120.0,2254.0,201.1798,0.4296,3.0041,491.0,37.9742,0.4825,0.6509,1027,1354,517,824,180.2842
12,57.6785,1,776.6437,614.8536,11566.0,412.0,197.5405,0.9846,3.0039,509.0,47.4629,0.38,0.5508,700,1027,517,824,180.2842
12,57.6785,2,1133.3409,557.8461,11847.0,1464.0,161.4765,0.4104,1.8994,501.0,36.611,0.5819,0.7357,1027,1354,517,824,180.2842
12,58.079,1,771.2612,588.0235,11044.0,486.0,170.4918,0.9991,2.0905,508.0,31.1414,0.4958,0.6629,700,1027,517,824,180.2842
12,58.079,2,1124.791,555.7031,11015.0,1303.0,145.3066,0.3826,1.6583,497.0,30.4541,0.6844,0.8126,1027,1354,517,824,180.2842
12,58.4796,1,784.0691,590.0133,11510.0,671.0,164.0265,0.9993,1.9164,500.0,35.4091,0.5363,0.6981,700,1027,517,824,180.2842
12,58.4796,2,1125.6975,560.3295,11622.0,1261.0,169.5808,0.6697,1.9832,489.0,40.5747,0.6142,0.761,1027,1354,517,824,180.2842
12,58.8801,1,797.3901,599.5702,12973.0,578.0,206.3514,0.9938,2.3326,504.0,32.9717,0.5813,0.7352,700,1027,517,824,180.2842
12,58.8801,2,1118.5017,555.6906,9759.0,1500.0,131.5488,0.8205,1.4133,484.0,38.7937,0.6018,0.7514,1027,1354,517,824,180.2842
12,59.2807,1,783.9702,630.5584,14625.0,507.0,246.6554,0.9641,3.5052,505.0,50.2258,0.3872,0.5582,700,1027,517,824,180.2842
12,59.2807,2,1108.6916,546.5817,10920.0,2251.0,149.5115,0.5706,1.5949,481.0,54.6308,0.4323,0.6036,1027,1354,517,824,180.2842
12,59.6812,1,788.3977,603.3767,12470.0,1031.0,217.639,0.9383,3.2116,491.0,42.7859,0.5197,0.684,700,1027,517,824,180.2842
12,59.6812,2,1153.6933,540.6966,13555.0,3092.0,124.281,0.0346,1.4876,504.0,41.1396,0.4216,0.5931,1027,1354,517,824,180.2842
12,60.0818,1,784.1386,611.1084,11813.0,342.0,215.0411,0.9656,2.94,510.0,34.4403,0.6503,0.7881,700,1027,517,824,180.2842
12,60.0818,2,1204.6749,539.2313,12635.0,2991.0,264.1234,0.2253,4.0889,491.0,41.4459,0.4029,0.5743,1027,1354,517,824,180.2842
12,60.4823,1,775.0505,588.1066,10719.0,535.0,175.391,0.9992,2.161,508.0,40.8424,0.4961,0.6632,700,1027,517,824,180.2842
12,60.4823,2,1214.5727,545.6937,12104.0,2362.0,216.0844,0.2607,3.2869,498.0,33.9427,0.6158,0.7622,1027,1354,517,824,180.2842
12,60.8828,1,800.4307,568.7022,10341.0,439.0,144.7335,0.7809,1.271,509.0,41.6286,0.4236,0.5952,700,1027,517,824,180.2842
12,60.8828,2,1229.8617,547.9568,11267.0,1282.0,179.1976,0.2388,2.6252,506.0,34.717,0.5876,0.7402,1027,1354,517,824,180.2842
12,61.2834,1,876.1415,571.6563,13964.0,873.0,196.8023,0.764,2.4566,497.0,55.6163,0.1265,0.2246,700,1027,517,824,180.2842
12,61.2834,2,1221.4521,555.9734,11698.0,910.0,169.3965,0.198,2.0993,507.0,28.6486,0.6751,0.806,1027,1354,517,824,180.2842
12,61.6839,1,892.0546,596.7252,14214.0,417.0,263.5314,0.7035,3.3817,506.0,57.2808,0.3653,0.5351,700,1027,517,824,180.2842
12,61.6839,2,1244.1104,551.2302,8956.0,366.0,142.517,0.1639,1.8737,508.0,33.3148,0.619,0.7647,1027,1354,517,824,180.2842
12,62.0845,1,902.3634,596.6807,14079.0,1029.0,238.6722,0.8039,2.8571,494.0,36.844,0.5149,0.6798,700,1027,517,824,180.2842
12,62.0845,2,1220.7132,557.753,13385.0,669.0,196.6753,0.3372,2.5534,501.0,41.6033,0.5617,0.7193,1027,1354,517,824,180.2842
12,62.485,1,920.2806,598.982,13334.0,922.0,230.601,0.8689,2.9236,498.0,38.2646,0.4829,0.6513,700,1027,517,824,180.2842
12,62.485,2,1241.2827,554.3048,10992.0,1257.0,153.8931,0.4909,1.8828,488.0,40.1002,0.5851,0.7382,1027,1354,517,824,180.2842
12,62.8856,1,918.6689,631.868,15814.0,457.0,223.2683,0.9514,2.1472,507.0,36.4824,0.4788,0.6476,700,1027,517,824,180.2842
12,62.8856,2,1259.0494,550.9951,8990.0,1572.0,117.2293,0.6345,1.3012,480.0,51.425,0.4294,0.6008,1027,1354,517,824,180.2842
12,63.2861,1,894.2055,598.0156,16942.0,680.0,184.5219,0.9162,2.5423,523.0,37.1625,0.4013,0.5728,700,1027,517,824,180.2842
12,63.2861,2,1250.8186,545.8935,9345.0,1824.0,143.3885,0.5907,1.8042,476.0,40.6539,0.5458,0.7062,1027,1354,517,824,180.2842
12,63.6867,1,879.1736,594.0728,16617.0,899.0,250.325,0.7169,3.1354,508.0,38.9708,0.6312,0.7739,700,1027,517,824,180.2842
12,63.6867,2,1224.3669,555.5413,11873.0,1802.0,132.2053,0.9835,1.3153,472.0,60.7794,0.3928,0.564,1027,1354,517,824,180.2842
12,64.0872,1,837.8766,588.638,13472.0,1362.0,227.0653,0.7208,3.4313,491.0,49.707,0.4079,0.5794,700,1027,517,824,180.2842
12,64.0872,2,1195.0574,560.4397,13187.0,2367.0,170.1468,0.9823,2.0006,457.0,51.1959,0.4581,0.6283,1027,1354,517,824,180.2842
12,64.4878,1,817.7971,607.2415,13087.0,785.0,211.7739,0.8677,3.0603,497.0,62.2323,0.3071,0.4699,700,1027,517,824,180.2842
12,64.4878,2,1178.8393,563.2596,13789.0,3558.0,194.9374,0.9921,2.2592,436.0,45.0069,0.4087,0.5803,1027,1354,517,824,180.2842
12,64.8883,1,798.0835,621.084,12137.0,440.0,238.7616,0.9454,3.5848,508.0,49.6089,0.3597,0.5291,700,1027,517,824,180.2842
12,64.8883,2,1147.0992,604.886,18492.0,2536.0,189.2032,0.9999,1.9128,463.0,43.4409,0.3481,0.5164,1027,1354,517,824,180.2842
12,65.2888,1,789.4446,612.1894,12998.0,1268.0,206.6827,0.9603,2.9522,491.0,33.6895,0.5102,0.6756,700,1027,517,824,180.2842
12,65.2888,2,1136.2497,602.7949,20050.0,2725.0,207.811,0.9295,2.0719,464.0,33.6303,0.5541,0.7131,1027,1354,517,824,180.2842
12,65.6894,1,789.5133,554.4552,11804.0,2816.0,154.9148,0.9988,1.6542,460.0,50.3409,0.4229,0.5945,700,1027,517,824,180.2842
12,65.6894,2,1186.8467,556.3969,18895.0,4020.0,221.2575,0.68,2.0126,454.0,41.4546,0.3107,0.4742,1027,1354,517,824,180.2842
12,66.0899,1,799.881,574.1221,14797.0,2120.0,176.5999,0.9806,1.6019,466.0,36.6578,0.5855,0.7385,700,1027,517,824,180.2842
12,66.0899,2,1234.6959,567.6759,17833.0,3703.0,198.3027,0.98,1.6325,455.0,60.4706,0.2715,0.4271,1027,1354,517,824,180.2842
12,66.4905,1,814.4871,605.3023,16718.0,1299.0,182.9415,0.9998,1.6255,509.0,49.3313,0.3785,0.5491,700,1027,517,824,180.2842
12,66.4905,2,1221.0214,564.4879,17191.0,2965.0,191.8184,0.7995,1.4366,457.0,50.3868,0.4276,0.5991,1027,1354,517,824,180.2842
12,66.891,1,859.7383,573.0485,17140.0,2061.0,210.0376,0.9648,2.6214,482.0,38.5253,0.3699,0.54,700,1027,517,824,180.2842
12,66.891,2,1172.0944,546.0812,18272.0,4517.0,194.478,0.8263,1.6764,438.0,60.817,0.2985,0.4598,1027,1354,517,824,180.2842
12,67.2916,1,860.1374,557.7348,19267.0,3338.0,182.6197,0.9739,1.3766,456.0,33.8876,0.5729,0.7285,700,1027,517,824,180.2842
12,67.2916,2,1137.6728,572.5249,20569.0,2891.0,187.7947,0.9883,1.4751,455.0,52.5654,0.335,0.5018,1027,1354,517,824,180.2842
12,67.6921,1,843.7654,580.2812,18287.0,472.0,273.2444,0.4083,1.7691,510.0,44.5549,0.4276,0.599,700,1027,517,824,180.2842
12,67.6921,2,1117.174,605.1856,19710.0,1961.0,196.2127,0.9054,1.6027,478.0,35.4244,0.4324,0.6038,1027,1354,517,824,180.2842
12,68.0927,1,834.6362,576.8105,15880.0,808.0,187.3805,0.7334,1.4014,508.0,28.3132,0.6517,0.7891,700,1027,517,824,180.2842
12,68.0927,2,1179.7348,550.4578,18172.0,3946.0,199.1662,0.7582,1.7248,442.0,60.6709,0.2363,0.3823,1027,1354,517,824,180.2842
12,68.4932,1,845.5098,561.5989,15661.0,628.0,259.7712,0.2861,2.1963,510.0,40.5292,0.5971,0.7477,700,1027,517,824,180.2842
12,68.4932,2,1220.0181,577.3302,19726.0,2817.0,193.5388,0.9031,1.462,467.0,57.2524,0.27,0.4252,1027,1354,517,824,180.2842
12,68.8937,1,905.8505,565.8377,13277.0,935.0,218.1745,0.4991,3.071,496.0,70.1877,0.2854,0.4441,700,1027,517,824,180.2842
12,68.8937,2,1236.7288,597.1168,22431.0,2502.0,227.7123,0.8818,1.7127,471.0,45.3018,0.427,0.5984,1027,1354,517,824,180.2842
12,69.2943,1,944.2472,580.5515,12915.0,1306.0,193.1036,0.8657,2.2313,479.0,74.0594,0.2129,0.351,700,1027,517,824,180.2842
12,69.2943,2,1149.7624,545.4535,18523.0,4552.0,205.1728,0.7675,2.1309,446.0,64.3111,0.1631,0.2805,1027,1354,517,824,180.2842
12,69.6948,1,946.5838,625.642,13579.0,359.0,218.2785,0.9297,2.8544,508.0,47.435,0.3472,0.5154,700,1027,517,824,180.2842
12,69.6948,2,1125.7576,552.2647,13612.0,2792.0,186.7765,0.9962,2.5787,455.0,54.0555,0.2817,0.4396,1027,1354,517,824,180.2842
12,70.0954,1,941.4416,555.178,10659.0,3307.0,131.316,0.9143,2.2941,510.0,60.2529,0.1033,0.1873,700,1027,517,824,180.2842
12,70.0954,2,1060.7231,520.8158,10680.0,5273.0,225.0027,0.9994,3.5021,408.0,63.4456,0.174,0.2965,1027,1354,517,824,180.2842
12,70.4959,1,953.8286,606.3079,13143.0,103.0,192.047,0.9843,2.1898,512.0,45.8961,0.2913,0.4511,700,1027,517,824,180.2842
12,70.4959,2,1090.9178,604.7789,14493.0,1518.0,197.0267,0.9727,2.2117,476.0,67.6769,0.1915,0.3215,1027,1354,517,824,180.2842
12,70.8965,1,947.7014,618.269,14101.0,1025.0,228.6856,0.9101,3.4878,495.0,38.0562,0.4747,0.6438,700,1027,517,824,180.2842
12,70.8965,2,1106.7159,562.1715,15451.0,3667.0,195.7686,0.9142,2.0283,446.0,50.4428,0.416,0.5876,1027,1354,517,824,180.2842
12,71.297,1,937.1231,552.8918,14224.0,5151.0,245.409,0.8721,3.3202,448.0,64.4125,0.2239,0.3658,700,1027,517,824,180.2842
12,71.297,2,1133.9321,560.1005,26133.0,10599.0,125.7603,0.3857,1.0675,497.0,47.3781,0.3579,0.5271,1027,1354,517,824,180.2842
12,71.6976,1,958.5243,555.4107,10887.0,2825.0,159.4943,0.9243,2.0358,466.0,57.9297,0.3346,0.5015,700,1027,517,824,180.2842
12,71.6976,2,1132.1103,586.1756,17282.0,2701.0,187.3972,0.9112,1.7537,468.0,39.9488,0.3297,0.4959,1027,1354,517,824,180.2842
12,72.0981,1,965.3442,569.9686,13528.0,2049.0,181.3519,0.9617,1.8795,460.0,60.1464,0.3648,0.5346,700,1027,517,824,180.2842
12,72.0981,2,1191.3219,551.2573,15512.0,2387.0,226.2113,0.4689,2.1186,469.0,53.5282,0.2207,0.3617,1027,1354,517,824,180.2842
12,72.4987,1,973.1569,599.6019,17436.0,1502.0,188.561,0.984,1.7445,478.0,39.7416,0.5668,0.7235,700,1027,517,824,180.2842
12,72.4987,2,1212.5443,556.4809,17747.0,2258.0,198.1161,0.5672,2.0551,475.0,59.9376,0.3263,0.4921,1027,1354,517,824,180.2842
12,72.8992,1,947.6451,588.9071,16077.0,1294.0,204.1463,0.9099,1.906,487.0,46.7648,0.4329,0.6042,700,1027,517,824,180.2842
12,72.8992,2,1271.0451,563.9807,14734.0,3212.0,187.8615,0.995,1.8639,440.0,63.0089,0.25,0.4,1027,1354,517,824,180.2842
12,73.2997,1,951.615,568.6931,12538.0,1561.0,181.1212,0.8163,1.9199,485.0,38.4867,0.5473,0.7075,700,1027,517,824,180.2842
12,73.2997,2,1266.1578,596.474,19792.0,2100.0,187.1903,0.9572,1.4892,468.0,48.9064,0.4429,0.6139,1027,1354,517,824,180.2842
12,73.7003,1,961.4735,579.7573,11398.0,1276.0,190.5094,0.9788,2.3254,478.0,47.3809,0.3868,0.5578,700,1027,517,824,180.2842
12,73.7003,2,1206.3754,565.9155,18353.0,2818.0,191.1351,0.8564,1.4376,456.0,74.9831,0.1875,0.3158,1027,1354,517,824,180.2842
12,74.1008,1,968.3263,608.6923,11413.0,333.0,219.8989,0.9985,2.2734,507.0,38.8944,0.4257,0.5972,700,1027,517,824,180.2842
12,74.1008,2,1162.2418,563.5303,20745.0,3414.0,219.7953,0.8426,2.0596,449.0,62.0599,0.2772,0.4341,1027,1354,517,824,180.2842
12,74.5014,1,977.7946,625.6305,12743.0,660.0,212.2089,1.0,2.2732,499.0,33.147,0.4917,0.6592,700,1027,517,824,180.2842
12,74.5014,2,1120.716,586.9957,16299.0,2690.0,196.0874,0.9736,1.9185,459.0,42.1203,0.3957,0.5671,1027,1354,517,824,180.2842
12,74.9019,1,976.4227,598.0505,11588.0,400.0,170.9194,0.9869,2.2459,508.0,37.0766,0.4065,0.578,700,1027,517,824,180.2842
12,74.9019,2,1110.3238,578.6329,14385.0,2094.0,195.0502,0.9713,1.944,473.0,35.6109,0.5011,0.6676,1027,1354,517,824,180.2842
12,75.3025,1,926.6235,590.5323,14057.0,305.0,197.2676,0.9689,1.9269,506.0,63.2068,0.1952,0.3266,700,1027,517,824,180.2842
12,75.3025,2,1080.0215,583.8747,10428.0,1199.0,199.4917,0.996,2.8396,483.0,65.5378,0.2128,0.3509,1027,1354,517,824,180.2842
12,75.703,1,935.9439,599.7882,13306.0,245.0,233.6417,0.8446,3.1366,509.0,43.7437,0.5339,0.6961,700,1027,517,824,180.2842
12,75.703,2,1093.4578,593.3745,8436.0,744.0,210.4332,0.9906,4.213,501.0,49.2694,0.3531,0.5219,1027,1354,517,824,180.2842
12,76.1036,1,939.3623,598.2345,12100.0,961.0,227.3204,0.8766,3.5621,496.0,36.43,0.6021,0.7516,700,1027,517,824,180.2842
12,76.1036,2,1102.7139,568.9351,6719.0,876.0,153.7486,0.9902,2.9578,498.0,45.756,0.3269,0.4928,1027,1354,517,824,180.2842
12,76.5041,1,942.1709,621.8723,14755.0,123.0,240.5846,0.9585,2.9028,513.0,44.4139,0.456,0.6263,700,1027,517,824,180.2842
12,76.5041,2,1131.3557,574.1397,14249.0,951.0,172.6017,0.9994,1.4843,494.0,49.8374,0.3219,0.487,1027,1354,517,824,180.2842
12,76.9046,1,925.7874,615.4245,14772.0,88.0,180.1122,0.9667,2.3603,531.0,46.0591,0.4158,0.5874,700,1027,517,824,180.2842
12,76.9046,2,1127.615,596.6375,13040.0,673.0,219.5356,0.9348,2.7729,501.0,42.7895,0.4709,0.6403,1027,1354,517,824,180.2842
12,77.3052,1,895.9912,575.0439,17424.0,438.0,271.2364,0.5083,3.2181,512.0,40.9005,0.4501,0.6208,700,1027,517,824,180.2842
12,77.3052,2,1137.7025,595.9722,12499.0,615.0,230.4806,0.836,3.9167,502.0,43.6585,0.5368,0.6986,1027,1354,517,824,180.2842
12,77.7057,1,837.836,587.15,15162.0,150.0,249.8567,0.5749,3.4732,512.0,69.0991,0.2634,0.4169,700,1027,517,824,180.2842
12,77.7057,2,1107.1929,583.0785,11530.0,1564.0,209.2802,0.914,3.4275,473.0,63.2144,0.3397,0.5071,1027,1354,517,824,180.2842
12,78.1063,1,855.4133,610.1982,15349.0,295.0,250.2531,0.7425,3.5593,510.0,44.6366,0.5372,0.6989,700,1027,517,824,180.2842
12,78.1063,2,1112.6683,610.1902,10381.0,743.0,211.0956,0.9344,3.5833,499.0,43.0453,0.4741,0.6432,1027,1354,517,824,180.2842
12,78.5068,1,825.523,582.0307,14105.0,1186.0,199.4722,0.7981,2.3023,493.0,35.7489,0.5619,0.7195,700,1027,517,824,180.2842
12,78.5068,2,1110.363,622.0228,12361.0,1099.0,193.3531,0.9735,3.2373,492.0,28.1716,0.507,0.6729,1027,1354,517,824,180.2842
12,78.9074,1,800.6084,572.2688,12685.0,1427.0,179.4439,0.8296,2.0484,477.0,58.6374,0.4302,0.6016,700,1027,517,824,180.2842
12,78.9074,2,1099.3209,569.5726,6591.0,706.0,156.8618,0.9933,2.8079,498.0,32.6046,0.4397,0.6108,1027,1354,517,824,180.2842
12,79.3079,1,814.5572,620.8019,13810.0,233.0,200.9024,0.9391,2.2683,510.0,47.4488,0.3523,0.5211,700,1027,517,824,180.2842
12,79.3079,2,1105.9232,571.5252,9244.0,991.0,166.2646,0.9988,2.3005,495.0,32.4295,0.5398,0.7011,1027,1354,517,824,180.2842
12,79.7085,1,801.1151,604.2311,12229.0,409.0,203.2863,0.9645,2.7519,507.0,32.2757,0.503,0.6693,700,1027,517,824,180.2842
12,79.7085,2,1120.143,584.2566,12219.0,826.0,183.6536,0.9996,2.0913,500.0,34.6928,0.5206,0.6847,1027,1354,517,824,180.2842
12,80.109,1,793.4046,578.4838,10592.0,110.0,159.184,0.8522,1.7192,513.0,37.9969,0.5448,0.7053,700,1027,517,824,180.2842
12,80.109,2,1170.3584,572.5707,17247.0,781.0,258.8361,0.6202,2.391,505.0,49.2789,0.3182,0.4827,1027,1354,517,824,180.2842
12,80.5096,1,799.6385,568.8074,9444.0,220.0,131.5234,0.7872,1.4894,512.0,42.7096,0.6075,0.7558,700,1027,517,824,180.2842
12,80.5096,2,1205.0533,564.6772,12732.0,1253.0,221.4118,0.55,2.7634,498.0,44.5324,0.4495,0.6202,1027,1354,517,824,180.2842
12,80.9101,1,807.0559,572.4943,10312.0,190.0,142.2932,0.947,1.3136,511.0,34.579,0.6031,0.7524,700,1027,517,824,180.2842
12,80.9101,2,1236.5491,569.5211,13009.0,1803.0,194.9715,0.8152,2.4678,478.0,56.9495,0.2824,0.4404,1027,1354,517,824,180.2842
12,81.3106,1,811.1036,602.2296,12780.0,125.0,164.5344,0.8371,2.3108,532.0,50.2977,0.3797,0.5504,700,1027,517,824,180.2842
12,81.3106,2,1247.4664,603.1605,13850.0,255.0,228.9453,0.9022,2.8368,510.0,51.4641,0.3826,0.5534,1027,1354,517,824,180.2842
12,81.7112,1,833.2662,645.8018,12169.0,0.0,172.4665,0.9164,2.2802,540.0,41.6017,0.352,0.5207,700,1027,517,824,180.2842
12,81.7112,2,1244.7511,610.73,14800.0,117.0,212.5971,0.9867,2.0635,512.0,38.8206,0.5358,0.6977,1027,1354,517,824,180.2842
12,82.1117,1,870.3598,618.8664,13290.0,133.0,193.3551,0.9959,2.4478,510.0,47.1812,0.3777,0.5483,700,1027,517,824,180.2842
12,82.1117,2,1219.0725,577.3883,15376.0,1205.0,182.8777,0.9478,2.2837,492.0,42.1545,0.4576,0.6279,1027,1354,517,824,180.2842
12,82.5123,1,835.1261,617.6162,15041.0,65.0,172.5255,0.9561,2.2382,540.0,39.4491,0.4102,0.5818,700,1027,517,824,180.2842
12,82.5123,2,1171.4019,599.9414,14759.0,369.0,208.1378,0.8947,2.9425,512.0,64.661,0.1962,0.3281,1027,1354,517,824,180.2842
12,82.9128,1,853.386,609.3033,19041.0,150.0,262.0487,0.7619,3.1475,514.0,32.3316,0.5354,0.6974,700,1027,517,824,180.2842
12,82.9128,2,1175.0768,602.1657,17592.0,383.0,207.8619,0.9655,2.4768,519.0,47.6424,0.3254,0.4911,1027,1354,517,824,180.2842
12,83.3134,1,836.8428,593.1376,13205.0,598.0,230.8731,0.773,3.074,504.0,35.6558,0.502,0.6685,700,1027,517,824,180.2842
12,83.3134,2,1171.552,597.4988,12970.0,843.0,197.0353,0.9827,2.7853,500.0,44.1307,0.3961,0.5674,1027,1354,517,824,180.2842
12,83.7139,1,797.2765,610.409,13514.0,355.0,222.7539,0.8805,3.2124,503.0,80.3597,0.1399,0.2455,700,1027,517,824,180.2842
12,83.7139,2,1148.9129,555.9171,11922.0,1945.0,144.0092,0.9311,1.5755,466.0,73.1549,0.2448,0.3933,1027,1354,517,824,180.2842
12,84.1145,1,792.2608,628.4427,13660.0,302.0,228.6796,0.9508,3.1815,511.0,38.7292,0.5172,0.6818,700,1027,517,824,180.2842
12,84.1145,2,1156.6424,560.662,21211.0,3961.0,216.881,0.7207,1.821,456.0,50.4025,0.3827,0.5535,1027,1354,517,824,180.2842
12,84.515,1,797.6361,570.5518,11234.0,1669.0,197.1675,0.9566,2.623,486.0,54.1106,0.3544,0.5233,700,1027,517,824,180.2842
12,84.515,2,1156.2838,557.1242,15731.0,3477.0,206.9162,0.7788,2.2522,459.0,42.7633,0.4886,0.6565,1027,1354,517,824,180.2842
12,84.9155,1,804.4333,582.5376,15437.0,1857.0,200.4303,0.9495,2.0608,474.0,40.0178,0.5936,0.745,700,1027,517,824,180.2842
12,84.9155,2,1205.3947,592.8173,21165.0,2140.0,218.507,0.6759,1.9065,467.0,63.5121,0.1983,0.3309,1027,1354,517,824,180.2842
12,85.3161,1,797.5923,574.9699,16209.0,2206.0,176.949,0.9779,1.4909,457.0,36.3655,0.6503,0.7881,700,1027,517,824,180.2842
12,85.3161,2,1236.5289,569.9042,17741.0,3115.0,194.982,0.9058,1.6019,453.0,40.6524,0.4726,0.6419,1027,1354,517,824,180.2842
12,85.7166,1,773.5749,609.21,18883.0,709.0,194.4148,0.9998,1.6628,499.0,56.1286,0.4122,0.5838,700,1027,517,824,180.2842
12,85.7166,2,1240.9869,595.9445,21083.0,1646.0,200.0936,0.9318,1.4327,478.0,50.265,0.4334,0.6047,1027,1354,517,824,180.2842
12,86.1172,1,789.6032,613.9963,20799.0,1162.0,211.961,0.999,1.7824,480.0,40.1624,0.5427,0.7035,700,1027,517,824,180.2842
12,86.1172,2,1194.3232,568.7536,19718.0,2305.0,238.6872,0.3092,1.6853,474.0,51.5944,0.3876,0.5586,1027,1354,517,824,180.2842
12,86.5177,1,784.3755,533.0235,19610.0,8717.0,202.6442,0.9574,1.567,425.0,56.6258,0.3491,0.5175,700,1027,517,824,180.2842
12,86.5177,2,1104.2094,508.6058,13484.0,7514.0,214.7922,0.8937,2.8227,393.0,74.3624,0.1758,0.299,1027,1354,517,824,180.2842
12,86.9183,1,854.349,582.2373,20938.0,1801.0,204.0333,0.7614,1.3244,485.0,74.013,0.1137,0.2041,700,1027,517,824,180.2842
12,86.9183,2,1192.0893,528.8581,7557.0,1269.0,106.9122,0.3238,2.7752,492.0,64.3875,0.1555,0.2692,1027,1354,517,824,180.2842
12,87.3188,1,905.1296,563.6547,15967.0,2352.0,225.187,0.615,2.2523,472.0,45.5698,0.371,0.5412,700,1027,517,824,180.2842
12,87.3188,2,1148.5537,563.0948,16221.0,1731.0,194.3761,0.7962,2.4841,489.0,44.9536,0.2974,0.4585,1027,1354,517,824,180.2842
12,87.7194,1,925.5374,565.8603,16869.0,3112.0,188.0662,0.7518,1.702,462.0,50.0805,0.4782,0.647,700,1027,517,824,180.2842
12,87.7194,2,1188.4284,551.3441,14238.0,1949.0,221.0022,0.481,3.1524,488.0,50.2279,0.3594,0.5287,1027,1354,517,824,180.2842
12,88.1199,1,960.6639,552.8554,12633.0,3543.0,190.759,0.7295,2.8838,485.0,43.41,0.4902,0.6579,700,1027,517,824,180.2842
12,88.1199,2,1246.5886,540.9223,11652.0,2967.0,190.1438,0.5527,2.5547,478.0,55.6977,0.361,0.5305,1027,1354,517,824,180.2842
12,88.5205,1,950.3488,595.8992,13313.0,1114.0,211.968,0.9234,2.4407,493.0,46.2578,0.3895,0.5606,700,1027,517,824,180.2842
12,88.5205,2,1250.8597,580.8265,12948.0,1301.0,189.1326,0.8371,2.2966,484.0,62.9972,0.3111,0.4746,1027,1354,517,824,180.2842
12,88.921,1,947.1806,550.4762,9999.0,3029.0,178.1969,0.9128,2.6828,461.0,58.7134,0.2881,0.4473,700,1027,517,824,180.2842
12,88.921,2,1245.4632,577.9382,11437.0,1640.0,217.7078,0.8828,3.1184,483.0,42.9627,0.493,0.6604,1027,1354,517,824,180.2842
12,89.3215,1,938.1917,570.0827,10451.0,1275.0,180.7329,0.7618,2.9374,491.0,37.4326,0.4738,0.6429,700,1027,517,824,180.2842
12,89.3215,2,1235.9057,601.4278,14555.0,1640.0,190.561,0.968,2.3746,477.0,45.2842,0.4934,0.6608,1027,1354,517,824,180.2842
12,89.7221,1,934.8954,581.0077,11490.0,1875.0,205.5296,0.8988,3.0525,480.0,37.4985,0.5144,0.6794,700,1027,517,824,180.2842
12,89.7221,2,1236.0892,563.3405,13996.0,3439.0,175.5521,0.9874,1.9925,459.0,34.6895,0.5948,0.746,1027,1354,517,824,180.2842
12,90.1226,1,944.1762,614.8227,13464.0,1704.0,204.2653,0.9367,2.8743,489.0,35.0117,0.4565,0.6268,700,1027,517,824,180.2842
12,90.1226,2,1254.9628,562.9231,13826.0,2692.0,175.0328,0.9415,1.6732,462.0,52.7249,0.5061,0.6721,1027,1354,517,824,180.2842
12,90.5232,1,933.6423,565.5704,11409.0,2889.0,188.7162,0.9,2.5941,469.0,42.0659,0.4431,0.6141,700,1027,517,824,180.2842
12,90.5232,2,1256.5691,559.9707,14345.0,3754.0,178.9738,0.9467,1.783,446.0,48.4669,0.5213,0.6853,1027,1354,517,824,180.2842
12,90.9237,1,928.6738,598.5729,12781.0,1641.0,233.9527,0.8771,3.6961,487.0,46.814,0.5082,0.6739,700,1027,517,824,180.2842
12,90.9237,2,1244.2064,557.4997,17488.0,3780.0,206.2469,0.7177,2.1213,459.0,50.7854,0.4563,0.6266,1027,1354,517,824,180.2842
12,91.3243,1,933.1674,612.1257,15279.0,2695.0,248.2017,0.9357,3.5801,476.0,36.2122,0.4761,0.6451,700,1027,517,824,180.2842
12,91.3243,2,1183.2306,530.39,17707.0,8106.0,199.7518,0.8444,2.1841,427.0,62.0741,0.293,0.4532,1027,1354,517,824,180.2842
12,91.7248,1,945.7969,563.0343,11578.0,2275.0,172.7007,0.8469,2.2335,477.0,39.6315,0.4704,0.6398,700,1027,517,824,180.2842
12,91.7248,2,1147.4006,564.6158,17493.0,4202.0,192.6708,0.8275,1.6238,447.0,68.8206,0.1621,0.2789,1027,1354,517,824,180.2842
12,92.1254,1,970.4739,545.271,10781.0,3569.0,168.7866,0.9995,2.1775,441.0,65.0202,0.3762,0.5467,700,1027,517,824,180.2842
12,92.1254,2,1123.5829,597.9996,18131.0,3210.0,177.7897,0.8151,2.0951,500.0,54.1339,0.3112,0.4747,1027,1354,517,824,180.2842
12,92.5259,1,967.589,594.0117,16318.0,3108.0,176.6513,0.9868,1.7588,457.0,41.7697,0.439,0.6101,700,1027,517,824,180.2842
12,92.5259,2,1090.7315,606.8104,20862.0,3796.0,192.2954,0.9205,1.665,454.0,44.4267,0.4006,0.572,1027,1354,517,824,180.2842
12,92.9264,1,949.5479,588.1353,17490.0,3842.0,198.5439,0.9999,1.8987,445.0,42.4596,0.5117,0.677,700,1027,517,824,180.2842
12,92.9264,2,1105.8946,569.9865,17230.0,3773.0,188.9668,0.9603,1.7781,449.0,38.4673,0.4177,0.5893,1027,1354,517,824,180.2842
12,93.327,1,937.7901,594.111,17708.0,3059.0,191.5793,0.9302,1.7818,467.0,35.7352,0.5534,0.7125,700,1027,517,824,180.2842
12,93.327,2,1123.035,585.299,17986.0,2792.0,180.7014,0.8155,2.021,507.0,43.2727,0.4403,0.6114,1027,1354,517,824,180.2842
12,93.7275,1,948.7222,567.3981,13012.0,2880.0,192.913,0.9198,2.0922,465.0,29.8364,0.5433,0.7041,700,1027,517,824,180.2842
12,93.7275,2,1103.9822,604.4167,17445.0,3825.0,192.183,0.9034,2.2951,459.0,32.5848,0.4216,0.5932,1027,1354,517,824,180.2842
12,94.1281,1,965.4829,559.3037,11339.0,3338.0,159.1502,0.8812,2.7555,496.0,36.4571,0.5104,0.6759,700,1027,517,824,180.2842
12,94.1281,2,1091.9417,596.8237,14982.0,4128.0,183.1421,0.9672,2.1491,448.0,33.3165,0.5553,0.714,1027,1354,517,824,180.2842
12,94.5286,1,979.3014,571.4213,9289.0,2259.0,194.0939,0.9425,4.0729,493.0,38.8971,0.4631,0.633,700,1027,517,824,180.2842
12,94.5286,2,1079.0175,611.7789,13221.0,2990.0,195.0412,0.99,2.9132,458.0,43.4752,0.3862,0.5572,1027,1354,517,824,180.2842
12,94.9292,1,982.6242,584.7243,10836.0,2543.0,166.4625,0.957,2.9853,496.0,28.1447,0.5632,0.7206,700,1027,517,824,180.2842
12,94.9292,2,1071.3375,607.6308,11128.0,2809.0,203.9845,0.9971,3.4252,453.0,31.8802,0.5005,0.6671,1027,1354,517,824,180.2842
12,95.3297,1,968.1645,550.5159,12617.0,4019.0,142.6906,0.9213,1.8469,498.0,43.5145,0.4596,0.6298,700,1027,517,824,180.2842
12,95.3297,2,1070.9298,559.1964,11768.0,3811.0,203.908,0.9988,2.5616,462.0,35.6605,0.4582,0.6284,1027,1354,517,824,180.2842
12,95.7303,1,945.9971,559.186,15057.0,3518.0,195.4667,0.9365,1.8553,445.0,47.0462,0.4068,0.5783,700,1027,517,824,180.2842
12,95.7303,2,1129.8296,534.2791,10654.0,3594.0,180.1931,0.9437,2.4149,426.0,76.9332,0.0723,0.1348,1027,1354,517,824,180.2842
12,96.1308,1,932.9849,597.7773,18381.0,3169.0,190.3414,0.9602,1.9215,451.0,35.0083,0.443,0.614,700,1027,517,824,180.2842
12,96.1308,2,1158.7945,579.9332,16385.0,3239.0,190.2,0.9885,1.8906,439.0,63.3497,0.2384,0.3851,1027,1354,517,824,180.2842
12,96.5314,1,927.852,584.6982,13181.0,692.0,189.2348,0.7352,2.2216,500.0,35.5555,0.3684,0.5384,700,1027,517,824,180.2842
12,96.5314,2,1168.6864,587.3269,15385.0,1569.0,185.5619,0.9811,1.794,471.0,40.4594,0.4928,0.6602,1027,1354,517,824,180.2842
12,96.9319,1,942.242,554.204,12822.0,3989.0,155.501,0.7713,2.3093,507.0,33.3643,0.5095,0.6751,700,1027,517,824,180.2842
12,96.9319,2,1149.2815,561.368,12787.0,2360.0,172.1764,0.9801,1.7664,451.0,50.4904,0.4816,0.6501,1027,1354,517,824,180.2842
12,97.3324,1,967.1817,554.6743,10319.0,3479.0,201.4985,0.9529,3.2129,451.0,50.3178,0.3245,0.49,700,1027,517,824,180.2842
12,97.3324,2,1155.1547,552.9903,14995.0,3963.0,143.9354,0.5452,1.6229,516.0,36.2788,0.5012,0.6678,1027,1354,517,824,180.2842
12,97.733,1,981.9989,588.1338,10034.0,2434.0,209.9639,0.9891,3.6864,466.0,40.08,0.3771,0.5476,700,1027,517,824,180.2842
12,97.733,2,1187.0122,559.1047,16571.0,3599.0,185.7429,0.5597,2.3345,513.0,46.6787,0.3916,0.5628,1027,1354,517,824,180.2842
12,98.1335,1,976.7898,612.4705,11323.0,2225.0,200.9732,0.998,3.0875,474.0,21.6302,0.5988,0.7491,700,1027,517,824,180.2842
12,98.1335,2,1228.3703,546.7066,12935.0,4334.0,196.1362,0.7752,2.6345,458.0,52.5012,0.3304,0.4967,1027,1354,517,824,180.2842
12,98.5341,1,968.5839,555.7575,12737.0,3585.0,171.5171,0.9834,1.7714,459.0,45.0679,0.4129,0.5845,700,1027,517,824,180.2842
12,98.5341,2,1259.3564,543.4749,12433.0,4224.0,200.3126,0.9473,2.3057,436.0,57.1994,0.2907,0.4504,1027,1354,517,824,180.2842
12,98.9346,1,953.7378,545.5145,15499.0,4943.0,199.0208,0.8271,2.035,433.0,48.9905,0.4765,0.6454,700,1027,517,824,180.2842
12,98.9346,2,1270.6831,583.7782,9456.0,1901.0,194.2811,0.9515,3.0481,481.0,49.1812,0.3408,0.5084,1027,1354,517,824,180.2842
12,99.3352,1,930.2613,579.2333,16842.0,2965.0,148.3463,0.5852,1.5072,514.0,50.8412,0.3106,0.474,700,1027,517,824,180.2842
12,99.3352,2,1269.7477,561.7538,9793.0,2466.0,181.7132,0.9611,2.891,466.0,39.3027,0.4743,0.6435,1027,1354,517,824,180.2842
12,99.7357,1,893.6313,578.0651,15087.0,2356.0,181.5039,0.9899,1.861,460.0,50.8154,0.3342,0.5009,700,1027,517,824,180.2842
12,99.7357,2,1266.7357,561.6978,10820.0,2648.0,179.9539,0.9652,2.7456,458.0,26.966,0.6353,0.777,1027,1354,517,824,180.2842
12,100.1363,1,891.0229,564.0385,15796.0,3612.0,173.4639,0.6855,2.2141,516.0,42.4004,0.3802,0.5509,700,1027,517,824,180.2842
12,100.1363,2,1266.2961,576.5796,11265.0,2258.0,207.8006,0.9439,3.1449,473.0,39.9426,0.5619,0.7195,1027,1354,517,824,180.2842
12,100.5368,1,918.8704,547.5641,13335.0,4383.0,217.011,0.8792,2.8733,442.0,48.6025,0.3767,0.5473,700,1027,517,824,180.2842
12,100.5368,2,1259.1688,584.8563,12077.0,2490.0,205.5929,0.9488,3.0442,467.0,25.9631,0.7449,0.8538,1027,1354,517,824,180.2842
12,100.9374,1,955.9661,567.2088,13630.0,3604.0,169.3082,0.7953,2.4178,495.0,62.2844,0.1688,0.2889,700,1027,517,824,180.2842
12,100.9374,2,1256.373,556.33,12115.0,3590.0,175.3063,0.9572,2.1104,449.0,47.0986,0.5021,0.6686,1027,1354,517,824,180.2842
12,101.3379,1,976.936,596.6004,13729.0,2455.0,168.7774,0.9568,2.2909,500.0,41.0412,0.3811,0.5518,700,1027,517,824,180.2842
12,101.3379,2,1259.2785,556.0832,13760.0,4446.0,203.1693,1.0,2.1897,440.0,43.9558,0.5427,0.7036,1027,1354,517,824,180.2842
12,101.7384,1,976.8725,580.2081,13505.0,2272.0,160.6966,0.9543,1.9958,503.0,23.5962,0.7288,0.8431,700,1027,517,824,180.2842
12,101.7384,2,1263.6854,584.572,17459.0,3195.0,207.5261,0.9901,1.9268,460.0,44.2555,0.5325,0.695,1027,1354,517,824,180.2842
12,102.139,1,965.2996,586.1598,13458.0,2569.0,159.3731,0.8593,2.1406,493.0,44.4975,0.4148,0.5864,700,1027,517,824,180.2842
12,102.139,2,1248.4425,570.3821,17706.0,3468.0,183.8103,0.9766,1.509,459.0,43.5363,0.5398,0.7012,1027,1354,517,824,180.2842
12,102.5395,1,954.5452,577.1786,13632.0,2861.0,161.8457,0.8985,2.0504,506.0,22.9918,0.6209,0.7661,700,1027,517,824,180.2842
12,102.5395,2,1237.5103,557.3681,13267.0,2836.0,172.5728,0.6744,1.9602,476.0,45.3315,0.4748,0.6439,1027,1354,517,824,180.2842
12,102.9401,1,945.2262,568.7523,12682.0,2934.0,181.48,0.7449,2.8591,501.0,35.8602,0.5112,0.6765,700,1027,517,824,180.2842
12,102.9401,2,1252.4741,535.9713,9493.0,3285.0,168.3639,0.763,2.3538,456.0,32.112,0.5529,0.7121,1027,1354,517,824,180.2842
12,103.3406,1,942.3959,569.3302,13357.0,2749.0,174.7154,0.9415,1.8091,471.0,26.2236,0.6299,0.7729,700,1027,517,824,180.2842
12,103.3406,2,1248.7327,575.9587,11540.0,2367.0,188.864,0.8916,2.7584,473.0,54.033,0.2749,0.4312,1027,1354,517,824,180.2842
12,103.7412,1,943.5655,581.6962,13886.0,2114.0,183.6446,0.7841,2.6082,505.0,25.675,0.6446,0.7839,700,1027,517,824,180.2842
12,103.7412,2,1261.8239,585.9843,10301.0,1301.0,173.3271,0.8953,2.758,510.0,35.2315,0.4802,0.6489,1027,1354,517,824,180.2842
12,104.1417,1,947.696,561.3067,12369.0,3288.0,188.7434,0.9729,2.4128,469.0,39.5777,0.5172,0.6818,700,1027,517,824,180.2842
12,104.1417,2,1243.3966,564.7636,11406.0,2468.0,154.0569,0.9909,1.9093,472.0,51.3384,0.3132,0.477,1027,1354,517,824,180.2842
12,104.5423,1,946.3577,530.5722,13110.0,5981.0,178.2804,0.9154,2.043,437.0,36.0408,0.5272,0.6905,700,1027,517,824,180.2842
12,104.5423,2,1240.7155,547.0141,8586.0,2107.0,125.2025,0.843,1.714,481.0,34.7887,0.5047,0.6709,1027,1354,517,824,180.2842
12,104.9428,1,945.5313,567.1535,11468.0,2309.0,186.1764,0.7874,2.757,484.0,49.7422,0.3345,0.5013,700,1027,517,824,180.2842
12,104.9428,2,1245.6852,553.5652,8408.0,1761.0,156.2298,0.7946,2.3963,484.0,31.1555,0.6512,0.7887,1027,1354,517,824,180.2842
12,105.3433,1,953.0922,582.068,9769.0,1714.0,150.4972,0.8902,2.5799,509.0,31.3738,0.5096,0.6751,700,1027,517,824,180.2842
12,105.3433,2,1243.4356,564.7796,11261.0,2084.0,202.6067,0.7991,3.0244,483.0,34.9044,0.6292,0.7724,1027,1354,517,824,180.2842
12,105.7439,1,956.5386,553.8553,7858.0,1732.0,135.9192,0.9765,1.9683,482.0,32.3649,0.4779,0.6467,700,1027,517,824,180.2842
12,105.7439,2,1237.2897,566.0941,12025.0,2303.0,194.9149,0.7638,2.869,482.0,26.3345,0.741,0.8512,1027,1354,517,824,180.2842
12,106.1444,1,944.961,567.4325,9135.0,1599.0,157.3812,0.9505,2.3284,486.0,24.3264,0.6271,0.7708,700,1027,517,824,180.2842
12,106.1444,2,1230.4047,577.7912,12680.0,2744.0,165.9508,0.8013,2.2039,478.0,28.4375,0.5933,0.7447,1027,1354,517,824,180.2842
12,106.545,1,934.0448,584.226,9722.0,1093.0,162.1623,0.9743,2.4314,499.0,31.5183,0.5362,0.6981,700,1027,517,824,180.2842
12,106.545,2,1244.2566,556.2968,11067.0,2639.0,138.0324,0.854,1.506,477.0,26.4593,0.6308,0.7736,1027,1354,517,824,180.2842
12,106.9455,1,923.3246,586.0613,10513.0,1161.0,181.3314,0.9964,2.5841,485.0,33.5042,0.484,0.6523,700,1027,517,824,180.2842
12,106.9455,2,1249.2971,552.0311,10426.0,2234.0,124.0773,0.9009,1.2068,483.0,29.8003,0.6562,0.7924,1027,1354,517,824,180.2842
12,107.3461,1,915.5653,562.7532,11366.0,2353.0,161.5464,0.7875,2.2412,487.0,38.1158,0.3951,0.5664,700,1027,517,824,180.2842
12,107.3461,2,1226.668,558.795,13205.0,2609.0,181.2968,0.5272,2.558,493.0,45.0762,0.4868,0.6548,1027,1354,517,824,180.2842
12,107.7466,1,921.0773,554.445,11038.0,2239.0,202.4593,0.6303,3.2136,484.0,39.0189,0.5957,0.7467,700,1027,517,824,180.2842
12,107.7466,2,1228.0071,555.0686,11893.0,2711.0,180.9942,0.6206,2.5169,481.0,27.6498,0.66,0.7952,1027,1354,517,824,180.2842
12,108.1472,1,936.0002,558.9887,11589.0,2759.0,200.5394,0.7743,3.0568,466.0,47.7054,0.4962,0.6633,700,1027,517,824,180.2842
12,108.1472,2,1242.4025,557.2857,10865.0,2171.0,164.4709,0.6159,2.4677,486.0,35.7742,0.5415,0.7025,1027,1354,517,824,180.2842
12,108.5477,1,942.2785,573.2326,10723.0,2272.0,200.1121,0.8554,3.1376,476.0,46.3266,0.4691,0.6386,700,1027,517,824,180.2842
12,108.5477,2,1245.2766,561.0111,10613.0,2260.0,165.2107,0.7023,2.3408,483.0,27.5999,0.6097,0.7575,1027,1354,517,824,180.2842
12,108.9483,1,954.1987,595.3495,10376.0,1234.0,171.6699,0.8569,3.1629,511.0,37.3845,0.4233,0.5948,700,1027,517,824,180.2842
12,108.9483,2,1247.3941,580.7657,10070.0,913.0,157.9694,0.6569,2.4841,506.0,26.8024,0.5617,0.7193,1027,1354,517,824,180.2842
12,109.3488,1,955.4125,599.9094,11725.0,1521.0,174.6506,0.9754,2.4909,483.0,29.727,0.4706,0.64,700,1027,517,824,180.2842
12,109.3488,2,1252.4851,571.0622,13090.0,3054.0,186.9741,0.9394,2.3325,473.0,32.7649,0.4728,0.6421,1027,1354,517,824,180.2842
12,109.7493,1,948.8329,565.0695,10411.0,2095.0,140.0164,0.9956,1.8092,485.0,35.8084,0.4144,0.5859,700,1027,517,824,180.2842
12,109.7493,2,1246.8357,560.9246,13520.0,3014.0,162.8422,0.8807,1.6419,484.0,32.4836,0.6165,0.7627,1027,1354,517,824,180.2842
12,110.1499,1,930.116,559.6827,10157.0,2222.0,154.5965,0.9978,2.0559,464.0,34.17,0.4468,0.6177,700,1027,517,824,180.2842
12,110.1499,2,1256.6487,566.974,11682.0,2395.0,155.6445,0.9493,1.8692,485.0,30.6592,0.5991,0.7493,1027,1354,517,824,180.2842
12,110.5504,1,915.6367,584.3995,11322.0,869.0,171.2321,0.9993,2.0534,489.0,38.9057,0.4574,0.6277,700,1027,517,824,180.2842
12,110.5504,2,1254.7049,555.8731,8224.0,1138.0,135.9652,0.8251,1.8467,492.0,33.9936,0.4811,0.6497,1027,1354,517,824,180.2842
12,110.951,1,925.774,586.9136,12396.0,2083.0,214.4508,0.9327,3.1371,482.0,34.8147,0.4795,0.6482,700,1027,517,824,180.2842
12,110.951,2,1232.3361,546.9448,7034.0,1215.0,101.5011,0.7689,1.3383,493.0,43.439,0.4925,0.66,1027,1354,517,824,180.2842
12,111.3515,1,928.5705,584.7106,12001.0,1755.0,199.5124,0.9023,2.8818,482.0,24.6528,0.7459,0.8544,700,1027,517,824,180.2842
12,111.3515,2,1205.1894,551.6709,12320.0,2569.0,197.7667,0.5097,2.7807,484.0,49.3015,0.3199,0.4848,1027,1354,517,824,180.2842
12,111.7521,1,941.678,579.8517,10806.0,2029.0,206.6965,0.8403,3.5234,474.0,43.233,0.5293,0.6922,700,1027,517,824,180.2842
12,111.7521,2,1213.6745,551.2705,12795.0,2522.0,191.1131,0.5081,2.4486,485.0,37.5808,0.6666,0.7999,1027,1354,517,824,180.2842
12,112.1526,1,965.8365,575.8937,8307.0,1746.0,143.4655,0.9483,2.7075,506.0,58.5448,0.2833,0.4415,700,1027,517,824,180.2842
12,112.1526,2,1231.1147,555.0092,8959.0,1517.0,139.0213,0.7184,1.9391,485.0,48.7613,0.4736,0.6428,1027,1354,517,824,180.2842
12,112.5532,1,969.3696,579.9241,8090.0,1460.0,160.979,0.9736,3.3219,507.0,32.4233,0.5005,0.6671,700,1027,517,824,180.2842
12,112.5532,2,1246.1355,547.8349,6559.0,788.0,114.2453,0.6058,1.674,500.0,39.6573,0.4129,0.5845,1027,1354,517,824,180.2842
12,112.9537,1,948.8991,579.9167,11110.0,1578.0,173.3675,0.9999,2.4325,487.0,45.5284,0.3011,0.4628,700,1027,517,824,180.2842
12,112.9537,2,1229.4777,553.1523,6879.0,664.0,105.1166,0.6064,1.4339,501.0,40.2014,0.5562,0.7148,1027,1354,517,824,180.2842
12,113.3542,1,915.4025,562.2923,10556.0,2129.0,172.4226,0.959,2.2901,465.0,44.9192,0.2788,0.4361,700,1027,517,824,180.2842
12,113.3542,2,1207.469,551.4869,10549.0,2242.0,132.7857,0.6148,1.6765,500.0,39.8728,0.3861,0.5571,1027,1354,517,824,180.2842
12,113.7548,1,911.2235,576.0807,12775.0,2788.0,204.0049,0.9458,2.8978,474.0,42.0596,0.3336,0.5003,700,1027,517,824,180.2842
12,113.7548,2,1201.9852,564.5311,7823.0,863.0,114.9193,0.924,1.4925,501.0,37.1415,0.442,0.613,1027,1354,517,824,180.2842
12,114.1553,1,915.2418,591.7907,13622.0,2422.0,224.489,0.918,3.3938,480.0,39.6142,0.5003,0.6669,700,1027,517,824,180.2842
12,114.1553,2,1194.182,553.4706,8753.0,790.0,138.2474,0.4413,1.8995,506.0,43.5405,0.5179,0.6824,1027,1354,517,824,180.2842
12,114.5559,1,925.3441,584.1176,12896.0,2155.0,219.5934,0.841,3.3287,483.0,28.5231,0.6327,0.775,700,1027,517,824,180.2842
12,114.5559,2,1167.5569,545.5659,11784.0,2685.0,187.2417,0.4765,2.7572,494.0,39.8102,0.5497,0.7095,1027,1354,517,824,180.2842
12,114.9564,1,950.5604,568.9151,10689.0,2705.0,217.8914,0.9162,3.7739,455.0,52.0518,0.3784,0.5491,700,1027,517,824,180.2842
12,114.9564,2,1156.7166,550.4539,12045.0,2281.0,169.9966,0.4264,2.2748,498.0,40.2302,0.6003,0.7503,1027,1354,517,824,180.2842
12,115.357,1,973.6917,583.2451,8711.0,1762.0,212.1099,0.9725,4.2852,472.0,54.5925,0.2534,0.4043,700,1027,517,824,180.2842
12,115.357,2,1137.7876,551.7564,12313.0,2888.0,212.0677,0.6102,3.1533,474.0,45.4898,0.5541,0.7131,1027,1354,517,824,180.2842
12,115.7575,1,975.6,601.9052,9773.0,1636.0,213.081,0.967,4.0377,475.0,18.4069,0.7011,0.8243,700,1027,517,824,180.2842
12,115.7575,2,1104.752,546.9788,11022.0,3273.0,183.2246,0.7629,2.6964,462.0,57.1739,0.4319,0.6032,1027,1354,517,824,180.2842
12,116.1581,1,972.4098,597.9619,8685.0,1595.0,192.8939,0.9746,4.1818,485.0,31.4417,0.5128,0.678,700,1027,517,824,180.2842
12,116.1581,2,1081.5481,545.6081,8655.0,2942.0,113.7097,0.8156,1.885,490.0,56.3358,0.3665,0.5364,1027,1354,517,824,180.2842
12,116.5586,1,961.3223,590.2882,11200.0,2229.0,181.7823,0.9999,2.7671,466.0,37.0225,0.4218,0.5933,700,1027,517,824,180.2842
12,116.5586,2,1089.4421,553.5077,12567.0,3683.0,198.9443,0.9037,2.4938,454.0,39.9554,0.5454,0.7059,1027,1354,517,824,180.2842
12,116.9592,1,947.6331,596.6564,12220.0,1968.0,194.1787,0.9988,2.9627,480.0,34.0691,0.5081,0.6739,700,1027,517,824,180.2842
12,116.9592,2,1112.94,590.212,12065.0,280.0,195.5013,0.672,2.5352,508.0,41.5031,0.4582,0.6285,1027,1354,517,824,180.2842
12,117.3597,1,927.6991,618.1149,13306.0,915.0,203.8368,0.9998,2.8488,483.0,35.4841,0.398,0.5694,700,1027,517,824,180.2842
12,117.3597,2,1121.9937,585.0929,16724.0,3082.0,201.3956,0.7935,2.4622,503.0,40.4845,0.406,0.5775,1027,1354,517,824,180.2842
12,117.7602,1,923.3729,590.8591,11750.0,1733.0,216.8343,0.8833,3.7613,484.0,44.4123,0.337,0.5041,700,1027,517,824,180.2842
12,117.7602,2,1113.1239,549.2682,15620.0,5144.0,196.0878,0.8566,2.0851,438.0,37.5076,0.4803,0.649,1027,1354,517,824,180.2842
12,118.1608,1,946.7026,561.6536,10821.0,2717.0,186.6304,0.8201,2.8958,466.0,41.7306,0.5115,0.6768,700,1027,517,824,180.2842
12,118.1608,2,1121.3529,567.463,12064.0,2928.0,181.9205,0.8116,2.6522,474.0,35.6641,0.5383,0.6999,1027,1354,517,824,180.2842
12,118.5613,1,972.5992,570.0073,10014.0,2852.0,194.8079,0.9847,3.2737,446.0,56.1369,0.2564,0.4082,700,1027,517,824,180.2842
12,118.5613,2,1084.4661,539.1003,7438.0,2513.0,125.7752,0.9834,1.9681,467.0,35.9375,0.4568,0.6271,1027,1354,517,824,180.2842
12,118.9619,1,988.4308,598.3632,8076.0,1040.0,176.4499,0.9765,3.5011,500.0,49.4644,0.3084,0.4714,700,1027,517,824,180.2842
12,118.9619,2,1087.4326,530.4426,7524.0,2569.0,136.2357,0.6251,2.1192,477.0,36.1453,0.4331,0.6045,1027,1354,517,824,180.2842
12,119.3624,1,980.7129,581.2278,7319.0,1484.0,200.1672,0.9912,4.4852,484.0,36.0408,0.4111,0.5827,700,1027,517,824,180.2842
12,119.3624,2,1140.6379,538.1478,11601.0,3565.0,177.791,0.7116,2.4071,462.0,61.0759,0.1307,0.2311,1027,1354,517,824,180.2842
12,119.763,1,963.8281,582.1621,9290.0,1976.0,163.7479,0.9901,2.8582,469.0,44.8711,0.256,0.4076,700,1027,517,824,180.2842
12,119.763,2,1184.6957,566.6339,12013.0,1714.0,198.8978,0.5416,2.7673,493.0,61.7192,0.1593,0.2748,1027,1354,517,824,180.2842
12,120.1635,1,948.849,560.2093,10725.0,2507.0,193.7612,0.9994,2.7933,463.0,31.4817,0.4934,0.6608,700,1027,517,824,180.2842
12,120.1635,2,1206.038,587.4481,11325.0,958.0,159.1702,0.9792,2.0142,489.0,56.7983,0.2211,0.3622,1027,1354,517,824,180.2842
12,120.5641,1,939.6533,588.7837,11793.0,1982.0,212.535,0.9827,3.1911,481.0,31.2227,0.5901,0.7423,700,1027,517,824,180.2842
12,120.5641,2,1206.2471,559.4836,11482.0,2085.0,207.9184,0.6911,3.0752,484.0,48.5129,0.4193,0.5909,1027,1354,517,824,180.2842
12,120.9646,1,915.8325,611.0048,10893.0,216.0,179.3283,0.997,2.553,507.0,41.0885,0.3985,0.5699,700,1027,517,824,180.2842
12,120.9646,2,1141.9604,540.3642,11787.0,2845.0,204.8207,0.4231,2.9806,474.0,67.97,0.24,0.387,1027,1354,517,824,180.2842
12,121.3651,1,891.0424,583.0649,11278.0,1473.0,180.4453,0.9928,2.3941,476.0,48.5311,0.3426,0.5103,700,1027,517,824,180.2842
12,121.3651,2,1110.2722,557.1312,10078.0,2304.0,195.7855,0.7908,3.2622,459.0,63.8803,0.2393,0.3862,1027,1354,517,824,180.2842
12,121.7657,1,886.1961,600.2707,12669.0,1152.0,206.442,0.9059,2.9801,486.0,40.2778,0.4769,0.6458,700,1027,517,824,180.2842
12,121.7657,2,1102.4589,587.3675,10972.0,1719.0,207.0126,0.8805,3.1827,483.0,60.8515,0.2952,0.4559,1027,1354,517,824,180.2842
12,122.1662,1,901.2632,587.382,11743.0,1782.0,220.6687,0.8329,3.7934,482.0,39.9147,0.5157,0.6805,700,1027,517,824,180.2842
12,122.1662,2,1098.2943,590.0671,11568.0,2041.0,224.3031,0.928,3.5945,479.0,29.4605,0.6059,0.7546,1027,1354,517,824,180.2842
12,122.5668,1,936.1935,566.7083,10684.0,2593.0,213.5486,0.8868,3.6781,460.0,57.0723,0.3211,0.4861,700,1027,517,824,180.2842
12,122.5668,2,1097.5971,562.0305,10414.0,2735.0,184.5975,0.8635,2.9065,470.0,48.7799,0.4394,0.6105,1027,1354,517,824,180.2842
12,122.9673,1,952.0033,603.5021,9725.0,1207.0,199.8527,0.9756,3.6088,484.0,58.2239,0.2052,0.3405,700,1027,517,824,180.2842
12,122.9673,2,1089.6415,548.9869,9813.0,3171.0,146.0535,0.9791,1.8748,465.0,37.7477,0.5946,0.7457,1027,1354,517,824,180.2842
12,123.3679,1,965.2805,611.9165,9270.0,100.0,170.8265,0.9997,2.5943,512.0,29.3467,0.4723,0.6415,700,1027,517,824,180.2842
12,123.3679,2,1087.2221,543.0481,9500.0,3011.0,127.267,0.9187,1.4282,473.0,30.8366,0.648,0.7864,1027,1354,517,824,180.2842
12,123.7684,1,940.5723,587.5648,10466.0,1514.0,175.7023,0.9844,2.7172,493.0,48.5974,0.2429,0.3909,700,1027,517,824,180.2842
12,123.7684,2,1079.9784,543.3702,10114.0,3278.0,137.0675,0.8806,1.4465,469.0,40.3793,0.5522,0.7115,1027,1354,517,824,180.2842
12,124.169,1,929.3918,567.2796,11640.0,2801.0,158.6372,0.9998,2.1607,485.0,35.9785,0.4457,0.6166,700,1027,517,824,180.2842
12,124.169,2,1095.484,539.6956,11245.0,3799.0,120.8754,0.7671,1.0858,471.0,40.5243,0.5252,0.6887,1027,1354,517,824,180.2842
12,124.5695,1,909.489,617.6364,11820.0,300.0,167.0834,0.9719,2.2616,509.0,36.8268,0.3664,0.5363,700,1027,517,824,180.2842
12,124.5695,2,1120.7495,540.2454,13209.0,4271.0,196.3373,0.5256,2.5604,474.0,54.531,0.3997,0.5711,1027,1354,517,824,180.2842
12,124.9701,1,881.581,569.7575,15906.0,4618.0,186.2568,0.892,2.5198,493.0,39.7787,0.3263,0.492,700,1027,517,824,180.2842
12,124.9701,2,1132.0483,539.4018,13712.0,4578.0,185.8403,0.4071,2.1455,475.0,31.9133,0.6627,0.7971,1027,1354,517,824,180.2842
12,125.3706,1,848.1862,550.4091,12074.0,3407.0,203.5375,0.7816,3.1106,461.0,46.3365,0.341,0.5086,700,1027,517,824,180.2842
12,125.3706,2,1122.4884,543.6024,11300.0,3123.0,147.3407,0.4017,1.849,481.0,39.6039,0.5596,0.7177,1027,1354,517,824,180.2842
12,125.7711,1,833.9772,581.4533,13384.0,2299.0,233.0132,0.8047,3.5036,480.0,60.1374,0.274,0.4302,700,1027,517,824,180.2842
12,125.7711,2,1112.4819,541.4885,11320.0,3045.0,151.5819,0.4194,1.8008,483.0,21.2192,0.6957,0.8205,1027,1354,517,824,180.2842
12,126.1717,1,823.9334,592.671,14126.0,2661.0,230.5858,0.8512,3.4088,480.0,32.8841,0.5487,0.7086,700,1027,517,824,180.2842
12,126.1717,2,1119.5308,548.6493,12904.0,3670.0,198.7747,0.6789,2.6427,474.0,35.939,0.6174,0.7635,1027,1354,517,824,180.2842
12,126.5722,1,807.1778,571.214,12608.0,3258.0,211.008,0.9006,3.1833,466.0,30.1714,0.5526,0.7118,700,1027,517,824,180.2842
12,126.5722,2,1105.633,546.4522,11463.0,3419.0,153.6727,0.7162,1.8211,471.0,30.3078,0.6038,0.753,1027,1354,517,824,180.2842
12,126.9728,1,801.0352,579.1493,11437.0,2523.0,177.1085,0.9539,2.7935,488.0,33.6557,0.5843,0.7376,700,1027,517,824,180.2842
12,126.9728,2,1099.1744,548.3317,11217.0,3173.0,173.6733,0.7695,2.3323,467.0,29.3864,0.6663,0.7997,1027,1354,517,824,180.2842
12,127.3733,1,801.7084,597.5382,10228.0,690.0,165.5238,0.9704,2.3989,493.0,39.8037,0.3509,0.5195,700,1027,517,824,180.2842
12,127.3733,2,1106.7418,569.5384,13309.0,2832.0,197.2532,0.7966,2.5217,474.0,34.8209,0.6301,0.7731,1027,1354,517,824,180.2842
12,127.7739,1,822.2312,598.2056,10220.0,502.0,166.021,0.9606,2.3958,496.0,42.4698,0.3723,0.5426,700,1027,517,824,180.2842
12,127.7739,2,1105.4654,582.801,13841.0,3071.0,190.042,0.8864,2.2957,475.0,28.5785,0.6372,0.7784,1027,1354,517,824,180.2842
12,128.1744,1,840.9015,601.179,10682.0,397.0,167.5504,0.9613,2.3238,506.0,38.9559,0.4677,0.6374,700,1027,517,824,180.2842
12,128.1744,2,1101.0652,545.0118,11002.0,3320.0,135.8852,0.5813,1.509,493.0,40.4833,0.5429,0.7038,1027,1354,517,824,180.2842
12,128.575,1,846.0618,582.0923,11581.0,1109.0,177.9909,0.8946,2.4486,504.0,32.7261,0.5235,0.6872,700,1027,517,824,180.2842
12,128.575,2,1110.0559,548.872,11607.0,2972.0,165.1097,0.5737,1.8657,478.0,29.7667,0.6737,0.8051,1027,1354,517,824,180.2842
12,128.9755,1,857.0184,592.4073,10564.0,499.0,172.8087,0.8383,2.5512,501.0,31.3784,0.5641,0.7213,700,1027,517,824,180.2842
12,128.9755,2,1115.3927,542.5879,10109.0,3002.0,155.6152,0.5933,2.2514,478.0,34.5066,0.6059,0.7546,1027,1354,517,824,180.2842
12,129.376,1,861.1757,610.8859,10418.0,120.0,190.6852,0.9054,2.7878,510.0,40.2495,0.5251,0.6886,700,1027,517,824,180.2842
12,129.376,2,1086.0593,531.8568,6765.0,2367.0,100.6424,0.7861,1.3299,481.0,38.5812,0.4898,0.6576,1027,1354,517,824,180.2842
12,129.7766,1,878.5474,590.8156,12491.0,1151.0,153.8123,0.7108,1.8413,526.0,39.8296,0.4327,0.604,700,1027,517,824,180.2842
12,129.7766,2,1087.375,539.4114,7270.0,1788.0,107.4234,0.4167,1.6661,499.0,30.014,0.5491,0.7089,1027,1354,517,824,180.2842
12,130.1771,1,896.8448,580.9824,13734.0,2882.0,209.1068,0.9577,3.0661,469.0,43.9144,0.3531,0.5219,700,1027,517,824,180.2842
12,130.1771,2,1120.0862,544.4221,6917.0,956.0,104.4287,0.2518,1.3857,500.0,39.9198,0.3384,0.5057,1027,1354,517,824,180.2842
12,130.5777,1,897.0964,606.7472,10767.0,306.0,187.6614,0.9297,2.9457,504.0,38.8562,0.4417,0.6128,700,1027,517,824,180.2842
12,130.5777,2,1141.8815,547.39,11012.0,2708.0,154.6166,0.4776,2.016,491.0,40.9533,0.3457,0.5138,1027,1354,517,824,180.2842
12,130.9782,1,899.7303,621.8785,12099.0,240.0,190.7146,0.9095,2.8301,515.0,32.6692,0.5554,0.7142,700,1027,517,824,180.2842
12,130.9782,2,1137.5623,543.5058,11566.0,2295.0,208.1585,0.3912,3.0801,488.0,40.3399,0.545,0.7055,1027,1354,517,824,180.2842
12,131.3788,1,912.1994,603.9758,11996.0,305.0,183.2521,0.9999,2.4491,512.0,37.6937,0.4969,0.6639,700,1027,517,824,180.2842
12,131.3788,2,1112.5447,542.5651,10158.0,2346.0,149.5664,0.4188,1.9812,484.0,47.4378,0.5175,0.682,1027,1354,517,824,180.2842
12,131.7793,1,881.5287,576.045,13532.0,2019.0,190.2359,0.8487,2.7671,507.0,44.1253,0.3859,0.5569,700,1027,517,824,180.2842
12,131.7793,2,1091.3697,539.9143,8136.0,2646.0,116.9997,0.8814,1.5172,472.0,48.7791,0.4843,0.6526,1027,1354,517,824,180.2842
12,132.1799,1,866.0972,597.068,14746.0,2461.0,238.2778,0.8684,3.7618,481.0,40.8859,0.4287,0.6001,700,1027,517,824,180.2842
12,132.1799,2,1088.3106,544.1476,8416.0,2516.0,106.9078,0.9942,1.1903,474.0,29.5508,0.618,0.7639,1027,1354,517,824,180.2842
12,132.5804,1,844.1115,574.3517,13873.0,2822.0,193.7186,0.8742,2.5531,481.0,42.5194,0.494,0.6613,700,1027,517,824,180.2842
12,132.5804,2,1091.9369,543.4502,9772.0,2738.0,117.817,0.766,1.2176,490.0,34.6592,0.6267,0.7705,1027,1354,517,824,180.2842
12,132.981,1,823.4801,578.9051,13332.0,2106.0,221.202,0.7916,3.2423,486.0,48.7422,0.4245,0.596,700,1027,517,824,180.2842
12,132.981,2,1105.6867,560.9051,12096.0,2540.0,163.1914,0.5864,2.3646,505.0,36.0166,0.5886,0.741,1027,1354,517,824,180.2842
12,133.3815,1,798.0279,564.662,13103.0,3549.0,191.0992,0.8387,2.5244,478.0,45.1297,0.4487,0.6194,700,1027,517,824,180.2842
12,133.3815,2,1109.4791,568.8262,15568.0,4214.0,168.5163,0.9425,1.5332,458.0,38.1012,0.5036,0.6698,1027,1354,517,824,180.2842
12,133.782,1,786.7455,574.2984,11338.0,2637.0,189.2209,0.913,2.6705,480.0,43.6462,0.4779,0.6467,700,1027,517,824,180.2842
12,133.782,2,1105.5299,541.1538,15774.0,6225.0,166.783,0.9648,1.4516,456.0,32.4055,0.5743,0.7296,1027,1354,517,824,180.2842
12,134.1826,1,782.6627,590.8676,10430.0,1563.0,196.6215,0.9269,3.1452,490.0,35.3282,0.5003,0.6669,700,1027,517,824,180.2842
12,134.1826,2,1110.0331,552.1128,13064.0,4049.0,159.3599,0.9569,1.5048,467.0,27.0234,0.663,0.7974,1027,1354,517,824,180.2842
12,134.5831,1,779.6485,603.5828,11739.0,1314.0,198.6283,0.9471,3.1065,488.0,25.8131,0.6018,0.7514,700,1027,517,824,180.2842
12,134.5831,2,1108.5527,529.1358,11649.0,4152.0,129.383,0.3353,1.4899,491.0,47.4177,0.417,0.5886,1027,1354,517,824,180.2842
12,134.9837,1,783.8954,586.7909,10415.0,2070.0,185.7275,0.9511,3.2625,485.0,32.0892,0.5615,0.7191,700,1027,517,824,180.2842
12,134.9837,2,1128.1902,553.6409,7625.0,71.0,140.3318,0.136,2.246,515.0,39.7369,0.3318,0.4983,1027,1354,517,824,180.2842
12,135.3842,1,785.2748,549.2521,9858.0,2409.0,148.3977,0.7701,2.1844,494.0,45.0415,0.3688,0.5388,700,1027,517,824,180.2842
12,135.3842,2,1184.6542,528.5959,13807.0,4308.0,251.0503,0.1278,4.8311,507.0,43.198,0.31,0.4733,1027,1354,517,824,180.2842
12,135.7848,1,836.0236,551.183,11921.0,2627.0,181.0804,0.6101,2.8172,490.0,57.4638,0.2106,0.3479,700,1027,517,824,180.2842
12,135.7848,2,1212.9698,543.3169,14151.0,3294.0,202.4252,0.3926,2.5062,475.0,48.1151,0.3958,0.5671,1027,1354,517,824,180.2842
12,136.1853,1,891.2031,565.3391,12657.0,2009.0,193.4794,0.6819,2.9374,485.0,60.4792,0.1785,0.3029,700,1027,517,824,180.2842
12,136.1853,2,1221.0493,547.872,13944.0,3202.0,190.0248,0.4689,2.2482,472.0,31.1188,0.6665,0.7999,1027,1354,517,824,180.2842
12,136.5859,1,920.9044,576.3247,11352.0,1604.0,197.0807,0.7563,3.0007,484.0,59.348,0.2854,0.4441,700,1027,517,824,180.2842
12,136.5859,2,1250.6152,549.3324,12913.0,3919.0,152.1241,0.8344,1.4612,465.0,51.224,0.3774,0.548,1027,1354,517,824,180.2842
12,136.9864,1,943.2601,588.2284,10353.0,1451.0,181.7823,0.9143,3.0606,487.0,48.1821,0.3583,0.5275,700,1027,517,824,180.2842
12,136.9864,2,1210.879,532.9923,10294.0,2693.0,157.8492,0.1407,2.5978,511.0,49.066,0.3206,0.4855,1027,1354,517,824,180.2842
12,137.3869,1,957.3603,584.6692,10319.0,1502.0,173.2057,0.9984,2.6754,493.0,34.5178,0.4681,0.6377,700,1027,517,824,180.2842
12,137.3869,2,1151.5821,527.8684,12213.0,3564.0,235.9366,0.1309,5.0074,505.0,44.628,0.3642,0.534,1027,1354,517,824,180.2842
12,137.7875,1,930.7255,585.1687,11946.0,1305.0,175.2461,0.9166,2.345,497.0,44.1009,0.2996,0.4611,700,1027,517,824,180.2842
12,137.7875,2,1153.253,540.1139,14282.0,3773.0,230.8312,0.23,3.9909,501.0,32.4114,0.6026,0.752,1027,1354,517,824,180.2842
12,138.188,1,881.8022,561.4993,10110.0,1740.0,176.3952,0.7638,2.7053,480.0,56.8696,0.2227,0.3643,700,1027,517,824,180.2842
12,138.188,2,1123.7768,536.6193,12380.0,3764.0,196.2524,0.5167,2.6188,458.0,42.4768,0.4798,0.6485,1027,1354,517,824,180.2842
12,138.5886,1,828.7349,571.2893,13390.0,2701.0,228.8971,0.816,3.2824,474.0,70.3292,0.0843,0.1556,700,1027,517,824,180.2842
12,138.5886,2,1083.237,552.4154,11808.0,4002.0,194.9694,0.9798,2.8193,436.0,57.9496,0.2193,0.3597,1027,1354,517,824,180.2842
12,138.9891,1,805.7378,588.5362,12004.0,1930.0,221.4119,0.8849,3.4855,485.0,61.8723,0.3031,0.4651,700,1027,517,824,180.2842
12,138.9891,2,1068.3759,604.5531,9779.0,2365.0,122.493,0.9781,2.6894,522.0,43.793,0.3193,0.4841,1027,1354,517,824,180.2842
12,139.3897,1,792.1492,589.5758,12262.0,2254.0,183.7451,0.9981,2.6969,478.0,39.0627,0.48,0.6486,700,1027,517,824,180.2842
12,139.3897,2,1069.2823,571.5762,8459.0,2195.0,197.6033,0.9912,3.7321,473.0,33.0397,0.4572,0.6275,1027,1354,517,824,180.2842
12,139.7902,1,791.6859,589.214,11806.0,2004.0,215.3928,0.9727,3.225,484.0,28.1552,0.6107,0.7583,700,1027,517,824,180.2842
12,139.7902,2,1073.8683,550.4228,8981.0,3013.0,192.5215,0.9773,3.5714,452.0,40.252,0.544,0.7047,1027,1354,517,824,180.2842
12,140.1908,1,792.4892,594.0574,12743.0,2136.0,184.7211,0.9949,2.6341,489.0,28.7469,0.5927,0.7443,700,1027,517,824,180.2842
12,140.1908,2,1080.9626,594.6586,11176.0,2217.0,200.7472,0.9602,3.4285,470.0,35.9248,0.5421,0.7031,1027,1354,517,824,180.2842
12,140.5913,1,807.0005,573.813,13222.0,2798.0,192.3208,0.9947,2.1441,482.0,35.8251,0.4838,0.6521,700,1027,517,824,180.2842
12,140.5913,2,1075.9848,548.017,11386.0,4392.0,194.3003,0.9968,2.883,431.0,36.8279,0.4936,0.6609,1027,1354,517,824,180.2842
12,140.9919,1,813.4069,597.7168,13324.0,1898.0,216.0656,0.904,3.216,483.0,40.3029,0.4559,0.6263,700,1027,517,824,180.2842
12,140.9919,2,1078.0446,533.3418,10890.0,4866.0,201.3941,0.8959,2.7546,432.0,52.0882,0.3751,0.5456,1027,1354,517,824,180.2842
12,141.3924,1,810.0849,592.2134,12491.0,2315.0,243.7561,0.8959,3.8902,483.0,29.4156,0.6454,0.7845,700,1027,517,824,180.2842
12,141.3924,2,1091.3781,571.6706,17888.0,4737.0,196.268,0.9758,1.8229,440.0,44.4339,0.4744,0.6435,1027,1354,517,824,180.2842
12,141.7929,1,802.3796,555.5258,13174.0,3847.0,196.8753,0.7779,2.7316,459.0,47.305,0.4574,0.6277,700,1027,517,824,180.2842
12,141.7929,2,1102.7142,581.1192,18610.0,3943.0,168.0531,0.8246,1.6716,502.0,36.6279,0.5098,0.6753,1027,1354,517,824,180.2842
12,142.1935,1,785.0297,562.2662,11434.0,3372.0,206.8862,0.9184,3.2297,450.0,54.9992,0.3744,0.5448,700,1027,517,824,180.2842
12,142.1935,2,1090.4856,559.6134,14350.0,3767.0,196.2561,0.9585,2.1704,457.0,32.3931,0.5984,0.7487,1027,1354,517,824,180.2842
12,142.594,1,779.2983,612.4119,11297.0,1697.0,217.8403,0.9611,3.2923,489.0,50.6974,0.3021,0.464,700,1027,517,824,180.2842
12,142.594,2,1074.7505,561.4209,10694.0,3321.0,194.1663,0.9817,3.0317,450.0,41.2151,0.4919,0.6594,1027,1354,517,824,180.2842
12,142.9946,1,761.6822,596.5206,11407.0,2861.0,212.8452,0.9896,3.3819,463.0,34.7697,0.4639,0.6338,700,1027,517,824,180.2842
12,142.9946,2,1064.2821,589.7222,10517.0,2670.0,193.9066,0.9938,3.4578,461.0,31.6037,0.5292,0.6921,1027,1354,517,824,180.2842
12,143.3951,1,758.6823,579.8801,9865.0,2550.0,211.5406,0.989,3.7838,463.0,27.4839,0.5876,0.7402,700,1027,517,824,180.2842
12,143.3951,2,1072.9181,598.5635,10063.0,2088.0,201.3162,0.9823,3.789,477.0,27.092,0.5951,0.7462,1027,1354,517,824,180.2842
12,143.7957,1,759.1187,596.1856,9805.0,1527.0,205.5084,0.9826,3.7903,492.0,30.1138,0.6283,0.7717,700,1027,517,824,180.2842
12,143.7957,2,1072.0633,561.0426,9725.0,2796.0,197.2335,0.9654,3.447,458.0,30.5045,0.5396,0.7009,1027,1354,517,824,180.2842
12,144.1962,1,782.1638,563.5844,10524.0,2625.0,166.5547,0.9966,2.1074,484.0,46.9453,0.2979,0.459,700,1027,517,824,180.2842
12,144.1962,2,1071.2487,554.9646,10208.0,3132.0,171.4471,0.9989,2.3477,454.0,38.6809,0.5967,0.7474,1027,1354,517,824,180.2842
12,144.5968,1,820.523,559.7532,11674.0,2400.0,175.5519,0.9273,2.2428,475.0,50.1377,0.2775,0.4345,700,1027,517,824,180.2842
12,144.5968,2,1074.2179,611.2474,13280.0,3077.0,207.597,0.9994,3.1586,454.0,31.6015,0.5364,0.6982,1027,1354,517,824,180.2842
12,144.9973,1,846.9778,606.9466,10967.0,270.0,186.43,0.9535,2.6117,507.0,56.6536,0.2324,0.3771,700,1027,517,824,180.2842
12,144.9973,2,1065.0701,595.3171,11333.0,2278.0,222.516,0.9998,3.1938,478.0,27.2853,0.5419,0.7029,1027,1354,517,824,180.2842
12,145.3979,1,850.8845,637.4263,13923.0,285.0,203.1101,1.0,2.7174,507.0,38.1686,0.5036,0.6698,700,1027,517,824,180.2842
12,145.3979,2,1080.5402,566.8298,14557.0,3733.0,172.905,0.9953,2.0529,489.0,48.652,0.4827,0.6511,1027,1354,517,824,180.2842
12,145.7984,1,834.0788,583.6589,13302.0,2629.0,187.374,0.9524,2.6099,490.0,40.5949,0.4043,0.5758,700,1027,517,824,180.2842
12,145.7984,2,1081.9885,549.5249,11434.0,3911.0,160.3475,0.9858,1.8499,453.0,37.3761,0.4904,0.6581,1027,1354,517,824,180.2842
12,146.1989,1,820.4914,561.2614,12207.0,2812.0,226.8021,0.7519,3.4421,471.0,46.9159,0.4571,0.6274,700,1027,517,824,180.2842
12,146.1989,2,1070.5154,569.2947,9079.0,2783.0,189.292,0.9998,3.8374,461.0,44.7835,0.3888,0.5599,1027,1354,517,824,180.2842
12,146.5995,1,789.2248,577.7351,11967.0,2871.0,218.2229,0.9311,3.5842,459.0,66.1772,0.2068,0.3427,700,1027,517,824,180.2842
12,146.5995,2,1062.2535,579.5569,7545.0,1894.0,129.9267,0.9744,2.8073,535.0,40.2516,0.5098,0.6753,1027,1354,517,824,180.2842
12,147.0,1,774.1798,585.0658,10452.0,2328.0,214.9816,0.9608,3.4139,472.0,45.1115,0.4522,0.6228,700,1027,517,824,180.2842
12,147.0,2,1078.0084,561.0751,12425.0,3269.0,185.6164,0.9999,2.2126,460.0,59.9934,0.3668,0.5367,1027,1354,517,824,180.2842
12,147.4006,1,772.982,598.3528,10266.0,1623.0,197.4724,0.979,3.3999,482.0,32.4272,0.5541,0.7131,700,1027,517,824,180.2842
12,147.4006,2,1092.0169,548.2203,13298.0,4092.0,162.8821,0.8876,1.5984,449.0,46.2436,0.4981,0.665,1027,1354,517,824,180.2842
12,147.8011,1,770.6939,575.622,10041.0,2296.0,163.4906,1.0,2.4416,484.0,35.3659,0.4574,0.6277,700,1027,517,824,180.2842
12,147.8011,2,1099.7812,559.9423,16681.0,4068.0,187.9441,0.8978,1.7565,443.0,35.5471,0.606,0.7547,1027,1354,517,824,180.2842
12,148.2017,1,792.278,567.218,10632.0,2185.0,149.8501,0.997,2.0855,498.0,40.0756,0.4109,0.5825,700,1027,517,824,180.2842
12,148.2017,2,1113.0078,594.9726,20630.0,2336.0,192.6274,0.9697,1.6926,463.0,41.1677,0.4435,0.6145,1027,1354,517,824,180.2842
12,148.6022,1,804.5537,591.1126,11603.0,1429.0,169.9599,0.9198,2.4581,506.0,41.4729,0.4167,0.5883,700,1027,517,824,180.2842
12,148.6022,2,1123.9593,596.8819,13944.0,0.0,201.6249,0.6083,2.6062,519.0,40.4977,0.4196,0.5911,1027,1354,517,824,180.2842
12,149.0028,1,828.3162,608.1189,12392.0,707.0,183.2675,0.9862,2.3907,498.0,36.3519,0.4167,0.5883,700,1027,517,824,180.2842
12,149.0028,2,1228.701,525.4692,12908.0,5012.0,193.9817,0.4373,2.2087,442.0,59.7278,0.1662,0.285,1027,1354,517,824,180.2842
12,149.4033,1,825.6541,606.1153,13796.0,1771.0,193.9431,0.9961,2.7145,506.0,25.8641,0.5316,0.6942,700,1027,517,824,180.2842
12,149.4033,2,1235.2621,553.6339,13632.0,3411.0,181.5369,0.8433,2.0687,462.0,62.5012,0.3329,0.4995,1027,1354,517,824,180.2842
12,149.8038,1,835.6547,617.9265,11187.0,168.0,186.5983,0.9932,2.6852,509.0,28.1308,0.5377,0.6994,700,1027,517,824,180.2842
12,149.8038,2,1240.7189,555.508,12561.0,3135.0,158.4408,0.9934,1.5833,455.0,41.9184,0.51,0.6755,1027,1354,517,824,180.2842
12,150.2044,1,842.2942,601.3432,13714.0,1549.0,194.6518,0.993,2.4028,502.0,30.0504,0.5623,0.7198,700,1027,517,824,180.2842
12,150.2044,2,1224.8486,542.2357,14766.0,4581.0,191.3011,0.8929,1.8977,426.0,50.214,0.4463,0.6171,1027,1354,517,824,180.2842
12,150.6049,1,822.2856,593.0568,12421.0,1657.0,153.7029,0.9913,2.0536,508.0,35.611,0.4754,0.6444,700,1027,517,824,180.2842
12,150.6049,2,1182.7331,571.039,18736.0,4036.0,217.5339,0.9182,2.0856,453.0,64.347,0.2525,0.4032,1027,1354,517,824,180.2842
12,151.0055,1,829.3862,597.3978,11750.0,460.0,179.5665,0.9633,2.3288,505.0,30.3262,0.569,0.7253,700,1027,517,824,180.2842
12,151.0055,2,1158.2515,583.0604,16338.0,2490.0,181.4328,0.9998,1.7119,457.0,44.7909,0.4128,0.5844,1027,1354,517,824,180.2842
12,151.406,1,820.3914,590.1363,11970.0,1764.0,171.9197,0.9594,2.5646,501.0,29.7177,0.5516,0.711,700,1027,517,824,180.2842
12,151.406,2,1137.7902,562.5428,17473.0,4448.0,185.6643,0.9885,1.6517,452.0,32.002,0.5601,0.7181,1027,1354,517,824,180.2842
12,151.8066,1,852.4714,569.9183,14082.0,2314.0,207.6305,0.868,2.2839,483.0,33.7567,0.4699,0.6393,700,1027,517,824,180.2842
12,151.8066,2,1112.69,578.2838,17936.0,3285.0,187.3645,0.9848,1.6863,462.0,48.4548,0.4392,0.6103,1027,1354,517,824,180.2842
12,152.2071,1,858.6252,554.6055,17781.0,5694.0,185.5135,0.8113,1.7275,471.0,34.4512,0.4656,0.6354,700,1027,517,824,180.2842
12,152.2071,2,1123.3768,571.8174,16673.0,3370.0,223.7041,0.8886,2.2555,452.0,35.8755,0.5366,0.6984,1027,1354,517,824,180.2842
12,152.6077,1,885.2084,582.65,13861.0,1743.0,199.7176,0.7188,2.9892,513.0,49.0323,0.3115,0.4751,700,1027,517,824,180.2842
12,152.6077,2,1181.2395,555.8917,16653.0,3960.0,222.3453,0.5671,2.4545,465.0,57.4872,0.2556,0.4072,1027,1354,517,824,180.2842
12,153.0082,1,898.7172,593.7426,13597.0,1937.0,210.5506,0.8086,3.3357,500.0,43.663,0.4595,0.6297,700,1027,517,824,180.2842
12,153.0082,2,1226.4571,544.4449,14646.0,4445.0,196.4485,0.6807,2.154,444.0,53.8676,0.3041,0.4664,1027,1354,517,824,180.2842
12,153.4088,1,923.7665,565.3774,12058.0,2499.0,209.0303,0.7358,3.1989,484.0,34.85,0.5858,0.7388,700,1027,517,824,180.2842
12,153.4088,2,1261.0849,561.0963,13986.0,4107.0,189.0974,0.9681,1.8812,457.0,54.9756,0.2816,0.4395,1027,1354,517,824,180.2842
12,153.8093,1,947.9892,549.8019,10534.0,2791.0,162.3071,0.7996,2.1426,472.0,48.9822,0.5088,0.6745,700,1027,517,824,180.2842
12,153.8093,2,1256.7965,576.8937,12253.0,2630.0,182.6777,0.9555,2.434,483.0,29.6531,0.5591,0.7172,1027,1354,517,824,180.2842
12,154.2098,1,956.584,554.4296,10632.0,2566.0,127.134,0.9971,1.3177,475.0,43.1785,0.5006,0.6672,700,1027,517,824,180.2842
12,154.2098,2,1263.8701,556.6216,12066.0,3040.0,163.5506,0.9734,1.8504,472.0,37.9051,0.5312,0.6939,1027,1354,517,824,180.2842
12,154.6104,1,935.8041,546.2342,11744.0,3109.0,167.147,0.5867,2.1063,474.0,48.0558,0.3877,0.5588,700,1027,517,824,180.2842
12,154.6104,2,1254.6527,552.8058,11759.0,3214.0,177.2826,0.9746,2.4819,456.0,26.8194,0.6312,0.7739,1027,1354,517,824,180.2842
12,155.0109,1,839.9094,530.0622,14034.0,4892.0,236.7516,0.3378,2.9487,459.0,56.4082,0.172,0.2935,700,1027,517,824,180.2842
12,155.0109,2,1247.5854,582.1435,12668.0,2398.0,199.2681,0.9741,2.6943,475.0,36.4581,0.5209,0.685,1027,1354,517,824,180.2842
12,155.4115,1,818.1485,544.6843,14538.0,3702.0,196.2266,0.4692,2.35,472.0,54.0756,0.3963,0.5677,700,1027,517,824,180.2842
12,155.4115,2,1223.9837,611.0199,14776.0,1578.0,229.4286,0.8845,3.3629,491.0,37.2507,0.4785,0.6473,1027,1354,517,824,180.2842
12,155.812,1,811.2894,555.9234,13855.0,2992.0,191.1001,0.5587,2.2298,481.0,40.9226,0.5455,0.7059,700,1027,517,824,180.2842
12,155.812,2,1229.4524,585.9505,13600.0,2786.0,213.9642,0.8336,3.2339,472.0,36.2684,0.5951,0.7461,1027,1354,517,824,180.2842
12,156.2126,1,803.1126,565.7343,13516.0,3306.0,174.8627,0.8422,2.0071,481.0,36.2524,0.49,0.6577,700,1027,517,824,180.2842
12,156.2126,2,1253.5281,552.666,13358.0,4408.0,224.3417,0.9077,3.2533,436.0,41.9916,0.4908,0.6584,1027,1354,517,824,180.2842
12,156.6131,1,790.3667,559.8718,11427.0,2814.0,184.3715,0.8234,2.4033,479.0,31.7918,0.6164,0.7627,700,1027,517,824,180.2842
12,156.6131,2,1252.5039,593.6398,12538.0,2507.0,196.54,0.9799,2.581,462.0,50.2876,0.3705,0.5407,1027,1354,517,824,180.2842
12,157.0137,1,787.6101,576.3691,12069.0,2436.0,199.7456,0.9003,2.5384,482.0,33.8328,0.5666,0.7234,700,1027,517,824,180.2842
12,157.0137,2,1260.4979,572.741,14618.0,3214.0,189.8735,0.9994,1.9395,463.0,37.1521,0.5317,0.6943,1027,1354,517,824,180.2842
12,157.4142,1,783.8872,578.1177,13231.0,2777.0,178.9577,0.9898,1.9783,477.0,34.7429,0.5746,0.7298,700,1027,517,824,180.2842
12,157.4142,2,1248.5012,551.2714,16358.0,4868.0,192.9097,0.9782,1.7584,423.0,46.3021,0.5167,0.6814,1027,1354,517,824,180.2842
12,157.8147,1,787.4656,553.0583,12854.0,3640.0,170.3874,0.8857,1.9711,462.0,39.4483,0.5238,0.6875,700,1027,517,824,180.2842
12,157.8147,2,1243.6188,576.0446,18245.0,2672.0,188.954,0.922,1.5623,453.0,45.2209,0.4838,0.6521,1027,1354,517,824,180.2842
12,158.2153,1,803.9912,556.5089,13992.0,3622.0,166.8512,0.9351,1.8566,467.0,39.54,0.5483,0.7083,700,1027,517,824,180.2842
12,158.2153,2,1210.7957,579.7164,15946.0,2712.0,193.6793,0.9563,2.0497,459.0,55.9417,0.3523,0.521,1027,1354,517,824,180.2842
12,158.6158,1,819.2206,589.1511,15421.0,2110.0,199.8261,0.9283,2.3238,469.0,42.5146,0.4376,0.6088,700,1027,517,824,180.2842
12,158.6158,2,1177.5824,554.3276,15167.0,4096.0,193.9074,0.9601,2.0302,431.0,57.2803,0.3467,0.5149,1027,1354,517,824,180.2842
12,159.0164,1,845.4435,572.185,13656.0,2398.0,187.8429,0.8835,2.2179,465.0,47.702,0.4253,0.5968,700,1027,517,824,180.2842
12,159.0164,2,1187.1865,579.094,18791.0,3633.0,210.1554,0.524,2.722,511.0,45.2326,0.3298,0.496,1027,1354,517,824,180.2842
12,159.4169,1,874.557,557.6793,13089.0,2861.0,165.6102,0.8558,1.8428,461.0,46.5845,0.4137,0.5853,700,1027,517,824,180.2842
12,159.4169,2,1224.5016,556.519,14878.0,3982.0,206.2016,0.738,2.3837,464.0,37.9201,0.4589,0.6291,1027,1354,517,824,180.2842
12,159.8175,1,912.102,556.8887,13828.0,3221.0,158.4157,0.8328,1.4968,468.0,52.8079,0.3572,0.5264,700,1027,517,824,180.2842
12,159.8175,2,1257.5298,547.2672,12734.0,4317.0,190.8876,0.9353,2.279,442.0,51.1245,0.364,0.5338,1027,1354,517,824,180.2842
12,160.218,1,923.809,577.9819,15087.0,2251.0,171.2545,0.9953,1.6596,466.0,42.4964,0.4217,0.5932,700,1027,517,824,180.2842
12,160.218,2,1276.9501,571.652,9900.0,2691.0,216.3811,0.9804,3.4263,461.0,47.7417,0.3521,0.5208,1027,1354,517,824,180.2842
12,160.6186,1,938.9659,562.2238,13474.0,2945.0,140.9223,0.8832,1.2407,481.0,32.1099,0.5035,0.6698,700,1027,517,824,180.2842
12,160.6186,2,1277.1475,591.8408,10747.0,2319.0,223.3087,0.9991,3.3104,475.0,38.1053,0.5411,0.7022,1027,1354,517,824,180.2842
12,161.0191,1,943.4705,543.9959,11991.0,3663.0,152.3687,0.9306,1.6256,450.0,30.8538,0.5717,0.7275,700,1027,517,824,180.2842
12,161.0191,2,1264.6561,569.5712,13834.0,3108.0,191.6213,0.9994,2.0864,462.0,51.0555,0.4511,0.6217,1027,1354,517,824,180.2842
12,161.4197,1,953.8238,560.1687,15095.0,3234.0,164.2538,0.853,1.6631,485.0,37.4397,0.5621,0.7197,700,1027,517,824,180.2842
12,161.4197,2,1246.7482,557.6739,16490.0,4224.0,184.6252,0.9177,1.6333,436.0,47.4986,0.47,0.6395,1027,1354,517,824,180.2842
12,161.8202,1,911.3057,547.8656,12854.0,2560.0,154.7152,0.4811,2.0165,517.0,47.8479,0.3446,0.5126,700,1027,517,824,180.2842
12,161.8202,2,1247.3747,583.4235,22949.0,3565.0,185.0591,0.9955,1.2637,454.0,35.8747,0.5341,0.6963,1027,1354,517,824,180.2842
12,162.2207,1,849.3773,542.2744,15045.0,4976.0,180.0312,0.4397,2.6906,509.0,59.2477,0.2168,0.3563,700,1027,517,824,180.2842
12,162.2207,2,1233.1536,587.2324,19966.0,3001.0,187.9167,0.7503,1.831,507.0,31.7761,0.5515,0.7109,1027,1354,517,824,180.2842
12,162.6213,1,828.117,560.443,16287.0,3743.0,215.7618,0.6361,2.8202,480.0,55.4871,0.3279,0.4939,700,1027,517,824,180.2842
12,162.6213,2,1240.5748,557.166,15497.0,4098.0,190.556,0.8183,2.0318,455.0,34.7785,0.5551,0.7139,1027,1354,517,824,180.2842
12,163.0218,1,824.7878,589.6341,15725.0,2777.0,207.0001,0.7507,2.3853,474.0,41.8849,0.4133,0.5848,700,1027,517,824,180.2842
12,163.0218,2,1260.9911,556.8542,11641.0,3566.0,194.8901,0.9269,2.596,449.0,45.373,0.4366,0.6079,1027,1354,517,824,180.2842
12,163.4224,1,800.902,572.7909,15734.0,3917.0,200.0366,0.9341,2.0453,468.0,32.4281,0.4835,0.6518,700,1027,517,824,180.2842
12,163.4224,2,1277.6025,584.2319,8718.0,1917.0,143.0744,0.9625,2.867,519.0,40.0934,0.34,0.5075,1027,1354,517,824,180.2842
12,163.8229,1,798.3566,558.0235,15590.0,4803.0,188.1006,0.9992,1.7994,446.0,35.0079,0.5537,0.7127,700,1027,517,824,180.2842
12,163.8229,2,1276.8383,604.5551,11032.0,2035.0,224.6591,0.9832,3.8739,475.0,25.9959,0.5898,0.742,1027,1354,517,824,180.2842
12,164.2235,1,797.5342,562.4395,15935.0,3926.0,182.9421,0.9943,1.5771,474.0,30.9943,0.6794,0.8091,700,1027,517,824,180.2842
12,164.2235,2,1268.7361,601.0011,13053.0,2218.0,204.0947,0.9789,2.765,472.0,34.2215,0.5355,0.6975,1027,1354,517,824,180.2842
12,164.624,1,810.3161,576.3631,16127.0,3064.0,176.5096,0.9763,1.7898,475.0,36.5538,0.5815,0.7354,700,1027,517,824,180.2842
12,164.624,2,1264.1831,590.3544,12776.0,1922.0,181.6395,0.9512,2.3999,486.0,38.1685,0.5703,0.7264,1027,1354,517,824,180.2842
12,165.0246,1,820.4946,590.5417,18505.0,3636.0,194.9208,0.9849,1.9978,464.0,31.7713,0.5662,0.723,700,1027,517,824,180.2842
12,165.0246,2,1260.3171,568.2647,11659.0,2788.0,183.4554,0.9404,2.6149,470.0,25.5179,0.6106,0.7583,1027,1354,517,824,180.2842
12,165.4251,1,840.6402,581.5145,15393.0,2116.0,180.8748,0.9396,1.9125,472.0,31.2799,0.5205,0.6846,700,1027,517,824,180.2842
12,165.4251,2,1270.2567,574.5196,10724.0,2024.0,176.6169,0.9854,2.5355,475.0,31.4716,0.5256,0.689,1027,1354,517,824,180.2842
12,165.8256,1,859.8582,582.1887,15399.0,2345.0,186.3657,0.9627,1.9677,462.0,43.3828,0.4252,0.5967,700,1027,517,824,180.2842
12,165.8256,2,1268.2497,576.2097,9992.0,1710.0,178.6129,0.9952,2.7198,483.0,24.0332,0.6948,0.8199,1027,1354,517,824,180.2842
12,166.2262,1,874.0125,602.7435,16422.0,1735.0,187.3829,0.7868,2.2602,516.0,42.4542,0.439,0.6101,700,1027,517,824,180.2842
12,166.2262,2,1260.3416,577.1403,11041.0,1998.0,189.4154,0.9964,2.7848,475.0,28.5009,0.6769,0.8073,1027,1354,517,824,180.2842
12,166.6267,1,904.6508,562.1312,14810.0,4021.0,202.5664,0.8819,2.3088,456.0,34.2325,0.501,0.6676,700,1027,517,824,180.2842
12,166.6267,2,1247.8662,598.2203,13142.0,1755.0,218.7655,0.9133,3.2901,485.0,42.8673,0.4957,0.6629,1027,1354,517,824,180.2842
12,167.0273,1,917.4538,554.4936,14140.0,3905.0,167.068,0.6208,2.3007,511.0,26.9325,0.6107,0.7583,700,1027,517,824,180.2842
12,167.0273,2,1248.0737,591.1333,12015.0,1974.0,220.0545,0.9233,3.4815,478.0,28.8137,0.6518,0.7892,1027,1354,517,824,180.2842
12,167.4278,1,912.8488,583.594,14306.0,1783.0,176.7147,0.6935,2.3513,511.0,39.5008,0.4493,0.62,700,1027,517,824,180.2842
12,167.4278,2,1255.3571,562.1411,12789.0,3457.0,200.6208,0.9312,2.6943,453.0,35.8011,0.5716,0.7274,1027,1354,517,824,180.2842
12,167.8284,1,921.1719,589.6735,14352.0,1412.0,180.6657,0.991,1.8791,481.0,33.5858,0.5024,0.6688,700,1027,517,824,180.2842
12,167.8284,2,1272.199,564.351,11258.0,3104.0,194.7883,0.9786,2.7784,455.0,49.7085,0.4748,0.6439,1027,1354,517,824,180.2842
12,168.2289,1,918.6865,606.4559,15501.0,1403.0,190.2031,0.9999,2.0284,485.0,22.463,0.7126,0.8322,700,1027,517,824,180.2842
12,168.2289,2,1271.1659,612.5225,11221.0,1966.0,172.3836,0.9848,3.0957,506.0,46.3991,0.383,0.5539,1027,1354,517,824,180.2842
12,168.6295,1,914.703,602.5505,14749.0,1695.0,180.7351,0.9994,2.0557,474.0,26.615,0.6194,0.765,700,1027,517,824,180.2842
12,168.6295,2,1274.6635,606.2589,11524.0,2130.0,147.5234,0.9582,2.2464,516.0,24.8023,0.5505,0.7101,1027,1354,517,824,180.2842
12,169.03,1,911.5214,565.24,12235.0,2314.0,157.1714,0.9993,1.727,459.0,26.8646,0.6508,0.7885,700,1027,517,824,180.2842
12,169.03,2,1266.9302,552.0648,12567.0,3724.0,179.7806,0.9818,1.9711,449.0,49.1522,0.4111,0.5826,1027,1354,517,824,180.2842
12,169.4306,1,924.6071,566.043,14920.0,2282.0,177.3925,0.6668,1.9074,494.0,49.3184,0.3532,0.522,700,1027,517,824,180.2842
12,169.4306,2,1245.3425,572.1781,17207.0,3648.0,179.6129,0.9425,1.7365,462.0,56.3824,0.4235,0.595,1027,1354,517,824,180.2842
12,169.8311,1,872.4106,545.2018,13952.0,3675.0,184.5281,0.3892,2.7029,515.0,44.3068,0.3316,0.4981,700,1027,517,824,180.2842
12,169.8311,2,1210.6812,572.173,17024.0,3488.0,189.3451,0.9284,1.9597,448.0,53.6564,0.3605,0.5299,1027,1354,517,824,180.2842
12,170.2316,1,834.6288,548.1204,13269.0,3410.0,197.4644,0.5738,2.507,474.0,52.1826,0.3517,0.5203,700,1027,517,824,180.2842
12,170.2316,2,1166.1652,566.2485,17717.0,4353.0,188.1648,0.9468,1.8998,452.0,55.0885,0.2633,0.4168,1027,1354,517,824,180.2842
12,170.6322,1,809.2833,564.6556,13236.0,3034.0,190.7181,0.7211,2.4714,479.0,50.4373,0.3073,0.4702,700,1027,517,824,180.2842
12,170.6322,2,1131.2141,584.4771,18380.0,3899.0,196.7421,0.785,2.2279,501.0,47.7914,0.325,0.4905,1027,1354,517,824,180.2842
12,171.0327,1,788.6887,572.3067,12568.0,2645.0,173.6499,0.8936,2.0691,481.0,39.8091,0.4408,0.6119,700,1027,517,824,180.2842
12,171.0327,2,1110.5778,573.4946,17181.0,4629.0,197.5436,0.949,2.1077,450.0,36.0944,0.4791,0.6478,1027,1354,517,824,180.2842
12,171.4333,1,779.8005,575.1258,10207.0,2217.0,165.3381,0.9234,2.5665,481.0,27.8445,0.5643,0.7215,700,1027,517,824,180.2842
12,171.4333,2,1111.3741,566.5314,15160.0,3498.0,189.3575,0.8162,2.12,463.0,28.2042,0.5722,0.7279,1027,1354,517,824,180.2842
12,171.8338,1,771.5408,593.9201,10326.0,1348.0,165.82,0.9384,2.5302,488.0,25.6409,0.5374,0.6991,700,1027,517,824,180.2842
12,171.8338,2,1113.36,571.5512,15629.0,3465.0,191.0747,0.752,2.538,488.0,27.3031,0.6292,0.7724,1027,1354,517,824,180.2842
12,172.2344,1,769.8439,582.8695,12517.0,2595.0,209.9507,0.9781,2.6884,464.0,24.3868,0.6699,0.8023,700,1027,517,824,180.2842
12,172.2344,2,1117.159,577.1661,15943.0,3530.0,204.7458,0.7321,2.7658,488.0,27.4813,0.5789,0.7333,1027,1354,517,824,180.2842
12,172.6349,1,783.4498,584.7528,11867.0,2241.0,183.38,0.9225,2.3865,485.0,32.3525,0.4972,0.6642,700,1027,517,824,180.2842
12,172.6349,2,1128.3579,557.076,13876.0,3582.0,158.4647,0.9866,1.5918,460.0,34.7014,0.5379,0.6996,1027,1354,517,824,180.2842
12,173.0355,1,783.004,585.1525,10836.0,1589.0,185.0384,0.9287,2.675,485.0,23.251,0.6524,0.7897,700,1027,517,824,180.2842
12,173.0355,2,1147.3872,566.3397,12596.0,2134.0,148.9589,0.9975,1.4829,462.0,36.1519,0.5172,0.6818,1027,1354,517,824,180.2842
12,173.436,1,782.9489,584.5427,13906.0,3001.0,232.2923,0.9558,3.0907,471.0,25.4661,0.5945,0.7457,700,1027,517,824,180.2842
12,173.436,2,1147.1692,560.0187,13436.0,2459.0,180.83,0.7998,1.9828,462.0,42.791,0.4052,0.5767,1027,1354,517,824,180.2842
12,173.8365,1,783.8712,569.6793,13787.0,3173.0,153.9163,0.9242,1.6084,484.0,36.4921,0.4991,0.6659,700,1027,517,824,180.2842
12,173.8365,2,1177.9,558.403,15257.0,2949.0,195.002,0.4043,2.6324,510.0,37.1625,0.4644,0.6342,1027,1354,517,824,180.2842
12,174.2371,1,782.6791,560.4559,11146.0,2617.0,163.4415,0.9029,2.0794,478.0,31.1117,0.5679,0.7244,700,1027,517,824,180.2842
12,174.2371,2,1201.6916,558.6965,17065.0,4444.0,205.9896,0.7581,1.9746,471.0,39.6996,0.4373,0.6085,1027,1354,517,824,180.2842
12,174.6376,1,783.0934,584.355,10797.0,2065.0,183.5034,0.9035,2.8541,489.0,38.4462,0.4988,0.6656,700,1027,517,824,180.2842
12,174.6376,2,1220.7198,562.6982,15923.0,3654.0,202.2158,0.6938,2.2924,475.0,38.7227,0.4893,0.6571,1027,1354,517,824,180.2842
12,175.0382,1,781.3523,587.4319,11351.0,2240.0,200.7401,0.9512,2.9304,481.0,24.7528,0.7507,0.8576,700,1027,517,824,180.2842
12,175.0382,2,1236.3085,562.8183,13823.0,2989.0,179.4994,0.7403,2.1856,481.0,34.6563,0.5523,0.7116,1027,1354,517,824,180.2842
12,175.4387,1,777.7676,563.4119,11880.0,2952.0,172.7752,0.9665,2.0923,470.0,38.9596,0.5448,0.7054,700,1027,517,824,180.2842
12,175.4387,2,1244.3355,564.0857,12716.0,2740.0,164.2987,0.7877,2.0464,483.0,28.1602,0.6423,0.7822,1027,1354,517,824,180.2842
12,175.8393,1,781.7291,564.4843,13325.0,3451.0,176.6995,0.9795,1.8088,463.0,25.7539,0.7156,0.8342,700,1027,517,824,180.2842
12,175.8393,2,1251.7882,573.0929,12181.0,2321.0,171.5014,0.8388,2.1449,482.0,26.7693,0.5989,0.7492,1027,1354,517,824,180.2842
12,176.2398,1,784.8731,591.2926,15176.0,2256.0,182.31,0.8845,2.2214,498.0,31.2221,0.639,0.7798,700,1027,517,824,180.2842
12,176.2398,2,1254.5575,579.1164,12767.0,2117.0,178.7626,0.8473,2.2098,487.0,22.5212,0.679,0.8088,1027,1354,517,824,180.2842
12,176.6404,1,789.2211,588.4666,15367.0,2639.0,193.2579,0.8529,2.5131,491.0,22.2389,0.7115,0.8314,700,1027,517,824,180.2842
12,176.6404,2,1257.642,592.2685,15496.0,2937.0,163.2839,0.9046,1.9458,508.0,27.2028,0.5911,0.743,1027,1354,517,824,180.2842
12,177.0409,1,785.2278,573.8973,15170.0,3992.0,193.4842,0.9661,2.064,461.0,28.2879,0.6209,0.7661,700,1027,517,824,180.2842
12,177.0409,2,1252.8386,582.0739,14757.0,2588.0,184.1261,0.9111,2.09,484.0,25.2269,0.6028,0.7522,1027,1354,517,824,180.2842
12,177.4415,1,778.7085,575.5801,12992.0,2924.0,200.1005,0.9418,2.5109,469.0,31.3053,0.5796,0.7339,700,1027,517,824,180.2842
12,177.4415,2,1262.7591,571.3383,10750.0,1848.0,145.0096,0.857,2.0598,494.0,30.8708,0.5355,0.6975,1027,1354,517,824,180.2842
12,177.842,1,768.7776,587.9494,10805.0,2259.0,184.1209,0.9647,2.5526,480.0,33.5289,0.5168,0.6814,700,1027,517,824,180.2842
12,177.842,2,1263.4038,547.3025,9739.0,2557.0,135.5101,0.949,1.5172,483.0,36.8125,0.5212,0.6852,1027,1354,517,824,180.2842
12,178.2425,1,762.3311,586.6889,10538.0,2061.0,163.3579,0.9993,2.4272,483.0,33.5737,0.5044,0.6706,700,1027,517,824,180.2842
12,178.2425,2,1242.2619,566.4538,9527.0,1405.0,137.1731,0.9496,1.7971,497.0,38.7567,0.3959,0.5672,1027,1354,517,824,180.2842
12,178.6431,1,784.1408,566.901,11647.0,2616.0,170.4274,0.9957,2.2984,468.0,40.0157,0.3729,0.5432,700,1027,517,824,180.2842
12,178.6431,2,1221.0895,571.8847,8232.0,448.0,120.5383,0.9987,1.5771,505.0,37.7783,0.4485,0.6193,1027,1354,517,824,180.2842
12,179.0436,1,793.1199,574.7897,11909.0,2540.0,197.3253,0.9307,2.8719,473.0,35.7228,0.5472,0.7073,700,1027,517,824,180.2842
12,179.0436,2,1213.2113,574.7214,8113.0,441.0,118.091,0.964,1.5404,503.0,30.8128,0.655,0.7916,1027,1354,517,824,180.2842
12,179.4442,1,793.4313,595.0745,11853.0,1951.0,224.8832,0.9138,3.5126,487.0,42.509,0.5764,0.7313,700,1027,517,824,180.2842
12,179.4442,2,1210.444,583.3974,9012.0,458.0,125.0003,0.9712,1.5912,502.0,23.7884,0.7164,0.8348,1027,1354,517,824,180.2842
12,179.8447,1,781.8512,580.0093,11343.0,2453.0,206.6247,0.9331,3.3019,477.0,32.4283,0.6179,0.7638,700,1027,517,824,180.2842
12,179.8447,2,1198.4515,579.9647,10439.0,954.0,161.5911,0.9576,2.1211,494.0,40.9395,0.5381,0.6997,1027,1354,517,824,180.2842
12,180.2453,1,775.3822,549.2881,11587.0,3780.0,174.5802,0.9974,2.0572,442.0,41.328,0.5293,0.6922,700,1027,517,824,180.2842
12,180.2453,2,1187.2204,572.9192,10049.0,1220.0,173.47,0.9129,2.3976,490.0,35.5761,0.5792,0.7335,1027,1354,517,824,180.2842
12,180.6458,1,773.8438,561.472,14277.0,3772.0,181.8634,0.9932,1.8094,458.0,42.9688,0.5733,0.7288,700,1027,517,824,180.2842
12,180.6458,2,1164.4035,558.9878,10511.0,1875.0,177.2854,0.777,2.5823,477.0,44.1798,0.4588,0.629,1027,1354,517,824,180.2842
12,181.0464,1,788.0006,581.8896,17486.0,3072.0,188.109,0.9306,1.9709,489.0,42.6603,0.563,0.7204,700,1027,517,824,180.2842
12,181.0464,2,1148.6912,575.5177,10974.0,1665.0,178.8617,0.9071,2.5102,476.0,55.9318,0.3851,0.556,1027,1354,517,824,180.2842
12,181.4469,1,794.7982,583.3148,14929.0,2979.0,193.4051,0.7847,2.4319,479.0,35.2626,0.5526,0.7118,700,1027,517,824,180.2842
12,181.4469,2,1127.3461,597.7918,12599.0,922.0,195.3555,0.9242,2.6893,494.0,48.4569,0.2766,0.4334,1027,1354,517,824,180.2842
12,181.8474,1,776.4098,565.8215,10124.0,2516.0,157.7189,0.9656,2.1645,474.0,37.5727,0.4382,0.6093,700,1027,517,824,180.2842
12,181.8474,2,1146.6397,599.0026,12996.0,1124.0,187.3533,0.8853,2.5241,490.0,34.656,0.4164,0.588,1027,1354,517,824,180.2842
12,182.248,1,758.3297,550.2162,8272.0,2260.0,157.2018,0.998,2.4185,472.0,31.7514,0.513,0.6781,700,1027,517,824,180.2842
12,182.248,2,1189.2876,558.525,12038.0,3165.0,191.0149,0.8436,2.8016,473.0,41.1611,0.3485,0.5169,1027,1354,517,824,180.2842
12,182.6485,1,769.2483,588.8175,11798.0,2191.0,185.4648,0.9996,2.729,479.0,30.0132,0.477,0.6459,700,1027,517,824,180.2842
12,182.6485,2,1216.1252,572.5167,13917.0,2710.0,184.461,0.892,2.5069,469.0,54.3269,0.3004,0.462,1027,1354,517,824,180.2842
12,183.0491,1,781.6001,591.2958,12189.0,2045.0,194.3851,0.9926,2.6693,485.0,33.54,0.4963,0.6634,700,1027,517,824,180.2842
12,183.0491,2,1224.7363,604.919,13699.0,1667.0,199.4094,0.9264,2.8006,485.0,40.729,0.389,0.5601,1027,1354,517,824,180.2842
12,183.4496,1,789.2706,604.589,12354.0,1742.0,225.3381,0.9579,3.604,482.0,32.1865,0.5761,0.731,700,1027,517,824,180.2842
12,183.4496,2,1242.2822,595.5872,12353.0,1729.0,207.031,0.9448,2.9337,487.0,27.5227,0.5571,0.7156,1027,1354,517,824,180.2842
12,183.8502,1,792.6717,588.4598,12142.0,2214.0,230.403,0.9205,3.5995,482.0,25.0239,0.7045,0.8267,700,1027,517,824,180.2842
12,183.8502,2,1239.4247,574.4902,10244.0,1229.0,152.5127,0.9996,1.887,491.0,39.7987,0.4382,0.6094,1027,1354,517,824,180.2842
12,184.2507,1,772.7263,553.88,10916.0,3452.0,168.5344,0.9924,2.1494,453.0,51.4974,0.4513,0.6219,700,1027,517,824,180.2842
12,184.2507,2,1188.2422,550.4295,13281.0,3861.0,187.8608,0.7736,2.706,473.0,52.2208,0.2277,0.3709,1027,1354,517,824,180.2842
12,184.6513,1,768.2089,544.5478,11309.0,3647.0,182.0584,0.9205,2.1802,452.0,48.9236,0.4748,0.6439,700,1027,517,824,180.2842
12,184.6513,2,1148.0927,561.9462,13761.0,3334.0,217.381,0.7741,2.9168,471.0,62.0114,0.2257,0.3683,1027,1354,517,824,180.2842
12,185.0518,1,781.7055,584.9728,17850.0,3069.0,169.0321,0.939,1.6427,493.0,48.4011,0.4561,0.6264,700,1027,517,824,180.2842
12,185.0518,2,1136.8208,590.1356,13507.0,2623.0,215.8025,0.8318,3.1544,477.0,52.5849,0.3601,0.5295,1027,1354,517,824,180.2842
12,185.4524,1,789.7688,591.6583,17198.0,2995.0,197.2639,0.8869,2.3453,485.0,28.4925,0.6037,0.7529,700,1027,517,824,180.2842
12,185.4524,2,1112.5938,595.4129,13964.0,2549.0,209.1714,0.9469,2.7022,480.0,34.5694,0.425,0.5965,1027,1354,517,824,180.2842
12,185.8529,1,785.5499,583.9856,15582.0,3150.0,192.19,0.957,1.839,472.0,23.7763,0.6602,0.7953,700,1027,517,824,180.2842
12,185.8529,2,1111.6928,626.349,13804.0,1296.0,169.718,0.9872,2.3852,506.0,23.4243,0.6053,0.7541,1027,1354,517,824,180.2842
12,186.2534,1,788.0359,587.5234,14709.0,2557.0,194.164,0.8729,2.3958,480.0,19.2301,0.7265,0.8416,700,1027,517,824,180.2842
12,186.2534,2,1119.2677,597.3546,15851.0,3448.0,208.4017,0.9918,2.9374,470.0,26.4307,0.5368,0.6986,1027,1354,517,824,180.2842
12,186.654,1,797.5475,592.1014,15048.0,2450.0,205.2302,0.7503,2.769,488.0,26.5866,0.5936,0.745,700,1027,517,824,180.2842
12,186.654,2,1124.2456,570.0317,12404.0,2388.0,205.3131,0.7674,3.0827,484.0,41.9746,0.4106,0.5822,1027,1354,517,824,180.2842
12,187.0545,1,801.794,601.7648,15648.0,2387.0,195.6597,0.8225,2.7509,506.0,26.8738,0.5693,0.7256,700,1027,517,824,180.2842
12,187.0545,2,1113.0713,552.8218,11785.0,2578.0,175.1634,0.6366,2.2984,482.0,34.2066,0.6361,0.7775,1027,1354,517,824,180.2842
12,187.4551,1,796.2747,589.7337,14105.0,2379.0,212.8864,0.8439,3.1751,490.0,22.0593,0.6758,0.8066,700,1027,517,824,180.2842
12,187.4551,2,1109.2176,555.8568,12126.0,2681.0,173.7293,0.7188,2.3356,475.0,33.7446,0.6453,0.7844,1027,1354,517,824,180.2842
12,187.8556,1,788.4754,563.8562,13767.0,3803.0,186.0276,0.9411,2.0326,463.0,33.7855,0.5712,0.7271,700,1027,517,824,180.2842
12,187.8556,2,1106.6429,565.6323,12094.0,2408.0,186.7228,0.7024,2.5458,484.0,33.085,0.6469,0.7856,1027,1354,517,824,180.2842
12,188.2562,1,783.0214,579.2793,12282.0,2535.0,179.0346,0.9056,2.1661,481.0,31.6246,0.5654,0.7224,700,1027,517,824,180.2842
12,188.2562,2,1106.1357,566.6311,13805.0,3419.0,212.0581,0.8339,2.9072,463.0,31.7462,0.6538,0.7907,1027,1354,517,824,180.2842
12,188.6567,1,779.9393,604.8387,12392.0,1652.0,176.3405,0.893,2.5833,497.0,29.7044,0.5027,0.669,700,1027,517,824,180.2842
12,188.6567,2,1108.7442,588.2019,14017.0,2739.0,201.1671,0.8229,2.7868,480.0,23.7187,0.6375,0.7786,1027,1354,517,824,180.2842
12,189.0573,1,777.8898,602.3021,12008.0,1366.0,201.6228,0.9303,2.9861,491.0,28.3888,0.5751,0.7302,700,1027,517,824,180.2842
12,189.0573,2,1098.2586,554.7395,11754.0,3075.0,175.8087,0.819,2.333,474.0,27.5864,0.6294,0.7726,1027,1354,517,824,180.2842
12,189.4578,1,785.5353,608.1782,14239.0,2393.0,240.1752,0.9593,3.2054,484.0,25.7766,0.6289,0.7722,700,1027,517,824,180.2842
12,189.4578,2,1099.676,557.3291,11440.0,3105.0,155.8594,0.8534,2.0004,470.0,30.4095,0.6635,0.7977,1027,1354,517,824,180.2842
12,189.8584,1,775.7441,567.8259,12455.0,3213.0,187.094,0.982,2.2593,462.0,36.7697,0.5606,0.7184,700,1027,517,824,180.2842
12,189.8584,2,1077.7346,549.9995,9875.0,2927.0,135.1759,0.9753,1.6026,466.0,42.7654,0.4533,0.6238,1027,1354,517,824,180.2842
12,190.2589,1,776.6845,569.2434,12443.0,2809.0,180.6756,0.9746,2.1236,473.0,25.9578,0.6955,0.8204,700,1027,517,824,180.2842
12,190.2589,2,1086.7936,546.0876,10513.0,3177.0,139.6843,0.995,1.4497,467.0,33.5221,0.5719,0.7277,1027,1354,517,824,180.2842
12,190.6594,1,778.9602,589.4861,14652.0,2318.0,193.9984,0.9258,2.5366,490.0,30.9411,0.6533,0.7903,700,1027,517,824,180.2842
12,190.6594,2,1093.3135,553.8553,12166.0,3112.0,153.4366,0.9151,1.5615,466.0,31.6996,0.6094,0.7573,1027,1354,517,824,180.2842
12,191.06,1,785.5715,596.2269,17106.0,2458.0,215.131,0.9708,2.5195,506.0,29.7251,0.6632,0.7975,700,1027,517,824,180.2842
12,191.06,2,1122.6352,550.395,10357.0,2207.0,142.5499,0.8727,1.6132,466.0,49.916,0.3388,0.5061,1027,1354,517,824,180.2842
12,191.4605,1,798.8912,561.2952,13660.0,3587.0,163.9046,0.9996,1.4837,459.0,53.7691,0.4782,0.647,700,1027,517,824,180.2842
12,191.4605,2,1152.1802,550.4318,11034.0,2336.0,146.2098,0.7691,1.5898,467.0,47.3133,0.4178,0.5894,1027,1354,517,824,180.2842
12,191.8611,1,803.311,555.6748,13719.0,3563.0,147.9403,0.9376,1.2391,465.0,27.4665,0.6646,0.7985,700,1027,517,824,180.2842
12,191.8611,2,1177.4756,557.2995,12165.0,2041.0,148.6452,0.3639,1.9179,516.0,43.4986,0.4337,0.605,1027,1354,517,824,180.2842
12,192.2616,1,815.4277,567.9699,15944.0,3437.0,180.1574,0.8909,1.5992,473.0,33.0722,0.6044,0.7534,700,1027,517,824,180.2842
12,192.2616,2,1198.9812,554.0346,13945.0,2973.0,153.6215,0.7049,1.3748,467.0,38.6271,0.4671,0.6368,1027,1354,517,824,180.2842
12,192.6622,1,818.5042,578.5192,16338.0,2816.0,192.3078,0.6973,2.3955,508.0,25.3015,0.6752,0.8061,700,1027,517,824,180.2842
12,192.6622,2,1212.4041,565.4931,15209.0,2788.0,174.8355,0.6214,1.5801,473.0,33.2538,0.5498,0.7095,1027,1354,517,824,180.2842
12,193.0627,1,818.5271,582.4393,16521.0,2806.0,196.3917,0.7476,2.3785,512.0,23.4966,0.6945,0.8197,700,1027,517,824,180.2842
12,193.0627,2,1224.4689,562.0185,17641.0,4700.0,180.3392,0.9503,1.5872,465.0,36.9856,0.4962,0.6633,1027,1354,517,824,180.2842
12,193.4633,1,820.8932,591.7787,16832.0,2560.0,212.7393,0.7033,2.7938,490.0,18.9101,0.7024,0.8252,700,1027,517,824,180.2842
12,193.4633,2,1240.5292,566.9965,15939.0,3589.0,164.8451,0.9501,1.5461,471.0,39.7825,0.4934,0.6608,1027,1354,517,824,180.2842
12,193.8638,1,815.184,591.3539,16235.0,2346.0,207.9278,0.6901,2.7886,507.0,20.0066,0.734,0.8466,700,1027,517,824,180.2842
12,193.8638,2,1251.4329,582.2555,14314.0,2522.0,155.53,0.775,1.6928,488.0,25.2257,0.597,0.7476,1027,1354,517,824,180.2842
12,194.2643,1,811.0156,602.5694,16044.0,2011.0,211.3254,0.7676,2.9107,502.0,29.1743,0.6126,0.7598,700,1027,517,824,180.2842
12,194.2643,2,1255.1271,557.9693,11180.0,2318.0,119.8407,0.9847,1.1762,485.0,33.401,0.5698,0.726,1027,1354,517,824,180.2842
12,194.6649,1,792.6955,580.7741,14272.0,2662.0,181.2601,0.8152,2.3058,498.0,29.5185,0.5847,0.738,700,1027,517,824,180.2842
12,194.6649,2,1248.4142,553.8141,8946.0,1825.0,114.7045,0.9994,1.4187,487.0,25.8139,0.6151,0.7617,1027,1354,517,824,180.2842
12,195.0654,1,781.3051,571.9113,13336.0,3137.0,182.3441,0.9412,2.2562,466.0,28.48,0.6021,0.7517,700,1027,517,824,180.2842
12,195.0654,2,1240.5346,550.3744,8190.0,1407.0,107.1384,0.8281,1.3051,499.0,35.5722,0.5638,0.7211,1027,1354,517,824,180.2842
12,195.466,1,782.2369,588.0098,13614.0,2475.0,194.4227,0.8837,2.6922,488.0,31.3517,0.6116,0.759,700,1027,517,824,180.2842
12,195.466,2,1226.6655,566.9375,7966.0,571.0,117.6393,0.9663,1.5336,504.0,31.2559,0.5987,0.7489,1027,1354,517,824,180.2842
12,195.8665,1,780.437,598.4947,13604.0,1788.0,213.8151,0.9157,3.0517,493.0,28.7656,0.6391,0.7799,700,1027,517,824,180.2842
12,195.8665,2,1218.9924,566.5349,7871.0,679.0,128.5212,0.952,1.7089,496.0,32.7477,0.6103,0.758,1027,1354,517,824,180.2842
12,196.2671,1,772.1819,589.1707,15232.0,2834.0,188.494,0.9798,2.3822,487.0,34.3328,0.5634,0.7208,700,1027,517,824,180.2842
12,196.2671,2,1202.1813,571.6976,11387.0,1361.0,153.5923,0.9526,1.848,499.0,43.7947,0.4421,0.6131,1027,1354,517,824,180.2842
12,196.6676,1,768.7532,558.63,13789.0,3456.0,185.258,0.9584,1.9002,454.0,36.4136,0.5902,0.7423,700,1027,517,824,180.2842
12,196.6676,2,1177.3906,584.4799,10392.0,319.0,148.4738,0.8044,1.9608,507.0,49.0755,0.3824,0.5532,1027,1354,517,824,180.2842
12,197.0682,1,784.554,570.3752,15979.0,3465.0,172.102,0.9973,1.5566,468.0,40.6997,0.5248,0.6884,700,1027,517,824,180.2842
12,197.0682,2,1147.5225,565.3942,13172.0,2839.0,210.2674,0.7542,2.7415,482.0,42.5647,0.4467,0.6176,1027,1354,517,824,180.2842
12,197.4687,1,808.2024,596.2095,16911.0,1865.0,177.6698,0.9959,1.6919,477.0,45.3245,0.4261,0.5976,700,1027,517,824,180.2842
12,197.4687,2,1126.351,556.4825,12293.0,2545.0,181.1843,0.6223,2.4214,482.0,47.9981,0.5223,0.6862,1027,1354,517,824,180.2842
12,197.8693,1,827.9803,582.6831,15842.0,2070.0,182.8008,0.9522,1.8432,465.0,37.6863,0.5074,0.6732,700,1027,517,824,180.2842
12,197.8693,2,1095.4953,553.379,10119.0,2754.0,145.6833,0.8685,1.9684,473.0,49.2297,0.4254,0.5969,1027,1354,517,824,180.2842
12,198.2698,1,855.9549,575.3535,14589.0,2311.0,180.385,0.9052,1.9066,464.0,44.2273,0.3901,0.5612,700,1027,517,824,180.2842
12,198.2698,2,1086.0527,542.2249,9334.0,2872.0,132.3829,0.8988,1.601,471.0,28.5171,0.7061,0.8277,1027,1354,517,824,180.2842
12,198.6703,1,888.8542,576.0315,14262.0,1829.0,178.8521,0.9343,1.8353,471.0,45.6538,0.3911,0.5623,700,1027,517,824,180.2842
12,198.6703,2,1095.4909,553.5504,11628.0,3095.0,144.8332,0.9438,1.5061,471.0,29.2155,0.6704,0.8027,1027,1354,517,824,180.2842
12,199.0709,1,909.2802,574.2198,13993.0,2171.0,175.7955,0.996,1.9009,476.0,40.2148,0.4814,0.6499,700,1027,517,824,180.2842
12,199.0709,2,1097.8698,557.8945,13521.0,3348.0,146.8926,0.9983,1.3501,468.0,33.7208,0.6001,0.7501,1027,1354,517,824,180.2842
12,199.4714,1,911.8014,561.112,13890.0,2520.0,171.4953,0.632,1.9038,489.0,42.3902,0.4082,0.5797,700,1027,517,824,180.2842
12,199.4714,2,1109.5766,581.8945,16846.0,3914.0,177.4981,0.9722,1.8682,456.0,34.865,0.4761,0.6451,1027,1354,517,824,180.2842
12,199.872,1,845.4789,540.3646,14359.0,3950.0,236.4367,0.3691,3.3381,475.0,50.0798,0.2817,0.4395,700,1027,517,824,180.2842
12,199.872,2,1141.0592,574.7461,13299.0,1760.0,160.1028,0.9727,1.6523,476.0,40.97,0.3456,0.5137,1027,1354,517,824,180.2842
12,200.2725,1,808.4999,549.5493,12347.0,3207.0,162.3176,0.6074,2.0847,475.0,46.3703,0.3259,0.4916,700,1027,517,824,180.2842
12,200.2725,2,1159.9116,554.7483,13129.0,3036.0,145.9209,0.6851,1.6134,490.0,43.7657,0.4319,0.6033,1027,1354,517,824,180.2842
12,200.6731,1,785.7393,558.2284,12073.0,2693.0,148.2835,0.7909,1.8441,484.0,37.9226,0.4353,0.6066,700,1027,517,824,180.2842
12,200.6731,2,1206.9237,534.8157,13797.0,4391.0,200.8736,0.4284,2.5011,469.0,45.8131,0.3405,0.5081,1027,1354,517,824,180.2842
12,201.0736,1,785.0379,570.4235,11892.0,2613.0,162.2888,0.7719,2.3457,488.0,31.0902,0.5795,0.7337,700,1027,517,824,180.2842
12,201.0736,2,1231.9392,544.4177,12893.0,3531.0,164.9593,0.5763,1.9897,478.0,44.4624,0.403,0.5744,1027,1354,517,824,180.2842
12,201.4742,1,780.4,579.4319,11769.0,2015.0,189.7029,0.9015,2.6369,487.0,27.3251,0.6115,0.7589,700,1027,517,824,180.2842
12,201.4742,2,1249.8392,556.8468,11244.0,2537.0,140.7178,0.8257,1.6171,486.0,35.6278,0.4922,0.6597,1027,1354,517,824,180.2842
12,201.8747,1,781.6454,583.3877,13563.0,2638.0,212.9908,0.9657,2.4601,479.0,28.129,0.7039,0.8262,700,1027,517,824,180.2842
12,201.8747,2,1261.1457,552.655,10005.0,2564.0,145.7724,0.8883,1.9269,479.0,25.4023,0.6502,0.788,1027,1354,517,824,180.2842
12,202.2752,1,778.8477,572.2959,13562.0,3019.0,175.3833,0.9925,1.8303,469.0,31.6127,0.6154,0.762,700,1027,517,824,180.2842
12,202.2752,2,1253.2012,558.8219,10678.0,2092.0,150.0785,0.8638,1.9236,484.0,25.2533,0.6237,0.7683,1027,1354,517,824,180.2842
12,202.6758,1,776.7902,560.2377,14314.0,3371.0,165.3176,0.97,1.4739,468.0,36.3331,0.6013,0.751,700,1027,517,824,180.2842
12,202.6758,2,1241.3371,572.831,9872.0,1379.0,129.617,0.9803,1.6388,498.0,28.1249,0.6042,0.7533,1027,1354,517,824,180.2842
12,203.0763,1,811.0253,564.9976,13674.0,2331.0,175.7913,0.8094,1.9138,468.0,51.7467,0.3456,0.5136,700,1027,517,824,180.2842
12,203.0763,2,1237.0808,561.803,10178.0,2160.0,136.8985,1.0,1.7737,493.0,30.6944,0.5364,0.6983,1027,1354,517,824,180.2842
12,203.4769,1,848.0667,562.9374,13230.0,2229.0,137.4598,0.6236,1.5546,514.0,55.9239,0.3435,0.5113,700,1027,517,824,180.2842
12,203.4769,2,1213.0494,577.754,9238.0,668.0,131.3909,0.9978,1.7122,499.0,33.0653,0.455,0.6255,1027,1354,517,824,180.2842
12,203.8774,1,883.2494,568.6658,15378.0,2896.0,173.8774,0.7717,1.6866,471.0,45.999,0.3512,0.5199,700,1027,517,824,180.2842
12,203.8774,2,1200.732,589.4308,9317.0,316.0,146.1873,0.9976,1.9762,506.0,34.1615,0.5337,0.696,1027,1354,517,824,180.2842
12,204.278,1,900.1783,575.1951,14283.0,1766.0,170.6248,0.927,1.6471,476.0,38.1695,0.4484,0.6191,700,1027,517,824,180.2842
12,204.278,2,1186.1289,584.5673,12763.0,1890.0,196.283,0.9989,2.5784,497.0,41.0726,0.4896,0.6573,1027,1354,517,824,180.2842
12,204.6785,1,910.7733,575.3897,15276.0,2421.0,168.0956,0.9459,1.5962,483.0,25.1824,0.5962,0.747,700,1027,517,824,180.2842
12,204.6785,2,1170.3341,613.5128,11959.0,555.0,156.3194,0.9681,2.0369,501.0,26.3653,0.5506,0.7102,1027,1354,517,824,180.2842
12,205.0791,1,914.5859,590.3733,14636.0,2038.0,168.4368,0.9819,1.7872,475.0,29.2743,0.515,0.6799,700,1027,517,824,180.2842
12,205.0791,2,1172.9295,576.3758,11611.0,1530.0,188.9267,0.8383,2.7927,483.0,37.0812,0.4695,0.639,1027,1354,517,824,180.2842
12,205.4796,1,921.9405,569.4564,10661.0,0.0,160.9245,0.4403,2.1475,520.0,37.1751,0.3684,0.5384,700,1027,517,824,180.2842
12,205.4796,2,1135.8009,548.9862,13433.0,3710.0,202.1583,0.6492,2.5804,471.0,44.296,0.4239,0.5954,1027,1354,517,824,180.2842
12,205.8802,1,845.259,539.1895,13095.0,3580.0,231.4799,0.4081,3.2403,475.0,48.9012,0.2846,0.4431,700,1027,517,824,180.2842
12,205.8802,2,1116.761,555.1816,12222.0,2826.0,174.9719,0.688,2.2304,483.0,52.8474,0.4651,0.6349,1027,1354,517,824,180.2842
12,206.2807,1,811.5613,549.7229,13148.0,3335.0,172.0434,0.5717,2.2234,480.0,47.484,0.339,0.5063,700,1027,517,824,180.2842
12,206.2807,2,1089.318,547.2559,10483.0,3034.0,149.3561,0.8609,1.8991,470.0,46.3317,0.4888,0.6566,1027,1354,517,824,180.2842
12,206.6812,1,785.917,562.1984,10662.0,2193.0,143.5568,0.7775,1.8876,487.0,40.7506,0.4045,0.576,700,1027,517,824,180.2842
12,206.6812,2,1091.8913,571.9312,11219.0,2437.0,163.7727,0.9194,2.295,476.0,41.0278,0.534,0.6962,1027,1354,517,824,180.2842
12,207.0818,1,771.6388,571.0513,10446.0,1807.0,142.1639,0.9135,1.8694,487.0,25.7248,0.5696,0.7258,700,1027,517,824,180.2842
12,207.0818,2,1085.7434,599.8363,13157.0,2223.0,179.5023,0.92,2.4279,482.0,26.5225,0.5586,0.7168,1027,1354,517,824,180.2842
12,207.4823,1,774.4832,575.8523,10924.0,1959.0,158.0719,0.8665,2.3786,489.0,25.2328,0.6388,0.7796,700,1027,517,824,180.2842
12,207.4823,2,1088.2362,604.3627,15166.0,2592.0,175.8343,0.9886,2.001,481.0,20.2583,0.688,0.8152,1027,1354,517,824,180.2842
12,207.8829,1,778.8381,584.9217,12752.0,2305.0,212.844,0.9327,2.7091,485.0,34.2504,0.5754,0.7304,700,1027,517,824,180.2842
12,207.8829,2,1085.3307,556.8172,14556.0,4281.0,189.0599,0.9788,1.9597,451.0,34.2882,0.5162,0.6809,1027,1354,517,824,180.2842
12,208.2834,1,775.5284,593.8601,12376.0,2316.0,202.231,0.9595,2.7034,483.0,28.9753,0.6356,0.7772,700,1027,517,824,180.2842
12,208.2834,2,1090.6852,556.3612,12475.0,3168.0,159.8023,0.952,1.8,471.0,29.0965,0.6594,0.7947,1027,1354,517,824,180.2842
12,208.684,1,766.7765,568.2787,12050.0,2977.0,166.2001,0.9907,1.9059,467.0,39.5763,0.4988,0.6656,700,1027,517,824,180.2842
12,208.684,2,1103.2802,554.0914,11696.0,2724.0,173.1889,0.856,2.0902,460.0,29.5295,0.6069,0.7554,1027,1354,517,824,180.2842
12,209.0845,1,780.7316,549.8301,12175.0,3184.0,148.9818,0.9157,1.4625,472.0,40.7625,0.5548,0.7136,700,1027,517,824,180.2842
12,209.0845,2,1124.1451,553.1593,11589.0,2373.0,143.1666,0.9374,1.5094,464.0,42.132,0.4698,0.6393,1027,1354,517,824,180.2842
12,209.4851,1,803.707,567.9348,15336.0,3319.0,165.8341,0.9677,1.6718,472.0,45.1555,0.4493,0.62,700,1027,517,824,180.2842
12,209.4851,2,1131.6211,588.4305,14879.0,1982.0,165.1214,0.933,1.7453,472.0,33.9699,0.5123,0.6775,1027,1354,517,824,180.2842
12,209.8856,1,821.5928,591.9113,16546.0,1953.0,181.7216,0.9453,1.8524,477.0,37.6637,0.459,0.6292,700,1027,517,824,180.2842
12,209.8856,2,1140.3736,601.7965,16109.0,1728.0,184.929,0.8999,1.9845,479.0,34.5111,0.561,0.7188,1027,1354,517,824,180.2842
12,210.2861,1,844.0284,592.7945,16315.0,2093.0,178.9709,0.9828,1.7748,471.0,39.3039,0.482,0.6504,700,1027,517,824,180.2842
12,210.2861,2,1151.4637,604.3842,16534.0,1665.0,169.2801,0.6724,1.9826,518.0,26.0887,0.6149,0.7615,1027,1354,517,824,180.2842
12,210.6867,1,864.9906,577.1024,13758.0,1884.0,168.4712,0.982,1.7642,475.0,37.7746,0.5104,0.6758,700,1027,517,824,180.2842
12,210.6867,2,1166.3927,566.507,14466.0,2421.0,169.3887,0.5003,2.2055,515.0,29.6573,0.4946,0.6619,1027,1354,517,824,180.2842
12,211.0872,1,880.6579,585.8771,15165.0,2210.0,181.2884,0.9988,1.9029,471.0,32.8007,0.5583,0.7165,700,1027,517,824,180.2842
12,211.0872,2,1190.5276,561.2321,13703.0,2642.0,181.31,0.6086,2.2547,480.0,32.5564,0.4907,0.6584,1027,1354,517,824,180.2842
12,211.4878,1,882.9742,580.5126,14813.0,2131.0,173.1707,0.9797,1.8339,468.0,29.3948,0.5997,0.7497,700,1027,517,824,180.2842
12,211.4878,2,1224.6597,558.709,11586.0,1963.0,150.0504,0.6116,1.8097,483.0,37.6748,0.419,0.5905,1027,1354,517,824,180.2842
12,211.8883,1,892.589,585.2118,14389.0,1709.0,173.7043,0.9986,1.8392,480.0,34.2676,0.5758,0.7308,700,1027,517,824,180.2842
12,211.8883,2,1243.9153,550.2232,11791.0,2739.0,165.9655,0.7362,2.0465,474.0,33.6001,0.5541,0.7131,1027,1354,517,824,180.2842
12,212.2889,1,897.9431,599.2301,16089.0,1958.0,187.2271,0.9943,2.0295,470.0,24.8603,0.6414,0.7815,700,1027,517,824,180.2842
12,212.2889,2,1231.2738,587.455,12157.0,1272.0,168.6071,0.8754,2.1789,487.0,36.548,0.4851,0.6533,1027,1354,517,824,180.2842
12,212.6894,1,899.9362,588.2186,14798.0,1766.0,182.9663,0.9986,1.9023,478.0,22.6799,0.687,0.8145,700,1027,517,824,180.2842
12,212.6894,2,1225.4368,607.9817,13314.0,1403.0,152.6254,0.9935,1.9233,500.0,25.5687,0.4827,0.6511,1027,1354,517,824,180.2842
12,213.09,1,894.5486,571.8737,14889.0,2899.0,161.6047,0.8772,1.73,488.0,30.8311,0.5212,0.6853,700,1027,517,824,180.2842
12,213.09,2,1217.7945,561.5301,11750.0,1931.0,188.2753,0.724,2.5578,480.0,40.1727,0.3429,0.5107,1027,1354,517,824,180.2842
12,213.4905,1,859.7141,555.7153,15731.0,3914.0,242.8329,0.4606,3.4102,475.0,45.8618,0.3404,0.5079,700,1027,517,824,180.2842
12,213.4905,2,1191.1532,559.9918,11609.0,1455.0,172.0099,0.6249,2.1826,496.0,55.7404,0.451,0.6216,1027,1354,517,824,180.2842
12,213.8911,1,802.7829,547.7049,12146.0,3397.0,140.6319,0.7019,1.4205,475.0,48.3732,0.2916,0.4515,700,1027,517,824,180.2842
12,213.8911,2,1151.5281,553.1925,12195.0,2615.0,178.8893,0.6207,2.4258,482.0,53.9091,0.3854,0.5564,1027,1354,517,824,180.2842
12,214.2916,1,796.3915,547.1309,10697.0,2862.0,145.0027,0.645,1.7826,484.0,31.9395,0.6156,0.7621,700,1027,517,824,180.2842
12,214.2916,2,1131.3717,559.9491,12110.0,2325.0,162.1304,0.7689,2.1137,482.0,48.4652,0.448,0.6188,1027,1354,517,824,180.2842
12,214.6921,1,794.2196,559.7337,11983.0,2629.0,174.2527,0.7467,2.1431,485.0,35.8674,0.6071,0.7556,700,1027,517,824,180.2842
12,214.6921,2,1125.3359,579.3038,13336.0,1973.0,215.5713,0.7435,2.9157,484.0,43.8983,0.4949,0.6621,1027,1354,517,824,180.2842
12,215.0927,1,799.8633,581.3968,12504.0,2077.0,192.144,0.8285,2.5907,485.0,35.6454,0.557,0.7155,700,1027,517,824,180.2842
12,215.0927,2,1126.6397,586.5751,12459.0,1703.0,178.4672,0.8357,2.5104,492.0,35.3535,0.5736,0.7291,1027,1354,517,824,180.2842
12,215.4932,1,797.6682,604.7099,12187.0,1255.0,210.5812,0.8764,3.1494,492.0,35.9888,0.4943,0.6615,700,1027,517,824,180.2842
12,215.4932,2,1117.5889,594.2779,12876.0,1879.0,184.0758,0.912,2.6405,482.0,24.9038,0.5667,0.7234,1027,1354,517,824,180.2842
12,215.8938,1,788.612,580.8763,11411.0,2267.0,211.5853,0.901,3.2059,481.0,32.1918,0.55,0.7096,700,1027,517,824,180.2842
12,215.8938,2,1108.1186,565.392,12255.0,2988.0,185.7131,0.9191,2.4137,459.0,27.9893,0.5389,0.7003,1027,1354,517,824,180.2842
12,216.2943,1,779.8513,568.1793,11269.0,2842.0,189.4073,0.9512,2.7678,468.0,35.4522,0.5635,0.7208,700,1027,517,824,180.2842
12,216.2943,2,1084.9615,573.344,10276.0,2024.0,142.361,0.9951,2.0542,488.0,38.6371,0.4194,0.5909,1027,1354,517,824,180.2842
12,216.6949,1,772.6129,572.094,12817.0,3123.0,184.4455,0.9827,2.2736,469.0,31.6775,0.6015,0.7511,700,1027,517,824,180.2842
12,216.6949,2,1087.4195,552.4336,11341.0,2958.0,159.4812,0.9788,1.7075,481.0,29.4875,0.584,0.7374,1027,1354,517,824,180.2842
12,217.0954,1,773.4964,586.5405,13583.0,2716.0,185.624,0.9963,2.1078,472.0,22.6024,0.6917,0.8177,700,1027,517,824,180.2842
12,217.0954,2,1111.5995,554.3682,10148.0,2016.0,165.0359,0.7929,2.3249,475.0,35.5172,0.4529,0.6235,1027,1354,517,824,180.2842
12,217.496,1,775.7423,590.1413,13025.0,2268.0,181.7318,0.9648,2.4652,489.0,30.2076,0.581,0.735,700,1027,517,824,180.2842
12,217.496,2,1144.9706,555.4393,9748.0,1485.0,162.4304,0.7772,2.1932,482.0,48.8195,0.3089,0.4721,1027,1354,517,824,180.2842
12,217.8965,1,778.8801,597.6049,12633.0,2093.0,206.1844,0.9506,2.8406,485.0,33.5619,0.4674,0.6371,700,1027,517,824,180.2842
12,217.8965,2,1169.4128,572.5214,11229.0,1593.0,198.5417,0.8795,2.8388,476.0,57.7227,0.3241,0.4896,1027,1354,517,824,180.2842
12,218.297,1,772.1418,574.2918,10991.0,2208.0,144.3249,0.9972,1.927,483.0,36.6203,0.4156,0.5872,700,1027,517,824,180.2842
12,218.297,2,1195.5879,578.9398,14391.0,3129.0,186.0518,0.8678,2.5023,474.0,48.9125,0.3495,0.518,1027,1354,517,824,180.2842
12,218.6976,1,779.3201,566.9783,10622.0,2232.0,157.7905,0.9999,2.2893,475.0,28.8175,0.5961,0.747,700,1027,517,824,180.2842
12,218.6976,2,1226.7774,558.8942,12293.0,2894.0,156.5039,0.8999,1.8594,473.0,43.254,0.4345,0.6058,1027,1354,517,824,180.2842
12,219.0981,1,782.9626,588.6599,11910.0,1849.0,180.8436,0.9997,2.3202,490.0,28.0518,0.6032,0.7525,700,1027,517,824,180.2842
12,219.0981,2,1252.6351,549.4308,10822.0,3138.0,138.4634,0.8848,1.6047,470.0,58.5111,0.3562,0.5253,1027,1354,517,824,180.2842
12,219.4987,1,787.3649,598.2508,12671.0,1999.0,209.3725,0.9929,2.9706,484.0,26.1122,0.6276,0.7712,700,1027,517,824,180.2842
12,219.4987,2,1236.3673,535.7834,10897.0,2804.0,141.3405,0.2111,1.9244,513.0,42.3024,0.4251,0.5966,1027,1354,517,824,180.2842
12,219.8992,1,790.3882,610.1903,12531.0,1556.0,209.9838,0.9989,3.1459,485.0,21.2865,0.6911,0.8173,700,1027,517,824,180.2842
12,219.8992,2,1168.9579,533.9679,13324.0,3973.0,190.2827,0.2529,3.0739,512.0,57.1361,0.2494,0.3992,1027,1354,517,824,180.2842
12,220.2998,1,798.049,591.7373,12057.0,1871.0,212.366,0.9052,3.4259,485.0,43.8065,0.4337,0.605,700,1027,517,824,180.2842
12,220.2998,2,1136.2282,547.7098,14235.0,3202.0,205.5183,0.3866,2.9957,488.0,56.5314,0.3213,0.4864,1027,1354,517,824,180.2842
12,220.7003,1,793.8957,567.4515,11468.0,2719.0,193.6671,0.8803,2.9247,475.0,27.5139,0.6438,0.7833,700,1027,517,824,180.2842
12,220.7003,2,1123.1893,558.8869,13675.0,2965.0,183.7086,0.5558,2.3828,476.0,42.8431,0.489,0.6568,1027,1354,517,824,180.2842
12,221.1009,1,782.0885,561.2953,11469.0,2755.0,160.1188,0.9278,1.9406,472.0,34.192,0.6079,0.7562,700,1027,517,824,180.2842
12,221.1009,2,1097.5669,552.4749,10316.0,2720.0,142.704,0.8489,1.8805,474.0,38.09,0.4708,0.6402,1027,1354,517,824,180.2842
12,221.5014,1,774.861,559.5023,12135.0,3612.0,169.1987,1.0,1.8528,457.0,44.4539,0.5418,0.7028,700,1027,517,824,180.2842
12,221.5014,2,1082.9927,555.8937,9596.0,2279.0,137.7887,0.9461,1.8838,483.0,31.6334,0.5409,0.7021,1027,1354,517,824,180.2842
12,221.902,1,776.7427,581.6564,15158.0,3040.0,164.8129,0.9538,1.873,494.0,33.4175,0.5974,0.748,700,1027,517,824,180.2842
12,221.902,2,1081.7073,574.8008,9663.0,1631.0,122.7203,0.9965,1.6923,491.0,32.7091,0.5604,0.7183,1027,1354,517,824,180.2842
12,222.3025,1,782.6307,592.4719,16062.0,2493.0,189.1123,0.8822,2.3463,493.0,30.8106,0.6092,0.7571,700,1027,517,824,180.2842
12,222.3025,2,1097.0772,549.6003,9183.0,2171.0,135.2168,0.9121,1.8114,479.0,33.6048,0.4674,0.6371,1027,1354,517,824,180.2842
12,222.703,1,788.3599,591.7438,13826.0,2228.0,193.9799,0.7929,2.686,494.0,29.6074,0.5911,0.743,700,1027,517,824,180.2842
12,222.703,2,1126.2746,570.6096,9317.0,1129.0,135.449,0.9981,1.7918,485.0,39.8184,0.2994,0.4609,1027,1354,517,824,180.2842
12,223.1036,1,777.6678,567.3399,11382.0,2392.0,157.3021,0.9077,1.916,481.0,33.3487,0.5235,0.6872,700,1027,517,824,180.2842
12,223.1036,2,1147.518,582.045,9882.0,688.0,162.3134,0.9267,2.2284,494.0,43.177,0.3989,0.5703,1027,1354,517,824,180.2842
12,223.5041,1,764.4627,568.7411,8597.0,1884.0,170.4768,0.9859,2.8091,484.0,32.6765,0.5016,0.6681,700,1027,517,824,180.2842
12,223.5041,2,1170.2126,585.0724,10782.0,817.0,160.7064,0.9445,2.1336,492.0,44.017,0.3746,0.545,1027,1354,517,824,180.2842
12,223.9047,1,769.1058,563.5279,9465.0,1961.0,152.6683,0.9918,2.19,486.0,28.0733,0.6362,0.7777,700,1027,517,824,180.2842
12,223.9047,2,1193.6269,574.7043,11371.0,1325.0,162.1327,0.9324,2.0652,482.0,45.9115,0.4109,0.5825,1027,1354,517,824,180.2842
12,224.3052,1,778.4193,592.7053,11358.0,1654.0,172.7592,0.9813,2.5014,487.0,31.9916,0.5265,0.6898,700,1027,517,824,180.2842
12,224.3052,2,1199.977,606.9285,13363.0,901.0,193.6945,0.8395,2.6293,497.0,44.8941,0.3782,0.5488,1027,1354,517,824,180.2842
12,224.7058,1,793.5483,594.9558,12968.0,1724.0,202.9811,0.9535,2.8689,486.0,30.3976,0.552,0.7113,700,1027,517,824,180.2842
12,224.7058,2,1213.5982,607.9631,13670.0,1203.0,185.9293,0.9146,2.5089,499.0,37.7912,0.5217,0.6857,1027,1354,517,824,180.2842
12,225.1063,1,791.7917,581.2309,11400.0,2101.0,203.1083,0.8894,3.2818,484.0,34.7861,0.6103,0.758,700,1027,517,824,180.2842
12,225.1063,2,1231.0047,584.3794,14306.0,2908.0,216.0815,0.9365,2.8127,480.0,32.5361,0.5467,0.707,1027,1354,517,824,180.2842
12,225.5069,1,779.748,566.1531,10656.0,2593.0,186.9821,0.92,2.7703,473.0,34.2299,0.6035,0.7527,700,1027,517,824,180.2842
12,225.5069,2,1221.7692,593.637,13629.0,1923.0,183.4606,0.8566,2.4778,486.0,29.345,0.5724,0.728,1027,1354,517,824,180.2842
12,225.9074,1,773.4644,556.6129,12157.0,3394.0,188.9348,0.9991,2.2493,452.0,38.3556,0.5174,0.682,700,1027,517,824,180.2842
12,225.9074,2,1243.7255,565.4672,12653.0,2326.0,175.4825,0.7837,2.2229,486.0,24.8882,0.6426,0.7824,1027,1354,517,824,180.2842
12,226.3079,1,783.7483,580.1418,16767.0,3535.0,183.6726,1.0,1.6916,465.0,39.3969,0.5375,0.6992,700,1027,517,824,180.2842
12,226.3079,2,1248.7921,566.5022,12820.0,2592.0,175.1694,0.8469,2.2025,480.0,30.0719,0.6721,0.8039,1027,1354,517,824,180.2842
12,226.7085,1,797.8877,589.3386,18960.0,3725.0,196.8601,1.0,1.776,467.0,37.7915,0.4852,0.6533,700,1027,517,824,180.2842
12,226.7085,2,1247.4401,569.2715,12855.0,2507.0,180.1437,0.8227,2.2732,487.0,25.2165,0.7232,0.8393,1027,1354,517,824,180.2842
12,227.109,1,834.2502,573.2921,14683.0,2460.0,181.0752,0.9578,1.8221,455.0,51.005,0.317,0.4814,700,1027,517,824,180.2842
12,227.109,2,1239.4034,583.4564,13878.0,2557.0,184.8969,0.8325,2.3917,481.0,18.7583,0.7154,0.8341,1027,1354,517,824,180.2842
12,227.5096,1,874.7601,572.7422,15760.0,2686.0,185.6203,0.9991,1.9706,464.0,51.0027,0.3211,0.4861,700,1027,517,824,180.2842
12,227.5096,2,1244.2856,574.7684,13699.0,2568.0,188.3536,0.8577,2.3789,484.0,19.9807,0.707,0.8284,1027,1354,517,824,180.2842
12,227.9101,1,880.3379,574.9359,16577.0,2806.0,185.6245,0.7782,1.8154,487.0,37.2884,0.4337,0.605,700,1027,517,824,180.2842
12,227.9101,2,1235.1227,585.9503,14054.0,2381.0,178.4814,0.8333,2.25,486.0,22.421,0.6442,0.7836,1027,1354,517,824,180.2842
12,228.3107,1,847.6564,555.853,15227.0,3970.0,184.7712,0.5733,2.4653,512.0,38.0191,0.4742,0.6433,700,1027,517,824,180.2842
12,228.3107,2,1247.2185,562.8965,12006.0,2386.0,161.7772,0.8355,2.0186,486.0,23.1496,0.6473,0.7859,1027,1354,517,824,180.2842
12,228.7112,1,809.9116,555.5136,12618.0,2913.0,178.0652,0.6351,2.2618,474.0,54.2444,0.3304,0.4967,700,1027,517,824,180.2842
12,228.7112,2,1260.6444,549.0231,9090.0,2033.0,115.2835,0.9876,1.3419,489.0,38.3848,0.5757,0.7308,1027,1354,517,824,180.2842
12,229.1118,1,774.8177,565.5237,11288.0,2786.0,153.7491,0.9822,1.9058,478.0,47.7057,0.2908,0.4505,700,1027,517,824,180.2842
12,229.1118,2,1242.3169,554.3432,8334.0,1135.0,126.0351,0.832,1.6138,489.0,35.5702,0.503,0.6693,1027,1354,517,824,180.2842
12,229.5123,1,767.9622,582.2879,10856.0,2166.0,186.8337,0.9746,2.3373,481.0,32.2755,0.5101,0.6756,700,1027,517,824,180.2842
12,229.5123,2,1222.4741,576.6657,9689.0,747.0,132.2886,0.9983,1.6341,496.0,48.3257,0.3997,0.5712,1027,1354,517,824,180.2842
12,229.9129,1,775.5897,586.1434,11405.0,2057.0,191.884,0.8949,3.1957,497.0,30.9138,0.5837,0.7372,700,1027,517,824,180.2842
12,229.9129,2,1204.1156,588.2293,9741.0,339.0,151.5762,0.9533,2.0175,504.0,45.3395,0.454,0.6245,1027,1354,517,824,180.2842
12,230.3134,1,774.0259,592.2239,13232.0,2483.0,208.8334,0.9723,2.6724,477.0,25.658,0.6722,0.804,700,1027,517,824,180.2842
12,230.3134,2,1193.8634,597.5406,10860.0,408.0,156.2404,0.9529,2.0837,502.0,36.5248,0.5496,0.7094,1027,1354,517,824,180.2842
12,230.7139,1,774.7875,573.1161,14223.0,3362.0,190.6771,0.9998,2.1049,452.0,35.3416,0.5811,0.735,700,1027,517,824,180.2842
12,230.7139,2,1187.4542,589.729,11035.0,776.0,161.1288,0.9371,2.0921,492.0,29.8095,0.6262,0.7701,1027,1354,517,824,180.2842
12,231.1145,1,784.7635,586.8994,16766.0,3317.0,177.6052,0.9236,1.9844,489.0,32.2569,0.5851,0.7383,700,1027,517,824,180.2842
12,231.1145,2,1181.9687,595.3249,10910.0,567.0,151.1539,0.9795,1.941,498.0,25.7414,0.6517,0.7892,1027,1354,517,824,180.2842
12,231.515,1,789.7977,584.9315,16470.0,3470.0,190.9805,0.9423,1.8218,470.0,27.1601,0.6245,0.7689,700,1027,517,824,180.2842
12,231.515,2,1168.3444,610.709,12153.0,511.0,157.1081,0.9641,2.0558,501.0,26.9648,0.5861,0.739,1027,1354,517,824,180.2842
12,231.9156,1,790.8104,577.2667,18107.0,3990.0,195.3425,0.995,1.6299,453.0,28.3539,0.6843,0.8126,700,1027,517,824,180.2842
12,231.9156,2,1162.1278,607.0407,13023.0,686.0,166.0869,0.9743,2.1417,497.0,19.535,0.7129,0.8324,1027,1354,517,824,180.2842
12,232.3161,1,801.0699,585.9486,18459.0,2956.0,187.8506,0.9787,1.6535,468.0,38.5618,0.5024,0.6688,700,1027,517,824,180.2842
12,232.3161,2,1172.637,585.5362,10665.0,908.0,158.024,0.9999,2.0995,490.0,27.2876,0.5687,0.7251,1027,1354,517,824,180.2842
12,232.7167,1,825.7275,589.8634,18071.0,2004.0,213.0817,0.907,2.0145,471.0,38.78,0.5059,0.6719,700,1027,517,824,180.2842
12,232.7167,2,1169.1295,594.1189,11795.0,578.0,163.2731,0.9059,2.1127,502.0,35.4384,0.5628,0.7202,1027,1354,517,824,180.2842
12,233.1172,1,875.1222,573.4583,14956.0,2344.0,186.9871,0.9039,1.8228,466.0,56.0553,0.2923,0.4524,700,1027,517,824,180.2842
12,233.1172,2,1183.9694,580.6002,13118.0,1925.0,192.598,0.8244,2.6685,487.0,33.3634,0.5209,0.685,1027,1354,517,824,180.2842
12,233.5178,1,922.7251,559.0798,15219.0,3980.0,178.3636,0.6713,2.4295,505.0,54.6908,0.281,0.4388,700,1027,517,824,180.2842
12,233.5178,2,1200.8152,568.0958,13219.0,2384.0,190.3681,0.7671,2.5646,476.0,37.6997,0.5205,0.6847,1027,1354,517,824,180.2842
12,233.9183,1,954.4779,571.7446,14909.0,3118.0,167.5797,0.8618,2.0287,501.0,45.1268,0.3658,0.5356,700,1027,517,824,180.2842
12,233.9183,2,1222.1943,569.8366,12401.0,1913.0,174.9237,0.7675,2.3268,488.0,44.2456,0.4821,0.6506,1027,1354,517,824,180.2842
12,234.3189,1,969.0561,593.9563,18067.0,2671.0,188.2791,0.9974,1.6378,480.0,34.2653,0.5104,0.6759,700,1027,517,824,180.2842
12,234.3189,2,1233.796,585.4085,13781.0,2383.0,184.0753,0.8561,2.4019,480.0,43.4397,0.4353,0.6066,1027,1354,517,824,180.2842
12,234.7194,1,943.1052,575.3574,14671.0,1873.0,195.481,0.7934,2.152,475.0,42.0398,0.3671,0.5371,700,1027,517,824,180.2842
12,234.7194,2,1249.3654,580.3813,12355.0,1884.0,183.6872,0.8696,2.4967,488.0,30.3079,0.5805,0.7345,1027,1354,517,824,180.2842
12,235.1199,1,888.8798,551.2035,14672.0,4156.0,194.7246,0.7572,2.4132,457.0,52.3633,0.3369,0.504,700,1027,517,824,180.2842
12,235.1199,2,1250.809,593.6411,12484.0,1572.0,181.8853,0.9398,2.4988,487.0,30.0713,0.6204,0.7657,1027,1354,517,824,180.2842
12,235.5205,1,844.9813,562.6704,16213.0,3644.0,190.2966,0.6012,2.4376,512.0,60.6821,0.2155,0.3545,700,1027,517,824,180.2842
12,235.5205,2,1240.1532,602.3616,14507.0,2421.0,205.7704,0.9471,2.8762,484.0,21.5472,0.627,0.7708,1027,1354,517,824,180.2842
12,235.921,1,837.3125,616.1109,17831.0,804.0,219.5806,0.6851,2.6992,497.0,47.8971,0.2633,0.4168,700,1027,517,824,180.2842
12,235.921,2,1257.1246,575.328,11956.0,2197.0,185.7065,0.915,2.6,480.0,27.8082,0.591,0.7429,1027,1354,517,824,180.2842
12,236.3216,1,827.7821,612.7609,20431.0,2278.0,214.0723,0.781,2.4283,509.0,30.0248,0.4981,0.665,700,1027,517,824,180.2842
12,236.3216,2,1260.3885,576.4799,11897.0,2204.0,174.3588,0.8977,2.4022,481.0,22.7549,0.7077,0.8288,1027,1354,517,824,180.2842
12,236.7221,1,811.1744,584.516,18688.0,2652.0,220.1673,0.7678,2.4092,490.0,21.3488,0.6332,0.7754,700,1027,517,824,180.2842
12,236.7221,2,1253.0889,591.4619,13119.0,1836.0,185.4524,0.8946,2.5236,485.0,28.0545,0.6308,0.7736,1027,1354,517,824,180.2842
12,237.1227,1,804.9366,578.1217,17352.0,3100.0,187.2894,0.9941,1.5451,466.0,33.3357,0.5555,0.7142,700,1027,517,824,180.2842
12,237.1227,2,1256.196,586.2522,13574.0,2426.0,201.218,0.9786,2.5735,472.0,30.1644,0.6186,0.7644,1027,1354,517,824,180.2842
12,237.5232,1,816.104,576.7179,17148.0,3344.0,200.4498,0.9933,1.855,463.0,33.0122,0.5668,0.7235,700,1027,517,824,180.2842
12,237.5232,2,1252.7463,587.2812,13076.0,2252.0,193.2498,0.914,2.6438,481.0,29.267,0.6437,0.7833,1027,1354,517,824,180.2842
12,237.9238,1,837.2927,583.6859,16425.0,2447.0,185.986,0.9613,1.8938,460.0,40.8956,0.4443,0.6153,700,1027,517,824,180.2842
12,237.9238,2,1271.3139,564.5421,12104.0,3048.0,182.0641,0.9766,2.3769,472.0,35.6516,0.5455,0.706,1027,1354,517,824,180.2842
12,238.3243,1,865.7924,584.7612,15562.0,1674.0,177.7378,0.9936,1.6547,482.0,40.4275,0.4606,0.6307,700,1027,517,824,180.2842
12,238.3243,2,1267.2034,558.8288,12429.0,3168.0,175.0821,0.9669,1.9466,467.0,39.4231,0.5779,0.7325,1027,1354,517,824,180.2842
12,238.7248,1,885.27,606.2611,17566.0,2040.0,179.2422,0.7504,2.0526,518.0,29.8486,0.489,0.6568,700,1027,517,824,180.2842
12,238.7248,2,1243.5741,534.6647,12370.0,4347.0,190.6071,0.5558,2.4395,464.0,43.676,0.441,0.612,1027,1354,517,824,180.2842
12,239.1254,1,852.6344,564.4172,15335.0,2947.0,204.3395,0.4603,3.0775,512.0,31.2611,0.4113,0.5829,700,1027,517,824,180.2842
12,239.1254,2,1178.0692,534.0095,13000.0,3998.0,200.9795,0.4583,2.5803,465.0,57.8235,0.2013,0.3352,1027,1354,517,824,180.2842
12,239.5259,1,821.0866,559.9642,13271.0,2870.0,193.6183,0.5728,2.6777,481.0,39.5725,0.4272,0.5987,700,1027,517,824,180.2842
12,239.5259,2,1142.7107,554.9409,14582.0,3177.0,201.2652,0.4083,2.8862,491.0,56.444,0.2648,0.4187,1027,1354,517,824,180.2842
12,239.9265,1,795.0576,564.4834,12128.0,2442.0,161.8469,0.7534,2.1132,480.0,44.4394,0.392,0.5633,700,1027,517,824,180.2842
12,239.9265,2,1122.0711,559.4946,14261.0,3038.0,182.5403,0.5795,2.1643,475.0,41.7815,0.4906,0.6583,1027,1354,517,824,180.2842
12,240.327,1,782.5544,578.1763,11421.0,1831.0,154.0997,0.8156,2.1613,489.0,32.5353,0.5086,0.6743,700,1027,517,824,180.2842
12,240.327,2,1107.5199,559.7493,12711.0,2558.0,178.7145,0.6894,2.2429,477.0,28.1376,0.5929,0.7444,1027,1354,517,824,180.2842
12,240.7276,1,782.1234,586.7183,12452.0,1864.0,170.6599,0.8412,2.3156,499.0,28.2783,0.5741,0.7294,700,1027,517,824,180.2842
12,240.7276,2,1101.7153,583.1038,12868.0,2312.0,171.8833,0.7863,2.2527,483.0,23.784,0.6045,0.7535,1027,1354,517,824,180.2842
12,241.1281,1,785.0732,592.9527,13372.0,2011.0,217.9593,0.8605,3.3276,490.0,31.864,0.6309,0.7737,700,1027,517,824,180.2842
12,241.1281,2,1091.5731,557.7671,9035.0,2412.0,127.5099,0.923,1.7626,481.0,32.8466,0.4561,0.6265,1027,1354,517,824,180.2842
12,241.5287,1,778.5102,585.2055,14464.0,2680.0,184.293,0.9405,2.365,492.0,33.4542,0.5889,0.7413,700,1027,517,824,180.2842
12,241.5287,2,1082.419,544.9163,8116.0,2244.0,125.0748,0.977,1.6404,483.0,27.1996,0.6266,0.7705,1027,1354,517,824,180.2842
12,241.9292,1,779.7158,557.5681,14073.0,3888.0,164.3908,0.998,1.5128,454.0,40.2084,0.5644,0.7215,700,1027,517,824,180.2842
12,241.9292,2,1096.6628,567.5365,7969.0,708.0,119.4767,0.9245,1.5941,499.0,32.3612,0.4596,0.6298,1027,1354,517,824,180.2842
12,242.3298,1,801.3129,570.8301,15313.0,3329.0,169.7257,0.9034,1.7012,462.0,47.6863,0.4199,0.5914,700,1027,517,824,180.2842
12,242.3298,2,1113.0027,574.1085,8778.0,556.0,130.927,0.9318,1.7164,500.0,36.7691,0.4395,0.6106,1027,1354,517,824,180.2842
12,242.7303,1,833.7912,586.1367,14956.0,1568.0,171.2303,0.9337,1.7273,481.0,53.2509,0.3195,0.4843,700,1027,517,824,180.2842
12,242.7303,2,1128.1626,588.7056,10069.0,483.0,149.9626,0.9232,2.0215,502.0,32.6847,0.4762,0.6452,1027,1354,517,824,180.2842
12,243.1308,1,862.6783,596.9295,16649.0,1613.0,196.8587,0.9997,2.0421,485.0,46.9438,0.4118,0.5834,700,1027,517,824,180.2842
12,243.1308,2,1154.4469,565.4446,10585.0,1322.0,157.1766,0.8185,2.0026,494.0,41.3709,0.4442,0.6152,1027,1354,517,824,180.2842
12,243.5314,1,874.8656,600.2622,16595.0,1532.0,189.2317,0.9884,1.9196,482.0,31.9784,0.5971,0.7477,700,1027,517,824,180.2842
12,243.5314,2,1191.5569,562.3857,12307.0,1936.0,174.5466,0.6333,2.2243,493.0,56.338,0.3391,0.5065,1027,1354,517,824,180.2842
12,243.9319,1,877.364,577.1483,13885.0,1751.0,181.9041,0.9312,1.9284,478.0,30.9645,0.6073,0.7556,700,1027,517,824,180.2842
12,243.9319,2,1221.851,561.117,12032.0,1950.0,168.7029,0.709,2.0623,488.0,52.344,0.4277,0.5991,1027,1354,517,824,180.2842
12,244.3325,1,872.0227,565.3954,16228.0,3445.0,171.3336,0.6132,2.0103,517.0,28.9932,0.5596,0.7176,700,1027,517,824,180.2842
12,244.3325,2,1233.397,566.7104,12170.0,1895.0,170.0139,0.8165,2.1316,487.0,39.7228,0.5786,0.7331,1027,1354,517,824,180.2842
12,244.733,1,850.8594,556.699,15059.0,3656.0,177.0751,0.5061,2.3608,512.0,35.1365,0.5071,0.6729,700,1027,517,824,180.2842
12,244.733,2,1241.2336,579.5841,13367.0,2299.0,181.3239,0.7978,2.3444,486.0,34.4531,0.5862,0.7392,1027,1354,517,824,180.2842
12,245.1336,1,813.1009,556.3767,14186.0,3447.0,197.1176,0.6357,2.4972,475.0,50.8318,0.3212,0.4862,700,1027,517,824,180.2842
12,245.1336,2,1242.4537,564.8843,12707.0,2604.0,173.1257,0.8276,2.2138,479.0,26.0828,0.6654,0.7991,1027,1354,517,824,180.2842
12,245.5341,1,781.9146,563.8674,12348.0,2646.0,161.4847,0.8408,1.9269,477.0,45.8107,0.3708,0.541,700,1027,517,824,180.2842
12,245.5341,2,1251.9643,557.7628,12856.0,3184.0,170.0644,0.8124,2.0285,479.0,27.233,0.6788,0.8087,1027,1354,517,824,180.2842
12,245.9347,1,770.6134,560.4172,10860.0,2376.0,160.0444,0.8764,2.0952,482.0,29.7321,0.5969,0.7476,700,1027,517,824,180.2842
12,245.9347,2,1250.0875,563.586,13231.0,3052.0,165.1328,0.8806,1.883,477.0,25.5343,0.7296,0.8436,1027,1354,517,824,180.2842
12,246.3352,1,780.9279,598.6173,13281.0,2046.0,186.9242,0.8416,2.7682,492.0,30.7472,0.5434,0.7042,700,1027,517,824,180.2842
12,246.3352,2,1248.4649,560.3337,12062.0,2884.0,144.7997,0.9104,1.5793,473.0,30.3621,0.6771,0.8075,1027,1354,517,824,180.2842
12,246.7357,1,786.0527,594.3299,14358.0,2336.0,216.7503,0.904,3.2059,485.0,29.4803,0.598,0.7484,700,1027,517,824,180.2842
12,246.7357,2,1256.1243,552.7791,13045.0,3602.0,146.0157,0.9041,1.424,471.0,25.1574,0.6703,0.8026,1027,1354,517,824,180.2842
12,247.1363,1,784.6724,594.9984,14754.0,2420.0,208.8465,0.9459,2.5422,482.0,28.8877,0.6302,0.7732,700,1027,517,824,180.2842
12,247.1363,2,1240.5307,566.8922,14190.0,2541.0,153.6607,0.9226,1.4066,476.0,33.3601,0.6061,0.7548,1027,1354,517,824,180.2842
12,247.5368,1,781.5242,559.184,12682.0,3436.0,167.0673,0.9827,1.7585,459.0,34.6091,0.6021,0.7516,700,1027,517,824,180.2842
12,247.5368,2,1237.9815,567.8983,15000.0,2551.0,155.4287,0.9565,1.337,473.0,27.7549,0.6481,0.7865,1027,1354,517,824,180.2842
12,247.9374,1,781.201,565.5082,14375.0,2885.0,171.5377,0.9951,1.5832,476.0,33.8373,0.5989,0.7492,700,1027,517,824,180.2842
12,247.9374,2,1224.447,556.7909,12973.0,2916.0,148.7456,0.989,1.438,467.0,35.9573,0.5452,0.7057,1027,1354,517,824,180.2842
12,248.3379,1,798.5774,575.5904,17262.0,3410.0,200.8403,0.9745,1.7691,473.0,36.2348,0.5754,0.7305,700,1027,517,824,180.2842
12,248.3379,2,1201.466,562.4372,12686.0,2317.0,116.7426,0.3754,1.1905,516.0,38.04,0.4832,0.6515,1027,1354,517,824,180.2842
12,248.7385,1,817.0505,582.5929,17436.0,3503.0,176.7663,1.0,1.7063,460.0,40.6176,0.4824,0.6508,700,1027,517,824,180.2842
12,248.7385,2,1186.715,564.7249,13815.0,2026.0,149.2758,0.4764,1.6939,516.0,39.9559,0.4375,0.6087,1027,1354,517,824,180.2842
12,249.139,1,843.5754,571.7353,14982.0,2361.0,182.4314,0.9529,1.7501,468.0,35.7567,0.4593,0.6295,700,1027,517,824,180.2842
12,249.139,2,1153.0704,594.4232,13333.0,155.0,170.3971,0.5368,2.0841,512.0,36.4167,0.3853,0.5563,1027,1354,517,824,180.2842
12,249.5396,1,843.1786,585.5106,15461.0,954.0,199.3153,0.65,2.39,513.0,28.3651,0.5093,0.6749,700,1027,517,824,180.2842
12,249.5396,2,1129.6141,550.0049,14189.0,4031.0,172.5495,0.7918,1.9099,464.0,33.0271,0.3931,0.5643,1027,1354,517,824,180.2842
12,249.9401,1,827.1721,563.0599,15745.0,3606.0,223.393,0.6699,2.7639,476.0,26.9115,0.602,0.7515,700,1027,517,824,180.2842
12,249.9401,2,1111.6894,543.7064,11351.0,3201.0,154.5336,0.6391,1.913,475.0,39.4335,0.49,0.6577,1027,1354,517,824,180.2842
12,250.3407,1,807.2914,556.0041,12284.0,3155.0,178.5532,0.6968,2.3802,479.0,37.6903,0.5445,0.7051,700,1027,517,824,180.2842
12,250.3407,2,1088.7903,546.8852,9100.0,2420.0,130.2384,0.8857,1.706,481.0,39.002,0.4591,0.6293,1027,1354,517,824,180.2842
12,250.7412,1,781.3774,564.6557,9852.0,2011.0,146.7259,0.8161,2.1853,490.0,44.735,0.3589,0.5282,700,1027,517,824,180.2842
12,250.7412,2,1088.8373,561.809,10187.0,2142.0,145.1827,0.9241,1.9797,484.0,33.0927,0.6095,0.7574,1027,1354,517,824,180.2842
12,251.1417,1,767.8108,575.4868,9059.0,1787.0,154.1213,0.9609,2.6461,488.0,32.7663,0.4851,0.6533,700,1027,517,824,180.2842
12,251.1417,2,1089.6659,564.7436,10067.0,2174.0,146.8621,0.9337,2.0603,482.0,30.2829,0.6043,0.7533,1027,1354,517,824,180.2842
12,251.5423,1,763.2363,607.3916,10672.0,1248.0,165.2554,0.9884,2.6421,498.0,28.0624,0.4889,0.6567,700,1027,517,824,180.2842
12,251.5423,2,1100.507,567.1407,11485.0,2527.0,158.241,0.9695,2.0934,481.0,34.5453,0.4979,0.6648,1027,1354,517,824,180.2842
12,251.9428,1,769.1085,594.9132,10659.0,1540.0,189.1604,0.9456,3.282,491.0,27.6394,0.521,0.6851,700,1027,517,824,180.2842
12,251.9428,2,1116.7956,581.9823,9152.0,523.0,150.8295,0.95,2.1345,500.0,33.0833,0.4089,0.5804,1027,1354,517,824,180.2842
12,252.3434,1,768.8548,609.7007,12201.0,1818.0,210.9984,0.9673,3.466,488.0,23.5966,0.6495,0.7875,700,1027,517,824,180.2842
12,252.3434,2,1141.4125,577.1958,11443.0,1278.0,166.1325,0.8428,2.1907,491.0,39.4924,0.4407,0.6118,1027,1354,517,824,180.2842
12,252.7439,1,775.8691,582.9547,12613.0,2302.0,194.631,0.9666,2.5067,483.0,33.805,0.5824,0.7361,700,1027,517,824,180.2842
12,252.7439,2,1167.3712,572.4829,11043.0,934.0,160.4846,0.8245,2.005,498.0,49.4268,0.3752,0.5457,1027,1354,517,824,180.2842
12,253.1445,1,790.0116,567.5838,12971.0,2665.0,164.7317,0.9801,1.6621,481.0,41.9542,0.5083,0.674,700,1027,517,824,180.2842
12,253.1445,2,1200.987,571.1604,12434.0,1774.0,171.3342,0.821,2.1372,491.0,48.5872,0.3688,0.5388,1027,1354,517,824,180.2842
12,253.545,1,805.0863,561.0793,11086.0,1926.0,148.4215,0.9199,1.6985,471.0,40.0529,0.4973,0.6643,700,1027,517,824,180.2842
12,253.545,2,1198.5449,598.9446,13563.0,1151.0,178.9981,0.7573,2.3944,498.0,30.2555,0.5779,0.7325,1027,1354,517,824,180.2842
12,253.9456,1,819.468,557.0834,12806.0,2830.0,138.2639,0.9368,1.372,473.0,41.757,0.4955,0.6626,700,1027,517,824,180.2842
12,253.9456,2,1228.1893,577.2179,12176.0,1472.0,192.9697,0.8799,2.5265,487.0,34.6848,0.5041,0.6703,1027,1354,517,824,180.2842
12,254.3461,1,834.2576,568.2952,15548.0,3226.0,161.5811,0.9738,1.5891,481.0,39.1178,0.4802,0.6489,700,1027,517,824,180.2842
12,254.3461,2,1237.6382,563.4124,12171.0,2325.0,173.426,0.8213,2.1593,483.0,33.371,0.6342,0.7762,1027,1354,517,824,180.2842
12,254.7466,1,858.8167,604.2347,16820.0,1361.0,184.0729,0.9846,1.8662,488.0,36.8062,0.4564,0.6268,700,1027,517,824,180.2842
12,254.7466,2,1248.8538,561.761,13171.0,3413.0,178.5482,0.8741,2.2509,467.0,33.4451,0.6081,0.7563,1027,1354,517,824,180.2842
12,255.1472,1,869.2137,602.2544,15828.0,1310.0,171.2335,0.9049,1.863,518.0,32.0987,0.529,0.6919,700,1027,517,824,180.2842
12,255.1472,2,1263.4151,562.9604,13258.0,3365.0,168.2606,0.9985,1.7777,475.0,49.2587,0.4459,0.6167,1027,1354,517,824,180.2842
12,255.5477,1,892.5296,558.2283,13492.0,2919.0,144.806,0.5529,1.8514,517.0,39.4577,0.4462,0.6171,700,1027,517,824,180.2842
12,255.5477,2,1239.3654,581.7055,14495.0,2371.0,164.8012,0.8892,1.6854,482.0,47.3467,0.4562,0.6265,1027,1354,517,824,180.2842
12,255.9483,1,900.8239,556.152,14013.0,3682.0,180.4115,0.8552,2.1139,449.0,30.8524,0.5497,0.7094,700,1027,517,824,180.2842
12,255.9483,2,1247.2223,558.22,14365.0,3364.0,178.9169,0.8973,1.8132,476.0,39.4304,0.4894,0.6572,1027,1354,517,824,180.2842
12,256.3488,1,912.0731,593.0205,14411.0,591.0,199.0631,0.6502,2.5342,513.0,49.9668,0.2754,0.4318,700,1027,517,824,180.2842
12,256.3488,2,1182.5492,529.4642,12697.0,4037.0,197.9215,0.1599,3.6413,513.0,49.6161,0.2848,0.4434,1027,1354,517,824,180.2842
12,256.7494,1,925.398,606.9537,13486.0,512.0,208.8364,0.7487,2.8922,510.0,38.7718,0.458,0.6282,700,1027,517,824,180.2842
12,256.7494,2,1120.9859,538.9255,10748.0,3050.0,155.4755,0.4654,2.1926,483.0,60.0418,0.1862,0.314,1027,1354,517,824,180.2842
12,257.1499,1,941.7359,565.6615,12103.0,2699.0,190.8476,0.767,2.7705,477.0,34.181,0.4622,0.6322,700,1027,517,824,180.2842
12,257.1499,2,1099.8034,561.5679,10372.0,2396.0,132.18,0.8602,1.7544,483.0,44.2627,0.3552,0.5242,1027,1354,517,824,180.2842
12,257.5505,1,951.6918,555.4996,11338.0,2611.0,171.3839,0.7918,2.354,478.0,22.0721,0.6905,0.8169,700,1027,517,824,180.2842
12,257.5505,2,1089.7023,565.2251,10742.0,2309.0,160.0051,0.9263,2.2128,483.0,30.3589,0.5292,0.6921,1027,1354,517,824,180.2842
12,257.951,1,948.242,573.377,11432.0,1923.0,172.1019,0.7429,2.5997,491.0,25.9596,0.6692,0.8018,700,1027,517,824,180.2842
12,257.951,2,1092.9061,555.1135,9263.0,2206.0,142.1314,0.9942,1.9488,483.0,30.6385,0.5939,0.7452,1027,1354,517,824,180.2842
12,258.3516,1,952.1803,577.5616,11395.0,1883.0,175.4768,0.7921,2.818,497.0,28.2081,0.617,0.7631,700,1027,517,824,180.2842
12,258.3516,2,1107.7766,554.5948,11909.0,3261.0,183.5173,0.8762,2.4667,467.0,33.9009,0.5208,0.6849,1027,1354,517,824,180.2842
12,258.7521,1,953.5083,580.9137,12287.0,1966.0,170.524,0.8221,2.4632,502.0,16.5029,0.7286,0.843,700,1027,517,824,180.2842
12,258.7521,2,1119.1111,596.029,13885.0,2161.0,151.5635,0.9804,1.9415,498.0,28.4367,0.5607,0.7185,1027,1354,517,824,180.2842
12,259.1526,1,958.2645,573.7866,11308.0,1857.0,157.8689,0.8204,2.3052,505.0,17.793,0.7138,0.833,700,1027,517,824,180.2842
12,259.1526,2,1133.2126,614.6565,13780.0,1136.0,171.2965,0.9801,2.2403,483.0,26.8958,0.4727,0.642,1027,1354,517,824,180.2842
12,259.5532,1,964.6274,578.6553,12122.0,1984.0,166.4622,0.8823,2.2948,497.0,24.5804,0.644,0.7834,700,1027,517,824,180.2842
12,259.5532,2,1153.8451,575.3544,10480.0,1241.0,156.3233,0.9285,2.0866,482.0,34.2237,0.3535,0.5223,1027,1354,517,824,180.2842
12,259.9537,1,967.5198,619.1801,15778.0,1743.0,172.0175,0.9471,2.2062,506.0,21.7307,0.5806,0.7347,700,1027,517,824,180.2842
12,259.9537,2,1173.4564,576.4661,10722.0,1131.0,155.1845,0.9462,2.0083,486.0,40.5287,0.446,0.6168,1027,1354,517,824,180.2842
12,260.3543,1,973.0242,610.5744,14676.0,1782.0,185.9566,0.9768,2.5154,506.0,21.8205,0.6619,0.7965,700,1027,517,824,180.2842
12,260.3543,2,1197.8085,591.1381,11369.0,949.0,168.195,0.9956,2.2474,487.0,42.2899,0.4174,0.5889,1027,1354,517,824,180.2842
12,260.7548,1,975.5261,599.7306,12782.0,2046.0,153.1297,0.9542,1.9978,494.0,30.8506,0.6027,0.7521,700,1027,517,824,180.2842
12,260.7548,2,1204.8685,598.1247,11671.0,690.0,167.7396,0.9303,2.2553,492.0,29.674,0.6368,0.7781,1027,1354,517,824,180.2842
12,261.1554,1,976.6665,580.0433,10889.0,1796.0,144.8917,0.9387,1.9773,495.0,21.3112,0.6039,0.7531,700,1027,517,824,180.2842
12,261.1554,2,1196.1511,589.4374,11971.0,1118.0,184.5516,0.8729,2.6458,491.0,32.7884,0.6223,0.7672,1027,1354,517,824,180.2842
12,261.5559,1,972.2508,591.0228,10951.0,1212.0,177.4488,0.943,2.5088,485.0,25.3986,0.6169,0.7631,700,1027,517,824,180.2842
12,261.5559,2,1178.4728,566.9215,11049.0,1936.0,195.2742,0.8736,2.8383,475.0,35.3112,0.5948,0.746,1027,1354,517,824,180.2842
12,261.9565,1,962.603,611.9463,13404.0,1677.0,183.8413,0.8908,2.7754,507.0,22.8339,0.5279,0.691,700,1027,517,824,180.2842
12,261.9565,2,1145.0061,565.9173,13204.0,3314.0,191.7784,0.85,2.7789,473.0,50.7876,0.3501,0.5186,1027,1354,517,824,180.2842
12,262.357,1,961.6543,603.9023,12874.0,1932.0,188.5093,0.8727,3.003,492.0,21.0811,0.652,0.7893,700,1027,517,824,180.2842
12,262.357,2,1134.4998,591.0022,11294.0,1085.0,182.7198,0.9788,2.5504,483.0,50.1739,0.3222,0.4874,1027,1354,517,824,180.2842
12,262.7575,1,964.0523,594.1846,13414.0,2420.0,174.5587,0.8979,2.5704,491.0,21.8214,0.6993,0.823,700,1027,517,824,180.2842
12,262.7575,2,1127.122,624.903,13456.0,441.0,168.6918,0.9971,2.1362,501.0,30.419,0.4659,0.6356,1027,1354,517,824,180.2842
12,263.1581,1,965.1365,582.59,12371.0,2102.0,193.1367,0.8961,2.8525,496.0,21.9533,0.6369,0.7782,700,1027,517,824,180.2842
12,263.1581,2,1142.5043,615.2866,13900.0,729.0,180.7398,0.8926,2.3722,497.0,36.4675,0.4261,0.5976,1027,1354,517,824,180.2842
12,263.5586,1,963.8718,593.0218,10183.0,1129.0,175.5266,0.925,2.7255,487.0,27.0839,0.5955,0.7465,700,1027,517,824,180.2842
12,263.5586,2,1195.5145,556.2116,12381.0,3358.0,192.8892,0.7885,2.6629,467.0,44.9838,0.2393,0.3861,1027,1354,517,824,180.2842
12,263.9592,1,976.4949,575.0585,9568.0,1723.0,156.9831,0.9885,2.1911,482.0,30.4866,0.5017,0.6682,700,1027,517,824,180.2842
12,263.9592,2,1226.5164,571.2965,12696.0,2372.0,186.4398,0.8542,2.5101,474.0,61.3642,0.2608,0.4137,1027,1354,517,824,180.2842
12,264.3597,1,964.0782,567.8608,10296.0,1876.0,144.5548,0.9999,1.9054,485.0,29.3399,0.5437,0.7044,700,1027,517,824,180.2842
12,264.3597,2,1226.4544,608.5076,14107.0,1685.0,203.791,0.8803,2.7987,486.0,44.4633,0.416,0.5875,1027,1354,517,824,180.2842
12,264.7603,1,946.6555,565.5942,10581.0,2258.0,158.2477,0.9993,2.1604,479.0,34.2695,0.4773,0.6462,700,1027,517,824,180.2842
12,264.7603,2,1234.1947,607.6732,13319.0,1585.0,192.4412,0.9338,2.7825,486.0,26.259,0.6432,0.7828,1027,1354,517,824,180.2842
12,265.1608,1,929.1575,573.8383,11737.0,2313.0,184.0547,0.966,2.5958,480.0,32.6015,0.5143,0.6793,700,1027,517,824,180.2842
12,265.1608,2,1247.9194,581.7959,12437.0,2186.0,176.0493,0.9111,2.3953,484.0,28.1233,0.5594,0.7174,1027,1354,517,824,180.2842
12,265.5614,1,920.4827,584.5185,12791.0,1757.0,192.9771,0.8891,2.7825,484.0,33.4356,0.5937,0.745,700,1027,517,824,180.2842
12,265.5614,2,1255.6426,574.8504,11216.0,1720.0,150.82,0.9949,1.8415,485.0,31.3052,0.5638,0.7211,1027,1354,517,824,180.2842
12,265.9619,1,923.0186,594.2167,12446.0,1561.0,221.6141,0.8563,3.3888,485.0,33.8691,0.5787,0.7331,700,1027,517,824,180.2842
12,265.9619,2,1233.5259,572.498,9673.0,751.0,153.4618,0.8394,2.062,498.0,42.5063,0.3691,0.5392,1027,1354,517,824,180.2842
12,266.3625,1,938.2457,574.52,11323.0,2157.0,203.2385,0.8,3.292,480.0,32.1538,0.6131,0.7601,700,1027,517,824,180.2842
12,266.3625,2,1199.7901,558.9091,10152.0,1443.0,147.5008,0.6938,1.9173,489.0,55.4357,0.3775,0.5481,1027,1354,517,824,180.2842
12,266.763,1,971.7711,558.3824,9838.0,2965.0,164.0761,0.9995,2.318,456.0,60.8805,0.2321,0.3767,700,1027,517,824,180.2842
12,266.763,2,1174.7733,573.5748,10724.0,1183.0,146.494,0.9115,1.8545,484.0,50.5686,0.3733,0.5437,1027,1354,517,824,180.2842
12,267.1635,1,979.1842,552.7328,11908.0,3387.0,130.122,0.9706,1.5427,492.0,36.4437,0.5137,0.6787,700,1027,517,824,180.2842
12,267.1635,2,1166.1155,600.8843,10292.0,168.0,148.4942,0.9167,1.9831,508.0,41.2882,0.4405,0.6116,1027,1354,517,824,180.2842
12,267.5641,1,961.2941,570.9076,15706.0,3261.0,176.9186,0.9914,1.5981,471.0,41.3294,0.5118,0.677,700,1027,517,824,180.2842
12,267.5641,2,1152.9135,628.6197,13620.0,317.0,178.5811,0.978,2.3548,505.0,28.3436,0.5033,0.6696,1027,1354,517,824,180.2842
12,267.9646,1,947.2868,576.8413,13921.0,2176.0,168.9816,0.8106,2.0261,496.0,33.3114,0.5566,0.7152,700,1027,517,824,180.2842
12,267.9646,2,1148.4339,626.4075,13652.0,488.0,176.2711,0.9975,2.3295,500.0,26.2428,0.675,0.806,1027,1354,517,824,180.2842
12,268.3652,1,956.7264,566.4921,10450.0,2354.0,164.9487,0.8528,2.3843,479.0,32.6816,0.5513,0.7108,700,1027,517,824,180.2842
12,268.3652,2,1145.7305,618.856,12918.0,454.0,162.8874,0.9993,2.0999,500.0,21.9281,0.725,0.8406,1027,1354,517,824,180.2842
12,268.7657,1,971.4385,560.8245,8853.0,2548.0,181.4945,0.9698,3.2317,459.0,31.4769,0.4647,0.6345,700,1027,517,824,180.2842
12,268.7657,2,1145.7091,599.1018,13791.0,1681.0,179.2398,0.9467,2.4045,477.0,28.664,0.57,0.7261,1027,1354,517,824,180.2842
12,269.1663,1,978.4946,607.9145,9385.0,1648.0,197.5219,0.9688,4.2181,475.0,26.209,0.5106,0.6761,700,1027,517,824,180.2842
12,269.1663,2,1168.132,576.8731,12358.0,1097.0,194.6581,0.7371,2.7412,494.0,38.9452,0.3854,0.5564,1027,1354,517,824,180.2842
12,269.5668,1,973.8432,612.7204,11407.0,1500.0,217.5053,0.9619,3.7409,486.0,26.4442,0.6061,0.7547,700,1027,517,824,180.2842
12,269.5668,2,1196.2225,587.6911,14393.0,2595.0,209.7035,0.795,3.036,477.0,46.3068,0.3197,0.4845,1027,1354,517,824,180.2842
12,269.9674,1,966.3583,612.4434,12231.0,1746.0,228.6702,0.9417,3.6045,484.0,24.6137,0.6477,0.7862,700,1027,517,824,180.2842
12,269.9674,2,1231.8861,565.7491,12697.0,2920.0,205.3291,0.8248,3.0143,466.0,45.1455,0.38,0.5507,1027,1354,517,824,180.2842
12,270.3679,1,965.1386,580.837,9782.0,1755.0,172.205,0.8774,3.2252,494.0,23.9462,0.597,0.7476,700,1027,517,824,180.2842
12,270.3679,2,1245.0022,589.5052,12556.0,2008.0,202.1498,0.9118,3.0232,480.0,45.0513,0.389,0.5601,1027,1354,517,824,180.2842
12,270.7684,1,974.766,558.4647,10573.0,2704.0,128.5236,0.9695,1.7371,500.0,40.3096,0.4762,0.6451,700,1027,517,824,180.2842
12,270.7684,2,1254.1116,599.4512,11759.0,1179.0,191.0975,0.9365,2.7597,490.0,30.0323,0.5294,0.6923,1027,1354,517,824,180.2842
12,271.169,1,974.1199,557.7921,13520.0,3305.0,151.4747,0.9789,1.6177,495.0,35.4798,0.599,0.7492,700,1027,517,824,180.2842
12,271.169,2,1257.8574,586.5283,10674.0,1233.0,164.8299,0.9982,2.3201,503.0,37.6081,0.4825,0.6509,1027,1354,517,824,180.2842
12,271.5695,1,967.9621,590.1071,18045.0,2113.0,164.4449,0.9982,1.2867,481.0,34.8807,0.5608,0.7186,700,1027,517,824,180.2842
12,271.5695,2,1234.8348,560.9845,9051.0,1290.0,149.3017,0.8868,2.0693,481.0,44.1776,0.36,0.5294,1027,1354,517,824,180.2842
12,271.9701,1,945.7246,600.8553,16055.0,485.0,198.43,0.8276,2.1376,508.0,40.7523,0.4281,0.5995,700,1027,517,824,180.2842
12,271.9701,2,1209.2721,565.1121,9844.0,1436.0,156.4261,0.9313,2.1172,480.0,51.0167,0.3474,0.5157,1027,1354,517,824,180.2842
12,272.3706,1,933.1069,578.4386,12710.0,2176.0,173.813,0.7738,2.5016,509.0,34.7711,0.4662,0.6359,700,1027,517,824,180.2842
12,272.3706,2,1196.974,591.2328,11020.0,531.0,165.2561,0.8817,2.142,496.0,51.2671,0.4108,0.5823,1027,1354,517,824,180.2842
12,272.7712,1,949.9916,551.6058,10690.0,3343.0,179.3179,0.8561,2.7797,456.0,29.6235,0.4979,0.6648,700,1027,517,824,180.2842
12,272.7712,2,1191.5324,617.3815,11695.0,146.0,173.5878,0.9149,2.2828,509.0,41.0793,0.5124,0.6776,1027,1354,517,824,180.2842
12,273.1717,1,973.7539,569.9237,9732.0,2402.0,190.8147,0.9748,3.5692,462.0,43.1149,0.3268,0.4926,700,1027,517,824,180.2842
12,273.1717,2,1185.684,629.2553,12948.0,193.0,184.7978,0.9571,2.4317,509.0,25.4394,0.6432,0.7829,1027,1354,517,824,180.2842
12,273.5723,1,972.1956,615.6994,10744.0,1254.0,210.6957,0.9696,3.7849,485.0,28.6511,0.4982,0.6651,700,1027,517,824,180.2842
12,273.5723,2,1177.2018,620.8956,13310.0,412.0,176.324,0.9323,2.2608,506.0,30.335,0.5673,0.7239,1027,1354,517,824,180.2842
12,273.9728,1,966.3287,617.831,11818.0,1435.0,232.3304,0.9693,4.2554,485.0,21.8349,0.7043,0.8265,700,1027,517,824,180.2842
12,273.9728,2,1172.7717,572.7248,11325.0,1531.0,168.7368,0.9349,2.1254,476.0,32.7556,0.4677,0.6373,1027,1354,517,824,180.2842
12,274.3734,1,960.3886,598.0724,12737.0,2198.0,187.8545,0.9942,2.7778,468.0,37.2632,0.4952,0.6623,700,1027,517,824,180.2842
12,274.3734,2,1166.461,586.5563,12430.0,1092.0,181.7072,0.8597,2.3065,496.0,44.4996,0.359,0.5283,1027,1354,517,824,180.2842
12,274.7739,1,942.2223,602.4237,13263.0,1635.0,238.1752,0.9399,3.5989,487.0,30.4305,0.4674,0.637,700,1027,517,824,180.2842
12,274.7739,2,1197.0848,575.7147,14168.0,3145.0,194.1211,0.8813,2.6416,481.0,39.0284,0.3722,0.5424,1027,1354,517,824,180.2842
12,275.1744,1,944.4507,599.7713,12398.0,1699.0,220.701,0.8748,3.5531,484.0,29.855,0.6672,0.8004,700,1027,517,824,180.2842
12,275.1744,2,1204.8826,596.8534,14260.0,1912.0,202.562,0.8338,2.7799,485.0,37.5719,0.4268,0.5982,1027,1354,517,824,180.2842
12,275.575,1,960.2937,572.9648,11388.0,2819.0,216.0636,0.9515,3.3448,460.0,37.9735,0.5014,0.6679,700,1027,517,824,180.2842
12,275.575,2,1223.1966,592.2409,13507.0,2009.0,207.9216,0.9274,2.9762,483.0,35.0576,0.504,0.6702,1027,1354,517,824,180.2842
12,275.9755,1,971.6064,571.0033,10336.0,2022.0,132.8944,0.8806,1.9178,505.0,39.2181,0.4886,0.6564,700,1027,517,824,180.2842
12,275.9755,2,1238.9769,593.1422,12261.0,1630.0,177.5899,0.9882,2.3698,490.0,34.0579,0.4911,0.6587,1027,1354,517,824,180.2842
12,276.3761,1,974.5742,589.2391,13528.0,2425.0,153.4855,0.9481,1.92,496.0,26.9475,0.5653,0.7223,700,1027,517,824,180.2842
12,276.3761,2,1228.4952,589.4032,10675.0,640.0,155.439,0.9579,2.0705,499.0,36.2434,0.4485,0.6193,1027,1354,517,824,180.2842
12,276.7766,1,967.2163,605.5478,15339.0,1646.0,178.0495,0.9382,2.1568,505.0,29.0158,0.6085,0.7566,700,1027,517,824,180.2842
12,276.7766,2,1188.7732,565.4399,10226.0,1241.0,166.1452,0.7763,2.2742,486.0,58.6645,0.2594,0.4119,1027,1354,517,824,180.2842
12,277.1772,1,954.5966,627.8957,13899.0,420.0,211.3791,0.9231,2.8802,509.0,26.6384,0.5066,0.6725,700,1027,517,824,180.2842
12,277.1772,2,1147.7395,571.7186,12989.0,2343.0,180.902,0.824,2.4182,488.0,56.7418,0.2331,0.378,1027,1354,517,824,180.2842
12,277.5777,1,961.5761,582.1599,12408.0,2226.0,162.9729,0.8964,2.0691,503.0,31.2995,0.4733,0.6425,700,1027,517,824,180.2842
12,277.5777,2,1137.4759,590.1135,13485.0,1805.0,217.4825,0.818,3.1205,483.0,42.5447,0.4946,0.6619,1027,1354,517,824,180.2842
12,277.9783,1,977.8631,602.7569,11558.0,2463.0,143.2448,0.9358,2.5322,506.0,30.3937,0.4148,0.5864,700,1027,517,824,180.2842
12,277.9783,2,1123.9179,578.252,12395.0,2206.0,210.1489,0.8198,3.1768,483.0,36.9844,0.5876,0.7403,1027,1354,517,824,180.2842
12,278.3788,1,985.6927,619.326,10066.0,1295.0,186.4332,0.9667,3.8614,500.0,36.0016,0.4257,0.5972,700,1027,517,824,180.2842
12,278.3788,2,1114.5084,564.8581,11751.0,2589.0,187.7851,0.8112,2.8184,481.0,25.1016,0.741,0.8512,1027,1354,517,824,180.2842
12,278.7793,1,982.2471,628.0336,9848.0,936.0,164.024,0.9284,3.2265,531.0,24.6369,0.6169,0.7631,700,1027,517,824,180.2842
12,278.7793,2,1114.7752,564.3394,12491.0,2676.0,180.4548,0.7672,2.5242,478.0,24.4341,0.716,0.8345,1027,1354,517,824,180.2842
12,279.1799,1,982.5729,617.9997,10629.0,1006.0,186.2035,0.9434,3.3299,502.0,20.5023,0.7027,0.8254,700,1027,517,824,180.2842
12,279.1799,2,1114.037,572.3464,12474.0,2165.0,198.5314,0.7678,2.9149,482.0,29.4591,0.674,0.8053,1027,1354,517,824,180.2842
12,279.5804,1,978.1503,603.7095,10981.0,864.0,151.6946,0.9444,2.0465,495.0,39.884,0.5188,0.6832,700,1027,517,824,180.2842
12,279.5804,2,1122.9079,586.6024,12826.0,1959.0,193.6291,0.833,2.8099,481.0,24.3808,0.6553,0.7918,1027,1354,517,824,180.2842
12,279.981,1,956.3684,551.7077,15645.0,3819.0,189.0147,0.6538,1.7184,453.0,43.7964,0.3381,0.5053,700,1027,517,824,180.2842
12,279.981,2,1123.7623,603.7709,13999.0,1826.0,188.8751,0.884,2.797,491.0,25.9461,0.5708,0.7268,1027,1354,517,824,180.2842
12,280.3815,1,922.5643,562.7987,13852.0,2225.0,176.7283,0.7815,1.8349,464.0,45.7506,0.3797,0.5504,700,1027,517,824,180.2842
12,280.3815,2,1118.8196,590.3195,13716.0,2464.0,182.1534,0.9147,2.4077,483.0,31.151,0.5853,0.7384,1027,1354,517,824,180.2842
12,280.7821,1,906.6604,583.0639,14173.0,1577.0,176.2848,0.9661,1.8859,482.0,53.1001,0.4274,0.5989,700,1027,517,824,180.2842
12,280.7821,2,1118.1374,593.172,13249.0,2328.0,164.6067,0.9494,2.2189,481.0,24.8422,0.6504,0.7882,1027,1354,517,824,180.2842
12,281.1826,1,896.8439,594.3669,15662.0,1569.0,172.2926,0.8631,1.8881,515.0,40.2057,0.4721,0.6414,700,1027,517,824,180.2842
12,281.1826,2,1114.2775,607.5316,12461.0,940.0,173.9613,1.0,2.3368,493.0,24.9707,0.553,0.7122,1027,1354,517,824,180.2842
12,281.5832,1,921.936,561.8058,14323.0,3478.0,197.1601,0.7117,2.3788,470.0,37.7917,0.4322,0.6036,700,1027,517,824,180.2842
12,281.5832,2,1117.4212,627.5092,12229.0,94.0,172.6001,0.9997,2.2593,512.0,26.8515,0.6302,0.7732,1027,1354,517,824,180.2842
12,281.9837,1,947.2847,555.878,12651.0,3331.0,172.505,0.833,2.1319,464.0,42.0449,0.4438,0.6148,700,1027,517,824,180.2842
12,281.9837,2,1124.667,628.8202,13262.0,466.0,191.0885,0.9998,2.5967,502.0,23.2837,0.5919,0.7436,1027,1354,517,824,180.2842
12,282.3843,1,963.2642,590.3878,11956.0,1589.0,175.4559,0.8254,2.6524,501.0,46.7851,0.3058,0.4684,700,1027,517,824,180.2842
12,282.3843,2,1122.4492,594.3067,13692.0,2229.0,212.7395,0.8359,2.9189,482.0,39.1798,0.3383,0.5056,1027,1354,517,824,180.2842
12,282.7848,1,962.1389,624.6628,11606.0,387.0,189.3031,0.8923,2.8625,514.0,34.8277,0.411,0.5825,700,1027,517,824,180.2842
12,282.7848,2,1134.6337,601.4063,13835.0,1627.0,160.7606,0.8709,2.1009,496.0,25.1498,0.5902,0.7423,1027,1354,517,824,180.2842
12,283.1853,1,976.4936,590.8995,9230.0,1178.0,182.4816,0.966,2.581,486.0,33.1921,0.4607,0.6308,700,1027,517,824,180.2842
12,283.1853,2,1137.0735,570.0647,12418.0,2242.0,197.4294,0.7297,2.8038,483.0,26.5732,0.5747,0.7299,1027,1354,517,824,180.2842
12,283.5859,1,973.3306,565.1829,9295.0,2340.0,199.2879,0.9571,3.7155,457.0,32.4117,0.5249,0.6885,700,1027,517,824,180.2842
12,283.5859,2,1109.639,554.5606,10966.0,2544.0,178.1378,0.7083,2.4952,480.0,47.6427,0.4902,0.6579,1027,1354,517,824,180.2842
12,283.9864,1,963.2497,608.8187,10212.0,848.0,181.4867,0.8984,3.1072,515.0,34.8128,0.4893,0.6571,700,1027,517,824,180.2842
12,283.9864,2,1090.9807,557.2895,10361.0,2721.0,155.1999,0.8723,2.1785,474.0,46.377,0.4664,0.6361,1027,1354,517,824,180.2842
12,284.387,1,951.2059,630.8914,10254.0,77.0,196.3494,0.8904,3.5027,517.0,24.6083,0.6052,0.754,700,1027,517,824,180.2842
12,284.387,2,1088.827,591.4661,11404.0,2137.0,162.5202,0.8748,2.453,480.0,28.1332,0.5638,0.7211,1027,1354,517,824,180.2842
12,284.7875,1,959.4806,582.0356,10438.0,1841.0,199.1065,0.9316,3.2557,474.0,40.5553,0.443,0.614,700,1027,517,824,180.2842
12,284.7875,2,1079.7244,554.6186,10285.0,2836.0,151.9316,0.9727,1.9392,472.0,29.9122,0.5407,0.7019,1027,1354,517,824,180.2842
12,285.1881,1,954.2538,570.8553,10643.0,2225.0,191.3144,0.8924,3.0474,482.0,30.9166,0.6255,0.7696,700,1027,517,824,180.2842
12,285.1881,2,1087.0766,559.4874,10958.0,3084.0,139.1471,0.9922,1.6059,471.0,26.8344,0.6642,0.7982,1027,1354,517,824,180.2842
12,285.5886,1,947.189,595.1414,12600.0,1837.0,201.6082,0.8486,3.3437,492.0,28.8217,0.6298,0.7729,700,1027,517,824,180.2842
12,285.5886,2,1083.8162,550.5698,11420.0,3450.0,162.3234,0.9928,1.8128,463.0,23.1213,0.7028,0.8255,1027,1354,517,824,180.2842
12,285.9892,1,959.9243,575.9742,12193.0,2600.0,163.5946,0.8876,2.5051,495.0,31.3189,0.5656,0.7225,700,1027,517,824,180.2842
12,285.9892,2,1091.1823,584.041,14447.0,3250.0,150.8364,0.9988,1.533,469.0,25.4628,0.6154,0.7619,1027,1354,517,824,180.2842
12,286.3897,1,972.2537,563.5259,11267.0,2586.0,138.9589,0.9091,1.8016,494.0,36.3672,0.582,0.7358,700,1027,517,824,180.2842
12,286.3897,2,1093.7042,563.1086,14882.0,3397.0,159.9868,0.998,1.3544,470.0,27.0133,0.596,0.7469,1027,1354,517,824,180.2842
12,286.7903,1,979.8756,571.6477,11967.0,1633.0,140.7998,0.9447,1.5242,501.0,27.5148,0.6459,0.7849,700,1027,517,824,180.2842
12,286.7903,2,1108.4193,555.141,11251.0,2328.0,144.7768,0.8826,1.567,467.0,41.2971,0.4787,0.6475,1027,1354,517,824,180.2842
12,287.1908,1,974.2524,598.8707,17447.0,2045.0,174.1517,0.964,1.741,501.0,27.4101,0.599,0.7492,700,1027,517,824,180.2842
12,287.1908,2,1109.7804,567.7661,9192.0,103.0,129.708,0.3094,1.7667,513.0,32.6964,0.5089,0.6746,1027,1354,517,824,180.2842
12,287.5913,1,969.1694,608.9178,17767.0,1824.0,182.9562,0.9414,1.9494,507.0,24.1275,0.705,0.827,700,1027,517,824,180.2842
12,287.5913,2,1140.2893,558.8756,8880.0,39.0,137.9086,0.3146,1.8103,516.0,42.0155,0.3893,0.5604,1027,1354,517,824,180.2842
12,287.9919,1,964.4913,608.3586,15208.0,2137.0,188.6965,0.8523,2.6658,501.0,31.5911,0.5834,0.7369,700,1027,517,824,180.2842
12,287.9919,2,1170.6086,560.3932,13380.0,1948.0,154.0614,0.508,1.5513,487.0,43.0873,0.3557,0.5247,1027,1354,517,824,180.2842
12,288.3924,1,962.6181,562.3717,13317.0,3855.0,185.2828,0.998,2.2599,443.0,35.7328,0.3991,0.5705,700,1027,517,824,180.2842
12,288.3924,2,1184.0498,575.9024,12690.0,150.0,191.0957,0.4287,2.5367,511.0,38.7929,0.452,0.6226,1027,1354,517,824,180.2842
12,288.793,1,965.4347,584.9922,13003.0,2036.0,179.7388,0.8795,2.4008,495.0,41.2958,0.459,0.6292,700,1027,517,824,180.2842
12,288.793,2,1224.9431,548.4077,14117.0,3577.0,163.4133,0.4347,1.7623,493.0,35.9596,0.4148,0.5864,1027,1354,517,824,180.2842
12,289.1935,1,959.9047,609.4687,13640.0,1577.0,202.2744,0.8886,2.7903,494.0,22.4996,0.6886,0.8156,700,1027,517,824,180.2842
12,289.1935,2,1236.0661,552.2462,12902.0,3125.0,157.1218,0.497,2.14,505.0,31.5302,0.6182,0.7641,1027,1354,517,824,180.2842
12,289.5941,1,964.0952,583.262,13292.0,2812.0,160.143,0.8765,2.3044,501.0,30.8057,0.5444,0.705,700,1027,517,824,180.2842
12,289.5941,2,1244.2178,569.0536,14136.0,3140.0,171.4046,0.7641,2.0139,481.0,34.7419,0.5228,0.6866,1027,1354,517,824,180.2842
12,289.9946,1,975.6673,555.9741,12482.0,2528.0,164.3897,0.9081,1.5583,465.0,40.7217,0.4335,0.6048,700,1027,517,824,180.2842
12,289.9946,2,1253.922,572.8363,13443.0,2641.0,184.9499,0.8769,2.2331,486.0,30.6458,0.5876,0.7402,1027,1354,517,824,180.2842
12,290.3952,1,964.998,567.2036,16879.0,3094.0,171.6474,0.8636,1.5119,473.0,35.9933,0.5883,0.7408,700,1027,517,824,180.2842
12,290.3952,2,1257.9936,568.9308,11943.0,2484.0,167.2658,0.8942,2.2441,486.0,24.29,0.696,0.8208,1027,1354,517,824,180.2842
12,290.7957,1,940.5365,602.8954,18364.0,2525.0,188.7403,0.9558,1.8911,464.0,38.1369,0.4092,0.5807,700,1027,517,824,180.2842
12,290.7957,2,1264.872,568.0459,10887.0,2244.0,155.8239,0.9276,2.0623,486.0,22.4221,0.6618,0.7965,1027,1354,517,824,180.2842
12,291.1962,1,916.6163,581.029,15528.0,2240.0,211.6923,0.9726,2.228,465.0,33.9492,0.4666,0.6363,700,1027,517,824,180.2842
12,291.1962,2,1269.5165,558.2264,9521.0,1668.0,140.8579,0.9886,1.6974,487.0,25.6285,0.6747,0.8058,1027,1354,517,824,180.2842
12,291.5968,1,886.0631,567.3257,14981.0,2271.0,191.4735,0.8226,1.9479,467.0,45.9494,0.3891,0.5602,700,1027,517,824,180.2842
12,291.5968,2,1260.276,556.5256,9298.0,1656.0,131.3014,0.9998,1.5915,489.0,24.919,0.698,0.8221,1027,1354,517,824,180.2842
12,291.9973,1,871.9024,583.6598,15675.0,2075.0,182.3093,0.9311,1.7924,474.0,40.5206,0.4606,0.6307,700,1027,517,824,180.2842
12,291.9973,2,1255.0716,565.6512,9826.0,1656.0,136.0126,0.9876,1.7535,486.0,22.7169,0.7133,0.8327,1027,1354,517,824,180.2842
12,292.3979,1,858.3587,580.0949,13681.0,1642.0,173.8602,0.9987,1.8859,473.0,32.3249,0.5531,0.7123,700,1027,517,824,180.2842
12,292.3979,2,1255.3658,560.0995,9707.0,1768.0,131.6496,0.9791,1.6759,502.0,23.364,0.6834,0.812,1027,1354,517,824,180.2842
12,292.7984,1,860.5849,575.9617,14172.0,2105.0,174.2441,0.9464,1.8334,475.0,29.8465,0.6298,0.7728,700,1027,517,824,180.2842
12,292.7984,2,1237.1418,572.5406,8866.0,591.0,127.97,0.8895,1.6307,502.0,32.6271,0.4906,0.6583,1027,1354,517,824,180.2842
12,293.199,1,874.4548,575.558,14533.0,2641.0,209.7077,0.9547,2.4735,465.0,36.3509,0.5201,0.6843,700,1027,517,824,180.2842
12,293.199,2,1210.2771,569.7962,8904.0,631.0,125.6358,0.9424,1.5471,500.0,47.6754,0.3957,0.567,1027,1354,517,824,180.2842
12,293.5995,1,897.8473,578.1222,14827.0,2579.0,170.887,0.7508,2.1544,513.0,43.4586,0.3841,0.555,700,1027,517,824,180.2842
12,293.5995,2,1194.7926,583.8966,9683.0,341.0,136.3917,0.8976,1.7521,505.0,44.3696,0.4749,0.644,1027,1354,517,824,180.2842
12,294.0001,1,929.5657,576.9207,14819.0,2374.0,197.9559,0.6805,2.5839,498.0,42.6825,0.3989,0.5703,700,1027,517,824,180.2842
12,294.0001,2,1185.2135,596.4874,11060.0,520.0,166.6925,0.9077,2.2919,499.0,42.3148,0.4711,0.6405,1027,1354,517,824,180.2842
12,294.4006,1,952.0413,569.6509,14178.0,3266.0,187.9322,0.801,2.5936,492.0,36.1539,0.4617,0.6317,700,1027,517,824,180.2842
12,294.4006,2,1168.1161,578.5154,11470.0,1113.0,184.4096,0.8547,2.6,494.0,39.2037,0.5528,0.712,1027,1354,517,824,180.2842
12,294.8012,1,949.3659,585.0658,12537.0,2078.0,186.1555,0.7586,2.8468,500.0,32.5908,0.5658,0.7227,700,1027,517,824,180.2842
12,294.8012,2,1139.713,573.01,13159.0,2305.0,208.3205,0.7184,2.9783,483.0,37.8667,0.4488,0.6195,1027,1354,517,824,180.2842
12,295.2017,1,951.6247,605.4869,10763.0,443.0,172.0191,0.8399,2.4894,508.0,23.4652,0.5451,0.7056,700,1027,517,824,180.2842
12,295.2017,2,1115.9373,554.5892,11371.0,2636.0,170.2301,0.7133,2.2517,480.0,42.1319,0.5182,0.6827,1027,1354,517,824,180.2842
12,295.6022,1,949.0615,578.3905,10670.0,1650.0,156.8447,0.7866,2.4551,510.0,33.9953,0.4597,0.6299,700,1027,517,824,180.2842
12,295.6022,2,1097.492,552.6208,10163.0,2613.0,145.3996,0.8145,1.9001,478.0,46.469,0.5225,0.6864,1027,1354,517,824,180.2842
12,296.0028,1,947.6712,565.732,10245.0,1863.0,146.346,0.8826,2.0042,486.0,26.8922,0.5865,0.7394,700,1027,517,824,180.2842
12,296.0028,2,1080.7295,549.3111,9627.0,2916.0,131.6499,0.9894,1.6095,473.0,39.8442,0.5311,0.6938,1027,1354,517,824,180.2842
12,296.4033,1,944.46,567.6037,10769.0,1730.0,170.7196,0.796,2.5487,487.0,27.3469,0.6124,0.7596,700,1027,517,824,180.2842
12,296.4033,2,1081.8175,552.9864,10283.0,2797.0,139.5326,0.983,1.6134,473.0,27.441,0.6692,0.8018,1027,1354,517,824,180.2842
12,296.8039,1,945.1229,566.8789,15350.0,3951.0,210.9318,0.9296,2.693,472.0,26.5969,0.5887,0.7411,700,1027,517,824,180.2842
12,296.8039,2,1090.738,554.6559,12360.0,3075.0,142.1172,0.9314,1.3791,470.0,32.667,0.6407,0.781,1027,1354,517,824,180.2842
12,297.2044,1,922.1708,576.5754,9215.0,693.0,118.559,0.8204,1.5479,508.0,41.6088,0.3743,0.5448,700,1027,517,824,180.2842
12,297.2044,2,1117.1082,557.7436,12319.0,2262.0,163.8607,0.8715,1.7926,466.0,45.5654,0.4049,0.5764,1027,1354,517,824,180.2842
12,297.605,1,914.9722,572.5864,8210.0,564.0,123.929,0.9983,1.688,498.0,29.8901,0.5744,0.7296,700,1027,517,824,180.2842
12,297.605,2,1163.1014,547.4795,14839.0,4232.0,145.8597,0.398,1.8809,516.0,42.6426,0.3297,0.4959,1027,1354,517,824,180.2842
12,298.0055,1,904.7492,583.4218,9472.0,465.0,152.1378,0.9879,2.069,502.0,33.1401,0.5521,0.7115,700,1027,517,824,180.2842
12,298.0055,2,1204.4901,542.6391,17186.0,5700.0,165.2028,0.3554,2.0978,511.0,40.4283,0.3547,0.5237,1027,1354,517,824,180.2842
12,298.4061,1,890.5952,593.4682,10033.0,444.0,136.4383,0.9993,1.7657,501.0,34.1395,0.4823,0.6507,700,1027,517,824,180.2842
12,298.4061,2,1222.3772,551.3448,13880.0,2953.0,174.1754,0.3872,2.3333,510.0,34.8105,0.4739,0.6431,1027,1354,517,824,180.2842
12,298.8066,1,879.8975,583.4012,8978.0,256.0,135.9764,0.9928,1.7878,507.0,30.7917,0.5825,0.7362,700,1027,517,824,180.2842
12,298.8066,2,1237.3342,549.9337,13643.0,3541.0,156.7837,0.5893,1.9769,509.0,29.5113,0.5714,0.7272,1027,1354,517,824,180.2842
12,299.2071,1,867.4217,595.9346,10617.0,376.0,145.3277,0.9837,1.8474,506.0,34.4116,0.5721,0.7278,700,1027,517,824,180.2842
12,299.2071,2,1244.6565,549.3104,12098.0,3396.0,172.8744,0.8034,2.2068,478.0,23.9346,0.684,0.8123,1027,1354,517,824,180.2842
12,299.6077,1,847.5455,582.6795,13233.0,2429.0,194.5799,0.9002,2.6494,493.0,37.3313,0.4611,0.6312,700,1027,517,824,180.2842
12,299.6077,2,1256.555,553.8939,10727.0,2846.0,162.5128,0.9266,2.0895,479.0,29.7941,0.602,0.7515,1027,1354,517,824,180.2842
12,300.0082,1,832.2175,569.663,12609.0,2419.0,191.3136,0.7628,2.8133,484.0,41.7299,0.575,0.7301,700,1027,517,824,180.2842
12,300.0082,2,1253.8607,560.6777,11519.0,2692.0,162.2647,0.8841,2.1106,479.0,22.0131,0.706,0.8277,1027,1354,517,824,180.2842
12,300.4088,1,807.2728,564.3118,11956.0,2632.0,185.3276,0.8161,2.554,482.0,51.8014,0.4316,0.603,700,1027,517,824,180.2842
12,300.4088,2,1248.9403,575.5496,12135.0,2054.0,175.5284,0.8556,2.3392,486.0,25.3313,0.6568,0.7928,1027,1354,517,824,180.2842
12,300.8093,1,790.1082,571.2489,11310.0,2526.0,193.7772,0.8865,2.7516,481.0,52.7926,0.4325,0.6038,700,1027,517,824,180.2842
12,300.8093,2,1246.2614,589.7139,12592.0,1524.0,166.4333,0.9545,2.079,485.0,26.1047,0.6284,0.7718,1027,1354,517,824,180.2842
12,301.2099,1,782.3389,569.2412,11757.0,2784.0,165.287,0.8891,2.4439,484.0,29.751,0.6149,0.7615,700,1027,517,824,180.2842
12,301.2099,2,1242.8527,577.8409,12598.0,1977.0,178.5558,0.9947,2.1099,485.0,29.1352,0.6223,0.7672,1027,1354,517,824,180.2842
12,301.6104,1,791.6264,548.525,12605.0,3794.0,148.9026,0.9303,1.3835,466.0,46.3788,0.4314,0.6027,700,1027,517,824,180.2842
12,301.6104,2,1232.4868,561.8503,9754.0,1652.0,136.0444,0.9968,1.7198,493.0,30.6774,0.6182,0.764,1027,1354,517,824,180.2842
12,302.011,1,826.2254,545.7097,12909.0,3627.0,122.6808,0.4647,1.3794,494.0,51.5499,0.3372,0.5044,700,1027,517,824,180.2842
12,302.011,2,1228.8307,553.8114,9150.0,1873.0,121.8331,0.9903,1.5378,495.0,23.7971,0.733,0.846,1027,1354,517,824,180.2842
12,302.4115,1,873.8638,567.0595,10607.0,112.0,160.1982,0.3775,2.2085,515.0,48.4998,0.236,0.3819,700,1027,517,824,180.2842
12,302.4115,2,1218.4775,575.7828,9229.0,615.0,128.9675,0.9936,1.6076,504.0,27.3295,0.5856,0.7387,1027,1354,517,824,180.2842
12,302.8121,1,911.809,552.6956,13337.0,3161.0,170.9008,0.4792,2.4345,506.0,46.167,0.31,0.4733,700,1027,517,824,180.2842
12,302.8121,2,1211.3903,593.1491,10695.0,594.0,149.4237,0.994,1.9093,500.0,26.686,0.6576,0.7934,1027,1354,517,824,180.2842
12,303.2126,1,930.7477,563.7243,13161.0,2707.0,172.4787,0.5864,2.4476,505.0,38.488,0.4562,0.6265,700,1027,517,824,180.2842
12,303.2126,2,1208.7135,598.3896,11398.0,371.0,156.1733,0.9994,1.94,506.0,24.1088,0.7477,0.8557,1027,1354,517,824,180.2842
12,303.6131,1,944.6996,566.5268,11120.0,2146.0,151.0734,0.7302,2.2299,511.0,31.664,0.5119,0.6772,700,1027,517,824,180.2842
12,303.6131,2,1204.3714,590.9486,12260.0,1145.0,163.8007,0.9847,1.9933,487.0,34.8034,0.5954,0.7464,1027,1354,517,824,180.2842
12,304.0137,1,955.9632,567.2511,9697.0,1736.0,151.3878,0.7908,2.552,495.0,26.4085,0.5927,0.7443,700,1027,517,824,180.2842
12,304.0137,2,1195.3594,584.2231,10832.0,859.0,155.6189,0.9105,2.0673,499.0,35.5157,0.5527,0.7119,1027,1354,517,824,180.2842
12,304.4142,1,959.3224,570.9561,8306.0,1482.0,138.611,0.964,2.2972,488.0,29.4202,0.5243,0.6879,700,1027,517,824,180.2842
12,304.4142,2,1177.8236,580.2928,10080.0,939.0,138.4257,0.871,1.8208,498.0,35.9811,0.5033,0.6696,1027,1354,517,824,180.2842
12,304.8148,1,952.9168,574.8653,9148.0,1360.0,126.806,1.0,1.892,496.0,31.8896,0.4338,0.6051,700,1027,517,824,180.2842
12,304.8148,2,1164.7734,577.457,9722.0,640.0,138.0696,0.966,1.7695,500.0,34.1503,0.5111,0.6765,1027,1354,517,824,180.2842
12,305.2153,1,919.1009,571.4282,9259.0,1042.0,140.9341,0.93,1.9431,491.0,42.7047,0.2676,0.4222,700,1027,517,824,180.2842
12,305.2153,2,1155.6995,586.6875,10357.0,488.0,154.7723,0.9143,2.0353,505.0,33.0642,0.6174,0.7635,1027,1354,517,824,180.2842
12,305.6159,1,873.786,553.9224,12919.0,3655.0,141.1125,0.9428,1.6119,487.0,45.1632,0.3169,0.4813,700,1027,517,824,180.2842
12,305.6159,2,1145.0729,590.5777,10273.0,652.0,138.3576,0.9435,1.8094,501.0,27.0454,0.5993,0.7495,1027,1354,517,824,180.2842
12,306.0164,1,856.666,535.1822,14460.0,5346.0,163.4158,0.5982,1.8183,474.0,38.3251,0.3889,0.56,700,1027,517,824,180.2842
12,306.0164,2,1136.0575,604.0437,11955.0,890.0,150.1167,0.975,1.9631,496.0,24.097,0.6588,0.7943,1027,1354,517,824,180.2842
12,306.417,1,836.2888,563.4607,11385.0,2025.0,143.7593,0.6215,2.0236,504.0,41.057,0.3752,0.5456,700,1027,517,824,180.2842
12,306.417,2,1132.415,588.9288,13071.0,2328.0,148.9747,0.9169,1.9596,496.0,24.8091,0.5805,0.7346,1027,1354,517,824,180.2842
12,306.8175,1,821.1145,566.6262,11765.0,2268.0,175.6053,0.8359,2.475,483.0,32.6743,0.5197,0.684,700,1027,517,824,180.2842
12,306.8175,2,1119.8261,584.5155,12452.0,2365.0,146.8739,0.9021,1.9802,496.0,21.9604,0.6304,0.7733,1027,1354,517,824,180.2842
12,307.218,1,806.1119,562.2055,11794.0,2494.0,173.8994,0.802,2.3326,481.0,31.1762,0.6054,0.7542,700,1027,517,824,180.2842
12,307.218,2,1122.8606,586.0577,10190.0,786.0,131.0905,1.0,1.6459,498.0,28.3622,0.4442,0.6151,1027,1354,517,824,180.2842
12,307.6186,1,796.9305,560.0173,12653.0,3508.0,167.5782,0.9264,2.0236,469.0,30.019,0.5885,0.7409,700,1027,517,824,180.2842
12,307.6186,2,1120.5191,608.4638,11176.0,319.0,149.0909,0.9908,1.951,506.0,25.4316,0.5422,0.7032,1027,1354,517,824,180.2842
12,308.0191,1,798.3157,569.6142,12580.0,2608.0,183.6965,0.9009,2.2434,479.0,38.5898,0.5667,0.7234,700,1027,517,824,180.2842
12,308.0191,2,1132.2508,610.0658,12358.0,597.0,158.5885,0.9857,2.0322,497.0,28.017,0.5884,0.7409,1027,1354,517,824,180.2842
12,308.4197,1,797.2016,569.9298,13283.0,3155.0,161.735,0.9772,1.6283,477.0,36.7232,0.5598,0.7178,700,1027,517,824,180.2842
12,308.4197,2,1141.4518,599.322,11557.0,877.0,149.3883,0.9477,1.923,497.0,28.6222,0.5797,0.7339,1027,1354,517,824,180.2842
12,308.8202,1,805.6129,545.0023,10779.0,3111.0,144.1892,0.9124,1.7093,470.0,40.08,0.4956,0.6628,700,1027,517,824,180.2842
12,308.8202,2,1156.2495,594.0431,12792.0,1240.0,162.8077,0.7851,2.1217,496.0,34.1511,0.523,0.6868,1027,1354,517,824,180.2842
12,309.2208,1,838.0121,561.459,13426.0,2821.0,160.6683,0.9585,1.7285,463.0,51.8137,0.3129,0.4767,700,1027,517,824,180.2842
12,309.2208,2,1196.3953,561.6301,12695.0,1929.0,192.221,0.6149,2.569,483.0,44.1348,0.3627,0.5323,1027,1354,517,824,180.2842
12,309.6213,1,868.6256,566.6915,14367.0,2237.0,174.9551,0.5197,2.2657,515.0,47.2037,0.3551,0.5241,700,1027,517,824,180.2842
12,309.6213,2,1228.62,554.5131,11834.0,2627.0,171.3104,0.6482,2.1978,483.0,47.8068,0.4516,0.6222,1027,1354,517,824,180.2842
12,310.0219,1,905.9193,549.2509,11944.0,2873.0,162.2553,0.5219,2.4539,514.0,36.7209,0.4272,0.5986,700,1027,517,824,180.2842
12,310.0219,2,1248.8745,552.3243,10965.0,2728.0,156.0669,0.7947,2.0048,478.0,42.2098,0.5263,0.6897,1027,1354,517,824,180.2842
12,310.4224,1,928.9525,550.851,10683.0,2204.0,142.6722,0.5444,1.9641,510.0,37.0634,0.4717,0.641,700,1027,517,824,180.2842
12,310.4224,2,1251.5021,561.4065,12051.0,2640.0,165.727,0.8435,2.0891,485.0,30.8657,0.7186,0.8363,1027,1354,517,824,180.2842
12,310.823,1,941.4176,553.8729,9729.0,2270.0,147.0404,0.7986,2.2134,484.0,31.1182,0.5041,0.6703,700,1027,517,824,180.2842
12,310.823,2,1249.1895,569.9714,12953.0,2723.0,171.8824,0.8754,2.0363,483.0,24.7892,0.7159,0.8344,1027,1354,517,824,180.2842
12,311.2235,1,942.5814,562.0318,9986.0,2145.0,135.5379,0.9363,1.8418,485.0,23.152,0.6035,0.7527,700,1027,517,824,180.2842
12,311.2235,2,1242.3409,580.0451,14314.0,3147.0,166.8814,0.8911,1.9521,479.0,21.9356,0.6878,0.8151,1027,1354,517,824,180.2842
12,311.624,1,937.101,573.5268,8925.0,845.0,127.6009,0.9993,1.6216,496.0,27.5602,0.4957,0.6628,700,1027,517,824,180.2842
12,311.624,2,1253.3133,556.9761,13133.0,3497.0,155.1351,0.938,1.7001,471.0,17.6732,0.6862,0.8139,1027,1354,517,824,180.2842
12,312.0246,1,921.8357,573.3095,8644.0,607.0,124.8469,0.9399,1.6314,501.0,37.5232,0.4342,0.6055,700,1027,517,824,180.2842
12,312.0246,2,1245.7666,562.48,13545.0,2967.0,150.359,0.6854,1.8506,509.0,23.2085,0.664,0.7981,1027,1354,517,824,180.2842
12,312.4251,1,890.5171,568.4599,10527.0,1007.0,172.3704,0.7075,2.4589,499.0,55.3349,0.3896,0.5607,700,1027,517,824,180.2842
12,312.4251,2,1242.2366,573.8575,14511.0,2422.0,164.4762,0.7339,1.9298,509.0,20.7842,0.7168,0.835,1027,1354,517,824,180.2842
12,312.8257,1,844.283,562.2568,12365.0,2435.0,194.463,0.6465,2.8175,484.0,62.0607,0.2878,0.447,700,1027,517,824,180.2842
12,312.8257,2,1237.7252,574.0661,15497.0,2804.0,168.0556,0.7963,1.8992,511.0,20.3924,0.7181,0.8359,1027,1354,517,824,180.2842
12,313.2262,1,808.2599,552.7391,11976.0,2786.0,168.6477,0.7253,2.068,480.0,56.5442,0.4168,0.5884,700,1027,517,824,180.2842
12,313.2262,2,1237.0285,564.4224,15848.0,4442.0,197.3119,0.8184,2.3287,471.0,25.5993,0.6303,0.7732,1027,1354,517,824,180.2842
12,313.6268,1,788.3357,558.8426,11026.0,2797.0,154.2801,0.8572,1.9558,482.0,44.5021,0.4943,0.6616,700,1027,517,824,180.2842
12,313.6268,2,1242.7759,558.5201,12929.0,3238.0,178.9852,0.811,2.2703,480.0,24.3617,0.6424,0.7823,1027,1354,517,824,180.2842
12,314.0273,1,787.0827,557.5359,10908.0,2741.0,152.5808,0.802,2.1755,483.0,23.2871,0.6907,0.8171,700,1027,517,824,180.2842
12,314.0273,2,1257.3124,548.5837,10300.0,2717.0,141.8712,0.8554,1.833,477.0,28.6403,0.6114,0.7589,1027,1354,517,824,180.2842
12,314.4279,1,793.2669,573.4405,13497.0,2584.0,161.5402,0.8128,2.0392,488.0,24.7174,0.7041,0.8264,700,1027,517,824,180.2842
12,314.4279,2,1272.2746,543.8677,9386.0,2969.0,129.8914,0.9895,1.5979,482.0,28.7092,0.595,0.7461,1027,1354,517,824,180.2842
12,314.8284,1,799.1147,566.8128,16807.0,4629.0,182.2071,0.9979,1.8577,457.0,38.1076,0.4467,0.6175,700,1027,517,824,180.2842
12,314.8284,2,1267.0965,562.5813,9591.0,2104.0,144.0574,0.9124,2.0331,484.0,25.8241,0.5942,0.7454,1027,1354,517,824,180.2842
12,315.2289,1,819.6782,545.0375,12816.0,4239.0,144.9705,0.9705,1.5722,462.0,39.7207,0.4555,0.6259,700,1027,517,824,180.2842
12,315.2289,2,1270.7728,576.2012,11046.0,1837.0,142.6926,0.9934,1.7617,486.0,24.904,0.5987,0.7489,1027,1354,517,824,180.2842
12,315.6295,1,842.7234,554.7033,11516.0,2205.0,152.5223,0.8721,1.6948,468.0,34.8742,0.4741,0.6433,700,1027,517,824,180.2842
12,315.6295,2,1254.7296,564.9641,10078.0,1799.0,130.5535,0.9423,1.6804,487.0,29.6413,0.5,0.6666,1027,1354,517,824,180.2842
12,316.03,1,868.1868,575.6504,13790.0,2014.0,166.6907,0.9581,1.7713,471.0,49.3978,0.3856,0.5565,700,1027,517,824,180.2842
12,316.03,2,1251.761,558.6064,9856.0,1936.0,141.3265,0.9561,1.8509,485.0,22.4448,0.7153,0.8341,1027,1354,517,824,180.2842
12,316.4306,1,885.9699,566.3838,14363.0,2998.0,162.7282,0.71,1.6965,492.0,37.6052,0.4449,0.6158,700,1027,517,824,180.2842
12,316.4306,2,1240.3638,584.8692,11603.0,1401.0,162.4754,0.9007,2.1674,486.0,33.208,0.5906,0.7426,1027,1354,517,824,180.2842
12,316.8311,1,922.0567,545.734,10967.0,3074.0,164.2966,0.6986,2.3117,479.0,39.568,0.4218,0.5933,700,1027,517,824,180.2842
12,316.8311,2,1228.8666,597.0001,10433.0,263.0,158.1874,0.9633,2.087,505.0,30.0821,0.5455,0.7059,1027,1354,517,824,180.2842
12,317.2317,1,938.6078,562.6736,9595.0,1718.0,149.5523,0.6919,2.5206,510.0,47.502,0.3574,0.5266,700,1027,517,824,180.2842
12,317.2317,2,1216.2364,599.8845,9975.0,370.0,150.3828,0.9981,2.0414,507.0,40.1716,0.4853,0.6535,1027,1354,517,824,180.2842
12,317.6322,1,956.7033,588.1272,9518.0,1033.0,158.5305,0.9061,2.522,492.0,41.8633,0.3176,0.4821,700,1027,517,824,180.2842
12,317.6322,2,1211.4501,583.9658,11599.0,1272.0,166.9631,0.9987,2.1149,485.0,33.8655,0.5899,0.7421,1027,1354,517,824,180.2842
12,318.0328,1,954.9684,581.8449,10018.0,1520.0,154.2698,0.9992,2.2431,489.0,33.2532,0.4177,0.5893,700,1027,517,824,180.2842
12,318.0328,2,1198.271,588.6719,9491.0,316.0,146.272,0.9998,1.8944,506.0,40.4492,0.5429,0.7037,1027,1354,517,824,180.2842
12,318.4333,1,935.68,569.192,9874.0,992.0,176.8921,0.8228,2.4615,497.0,37.2963,0.3818,0.5526,700,1027,517,824,180.2842
12,318.4333,2,1185.7325,606.0919,11306.0,461.0,154.8018,0.9152,2.1296,505.0,32.4976,0.5521,0.7114,1027,1354,517,824,180.2842
12,318.8339,1,894.8453,561.5502,9772.0,1229.0,153.7668,0.6916,2.1099,494.0,56.3089,0.279,0.4363,700,1027,517,824,180.2842
12,318.8339,2,1182.8818,590.9761,12517.0,1458.0,187.3479,0.916,2.5401,487.0,32.7069,0.492,0.6595,1027,1354,517,824,180.2842
12,319.2344,1,855.0455,561.7481,10617.0,1680.0,137.4983,0.6792,1.8798,506.0,54.1082,0.273,0.429,700,1027,517,824,180.2842
12,319.2344,2,1177.6295,599.1563,11397.0,355.0,171.6191,0.7879,2.4063,507.0,37.0077,0.5381,0.6997,1027,1354,517,824,180.2842
12,319.6349,1,840.246,577.4458,12043.0,1780.0,150.2896,0.8254,2.0433,503.0,39.9676,0.4197,0.5913,700,1027,517,824,180.2842
12,319.6349,2,1150.3991,566.827,12201.0,2382.0,203.5049,0.85,2.7568,490.0,33.2041,0.5218,0.6857,1027,1354,517,824,180.2842
12,320.0355,1,818.9778,572.0364,12575.0,2635.0,208.2469,0.8105,3.1167,480.0,37.15,0.5197,0.684,700,1027,517,824,180.2842
12,320.0355,2,1126.799,547.9391,11772.0,3466.0,154.836,0.7204,1.8809,478.0,41.6044,0.532,0.6945,1027,1354,517,824,180.2842
12,320.436,1,804.8953,573.4893,12039.0,2271.0,192.1181,0.8252,2.8729,484.0,36.2705,0.5649,0.7219,700,1027,517,824,180.2842
12,320.436,2,1106.9734,548.2956,11387.0,3200.0,159.1647,0.6773,1.9834,473.0,48.5152,0.4774,0.6463,1027,1354,517,824,180.2842
12,320.8366,1,794.5053,570.5211,12896.0,2991.0,185.4601,0.8988,2.3713,476.0,36.0371,0.5797,0.7339,700,1027,517,824,180.2842
12,320.8366,2,1097.383,562.3836,11795.0,2931.0,164.9454,0.855,2.2968,467.0,43.6819,0.4948,0.6621,1027,1354,517,824,180.2842
12,321.2371,1,792.0262,573.3733,12325.0,2702.0,191.1352,0.8769,2.4672,480.0,25.9821,0.6874,0.8147,700,1027,517,824,180.2842
12,321.2371,2,1096.0226,568.8296,11285.0,2338.0,150.7552,0.7094,2.3097,506.0,29.4024,0.6225,0.7673,1027,1354,517,824,180.2842
12,321.6377,1,790.0733,577.6489,13589.0,2529.0,186.5287,0.8607,2.4268,487.0,31.6817,0.626,0.77,700,1027,517,824,180.2842
12,321.6377,2,1094.4894,590.4769,13765.0,2287.0,178.0564,0.7944,2.4052,485.0,24.5452,0.6116,0.759,1027,1354,517,824,180.2842
12,322.0382,1,789.5363,574.3233,14321.0,2712.0,167.009,0.9423,1.7967,479.0,38.2338,0.4976,0.6646,700,1027,517,824,180.2842
12,322.0382,2,1096.1114,597.4386,17135.0,3026.0,151.1486,0.943,1.6069,506.0,29.9637,0.5669,0.7236,1027,1354,517,824,180.2842
12,322.4388,1,799.1597,548.1377,13369.0,3691.0,156.7965,0.7194,1.802,481.0,35.5069,0.5069,0.6727,700,1027,517,824,180.2842
12,322.4388,2,1105.3534,557.0463,11507.0,2096.0,152.2027,0.8596,1.623,468.0,35.2911,0.4256,0.5971,1027,1354,517,824,180.2842
12,322.8393,1,834.8426,554.0979,11233.0,2190.0,162.382,0.734,1.984,473.0,45.0375,0.3492,0.5177,700,1027,517,824,180.2842
12,322.8393,2,1112.5482,554.3304,8241.0,139.0,143.5504,0.153,2.2091,512.0,40.721,0.4139,0.5855,1027,1354,517,824,180.2842
12,323.2398,1,873.8447,564.0983,11969.0,1897.0,154.9304,0.9205,1.6804,474.0,59.2757,0.2393,0.3862,700,1027,517,824,180.2842
12,323.2398,2,1163.8514,552.3178,11390.0,44.0,226.1685,0.2173,3.7099,514.0,47.0379,0.3771,0.5477,1027,1354,517,824,180.2842
12,323.6404,1,923.9966,571.9097,15632.0,2761.0,168.7005,0.9147,1.4963,473.0,56.0497,0.2237,0.3656,700,1027,517,824,180.2842
12,323.6404,2,1215.6683,544.1285,13094.0,3365.0,196.8166,0.4946,2.6947,480.0,49.9281,0.289,0.4484,1027,1354,517,824,180.2842
12,324.0409,1,933.8525,586.0516,15637.0,2143.0,180.5431,0.7451,2.1216,510.0,28.3027,0.5605,0.7183,700,1027,517,824,180.2842
12,324.0409,2,1239.9078,548.1631,11469.0,3099.0,149.2229,0.7142,1.8997,478.0,36.812,0.457,0.6273,1027,1354,517,824,180.2842
12,324.4415,1,931.6381,597.0423,13108.0,1610.0,179.9692,0.741,2.6347,511.0,24.2003,0.6344,0.7763,700,1027,517,824,180.2842
12,324.4415,2,1257.5176,556.7944,10114.0,2387.0,142.7693,0.8851,1.9104,484.0,31.7512,0.5081,0.6739,1027,1354,517,824,180.2842
12,324.842,1,949.2661,575.6894,10596.0,1671.0,133.3921,0.8227,1.7945,510.0,30.9557,0.4654,0.6352,700,1027,517,824,180.2842
12,324.842,2,1263.6175,562.7735,10268.0,2052.0,159.7747,0.9989,2.0853,485.0,26.8041,0.5545,0.7134,1027,1354,517,824,180.2842
12,325.2426,1,960.0504,565.6528,9205.0,1782.0,142.6968,0.9385,2.0825,484.0,26.231,0.5293,0.6922,700,1027,517,824,180.2842
12,325.2426,2,1248.5661,555.5549,9653.0,1949.0,119.0932,0.9897,1.4398,494.0,31.9261,0.5036,0.6698,1027,1354,517,824,180.2842
12,325.6431,1,960.5804,570.158,9569.0,1574.0,157.4957,0.9255,2.3669,483.0,21.5585,0.6376,0.7787,700,1027,517,824,180.2842
12,325.6431,2,1227.9444,578.6283,9533.0,698.0,144.7068,0.9993,1.8663,500.0,35.4247,0.4372,0.6084,1027,1354,517,824,180.2842
12,326.0437,1,952.6848,593.9001,10053.0,809.0,142.602,0.9778,2.174,515.0,24.8618,0.5777,0.7323,700,1027,517,824,180.2842
12,326.0437,2,1215.2714,578.0666,8890.0,499.0,134.1067,0.9829,1.7447,503.0,32.3802,0.5831,0.7367,1027,1354,517,824,180.2842
12,326.4442,1,943.9849,592.407,10774.0,569.0,160.1718,0.942,2.1264,501.0,31.8333,0.4181,0.5896,700,1027,517,824,180.2842
12,326.4442,2,1206.0915,586.1265,10005.0,545.0,147.8264,0.9853,1.9172,502.0,30.6769,0.6084,0.7565,1027,1354,517,824,180.2842
12,326.8448,1,913.9013,563.4111,10302.0,1168.0,166.7925,0.6987,2.257,495.0,44.0327,0.4518,0.6224,700,1027,517,824,180.2842
12,326.8448,2,1197.8743,582.0051,10163.0,864.0,155.8487,0.9767,2.0615,495.0,28.3318,0.6535,0.7905,1027,1354,517,824,180.2842
12,327.2453,1,880.7186,566.911,10926.0,1568.0,177.3921,0.7579,2.526,490.0,57.7997,0.3071,0.4699,700,1027,517,824,180.2842
12,327.2453,2,1188.2211,577.916,9700.0,924.0,129.2571,0.9982,1.6246,493.0,30.4437,0.5662,0.7231,1027,1354,517,824,180.2842
12,327.6458,1,854.1452,588.5397,10097.0,269.0,163.7998,0.7338,2.3474,508.0,67.9084,0.2106,0.3479,700,1027,517,824,180.2842
12,327.6458,2,1185.3981,580.2714,9042.0,480.0,138.6885,0.9996,1.8112,504.0,23.8207,0.6934,0.8189,1027,1354,517,824,180.2842
12,328.0464,1,829.304,590.2386,11507.0,1253.0,171.6396,0.8451,2.5999,508.0,44.4398,0.407,0.5785,700,1027,517,824,180.2842
12,328.0464,2,1184.046,586.1715,9314.0,406.0,137.8686,0.9977,1.7925,506.0,17.3049,0.7963,0.8866,1027,1354,517,824,180.2842
12,328.4469,1,814.9597,574.1478,11747.0,2278.0,169.9977,0.907,2.4754,496.0,30.5758,0.6017,0.7514,700,1027,517,824,180.2842
12,328.4469,2,1186.0326,591.8807,10253.0,430.0,151.0438,0.9963,1.939,504.0,17.2015,0.8209,0.9016,1027,1354,517,824,180.2842
12,328.8475,1,809.6658,559.0551,11277.0,2695.0,146.3577,0.9828,1.7625,478.0,36.0449,0.5788,0.7332,700,1027,517,824,180.2842
12,328.8475,2,1190.2174,579.7004,11204.0,809.0,162.1575,0.9998,1.993,495.0,28.7111,0.7188,0.8364,1027,1354,517,824,180.2842
12,329.248,1,811.64,555.8523,12218.0,3288.0,143.9058,0.8955,1.5811,473.0,28.8551,0.6355,0.7771,700,1027,517,824,180.2842
12,329.248,2,1188.804,574.6023,9901.0,1043.0,142.5425,0.9725,1.8087,495.0,31.38,0.6717,0.8036,1027,1354,517,824,180.2842
12,329.6486,1,812.7998,544.9739,12476.0,3557.0,157.1341,0.602,1.4436,473.0,27.6928,0.6355,0.7771,700,1027,517,824,180.2842
12,329.6486,2,1196.3943,565.8315,11561.0,1980.0,154.7951,0.7896,1.9839,496.0,30.5703,0.5871,0.7398,1027,1354,517,824,180.2842
12,330.0491,1,824.0593,561.1453,14442.0,3261.0,141.759,0.9774,1.3221,477.0,26.365,0.6223,0.7671,700,1027,517,824,180.2842
12,330.0491,2,1199.0887,582.8949,13391.0,1977.0,183.6513,0.7417,2.4419,485.0,33.8952,0.5451,0.7056,1027,1354,517,824,180.2842
12,330.4497,1,849.2232,583.1312,14017.0,1561.0,164.7046,0.9742,1.6553,483.0,34.936,0.4388,0.61,700,1027,517,824,180.2842
12,330.4497,2,1235.6501,558.667,11989.0,2690.0,177.6891,0.7788,2.3515,485.0,43.5763,0.4426,0.6136,1027,1354,517,824,180.2842
12,330.8502,1,868.2445,600.2178,14561.0,1205.0,178.8267,0.9999,1.953,491.0,34.1348,0.4986,0.6654,700,1027,517,824,180.2842
12,330.8502,2,1256.7876,547.9545,10718.0,3248.0,143.2006,0.85,1.7396,473.0,43.2052,0.5196,0.6838,1027,1354,517,824,180.2842
12,331.2508,1,876.3632,594.5045,15505.0,1725.0,179.5621,0.776,2.2002,517.0,35.1509,0.4428,0.6138,700,1027,517,824,180.2842
12,331.2508,2,1263.0945,544.9794,10644.0,3306.0,133.6428,0.9768,1.4756,474.0,32.9194,0.6637,0.7979,1027,1354,517,824,180.2842
12,331.6513,1,916.8094,556.9122,12418.0,2694.0,169.9608,0.5662,2.4842,510.0,38.6389,0.4185,0.5901,700,1027,517,824,180.2842
12,331.6513,2,1246.1364,561.1247,13047.0,2853.0,144.849,0.9709,1.3788,475.0,35.2521,0.5649,0.722,1027,1354,517,824,180.2842
12,332.0518,1,940.7476,559.3054,11950.0,2670.0,152.7468,0.8487,1.8472,473.0,37.2081,0.4188,0.5904,700,1027,517,824,180.2842
12,332.0518,2,1239.3048,557.385,13857.0,3261.0,152.0138,0.9614,1.3458,472.0,31.7702,0.6051,0.7539,1027,1354,517,824,180.2842
12,332.4524,1,953.2707,576.1383,12184.0,1712.0,154.0231,0.777,1.9875,501.0,35.8469,0.445,0.6159,700,1027,517,824,180.2842
12,332.4524,2,1228.7001,559.3798,12249.0,2368.0,138.8457,0.9473,1.3297,467.0,29.0098,0.6099,0.7577,1027,1354,517,824,180.2842
12,332.8529,1,957.1056,592.3573,13087.0,1426.0,165.8792,0.8888,2.0922,511.0,30.4312,0.5257,0.6891,700,1027,517,824,180.2842
12,332.8529,2,1215.8265,553.6018,10931.0,2019.0,134.9227,0.9462,1.3194,467.0,33.3746,0.5532,0.7123,1027,1354,517,824,180.2842
12,333.2535,1,953.9934,599.3306,10297.0,29.0,146.644,0.9205,1.7923,515.0,25.0487,0.5662,0.7231,700,1027,517,824,180.2842
12,333.2535,2,1198.0453,562.0738,11660.0,1939.0,140.6596,0.9643,1.4562,469.0,40.9522,0.5166,0.6812,1027,1354,517,824,180.2842
12,333.654,1,947.9831,577.1142,9914.0,1402.0,129.9214,0.9776,1.7269,496.0,33.5206,0.3884,0.5595,700,1027,517,824,180.2842
12,333.654,2,1186.5098,563.8742,12306.0,1995.0,157.6162,0.9535,1.6807,467.0,31.7813,0.5928,0.7444,1027,1354,517,824,180.2842
12,334.0546,1,941.5748,565.698,8907.0,1326.0,124.6809,0.9426,1.704,495.0,25.5264,0.5904,0.7425,700,1027,517,824,180.2842
12,334.0546,2,1165.1412,574.6947,13894.0,2572.0,157.1533,0.934,1.6324,459.0,30.7708,0.5119,0.6772,1027,1354,517,824,180.2842
12,334.4551,1,931.7256,563.7003,8612.0,1070.0,128.3154,0.9179,1.7311,502.0,22.9001,0.6892,0.816,700,1027,517,824,180.2842
12,334.4551,2,1145.8926,565.9748,14826.0,2923.0,157.2089,0.9095,1.4649,471.0,37.4822,0.4059,0.5774,1027,1354,517,824,180.2842
12,334.8557,1,926.6777,589.0854,9459.0,316.0,142.1507,0.998,1.8877,506.0,27.9395,0.5873,0.74,700,1027,517,824,180.2842
12,334.8557,2,1134.19,574.2986,14253.0,1731.0,161.4847,0.7423,1.7615,511.0,30.9235,0.5295,0.6924,1027,1354,517,824,180.2842
12,335.2562,1,915.1528,600.0601,9495.0,116.0,145.8936,0.9998,1.953,513.0,32.2425,0.5807,0.7347,700,1027,517,824,180.2842
12,335.2562,2,1118.1013,572.637,15810.0,3353.0,181.0397,0.9864,1.806,462.0,31.7793,0.5151,0.68,1027,1354,517,824,180.2842
12,335.6567,1,906.5125,608.411,10654.0,192.0,161.1035,0.9608,2.2176,510.0,35.0002,0.5163,0.681,700,1027,517,824,180.2842
12,335.6567,2,1115.5872,561.172,13515.0,3283.0,201.8643,0.792,2.6804,472.0,32.689,0.5587,0.7169,1027,1354,517,824,180.2842
12,336.0573,1,887.4437,595.8488,11147.0,633.0,167.0279,0.8607,2.3472,503.0,40.1934,0.5261,0.6895,700,1027,517,824,180.2842
12,336.0573,2,1097.6674,548.1845,12057.0,3719.0,163.3942,0.8691,1.9444,467.0,34.5707,0.5681,0.7245,1027,1354,517,824,180.2842
12,336.4578,1,853.9559,562.3613,12099.0,2455.0,172.5463,0.775,2.3758,497.0,39.5691,0.4445,0.6154,700,1027,517,824,180.2842
12,336.4578,2,1088.4457,577.1718,12884.0,2992.0,149.6642,0.9496,1.6786,473.0,25.8447,0.553,0.7122,1027,1354,517,824,180.2842
12,336.8584,1,839.0681,568.2015,12460.0,2016.0,183.6683,0.7337,2.4851,483.0,43.3838,0.4825,0.6509,700,1027,517,824,180.2842
12,336.8584,2,1086.2158,577.2971,13415.0,3034.0,153.0685,0.9952,1.6012,472.0,21.6456,0.6843,0.8126,1027,1354,517,824,180.2842
12,337.2589,1,817.2213,563.3532,11893.0,2492.0,174.4087,0.7919,2.3773,483.0,38.9019,0.5147,0.6796,700,1027,517,824,180.2842
12,337.2589,2,1083.3283,540.4764,10789.0,3513.0,140.6006,0.8676,1.4517,467.0,31.437,0.539,0.7005,1027,1354,517,824,180.2842
12,337.6595,1,810.1745,568.0557,12147.0,2376.0,183.243,0.8227,2.617,483.0,31.0281,0.6417,0.7818,700,1027,517,824,180.2842
12,337.6595,2,1098.0336,531.1339,10870.0,3658.0,119.6997,0.155,1.53,506.0,34.741,0.5511,0.7106,1027,1354,517,824,180.2842
12,338.06,1,816.6861,592.6601,13172.0,2082.0,181.9245,0.9049,2.5503,483.0,27.9305,0.5913,0.7432,700,1027,517,824,180.2842
12,338.06,2,1119.0975,562.1025,8617.0,124.0,119.459,0.1791,1.5021,513.0,41.4386,0.2818,0.4397,1027,1354,517,824,180.2842
12,338.4606,1,811.9257,589.0789,13103.0,2055.0,167.7359,0.8439,2.3892,513.0,18.6988,0.6839,0.8123,700,1027,517,824,180.2842
12,338.4606,2,1157.2363,567.511,10799.0,0.0,160.6318,0.3608,2.1423,518.0,42.752,0.3571,0.5263,1027,1354,517,824,180.2842
12,338.8611,1,813.3325,578.8798,13189.0,2397.0,181.3541,0.8962,2.3592,481.0,21.7351,0.7391,0.85,700,1027,517,824,180.2842
12,338.8611,2,1206.0767,544.2388,15057.0,4339.0,196.2996,0.3623,2.6834,498.0,37.9189,0.3275,0.4934,1027,1354,517,824,180.2842
12,339.2617,1,821.1736,581.2772,14018.0,2588.0,171.7969,0.9248,2.112,497.0,23.2435,0.689,0.8159,700,1027,517,824,180.2842
12,339.2617,2,1223.0255,549.7271,14722.0,3730.0,183.9455,0.4048,2.4952,497.0,32.0932,0.5474,0.7075,1027,1354,517,824,180.2842
12,339.6622,1,836.1827,601.1924,14166.0,1096.0,197.7275,0.9707,2.3907,493.0,29.7776,0.5504,0.71,700,1027,517,824,180.2842
12,339.6622,2,1234.1714,548.9328,13901.0,3555.0,167.3601,0.4848,2.1917,506.0,25.6185,0.6527,0.7899,1027,1354,517,824,180.2842
12,340.0627,1,836.3229,583.155,12760.0,1680.0,173.7621,0.9942,2.0426,476.0,30.5007,0.6258,0.7698,700,1027,517,824,180.2842
12,340.0627,2,1243.9961,550.0611,12774.0,3232.0,169.032,0.7264,1.956,480.0,25.0545,0.6341,0.7761,1027,1354,517,824,180.2842
12,340.4633,1,842.4078,555.4489,10848.0,2133.0,137.6463,0.9985,1.4251,464.0,42.9954,0.5125,0.6777,700,1027,517,824,180.2842
12,340.4633,2,1253.174,548.5673,10817.0,3013.0,140.7097,0.827,1.7052,477.0,27.5186,0.6208,0.7661,1027,1354,517,824,180.2842
12,340.8638,1,860.4727,564.8327,11256.0,1638.0,105.4904,0.557,1.0248,516.0,36.3854,0.5027,0.669,700,1027,517,824,180.2842
12,340.8638,2,1259.5182,548.7097,10453.0,2841.0,143.9806,0.8592,1.8787,478.0,19.5211,0.7355,0.8476,1027,1354,517,824,180.2842
12,341.2644,1,871.362,581.3411,13681.0,1597.0,161.495,0.993,1.6739,481.0,35.5097,0.5487,0.7086,700,1027,517,824,180.2842
12,341.2644,2,1255.9011,564.6933,11122.0,2091.0,154.581,0.8228,2.0429,485.0,23.6346,0.6807,0.81,1027,1354,517,824,180.2842
12,341.6649,1,884.5541,586.9667,14043.0,1268.0,172.7521,0.9411,1.757,486.0,29.5923,0.6157,0.7622,700,1027,517,824,180.2842
12,341.6649,2,1259.7152,557.1838,10944.0,2247.0,140.9748,0.9887,1.6274,483.0,29.6293,0.6213,0.7664,1027,1354,517,824,180.2842
12,342.0655,1,906.8365,578.8132,11469.0,160.0,171.8236,0.6507,2.2145,514.0,35.2736,0.476,0.645,700,1027,517,824,180.2842
12,342.0655,2,1250.9791,557.5222,9919.0,2051.0,129.1783,0.9815,1.5883,484.0,26.8799,0.667,0.8003,1027,1354,517,824,180.2842
12,342.466,1,931.4146,553.2308,11362.0,2476.0,140.2734,0.5452,1.7843,508.0,32.0069,0.4389,0.61,700,1027,517,824,180.2842
12,342.466,2,1237.993,552.184,9914.0,2307.0,144.9041,0.9408,1.8381,483.0,28.2546,0.6155,0.762,1027,1354,517,824,180.2842
12,342.8666,1,942.3738,557.7956,10322.0,2050.0,134.6058,0.6386,1.9371,507.0,28.5649,0.5321,0.6946,700,1027,517,824,180.2842
12,342.8666,2,1219.2195,571.4987,9138.0,775.0,118.5227,0.9611,1.4317,503.0,30.3055,0.5428,0.7037,1027,1354,517,824,180.2842
12,343.2671,1,947.1843,571.3537,11278.0,1923.0,163.6238,0.8442,2.2231,510.0,29.7276,0.5535,0.7126,700,1027,517,824,180.2842
12,343.2671,2,1218.5578,568.4782,11222.0,2046.0,134.2548,0.9412,1.6801,498.0,28.4014,0.5694,0.7256,1027,1354,517,824,180.2842
12,343.6676,1,950.0602,599.689,12249.0,1558.0,134.6942,0.9446,1.7382,514.0,21.4904,0.5728,0.7284,700,1027,517,824,180.2842
12,343.6676,2,1201.1615,579.2009,9825.0,700.0,137.4728,0.9749,1.7226,503.0,28.1696,0.5669,0.7236,1027,1354,517,824,180.2842
12,344.0682,1,947.5108,570.971,10009.0,789.0,151.7703,0.8895,1.8298,495.0,31.2524,0.4497,0.6204,700,1027,517,824,180.2842
12,344.0682,2,1192.9535,568.3163,12010.0,2217.0,151.8949,0.8435,1.8865,494.0,33.9426,0.4949,0.6621,1027,1354,517,824,180.2842
12,344.4687,1,922.9389,563.8234,8694.0,902.0,133.5441,0.8598,1.7736,497.0,41.8802,0.4449,0.6158,700,1027,517,824,180.2842
12,344.4687,2,1205.9141,556.8811,12522.0,2518.0,190.9916,0.6236,2.5401,485.0,38.7058,0.6123,0.7595,1027,1354,517,824,180.2842
12,344.8693,1,894.3719,575.9975,8758.0,611.0,122.8007,0.9949,1.5867,498.0,45.1621,0.3402,0.5077,700,1027,517,824,180.2842
12,344.8693,2,1230.8252,551.773,11372.0,2751.0,170.5223,0.6563,2.2711,480.0,43.6682,0.5187,0.6831,1027,1354,517,824,180.2842
12,345.2698,1,874.2299,591.3788,9540.0,229.0,143.9375,0.9559,1.9038,507.0,45.9401,0.3972,0.5686,700,1027,517,824,180.2842
12,345.2698,2,1249.9529,549.8729,11248.0,3110.0,150.616,0.798,1.8668,476.0,42.5264,0.5372,0.6989,1027,1354,517,824,180.2842
12,345.6704,1,857.5201,605.3144,10927.0,171.0,169.2558,0.9441,2.2499,509.0,50.0773,0.3977,0.5691,700,1027,517,824,180.2842
12,345.6704,2,1252.8832,553.6832,12015.0,3323.0,155.3919,0.8893,1.8042,477.0,30.0943,0.7026,0.8253,1027,1354,517,824,180.2842
12,346.0709,1,831.7027,592.1603,12917.0,2030.0,206.3496,0.8696,3.1926,483.0,44.0393,0.4255,0.597,700,1027,517,824,180.2842
12,346.0709,2,1253.9841,570.1741,13306.0,2798.0,153.7379,0.9462,1.6508,480.0,34.5887,0.6273,0.771,1027,1354,517,824,180.2842
12,346.4715,1,819.1268,574.1808,11849.0,2261.0,181.3006,0.8806,2.6569,476.0,33.8372,0.6,0.75,700,1027,517,824,180.2842
12,346.4715,2,1252.0857,559.1229,14083.0,3541.0,146.5693,0.9992,1.4128,472.0,34.8617,0.6177,0.7637,1027,1354,517,824,180.2842
12,346.872,1,809.4921,575.6574,12041.0,2127.0,178.7425,0.8528,2.5211,485.0,34.729,0.5516,0.711,700,1027,517,824,180.2842
12,346.872,2,1255.135,546.3234,13643.0,3835.0,165.6766,0.8204,1.6816,466.0,32.3012,0.618,0.7639,1027,1354,517,824,180.2842
12,347.2726,1,797.8081,572.5556,11802.0,2421.0,166.9875,0.9809,2.0978,479.0,36.3512,0.5252,0.6887,700,1027,517,824,180.2842
12,347.2726,2,1230.7034,554.4626,12329.0,2179.0,154.6544,0.7661,1.5799,468.0,37.4164,0.4573,0.6276,1027,1354,517,824,180.2842
12,347.6731,1,795.9986,552.7867,11391.0,3175.0,150.7912,0.9844,1.6998,472.0,37.0423,0.5288,0.6918,700,1027,517,824,180.2842
12,347.6731,2,1205.9087,563.5713,13796.0,2112.0,158.7606,0.8413,1.5671,471.0,41.901,0.4668,0.6365,1027,1354,517,824,180.2842
12,348.0736,1,815.6362,558.6424,12466.0,2996.0,138.604,0.9996,1.4612,473.0,40.7792,0.4715,0.6408,700,1027,517,824,180.2842
12,348.0736,2,1182.2978,556.7375,12375.0,2217.0,145.4048,0.9013,1.4239,466.0,37.8359,0.5128,0.6779,1027,1354,517,824,180.2842
12,348.4742,1,845.0522,560.0341,12095.0,2204.0,141.2834,0.9898,1.3995,469.0,40.5416,0.4418,0.6128,700,1027,517,824,180.2842
12,348.4742,2,1164.8565,558.5746,12587.0,2070.0,143.8921,0.8784,1.36,473.0,30.567,0.5861,0.739,1027,1354,517,824,180.2842
12,348.8747,1,863.0651,574.1938,13026.0,1707.0,151.8317,0.995,1.5364,477.0,36.3155,0.5433,0.7041,700,1027,517,824,180.2842
12,348.8747,2,1149.3985,565.1361,13090.0,1559.0,135.0294,0.6864,1.352,514.0,33.1361,0.5711,0.727,1027,1354,517,824,180.2842
12,349.2753,1,881.8937,583.8683,13846.0,1546.0,167.2618,0.9999,1.7311,482.0,40.236,0.489,0.6568,700,1027,517,824,180.2842
12,349.2753,2,1133.3003,591.9084,15363.0,1989.0,141.8905,0.8861,1.3451,483.0,21.9368,0.5855,0.7386,1027,1354,517,824,180.2842
12,349.6758,1,899.3751,588.3233,12185.0,35.0,162.1278,0.739,1.8733,515.0,34.9442,0.4504,0.6211,700,1027,517,824,180.2842
12,349.6758,2,1141.1741,562.8015,12661.0,2194.0,119.8731,0.6516,1.2642,513.0,22.4223,0.5796,0.7339,1027,1354,517,824,180.2842
12,350.0764,1,922.379,562.6291,12951.0,2609.0,167.3714,0.608,2.3067,510.0,32.5007,0.4893,0.6571,700,1027,517,824,180.2842
12,350.0764,2,1131.6598,549.8461,12930.0,3069.0,137.1053,0.5983,1.2749,484.0,21.4536,0.6733,0.8047,1027,1354,517,824,180.2842
12,350.4769,1,940.1131,567.0531,11097.0,1703.0,134.3287,0.7526,1.6411,510.0,29.0156,0.4902,0.6579,700,1027,517,824,180.2842
12,350.4769,2,1127.7119,590.1177,14322.0,1745.0,133.511,0.6136,1.4126,511.0,21.1357,0.5829,0.7365,1027,1354,517,824,180.2842
12,350.8775,1,952.0745,570.0367,9557.0,1624.0,107.9226,0.9092,1.5665,512.0,28.5676,0.5008,0.6674,700,1027,517,824,180.2842
12,350.8775,2,1126.6238,567.5032,13249.0,1874.0,148.775,0.9803,1.3981,471.0,22.265,0.5724,0.7281,1027,1354,517,824,180.2842
12,351.278,1,958.7043,562.7958,9162.0,1672.0,132.3416,0.9696,1.7627,490.0,29.5864,0.5006,0.6672,700,1027,517,824,180.2842
12,351.278,2,1118.0618,576.386,10160.0,51.0,118.9008,0.5644,1.2937,515.0,32.8081,0.5026,0.669,1027,1354,517,824,180.2842
12,351.6785,1,938.9066,571.1428,8972.0,749.0,133.5681,0.9114,1.7778,499.0,37.0245,0.4031,0.5746,700,1027,517,824,180.2842
12,351.6785,2,1141.7928,553.634,8527.0,36.0,141.3021,0.3046,2.0978,516.0,31.6907,0.5115,0.6768,1027,1354,517,824,180.2842
12,352.0791,1,911.3229,583.5295,9657.0,513.0,127.0885,0.94,1.605,503.0,47.8903,0.3187,0.4833,700,1027,517,824,180.2842
12,352.0791,2,1193.9643,536.6261,12758.0,3576.0,173.0415,0.2475,2.8682,515.0,39.2466,0.3322,0.4988,1027,1354,517,824,180.2842
12,352.4796,1,881.4486,574.1401,9415.0,778.0,139.6529,0.9267,1.8205,496.0,51.5276,0.3433,0.5111,700,1027,517,824,180.2842
12,352.4796,2,1212.6759,541.1948,13613.0,3974.0,185.4072,0.4539,2.317,473.0,32.9172,0.4928,0.6602,1027,1354,517,824,180.2842
12,352.8802,1,858.8137,587.5247,10534.0,490.0,160.7271,0.8863,2.1451,504.0,51.2805,0.342,0.5097,700,1027,517,824,180.2842
12,352.8802,2,1229.0766,549.8038,13008.0,3157.0,160.0213,0.4237,2.2644,509.0,32.4836,0.4948,0.662,1027,1354,517,824,180.2842
12,353.2807,1,827.0628,581.5005,12948.0,2153.0,197.6485,0.8213,2.8971,483.0,48.0663,0.3411,0.5087,700,1027,517,824,180.2842
12,353.2807,2,1238.2623,558.1139,12731.0,2463.0,160.2863,0.5399,2.1145,510.0,29.4173,0.5792,0.7335,1027,1354,517,824,180.2842
12,353.6813,1,804.7757,565.2478,11755.0,2523.0,170.7088,0.8544,2.2998,485.0,41.3772,0.5055,0.6715,700,1027,517,824,180.2842
12,353.6813,2,1250.9175,565.4856,12608.0,2855.0,170.3992,0.8745,2.1517,481.0,28.4628,0.5521,0.7114,1027,1354,517,824,180.2842
12,354.0818,1,788.0199,554.4551,11109.0,3027.0,148.0436,0.9403,1.6777,477.0,41.1837,0.5195,0.6838,700,1027,517,824,180.2842
12,354.0818,2,1256.1809,560.4955,11066.0,2564.0,148.6279,0.8361,1.9657,484.0,23.6419,0.6408,0.7811,1027,1354,517,824,180.2842
12,354.4824,1,788.2901,554.8606,10950.0,2736.0,134.663,0.9668,1.3386,476.0,25.656,0.698,0.8222,700,1027,517,824,180.2842
12,354.4824,2,1261.2193,552.3422,9221.0,2324.0,136.1029,0.9217,1.8128,486.0,23.8554,0.6129,0.76,1027,1354,517,824,180.2842
12,354.8829,1,806.3386,554.8876,12647.0,2852.0,145.8069,0.7006,1.3123,479.0,42.2153,0.509,0.6746,700,1027,517,824,180.2842
12,354.8829,2,1258.7513,556.338,10087.0,2207.0,150.128,0.9076,1.9948,487.0,22.6194,0.7064,0.8279,1027,1354,517,824,180.2842
12,355.2835,1,834.6412,562.3734,12465.0,2301.0,144.113,0.9809,1.4247,478.0,42.7337,0.4627,0.6327,700,1027,517,824,180.2842
12,355.2835,2,1254.5987,571.2495,11345.0,2242.0,154.6121,0.895,2.1228,486.0,23.498,0.674,0.8052,1027,1354,517,824,180.2842
12,355.684,1,865.8065,572.468,12276.0,1593.0,149.9775,0.9959,1.5689,478.0,47.3197,0.3819,0.5528,700,1027,517,824,180.2842
12,355.684,2,1252.3373,567.4681,11044.0,1973.0,151.4986,0.9713,1.9593,485.0,23.6084,0.6855,0.8134,1027,1354,517,824,180.2842
12,356.0845,1,887.4741,579.9584,13252.0,1752.0,157.283,0.9961,1.6447,476.0,41.6185,0.4334,0.6047,700,1027,517,824,180.2842
12,356.0845,2,1246.7049,562.3145,11107.0,2302.0,154.636,0.9653,1.9786,483.0,23.7751,0.6754,0.8063,1027,1354,517,824,180.2842
12,356.4851,1,913.3074,575.4424,14673.0,1915.0,163.6482,0.966,1.4878,474.0,40.0819,0.418,0.5896,700,1027,517,824,180.2842
12,356.4851,2,1245.5028,564.5772,11127.0,2164.0,142.7969,0.9722,1.8031,487.0,20.4409,0.733,0.8459,1027,1354,517,824,180.2842
12,356.8856,1,933.5158,580.3995,14120.0,616.0,186.9593,0.6683,2.0699,505.0,27.172,0.5103,0.6758,700,1027,517,824,180.2842
12,356.8856,2,1233.2681,583.4533,11263.0,1195.0,154.6794,0.9428,2.0272,502.0,26.1679,0.601,0.7508,1027,1354,517,824,180.2842
12,357.2862,1,934.0176,578.9916,10735.0,379.0,164.7057,0.6644,2.2679,510.0,23.9496,0.6754,0.8063,700,1027,517,824,180.2842
12,357.2862,2,1232.2168,572.4489,12147.0,2106.0,147.5878,0.9102,1.8817,498.0,21.4219,0.6584,0.794,1027,1354,517,824,180.2842
12,357.6867,1,941.5968,544.8095,8741.0,2338.0,126.5689,0.7927,1.747,483.0,30.4569,0.4384,0.6096,700,1027,517,824,180.2842
12,357.6867,2,1216.2771,595.5518,11274.0,732.0,144.7575,0.9949,1.7944,498.0,27.2159,0.5565,0.7151,1027,1354,517,824,180.2842
12,358.0873,1,945.3266,550.4215,8119.0,1607.0,134.2264,0.8134,1.9836,485.0,21.6583,0.7017,0.8247,700,1027,517,824,180.2842
12,358.0873,2,1210.0452,575.2973,8843.0,620.0,125.8977,0.9921,1.6097,503.0,33.5651,0.5331,0.6954,1027,1354,517,824,180.2842
12,358.4878,1,935.6597,567.5745,8580.0,1019.0,121.501,0.9986,1.6277,507.0,29.8089,0.5213,0.6853,700,1027,517,824,180.2842
12,358.4878,2,1202.0956,575.2544,9166.0,609.0,127.6226,0.9362,1.6046,503.0,28.7507,0.6664,0.7998,1027,1354,517,824,180.2842
12,358.8884,1,915.6748,583.1564,9724.0,524.0,140.7184,0.9685,1.8171,502.0,37.2017,0.4181,0.5897,700,1027,517,824,180.2842
12,358.8884,2,1197.5872,593.8736,10646.0,371.0,160.8232,0.9532,2.1169,506.0,32.2143,0.5974,0.7479,1027,1354,517,824,180.2842
12,359.2889,1,893.1815,581.0102,10150.0,760.0,149.582,0.8723,2.0185,499.0,44.8141,0.4666,0.6363,700,1027,517,824,180.2842
12,359.2889,2,1185.9385,590.4717,11199.0,585.0,160.6693,0.9088,2.0836,502.0,33.9969,0.6256,0.7697,1027,1354,517,824,180.2842
12,359.6894,1,868.4821,578.265,11244.0,1135.0,163.6269,0.781,2.2241,499.0,48.6755,0.4172,0.5888,700,1027,517,824,180.2842
12,359.6894,2,1156.16,560.9952,13053.0,3014.0,185.509,0.7823,2.5196,491.0,41.5628,0.4874,0.6554,1027,1354,517,824,180.2842
12,360.09,1,833.8395,566.9278,12084.0,2254.0,178.0663,0.7863,2.5391,482.0,51.2224,0.3726,0.543,700,1027,517,824,180.2842
12,360.09,2,1127.8591,547.0163,11701.0,3106.0,180.2292,0.5632,2.3085,482.0,45.9726,0.4974,0.6644,1027,1354,517,824,180.2842
12,360.4905,1,809.7684,569.3732,11903.0,2322.0,181.0239,0.8293,2.5331,484.0,47.1557,0.42,0.5916,700,1027,517,824,180.2842
12,360.4905,2,1102.0222,550.7244,9957.0,2542.0,151.7113,0.7636,2.0566,479.0,54.0781,0.4142,0.5857,1027,1354,517,824,180.2842
12,360.8911,1,802.506,570.4357,12475.0,2700.0,184.249,0.869,2.4371,482.0,31.224,0.6497,0.7877,700,1027,517,824,180.2842
12,360.8911,2,1089.2095,552.054,10296.0,3029.0,145.9341,0.9159,1.8444,472.0,39.334,0.5405,0.7017,1027,1354,517,824,180.2842
12,361.2916,1,799.7556,571.3176,13036.0,2651.0,174.1755,0.9786,2.0526,478.0,29.7621,0.6134,0.7604,700,1027,517,824,180.2842
12,361.2916,2,1082.499,547.3032,10461.0,3274.0,143.11,0.993,1.6514,468.0,31.8463,0.6465,0.7853,1027,1354,517,824,180.2842
12,361.6922,1,796.1579,568.256,13090.0,3170.0,157.2636,0.9685,1.5834,475.0,28.5984,0.6312,0.7739,700,1027,517,824,180.2842
12,361.6922,2,1083.5308,543.3797,10903.0,3370.0,147.6048,0.7917,1.5593,467.0,35.4399,0.5535,0.7126,1027,1354,517,824,180.2842
12,362.0927,1,811.4031,563.3258,11561.0,2092.0,141.384,0.9996,1.4955,479.0,33.3683,0.547,0.7072,700,1027,517,824,180.2842
12,362.0927,2,1100.4816,564.0009,9276.0,111.0,132.0525,0.3531,1.649,512.0,38.8566,0.4024,0.5739,1027,1354,517,824,180.2842
12,362.4933,1,794.1912,623.2713,39590.0,6248.0,447.3076,0.8895,2.0597,378.0,66.7702,0.1797,0.3047,700,1027,517,824,180.2842
12,362.4933,2,1168.1099,541.8068,13827.0,3613.0,162.1532,0.2708,2.3893,517.0,43.2861,0.3068,0.4695,1027,1354,517,824,180.2842
12,362.8938,1,866.0881,553.5126,89541.0,35073.0,383.1614,0.9987,2.4156,378.0,60.5152,0.1968,0.3289,700,1027,517,824,180.2842
12,362.8938,2,1153.3417,590.7592,20920.0,3468.0,117.9017,0.9778,1.2512,609.0,51.4274,0.3166,0.481,1027,1354,517,824,180.2842
12,363.2944,1,849.2227,542.2807,87435.0,36838.0,392.3883,0.9994,1.5043,378.0,27.7756,0.582,0.7358,700,1027,517,824,180.2842
12,363.2944,2,1093.8755,585.5341,42010.0,13083.0,447.5206,0.9887,2.6417,378.0,60.771,0.1525,0.2647,1027,1354,517,824,180.2842
12,363.6949,1,863.8739,539.1768,90912.0,37929.0,376.1879,0.9985,1.7746,378.0,18.7382,0.6977,0.8219,700,1027,517,824,180.2842
12,363.6949,2,1101.6201,569.2119,24587.0,9241.0,523.4873,0.9831,1.8337,378.0,51.235,0.4622,0.6322,1027,1354,517,824,180.2842
12,364.0954,1,870.4652,545.6957,92318.0,38110.0,411.6845,0.9941,2.7215,378.0,15.35,0.8011,0.8896,700,1027,517,824,180.2842
12,364.0954,2,1099.2262,616.1008,13658.0,0.0,188.0127,0.2761,1.7166,552.0,61.3481,0.166,0.2848,1027,1354,517,824,180.2842
12,364.496,1,865.0822,558.8495,95733.0,32653.0,434.5558,0.6656,1.2644,378.0,24.2617,0.7551,0.8604,700,1027,517,824,180.2842
12,364.496,2,1259.6021,549.4885,7771.0,1370.0,127.7403,0.8415,1.7385,491.0,64.8974,0.0,0.0,1027,1354,517,824,180.2842
12,364.8965,1,866.41,539.7525,94191.0,37752.0,406.0479,0.4663,1.0992,378.0,23.4025,0.8179,0.8998,700,1027,517,824,180.2842
12,364.8965,2,1042.4622,561.991,11563.0,4442.0,437.5133,1.0,11.7406,378.0,52.8471,0.0,0.0,1027,1354,517,824,180.2842
12,365.2971,1,863.0,608.0,150747.0,45453.0,532.3157,1.0,1.4098,378.0,116.1048,0.6248,0.7691,700,1027,517,824,180.2842
12,365.2971,2,1043.4437,609.9029,15385.0,4446.0,525.3574,1.0,13.0996,378.0,28.6653,0.7356,0.8476,1027,1354,517,824,180.2842
12,365.6976,1,865.324,603.2547,145296.0,45001.0,528.1697,0.9991,1.3875,378.0,57.5885,0.9638,0.9816,700,1027,517,824,180.2842
12,365.6976,2,1168.0829,609.1118,130316.0,39143.0,535.1674,0.9998,1.6312,378.0,116.7102,0.1181,0.2112,1027,1354,517,824,180.2842
12,366.0982,1,862.0637,602.4851,144732.0,45061.0,526.7682,0.9999,1.3697,378.0,26.7029,0.9239,0.9605,700,1027,517,824,180.2842
12,366.0982,2,1139.317,613.6152,103675.0,29903.0,535.137,0.9985,2.0638,378.0,36.1645,0.7956,0.8861,1027,1354,517,824,180.2842
12,366.4987,1,857.9622,629.799,114297.0,19353.0,460.0176,0.9993,1.1211,378.0,64.3285,0.743,0.8525,700,1027,517,824,180.2842
12,366.4987,2,1195.391,634.8806,121282.0,20514.0,475.1224,0.9866,1.1925,378.0,84.2165,0.5212,0.6853,1027,1354,517,824,180.2842
12,366.8993,1,,,,,,,,,,,,700,1027,517,824,180.2842
12,366.8993,2,,,,,,,,,,,,1027,1354,517,824,180.2842
12,367.2998,1,,,,,,,,,,,,700,1027,517,824,180.2842
12,367.2998,2,,,,,,,,,,,,1027,1354,517,824,180.2842
12,367.7003,1,863.0,608.0,150747.0,45453.0,532.3157,1.0,1.4098,378.0,,,,700,1027,517,824,180.2842
12,367.7003,2,1190.0,608.0,150747.0,45453.0,532.3157,1.0,1.4098,378.0,,,,1027,1354,517,824,180.2842
12,368.1009,1,746.8636,470.0499,2244.0,2244.0,55.2489,0.9709,1.502,438.0,214.6575,0.0149,0.0293,700,1027,517,824,180.2842
12,368.1009,2,,,,,,,,,,,,1027,1354,517,824,180.2842
12,368.5014,1,789.2851,730.9569,42598.0,0.0,312.4869,0.8619,1.5963,564.0,169.4813,0.0,0.0,700,1027,517,824,180.2842
12,368.5014,2,,,,,,,,,,,,1027,1354,517,824,180.2842
